,"('NP', 'np')","('NP', ('NP', 'NP'))","('S', ('NP', 'S'))","('S', ('NP', 'VP'))","('S', ('S', 'NP'))","('S', ('VP', 'NP'))","('S', ('VP',))","('V', 'v')","('VP', ('NP', 'V'))","('VP', ('NP', 'VP'))","('VP', ('V', 'NP'))","('VP', ('V',))","('VP', ('VP', 'NP'))"
0,0.962962963,0.037037037,0.052631579,0.035087719,0.070175439,0.368421053,0.473684211,1,0.649122807,0.070175439,0.01754386,0.210526316,0.052631579
1,0.928571429,0.071428571,0.018518519,0.740740741,0.055555556,0,0.185185185,1,0.039215686,0.019607843,0.490196078,0.450980392,0
2,0.951219512,0.048780488,0.016666667,0.616666667,0.15,0.05,0.166666667,1,0.092592593,0.037037037,0.277777778,0.555555556,0.037037037
3,0.962962963,0.037037037,0.036363636,0.018181818,0.054545455,0.436363636,0.454545455,1,0.740740741,0.055555556,0.018518519,0.166666667,0.018518519
4,0.939759036,0.060240964,0.06779661,0,0.084745763,0.389830508,0.457627119,1,0.784313725,0.019607843,0,0.196078431,0
5,0.906976744,0.093023256,0.016949153,0.016949153,0.13559322,0.271186441,0.559322034,1,0.769230769,0,0.038461538,0.153846154,0.038461538
6,0.917647059,0.082352941,0,0.115384615,0.038461538,0.326923077,0.519230769,1,0.625,0.017857143,0.089285714,0.178571429,0.089285714
7,0.939759036,0.060240964,0.081967213,0,0.098360656,0.196721311,0.62295082,1,0.603448276,0.051724138,0.120689655,0.137931034,0.086206897
8,0.975,0.025,0.079365079,0.571428571,0.126984127,0,0.222222222,1,0.056603774,0.056603774,0.396226415,0.490566038,0
9,0.928571429,0.071428571,0,0.701754386,0.122807018,0,0.175438596,1,0.036363636,0.036363636,0.327272727,0.545454545,0.054545455
10,0.939759036,0.060240964,0,0.690909091,0.090909091,0,0.218181818,1,0.092592593,0,0.388888889,0.444444444,0.074074074
11,0.928571429,0.071428571,0,0.629032258,0.193548387,0.048387097,0.129032258,1,0.08,0,0.28,0.64,0
12,0.928571429,0.071428571,0.016393443,0.639344262,0.163934426,0,0.180327869,1,0.058823529,0,0.352941176,0.568627451,0.019607843
13,0.939759036,0.060240964,0.035714286,0.571428571,0.071428571,0,0.321428571,1,0.15,0,0.266666667,0.416666667,0.166666667
14,0.939759036,0.060240964,0.035087719,0.666666667,0.087719298,0,0.210526316,1,0.058823529,0.019607843,0.470588235,0.450980392,0
15,0.951219512,0.048780488,0,0.068965517,0.137931034,0.224137931,0.568965517,1,0.660714286,0.035714286,0.107142857,0.125,0.071428571
16,0.962962963,0.037037037,0,0.642857143,0.107142857,0.053571429,0.196428571,1,0.068965517,0.103448276,0.310344828,0.482758621,0.034482759
17,1,0,0.117647059,0.514705882,0.147058824,0.029411765,0.191176471,1,0.051724138,0.017241379,0.206896552,0.603448276,0.120689655
18,0.939759036,0.060240964,0.017241379,0.534482759,0.120689655,0.103448276,0.224137931,1,0.148148148,0.074074074,0.296296296,0.481481481,0
19,0.975,0.025,0.050847458,0.576271186,0.101694915,0.016949153,0.254237288,1,0.089285714,0.089285714,0.375,0.428571429,0.017857143
20,0.987341772,0.012658228,0.081967213,0.590163934,0.098360656,0,0.229508197,1,0.109090909,0,0.345454545,0.454545455,0.090909091
21,0.962962963,0.037037037,0,0.678571429,0.107142857,0.071428571,0.142857143,1,0.033898305,0.084745763,0.271186441,0.542372881,0.06779661
22,0.939759036,0.060240964,0,0.716981132,0.056603774,0.075471698,0.150943396,1,0.017241379,0.086206897,0.327586207,0.517241379,0.051724138
23,0.896551724,0.103448276,0,0.745098039,0.019607843,0.058823529,0.176470588,1,0.036363636,0.018181818,0.363636364,0.509090909,0.072727273
24,0.987341772,0.012658228,0,0.546875,0.21875,0.09375,0.140625,1,0.086206897,0.103448276,0.155172414,0.620689655,0.034482759
25,1,0,0.15,0.3875,0.225,0.05,0.1875,1,0.037735849,0.037735849,0.150943396,0.754716981,0.018867925
26,0.975,0.025,0.076923077,0.507692308,0.153846154,0.092307692,0.169230769,1,0.115384615,0.038461538,0.269230769,0.576923077,0
27,0.951219512,0.048780488,0,0.672413793,0.137931034,0,0.189655172,1,0.071428571,0.017857143,0.303571429,0.517857143,0.089285714
28,0.951219512,0.048780488,0.016666667,0.566666667,0.15,0.05,0.216666667,1,0.12962963,0.037037037,0.296296296,0.5,0.037037037
29,0.951219512,0.048780488,0.029850746,0.537313433,0.223880597,0,0.208955224,1,0.098039216,0,0.294117647,0.588235294,0.019607843
30,0.906976744,0.093023256,0.019607843,0.764705882,0,0.058823529,0.156862745,1,0.017857143,0,0.357142857,0.517857143,0.107142857
31,0.939759036,0.060240964,0.019607843,0.745098039,0,0.058823529,0.176470588,1,0.087719298,0,0.333333333,0.456140351,0.122807018
32,0.939759036,0.060240964,0.01754386,0.578947368,0.105263158,0.087719298,0.210526316,1,0.166666667,0.018518519,0.277777778,0.481481481,0.055555556
33,0.962962963,0.037037037,0.018181818,0.672727273,0.072727273,0.090909091,0.145454545,1,0.028985507,0.057971014,0.101449275,0.594202899,0.217391304
34,0.962962963,0.037037037,0,0.525423729,0.152542373,0.152542373,0.169491525,1,0.240740741,0.018518519,0.166666667,0.518518519,0.055555556
35,0.975,0.025,0.015384615,0.492307692,0.215384615,0.046153846,0.230769231,1,0.26,0,0.26,0.48,0
36,0.987341772,0.012658228,0.090909091,0.545454545,0.151515152,0.045454545,0.166666667,1,0.018867925,0.056603774,0.339622642,0.58490566,0
37,0.896551724,0.103448276,0.036363636,0.654545455,0.054545455,0.036363636,0.218181818,1,0.019230769,0.038461538,0.442307692,0.5,0
38,0.917647059,0.082352941,0.092307692,0.538461538,0.138461538,0.030769231,0.2,1,0.04,0,0.34,0.62,0
39,0.939759036,0.060240964,0,0.037037037,0.074074074,0.388888889,0.5,1,0.684210526,0.035087719,0,0.192982456,0.087719298
40,0.951219512,0.048780488,0.016949153,0.050847458,0.13559322,0.237288136,0.559322034,1,0.55,0.116666667,0.083333333,0.2,0.05
41,0.962962963,0.037037037,0.081967213,0,0.098360656,0.262295082,0.557377049,1,0.709090909,0.018181818,0.072727273,0.127272727,0.072727273
42,0.951219512,0.048780488,0.01754386,0,0.105263158,0.350877193,0.526315789,1,0.666666667,0.087719298,0.035087719,0.175438596,0.035087719
43,0.906976744,0.093023256,0.053571429,0,0.053571429,0.357142857,0.535714286,1,0.75,0.019230769,0.057692308,0.153846154,0.019230769
44,0.906976744,0.093023256,0.037735849,0.018867925,0.018867925,0.396226415,0.528301887,1,0.696428571,0,0,0.196428571,0.107142857
45,0.906976744,0.093023256,0.01754386,0.01754386,0.105263158,0.298245614,0.561403509,1,0.690909091,0,0.036363636,0.181818182,0.090909091
46,0.939759036,0.060240964,0,0.696428571,0.107142857,0,0.196428571,1,0,0.084745763,0.322033898,0.525423729,0.06779661
47,0.896551724,0.103448276,0,0.65,0.166666667,0.066666667,0.116666667,1,0,0.019230769,0.269230769,0.692307692,0.019230769
48,0.939759036,0.060240964,0.017857143,0.714285714,0.089285714,0.053571429,0.125,1,0.053571429,0,0.267857143,0.571428571,0.107142857
49,0.906976744,0.093023256,0.056603774,0.018867925,0,0.433962264,0.490566038,1,0.672727273,0.036363636,0.018181818,0.218181818,0.054545455
50,0.886363636,0.113636364,0,0,0,0.36,0.64,1,0.689655172,0.034482759,0.034482759,0.137931034,0.103448276
51,0.886363636,0.113636364,0.019607843,0.039215686,0,0.352941176,0.588235294,1,0.690909091,0,0.072727273,0.145454545,0.090909091
52,0.896551724,0.103448276,0,0.074074074,0.074074074,0.388888889,0.462962963,1,0.698113208,0,0,0.245283019,0.056603774
53,0.928571429,0.071428571,0,0.092592593,0.074074074,0.314814815,0.518518519,1,0.709090909,0,0.036363636,0.163636364,0.090909091
54,0.951219512,0.048780488,0.017857143,0.071428571,0.089285714,0.375,0.446428571,1,0.722222222,0,0,0.203703704,0.074074074
55,0.917647059,0.082352941,0,0.037037037,0.074074074,0.407407407,0.481481481,1,0.784313725,0,0.039215686,0.156862745,0.019607843
56,0.939759036,0.060240964,0,0,0.056603774,0.41509434,0.528301887,1,0.714285714,0.053571429,0.035714286,0.142857143,0.053571429
57,0.906976744,0.093023256,0,0.096153846,0.038461538,0.307692308,0.557692308,1,0.603448276,0.051724138,0.068965517,0.189655172,0.086206897
58,0.906976744,0.093023256,0,0.019230769,0.038461538,0.423076923,0.519230769,1,0.696428571,0.035714286,0,0.196428571,0.071428571
59,0.951219512,0.048780488,0.037037037,0.074074074,0.037037037,0.296296296,0.555555556,1,0.616666667,0.033333333,0.05,0.166666667,0.133333333
60,0.975,0.025,0,0.076923077,0.038461538,0.326923077,0.557692308,1,0.655737705,0.032786885,0.032786885,0.131147541,0.147540984
61,1,0,0.015625,0.078125,0.203125,0.21875,0.484375,1,0.672727273,0.072727273,0.054545455,0.181818182,0.018181818
62,0.951219512,0.048780488,0.015151515,0.015151515,0.227272727,0.227272727,0.515151515,1,0.769230769,0.038461538,0,0.192307692,0
63,0.906976744,0.093023256,0.043478261,0.014492754,0.231884058,0.130434783,0.579710145,1,0.745098039,0,0.039215686,0.196078431,0.019607843
64,0.928571429,0.071428571,0.015625,0.03125,0.203125,0.21875,0.53125,1,0.75,0.019230769,0.019230769,0.192307692,0.019230769
65,0.939759036,0.060240964,0.029850746,0,0.223880597,0.119402985,0.626865672,1,0.696428571,0.053571429,0.053571429,0.142857143,0.053571429
66,0.951219512,0.048780488,0.019230769,0.019230769,0.019230769,0.442307692,0.5,1,0.701754386,0.035087719,0.01754386,0.157894737,0.087719298
67,0.928571429,0.071428571,0.035714286,0.017857143,0.071428571,0.375,0.5,1,0.709090909,0.054545455,0,0.2,0.036363636
68,0.951219512,0.048780488,0.066666667,0.6,0.1,0,0.233333333,1,0.076923077,0.019230769,0.423076923,0.461538462,0.019230769
69,0.917647059,0.082352941,0.050847458,0.593220339,0.101694915,0.084745763,0.169491525,1,0.018518519,0.074074074,0.314814815,0.592592593,0
70,0.951219512,0.048780488,0.070175439,0.01754386,0.052631579,0.333333333,0.526315789,1,0.666666667,0.074074074,0.12962963,0.12962963,0
71,0.928571429,0.071428571,0.018181818,0.018181818,0.072727273,0.363636364,0.527272727,1,0.754716981,0.018867925,0.056603774,0.132075472,0.037735849
72,0.928571429,0.071428571,0.017857143,0.642857143,0.089285714,0.089285714,0.160714286,1,0.068965517,0.051724138,0.224137931,0.568965517,0.086206897
73,0.951219512,0.048780488,0.068965517,0.655172414,0.068965517,0.017241379,0.189655172,1,0.053571429,0,0.321428571,0.517857143,0.107142857
74,0.962962963,0.037037037,0.06779661,0.508474576,0.084745763,0.050847458,0.288135593,1,0.120689655,0.086206897,0.310344828,0.431034483,0.051724138
75,0.962962963,0.037037037,0.036363636,0.163636364,0.054545455,0.2,0.545454545,1,0.571428571,0.053571429,0.214285714,0.107142857,0.053571429
76,0.917647059,0.082352941,0,0.333333333,0.074074074,0.37037037,0.222222222,1,0.41509434,0.056603774,0.075471698,0.452830189,0
77,0.917647059,0.082352941,0.052631579,0.49122807,0.070175439,0.228070175,0.157894737,1,0.188679245,0.056603774,0.188679245,0.566037736,0
78,0.939759036,0.060240964,0,0.035087719,0.122807018,0.315789474,0.526315789,1,0.610169492,0.101694915,0.016949153,0.220338983,0.050847458
79,0.906976744,0.093023256,0.017857143,0.714285714,0.089285714,0,0.178571429,1,0.04,0,0.44,0.52,0
80,0.866666667,0.133333333,0,0.784313725,0.019607843,0,0.196078431,1,0,0,0.5,0.5,0
81,0.886363636,0.113636364,0,0.784313725,0.019607843,0.019607843,0.176470588,1,0.019607843,0,0.470588235,0.490196078,0.019607843
82,0.896551724,0.103448276,0.018867925,0.698113208,0.037735849,0.018867925,0.226415094,1,0.076923077,0,0.423076923,0.461538462,0.038461538
83,0.917647059,0.082352941,0.051724138,0.672413793,0.086206897,0,0.189655172,1,0,0.019607843,0.450980392,0.529411765,0
84,0.906976744,0.093023256,0.086206897,0.620689655,0.051724138,0.017241379,0.224137931,1,0,0.038461538,0.442307692,0.519230769,0
85,0.928571429,0.071428571,0.0625,0.609375,0.15625,0.03125,0.140625,1,0,0,0.116666667,0.716666667,0.166666667
86,0.928571429,0.071428571,0.045454545,0.515151515,0.196969697,0.03030303,0.212121212,1,0.084745763,0.016949153,0.101694915,0.661016949,0.13559322
87,0.962962963,0.037037037,0.016393443,0.590163934,0.163934426,0.098360656,0.131147541,1,0.050847458,0.084745763,0.169491525,0.627118644,0.06779661
88,0.975,0.025,0.019230769,0.096153846,0.019230769,0.346153846,0.519230769,1,0.515151515,0.090909091,0.015151515,0.227272727,0.151515152
89,0.886363636,0.113636364,0,0,0.090909091,0.218181818,0.690909091,1,0.689655172,0,0.051724138,0.120689655,0.137931034
90,0.962962963,0.037037037,0.018518519,0.074074074,0.055555556,0.296296296,0.555555556,1,0.639344262,0.016393443,0.016393443,0.163934426,0.163934426
91,1,0,0.049180328,0.098360656,0.131147541,0.147540984,0.573770492,1,0.606557377,0.016393443,0.06557377,0.147540984,0.163934426
92,0.939759036,0.060240964,0,0.056603774,0.056603774,0.283018868,0.603773585,1,0.569230769,0.030769231,0,0.2,0.2
93,0.906976744,0.093023256,0,0.047619048,0.206349206,0.063492063,0.682539683,1,0.627118644,0.016949153,0.06779661,0.152542373,0.13559322
94,0.975,0.025,0.054545455,0.036363636,0.036363636,0.254545455,0.618181818,1,0.64516129,0,0.048387097,0.112903226,0.193548387
95,0.962962963,0.037037037,0.066666667,0,0.1,0.133333333,0.7,1,0.575757576,0.045454545,0.045454545,0.136363636,0.196969697
96,0.987341772,0.012658228,0.015625,0.015625,0.203125,0.15625,0.609375,1,0.629032258,0.080645161,0.016129032,0.161290323,0.112903226
97,0.962962963,0.037037037,0.016393443,0,0.163934426,0.163934426,0.655737705,1,0.5,0.147058824,0.029411765,0.205882353,0.117647059
98,0.939759036,0.060240964,0.017241379,0.034482759,0.120689655,0.310344828,0.517241379,1,0.583333333,0.1,0,0.25,0.066666667
99,0.886363636,0.113636364,0,0,0.090909091,0.4,0.509090909,1,0.784313725,0.019607843,0,0.196078431,0
100,0.906976744,0.093023256,0,0,0.038461538,0.442307692,0.519230769,1,0.660714286,0.089285714,0.035714286,0.196428571,0.017857143
101,0.928571429,0.071428571,0,0,0.056603774,0.452830189,0.490566038,1,0.678571429,0.089285714,0.017857143,0.196428571,0.017857143
102,0.928571429,0.071428571,0,0.017857143,0.107142857,0.321428571,0.553571429,1,0.660714286,0.089285714,0.071428571,0.160714286,0.017857143
103,0.975,0.025,0.033333333,0.05,0.133333333,0.316666667,0.466666667,1,0.614035088,0.105263158,0.035087719,0.228070175,0.01754386
104,0.962962963,0.037037037,0.103448276,0,0.034482759,0.413793103,0.448275862,1,0.685185185,0.037037037,0.037037037,0.203703704,0.037037037
105,0.939759036,0.060240964,0.018181818,0.036363636,0.072727273,0.309090909,0.563636364,1,0.684210526,0.01754386,0.052631579,0.140350877,0.105263158
106,0.906976744,0.093023256,0,0.019230769,0.038461538,0.423076923,0.519230769,1,0.696428571,0.035714286,0,0.196428571,0.071428571
107,0.917647059,0.082352941,0,0.115384615,0.038461538,0.384615385,0.461538462,1,0.690909091,0,0,0.218181818,0.090909091
108,0.886363636,0.113636364,0.018867925,0,0.037735849,0.41509434,0.528301887,1,0.754716981,0.018867925,0,0.188679245,0.037735849
109,0.906976744,0.093023256,0.037037037,0.111111111,0.037037037,0.388888889,0.425925926,1,0.648148148,0,0,0.277777778,0.074074074
110,0.975,0.025,0.064516129,0.080645161,0.129032258,0.290322581,0.435483871,1,0.596491228,0.035087719,0,0.280701754,0.087719298
111,0.896551724,0.103448276,0.037735849,0.037735849,0.018867925,0.377358491,0.528301887,1,0.722222222,0,0.018518519,0.185185185,0.074074074
112,0.906976744,0.093023256,0.019230769,0.057692308,0.019230769,0.403846154,0.5,1,0.672727273,0.054545455,0.036363636,0.2,0.036363636
113,0.886363636,0.113636364,0.018518519,0.055555556,0.055555556,0.296296296,0.574074074,1,0.722222222,0,0.037037037,0.166666667,0.074074074
114,0.928571429,0.071428571,0,0.192307692,0.038461538,0.326923077,0.442307692,1,0.561403509,0.035087719,0.070175439,0.245614035,0.087719298
115,1,0,0.138461538,0.107692308,0.092307692,0.169230769,0.492307692,1,0.508474576,0.016949153,0.101694915,0.237288136,0.13559322
116,0.939759036,0.060240964,0,0.052631579,0.122807018,0.210526316,0.614035088,1,0.548387097,0.112903226,0.080645161,0.177419355,0.080645161
117,0.951219512,0.048780488,0.052631579,0.087719298,0.070175439,0.385964912,0.403508772,1,0.648148148,0.037037037,0.018518519,0.259259259,0.037037037
118,0.896551724,0.103448276,0,0.056603774,0.056603774,0.358490566,0.528301887,1,0.690909091,0.018181818,0.018181818,0.2,0.072727273
119,0.917647059,0.082352941,0.035087719,0.052631579,0.087719298,0.350877193,0.473684211,1,0.711538462,0,0.038461538,0.211538462,0.038461538
120,0.896551724,0.103448276,0.055555556,0,0.018518519,0.314814815,0.611111111,1,0.555555556,0.079365079,0,0.238095238,0.126984127
121,0.928571429,0.071428571,0.14516129,0,0.048387097,0.306451613,0.5,1,0.679245283,0,0.037735849,0.226415094,0.056603774
122,0.939759036,0.060240964,0.06779661,0,0.084745763,0.322033898,0.525423729,1,0.754716981,0.018867925,0.037735849,0.150943396,0.037735849
123,0.987341772,0.012658228,0.106060606,0.045454545,0.136363636,0.257575758,0.454545455,1,0.648148148,0.037037037,0.037037037,0.240740741,0.037037037
124,0.987341772,0.012658228,0.149253731,0,0.104477612,0.313432836,0.432835821,1,0.660377358,0.037735849,0.018867925,0.264150943,0.018867925
125,0.951219512,0.048780488,0,0.745098039,0.019607843,0.019607843,0.215686275,1,0.03125,0.0625,0.28125,0.46875,0.15625
126,0.896551724,0.103448276,0.017857143,0.035714286,0.089285714,0.375,0.482142857,1,0.764705882,0,0,0.215686275,0.019607843
127,0.917647059,0.082352941,0,0.019230769,0.038461538,0.403846154,0.538461538,1,0.709090909,0.054545455,0.054545455,0.145454545,0.036363636
128,0.928571429,0.071428571,0.052631579,0.052631579,0.070175439,0.368421053,0.456140351,1,0.716981132,0.018867925,0,0.226415094,0.037735849
129,0.928571429,0.071428571,0.06779661,0.033898305,0.084745763,0.254237288,0.559322034,1,0.672727273,0.018181818,0.072727273,0.163636364,0.072727273
130,0.928571429,0.071428571,0.042857143,0,0.242857143,0,0.714285714,1,0.689655172,0,0.068965517,0.103448276,0.137931034
131,0.962962963,0.037037037,0.089552239,0.014925373,0.164179104,0.029850746,0.701492537,1,0.560606061,0,0.03030303,0.166666667,0.242424242
132,0.951219512,0.048780488,0.044776119,0.074626866,0.208955224,0,0.671641791,1,0.52238806,0.014925373,0,0.223880597,0.23880597
133,0.975,0.025,0.084745763,0.033898305,0.06779661,0.186440678,0.627118644,1,0.6,0.05,0.133333333,0.1,0.116666667
134,0.928571429,0.071428571,0.074074074,0.018518519,0,0.37037037,0.537037037,1,0.666666667,0,0.035087719,0.175438596,0.122807018
135,0.962962963,0.037037037,0.126984127,0.063492063,0.079365079,0.19047619,0.53968254,1,0.4375,0.078125,0.0625,0.28125,0.140625
136,0.928571429,0.071428571,0.038461538,0.057692308,0,0.442307692,0.461538462,1,0.685185185,0.018518519,0.055555556,0.185185185,0.055555556
137,0.951219512,0.048780488,0.018867925,0.075471698,0.037735849,0.396226415,0.471698113,1,0.637931034,0.034482759,0.017241379,0.206896552,0.103448276
138,0.917647059,0.082352941,0.072727273,0,0.018181818,0.309090909,0.6,1,0.596774194,0.032258065,0,0.209677419,0.161290323
139,0.987341772,0.012658228,0.033898305,0.593220339,0.118644068,0.033898305,0.220338983,1,0.142857143,0.017857143,0.303571429,0.446428571,0.089285714
140,1,0,0.05,0.666666667,0.116666667,0,0.166666667,1,0.066666667,0,0.233333333,0.533333333,0.166666667
141,0.987341772,0.012658228,0,0.618181818,0.090909091,0,0.290909091,1,0.120689655,0.086206897,0.396551724,0.344827586,0.051724138
142,0.939759036,0.060240964,0.054545455,0.6,0.036363636,0.090909091,0.218181818,1,0.176470588,0.019607843,0.392156863,0.411764706,0
143,0.906976744,0.093023256,0,0.660377358,0.056603774,0.018867925,0.264150943,1,0.094339623,0.037735849,0.433962264,0.41509434,0.018867925
144,0.917647059,0.082352941,0.055555556,0.685185185,0.018518519,0.018518519,0.222222222,1,0.055555556,0.018518519,0.407407407,0.462962963,0.055555556
145,0.939759036,0.060240964,0.035714286,0.071428571,0.071428571,0.375,0.446428571,1,0.586206897,0.051724138,0,0.275862069,0.086206897
146,0.906976744,0.093023256,0,0,0.056603774,0.41509434,0.528301887,1,0.696428571,0.035714286,0,0.196428571,0.071428571
147,0.906976744,0.093023256,0,0,0.019607843,0.392156863,0.588235294,1,0.714285714,0.017857143,0.053571429,0.125,0.089285714
148,0.928571429,0.071428571,0,0.037037037,0.074074074,0.37037037,0.518518519,1,0.696428571,0.017857143,0.017857143,0.178571429,0.089285714
149,0.975,0.025,0.084745763,0.016949153,0.06779661,0.372881356,0.457627119,1,0.754716981,0,0.018867925,0.169811321,0.056603774
150,1,0,0.096774194,0.016129032,0.096774194,0.35483871,0.435483871,1,0.672727273,0.054545455,0.018181818,0.218181818,0.036363636
151,0.962962963,0.037037037,0.087719298,0.01754386,0.035087719,0.421052632,0.438596491,1,0.784313725,0,0.039215686,0.156862745,0.019607843
152,0.975,0.025,0.051724138,0.017241379,0.086206897,0.396551724,0.448275862,1,0.754716981,0.037735849,0.018867925,0.169811321,0.018867925
153,0.939759036,0.060240964,0.071428571,0.035714286,0.035714286,0.357142857,0.5,1,0.672727273,0.018181818,0.054545455,0.181818182,0.072727273
154,0.987341772,0.012658228,0.054545455,0.054545455,0.036363636,0.381818182,0.472727273,1,0.727272727,0,0.054545455,0.127272727,0.090909091
155,0.951219512,0.048780488,0,0.090909091,0.090909091,0.345454545,0.472727273,1,0.672727273,0.036363636,0.054545455,0.181818182,0.054545455
156,0.917647059,0.082352941,0.019230769,0.730769231,0.019230769,0.057692308,0.173076923,1,0.037735849,0.018867925,0.433962264,0.471698113,0.037735849
157,0.928571429,0.071428571,0,0.684210526,0.122807018,0,0.192982456,1,0.018867925,0.056603774,0.41509434,0.509433962,0
158,0.951219512,0.048780488,0.016949153,0.661016949,0.13559322,0.016949153,0.169491525,1,0.018518519,0.055555556,0.37037037,0.537037037,0.018518519
159,0.975,0.025,0,0.666666667,0.166666667,0.033333333,0.133333333,1,0.015151515,0.075757576,0.106060606,0.636363636,0.166666667
160,1,0,0,0.558823529,0.264705882,0.088235294,0.088235294,1,0.031746032,0.111111111,0.015873016,0.746031746,0.095238095
161,1,0,0.111111111,0.527777778,0.194444444,0.013888889,0.152777778,1,0.016949153,0,0.118644068,0.711864407,0.152542373
162,0.975,0.025,0,0.044117647,0.264705882,0.044117647,0.647058824,1,0.606557377,0.081967213,0.06557377,0.147540984,0.098360656
163,0.866666667,0.133333333,0.019607843,0,0,0.490196078,0.490196078,1,0.8,0,0,0.2,0
164,0.886363636,0.113636364,0.037037037,0,0.037037037,0.425925926,0.5,1,0.745098039,0.019607843,0.039215686,0.196078431,0
165,0.951219512,0.048780488,0.055555556,0.018518519,0.018518519,0.388888889,0.518518519,1,0.666666667,0.035087719,0.052631579,0.157894737,0.087719298
166,0.928571429,0.071428571,0.018181818,0.036363636,0.072727273,0.345454545,0.527272727,1,0.754716981,0,0.056603774,0.132075472,0.056603774
167,0.951219512,0.048780488,0.018867925,0.132075472,0.037735849,0.20754717,0.603773585,1,0.583333333,0.016666667,0.133333333,0.116666667,0.15
168,0.896551724,0.103448276,0.017241379,0.620689655,0.120689655,0.034482759,0.206896552,1,0.056603774,0.037735849,0.320754717,0.566037736,0.018867925
169,0.906976744,0.093023256,0.055555556,0.574074074,0.018518519,0.12962963,0.222222222,1,0.115384615,0.038461538,0.384615385,0.461538462,0
170,0.975,0.025,0.036363636,0.709090909,0.054545455,0.072727273,0.127272727,1,0,0.103448276,0.344827586,0.517241379,0.034482759
171,0.917647059,0.082352941,0,0.784313725,0.019607843,0.019607843,0.176470588,1,0,0.036363636,0.436363636,0.472727273,0.054545455
172,0.928571429,0.071428571,0.018181818,0.709090909,0.072727273,0.036363636,0.163636364,1,0.033333333,0.033333333,0.233333333,0.566666667,0.133333333
173,0.939759036,0.060240964,0.01754386,0.684210526,0.105263158,0.035087719,0.157894737,1,0.054545455,0.018181818,0.309090909,0.545454545,0.072727273
174,0.928571429,0.071428571,0,0.660377358,0.056603774,0.056603774,0.226415094,1,0.098360656,0.049180328,0.229508197,0.491803279,0.131147541
175,0.917647059,0.082352941,0,0.764705882,0.019607843,0,0.215686275,1,0.032786885,0.049180328,0.295081967,0.491803279,0.131147541
176,0.917647059,0.082352941,0.068965517,0.620689655,0.068965517,0.051724138,0.189655172,1,0,0.054545455,0.345454545,0.563636364,0.036363636
177,0.939759036,0.060240964,0.103448276,0.568965517,0.034482759,0.051724138,0.24137931,1,0.098039216,0,0.450980392,0.431372549,0.019607843
178,0.906976744,0.093023256,0.072727273,0.654545455,0.018181818,0.054545455,0.2,1,0.054545455,0.018181818,0.327272727,0.527272727,0.072727273
179,0.928571429,0.071428571,0,0.754716981,0.056603774,0.018867925,0.169811321,1,0.016129032,0.016129032,0.241935484,0.548387097,0.177419355
180,0.987341772,0.012658228,0.037037037,0.648148148,0.037037037,0.12962963,0.148148148,1,0.046153846,0.092307692,0.2,0.523076923,0.138461538
181,0.951219512,0.048780488,0.016393443,0,0.163934426,0.245901639,0.573770492,1,0.655172414,0.086206897,0.034482759,0.172413793,0.051724138
182,0.975,0.025,0.033898305,0.101694915,0.118644068,0.288135593,0.457627119,1,0.672727273,0.018181818,0.036363636,0.2,0.072727273
183,0.951219512,0.048780488,0,0.075471698,0.056603774,0.471698113,0.396226415,1,0.735849057,0.037735849,0,0.20754717,0.018867925
184,0.939759036,0.060240964,0.033333333,0.033333333,0.133333333,0.283333333,0.516666667,1,0.690909091,0.054545455,0.018181818,0.2,0.036363636
185,0.928571429,0.071428571,0,0.019230769,0.038461538,0.384615385,0.557692308,1,0.606557377,0.081967213,0.016393443,0.196721311,0.098360656
186,0.917647059,0.082352941,0,0.053571429,0.107142857,0.339285714,0.5,1,0.631578947,0.070175439,0,0.245614035,0.052631579
187,0.939759036,0.060240964,0.036363636,0.036363636,0.054545455,0.418181818,0.454545455,1,0.703703704,0.018518519,0.018518519,0.203703704,0.055555556
188,0.876404494,0.123595506,0,0,0.056603774,0.452830189,0.490566038,1,0.8,0,0,0.2,0
189,0.939759036,0.060240964,0.050847458,0.06779661,0.101694915,0.338983051,0.440677966,1,0.666666667,0.055555556,0,0.259259259,0.018518519
190,1,0,0,0.6,0.090909091,0,0.309090909,1,0.098360656,0.131147541,0.37704918,0.344262295,0.049180328
191,0.975,0.025,0.072463768,0.565217391,0.202898551,0.072463768,0.086956522,1,0.04,0,0.22,0.74,0
192,0.928571429,0.071428571,0.046153846,0.569230769,0.184615385,0,0.2,1,0.058823529,0.019607843,0.31372549,0.607843137,0
193,0.962962963,0.037037037,0.034482759,0.637931034,0.103448276,0.034482759,0.189655172,1,0.016949153,0.06779661,0.305084746,0.525423729,0.084745763
194,0.951219512,0.048780488,0.052631579,0.666666667,0.070175439,0.035087719,0.175438596,1,0.072727273,0,0.327272727,0.509090909,0.090909091
195,0.987341772,0.012658228,0.048387097,0.064516129,0.14516129,0.193548387,0.548387097,1,0.576271186,0.084745763,0.101694915,0.169491525,0.06779661
196,1,0,0.042857143,0.057142857,0.242857143,0.1,0.557142857,1,0.525423729,0.152542373,0.118644068,0.203389831,0
197,0.987341772,0.012658228,0.037037037,0,0.345679012,0,0.617283951,1,0.678571429,0.089285714,0.035714286,0.178571429,0.017857143
198,0.975,0.025,0.015873016,0,0.19047619,0.206349206,0.587301587,1,0.661016949,0.101694915,0.033898305,0.152542373,0.050847458
199,0.987341772,0.012658228,0.095890411,0,0.219178082,0.136986301,0.547945205,1,0.614035088,0.070175439,0.035087719,0.228070175,0.052631579
200,0.962962963,0.037037037,0.105263158,0.561403509,0.01754386,0,0.315789474,1,0.081967213,0.016393443,0.327868852,0.409836066,0.163934426
201,0.987341772,0.012658228,0.15,0.55,0.016666667,0.116666667,0.166666667,1,0.06779661,0,0.237288136,0.542372881,0.152542373
202,0.975,0.025,0.019230769,0.769230769,0.019230769,0,0.192307692,1,0.046153846,0.015384615,0.246153846,0.476923077,0.215384615
203,1,0,0.089285714,0.678571429,0.017857143,0.017857143,0.196428571,1,0.032786885,0.032786885,0.327868852,0.459016393,0.147540984
204,0.975,0.025,0.074074074,0.703703704,0,0.092592593,0.12962963,1,0.015151515,0.03030303,0.181818182,0.560606061,0.212121212
205,0.962962963,0.037037037,0.103448276,0.637931034,0.034482759,0.120689655,0.103448276,1,0.015384615,0.015384615,0.107692308,0.646153846,0.215384615
206,0.987341772,0.012658228,0.090909091,0.690909091,0,0,0.218181818,1,0,0.049180328,0.37704918,0.442622951,0.131147541
207,0.987341772,0.012658228,0.074074074,0.648148148,0,0.111111111,0.166666667,1,0.127272727,0,0.363636364,0.418181818,0.090909091
208,0.987341772,0.012658228,0.017857143,0.660714286,0.089285714,0.017857143,0.214285714,1,0.080645161,0.048387097,0.258064516,0.467741935,0.14516129
209,0.962962963,0.037037037,0.019230769,0.692307692,0.019230769,0.076923077,0.192307692,1,0.014084507,0.084507042,0.154929577,0.535211268,0.211267606
210,0.987341772,0.012658228,0.072727273,0.690909091,0.018181818,0.090909091,0.127272727,1,0.03125,0.03125,0.203125,0.546875,0.1875
211,0.951219512,0.048780488,0,0.678571429,0.107142857,0.089285714,0.125,1,0.096774194,0,0.112903226,0.596774194,0.193548387
212,0.975,0.025,0.047619048,0.587301587,0.158730159,0.079365079,0.126984127,1,0.064516129,0.016129032,0.080645161,0.661290323,0.177419355
213,0.928571429,0.071428571,0.089285714,0.678571429,0.017857143,0.071428571,0.142857143,1,0,0.03030303,0.121212121,0.636363636,0.212121212
214,0.939759036,0.060240964,0,0.527272727,0.090909091,0.036363636,0.345454545,1,0.147058824,0.102941176,0.132352941,0.455882353,0.161764706
215,0.975,0.025,0.092307692,0.261538462,0.138461538,0.123076923,0.384615385,1,0.287878788,0.060606061,0.015151515,0.454545455,0.181818182
216,0.975,0.025,0.052631579,0.157894737,0.070175439,0.298245614,0.421052632,1,0.611111111,0.037037037,0.111111111,0.203703704,0.037037037
217,0.962962963,0.037037037,0.101694915,0.033898305,0.050847458,0.338983051,0.474576271,1,0.698113208,0.018867925,0.075471698,0.169811321,0.037735849
218,1,0,0.018867925,0.037735849,0.037735849,0.41509434,0.490566038,1,0.661016949,0.084745763,0.050847458,0.13559322,0.06779661
219,0.975,0.025,0.018181818,0.054545455,0.072727273,0.327272727,0.527272727,1,0.637931034,0.103448276,0.086206897,0.137931034,0.034482759
220,0.951219512,0.048780488,0.035714286,0,0.071428571,0.285714286,0.607142857,1,0.590163934,0.114754098,0.081967213,0.147540984,0.06557377
221,0.928571429,0.071428571,0.018867925,0.037735849,0.037735849,0.358490566,0.547169811,1,0.696428571,0.035714286,0.053571429,0.142857143,0.071428571
222,0.939759036,0.060240964,0.06557377,0.049180328,0.114754098,0.278688525,0.491803279,1,0.745098039,0,0.058823529,0.176470588,0.019607843
223,0.928571429,0.071428571,0.01754386,0.052631579,0.105263158,0.350877193,0.473684211,1,0.764705882,0,0.039215686,0.176470588,0.019607843
224,0.939759036,0.060240964,0,0.071428571,0.107142857,0.357142857,0.464285714,1,0.722222222,0,0,0.203703704,0.074074074
225,0.906976744,0.093023256,0.074074074,0.018518519,0,0.333333333,0.574074074,1,0.660714286,0.017857143,0.071428571,0.160714286,0.089285714
226,0.951219512,0.048780488,0.072727273,0.018181818,0.018181818,0.418181818,0.472727273,1,0.620689655,0.051724138,0.017241379,0.224137931,0.086206897
227,0.975,0.025,0.06779661,0.101694915,0.084745763,0.355932203,0.389830508,1,0.636363636,0,0,0.272727273,0.090909091
228,0.951219512,0.048780488,0,0.071428571,0.107142857,0.339285714,0.482142857,1,0.740740741,0.018518519,0.018518519,0.166666667,0.055555556
229,0.906976744,0.093023256,0,0.036363636,0.090909091,0.436363636,0.436363636,1,0.78,0,0,0.22,0
230,0.975,0.025,0.105263158,0.035087719,0.01754386,0.403508772,0.438596491,1,0.660714286,0.017857143,0.017857143,0.214285714,0.089285714
231,0.975,0.025,0.125,0,0.09375,0.25,0.53125,1,0.642857143,0.035714286,0.071428571,0.178571429,0.071428571
232,0.951219512,0.048780488,0.1,0.083333333,0.066666667,0.35,0.4,1,0.603773585,0.037735849,0.056603774,0.283018868,0.018867925
233,0.987341772,0.012658228,0.080645161,0,0.112903226,0.258064516,0.548387097,1,0.627118644,0.084745763,0.050847458,0.169491525,0.06779661
234,0.975,0.025,0.055555556,0.074074074,0.018518519,0.37037037,0.481481481,1,0.580645161,0.048387097,0,0.225806452,0.14516129
235,0.928571429,0.071428571,0.019230769,0,0.019230769,0.442307692,0.519230769,1,0.727272727,0.036363636,0.036363636,0.145454545,0.054545455
236,0.928571429,0.071428571,0.053571429,0.089285714,0.053571429,0.357142857,0.446428571,1,0.685185185,0,0,0.240740741,0.074074074
237,0.928571429,0.071428571,0,0.017857143,0.107142857,0.392857143,0.482142857,1,0.722222222,0.055555556,0,0.203703704,0.018518519
238,0.886363636,0.113636364,0.019230769,0,0.019230769,0.480769231,0.480769231,1,0.8,0,0.02,0.18,0
239,0.939759036,0.060240964,0,0.058823529,0.019607843,0.450980392,0.470588235,1,0.684210526,0.035087719,0,0.192982456,0.087719298
240,0.928571429,0.071428571,0.034482759,0.068965517,0.103448276,0.362068966,0.431034483,1,0.660377358,0.037735849,0.018867925,0.264150943,0.018867925
241,0.928571429,0.071428571,0.036363636,0.090909091,0.054545455,0.454545455,0.363636364,1,0.72,0,0.02,0.26,0
242,0.906976744,0.093023256,0.056603774,0.018867925,0,0.471698113,0.452830189,1,0.698113208,0.037735849,0.018867925,0.226415094,0.018867925
243,0.939759036,0.060240964,0,0.039215686,0.019607843,0.431372549,0.509803922,1,0.633333333,0.083333333,0,0.2,0.083333333
244,0.975,0.025,0.074074074,0.037037037,0,0.296296296,0.592592593,1,0.629032258,0.016129032,0.048387097,0.129032258,0.177419355
245,0.975,0.025,0.06779661,0.033898305,0.084745763,0.118644068,0.694915254,1,0.575757576,0.015151515,0.060606061,0.121212121,0.227272727
246,0.962962963,0.037037037,0.019230769,0.75,0.019230769,0.057692308,0.153846154,1,0.068965517,0.034482759,0.327586207,0.465517241,0.103448276
247,0.951219512,0.048780488,0.055555556,0.722222222,0.018518519,0,0.203703704,1,0.015873016,0.015873016,0.26984127,0.507936508,0.19047619
248,0.928571429,0.071428571,0.018518519,0.740740741,0.055555556,0.037037037,0.148148148,1,0.017857143,0,0.339285714,0.535714286,0.107142857
249,0.951219512,0.048780488,0.081967213,0.606557377,0.098360656,0,0.213114754,1,0.056603774,0,0.377358491,0.509433962,0.056603774
250,0.951219512,0.048780488,0.019230769,0,0.019230769,0.423076923,0.538461538,1,0.612903226,0.096774194,0,0.193548387,0.096774194
251,0.928571429,0.071428571,0.038461538,0.019230769,0,0.384615385,0.557692308,1,0.627118644,0.050847458,0.050847458,0.169491525,0.101694915
252,0.975,0.025,0.034482759,0.051724138,0.103448276,0.310344828,0.5,1,0.709090909,0.018181818,0.054545455,0.145454545,0.072727273
253,0.928571429,0.071428571,0.051724138,0.034482759,0.086206897,0.224137931,0.603448276,1,0.637931034,0.017241379,0.068965517,0.155172414,0.120689655
254,1,0,0.166666667,0.016666667,0,0.316666667,0.5,1,0.614035088,0.01754386,0.105263158,0.157894737,0.105263158
255,0.975,0.025,0.114754098,0,0.06557377,0.37704918,0.442622951,1,0.735849057,0.018867925,0,0.20754717,0.037735849
256,0.987341772,0.012658228,0.103448276,0,0.034482759,0.327586207,0.534482759,1,0.583333333,0.1,0.083333333,0.166666667,0.066666667
257,0.987341772,0.012658228,0.15942029,0.507246377,0.115942029,0.014492754,0.202898551,1,0.018867925,0,0.339622642,0.58490566,0.056603774
258,0.939759036,0.060240964,0.046153846,0.615384615,0.184615385,0.015384615,0.138461538,1,0,0,0.34,0.66,0
259,0.939759036,0.060240964,0.086206897,0.655172414,0.051724138,0.017241379,0.189655172,1,0,0.035087719,0.333333333,0.543859649,0.087719298
260,0.987341772,0.012658228,0.052631579,0.684210526,0.070175439,0,0.192982456,1,0,0.066666667,0.35,0.483333333,0.1
261,0.928571429,0.071428571,0.019230769,0,0.019230769,0.365384615,0.596153846,1,0.612903226,0.064516129,0.016129032,0.177419355,0.129032258
262,0.917647059,0.082352941,0.017857143,0.035714286,0.089285714,0.196428571,0.660714286,1,0.689655172,0,0.068965517,0.103448276,0.137931034
263,0.906976744,0.093023256,0.034482759,0,0.103448276,0.25862069,0.603448276,1,0.722222222,0,0.074074074,0.12962963,0.074074074
264,0.939759036,0.060240964,0.06779661,0.033898305,0.084745763,0.322033898,0.491525424,1,0.685185185,0.018518519,0.037037037,0.203703704,0.055555556
265,0.962962963,0.037037037,0.037037037,0.037037037,0.037037037,0.296296296,0.592592593,1,0.655737705,0.016393443,0.032786885,0.131147541,0.163934426
266,0.975,0.025,0.072727273,0.018181818,0.018181818,0.4,0.490909091,1,0.627118644,0.050847458,0.033898305,0.186440678,0.101694915
267,0.975,0.025,0.074074074,0.074074074,0,0.240740741,0.611111111,1,0.537313433,0.014925373,0.029850746,0.179104478,0.23880597
268,0.876404494,0.123595506,0.019607843,0.764705882,0,0,0.215686275,1,0,0,0.452830189,0.490566038,0.056603774
269,0.886363636,0.113636364,0,0.8,0,0.06,0.14,1,0,0,0.442307692,0.519230769,0.038461538
270,0.896551724,0.103448276,0,0.754716981,0.056603774,0.037735849,0.150943396,1,0,0.038461538,0.423076923,0.538461538,0
271,0.939759036,0.060240964,0.035087719,0.649122807,0.087719298,0.01754386,0.210526316,1,0.080645161,0,0.177419355,0.548387097,0.193548387
272,0.975,0.025,0,0,0.122807018,0.315789474,0.561403509,1,0.612903226,0.112903226,0.016129032,0.177419355,0.080645161
273,0.975,0.025,0,0.153846154,0.230769231,0.2,0.415384615,1,0.6,0.054545455,0,0.309090909,0.036363636
274,1,0,0,0.158730159,0.206349206,0.206349206,0.428571429,1,0.571428571,0.089285714,0.071428571,0.25,0.017857143
275,0.962962963,0.037037037,0.118644068,0.084745763,0.033898305,0.186440678,0.576271186,1,0.416666667,0.133333333,0.25,0.166666667,0.033333333
276,1,0,0.05,0.65,0.116666667,0.033333333,0.15,1,0.06779661,0.016949153,0.237288136,0.542372881,0.13559322
277,1,0,0.016666667,0.616666667,0.15,0.05,0.166666667,1,0.028985507,0.101449275,0.101449275,0.594202899,0.173913043
278,0.975,0.025,0.05,0.583333333,0.116666667,0.1,0.15,1,0.031746032,0.111111111,0.158730159,0.603174603,0.095238095
279,0.939759036,0.060240964,0.018867925,0.754716981,0.037735849,0.037735849,0.150943396,1,0.054545455,0,0.363636364,0.490909091,0.090909091
280,0.939759036,0.060240964,0.071428571,0.678571429,0.035714286,0.017857143,0.196428571,1,0,0.01754386,0.368421053,0.50877193,0.105263158
281,0.987341772,0.012658228,0.174603175,0.555555556,0.031746032,0.047619048,0.19047619,1,0.018867925,0,0.41509434,0.509433962,0.056603774
282,0.975,0.025,0.018867925,0.679245283,0.037735849,0.018867925,0.245283019,1,0.09375,0.03125,0.25,0.4375,0.1875
283,0.962962963,0.037037037,0,0.725490196,0.019607843,0,0.254901961,1,0.031746032,0.079365079,0.349206349,0.412698413,0.126984127
284,0.896551724,0.103448276,0.049180328,0.508196721,0.131147541,0.016393443,0.295081967,1,0.074074074,0.055555556,0.333333333,0.518518519,0.018518519
285,0.917647059,0.082352941,0.090909091,0.527272727,0,0.109090909,0.272727273,1,0.148148148,0,0.351851852,0.425925926,0.074074074
286,0.896551724,0.103448276,0,0.754716981,0.056603774,0,0.188679245,1,0.037735849,0,0.396226415,0.509433962,0.056603774
287,0.951219512,0.048780488,0.019230769,0.75,0.019230769,0.019230769,0.192307692,1,0.071428571,0,0.392857143,0.428571429,0.107142857
288,0.951219512,0.048780488,0.037735849,0.735849057,0.018867925,0.037735849,0.169811321,1,0.035714286,0,0.392857143,0.464285714,0.107142857
289,0.975,0.025,0.074074074,0.666666667,0,0,0.259259259,1,0.033333333,0.05,0.4,0.4,0.116666667
290,0.939759036,0.060240964,0.019607843,0.745098039,0,0.058823529,0.176470588,1,0.032786885,0.032786885,0.295081967,0.491803279,0.147540984
291,0.962962963,0.037037037,0,0.74,0,0.02,0.24,1,0.064516129,0.048387097,0.338709677,0.403225806,0.14516129
292,0.939759036,0.060240964,0,0.754716981,0.056603774,0,0.188679245,1,0.051724138,0,0.327586207,0.482758621,0.137931034
293,0.939759036,0.060240964,0.089285714,0.678571429,0.017857143,0,0.214285714,1,0,0.016949153,0.338983051,0.508474576,0.13559322
294,0.928571429,0.071428571,0,0.677966102,0.152542373,0.050847458,0.118644068,1,0.037735849,0,0.283018868,0.622641509,0.056603774
295,0.917647059,0.082352941,0.018181818,0.690909091,0.072727273,0.072727273,0.145454545,1,0.035087719,0,0.263157895,0.578947368,0.122807018
296,0.906976744,0.093023256,0,0.689655172,0.137931034,0,0.172413793,1,0,0,0.2,0.633333333,0.166666667
297,0.962962963,0.037037037,0,0.711538462,0.038461538,0.019230769,0.230769231,1,0.05,0.1,0.366666667,0.416666667,0.066666667
298,0.951219512,0.048780488,0.056603774,0.679245283,0,0.113207547,0.150943396,1,0.09375,0,0.140625,0.546875,0.21875
299,0.975,0.025,0.035714286,0.607142857,0.071428571,0.089285714,0.196428571,1,0.121212121,0.015151515,0.106060606,0.53030303,0.227272727
300,0.987341772,0.012658228,0.083333333,0.65,0.083333333,0.016666667,0.166666667,1,0,0.047619048,0.222222222,0.571428571,0.158730159
301,0.928571429,0.071428571,0.031746032,0.571428571,0.174603175,0,0.222222222,1,0.032258065,0.064516129,0.14516129,0.629032258,0.129032258
302,0.917647059,0.082352941,0.016129032,0.629032258,0.177419355,0,0.177419355,1,0.018518519,0.018518519,0.277777778,0.62962963,0.055555556
303,0.962962963,0.037037037,0.017857143,0.714285714,0.089285714,0.071428571,0.107142857,1,0,0.072727273,0.363636364,0.545454545,0.018181818
304,0.939759036,0.060240964,0,0.685185185,0.074074074,0.074074074,0.166666667,1,0.034482759,0.103448276,0.310344828,0.517241379,0.034482759
305,0.939759036,0.060240964,0.016949153,0.677966102,0.13559322,0.016949153,0.152542373,1,0.08,0,0.38,0.54,0
306,0.906976744,0.093023256,0.018181818,0.690909091,0.072727273,0.018181818,0.2,1,0.058823529,0.019607843,0.431372549,0.490196078,0
307,0.896551724,0.103448276,0,0.76,0,0.02,0.22,1,0.018181818,0.054545455,0.436363636,0.454545455,0.036363636
308,0.896551724,0.103448276,0.038461538,0.75,0,0.038461538,0.173076923,1,0.019230769,0,0.442307692,0.5,0.038461538
309,0.951219512,0.048780488,0.033333333,0.65,0.133333333,0,0.183333333,1,0,0.051724138,0.293103448,0.568965517,0.086206897
310,0.928571429,0.071428571,0.035714286,0.678571429,0.071428571,0.053571429,0.160714286,1,0.032786885,0,0.196721311,0.590163934,0.180327869
311,0.896551724,0.103448276,0.019230769,0.75,0.019230769,0.038461538,0.173076923,1,0.01754386,0,0.315789474,0.543859649,0.122807018
312,0.917647059,0.082352941,0,0.78,0,0,0.22,1,0.052631579,0,0.385964912,0.438596491,0.122807018
313,0.987341772,0.012658228,0.037037037,0.722222222,0.037037037,0.018518519,0.185185185,1,0.05,0.033333333,0.333333333,0.45,0.133333333
314,0.962962963,0.037037037,0,0.722222222,0.074074074,0.037037037,0.166666667,1,0.087719298,0,0.315789474,0.473684211,0.122807018
315,0.951219512,0.048780488,0,0.606557377,0.180327869,0.081967213,0.131147541,1,0.094339623,0.037735849,0.245283019,0.603773585,0.018867925
316,0.939759036,0.060240964,0.063492063,0.603174603,0.142857143,0.031746032,0.158730159,1,0.039215686,0,0.333333333,0.607843137,0.019607843
317,0.951219512,0.048780488,0.131147541,0.606557377,0.049180328,0.081967213,0.131147541,1,0,0,0.267857143,0.625,0.107142857
318,0.987341772,0.012658228,0.019607843,0.588235294,0,0.117647059,0.274509804,1,0.21875,0.015625,0.1875,0.375,0.203125
319,0.987341772,0.012658228,0.112903226,0.451612903,0.080645161,0.032258065,0.322580645,1,0.183333333,0,0.233333333,0.416666667,0.166666667
320,0.975,0.025,0.118644068,0.559322034,0.033898305,0.152542373,0.13559322,1,0.05,0.05,0.2,0.583333333,0.116666667
321,0.939759036,0.060240964,0.019607843,0.705882353,0,0.078431373,0.196078431,1,0.046875,0.046875,0.234375,0.5,0.171875
322,0.962962963,0.037037037,0.019607843,0.764705882,0,0.019607843,0.196078431,1,0.032258065,0.032258065,0.322580645,0.451612903,0.161290323
323,0.906976744,0.093023256,0.017241379,0.672413793,0.120689655,0,0.189655172,1,0.019607843,0,0.411764706,0.549019608,0.019607843
324,0.896551724,0.103448276,0.033898305,0.677966102,0.118644068,0.016949153,0.152542373,1,0,0,0.38,0.62,0
325,0.951219512,0.048780488,0.018867925,0.603773585,0.037735849,0.018867925,0.320754717,1,0.045454545,0.136363636,0.287878788,0.424242424,0.106060606
326,0.939759036,0.060240964,0.068965517,0.620689655,0.068965517,0.068965517,0.172413793,1,0.053571429,0.035714286,0.285714286,0.553571429,0.071428571
327,0.896551724,0.103448276,0.071428571,0.678571429,0.035714286,0.035714286,0.178571429,1,0,0,0.327272727,0.581818182,0.090909091
328,0.917647059,0.082352941,0,0.735849057,0.056603774,0.094339623,0.113207547,1,0.015873016,0.031746032,0.158730159,0.619047619,0.174603175
329,0.975,0.025,0.038461538,0.596153846,0,0.115384615,0.25,1,0.112676056,0.070422535,0.112676056,0.478873239,0.225352113
330,0.962962963,0.037037037,0.112903226,0.032258065,0.080645161,0.306451613,0.467741935,1,0.74,0,0.1,0.16,0
331,0.987341772,0.012658228,0,0.017241379,0.137931034,0.362068966,0.482758621,1,0.644067797,0.118644068,0,0.203389831,0.033898305
332,1,0,0,0.016949153,0.152542373,0.338983051,0.491525424,1,0.655172414,0.137931034,0.034482759,0.172413793,0
333,0.987341772,0.012658228,0.018181818,0,0.072727273,0.4,0.509090909,1,0.6,0.166666667,0.066666667,0.166666667,0
334,1,0,0,0.051724138,0.137931034,0.327586207,0.482758621,1,0.709090909,0.090909091,0.072727273,0.127272727,0
335,1,0,0.01754386,0.105263158,0.105263158,0.368421053,0.403508772,1,0.578947368,0.122807018,0.070175439,0.228070175,0
336,0.962962963,0.037037037,0,0.06557377,0.180327869,0.213114754,0.540983607,1,0.616666667,0.066666667,0,0.216666667,0.1
337,0.906976744,0.093023256,0.016949153,0.016949153,0.13559322,0.271186441,0.559322034,1,0.716981132,0.037735849,0.056603774,0.169811321,0.018867925
338,0.928571429,0.071428571,0,0.054545455,0.090909091,0.236363636,0.618181818,1,0.65,0.016666667,0.033333333,0.15,0.15
339,0.951219512,0.048780488,0.05,0.016666667,0.116666667,0.3,0.516666667,1,0.690909091,0.054545455,0.036363636,0.181818182,0.036363636
340,0.975,0.025,0.081967213,0,0.098360656,0.278688525,0.540983607,1,0.690909091,0.054545455,0.090909091,0.127272727,0.036363636
341,0.962962963,0.037037037,0.070175439,0.649122807,0.052631579,0.035087719,0.192982456,1,0.054545455,0,0.381818182,0.472727273,0.090909091
342,0.962962963,0.037037037,0.016129032,0.161290323,0.177419355,0.161290323,0.483870968,1,0.55,0.016666667,0,0.283333333,0.15
343,0.939759036,0.060240964,0.032786885,0.032786885,0.147540984,0.163934426,0.62295082,1,0.633333333,0.05,0.033333333,0.166666667,0.116666667
344,0.962962963,0.037037037,0.086206897,0,0.051724138,0.310344828,0.551724138,1,0.616666667,0.05,0.033333333,0.183333333,0.116666667
345,0.951219512,0.048780488,0.111111111,0.031746032,0.095238095,0.285714286,0.476190476,1,0.625,0.017857143,0,0.267857143,0.089285714
346,0.975,0.025,0.092307692,0,0.138461538,0.276923077,0.492307692,1,0.703703704,0.018518519,0.018518519,0.203703704,0.055555556
347,0.975,0.025,0.06557377,0.032786885,0.114754098,0.295081967,0.491803279,1,0.75,0,0.076923077,0.134615385,0.038461538
348,0.951219512,0.048780488,0.068965517,0.017241379,0.068965517,0.379310345,0.465517241,1,0.716981132,0,0.037735849,0.188679245,0.056603774
349,0.939759036,0.060240964,0,0,0.056603774,0.41509434,0.528301887,1,0.564516129,0.161290323,0.016129032,0.225806452,0.032258065
350,0.896551724,0.103448276,0,0.036363636,0.090909091,0.363636364,0.509090909,1,0.784313725,0,0.019607843,0.176470588,0.019607843
351,0.939759036,0.060240964,0,0.066666667,0.166666667,0.216666667,0.55,1,0.769230769,0.019230769,0.076923077,0.115384615,0.019230769
352,0.939759036,0.060240964,0.080645161,0.016129032,0.112903226,0.274193548,0.516129032,1,0.636363636,0.054545455,0.054545455,0.218181818,0.036363636
353,0.906976744,0.093023256,0.018867925,0.037735849,0.037735849,0.245283019,0.660377358,1,0.606557377,0.032786885,0.06557377,0.147540984,0.147540984
354,0.906976744,0.093023256,0,0.037735849,0.056603774,0.320754717,0.58490566,1,0.661016949,0.050847458,0,0.186440678,0.101694915
355,0.939759036,0.060240964,0,0.053571429,0.107142857,0.285714286,0.553571429,1,0.620689655,0.103448276,0.068965517,0.172413793,0.034482759
356,0.917647059,0.082352941,0.018518519,0,0.055555556,0.425925926,0.5,1,0.678571429,0.053571429,0,0.214285714,0.053571429
357,0.917647059,0.082352941,0.018518519,0.018518519,0.055555556,0.444444444,0.462962963,1,0.769230769,0,0,0.192307692,0.038461538
358,0.951219512,0.048780488,0.032258065,0.032258065,0.161290323,0.290322581,0.483870968,1,0.784313725,0,0.019607843,0.176470588,0.019607843
359,0.962962963,0.037037037,0.033898305,0.13559322,0.118644068,0.322033898,0.389830508,1,0.68627451,0,0.058823529,0.235294118,0.019607843
360,0.939759036,0.060240964,0.036363636,0.072727273,0.054545455,0.418181818,0.418181818,1,0.607142857,0.071428571,0.017857143,0.267857143,0.035714286
361,0.906976744,0.093023256,0,0,0.206349206,0.238095238,0.555555556,1,0.614035088,0.122807018,0,0.263157895,0
362,0.928571429,0.071428571,0.019230769,0,0.019230769,0.384615385,0.576923077,1,0.616666667,0.066666667,0.05,0.166666667,0.1
363,0.975,0.025,0,0.038461538,0.038461538,0.365384615,0.557692308,1,0.5625,0.125,0.046875,0.171875,0.09375
364,0.962962963,0.037037037,0.038461538,0.211538462,0,0.403846154,0.346153846,1,0.516666667,0.016666667,0,0.316666667,0.15
365,0.917647059,0.082352941,0,0.056603774,0.056603774,0.377358491,0.509433962,1,0.730769231,0.038461538,0.096153846,0.134615385,0
366,0.951219512,0.048780488,0.031746032,0.015873016,0.174603175,0.206349206,0.571428571,1,0.696428571,0.035714286,0.035714286,0.160714286,0.071428571
367,0.906976744,0.093023256,0,0.018518519,0.074074074,0.259259259,0.648148148,1,0.678571429,0.053571429,0.125,0.089285714,0.053571429
368,1,0,0.126760563,0,0.169014085,0.267605634,0.436619718,1,0.543859649,0.122807018,0,0.333333333,0
369,0.987341772,0.012658228,0,0.345454545,0.090909091,0.236363636,0.327272727,1,0.268656716,0.149253731,0.074626866,0.402985075,0.104477612
370,0.886363636,0.113636364,0.018518519,0.092592593,0.055555556,0.333333333,0.5,1,0.72,0,0.1,0.18,0
371,0.906976744,0.093023256,0,0.101694915,0.152542373,0.271186441,0.474576271,1,0.74,0,0.04,0.22,0
372,0.876404494,0.123595506,0,0.037037037,0.074074074,0.425925926,0.462962963,1,0.76,0,0,0.24,0
373,0.928571429,0.071428571,0.016666667,0.016666667,0.15,0.283333333,0.533333333,1,0.8,0,0.08,0.12,0
374,0.939759036,0.060240964,0.031746032,0,0.174603175,0.26984127,0.523809524,1,0.754716981,0.018867925,0,0.188679245,0.037735849
375,0.951219512,0.048780488,0.064516129,0.032258065,0.129032258,0.290322581,0.483870968,1,0.76,0,0.08,0.16,0
376,0.917647059,0.082352941,0,0.056603774,0.056603774,0.339622642,0.547169811,1,0.672727273,0.072727273,0.090909091,0.145454545,0.018181818
377,0.951219512,0.048780488,0,0.055555556,0.074074074,0.351851852,0.518518519,1,0.672413793,0.034482759,0.017241379,0.172413793,0.103448276
378,0.951219512,0.048780488,0,0.134615385,0.038461538,0.365384615,0.461538462,1,0.620689655,0.017241379,0.034482759,0.206896552,0.120689655
379,0.917647059,0.082352941,0,0.056603774,0.056603774,0.396226415,0.490566038,1,0.709090909,0.036363636,0,0.2,0.054545455
380,0.975,0.025,0.06779661,0.576271186,0.084745763,0.050847458,0.220338983,1,0.137254902,0,0.431372549,0.411764706,0.019607843
381,0.951219512,0.048780488,0.01754386,0.543859649,0.105263158,0.175438596,0.157894737,1,0.142857143,0.089285714,0.214285714,0.535714286,0.017857143
382,0.962962963,0.037037037,0.121212121,0.5,0.121212121,0.090909091,0.166666667,1,0.074074074,0.037037037,0.222222222,0.62962963,0.037037037
383,0.951219512,0.048780488,0.030769231,0.569230769,0.2,0.092307692,0.107692308,1,0.057692308,0.019230769,0.211538462,0.692307692,0.019230769
384,0.896551724,0.103448276,0,0.634920635,0.206349206,0,0.158730159,1,0.057692308,0,0.211538462,0.692307692,0.038461538
385,0.917647059,0.082352941,0,0.636363636,0.090909091,0,0.272727273,1,0.127272727,0.036363636,0.345454545,0.436363636,0.054545455
386,0.939759036,0.060240964,0,0.636363636,0.090909091,0.036363636,0.236363636,1,0.070175439,0.105263158,0.350877193,0.456140351,0.01754386
387,0.876404494,0.123595506,0.018867925,0.018867925,0.037735849,0.245283019,0.679245283,1,0.661016949,0,0.033898305,0.152542373,0.152542373
388,0.896551724,0.103448276,0.036363636,0.072727273,0.054545455,0.345454545,0.490909091,1,0.725490196,0,0.058823529,0.196078431,0.019607843
389,0.917647059,0.082352941,0,0.01754386,0.122807018,0.280701754,0.578947368,1,0.714285714,0,0.017857143,0.160714286,0.107142857
390,0.939759036,0.060240964,0.017241379,0.034482759,0.120689655,0.310344828,0.517241379,1,0.709090909,0.018181818,0.018181818,0.181818182,0.072727273
391,0.939759036,0.060240964,0.037735849,0.018867925,0.018867925,0.377358491,0.547169811,1,0.677966102,0,0,0.169491525,0.152542373
392,0.917647059,0.082352941,0.019607843,0.019607843,0,0.431372549,0.529411765,1,0.672413793,0,0,0.189655172,0.137931034
393,0.896551724,0.103448276,0,0.018181818,0.090909091,0.345454545,0.545454545,1,0.740740741,0,0,0.185185185,0.074074074
394,0.928571429,0.071428571,0.017241379,0.068965517,0.120689655,0.275862069,0.517241379,1,0.690909091,0,0.018181818,0.2,0.090909091
395,0.917647059,0.082352941,0,0.055555556,0.074074074,0.444444444,0.425925926,1,0.698113208,0.056603774,0,0.245283019,0
396,0.987341772,0.012658228,0.197183099,0.014084507,0.098591549,0.197183099,0.492957746,1,0.534482759,0,0.034482759,0.293103448,0.137931034
397,0.906976744,0.093023256,0.1,0.583333333,0.066666667,0.033333333,0.216666667,1,0,0.01754386,0.280701754,0.596491228,0.105263158
398,0.876404494,0.123595506,0.018518519,0.740740741,0.055555556,0.018518519,0.166666667,1,0,0,0.384615385,0.576923077,0.038461538
399,0.876404494,0.123595506,0,0.8,0,0,0.2,1,0,0,0.425925926,0.5,0.074074074
400,0.886363636,0.113636364,0,0.8,0,0.02,0.18,1,0.019607843,0,0.490196078,0.470588235,0.019607843
401,0.962962963,0.037037037,0.034482759,0.672413793,0.103448276,0.103448276,0.086206897,1,0.053571429,0,0.232142857,0.607142857,0.107142857
402,0.906976744,0.093023256,0,0.76,0,0,0.24,1,0,0.047619048,0.301587302,0.492063492,0.158730159
403,0.939759036,0.060240964,0.019607843,0.725490196,0,0.058823529,0.196078431,1,0,0.076923077,0.261538462,0.507692308,0.153846154
404,0.962962963,0.037037037,0,0.111111111,0.074074074,0.351851852,0.462962963,1,0.614035088,0.052631579,0.070175439,0.192982456,0.070175439
405,0.917647059,0.082352941,0,0.050847458,0.152542373,0.203389831,0.593220339,1,0.678571429,0,0.053571429,0.160714286,0.107142857
406,0.917647059,0.082352941,0.041666667,0.027777778,0.263888889,0.083333333,0.583333333,1,0.74,0,0.08,0.18,0
407,0.975,0.025,0,0.78,0,0,0.22,1,0.014705882,0.073529412,0.264705882,0.455882353,0.191176471
408,0.906976744,0.093023256,0,0.8,0,0.02,0.18,1,0,0,0.338983051,0.508474576,0.152542373
409,0.917647059,0.082352941,0,0.754716981,0.056603774,0.056603774,0.132075472,1,0,0.014925373,0.119402985,0.626865672,0.23880597
410,0.928571429,0.071428571,0.038461538,0.75,0,0.076923077,0.134615385,1,0.047619048,0,0.174603175,0.571428571,0.206349206
411,0.939759036,0.060240964,0.049180328,0.639344262,0.131147541,0,0.180327869,1,0,0,0.216666667,0.616666667,0.166666667
412,0.951219512,0.048780488,0.016666667,0.633333333,0.15,0.05,0.15,1,0.092592593,0,0.259259259,0.574074074,0.074074074
413,0.951219512,0.048780488,0.048387097,0.64516129,0.14516129,0.048387097,0.112903226,1,0,0,0.326923077,0.634615385,0.038461538
414,1,0,0.101449275,0.579710145,0.173913043,0.043478261,0.101449275,1,0,0,0.269230769,0.692307692,0.038461538
415,0.962962963,0.037037037,0.084745763,0.610169492,0.06779661,0.101694915,0.13559322,1,0.037037037,0.037037037,0.333333333,0.555555556,0.037037037
416,0.939759036,0.060240964,0.016949153,0.627118644,0.13559322,0.06779661,0.152542373,1,0.034482759,0.051724138,0.224137931,0.603448276,0.086206897
417,0.939759036,0.060240964,0,0.701754386,0.122807018,0,0.175438596,1,0.048387097,0,0.177419355,0.580645161,0.193548387
418,0.928571429,0.071428571,0.038461538,0.730769231,0,0,0.230769231,1,0.066666667,0,0.3,0.466666667,0.166666667
419,0.939759036,0.060240964,0,0.644067797,0.152542373,0.084745763,0.118644068,1,0.055555556,0.055555556,0.259259259,0.611111111,0.018518519
420,0.962962963,0.037037037,0.049180328,0.62295082,0.131147541,0.06557377,0.131147541,1,0.054545455,0,0.254545455,0.6,0.090909091
421,0.906976744,0.093023256,0,0.703703704,0.074074074,0.018518519,0.203703704,1,0.016949153,0.033898305,0.288135593,0.542372881,0.118644068
422,0.951219512,0.048780488,0,0.745098039,0.019607843,0,0.235294118,1,0.03030303,0.045454545,0.257575758,0.46969697,0.196969697
423,0.987341772,0.012658228,0.038461538,0.730769231,0,0.076923077,0.153846154,1,0.066666667,0.033333333,0.316666667,0.45,0.133333333
424,0.896551724,0.103448276,0.038461538,0.75,0,0.019230769,0.192307692,1,0.038461538,0.019230769,0.442307692,0.480769231,0.019230769
425,0.917647059,0.082352941,0.055555556,0.722222222,0.018518519,0.055555556,0.148148148,1,0.06,0,0.44,0.5,0
426,0.987341772,0.012658228,0.118644068,0.661016949,0.033898305,0.033898305,0.152542373,1,0.018518519,0,0.407407407,0.5,0.074074074
427,0.917647059,0.082352941,0.070175439,0.684210526,0.052631579,0,0.192982456,1,0,0.019607843,0.470588235,0.509803922,0
428,0.917647059,0.082352941,0.081967213,0.590163934,0.098360656,0.032786885,0.196721311,1,0,0.038461538,0.384615385,0.576923077,0
429,0.939759036,0.060240964,0.06779661,0.661016949,0.084745763,0.050847458,0.13559322,1,0,0.038461538,0.384615385,0.576923077,0
430,0.906976744,0.093023256,0.01754386,0.684210526,0.105263158,0,0.192982456,1,0.019230769,0.019230769,0.403846154,0.538461538,0.019230769
431,0.951219512,0.048780488,0.018867925,0.075471698,0.037735849,0.396226415,0.471698113,1,0.684210526,0,0,0.192982456,0.122807018
432,0.951219512,0.048780488,0.056603774,0.037735849,0,0.41509434,0.490566038,1,0.616666667,0.016666667,0,0.216666667,0.15
433,0.939759036,0.060240964,0.019607843,0.019607843,0,0.37254902,0.588235294,1,0.65,0.033333333,0.05,0.133333333,0.133333333
434,0.917647059,0.082352941,0.019607843,0.784313725,0,0.039215686,0.156862745,1,0.058823529,0,0.470588235,0.450980392,0.019607843
435,0.917647059,0.082352941,0.053571429,0.696428571,0.053571429,0.035714286,0.160714286,1,0.06,0,0.42,0.52,0
436,0.939759036,0.060240964,0,0.603773585,0.056603774,0.037735849,0.301886792,1,0.03125,0.1875,0.3125,0.4375,0.03125
437,0.928571429,0.071428571,0.072727273,0.727272727,0.018181818,0.036363636,0.145454545,1,0,0,0.442307692,0.519230769,0.038461538
438,0.896551724,0.103448276,0,0.8,0,0.02,0.18,1,0.037735849,0,0.433962264,0.471698113,0.056603774
439,0.906976744,0.093023256,0,0.8,0,0.06,0.14,1,0.036363636,0,0.363636364,0.509090909,0.090909091
440,0.939759036,0.060240964,0,0.769230769,0.038461538,0.096153846,0.096153846,1,0.016129032,0.032258065,0.209677419,0.580645161,0.161290323
441,0.928571429,0.071428571,0,0.784313725,0.019607843,0.019607843,0.176470588,1,0.030769231,0,0.2,0.538461538,0.230769231
442,0.906976744,0.093023256,0.05,0.633333333,0.116666667,0.033333333,0.166666667,1,0.016666667,0,0.15,0.666666667,0.166666667
443,0.962962963,0.037037037,0.01754386,0.631578947,0.105263158,0.01754386,0.228070175,1,0.101694915,0.033898305,0.271186441,0.474576271,0.118644068
444,0.928571429,0.071428571,0.107142857,0.642857143,0,0.035714286,0.214285714,1,0,0.016949153,0.322033898,0.525423729,0.13559322
445,0.917647059,0.082352941,0.087719298,0.631578947,0.035087719,0.052631579,0.192982456,1,0.058823529,0,0.411764706,0.509803922,0.019607843
446,0.928571429,0.071428571,0,0.666666667,0.122807018,0.01754386,0.192982456,1,0.070175439,0.01754386,0.263157895,0.543859649,0.105263158
447,0.975,0.025,0.03030303,0.045454545,0.212121212,0.151515152,0.560606061,1,0.631578947,0.070175439,0.070175439,0.175438596,0.052631579
448,0.962962963,0.037037037,0,0.014925373,0.253731343,0.059701493,0.671641791,1,0.677966102,0.050847458,0.06779661,0.101694915,0.101694915
449,1,0,0.048387097,0.032258065,0.14516129,0.112903226,0.661290323,1,0.478873239,0.112676056,0.028169014,0.197183099,0.183098592
450,0.951219512,0.048780488,0.053571429,0.089285714,0.053571429,0.285714286,0.517857143,1,0.649122807,0.01754386,0.052631579,0.175438596,0.105263158
451,0.939759036,0.060240964,0.055555556,0.018518519,0.018518519,0.259259259,0.648148148,1,0.619047619,0.015873016,0.031746032,0.142857143,0.19047619
452,0.896551724,0.103448276,0,0,0.019607843,0.37254902,0.607843137,1,0.661016949,0.033898305,0.016949153,0.169491525,0.118644068
453,0.928571429,0.071428571,0.019607843,0,0,0.37254902,0.607843137,1,0.587301587,0.079365079,0.031746032,0.174603175,0.126984127
454,0.975,0.025,0,0.056603774,0.056603774,0.320754717,0.566037736,1,0.619047619,0.063492063,0.015873016,0.158730159,0.142857143
455,0.962962963,0.037037037,0.014925373,0.029850746,0.23880597,0.179104478,0.537313433,1,0.75,0.038461538,0.057692308,0.153846154,0
456,0.939759036,0.060240964,0.045454545,0.03030303,0.196969697,0.166666667,0.560606061,1,0.690909091,0.018181818,0.018181818,0.2,0.072727273
457,0.939759036,0.060240964,0.016949153,0.033898305,0.13559322,0.305084746,0.508474576,1,0.709090909,0.018181818,0,0.2,0.072727273
458,0.917647059,0.082352941,0,0,0.074074074,0.240740741,0.685185185,1,0.59375,0.0625,0.03125,0.15625,0.15625
459,0.886363636,0.113636364,0,0,0.090909091,0.290909091,0.618181818,1,0.696428571,0.017857143,0.035714286,0.160714286,0.089285714
460,0.939759036,0.060240964,0.035714286,0.678571429,0.071428571,0.071428571,0.142857143,1,0.037037037,0.037037037,0.351851852,0.537037037,0.037037037
461,0.939759036,0.060240964,0,0.649122807,0.122807018,0,0.228070175,1,0.115384615,0.019230769,0.403846154,0.442307692,0.019230769
462,0.951219512,0.048780488,0.05,0.666666667,0.116666667,0,0.166666667,1,0.018518519,0,0.351851852,0.555555556,0.074074074
463,0.962962963,0.037037037,0,0.655172414,0.137931034,0,0.206896552,1,0.080645161,0.016129032,0.193548387,0.532258065,0.177419355
464,0.951219512,0.048780488,0.017857143,0.714285714,0.089285714,0.035714286,0.142857143,1,0.05,0,0.216666667,0.566666667,0.166666667
465,0.939759036,0.060240964,0.090909091,0.672727273,0,0.036363636,0.2,1,0.032786885,0,0.262295082,0.524590164,0.180327869
466,0.939759036,0.060240964,0.051724138,0.672413793,0.086206897,0,0.189655172,1,0.017241379,0.017241379,0.293103448,0.551724138,0.120689655
467,0.939759036,0.060240964,0.06557377,0.098360656,0.114754098,0.245901639,0.475409836,1,0.7,0,0.12,0.18,0
468,0.962962963,0.037037037,0.092307692,0.430769231,0.138461538,0,0.338461538,1,0.230769231,0,0.346153846,0.384615385,0.038461538
469,0.939759036,0.060240964,0.050847458,0.593220339,0.101694915,0,0.254237288,1,0.137254902,0.019607843,0.411764706,0.431372549,0
470,0.896551724,0.103448276,0,0.62962963,0.074074074,0.037037037,0.259259259,1,0.132075472,0.037735849,0.358490566,0.452830189,0.018867925
471,0.906976744,0.093023256,0.036363636,0,0.054545455,0.381818182,0.527272727,1,0.75,0.019230769,0.057692308,0.153846154,0.019230769
472,0.917647059,0.082352941,0,0.019230769,0.038461538,0.365384615,0.576923077,1,0.709090909,0.072727273,0.090909091,0.109090909,0.018181818
473,0.951219512,0.048780488,0,0.016393443,0.180327869,0.213114754,0.590163934,1,0.661016949,0.06779661,0.016949153,0.169491525,0.084745763
474,0.951219512,0.048780488,0,0.037037037,0.074074074,0.296296296,0.592592593,1,0.62295082,0.081967213,0.049180328,0.147540984,0.098360656
475,0.962962963,0.037037037,0.074074074,0.055555556,0,0.388888889,0.481481481,1,0.637931034,0.034482759,0.034482759,0.189655172,0.103448276
476,0.962962963,0.037037037,0.083333333,0.083333333,0.083333333,0.233333333,0.516666667,1,0.484375,0.078125,0.015625,0.28125,0.140625
477,0.939759036,0.060240964,0.133333333,0.033333333,0.033333333,0.216666667,0.583333333,1,0.586206897,0,0.103448276,0.172413793,0.137931034
478,0.962962963,0.037037037,0.01754386,0,0.105263158,0.350877193,0.526315789,1,0.548387097,0.177419355,0.032258065,0.225806452,0.016129032
479,0.917647059,0.082352941,0.017241379,0.034482759,0.120689655,0.327586207,0.5,1,0.764705882,0,0.039215686,0.176470588,0.019607843
480,0.896551724,0.103448276,0,0.053571429,0.107142857,0.285714286,0.553571429,1,0.730769231,0,0.076923077,0.153846154,0.038461538
481,0.962962963,0.037037037,0.052631579,0,0.070175439,0.350877193,0.526315789,1,0.684210526,0.052631579,0.035087719,0.157894737,0.070175439
482,0.975,0.025,0.019607843,0,0,0.235294118,0.745098039,1,0.549295775,0.084507042,0.042253521,0.112676056,0.211267606
483,0.939759036,0.060240964,0.016949153,0.084745763,0.13559322,0.271186441,0.491525424,1,0.730769231,0.019230769,0.057692308,0.173076923,0.019230769
484,0.896551724,0.103448276,0.037735849,0.037735849,0.018867925,0.283018868,0.622641509,1,0.709090909,0,0.090909091,0.109090909,0.090909091
485,0.928571429,0.071428571,0.056603774,0.075471698,0,0.301886792,0.566037736,1,0.627118644,0,0.050847458,0.169491525,0.152542373
486,0.975,0.025,0.079365079,0.031746032,0.126984127,0.317460317,0.444444444,1,0.745098039,0,0.039215686,0.196078431,0.019607843
487,0.928571429,0.071428571,0.054545455,0.036363636,0.036363636,0.381818182,0.490909091,1,0.703703704,0.018518519,0.037037037,0.185185185,0.055555556
488,0.917647059,0.082352941,0.056603774,0,0,0.377358491,0.566037736,1,0.727272727,0.018181818,0.054545455,0.127272727,0.072727273
489,0.917647059,0.082352941,0.019607843,0.058823529,0,0.450980392,0.470588235,1,0.722222222,0.018518519,0.018518519,0.185185185,0.055555556
490,0.962962963,0.037037037,0.053571429,0.035714286,0.053571429,0.232142857,0.625,1,0.603174603,0.047619048,0.047619048,0.142857143,0.158730159
491,0.939759036,0.060240964,0.019607843,0,0,0.431372549,0.549019608,1,0.666666667,0.033333333,0,0.166666667,0.133333333
492,0.939759036,0.060240964,0,0.019607843,0.019607843,0.431372549,0.529411765,1,0.65,0.066666667,0,0.183333333,0.1
493,0.939759036,0.060240964,0,0.08,0,0.34,0.58,1,0.637931034,0.068965517,0.120689655,0.103448276,0.068965517
494,0.975,0.025,0.019230769,0.019230769,0.019230769,0.423076923,0.519230769,1,0.571428571,0.126984127,0.031746032,0.19047619,0.079365079
495,0.987341772,0.012658228,0,0.076923077,0.038461538,0.230769231,0.653846154,1,0.52173913,0.101449275,0.057971014,0.144927536,0.173913043
496,0.928571429,0.071428571,0,0.722222222,0.074074074,0,0.203703704,1,0.017241379,0.068965517,0.344827586,0.5,0.068965517
497,0.917647059,0.082352941,0.01754386,0.666666667,0.105263158,0.035087719,0.175438596,1,0.053571429,0.017857143,0.267857143,0.571428571,0.089285714
498,0.928571429,0.071428571,0.035087719,0.701754386,0.087719298,0.035087719,0.140350877,1,0,0.018181818,0.327272727,0.581818182,0.072727273
499,0.975,0.025,0.102941176,0.573529412,0.161764706,0.044117647,0.117647059,1,0,0,0.222222222,0.703703704,0.074074074
500,1,0,0.137931034,0.637931034,0,0.068965517,0.155172414,1,0.032258065,0,0.241935484,0.532258065,0.193548387
501,0.962962963,0.037037037,0.147540984,0.573770492,0.032786885,0.032786885,0.213114754,1,0.016393443,0,0.245901639,0.557377049,0.180327869
502,0.939759036,0.060240964,0.016949153,0.677966102,0.13559322,0,0.169491525,1,0.035087719,0,0.263157895,0.578947368,0.122807018
503,0.917647059,0.082352941,0.01754386,0.666666667,0.105263158,0.035087719,0.175438596,1,0.018867925,0.018867925,0.377358491,0.547169811,0.037735849
504,0.917647059,0.082352941,0.018518519,0.703703704,0.055555556,0.018518519,0.203703704,1,0.092592593,0,0.351851852,0.481481481,0.074074074
505,0.917647059,0.082352941,0,0.666666667,0.074074074,0,0.259259259,1,0.105263158,0.035087719,0.315789474,0.456140351,0.087719298
506,0.896551724,0.103448276,0.018181818,0.672727273,0.072727273,0,0.236363636,1,0.017857143,0.053571429,0.357142857,0.517857143,0.053571429
507,0.951219512,0.048780488,0.053571429,0.660714286,0.053571429,0.017857143,0.214285714,1,0.01754386,0.087719298,0.385964912,0.473684211,0.035087719
508,0.962962963,0.037037037,0.016949153,0.661016949,0.13559322,0.050847458,0.13559322,1,0.055555556,0.055555556,0.314814815,0.555555556,0.018518519
509,0.917647059,0.082352941,0.054545455,0.690909091,0.036363636,0.018181818,0.2,1,0.01754386,0.01754386,0.333333333,0.526315789,0.105263158
510,0.975,0.025,0.055555556,0.5,0.018518519,0.12962963,0.296296296,1,0.24137931,0.017241379,0.275862069,0.344827586,0.120689655
511,0.975,0.025,0.107142857,0.446428571,0,0.178571429,0.267857143,1,0.254237288,0,0.186440678,0.406779661,0.152542373
512,0.928571429,0.071428571,0.038461538,0.057692308,0,0.403846154,0.5,1,0.672727273,0.018181818,0.072727273,0.163636364,0.072727273
513,0.928571429,0.071428571,0.086206897,0.034482759,0.051724138,0.327586207,0.5,1,0.685185185,0,0.037037037,0.203703704,0.074074074
514,0.962962963,0.037037037,0.037735849,0.018867925,0.018867925,0.320754717,0.603773585,1,0.62295082,0.049180328,0.081967213,0.114754098,0.131147541
515,0.962962963,0.037037037,0.06557377,0,0.114754098,0.295081967,0.524590164,1,0.696428571,0.035714286,0.017857143,0.178571429,0.071428571
516,0.975,0.025,0.035714286,0.035714286,0.071428571,0.25,0.607142857,1,0.578125,0.0625,0.046875,0.15625,0.15625
517,0.928571429,0.071428571,0.054545455,0,0.036363636,0.272727273,0.636363636,1,0.569230769,0.046153846,0,0.2,0.184615385
518,0.962962963,0.037037037,0.075757576,0.015151515,0.166666667,0.212121212,0.53030303,1,0.716981132,0.018867925,0.056603774,0.169811321,0.037735849
519,0.917647059,0.082352941,0.064516129,0,0.129032258,0.080645161,0.725806452,1,0.644067797,0,0.118644068,0.084745763,0.152542373
520,0.917647059,0.082352941,0.037735849,0.075471698,0.018867925,0.377358491,0.490566038,1,0.698113208,0.018867925,0.075471698,0.169811321,0.037735849
521,0.906976744,0.093023256,0.019607843,0.039215686,0,0.470588235,0.470588235,1,0.769230769,0.019230769,0.019230769,0.173076923,0.019230769
522,0.962962963,0.037037037,0.034482759,0.034482759,0.103448276,0.310344828,0.517241379,1,0.672413793,0.051724138,0,0.189655172,0.086206897
523,0.951219512,0.048780488,0.051724138,0.603448276,0.086206897,0.068965517,0.189655172,1,0.107142857,0,0.267857143,0.517857143,0.107142857
524,0.951219512,0.048780488,0,0.131147541,0.180327869,0.295081967,0.393442623,1,0.7,0,0.04,0.26,0
525,0.939759036,0.060240964,0.052631579,0.684210526,0.070175439,0.052631579,0.140350877,1,0.018518519,0.037037037,0.351851852,0.555555556,0.037037037
526,0.886363636,0.113636364,0,0,0.019607843,0.450980392,0.529411765,1,0.735849057,0.056603774,0.037735849,0.169811321,0
527,0.886363636,0.113636364,0,0,0.074074074,0.351851852,0.574074074,1,0.735849057,0.056603774,0.056603774,0.150943396,0
528,0.886363636,0.113636364,0,0.018867925,0.056603774,0.433962264,0.490566038,1,0.716981132,0.056603774,0,0.226415094,0
529,0.886363636,0.113636364,0,0,0.122807018,0.315789474,0.561403509,1,0.769230769,0.038461538,0.019230769,0.173076923,0
530,0.866666667,0.133333333,0,0,0.019607843,0.470588235,0.509803922,1,0.8,0,0.02,0.18,0
531,0.886363636,0.113636364,0,0.018867925,0.056603774,0.433962264,0.490566038,1,0.784313725,0,0,0.196078431,0.019607843
532,0.906976744,0.093023256,0.034482759,0.017241379,0.103448276,0.293103448,0.551724138,1,0.730769231,0,0.076923077,0.153846154,0.038461538
533,0.896551724,0.103448276,0,0.033898305,0.152542373,0.271186441,0.542372881,1,0.745098039,0.019607843,0.058823529,0.176470588,0
534,0.987341772,0.012658228,0.084745763,0.016949153,0.06779661,0.271186441,0.559322034,1,0.629032258,0.032258065,0,0.177419355,0.161290323
535,0.987341772,0.012658228,0.109375,0.03125,0.109375,0.15625,0.59375,1,0.571428571,0.031746032,0.031746032,0.19047619,0.174603175
536,1,0,0.114754098,0.016393443,0.06557377,0.295081967,0.508196721,1,0.523809524,0.095238095,0.031746032,0.238095238,0.111111111
537,0.928571429,0.071428571,0.046153846,0.030769231,0.184615385,0.138461538,0.6,1,0.642857143,0.035714286,0.071428571,0.178571429,0.071428571
538,0.962962963,0.037037037,0.032258065,0.080645161,0.161290323,0.161290323,0.564516129,1,0.557377049,0.049180328,0.049180328,0.213114754,0.131147541
539,0.951219512,0.048780488,0.037037037,0.055555556,0.037037037,0.407407407,0.462962963,1,0.593220339,0.084745763,0.016949153,0.237288136,0.06779661
540,0.962962963,0.037037037,0.068965517,0.034482759,0.068965517,0.327586207,0.5,1,0.573770492,0.06557377,0,0.245901639,0.114754098
541,0.951219512,0.048780488,0.017857143,0.660714286,0.089285714,0.035714286,0.196428571,1,0.051724138,0.051724138,0.310344828,0.5,0.086206897
542,0.975,0.025,0.019230769,0.096153846,0.019230769,0.384615385,0.480769231,1,0.616666667,0.05,0.033333333,0.183333333,0.116666667
543,0.975,0.025,0.089285714,0.053571429,0.017857143,0.446428571,0.392857143,1,0.654545455,0.018181818,0.018181818,0.236363636,0.072727273
544,0.906976744,0.093023256,0.01754386,0.01754386,0.105263158,0.315789474,0.543859649,1,0.75,0,0.057692308,0.153846154,0.038461538
545,0.886363636,0.113636364,0.018518519,0,0.055555556,0.425925926,0.5,1,0.8,0,0.02,0.18,0
546,0.886363636,0.113636364,0.019607843,0,0,0.490196078,0.490196078,1,0.784313725,0,0.019607843,0.176470588,0.019607843
547,0.906976744,0.093023256,0.019230769,0,0.019230769,0.346153846,0.615384615,1,0.666666667,0.016666667,0,0.166666667,0.15
548,0.906976744,0.093023256,0.019607843,0,0,0.431372549,0.549019608,1,0.727272727,0.018181818,0.036363636,0.145454545,0.072727273
549,0.928571429,0.071428571,0.1,0.016666667,0.066666667,0.333333333,0.483333333,1,0.698113208,0,0.018867925,0.226415094,0.056603774
550,0.928571429,0.071428571,0,0,0.152542373,0.237288136,0.610169492,1,0.65,0.066666667,0,0.183333333,0.1
551,0.939759036,0.060240964,0,0.051724138,0.137931034,0.275862069,0.534482759,1,0.672727273,0.072727273,0.072727273,0.163636364,0.018181818
552,0.928571429,0.071428571,0,0.017857143,0.107142857,0.339285714,0.535714286,1,0.722222222,0.074074074,0.055555556,0.148148148,0
553,0.917647059,0.082352941,0,0.016949153,0.152542373,0.288135593,0.542372881,1,0.754716981,0.037735849,0.018867925,0.169811321,0.018867925
554,0.962962963,0.037037037,0.036363636,0,0.054545455,0.363636364,0.545454545,1,0.6,0.116666667,0.066666667,0.166666667,0.05
555,0.886363636,0.113636364,0.034482759,0,0.103448276,0.327586207,0.534482759,1,0.78,0,0.04,0.18,0
556,0.906976744,0.093023256,0.034482759,0.017241379,0.103448276,0.293103448,0.551724138,1,0.735849057,0,0.037735849,0.169811321,0.056603774
557,0.951219512,0.048780488,0.105263158,0.052631579,0.01754386,0.403508772,0.421052632,1,0.589285714,0.071428571,0.035714286,0.267857143,0.035714286
558,0.939759036,0.060240964,0.037037037,0,0.037037037,0.37037037,0.555555556,1,0.620689655,0.120689655,0.086206897,0.155172414,0.017241379
559,0.906976744,0.093023256,0,0.175438596,0.122807018,0.175438596,0.526315789,1,0.563636364,0.036363636,0.127272727,0.218181818,0.054545455
560,0.975,0.025,0,0.072727273,0.090909091,0.345454545,0.490909091,1,0.678571429,0.071428571,0.071428571,0.142857143,0.035714286
561,0.951219512,0.048780488,0.018518519,0,0.055555556,0.425925926,0.5,1,0.6,0.133333333,0.016666667,0.216666667,0.033333333
562,0.939759036,0.060240964,0,0.1,0,0.48,0.42,1,0.620689655,0.051724138,0,0.24137931,0.086206897
563,0.939759036,0.060240964,0,0.038461538,0.038461538,0.326923077,0.596153846,1,0.62295082,0.081967213,0.049180328,0.147540984,0.098360656
564,0.917647059,0.082352941,0.052631579,0.01754386,0.070175439,0.368421053,0.49122807,1,0.716981132,0.018867925,0.018867925,0.20754717,0.037735849
565,0.975,0.025,0.032258065,0.016129032,0.161290323,0.258064516,0.532258065,1,0.690909091,0.072727273,0.072727273,0.145454545,0.018181818
566,0.975,0.025,0.081967213,0.032786885,0.098360656,0.327868852,0.459016393,1,0.654545455,0.036363636,0.036363636,0.218181818,0.054545455
567,0.987341772,0.012658228,0.060606061,0.03030303,0.181818182,0.287878788,0.439393939,1,0.8,0,0,0.2,0
568,0.962962963,0.037037037,0.079365079,0,0.126984127,0.301587302,0.492063492,1,0.764705882,0,0.058823529,0.156862745,0.019607843
569,0.987341772,0.012658228,0.067567568,0,0.256756757,0.108108108,0.567567568,1,0.722222222,0.037037037,0.037037037,0.166666667,0.037037037
570,1,0,0.106666667,0.013333333,0.226666667,0.093333333,0.56,1,0.711538462,0.019230769,0.115384615,0.134615385,0.019230769
571,0.962962963,0.037037037,0.061538462,0.015384615,0.169230769,0.138461538,0.615384615,1,0.6,0.066666667,0.066666667,0.166666667,0.1
572,0.917647059,0.082352941,0,0.722222222,0.074074074,0,0.203703704,1,0.036363636,0.036363636,0.381818182,0.490909091,0.054545455
573,0.906976744,0.093023256,0.01754386,0.701754386,0.105263158,0.01754386,0.157894737,1,0,0,0.384615385,0.576923077,0.038461538
574,0.876404494,0.123595506,0,0.709090909,0.090909091,0.072727273,0.127272727,1,0,0.035714286,0.232142857,0.660714286,0.071428571
575,0.917647059,0.082352941,0.032258065,0.596774194,0.161290323,0.064516129,0.14516129,1,0.037735849,0.018867925,0.245283019,0.660377358,0.037735849
576,0.975,0.025,0.032786885,0.655737705,0.147540984,0,0.163934426,1,0.035714286,0.017857143,0.303571429,0.553571429,0.089285714
577,0.962962963,0.037037037,0.096774194,0,0.096774194,0.161290323,0.64516129,1,0.619047619,0,0.015873016,0.158730159,0.206349206
578,0.906976744,0.093023256,0.018867925,0.037735849,0.037735849,0.339622642,0.566037736,1,0.709090909,0,0.054545455,0.145454545,0.090909091
579,0.906976744,0.093023256,0,0.036363636,0.090909091,0.363636364,0.509090909,1,0.754716981,0,0,0.188679245,0.056603774
580,0.928571429,0.071428571,0,0.038461538,0.038461538,0.442307692,0.480769231,1,0.722222222,0.018518519,0.037037037,0.166666667,0.055555556
581,0.928571429,0.071428571,0,0.035087719,0.122807018,0.333333333,0.50877193,1,0.769230769,0,0.038461538,0.153846154,0.038461538
582,0.951219512,0.048780488,0,0.145454545,0.090909091,0.309090909,0.454545455,1,0.586206897,0.051724138,0.034482759,0.24137931,0.086206897
583,0.951219512,0.048780488,0,0.090909091,0.090909091,0.254545455,0.563636364,1,0.661016949,0,0.033898305,0.152542373,0.152542373
584,0.896551724,0.103448276,0.019230769,0,0.019230769,0.442307692,0.519230769,1,0.722222222,0,0.018518519,0.185185185,0.074074074
585,0.896551724,0.103448276,0.036363636,0.054545455,0.054545455,0.309090909,0.545454545,1,0.660714286,0,0.017857143,0.214285714,0.107142857
586,0.896551724,0.103448276,0.070175439,0.01754386,0.052631579,0.245614035,0.614035088,1,0.666666667,0,0.035087719,0.175438596,0.122807018
587,0.962962963,0.037037037,0.068965517,0.017241379,0.068965517,0.293103448,0.551724138,1,0.590163934,0.06557377,0.032786885,0.196721311,0.114754098
588,0.917647059,0.082352941,0.064516129,0.048387097,0.129032258,0.048387097,0.709677419,1,0.555555556,0.031746032,0.079365079,0.158730159,0.174603175
589,0.962962963,0.037037037,0.047619048,0.047619048,0.158730159,0.111111111,0.634920635,1,0.655172414,0.017241379,0.103448276,0.103448276,0.120689655
590,0.917647059,0.082352941,0,0,0.166666667,0.216666667,0.616666667,1,0.701754386,0.035087719,0.01754386,0.157894737,0.087719298
591,0.928571429,0.071428571,0.049180328,0.016393443,0.131147541,0.196721311,0.606557377,1,0.689655172,0,0,0.172413793,0.137931034
592,0.939759036,0.060240964,0.016129032,0.161290323,0.177419355,0.209677419,0.435483871,1,0.653846154,0.019230769,0.038461538,0.269230769,0.019230769
593,0.917647059,0.082352941,0,0,0.180327869,0.180327869,0.639344262,1,0.661016949,0.033898305,0.016949153,0.169491525,0.118644068
594,0.987341772,0.012658228,0.117647059,0.529411765,0.147058824,0.044117647,0.161764706,1,0.019607843,0.019607843,0.352941176,0.607843137,0
595,0.962962963,0.037037037,0.051724138,0.655172414,0.086206897,0.086206897,0.120689655,1,0.038461538,0.019230769,0.384615385,0.538461538,0.019230769
596,1,0,0.034482759,0.586206897,0.103448276,0.137931034,0.137931034,1,0.101694915,0.084745763,0.220338983,0.525423729,0.06779661
597,0.975,0.025,0.051724138,0.603448276,0.086206897,0.068965517,0.189655172,1,0.033898305,0.118644068,0.305084746,0.508474576,0.033898305
598,0.975,0.025,0.017857143,0.678571429,0.089285714,0,0.214285714,1,0.035087719,0.105263158,0.403508772,0.438596491,0.01754386
599,0.962962963,0.037037037,0,0.690909091,0.090909091,0.018181818,0.2,1,0.053571429,0.089285714,0.392857143,0.446428571,0.017857143
600,0.939759036,0.060240964,0,0.672727273,0.090909091,0.072727273,0.163636364,1,0.089285714,0.017857143,0.285714286,0.517857143,0.089285714
601,0.987341772,0.012658228,0.114754098,0.639344262,0.06557377,0.06557377,0.114754098,1,0,0.018867925,0.377358491,0.566037736,0.037735849
602,0.906976744,0.093023256,0.037037037,0.740740741,0.037037037,0.037037037,0.148148148,1,0.04,0,0.44,0.52,0
603,0.928571429,0.071428571,0.070175439,0.684210526,0.052631579,0.035087719,0.157894737,1,0,0.019607843,0.450980392,0.529411765,0
604,0.917647059,0.082352941,0,0.701754386,0.122807018,0.01754386,0.157894737,1,0.038461538,0,0.365384615,0.557692308,0.038461538
605,0.928571429,0.071428571,0,0.593220339,0.152542373,0.016949153,0.237288136,1,0.079365079,0.047619048,0.142857143,0.571428571,0.158730159
606,0.939759036,0.060240964,0.081081081,0.405405405,0.243243243,0.067567568,0.202702703,1,0.070175439,0.052631579,0.052631579,0.754385965,0.070175439
607,0.939759036,0.060240964,0,0.6,0.166666667,0.05,0.183333333,1,0.122807018,0,0.175438596,0.578947368,0.122807018
608,0.928571429,0.071428571,0.017241379,0.672413793,0.120689655,0,0.189655172,1,0,0.042857143,0.071428571,0.642857143,0.242857143
609,0.939759036,0.060240964,0.03125,0.5625,0.1875,0.0625,0.15625,1,0.064516129,0.032258065,0.048387097,0.693548387,0.161290323
610,0.939759036,0.060240964,0.015625,0.609375,0.203125,0.015625,0.15625,1,0.076923077,0,0.25,0.634615385,0.038461538
611,0.975,0.025,0.032258065,0.612903226,0.161290323,0.064516129,0.129032258,1,0.115384615,0,0.269230769,0.576923077,0.038461538
612,0.896551724,0.103448276,0.017241379,0.603448276,0.120689655,0,0.25862069,1,0.074074074,0.055555556,0.333333333,0.518518519,0.018518519
613,0.928571429,0.071428571,0.070175439,0.543859649,0.052631579,0,0.333333333,1,0.016393443,0.131147541,0.360655738,0.442622951,0.049180328
614,0.951219512,0.048780488,0.018181818,0.709090909,0.072727273,0.018181818,0.181818182,1,0.06557377,0,0.229508197,0.524590164,0.180327869
615,0.906976744,0.093023256,0.055555556,0.722222222,0.018518519,0.055555556,0.148148148,1,0.019607843,0,0.431372549,0.529411765,0.019607843
616,0.917647059,0.082352941,0,0.716981132,0.056603774,0.018867925,0.20754717,1,0.078431373,0,0.470588235,0.431372549,0.019607843
617,0.939759036,0.060240964,0,0.647058824,0.019607843,0.019607843,0.31372549,1,0.015873016,0.158730159,0.380952381,0.396825397,0.047619048
618,0.906976744,0.093023256,0,0.703703704,0.074074074,0,0.222222222,1,0,0.068965517,0.344827586,0.517241379,0.068965517
619,0.928571429,0.071428571,0.037735849,0.660377358,0.018867925,0.018867925,0.264150943,1,0.016129032,0.080645161,0.322580645,0.467741935,0.112903226
620,0.928571429,0.071428571,0,0.78,0,0.02,0.2,1,0,0.083333333,0.366666667,0.466666667,0.083333333
621,0.876404494,0.123595506,0,0.727272727,0.090909091,0.036363636,0.145454545,1,0,0,0.37254902,0.607843137,0.019607843
622,0.928571429,0.071428571,0,0.684210526,0.122807018,0.01754386,0.175438596,1,0,0.070175439,0.315789474,0.561403509,0.052631579
623,0.928571429,0.071428571,0.103448276,0.534482759,0.034482759,0.051724138,0.275862069,1,0.055555556,0.074074074,0.425925926,0.444444444,0
624,0.962962963,0.037037037,0.064516129,0.596774194,0.129032258,0.064516129,0.14516129,1,0.035714286,0.035714286,0.25,0.607142857,0.071428571
625,0.962962963,0.037037037,0.114285714,0.5,0.171428571,0.014285714,0.2,1,0,0.037037037,0.277777778,0.648148148,0.037037037
626,0.928571429,0.071428571,0.117647059,0.544117647,0.147058824,0,0.191176471,1,0,0,0.31372549,0.666666667,0.019607843
627,0.917647059,0.082352941,0.017241379,0.672413793,0.120689655,0.034482759,0.155172414,1,0.06,0,0.38,0.56,0
628,0.962962963,0.037037037,0,0.655737705,0.180327869,0.016393443,0.147540984,1,0,0.087719298,0.280701754,0.596491228,0.035087719
629,0.987341772,0.012658228,0.06779661,0.610169492,0.084745763,0.050847458,0.186440678,1,0,0.092307692,0.215384615,0.553846154,0.138461538
630,0.939759036,0.060240964,0.019230769,0.673076923,0.019230769,0.096153846,0.192307692,1,0.109090909,0.054545455,0.363636364,0.436363636,0.036363636
631,0.962962963,0.037037037,0.056603774,0.735849057,0,0.056603774,0.150943396,1,0,0.051724138,0.379310345,0.482758621,0.086206897
632,0.939759036,0.060240964,0.105263158,0.614035088,0.01754386,0.01754386,0.245614035,1,0.034482759,0.034482759,0.344827586,0.482758621,0.103448276
633,0.939759036,0.060240964,0.018518519,0.648148148,0.055555556,0.018518519,0.259259259,1,0.148148148,0.018518519,0.388888889,0.388888889,0.055555556
634,0.939759036,0.060240964,0,0.722222222,0.074074074,0.055555556,0.148148148,1,0.01754386,0.052631579,0.333333333,0.526315789,0.070175439
635,0.928571429,0.071428571,0.056603774,0.622641509,0,0.113207547,0.20754717,1,0.033898305,0.084745763,0.322033898,0.491525424,0.06779661
636,0.928571429,0.071428571,0,0.705882353,0.019607843,0.176470588,0.098039216,1,0.016129032,0.080645161,0.209677419,0.580645161,0.112903226
637,0.939759036,0.060240964,0,0.660714286,0.107142857,0,0.232142857,1,0.066666667,0.05,0.266666667,0.5,0.116666667
638,0.951219512,0.048780488,0.01754386,0.614035088,0.105263158,0.105263158,0.157894737,1,0.030769231,0.092307692,0.138461538,0.6,0.138461538
639,1,0,0.052631579,0.684210526,0.070175439,0.070175439,0.122807018,1,0.063492063,0.015873016,0.174603175,0.555555556,0.19047619
640,0.975,0.025,0.016393443,0.62295082,0.163934426,0.016393443,0.180327869,1,0.090909091,0.018181818,0.290909091,0.527272727,0.072727273
641,0.917647059,0.082352941,0,0.701754386,0.122807018,0,0.175438596,1,0.019230769,0,0.403846154,0.538461538,0.038461538
642,0.928571429,0.071428571,0,0.7,0,0,0.3,1,0.105263158,0.052631579,0.421052632,0.350877193,0.070175439
643,0.975,0.025,0.019607843,0.745098039,0,0.058823529,0.176470588,1,0.101694915,0.016949153,0.322033898,0.423728814,0.13559322
644,0.962962963,0.037037037,0.019230769,0.730769231,0.019230769,0.057692308,0.173076923,1,0.086206897,0.017241379,0.327586207,0.448275862,0.120689655
645,0.939759036,0.060240964,0.050847458,0.661016949,0.101694915,0.050847458,0.13559322,1,0.039215686,0,0.37254902,0.568627451,0.019607843
646,0.962962963,0.037037037,0.03125,0.625,0.1875,0,0.15625,1,0,0.034482759,0.224137931,0.637931034,0.103448276
647,0.906976744,0.093023256,0.017241379,0.689655172,0.120689655,0.034482759,0.137931034,1,0.035087719,0,0.192982456,0.649122807,0.122807018
648,0.917647059,0.082352941,0.017857143,0.053571429,0.089285714,0.321428571,0.517857143,1,0.660714286,0.017857143,0.017857143,0.214285714,0.089285714
649,0.951219512,0.048780488,0.032258065,0.096774194,0.161290323,0.14516129,0.564516129,1,0.666666667,0,0.12962963,0.12962963,0.074074074
650,0.939759036,0.060240964,0.051724138,0.068965517,0.086206897,0.224137931,0.568965517,1,0.610169492,0,0.050847458,0.186440678,0.152542373
651,0.975,0.025,0.06779661,0.610169492,0.084745763,0.084745763,0.152542373,1,0.111111111,0,0.296296296,0.518518519,0.074074074
652,0.939759036,0.060240964,0,0.678571429,0.107142857,0.017857143,0.196428571,1,0.107142857,0,0.285714286,0.5,0.107142857
653,0.975,0.025,0.087719298,0.631578947,0.035087719,0.087719298,0.157894737,1,0.034482759,0.051724138,0.310344828,0.517241379,0.086206897
654,0.917647059,0.082352941,0,0.78,0,0,0.22,1,0.016129032,0.048387097,0.306451613,0.483870968,0.14516129
655,0.939759036,0.060240964,0.014925373,0.582089552,0.23880597,0.029850746,0.134328358,1,0.035714286,0.035714286,0.125,0.732142857,0.071428571
656,0.987341772,0.012658228,0.015625,0.46875,0.203125,0.078125,0.234375,1,0.0625,0.1875,0.15625,0.5625,0.03125
657,0.962962963,0.037037037,0.016393443,0.62295082,0.163934426,0.032786885,0.163934426,1,0,0.105263158,0.298245614,0.578947368,0.01754386
658,0.951219512,0.048780488,0.070175439,0.666666667,0.052631579,0.070175439,0.140350877,1,0,0.052631579,0.315789474,0.561403509,0.070175439
659,0.917647059,0.082352941,0,0,0.122807018,0.368421053,0.50877193,1,0.769230769,0.019230769,0.019230769,0.173076923,0.019230769
660,0.951219512,0.048780488,0.032786885,0.049180328,0.147540984,0.245901639,0.524590164,1,0.620689655,0.051724138,0.017241379,0.224137931,0.086206897
661,0.975,0.025,0.080645161,0.048387097,0.112903226,0.290322581,0.467741935,1,0.586206897,0.068965517,0.017241379,0.25862069,0.068965517
662,0.987341772,0.012658228,0.123076923,0.030769231,0.107692308,0.246153846,0.492307692,1,0.679245283,0.018867925,0.094339623,0.169811321,0.037735849
663,1,0,0.121212121,0,0.121212121,0.166666667,0.590909091,1,0.6,0.05,0.083333333,0.15,0.116666667
664,0.975,0.025,0.044776119,0,0.208955224,0.223880597,0.52238806,1,0.678571429,0.071428571,0,0.214285714,0.035714286
665,0.906976744,0.093023256,0,0.666666667,0.074074074,0.111111111,0.148148148,1,0.055555556,0.074074074,0.314814815,0.555555556,0
666,0.928571429,0.071428571,0,0.660714286,0.107142857,0,0.232142857,1,0.115384615,0.019230769,0.403846154,0.442307692,0.019230769
667,0.951219512,0.048780488,0.016949153,0.661016949,0.13559322,0.050847458,0.13559322,1,0.038461538,0.038461538,0.365384615,0.557692308,0
668,0.917647059,0.082352941,0.032786885,0.655737705,0.147540984,0,0.163934426,1,0,0,0.320754717,0.622641509,0.056603774
669,0.939759036,0.060240964,0.035714286,0.714285714,0.071428571,0.017857143,0.160714286,1,0,0.036363636,0.381818182,0.527272727,0.054545455
670,0.962962963,0.037037037,0.086206897,0.672413793,0.051724138,0.017241379,0.172413793,1,0.018181818,0,0.381818182,0.509090909,0.090909091
671,0.962962963,0.037037037,0.080645161,0.564516129,0.112903226,0.064516129,0.177419355,1,0.074074074,0.018518519,0.296296296,0.555555556,0.055555556
672,0.975,0.025,0.086956522,0.52173913,0.188405797,0.043478261,0.15942029,1,0.057692308,0.019230769,0.25,0.653846154,0.019230769
673,0.951219512,0.048780488,0.0625,0.59375,0.15625,0.0625,0.125,1,0,0.029850746,0.014925373,0.731343284,0.223880597
674,0.917647059,0.082352941,0.054545455,0.709090909,0.036363636,0,0.2,1,0,0,0.040540541,0.635135135,0.324324324
675,0.975,0.025,0.15,0.583333333,0.016666667,0,0.25,1,0,0.027027027,0.094594595,0.581081081,0.297297297
676,0.951219512,0.048780488,0.153846154,0.492307692,0.076923077,0.015384615,0.261538462,1,0.072727273,0,0.309090909,0.527272727,0.090909091
677,0.896551724,0.103448276,0,0.660377358,0.056603774,0.037735849,0.245283019,1,0.156862745,0,0.392156863,0.431372549,0.019607843
678,0.876404494,0.123595506,0,0.784313725,0.019607843,0,0.196078431,1,0.019607843,0,0.470588235,0.490196078,0.019607843
679,0.906976744,0.093023256,0,0.722222222,0.074074074,0.018518519,0.185185185,1,0,0.071428571,0.357142857,0.535714286,0.035714286
680,0.939759036,0.060240964,0.086206897,0,0.051724138,0.344827586,0.517241379,1,0.727272727,0,0,0.181818182,0.090909091
681,0.917647059,0.082352941,0,0.035714286,0.107142857,0.303571429,0.553571429,1,0.696428571,0.017857143,0.017857143,0.178571429,0.089285714
682,0.886363636,0.113636364,0,0,0.180327869,0.262295082,0.557377049,1,0.784313725,0.019607843,0,0.196078431,0
683,0.917647059,0.082352941,0.016393443,0.032786885,0.163934426,0.196721311,0.590163934,1,0.735849057,0,0.075471698,0.132075472,0.056603774
684,1,0,0.088235294,0.029411765,0.176470588,0.161764706,0.544117647,1,0.631578947,0.052631579,0.070175439,0.175438596,0.070175439
685,0.951219512,0.048780488,0.068965517,0.603448276,0.068965517,0.017241379,0.24137931,1,0.05,0.05,0.283333333,0.5,0.116666667
686,0.951219512,0.048780488,0.037037037,0.740740741,0.037037037,0.055555556,0.12962963,1,0,0.048387097,0.241935484,0.564516129,0.14516129
687,0.962962963,0.037037037,0.06557377,0.62295082,0.114754098,0.049180328,0.147540984,1,0.017857143,0.017857143,0.285714286,0.589285714,0.089285714
688,0.951219512,0.048780488,0.103448276,0.620689655,0.034482759,0.068965517,0.172413793,1,0.058823529,0,0.431372549,0.490196078,0.019607843
689,0.939759036,0.060240964,0.036363636,0.727272727,0.054545455,0.036363636,0.145454545,1,0.018518519,0.018518519,0.388888889,0.518518519,0.055555556
690,0.917647059,0.082352941,0.017857143,0.696428571,0.089285714,0.017857143,0.178571429,1,0.01754386,0,0.298245614,0.561403509,0.122807018
691,0.917647059,0.082352941,0.017241379,0.672413793,0.120689655,0.034482759,0.155172414,1,0,0.019230769,0.384615385,0.576923077,0.019230769
692,0.951219512,0.048780488,0.017241379,0.603448276,0.120689655,0,0.25862069,1,0,0.131147541,0.327868852,0.491803279,0.049180328
693,0.939759036,0.060240964,0,0.745098039,0.019607843,0,0.235294118,1,0.015873016,0.095238095,0.317460317,0.46031746,0.111111111
694,0.962962963,0.037037037,0,0.76,0,0.06,0.18,1,0.015151515,0.106060606,0.257575758,0.484848485,0.136363636
695,0.951219512,0.048780488,0,0.68627451,0.019607843,0.078431373,0.215686275,1,0,0.125,0.3125,0.46875,0.09375
696,0.951219512,0.048780488,0.034482759,0.672413793,0.103448276,0.034482759,0.155172414,1,0.017241379,0.034482759,0.275862069,0.568965517,0.103448276
697,0.975,0.025,0.053571429,0.678571429,0.053571429,0,0.214285714,1,0,0.058823529,0.205882353,0.529411765,0.205882353
698,1,0,0.047619048,0.555555556,0.158730159,0.079365079,0.158730159,1,0.015625,0.125,0.15625,0.609375,0.09375
699,0.975,0.025,0.046875,0.578125,0.171875,0.015625,0.1875,1,0.084745763,0,0.169491525,0.593220339,0.152542373
700,0.962962963,0.037037037,0.076923077,0.584615385,0.153846154,0.046153846,0.138461538,1,0.01754386,0,0.192982456,0.666666667,0.122807018
701,0.962962963,0.037037037,0.047619048,0.587301587,0.158730159,0.079365079,0.126984127,1,0.068965517,0.034482759,0.137931034,0.655172414,0.103448276
702,0.951219512,0.048780488,0.016393443,0.590163934,0.163934426,0.016393443,0.213114754,1,0.132075472,0,0.301886792,0.509433962,0.056603774
703,0.939759036,0.060240964,0.050847458,0.677966102,0.101694915,0.016949153,0.152542373,1,0,0.018867925,0.377358491,0.566037736,0.037735849
704,0.928571429,0.071428571,0.049180328,0.655737705,0.131147541,0.032786885,0.131147541,1,0,0.019607843,0.352941176,0.62745098,0
705,0.951219512,0.048780488,0.031746032,0.619047619,0.174603175,0.015873016,0.158730159,1,0.057692308,0,0.307692308,0.596153846,0.038461538
706,0.906976744,0.093023256,0.018867925,0.735849057,0.037735849,0.018867925,0.188679245,1,0.018518519,0,0.407407407,0.5,0.074074074
707,0.962962963,0.037037037,0.053571429,0.678571429,0.053571429,0.107142857,0.107142857,1,0.033333333,0.033333333,0.216666667,0.583333333,0.133333333
708,0.962962963,0.037037037,0.038461538,0.711538462,0,0.019230769,0.230769231,1,0.081967213,0,0.31147541,0.426229508,0.180327869
709,0.928571429,0.071428571,0.046875,0.609375,0.171875,0,0.171875,1,0.04,0,0.34,0.62,0
710,0.896551724,0.103448276,0,0.65,0.166666667,0.05,0.133333333,1,0,0.038461538,0.288461538,0.673076923,0
711,0.886363636,0.113636364,0,0.764705882,0.019607843,0,0.215686275,1,0.019230769,0.038461538,0.480769231,0.461538462,0
712,0.928571429,0.071428571,0.035087719,0.631578947,0.087719298,0.035087719,0.210526316,1,0.098039216,0.019607843,0.411764706,0.470588235,0
713,0.928571429,0.071428571,0,0.784313725,0.019607843,0,0.196078431,1,0.036363636,0.018181818,0.436363636,0.436363636,0.072727273
714,0.917647059,0.082352941,0.037735849,0.716981132,0.018867925,0,0.226415094,1,0.036363636,0.018181818,0.418181818,0.454545455,0.072727273
715,0.939759036,0.060240964,0.016949153,0.644067797,0.13559322,0.033898305,0.169491525,1,0.035087719,0.052631579,0.263157895,0.578947368,0.070175439
716,0.987341772,0.012658228,0.084745763,0.016949153,0.06779661,0.186440678,0.644067797,1,0.52238806,0.074626866,0.059701493,0.164179104,0.179104478
717,0.917647059,0.082352941,0.072727273,0,0.018181818,0.381818182,0.527272727,1,0.709090909,0.018181818,0.018181818,0.181818182,0.072727273
718,0.917647059,0.082352941,0.037037037,0.685185185,0.037037037,0.018518519,0.222222222,1,0.055555556,0.037037037,0.407407407,0.462962963,0.037037037
719,0.917647059,0.082352941,0,0.078431373,0.019607843,0.490196078,0.411764706,1,0.730769231,0.019230769,0.019230769,0.211538462,0.019230769
720,0.928571429,0.071428571,0.033333333,0.083333333,0.133333333,0.333333333,0.416666667,1,0.673076923,0.019230769,0,0.288461538,0.019230769
721,0.939759036,0.060240964,0,0.641509434,0.056603774,0.037735849,0.264150943,1,0.096774194,0.064516129,0.258064516,0.451612903,0.129032258
722,0.975,0.025,0,0.666666667,0.122807018,0.01754386,0.192982456,1,0.064516129,0.048387097,0.225806452,0.516129032,0.14516129
723,0.928571429,0.071428571,0.072727273,0.454545455,0.018181818,0.109090909,0.345454545,1,0.254545455,0.018181818,0.309090909,0.345454545,0.072727273
724,0.928571429,0.071428571,0.052631579,0.631578947,0.070175439,0.035087719,0.210526316,1,0,0.052631579,0.350877193,0.526315789,0.070175439
725,0.876404494,0.123595506,0,0.714285714,0.107142857,0,0.178571429,1,0.037735849,0,0.301886792,0.603773585,0.056603774
726,0.886363636,0.113636364,0,0.754716981,0.056603774,0.037735849,0.150943396,1,0,0,0.303571429,0.589285714,0.107142857
727,0.917647059,0.082352941,0,0.764705882,0.019607843,0.039215686,0.176470588,1,0.037735849,0.018867925,0.452830189,0.452830189,0.037735849
728,0.928571429,0.071428571,0.018867925,0.056603774,0.037735849,0.301886792,0.58490566,1,0.633333333,0.016666667,0.033333333,0.166666667,0.15
729,0.928571429,0.071428571,0.019230769,0.076923077,0.019230769,0.346153846,0.538461538,1,0.644067797,0.016949153,0.016949153,0.186440678,0.13559322
730,0.951219512,0.048780488,0.101694915,0.610169492,0.050847458,0.033898305,0.203389831,1,0.018181818,0.054545455,0.381818182,0.509090909,0.036363636
731,0.975,0.025,0.129032258,0.612903226,0.064516129,0.064516129,0.129032258,1,0,0,0.44,0.56,0
732,1,0,0.068965517,0.603448276,0.068965517,0.068965517,0.189655172,1,0.05,0.083333333,0.3,0.483333333,0.083333333
733,0.896551724,0.103448276,0.037037037,0.648148148,0.037037037,0.055555556,0.222222222,1,0,0.083333333,0.283333333,0.55,0.083333333
734,0.951219512,0.048780488,0.053571429,0.625,0.053571429,0,0.267857143,1,0.017241379,0.103448276,0.413793103,0.431034483,0.034482759
735,0.896551724,0.103448276,0.056603774,0.603773585,0,0.056603774,0.283018868,1,0.053571429,0.089285714,0.392857143,0.446428571,0.017857143
736,0.917647059,0.082352941,0.017857143,0.714285714,0.089285714,0.017857143,0.160714286,1,0.019607843,0.019607843,0.431372549,0.529411765,0
737,0.886363636,0.113636364,0,0.727272727,0.090909091,0,0.181818182,1,0,0,0.327272727,0.581818182,0.090909091
738,0.939759036,0.060240964,0.018867925,0.735849057,0.037735849,0.018867925,0.188679245,1,0.05,0.033333333,0.283333333,0.5,0.133333333
739,0.928571429,0.071428571,0.05,0.633333333,0.116666667,0.016666667,0.183333333,1,0,0.037735849,0.377358491,0.566037736,0.018867925
740,0.951219512,0.048780488,0,0.137931034,0.137931034,0.24137931,0.482758621,1,0.603448276,0.017241379,0.017241379,0.24137931,0.120689655
741,0.917647059,0.082352941,0,0.068965517,0.137931034,0.189655172,0.603448276,1,0.627118644,0.016949153,0.033898305,0.186440678,0.13559322
742,0.917647059,0.082352941,0.019607843,0.019607843,0,0.294117647,0.666666667,1,0.639344262,0.032786885,0.06557377,0.114754098,0.147540984
743,0.906976744,0.093023256,0,0.039215686,0.019607843,0.431372549,0.509803922,1,0.666666667,0.052631579,0,0.210526316,0.070175439
744,0.939759036,0.060240964,0,0.018518519,0.074074074,0.425925926,0.481481481,1,0.727272727,0.054545455,0,0.181818182,0.036363636
745,0.939759036,0.060240964,0.01754386,0.052631579,0.105263158,0.315789474,0.50877193,1,0.690909091,0.036363636,0.036363636,0.181818182,0.054545455
746,0.917647059,0.082352941,0.018181818,0,0.072727273,0.418181818,0.490909091,1,0.735849057,0.056603774,0.018867925,0.188679245,0
747,0.962962963,0.037037037,0.047619048,0.079365079,0.158730159,0.238095238,0.476190476,1,0.614035088,0.035087719,0,0.263157895,0.087719298
748,0.917647059,0.082352941,0.018867925,0.075471698,0.037735849,0.264150943,0.603773585,1,0.649122807,0,0.105263158,0.122807018,0.122807018
749,0.917647059,0.082352941,0.056603774,0.056603774,0,0.264150943,0.622641509,1,0.596774194,0,0.032258065,0.177419355,0.193548387
750,0.939759036,0.060240964,0.120689655,0.172413793,0.017241379,0.137931034,0.551724138,1,0.509090909,0,0.254545455,0.145454545,0.090909091
751,0.939759036,0.060240964,0.035714286,0.017857143,0.071428571,0.285714286,0.589285714,1,0.633333333,0.016666667,0.033333333,0.166666667,0.15
752,0.939759036,0.060240964,0.017857143,0,0.089285714,0.339285714,0.553571429,1,0.678571429,0.071428571,0.071428571,0.142857143,0.035714286
753,0.975,0.025,0.089285714,0.053571429,0.017857143,0.410714286,0.428571429,1,0.678571429,0,0,0.214285714,0.107142857
754,0.951219512,0.048780488,0,0.117647059,0.019607843,0.431372549,0.431372549,1,0.696428571,0.017857143,0,0.196428571,0.089285714
755,0.962962963,0.037037037,0.01754386,0.052631579,0.105263158,0.333333333,0.49122807,1,0.684210526,0.01754386,0,0.192982456,0.105263158
756,0.962962963,0.037037037,0.018867925,0.037735849,0.037735849,0.320754717,0.58490566,1,0.584615385,0.046153846,0,0.184615385,0.184615385
757,0.917647059,0.082352941,0,0.037037037,0.074074074,0.203703704,0.685185185,1,0.64516129,0.016129032,0.032258065,0.129032258,0.177419355
758,0.928571429,0.071428571,0.037037037,0.055555556,0.037037037,0.185185185,0.685185185,1,0.619047619,0,0.047619048,0.126984127,0.206349206
759,0.928571429,0.071428571,0.071428571,0,0.035714286,0.392857143,0.5,1,0.716981132,0.037735849,0.056603774,0.169811321,0.018867925
760,0.928571429,0.071428571,0.037037037,0.055555556,0.037037037,0.37037037,0.5,1,0.690909091,0.018181818,0.036363636,0.181818182,0.072727273
761,0.951219512,0.048780488,0,0.117647059,0.019607843,0.411764706,0.450980392,1,0.637931034,0.017241379,0.017241379,0.206896552,0.120689655
762,0.928571429,0.071428571,0.056603774,0,0,0.452830189,0.490566038,1,0.709090909,0.036363636,0.018181818,0.181818182,0.054545455
763,0.906976744,0.093023256,0.019230769,0.115384615,0.019230769,0.384615385,0.461538462,1,0.666666667,0,0.037037037,0.222222222,0.074074074
764,0.939759036,0.060240964,0,0,0.056603774,0.320754717,0.622641509,1,0.689655172,0.034482759,0.086206897,0.086206897,0.103448276
765,0.951219512,0.048780488,0,0.015873016,0.206349206,0.238095238,0.53968254,1,0.754716981,0.056603774,0.037735849,0.150943396,0
766,0.962962963,0.037037037,0,0.016129032,0.193548387,0.225806452,0.564516129,1,0.616666667,0.116666667,0.016666667,0.2,0.05
767,0.951219512,0.048780488,0,0.037735849,0.056603774,0.452830189,0.452830189,1,0.649122807,0.122807018,0.01754386,0.210526316,0
768,0.917647059,0.082352941,0.052631579,0.01754386,0.070175439,0.368421053,0.49122807,1,0.735849057,0.018867925,0,0.20754717,0.037735849
769,0.917647059,0.082352941,0.034482759,0,0.103448276,0.293103448,0.568965517,1,0.696428571,0.035714286,0.017857143,0.178571429,0.071428571
770,0.876404494,0.123595506,0.036363636,0,0.054545455,0.363636364,0.545454545,1,0.78,0,0.06,0.16,0
771,0.886363636,0.113636364,0.038461538,0.019230769,0,0.384615385,0.557692308,1,0.709090909,0,0.018181818,0.181818182,0.090909091
772,0.876404494,0.123595506,0.019230769,0.019230769,0.019230769,0.461538462,0.480769231,1,0.764705882,0,0,0.215686275,0.019607843
773,0.896551724,0.103448276,0.038461538,0.076923077,0,0.461538462,0.423076923,1,0.725490196,0,0.019607843,0.235294118,0.019607843
774,0.906976744,0.093023256,0.018518519,0,0.055555556,0.351851852,0.574074074,1,0.714285714,0,0.017857143,0.160714286,0.107142857
775,0.906976744,0.093023256,0.103448276,0.034482759,0.034482759,0.396551724,0.431034483,1,0.68627451,0.019607843,0.019607843,0.274509804,0
776,0.906976744,0.093023256,0,0.057692308,0.038461538,0.365384615,0.538461538,1,0.730769231,0.038461538,0.115384615,0.115384615,0
777,0.917647059,0.082352941,0.032786885,0.016393443,0.147540984,0.196721311,0.606557377,1,0.735849057,0,0.094339623,0.113207547,0.056603774
778,0.939759036,0.060240964,0.016393443,0.032786885,0.163934426,0.31147541,0.475409836,1,0.698113208,0.056603774,0.018867925,0.226415094,0
779,0.962962963,0.037037037,0,0.696428571,0.107142857,0.089285714,0.107142857,1,0.083333333,0.016666667,0.166666667,0.583333333,0.15
780,1,0,0,0.764705882,0.019607843,0.039215686,0.176470588,1,0.060606061,0.060606061,0.242424242,0.454545455,0.181818182
781,0.928571429,0.071428571,0.035714286,0.464285714,0.071428571,0.178571429,0.25,1,0.283018868,0.018867925,0.226415094,0.433962264,0.037735849
782,0.939759036,0.060240964,0.035087719,0.333333333,0.087719298,0.192982456,0.350877193,1,0.418181818,0,0.145454545,0.345454545,0.090909091
783,0.939759036,0.060240964,0.052631579,0.596491228,0.070175439,0,0.280701754,1,0.148148148,0,0.37037037,0.407407407,0.074074074
784,0.928571429,0.071428571,0.033333333,0.616666667,0.133333333,0.033333333,0.183333333,1,0,0.089285714,0.303571429,0.589285714,0.017857143
785,0.939759036,0.060240964,0.032258065,0.580645161,0.161290323,0.048387097,0.177419355,1,0.072727273,0.036363636,0.236363636,0.6,0.054545455
786,0.987341772,0.012658228,0.015384615,0.569230769,0.215384615,0.015384615,0.184615385,1,0.034482759,0.103448276,0.24137931,0.586206897,0.034482759
787,0.939759036,0.060240964,0,0.018518519,0.074074074,0.333333333,0.574074074,1,0.677966102,0.016949153,0.016949153,0.152542373,0.13559322
788,0.939759036,0.060240964,0,0,0,0.3,0.7,1,0.507042254,0.098591549,0.014084507,0.183098592,0.197183099
789,0.928571429,0.071428571,0.018181818,0,0.072727273,0.4,0.509090909,1,0.740740741,0.055555556,0.018518519,0.166666667,0.018518519
790,0.975,0.025,0.074074074,0,0,0.351851852,0.574074074,1,0.537313433,0.089552239,0,0.208955224,0.164179104
791,0.951219512,0.048780488,0,0.53968254,0.206349206,0.111111111,0.142857143,1,0.109090909,0.090909091,0.163636364,0.636363636,0
792,0.906976744,0.093023256,0.018518519,0.018518519,0.055555556,0.333333333,0.574074074,1,0.684210526,0.01754386,0.01754386,0.175438596,0.105263158
793,0.939759036,0.060240964,0,0.039215686,0.019607843,0.450980392,0.490196078,1,0.649122807,0.122807018,0.052631579,0.175438596,0
794,0.917647059,0.082352941,0.035087719,0.070175439,0.087719298,0.333333333,0.473684211,1,0.692307692,0.038461538,0.057692308,0.211538462,0
795,0.917647059,0.082352941,0.03125,0.03125,0.1875,0.25,0.5,1,0.745098039,0.019607843,0,0.235294118,0
796,0.962962963,0.037037037,0.018181818,0.054545455,0.072727273,0.4,0.454545455,1,0.740740741,0.037037037,0.018518519,0.166666667,0.037037037
797,0.962962963,0.037037037,0.072727273,0,0.018181818,0.381818182,0.527272727,1,0.655172414,0.051724138,0.051724138,0.155172414,0.086206897
798,0.906976744,0.093023256,0,0.08,0,0.46,0.46,1,0.636363636,0.090909091,0.054545455,0.218181818,0
799,0.939759036,0.060240964,0.035714286,0.017857143,0.071428571,0.375,0.5,1,0.754716981,0,0.037735849,0.150943396,0.056603774
800,0.951219512,0.048780488,0.084745763,0.016949153,0.06779661,0.406779661,0.423728814,1,0.745098039,0,0.019607843,0.215686275,0.019607843
801,0.939759036,0.060240964,0.018181818,0.036363636,0.072727273,0.4,0.472727273,1,0.740740741,0.018518519,0,0.185185185,0.055555556
802,0.951219512,0.048780488,0.070175439,0.01754386,0.052631579,0.350877193,0.50877193,1,0.666666667,0.01754386,0.01754386,0.192982456,0.105263158
803,0.962962963,0.037037037,0,0.018867925,0.056603774,0.41509434,0.509433962,1,0.65,0.066666667,0,0.183333333,0.1
804,0.886363636,0.113636364,0.019230769,0,0.019230769,0.403846154,0.557692308,1,0.740740741,0,0.018518519,0.166666667,0.074074074
805,0.886363636,0.113636364,0,0.02,0,0.42,0.56,1,0.678571429,0.071428571,0.035714286,0.178571429,0.035714286
806,0.939759036,0.060240964,0,0,0.074074074,0.37037037,0.555555556,1,0.684210526,0.087719298,0.052631579,0.140350877,0.035087719
807,0.917647059,0.082352941,0,0,0.074074074,0.37037037,0.555555556,1,0.727272727,0.054545455,0.036363636,0.145454545,0.036363636
808,0.951219512,0.048780488,0.064516129,0,0.129032258,0.225806452,0.580645161,1,0.696428571,0.035714286,0.053571429,0.142857143,0.071428571
809,0.939759036,0.060240964,0.052631579,0.070175439,0.070175439,0.368421053,0.438596491,1,0.654545455,0.036363636,0,0.254545455,0.054545455
810,0.886363636,0.113636364,0.019607843,0.745098039,0,0.039215686,0.196078431,1,0.039215686,0,0.470588235,0.470588235,0.019607843
811,0.906976744,0.093023256,0.019607843,0.784313725,0,0.019607843,0.176470588,1,0.016949153,0,0.305084746,0.525423729,0.152542373
812,0.906976744,0.093023256,0.019230769,0.75,0.019230769,0.038461538,0.173076923,1,0.016393443,0,0.245901639,0.557377049,0.180327869
813,0.951219512,0.048780488,0.037735849,0.698113208,0.018867925,0.056603774,0.188679245,1,0.046153846,0.030769231,0.2,0.523076923,0.2
814,0.951219512,0.048780488,0,0.644067797,0.152542373,0.016949153,0.186440678,1,0.037037037,0.055555556,0.37037037,0.518518519,0.018518519
815,0.951219512,0.048780488,0.032786885,0.639344262,0.147540984,0.081967213,0.098360656,1,0,0.037735849,0.301886792,0.641509434,0.018867925
816,0.939759036,0.060240964,0.017857143,0.696428571,0.089285714,0.053571429,0.142857143,1,0,0.072727273,0.363636364,0.545454545,0.018181818
817,0.928571429,0.071428571,0.016666667,0.666666667,0.15,0.066666667,0.1,1,0.01754386,0.01754386,0.175438596,0.684210526,0.105263158
818,1,0,0.095238095,0.571428571,0.111111111,0,0.222222222,1,0.017241379,0.068965517,0.344827586,0.5,0.068965517
819,1,0,0.079365079,0.603174603,0.126984127,0.015873016,0.174603175,1,0.018867925,0.056603774,0.41509434,0.509433962,0
820,1,0,0.03125,0.609375,0.1875,0.015625,0.15625,1,0.035714286,0.071428571,0.285714286,0.571428571,0.035714286
821,0.975,0.025,0.015384615,0.569230769,0.215384615,0.030769231,0.169230769,1,0.050847458,0.084745763,0.169491525,0.627118644,0.06779661
822,0.975,0.025,0,0.639344262,0.180327869,0,0.180327869,1,0.016666667,0.083333333,0.25,0.566666667,0.083333333
823,0.951219512,0.048780488,0.074074074,0.703703704,0,0.018518519,0.203703704,1,0.070175439,0,0.350877193,0.456140351,0.122807018
824,0.939759036,0.060240964,0.072727273,0.6,0.018181818,0.018181818,0.290909091,1,0.105263158,0.01754386,0.368421053,0.403508772,0.105263158
825,0.987341772,0.012658228,0.037735849,0.716981132,0.018867925,0.018867925,0.20754717,1,0.014285714,0.071428571,0.2,0.5,0.214285714
826,0.896551724,0.103448276,0.105263158,0.578947368,0.01754386,0.122807018,0.175438596,1,0.017241379,0.034482759,0.224137931,0.620689655,0.103448276
827,0.975,0.025,0.121212121,0.53030303,0.121212121,0.121212121,0.106060606,1,0.01754386,0.01754386,0.157894737,0.701754386,0.105263158
828,0.962962963,0.037037037,0.030769231,0.492307692,0.2,0.092307692,0.184615385,1,0.059701493,0.104477612,0.014925373,0.671641791,0.149253731
829,0.939759036,0.060240964,0.017857143,0.714285714,0.089285714,0.035714286,0.142857143,1,0.057692308,0,0.384615385,0.519230769,0.038461538
830,0.951219512,0.048780488,0.035714286,0.017857143,0.071428571,0.428571429,0.446428571,1,0.754716981,0.018867925,0,0.188679245,0.037735849
831,0.951219512,0.048780488,0.06779661,0.033898305,0.084745763,0.355932203,0.457627119,1,0.672727273,0.018181818,0,0.236363636,0.072727273
832,0.928571429,0.071428571,0.037037037,0.037037037,0.037037037,0.388888889,0.5,1,0.696428571,0.035714286,0,0.196428571,0.071428571
833,0.906976744,0.093023256,0.018518519,0.111111111,0.055555556,0.351851852,0.462962963,1,0.561403509,0.070175439,0.035087719,0.280701754,0.052631579
834,0.896551724,0.103448276,0.050847458,0.644067797,0.101694915,0,0.203389831,1,0.02,0,0.42,0.56,0
835,0.906976744,0.093023256,0,0.074074074,0.074074074,0.314814815,0.537037037,1,0.648148148,0.055555556,0.111111111,0.166666667,0.018518519
836,0.917647059,0.082352941,0.017857143,0.035714286,0.089285714,0.321428571,0.535714286,1,0.586206897,0.120689655,0.051724138,0.224137931,0.017241379
837,0.951219512,0.048780488,0.046875,0,0.171875,0.265625,0.515625,1,0.631578947,0.105263158,0,0.245614035,0.01754386
838,0.886363636,0.113636364,0,0.655172414,0.137931034,0.051724138,0.155172414,1,0.018518519,0.055555556,0.259259259,0.648148148,0.018518519
839,0.939759036,0.060240964,0,0.649122807,0.122807018,0.087719298,0.140350877,1,0.033898305,0.084745763,0.220338983,0.593220339,0.06779661
840,0.939759036,0.060240964,0.063492063,0.571428571,0.142857143,0.095238095,0.126984127,1,0.058823529,0,0.274509804,0.647058824,0.019607843
841,0.906976744,0.093023256,0,0,0.152542373,0.169491525,0.677966102,1,0.714285714,0.017857143,0.089285714,0.089285714,0.089285714
842,0.928571429,0.071428571,0.015384615,0,0.215384615,0.153846154,0.615384615,1,0.714285714,0.035714286,0.017857143,0.160714286,0.071428571
843,0.975,0.025,0.034482759,0,0.103448276,0.310344828,0.551724138,1,0.571428571,0.111111111,0.015873016,0.206349206,0.095238095
844,0.939759036,0.060240964,0,0.180327869,0.180327869,0.213114754,0.426229508,1,0.574074074,0.018518519,0.055555556,0.296296296,0.055555556
845,0.928571429,0.071428571,0,0.068965517,0.137931034,0.310344828,0.482758621,1,0.784313725,0.019607843,0.019607843,0.176470588,0
846,0.917647059,0.082352941,0.033333333,0.05,0.133333333,0.233333333,0.55,1,0.711538462,0.038461538,0.096153846,0.153846154,0
847,0.917647059,0.082352941,0,0.074074074,0.074074074,0.351851852,0.5,1,0.642857143,0.053571429,0.035714286,0.214285714,0.053571429
848,0.906976744,0.093023256,0.019607843,0.058823529,0,0.431372549,0.490196078,1,0.735849057,0,0.037735849,0.169811321,0.056603774
849,0.886363636,0.113636364,0,0.01754386,0.122807018,0.315789474,0.543859649,1,0.735849057,0,0,0.20754717,0.056603774
850,0.987341772,0.012658228,0.018518519,0.074074074,0.055555556,0.259259259,0.592592593,1,0.546875,0.09375,0.09375,0.140625,0.125
851,0.939759036,0.060240964,0.071428571,0.035714286,0.035714286,0.375,0.482142857,1,0.636363636,0.054545455,0.072727273,0.2,0.036363636
852,1,0,0.15,0.083333333,0.016666667,0.283333333,0.466666667,1,0.508474576,0.050847458,0.118644068,0.220338983,0.101694915
853,1,0,0.052631579,0.666666667,0.070175439,0.070175439,0.140350877,1,0.06779661,0.033898305,0.271186441,0.508474576,0.118644068
854,0.962962963,0.037037037,0.028985507,0.52173913,0.246376812,0,0.202898551,1,0.092592593,0.037037037,0.203703704,0.62962963,0.037037037
855,0.962962963,0.037037037,0.096774194,0.032258065,0.096774194,0.258064516,0.516129032,1,0.690909091,0,0.036363636,0.181818182,0.090909091
856,0.928571429,0.071428571,0.01754386,0.087719298,0.105263158,0.157894737,0.631578947,1,0.633333333,0,0.05,0.15,0.166666667
857,0.928571429,0.071428571,0.019607843,0.078431373,0,0.294117647,0.607843137,1,0.629032258,0.032258065,0.016129032,0.161290323,0.161290323
858,0.917647059,0.082352941,0.074074074,0.055555556,0,0.314814815,0.555555556,1,0.55,0.066666667,0.066666667,0.216666667,0.1
859,0.962962963,0.037037037,0,0.1,0.166666667,0.1,0.633333333,1,0.59375,0.015625,0.015625,0.171875,0.203125
860,0.939759036,0.060240964,0,0.089285714,0.107142857,0.214285714,0.589285714,1,0.678571429,0,0.107142857,0.107142857,0.107142857
861,0.939759036,0.060240964,0,0.058823529,0.019607843,0.431372549,0.490196078,1,0.655172414,0.051724138,0.017241379,0.189655172,0.086206897
862,0.906976744,0.093023256,0,0.018867925,0.056603774,0.396226415,0.528301887,1,0.727272727,0.036363636,0,0.181818182,0.054545455
863,0.917647059,0.082352941,0,0,0.019607843,0.470588235,0.509803922,1,0.655172414,0.086206897,0,0.206896552,0.051724138
864,0.928571429,0.071428571,0.037735849,0,0.018867925,0.358490566,0.58490566,1,0.677966102,0,0.016949153,0.152542373,0.152542373
865,0.951219512,0.048780488,0.017241379,0.017241379,0.120689655,0.206896552,0.637931034,1,0.689655172,0.051724138,0.086206897,0.086206897,0.086206897
866,0.928571429,0.071428571,0,0.016393443,0.180327869,0.262295082,0.540983607,1,0.769230769,0.019230769,0.038461538,0.153846154,0.019230769
867,0.939759036,0.060240964,0.038461538,0.769230769,0,0.019230769,0.173076923,1,0,0.016949153,0.355932203,0.491525424,0.13559322
868,0.962962963,0.037037037,0.056603774,0.716981132,0,0,0.226415094,1,0.049180328,0,0.327868852,0.442622951,0.180327869
869,0.951219512,0.048780488,0.056603774,0.660377358,0,0.018867925,0.264150943,1,0.033898305,0.084745763,0.406779661,0.406779661,0.06779661
870,0.886363636,0.113636364,0,0.678571429,0.107142857,0.089285714,0.125,1,0.019607843,0.019607843,0.333333333,0.62745098,0
871,0.876404494,0.123595506,0,0.784313725,0.019607843,0,0.196078431,1,0,0.036363636,0.381818182,0.527272727,0.054545455
872,0.906976744,0.093023256,0,0.714285714,0.107142857,0,0.178571429,1,0,0,0.396226415,0.547169811,0.056603774
873,0.928571429,0.071428571,0.037735849,0.716981132,0.018867925,0.018867925,0.20754717,1,0,0.033333333,0.333333333,0.5,0.133333333
874,0.939759036,0.060240964,0.018518519,0.648148148,0.055555556,0.055555556,0.222222222,1,0.084745763,0.050847458,0.288135593,0.474576271,0.101694915
875,0.975,0.025,0.072463768,0.52173913,0.202898551,0.072463768,0.130434783,1,0.076923077,0.019230769,0.192307692,0.692307692,0.019230769
876,0.951219512,0.048780488,0.015873016,0.603174603,0.19047619,0.079365079,0.111111111,1,0.089285714,0.035714286,0.125,0.678571429,0.071428571
877,0.951219512,0.048780488,0,0.672413793,0.137931034,0.051724138,0.137931034,1,0.084745763,0.033898305,0.169491525,0.593220339,0.118644068
878,0.951219512,0.048780488,0.054545455,0.690909091,0.036363636,0.036363636,0.181818182,1,0.066666667,0,0.25,0.516666667,0.166666667
879,0.917647059,0.082352941,0.019230769,0.038461538,0.019230769,0.326923077,0.596153846,1,0.689655172,0,0.034482759,0.137931034,0.137931034
880,0.876404494,0.123595506,0,0,0.056603774,0.320754717,0.622641509,1,0.655172414,0.034482759,0.017241379,0.189655172,0.103448276
881,0.962962963,0.037037037,0.047619048,0.587301587,0.158730159,0.015873016,0.19047619,1,0.078431373,0.019607843,0.37254902,0.529411765,0
882,0.906976744,0.093023256,0.052631579,0.684210526,0.070175439,0.105263158,0.087719298,1,0,0.037037037,0.259259259,0.666666667,0.037037037
883,0.939759036,0.060240964,0,0.666666667,0.166666667,0.066666667,0.1,1,0.078431373,0,0.274509804,0.62745098,0.019607843
884,0.951219512,0.048780488,0.034482759,0.689655172,0.103448276,0.068965517,0.103448276,1,0.037037037,0.037037037,0.296296296,0.592592593,0.037037037
885,0.939759036,0.060240964,0.133333333,0.583333333,0.033333333,0.016666667,0.233333333,1,0.019230769,0.019230769,0.461538462,0.480769231,0.019230769
886,0.939759036,0.060240964,0.087719298,0.631578947,0.035087719,0.105263158,0.140350877,1,0.08,0,0.4,0.52,0
887,0.906976744,0.093023256,0.036363636,0.672727273,0.054545455,0.018181818,0.218181818,1,0.01754386,0.01754386,0.333333333,0.526315789,0.105263158
888,0.951219512,0.048780488,0.090909091,0.654545455,0,0.163636364,0.090909091,1,0,0.072727273,0.345454545,0.563636364,0.018181818
889,0.928571429,0.071428571,0.035087719,0.596491228,0.087719298,0.035087719,0.245614035,1,0.034482759,0.103448276,0.327586207,0.5,0.034482759
890,0.962962963,0.037037037,0.033898305,0.627118644,0.118644068,0.016949153,0.203389831,1,0.055555556,0.037037037,0.388888889,0.481481481,0.037037037
891,0.928571429,0.071428571,0.06779661,0.661016949,0.084745763,0.033898305,0.152542373,1,0.018867925,0,0.339622642,0.58490566,0.056603774
892,0.962962963,0.037037037,0.034482759,0.620689655,0.103448276,0,0.24137931,1,0.089285714,0.035714286,0.357142857,0.446428571,0.071428571
893,0.962962963,0.037037037,0.019230769,0.5,0.019230769,0.211538462,0.25,1,0.115942029,0.15942029,0.130434783,0.47826087,0.115942029
894,0.917647059,0.082352941,0.01754386,0,0.105263158,0.403508772,0.473684211,1,0.8,0,0.02,0.18,0
895,0.928571429,0.071428571,0,0.033898305,0.152542373,0.288135593,0.525423729,1,0.716981132,0.018867925,0.056603774,0.169811321,0.037735849
896,0.939759036,0.060240964,0.018181818,0.072727273,0.072727273,0.4,0.436363636,1,0.716981132,0,0.018867925,0.20754717,0.056603774
897,0.928571429,0.071428571,0.072727273,0,0.018181818,0.418181818,0.490909091,1,0.740740741,0,0,0.185185185,0.074074074
898,0.896551724,0.103448276,0,0.075471698,0.056603774,0.396226415,0.471698113,1,0.698113208,0.018867925,0.018867925,0.226415094,0.037735849
899,0.906976744,0.093023256,0.105263158,0,0.01754386,0.403508772,0.473684211,1,0.72,0,0.08,0.2,0
900,0.928571429,0.071428571,0.016393443,0.049180328,0.163934426,0.245901639,0.524590164,1,0.703703704,0.018518519,0.018518519,0.203703704,0.055555556
901,0.906976744,0.093023256,0.016666667,0,0.15,0.283333333,0.55,1,0.754716981,0,0,0.188679245,0.056603774
902,0.939759036,0.060240964,0.052631579,0.701754386,0.070175439,0.01754386,0.157894737,1,0,0.016666667,0.25,0.583333333,0.15
903,0.928571429,0.071428571,0.06779661,0.677966102,0.084745763,0.050847458,0.118644068,1,0,0,0.320754717,0.622641509,0.056603774
904,0.928571429,0.071428571,0.052631579,0.666666667,0.070175439,0.052631579,0.157894737,1,0.018867925,0.037735849,0.377358491,0.547169811,0.018867925
905,0.975,0.025,0.054545455,0.709090909,0.036363636,0,0.2,1,0.017241379,0.051724138,0.396551724,0.448275862,0.086206897
906,0.939759036,0.060240964,0.114754098,0.540983607,0.06557377,0,0.278688525,1,0.096153846,0,0.423076923,0.442307692,0.038461538
907,0.939759036,0.060240964,0,0.784313725,0.019607843,0.039215686,0.156862745,1,0.015151515,0.015151515,0.196969697,0.545454545,0.227272727
908,0.928571429,0.071428571,0.056603774,0.754716981,0,0,0.188679245,1,0,0.016949153,0.338983051,0.508474576,0.13559322
909,0.939759036,0.060240964,0,0.113207547,0.056603774,0.358490566,0.471698113,1,0.631578947,0.052631579,0.035087719,0.210526316,0.070175439
910,0.939759036,0.060240964,0.070175439,0,0.052631579,0.421052632,0.456140351,1,0.75,0.019230769,0.019230769,0.192307692,0.019230769
911,0.951219512,0.048780488,0.074074074,0.018518519,0,0.444444444,0.462962963,1,0.637931034,0.034482759,0,0.224137931,0.103448276
912,0.917647059,0.082352941,0.036363636,0,0.054545455,0.345454545,0.563636364,1,0.727272727,0.018181818,0.036363636,0.145454545,0.072727273
913,0.951219512,0.048780488,0.016949153,0.016949153,0.13559322,0.220338983,0.610169492,1,0.612903226,0.048387097,0.016129032,0.177419355,0.14516129
914,0.975,0.025,0.104477612,0.014925373,0.149253731,0.223880597,0.507462687,1,0.703703704,0,0.018518519,0.203703704,0.074074074
915,0.917647059,0.082352941,0,0.78,0,0.04,0.18,1,0.035714286,0.017857143,0.392857143,0.464285714,0.089285714
916,0.951219512,0.048780488,0.037037037,0.703703704,0.037037037,0.055555556,0.166666667,1,0.037735849,0.056603774,0.452830189,0.452830189,0
917,0.951219512,0.048780488,0.068965517,0.517241379,0.068965517,0.086206897,0.25862069,1,0.235294118,0.019607843,0.352941176,0.392156863,0
918,0.906976744,0.093023256,0,0.740740741,0.074074074,0.018518519,0.166666667,1,0.018518519,0.037037037,0.37037037,0.537037037,0.037037037
919,0.975,0.025,0.090909091,0.036363636,0,0.4,0.472727273,1,0.637931034,0.034482759,0.034482759,0.189655172,0.103448276
920,0.987341772,0.012658228,0.06779661,0,0.084745763,0.288135593,0.559322034,1,0.689655172,0.051724138,0.051724138,0.120689655,0.086206897
921,0.906976744,0.093023256,0.017241379,0.017241379,0.120689655,0.327586207,0.517241379,1,0.685185185,0.074074074,0.018518519,0.222222222,0
922,0.906976744,0.093023256,0.019607843,0.058823529,0,0.490196078,0.431372549,1,0.764705882,0,0.019607843,0.196078431,0.019607843
923,0.928571429,0.071428571,0.018867925,0.075471698,0.037735849,0.396226415,0.471698113,1,0.8,0,0.08,0.12,0
924,0.906976744,0.093023256,0,0.054545455,0.090909091,0.345454545,0.509090909,1,0.722222222,0.018518519,0,0.203703704,0.055555556
925,0.951219512,0.048780488,0.051724138,0,0.086206897,0.431034483,0.431034483,1,0.625,0.107142857,0,0.267857143,0
926,0.896551724,0.103448276,0,0.019230769,0.038461538,0.288461538,0.653846154,1,0.65,0.016666667,0.033333333,0.15,0.15
927,0.928571429,0.071428571,0,0,0.090909091,0.381818182,0.527272727,1,0.678571429,0.107142857,0.035714286,0.178571429,0
928,0.917647059,0.082352941,0.019230769,0.019230769,0.019230769,0.269230769,0.673076923,1,0.590163934,0.06557377,0.114754098,0.114754098,0.114754098
929,1,0,0.055555556,0.111111111,0.018518519,0.333333333,0.481481481,1,0.484848485,0.090909091,0.03030303,0.242424242,0.151515152
930,1,0,0.1,0.583333333,0.066666667,0,0.25,1,0.033333333,0.066666667,0.35,0.45,0.1
931,0.975,0.025,0.032258065,0.612903226,0.161290323,0.048387097,0.14516129,1,0.096153846,0,0.307692308,0.557692308,0.038461538
932,0.962962963,0.037037037,0.046875,0.625,0.171875,0.015625,0.140625,1,0,0.016949153,0.186440678,0.661016949,0.13559322
933,0.962962963,0.037037037,0.033333333,0.633333333,0.133333333,0.05,0.15,1,0.037735849,0.037735849,0.358490566,0.547169811,0.018867925
934,0.939759036,0.060240964,0.120689655,0.620689655,0.017241379,0.068965517,0.172413793,1,0,0.035087719,0.315789474,0.561403509,0.087719298
935,1,0,0.152542373,0.593220339,0,0.050847458,0.203389831,1,0.014492754,0.028985507,0.15942029,0.550724638,0.246376812
936,0.987341772,0.012658228,0.055555556,0.722222222,0.018518519,0.074074074,0.12962963,1,0.048387097,0.016129032,0.241935484,0.516129032,0.177419355
937,0.939759036,0.060240964,0.019230769,0.057692308,0.019230769,0.288461538,0.615384615,1,0.587301587,0.047619048,0.047619048,0.158730159,0.158730159
938,0.928571429,0.071428571,0.070175439,0.01754386,0.052631579,0.298245614,0.561403509,1,0.610169492,0.033898305,0.033898305,0.203389831,0.118644068
939,0.951219512,0.048780488,0.055555556,0.018518519,0.018518519,0.444444444,0.462962963,1,0.727272727,0.018181818,0,0.181818182,0.072727273
940,0.917647059,0.082352941,0.101694915,0.016949153,0.050847458,0.355932203,0.474576271,1,0.589285714,0.017857143,0.017857143,0.285714286,0.089285714
941,0.975,0.025,0.035087719,0,0.087719298,0.298245614,0.578947368,1,0.633333333,0.083333333,0.066666667,0.133333333,0.083333333
942,1,0,0.037735849,0.566037736,0.018867925,0,0.377358491,1,0.154929577,0.056338028,0.183098592,0.366197183,0.23943662
943,0.962962963,0.037037037,0.090909091,0.672727273,0,0,0.236363636,1,0.050847458,0.016949153,0.355932203,0.440677966,0.13559322
944,0.962962963,0.037037037,0.089285714,0.678571429,0.017857143,0.017857143,0.196428571,1,0,0.031746032,0.26984127,0.523809524,0.174603175
945,0.876404494,0.123595506,0.056603774,0.716981132,0,0,0.226415094,1,0,0,0.433962264,0.509433962,0.056603774
946,0.987341772,0.012658228,0,0.05,0.166666667,0.316666667,0.466666667,1,0.722222222,0.074074074,0.037037037,0.166666667,0
947,0.928571429,0.071428571,0.045454545,0.015151515,0.196969697,0.136363636,0.606060606,1,0.75,0,0.096153846,0.115384615,0.038461538
948,1,0,0.0625,0,0.15625,0.15625,0.625,1,0.5,0.132352941,0.029411765,0.205882353,0.132352941
949,0.975,0.025,0.056603774,0.735849057,0,0,0.20754717,1,0.015151515,0.03030303,0.257575758,0.484848485,0.212121212
950,0.886363636,0.113636364,0.019230769,0.75,0.019230769,0.019230769,0.192307692,1,0,0.016949153,0.288135593,0.559322034,0.13559322
951,0.896551724,0.103448276,0,0.8,0,0.06,0.14,1,0,0.017857143,0.357142857,0.535714286,0.089285714
952,0.939759036,0.060240964,0,0.725490196,0.019607843,0.039215686,0.215686275,1,0.06557377,0.049180328,0.295081967,0.459016393,0.131147541
953,0.906976744,0.093023256,0,0.709090909,0.090909091,0.036363636,0.163636364,1,0,0.018181818,0.345454545,0.563636364,0.072727273
954,0.951219512,0.048780488,0,0.655737705,0.180327869,0.049180328,0.114754098,1,0.075471698,0,0.245283019,0.622641509,0.056603774
955,0.975,0.025,0.030769231,0.538461538,0.2,0,0.230769231,1,0.153846154,0.019230769,0.307692308,0.5,0.019230769
956,0.951219512,0.048780488,0,0.65,0.166666667,0.033333333,0.15,1,0.056603774,0.037735849,0.320754717,0.566037736,0.018867925
957,0.951219512,0.048780488,0.01754386,0.684210526,0.105263158,0.052631579,0.140350877,1,0.038461538,0.038461538,0.403846154,0.519230769,0
958,0.917647059,0.082352941,0.036363636,0.690909091,0.054545455,0.054545455,0.163636364,1,0.057692308,0.019230769,0.384615385,0.519230769,0.019230769
959,0.962962963,0.037037037,0.070175439,0.666666667,0.052631579,0.035087719,0.175438596,1,0,0.036363636,0.418181818,0.490909091,0.054545455
960,0.951219512,0.048780488,0.0625,0.03125,0.15625,0.171875,0.578125,1,0.730769231,0.019230769,0.134615385,0.096153846,0.019230769
961,0.951219512,0.048780488,0.032258065,0.048387097,0.161290323,0.258064516,0.5,1,0.722222222,0,0,0.203703704,0.074074074
962,0.939759036,0.060240964,0.047619048,0.015873016,0.158730159,0.285714286,0.492063492,1,0.730769231,0.019230769,0.019230769,0.211538462,0.019230769
963,0.886363636,0.113636364,0,0,0.074074074,0.425925926,0.5,1,0.784313725,0,0,0.196078431,0.019607843
964,0.906976744,0.093023256,0,0.055555556,0.074074074,0.444444444,0.425925926,1,0.711538462,0.038461538,0,0.25,0
965,0.928571429,0.071428571,0.037037037,0.037037037,0.037037037,0.407407407,0.481481481,1,0.690909091,0.036363636,0.018181818,0.2,0.054545455
966,0.951219512,0.048780488,0.036363636,0.109090909,0.054545455,0.381818182,0.418181818,1,0.666666667,0.037037037,0.037037037,0.222222222,0.037037037
967,0.962962963,0.037037037,0,0.06,0,0.48,0.46,1,0.666666667,0.070175439,0.052631579,0.157894737,0.052631579
968,0.951219512,0.048780488,0.035087719,0.01754386,0.087719298,0.333333333,0.526315789,1,0.655172414,0.086206897,0.017241379,0.189655172,0.051724138
969,0.896551724,0.103448276,0.072727273,0,0.018181818,0.290909091,0.618181818,1,0.655172414,0,0.034482759,0.172413793,0.137931034
970,0.962962963,0.037037037,0.087719298,0,0.035087719,0.298245614,0.578947368,1,0.65,0.016666667,0.033333333,0.15,0.15
971,0.917647059,0.082352941,0.037735849,0,0.018867925,0.396226415,0.547169811,1,0.590163934,0.06557377,0,0.229508197,0.114754098
972,0.896551724,0.103448276,0,0.02,0,0.44,0.54,1,0.548387097,0.096774194,0,0.258064516,0.096774194
973,0.896551724,0.103448276,0.017857143,0.714285714,0.089285714,0,0.178571429,1,0,0,0.431372549,0.549019608,0.019607843
974,0.917647059,0.082352941,0,0.672413793,0.137931034,0,0.189655172,1,0.06,0,0.42,0.52,0
975,0.906976744,0.093023256,0,0.711538462,0.038461538,0.038461538,0.211538462,1,0.096153846,0.019230769,0.423076923,0.442307692,0.019230769
976,0.939759036,0.060240964,0,0.735849057,0.056603774,0.018867925,0.188679245,1,0.016129032,0.048387097,0.274193548,0.516129032,0.14516129
977,0.939759036,0.060240964,0.019230769,0.75,0.019230769,0,0.211538462,1,0.032258065,0.016129032,0.290322581,0.483870968,0.177419355
978,0.928571429,0.071428571,0,0.764705882,0.019607843,0.078431373,0.137254902,1,0.016949153,0.033898305,0.305084746,0.525423729,0.118644068
979,0.975,0.025,0.081967213,0.62295082,0.098360656,0.016393443,0.180327869,1,0,0.050847458,0.288135593,0.559322034,0.101694915
980,0.962962963,0.037037037,0.074074074,0.722222222,0,0.092592593,0.111111111,1,0.016129032,0,0.225806452,0.564516129,0.193548387
981,0.939759036,0.060240964,0,0.76,0,0.1,0.14,1,0.079365079,0.015873016,0.19047619,0.523809524,0.19047619
982,0.928571429,0.071428571,0.087719298,0.614035088,0.035087719,0.070175439,0.192982456,1,0.037735849,0,0.396226415,0.509433962,0.056603774
983,0.939759036,0.060240964,0.019230769,0.653846154,0.019230769,0.076923077,0.230769231,1,0.161290323,0,0.177419355,0.467741935,0.193548387
984,0.951219512,0.048780488,0,0.625,0.107142857,0.142857143,0.125,1,0.137931034,0.034482759,0.155172414,0.568965517,0.103448276
985,0.975,0.025,0.049180328,0.573770492,0.131147541,0.081967213,0.163934426,1,0.070175439,0.052631579,0.245614035,0.561403509,0.070175439
986,0.962962963,0.037037037,0,0.661016949,0.152542373,0.084745763,0.101694915,1,0.096153846,0,0.288461538,0.576923077,0.038461538
987,0.951219512,0.048780488,0.060606061,0.484848485,0.181818182,0.090909091,0.181818182,1,0.13559322,0.016949153,0.050847458,0.661016949,0.13559322
988,0.987341772,0.012658228,0.048387097,0.596774194,0.14516129,0.032258065,0.177419355,1,0.096774194,0,0.129032258,0.580645161,0.193548387
989,0.962962963,0.037037037,0.072727273,0.672727273,0.018181818,0.054545455,0.181818182,1,0.072727273,0.018181818,0.381818182,0.454545455,0.072727273
990,0.975,0.025,0.111111111,0.555555556,0.095238095,0.015873016,0.222222222,1,0.037735849,0.037735849,0.41509434,0.490566038,0.018867925
991,0.951219512,0.048780488,0.049180328,0.098360656,0.131147541,0.344262295,0.37704918,1,0.666666667,0.019607843,0.019607843,0.294117647,0
992,0.987341772,0.012658228,0.121212121,0.045454545,0.121212121,0.272727273,0.439393939,1,0.589285714,0.053571429,0.017857143,0.285714286,0.053571429
993,0.987341772,0.012658228,0.176470588,0,0.088235294,0.235294118,0.5,1,0.673076923,0,0.115384615,0.173076923,0.038461538
994,0.975,0.025,0.136363636,0.03030303,0.106060606,0.257575758,0.46969697,1,0.648148148,0.018518519,0.037037037,0.240740741,0.055555556
995,0.987341772,0.012658228,0.173913043,0,0.101449275,0.173913043,0.550724638,1,0.648148148,0,0.12962963,0.148148148,0.074074074
996,0.951219512,0.048780488,0.075757576,0.03030303,0.166666667,0.181818182,0.545454545,1,0.745098039,0,0.098039216,0.137254902,0.019607843
997,0.939759036,0.060240964,0.01754386,0,0.105263158,0.192982456,0.684210526,1,0.639344262,0.049180328,0.081967213,0.098360656,0.131147541
998,0.975,0.025,0.032258065,0.064516129,0.161290323,0.080645161,0.661290323,1,0.52238806,0.059701493,0.044776119,0.179104478,0.194029851
999,0.939759036,0.060240964,0,0.690909091,0.090909091,0.054545455,0.163636364,1,0.075471698,0.056603774,0.377358491,0.490566038,0
1000,0.939759036,0.060240964,0.083333333,0.566666667,0.083333333,0,0.266666667,1,0.113207547,0.037735849,0.377358491,0.452830189,0.018867925
1001,0.939759036,0.060240964,0.030769231,0.569230769,0.2,0,0.2,1,0.057692308,0.019230769,0.307692308,0.596153846,0.019230769
1002,0.939759036,0.060240964,0.068965517,0.655172414,0.068965517,0.034482759,0.172413793,1,0,0.072727273,0.363636364,0.545454545,0.018181818
1003,0.975,0.025,0.118644068,0.559322034,0.033898305,0,0.288135593,1,0.032786885,0.06557377,0.344262295,0.442622951,0.114754098
1004,0.917647059,0.082352941,0,0.054545455,0.090909091,0.309090909,0.545454545,1,0.75,0.019230769,0.096153846,0.115384615,0.019230769
1005,0.939759036,0.060240964,0,0.096153846,0.038461538,0.288461538,0.576923077,1,0.6,0.066666667,0.083333333,0.15,0.1
1006,0.962962963,0.037037037,0.016393443,0.06557377,0.163934426,0.278688525,0.475409836,1,0.685185185,0.037037037,0.037037037,0.203703704,0.037037037
1007,0.975,0.025,0.01754386,0.105263158,0.105263158,0.245614035,0.526315789,1,0.453125,0.140625,0.09375,0.234375,0.078125
1008,0.939759036,0.060240964,0,0.06557377,0.180327869,0.278688525,0.475409836,1,0.784313725,0,0,0.196078431,0.019607843
1009,0.857142857,0.142857143,0,0,0.152542373,0.220338983,0.627118644,1,0.769230769,0,0.019230769,0.173076923,0.038461538
1010,0.896551724,0.103448276,0.061538462,0,0.169230769,0.184615385,0.584615385,1,0.716981132,0,0.018867925,0.20754717,0.056603774
1011,0.962962963,0.037037037,0,0.033333333,0.166666667,0.266666667,0.533333333,1,0.684210526,0.070175439,0.01754386,0.175438596,0.052631579
1012,0.975,0.025,0.103448276,0.086206897,0.034482759,0.24137931,0.534482759,1,0.566666667,0.016666667,0.083333333,0.183333333,0.15
1013,0.975,0.025,0.068965517,0.034482759,0.068965517,0.293103448,0.534482759,1,0.678571429,0.035714286,0.089285714,0.125,0.071428571
1014,0.962962963,0.037037037,0.087719298,0.01754386,0.035087719,0.385964912,0.473684211,1,0.722222222,0,0.037037037,0.166666667,0.074074074
1015,0.886363636,0.113636364,0,0.037735849,0.056603774,0.358490566,0.547169811,1,0.735849057,0,0.037735849,0.169811321,0.056603774
1016,0.928571429,0.071428571,0.037037037,0,0.037037037,0.425925926,0.5,1,0.722222222,0.037037037,0.037037037,0.166666667,0.037037037
1017,0.962962963,0.037037037,0.019230769,0.038461538,0.019230769,0.365384615,0.557692308,1,0.629032258,0.048387097,0.016129032,0.161290323,0.14516129
1018,0.917647059,0.082352941,0.035087719,0.087719298,0.087719298,0.280701754,0.50877193,1,0.711538462,0,0.076923077,0.173076923,0.038461538
1019,0.975,0.025,0.068965517,0.137931034,0.068965517,0.275862069,0.448275862,1,0.568965517,0,0.051724138,0.24137931,0.137931034
1020,0.962962963,0.037037037,0.074074074,0.055555556,0,0.37037037,0.5,1,0.566666667,0.05,0.066666667,0.2,0.116666667
1021,0.917647059,0.082352941,0,0.019607843,0.019607843,0.352941176,0.607843137,1,0.666666667,0,0.016666667,0.15,0.166666667
1022,0.917647059,0.082352941,0,0.04,0,0.4,0.56,1,0.661016949,0.016949153,0.016949153,0.169491525,0.13559322
1023,0.939759036,0.060240964,0,0.074074074,0.074074074,0.37037037,0.481481481,1,0.696428571,0,0,0.196428571,0.107142857
1024,0.962962963,0.037037037,0.090909091,0.090909091,0,0.418181818,0.4,1,0.607142857,0,0.035714286,0.25,0.107142857
1025,0.939759036,0.060240964,0.055555556,0.092592593,0.018518519,0.203703704,0.62962963,1,0.553846154,0,0.030769231,0.184615385,0.230769231
1026,0.962962963,0.037037037,0.081967213,0,0.098360656,0.278688525,0.540983607,1,0.548387097,0.096774194,0.016129032,0.241935484,0.096774194
1027,0.906976744,0.093023256,0.019230769,0.75,0.019230769,0,0.211538462,1,0.037037037,0,0.425925926,0.462962963,0.074074074
1028,0.896551724,0.103448276,0.019230769,0.75,0.019230769,0,0.211538462,1,0.038461538,0,0.461538462,0.461538462,0.038461538
1029,0.866666667,0.133333333,0.019230769,0.75,0.019230769,0,0.211538462,1,0.019607843,0,0.450980392,0.509803922,0.019607843
1030,0.975,0.025,0.101694915,0.559322034,0.050847458,0.06779661,0.220338983,1,0.016666667,0.116666667,0.316666667,0.5,0.05
1031,0.906976744,0.093023256,0.034482759,0.017241379,0.103448276,0.362068966,0.482758621,1,0.745098039,0.019607843,0.019607843,0.215686275,0
1032,0.928571429,0.071428571,0.051724138,0,0.086206897,0.362068966,0.5,1,0.722222222,0.018518519,0,0.203703704,0.055555556
1033,0.928571429,0.071428571,0,0.018867925,0.056603774,0.41509434,0.509433962,1,0.690909091,0.072727273,0.054545455,0.163636364,0.018181818
1034,0.962962963,0.037037037,0.015873016,0.047619048,0.19047619,0.26984127,0.476190476,1,0.703703704,0.037037037,0,0.222222222,0.037037037
1035,1,0,0.059701493,0.044776119,0.194029851,0.23880597,0.462686567,1,0.8,0,0.04,0.16,0
1036,0.975,0.025,0.063492063,0.015873016,0.142857143,0.317460317,0.46031746,1,0.769230769,0,0,0.192307692,0.038461538
1037,0.975,0.025,0.055555556,0.037037037,0.018518519,0.333333333,0.555555556,1,0.566666667,0.116666667,0.133333333,0.133333333,0.05
1038,0.951219512,0.048780488,0.0625,0,0.15625,0.28125,0.5,1,0.716981132,0.056603774,0.018867925,0.20754717,0
1039,0.962962963,0.037037037,0.033898305,0.016949153,0.118644068,0.355932203,0.474576271,1,0.769230769,0.019230769,0.038461538,0.153846154,0.019230769
1040,0.951219512,0.048780488,0.060606061,0.03030303,0.181818182,0.272727273,0.454545455,1,0.76,0,0,0.24,0
1041,0.951219512,0.048780488,0.037037037,0,0.037037037,0.444444444,0.481481481,1,0.678571429,0.107142857,0.035714286,0.178571429,0
1042,0.951219512,0.048780488,0.090909091,0.090909091,0,0.4,0.418181818,1,0.653846154,0.019230769,0.115384615,0.192307692,0.019230769
1043,0.917647059,0.082352941,0.018518519,0.037037037,0.055555556,0.407407407,0.481481481,1,0.5,0.177419355,0,0.306451613,0.016129032
1044,0.951219512,0.048780488,0.033333333,0,0.133333333,0.333333333,0.5,1,0.678571429,0.089285714,0,0.214285714,0.017857143
1045,0.951219512,0.048780488,0,0.084745763,0.152542373,0.305084746,0.457627119,1,0.75,0.019230769,0.019230769,0.192307692,0.019230769
1046,0.939759036,0.060240964,0,0.0625,0.21875,0.203125,0.515625,1,0.8,0,0.04,0.16,0
1047,0.962962963,0.037037037,0.017241379,0,0.120689655,0.344827586,0.517241379,1,0.684210526,0.087719298,0.01754386,0.175438596,0.035087719
1048,1,0,0.105263158,0.013157895,0.236842105,0.157894737,0.486842105,1,0.711538462,0.019230769,0,0.25,0.019230769
1049,0.975,0.025,0.03125,0.03125,0.1875,0.28125,0.46875,1,0.769230769,0.019230769,0,0.192307692,0.019230769
1050,0.975,0.025,0.015873016,0.079365079,0.19047619,0.301587302,0.412698413,1,0.711538462,0.038461538,0,0.25,0
1051,0.951219512,0.048780488,0.050847458,0,0.101694915,0.288135593,0.559322034,1,0.727272727,0.018181818,0.054545455,0.127272727,0.072727273
1052,0.917647059,0.082352941,0.019607843,0.039215686,0,0.431372549,0.509803922,1,0.627118644,0.033898305,0,0.220338983,0.118644068
1053,0.939759036,0.060240964,0.037037037,0.055555556,0.037037037,0.425925926,0.444444444,1,0.685185185,0.018518519,0.037037037,0.203703704,0.055555556
1054,0.939759036,0.060240964,0.086206897,0.017241379,0.051724138,0.310344828,0.534482759,1,0.583333333,0.066666667,0.016666667,0.233333333,0.1
1055,0.962962963,0.037037037,0.105263158,0,0.01754386,0.157894737,0.719298246,1,0.573529412,0,0.029411765,0.132352941,0.264705882
1056,0.928571429,0.071428571,0,0.019607843,0.019607843,0.117647059,0.843137255,1,0.549295775,0.014084507,0.056338028,0.098591549,0.281690141
1057,0.928571429,0.071428571,0.016949153,0,0.13559322,0.084745763,0.762711864,1,0.588235294,0,0,0.147058824,0.264705882
1058,0.928571429,0.071428571,0,0.018867925,0.056603774,0.226415094,0.698113208,1,0.615384615,0,0.015384615,0.138461538,0.230769231
1059,0.951219512,0.048780488,0.106060606,0.03030303,0.136363636,0.060606061,0.666666667,1,0.470588235,0.058823529,0.029411765,0.235294118,0.205882353
1060,0.951219512,0.048780488,0.037735849,0.113207547,0.018867925,0.320754717,0.509433962,1,0.476923077,0.092307692,0.030769231,0.261538462,0.138461538
1061,0.951219512,0.048780488,0.035087719,0.052631579,0.087719298,0.245614035,0.578947368,1,0.62295082,0.016393443,0.016393443,0.180327869,0.163934426
1062,0.951219512,0.048780488,0.152542373,0.101694915,0,0.389830508,0.355932203,1,0.596153846,0,0.057692308,0.307692308,0.038461538
1063,0.962962963,0.037037037,0.174603175,0.111111111,0.031746032,0.365079365,0.317460317,1,0.56,0,0.08,0.36,0
1064,0.928571429,0.071428571,0.116666667,0.083333333,0.05,0.316666667,0.433333333,1,0.58490566,0.018867925,0.075471698,0.283018868,0.037735849
1065,0.951219512,0.048780488,0.019230769,0.019230769,0.019230769,0.403846154,0.538461538,1,0.62295082,0.06557377,0.016393443,0.180327869,0.114754098
1066,0.906976744,0.093023256,0,0,0,0.44,0.56,1,0.484848485,0.181818182,0,0.272727273,0.060606061
1067,0.951219512,0.048780488,0.019230769,0,0.019230769,0.403846154,0.557692308,1,0.633333333,0.066666667,0.05,0.15,0.1
1068,0.987341772,0.012658228,0.032786885,0.049180328,0.147540984,0.262295082,0.508196721,1,0.714285714,0.017857143,0.017857143,0.160714286,0.089285714
1069,0.886363636,0.113636364,0.019230769,0.019230769,0.019230769,0.423076923,0.519230769,1,0.711538462,0.038461538,0.076923077,0.173076923,0
1070,0.886363636,0.113636364,0.018867925,0.018867925,0.037735849,0.396226415,0.528301887,1,0.769230769,0,0.019230769,0.173076923,0.038461538
1071,0.951219512,0.048780488,0.046153846,0.046153846,0.184615385,0.230769231,0.492307692,1,0.711538462,0.019230769,0.038461538,0.211538462,0.019230769
1072,0.928571429,0.071428571,0.019230769,0.038461538,0.019230769,0.442307692,0.480769231,1,0.678571429,0.071428571,0.017857143,0.196428571,0.035714286
1073,0.951219512,0.048780488,0.018867925,0.018867925,0.037735849,0.396226415,0.528301887,1,0.672413793,0.068965517,0.034482759,0.155172414,0.068965517
1074,0.917647059,0.082352941,0,0.02,0,0.46,0.52,1,0.740740741,0.018518519,0.055555556,0.12962963,0.055555556
1075,0.939759036,0.060240964,0.033898305,0.06779661,0.118644068,0.338983051,0.440677966,1,0.730769231,0.019230769,0,0.230769231,0.019230769
1076,0.951219512,0.048780488,0.036363636,0.109090909,0.054545455,0.327272727,0.472727273,1,0.576271186,0.050847458,0.033898305,0.237288136,0.101694915
1077,0.928571429,0.071428571,0.038461538,0.038461538,0,0.403846154,0.519230769,1,0.722222222,0,0.074074074,0.12962963,0.074074074
1078,0.975,0.025,0.019230769,0.076923077,0.019230769,0.423076923,0.461538462,1,0.633333333,0.033333333,0,0.2,0.133333333
1079,0.951219512,0.048780488,0.037735849,0.075471698,0.018867925,0.20754717,0.660377358,1,0.560606061,0.03030303,0.045454545,0.151515152,0.212121212
1080,0.939759036,0.060240964,0.037037037,0,0.037037037,0.12962963,0.796296296,1,0.558823529,0.029411765,0.088235294,0.088235294,0.235294118
1081,0.962962963,0.037037037,0.018181818,0.109090909,0.072727273,0.109090909,0.690909091,1,0.52238806,0.044776119,0.089552239,0.134328358,0.208955224
1082,0.939759036,0.060240964,0,0.4,0.166666667,0.083333333,0.35,1,0.280701754,0.052631579,0.192982456,0.403508772,0.070175439
1083,0.962962963,0.037037037,0.071428571,0.035714286,0.035714286,0.267857143,0.589285714,1,0.661016949,0.016949153,0.06779661,0.118644068,0.13559322
1084,0.939759036,0.060240964,0.109375,0.03125,0.109375,0.3125,0.4375,1,0.68627451,0.019607843,0.019607843,0.274509804,0
1085,0.962962963,0.037037037,0.101694915,0.016949153,0.050847458,0.355932203,0.474576271,1,0.672727273,0,0.036363636,0.2,0.090909091
1086,0.917647059,0.082352941,0,0.074074074,0.074074074,0.351851852,0.5,1,0.642857143,0.017857143,0.035714286,0.214285714,0.089285714
1087,0.906976744,0.093023256,0.054545455,0,0.036363636,0.309090909,0.6,1,0.709090909,0,0.072727273,0.127272727,0.090909091
1088,0.917647059,0.082352941,0.050847458,0.016949153,0.101694915,0.338983051,0.491525424,1,0.75,0,0,0.211538462,0.038461538
1089,0.987341772,0.012658228,0.035087719,0.01754386,0.087719298,0.421052632,0.438596491,1,0.696428571,0.089285714,0,0.196428571,0.017857143
1090,0.928571429,0.071428571,0.01754386,0.105263158,0.105263158,0.263157895,0.50877193,1,0.631578947,0,0.01754386,0.228070175,0.122807018
1091,0.951219512,0.048780488,0.018518519,0.018518519,0.055555556,0.37037037,0.537037037,1,0.677966102,0.050847458,0,0.169491525,0.101694915
1092,0.962962963,0.037037037,0.054545455,0.072727273,0.036363636,0.4,0.436363636,1,0.586206897,0.086206897,0.034482759,0.24137931,0.051724138
1093,0.951219512,0.048780488,0.037735849,0.113207547,0.018867925,0.377358491,0.452830189,1,0.610169492,0,0,0.237288136,0.152542373
1094,0.975,0.025,0.054545455,0.072727273,0.036363636,0.309090909,0.527272727,1,0.65,0,0.016666667,0.166666667,0.166666667
1095,0.987341772,0.012658228,0.084745763,0.627118644,0.06779661,0.050847458,0.169491525,1,0.017857143,0.053571429,0.375,0.5,0.053571429
1096,0.928571429,0.071428571,0.053571429,0.696428571,0.053571429,0.053571429,0.142857143,1,0.037037037,0.018518519,0.333333333,0.555555556,0.055555556
1097,0.975,0.025,0.101694915,0.610169492,0.050847458,0.118644068,0.118644068,1,0.053571429,0,0.267857143,0.571428571,0.107142857
1098,0.906976744,0.093023256,0,0.075471698,0.056603774,0.339622642,0.528301887,1,0.703703704,0.037037037,0.055555556,0.166666667,0.037037037
1099,0.928571429,0.071428571,0.019230769,0.038461538,0.019230769,0.423076923,0.5,1,0.722222222,0.037037037,0.055555556,0.148148148,0.037037037
1100,0.951219512,0.048780488,0.037735849,0.037735849,0.018867925,0.41509434,0.490566038,1,0.684210526,0.035087719,0.01754386,0.175438596,0.087719298
1101,0.951219512,0.048780488,0.035087719,0.052631579,0.087719298,0.245614035,0.578947368,1,0.690909091,0.036363636,0.127272727,0.090909091,0.054545455
1102,0.951219512,0.048780488,0.084745763,0.033898305,0.06779661,0.372881356,0.440677966,1,0.716981132,0.018867925,0,0.226415094,0.037735849
1103,0.951219512,0.048780488,0.045454545,0.03030303,0.196969697,0.227272727,0.5,1,0.745098039,0.019607843,0.039215686,0.196078431,0
1104,0.975,0.025,0.032258065,0.032258065,0.161290323,0.258064516,0.516129032,1,0.709090909,0.036363636,0.036363636,0.163636364,0.054545455
1105,0.917647059,0.082352941,0,0.017857143,0.107142857,0.285714286,0.589285714,1,0.754716981,0,0.094339623,0.094339623,0.056603774
1106,0.928571429,0.071428571,0.018518519,0,0.055555556,0.351851852,0.574074074,1,0.666666667,0.052631579,0.070175439,0.140350877,0.070175439
1107,0.962962963,0.037037037,0.037735849,0.056603774,0.018867925,0.471698113,0.41509434,1,0.631578947,0.070175439,0.01754386,0.228070175,0.052631579
1108,0.962962963,0.037037037,0.080645161,0.032258065,0.112903226,0.338709677,0.435483871,1,0.578947368,0.070175439,0,0.298245614,0.052631579
1109,0.917647059,0.082352941,0,0.039215686,0.019607843,0.470588235,0.470588235,1,0.649122807,0.070175439,0,0.228070175,0.052631579
1110,0.917647059,0.082352941,0,0.16,0,0.38,0.46,1,0.614035088,0.01754386,0.035087719,0.228070175,0.105263158
1111,0.928571429,0.071428571,0,0.039215686,0.019607843,0.411764706,0.529411765,1,0.672413793,0.051724138,0.017241379,0.172413793,0.086206897
1112,0.962962963,0.037037037,0.018181818,0,0.072727273,0.290909091,0.618181818,1,0.62295082,0.098360656,0.081967213,0.114754098,0.081967213
1113,0.962962963,0.037037037,0,0.057692308,0.038461538,0.269230769,0.634615385,1,0.634920635,0.031746032,0.047619048,0.111111111,0.174603175
1114,0.928571429,0.071428571,0.038461538,0.038461538,0,0.346153846,0.576923077,1,0.655172414,0.017241379,0.068965517,0.137931034,0.120689655
1115,0.917647059,0.082352941,0,0.039215686,0.019607843,0.450980392,0.490196078,1,0.696428571,0.035714286,0,0.196428571,0.071428571
1116,0.928571429,0.071428571,0.019607843,0,0,0.274509804,0.705882353,1,0.615384615,0.015384615,0.030769231,0.123076923,0.215384615
1117,0.962962963,0.037037037,0.037735849,0,0.018867925,0.339622642,0.603773585,1,0.571428571,0.095238095,0.079365079,0.142857143,0.111111111
1118,0.962962963,0.037037037,0.018867925,0.056603774,0.037735849,0.301886792,0.58490566,1,0.64516129,0,0.016129032,0.14516129,0.193548387
1119,0.906976744,0.093023256,0.018518519,0.074074074,0.055555556,0.333333333,0.518518519,1,0.620689655,0.017241379,0,0.24137931,0.120689655
1120,0.917647059,0.082352941,0,0,0,0.42,0.58,1,0.612903226,0.080645161,0,0.193548387,0.112903226
1121,0.896551724,0.103448276,0.019230769,0,0.019230769,0.442307692,0.519230769,1,0.754716981,0,0.018867925,0.169811321,0.056603774
1122,0.906976744,0.093023256,0.055555556,0.055555556,0.018518519,0.407407407,0.462962963,1,0.698113208,0.018867925,0.018867925,0.226415094,0.037735849
1123,0.928571429,0.071428571,0.018518519,0,0.055555556,0.388888889,0.537037037,1,0.631578947,0.105263158,0.070175439,0.175438596,0.01754386
1124,0.928571429,0.071428571,0,0.017241379,0.137931034,0.275862069,0.568965517,1,0.696428571,0.035714286,0.035714286,0.160714286,0.071428571
1125,0.939759036,0.060240964,0,0,0.074074074,0.277777778,0.648148148,1,0.639344262,0.049180328,0.06557377,0.114754098,0.131147541
1126,0.876404494,0.123595506,0.01754386,0.01754386,0.105263158,0.298245614,0.561403509,1,0.78,0,0.06,0.16,0
1127,0.917647059,0.082352941,0,0.017857143,0.107142857,0.267857143,0.607142857,1,0.684210526,0.035087719,0.052631579,0.140350877,0.087719298
1128,0.896551724,0.103448276,0.01754386,0,0.105263158,0.350877193,0.526315789,1,0.764705882,0,0.039215686,0.176470588,0.019607843
1129,0.896551724,0.103448276,0.016949153,0,0.13559322,0.271186441,0.576271186,1,0.678571429,0.035714286,0,0.214285714,0.071428571
1130,0.917647059,0.082352941,0,0.036363636,0.090909091,0.327272727,0.545454545,1,0.727272727,0.018181818,0.018181818,0.163636364,0.072727273
1131,0.975,0.025,0.016949153,0.016949153,0.13559322,0.322033898,0.508474576,1,0.684210526,0.070175439,0.01754386,0.175438596,0.052631579
1132,1,0,0.03030303,0.106060606,0.212121212,0.212121212,0.439393939,1,0.76,0,0.06,0.18,0
1133,0.975,0.025,0.048387097,0.080645161,0.14516129,0.225806452,0.5,1,0.620689655,0.034482759,0.017241379,0.224137931,0.103448276
1134,1,0,0.016949153,0.050847458,0.13559322,0.169491525,0.627118644,1,0.603174603,0.079365079,0.079365079,0.111111111,0.126984127
1135,0.975,0.025,0.067567568,0.027027027,0.256756757,0.121621622,0.527027027,1,0.745098039,0.019607843,0.039215686,0.196078431,0
1136,0.987341772,0.012658228,0.054054054,0.013513514,0.27027027,0.040540541,0.621621622,1,0.689655172,0.034482759,0.017241379,0.155172414,0.103448276
1137,0.962962963,0.037037037,0.042253521,0.014084507,0.253521127,0.070422535,0.61971831,1,0.53968254,0.095238095,0.015873016,0.238095238,0.111111111
1138,0.896551724,0.103448276,0,0.754716981,0.056603774,0.037735849,0.150943396,1,0,0,0.396226415,0.547169811,0.056603774
1139,0.928571429,0.071428571,0,0.722222222,0.074074074,0.018518519,0.185185185,1,0.055555556,0,0.388888889,0.481481481,0.074074074
1140,0.939759036,0.060240964,0.072727273,0.690909091,0.018181818,0.072727273,0.145454545,1,0.018867925,0.037735849,0.41509434,0.509433962,0.018867925
1141,0.906976744,0.093023256,0.051724138,0.637931034,0.086206897,0.017241379,0.206896552,1,0,0.035087719,0.298245614,0.578947368,0.087719298
1142,0.939759036,0.060240964,0.038461538,0.75,0,0.076923077,0.134615385,1,0.032258065,0.016129032,0.225806452,0.548387097,0.177419355
1143,0.939759036,0.060240964,0.072727273,0.618181818,0.018181818,0.127272727,0.163636364,1,0.047619048,0.047619048,0.174603175,0.571428571,0.158730159
1144,0.975,0.025,0.035087719,0.596491228,0.087719298,0.01754386,0.263157895,1,0.058823529,0.073529412,0.176470588,0.5,0.191176471
1145,0.951219512,0.048780488,0.06779661,0.644067797,0.084745763,0,0.203389831,1,0.05,0,0.233333333,0.55,0.166666667
1146,0.906976744,0.093023256,0,0.655172414,0.137931034,0.103448276,0.103448276,1,0.076923077,0,0.230769231,0.653846154,0.038461538
1147,0.906976744,0.093023256,0.016949153,0.661016949,0.13559322,0.033898305,0.152542373,1,0.039215686,0,0.333333333,0.607843137,0.019607843
1148,0.939759036,0.060240964,0.06779661,0,0.084745763,0.372881356,0.474576271,1,0.764705882,0,0.039215686,0.176470588,0.019607843
1149,0.962962963,0.037037037,0.051724138,0.068965517,0.086206897,0.379310345,0.413793103,1,0.685185185,0.037037037,0,0.240740741,0.037037037
1150,0.951219512,0.048780488,0.017857143,0.035714286,0.089285714,0.321428571,0.535714286,1,0.709090909,0.072727273,0.072727273,0.127272727,0.018181818
1151,0.906976744,0.093023256,0,0.113207547,0.056603774,0.396226415,0.433962264,1,0.660377358,0.037735849,0.037735849,0.245283019,0.018867925
1152,0.886363636,0.113636364,0,0.04,0,0.4,0.56,1,0.740740741,0,0.037037037,0.148148148,0.074074074
1153,0.939759036,0.060240964,0.056603774,0.018867925,0,0.377358491,0.547169811,1,0.684210526,0,0.052631579,0.140350877,0.122807018
1154,0.906976744,0.093023256,0.018518519,0.740740741,0.055555556,0.037037037,0.148148148,1,0.018518519,0.018518519,0.351851852,0.555555556,0.055555556
1155,0.928571429,0.071428571,0.087719298,0.666666667,0.035087719,0.035087719,0.175438596,1,0.016129032,0,0.193548387,0.596774194,0.193548387
1156,0.975,0.025,0.074074074,0.703703704,0,0.018518519,0.203703704,1,0.031746032,0.031746032,0.285714286,0.476190476,0.174603175
1157,0.939759036,0.060240964,0.038461538,0.730769231,0,0,0.230769231,1,0.046153846,0.015384615,0.230769231,0.492307692,0.215384615
1158,0.962962963,0.037037037,0.018181818,0.709090909,0.072727273,0,0.2,1,0.086206897,0,0.310344828,0.465517241,0.137931034
1159,0.962962963,0.037037037,0.016949153,0.644067797,0.13559322,0,0.203389831,1,0,0.087719298,0.368421053,0.50877193,0.035087719
1160,0.917647059,0.082352941,0,0.690909091,0.090909091,0.018181818,0.2,1,0.072727273,0.018181818,0.327272727,0.509090909,0.072727273
1161,0.917647059,0.082352941,0,0.7,0,0,0.3,1,0.109090909,0.054545455,0.454545455,0.345454545,0.036363636
1162,0.962962963,0.037037037,0.037735849,0.660377358,0.018867925,0.018867925,0.264150943,1,0.09375,0.015625,0.25,0.4375,0.203125
1163,0.951219512,0.048780488,0,0.76,0,0,0.24,1,0.112903226,0,0.274193548,0.419354839,0.193548387
1164,0.928571429,0.071428571,0,0.8,0,0,0.2,1,0.016666667,0.016666667,0.35,0.466666667,0.15
1165,0.962962963,0.037037037,0,0.8,0,0.04,0.16,1,0.016666667,0.066666667,0.366666667,0.45,0.1
1166,0.951219512,0.048780488,0,0.137254902,0.019607843,0.274509804,0.568627451,1,0.5625,0.015625,0.03125,0.1875,0.203125
1167,0.951219512,0.048780488,0,0.703703704,0.074074074,0.037037037,0.185185185,1,0.109090909,0.018181818,0.345454545,0.454545455,0.072727273
1168,0.987341772,0.012658228,0.017857143,0.714285714,0.089285714,0.035714286,0.142857143,1,0.089285714,0.017857143,0.321428571,0.482142857,0.089285714
1169,0.962962963,0.037037037,0,0.684210526,0.122807018,0.035087719,0.157894737,1,0.055555556,0.055555556,0.37037037,0.5,0.018518519
1170,0.951219512,0.048780488,0.033333333,0.566666667,0.133333333,0.016666667,0.25,1,0.034482759,0.086206897,0.327586207,0.5,0.051724138
1171,0.928571429,0.071428571,0.01754386,0.01754386,0.105263158,0.298245614,0.561403509,1,0.722222222,0.018518519,0.074074074,0.12962963,0.055555556
1172,0.906976744,0.093023256,0,0,0.137931034,0.344827586,0.517241379,1,0.784313725,0.019607843,0.019607843,0.176470588,0
1173,0.939759036,0.060240964,0,0.016666667,0.166666667,0.316666667,0.5,1,0.690909091,0.090909091,0,0.218181818,0
1174,0.928571429,0.071428571,0,0.016666667,0.166666667,0.233333333,0.583333333,1,0.655172414,0.068965517,0.017241379,0.189655172,0.068965517
1175,0.906976744,0.093023256,0,0.036363636,0.090909091,0.345454545,0.527272727,1,0.754716981,0,0.018867925,0.169811321,0.056603774
1176,0.928571429,0.071428571,0,0.094339623,0.056603774,0.433962264,0.41509434,1,0.730769231,0,0.019230769,0.211538462,0.038461538
1177,0.939759036,0.060240964,0.052631579,0.035087719,0.070175439,0.368421053,0.473684211,1,0.716981132,0.018867925,0.037735849,0.188679245,0.037735849
1178,0.886363636,0.113636364,0,0.038461538,0.038461538,0.403846154,0.519230769,1,0.769230769,0,0.019230769,0.173076923,0.038461538
1179,0.896551724,0.103448276,0.035087719,0.035087719,0.087719298,0.298245614,0.543859649,1,0.660377358,0.056603774,0.094339623,0.188679245,0
1180,0.975,0.025,0.053571429,0.035714286,0.053571429,0.321428571,0.535714286,1,0.655172414,0.051724138,0.068965517,0.137931034,0.086206897
1181,0.917647059,0.082352941,0.017241379,0.034482759,0.120689655,0.293103448,0.534482759,1,0.740740741,0,0,0.185185185,0.074074074
1182,0.939759036,0.060240964,0.054545455,0,0.036363636,0.236363636,0.672727273,1,0.606557377,0.081967213,0.114754098,0.098360656,0.098360656
1183,0.928571429,0.071428571,0,0.716981132,0.056603774,0.056603774,0.169811321,1,0.035087719,0.070175439,0.333333333,0.50877193,0.052631579
1184,0.917647059,0.082352941,0.019230769,0.75,0.019230769,0.057692308,0.153846154,1,0.054545455,0,0.345454545,0.509090909,0.090909091
1185,0.975,0.025,0.076923077,0.584615385,0.153846154,0.030769231,0.153846154,1,0.019607843,0.019607843,0.37254902,0.588235294,0
1186,0.951219512,0.048780488,0.015873016,0.619047619,0.19047619,0.015873016,0.158730159,1,0.057692308,0.038461538,0.307692308,0.596153846,0
1187,0.951219512,0.048780488,0.066666667,0.616666667,0.1,0.016666667,0.2,1,0,0.050847458,0.288135593,0.559322034,0.101694915
1188,0.939759036,0.060240964,0,0.678571429,0.107142857,0.017857143,0.196428571,1,0.016393443,0.06557377,0.262295082,0.540983607,0.114754098
1189,0.962962963,0.037037037,0.019607843,0.68627451,0,0.137254902,0.156862745,1,0.09375,0.078125,0.1875,0.5,0.140625
1190,0.951219512,0.048780488,0.017857143,0.678571429,0.089285714,0.035714286,0.178571429,1,0.071428571,0.017857143,0.321428571,0.5,0.089285714
1191,0.939759036,0.060240964,0,0.769230769,0.038461538,0.057692308,0.134615385,1,0.018518519,0.055555556,0.425925926,0.481481481,0.018518519
1192,0.939759036,0.060240964,0,0.784313725,0.019607843,0.058823529,0.137254902,1,0.035714286,0.053571429,0.375,0.482142857,0.053571429
1193,0.975,0.025,0.052631579,0.631578947,0.070175439,0.052631579,0.192982456,1,0,0.096774194,0.290322581,0.516129032,0.096774194
1194,0.962962963,0.037037037,0,0.634920635,0.206349206,0,0.158730159,1,0.078431373,0.019607843,0.333333333,0.568627451,0
1195,0.917647059,0.082352941,0,0.610169492,0.152542373,0.084745763,0.152542373,1,0.072727273,0.036363636,0.218181818,0.618181818,0.054545455
1196,0.939759036,0.060240964,0.016949153,0.627118644,0.13559322,0,0.220338983,1,0.053571429,0.089285714,0.321428571,0.517857143,0.017857143
1197,0.939759036,0.060240964,0,0.584615385,0.230769231,0.015384615,0.169230769,1,0.076923077,0,0.25,0.634615385,0.038461538
1198,0.906976744,0.093023256,0,0.018867925,0.056603774,0.320754717,0.603773585,1,0.727272727,0.018181818,0.072727273,0.109090909,0.072727273
1199,0.928571429,0.071428571,0,0.056603774,0.056603774,0.471698113,0.41509434,1,0.75,0.019230769,0,0.211538462,0.019230769
1200,0.975,0.025,0.053571429,0.035714286,0.053571429,0.392857143,0.464285714,1,0.703703704,0.074074074,0.074074074,0.148148148,0
1201,0.951219512,0.048780488,0,0.033333333,0.166666667,0.316666667,0.483333333,1,0.754716981,0.037735849,0,0.188679245,0.018867925
1202,0.906976744,0.093023256,0,0,0.152542373,0.254237288,0.593220339,1,0.769230769,0,0.076923077,0.115384615,0.038461538
1203,0.928571429,0.071428571,0,0.76,0,0.04,0.2,1,0.014925373,0.059701493,0.208955224,0.52238806,0.194029851
1204,0.951219512,0.048780488,0.050847458,0.084745763,0.101694915,0.288135593,0.474576271,1,0.679245283,0.018867925,0.075471698,0.188679245,0.037735849
1205,0.939759036,0.060240964,0.138461538,0.030769231,0.092307692,0.2,0.538461538,1,0.622641509,0.018867925,0.132075472,0.188679245,0.037735849
1206,0.987341772,0.012658228,0.107142857,0.660714286,0,0.053571429,0.178571429,1,0.034482759,0.017241379,0.362068966,0.465517241,0.120689655
1207,0.962962963,0.037037037,0.126984127,0.571428571,0.079365079,0.111111111,0.111111111,1,0,0.019230769,0.326923077,0.634615385,0.019230769
1208,0.917647059,0.082352941,0.033898305,0.610169492,0.118644068,0,0.237288136,1,0.018867925,0.056603774,0.41509434,0.509433962,0
1209,0.951219512,0.048780488,0,0.65,0.166666667,0.05,0.133333333,1,0.037037037,0.055555556,0.296296296,0.592592593,0.018518519
1210,0.975,0.025,0.052631579,0.666666667,0.070175439,0,0.210526316,1,0.072727273,0.036363636,0.4,0.436363636,0.054545455
1211,0.951219512,0.048780488,0,0.74,0,0.12,0.14,1,0.061538462,0.046153846,0.184615385,0.523076923,0.184615385
1212,0.962962963,0.037037037,0.018518519,0.648148148,0.055555556,0.037037037,0.240740741,1,0.06779661,0.06779661,0.355932203,0.423728814,0.084745763
1213,0.928571429,0.071428571,0.038461538,0.153846154,0,0.288461538,0.519230769,1,0.622641509,0.018867925,0.20754717,0.113207547,0.037735849
1214,0.917647059,0.082352941,0,0.089285714,0.107142857,0.357142857,0.446428571,1,0.76,0,0.04,0.2,0
1215,0.928571429,0.071428571,0,0.018518519,0.074074074,0.351851852,0.555555556,1,0.627118644,0.084745763,0.033898305,0.186440678,0.06779661
1216,0.939759036,0.060240964,0.033898305,0.033898305,0.118644068,0.271186441,0.542372881,1,0.627118644,0.050847458,0,0.220338983,0.101694915
1217,0.939759036,0.060240964,0.055555556,0.685185185,0.018518519,0.111111111,0.12962963,1,0.035714286,0.017857143,0.321428571,0.535714286,0.089285714
1218,0.951219512,0.048780488,0,0.655172414,0.137931034,0.017241379,0.189655172,1,0.052631579,0.052631579,0.298245614,0.526315789,0.070175439
1219,0.962962963,0.037037037,0.086206897,0.637931034,0.051724138,0.086206897,0.137931034,1,0,0.049180328,0.229508197,0.590163934,0.131147541
1220,1,0,0.070175439,0.684210526,0.052631579,0.01754386,0.175438596,1,0.05,0.016666667,0.3,0.483333333,0.15
1221,0.939759036,0.060240964,0.037735849,0.735849057,0.018867925,0.056603774,0.150943396,1,0.035087719,0,0.333333333,0.50877193,0.122807018
1222,0.962962963,0.037037037,0.177419355,0.564516129,0.016129032,0.016129032,0.225806452,1,0,0,0.350877193,0.526315789,0.122807018
1223,0.975,0.025,0.131147541,0.606557377,0.049180328,0.032786885,0.180327869,1,0.018181818,0,0.363636364,0.527272727,0.090909091
1224,0.939759036,0.060240964,0.037037037,0.722222222,0.037037037,0,0.203703704,1,0.052631579,0.01754386,0.350877193,0.473684211,0.105263158
1225,0.939759036,0.060240964,0.018867925,0.735849057,0.037735849,0.056603774,0.150943396,1,0,0.072727273,0.418181818,0.490909091,0.018181818
1226,0.975,0.025,0.016949153,0.644067797,0.13559322,0.016949153,0.186440678,1,0.037037037,0.074074074,0.407407407,0.481481481,0
1227,0.951219512,0.048780488,0.016666667,0.6,0.15,0.016666667,0.216666667,1,0.098039216,0.019607843,0.411764706,0.470588235,0
1228,0.975,0.025,0.051724138,0.672413793,0.086206897,0.034482759,0.155172414,1,0.058823529,0.019607843,0.450980392,0.470588235,0
1229,0.928571429,0.071428571,0,0.727272727,0.090909091,0,0.181818182,1,0,0.071428571,0.375,0.517857143,0.035714286
1230,0.928571429,0.071428571,0,0.725490196,0.019607843,0.019607843,0.235294118,1,0,0.109375,0.296875,0.484375,0.109375
1231,0.962962963,0.037037037,0.053571429,0.017857143,0.053571429,0.357142857,0.517857143,1,0.689655172,0,0,0.172413793,0.137931034
1232,0.951219512,0.048780488,0.084745763,0.627118644,0.06779661,0.033898305,0.186440678,1,0,0.035714286,0.357142857,0.535714286,0.071428571
1233,1,0,0.055555556,0.074074074,0.018518519,0.296296296,0.555555556,1,0.6,0.015384615,0,0.169230769,0.215384615
1234,0.975,0.025,0.090909091,0.054545455,0,0.381818182,0.472727273,1,0.616666667,0,0,0.216666667,0.166666667
1235,0.951219512,0.048780488,0,0.053571429,0.107142857,0.321428571,0.517857143,1,0.727272727,0.036363636,0.036363636,0.145454545,0.054545455
1236,0.975,0.025,0,0.018181818,0.090909091,0.4,0.490909091,1,0.580645161,0.129032258,0,0.225806452,0.064516129
1237,0.975,0.025,0,0,0.038461538,0.403846154,0.557692308,1,0.634920635,0.095238095,0,0.158730159,0.111111111
1238,0.975,0.025,0.053571429,0.035714286,0.053571429,0.375,0.482142857,1,0.666666667,0.052631579,0.035087719,0.175438596,0.070175439
1239,0.939759036,0.060240964,0,0.661016949,0.152542373,0.016949153,0.169491525,1,0.037735849,0.056603774,0.358490566,0.547169811,0
1240,1,0,0.032258065,0.612903226,0.161290323,0.016129032,0.177419355,1,0.016129032,0.096774194,0.225806452,0.564516129,0.096774194
1241,0.962962963,0.037037037,0,0.649122807,0.122807018,0.070175439,0.157894737,1,0.070175439,0.087719298,0.280701754,0.526315789,0.035087719
1242,0.962962963,0.037037037,0,0.649122807,0.122807018,0,0.228070175,1,0.051724138,0.103448276,0.344827586,0.465517241,0.034482759
1243,0.962962963,0.037037037,0.049180328,0.573770492,0.131147541,0.016393443,0.229508197,1,0,0.122807018,0.368421053,0.50877193,0
1244,0.987341772,0.012658228,0.031746032,0.619047619,0.174603175,0.015873016,0.158730159,1,0.057692308,0.038461538,0.365384615,0.538461538,0
1245,0.939759036,0.060240964,0.042857143,0.528571429,0.242857143,0.028571429,0.157142857,1,0.038461538,0,0.192307692,0.730769231,0.038461538
1246,0.928571429,0.071428571,0.03030303,0.606060606,0.212121212,0.060606061,0.090909091,1,0.019607843,0,0.196078431,0.764705882,0.019607843
1247,0.962962963,0.037037037,0.03030303,0.575757576,0.212121212,0.045454545,0.136363636,1,0.052631579,0.035087719,0.140350877,0.684210526,0.087719298
1248,0.975,0.025,0,0.603448276,0.137931034,0.017241379,0.24137931,1,0.103448276,0.068965517,0.310344828,0.448275862,0.068965517
1249,0.928571429,0.071428571,0.054545455,0.127272727,0.036363636,0.363636364,0.418181818,1,0.589285714,0,0.017857143,0.285714286,0.107142857