,"('NP', 'np')","('NP', ('NP', 'NP'))","('S', ('NP', 'S'))","('S', ('NP', 'VP'))","('S', ('S', 'NP'))","('S', ('VP', 'NP'))","('S', ('VP',))","('V', 'v')","('VP', ('NP', 'V'))","('VP', ('NP', 'VP'))","('VP', ('V', 'NP'))","('VP', ('V',))","('VP', ('VP', 'NP'))"
0,0.951219512,0.048780488,0.036363636,0.054545455,0.054545455,0.4,0.454545455,1,0.678571429,0.053571429,0,0.214285714,0.053571429
1,0.951219512,0.048780488,0.018867925,0.056603774,0.037735849,0.396226415,0.490566038,1,0.678571429,0.053571429,0.053571429,0.160714286,0.053571429
2,0.939759036,0.060240964,0.038461538,0,0,0.346153846,0.615384615,1,0.606557377,0.081967213,0.081967213,0.131147541,0.098360656
3,0.896551724,0.103448276,0,0.018518519,0.074074074,0.444444444,0.462962963,1,0.764705882,0.019607843,0,0.215686275,0
4,0.939759036,0.060240964,0.016129032,0.048387097,0.177419355,0.274193548,0.483870968,1,0.75,0,0,0.211538462,0.038461538
5,0.987341772,0.012658228,0.035714286,0.071428571,0.071428571,0.339285714,0.482142857,1,0.684210526,0.01754386,0.035087719,0.157894737,0.105263158
6,0.951219512,0.048780488,0.017241379,0.051724138,0.120689655,0.327586207,0.482758621,1,0.784313725,0,0.058823529,0.137254902,0.019607843
7,0.939759036,0.060240964,0.017241379,0.051724138,0.120689655,0.275862069,0.534482759,1,0.75,0,0.096153846,0.115384615,0.038461538
8,0.951219512,0.048780488,0.087719298,0.035087719,0.035087719,0.263157895,0.578947368,1,0.573770492,0.049180328,0.06557377,0.180327869,0.131147541
9,0.975,0.025,0,0.134615385,0.038461538,0.326923077,0.5,1,0.538461538,0.061538462,0,0.230769231,0.169230769
10,1,0,0.035714286,0.107142857,0.071428571,0.232142857,0.553571429,1,0.5,0.073529412,0.014705882,0.220588235,0.191176471
11,0.975,0.025,0,0.036363636,0.090909091,0.309090909,0.563636364,1,0.603174603,0.079365079,0.015873016,0.174603175,0.126984127
12,1,0,0,0.156862745,0.019607843,0.37254902,0.450980392,1,0.546875,0.0625,0.015625,0.21875,0.15625
13,0.975,0.025,0,0.052631579,0.122807018,0.245614035,0.578947368,1,0.5625,0.09375,0.03125,0.1875,0.125
14,0.939759036,0.060240964,0.038461538,0.038461538,0,0.346153846,0.576923077,1,0.629032258,0,0,0.177419355,0.193548387
15,0.896551724,0.103448276,0,0.04,0,0.46,0.5,1,0.735849057,0,0.037735849,0.169811321,0.056603774
16,0.928571429,0.071428571,0,0.02,0,0.44,0.54,1,0.689655172,0.017241379,0.017241379,0.155172414,0.120689655
17,0.928571429,0.071428571,0,0.039215686,0.019607843,0.431372549,0.509803922,1,0.722222222,0.037037037,0.074074074,0.12962963,0.037037037
18,0.928571429,0.071428571,0,0.096153846,0.038461538,0.384615385,0.480769231,1,0.678571429,0,0.017857143,0.196428571,0.107142857
19,0.906976744,0.093023256,0.019607843,0.078431373,0,0.392156863,0.509803922,1,0.716981132,0,0.075471698,0.150943396,0.056603774
20,0.928571429,0.071428571,0.018867925,0,0.037735849,0.320754717,0.622641509,1,0.64516129,0.064516129,0,0.161290323,0.129032258
21,0.939759036,0.060240964,0,0,0.122807018,0.350877193,0.526315789,1,0.727272727,0.072727273,0.018181818,0.163636364,0.018181818
22,0.962962963,0.037037037,0.032258065,0.016129032,0.161290323,0.241935484,0.548387097,1,0.727272727,0.054545455,0.036363636,0.145454545,0.036363636
23,0.917647059,0.082352941,0.096774194,0,0.096774194,0.322580645,0.483870968,1,0.673076923,0.038461538,0.038461538,0.25,0
24,0.939759036,0.060240964,0,0.105263158,0.122807018,0.298245614,0.473684211,1,0.74,0,0.12,0.14,0
25,0.917647059,0.082352941,0,0.107142857,0.107142857,0.25,0.535714286,1,0.642857143,0.017857143,0.053571429,0.196428571,0.089285714
26,0.928571429,0.071428571,0.018181818,0,0.072727273,0.381818182,0.527272727,1,0.714285714,0.017857143,0,0.178571429,0.089285714
27,0.928571429,0.071428571,0.019230769,0,0.019230769,0.423076923,0.538461538,1,0.689655172,0.017241379,0,0.172413793,0.120689655
28,0.928571429,0.071428571,0.074074074,0,0,0.407407407,0.518518519,1,0.631578947,0.052631579,0.052631579,0.192982456,0.070175439
29,0.939759036,0.060240964,0.038461538,0.057692308,0,0.423076923,0.480769231,1,0.655172414,0.017241379,0,0.206896552,0.120689655
30,0.962962963,0.037037037,0.152542373,0.033898305,0,0.406779661,0.406779661,1,0.551724138,0.051724138,0,0.310344828,0.086206897
31,0.906976744,0.093023256,0.037037037,0.111111111,0.037037037,0.296296296,0.518518519,1,0.673076923,0,0.134615385,0.153846154,0.038461538
32,0.928571429,0.071428571,0.054545455,0,0.036363636,0.272727273,0.636363636,1,0.655737705,0.016393443,0.016393443,0.147540984,0.163934426
33,0.939759036,0.060240964,0,0.677966102,0.152542373,0.06779661,0.101694915,1,0,0.036363636,0.272727273,0.636363636,0.054545455
34,0.975,0.025,0.033333333,0.666666667,0.133333333,0.05,0.116666667,1,0,0.056603774,0.377358491,0.566037736,0
35,0.928571429,0.071428571,0,0.684210526,0.122807018,0.01754386,0.175438596,1,0.076923077,0,0.365384615,0.519230769,0.038461538
36,0.876404494,0.123595506,0,0.754716981,0.056603774,0,0.188679245,1,0,0,0.275862069,0.586206897,0.137931034
37,0.917647059,0.082352941,0.032786885,0.639344262,0.147540984,0.032786885,0.147540984,1,0,0,0.189655172,0.672413793,0.137931034
38,0.962962963,0.037037037,0.016393443,0.606557377,0.163934426,0.049180328,0.163934426,1,0.12962963,0,0.240740741,0.555555556,0.074074074
39,0.951219512,0.048780488,0,0.593220339,0.152542373,0.050847458,0.203389831,1,0.163636364,0.018181818,0.236363636,0.509090909,0.072727273
40,0.951219512,0.048780488,0.033898305,0.644067797,0.118644068,0.084745763,0.118644068,1,0.054545455,0.036363636,0.254545455,0.6,0.054545455
41,0.917647059,0.082352941,0,0.641509434,0.056603774,0,0.301886792,1,0.09375,0.046875,0.21875,0.46875,0.171875
42,0.906976744,0.093023256,0,0.666666667,0.074074074,0.111111111,0.148148148,1,0.037037037,0.074074074,0.333333333,0.555555556,0
43,0.896551724,0.103448276,0.018518519,0.740740741,0.055555556,0.018518519,0.166666667,1,0.019230769,0.019230769,0.403846154,0.538461538,0.019230769
44,0.886363636,0.113636364,0.038461538,0.769230769,0,0,0.192307692,1,0.019607843,0,0.470588235,0.490196078,0.019607843
45,0.928571429,0.071428571,0.072727273,0.727272727,0.018181818,0,0.181818182,1,0.019230769,0,0.461538462,0.480769231,0.038461538
46,0.951219512,0.048780488,0,0.677966102,0.152542373,0.050847458,0.118644068,1,0.075471698,0.018867925,0.283018868,0.58490566,0.037735849
47,0.987341772,0.012658228,0.068965517,0.586206897,0.068965517,0,0.275862069,1,0.084745763,0.06779661,0.355932203,0.406779661,0.084745763
48,0.951219512,0.048780488,0.152542373,0.593220339,0,0.101694915,0.152542373,1,0,0.018181818,0.345454545,0.563636364,0.072727273
49,0.951219512,0.048780488,0.036363636,0.709090909,0.054545455,0.018181818,0.181818182,1,0,0.052631579,0.385964912,0.49122807,0.070175439
50,0.939759036,0.060240964,0.103448276,0.637931034,0.034482759,0.034482759,0.189655172,1,0.036363636,0.018181818,0.345454545,0.527272727,0.072727273
51,0.987341772,0.012658228,0.137931034,0.5,0,0.120689655,0.24137931,1,0.016949153,0.152542373,0.389830508,0.440677966,0
52,0.962962963,0.037037037,0.053571429,0.535714286,0.053571429,0.196428571,0.160714286,1,0.032786885,0.163934426,0.245901639,0.540983607,0.016393443
53,0.962962963,0.037037037,0,0.559322034,0.152542373,0.050847458,0.237288136,1,0.129032258,0.064516129,0.161290323,0.516129032,0.129032258
54,0.975,0.025,0.06779661,0.644067797,0.084745763,0.101694915,0.101694915,1,0.017241379,0.051724138,0.24137931,0.603448276,0.086206897
55,0.951219512,0.048780488,0,0.784313725,0.019607843,0.039215686,0.156862745,1,0.044117647,0.014705882,0.147058824,0.544117647,0.25
56,0.987341772,0.012658228,0,0.649122807,0.122807018,0,0.228070175,1,0.1,0.042857143,0.085714286,0.528571429,0.242857143
57,0.951219512,0.048780488,0.019230769,0.692307692,0.019230769,0,0.269230769,1,0.102941176,0.014705882,0.161764706,0.470588235,0.25
58,0.987341772,0.012658228,0,0.716981132,0.056603774,0.018867925,0.20754717,1,0.107692308,0.015384615,0.2,0.461538462,0.215384615
59,0.987341772,0.012658228,0.063492063,0.603174603,0.142857143,0,0.19047619,1,0.068965517,0,0.24137931,0.551724138,0.137931034
60,0.951219512,0.048780488,0.114754098,0.62295082,0.06557377,0,0.196721311,1,0,0.018518519,0.388888889,0.537037037,0.055555556
61,0.951219512,0.048780488,0.096774194,0.612903226,0.096774194,0,0.193548387,1,0,0,0.396226415,0.547169811,0.056603774
62,0.951219512,0.048780488,0.087719298,0.649122807,0.035087719,0.052631579,0.175438596,1,0.035087719,0,0.315789474,0.526315789,0.122807018
63,0.987341772,0.012658228,0.049180328,0.557377049,0.131147541,0,0.262295082,1,0.06779661,0.084745763,0.322033898,0.457627119,0.06779661
64,0.987341772,0.012658228,0.1,0.528571429,0.185714286,0.014285714,0.171428571,1,0.017241379,0.017241379,0.172413793,0.672413793,0.120689655
65,0.951219512,0.048780488,0.046875,0.625,0.171875,0.015625,0.140625,1,0,0,0.169491525,0.677966102,0.152542373
66,0.975,0.025,0.054794521,0.520547945,0.260273973,0.02739726,0.136986301,1,0,0.049180328,0.032786885,0.786885246,0.131147541
67,0.928571429,0.071428571,0.014925373,0.567164179,0.23880597,0.044776119,0.134328358,1,0.035714286,0.017857143,0.107142857,0.75,0.089285714
68,0.951219512,0.048780488,0.071428571,0.678571429,0.035714286,0.053571429,0.160714286,1,0.016949153,0.016949153,0.288135593,0.542372881,0.13559322
69,0.951219512,0.048780488,0.055555556,0.666666667,0.018518519,0.037037037,0.222222222,1,0.086206897,0,0.327586207,0.448275862,0.137931034
70,0.987341772,0.012658228,0.032786885,0.639344262,0.147540984,0.016393443,0.163934426,1,0.037037037,0.055555556,0.37037037,0.518518519,0.018518519
71,0.939759036,0.060240964,0.052631579,0.649122807,0.070175439,0.01754386,0.210526316,1,0.076923077,0.019230769,0.423076923,0.461538462,0.019230769
72,0.939759036,0.060240964,0,0.696428571,0.107142857,0,0.196428571,1,0.033898305,0.050847458,0.288135593,0.525423729,0.101694915
73,0.939759036,0.060240964,0.035714286,0.678571429,0.071428571,0.035714286,0.178571429,1,0.06557377,0.016393443,0.196721311,0.557377049,0.163934426
74,0.928571429,0.071428571,0.052631579,0.701754386,0.070175439,0.070175439,0.105263158,1,0.016666667,0,0.166666667,0.65,0.166666667
75,0.951219512,0.048780488,0.072727273,0.636363636,0.018181818,0.036363636,0.236363636,1,0,0.096774194,0.322580645,0.483870968,0.096774194
76,0.896551724,0.103448276,0.037735849,0.679245283,0.018867925,0,0.264150943,1,0.018181818,0.072727273,0.436363636,0.454545455,0.018181818
77,0.917647059,0.082352941,0.019230769,0.653846154,0.019230769,0.057692308,0.25,1,0.111111111,0.037037037,0.407407407,0.407407407,0.037037037
78,0.928571429,0.071428571,0.089285714,0.660714286,0.017857143,0,0.232142857,1,0,0.035087719,0.385964912,0.49122807,0.087719298
79,0.962962963,0.037037037,0.055555556,0.703703704,0.018518519,0.055555556,0.166666667,1,0.068965517,0,0.310344828,0.482758621,0.137931034
80,0.951219512,0.048780488,0.038461538,0.692307692,0,0.019230769,0.25,1,0.089552239,0.014925373,0.179104478,0.47761194,0.23880597
81,0.917647059,0.082352941,0,0.725490196,0.019607843,0.078431373,0.176470588,1,0.101694915,0.016949153,0.237288136,0.508474576,0.13559322
82,0.906976744,0.093023256,0.036363636,0.690909091,0.054545455,0.036363636,0.181818182,1,0.037037037,0.018518519,0.351851852,0.537037037,0.055555556
83,0.928571429,0.071428571,0.066666667,0.633333333,0.1,0.033333333,0.166666667,1,0,0.038461538,0.384615385,0.576923077,0
84,0.896551724,0.103448276,0,0.784313725,0.019607843,0.058823529,0.137254902,1,0.06,0,0.44,0.5,0
85,0.896551724,0.103448276,0.018181818,0.672727273,0.072727273,0.090909091,0.145454545,1,0.076923077,0,0.307692308,0.576923077,0.038461538
86,0.917647059,0.082352941,0.017241379,0.689655172,0.120689655,0,0.172413793,1,0,0.018518519,0.351851852,0.574074074,0.055555556
87,0.951219512,0.048780488,0.016393443,0.606557377,0.163934426,0.081967213,0.131147541,1,0.075471698,0.056603774,0.264150943,0.603773585,0
88,0.939759036,0.060240964,0.017241379,0.655172414,0.120689655,0.051724138,0.155172414,1,0,0.089285714,0.321428571,0.571428571,0.017857143
89,0.917647059,0.082352941,0.01754386,0.701754386,0.105263158,0.01754386,0.157894737,1,0,0.03125,0.140625,0.640625,0.1875
90,0.939759036,0.060240964,0.037037037,0.018518519,0.037037037,0.351851852,0.555555556,1,0.633333333,0.033333333,0.016666667,0.183333333,0.133333333
91,0.928571429,0.071428571,0.019607843,0.019607843,0,0.431372549,0.529411765,1,0.701754386,0.01754386,0.01754386,0.157894737,0.105263158
92,0.928571429,0.071428571,0.070175439,0.01754386,0.052631579,0.350877193,0.50877193,1,0.745098039,0,0.098039216,0.137254902,0.019607843
93,0.951219512,0.048780488,0.018181818,0.636363636,0.072727273,0.036363636,0.236363636,1,0.0625,0.078125,0.21875,0.5,0.140625
94,0.939759036,0.060240964,0.018518519,0.055555556,0.055555556,0.37037037,0.5,1,0.690909091,0.018181818,0.054545455,0.163636364,0.072727273
95,0.876404494,0.123595506,0,0,0,0.42,0.58,1,0.727272727,0.018181818,0.018181818,0.163636364,0.072727273
96,0.906976744,0.093023256,0.019230769,0.019230769,0.019230769,0.403846154,0.538461538,1,0.727272727,0.018181818,0.018181818,0.163636364,0.072727273
97,0.876404494,0.123595506,0.019230769,0,0.019230769,0.365384615,0.596153846,1,0.75,0.038461538,0.096153846,0.115384615,0
98,0.886363636,0.113636364,0.055555556,0,0.018518519,0.407407407,0.518518519,1,0.78,0,0.06,0.16,0
99,0.906976744,0.093023256,0.037735849,0,0.018867925,0.41509434,0.528301887,1,0.709090909,0.018181818,0.018181818,0.181818182,0.072727273
100,0.906976744,0.093023256,0,0,0.038461538,0.365384615,0.596153846,1,0.689655172,0.017241379,0.017241379,0.155172414,0.120689655
101,0.928571429,0.071428571,0.019607843,0.039215686,0,0.392156863,0.549019608,1,0.62295082,0.032786885,0,0.196721311,0.147540984
102,0.917647059,0.082352941,0,0.019607843,0.019607843,0.274509804,0.68627451,1,0.606557377,0.081967213,0.114754098,0.098360656,0.098360656
103,0.939759036,0.060240964,0.019230769,0,0.019230769,0.384615385,0.576923077,1,0.62295082,0.081967213,0.032786885,0.163934426,0.098360656
104,0.917647059,0.082352941,0,0.06,0,0.48,0.46,1,0.709090909,0.018181818,0,0.2,0.072727273
105,0.886363636,0.113636364,0.019230769,0,0.019230769,0.403846154,0.557692308,1,0.769230769,0,0.057692308,0.134615385,0.038461538
106,0.876404494,0.123595506,0.037735849,0,0.018867925,0.452830189,0.490566038,1,0.745098039,0.019607843,0.019607843,0.215686275,0
107,0.928571429,0.071428571,0.018867925,0.018867925,0.037735849,0.41509434,0.509433962,1,0.727272727,0.054545455,0.018181818,0.163636364,0.036363636
108,0.962962963,0.037037037,0.036363636,0.018181818,0.054545455,0.381818182,0.509090909,1,0.666666667,0.070175439,0.052631579,0.157894737,0.052631579
109,0.975,0.025,0.017857143,0.089285714,0.089285714,0.285714286,0.517857143,1,0.620689655,0.086206897,0.086206897,0.155172414,0.051724138
110,0.962962963,0.037037037,0.033333333,0.016666667,0.133333333,0.3,0.516666667,1,0.6,0.1,0,0.233333333,0.066666667
111,0.962962963,0.037037037,0.072727273,0,0.018181818,0.418181818,0.490909091,1,0.672413793,0.051724138,0,0.189655172,0.086206897
112,0.987341772,0.012658228,0.051724138,0.051724138,0.086206897,0.310344828,0.5,1,0.644067797,0.033898305,0.016949153,0.186440678,0.118644068
113,0.962962963,0.037037037,0.098360656,0,0.081967213,0.31147541,0.508196721,1,0.620689655,0.051724138,0.017241379,0.224137931,0.086206897
114,0.975,0.025,0.01754386,0.070175439,0.105263158,0.315789474,0.49122807,1,0.740740741,0,0.055555556,0.12962963,0.074074074
115,0.951219512,0.048780488,0.01754386,0,0.105263158,0.333333333,0.543859649,1,0.655172414,0.068965517,0.034482759,0.172413793,0.068965517
116,1,0,0.09375,0.03125,0.125,0.3125,0.4375,1,0.764705882,0,0.039215686,0.176470588,0.019607843
117,0.975,0.025,0.033333333,0.083333333,0.133333333,0.3,0.45,1,0.703703704,0,0.018518519,0.203703704,0.074074074
118,0.928571429,0.071428571,0.035714286,0.107142857,0.071428571,0.321428571,0.464285714,1,0.679245283,0.018867925,0.056603774,0.20754717,0.037735849
119,0.987341772,0.012658228,0.034482759,0.103448276,0.103448276,0.189655172,0.568965517,1,0.644067797,0.016949153,0.084745763,0.118644068,0.13559322
120,0.951219512,0.048780488,0.050847458,0.644067797,0.101694915,0.033898305,0.169491525,1,0.036363636,0.054545455,0.327272727,0.545454545,0.036363636
121,0.906976744,0.093023256,0,0.727272727,0.090909091,0.036363636,0.145454545,1,0,0.018181818,0.327272727,0.581818182,0.072727273
122,0.928571429,0.071428571,0,0.655737705,0.180327869,0.016393443,0.147540984,1,0.019607843,0,0.352941176,0.607843137,0.019607843
123,0.951219512,0.048780488,0,0.684210526,0.122807018,0.070175439,0.122807018,1,0,0.089285714,0.321428571,0.571428571,0.017857143
124,0.987341772,0.012658228,0.105263158,0.192982456,0.01754386,0.333333333,0.350877193,1,0.475409836,0,0,0.344262295,0.180327869
125,0.962962963,0.037037037,0.056603774,0,0,0.358490566,0.58490566,1,0.569230769,0.061538462,0.015384615,0.184615385,0.169230769
126,0.939759036,0.060240964,0.053571429,0,0.053571429,0.357142857,0.535714286,1,0.666666667,0.01754386,0.035087719,0.175438596,0.105263158
127,0.896551724,0.103448276,0.037037037,0,0.037037037,0.333333333,0.592592593,1,0.701754386,0,0,0.175438596,0.122807018
128,0.939759036,0.060240964,0.107142857,0,0,0.392857143,0.5,1,0.678571429,0.017857143,0.017857143,0.196428571,0.089285714
129,0.928571429,0.071428571,0.017857143,0.107142857,0.089285714,0.178571429,0.607142857,1,0.612903226,0,0,0.193548387,0.193548387
130,0.975,0.025,0.016129032,0.032258065,0.177419355,0.14516129,0.629032258,1,0.619047619,0.047619048,0.015873016,0.158730159,0.158730159
131,0.951219512,0.048780488,0.032786885,0,0.147540984,0.245901639,0.573770492,1,0.684210526,0.070175439,0.035087719,0.157894737,0.052631579
132,0.987341772,0.012658228,0.032786885,0.016393443,0.147540984,0.147540984,0.655737705,1,0.555555556,0.142857143,0.126984127,0.111111111,0.063492063
133,0.987341772,0.012658228,0,0.034482759,0.137931034,0.155172414,0.672413793,1,0.458333333,0.152777778,0.041666667,0.194444444,0.152777778
134,0.975,0.025,0,0.053571429,0.107142857,0.339285714,0.5,1,0.644067797,0.06779661,0.016949153,0.186440678,0.084745763
135,0.906976744,0.093023256,0,0.02,0,0.44,0.54,1,0.672413793,0.017241379,0,0.189655172,0.120689655
136,0.917647059,0.082352941,0,0.058823529,0.019607843,0.470588235,0.450980392,1,0.722222222,0.018518519,0,0.203703704,0.055555556
137,0.951219512,0.048780488,0.053571429,0.017857143,0.053571429,0.339285714,0.535714286,1,0.631578947,0.070175439,0.087719298,0.157894737,0.052631579
138,0.917647059,0.082352941,0.137931034,0.017241379,0,0.379310345,0.465517241,1,0.692307692,0,0.038461538,0.230769231,0.038461538
139,0.928571429,0.071428571,0.074074074,0.055555556,0,0.407407407,0.462962963,1,0.576271186,0.016949153,0,0.271186441,0.13559322
140,0.962962963,0.037037037,0.133333333,0,0.033333333,0.35,0.483333333,1,0.649122807,0,0,0.228070175,0.122807018
141,0.951219512,0.048780488,0.090909091,0,0,0.327272727,0.581818182,1,0.655172414,0.051724138,0.086206897,0.120689655,0.086206897
142,0.939759036,0.060240964,0.019230769,0.038461538,0.019230769,0.365384615,0.557692308,1,0.62295082,0.032786885,0.016393443,0.180327869,0.147540984
143,0.962962963,0.037037037,0.084745763,0.033898305,0.06779661,0.237288136,0.576271186,1,0.587301587,0.031746032,0,0.206349206,0.174603175
144,0.987341772,0.012658228,0.09375,0.015625,0.125,0.25,0.515625,1,0.637931034,0.051724138,0.017241379,0.206896552,0.086206897
145,0.975,0.025,0.081967213,0.016393443,0.098360656,0.327868852,0.475409836,1,0.754716981,0,0.018867925,0.169811321,0.056603774
146,0.962962963,0.037037037,0.074626866,0,0.179104478,0.223880597,0.52238806,1,0.722222222,0.018518519,0,0.203703704,0.055555556
147,0.975,0.025,0.075757576,0,0.166666667,0.287878788,0.46969697,1,0.764705882,0.019607843,0.019607843,0.196078431,0
148,0.951219512,0.048780488,0.032786885,0.016393443,0.147540984,0.31147541,0.491803279,1,0.784313725,0,0.039215686,0.156862745,0.019607843
149,0.951219512,0.048780488,0.01754386,0.140350877,0.105263158,0.350877193,0.385964912,1,0.648148148,0,0,0.277777778,0.074074074
150,0.962962963,0.037037037,0.035087719,0.192982456,0.087719298,0.421052632,0.263157895,1,0.596153846,0.019230769,0,0.365384615,0.019230769
151,0.987341772,0.012658228,0.015873016,0.111111111,0.19047619,0.206349206,0.476190476,1,0.730769231,0,0.076923077,0.153846154,0.038461538
152,0.987341772,0.012658228,0.015151515,0.090909091,0.227272727,0.151515152,0.515151515,1,0.730769231,0.038461538,0.096153846,0.134615385,0
153,0.951219512,0.048780488,0,0.066666667,0.166666667,0.15,0.616666667,1,0.596774194,0.048387097,0.032258065,0.177419355,0.14516129
154,0.975,0.025,0.018518519,0.685185185,0.055555556,0.018518519,0.222222222,1,0.034482759,0.120689655,0.413793103,0.413793103,0.017241379
155,0.987341772,0.012658228,0.016949153,0.610169492,0.13559322,0.050847458,0.186440678,1,0,0.140625,0.234375,0.546875,0.078125
156,0.906976744,0.093023256,0,0.8,0,0.02,0.18,1,0.055555556,0,0.407407407,0.462962963,0.074074074
157,0.886363636,0.113636364,0,0.735849057,0.056603774,0.037735849,0.169811321,1,0.039215686,0,0.411764706,0.529411765,0.019607843
158,0.928571429,0.071428571,0,0.8,0,0.02,0.18,1,0.036363636,0.018181818,0.436363636,0.436363636,0.072727273
159,0.951219512,0.048780488,0.051724138,0.689655172,0.086206897,0.034482759,0.137931034,1,0,0,0.321428571,0.571428571,0.107142857
160,0.975,0.025,0.055555556,0.703703704,0.018518519,0,0.222222222,1,0.016129032,0.064516129,0.338709677,0.451612903,0.129032258
161,0.928571429,0.071428571,0.087719298,0.649122807,0.035087719,0.035087719,0.192982456,1,0,0.018867925,0.433962264,0.509433962,0.037735849
162,0.928571429,0.071428571,0.01754386,0.666666667,0.105263158,0.01754386,0.192982456,1,0.018518519,0.074074074,0.388888889,0.518518519,0
163,0.962962963,0.037037037,0.06779661,0.610169492,0.084745763,0.016949153,0.220338983,1,0.035714286,0.053571429,0.375,0.482142857,0.053571429
164,0.939759036,0.060240964,0.06557377,0.606557377,0.114754098,0.114754098,0.098360656,1,0.074074074,0.018518519,0.185185185,0.666666667,0.055555556
165,0.939759036,0.060240964,0,0.639344262,0.180327869,0.081967213,0.098360656,1,0.1,0,0.26,0.64,0
166,0.939759036,0.060240964,0.044117647,0.514705882,0.220588235,0.044117647,0.176470588,1,0.12,0,0.22,0.66,0
167,0.939759036,0.060240964,0.014492754,0.579710145,0.260869565,0,0.144927536,1,0.019230769,0.019230769,0.211538462,0.730769231,0.019230769
168,1,0,0.118644068,0.661016949,0.033898305,0,0.186440678,1,0,0.014285714,0.142857143,0.571428571,0.271428571
169,0.987341772,0.012658228,0.054545455,0.709090909,0.036363636,0.072727273,0.127272727,1,0,0.058823529,0.161764706,0.573529412,0.205882353
170,0.987341772,0.012658228,0.074074074,0.740740741,0,0,0.185185185,1,0,0.027777778,0.152777778,0.541666667,0.277777778
171,0.896551724,0.103448276,0,0.727272727,0.090909091,0,0.181818182,1,0,0,0.275862069,0.586206897,0.137931034
172,0.917647059,0.082352941,0.052631579,0.684210526,0.070175439,0.087719298,0.105263158,1,0,0,0.272727273,0.636363636,0.090909091
173,0.917647059,0.082352941,0.037037037,0.722222222,0.037037037,0,0.203703704,1,0.01754386,0.01754386,0.350877193,0.50877193,0.105263158
174,0.975,0.025,0,0.75,0.038461538,0,0.211538462,1,0.016129032,0.096774194,0.35483871,0.435483871,0.096774194
175,0.962962963,0.037037037,0.019230769,0.730769231,0.019230769,0.057692308,0.173076923,1,0.05,0.066666667,0.316666667,0.466666667,0.1
176,0.917647059,0.082352941,0.053571429,0.678571429,0.053571429,0.017857143,0.196428571,1,0.018181818,0,0.363636364,0.527272727,0.090909091
177,0.962962963,0.037037037,0,0.735849057,0.056603774,0,0.20754717,1,0.030769231,0.061538462,0.246153846,0.492307692,0.169230769
178,0.951219512,0.048780488,0.038461538,0.769230769,0,0.076923077,0.115384615,1,0,0.050847458,0.322033898,0.525423729,0.101694915
179,0.917647059,0.082352941,0.037037037,0.018518519,0.037037037,0.333333333,0.574074074,1,0.644067797,0.06779661,0.016949153,0.186440678,0.084745763
180,0.928571429,0.071428571,0,0.053571429,0.107142857,0.339285714,0.5,1,0.75,0.038461538,0.057692308,0.153846154,0
181,0.928571429,0.071428571,0.037037037,0.037037037,0.037037037,0.444444444,0.444444444,1,0.614035088,0.087719298,0,0.263157895,0.035087719
182,0.928571429,0.071428571,0.018518519,0.018518519,0.055555556,0.444444444,0.462962963,1,0.642857143,0.089285714,0.017857143,0.232142857,0.017857143
183,0.906976744,0.093023256,0,0,0.038461538,0.423076923,0.538461538,1,0.754716981,0.037735849,0.056603774,0.132075472,0.018867925
184,0.928571429,0.071428571,0.072727273,0.018181818,0.018181818,0.363636364,0.527272727,1,0.637931034,0.034482759,0.017241379,0.206896552,0.103448276
185,0.917647059,0.082352941,0.071428571,0.017857143,0.035714286,0.428571429,0.446428571,1,0.698113208,0,0,0.245283019,0.056603774
186,0.975,0.025,0.083333333,0.033333333,0.083333333,0.35,0.45,1,0.735849057,0.018867925,0.018867925,0.188679245,0.037735849
187,0.951219512,0.048780488,0.06779661,0.06779661,0.084745763,0.322033898,0.457627119,1,0.725490196,0,0.078431373,0.176470588,0.019607843
188,0.939759036,0.060240964,0,0.072727273,0.090909091,0.272727273,0.563636364,1,0.655172414,0.034482759,0.051724138,0.155172414,0.103448276
189,0.928571429,0.071428571,0.019230769,0.038461538,0.019230769,0.384615385,0.538461538,1,0.666666667,0.052631579,0.052631579,0.157894737,0.070175439
190,0.906976744,0.093023256,0,0,0.137931034,0.206896552,0.655172414,1,0.590163934,0.098360656,0.049180328,0.180327869,0.081967213
191,0.928571429,0.071428571,0,0.018867925,0.056603774,0.377358491,0.547169811,1,0.672413793,0.086206897,0.017241379,0.172413793,0.051724138
192,0.928571429,0.071428571,0.01754386,0.701754386,0.105263158,0.035087719,0.140350877,1,0.018181818,0.018181818,0.309090909,0.581818182,0.072727273
193,0.917647059,0.082352941,0.063492063,0.603174603,0.142857143,0.031746032,0.158730159,1,0.018867925,0,0.264150943,0.660377358,0.056603774
194,0.962962963,0.037037037,0.017241379,0.051724138,0.120689655,0.379310345,0.431034483,1,0.784313725,0.019607843,0.019607843,0.176470588,0
195,0.951219512,0.048780488,0,0.086206897,0.137931034,0.344827586,0.431034483,1,0.730769231,0.019230769,0.019230769,0.211538462,0.019230769
196,0.962962963,0.037037037,0.016949153,0.033898305,0.13559322,0.338983051,0.474576271,1,0.735849057,0.037735849,0.037735849,0.169811321,0.018867925
197,0.951219512,0.048780488,0.060606061,0.045454545,0.181818182,0.196969697,0.515151515,1,0.711538462,0.019230769,0.057692308,0.192307692,0.019230769
198,0.917647059,0.082352941,0.03125,0.015625,0.1875,0.265625,0.5,1,0.745098039,0,0,0.235294118,0.019607843
199,0.939759036,0.060240964,0.017241379,0.017241379,0.120689655,0.379310345,0.465517241,1,0.703703704,0.074074074,0,0.222222222,0
200,0.987341772,0.012658228,0,0.054545455,0.090909091,0.272727273,0.581818182,1,0.569230769,0.092307692,0.030769231,0.169230769,0.138461538
201,0.962962963,0.037037037,0,0.636363636,0.090909091,0.054545455,0.218181818,1,0.051724138,0.120689655,0.362068966,0.448275862,0.017241379
202,0.939759036,0.060240964,0,0.685185185,0.074074074,0.018518519,0.222222222,1,0,0.137931034,0.396551724,0.465517241,0
203,0.987341772,0.012658228,0.045454545,0.575757576,0.196969697,0.015151515,0.166666667,1,0,0.090909091,0.309090909,0.6,0
204,0.939759036,0.060240964,0,0.701754386,0.122807018,0.052631579,0.122807018,1,0,0.066666667,0.216666667,0.616666667,0.1
205,0.896551724,0.103448276,0.017857143,0.035714286,0.089285714,0.303571429,0.553571429,1,0.764705882,0,0.078431373,0.137254902,0.019607843
206,0.975,0.025,0,0.696428571,0.107142857,0.017857143,0.178571429,1,0,0.118644068,0.355932203,0.491525424,0.033898305
207,0.951219512,0.048780488,0,0.672727273,0.090909091,0.018181818,0.218181818,1,0,0.1,0.35,0.483333333,0.066666667
208,0.975,0.025,0.083333333,0.566666667,0.083333333,0.016666667,0.25,1,0.046153846,0.076923077,0.2,0.523076923,0.153846154
209,0.962962963,0.037037037,0.053571429,0.035714286,0.053571429,0.25,0.607142857,1,0.603174603,0.015873016,0.031746032,0.158730159,0.19047619
210,0.962962963,0.037037037,0.034482759,0.051724138,0.103448276,0.224137931,0.586206897,1,0.620689655,0.086206897,0.120689655,0.120689655,0.051724138
211,1,0,0.028985507,0.057971014,0.246376812,0.072463768,0.594202899,1,0.593220339,0.101694915,0.101694915,0.152542373,0.050847458
212,0.951219512,0.048780488,0,0.028169014,0.295774648,0.028169014,0.647887324,1,0.633333333,0.05,0.016666667,0.183333333,0.116666667
213,0.951219512,0.048780488,0.013888889,0.027777778,0.291666667,0.041666667,0.625,1,0.637931034,0.068965517,0.034482759,0.189655172,0.068965517
214,0.987341772,0.012658228,0.028571429,0,0.257142857,0.057142857,0.657142857,1,0.609375,0.078125,0,0.171875,0.140625
215,0.951219512,0.048780488,0.03125,0.015625,0.1875,0.125,0.640625,1,0.639344262,0.016393443,0.016393443,0.163934426,0.163934426
216,0.928571429,0.071428571,0.047619048,0,0.158730159,0.142857143,0.650793651,1,0.655172414,0.017241379,0.068965517,0.137931034,0.120689655
217,0.962962963,0.037037037,0.051724138,0,0.086206897,0.310344828,0.551724138,1,0.661016949,0.033898305,0.016949153,0.169491525,0.118644068
218,0.987341772,0.012658228,0.177419355,0,0.016129032,0.306451613,0.5,1,0.614035088,0,0.070175439,0.192982456,0.122807018
219,0.975,0.025,0.06779661,0.06779661,0.084745763,0.355932203,0.423728814,1,0.654545455,0.036363636,0.018181818,0.236363636,0.054545455
220,0.962962963,0.037037037,0,0.050847458,0.152542373,0.288135593,0.508474576,1,0.722222222,0.037037037,0.055555556,0.148148148,0.037037037
221,0.962962963,0.037037037,0.031746032,0.015873016,0.174603175,0.253968254,0.523809524,1,0.690909091,0.072727273,0.036363636,0.181818182,0.018181818
222,0.896551724,0.103448276,0.046153846,0.015384615,0.184615385,0.169230769,0.584615385,1,0.745098039,0,0.058823529,0.176470588,0.019607843
223,0.886363636,0.113636364,0,0.087719298,0.122807018,0.280701754,0.50877193,1,0.76,0,0.04,0.2,0
224,0.928571429,0.071428571,0.018181818,0.109090909,0.072727273,0.363636364,0.436363636,1,0.705882353,0,0.078431373,0.196078431,0.019607843
225,0.928571429,0.071428571,0.052631579,0.070175439,0.070175439,0.350877193,0.456140351,1,0.74,0,0.08,0.18,0
226,0.906976744,0.093023256,0.036363636,0,0.054545455,0.309090909,0.6,1,0.620689655,0.068965517,0.068965517,0.172413793,0.068965517
227,0.962962963,0.037037037,0.018181818,0.036363636,0.072727273,0.272727273,0.6,1,0.619047619,0.031746032,0.015873016,0.158730159,0.174603175
228,0.975,0.025,0.051724138,0.551724138,0.086206897,0.051724138,0.25862069,1,0.015151515,0.166666667,0.242424242,0.5,0.075757576
229,0.951219512,0.048780488,0,0.648148148,0.074074074,0.055555556,0.222222222,1,0.0625,0.09375,0.21875,0.5,0.125
230,0.975,0.025,0,0,0.056603774,0.320754717,0.622641509,1,0.529411765,0.147058824,0.029411765,0.176470588,0.117647059
231,0.928571429,0.071428571,0.035087719,0.052631579,0.087719298,0.350877193,0.473684211,1,0.730769231,0.019230769,0.038461538,0.192307692,0.019230769
232,0.975,0.025,0.070175439,0.052631579,0.052631579,0.368421053,0.456140351,1,0.672727273,0.018181818,0.054545455,0.181818182,0.072727273
233,0.928571429,0.071428571,0.055555556,0,0.018518519,0.37037037,0.555555556,1,0.727272727,0,0.054545455,0.127272727,0.090909091
234,0.896551724,0.103448276,0.036363636,0,0.054545455,0.381818182,0.527272727,1,0.754716981,0,0,0.188679245,0.056603774
235,0.928571429,0.071428571,0,0.76,0,0.02,0.22,1,0.031746032,0.047619048,0.285714286,0.476190476,0.158730159
236,0.896551724,0.103448276,0.019230769,0,0.019230769,0.307692308,0.653846154,1,0.633333333,0.016666667,0.05,0.15,0.15
237,0.939759036,0.060240964,0.032786885,0.016393443,0.147540984,0.131147541,0.672131148,1,0.612903226,0.048387097,0.048387097,0.14516129,0.14516129
238,0.928571429,0.071428571,0.014705882,0,0.25,0.117647059,0.617647059,1,0.727272727,0.018181818,0.018181818,0.163636364,0.072727273
239,0.928571429,0.071428571,0.03030303,0,0.212121212,0.196969697,0.560606061,1,0.722222222,0.018518519,0,0.203703704,0.055555556
240,0.975,0.025,0,0.051724138,0.137931034,0.189655172,0.620689655,1,0.587301587,0.095238095,0.063492063,0.142857143,0.111111111
241,0.975,0.025,0.095238095,0.031746032,0.111111111,0.19047619,0.571428571,1,0.532258065,0.064516129,0.064516129,0.209677419,0.129032258
242,1,0,0.06557377,0,0.114754098,0.295081967,0.524590164,1,0.65,0.066666667,0,0.183333333,0.1
243,0.962962963,0.037037037,0.015384615,0.030769231,0.215384615,0.246153846,0.492307692,1,0.703703704,0.055555556,0,0.222222222,0.018518519
244,0.962962963,0.037037037,0.06557377,0.131147541,0.114754098,0.295081967,0.393442623,1,0.653846154,0,0.038461538,0.269230769,0.038461538
245,0.962962963,0.037037037,0.064516129,0.016129032,0.129032258,0.258064516,0.532258065,1,0.684210526,0.01754386,0,0.192982456,0.105263158
246,0.939759036,0.060240964,0.034482759,0.086206897,0.103448276,0.206896552,0.568965517,1,0.620689655,0,0.068965517,0.172413793,0.137931034
247,0.951219512,0.048780488,0.055555556,0.055555556,0.018518519,0.203703704,0.666666667,1,0.545454545,0.045454545,0.060606061,0.151515152,0.196969697
248,0.928571429,0.071428571,0.018867925,0.018867925,0.037735849,0.339622642,0.58490566,1,0.677966102,0,0.016949153,0.152542373,0.152542373
249,0.928571429,0.071428571,0,0.017857143,0.107142857,0.285714286,0.589285714,1,0.689655172,0.017241379,0.017241379,0.155172414,0.120689655
250,0.896551724,0.103448276,0,0.038461538,0.038461538,0.365384615,0.557692308,1,0.722222222,0,0.055555556,0.148148148,0.074074074
251,0.939759036,0.060240964,0.037735849,0.018867925,0.018867925,0.396226415,0.528301887,1,0.727272727,0.018181818,0.054545455,0.127272727,0.072727273
252,0.939759036,0.060240964,0,0.058823529,0.019607843,0.392156863,0.529411765,1,0.696428571,0.035714286,0.071428571,0.125,0.071428571
253,0.928571429,0.071428571,0.018867925,0.018867925,0.037735849,0.301886792,0.622641509,1,0.629032258,0.032258065,0.016129032,0.161290323,0.161290323
254,0.939759036,0.060240964,0.018867925,0.622641509,0.037735849,0.150943396,0.169811321,1,0.138461538,0.015384615,0.076923077,0.553846154,0.215384615
255,0.951219512,0.048780488,0.068965517,0,0.068965517,0.293103448,0.568965517,1,0.655172414,0.051724138,0.051724138,0.155172414,0.086206897
256,0.939759036,0.060240964,0.06557377,0,0.114754098,0.327868852,0.491803279,1,0.78,0,0.06,0.16,0
257,0.906976744,0.093023256,0.018518519,0.018518519,0.055555556,0.351851852,0.555555556,1,0.696428571,0,0.017857143,0.178571429,0.107142857
258,0.951219512,0.048780488,0,0.074074074,0.074074074,0.37037037,0.481481481,1,0.6,0.066666667,0,0.233333333,0.1
259,0.928571429,0.071428571,0,0.017857143,0.107142857,0.392857143,0.482142857,1,0.769230769,0.019230769,0.019230769,0.173076923,0.019230769
260,0.975,0.025,0.103448276,0.034482759,0.034482759,0.310344828,0.517241379,1,0.616666667,0.016666667,0.016666667,0.2,0.15
261,1,0,0.152542373,0.016949153,0,0.203389831,0.627118644,1,0.52238806,0.029850746,0.059701493,0.164179104,0.223880597
262,1,0,0.152542373,0.016949153,0,0.220338983,0.610169492,1,0.546875,0.03125,0.09375,0.140625,0.1875
263,0.987341772,0.012658228,0.19047619,0.015873016,0.015873016,0.174603175,0.603174603,1,0.568965517,0,0.189655172,0.103448276,0.137931034
264,0.987341772,0.012658228,0.174603175,0.031746032,0.031746032,0.19047619,0.571428571,1,0.543859649,0.052631579,0.210526316,0.122807018,0.070175439
265,0.987341772,0.012658228,0.103448276,0.017241379,0.034482759,0.275862069,0.568965517,1,0.639344262,0.016393443,0.032786885,0.147540984,0.163934426
266,1,0,0.149253731,0.014925373,0.104477612,0.313432836,0.417910448,1,0.622641509,0.056603774,0.056603774,0.264150943,0
267,0.906976744,0.093023256,0.037735849,0,0.018867925,0.377358491,0.566037736,1,0.660714286,0.017857143,0.071428571,0.160714286,0.089285714
268,0.975,0.025,0.05,0.116666667,0.116666667,0.2,0.516666667,1,0.573770492,0.016393443,0.016393443,0.229508197,0.163934426
269,0.987341772,0.012658228,0.050847458,0.288135593,0.101694915,0.118644068,0.440677966,1,0.392857143,0.089285714,0.285714286,0.214285714,0.017857143
270,0.928571429,0.071428571,0.032786885,0.081967213,0.147540984,0.245901639,0.491803279,1,0.725490196,0,0.058823529,0.196078431,0.019607843
271,0.975,0.025,0.078125,0.109375,0.140625,0.21875,0.453125,1,0.553571429,0.053571429,0.071428571,0.267857143,0.053571429
272,1,0,0.018181818,0.090909091,0.072727273,0.381818182,0.436363636,1,0.610169492,0.084745763,0.033898305,0.203389831,0.06779661
273,0.987341772,0.012658228,0.035714286,0.017857143,0.071428571,0.339285714,0.535714286,1,0.62295082,0.098360656,0.032786885,0.163934426,0.081967213
274,0.951219512,0.048780488,0.016129032,0,0.177419355,0.306451613,0.5,1,0.769230769,0.038461538,0.019230769,0.173076923,0
275,0.939759036,0.060240964,0.03030303,0.015151515,0.212121212,0.227272727,0.515151515,1,0.730769231,0.038461538,0.019230769,0.211538462,0
276,0.939759036,0.060240964,0,0.056603774,0.056603774,0.433962264,0.452830189,1,0.709090909,0.054545455,0,0.2,0.036363636
277,0.917647059,0.082352941,0.01754386,0,0.105263158,0.333333333,0.543859649,1,0.660714286,0.071428571,0.035714286,0.196428571,0.035714286
278,0.917647059,0.082352941,0.019230769,0.019230769,0.019230769,0.403846154,0.538461538,1,0.709090909,0.054545455,0.054545455,0.145454545,0.036363636
279,0.928571429,0.071428571,0.054545455,0.072727273,0.036363636,0.363636364,0.472727273,1,0.614035088,0.035087719,0.01754386,0.245614035,0.087719298
280,0.928571429,0.071428571,0.019230769,0.096153846,0.019230769,0.384615385,0.480769231,1,0.690909091,0.018181818,0.036363636,0.181818182,0.072727273
281,0.896551724,0.103448276,0,0.038461538,0.038461538,0.384615385,0.538461538,1,0.703703704,0.018518519,0.055555556,0.166666667,0.055555556
282,0.939759036,0.060240964,0.033898305,0.033898305,0.118644068,0.355932203,0.457627119,1,0.75,0.038461538,0,0.211538462,0
283,0.962962963,0.037037037,0,0,0.152542373,0.322033898,0.525423729,1,0.714285714,0.107142857,0.017857143,0.160714286,0
284,0.951219512,0.048780488,0.016666667,0.05,0.15,0.3,0.483333333,1,0.685185185,0.055555556,0.037037037,0.203703704,0.018518519
285,0.917647059,0.082352941,0,0,0.019607843,0.450980392,0.529411765,1,0.740740741,0.055555556,0.055555556,0.12962963,0.018518519
286,0.896551724,0.103448276,0.070175439,0,0.052631579,0.403508772,0.473684211,1,0.76,0,0.02,0.22,0
287,0.917647059,0.082352941,0.086206897,0,0.051724138,0.379310345,0.482758621,1,0.75,0,0,0.211538462,0.038461538
288,0.939759036,0.060240964,0,0.053571429,0.107142857,0.321428571,0.517857143,1,0.709090909,0.036363636,0.036363636,0.163636364,0.054545455
289,0.906976744,0.093023256,0,0.056603774,0.056603774,0.301886792,0.58490566,1,0.672413793,0,0.017241379,0.172413793,0.137931034
290,0.917647059,0.082352941,0.036363636,0.018181818,0.054545455,0.363636364,0.527272727,1,0.690909091,0.036363636,0.036363636,0.181818182,0.054545455
291,0.917647059,0.082352941,0,0.051724138,0.137931034,0.310344828,0.5,1,0.698113208,0.037735849,0.037735849,0.20754717,0.018867925
292,0.928571429,0.071428571,0.047619048,0,0.158730159,0.238095238,0.555555556,1,0.740740741,0.018518519,0,0.185185185,0.055555556
293,0.928571429,0.071428571,0.071428571,0,0.035714286,0.339285714,0.553571429,1,0.703703704,0.018518519,0.092592593,0.12962963,0.055555556
294,0.939759036,0.060240964,0.049180328,0.081967213,0.131147541,0.114754098,0.62295082,1,0.610169492,0.016949153,0.084745763,0.152542373,0.13559322
295,0.928571429,0.071428571,0.081967213,0.049180328,0.098360656,0.31147541,0.459016393,1,0.673076923,0.019230769,0.038461538,0.25,0.019230769
296,0.951219512,0.048780488,0.073529412,0.029411765,0.191176471,0.220588235,0.485294118,1,0.62962963,0.055555556,0.018518519,0.277777778,0.018518519
297,1,0,0.05,0.083333333,0.116666667,0.333333333,0.416666667,1,0.660714286,0.035714286,0,0.232142857,0.071428571
298,0.962962963,0.037037037,0.169230769,0.030769231,0.061538462,0.307692308,0.430769231,1,0.6,0.018181818,0,0.309090909,0.072727273
299,0.951219512,0.048780488,0.087719298,0,0.035087719,0.421052632,0.456140351,1,0.75,0,0.038461538,0.173076923,0.038461538
300,0.975,0.025,0.161290323,0.016129032,0.032258065,0.338709677,0.451612903,1,0.625,0,0.017857143,0.25,0.107142857
301,0.987341772,0.012658228,0.083333333,0,0.083333333,0.233333333,0.6,1,0.606557377,0.081967213,0.081967213,0.131147541,0.098360656
302,0.951219512,0.048780488,0.034482759,0,0.103448276,0.293103448,0.568965517,1,0.583333333,0.133333333,0.066666667,0.183333333,0.033333333
303,0.987341772,0.012658228,0.129032258,0.016129032,0.064516129,0.338709677,0.451612903,1,0.660377358,0.056603774,0.094339623,0.188679245,0
304,0.928571429,0.071428571,0.090909091,0,0,0.4,0.509090909,1,0.722222222,0.018518519,0.037037037,0.166666667,0.055555556
305,0.906976744,0.093023256,0,0.058823529,0.019607843,0.470588235,0.450980392,1,0.735849057,0,0,0.20754717,0.056603774
306,0.939759036,0.060240964,0.019607843,0,0,0.352941176,0.62745098,1,0.6,0.046153846,0,0.169230769,0.184615385
307,0.962962963,0.037037037,0.071428571,0.035714286,0.035714286,0.214285714,0.642857143,1,0.5,0.057142857,0,0.214285714,0.228571429
308,0.987341772,0.012658228,0.074074074,0.12962963,0,0.240740741,0.555555556,1,0.580645161,0,0.080645161,0.14516129,0.193548387
309,0.975,0.025,0.034482759,0.120689655,0.103448276,0.224137931,0.517241379,1,0.660714286,0,0.089285714,0.142857143,0.107142857
310,0.951219512,0.048780488,0.074074074,0.055555556,0,0.351851852,0.518518519,1,0.557377049,0.081967213,0.049180328,0.213114754,0.098360656
311,0.939759036,0.060240964,0.018867925,0.037735849,0.037735849,0.358490566,0.547169811,1,0.637931034,0.086206897,0.068965517,0.155172414,0.051724138
312,0.939759036,0.060240964,0.1,0,0.066666667,0.233333333,0.6,1,0.578947368,0.122807018,0.157894737,0.140350877,0
313,0.962962963,0.037037037,0.038461538,0.019230769,0,0.480769231,0.461538462,1,0.6,0.083333333,0.016666667,0.216666667,0.083333333
314,0.951219512,0.048780488,0.032258065,0.016129032,0.161290323,0.290322581,0.5,1,0.690909091,0.036363636,0,0.218181818,0.054545455
315,0.962962963,0.037037037,0.068965517,0.051724138,0.068965517,0.310344828,0.5,1,0.678571429,0.017857143,0.035714286,0.178571429,0.089285714
316,0.939759036,0.060240964,0.208333333,0.013888889,0.097222222,0.25,0.430555556,1,0.5,0.055555556,0.018518519,0.407407407,0.018518519
317,0.962962963,0.037037037,0.2,0.046153846,0.030769231,0.353846154,0.369230769,1,0.6,0,0.08,0.32,0
318,0.987341772,0.012658228,0.196969697,0,0.045454545,0.272727273,0.484848485,1,0.559322034,0.016949153,0.016949153,0.271186441,0.13559322
319,1,0,0.129032258,0,0.064516129,0.241935484,0.564516129,1,0.603174603,0.015873016,0,0.19047619,0.19047619
320,0.962962963,0.037037037,0.087719298,0,0.035087719,0.298245614,0.578947368,1,0.655737705,0,0,0.163934426,0.180327869
321,0.962962963,0.037037037,0.086206897,0.034482759,0.051724138,0.137931034,0.689655172,1,0.580645161,0.048387097,0.14516129,0.080645161,0.14516129
322,0.987341772,0.012658228,0.01754386,0.070175439,0.105263158,0.105263158,0.701754386,1,0.567164179,0.044776119,0.074626866,0.104477612,0.208955224
323,1,0,0,0.089285714,0.107142857,0,0.803571429,1,0.513513514,0.054054054,0.067567568,0.094594595,0.27027027
324,0.951219512,0.048780488,0,0.071428571,0.107142857,0,0.821428571,1,0.513513514,0.027027027,0.027027027,0.135135135,0.297297297
325,1,0,0,0.679245283,0.056603774,0.056603774,0.20754717,1,0.015625,0.15625,0.328125,0.4375,0.0625
326,0.962962963,0.037037037,0.033333333,0.616666667,0.133333333,0.033333333,0.183333333,1,0.075471698,0.018867925,0.358490566,0.509433962,0.037735849
327,0.987341772,0.012658228,0.017857143,0.696428571,0.089285714,0.017857143,0.178571429,1,0.06557377,0.032786885,0.262295082,0.491803279,0.147540984
328,0.975,0.025,0.112903226,0.596774194,0.080645161,0.016129032,0.193548387,1,0.015625,0,0.171875,0.59375,0.21875
329,0.951219512,0.048780488,0.019230769,0.673076923,0.019230769,0.038461538,0.25,1,0.112903226,0,0.258064516,0.435483871,0.193548387
330,1,0,0.131147541,0.573770492,0.049180328,0,0.245901639,1,0,0.056338028,0.154929577,0.549295775,0.23943662
331,0.939759036,0.060240964,0.047619048,0.603174603,0.158730159,0.015873016,0.174603175,1,0.032786885,0.016393443,0.131147541,0.655737705,0.163934426
332,0.962962963,0.037037037,0.035087719,0.614035088,0.087719298,0.140350877,0.122807018,1,0.045454545,0.075757576,0.090909091,0.621212121,0.166666667
333,0.962962963,0.037037037,0.095238095,0.079365079,0.111111111,0.26984127,0.444444444,1,0.68627451,0,0.078431373,0.215686275,0.019607843
334,0.886363636,0.113636364,0.037037037,0.037037037,0.037037037,0.333333333,0.555555556,1,0.716981132,0,0.056603774,0.169811321,0.056603774
335,0.951219512,0.048780488,0.066666667,0,0.1,0.35,0.483333333,1,0.75,0.019230769,0.038461538,0.173076923,0.019230769
336,0.917647059,0.082352941,0.035714286,0.017857143,0.071428571,0.410714286,0.464285714,1,0.75,0.038461538,0,0.211538462,0
337,0.962962963,0.037037037,0.035714286,0.696428571,0.071428571,0.035714286,0.160714286,1,0.015873016,0.047619048,0.222222222,0.555555556,0.158730159
338,0.951219512,0.048780488,0.061538462,0.584615385,0.169230769,0.015384615,0.169230769,1,0.017241379,0.017241379,0.189655172,0.655172414,0.120689655
339,0.975,0.025,0.015873016,0.634920635,0.19047619,0.031746032,0.126984127,1,0.030769231,0.030769231,0.061538462,0.676923077,0.2
340,0.975,0.025,0,0.661016949,0.152542373,0,0.186440678,1,0.014705882,0.073529412,0.132352941,0.588235294,0.191176471
341,0.975,0.025,0.055555556,0.703703704,0.018518519,0.018518519,0.203703704,1,0.049180328,0.016393443,0.31147541,0.459016393,0.163934426
342,0.962962963,0.037037037,0.070175439,0.666666667,0.052631579,0.087719298,0.122807018,1,0.017857143,0.035714286,0.321428571,0.553571429,0.071428571
343,0.962962963,0.037037037,0.015625,0.03125,0.203125,0.203125,0.546875,1,0.740740741,0.055555556,0.037037037,0.148148148,0.018518519
344,0.987341772,0.012658228,0.06779661,0.033898305,0.084745763,0.355932203,0.457627119,1,0.696428571,0.017857143,0,0.196428571,0.089285714
345,0.939759036,0.060240964,0.081967213,0.62295082,0.098360656,0.06557377,0.131147541,1,0,0.019230769,0.346153846,0.615384615,0.019230769
346,0.951219512,0.048780488,0.066666667,0.583333333,0.1,0.016666667,0.233333333,1,0.075471698,0.018867925,0.396226415,0.471698113,0.037735849
347,0.928571429,0.071428571,0.018518519,0.685185185,0.055555556,0.111111111,0.12962963,1,0.1,0,0.4,0.5,0
348,0.939759036,0.060240964,0.019607843,0.666666667,0,0.156862745,0.156862745,1,0,0.161290323,0.290322581,0.516129032,0.032258065
349,0.896551724,0.103448276,0.038461538,0.019230769,0,0.423076923,0.519230769,1,0.679245283,0.056603774,0.094339623,0.169811321,0
350,0.917647059,0.082352941,0.053571429,0.660714286,0.053571429,0.017857143,0.214285714,1,0.01754386,0.035087719,0.333333333,0.526315789,0.087719298
351,0.896551724,0.103448276,0,0.02,0,0.44,0.54,1,0.684210526,0.035087719,0,0.192982456,0.087719298
352,0.886363636,0.113636364,0,0,0,0.46,0.54,1,0.696428571,0.035714286,0,0.196428571,0.071428571
353,0.962962963,0.037037037,0.068965517,0.068965517,0.068965517,0.310344828,0.482758621,1,0.685185185,0,0.074074074,0.166666667,0.074074074
354,0.928571429,0.071428571,0.034482759,0.086206897,0.103448276,0.189655172,0.586206897,1,0.633333333,0,0,0.2,0.166666667
355,0.896551724,0.103448276,0,0.68,0,0.06,0.26,1,0.090909091,0.054545455,0.4,0.418181818,0.036363636
356,0.939759036,0.060240964,0.036363636,0.654545455,0.054545455,0.090909091,0.163636364,1,0.053571429,0.071428571,0.321428571,0.517857143,0.035714286
357,0.928571429,0.071428571,0,0.74,0,0.04,0.22,1,0.031746032,0.063492063,0.285714286,0.476190476,0.142857143
358,0.987341772,0.012658228,0.050847458,0.627118644,0.101694915,0.033898305,0.186440678,1,0.074074074,0.055555556,0.388888889,0.462962963,0.018518519
359,0.962962963,0.037037037,0,0.661016949,0.152542373,0.016949153,0.169491525,1,0.1,0,0.42,0.48,0
360,0.975,0.025,0,0.716981132,0.056603774,0,0.226415094,1,0.049180328,0.06557377,0.344262295,0.426229508,0.114754098
361,0.939759036,0.060240964,0,0.75,0.038461538,0,0.211538462,1,0.017241379,0.103448276,0.396551724,0.448275862,0.034482759
362,0.987341772,0.012658228,0.083333333,0.633333333,0.083333333,0.05,0.15,1,0.034482759,0.034482759,0.275862069,0.551724138,0.103448276
363,0.939759036,0.060240964,0.064516129,0.612903226,0.129032258,0.032258065,0.161290323,1,0.018867925,0,0.320754717,0.603773585,0.056603774
364,0.928571429,0.071428571,0.015873016,0.619047619,0.19047619,0.063492063,0.111111111,1,0,0.035714286,0.178571429,0.714285714,0.071428571
365,0.928571429,0.071428571,0.035714286,0.678571429,0.071428571,0,0.214285714,1,0,0.071428571,0.392857143,0.5,0.035714286
366,0.928571429,0.071428571,0.017241379,0.603448276,0.120689655,0,0.25862069,1,0,0.137931034,0.362068966,0.5,0
367,0.886363636,0.113636364,0,0.784313725,0.019607843,0.039215686,0.156862745,1,0.02,0,0.48,0.5,0
368,0.906976744,0.093023256,0.017857143,0.714285714,0.089285714,0,0.178571429,1,0.02,0,0.46,0.52,0
369,0.962962963,0.037037037,0.080645161,0.64516129,0.112903226,0.032258065,0.129032258,1,0,0,0.42,0.58,0
370,0.939759036,0.060240964,0.068965517,0.672413793,0.068965517,0.034482759,0.155172414,1,0,0.017857143,0.321428571,0.571428571,0.089285714
371,0.939759036,0.060240964,0.090909091,0.709090909,0,0.018181818,0.181818182,1,0,0.035714286,0.392857143,0.5,0.071428571
372,0.906976744,0.093023256,0,0.75,0.038461538,0.038461538,0.173076923,1,0.054545455,0,0.345454545,0.509090909,0.090909091
373,0.896551724,0.103448276,0.053571429,0.642857143,0.053571429,0.017857143,0.232142857,1,0.037037037,0.037037037,0.37037037,0.518518519,0.037037037
374,0.939759036,0.060240964,0.01754386,0.666666667,0.105263158,0.070175439,0.140350877,1,0.035087719,0.035087719,0.263157895,0.578947368,0.087719298
375,0.939759036,0.060240964,0,0.722222222,0.074074074,0.074074074,0.12962963,1,0.016393443,0.049180328,0.229508197,0.573770492,0.131147541
376,0.962962963,0.037037037,0.017857143,0.696428571,0.089285714,0.035714286,0.160714286,1,0,0.084745763,0.322033898,0.525423729,0.06779661
377,0.975,0.025,0,0.206349206,0.206349206,0.142857143,0.444444444,1,0.482758621,0.068965517,0.086206897,0.293103448,0.068965517
378,0.951219512,0.048780488,0.090909091,0.654545455,0,0.054545455,0.2,1,0.066666667,0,0.266666667,0.5,0.166666667
379,0.951219512,0.048780488,0,0.65,0.166666667,0,0.183333333,1,0.05,0.016666667,0.2,0.583333333,0.15
380,0.975,0.025,0,0.603174603,0.206349206,0,0.19047619,1,0.111111111,0,0.079365079,0.603174603,0.206349206
381,0.951219512,0.048780488,0.090909091,0.03030303,0.151515152,0.106060606,0.621212121,1,0.62962963,0.074074074,0.203703704,0.092592593,0
382,0.951219512,0.048780488,0.051724138,0.034482759,0.086206897,0.275862069,0.551724138,1,0.696428571,0,0.053571429,0.142857143,0.107142857
383,0.975,0.025,0,0.055555556,0.074074074,0.351851852,0.518518519,1,0.507692308,0.153846154,0.030769231,0.230769231,0.076923077
384,0.917647059,0.082352941,0.019230769,0,0.019230769,0.384615385,0.576923077,1,0.672413793,0.068965517,0.034482759,0.155172414,0.068965517
385,0.987341772,0.012658228,0.035714286,0,0.071428571,0.285714286,0.607142857,1,0.619047619,0.079365079,0.047619048,0.126984127,0.126984127
386,0.975,0.025,0.070175439,0,0.052631579,0.333333333,0.543859649,1,0.701754386,0.01754386,0.052631579,0.122807018,0.105263158
387,0.928571429,0.071428571,0,0.02,0,0.46,0.52,1,0.701754386,0.01754386,0.01754386,0.157894737,0.105263158
388,0.906976744,0.093023256,0,0.036363636,0.090909091,0.327272727,0.545454545,1,0.764705882,0,0.098039216,0.117647059,0.019607843
389,0.928571429,0.071428571,0,0.017857143,0.107142857,0.321428571,0.553571429,1,0.735849057,0.056603774,0.094339623,0.113207547,0
390,0.906976744,0.093023256,0.019607843,0.039215686,0,0.450980392,0.490196078,1,0.75,0,0.057692308,0.153846154,0.038461538
391,0.906976744,0.093023256,0,0.019607843,0.019607843,0.470588235,0.490196078,1,0.709090909,0.054545455,0,0.2,0.036363636
392,0.928571429,0.071428571,0.120689655,0,0.017241379,0.362068966,0.5,1,0.685185185,0.018518519,0.037037037,0.203703704,0.055555556
393,0.975,0.025,0.147540984,0,0.032786885,0.278688525,0.540983607,1,0.637931034,0,0.051724138,0.172413793,0.137931034
394,0.939759036,0.060240964,0.053571429,0.017857143,0.053571429,0.357142857,0.517857143,1,0.703703704,0,0.074074074,0.148148148,0.074074074
395,1,0,0.107142857,0.089285714,0,0.392857143,0.410714286,1,0.625,0.017857143,0.071428571,0.196428571,0.089285714
396,0.896551724,0.103448276,0.051724138,0,0.086206897,0.344827586,0.517241379,1,0.76,0,0.06,0.18,0
397,0.896551724,0.103448276,0.019607843,0.058823529,0,0.31372549,0.607843137,1,0.637931034,0.034482759,0.068965517,0.155172414,0.103448276
398,0.939759036,0.060240964,0.018518519,0.148148148,0.055555556,0.314814815,0.462962963,1,0.625,0,0.053571429,0.214285714,0.107142857
399,0.987341772,0.012658228,0.114285714,0.028571429,0.171428571,0.114285714,0.571428571,1,0.566666667,0.033333333,0.05,0.216666667,0.133333333
400,0.975,0.025,0.117647059,0.073529412,0.147058824,0.014705882,0.647058824,1,0.441176471,0.058823529,0.058823529,0.235294118,0.205882353
401,0.987341772,0.012658228,0.095890411,0.02739726,0.219178082,0.04109589,0.616438356,1,0.578947368,0.070175439,0.157894737,0.140350877,0.052631579
402,1,0,0.051724138,0.034482759,0.086206897,0.155172414,0.672413793,1,0.485294118,0.132352941,0.117647059,0.132352941,0.132352941
403,0.962962963,0.037037037,0.06557377,0.049180328,0.114754098,0.147540984,0.62295082,1,0.566666667,0.066666667,0.133333333,0.133333333,0.1
404,0.951219512,0.048780488,0.056603774,0.716981132,0,0.075471698,0.150943396,1,0,0.032258065,0.274193548,0.532258065,0.161290323
405,0.975,0.025,0.107142857,0.678571429,0,0.071428571,0.142857143,1,0.015151515,0,0.166666667,0.575757576,0.242424242
406,0.951219512,0.048780488,0.018518519,0.666666667,0.055555556,0.111111111,0.148148148,1,0.079365079,0.015873016,0.158730159,0.555555556,0.19047619
407,0.886363636,0.113636364,0.037037037,0.703703704,0.037037037,0,0.222222222,1,0.02,0,0.5,0.48,0
408,0.896551724,0.103448276,0.035087719,0.649122807,0.087719298,0,0.228070175,1,0.038461538,0.038461538,0.403846154,0.519230769,0
409,0.928571429,0.071428571,0.018518519,0.722222222,0.055555556,0.018518519,0.185185185,1,0.058823529,0.019607843,0.470588235,0.450980392,0
410,0.951219512,0.048780488,0.06779661,0.576271186,0.084745763,0.016949153,0.254237288,1,0.052631579,0.087719298,0.350877193,0.473684211,0.035087719
411,0.928571429,0.071428571,0.047619048,0.603174603,0.158730159,0.031746032,0.158730159,1,0.075471698,0,0.226415094,0.641509434,0.056603774
412,0.951219512,0.048780488,0.053571429,0.607142857,0.053571429,0.035714286,0.25,1,0.112903226,0,0.209677419,0.483870968,0.193548387
413,0.917647059,0.082352941,0.018867925,0.113207547,0.037735849,0.433962264,0.396226415,1,0.705882353,0,0.039215686,0.235294118,0.019607843
414,0.975,0.025,0.089285714,0.089285714,0.017857143,0.321428571,0.482142857,1,0.476923077,0.076923077,0.015384615,0.276923077,0.153846154
415,0.987341772,0.012658228,0.036363636,0.127272727,0.054545455,0.363636364,0.418181818,1,0.559322034,0.06779661,0.050847458,0.237288136,0.084745763
416,0.962962963,0.037037037,0.066666667,0.583333333,0.1,0.083333333,0.166666667,1,0,0.1,0.25,0.583333333,0.066666667
417,0.975,0.025,0,0.660714286,0.107142857,0,0.232142857,1,0.101694915,0.033898305,0.305084746,0.440677966,0.118644068
418,0.975,0.025,0.038461538,0.769230769,0,0.057692308,0.134615385,1,0,0.06779661,0.372881356,0.474576271,0.084745763
419,0.939759036,0.060240964,0,0.8,0,0,0.2,1,0.032258065,0.048387097,0.306451613,0.467741935,0.14516129
420,0.906976744,0.093023256,0.074074074,0.666666667,0,0,0.259259259,1,0.035087719,0.01754386,0.368421053,0.473684211,0.105263158
421,0.906976744,0.093023256,0.074074074,0.685185185,0,0.037037037,0.203703704,1,0,0.037735849,0.452830189,0.490566038,0.018867925
422,0.975,0.025,0.126984127,0.571428571,0.079365079,0.031746032,0.19047619,1,0.018867925,0,0.396226415,0.528301887,0.056603774
423,0.917647059,0.082352941,0.052631579,0.701754386,0.070175439,0.035087719,0.140350877,1,0,0.019230769,0.384615385,0.576923077,0.019230769
424,0.975,0.025,0.066666667,0.666666667,0.1,0,0.166666667,1,0.018867925,0.018867925,0.41509434,0.509433962,0.037735849
425,0.939759036,0.060240964,0.095238095,0.587301587,0.111111111,0.015873016,0.19047619,1,0,0.037735849,0.358490566,0.58490566,0.018867925
426,0.928571429,0.071428571,0,0.696428571,0.107142857,0,0.196428571,1,0.094339623,0,0.358490566,0.490566038,0.056603774
427,0.906976744,0.093023256,0,0.764705882,0.019607843,0,0.215686275,1,0.037037037,0.055555556,0.444444444,0.444444444,0.018518519
428,0.876404494,0.123595506,0,0.784313725,0.019607843,0.039215686,0.156862745,1,0,0.018518519,0.37037037,0.555555556,0.055555556
429,0.951219512,0.048780488,0,0.685185185,0.074074074,0.018518519,0.222222222,1,0.054545455,0.072727273,0.436363636,0.418181818,0.018181818
430,0.975,0.025,0.01754386,0.684210526,0.105263158,0.035087719,0.157894737,1,0.075471698,0.018867925,0.396226415,0.471698113,0.037735849
431,0.939759036,0.060240964,0,0.673076923,0.038461538,0.076923077,0.211538462,1,0.03030303,0.106060606,0.212121212,0.515151515,0.136363636
432,0.951219512,0.048780488,0.016949153,0.576271186,0.13559322,0.016949153,0.254237288,1,0,0.121621622,0.081081081,0.594594595,0.202702703
433,0.917647059,0.082352941,0.061538462,0.507692308,0.169230769,0.015384615,0.246153846,1,0.087719298,0.01754386,0.175438596,0.614035088,0.105263158
434,0.928571429,0.071428571,0.034482759,0,0.103448276,0.362068966,0.5,1,0.784313725,0.019607843,0.039215686,0.156862745,0
435,0.939759036,0.060240964,0.05,0.066666667,0.116666667,0.316666667,0.45,1,0.74,0,0.06,0.2,0
436,0.876404494,0.123595506,0,0.053571429,0.107142857,0.321428571,0.517857143,1,0.745098039,0,0.019607843,0.215686275,0.019607843
437,0.896551724,0.103448276,0,0.051724138,0.137931034,0.25862069,0.551724138,1,0.730769231,0,0.057692308,0.173076923,0.038461538
438,0.906976744,0.093023256,0.018867925,0.735849057,0.037735849,0.056603774,0.150943396,1,0.018518519,0.018518519,0.37037037,0.537037037,0.055555556
439,0.917647059,0.082352941,0.037735849,0.754716981,0.018867925,0.018867925,0.169811321,1,0,0,0.452830189,0.490566038,0.056603774
440,0.939759036,0.060240964,0.018518519,0.740740741,0.055555556,0.055555556,0.12962963,1,0,0.053571429,0.357142857,0.535714286,0.053571429
441,0.886363636,0.113636364,0.019230769,0.75,0.019230769,0.038461538,0.173076923,1,0.019230769,0,0.423076923,0.519230769,0.038461538
442,0.886363636,0.113636364,0,0.735849057,0.056603774,0.018867925,0.188679245,1,0.058823529,0,0.411764706,0.509803922,0.019607843
443,0.896551724,0.103448276,0.019230769,0.730769231,0.019230769,0.019230769,0.211538462,1,0.058823529,0.019607843,0.470588235,0.450980392,0
444,0.896551724,0.103448276,0.017241379,0.534482759,0.120689655,0.068965517,0.25862069,1,0.109090909,0.054545455,0.272727273,0.527272727,0.036363636
445,0.928571429,0.071428571,0,0.703703704,0.074074074,0.037037037,0.185185185,1,0.018181818,0.072727273,0.4,0.490909091,0.018181818
446,0.975,0.025,0.064516129,0.016129032,0.129032258,0.129032258,0.661290323,1,0.545454545,0.060606061,0.045454545,0.166666667,0.181818182
447,0.975,0.025,0.015384615,0.015384615,0.215384615,0.153846154,0.6,1,0.612903226,0.096774194,0,0.193548387,0.096774194
448,0.928571429,0.071428571,0,0,0.152542373,0.152542373,0.694915254,1,0.65,0.066666667,0.083333333,0.1,0.1
449,0.928571429,0.071428571,0.087719298,0.614035088,0.035087719,0.070175439,0.192982456,1,0.076923077,0,0.384615385,0.5,0.038461538
450,0.917647059,0.082352941,0,0.745098039,0.019607843,0,0.235294118,1,0.01754386,0.070175439,0.421052632,0.438596491,0.052631579
451,0.975,0.025,0.084745763,0.627118644,0.06779661,0.033898305,0.186440678,1,0.075471698,0,0.396226415,0.471698113,0.056603774
452,0.928571429,0.071428571,0.070175439,0.666666667,0.052631579,0.052631579,0.157894737,1,0,0.01754386,0.298245614,0.578947368,0.105263158
453,0.896551724,0.103448276,0.056603774,0.716981132,0,0.018867925,0.20754717,1,0.019230769,0,0.461538462,0.480769231,0.038461538
454,0.896551724,0.103448276,0.019230769,0.75,0.019230769,0.057692308,0.153846154,1,0,0.018518519,0.388888889,0.537037037,0.055555556
455,0.917647059,0.082352941,0.019607843,0.725490196,0,0.019607843,0.235294118,1,0.074074074,0.018518519,0.444444444,0.407407407,0.055555556
456,0.896551724,0.103448276,0,0.74,0,0.02,0.24,1,0.074074074,0,0.425925926,0.425925926,0.074074074
457,0.928571429,0.071428571,0.034482759,0,0.103448276,0.362068966,0.5,1,0.754716981,0.037735849,0,0.188679245,0.018867925
458,0.975,0.025,0.059701493,0,0.194029851,0.208955224,0.537313433,1,0.703703704,0.055555556,0.055555556,0.166666667,0.018518519
459,0.987341772,0.012658228,0.141025641,0.025641026,0.217948718,0.115384615,0.5,1,0.66,0,0.1,0.24,0
460,0.975,0.025,0.103896104,0.064935065,0.246753247,0.038961039,0.545454545,1,0.581818182,0.018181818,0.072727273,0.254545455,0.072727273
461,0.928571429,0.071428571,0.047619048,0.079365079,0.158730159,0.158730159,0.555555556,1,0.672727273,0,0.036363636,0.2,0.090909091
462,0.939759036,0.060240964,0,0.65,0.166666667,0,0.183333333,1,0.070175439,0,0.228070175,0.578947368,0.122807018
463,0.962962963,0.037037037,0,0.655737705,0.180327869,0.06557377,0.098360656,1,0.080645161,0,0.048387097,0.677419355,0.193548387
464,0.975,0.025,0,0.619047619,0.206349206,0.047619048,0.126984127,1,0.080645161,0.032258065,0.064516129,0.661290323,0.161290323
465,0.975,0.025,0,0.709090909,0.090909091,0.054545455,0.145454545,1,0,0.083333333,0.097222222,0.597222222,0.222222222
466,0.917647059,0.082352941,0,0.516666667,0.166666667,0.166666667,0.15,1,0.05,0.15,0.116666667,0.666666667,0.016666667
467,0.906976744,0.093023256,0.051724138,0.672413793,0.086206897,0.034482759,0.155172414,1,0.017241379,0,0.206896552,0.637931034,0.137931034
468,0.951219512,0.048780488,0.05,0.666666667,0.116666667,0.033333333,0.133333333,1,0.032786885,0,0.147540984,0.639344262,0.180327869
469,0.939759036,0.060240964,0,0.090909091,0.090909091,0.327272727,0.490909091,1,0.678571429,0.017857143,0.017857143,0.196428571,0.089285714
470,0.917647059,0.082352941,0.090909091,0.018181818,0,0.363636364,0.527272727,1,0.660714286,0.035714286,0.035714286,0.196428571,0.071428571
471,0.906976744,0.093023256,0.070175439,0,0.052631579,0.368421053,0.50877193,1,0.666666667,0.074074074,0.037037037,0.222222222,0
472,0.975,0.025,0.036363636,0.727272727,0.054545455,0.018181818,0.163636364,1,0.070175439,0,0.333333333,0.473684211,0.122807018
473,0.962962963,0.037037037,0,0.705882353,0.019607843,0.058823529,0.215686275,1,0.109375,0.03125,0.21875,0.453125,0.1875
474,0.987341772,0.012658228,0.032258065,0.612903226,0.161290323,0.032258065,0.161290323,1,0.014705882,0.073529412,0.088235294,0.632352941,0.191176471
475,0.987341772,0.012658228,0.053571429,0.660714286,0.053571429,0.035714286,0.196428571,1,0.041666667,0.041666667,0.097222222,0.555555556,0.263888889
476,0.975,0.025,0.056603774,0.679245283,0,0.037735849,0.226415094,1,0.063492063,0.031746032,0.285714286,0.444444444,0.174603175
477,0.987341772,0.012658228,0.122807018,0.649122807,0,0.122807018,0.105263158,1,0.016129032,0.016129032,0.209677419,0.580645161,0.177419355
478,0.951219512,0.048780488,0.019607843,0.725490196,0,0.078431373,0.176470588,1,0.078125,0.015625,0.203125,0.5,0.203125
479,0.928571429,0.071428571,0.089285714,0.678571429,0.017857143,0,0.214285714,1,0,0,0.278688525,0.540983607,0.180327869
480,0.975,0.025,0,0.705882353,0.019607843,0.117647059,0.156862745,1,0.080645161,0.064516129,0.258064516,0.467741935,0.129032258
481,0.906976744,0.093023256,0,0,0.137931034,0.25862069,0.603448276,1,0.696428571,0.053571429,0.035714286,0.160714286,0.053571429
482,0.928571429,0.071428571,0,0,0.090909091,0.272727273,0.636363636,1,0.62295082,0.098360656,0.049180328,0.147540984,0.081967213
483,0.906976744,0.093023256,0.064516129,0.532258065,0.129032258,0.064516129,0.209677419,1,0.156862745,0,0.235294118,0.588235294,0.019607843
484,0.939759036,0.060240964,0,0,0.230769231,0.184615385,0.584615385,1,0.769230769,0.038461538,0.076923077,0.115384615,0
485,0.951219512,0.048780488,0.054545455,0.018181818,0.036363636,0.345454545,0.545454545,1,0.637931034,0.068965517,0.068965517,0.155172414,0.068965517
486,0.917647059,0.082352941,0.019230769,0.019230769,0.019230769,0.423076923,0.519230769,1,0.696428571,0.017857143,0.017857143,0.178571429,0.089285714
487,0.928571429,0.071428571,0.018867925,0.075471698,0.037735849,0.377358491,0.490566038,1,0.709090909,0,0.018181818,0.181818182,0.090909091
488,0.928571429,0.071428571,0,0.096153846,0.038461538,0.346153846,0.519230769,1,0.631578947,0.035087719,0.070175439,0.175438596,0.087719298
489,0.939759036,0.060240964,0,0.153846154,0.038461538,0.442307692,0.365384615,1,0.711538462,0,0.019230769,0.230769231,0.038461538
490,0.951219512,0.048780488,0.01754386,0.105263158,0.105263158,0.350877193,0.421052632,1,0.6,0.090909091,0.054545455,0.254545455,0
491,0.939759036,0.060240964,0.053571429,0.053571429,0.053571429,0.428571429,0.410714286,1,0.76,0,0.04,0.2,0
492,0.962962963,0.037037037,0.063492063,0.031746032,0.142857143,0.285714286,0.476190476,1,0.78,0,0.06,0.16,0
493,0.987341772,0.012658228,0.112676056,0,0.183098592,0.197183099,0.507042254,1,0.730769231,0,0.038461538,0.192307692,0.038461538
494,1,0,0.095238095,0.063492063,0.111111111,0.349206349,0.380952381,1,0.705882353,0.019607843,0.039215686,0.235294118,0
495,0.987341772,0.012658228,0.111111111,0.015873016,0.095238095,0.333333333,0.444444444,1,0.685185185,0.018518519,0.018518519,0.222222222,0.055555556
496,0.962962963,0.037037037,0.035714286,0.089285714,0.071428571,0.392857143,0.410714286,1,0.62962963,0.074074074,0.074074074,0.222222222,0
497,0.896551724,0.103448276,0.016949153,0.016949153,0.13559322,0.271186441,0.559322034,1,0.730769231,0.019230769,0.057692308,0.173076923,0.019230769
498,0.896551724,0.103448276,0.017241379,0.655172414,0.120689655,0,0.206896552,1,0,0.038461538,0.403846154,0.557692308,0
499,0.928571429,0.071428571,0.054545455,0.709090909,0.036363636,0.036363636,0.163636364,1,0,0.018867925,0.433962264,0.509433962,0.037735849
500,0.928571429,0.071428571,0.016666667,0.65,0.15,0.033333333,0.15,1,0,0.055555556,0.314814815,0.611111111,0.018518519
501,0.939759036,0.060240964,0.016949153,0.593220339,0.13559322,0.033898305,0.220338983,1,0,0.13559322,0.305084746,0.542372881,0.016949153
502,0.917647059,0.082352941,0.016666667,0.033333333,0.15,0.166666667,0.633333333,1,0.65,0,0,0.183333333,0.166666667
503,0.951219512,0.048780488,0.079365079,0,0.126984127,0.26984127,0.523809524,1,0.709090909,0,0,0.2,0.090909091
504,0.928571429,0.071428571,0.054545455,0.636363636,0.036363636,0.018181818,0.254545455,1,0.105263158,0.035087719,0.315789474,0.456140351,0.087719298
505,0.962962963,0.037037037,0.054545455,0.072727273,0.036363636,0.254545455,0.581818182,1,0.590163934,0.032786885,0.081967213,0.147540984,0.147540984
506,0.987341772,0.012658228,0.018181818,0.127272727,0.072727273,0.2,0.581818182,1,0.507462687,0.059701493,0.044776119,0.194029851,0.194029851
507,0.928571429,0.071428571,0.034482759,0.051724138,0.103448276,0.25862069,0.551724138,1,0.716981132,0,0.094339623,0.132075472,0.056603774
508,0.917647059,0.082352941,0.016666667,0.016666667,0.15,0.3,0.516666667,1,0.8,0,0.04,0.16,0
509,0.962962963,0.037037037,0.064516129,0.112903226,0.129032258,0.322580645,0.370967742,1,0.545454545,0.090909091,0.018181818,0.345454545,0
510,0.917647059,0.082352941,0.055555556,0.055555556,0.018518519,0.388888889,0.481481481,1,0.75,0,0.038461538,0.173076923,0.038461538
511,0.906976744,0.093023256,0,0.057692308,0.038461538,0.346153846,0.557692308,1,0.672413793,0.034482759,0,0.189655172,0.103448276
512,0.962962963,0.037037037,0,0.016949153,0.152542373,0.152542373,0.677966102,1,0.625,0.046875,0.03125,0.125,0.171875
513,0.906976744,0.093023256,0.06557377,0,0.114754098,0.229508197,0.590163934,1,0.631578947,0.01754386,0.035087719,0.210526316,0.105263158
514,0.951219512,0.048780488,0,0.690909091,0.090909091,0,0.218181818,1,0,0.074626866,0.208955224,0.537313433,0.179104478
515,0.906976744,0.093023256,0.034482759,0.655172414,0.103448276,0.017241379,0.189655172,1,0.056603774,0,0.320754717,0.566037736,0.056603774
516,0.939759036,0.060240964,0,0.696428571,0.107142857,0,0.196428571,1,0.050847458,0.016949153,0.271186441,0.525423729,0.13559322
517,0.987341772,0.012658228,0.103448276,0.655172414,0.034482759,0,0.206896552,1,0,0.032786885,0.327868852,0.491803279,0.147540984
518,1,0,0.191176471,0.485294118,0.073529412,0.044117647,0.205882353,1,0.017857143,0,0.303571429,0.571428571,0.107142857
519,1,0,0.112903226,0.629032258,0.080645161,0.016129032,0.161290323,1,0,0.016949153,0.288135593,0.559322034,0.13559322
520,0.928571429,0.071428571,0.038461538,0.019230769,0,0.384615385,0.557692308,1,0.661016949,0.016949153,0.016949153,0.169491525,0.13559322
521,0.939759036,0.060240964,0,0.057692308,0.038461538,0.365384615,0.538461538,1,0.633333333,0.033333333,0.016666667,0.183333333,0.133333333
522,0.939759036,0.060240964,0.054545455,0.018181818,0.036363636,0.345454545,0.545454545,1,0.661016949,0.016949153,0,0.186440678,0.13559322
523,0.951219512,0.048780488,0,0.14516129,0.193548387,0.225806452,0.435483871,1,0.679245283,0,0,0.264150943,0.056603774
524,0.987341772,0.012658228,0.083333333,0.016666667,0.083333333,0.35,0.466666667,1,0.666666667,0.035087719,0,0.210526316,0.087719298
525,0.987341772,0.012658228,0.081967213,0.081967213,0.098360656,0.31147541,0.426229508,1,0.618181818,0.036363636,0.054545455,0.236363636,0.054545455
526,0.987341772,0.012658228,0.035087719,0.035087719,0.087719298,0.403508772,0.438596491,1,0.666666667,0.087719298,0,0.210526316,0.035087719
527,0.939759036,0.060240964,0,0,0.122807018,0.315789474,0.561403509,1,0.633333333,0.1,0,0.2,0.066666667
528,0.975,0.025,0.044776119,0.044776119,0.208955224,0.208955224,0.492537313,1,0.672727273,0.036363636,0,0.236363636,0.054545455
529,0.928571429,0.071428571,0.03125,0.015625,0.1875,0.21875,0.546875,1,0.711538462,0.038461538,0.076923077,0.173076923,0
530,0.962962963,0.037037037,0.033333333,0.033333333,0.133333333,0.25,0.55,1,0.672413793,0.051724138,0.017241379,0.172413793,0.086206897
531,0.939759036,0.060240964,0.05,0.033333333,0.116666667,0.233333333,0.566666667,1,0.627118644,0.033898305,0.016949153,0.203389831,0.118644068
532,0.917647059,0.082352941,0.038461538,0.692307692,0,0.076923077,0.192307692,1,0.056603774,0.056603774,0.433962264,0.452830189,0
533,0.951219512,0.048780488,0,0.679245283,0.056603774,0.037735849,0.226415094,1,0.033898305,0.118644068,0.372881356,0.440677966,0.033898305
534,0.939759036,0.060240964,0.037037037,0.703703704,0.037037037,0.037037037,0.185185185,1,0.072727273,0.018181818,0.363636364,0.472727273,0.072727273
535,0.962962963,0.037037037,0.018518519,0.740740741,0.055555556,0.055555556,0.12962963,1,0.03125,0.03125,0.1875,0.5625,0.1875
536,0.928571429,0.071428571,0.052631579,0.614035088,0.070175439,0.070175439,0.192982456,1,0,0.081081081,0.027027027,0.648648649,0.243243243
537,0.962962963,0.037037037,0.080645161,0.532258065,0.112903226,0.096774194,0.177419355,1,0.061538462,0.030769231,0.076923077,0.630769231,0.2
538,0.951219512,0.048780488,0.051724138,0.017241379,0.086206897,0.293103448,0.551724138,1,0.684210526,0,0.035087719,0.157894737,0.122807018
539,0.975,0.025,0.01754386,0.456140351,0.105263158,0.122807018,0.298245614,1,0.095238095,0.206349206,0.26984127,0.428571429,0
540,0.951219512,0.048780488,0.059701493,0.567164179,0.194029851,0.029850746,0.149253731,1,0.017857143,0.035714286,0.178571429,0.696428571,0.071428571
541,0.962962963,0.037037037,0,0.627118644,0.152542373,0.016949153,0.203389831,1,0.031746032,0.095238095,0.206349206,0.555555556,0.111111111
542,0.987341772,0.012658228,0.031746032,0.53968254,0.174603175,0.095238095,0.158730159,1,0.048387097,0.112903226,0.14516129,0.612903226,0.080645161
543,0.962962963,0.037037037,0.116666667,0.55,0.05,0.133333333,0.15,1,0.080645161,0.016129032,0.112903226,0.612903226,0.177419355
544,0.951219512,0.048780488,0.032258065,0.532258065,0.161290323,0.016129032,0.258064516,1,0.173076923,0,0.326923077,0.461538462,0.038461538
545,0.917647059,0.082352941,0.019230769,0.634615385,0.019230769,0.153846154,0.173076923,1,0.196078431,0.019607843,0.333333333,0.450980392,0
546,0.928571429,0.071428571,0.105263158,0.649122807,0.01754386,0.01754386,0.210526316,1,0,0.016666667,0.283333333,0.55,0.15
547,0.975,0.025,0.107142857,0,0,0.410714286,0.482142857,1,0.722222222,0.037037037,0.074074074,0.12962963,0.037037037
548,0.951219512,0.048780488,0.112903226,0.032258065,0.080645161,0.306451613,0.467741935,1,0.611111111,0.074074074,0.074074074,0.240740741,0
549,0.928571429,0.071428571,0,0,0.074074074,0.407407407,0.518518519,1,0.666666667,0.087719298,0.01754386,0.192982456,0.035087719
550,0.917647059,0.082352941,0.019607843,0.078431373,0,0.37254902,0.529411765,1,0.590163934,0.049180328,0,0.229508197,0.131147541
551,0.886363636,0.113636364,0,0.019607843,0.019607843,0.450980392,0.509803922,1,0.690909091,0.054545455,0,0.218181818,0.036363636
552,0.866666667,0.133333333,0,0,0,0.46,0.54,1,0.784313725,0,0.039215686,0.156862745,0.019607843
553,0.896551724,0.103448276,0.054545455,0,0.036363636,0.4,0.509090909,1,0.75,0,0.019230769,0.192307692,0.038461538
554,0.857142857,0.142857143,0,0,0,0.46,0.54,1,0.784313725,0,0.019607843,0.176470588,0.019607843
555,0.886363636,0.113636364,0,0.02,0,0.5,0.48,1,0.75,0.038461538,0.019230769,0.192307692,0
556,0.886363636,0.113636364,0,0.04,0,0.44,0.52,1,0.8,0,0.08,0.12,0
557,0.962962963,0.037037037,0.068965517,0,0.068965517,0.293103448,0.568965517,1,0.701754386,0.035087719,0.052631579,0.122807018,0.087719298
558,0.962962963,0.037037037,0.076923077,0,0.153846154,0.153846154,0.615384615,1,0.727272727,0,0.090909091,0.090909091,0.090909091
559,0.951219512,0.048780488,0.055555556,0,0.018518519,0.240740741,0.685185185,1,0.514285714,0.057142857,0.014285714,0.185714286,0.228571429
560,0.962962963,0.037037037,0,0.113207547,0.056603774,0.301886792,0.528301887,1,0.590163934,0.032786885,0.049180328,0.180327869,0.147540984
561,0.917647059,0.082352941,0.019607843,0.058823529,0,0.450980392,0.470588235,1,0.625,0.089285714,0.053571429,0.214285714,0.017857143
562,0.896551724,0.103448276,0.052631579,0.01754386,0.070175439,0.280701754,0.578947368,1,0.764705882,0,0.098039216,0.117647059,0.019607843
563,0.939759036,0.060240964,0.034482759,0.034482759,0.103448276,0.344827586,0.482758621,1,0.642857143,0.089285714,0.017857143,0.232142857,0.017857143
564,0.951219512,0.048780488,0.018181818,0.054545455,0.072727273,0.327272727,0.527272727,1,0.701754386,0.01754386,0.01754386,0.157894737,0.105263158
565,0.939759036,0.060240964,0,0.039215686,0.019607843,0.333333333,0.607843137,1,0.629032258,0.048387097,0.032258065,0.14516129,0.14516129
566,0.975,0.025,0.018518519,0.092592593,0.055555556,0.407407407,0.425925926,1,0.620689655,0.068965517,0.017241379,0.224137931,0.068965517
567,0.962962963,0.037037037,0,0.078431373,0.019607843,0.411764706,0.490196078,1,0.6,0.083333333,0.05,0.183333333,0.083333333
568,0.962962963,0.037037037,0,0.117647059,0.019607843,0.294117647,0.568627451,1,0.492537313,0.089552239,0.044776119,0.208955224,0.164179104
569,0.975,0.025,0.056603774,0.018867925,0,0.339622642,0.58490566,1,0.625,0.015625,0,0.15625,0.203125
570,1,0,0.116666667,0.033333333,0.05,0.2,0.6,1,0.569230769,0.015384615,0.030769231,0.169230769,0.215384615
571,0.951219512,0.048780488,0.038461538,0.019230769,0,0.25,0.692307692,1,0.536231884,0.043478261,0.028985507,0.15942029,0.231884058
572,0.962962963,0.037037037,0.038461538,0.115384615,0,0.326923077,0.519230769,1,0.587301587,0,0,0.206349206,0.206349206
573,0.975,0.025,0.15,0.283333333,0.016666667,0.3,0.25,1,0.368421053,0,0.052631579,0.456140351,0.122807018
574,0.951219512,0.048780488,0.118644068,0.220338983,0.033898305,0.423728814,0.203389831,1,0.509803922,0,0,0.470588235,0.019607843
575,0.951219512,0.048780488,0.032786885,0.06557377,0.147540984,0.278688525,0.475409836,1,0.703703704,0.018518519,0,0.222222222,0.055555556
576,0.917647059,0.082352941,0.079365079,0,0.126984127,0.301587302,0.492063492,1,0.745098039,0,0,0.235294118,0.019607843
577,0.962962963,0.037037037,0.071428571,0,0.214285714,0.185714286,0.528571429,1,0.716981132,0.037735849,0.018867925,0.20754717,0.018867925
578,0.962962963,0.037037037,0.032258065,0.096774194,0.161290323,0.209677419,0.5,1,0.576271186,0.06779661,0.016949153,0.254237288,0.084745763
579,0.917647059,0.082352941,0,0.071428571,0.107142857,0.375,0.446428571,1,0.730769231,0,0,0.230769231,0.038461538
580,0.975,0.025,0.070175439,0.052631579,0.052631579,0.368421053,0.456140351,1,0.709090909,0,0.018181818,0.181818182,0.090909091
581,0.951219512,0.048780488,0,0.150943396,0.056603774,0.301886792,0.490566038,1,0.6,0,0.016666667,0.216666667,0.166666667
582,0.951219512,0.048780488,0.052631579,0,0.070175439,0.368421053,0.50877193,1,0.666666667,0.052631579,0.01754386,0.192982456,0.070175439
583,0.987341772,0.012658228,0.06779661,0.016949153,0.084745763,0.322033898,0.508474576,1,0.678571429,0.071428571,0.071428571,0.142857143,0.035714286
584,0.951219512,0.048780488,0,0.018181818,0.090909091,0.418181818,0.472727273,1,0.696428571,0.107142857,0,0.196428571,0
585,0.928571429,0.071428571,0.070175439,0.070175439,0.052631579,0.403508772,0.403508772,1,0.581818182,0.090909091,0.018181818,0.309090909,0
586,0.917647059,0.082352941,0.107142857,0.017857143,0,0.446428571,0.428571429,1,0.76,0,0.02,0.22,0
587,0.928571429,0.071428571,0.072727273,0.054545455,0.018181818,0.272727273,0.581818182,1,0.573770492,0.032786885,0.049180328,0.196721311,0.147540984
588,0.939759036,0.060240964,0.054545455,0,0.036363636,0.218181818,0.690909091,1,0.606060606,0.015151515,0,0.151515152,0.227272727
589,0.975,0.025,0.061538462,0.030769231,0.169230769,0.138461538,0.6,1,0.627118644,0.033898305,0.06779661,0.152542373,0.118644068
590,0.962962963,0.037037037,0.084745763,0.033898305,0.06779661,0.152542373,0.661016949,1,0.552238806,0.029850746,0.014925373,0.179104478,0.223880597
591,0.939759036,0.060240964,0.036363636,0.018181818,0.054545455,0.345454545,0.545454545,1,0.661016949,0.050847458,0,0.186440678,0.101694915
592,0.917647059,0.082352941,0.036363636,0,0.054545455,0.418181818,0.490909091,1,0.784313725,0.019607843,0.039215686,0.156862745,0
593,0.917647059,0.082352941,0.056603774,0.018867925,0,0.433962264,0.490566038,1,0.740740741,0.018518519,0,0.185185185,0.055555556
594,0.928571429,0.071428571,0.019230769,0,0.019230769,0.403846154,0.557692308,1,0.655172414,0.068965517,0.051724138,0.155172414,0.068965517
595,0.951219512,0.048780488,0.055555556,0.018518519,0.018518519,0.314814815,0.592592593,1,0.557377049,0.098360656,0.114754098,0.147540984,0.081967213
596,0.951219512,0.048780488,0.038461538,0.153846154,0,0.423076923,0.384615385,1,0.607142857,0.017857143,0.035714286,0.25,0.089285714
597,0.951219512,0.048780488,0.055555556,0.055555556,0.018518519,0.333333333,0.537037037,1,0.649122807,0.035087719,0.087719298,0.140350877,0.087719298
598,0.951219512,0.048780488,0.054545455,0.090909091,0.036363636,0.345454545,0.472727273,1,0.672727273,0,0.054545455,0.181818182,0.090909091
599,0.906976744,0.093023256,0.090909091,0.018181818,0,0.363636364,0.527272727,1,0.705882353,0.019607843,0.137254902,0.137254902,0
600,0.917647059,0.082352941,0.068965517,0.017241379,0.068965517,0.344827586,0.5,1,0.735849057,0,0,0.20754717,0.056603774
601,0.939759036,0.060240964,0.105263158,0.631578947,0.01754386,0.052631579,0.192982456,1,0.056603774,0,0.396226415,0.490566038,0.056603774
602,0.939759036,0.060240964,0.074074074,0.666666667,0,0.037037037,0.222222222,1,0.035087719,0.070175439,0.385964912,0.456140351,0.052631579
603,1,0,0.036363636,0.618181818,0.054545455,0.054545455,0.236363636,1,0.101694915,0.084745763,0.355932203,0.389830508,0.06779661
604,0.951219512,0.048780488,0.017241379,0.103448276,0.120689655,0.275862069,0.482758621,1,0.648148148,0.037037037,0.092592593,0.185185185,0.037037037
605,0.975,0.025,0.084745763,0.033898305,0.06779661,0.305084746,0.508474576,1,0.679245283,0.056603774,0.150943396,0.113207547,0
606,0.917647059,0.082352941,0,0,0.137931034,0.310344828,0.551724138,1,0.722222222,0.055555556,0.037037037,0.166666667,0.018518519
607,0.987341772,0.012658228,0.055555556,0.074074074,0.018518519,0.388888889,0.462962963,1,0.642857143,0.071428571,0.107142857,0.142857143,0.035714286
608,0.975,0.025,0,0.156862745,0.019607843,0.37254902,0.450980392,1,0.583333333,0.05,0.05,0.2,0.116666667
609,1,0,0,0.076923077,0.038461538,0.346153846,0.538461538,1,0.609375,0.0625,0.015625,0.15625,0.15625
610,0.939759036,0.060240964,0.06557377,0.62295082,0.114754098,0,0.196721311,1,0,0.038461538,0.423076923,0.538461538,0
611,0.928571429,0.071428571,0.118644068,0.627118644,0.033898305,0.016949153,0.203389831,1,0,0,0.442307692,0.519230769,0.038461538
612,0.939759036,0.060240964,0.050847458,0.644067797,0.101694915,0.06779661,0.13559322,1,0,0.018867925,0.358490566,0.58490566,0.037735849
613,0.939759036,0.060240964,0,0.03030303,0.242424242,0.181818182,0.545454545,1,0.75,0.019230769,0.038461538,0.173076923,0.019230769
614,0.917647059,0.082352941,0.017857143,0.017857143,0.089285714,0.25,0.625,1,0.661016949,0.016949153,0.033898305,0.152542373,0.13559322
615,0.928571429,0.071428571,0.017241379,0.051724138,0.120689655,0.293103448,0.517241379,1,0.735849057,0.037735849,0.037735849,0.169811321,0.018867925
616,0.928571429,0.071428571,0,0.051724138,0.137931034,0.310344828,0.5,1,0.75,0,0.038461538,0.173076923,0.038461538
617,0.928571429,0.071428571,0,0.684210526,0.122807018,0,0.192982456,1,0.06779661,0.016949153,0.220338983,0.559322034,0.13559322
618,0.939759036,0.060240964,0,0.666666667,0.122807018,0.052631579,0.157894737,1,0.016666667,0.083333333,0.233333333,0.583333333,0.083333333
619,0.975,0.025,0.015873016,0.634920635,0.19047619,0.031746032,0.126984127,1,0.016949153,0.06779661,0.186440678,0.644067797,0.084745763
620,0.975,0.025,0.112676056,0.535211268,0.183098592,0.070422535,0.098591549,1,0.019607843,0,0.196078431,0.764705882,0.019607843
621,0.987341772,0.012658228,0.111111111,0.541666667,0.194444444,0.041666667,0.111111111,1,0,0,0.211538462,0.75,0.038461538
622,0.987341772,0.012658228,0.112676056,0.535211268,0.183098592,0.028169014,0.14084507,1,0,0,0.2,0.709090909,0.090909091
623,0.987341772,0.012658228,0.071428571,0.542857143,0.214285714,0,0.171428571,1,0.037037037,0.018518519,0.240740741,0.648148148,0.055555556
624,1,0,0.073529412,0.5,0.191176471,0,0.235294118,1,0.134615385,0.019230769,0.326923077,0.5,0.019230769
625,0.987341772,0.012658228,0.142857143,0.485714286,0.142857143,0.014285714,0.214285714,1,0.035714286,0,0.25,0.607142857,0.107142857
626,0.987341772,0.012658228,0.161290323,0.516129032,0.032258065,0.048387097,0.241935484,1,0,0.064516129,0.290322581,0.516129032,0.129032258
627,0.987341772,0.012658228,0.088235294,0.544117647,0.176470588,0.058823529,0.132352941,1,0.035087719,0.01754386,0.157894737,0.684210526,0.105263158
628,0.951219512,0.048780488,0.05,0.6,0.116666667,0.016666667,0.216666667,1,0.134615385,0,0.346153846,0.480769231,0.038461538
629,0.917647059,0.082352941,0.015625,0.015625,0.203125,0.1875,0.578125,1,0.735849057,0.018867925,0.037735849,0.169811321,0.037735849
630,0.928571429,0.071428571,0.016393443,0.016393443,0.163934426,0.131147541,0.672131148,1,0.596774194,0.048387097,0.048387097,0.161290323,0.14516129
631,0.975,0.025,0.066666667,0.1,0.1,0.166666667,0.566666667,1,0.548387097,0.016129032,0.064516129,0.193548387,0.177419355
632,1,0,0.063492063,0.079365079,0.142857143,0.126984127,0.587301587,1,0.5625,0.03125,0.03125,0.1875,0.1875
633,0.928571429,0.071428571,0.014925373,0.014925373,0.23880597,0.059701493,0.671641791,1,0.639344262,0.032786885,0,0.180327869,0.147540984
634,0.975,0.025,0.016393443,0.06557377,0.163934426,0.196721311,0.557377049,1,0.580645161,0.080645161,0.016129032,0.209677419,0.112903226
635,0.962962963,0.037037037,0.031746032,0.603174603,0.174603175,0.047619048,0.142857143,1,0.055555556,0.074074074,0.259259259,0.611111111,0
636,1,0,0,0.655172414,0.137931034,0.034482759,0.172413793,1,0.015873016,0.126984127,0.253968254,0.523809524,0.079365079
637,0.962962963,0.037037037,0.114754098,0.049180328,0.06557377,0.344262295,0.426229508,1,0.660377358,0.018867925,0.037735849,0.245283019,0.037735849
638,0.917647059,0.082352941,0.06557377,0,0.114754098,0.278688525,0.540983607,1,0.735849057,0.018867925,0.018867925,0.188679245,0.037735849
639,0.928571429,0.071428571,0.1,0.016666667,0.066666667,0.283333333,0.533333333,1,0.730769231,0,0.076923077,0.153846154,0.038461538
640,0.917647059,0.082352941,0.036363636,0,0.054545455,0.327272727,0.581818182,1,0.727272727,0,0.054545455,0.127272727,0.090909091
641,0.975,0.025,0.017857143,0.696428571,0.089285714,0.053571429,0.142857143,1,0.054545455,0.036363636,0.363636364,0.490909091,0.054545455
642,0.951219512,0.048780488,0.047619048,0.603174603,0.158730159,0.047619048,0.142857143,1,0.037037037,0.018518519,0.259259259,0.62962963,0.055555556
643,0.962962963,0.037037037,0.080645161,0.612903226,0.112903226,0,0.193548387,1,0.037735849,0,0.377358491,0.528301887,0.056603774
644,0.917647059,0.082352941,0.090909091,0.636363636,0,0.054545455,0.218181818,1,0.018181818,0.072727273,0.4,0.490909091,0.018181818
645,0.962962963,0.037037037,0.050847458,0.627118644,0.101694915,0.016949153,0.203389831,1,0.036363636,0.054545455,0.381818182,0.490909091,0.036363636
646,0.928571429,0.071428571,0,0.055555556,0.074074074,0.351851852,0.518518519,1,0.735849057,0.037735849,0.075471698,0.132075472,0.018867925
647,0.928571429,0.071428571,0.018181818,0.090909091,0.072727273,0.436363636,0.381818182,1,0.725490196,0.019607843,0,0.254901961,0
648,0.939759036,0.060240964,0.018181818,0.018181818,0.072727273,0.4,0.490909091,1,0.703703704,0.074074074,0.055555556,0.166666667,0
649,0.896551724,0.103448276,0.019230769,0.019230769,0.019230769,0.461538462,0.480769231,1,0.75,0.038461538,0.019230769,0.192307692,0
650,0.928571429,0.071428571,0.055555556,0.055555556,0.018518519,0.388888889,0.481481481,1,0.620689655,0.051724138,0,0.24137931,0.086206897
651,0.928571429,0.071428571,0.038461538,0.057692308,0,0.423076923,0.480769231,1,0.709090909,0,0.018181818,0.181818182,0.090909091
652,0.928571429,0.071428571,0.018867925,0.094339623,0.037735849,0.377358491,0.471698113,1,0.566666667,0.05,0,0.266666667,0.116666667
653,0.928571429,0.071428571,0.036363636,0.036363636,0.054545455,0.454545455,0.418181818,1,0.730769231,0.038461538,0,0.230769231,0
654,0.906976744,0.093023256,0,0.01754386,0.122807018,0.368421053,0.49122807,1,0.8,0,0.02,0.18,0
655,0.975,0.025,0,0.631578947,0.122807018,0.035087719,0.210526316,1,0.070175439,0.087719298,0.350877193,0.456140351,0.035087719
656,0.987341772,0.012658228,0.128571429,0.542857143,0.157142857,0.042857143,0.128571429,1,0,0,0.32,0.68,0
657,0.951219512,0.048780488,0.073529412,0.514705882,0.191176471,0,0.220588235,1,0.094339623,0.018867925,0.245283019,0.603773585,0.037735849
658,0.951219512,0.048780488,0.076923077,0.538461538,0.153846154,0.030769231,0.2,1,0.016393443,0.06557377,0.163934426,0.639344262,0.114754098
659,0.939759036,0.060240964,0.01754386,0.01754386,0.105263158,0.298245614,0.561403509,1,0.661016949,0.033898305,0,0.186440678,0.118644068
660,0.962962963,0.037037037,0.034482759,0,0.103448276,0.25862069,0.603448276,1,0.65,0.05,0.05,0.133333333,0.116666667
661,0.951219512,0.048780488,0,0.033333333,0.166666667,0.266666667,0.533333333,1,0.666666667,0.052631579,0.01754386,0.192982456,0.070175439
662,0.928571429,0.071428571,0.018518519,0.685185185,0.055555556,0.074074074,0.166666667,1,0.098039216,0.019607843,0.411764706,0.470588235,0
663,0.987341772,0.012658228,0.033333333,0.5,0.133333333,0.083333333,0.25,1,0.147540984,0.081967213,0.196721311,0.475409836,0.098360656
664,0.962962963,0.037037037,0,0.703703704,0.074074074,0,0.222222222,1,0.01754386,0.122807018,0.438596491,0.421052632,0
665,0.917647059,0.082352941,0,0.666666667,0.019607843,0,0.31372549,1,0.109090909,0.054545455,0.454545455,0.345454545,0.036363636
666,0.975,0.025,0.13559322,0.576271186,0.016949153,0.06779661,0.203389831,1,0,0.068965517,0.362068966,0.5,0.068965517
667,0.896551724,0.103448276,0.056603774,0,0,0.433962264,0.509433962,1,0.654545455,0.072727273,0.036363636,0.218181818,0.018181818
668,0.906976744,0.093023256,0,0.04,0,0.32,0.64,1,0.62295082,0.049180328,0.049180328,0.147540984,0.131147541
669,0.975,0.025,0.122807018,0.01754386,0,0.280701754,0.578947368,1,0.553846154,0.030769231,0.015384615,0.2,0.2
670,0.962962963,0.037037037,0.105263158,0,0.01754386,0.298245614,0.578947368,1,0.65,0,0.033333333,0.15,0.166666667
671,0.962962963,0.037037037,0.09375,0,0.125,0.234375,0.546875,1,0.655172414,0,0,0.206896552,0.137931034
672,0.917647059,0.082352941,0.018518519,0.037037037,0.055555556,0.333333333,0.555555556,1,0.696428571,0.017857143,0.035714286,0.160714286,0.089285714
673,0.962962963,0.037037037,0.053571429,0.071428571,0.053571429,0.339285714,0.482142857,1,0.593220339,0.050847458,0.033898305,0.220338983,0.101694915
674,0.975,0.025,0.096774194,0.080645161,0.096774194,0.290322581,0.435483871,1,0.625,0.017857143,0,0.267857143,0.089285714
675,0.896551724,0.103448276,0.018867925,0.018867925,0.037735849,0.320754717,0.603773585,1,0.684210526,0,0.035087719,0.157894737,0.122807018
676,0.951219512,0.048780488,0,0.722222222,0.074074074,0.018518519,0.185185185,1,0,0.122807018,0.403508772,0.473684211,0
677,0.975,0.025,0,0.725490196,0.019607843,0.019607843,0.235294118,1,0.016393443,0.147540984,0.409836066,0.393442623,0.032786885
678,0.886363636,0.113636364,0,0.75,0.038461538,0.019230769,0.192307692,1,0.057692308,0,0.403846154,0.5,0.038461538
679,0.962962963,0.037037037,0.018181818,0.672727273,0.072727273,0.018181818,0.218181818,1,0.032786885,0.081967213,0.31147541,0.475409836,0.098360656
680,0.939759036,0.060240964,0.018518519,0.740740741,0.055555556,0,0.185185185,1,0.018181818,0.018181818,0.418181818,0.472727273,0.072727273
681,0.951219512,0.048780488,0,0.784313725,0.019607843,0.039215686,0.156862745,1,0.033333333,0.033333333,0.316666667,0.483333333,0.133333333
682,0.987341772,0.012658228,0.036363636,0.6,0.054545455,0.036363636,0.272727273,1,0.042857143,0.114285714,0.2,0.471428571,0.171428571
683,0.951219512,0.048780488,0.064516129,0.516129032,0.129032258,0.14516129,0.14516129,1,0,0.133333333,0.183333333,0.65,0.033333333
684,0.906976744,0.093023256,0,0.603448276,0.137931034,0,0.25862069,1,0.075471698,0.037735849,0.377358491,0.490566038,0.018867925
685,0.987341772,0.012658228,0.080645161,0.629032258,0.112903226,0.032258065,0.14516129,1,0.037735849,0.018867925,0.358490566,0.547169811,0.037735849
686,0.951219512,0.048780488,0.071428571,0.625,0.035714286,0,0.267857143,1,0.064516129,0.032258065,0.274193548,0.467741935,0.161290323
687,0.962962963,0.037037037,0.084745763,0,0.06779661,0.305084746,0.542372881,1,0.590163934,0.049180328,0.016393443,0.213114754,0.131147541
688,0.975,0.025,0.056603774,0.113207547,0,0.377358491,0.452830189,1,0.620689655,0,0.051724138,0.189655172,0.137931034
689,0.975,0.025,0.01754386,0.035087719,0.105263158,0.298245614,0.543859649,1,0.677966102,0.033898305,0.016949153,0.152542373,0.118644068
690,0.906976744,0.093023256,0.018867925,0.037735849,0.037735849,0.41509434,0.490566038,1,0.685185185,0.018518519,0.037037037,0.203703704,0.055555556
691,0.896551724,0.103448276,0.019230769,0.038461538,0.019230769,0.307692308,0.615384615,1,0.661016949,0,0.016949153,0.169491525,0.152542373
692,0.896551724,0.103448276,0,0.02,0,0.34,0.64,1,0.714285714,0,0.089285714,0.089285714,0.107142857
693,0.928571429,0.071428571,0,0.06,0,0.32,0.62,1,0.655172414,0.051724138,0.120689655,0.086206897,0.086206897
694,0.857142857,0.142857143,0,0,0,0.44,0.56,1,0.8,0,0.06,0.14,0
695,0.866666667,0.133333333,0,0,0.019607843,0.450980392,0.529411765,1,0.784313725,0,0.019607843,0.176470588,0.019607843
696,0.951219512,0.048780488,0,0.684210526,0.122807018,0.035087719,0.157894737,1,0.037037037,0.037037037,0.37037037,0.518518519,0.037037037
697,0.928571429,0.071428571,0,0.672727273,0.090909091,0.072727273,0.163636364,1,0.034482759,0.068965517,0.275862069,0.551724138,0.068965517
698,0.928571429,0.071428571,0,0.189655172,0.137931034,0.293103448,0.379310345,1,0.622641509,0,0,0.320754717,0.056603774
699,0.896551724,0.103448276,0.01754386,0.052631579,0.105263158,0.368421053,0.456140351,1,0.725490196,0.019607843,0,0.254901961,0
700,0.917647059,0.082352941,0.072727273,0.036363636,0.018181818,0.418181818,0.454545455,1,0.679245283,0.037735849,0.037735849,0.226415094,0.018867925
701,0.917647059,0.082352941,0,0.035087719,0.122807018,0.368421053,0.473684211,1,0.784313725,0,0,0.196078431,0.019607843
702,0.906976744,0.093023256,0,0.035714286,0.107142857,0.357142857,0.5,1,0.764705882,0,0.039215686,0.176470588,0.019607843
703,0.876404494,0.123595506,0,0,0.019607843,0.431372549,0.549019608,1,0.754716981,0,0.018867925,0.169811321,0.056603774
704,0.939759036,0.060240964,0.053571429,0.017857143,0.053571429,0.375,0.5,1,0.709090909,0.018181818,0.018181818,0.181818182,0.072727273
705,0.962962963,0.037037037,0.123076923,0,0.107692308,0.323076923,0.446153846,1,0.745098039,0,0,0.235294118,0.019607843
706,0.975,0.025,0.147540984,0,0.032786885,0.344262295,0.475409836,1,0.654545455,0,0.054545455,0.2,0.090909091
707,0.962962963,0.037037037,0.054545455,0.054545455,0.036363636,0.363636364,0.490909091,1,0.660714286,0.035714286,0.071428571,0.160714286,0.071428571
708,0.951219512,0.048780488,0.164179104,0.104477612,0.089552239,0.28358209,0.358208955,1,0.5,0,0,0.425925926,0.074074074
709,0.951219512,0.048780488,0.034482759,0.517241379,0.103448276,0.034482759,0.310344828,1,0.0625,0.125,0.25,0.46875,0.09375
710,0.951219512,0.048780488,0.052631579,0.666666667,0.070175439,0.052631579,0.157894737,1,0.076923077,0.019230769,0.384615385,0.5,0.019230769
711,0.951219512,0.048780488,0.055555556,0.722222222,0.018518519,0.055555556,0.148148148,1,0.01369863,0,0.054794521,0.616438356,0.315068493
712,0.962962963,0.037037037,0.053571429,0.678571429,0.053571429,0,0.214285714,1,0.026315789,0.013157895,0.039473684,0.592105263,0.328947368
713,0.987341772,0.012658228,0.101694915,0.593220339,0.050847458,0.050847458,0.203389831,1,0.081081081,0,0,0.594594595,0.324324324
714,0.928571429,0.071428571,0.036363636,0.181818182,0.054545455,0.254545455,0.472727273,1,0.574074074,0.018518519,0.148148148,0.203703704,0.055555556
715,0.987341772,0.012658228,0.017857143,0.035714286,0.089285714,0.321428571,0.535714286,1,0.62295082,0.081967213,0.032786885,0.163934426,0.098360656
716,0.962962963,0.037037037,0,0.037735849,0.056603774,0.396226415,0.509433962,1,0.564516129,0.129032258,0.032258065,0.209677419,0.064516129
717,0.939759036,0.060240964,0.037735849,0.188679245,0.018867925,0.41509434,0.339622642,1,0.553571429,0,0.017857143,0.321428571,0.107142857
718,0.928571429,0.071428571,0.083333333,0.616666667,0.083333333,0,0.216666667,1,0,0.018867925,0.41509434,0.528301887,0.037735849
719,0.939759036,0.060240964,0.050847458,0.627118644,0.101694915,0.050847458,0.169491525,1,0,0.054545455,0.345454545,0.563636364,0.036363636
720,0.939759036,0.060240964,0,0.642857143,0.107142857,0.071428571,0.178571429,1,0.053571429,0.089285714,0.321428571,0.517857143,0.017857143
721,0.987341772,0.012658228,0,0.557377049,0.180327869,0.131147541,0.131147541,1,0.169811321,0.056603774,0.226415094,0.547169811,0
722,1,0,0,0.507936508,0.206349206,0.047619048,0.238095238,1,0.13559322,0.118644068,0.220338983,0.491525424,0.033898305
723,0.906976744,0.093023256,0,0.619047619,0.206349206,0.031746032,0.142857143,1,0.035714286,0,0.142857143,0.714285714,0.107142857
724,0.906976744,0.093023256,0.06779661,0.661016949,0.084745763,0.016949153,0.169491525,1,0,0.018181818,0.290909091,0.618181818,0.072727273
725,0.917647059,0.082352941,0.038461538,0.730769231,0,0.019230769,0.211538462,1,0.057692308,0.019230769,0.480769231,0.423076923,0.019230769
726,0.928571429,0.071428571,0,0.7,0,0.1,0.2,1,0.071428571,0.071428571,0.392857143,0.428571429,0.035714286
727,0.928571429,0.071428571,0,0.698113208,0.056603774,0.075471698,0.169811321,1,0.035714286,0.089285714,0.357142857,0.5,0.017857143
728,0.939759036,0.060240964,0.051724138,0.603448276,0.086206897,0.051724138,0.206896552,1,0.016129032,0.080645161,0.225806452,0.564516129,0.112903226
729,0.928571429,0.071428571,0.06779661,0.627118644,0.084745763,0,0.220338983,1,0.036363636,0,0.345454545,0.527272727,0.090909091
730,0.906976744,0.093023256,0.06779661,0.593220339,0.084745763,0.016949153,0.237288136,1,0.076923077,0,0.365384615,0.519230769,0.038461538
731,0.896551724,0.103448276,0,0.735849057,0.056603774,0.037735849,0.169811321,1,0.019230769,0.019230769,0.423076923,0.519230769,0.019230769
732,0.939759036,0.060240964,0.017241379,0.655172414,0.120689655,0.017241379,0.189655172,1,0.01754386,0.070175439,0.315789474,0.543859649,0.052631579
733,0.951219512,0.048780488,0.015151515,0.53030303,0.227272727,0.060606061,0.166666667,1,0.016393443,0.098360656,0.114754098,0.68852459,0.081967213
734,0.987341772,0.012658228,0.115942029,0.47826087,0.15942029,0,0.246376812,1,0.017857143,0.089285714,0.321428571,0.553571429,0.017857143
735,0.975,0.025,0,0.587301587,0.206349206,0,0.206349206,1,0.054545455,0.090909091,0.327272727,0.527272727,0
736,0.975,0.025,0.03125,0,0.1875,0.15625,0.625,1,0.612903226,0.096774194,0.032258065,0.161290323,0.096774194
737,1,0,0.057971014,0.014492754,0.217391304,0.144927536,0.565217391,1,0.627118644,0.084745763,0.033898305,0.186440678,0.06779661
738,0.917647059,0.082352941,0.074074074,0.648148148,0,0.018518519,0.259259259,1,0.06779661,0.016949153,0.305084746,0.474576271,0.13559322
739,0.917647059,0.082352941,0.071428571,0.625,0.035714286,0.035714286,0.232142857,1,0.016666667,0.033333333,0.283333333,0.533333333,0.133333333
740,0.975,0.025,0.051724138,0.655172414,0.086206897,0.034482759,0.172413793,1,0.015384615,0.046153846,0.184615385,0.569230769,0.184615385
741,0.962962963,0.037037037,0.018181818,0.709090909,0.072727273,0.018181818,0.181818182,1,0.079365079,0,0.19047619,0.523809524,0.206349206
742,0.951219512,0.048780488,0.016129032,0.629032258,0.177419355,0,0.177419355,1,0.036363636,0.036363636,0.290909091,0.581818182,0.054545455
743,0.962962963,0.037037037,0.018518519,0.722222222,0.055555556,0.055555556,0.148148148,1,0.034482759,0.051724138,0.327586207,0.5,0.086206897
744,0.962962963,0.037037037,0.018181818,0.672727273,0.072727273,0.036363636,0.2,1,0.031746032,0.095238095,0.253968254,0.507936508,0.111111111
745,0.906976744,0.093023256,0.037735849,0.698113208,0.018867925,0.018867925,0.226415094,1,0,0.054545455,0.436363636,0.472727273,0.036363636
746,0.928571429,0.071428571,0.037037037,0.722222222,0.037037037,0,0.203703704,1,0.01754386,0.052631579,0.368421053,0.49122807,0.070175439
747,0.975,0.025,0.084745763,0.644067797,0.06779661,0.084745763,0.118644068,1,0.05,0,0.183333333,0.6,0.166666667
748,0.962962963,0.037037037,0.035087719,0.614035088,0.087719298,0,0.263157895,1,0.063492063,0.063492063,0.253968254,0.476190476,0.142857143
749,0.951219512,0.048780488,0.016949153,0.593220339,0.13559322,0.016949153,0.237288136,1,0.112903226,0.032258065,0.161290323,0.532258065,0.161290323
750,0.951219512,0.048780488,0,0.592592593,0.074074074,0.074074074,0.259259259,1,0.153846154,0.046153846,0.138461538,0.476923077,0.184615385
751,0.962962963,0.037037037,0.121212121,0.484848485,0.121212121,0.060606061,0.212121212,1,0.070175439,0.035087719,0.210526316,0.596491228,0.087719298
752,0.886363636,0.113636364,0,0.754716981,0.056603774,0,0.188679245,1,0,0.035714286,0.339285714,0.553571429,0.071428571
753,0.962962963,0.037037037,0.01754386,0.684210526,0.105263158,0.035087719,0.157894737,1,0.070175439,0.035087719,0.280701754,0.526315789,0.087719298
754,0.928571429,0.071428571,0,0.59375,0.21875,0.03125,0.15625,1,0.057692308,0,0.25,0.653846154,0.038461538
755,0.886363636,0.113636364,0,0.705882353,0.019607843,0.039215686,0.235294118,1,0.037735849,0.056603774,0.452830189,0.452830189,0
756,0.951219512,0.048780488,0.019230769,0.769230769,0.019230769,0.057692308,0.134615385,1,0,0.068965517,0.362068966,0.5,0.068965517
757,0.866666667,0.133333333,0,0.8,0,0.04,0.16,1,0.02,0,0.46,0.52,0
758,0.896551724,0.103448276,0,0.8,0,0,0.2,1,0.018518519,0.018518519,0.444444444,0.462962963,0.055555556
759,0.939759036,0.060240964,0.06779661,0.525423729,0.084745763,0,0.322033898,1,0.150943396,0.018867925,0.41509434,0.377358491,0.037735849
760,0.962962963,0.037037037,0.114754098,0.606557377,0.06557377,0.06557377,0.147540984,1,0.02,0,0.44,0.54,0
761,0.987341772,0.012658228,0.087719298,0.578947368,0.035087719,0.070175439,0.228070175,1,0.063492063,0.063492063,0.253968254,0.476190476,0.142857143
762,0.917647059,0.082352941,0,0.8,0,0.08,0.12,1,0.032786885,0.016393443,0.229508197,0.557377049,0.163934426
763,0.917647059,0.082352941,0,0.725490196,0.019607843,0.019607843,0.235294118,1,0.050847458,0.06779661,0.338983051,0.457627119,0.084745763
764,0.939759036,0.060240964,0.018181818,0.672727273,0.072727273,0.054545455,0.181818182,1,0.017857143,0.107142857,0.375,0.5,0
765,0.917647059,0.082352941,0,0.722222222,0.074074074,0.037037037,0.166666667,1,0.037735849,0.018867925,0.396226415,0.509433962,0.037735849
766,0.928571429,0.071428571,0.018181818,0.672727273,0.072727273,0.018181818,0.218181818,1,0.055555556,0.037037037,0.407407407,0.462962963,0.037037037
767,0.917647059,0.082352941,0.019230769,0.769230769,0.019230769,0,0.192307692,1,0.032258065,0,0.241935484,0.532258065,0.193548387
768,0.975,0.025,0.054545455,0.727272727,0.036363636,0.054545455,0.127272727,1,0.01369863,0.01369863,0.054794521,0.616438356,0.301369863
769,0.951219512,0.048780488,0.019230769,0.711538462,0.019230769,0.096153846,0.153846154,1,0.040540541,0.054054054,0.040540541,0.594594595,0.27027027
770,0.962962963,0.037037037,0.125,0.578125,0.09375,0,0.203125,1,0,0,0.254237288,0.593220339,0.152542373
771,0.987341772,0.012658228,0.14084507,0.507042254,0.154929577,0.028169014,0.169014085,1,0,0,0.172413793,0.689655172,0.137931034
772,0.951219512,0.048780488,0.125,0.546875,0.09375,0.015625,0.21875,1,0.01754386,0.01754386,0.280701754,0.578947368,0.105263158
773,1,0,0.080645161,0.548387097,0.112903226,0.032258065,0.225806452,1,0,0.123076923,0.230769231,0.538461538,0.107692308
774,0.975,0.025,0.034482759,0.120689655,0.103448276,0.327586207,0.413793103,1,0.614035088,0.035087719,0,0.263157895,0.087719298
775,0.962962963,0.037037037,0.016666667,0.083333333,0.15,0.183333333,0.566666667,1,0.65,0,0,0.183333333,0.166666667
776,0.987341772,0.012658228,0,0.545454545,0.242424242,0.090909091,0.121212121,1,0.173076923,0.019230769,0.153846154,0.634615385,0.019230769
777,0.987341772,0.012658228,0,0.606557377,0.180327869,0.114754098,0.098360656,1,0.111111111,0.055555556,0.222222222,0.592592593,0.018518519
778,1,0,0,0.709090909,0.090909091,0.090909091,0.109090909,1,0.103448276,0.034482759,0.25862069,0.5,0.103448276
779,0.987341772,0.012658228,0.109375,0.484375,0.109375,0.0625,0.234375,1,0.120689655,0.017241379,0.224137931,0.517241379,0.120689655
780,0.975,0.025,0.037735849,0.716981132,0.018867925,0.037735849,0.188679245,1,0.096774194,0,0.241935484,0.467741935,0.193548387
781,0.896551724,0.103448276,0.019607843,0.666666667,0,0.078431373,0.235294118,1,0.111111111,0.018518519,0.37037037,0.444444444,0.055555556
782,0.896551724,0.103448276,0.018181818,0.727272727,0.072727273,0.036363636,0.145454545,1,0,0.056603774,0.358490566,0.58490566,0
783,0.906976744,0.093023256,0.032258065,0.612903226,0.161290323,0.032258065,0.161290323,1,0.057692308,0,0.25,0.653846154,0.038461538
784,0.939759036,0.060240964,0.056338028,0.521126761,0.23943662,0.028169014,0.154929577,1,0.019230769,0.038461538,0.192307692,0.75,0
785,0.906976744,0.093023256,0.017241379,0.689655172,0.120689655,0.068965517,0.103448276,1,0,0.01754386,0.192982456,0.684210526,0.105263158
786,0.951219512,0.048780488,0.064516129,0.629032258,0.129032258,0.080645161,0.096774194,1,0,0.018181818,0.236363636,0.672727273,0.072727273
787,0.939759036,0.060240964,0.035087719,0.701754386,0.087719298,0,0.175438596,1,0,0.054545455,0.381818182,0.527272727,0.036363636
788,0.939759036,0.060240964,0,0.78,0,0,0.22,1,0.06779661,0.016949153,0.355932203,0.423728814,0.13559322
789,0.962962963,0.037037037,0,0.784313725,0.019607843,0.019607843,0.176470588,1,0.050847458,0.016949153,0.355932203,0.440677966,0.13559322
790,0.975,0.025,0.017241379,0.672413793,0.120689655,0,0.189655172,1,0,0.101694915,0.338983051,0.508474576,0.050847458
791,0.975,0.025,0,0.722222222,0.074074074,0.037037037,0.166666667,1,0.032786885,0.06557377,0.295081967,0.491803279,0.114754098
792,0.975,0.025,0.089285714,0.571428571,0.017857143,0,0.321428571,1,0.027777778,0.111111111,0.194444444,0.472222222,0.194444444
793,0.939759036,0.060240964,0.133333333,0.383333333,0.033333333,0.25,0.2,1,0.178571429,0.053571429,0.160714286,0.553571429,0.053571429
794,1,0,0.129032258,0.435483871,0.064516129,0.209677419,0.161290323,1,0.192982456,0.01754386,0.140350877,0.543859649,0.105263158
795,1,0,0.089285714,0.321428571,0.017857143,0.303571429,0.267857143,1,0.223880597,0.134328358,0.074626866,0.447761194,0.119402985
796,0.975,0.025,0.073529412,0.470588235,0.191176471,0.073529412,0.191176471,1,0.105263158,0.035087719,0.140350877,0.631578947,0.087719298
797,0.928571429,0.071428571,0,0.603174603,0.206349206,0.031746032,0.158730159,1,0.050847458,0.033898305,0.118644068,0.677966102,0.118644068
798,0.951219512,0.048780488,0,0.612903226,0.193548387,0.080645161,0.112903226,1,0.01754386,0.070175439,0.192982456,0.666666667,0.052631579
799,0.975,0.025,0.015873016,0.603174603,0.19047619,0.079365079,0.111111111,1,0.036363636,0.072727273,0.236363636,0.636363636,0.018181818
800,0.987341772,0.012658228,0.118644068,0.610169492,0.033898305,0.050847458,0.186440678,1,0.015384615,0.046153846,0.2,0.553846154,0.184615385
801,0.906976744,0.093023256,0.019230769,0.75,0.019230769,0,0.211538462,1,0.017857143,0.017857143,0.392857143,0.482142857,0.089285714
802,0.917647059,0.082352941,0,0.730769231,0.038461538,0.057692308,0.173076923,1,0.036363636,0.036363636,0.381818182,0.490909091,0.054545455
803,0.951219512,0.048780488,0,0.696428571,0.107142857,0.089285714,0.107142857,1,0.051724138,0.068965517,0.224137931,0.586206897,0.068965517
804,0.939759036,0.060240964,0.071428571,0.678571429,0.035714286,0.053571429,0.160714286,1,0,0.016949153,0.288135593,0.559322034,0.13559322
805,0.987341772,0.012658228,0,0.75,0.038461538,0.019230769,0.192307692,1,0.081967213,0.032786885,0.31147541,0.426229508,0.147540984
806,0.962962963,0.037037037,0,0.764705882,0.019607843,0.078431373,0.137254902,1,0.046153846,0.030769231,0.2,0.523076923,0.2
807,0.928571429,0.071428571,0,0.78,0,0.02,0.2,1,0.015873016,0.047619048,0.285714286,0.492063492,0.158730159
808,0.917647059,0.082352941,0,0.685185185,0.074074074,0.037037037,0.203703704,1,0.016949153,0.101694915,0.305084746,0.525423729,0.050847458
809,0.962962963,0.037037037,0,0.627118644,0.152542373,0,0.220338983,1,0.079365079,0.047619048,0.174603175,0.53968254,0.158730159
810,0.962962963,0.037037037,0.018181818,0.709090909,0.072727273,0.036363636,0.163636364,1,0.044776119,0.014925373,0.134328358,0.567164179,0.23880597
811,0.975,0.025,0.018867925,0.716981132,0.037735849,0.018867925,0.20754717,1,0.073529412,0.014705882,0.161764706,0.5,0.25
812,0.987341772,0.012658228,0.051724138,0.603448276,0.086206897,0.103448276,0.155172414,1,0.090909091,0.03030303,0.090909091,0.575757576,0.212121212
813,0.951219512,0.048780488,0.090909091,0.560606061,0.151515152,0.015151515,0.181818182,1,0.035087719,0,0.192982456,0.649122807,0.122807018
814,0.962962963,0.037037037,0.016949153,0.627118644,0.13559322,0,0.220338983,1,0.052631579,0.070175439,0.333333333,0.49122807,0.052631579
815,0.975,0.025,0,0.690909091,0.090909091,0.018181818,0.2,1,0.050847458,0.084745763,0.338983051,0.457627119,0.06779661
816,0.951219512,0.048780488,0.066666667,0.633333333,0.1,0,0.2,1,0.037037037,0,0.37037037,0.518518519,0.074074074
817,0.939759036,0.060240964,0.017857143,0.678571429,0.089285714,0.089285714,0.125,1,0,0.061538462,0.138461538,0.630769231,0.169230769
818,0.962962963,0.037037037,0.018518519,0.703703704,0.055555556,0.074074074,0.148148148,1,0.015151515,0.075757576,0.181818182,0.560606061,0.166666667
819,0.975,0.025,0.017241379,0.655172414,0.120689655,0.034482759,0.172413793,1,0.016393443,0.081967213,0.262295082,0.540983607,0.098360656
820,0.975,0.025,0.101694915,0.593220339,0.050847458,0.016949153,0.237288136,1,0,0.081967213,0.327868852,0.491803279,0.098360656
821,0.951219512,0.048780488,0.053571429,0.714285714,0.053571429,0.017857143,0.160714286,1,0.054545455,0,0.345454545,0.509090909,0.090909091
822,0.906976744,0.093023256,0.056603774,0.698113208,0,0,0.245283019,1,0.01754386,0.035087719,0.385964912,0.473684211,0.087719298
823,0.939759036,0.060240964,0,0.615384615,0.230769231,0.015384615,0.138461538,1,0.058823529,0.019607843,0.254901961,0.666666667,0
824,0.975,0.025,0.053571429,0.678571429,0.053571429,0.053571429,0.160714286,1,0.072727273,0,0.363636364,0.472727273,0.090909091
825,0.896551724,0.103448276,0,0.8,0,0,0.2,1,0,0.017857143,0.410714286,0.482142857,0.089285714
826,0.886363636,0.113636364,0,0.8,0,0.04,0.16,1,0,0.019230769,0.461538462,0.5,0.019230769
827,0.917647059,0.082352941,0.01754386,0.684210526,0.105263158,0,0.192982456,1,0.08,0,0.42,0.5,0
828,0.917647059,0.082352941,0,0.672727273,0.090909091,0.036363636,0.2,1,0.03125,0.03125,0.171875,0.578125,0.1875
829,0.939759036,0.060240964,0.017857143,0.714285714,0.089285714,0,0.178571429,1,0.014925373,0,0.134328358,0.597014925,0.253731343
830,0.939759036,0.060240964,0.018181818,0.727272727,0.072727273,0.090909091,0.090909091,1,0.016949153,0.033898305,0.220338983,0.610169492,0.118644068
831,0.962962963,0.037037037,0.019607843,0.764705882,0,0.058823529,0.156862745,1,0.060606061,0,0.181818182,0.515151515,0.242424242
832,1,0,0.114754098,0.606557377,0.06557377,0.032786885,0.180327869,1,0,0.044117647,0.147058824,0.588235294,0.220588235
833,0.975,0.025,0.019607843,0.705882353,0,0.058823529,0.215686275,1,0.09375,0.03125,0.25,0.4375,0.1875
834,0.987341772,0.012658228,0,0.74,0,0.04,0.22,1,0.088235294,0.044117647,0.205882353,0.441176471,0.220588235
835,0.987341772,0.012658228,0.037735849,0.754716981,0.018867925,0,0.188679245,1,0.047619048,0.031746032,0.285714286,0.46031746,0.174603175
836,0.987341772,0.012658228,0.1,0.633333333,0.066666667,0,0.2,1,0.015151515,0.015151515,0.181818182,0.560606061,0.227272727
837,0.962962963,0.037037037,0.072727273,0.709090909,0.018181818,0.036363636,0.163636364,1,0.035087719,0.01754386,0.350877193,0.49122807,0.105263158
838,0.962962963,0.037037037,0.037037037,0.740740741,0.037037037,0.055555556,0.12962963,1,0.016393443,0.016393443,0.262295082,0.540983607,0.163934426
839,0.939759036,0.060240964,0,0.740740741,0.074074074,0.037037037,0.148148148,1,0.05,0,0.233333333,0.55,0.166666667
840,0.951219512,0.048780488,0.016949153,0.593220339,0.13559322,0.118644068,0.13559322,1,0.09375,0.015625,0.046875,0.640625,0.203125
841,0.951219512,0.048780488,0.019607843,0.784313725,0,0,0.196078431,1,0.035087719,0.01754386,0.421052632,0.421052632,0.105263158
842,0.951219512,0.048780488,0.055555556,0.722222222,0.018518519,0.018518519,0.185185185,1,0,0.017857143,0.428571429,0.464285714,0.089285714
843,0.962962963,0.037037037,0.072727273,0.672727273,0.018181818,0.036363636,0.2,1,0.068965517,0,0.327586207,0.465517241,0.137931034
844,0.987341772,0.012658228,0.032258065,0.596774194,0.161290323,0,0.209677419,1,0.074074074,0.055555556,0.37037037,0.481481481,0.018518519
845,0.962962963,0.037037037,0.016129032,0.629032258,0.177419355,0.032258065,0.14516129,1,0.08,0,0.36,0.56,0
846,0.939759036,0.060240964,0.035087719,0.649122807,0.087719298,0.035087719,0.192982456,1,0.038461538,0.038461538,0.442307692,0.480769231,0
847,0.917647059,0.082352941,0,0.711538462,0.038461538,0.038461538,0.211538462,1,0.094339623,0.037735849,0.41509434,0.433962264,0.018867925
848,0.928571429,0.071428571,0.018518519,0.685185185,0.055555556,0,0.240740741,1,0.096153846,0,0.461538462,0.403846154,0.038461538
849,0.886363636,0.113636364,0.018867925,0.735849057,0.037735849,0.018867925,0.188679245,1,0.019230769,0,0.423076923,0.519230769,0.038461538
850,0.906976744,0.093023256,0.019607843,0.725490196,0,0.019607843,0.235294118,1,0.117647059,0,0.470588235,0.392156863,0.019607843
851,0.975,0.025,0.092307692,0.553846154,0.138461538,0,0.215384615,1,0.057692308,0,0.384615385,0.519230769,0.038461538
852,1,0,0.089552239,0.567164179,0.164179104,0,0.179104478,1,0,0.054545455,0.327272727,0.581818182,0.036363636
853,0.962962963,0.037037037,0.032258065,0.064516129,0.161290323,0.193548387,0.548387097,1,0.696428571,0.017857143,0.035714286,0.160714286,0.089285714
854,0.917647059,0.082352941,0.19047619,0,0.015873016,0.253968254,0.53968254,1,0.578947368,0.01754386,0.035087719,0.263157895,0.105263158
855,0.917647059,0.082352941,0.036363636,0.018181818,0.054545455,0.345454545,0.545454545,1,0.722222222,0.055555556,0.055555556,0.148148148,0.018518519
856,0.928571429,0.071428571,0.037735849,0.018867925,0.018867925,0.41509434,0.509433962,1,0.583333333,0.116666667,0.016666667,0.233333333,0.05
857,1,0,0,0.115384615,0.038461538,0.384615385,0.461538462,1,0.484848485,0.136363636,0.03030303,0.242424242,0.106060606
858,0.975,0.025,0.063492063,0.111111111,0.142857143,0.174603175,0.507936508,1,0.533333333,0.05,0.05,0.25,0.116666667
859,0.962962963,0.037037037,0.06557377,0.098360656,0.114754098,0.245901639,0.475409836,1,0.475409836,0.098360656,0.049180328,0.295081967,0.081967213
860,0.928571429,0.071428571,0.033898305,0.033898305,0.118644068,0.288135593,0.525423729,1,0.75,0,0.057692308,0.153846154,0.038461538
861,0.962962963,0.037037037,0.098360656,0.606557377,0.081967213,0.032786885,0.180327869,1,0.017241379,0.034482759,0.275862069,0.568965517,0.103448276
862,0.917647059,0.082352941,0,0.12,0,0.42,0.46,1,0.5,0.14516129,0.016129032,0.290322581,0.048387097
863,0.939759036,0.060240964,0.074074074,0.037037037,0,0.407407407,0.481481481,1,0.696428571,0,0,0.196428571,0.107142857
864,0.906976744,0.093023256,0,0,0.019607843,0.431372549,0.549019608,1,0.740740741,0.018518519,0.055555556,0.12962963,0.055555556
865,0.876404494,0.123595506,0.056603774,0.018867925,0,0.283018868,0.641509434,1,0.654545455,0.036363636,0.127272727,0.127272727,0.054545455
866,0.906976744,0.093023256,0,0.098039216,0.019607843,0.196078431,0.68627451,1,0.616666667,0,0.116666667,0.1,0.166666667
867,0.962962963,0.037037037,0,0.078431373,0.019607843,0.137254902,0.764705882,1,0.507042254,0.070422535,0.084507042,0.112676056,0.225352113
868,0.928571429,0.071428571,0.089285714,0.017857143,0.017857143,0.25,0.625,1,0.583333333,0.033333333,0.1,0.15,0.133333333
869,0.951219512,0.048780488,0.06779661,0,0.084745763,0.254237288,0.593220339,1,0.672413793,0.017241379,0.051724138,0.137931034,0.120689655
870,0.906976744,0.093023256,0,0.090909091,0.090909091,0.272727273,0.545454545,1,0.692307692,0.019230769,0.134615385,0.134615385,0.019230769
871,0.939759036,0.060240964,0,0.019607843,0.019607843,0.37254902,0.588235294,1,0.661016949,0.033898305,0.06779661,0.118644068,0.118644068
872,0.962962963,0.037037037,0.071428571,0.017857143,0.035714286,0.357142857,0.517857143,1,0.603448276,0.086206897,0.086206897,0.172413793,0.051724138
873,0.928571429,0.071428571,0,0.115384615,0.038461538,0.365384615,0.480769231,1,0.637931034,0,0,0.224137931,0.137931034
874,0.951219512,0.048780488,0,0.113207547,0.056603774,0.301886792,0.528301887,1,0.53968254,0.095238095,0.031746032,0.222222222,0.111111111
875,0.928571429,0.071428571,0.018867925,0.094339623,0.037735849,0.41509434,0.433962264,1,0.543859649,0.122807018,0.070175439,0.263157895,0
876,0.928571429,0.071428571,0.068965517,0.068965517,0.068965517,0.362068966,0.431034483,1,0.660377358,0.018867925,0.018867925,0.264150943,0.037735849
877,0.906976744,0.093023256,0,0.150943396,0.056603774,0.169811321,0.622641509,1,0.603448276,0.017241379,0.120689655,0.137931034,0.120689655
878,0.886363636,0.113636364,0.070175439,0,0.052631579,0.140350877,0.736842105,1,0.620689655,0.017241379,0.155172414,0.086206897,0.120689655
879,0.962962963,0.037037037,0.049180328,0.06557377,0.131147541,0.262295082,0.491803279,1,0.593220339,0.084745763,0,0.254237288,0.06779661
880,0.975,0.025,0.037037037,0.037037037,0.037037037,0.277777778,0.611111111,1,0.590909091,0.03030303,0,0.166666667,0.212121212
881,0.928571429,0.071428571,0.038461538,0,0,0.346153846,0.615384615,1,0.587301587,0.063492063,0.031746032,0.174603175,0.142857143
882,0.951219512,0.048780488,0.018181818,0,0.072727273,0.290909091,0.618181818,1,0.560606061,0.090909091,0,0.196969697,0.151515152
883,0.975,0.025,0.096774194,0,0.096774194,0.14516129,0.661290323,1,0.584615385,0.015384615,0.030769231,0.153846154,0.215384615
884,0.962962963,0.037037037,0.068965517,0,0.068965517,0.275862069,0.586206897,1,0.655737705,0,0,0.163934426,0.180327869
885,0.987341772,0.012658228,0.120689655,0,0.017241379,0.293103448,0.568965517,1,0.590163934,0.049180328,0.081967213,0.147540984,0.131147541
886,0.928571429,0.071428571,0.107142857,0.107142857,0,0.303571429,0.482142857,1,0.581818182,0,0.109090909,0.218181818,0.090909091
887,0.987341772,0.012658228,0.1,0.016666667,0.066666667,0.333333333,0.483333333,1,0.678571429,0.017857143,0.035714286,0.178571429,0.089285714
888,0.962962963,0.037037037,0.090909091,0,0.151515152,0.287878788,0.46969697,1,0.607142857,0.089285714,0,0.285714286,0.017857143
889,0.962962963,0.037037037,0.017241379,0.051724138,0.120689655,0.224137931,0.586206897,1,0.644067797,0.050847458,0.06779661,0.13559322,0.101694915
890,0.939759036,0.060240964,0,0.053571429,0.107142857,0.232142857,0.607142857,1,0.644067797,0.033898305,0.06779661,0.13559322,0.118644068
891,0.939759036,0.060240964,0.017857143,0.017857143,0.089285714,0.285714286,0.589285714,1,0.661016949,0.016949153,0.033898305,0.152542373,0.13559322
892,0.951219512,0.048780488,0.033898305,0,0.118644068,0.389830508,0.457627119,1,0.769230769,0.038461538,0,0.192307692,0
893,0.962962963,0.037037037,0.05,0.016666667,0.116666667,0.333333333,0.483333333,1,0.614035088,0.105263158,0.035087719,0.228070175,0.01754386
894,0.928571429,0.071428571,0,0.033333333,0.166666667,0.3,0.5,1,0.703703704,0.055555556,0,0.222222222,0.018518519
895,0.928571429,0.071428571,0.018867925,0.037735849,0.037735849,0.358490566,0.547169811,1,0.714285714,0,0.035714286,0.142857143,0.107142857
896,0.951219512,0.048780488,0,0.017857143,0.107142857,0.410714286,0.464285714,1,0.740740741,0.055555556,0,0.185185185,0.018518519
897,0.962962963,0.037037037,0.071428571,0.107142857,0.035714286,0.392857143,0.392857143,1,0.62962963,0.037037037,0.055555556,0.240740741,0.037037037
898,0.939759036,0.060240964,0,0.327272727,0.090909091,0.272727273,0.309090909,1,0.37704918,0.049180328,0.016393443,0.426229508,0.131147541
899,0.939759036,0.060240964,0.018867925,0.075471698,0.037735849,0.396226415,0.471698113,1,0.722222222,0,0.037037037,0.166666667,0.074074074
900,0.951219512,0.048780488,0,0.039215686,0.019607843,0.31372549,0.62745098,1,0.492753623,0.130434783,0.028985507,0.202898551,0.144927536
901,0.951219512,0.048780488,0.032258065,0.080645161,0.161290323,0.177419355,0.548387097,1,0.627118644,0,0,0.220338983,0.152542373
902,0.906976744,0.093023256,0,0.053571429,0.107142857,0.303571429,0.535714286,1,0.716981132,0.037735849,0.056603774,0.169811321,0.018867925
903,0.896551724,0.103448276,0,0.039215686,0.019607843,0.392156863,0.549019608,1,0.714285714,0.017857143,0,0.178571429,0.089285714
904,0.951219512,0.048780488,0.019607843,0.019607843,0,0.470588235,0.490196078,1,0.672413793,0.103448276,0.017241379,0.172413793,0.034482759
905,0.987341772,0.012658228,0.019607843,0.039215686,0,0.352941176,0.588235294,1,0.537313433,0.104477612,0.044776119,0.164179104,0.149253731
906,0.962962963,0.037037037,0.019607843,0.078431373,0,0.490196078,0.411764706,1,0.620689655,0.068965517,0.017241379,0.224137931,0.068965517
907,0.951219512,0.048780488,0,0.1,0,0.46,0.44,1,0.548387097,0.080645161,0,0.258064516,0.112903226
908,0.886363636,0.113636364,0.055555556,0,0.018518519,0.407407407,0.518518519,1,0.672727273,0.018181818,0,0.236363636,0.072727273
909,0.928571429,0.071428571,0.019607843,0.019607843,0,0.411764706,0.549019608,1,0.661016949,0.06779661,0.016949153,0.169491525,0.084745763
910,0.906976744,0.093023256,0,0.06,0,0.4,0.54,1,0.678571429,0.035714286,0.053571429,0.160714286,0.071428571
911,0.987341772,0.012658228,0.054545455,0.145454545,0.036363636,0.290909091,0.472727273,1,0.507692308,0.030769231,0,0.261538462,0.2
912,0.906976744,0.093023256,0.037735849,0.056603774,0.018867925,0.20754717,0.679245283,1,0.564516129,0.032258065,0.096774194,0.14516129,0.161290323
913,0.987341772,0.012658228,0.111111111,0.063492063,0.095238095,0.26984127,0.46031746,1,0.611111111,0.037037037,0.111111111,0.203703704,0.037037037
914,0.951219512,0.048780488,0.138461538,0.046153846,0.092307692,0.276923077,0.446153846,1,0.50877193,0.035087719,0.035087719,0.333333333,0.087719298
915,0.951219512,0.048780488,0.044776119,0.179104478,0.208955224,0.134328358,0.432835821,1,0.446428571,0.107142857,0.089285714,0.357142857,0
916,0.917647059,0.082352941,0,0.057692308,0.038461538,0.384615385,0.519230769,1,0.769230769,0,0.076923077,0.115384615,0.038461538
917,0.917647059,0.082352941,0,0.109090909,0.090909091,0.4,0.4,1,0.76,0,0,0.24,0
918,0.939759036,0.060240964,0.068965517,0.051724138,0.068965517,0.379310345,0.431034483,1,0.648148148,0.055555556,0.018518519,0.259259259,0.018518519
919,0.962962963,0.037037037,0.14516129,0.016129032,0.048387097,0.290322581,0.5,1,0.534482759,0.103448276,0.086206897,0.24137931,0.034482759
920,0.962962963,0.037037037,0.092307692,0,0.138461538,0.138461538,0.630769231,1,0.655172414,0,0.086206897,0.120689655,0.137931034
921,0.886363636,0.113636364,0,0.016949153,0.152542373,0.237288136,0.593220339,1,0.672727273,0.054545455,0.036363636,0.2,0.036363636
922,0.886363636,0.113636364,0.018181818,0,0.072727273,0.4,0.509090909,1,0.8,0,0.02,0.18,0
923,0.928571429,0.071428571,0.018181818,0.072727273,0.072727273,0.381818182,0.454545455,1,0.730769231,0.019230769,0.038461538,0.192307692,0.019230769
924,0.962962963,0.037037037,0.076923077,0,0.153846154,0.184615385,0.584615385,1,0.684210526,0,0.035087719,0.157894737,0.122807018
925,0.917647059,0.082352941,0.053333333,0,0.28,0.053333333,0.613333333,1,0.703703704,0,0,0.222222222,0.074074074
926,0.906976744,0.093023256,0.015873016,0.047619048,0.19047619,0.206349206,0.53968254,1,0.730769231,0,0.019230769,0.211538462,0.038461538
927,0.975,0.025,0.017241379,0.034482759,0.120689655,0.344827586,0.482758621,1,0.678571429,0.089285714,0.035714286,0.178571429,0.017857143
928,0.951219512,0.048780488,0,0.055555556,0.074074074,0.444444444,0.425925926,1,0.672727273,0.072727273,0.018181818,0.218181818,0.018181818
929,0.906976744,0.093023256,0.017857143,0.017857143,0.089285714,0.303571429,0.571428571,1,0.690909091,0.036363636,0.054545455,0.163636364,0.054545455
930,0.975,0.025,0.056603774,0.037735849,0,0.452830189,0.452830189,1,0.610169492,0.101694915,0.033898305,0.203389831,0.050847458
931,0.951219512,0.048780488,0,0.090909091,0.090909091,0.4,0.418181818,1,0.654545455,0.054545455,0.018181818,0.236363636,0.036363636
932,0.987341772,0.012658228,0.068965517,0.137931034,0.068965517,0.293103448,0.431034483,1,0.578947368,0.035087719,0.070175439,0.228070175,0.087719298
933,0.896551724,0.103448276,0,0.036363636,0.090909091,0.2,0.672727273,1,0.603174603,0,0,0.19047619,0.206349206
934,0.951219512,0.048780488,0.016393443,0.098360656,0.163934426,0.016393443,0.704918033,1,0.584615385,0,0.046153846,0.138461538,0.230769231
935,0.917647059,0.082352941,0.06557377,0,0.114754098,0.163934426,0.655737705,1,0.571428571,0.015873016,0.015873016,0.206349206,0.19047619
936,0.975,0.025,0.098360656,0.114754098,0.081967213,0.180327869,0.524590164,1,0.589285714,0,0.142857143,0.160714286,0.107142857
937,0.939759036,0.060240964,0.05,0.033333333,0.116666667,0.266666667,0.533333333,1,0.649122807,0.035087719,0.01754386,0.210526316,0.087719298
938,0.951219512,0.048780488,0,0.070175439,0.122807018,0.280701754,0.526315789,1,0.649122807,0.105263158,0.052631579,0.175438596,0.01754386
939,1,0,0.106060606,0.075757576,0.136363636,0.303030303,0.378787879,1,0.535714286,0.089285714,0.017857143,0.339285714,0.017857143
940,1,0,0.098360656,0.016393443,0.081967213,0.31147541,0.491803279,1,0.631578947,0.070175439,0.070175439,0.175438596,0.052631579
941,0.975,0.025,0.017241379,0,0.120689655,0.275862069,0.586206897,1,0.612903226,0.096774194,0.032258065,0.161290323,0.096774194
942,0.987341772,0.012658228,0.109375,0.09375,0.109375,0.34375,0.34375,1,0.666666667,0,0,0.31372549,0.019607843
943,0.962962963,0.037037037,0.033898305,0.06779661,0.118644068,0.355932203,0.423728814,1,0.730769231,0.038461538,0.019230769,0.211538462,0
944,0.939759036,0.060240964,0,0.080645161,0.193548387,0.274193548,0.451612903,1,0.745098039,0,0,0.235294118,0.019607843
945,0.886363636,0.113636364,0.018518519,0.037037037,0.055555556,0.425925926,0.462962963,1,0.76,0,0.02,0.22,0
946,0.896551724,0.103448276,0,0,0.180327869,0.245901639,0.573770492,1,0.722222222,0.037037037,0,0.203703704,0.037037037
947,0.939759036,0.060240964,0.035714286,0.035714286,0.071428571,0.410714286,0.446428571,1,0.703703704,0.037037037,0,0.222222222,0.037037037
948,0.866666667,0.133333333,0,0.019607843,0.019607843,0.470588235,0.490196078,1,0.8,0,0,0.2,0
949,0.886363636,0.113636364,0,0.038461538,0.038461538,0.461538462,0.461538462,1,0.745098039,0.019607843,0.019607843,0.215686275,0
950,0.886363636,0.113636364,0.019607843,0.039215686,0,0.392156863,0.549019608,1,0.716981132,0.037735849,0.075471698,0.150943396,0.018867925
951,0.906976744,0.093023256,0,0.1,0,0.46,0.44,1,0.716981132,0,0.018867925,0.20754717,0.056603774
952,0.928571429,0.071428571,0.018867925,0.056603774,0.037735849,0.433962264,0.452830189,1,0.735849057,0.018867925,0.018867925,0.188679245,0.037735849
953,0.928571429,0.071428571,0.019230769,0.115384615,0.019230769,0.403846154,0.442307692,1,0.685185185,0,0.037037037,0.203703704,0.074074074
954,0.939759036,0.060240964,0,0.033333333,0.166666667,0.216666667,0.583333333,1,0.661016949,0.033898305,0,0.186440678,0.118644068
955,1,0,0.018181818,0.181818182,0.072727273,0.327272727,0.4,1,0.524590164,0.06557377,0.032786885,0.262295082,0.114754098
956,0.975,0.025,0.036363636,0.072727273,0.054545455,0.4,0.436363636,1,0.649122807,0.035087719,0.01754386,0.210526316,0.087719298
957,0.939759036,0.060240964,0.017241379,0.068965517,0.120689655,0.310344828,0.482758621,1,0.690909091,0.018181818,0,0.218181818,0.072727273
958,0.975,0.025,0.083333333,0.033333333,0.083333333,0.3,0.5,1,0.566666667,0.083333333,0.033333333,0.233333333,0.083333333
959,0.917647059,0.082352941,0.017857143,0.035714286,0.089285714,0.232142857,0.625,1,0.637931034,0.034482759,0.086206897,0.137931034,0.103448276
960,0.906976744,0.093023256,0,0,0,0.32,0.68,1,0.569230769,0.076923077,0.030769231,0.169230769,0.153846154
961,0.917647059,0.082352941,0.018867925,0.075471698,0.037735849,0.245283019,0.622641509,1,0.596774194,0,0.032258065,0.177419355,0.193548387
962,0.906976744,0.093023256,0.070175439,0,0.052631579,0.350877193,0.526315789,1,0.672727273,0.036363636,0.018181818,0.218181818,0.054545455
963,0.917647059,0.082352941,0.018867925,0,0.037735849,0.433962264,0.509433962,1,0.722222222,0.037037037,0.037037037,0.166666667,0.037037037
964,0.939759036,0.060240964,0.056603774,0.037735849,0,0.396226415,0.509433962,1,0.678571429,0.017857143,0.053571429,0.160714286,0.089285714
965,0.939759036,0.060240964,0.037735849,0,0.018867925,0.358490566,0.58490566,1,0.6,0.116666667,0.083333333,0.15,0.05
966,0.962962963,0.037037037,0.019230769,0.076923077,0.019230769,0.403846154,0.480769231,1,0.616666667,0.033333333,0.016666667,0.2,0.133333333
967,0.962962963,0.037037037,0.035714286,0.017857143,0.071428571,0.25,0.625,1,0.64516129,0.016129032,0.032258065,0.129032258,0.177419355
968,0.987341772,0.012658228,0.074074074,0.018518519,0,0.222222222,0.685185185,1,0.597014925,0.014925373,0.044776119,0.104477612,0.23880597
969,0.975,0.025,0.122807018,0.01754386,0,0.263157895,0.596491228,1,0.62295082,0,0.06557377,0.131147541,0.180327869
970,0.928571429,0.071428571,0.018518519,0,0.055555556,0.333333333,0.592592593,1,0.65,0.033333333,0.016666667,0.166666667,0.133333333
971,0.975,0.025,0,0.055555556,0.074074074,0.314814815,0.555555556,1,0.616666667,0.083333333,0.083333333,0.133333333,0.083333333
972,0.962962963,0.037037037,0,0.094339623,0.056603774,0.396226415,0.452830189,1,0.637931034,0.034482759,0.017241379,0.206896552,0.103448276
973,0.951219512,0.048780488,0,0,0.056603774,0.377358491,0.566037736,1,0.655172414,0.103448276,0.086206897,0.120689655,0.034482759
974,0.917647059,0.082352941,0.019607843,0.039215686,0,0.490196078,0.450980392,1,0.722222222,0.055555556,0,0.203703704,0.018518519
975,0.917647059,0.082352941,0,0.074074074,0.074074074,0.333333333,0.518518519,1,0.620689655,0.051724138,0.017241379,0.224137931,0.086206897
976,0.939759036,0.060240964,0.06557377,0.131147541,0.114754098,0.344262295,0.344262295,1,0.64,0,0.02,0.34,0
977,0.975,0.025,0,0.038461538,0.038461538,0.403846154,0.519230769,1,0.629032258,0.064516129,0,0.177419355,0.129032258
978,0.962962963,0.037037037,0,0.018181818,0.090909091,0.327272727,0.563636364,1,0.689655172,0.051724138,0.051724138,0.120689655,0.086206897
979,0.928571429,0.071428571,0.054545455,0.018181818,0.036363636,0.381818182,0.509090909,1,0.727272727,0,0,0.181818182,0.090909091
980,0.917647059,0.082352941,0.018181818,0.145454545,0.072727273,0.345454545,0.418181818,1,0.543859649,0.070175439,0.01754386,0.315789474,0.052631579
981,0.975,0.025,0,0.017857143,0.107142857,0.321428571,0.553571429,1,0.620689655,0.137931034,0.120689655,0.120689655,0
982,0.928571429,0.071428571,0.032786885,0,0.147540984,0.196721311,0.62295082,1,0.684210526,0.052631579,0.052631579,0.140350877,0.070175439
983,1,0,0.076923077,0,0.153846154,0.292307692,0.476923077,1,0.735849057,0.056603774,0.037735849,0.169811321,0
984,0.987341772,0.012658228,0.032786885,0.147540984,0.147540984,0.295081967,0.37704918,1,0.653846154,0.019230769,0.057692308,0.25,0.019230769
985,0.939759036,0.060240964,0.016393443,0.147540984,0.163934426,0.180327869,0.491803279,1,0.6,0,0.072727273,0.236363636,0.090909091
986,0.951219512,0.048780488,0,0.051724138,0.137931034,0.24137931,0.568965517,1,0.701754386,0,0.035087719,0.140350877,0.122807018
987,0.975,0.025,0.045454545,0.060606061,0.196969697,0.121212121,0.575757576,1,0.661016949,0,0,0.186440678,0.152542373
988,1,0,0,0.685185185,0.074074074,0.037037037,0.203703704,1,0.014705882,0.132352941,0.235294118,0.485294118,0.132352941
989,0.939759036,0.060240964,0.017241379,0.655172414,0.120689655,0.017241379,0.189655172,1,0.076923077,0,0.384615385,0.5,0.038461538
990,0.906976744,0.093023256,0.06779661,0.610169492,0.084745763,0,0.237288136,1,0.078431373,0,0.392156863,0.509803922,0.019607843
991,0.906976744,0.093023256,0.036363636,0.690909091,0.054545455,0.036363636,0.181818182,1,0,0.087719298,0.315789474,0.561403509,0.035087719
992,0.896551724,0.103448276,0.035087719,0.631578947,0.087719298,0.105263158,0.140350877,1,0,0.071428571,0.25,0.642857143,0.035714286
993,0.975,0.025,0,0.625,0.107142857,0.017857143,0.25,1,0.015384615,0.153846154,0.276923077,0.476923077,0.076923077
994,0.928571429,0.071428571,0.017241379,0.586206897,0.120689655,0,0.275862069,1,0.145454545,0.018181818,0.309090909,0.454545455,0.072727273
995,0.962962963,0.037037037,0,0.703703704,0.074074074,0.111111111,0.111111111,1,0.051724138,0.086206897,0.275862069,0.534482759,0.051724138
996,0.975,0.025,0.016666667,0.65,0.15,0.05,0.133333333,1,0.018181818,0.072727273,0.327272727,0.563636364,0.018181818
997,0.987341772,0.012658228,0.01369863,0.534246575,0.301369863,0.068493151,0.082191781,1,0.092592593,0.018518519,0.018518519,0.814814815,0.055555556
998,0.987341772,0.012658228,0.027777778,0.5,0.277777778,0,0.194444444,1,0.087719298,0.052631579,0.122807018,0.666666667,0.070175439
999,0.962962963,0.037037037,0.046875,0.5625,0.171875,0.0625,0.15625,1,0.109090909,0,0.181818182,0.618181818,0.090909091
1000,0.987341772,0.012658228,0.084507042,0.549295775,0.211267606,0.042253521,0.112676056,1,0,0.019607843,0.254901961,0.725490196,0
1001,0.951219512,0.048780488,0.046153846,0.615384615,0.184615385,0.015384615,0.138461538,1,0,0.038461538,0.307692308,0.653846154,0
1002,0.962962963,0.037037037,0.030769231,0.538461538,0.2,0.030769231,0.2,1,0.035714286,0.107142857,0.267857143,0.589285714,0
1003,0.962962963,0.037037037,0,0.548387097,0.193548387,0.112903226,0.14516129,1,0,0.184615385,0.107692308,0.661538462,0.046153846
1004,0.951219512,0.048780488,0.048387097,0.629032258,0.14516129,0.048387097,0.129032258,1,0.019607843,0.019607843,0.352941176,0.607843137,0
1005,0.939759036,0.060240964,0,0.625,0.21875,0,0.15625,1,0,0.055555556,0.277777778,0.648148148,0.018518519
1006,0.928571429,0.071428571,0,0.62295082,0.180327869,0,0.196721311,1,0,0.090909091,0.327272727,0.581818182,0
1007,0.896551724,0.103448276,0,0.677966102,0.152542373,0,0.169491525,1,0,0.019607843,0.37254902,0.607843137,0
1008,0.906976744,0.093023256,0,0.735849057,0.056603774,0.056603774,0.150943396,1,0,0.053571429,0.339285714,0.553571429,0.053571429
1009,0.906976744,0.093023256,0.036363636,0.709090909,0.054545455,0.018181818,0.181818182,1,0,0.019607843,0.470588235,0.509803922,0
1010,0.962962963,0.037037037,0.068965517,0.655172414,0.068965517,0.017241379,0.189655172,1,0.057692308,0.019230769,0.442307692,0.461538462,0.019230769
1011,0.962962963,0.037037037,0,0.698113208,0.056603774,0,0.245283019,1,0.047619048,0.079365079,0.301587302,0.444444444,0.126984127
1012,0.951219512,0.048780488,0.018867925,0.716981132,0.037735849,0.037735849,0.188679245,1,0.034482759,0.068965517,0.362068966,0.465517241,0.068965517
1013,0.939759036,0.060240964,0.035714286,0.660714286,0.071428571,0,0.232142857,1,0.054545455,0.036363636,0.4,0.454545455,0.054545455
1014,0.962962963,0.037037037,0.017857143,0.714285714,0.089285714,0,0.178571429,1,0.033333333,0.066666667,0.283333333,0.516666667,0.1
1015,1,0,0.064516129,0.612903226,0.129032258,0,0.193548387,1,0.072727273,0.018181818,0.345454545,0.490909091,0.072727273
1016,0.975,0.025,0.109375,0.5625,0.109375,0,0.21875,1,0.017857143,0.035714286,0.339285714,0.535714286,0.071428571
1017,0.939759036,0.060240964,0.017857143,0.696428571,0.089285714,0.035714286,0.160714286,1,0.071428571,0,0.285714286,0.535714286,0.107142857
1018,0.962962963,0.037037037,0.037735849,0.641509434,0.018867925,0.132075472,0.169811321,1,0.125,0.035714286,0.321428571,0.446428571,0.071428571
1019,0.962962963,0.037037037,0.055555556,0.666666667,0.018518519,0.092592593,0.166666667,1,0.016949153,0.06779661,0.338983051,0.491525424,0.084745763
1020,0.951219512,0.048780488,0,0.745098039,0.019607843,0.098039216,0.137254902,1,0.035087719,0.070175439,0.368421053,0.473684211,0.052631579
1021,0.962962963,0.037037037,0.018867925,0.716981132,0.037735849,0.075471698,0.150943396,1,0.105263158,0.01754386,0.298245614,0.473684211,0.105263158
1022,0.975,0.025,0.038461538,0.75,0,0,0.211538462,1,0.05,0.05,0.366666667,0.416666667,0.116666667
1023,0.939759036,0.060240964,0.019607843,0.764705882,0,0.058823529,0.156862745,1,0,0.06779661,0.355932203,0.491525424,0.084745763
1024,0.906976744,0.093023256,0.019230769,0.769230769,0.019230769,0.076923077,0.115384615,1,0,0,0.345454545,0.563636364,0.090909091
1025,0.866666667,0.133333333,0,0.8,0,0.02,0.18,1,0,0.019230769,0.442307692,0.519230769,0.019230769
1026,0.906976744,0.093023256,0.019607843,0.764705882,0,0.019607843,0.196078431,1,0.018518519,0.018518519,0.444444444,0.462962963,0.055555556
1027,0.886363636,0.113636364,0.017857143,0.678571429,0.089285714,0.035714286,0.178571429,1,0.056603774,0,0.301886792,0.58490566,0.056603774
1028,0.928571429,0.071428571,0,0.698113208,0.056603774,0,0.245283019,1,0.035087719,0.105263158,0.403508772,0.438596491,0.01754386
1029,0.906976744,0.093023256,0.018181818,0.727272727,0.072727273,0,0.181818182,1,0.018867925,0.037735849,0.396226415,0.528301887,0.018867925
1030,0.951219512,0.048780488,0,0.703703704,0.074074074,0.037037037,0.185185185,1,0.050847458,0.06779661,0.305084746,0.491525424,0.084745763
1031,0.975,0.025,0.016949153,0.644067797,0.13559322,0.050847458,0.152542373,1,0.068965517,0.034482759,0.24137931,0.551724138,0.103448276
1032,0.951219512,0.048780488,0.070175439,0.666666667,0.052631579,0.052631579,0.157894737,1,0.01754386,0,0.315789474,0.543859649,0.122807018
1033,0.962962963,0.037037037,0.018867925,0.660377358,0.037735849,0.018867925,0.264150943,1,0.047619048,0.095238095,0.317460317,0.428571429,0.111111111
1034,1,0,0,0.7,0,0,0.3,1,0.111111111,0.079365079,0.365079365,0.317460317,0.126984127
1035,0.987341772,0.012658228,0.072727273,0.636363636,0.018181818,0.018181818,0.254545455,1,0.046153846,0.061538462,0.276923077,0.446153846,0.169230769
1036,0.987341772,0.012658228,0.033898305,0.050847458,0.118644068,0.338983051,0.457627119,1,0.703703704,0.055555556,0.055555556,0.166666667,0.018518519
1037,0.917647059,0.082352941,0.086206897,0.655172414,0.051724138,0.017241379,0.189655172,1,0,0,0.396226415,0.547169811,0.056603774
1038,0.962962963,0.037037037,0.086206897,0.637931034,0.051724138,0.068965517,0.155172414,1,0.017857143,0.035714286,0.339285714,0.535714286,0.071428571
1039,0.939759036,0.060240964,0.016393443,0.62295082,0.163934426,0,0.196721311,1,0.08,0,0.4,0.52,0
1040,0.928571429,0.071428571,0.018518519,0.740740741,0.055555556,0,0.185185185,1,0.037037037,0,0.407407407,0.481481481,0.074074074
1041,0.939759036,0.060240964,0,0.716981132,0.056603774,0,0.226415094,1,0,0.088235294,0.205882353,0.529411765,0.176470588
1042,0.987341772,0.012658228,0.018181818,0.636363636,0.072727273,0.163636364,0.109090909,1,0.123076923,0.046153846,0.076923077,0.569230769,0.184615385
1043,0.962962963,0.037037037,0.161290323,0.435483871,0.032258065,0.161290323,0.209677419,1,0.013888889,0.097222222,0.041666667,0.638888889,0.208333333
1044,0.951219512,0.048780488,0.068965517,0.655172414,0.068965517,0.034482759,0.172413793,1,0.032258065,0.016129032,0.193548387,0.580645161,0.177419355
1045,0.928571429,0.071428571,0.070175439,0.684210526,0.052631579,0.01754386,0.175438596,1,0.017241379,0,0.275862069,0.568965517,0.137931034
1046,0.939759036,0.060240964,0.047619048,0.619047619,0.158730159,0,0.174603175,1,0.035087719,0.01754386,0.210526316,0.631578947,0.105263158
1047,0.951219512,0.048780488,0.054545455,0.581818182,0.036363636,0.072727273,0.254545455,1,0.140350877,0.035087719,0.315789474,0.421052632,0.087719298
1048,0.928571429,0.071428571,0.056603774,0.660377358,0,0.056603774,0.226415094,1,0.015873016,0.079365079,0.26984127,0.507936508,0.126984127
1049,0.951219512,0.048780488,0.015151515,0.590909091,0.227272727,0.03030303,0.136363636,1,0.018181818,0.054545455,0.2,0.690909091,0.036363636
1050,0.962962963,0.037037037,0.075757576,0.560606061,0.166666667,0.045454545,0.151515152,1,0.037735849,0.018867925,0.264150943,0.641509434,0.037735849
1051,0.951219512,0.048780488,0.057971014,0.565217391,0.217391304,0,0.15942029,1,0,0.037735849,0.245283019,0.698113208,0.018867925
1052,0.939759036,0.060240964,0.055555556,0.648148148,0.018518519,0.12962963,0.148148148,1,0.051724138,0.051724138,0.275862069,0.534482759,0.086206897
1053,0.951219512,0.048780488,0,0.740740741,0.074074074,0,0.185185185,1,0.047619048,0.015873016,0.222222222,0.523809524,0.19047619
1054,0.962962963,0.037037037,0,0.8,0,0,0.2,1,0.014285714,0.057142857,0.2,0.5,0.228571429
1055,0.928571429,0.071428571,0.038461538,0.730769231,0,0,0.230769231,1,0,0.043478261,0.188405797,0.536231884,0.231884058
1056,0.917647059,0.082352941,0.019607843,0.725490196,0,0.039215686,0.215686275,1,0,0.06557377,0.327868852,0.491803279,0.114754098
1057,0.951219512,0.048780488,0,0.764705882,0.019607843,0.039215686,0.176470588,1,0.070175439,0.01754386,0.368421053,0.438596491,0.105263158
1058,0.928571429,0.071428571,0,0.764705882,0.019607843,0,0.215686275,1,0.071428571,0,0.392857143,0.428571429,0.107142857
1059,0.951219512,0.048780488,0.038461538,0.653846154,0,0.057692308,0.25,1,0.030769231,0.107692308,0.276923077,0.461538462,0.123076923
1060,0.906976744,0.093023256,0,0.576271186,0.152542373,0,0.271186441,1,0.134615385,0.038461538,0.346153846,0.480769231,0
1061,0.917647059,0.082352941,0.017857143,0.678571429,0.089285714,0,0.214285714,1,0.076923077,0.019230769,0.403846154,0.480769231,0.019230769
1062,0.951219512,0.048780488,0.016949153,0.661016949,0.13559322,0,0.186440678,1,0.017857143,0.071428571,0.339285714,0.535714286,0.035714286
1063,0.962962963,0.037037037,0,0.684210526,0.122807018,0.01754386,0.175438596,1,0.053571429,0.053571429,0.339285714,0.5,0.053571429
1064,0.951219512,0.048780488,0,0.678571429,0.107142857,0,0.214285714,1,0.098360656,0.016393443,0.213114754,0.508196721,0.163934426
1065,1,0,0.055555556,0.703703704,0.018518519,0.092592593,0.12962963,1,0.045454545,0.045454545,0.181818182,0.53030303,0.196969697
1066,0.928571429,0.071428571,0.016129032,0.064516129,0.177419355,0.177419355,0.564516129,1,0.637931034,0.034482759,0,0.224137931,0.103448276
1067,0.917647059,0.082352941,0,0,0.137931034,0.25862069,0.603448276,1,0.727272727,0.018181818,0.054545455,0.127272727,0.072727273
1068,0.906976744,0.093023256,0,0.054545455,0.090909091,0.345454545,0.509090909,1,0.698113208,0.037735849,0.056603774,0.188679245,0.018867925
1069,0.906976744,0.093023256,0,0.072727273,0.090909091,0.327272727,0.509090909,1,0.692307692,0.038461538,0.096153846,0.173076923,0
1070,0.951219512,0.048780488,0.032786885,0,0.147540984,0.295081967,0.524590164,1,0.678571429,0.107142857,0.017857143,0.196428571,0
1071,0.896551724,0.103448276,0,0.055555556,0.074074074,0.388888889,0.481481481,1,0.78,0,0.04,0.18,0
1072,0.906976744,0.093023256,0,0,0.056603774,0.339622642,0.603773585,1,0.616666667,0.116666667,0.033333333,0.183333333,0.05
1073,0.975,0.025,0.019607843,0.019607843,0,0.450980392,0.509803922,1,0.612903226,0.096774194,0.016129032,0.177419355,0.096774194
1074,0.939759036,0.060240964,0,0.745098039,0.019607843,0.058823529,0.176470588,1,0.068965517,0.034482759,0.327586207,0.465517241,0.103448276
1075,1,0,0.016666667,0.65,0.15,0,0.183333333,1,0,0.120689655,0.362068966,0.5,0.017241379
1076,0.987341772,0.012658228,0.083333333,0.516666667,0.083333333,0.016666667,0.3,1,0.015625,0.140625,0.3125,0.453125,0.078125
1077,0.928571429,0.071428571,0.087719298,0.614035088,0.035087719,0.087719298,0.175438596,1,0.016129032,0.048387097,0.193548387,0.596774194,0.14516129
1078,0.951219512,0.048780488,0.016666667,0.616666667,0.15,0.033333333,0.183333333,1,0,0.098360656,0.229508197,0.590163934,0.081967213
1079,0.917647059,0.082352941,0.018867925,0.603773585,0.037735849,0.037735849,0.301886792,1,0.047619048,0.095238095,0.285714286,0.46031746,0.111111111
1080,0.951219512,0.048780488,0.018518519,0.666666667,0.055555556,0.074074074,0.185185185,1,0.035087719,0.087719298,0.368421053,0.473684211,0.035087719
1081,0.917647059,0.082352941,0,0.722222222,0.074074074,0.055555556,0.148148148,1,0.018518519,0.018518519,0.37037037,0.537037037,0.055555556
1082,0.896551724,0.103448276,0.019607843,0.764705882,0,0.078431373,0.137254902,1,0.019230769,0.019230769,0.423076923,0.519230769,0.019230769
1083,0.917647059,0.082352941,0,0.78,0,0.02,0.2,1,0.054545455,0.018181818,0.418181818,0.436363636,0.072727273
1084,0.906976744,0.093023256,0.056603774,0.735849057,0,0,0.20754717,1,0,0.036363636,0.418181818,0.490909091,0.054545455
1085,0.939759036,0.060240964,0.068965517,0.603448276,0.068965517,0.103448276,0.155172414,1,0.01754386,0.087719298,0.280701754,0.578947368,0.035087719
1086,0.928571429,0.071428571,0,0.648148148,0.074074074,0.018518519,0.259259259,1,0.016393443,0.131147541,0.327868852,0.475409836,0.049180328
1087,0.917647059,0.082352941,0.036363636,0.690909091,0.054545455,0.072727273,0.145454545,1,0.037735849,0.018867925,0.358490566,0.547169811,0.037735849
1088,0.951219512,0.048780488,0.070175439,0.649122807,0.052631579,0.035087719,0.192982456,1,0.055555556,0.018518519,0.388888889,0.481481481,0.055555556
1089,0.951219512,0.048780488,0.017241379,0.689655172,0.120689655,0.034482759,0.137931034,1,0.019230769,0.019230769,0.403846154,0.538461538,0.019230769
1090,0.951219512,0.048780488,0,0.690909091,0.090909091,0.036363636,0.181818182,1,0.033898305,0.084745763,0.305084746,0.508474576,0.06779661
1091,0.962962963,0.037037037,0.047619048,0.603174603,0.158730159,0.047619048,0.142857143,1,0.016666667,0.033333333,0.166666667,0.65,0.133333333
1092,0.939759036,0.060240964,0,0.684210526,0.122807018,0.070175439,0.122807018,1,0.016949153,0.033898305,0.220338983,0.610169492,0.118644068
1093,0.917647059,0.082352941,0.019230769,0.711538462,0.019230769,0.019230769,0.230769231,1,0.033898305,0.050847458,0.338983051,0.474576271,0.101694915
1094,0.928571429,0.071428571,0,0.714285714,0.107142857,0.035714286,0.142857143,1,0,0.016666667,0.233333333,0.6,0.15
1095,0.987341772,0.012658228,0.01754386,0.666666667,0.105263158,0.01754386,0.192982456,1,0,0.133333333,0.35,0.483333333,0.033333333
1096,0.928571429,0.071428571,0,0.633333333,0.166666667,0.033333333,0.166666667,1,0,0.090909091,0.309090909,0.6,0
1097,0.939759036,0.060240964,0,0.573770492,0.180327869,0,0.245901639,1,0.050847458,0.084745763,0.254237288,0.542372881,0.06779661
1098,0.975,0.025,0.079365079,0.587301587,0.126984127,0.063492063,0.142857143,1,0,0.064516129,0.161290323,0.64516129,0.129032258
1099,0.917647059,0.082352941,0.129032258,0.467741935,0.064516129,0.032258065,0.306451613,1,0.075471698,0.056603774,0.396226415,0.471698113,0
1100,0.928571429,0.071428571,0.016949153,0.677966102,0.13559322,0.016949153,0.152542373,1,0.039215686,0,0.37254902,0.568627451,0.019607843
1101,0.962962963,0.037037037,0.061538462,0.6,0.169230769,0.046153846,0.123076923,1,0.038461538,0,0.269230769,0.653846154,0.038461538
1102,0.939759036,0.060240964,0.079365079,0.555555556,0.126984127,0.063492063,0.174603175,1,0.018518519,0.074074074,0.296296296,0.611111111,0
1103,1,0,0.089552239,0.597014925,0.164179104,0,0.149253731,1,0.018181818,0,0.272727273,0.618181818,0.090909091
1104,0.987341772,0.012658228,0.031746032,0.619047619,0.174603175,0,0.174603175,1,0.016949153,0.06779661,0.254237288,0.576271186,0.084745763
1105,1,0,0,0.633333333,0.166666667,0,0.2,1,0.014925373,0.119402985,0.179104478,0.552238806,0.134328358
1106,0.951219512,0.048780488,0.064516129,0.612903226,0.129032258,0.064516129,0.129032258,1,0.038461538,0,0.307692308,0.615384615,0.038461538
1107,0.951219512,0.048780488,0.081967213,0.606557377,0.098360656,0.016393443,0.196721311,1,0.019230769,0,0.423076923,0.519230769,0.038461538
1108,0.975,0.025,0.058823529,0.544117647,0.205882353,0.044117647,0.147058824,1,0.016666667,0.083333333,0.116666667,0.7,0.083333333
1109,0.975,0.025,0.117647059,0.544117647,0.147058824,0.088235294,0.102941176,1,0,0,0.203703704,0.722222222,0.074074074
1110,0.928571429,0.071428571,0.107142857,0.696428571,0,0.035714286,0.160714286,1,0,0,0.442307692,0.519230769,0.038461538
1111,0.928571429,0.071428571,0.037037037,0.611111111,0.037037037,0.018518519,0.296296296,1,0.176470588,0,0.470588235,0.333333333,0.019607843
1112,0.962962963,0.037037037,0.038461538,0.730769231,0,0.057692308,0.173076923,1,0.016393443,0.049180328,0.327868852,0.475409836,0.131147541
1113,0.962962963,0.037037037,0.087719298,0.684210526,0.035087719,0.01754386,0.175438596,1,0.035087719,0.01754386,0.333333333,0.50877193,0.105263158
1114,1,0,0.131147541,0.62295082,0.049180328,0.032786885,0.163934426,1,0,0.016129032,0.241935484,0.564516129,0.177419355
1115,0.906976744,0.093023256,0.038461538,0.75,0,0.076923077,0.134615385,1,0.019607843,0.019607843,0.450980392,0.509803922,0
1116,0.876404494,0.123595506,0,0.784313725,0.019607843,0.019607843,0.176470588,1,0,0.037735849,0.41509434,0.528301887,0.018867925
1117,0.886363636,0.113636364,0.018867925,0.716981132,0.037735849,0.056603774,0.169811321,1,0,0.035087719,0.298245614,0.578947368,0.087719298
1118,0.906976744,0.093023256,0,0.75,0.038461538,0,0.211538462,1,0.036363636,0.018181818,0.4,0.472727273,0.072727273
1119,0.896551724,0.103448276,0,0.76,0,0.1,0.14,1,0.01754386,0.035087719,0.315789474,0.543859649,0.087719298
1120,0.917647059,0.082352941,0.019230769,0.711538462,0.019230769,0.019230769,0.230769231,1,0.036363636,0.072727273,0.436363636,0.436363636,0.018181818
1121,0.917647059,0.082352941,0.071428571,0.696428571,0.035714286,0,0.196428571,1,0,0.018518519,0.407407407,0.518518519,0.055555556
1122,0.928571429,0.071428571,0,0.764705882,0.019607843,0.039215686,0.176470588,1,0.054545455,0.036363636,0.4,0.454545455,0.054545455
1123,0.928571429,0.071428571,0,0.716981132,0.056603774,0.056603774,0.169811321,1,0.035714286,0.053571429,0.357142857,0.5,0.053571429
1124,0.951219512,0.048780488,0,0.714285714,0.107142857,0,0.178571429,1,0.036363636,0.036363636,0.381818182,0.490909091,0.054545455
1125,0.917647059,0.082352941,0.032786885,0,0.147540984,0.245901639,0.573770492,1,0.735849057,0.037735849,0.056603774,0.150943396,0.018867925
1126,0.951219512,0.048780488,0.072727273,0,0.018181818,0.418181818,0.490909091,1,0.583333333,0.1,0.016666667,0.233333333,0.066666667
1127,0.962962963,0.037037037,0.06779661,0,0.084745763,0.237288136,0.610169492,1,0.629032258,0.048387097,0.016129032,0.161290323,0.14516129
1128,0.928571429,0.071428571,0.051724138,0,0.086206897,0.293103448,0.568965517,1,0.696428571,0.035714286,0.035714286,0.160714286,0.071428571
1129,0.951219512,0.048780488,0.096774194,0.032258065,0.096774194,0.225806452,0.548387097,1,0.649122807,0,0.035087719,0.192982456,0.122807018
1130,0.951219512,0.048780488,0.016129032,0.016129032,0.177419355,0.193548387,0.596774194,1,0.661016949,0.033898305,0.016949153,0.169491525,0.118644068
1131,0.987341772,0.012658228,0.094594595,0,0.22972973,0.148648649,0.527027027,1,0.685185185,0.037037037,0.018518519,0.222222222,0.037037037
1132,0.975,0.025,0.014925373,0.044776119,0.23880597,0.164179104,0.537313433,1,0.654545455,0.090909091,0.072727273,0.181818182,0
1133,0.987341772,0.012658228,0.068493151,0.109589041,0.246575342,0.04109589,0.534246575,1,0.647058824,0,0.176470588,0.156862745,0.019607843
1134,1,0,0.126760563,0.056338028,0.169014085,0.070422535,0.577464789,1,0.581818182,0.036363636,0.2,0.127272727,0.054545455
1135,0.975,0.025,0.1,0.566666667,0.066666667,0.083333333,0.183333333,1,0.032786885,0.06557377,0.229508197,0.557377049,0.114754098
1136,0.987341772,0.012658228,0.080645161,0.048387097,0.112903226,0.209677419,0.548387097,1,0.666666667,0.055555556,0.166666667,0.092592593,0.018518519
1137,0.975,0.025,0.018181818,0.109090909,0.072727273,0.309090909,0.490909091,1,0.5,0.129032258,0.080645161,0.225806452,0.064516129
1138,0.962962963,0.037037037,0.074074074,0,0,0.388888889,0.537037037,1,0.661016949,0.050847458,0.033898305,0.152542373,0.101694915
1139,0.917647059,0.082352941,0.035714286,0.017857143,0.071428571,0.339285714,0.535714286,1,0.754716981,0,0.037735849,0.150943396,0.056603774
1140,0.939759036,0.060240964,0.035087719,0.070175439,0.087719298,0.315789474,0.49122807,1,0.730769231,0,0.076923077,0.153846154,0.038461538
1141,0.987341772,0.012658228,0.078125,0,0.140625,0.234375,0.546875,1,0.548387097,0.112903226,0.032258065,0.225806452,0.080645161
1142,0.975,0.025,0.081967213,0.06557377,0.098360656,0.278688525,0.475409836,1,0.698113208,0,0.075471698,0.169811321,0.056603774
1143,0.939759036,0.060240964,0.035714286,0,0.071428571,0.25,0.642857143,1,0.666666667,0.033333333,0.05,0.116666667,0.133333333
1144,0.917647059,0.082352941,0,0,0,0.42,0.58,1,0.633333333,0.083333333,0.033333333,0.166666667,0.083333333
1145,0.886363636,0.113636364,0,0.642857143,0.107142857,0.053571429,0.196428571,1,0.115384615,0,0.288461538,0.557692308,0.038461538
1146,0.962962963,0.037037037,0,0.616666667,0.166666667,0.066666667,0.15,1,0.06779661,0.06779661,0.186440678,0.593220339,0.084745763
1147,0.987341772,0.012658228,0,0.684210526,0.122807018,0.01754386,0.175438596,1,0.046153846,0.076923077,0.184615385,0.538461538,0.153846154
1148,1,0,0.03125,0.59375,0.1875,0.0625,0.125,1,0.016393443,0.098360656,0.163934426,0.639344262,0.081967213
1149,0.939759036,0.060240964,0,0.590163934,0.180327869,0.032786885,0.196721311,1,0.105263158,0.01754386,0.192982456,0.578947368,0.105263158
1150,0.939759036,0.060240964,0.017857143,0.071428571,0.089285714,0.321428571,0.5,1,0.654545455,0.072727273,0.072727273,0.181818182,0.018181818
1151,0.975,0.025,0.09375,0.015625,0.125,0.296875,0.46875,1,0.75,0,0.019230769,0.192307692,0.038461538
1152,0.962962963,0.037037037,0.050847458,0.050847458,0.101694915,0.338983051,0.457627119,1,0.642857143,0.053571429,0.017857143,0.232142857,0.053571429
1153,0.951219512,0.048780488,0.017857143,0.089285714,0.089285714,0.375,0.428571429,1,0.666666667,0.074074074,0.037037037,0.222222222,0
1154,0.962962963,0.037037037,0.038461538,0.019230769,0,0.442307692,0.5,1,0.689655172,0.034482759,0.017241379,0.155172414,0.103448276
1155,0.975,0.025,0.105263158,0.052631579,0.01754386,0.333333333,0.49122807,1,0.6,0,0.016666667,0.216666667,0.166666667
1156,0.939759036,0.060240964,0.107142857,0,0,0.410714286,0.482142857,1,0.709090909,0,0,0.2,0.090909091
1157,0.951219512,0.048780488,0.122807018,0.070175439,0,0.385964912,0.421052632,1,0.62962963,0,0.055555556,0.240740741,0.074074074
1158,0.896551724,0.103448276,0,0.655737705,0.180327869,0.032786885,0.131147541,1,0,0,0.245283019,0.698113208,0.056603774
1159,0.917647059,0.082352941,0.015384615,0.584615385,0.215384615,0,0.184615385,1,0.06,0,0.3,0.64,0
1160,0.917647059,0.082352941,0.014492754,0.550724638,0.260869565,0,0.173913043,1,0.06,0,0.22,0.72,0
1161,0.962962963,0.037037037,0.019230769,0.076923077,0.019230769,0.423076923,0.461538462,1,0.6,0.1,0.016666667,0.216666667,0.066666667
1162,0.939759036,0.060240964,0.019230769,0,0.019230769,0.384615385,0.576923077,1,0.689655172,0.051724138,0.051724138,0.120689655,0.086206897
1163,0.975,0.025,0.019230769,0.019230769,0.019230769,0.423076923,0.519230769,1,0.606557377,0.114754098,0.049180328,0.163934426,0.06557377
1164,0.962962963,0.037037037,0.019230769,0.019230769,0.019230769,0.346153846,0.596153846,1,0.625,0.0625,0,0.15625,0.15625
1165,0.951219512,0.048780488,0.053571429,0.053571429,0.053571429,0.357142857,0.482142857,1,0.610169492,0.050847458,0,0.237288136,0.101694915
1166,0.951219512,0.048780488,0.016129032,0.032258065,0.177419355,0.209677419,0.564516129,1,0.701754386,0.01754386,0,0.175438596,0.105263158
1167,0.987341772,0.012658228,0,0.064516129,0.193548387,0.112903226,0.629032258,1,0.507462687,0.119402985,0.044776119,0.194029851,0.134328358
1168,0.939759036,0.060240964,0.033898305,0.627118644,0.118644068,0.101694915,0.118644068,1,0.098039216,0.019607843,0.294117647,0.588235294,0
1169,0.928571429,0.071428571,0,0.629032258,0.193548387,0.048387097,0.129032258,1,0.036363636,0.036363636,0.2,0.672727273,0.054545455
1170,0.906976744,0.093023256,0.033898305,0.661016949,0.118644068,0.033898305,0.152542373,1,0,0,0.4,0.6,0
1171,0.939759036,0.060240964,0.017241379,0.672413793,0.120689655,0.086206897,0.103448276,1,0.037735849,0.037735849,0.301886792,0.603773585,0.018867925
1172,0.896551724,0.103448276,0,0.714285714,0.107142857,0.053571429,0.125,1,0,0.035714286,0.25,0.642857143,0.071428571
1173,0.939759036,0.060240964,0.016666667,0.616666667,0.15,0.05,0.166666667,1,0.017241379,0.103448276,0.24137931,0.603448276,0.034482759
1174,0.928571429,0.071428571,0.016949153,0.593220339,0.13559322,0.050847458,0.203389831,1,0.094339623,0.018867925,0.320754717,0.528301887,0.037735849
1175,0.917647059,0.082352941,0,0.655737705,0.180327869,0.049180328,0.114754098,1,0.018867925,0,0.245283019,0.679245283,0.056603774
1176,0.939759036,0.060240964,0.016129032,0.596774194,0.177419355,0.016129032,0.193548387,1,0.134615385,0,0.269230769,0.557692308,0.038461538
1177,0.896551724,0.103448276,0.038461538,0.75,0,0.038461538,0.173076923,1,0,0.019230769,0.461538462,0.5,0.019230769
1178,0.896551724,0.103448276,0,0.76,0,0.08,0.16,1,0.075471698,0,0.377358491,0.490566038,0.056603774
1179,0.876404494,0.123595506,0.019230769,0.769230769,0.019230769,0.019230769,0.173076923,1,0,0,0.37037037,0.555555556,0.074074074
1180,0.939759036,0.060240964,0.019607843,0.745098039,0,0.058823529,0.176470588,1,0.034482759,0.034482759,0.362068966,0.465517241,0.103448276
1181,0.987341772,0.012658228,0.032258065,0.629032258,0.161290323,0,0.177419355,1,0.017857143,0.071428571,0.339285714,0.535714286,0.035714286
1182,0.975,0.025,0.016129032,0.596774194,0.177419355,0,0.209677419,1,0.072727273,0.072727273,0.327272727,0.509090909,0.018181818
1183,0.939759036,0.060240964,0.032258065,0.64516129,0.161290323,0.016129032,0.14516129,1,0.019230769,0.019230769,0.326923077,0.615384615,0.019230769
1184,0.928571429,0.071428571,0.018518519,0.703703704,0.055555556,0.074074074,0.148148148,1,0.072727273,0.018181818,0.309090909,0.527272727,0.072727273
1185,0.928571429,0.071428571,0,0.684210526,0.122807018,0.01754386,0.175438596,1,0.01754386,0.035087719,0.298245614,0.561403509,0.087719298
1186,0.975,0.025,0.047619048,0.571428571,0.158730159,0.063492063,0.158730159,1,0.092592593,0.037037037,0.259259259,0.574074074,0.037037037
1187,0.975,0.025,0,0.514705882,0.264705882,0.029411765,0.191176471,1,0.052631579,0.122807018,0.192982456,0.631578947,0
1188,0.951219512,0.048780488,0.028985507,0.507246377,0.246376812,0.057971014,0.15942029,1,0.056603774,0.056603774,0.188679245,0.698113208,0
1189,0.962962963,0.037037037,0.050847458,0.610169492,0.101694915,0.118644068,0.118644068,1,0.035087719,0.070175439,0.245614035,0.596491228,0.052631579
1190,0.951219512,0.048780488,0.060606061,0.590909091,0.181818182,0,0.166666667,1,0,0.035087719,0.210526316,0.666666667,0.087719298
1191,0.917647059,0.082352941,0,0.75,0.038461538,0.019230769,0.192307692,1,0.050847458,0.033898305,0.288135593,0.508474576,0.118644068
1192,0.939759036,0.060240964,0.019230769,0.75,0.019230769,0.057692308,0.153846154,1,0.052631579,0.035087719,0.333333333,0.49122807,0.087719298
1193,0.975,0.025,0.05,0.65,0.116666667,0.016666667,0.166666667,1,0.074074074,0,0.333333333,0.518518519,0.074074074
1194,0.962962963,0.037037037,0.052631579,0.649122807,0.070175439,0.01754386,0.210526316,1,0.094339623,0.018867925,0.41509434,0.433962264,0.037735849
1195,0.951219512,0.048780488,0.052631579,0.701754386,0.070175439,0,0.175438596,1,0.01754386,0,0.333333333,0.526315789,0.122807018
1196,0.906976744,0.093023256,0.017857143,0.642857143,0.089285714,0.089285714,0.160714286,1,0.096153846,0,0.307692308,0.557692308,0.038461538
1197,0.951219512,0.048780488,0.015873016,0.619047619,0.19047619,0,0.174603175,1,0.037037037,0.055555556,0.296296296,0.592592593,0.018518519
1198,0.939759036,0.060240964,0.052631579,0.631578947,0.070175439,0.087719298,0.157894737,1,0.037735849,0.037735849,0.377358491,0.528301887,0.018867925
1199,1,0,0.153846154,0.507692308,0.076923077,0.030769231,0.230769231,1,0.035087719,0.035087719,0.333333333,0.50877193,0.087719298
1200,1,0,0.161290323,0.5,0.032258065,0.177419355,0.129032258,1,0.066666667,0.033333333,0.166666667,0.6,0.133333333
1201,0.962962963,0.037037037,0.105263158,0.649122807,0.01754386,0.052631579,0.175438596,1,0.016393443,0,0.262295082,0.540983607,0.180327869
1202,0.939759036,0.060240964,0.054545455,0.672727273,0.036363636,0.090909091,0.145454545,1,0.017241379,0.034482759,0.293103448,0.551724138,0.103448276
1203,0.975,0.025,0.109375,0.546875,0.109375,0.078125,0.15625,1,0.017857143,0.053571429,0.267857143,0.607142857,0.053571429
1204,0.939759036,0.060240964,0,0.698113208,0.056603774,0,0.245283019,1,0.098360656,0.032786885,0.262295082,0.459016393,0.147540984
1205,0.928571429,0.071428571,0.055555556,0.703703704,0.018518519,0.037037037,0.185185185,1,0,0.070175439,0.368421053,0.50877193,0.052631579
1206,0.962962963,0.037037037,0.054545455,0.672727273,0.036363636,0.072727273,0.163636364,1,0.036363636,0.054545455,0.4,0.472727273,0.036363636
1207,0.917647059,0.082352941,0,0.660377358,0.056603774,0,0.283018868,1,0.122807018,0.01754386,0.333333333,0.421052632,0.105263158
1208,0.962962963,0.037037037,0.018867925,0.716981132,0.037735849,0.037735849,0.188679245,1,0.064516129,0.032258065,0.258064516,0.483870968,0.161290323
1209,0.951219512,0.048780488,0.035714286,0.678571429,0.071428571,0,0.214285714,1,0.081967213,0.016393443,0.229508197,0.508196721,0.163934426
1210,0.962962963,0.037037037,0.081967213,0.573770492,0.098360656,0.081967213,0.163934426,1,0.037735849,0.056603774,0.358490566,0.547169811,0
1211,0.906976744,0.093023256,0.107142857,0,0,0.357142857,0.535714286,1,0.698113208,0,0.075471698,0.169811321,0.056603774
1212,0.962962963,0.037037037,0.018867925,0.037735849,0.037735849,0.433962264,0.471698113,1,0.701754386,0.035087719,0,0.175438596,0.087719298
1213,0.917647059,0.082352941,0,0.709090909,0.090909091,0.036363636,0.163636364,1,0.017241379,0.034482759,0.275862069,0.568965517,0.103448276
1214,0.928571429,0.071428571,0.016393443,0.032786885,0.163934426,0.278688525,0.508196721,1,0.75,0.038461538,0.019230769,0.192307692,0
1215,0.987341772,0.012658228,0.068965517,0.655172414,0.068965517,0.017241379,0.189655172,1,0.01754386,0.052631579,0.385964912,0.473684211,0.070175439
1216,0.962962963,0.037037037,0.09375,0.015625,0.125,0.171875,0.59375,1,0.590163934,0.032786885,0.032786885,0.196721311,0.147540984
1217,0.975,0.025,0.169230769,0.107692308,0.061538462,0.046153846,0.615384615,1,0.430769231,0,0.123076923,0.215384615,0.230769231
1218,0.987341772,0.012658228,0.035714286,0.107142857,0.071428571,0.089285714,0.696428571,1,0.454545455,0.136363636,0.212121212,0.090909091,0.106060606
1219,0.975,0.025,0.045454545,0.181818182,0.196969697,0.015151515,0.560606061,1,0.482758621,0.034482759,0.189655172,0.189655172,0.103448276
1220,0.939759036,0.060240964,0.016666667,0.633333333,0.15,0.083333333,0.116666667,1,0.017241379,0.051724138,0.189655172,0.655172414,0.086206897
1221,0.975,0.025,0,0.735849057,0.056603774,0,0.20754717,1,0,0.106060606,0.272727273,0.484848485,0.136363636
1222,0.939759036,0.060240964,0,0.705882353,0.019607843,0.078431373,0.196078431,1,0.015625,0.125,0.265625,0.5,0.09375
1223,0.962962963,0.037037037,0,0.74,0,0.04,0.22,1,0.016129032,0.112903226,0.370967742,0.419354839,0.080645161
1224,0.928571429,0.071428571,0.101449275,0,0.173913043,0.086956522,0.637681159,1,0.603448276,0.017241379,0.068965517,0.189655172,0.120689655
1225,0.917647059,0.082352941,0.03125,0,0.1875,0.09375,0.6875,1,0.684210526,0.035087719,0.087719298,0.105263158,0.087719298
1226,0.987341772,0.012658228,0,0.660714286,0.107142857,0.053571429,0.178571429,1,0.015873016,0.142857143,0.26984127,0.507936508,0.063492063
1227,0.939759036,0.060240964,0.066666667,0.5,0.1,0,0.333333333,1,0.089285714,0.107142857,0.392857143,0.410714286,0
1228,0.939759036,0.060240964,0.018867925,0.679245283,0.037735849,0,0.264150943,1,0.071428571,0.071428571,0.428571429,0.392857143,0.035714286
1229,0.896551724,0.103448276,0.018518519,0.703703704,0.055555556,0.018518519,0.203703704,1,0.037735849,0.018867925,0.396226415,0.509433962,0.037735849
1230,0.906976744,0.093023256,0.036363636,0.709090909,0.054545455,0.054545455,0.145454545,1,0.019607843,0,0.411764706,0.549019608,0.019607843
1231,0.906976744,0.093023256,0,0.754716981,0.056603774,0.075471698,0.113207547,1,0,0.019230769,0.403846154,0.557692308,0.019230769
1232,0.896551724,0.103448276,0.035714286,0.696428571,0.071428571,0.071428571,0.125,1,0,0,0.4,0.6,0
1233,0.896551724,0.103448276,0.019607843,0.705882353,0,0,0.274509804,1,0.015873016,0.047619048,0.285714286,0.492063492,0.158730159
1234,1,0,0.037735849,0.660377358,0.018867925,0.056603774,0.226415094,1,0.111111111,0.047619048,0.26984127,0.412698413,0.158730159
1235,0.917647059,0.082352941,0.087719298,0.649122807,0.035087719,0.070175439,0.157894737,1,0.019230769,0.019230769,0.384615385,0.557692308,0.019230769
1236,0.975,0.025,0.055555556,0.685185185,0.018518519,0.018518519,0.222222222,1,0.111111111,0,0.444444444,0.37037037,0.074074074
1237,0.917647059,0.082352941,0.038461538,0.653846154,0,0.096153846,0.211538462,1,0.156862745,0,0.411764706,0.411764706,0.019607843
1238,0.939759036,0.060240964,0.018867925,0.735849057,0.037735849,0.056603774,0.150943396,1,0,0.086206897,0.344827586,0.517241379,0.051724138
1239,0.975,0.025,0.055555556,0.685185185,0.018518519,0,0.240740741,1,0.032786885,0.081967213,0.360655738,0.426229508,0.098360656
1240,0.987341772,0.012658228,0.071428571,0.714285714,0.035714286,0.035714286,0.142857143,1,0.053571429,0,0.357142857,0.482142857,0.107142857
1241,0.975,0.025,0.098360656,0.639344262,0.081967213,0.06557377,0.114754098,1,0.018518519,0,0.314814815,0.592592593,0.074074074
1242,0.987341772,0.012658228,0.070175439,0.666666667,0.052631579,0.087719298,0.122807018,1,0.083333333,0,0.2,0.55,0.166666667
1243,0.987341772,0.012658228,0.033898305,0.677966102,0.118644068,0.06779661,0.101694915,1,0.071428571,0,0.25,0.571428571,0.107142857
1244,0.962962963,0.037037037,0.089285714,0.660714286,0.017857143,0.089285714,0.142857143,1,0.047619048,0,0.174603175,0.571428571,0.206349206
1245,0.917647059,0.082352941,0,0.75,0.038461538,0.038461538,0.173076923,1,0.051724138,0,0.293103448,0.517241379,0.137931034
1246,0.928571429,0.071428571,0.055555556,0.666666667,0.018518519,0,0.259259259,1,0.016949153,0.050847458,0.372881356,0.457627119,0.101694915
1247,0.906976744,0.093023256,0,0.722222222,0.074074074,0.074074074,0.12962963,1,0.019230769,0.019230769,0.384615385,0.557692308,0.019230769
1248,0.951219512,0.048780488,0.066666667,0.616666667,0.1,0,0.216666667,1,0.01754386,0.070175439,0.333333333,0.526315789,0.052631579
1249,0.928571429,0.071428571,0.055555556,0.685185185,0.018518519,0.037037037,0.203703704,1,0.053571429,0.035714286,0.357142857,0.482142857,0.071428571