,"('NP', 'np')","('NP', ('NP', 'NP'))","('S', ('NP', 'S'))","('S', ('NP', 'VP'))","('S', ('S', 'NP'))","('S', ('VP', 'NP'))","('S', ('VP',))","('V', 'v')","('VP', ('NP', 'V'))","('VP', ('NP', 'VP'))","('VP', ('V', 'NP'))","('VP', ('V',))","('VP', ('VP', 'NP'))"
0,0.928571429,0.071428571,0.070175439,0.666666667,0.052631579,0,0.210526316,1,0,0.018181818,0.4,0.509090909,0.072727273
1,0.928571429,0.071428571,0.105263158,0.649122807,0.01754386,0.035087719,0.192982456,1,0.035714286,0,0.321428571,0.535714286,0.107142857
2,0.917647059,0.082352941,0.054545455,0.690909091,0.036363636,0,0.218181818,1,0,0.033333333,0.3,0.533333333,0.133333333
3,0.896551724,0.103448276,0,0.576923077,0.038461538,0.134615385,0.25,1,0.096774194,0.080645161,0.193548387,0.516129032,0.112903226
4,0.939759036,0.060240964,0,0.8,0,0.06,0.14,1,0.052631579,0,0.350877193,0.473684211,0.122807018
5,0.917647059,0.082352941,0,0.78,0,0.04,0.18,1,0.01754386,0.035087719,0.385964912,0.473684211,0.087719298
6,0.975,0.025,0,0.034482759,0.137931034,0.24137931,0.586206897,1,0.633333333,0.1,0.066666667,0.133333333,0.066666667
7,0.896551724,0.103448276,0,0.018867925,0.056603774,0.433962264,0.490566038,1,0.666666667,0.055555556,0.037037037,0.222222222,0.018518519
8,0.975,0.025,0.095238095,0,0.111111111,0.301587302,0.492063492,1,0.636363636,0.090909091,0.072727273,0.2,0
9,0.987341772,0.012658228,0.06557377,0.557377049,0.114754098,0,0.262295082,1,0.153846154,0,0.423076923,0.384615385,0.038461538
10,0.939759036,0.060240964,0.06779661,0.576271186,0.084745763,0.084745763,0.186440678,1,0.055555556,0.055555556,0.333333333,0.537037037,0.018518519
11,0.917647059,0.082352941,0,0.72,0,0.12,0.16,1,0.12962963,0,0.333333333,0.462962963,0.074074074
12,0.939759036,0.060240964,0.018518519,0.740740741,0.055555556,0,0.185185185,1,0,0.034482759,0.362068966,0.5,0.103448276
13,0.928571429,0.071428571,0,0.730769231,0.038461538,0.076923077,0.153846154,1,0.055555556,0.018518519,0.388888889,0.481481481,0.055555556
14,0.886363636,0.113636364,0,0.8,0,0.04,0.16,1,0,0.019230769,0.461538462,0.5,0.019230769
15,0.951219512,0.048780488,0.019230769,0.75,0.019230769,0.076923077,0.134615385,1,0.053571429,0.017857143,0.357142857,0.482142857,0.089285714
16,0.987341772,0.012658228,0,0.607142857,0.107142857,0.035714286,0.25,1,0.101694915,0.101694915,0.338983051,0.406779661,0.050847458
17,0.975,0.025,0.018867925,0.716981132,0.037735849,0.037735849,0.188679245,1,0.035087719,0.105263158,0.421052632,0.421052632,0.01754386
18,0.975,0.025,0.031746032,0.587301587,0.174603175,0.095238095,0.111111111,1,0.094339623,0.037735849,0.226415094,0.622641509,0.018867925
19,0.951219512,0.048780488,0.017857143,0.625,0.089285714,0,0.267857143,1,0.070175439,0.105263158,0.385964912,0.421052632,0.01754386
20,0.928571429,0.071428571,0.017857143,0.696428571,0.089285714,0,0.196428571,1,0.018867925,0.037735849,0.433962264,0.490566038,0.018867925
21,0.951219512,0.048780488,0.017241379,0.655172414,0.120689655,0.051724138,0.155172414,1,0.094339623,0,0.320754717,0.528301887,0.056603774
22,0.928571429,0.071428571,0.018867925,0.754716981,0.037735849,0,0.188679245,1,0.034482759,0,0.327586207,0.5,0.137931034
23,0.906976744,0.093023256,0,0.689655172,0.137931034,0,0.172413793,1,0.017241379,0.017241379,0.224137931,0.620689655,0.120689655
24,0.906976744,0.093023256,0.038461538,0.75,0,0.038461538,0.173076923,1,0,0.014925373,0.149253731,0.597014925,0.23880597
25,0.928571429,0.071428571,0.071428571,0.678571429,0.035714286,0.035714286,0.178571429,1,0.015151515,0,0.136363636,0.606060606,0.242424242
26,0.928571429,0.071428571,0,0.684210526,0.122807018,0.01754386,0.175438596,1,0.098039216,0,0.37254902,0.509803922,0.019607843
27,0.928571429,0.071428571,0,0.696428571,0.107142857,0.017857143,0.178571429,1,0.074074074,0,0.333333333,0.518518519,0.074074074
28,0.896551724,0.103448276,0,0.725490196,0.019607843,0.078431373,0.176470588,1,0,0.096774194,0.241935484,0.564516129,0.096774194
29,0.939759036,0.060240964,0.087719298,0.631578947,0.035087719,0.052631579,0.192982456,1,0.058823529,0,0.450980392,0.470588235,0.019607843
30,0.928571429,0.071428571,0.033898305,0.661016949,0.118644068,0,0.186440678,1,0.019230769,0.038461538,0.403846154,0.538461538,0
31,0.917647059,0.082352941,0.054545455,0.727272727,0.036363636,0.054545455,0.127272727,1,0,0.019230769,0.403846154,0.557692308,0.019230769
32,0.951219512,0.048780488,0.079365079,0.031746032,0.126984127,0.174603175,0.587301587,1,0.666666667,0,0.148148148,0.111111111,0.074074074
33,0.939759036,0.060240964,0.044776119,0.044776119,0.208955224,0.164179104,0.537313433,1,0.692307692,0.019230769,0.076923077,0.192307692,0.019230769
34,0.939759036,0.060240964,0,0.053571429,0.107142857,0.357142857,0.482142857,1,0.672727273,0.072727273,0.036363636,0.2,0.018181818
35,0.962962963,0.037037037,0.032258065,0.032258065,0.161290323,0.080645161,0.693548387,1,0.6,0.046153846,0.030769231,0.138461538,0.184615385
36,0.928571429,0.071428571,0.033898305,0.016949153,0.118644068,0.152542373,0.677966102,1,0.655737705,0,0.032786885,0.131147541,0.180327869
37,0.917647059,0.082352941,0.050847458,0.033898305,0.101694915,0.152542373,0.661016949,1,0.633333333,0.016666667,0.05,0.15,0.15
38,0.951219512,0.048780488,0.114754098,0.06557377,0.06557377,0.229508197,0.524590164,1,0.625,0,0.071428571,0.196428571,0.107142857
39,0.928571429,0.071428571,0.055555556,0.055555556,0.018518519,0.444444444,0.425925926,1,0.716981132,0,0,0.226415094,0.056603774
40,0.939759036,0.060240964,0,0.701754386,0.122807018,0.01754386,0.157894737,1,0.017857143,0.035714286,0.321428571,0.553571429,0.071428571
41,0.951219512,0.048780488,0.018867925,0.735849057,0.037735849,0.056603774,0.150943396,1,0,0.06557377,0.295081967,0.524590164,0.114754098
42,0.906976744,0.093023256,0.019607843,0.725490196,0,0,0.254901961,1,0.016666667,0.066666667,0.35,0.466666667,0.1
43,0.939759036,0.060240964,0,0.727272727,0.090909091,0.054545455,0.127272727,1,0,0.064516129,0.209677419,0.596774194,0.129032258
44,0.962962963,0.037037037,0,0.642857143,0.107142857,0.035714286,0.214285714,1,0.133333333,0,0.216666667,0.483333333,0.166666667
45,0.962962963,0.037037037,0.05,0.05,0.116666667,0.1,0.683333333,1,0.492957746,0.042253521,0,0.211267606,0.253521127
46,0.987341772,0.012658228,0.016949153,0.610169492,0.13559322,0.084745763,0.152542373,1,0.105263158,0.052631579,0.245614035,0.526315789,0.070175439
47,0.951219512,0.048780488,0.06779661,0.084745763,0.084745763,0.305084746,0.457627119,1,0.614035088,0.035087719,0,0.263157895,0.087719298
48,0.951219512,0.048780488,0,0.019607843,0.019607843,0.294117647,0.666666667,1,0.619047619,0.079365079,0.079365079,0.095238095,0.126984127
49,0.962962963,0.037037037,0.070175439,0.01754386,0.052631579,0.298245614,0.561403509,1,0.701754386,0,0.052631579,0.122807018,0.122807018
50,0.987341772,0.012658228,0.017857143,0.160714286,0.089285714,0.303571429,0.428571429,1,0.453125,0.109375,0.03125,0.296875,0.109375
51,0.917647059,0.082352941,0,0.206896552,0.137931034,0.275862069,0.379310345,1,0.603773585,0,0,0.339622642,0.056603774
52,0.975,0.025,0.125,0,0.09375,0.28125,0.5,1,0.649122807,0.035087719,0,0.228070175,0.087719298
53,0.928571429,0.071428571,0.018867925,0,0.037735849,0.245283019,0.698113208,1,0.552238806,0.074626866,0.029850746,0.164179104,0.179104478
54,0.975,0.025,0.036363636,0.018181818,0.054545455,0.127272727,0.763636364,1,0.453333333,0.106666667,0.053333333,0.16,0.226666667
55,0.962962963,0.037037037,0.068965517,0.017241379,0.068965517,0,0.844827586,1,0.527027027,0.027027027,0.040540541,0.108108108,0.297297297
56,0.987341772,0.012658228,0.035714286,0.107142857,0.071428571,0.035714286,0.75,1,0.48,0.026666667,0.026666667,0.16,0.306666667
57,0.987341772,0.012658228,0.038461538,0.076923077,0,0.096153846,0.788461538,1,0.467532468,0.051948052,0.038961039,0.142857143,0.298701299
58,0.928571429,0.071428571,0.032258065,0.096774194,0.161290323,0.258064516,0.451612903,1,0.692307692,0,0,0.269230769,0.038461538
59,0.939759036,0.060240964,0.016393443,0.114754098,0.163934426,0.245901639,0.459016393,1,0.673076923,0.038461538,0.057692308,0.230769231,0
60,0.939759036,0.060240964,0,0.035087719,0.122807018,0.368421053,0.473684211,1,0.754716981,0.037735849,0,0.188679245,0.018867925
61,0.962962963,0.037037037,0,0.084745763,0.152542373,0.220338983,0.542372881,1,0.661016949,0.033898305,0,0.186440678,0.118644068
62,0.962962963,0.037037037,0,0.055555556,0.074074074,0.296296296,0.574074074,1,0.580645161,0.080645161,0.064516129,0.161290323,0.112903226
63,0.987341772,0.012658228,0,0.185185185,0.074074074,0.12962963,0.611111111,1,0.548387097,0.032258065,0.161290323,0.096774194,0.161290323
64,1,0,0.050847458,0.033898305,0.101694915,0.050847458,0.762711864,1,0.520547945,0.054794521,0.04109589,0.123287671,0.260273973
65,0.975,0.025,0.105263158,0,0.01754386,0.052631579,0.824561404,1,0.5,0.055555556,0.111111111,0.083333333,0.25
66,1,0,0,0,0.074074074,0.037037037,0.888888889,1,0.5,0.102564103,0.064102564,0.076923077,0.256410256
67,1,0,0.056603774,0,0,0.132075472,0.811320755,1,0.52,0.066666667,0.053333333,0.093333333,0.266666667
68,0.906976744,0.093023256,0.087719298,0,0.035087719,0.385964912,0.49122807,1,0.745098039,0.019607843,0.039215686,0.196078431,0
69,0.896551724,0.103448276,0,0.096153846,0.038461538,0.423076923,0.442307692,1,0.692307692,0.019230769,0.038461538,0.230769231,0.019230769
70,0.866666667,0.133333333,0.018867925,0,0.037735849,0.396226415,0.547169811,1,0.75,0.019230769,0.019230769,0.192307692,0.019230769
71,0.896551724,0.103448276,0.074074074,0.055555556,0,0.462962963,0.407407407,1,0.74,0,0,0.26,0
72,0.896551724,0.103448276,0.072727273,0.036363636,0.018181818,0.363636364,0.509090909,1,0.660377358,0.018867925,0.075471698,0.20754717,0.037735849
73,0.939759036,0.060240964,0.035714286,0,0.071428571,0.339285714,0.553571429,1,0.701754386,0.01754386,0.01754386,0.157894737,0.105263158
74,0.975,0.025,0.072727273,0.109090909,0.018181818,0.363636364,0.436363636,1,0.583333333,0,0,0.25,0.166666667
75,0.896551724,0.103448276,0,0.039215686,0.019607843,0.333333333,0.607843137,1,0.65,0,0,0.183333333,0.166666667
76,0.951219512,0.048780488,0.019230769,0.076923077,0.019230769,0.423076923,0.461538462,1,0.722222222,0,0.055555556,0.148148148,0.074074074
77,0.962962963,0.037037037,0.017241379,0.034482759,0.120689655,0.275862069,0.551724138,1,0.65,0.033333333,0,0.183333333,0.133333333
78,0.876404494,0.123595506,0.019607843,0.764705882,0,0.058823529,0.156862745,1,0.018867925,0,0.377358491,0.547169811,0.056603774
79,0.906976744,0.093023256,0,0.684210526,0.122807018,0,0.192982456,1,0,0.054545455,0.345454545,0.563636364,0.036363636
80,0.896551724,0.103448276,0,0.769230769,0.038461538,0.057692308,0.134615385,1,0.039215686,0.019607843,0.411764706,0.529411765,0
81,0.951219512,0.048780488,0.066666667,0.016666667,0.1,0.333333333,0.483333333,1,0.722222222,0,0,0.203703704,0.074074074
82,0.962962963,0.037037037,0.054545455,0.054545455,0.036363636,0.418181818,0.436363636,1,0.672727273,0.054545455,0.036363636,0.2,0.036363636
83,0.962962963,0.037037037,0.019230769,0.019230769,0.019230769,0.230769231,0.711538462,1,0.5,0.114285714,0.071428571,0.142857143,0.171428571
84,0.928571429,0.071428571,0.035087719,0.087719298,0.087719298,0.421052632,0.368421053,1,0.72,0,0,0.28,0
85,0.886363636,0.113636364,0,0.018181818,0.090909091,0.4,0.490909091,1,0.8,0,0,0.2,0
86,0.886363636,0.113636364,0,0.625,0.107142857,0,0.267857143,1,0.076923077,0.038461538,0.403846154,0.480769231,0
87,0.939759036,0.060240964,0,0.672413793,0.137931034,0.017241379,0.172413793,1,0.098039216,0,0.37254902,0.509803922,0.019607843
88,0.917647059,0.082352941,0,0.740740741,0.074074074,0.074074074,0.111111111,1,0.039215686,0.019607843,0.392156863,0.549019608,0
89,0.917647059,0.082352941,0,0.714285714,0.107142857,0.053571429,0.125,1,0.017857143,0.017857143,0.267857143,0.607142857,0.089285714
90,0.975,0.025,0.015151515,0.151515152,0.227272727,0.212121212,0.393939394,1,0.592592593,0.055555556,0,0.333333333,0.018518519
91,0.939759036,0.060240964,0,0.050847458,0.152542373,0.355932203,0.440677966,1,0.8,0,0,0.2,0
92,0.906976744,0.093023256,0,0.048387097,0.193548387,0.258064516,0.5,1,0.78,0,0,0.22,0
93,0.928571429,0.071428571,0,0.72,0,0.08,0.2,1,0.066666667,0.05,0.3,0.466666667,0.116666667
94,1,0,0,0.084745763,0.152542373,0.237288136,0.525423729,1,0.571428571,0.095238095,0.015873016,0.206349206,0.111111111
95,0.896551724,0.103448276,0,0,0.019607843,0.352941176,0.62745098,1,0.65,0.033333333,0.016666667,0.166666667,0.133333333
96,0.939759036,0.060240964,0.019607843,0.039215686,0,0.431372549,0.509803922,1,0.661016949,0.016949153,0,0.186440678,0.13559322
97,0.939759036,0.060240964,0,0.02,0,0.38,0.6,1,0.655737705,0.032786885,0.032786885,0.131147541,0.147540984
98,0.975,0.025,0.087719298,0.035087719,0.035087719,0.350877193,0.49122807,1,0.590163934,0.06557377,0,0.229508197,0.114754098
99,0.987341772,0.012658228,0.171428571,0.028571429,0.114285714,0.242857143,0.442857143,1,0.517857143,0.053571429,0.053571429,0.321428571,0.053571429
100,0.962962963,0.037037037,0.103448276,0.655172414,0.034482759,0.017241379,0.189655172,1,0,0.016949153,0.322033898,0.525423729,0.13559322
101,0.962962963,0.037037037,0.126984127,0.587301587,0.079365079,0.079365079,0.126984127,1,0.019607843,0,0.352941176,0.607843137,0.019607843
102,0.928571429,0.071428571,0.055555556,0.648148148,0.018518519,0,0.277777778,1,0,0.095238095,0.317460317,0.476190476,0.111111111
103,0.917647059,0.082352941,0.019230769,0.711538462,0.019230769,0.134615385,0.115384615,1,0,0.090909091,0.363636364,0.545454545,0
104,0.917647059,0.082352941,0,0.703703704,0.074074074,0.111111111,0.111111111,1,0.098039216,0,0.333333333,0.549019608,0.019607843
105,1,0,0.035714286,0.107142857,0.071428571,0.071428571,0.714285714,1,0.514705882,0.058823529,0.132352941,0.088235294,0.205882353
106,0.962962963,0.037037037,0.055555556,0.074074074,0.018518519,0.185185185,0.666666667,1,0.514705882,0.029411765,0.058823529,0.161764706,0.235294118
107,0.951219512,0.048780488,0.018518519,0.037037037,0.055555556,0.277777778,0.611111111,1,0.629032258,0.016129032,0.032258065,0.14516129,0.177419355
108,0.962962963,0.037037037,0.017857143,0.017857143,0.089285714,0.392857143,0.482142857,1,0.6,0.116666667,0,0.233333333,0.05
109,0.917647059,0.082352941,0.037037037,0,0.037037037,0.425925926,0.5,1,0.709090909,0.054545455,0,0.2,0.036363636
110,0.928571429,0.071428571,0.056603774,0.037735849,0,0.41509434,0.490566038,1,0.754716981,0,0.037735849,0.150943396,0.056603774
111,0.896551724,0.103448276,0,0.039215686,0.019607843,0.333333333,0.607843137,1,0.696428571,0,0.071428571,0.125,0.107142857
112,0.962962963,0.037037037,0.019230769,0.096153846,0.019230769,0.346153846,0.519230769,1,0.583333333,0.083333333,0.083333333,0.166666667,0.083333333
113,0.951219512,0.048780488,0.035714286,0.089285714,0.071428571,0.375,0.428571429,1,0.685185185,0.018518519,0.018518519,0.222222222,0.055555556
114,0.939759036,0.060240964,0,0.037735849,0.056603774,0.358490566,0.547169811,1,0.661016949,0.050847458,0.016949153,0.169491525,0.101694915
115,0.928571429,0.071428571,0,0.115384615,0.038461538,0.423076923,0.423076923,1,0.672727273,0,0,0.236363636,0.090909091
116,0.886363636,0.113636364,0,0.019230769,0.038461538,0.442307692,0.5,1,0.769230769,0,0,0.192307692,0.038461538
117,0.962962963,0.037037037,0.053571429,0.017857143,0.053571429,0.232142857,0.642857143,1,0.529411765,0.073529412,0.014705882,0.191176471,0.191176471
118,0.962962963,0.037037037,0.090909091,0.054545455,0,0.272727273,0.581818182,1,0.62295082,0,0.049180328,0.147540984,0.180327869
119,0.987341772,0.012658228,0,0.566666667,0.166666667,0.016666667,0.25,1,0.131147541,0.06557377,0.213114754,0.475409836,0.114754098
120,0.987341772,0.012658228,0.01754386,0.631578947,0.105263158,0.052631579,0.192982456,1,0.046875,0.109375,0.21875,0.515625,0.109375
121,0.962962963,0.037037037,0,0.727272727,0.090909091,0.054545455,0.127272727,1,0.035087719,0.035087719,0.315789474,0.526315789,0.087719298
122,0.987341772,0.012658228,0,0.698113208,0.056603774,0.018867925,0.226415094,1,0.049180328,0.098360656,0.360655738,0.409836066,0.081967213
123,1,0,0.035714286,0.642857143,0.071428571,0.017857143,0.232142857,1,0.145454545,0.018181818,0.4,0.363636364,0.072727273
124,0.962962963,0.037037037,0.1,0.6,0.066666667,0.066666667,0.166666667,1,0,0.064516129,0.209677419,0.596774194,0.129032258
125,0.975,0.025,0.086206897,0.603448276,0.051724138,0.017241379,0.24137931,1,0.071428571,0.014285714,0.1,0.542857143,0.271428571
126,0.975,0.025,0.137931034,0.637931034,0,0.017241379,0.206896552,1,0,0,0.25,0.53125,0.21875
127,0.975,0.025,0.074074074,0.740740741,0,0.037037037,0.148148148,1,0.015151515,0,0.196969697,0.545454545,0.242424242
128,0.975,0.025,0,0.722222222,0.074074074,0,0.203703704,1,0.061538462,0.030769231,0.215384615,0.492307692,0.2
129,1,0,0.116666667,0.6,0.05,0.033333333,0.2,1,0.06779661,0,0.288135593,0.491525424,0.152542373
130,0.928571429,0.071428571,0.017241379,0.672413793,0.120689655,0.017241379,0.172413793,1,0.039215686,0.019607843,0.411764706,0.529411765,0
131,0.951219512,0.048780488,0.103448276,0.637931034,0.034482759,0,0.224137931,1,0,0,0.385964912,0.49122807,0.122807018
132,0.975,0.025,0.15,0.55,0.016666667,0.033333333,0.25,1,0.033333333,0.033333333,0.316666667,0.483333333,0.133333333
133,0.987341772,0.012658228,0.052631579,0.649122807,0.070175439,0,0.228070175,1,0.046153846,0.046153846,0.230769231,0.492307692,0.184615385
134,0.939759036,0.060240964,0.017857143,0.678571429,0.089285714,0.035714286,0.178571429,1,0.049180328,0.049180328,0.213114754,0.557377049,0.131147541
135,0.975,0.025,0.14516129,0.548387097,0.048387097,0.14516129,0.112903226,1,0.070175439,0,0.175438596,0.631578947,0.122807018
136,0.928571429,0.071428571,0.036363636,0.709090909,0.054545455,0,0.2,1,0.016949153,0.050847458,0.305084746,0.525423729,0.101694915
137,0.906976744,0.093023256,0.035714286,0.696428571,0.071428571,0.053571429,0.142857143,1,0,0.019230769,0.384615385,0.576923077,0.019230769
138,0.896551724,0.103448276,0,0.745098039,0.019607843,0.019607843,0.215686275,1,0.018518519,0.055555556,0.444444444,0.462962963,0.018518519
139,0.896551724,0.103448276,0.018867925,0.754716981,0.037735849,0.037735849,0.150943396,1,0.019230769,0.019230769,0.403846154,0.538461538,0.019230769
140,0.951219512,0.048780488,0.017857143,0.660714286,0.089285714,0.053571429,0.178571429,1,0,0.116666667,0.3,0.533333333,0.05
141,0.928571429,0.071428571,0,0.548387097,0.193548387,0.016129032,0.241935484,1,0.066666667,0.083333333,0.183333333,0.583333333,0.083333333
142,0.939759036,0.060240964,0,0.596491228,0.122807018,0.070175439,0.210526316,1,0.122807018,0.052631579,0.245614035,0.50877193,0.070175439
143,1,0,0.019607843,0.62745098,0,0.058823529,0.294117647,1,0.106060606,0.106060606,0.287878788,0.363636364,0.136363636
144,1,0,0,0.592592593,0.074074074,0.018518519,0.314814815,1,0.115942029,0.101449275,0.202898551,0.405797101,0.173913043
145,0.975,0.025,0.046153846,0.076923077,0.184615385,0.215384615,0.476923077,1,0.692307692,0.038461538,0.076923077,0.192307692,0
146,0.951219512,0.048780488,0.048387097,0.032258065,0.14516129,0.241935484,0.532258065,1,0.764705882,0.019607843,0.098039216,0.117647059,0
147,0.951219512,0.048780488,0.119402985,0.014925373,0.134328358,0.208955224,0.52238806,1,0.692307692,0,0.076923077,0.192307692,0.038461538
148,0.962962963,0.037037037,0.031746032,0.047619048,0.174603175,0.158730159,0.587301587,1,0.596774194,0.048387097,0,0.209677419,0.14516129
149,0.928571429,0.071428571,0,0.016129032,0.193548387,0.112903226,0.677419355,1,0.573770492,0.114754098,0.098360656,0.147540984,0.06557377
150,0.917647059,0.082352941,0,0.015873016,0.206349206,0.126984127,0.650793651,1,0.655172414,0.068965517,0.051724138,0.155172414,0.068965517
151,0.951219512,0.048780488,0.031746032,0,0.174603175,0.19047619,0.603174603,1,0.627118644,0.101694915,0.050847458,0.169491525,0.050847458
152,1,0,0.118421053,0,0.223684211,0.092105263,0.565789474,1,0.678571429,0,0.017857143,0.196428571,0.107142857
153,1,0,0.138888889,0.013888889,0.166666667,0.208333333,0.472222222,1,0.679245283,0,0.018867925,0.245283019,0.056603774
154,0.987341772,0.012658228,0.112676056,0.014084507,0.183098592,0.225352113,0.464788732,1,0.76,0,0.02,0.22,0
155,0.975,0.025,0.104477612,0,0.149253731,0.179104478,0.567164179,1,0.703703704,0.018518519,0.092592593,0.12962963,0.055555556
156,1,0,0.128571429,0.014285714,0.157142857,0.185714286,0.514285714,1,0.571428571,0.089285714,0.107142857,0.214285714,0.017857143
157,0.939759036,0.060240964,0,0.654545455,0.090909091,0,0.254545455,1,0.150943396,0,0.396226415,0.396226415,0.056603774
158,0.917647059,0.082352941,0.015384615,0.046153846,0.215384615,0.092307692,0.630769231,1,0.678571429,0,0.053571429,0.160714286,0.107142857
159,0.928571429,0.071428571,0,0,0.253731343,0.164179104,0.582089552,1,0.769230769,0.038461538,0.038461538,0.153846154,0
160,0.951219512,0.048780488,0.017857143,0.089285714,0.089285714,0.267857143,0.535714286,1,0.684210526,0,0.035087719,0.157894737,0.122807018
161,0.987341772,0.012658228,0.06779661,0.016949153,0.084745763,0.338983051,0.491525424,1,0.642857143,0.107142857,0.089285714,0.160714286,0
162,0.987341772,0.012658228,0.018181818,0,0.072727273,0.327272727,0.581818182,1,0.590163934,0.163934426,0.114754098,0.114754098,0.016393443
163,0.928571429,0.071428571,0,0,0.090909091,0.345454545,0.563636364,1,0.701754386,0.087719298,0.01754386,0.157894737,0.035087719
164,0.987341772,0.012658228,0.035087719,0.035087719,0.087719298,0.421052632,0.421052632,1,0.620689655,0.120689655,0,0.24137931,0.017241379
165,0.962962963,0.037037037,0.018181818,0.072727273,0.072727273,0.436363636,0.4,1,0.703703704,0.037037037,0,0.222222222,0.037037037
166,0.928571429,0.071428571,0,0.070175439,0.122807018,0.333333333,0.473684211,1,0.672727273,0.036363636,0,0.236363636,0.054545455
167,0.928571429,0.071428571,0.033898305,0.033898305,0.118644068,0.254237288,0.559322034,1,0.649122807,0.070175439,0.035087719,0.192982456,0.052631579
168,0.928571429,0.071428571,0.06557377,0.049180328,0.114754098,0.344262295,0.426229508,1,0.641509434,0.037735849,0,0.301886792,0.018867925
169,0.987341772,0.012658228,0.030769231,0,0.2,0.261538462,0.507692308,1,0.446153846,0.230769231,0.015384615,0.307692308,0
170,1,0,0.014925373,0.059701493,0.23880597,0.104477612,0.582089552,1,0.571428571,0.095238095,0.015873016,0.206349206,0.111111111
171,0.939759036,0.060240964,0.049180328,0.06557377,0.131147541,0.131147541,0.62295082,1,0.583333333,0.033333333,0.083333333,0.166666667,0.133333333
172,0.975,0.025,0.070175439,0.052631579,0.052631579,0.298245614,0.526315789,1,0.534482759,0.120689655,0.172413793,0.155172414,0.017241379
173,0.951219512,0.048780488,0.180327869,0.032786885,0,0.229508197,0.557377049,1,0.492063492,0.015873016,0.047619048,0.253968254,0.19047619
174,0.962962963,0.037037037,0,0.211538462,0.038461538,0.153846154,0.596153846,1,0.442857143,0.042857143,0.042857143,0.228571429,0.242857143
175,0.987341772,0.012658228,0.112903226,0.032258065,0.080645161,0.193548387,0.580645161,1,0.553846154,0.015384615,0,0.215384615,0.215384615
176,1,0,0.068965517,0,0.068965517,0.172413793,0.689655172,1,0.486111111,0.111111111,0.041666667,0.166666667,0.194444444
177,1,0,0.015873016,0.555555556,0.19047619,0.015873016,0.222222222,1,0.157894737,0.035087719,0.228070175,0.49122807,0.087719298
178,0.987341772,0.012658228,0,0.660377358,0.056603774,0.113207547,0.169811321,1,0.152542373,0.033898305,0.254237288,0.440677966,0.118644068
179,0.917647059,0.082352941,0.036363636,0.690909091,0.054545455,0.090909091,0.127272727,1,0.052631579,0,0.228070175,0.596491228,0.122807018
180,0.939759036,0.060240964,0.105263158,0.631578947,0.01754386,0.070175439,0.175438596,1,0.018181818,0.018181818,0.363636364,0.527272727,0.072727273
181,0.917647059,0.082352941,0.035714286,0.625,0.071428571,0.125,0.142857143,1,0,0.105263158,0.280701754,0.596491228,0.01754386
182,0.939759036,0.060240964,0.06557377,0.590163934,0.114754098,0,0.229508197,1,0.033898305,0,0.254237288,0.559322034,0.152542373
183,0.987341772,0.012658228,0.032786885,0.639344262,0.147540984,0.016393443,0.163934426,1,0.071428571,0.017857143,0.285714286,0.535714286,0.089285714
184,0.939759036,0.060240964,0.018518519,0.685185185,0.055555556,0.12962963,0.111111111,1,0.01754386,0.052631579,0.298245614,0.561403509,0.070175439
185,0.975,0.025,0,0.634615385,0.038461538,0.076923077,0.25,1,0.152542373,0.084745763,0.322033898,0.372881356,0.06779661
186,0.987341772,0.012658228,0.019230769,0.692307692,0.019230769,0,0.269230769,1,0.029411765,0.102941176,0.279411765,0.426470588,0.161764706
187,0.987341772,0.012658228,0.056603774,0.58490566,0,0.018867925,0.339622642,1,0.09375,0.09375,0.34375,0.34375,0.125
188,0.975,0.025,0,0.764705882,0.019607843,0,0.215686275,1,0.047619048,0.063492063,0.317460317,0.428571429,0.142857143
189,0.939759036,0.060240964,0.038461538,0.692307692,0,0.057692308,0.211538462,1,0.084745763,0.016949153,0.305084746,0.457627119,0.13559322
190,0.962962963,0.037037037,0,0.76,0,0,0.24,1,0.092307692,0.015384615,0.246153846,0.430769231,0.215384615
191,0.928571429,0.071428571,0.019230769,0.769230769,0.019230769,0.038461538,0.153846154,1,0,0.035714286,0.392857143,0.5,0.071428571
192,0.917647059,0.082352941,0,0.684210526,0.122807018,0.01754386,0.175438596,1,0,0.054545455,0.345454545,0.563636364,0.036363636
193,0.917647059,0.082352941,0,0.685185185,0.074074074,0.037037037,0.203703704,1,0.078431373,0.019607843,0.450980392,0.450980392,0
194,0.939759036,0.060240964,0.018518519,0.722222222,0.055555556,0.037037037,0.166666667,1,0.037735849,0.018867925,0.433962264,0.471698113,0.037735849
195,0.939759036,0.060240964,0.01754386,0.701754386,0.105263158,0,0.175438596,1,0.055555556,0.018518519,0.351851852,0.518518519,0.055555556
196,0.939759036,0.060240964,0.090909091,0.054545455,0,0.309090909,0.545454545,1,0.610169492,0.033898305,0.050847458,0.186440678,0.118644068
197,0.906976744,0.093023256,0.038461538,0,0,0.423076923,0.538461538,1,0.685185185,0.074074074,0.092592593,0.148148148,0
198,0.951219512,0.048780488,0.016129032,0.548387097,0.177419355,0.064516129,0.193548387,1,0.087719298,0.052631579,0.210526316,0.578947368,0.070175439
199,0.939759036,0.060240964,0.017241379,0.672413793,0.120689655,0.017241379,0.172413793,1,0.056603774,0.018867925,0.358490566,0.528301887,0.037735849
200,0.962962963,0.037037037,0,0.644067797,0.152542373,0.033898305,0.169491525,1,0.055555556,0.074074074,0.351851852,0.518518519,0
201,0.906976744,0.093023256,0.071428571,0.642857143,0.035714286,0.017857143,0.232142857,1,0.039215686,0,0.470588235,0.470588235,0.019607843
202,0.928571429,0.071428571,0.037735849,0.735849057,0.018867925,0.018867925,0.188679245,1,0.038461538,0.019230769,0.480769231,0.442307692,0.019230769
203,0.876404494,0.123595506,0.018867925,0.754716981,0.037735849,0.056603774,0.132075472,1,0,0,0.392156863,0.588235294,0.019607843
204,0.876404494,0.123595506,0,0.75,0.038461538,0.076923077,0.134615385,1,0.04,0,0.4,0.56,0
205,0.866666667,0.133333333,0,0.784313725,0.019607843,0,0.196078431,1,0.02,0,0.48,0.5,0
206,0.876404494,0.123595506,0,0.769230769,0.038461538,0,0.192307692,1,0,0,0.470588235,0.509803922,0.019607843
207,0.876404494,0.123595506,0,0.769230769,0.038461538,0,0.192307692,1,0,0,0.5,0.5,0
208,0.896551724,0.103448276,0,0.8,0,0.04,0.16,1,0,0.036363636,0.4,0.509090909,0.054545455
209,0.886363636,0.113636364,0.105263158,0.649122807,0.01754386,0.035087719,0.192982456,1,0,0,0.384615385,0.576923077,0.038461538
210,0.886363636,0.113636364,0.054545455,0.690909091,0.036363636,0.018181818,0.2,1,0.019607843,0,0.431372549,0.529411765,0.019607843
211,0.917647059,0.082352941,0,0.711538462,0.038461538,0.019230769,0.230769231,1,0.113207547,0.037735849,0.41509434,0.41509434,0.018867925
212,0.951219512,0.048780488,0,0.716981132,0.056603774,0.018867925,0.20754717,1,0.017241379,0.103448276,0.396551724,0.448275862,0.034482759
213,0.928571429,0.071428571,0,0.764705882,0.019607843,0,0.215686275,1,0.035087719,0.035087719,0.403508772,0.438596491,0.087719298
214,0.951219512,0.048780488,0.054545455,0.636363636,0.036363636,0.018181818,0.254545455,1,0.095238095,0,0.222222222,0.476190476,0.206349206
215,0.928571429,0.071428571,0.06557377,0,0.114754098,0.262295082,0.557377049,1,0.735849057,0,0.056603774,0.150943396,0.056603774
216,0.917647059,0.082352941,0.019607843,0.058823529,0,0.431372549,0.490196078,1,0.709090909,0,0.018181818,0.181818182,0.090909091
217,0.866666667,0.133333333,0.038461538,0,0,0.461538462,0.5,1,0.764705882,0,0,0.215686275,0.019607843
218,0.906976744,0.093023256,0.019230769,0,0.019230769,0.480769231,0.480769231,1,0.754716981,0.037735849,0,0.188679245,0.018867925
219,0.928571429,0.071428571,0.01754386,0.01754386,0.105263158,0.385964912,0.473684211,1,0.784313725,0.019607843,0.019607843,0.176470588,0
220,0.886363636,0.113636364,0,0.017857143,0.107142857,0.357142857,0.517857143,1,0.78,0,0.04,0.18,0
221,0.896551724,0.103448276,0.120689655,0,0.017241379,0.396551724,0.465517241,1,0.7,0,0.06,0.24,0
222,0.939759036,0.060240964,0.019607843,0.039215686,0,0.450980392,0.490196078,1,0.672413793,0.051724138,0,0.189655172,0.086206897
223,0.975,0.025,0.018867925,0.037735849,0.037735849,0.301886792,0.603773585,1,0.64516129,0.032258065,0.048387097,0.112903226,0.161290323
224,0.975,0.025,0.018518519,0.148148148,0.055555556,0.277777778,0.5,1,0.548387097,0.048387097,0.048387097,0.209677419,0.14516129
225,0.928571429,0.071428571,0.071428571,0.660714286,0.035714286,0.035714286,0.196428571,1,0.017241379,0.034482759,0.310344828,0.534482759,0.103448276
226,0.939759036,0.060240964,0.054545455,0.727272727,0.036363636,0.036363636,0.145454545,1,0,0,0.381818182,0.527272727,0.090909091
227,0.939759036,0.060240964,0.053571429,0.714285714,0.053571429,0.017857143,0.160714286,1,0,0,0.381818182,0.527272727,0.090909091
228,0.896551724,0.103448276,0.054545455,0.672727273,0.036363636,0.036363636,0.2,1,0.017857143,0,0.321428571,0.553571429,0.107142857
229,0.928571429,0.071428571,0.019230769,0.730769231,0.019230769,0.076923077,0.153846154,1,0,0.052631579,0.368421053,0.50877193,0.070175439
230,0.962962963,0.037037037,0.019230769,0.75,0.019230769,0.076923077,0.134615385,1,0.053571429,0.017857143,0.375,0.464285714,0.089285714
231,0.962962963,0.037037037,0,0.764705882,0.019607843,0.078431373,0.137254902,1,0.032786885,0.06557377,0.295081967,0.491803279,0.114754098
232,0.939759036,0.060240964,0.018518519,0.703703704,0.055555556,0,0.222222222,1,0.035087719,0.035087719,0.385964912,0.456140351,0.087719298
233,0.917647059,0.082352941,0.018181818,0.709090909,0.072727273,0,0.2,1,0.017241379,0.017241379,0.310344828,0.534482759,0.120689655
234,0.928571429,0.071428571,0,0.684210526,0.122807018,0,0.192982456,1,0.052631579,0.01754386,0.280701754,0.543859649,0.105263158
235,0.906976744,0.093023256,0.05,0.016666667,0.116666667,0.266666667,0.55,1,0.725490196,0.019607843,0.098039216,0.156862745,0
236,0.962962963,0.037037037,0.033333333,0.016666667,0.133333333,0.2,0.616666667,1,0.644067797,0.084745763,0.084745763,0.118644068,0.06779661
237,0.917647059,0.082352941,0.03030303,0.03030303,0.212121212,0.090909091,0.636363636,1,0.655172414,0.017241379,0.017241379,0.189655172,0.120689655
238,0.962962963,0.037037037,0.052631579,0.052631579,0.070175439,0.228070175,0.596491228,1,0.578125,0.03125,0.015625,0.1875,0.1875
239,1,0,0,0.052631579,0.122807018,0.263157895,0.561403509,1,0.612903226,0.096774194,0.048387097,0.14516129,0.096774194
240,0.975,0.025,0,0,0.090909091,0.436363636,0.472727273,1,0.644067797,0.13559322,0,0.203389831,0.016949153
241,0.939759036,0.060240964,0.016393443,0.016393443,0.163934426,0.31147541,0.491803279,1,0.784313725,0.019607843,0.019607843,0.176470588,0
242,0.975,0.025,0.017857143,0.053571429,0.089285714,0.357142857,0.482142857,1,0.696428571,0.053571429,0.035714286,0.160714286,0.053571429
243,0.951219512,0.048780488,0.017857143,0.071428571,0.089285714,0.321428571,0.5,1,0.637931034,0.068965517,0.017241379,0.206896552,0.068965517
244,0.917647059,0.082352941,0,0.076923077,0.038461538,0.403846154,0.480769231,1,0.735849057,0,0.037735849,0.169811321,0.056603774
245,0.962962963,0.037037037,0,0.094339623,0.056603774,0.433962264,0.41509434,1,0.593220339,0.084745763,0,0.254237288,0.06779661
246,0.928571429,0.071428571,0,0.722222222,0.074074074,0.018518519,0.185185185,1,0.037735849,0.056603774,0.433962264,0.471698113,0
247,0.928571429,0.071428571,0,0.666666667,0.122807018,0,0.210526316,1,0.056603774,0.056603774,0.396226415,0.490566038,0
248,0.962962963,0.037037037,0,0.633333333,0.166666667,0.05,0.15,1,0.115384615,0,0.307692308,0.538461538,0.038461538
249,0.951219512,0.048780488,0.050847458,0.677966102,0.101694915,0.016949153,0.152542373,1,0.018867925,0,0.377358491,0.547169811,0.056603774
250,0.951219512,0.048780488,0.050847458,0.661016949,0.101694915,0.050847458,0.13559322,1,0.038461538,0,0.365384615,0.557692308,0.038461538
251,0.906976744,0.093023256,0,0.696428571,0.107142857,0.017857143,0.178571429,1,0.039215686,0.019607843,0.411764706,0.529411765,0
252,0.896551724,0.103448276,0.055555556,0.722222222,0.018518519,0.037037037,0.166666667,1,0,0,0.345454545,0.563636364,0.090909091
253,0.939759036,0.060240964,0.034482759,0.672413793,0.103448276,0,0.189655172,1,0.033898305,0.016949153,0.254237288,0.559322034,0.13559322
254,0.951219512,0.048780488,0.017241379,0.637931034,0.120689655,0.051724138,0.172413793,1,0.087719298,0,0.245614035,0.543859649,0.122807018
255,0.951219512,0.048780488,0,0.714285714,0.107142857,0.071428571,0.107142857,1,0.016949153,0.050847458,0.237288136,0.593220339,0.101694915
256,0.928571429,0.071428571,0.051724138,0.586206897,0.086206897,0.120689655,0.155172414,1,0,0.105263158,0.280701754,0.596491228,0.01754386
257,0.939759036,0.060240964,0.086206897,0.637931034,0.051724138,0.017241379,0.206896552,1,0.034482759,0,0.293103448,0.534482759,0.137931034
258,0.939759036,0.060240964,0.018518519,0.703703704,0.055555556,0,0.222222222,1,0.06779661,0,0.305084746,0.474576271,0.152542373
259,0.987341772,0.012658228,0.018181818,0.709090909,0.072727273,0.054545455,0.145454545,1,0.070175439,0.035087719,0.333333333,0.473684211,0.087719298
260,0.939759036,0.060240964,0.032258065,0.564516129,0.161290323,0.032258065,0.209677419,1,0.111111111,0.018518519,0.259259259,0.555555556,0.055555556
261,0.951219512,0.048780488,0.076923077,0.569230769,0.153846154,0.046153846,0.153846154,1,0.037735849,0,0.264150943,0.641509434,0.056603774
262,0.939759036,0.060240964,0.014925373,0.582089552,0.23880597,0,0.164179104,1,0.038461538,0.038461538,0.25,0.673076923,0
263,0.928571429,0.071428571,0.051724138,0.655172414,0.086206897,0,0.206896552,1,0.039215686,0.019607843,0.450980392,0.490196078,0
264,0.896551724,0.103448276,0.018518519,0.740740741,0.055555556,0.018518519,0.166666667,1,0,0.019230769,0.423076923,0.538461538,0.019230769
265,0.917647059,0.082352941,0.086206897,0.620689655,0.051724138,0.103448276,0.137931034,1,0,0.018181818,0.290909091,0.618181818,0.072727273
266,0.962962963,0.037037037,0,0.578125,0.21875,0.03125,0.171875,1,0.03125,0.09375,0.09375,0.65625,0.125
267,0.928571429,0.071428571,0,0.596491228,0.122807018,0.175438596,0.105263158,1,0.047619048,0.126984127,0.079365079,0.666666667,0.079365079
268,0.917647059,0.082352941,0.053571429,0.642857143,0.053571429,0.107142857,0.142857143,1,0.033333333,0.016666667,0.183333333,0.616666667,0.15
269,0.928571429,0.071428571,0.071428571,0.660714286,0.035714286,0.017857143,0.214285714,1,0.053571429,0.017857143,0.339285714,0.5,0.089285714
270,0.917647059,0.082352941,0.051724138,0.672413793,0.086206897,0,0.189655172,1,0.019607843,0,0.431372549,0.529411765,0.019607843
271,0.928571429,0.071428571,0.017857143,0.714285714,0.089285714,0.017857143,0.160714286,1,0.037037037,0,0.351851852,0.537037037,0.074074074
272,0.928571429,0.071428571,0.055555556,0.555555556,0.018518519,0.222222222,0.148148148,1,0.2,0,0.181818182,0.527272727,0.090909091
273,0.939759036,0.060240964,0.050847458,0.355932203,0.101694915,0.152542373,0.338983051,1,0.321428571,0.035714286,0.178571429,0.392857143,0.071428571
274,0.951219512,0.048780488,0.050847458,0.389830508,0.101694915,0.084745763,0.372881356,1,0.346153846,0.019230769,0.326923077,0.288461538,0.019230769
275,0.896551724,0.103448276,0.054545455,0.090909091,0.036363636,0.145454545,0.672727273,1,0.523076923,0,0.030769231,0.215384615,0.230769231
276,0.975,0.025,0.078125,0.015625,0.140625,0.09375,0.671875,1,0.575757576,0.015151515,0.015151515,0.166666667,0.227272727
277,0.975,0.025,0,0.087719298,0.122807018,0.245614035,0.543859649,1,0.701754386,0.01754386,0.052631579,0.122807018,0.105263158
278,0.928571429,0.071428571,0.071428571,0,0.035714286,0.285714286,0.607142857,1,0.596774194,0.032258065,0.016129032,0.193548387,0.161290323
279,0.951219512,0.048780488,0.018518519,0.111111111,0.055555556,0.314814815,0.5,1,0.627118644,0,0.016949153,0.203389831,0.152542373
280,0.962962963,0.037037037,0,0.1,0,0.3,0.6,1,0.629032258,0.016129032,0.064516129,0.112903226,0.177419355
281,0.962962963,0.037037037,0.018867925,0.056603774,0.037735849,0.264150943,0.622641509,1,0.634920635,0,0.031746032,0.126984127,0.206349206
282,0.951219512,0.048780488,0.126984127,0.571428571,0.079365079,0.063492063,0.158730159,1,0,0.019230769,0.365384615,0.596153846,0.019230769
283,0.975,0.025,0.071428571,0.660714286,0.035714286,0.035714286,0.196428571,1,0,0.095238095,0.285714286,0.507936508,0.111111111
284,0.951219512,0.048780488,0.031746032,0.079365079,0.174603175,0.222222222,0.492063492,1,0.672727273,0,0,0.236363636,0.090909091
285,0.975,0.025,0.063492063,0.095238095,0.142857143,0.317460317,0.380952381,1,0.705882353,0,0,0.274509804,0.019607843
286,0.962962963,0.037037037,0.06557377,0.016393443,0.114754098,0.37704918,0.426229508,1,0.730769231,0.038461538,0,0.230769231,0
287,0.939759036,0.060240964,0,0.090909091,0.090909091,0.345454545,0.472727273,1,0.672727273,0,0.036363636,0.2,0.090909091
288,0.975,0.025,0,0.163636364,0.090909091,0.381818182,0.363636364,1,0.666666667,0,0.018518519,0.240740741,0.074074074
289,0.917647059,0.082352941,0,0.096153846,0.038461538,0.346153846,0.519230769,1,0.690909091,0,0.054545455,0.163636364,0.090909091
290,0.896551724,0.103448276,0,0.058823529,0.019607843,0.352941176,0.568627451,1,0.722222222,0,0.074074074,0.12962963,0.074074074
291,0.906976744,0.093023256,0.019230769,0.038461538,0.019230769,0.346153846,0.576923077,1,0.672727273,0.036363636,0.109090909,0.127272727,0.054545455
292,0.917647059,0.082352941,0.018518519,0.037037037,0.055555556,0.333333333,0.555555556,1,0.666666667,0.035087719,0.035087719,0.175438596,0.087719298
293,1,0,0,0.581818182,0.090909091,0.090909091,0.236363636,1,0.096774194,0.14516129,0.290322581,0.419354839,0.048387097
294,0.951219512,0.048780488,0.036363636,0.109090909,0.054545455,0.327272727,0.472727273,1,0.540983607,0.049180328,0.016393443,0.262295082,0.131147541
295,0.939759036,0.060240964,0.051724138,0.034482759,0.086206897,0.362068966,0.465517241,1,0.730769231,0.038461538,0.038461538,0.192307692,0
296,0.917647059,0.082352941,0.083333333,0.066666667,0.083333333,0.383333333,0.383333333,1,0.555555556,0.074074074,0,0.37037037,0
297,0.939759036,0.060240964,0.017241379,0.034482759,0.120689655,0.189655172,0.637931034,1,0.573770492,0.098360656,0.098360656,0.147540984,0.081967213
298,0.917647059,0.082352941,0,0.071428571,0.107142857,0.321428571,0.5,1,0.722222222,0,0,0.203703704,0.074074074
299,0.896551724,0.103448276,0.019230769,0.057692308,0.019230769,0.461538462,0.442307692,1,0.76,0,0.04,0.2,0
300,0.896551724,0.103448276,0,0,0.074074074,0.425925926,0.5,1,0.75,0.038461538,0.019230769,0.192307692,0
301,0.951219512,0.048780488,0.037037037,0.740740741,0.037037037,0.018518519,0.166666667,1,0,0.033898305,0.338983051,0.508474576,0.118644068
302,0.928571429,0.071428571,0.035714286,0.035714286,0.071428571,0.392857143,0.464285714,1,0.75,0.019230769,0.019230769,0.192307692,0.019230769
303,0.951219512,0.048780488,0.018181818,0,0.072727273,0.363636364,0.545454545,1,0.644067797,0.101694915,0.033898305,0.169491525,0.050847458
304,0.975,0.025,0,0.064516129,0.193548387,0.258064516,0.483870968,1,0.722222222,0.055555556,0.018518519,0.185185185,0.018518519
305,0.939759036,0.060240964,0.077922078,0.012987013,0.272727273,0.038961039,0.597402597,1,0.725490196,0.019607843,0.078431373,0.176470588,0
306,0.975,0.025,0,0.666666667,0.122807018,0.01754386,0.192982456,1,0.015151515,0.106060606,0.196969697,0.545454545,0.136363636
307,0.951219512,0.048780488,0.01754386,0.140350877,0.105263158,0.350877193,0.385964912,1,0.705882353,0,0.039215686,0.235294118,0.019607843
308,0.886363636,0.113636364,0.019607843,0,0,0.37254902,0.607843137,1,0.633333333,0.016666667,0,0.2,0.15
309,0.876404494,0.123595506,0.019230769,0,0.019230769,0.365384615,0.596153846,1,0.722222222,0,0.055555556,0.148148148,0.074074074
310,0.939759036,0.060240964,0,0.067567568,0.324324324,0.013513514,0.594594595,1,0.698113208,0.018867925,0.056603774,0.188679245,0.037735849
311,1,0,0.12,0,0.213333333,0.093333333,0.573333333,1,0.631578947,0.035087719,0.052631579,0.192982456,0.087719298
312,0.975,0.025,0.057142857,0.057142857,0.228571429,0.042857143,0.614285714,1,0.627118644,0,0.050847458,0.169491525,0.152542373
313,0.917647059,0.082352941,0.043478261,0,0.231884058,0.173913043,0.550724638,1,0.78,0,0.02,0.2,0
314,0.886363636,0.113636364,0,0,0.038461538,0.461538462,0.5,1,0.735849057,0.056603774,0,0.20754717,0
315,0.896551724,0.103448276,0,0.117647059,0.019607843,0.470588235,0.392156863,1,0.725490196,0.019607843,0,0.254901961,0
316,0.962962963,0.037037037,0.035087719,0.070175439,0.087719298,0.298245614,0.50877193,1,0.627118644,0.033898305,0.016949153,0.203389831,0.118644068
317,0.962962963,0.037037037,0,0.150943396,0.056603774,0.245283019,0.547169811,1,0.610169492,0.016949153,0.101694915,0.13559322,0.13559322
318,0.896551724,0.103448276,0.037735849,0.018867925,0.018867925,0.41509434,0.509433962,1,0.769230769,0,0.019230769,0.173076923,0.038461538
319,0.939759036,0.060240964,0.068965517,0.120689655,0.068965517,0.396551724,0.344827586,1,0.634615385,0,0,0.326923077,0.038461538
320,0.896551724,0.103448276,0.01754386,0.01754386,0.105263158,0.280701754,0.578947368,1,0.735849057,0,0.056603774,0.150943396,0.056603774
321,0.886363636,0.113636364,0.034482759,0.017241379,0.103448276,0.189655172,0.655172414,1,0.606557377,0,0,0.213114754,0.180327869
322,0.939759036,0.060240964,0.037735849,0.056603774,0.018867925,0.283018868,0.603773585,1,0.603174603,0,0.015873016,0.174603175,0.206349206
323,0.975,0.025,0.090909091,0.054545455,0,0.381818182,0.472727273,1,0.583333333,0.05,0.033333333,0.216666667,0.116666667
324,0.896551724,0.103448276,0.019607843,0.019607843,0,0.470588235,0.490196078,1,0.754716981,0,0,0.188679245,0.056603774
325,0.906976744,0.093023256,0,0.02,0,0.44,0.54,1,0.740740741,0.037037037,0.055555556,0.12962963,0.037037037
326,0.928571429,0.071428571,0.056603774,0,0,0.377358491,0.566037736,1,0.644067797,0.033898305,0.033898305,0.169491525,0.118644068
327,0.975,0.025,0,0.064516129,0.193548387,0.112903226,0.629032258,1,0.603174603,0.047619048,0.031746032,0.158730159,0.158730159
328,0.962962963,0.037037037,0,0.081967213,0.180327869,0.098360656,0.639344262,1,0.596774194,0.048387097,0.064516129,0.14516129,0.14516129
329,0.928571429,0.071428571,0,0.142857143,0.107142857,0.214285714,0.535714286,1,0.648148148,0,0.12962963,0.148148148,0.074074074
330,0.987341772,0.012658228,0.115942029,0.173913043,0.15942029,0.014492754,0.536231884,1,0.472727273,0.018181818,0.254545455,0.181818182,0.072727273
331,0.939759036,0.060240964,0,0,0.056603774,0.433962264,0.509433962,1,0.696428571,0.089285714,0.035714286,0.160714286,0.017857143
332,0.876404494,0.123595506,0.055555556,0,0.018518519,0.388888889,0.537037037,1,0.730769231,0,0.038461538,0.192307692,0.038461538
333,0.939759036,0.060240964,0.112903226,0,0.080645161,0.274193548,0.532258065,1,0.711538462,0,0.096153846,0.153846154,0.038461538
334,0.928571429,0.071428571,0.089285714,0.017857143,0.017857143,0.339285714,0.535714286,1,0.593220339,0.050847458,0.033898305,0.220338983,0.101694915
335,0.917647059,0.082352941,0,0,0.019607843,0.37254902,0.607843137,1,0.689655172,0.017241379,0.051724138,0.120689655,0.120689655
336,0.928571429,0.071428571,0,0.1,0,0.42,0.48,1,0.696428571,0,0.017857143,0.178571429,0.107142857
337,0.896551724,0.103448276,0,0.06,0,0.4,0.54,1,0.672727273,0.036363636,0.072727273,0.163636364,0.054545455
338,0.906976744,0.093023256,0.036363636,0,0.054545455,0.327272727,0.581818182,1,0.6,0.066666667,0.016666667,0.216666667,0.1
339,0.951219512,0.048780488,0,0.019230769,0.038461538,0.307692308,0.634615385,1,0.590909091,0.060606061,0,0.166666667,0.181818182
340,0.939759036,0.060240964,0,0.051724138,0.137931034,0.327586207,0.482758621,1,0.690909091,0.054545455,0,0.218181818,0.036363636
341,0.928571429,0.071428571,0.035714286,0.035714286,0.071428571,0.375,0.482142857,1,0.735849057,0.018867925,0.018867925,0.188679245,0.037735849
342,0.928571429,0.071428571,0.051724138,0.034482759,0.086206897,0.362068966,0.465517241,1,0.8,0,0.02,0.18,0
343,0.906976744,0.093023256,0.070175439,0,0.052631579,0.298245614,0.578947368,1,0.678571429,0.017857143,0.035714286,0.178571429,0.089285714
344,0.962962963,0.037037037,0.01754386,0,0.105263158,0.263157895,0.614035088,1,0.666666667,0.1,0.05,0.116666667,0.066666667
345,0.928571429,0.071428571,0.017857143,0.053571429,0.089285714,0.267857143,0.571428571,1,0.709090909,0.036363636,0.072727273,0.127272727,0.054545455
346,0.951219512,0.048780488,0.0625,0,0.15625,0.234375,0.546875,1,0.696428571,0.035714286,0,0.196428571,0.071428571
347,0.906976744,0.093023256,0.030769231,0.015384615,0.2,0.153846154,0.6,1,0.730769231,0.019230769,0.076923077,0.153846154,0.019230769
348,0.917647059,0.082352941,0,0.115384615,0.038461538,0.423076923,0.423076923,1,0.711538462,0.019230769,0.038461538,0.211538462,0.019230769
349,0.886363636,0.113636364,0,0.14,0,0.44,0.42,1,0.68627451,0,0.058823529,0.235294118,0.019607843
350,0.917647059,0.082352941,0.035714286,0.017857143,0.071428571,0.410714286,0.464285714,1,0.716981132,0.037735849,0,0.226415094,0.018867925
351,0.928571429,0.071428571,0.055555556,0.037037037,0.018518519,0.425925926,0.462962963,1,0.660714286,0.035714286,0,0.232142857,0.071428571
352,0.917647059,0.082352941,0,0,0.090909091,0.181818182,0.727272727,1,0.575757576,0.060606061,0.03030303,0.151515152,0.181818182
353,0.962962963,0.037037037,0.038461538,0,0,0.096153846,0.865384615,1,0.547945205,0.054794521,0.068493151,0.068493151,0.260273973
354,0.917647059,0.082352941,0.037735849,0.018867925,0.018867925,0.245283019,0.679245283,1,0.64516129,0,0.032258065,0.129032258,0.193548387
355,0.962962963,0.037037037,0,0.103448276,0.137931034,0.103448276,0.655172414,1,0.606557377,0.032786885,0.114754098,0.098360656,0.147540984
356,0.928571429,0.071428571,0.034482759,0.068965517,0.103448276,0.137931034,0.655172414,1,0.629032258,0,0.016129032,0.161290323,0.193548387
357,0.917647059,0.082352941,0.019230769,0,0.019230769,0.346153846,0.615384615,1,0.666666667,0.016666667,0.016666667,0.15,0.15
358,0.951219512,0.048780488,0,0.01754386,0.122807018,0.368421053,0.49122807,1,0.722222222,0.074074074,0.037037037,0.166666667,0
359,0.928571429,0.071428571,0,0.269230769,0.038461538,0.384615385,0.307692308,1,0.545454545,0.018181818,0.018181818,0.345454545,0.072727273
360,0.939759036,0.060240964,0.018518519,0.203703704,0.055555556,0.407407407,0.314814815,1,0.563636364,0.036363636,0,0.345454545,0.054545455
361,0.939759036,0.060240964,0.016666667,0.033333333,0.15,0.216666667,0.583333333,1,0.714285714,0,0.035714286,0.142857143,0.107142857
362,0.906976744,0.093023256,0.018518519,0.018518519,0.055555556,0.37037037,0.537037037,1,0.709090909,0.018181818,0.018181818,0.181818182,0.072727273
363,0.906976744,0.093023256,0.018867925,0.075471698,0.037735849,0.358490566,0.509433962,1,0.716981132,0.018867925,0.056603774,0.169811321,0.037735849
364,0.939759036,0.060240964,0,0.122807018,0.122807018,0.210526316,0.543859649,1,0.636363636,0.036363636,0.127272727,0.145454545,0.054545455
365,0.975,0.025,0.035087719,0.087719298,0.087719298,0.280701754,0.50877193,1,0.666666667,0,0.052631579,0.157894737,0.122807018
366,0.939759036,0.060240964,0,0.109090909,0.090909091,0.418181818,0.381818182,1,0.745098039,0,0,0.235294118,0.019607843
367,0.896551724,0.103448276,0,0.036363636,0.090909091,0.381818182,0.490909091,1,0.8,0,0.02,0.18,0
368,0.896551724,0.103448276,0,0,0.122807018,0.333333333,0.543859649,1,0.769230769,0.019230769,0.019230769,0.173076923,0.019230769
369,0.917647059,0.082352941,0.016129032,0.032258065,0.177419355,0.290322581,0.483870968,1,0.745098039,0,0,0.235294118,0.019607843
370,0.951219512,0.048780488,0,0.06,0,0.44,0.5,1,0.596774194,0.080645161,0,0.209677419,0.112903226
371,0.928571429,0.071428571,0,0.055555556,0.074074074,0.314814815,0.555555556,1,0.672413793,0.017241379,0.017241379,0.172413793,0.120689655
372,0.928571429,0.071428571,0,0.055555556,0.074074074,0.407407407,0.462962963,1,0.642857143,0.071428571,0.017857143,0.232142857,0.035714286
373,0.951219512,0.048780488,0.118644068,0.050847458,0.033898305,0.389830508,0.406779661,1,0.618181818,0.018181818,0,0.290909091,0.072727273
374,0.939759036,0.060240964,0,0.034482759,0.137931034,0.24137931,0.586206897,1,0.610169492,0.084745763,0.06779661,0.169491525,0.06779661
375,0.928571429,0.071428571,0.032786885,0.032786885,0.147540984,0.229508197,0.557377049,1,0.685185185,0.037037037,0.074074074,0.166666667,0.037037037
376,0.917647059,0.082352941,0.038461538,0.692307692,0,0.076923077,0.192307692,1,0,0.0625,0.234375,0.546875,0.15625
377,0.917647059,0.082352941,0.019607843,0.784313725,0,0.058823529,0.137254902,1,0,0.016949153,0.305084746,0.542372881,0.13559322
378,0.928571429,0.071428571,0.090909091,0.672727273,0,0,0.236363636,1,0.037735849,0,0.471698113,0.433962264,0.056603774
379,0.939759036,0.060240964,0.107142857,0.696428571,0,0.017857143,0.178571429,1,0,0,0.375,0.517857143,0.107142857
380,0.917647059,0.082352941,0.074074074,0.722222222,0,0.037037037,0.166666667,1,0,0.016949153,0.288135593,0.559322034,0.13559322
381,0.939759036,0.060240964,0.019607843,0.745098039,0,0.019607843,0.215686275,1,0.034482759,0.051724138,0.396551724,0.431034483,0.086206897
382,0.939759036,0.060240964,0,0.74,0,0,0.26,1,0.079365079,0.031746032,0.285714286,0.428571429,0.174603175
383,0.975,0.025,0.147540984,0.573770492,0.032786885,0.032786885,0.213114754,1,0.034482759,0,0.310344828,0.517241379,0.137931034
384,0.906976744,0.093023256,0,0.769230769,0.038461538,0.019230769,0.173076923,1,0.018518519,0,0.407407407,0.5,0.074074074
385,0.886363636,0.113636364,0,0.769230769,0.038461538,0,0.192307692,1,0.019607843,0,0.470588235,0.490196078,0.019607843
386,0.886363636,0.113636364,0.018867925,0.754716981,0.037735849,0,0.188679245,1,0,0,0.5,0.5,0
387,0.917647059,0.082352941,0.018181818,0.690909091,0.072727273,0.054545455,0.163636364,1,0,0.054545455,0.363636364,0.545454545,0.036363636
388,0.975,0.025,0,0.3,0,0.36,0.34,1,0.412698413,0.095238095,0.063492063,0.317460317,0.111111111
389,0.962962963,0.037037037,0.037735849,0.018867925,0.018867925,0.396226415,0.528301887,1,0.571428571,0.111111111,0.015873016,0.206349206,0.095238095
390,0.906976744,0.093023256,0.122807018,0,0,0.385964912,0.49122807,1,0.648148148,0.018518519,0.037037037,0.240740741,0.055555556
391,0.917647059,0.082352941,0,0.038461538,0.038461538,0.346153846,0.576923077,1,0.696428571,0.053571429,0.071428571,0.125,0.053571429
392,0.987341772,0.012658228,0.112903226,0.080645161,0.080645161,0.387096774,0.338709677,1,0.666666667,0,0.019607843,0.294117647,0.019607843
393,0.939759036,0.060240964,0.036363636,0.018181818,0.054545455,0.290909091,0.6,1,0.603174603,0.047619048,0,0.19047619,0.158730159
394,0.939759036,0.060240964,0.037037037,0.055555556,0.037037037,0.296296296,0.574074074,1,0.610169492,0.050847458,0.084745763,0.152542373,0.101694915
395,0.975,0.025,0.087719298,0.105263158,0.035087719,0.263157895,0.50877193,1,0.555555556,0,0,0.238095238,0.206349206
396,0.987341772,0.012658228,0.083333333,0.133333333,0.083333333,0.25,0.45,1,0.525423729,0.033898305,0.06779661,0.254237288,0.118644068
397,1,0,0.106060606,0.136363636,0.136363636,0.166666667,0.454545455,1,0.465517241,0.068965517,0.120689655,0.275862069,0.068965517
398,0.987341772,0.012658228,0.05,0.033333333,0.116666667,0.216666667,0.583333333,1,0.629032258,0.048387097,0.016129032,0.161290323,0.14516129
399,0.951219512,0.048780488,0.066666667,0.616666667,0.1,0.016666667,0.2,1,0.074074074,0.018518519,0.333333333,0.518518519,0.055555556
400,0.951219512,0.048780488,0.050847458,0.677966102,0.101694915,0.033898305,0.13559322,1,0,0.037735849,0.377358491,0.566037736,0.018867925
401,0.975,0.025,0.046153846,0.584615385,0.184615385,0.046153846,0.138461538,1,0,0.074074074,0.296296296,0.62962963,0
402,0.939759036,0.060240964,0.126984127,0.492063492,0.079365079,0.063492063,0.238095238,1,0.094339623,0.018867925,0.320754717,0.528301887,0.037735849
403,0.987341772,0.012658228,0.076923077,0.584615385,0.153846154,0.076923077,0.107692308,1,0.056603774,0.018867925,0.245283019,0.641509434,0.037735849
404,0.917647059,0.082352941,0.072727273,0.672727273,0.018181818,0.036363636,0.2,1,0,0,0.327586207,0.534482759,0.137931034
405,0.928571429,0.071428571,0.087719298,0.631578947,0.035087719,0.035087719,0.210526316,1,0.016666667,0.05,0.266666667,0.55,0.116666667
406,0.928571429,0.071428571,0,0.745098039,0.019607843,0.039215686,0.196078431,1,0.01754386,0.070175439,0.403508772,0.456140351,0.052631579
407,1,0,0.120689655,0.034482759,0.017241379,0.396551724,0.431034483,1,0.678571429,0,0.017857143,0.196428571,0.107142857
408,1,0,0.112903226,0,0.080645161,0.306451613,0.5,1,0.655172414,0.034482759,0.017241379,0.189655172,0.103448276
409,0.917647059,0.082352941,0,0.078431373,0.019607843,0.352941176,0.549019608,1,0.672413793,0.017241379,0.017241379,0.172413793,0.120689655
410,0.975,0.025,0.049180328,0.655737705,0.131147541,0,0.163934426,1,0.037735849,0.018867925,0.377358491,0.528301887,0.037735849
411,0.962962963,0.037037037,0.03125,0.59375,0.1875,0.03125,0.15625,1,0.055555556,0.018518519,0.259259259,0.611111111,0.055555556
412,0.962962963,0.037037037,0.076923077,0.553846154,0.153846154,0.046153846,0.169230769,1,0.051724138,0,0.172413793,0.637931034,0.137931034
413,0.906976744,0.093023256,0.03125,0.609375,0.1875,0.0625,0.109375,1,0,0,0.211538462,0.75,0.038461538
414,0.886363636,0.113636364,0.055555556,0.722222222,0.018518519,0.092592593,0.111111111,1,0,0,0.37254902,0.607843137,0.019607843
415,0.928571429,0.071428571,0.037735849,0.754716981,0.018867925,0,0.188679245,1,0.016949153,0.033898305,0.322033898,0.508474576,0.118644068
416,0.951219512,0.048780488,0.019607843,0.745098039,0,0,0.235294118,1,0.031746032,0.063492063,0.317460317,0.444444444,0.142857143
417,0.987341772,0.012658228,0.129032258,0.048387097,0.064516129,0.370967742,0.387096774,1,0.673076923,0.019230769,0.038461538,0.25,0.019230769
418,0.987341772,0.012658228,0.058823529,0.044117647,0.205882353,0.176470588,0.514705882,1,0.722222222,0.018518519,0.018518519,0.185185185,0.055555556
419,0.939759036,0.060240964,0.03125,0.046875,0.1875,0.0625,0.671875,1,0.672413793,0,0.086206897,0.103448276,0.137931034
420,0.951219512,0.048780488,0.016666667,0.066666667,0.15,0.183333333,0.583333333,1,0.633333333,0.016666667,0.016666667,0.183333333,0.15
421,0.975,0.025,0.079365079,0.047619048,0.126984127,0.238095238,0.507936508,1,0.583333333,0.05,0,0.25,0.116666667
422,0.962962963,0.037037037,0.052631579,0.052631579,0.070175439,0.315789474,0.50877193,1,0.616666667,0.05,0,0.216666667,0.116666667
423,0.975,0.025,0.070175439,0,0.052631579,0.298245614,0.578947368,1,0.596774194,0.064516129,0.048387097,0.161290323,0.129032258
424,0.987341772,0.012658228,0.080645161,0.048387097,0.112903226,0.338709677,0.419354839,1,0.716981132,0.018867925,0,0.226415094,0.037735849
425,0.962962963,0.037037037,0.050847458,0,0.101694915,0.355932203,0.491525424,1,0.727272727,0.036363636,0,0.181818182,0.054545455
426,0.987341772,0.012658228,0.086206897,0.017241379,0.051724138,0.396551724,0.448275862,1,0.678571429,0.035714286,0.017857143,0.196428571,0.071428571
427,1,0,0.120689655,0.017241379,0.017241379,0.362068966,0.482758621,1,0.616666667,0.033333333,0.016666667,0.2,0.133333333
428,0.951219512,0.048780488,0.072727273,0.036363636,0.018181818,0.381818182,0.490909091,1,0.566666667,0.083333333,0.033333333,0.233333333,0.083333333
429,0.975,0.025,0.038461538,0.038461538,0,0.269230769,0.653846154,1,0.575757576,0.060606061,0.060606061,0.121212121,0.181818182
430,0.917647059,0.082352941,0.037037037,0.037037037,0.037037037,0.277777778,0.611111111,1,0.633333333,0,0.033333333,0.166666667,0.166666667
431,0.975,0.025,0.037735849,0.113207547,0.018867925,0.301886792,0.528301887,1,0.557377049,0.049180328,0.098360656,0.163934426,0.131147541
432,0.951219512,0.048780488,0.01754386,0.192982456,0.105263158,0.368421053,0.315789474,1,0.603773585,0,0,0.339622642,0.056603774
433,0.951219512,0.048780488,0.029411765,0.058823529,0.235294118,0.147058824,0.529411765,1,0.703703704,0,0,0.222222222,0.074074074
434,0.951219512,0.048780488,0.028985507,0.072463768,0.246376812,0.072463768,0.579710145,1,0.678571429,0,0.017857143,0.196428571,0.107142857
435,0.951219512,0.048780488,0,0.125,0.107142857,0.178571429,0.589285714,1,0.631578947,0.035087719,0.140350877,0.105263158,0.087719298
436,0.962962963,0.037037037,0.018867925,0.075471698,0.037735849,0.396226415,0.471698113,1,0.655172414,0.034482759,0.017241379,0.189655172,0.103448276
437,0.962962963,0.037037037,0.06779661,0,0.084745763,0.355932203,0.491525424,1,0.709090909,0.018181818,0.018181818,0.181818182,0.072727273
438,0.962962963,0.037037037,0,0.192982456,0.122807018,0.245614035,0.438596491,1,0.589285714,0,0.071428571,0.232142857,0.107142857
439,0.951219512,0.048780488,0,0.086206897,0.137931034,0.327586207,0.448275862,1,0.672727273,0.018181818,0,0.236363636,0.072727273
440,0.939759036,0.060240964,0,0.074074074,0.074074074,0.314814815,0.537037037,1,0.672413793,0,0.017241379,0.172413793,0.137931034
441,0.928571429,0.071428571,0.055555556,0.018518519,0.018518519,0.314814815,0.592592593,1,0.661016949,0.016949153,0.033898305,0.152542373,0.13559322
442,0.917647059,0.082352941,0,0,0.056603774,0.339622642,0.603773585,1,0.714285714,0.053571429,0.071428571,0.107142857,0.053571429
443,0.906976744,0.093023256,0,0,0,0.36,0.64,1,0.619047619,0.031746032,0,0.174603175,0.174603175
444,0.939759036,0.060240964,0.087719298,0,0.035087719,0.298245614,0.578947368,1,0.727272727,0,0.072727273,0.109090909,0.090909091
445,0.951219512,0.048780488,0.035087719,0.157894737,0.087719298,0.210526316,0.50877193,1,0.571428571,0.071428571,0.142857143,0.178571429,0.035714286
446,0.951219512,0.048780488,0.033333333,0.066666667,0.133333333,0.266666667,0.5,1,0.625,0.053571429,0.053571429,0.214285714,0.053571429
447,0.951219512,0.048780488,0.018181818,0.181818182,0.072727273,0.236363636,0.490909091,1,0.618181818,0,0.127272727,0.163636364,0.090909091
448,0.906976744,0.093023256,0,0,0.090909091,0.236363636,0.672727273,1,0.689655172,0,0.068965517,0.103448276,0.137931034
449,0.951219512,0.048780488,0,0.115384615,0.038461538,0.442307692,0.403846154,1,0.672727273,0.018181818,0.018181818,0.218181818,0.072727273
450,0.896551724,0.103448276,0,0.04,0,0.46,0.5,1,0.709090909,0,0,0.2,0.090909091
451,0.917647059,0.082352941,0.038461538,0.019230769,0,0.307692308,0.634615385,1,0.689655172,0,0.068965517,0.103448276,0.137931034
452,0.939759036,0.060240964,0.018867925,0.018867925,0.037735849,0.301886792,0.622641509,1,0.62295082,0.06557377,0.06557377,0.131147541,0.114754098
453,0.987341772,0.012658228,0.018867925,0.018867925,0.037735849,0.283018868,0.641509434,1,0.507462687,0.149253731,0.104477612,0.134328358,0.104477612
454,0.987341772,0.012658228,0.033333333,0.033333333,0.133333333,0.283333333,0.516666667,1,0.583333333,0.133333333,0.05,0.2,0.033333333
455,0.962962963,0.037037037,0.05,0.016666667,0.116666667,0.2,0.616666667,1,0.65,0.033333333,0.05,0.133333333,0.133333333
456,0.951219512,0.048780488,0,0.084745763,0.152542373,0.186440678,0.576271186,1,0.672413793,0.017241379,0.034482759,0.155172414,0.120689655
457,0.962962963,0.037037037,0.03125,0.03125,0.1875,0.203125,0.546875,1,0.690909091,0.054545455,0.054545455,0.163636364,0.036363636
458,0.939759036,0.060240964,0,0.051724138,0.137931034,0.172413793,0.637931034,1,0.655172414,0.034482759,0.103448276,0.103448276,0.103448276
459,0.939759036,0.060240964,0.064516129,0.080645161,0.129032258,0.193548387,0.532258065,1,0.625,0,0.053571429,0.214285714,0.107142857
460,0.975,0.025,0.018867925,0.150943396,0.037735849,0.339622642,0.452830189,1,0.548387097,0.032258065,0.016129032,0.241935484,0.161290323
461,0.896551724,0.103448276,0.056603774,0,0,0.358490566,0.58490566,1,0.627118644,0.033898305,0.016949153,0.203389831,0.118644068
462,0.917647059,0.082352941,0.056603774,0.018867925,0,0.358490566,0.566037736,1,0.637931034,0.034482759,0.051724138,0.172413793,0.103448276
463,0.917647059,0.082352941,0.054545455,0.036363636,0.036363636,0.4,0.472727273,1,0.769230769,0,0,0.192307692,0.038461538
464,0.896551724,0.103448276,0,0.035087719,0.122807018,0.298245614,0.543859649,1,0.769230769,0,0.019230769,0.173076923,0.038461538
465,0.951219512,0.048780488,0.070175439,0.01754386,0.052631579,0.280701754,0.578947368,1,0.627118644,0.06779661,0.06779661,0.152542373,0.084745763
466,0.906976744,0.093023256,0.038461538,0.019230769,0,0.384615385,0.557692308,1,0.727272727,0,0.036363636,0.145454545,0.090909091
467,0.896551724,0.103448276,0.019607843,0,0,0.490196078,0.490196078,1,0.754716981,0.018867925,0,0.188679245,0.037735849
468,0.951219512,0.048780488,0,0.545454545,0.090909091,0.018181818,0.345454545,1,0.014705882,0.205882353,0.279411765,0.441176471,0.058823529
469,0.962962963,0.037037037,0,0.716981132,0.056603774,0.037735849,0.188679245,1,0.016666667,0.1,0.35,0.466666667,0.066666667
470,0.939759036,0.060240964,0.071428571,0.696428571,0.035714286,0.035714286,0.160714286,1,0,0,0.407407407,0.518518519,0.074074074
471,0.906976744,0.093023256,0.019607843,0.784313725,0,0.019607843,0.176470588,1,0.017857143,0.017857143,0.375,0.5,0.089285714
472,0.928571429,0.071428571,0.090909091,0.709090909,0,0.036363636,0.163636364,1,0,0,0.381818182,0.527272727,0.090909091
473,0.928571429,0.071428571,0,0.740740741,0.074074074,0,0.185185185,1,0.037037037,0.018518519,0.407407407,0.481481481,0.055555556
474,0.939759036,0.060240964,0.018867925,0.735849057,0.037735849,0.018867925,0.188679245,1,0.016666667,0.016666667,0.316666667,0.5,0.15
475,1,0,0.120689655,0.620689655,0.017241379,0.086206897,0.155172414,1,0.052631579,0.01754386,0.333333333,0.49122807,0.105263158
476,0.917647059,0.082352941,0.05,0.666666667,0.116666667,0.033333333,0.133333333,1,0,0,0.38,0.62,0
477,0.939759036,0.060240964,0,0.666666667,0.166666667,0,0.166666667,1,0.018518519,0.055555556,0.333333333,0.574074074,0.018518519
478,0.939759036,0.060240964,0,0,0.019607843,0.411764706,0.568627451,1,0.666666667,0.05,0.016666667,0.15,0.116666667
479,0.917647059,0.082352941,0.019607843,0.039215686,0,0.352941176,0.588235294,1,0.701754386,0,0.052631579,0.122807018,0.122807018
480,0.906976744,0.093023256,0.019607843,0,0,0.470588235,0.509803922,1,0.722222222,0.018518519,0.037037037,0.166666667,0.055555556
481,0.906976744,0.093023256,0,0.02,0,0.38,0.6,1,0.689655172,0.017241379,0.034482759,0.137931034,0.120689655
482,0.962962963,0.037037037,0.018518519,0.018518519,0.055555556,0.314814815,0.592592593,1,0.64516129,0.064516129,0.016129032,0.14516129,0.129032258
483,0.917647059,0.082352941,0.019230769,0.076923077,0.019230769,0.326923077,0.557692308,1,0.740740741,0,0.074074074,0.111111111,0.074074074
484,0.886363636,0.113636364,0,0,0.038461538,0.423076923,0.538461538,1,0.754716981,0,0.018867925,0.169811321,0.056603774
485,0.886363636,0.113636364,0.038461538,0.057692308,0,0.403846154,0.5,1,0.642857143,0,0,0.25,0.107142857
486,0.939759036,0.060240964,0.038461538,0.076923077,0,0.288461538,0.596153846,1,0.59375,0,0,0.1875,0.21875
487,0.951219512,0.048780488,0.019607843,0.039215686,0,0.352941176,0.588235294,1,0.655737705,0.032786885,0.032786885,0.131147541,0.147540984
488,0.962962963,0.037037037,0,0,0,0.4,0.6,1,0.609375,0.078125,0.03125,0.140625,0.140625
489,0.951219512,0.048780488,0.019607843,0.137254902,0,0.333333333,0.509803922,1,0.492307692,0.076923077,0.030769231,0.246153846,0.153846154
490,0.917647059,0.082352941,0,0.730769231,0.038461538,0.134615385,0.096153846,1,0.034482759,0.068965517,0.24137931,0.586206897,0.068965517
491,0.962962963,0.037037037,0,0.74,0,0.08,0.18,1,0.081967213,0.06557377,0.295081967,0.442622951,0.114754098
492,0.939759036,0.060240964,0,0.735849057,0.056603774,0.056603774,0.150943396,1,0.016393443,0.06557377,0.262295082,0.540983607,0.114754098
493,0.917647059,0.082352941,0,0.705882353,0.019607843,0.039215686,0.235294118,1,0.127272727,0,0.363636364,0.418181818,0.090909091
494,0.962962963,0.037037037,0.019230769,0.692307692,0.019230769,0.019230769,0.25,1,0,0.125,0.34375,0.4375,0.09375
495,0.987341772,0.012658228,0.031746032,0.53968254,0.174603175,0,0.253968254,1,0,0.15625,0.25,0.53125,0.0625
496,1,0,0.063492063,0.619047619,0.142857143,0.015873016,0.158730159,1,0,0.068965517,0.293103448,0.568965517,0.068965517
497,0.939759036,0.060240964,0.035087719,0.122807018,0.087719298,0.228070175,0.526315789,1,0.673076923,0.019230769,0.173076923,0.115384615,0.019230769
498,0.951219512,0.048780488,0,0.107142857,0.107142857,0.25,0.535714286,1,0.649122807,0.01754386,0.070175439,0.157894737,0.105263158
499,0.951219512,0.048780488,0.049180328,0.590163934,0.131147541,0.06557377,0.163934426,1,0.052631579,0.052631579,0.228070175,0.596491228,0.070175439
500,1,0,0.046153846,0.492307692,0.184615385,0,0.276923077,1,0.015151515,0.166666667,0.212121212,0.53030303,0.075757576
501,0.939759036,0.060240964,0.032258065,0.629032258,0.161290323,0.048387097,0.129032258,1,0,0.055555556,0.277777778,0.648148148,0.018518519
502,0.962962963,0.037037037,0.032786885,0.639344262,0.147540984,0.032786885,0.147540984,1,0,0.071428571,0.303571429,0.589285714,0.035714286
503,0.975,0.025,0.037037037,0.611111111,0.037037037,0.018518519,0.296296296,1,0.192982456,0,0.350877193,0.333333333,0.122807018
504,0.951219512,0.048780488,0.017857143,0.607142857,0.089285714,0.035714286,0.25,1,0.031746032,0.095238095,0.26984127,0.492063492,0.111111111
505,0.928571429,0.071428571,0,0.725490196,0.019607843,0.117647059,0.137254902,1,0.050847458,0.06779661,0.271186441,0.525423729,0.084745763
506,0.928571429,0.071428571,0.019230769,0.711538462,0.019230769,0.038461538,0.211538462,1,0.048387097,0.032258065,0.258064516,0.5,0.161290323
507,0.951219512,0.048780488,0.038461538,0.692307692,0,0.057692308,0.211538462,1,0.088235294,0.014705882,0.132352941,0.514705882,0.25
508,1,0,0.087719298,0.701754386,0.035087719,0.052631579,0.122807018,1,0.014705882,0.014705882,0.132352941,0.588235294,0.25
509,0.951219512,0.048780488,0.018867925,0.754716981,0.037735849,0.018867925,0.169811321,1,0,0.042253521,0.126760563,0.577464789,0.253521127
510,0.975,0.025,0.034482759,0.672413793,0.103448276,0.034482759,0.155172414,1,0.06779661,0.016949153,0.237288136,0.542372881,0.13559322
511,0.939759036,0.060240964,0.061538462,0.569230769,0.169230769,0.076923077,0.123076923,1,0.039215686,0,0.254901961,0.68627451,0.019607843
512,0.951219512,0.048780488,0,0.053571429,0.107142857,0.375,0.464285714,1,0.784313725,0.019607843,0.058823529,0.137254902,0
513,0.917647059,0.082352941,0.016129032,0.032258065,0.177419355,0.258064516,0.516129032,1,0.784313725,0,0,0.196078431,0.019607843
514,0.939759036,0.060240964,0.031746032,0.015873016,0.174603175,0.285714286,0.492063492,1,0.716981132,0.056603774,0,0.226415094,0
515,0.896551724,0.103448276,0,0.035087719,0.122807018,0.333333333,0.50877193,1,0.764705882,0,0.019607843,0.196078431,0.019607843
516,0.886363636,0.113636364,0,0.019230769,0.038461538,0.423076923,0.519230769,1,0.75,0.019230769,0.038461538,0.173076923,0.019230769
517,0.906976744,0.093023256,0.018867925,0.056603774,0.037735849,0.377358491,0.509433962,1,0.769230769,0,0.038461538,0.153846154,0.038461538
518,0.951219512,0.048780488,0.036363636,0.109090909,0.054545455,0.309090909,0.490909091,1,0.610169492,0.016949153,0.016949153,0.220338983,0.13559322
519,0.928571429,0.071428571,0.01754386,0,0.105263158,0.315789474,0.561403509,1,0.6,0.083333333,0.016666667,0.216666667,0.083333333
520,0.951219512,0.048780488,0.016666667,0.033333333,0.15,0.133333333,0.666666667,1,0.655737705,0.016393443,0.049180328,0.114754098,0.163934426
521,0.951219512,0.048780488,0.01754386,0.087719298,0.105263158,0.350877193,0.438596491,1,0.672727273,0.018181818,0,0.236363636,0.072727273
522,0.975,0.025,0.053571429,0.089285714,0.053571429,0.214285714,0.589285714,1,0.583333333,0.033333333,0.133333333,0.116666667,0.133333333
523,0.939759036,0.060240964,0.06779661,0.627118644,0.084745763,0.016949153,0.203389831,1,0.075471698,0,0.358490566,0.509433962,0.056603774
524,0.951219512,0.048780488,0.107142857,0.660714286,0,0,0.232142857,1,0,0.052631579,0.421052632,0.456140351,0.070175439
525,0.962962963,0.037037037,0.133333333,0.633333333,0.033333333,0,0.2,1,0,0.01754386,0.350877193,0.526315789,0.105263158
526,0.886363636,0.113636364,0,0.730769231,0.038461538,0.019230769,0.211538462,1,0,0.052631579,0.350877193,0.526315789,0.070175439
527,0.939759036,0.060240964,0.064516129,0.564516129,0.129032258,0.048387097,0.193548387,1,0.051724138,0.017241379,0.206896552,0.603448276,0.120689655
528,0.928571429,0.071428571,0.056603774,0.735849057,0,0.018867925,0.188679245,1,0.017857143,0.053571429,0.392857143,0.482142857,0.053571429
529,0.876404494,0.123595506,0.019230769,0.711538462,0.019230769,0.019230769,0.230769231,1,0.018867925,0.056603774,0.433962264,0.490566038,0
530,0.928571429,0.071428571,0.018181818,0.690909091,0.072727273,0.018181818,0.2,1,0.078431373,0.019607843,0.450980392,0.450980392,0
531,0.917647059,0.082352941,0,0.75,0.038461538,0.076923077,0.134615385,1,0,0.074074074,0.407407407,0.518518519,0
532,0.886363636,0.113636364,0,0.78,0,0,0.22,1,0,0.033898305,0.338983051,0.508474576,0.118644068
533,0.939759036,0.060240964,0,0.725490196,0.019607843,0.078431373,0.176470588,1,0.033898305,0.101694915,0.338983051,0.474576271,0.050847458
534,0.951219512,0.048780488,0,0.660714286,0.107142857,0,0.232142857,1,0.06779661,0.06779661,0.305084746,0.474576271,0.084745763
535,0.917647059,0.082352941,0,0.689655172,0.137931034,0,0.172413793,1,0.018867925,0.018867925,0.358490566,0.566037736,0.037735849
536,0.917647059,0.082352941,0,0.655737705,0.180327869,0,0.163934426,1,0.037037037,0,0.259259259,0.62962963,0.074074074
537,0.917647059,0.082352941,0.061538462,0.507692308,0.169230769,0.015384615,0.246153846,1,0.098039216,0.019607843,0.31372549,0.568627451,0
538,0.939759036,0.060240964,0.033898305,0.610169492,0.118644068,0,0.237288136,1,0.017857143,0.089285714,0.375,0.5,0.017857143
539,0.962962963,0.037037037,0.070175439,0.578947368,0.052631579,0.01754386,0.280701754,1,0.101694915,0.016949153,0.322033898,0.423728814,0.13559322
540,0.906976744,0.093023256,0,0.625,0.107142857,0.035714286,0.232142857,1,0,0.131147541,0.262295082,0.557377049,0.049180328
541,0.928571429,0.071428571,0.054545455,0.636363636,0.036363636,0.109090909,0.163636364,1,0.092592593,0.055555556,0.314814815,0.518518519,0.018518519
542,0.906976744,0.093023256,0,0.655172414,0.137931034,0.120689655,0.086206897,1,0.056603774,0.018867925,0.20754717,0.679245283,0.037735849
543,0.939759036,0.060240964,0.018518519,0.111111111,0.055555556,0.259259259,0.555555556,1,0.610169492,0.016949153,0.06779661,0.169491525,0.13559322
544,0.951219512,0.048780488,0.090909091,0.090909091,0,0.327272727,0.490909091,1,0.568965517,0,0.086206897,0.206896552,0.137931034
545,1,0,0.112903226,0,0.080645161,0.241935484,0.564516129,1,0.455882353,0.132352941,0.029411765,0.25,0.132352941
546,0.917647059,0.082352941,0,0.725490196,0.019607843,0.098039216,0.156862745,1,0.115384615,0.019230769,0.384615385,0.461538462,0.019230769
547,0.928571429,0.071428571,0.037735849,0.735849057,0.018867925,0.018867925,0.188679245,1,0.018518519,0.018518519,0.444444444,0.462962963,0.055555556
548,0.928571429,0.071428571,0.054545455,0.709090909,0.036363636,0.018181818,0.181818182,1,0.016949153,0.033898305,0.288135593,0.542372881,0.118644068
549,0.896551724,0.103448276,0,0.735849057,0.056603774,0.018867925,0.188679245,1,0.018518519,0.018518519,0.388888889,0.518518519,0.055555556
550,0.962962963,0.037037037,0.066666667,0.65,0.1,0.016666667,0.166666667,1,0.018867925,0.037735849,0.396226415,0.528301887,0.018867925
551,0.917647059,0.082352941,0.018181818,0.690909091,0.072727273,0.036363636,0.181818182,1,0.057692308,0.019230769,0.403846154,0.5,0.019230769
552,0.928571429,0.071428571,0.038461538,0.730769231,0,0,0.230769231,1,0.052631579,0.01754386,0.385964912,0.438596491,0.105263158
553,0.951219512,0.048780488,0,0.730769231,0.038461538,0.038461538,0.192307692,1,0.111111111,0.018518519,0.407407407,0.407407407,0.055555556
554,0.928571429,0.071428571,0.084745763,0.576271186,0.06779661,0.101694915,0.169491525,1,0.06779661,0,0.169491525,0.610169492,0.152542373
555,0.951219512,0.048780488,0.074074074,0.037037037,0,0.425925926,0.462962963,1,0.666666667,0.01754386,0,0.210526316,0.105263158
556,0.962962963,0.037037037,0.074074074,0.018518519,0,0.444444444,0.462962963,1,0.696428571,0.053571429,0.017857143,0.178571429,0.053571429
557,0.962962963,0.037037037,0.018867925,0.037735849,0.037735849,0.320754717,0.58490566,1,0.584615385,0.061538462,0,0.184615385,0.169230769
558,0.975,0.025,0,0.054545455,0.090909091,0.254545455,0.6,1,0.6,0.061538462,0,0.169230769,0.169230769
559,0.962962963,0.037037037,0.056603774,0.037735849,0,0.320754717,0.58490566,1,0.619047619,0.015873016,0.015873016,0.158730159,0.19047619
560,0.906976744,0.093023256,0,0.1,0,0.32,0.58,1,0.614035088,0.052631579,0.122807018,0.140350877,0.070175439
561,0.928571429,0.071428571,0,0,0.056603774,0.41509434,0.528301887,1,0.727272727,0.054545455,0.036363636,0.145454545,0.036363636
562,0.987341772,0.012658228,0.016129032,0.016129032,0.177419355,0.306451613,0.483870968,1,0.727272727,0.072727273,0,0.181818182,0.018181818
563,0.962962963,0.037037037,0.1,0.6,0.066666667,0.066666667,0.166666667,1,0.016393443,0.049180328,0.213114754,0.590163934,0.131147541
564,0.975,0.025,0.032786885,0.639344262,0.147540984,0.049180328,0.131147541,1,0.055555556,0.055555556,0.296296296,0.574074074,0.018518519
565,0.928571429,0.071428571,0.051724138,0.672413793,0.086206897,0.017241379,0.172413793,1,0.038461538,0,0.384615385,0.538461538,0.038461538
566,0.962962963,0.037037037,0.089285714,0.625,0.017857143,0.035714286,0.232142857,1,0,0.083333333,0.366666667,0.466666667,0.083333333
567,0.987341772,0.012658228,0.033898305,0.661016949,0.118644068,0.06779661,0.118644068,1,0.050847458,0.033898305,0.220338983,0.576271186,0.118644068
568,0.962962963,0.037037037,0.035714286,0.035714286,0.071428571,0.321428571,0.535714286,1,0.596774194,0.064516129,0,0.209677419,0.129032258
569,0.975,0.025,0.084745763,0,0.06779661,0.389830508,0.457627119,1,0.735849057,0.056603774,0.037735849,0.169811321,0
570,0.962962963,0.037037037,0.033898305,0.627118644,0.118644068,0.016949153,0.203389831,1,0.048387097,0.048387097,0.209677419,0.548387097,0.14516129
571,0.962962963,0.037037037,0.074626866,0.537313433,0.179104478,0.044776119,0.164179104,1,0.038461538,0.019230769,0.288461538,0.634615385,0.019230769
572,0.951219512,0.048780488,0.029411765,0.529411765,0.235294118,0.073529412,0.132352941,1,0.033898305,0.101694915,0.06779661,0.745762712,0.050847458
573,0.951219512,0.048780488,0,0.492063492,0.206349206,0.19047619,0.111111111,1,0.064516129,0.14516129,0.032258065,0.709677419,0.048387097
574,0.939759036,0.060240964,0,0.528571429,0.285714286,0.1,0.085714286,1,0.117647059,0,0.039215686,0.823529412,0.019607843
575,0.928571429,0.071428571,0.043478261,0.579710145,0.231884058,0.014492754,0.130434783,1,0,0,0.215686275,0.764705882,0.019607843
576,0.962962963,0.037037037,0,0.573770492,0.180327869,0.016393443,0.229508197,1,0.068965517,0.120689655,0.275862069,0.517241379,0.017241379
577,0.939759036,0.060240964,0.049180328,0.639344262,0.131147541,0.049180328,0.131147541,1,0.018181818,0.018181818,0.254545455,0.636363636,0.072727273
578,0.939759036,0.060240964,0,0.769230769,0.038461538,0.057692308,0.134615385,1,0.016949153,0.06779661,0.305084746,0.525423729,0.084745763
579,0.896551724,0.103448276,0.019607843,0.745098039,0,0.019607843,0.215686275,1,0,0.032258065,0.274193548,0.532258065,0.161290323
580,0.975,0.025,0.018181818,0,0.072727273,0.327272727,0.581818182,1,0.52238806,0.164179104,0.014925373,0.208955224,0.089552239
581,0.951219512,0.048780488,0.050847458,0.06779661,0.101694915,0.271186441,0.508474576,1,0.637931034,0.017241379,0,0.224137931,0.120689655
582,0.928571429,0.071428571,0.018867925,0.018867925,0.037735849,0.433962264,0.490566038,1,0.696428571,0.053571429,0,0.196428571,0.053571429
583,0.917647059,0.082352941,0.019607843,0.784313725,0,0.058823529,0.137254902,1,0.018518519,0.018518519,0.407407407,0.5,0.055555556
584,0.928571429,0.071428571,0,0.709090909,0.090909091,0,0.2,1,0.017241379,0.051724138,0.327586207,0.517241379,0.086206897
585,0.962962963,0.037037037,0.116666667,0.583333333,0.05,0.033333333,0.216666667,1,0,0.06779661,0.322033898,0.525423729,0.084745763
586,0.928571429,0.071428571,0.034482759,0.689655172,0.103448276,0.017241379,0.155172414,1,0,0,0.280701754,0.596491228,0.122807018
587,0.886363636,0.113636364,0,0.78,0,0.04,0.18,1,0,0.01754386,0.350877193,0.526315789,0.105263158
588,0.939759036,0.060240964,0.019607843,0.705882353,0,0.039215686,0.235294118,1,0.118644068,0,0.305084746,0.423728814,0.152542373
589,0.906976744,0.093023256,0,0.701754386,0.122807018,0.035087719,0.140350877,1,0.018181818,0,0.272727273,0.618181818,0.090909091
590,0.939759036,0.060240964,0.037735849,0.716981132,0.018867925,0,0.226415094,1,0,0.049180328,0.344262295,0.475409836,0.131147541
591,0.962962963,0.037037037,0.086206897,0.655172414,0.051724138,0.068965517,0.137931034,1,0,0.017857143,0.339285714,0.553571429,0.089285714
592,0.951219512,0.048780488,0,0.609375,0.21875,0.03125,0.140625,1,0.076923077,0,0.25,0.634615385,0.038461538
593,0.917647059,0.082352941,0.015151515,0.545454545,0.227272727,0.075757576,0.136363636,1,0.075471698,0.037735849,0.132075472,0.735849057,0.018867925
594,0.886363636,0.113636364,0,0.745098039,0.019607843,0,0.235294118,1,0.038461538,0.038461538,0.480769231,0.442307692,0
595,0.928571429,0.071428571,0.053571429,0.625,0.053571429,0.035714286,0.232142857,1,0.054545455,0.036363636,0.381818182,0.472727273,0.054545455
596,0.975,0.025,0.017241379,0.603448276,0.120689655,0.068965517,0.189655172,1,0.052631579,0.122807018,0.333333333,0.49122807,0
597,0.939759036,0.060240964,0.035714286,0.714285714,0.071428571,0.017857143,0.160714286,1,0.017857143,0.017857143,0.339285714,0.535714286,0.089285714
598,0.928571429,0.071428571,0.01754386,0.684210526,0.105263158,0.070175439,0.122807018,1,0,0.037735849,0.358490566,0.58490566,0.018867925
599,0.896551724,0.103448276,0.018181818,0.690909091,0.072727273,0.072727273,0.145454545,1,0.037735849,0.018867925,0.320754717,0.58490566,0.037735849
600,0.939759036,0.060240964,0.038461538,0.673076923,0,0.096153846,0.192307692,1,0.084745763,0.016949153,0.288135593,0.474576271,0.13559322
601,0.917647059,0.082352941,0.018181818,0.690909091,0.072727273,0.109090909,0.109090909,1,0.033898305,0.016949153,0.186440678,0.627118644,0.13559322
602,0.928571429,0.071428571,0.090909091,0.575757576,0.151515152,0.015151515,0.166666667,1,0.018518519,0,0.222222222,0.685185185,0.074074074
603,0.928571429,0.071428571,0,0.609375,0.21875,0,0.171875,1,0.066666667,0,0.083333333,0.683333333,0.166666667
604,0.917647059,0.082352941,0,0.62962963,0.074074074,0.12962963,0.166666667,1,0.129032258,0,0.096774194,0.580645161,0.193548387
605,0.975,0.025,0,0.666666667,0.019607843,0.039215686,0.274509804,1,0.180327869,0.016393443,0.278688525,0.360655738,0.163934426
606,0.939759036,0.060240964,0.037037037,0.722222222,0.037037037,0.018518519,0.185185185,1,0.017857143,0.017857143,0.392857143,0.482142857,0.089285714
607,0.939759036,0.060240964,0.016393443,0.655737705,0.163934426,0.016393443,0.147540984,1,0.01754386,0.01754386,0.228070175,0.631578947,0.105263158
608,0.975,0.025,0.13559322,0.559322034,0.016949153,0.118644068,0.169491525,1,0.035087719,0.070175439,0.315789474,0.526315789,0.052631579
609,0.928571429,0.071428571,0.055555556,0.685185185,0.018518519,0.037037037,0.203703704,1,0.094339623,0,0.396226415,0.452830189,0.056603774
610,0.939759036,0.060240964,0.019230769,0.634615385,0.019230769,0.019230769,0.307692308,1,0.166666667,0.018518519,0.444444444,0.314814815,0.055555556
611,0.896551724,0.103448276,0.019607843,0.725490196,0,0.039215686,0.215686275,1,0.054545455,0.018181818,0.381818182,0.472727273,0.072727273
612,0.917647059,0.082352941,0.056603774,0.698113208,0,0.056603774,0.188679245,1,0.018181818,0.036363636,0.4,0.490909091,0.054545455
613,0.928571429,0.071428571,0.101694915,0.627118644,0.050847458,0.033898305,0.186440678,1,0,0.019607843,0.450980392,0.529411765,0
614,0.962962963,0.037037037,0.016129032,0.596774194,0.177419355,0.064516129,0.14516129,1,0.071428571,0.071428571,0.214285714,0.607142857,0.035714286
615,0.975,0.025,0,0.610169492,0.152542373,0.101694915,0.13559322,1,0.070175439,0.105263158,0.245614035,0.561403509,0.01754386
616,0.939759036,0.060240964,0,0.2,0.090909091,0.072727273,0.636363636,1,0.524590164,0.016393443,0.163934426,0.131147541,0.163934426
617,0.939759036,0.060240964,0.019607843,0.450980392,0,0.333333333,0.196078431,1,0.31147541,0.016393443,0.032786885,0.475409836,0.163934426
618,0.939759036,0.060240964,0.084745763,0.288135593,0.06779661,0.322033898,0.237288136,1,0.345454545,0.054545455,0.072727273,0.490909091,0.036363636
619,0.962962963,0.037037037,0.034482759,0.5,0.103448276,0.051724138,0.310344828,1,0.233333333,0,0.183333333,0.416666667,0.166666667
620,0.962962963,0.037037037,0.034482759,0.568965517,0.103448276,0.103448276,0.189655172,1,0.177419355,0,0.080645161,0.548387097,0.193548387
621,0.987341772,0.012658228,0.06557377,0.524590164,0.114754098,0.081967213,0.213114754,1,0.125,0.046875,0.109375,0.546875,0.171875
622,0.987341772,0.012658228,0.129032258,0.483870968,0.064516129,0,0.322580645,1,0.131147541,0,0.262295082,0.426229508,0.180327869
623,0.962962963,0.037037037,0.05,0.65,0.116666667,0,0.183333333,1,0.037735849,0.018867925,0.396226415,0.509433962,0.037735849
624,0.951219512,0.048780488,0.05,0.633333333,0.116666667,0,0.2,1,0.057692308,0,0.403846154,0.5,0.038461538
625,0.928571429,0.071428571,0.049180328,0.508196721,0.131147541,0.016393443,0.295081967,1,0.211538462,0,0.307692308,0.442307692,0.038461538
626,0.987341772,0.012658228,0,0.53968254,0.206349206,0.079365079,0.174603175,1,0.13559322,0.084745763,0.13559322,0.576271186,0.06779661
627,0.939759036,0.060240964,0.03125,0.59375,0.1875,0.03125,0.15625,1,0.037735849,0.018867925,0.264150943,0.641509434,0.037735849
628,1,0,0,0.730769231,0.038461538,0.096153846,0.134615385,1,0.045454545,0.090909091,0.212121212,0.5,0.151515152
629,0.928571429,0.071428571,0.016666667,0.6,0.15,0,0.233333333,1,0,0.106060606,0.151515152,0.606060606,0.136363636
630,0.987341772,0.012658228,0.033898305,0.661016949,0.118644068,0.050847458,0.13559322,1,0,0.081967213,0.245901639,0.573770492,0.098360656
631,0.939759036,0.060240964,0.017857143,0.696428571,0.089285714,0.053571429,0.142857143,1,0.01754386,0.052631579,0.298245614,0.561403509,0.070175439
632,0.987341772,0.012658228,0.033333333,0.666666667,0.133333333,0.016666667,0.15,1,0.033898305,0.033898305,0.254237288,0.559322034,0.118644068
633,0.951219512,0.048780488,0.035087719,0.684210526,0.087719298,0.01754386,0.175438596,1,0,0.053571429,0.375,0.517857143,0.053571429
634,0.939759036,0.060240964,0,0.655737705,0.180327869,0,0.163934426,1,0.018181818,0.018181818,0.290909091,0.6,0.072727273
635,0.906976744,0.093023256,0,0.76,0,0.04,0.2,1,0.074074074,0,0.407407407,0.444444444,0.074074074
636,0.939759036,0.060240964,0.018181818,0.727272727,0.072727273,0.054545455,0.127272727,1,0,0.068965517,0.293103448,0.568965517,0.068965517
637,0.962962963,0.037037037,0.120689655,0.051724138,0.017241379,0.344827586,0.465517241,1,0.625,0.017857143,0.053571429,0.214285714,0.089285714
638,0.962962963,0.037037037,0.122807018,0.01754386,0,0.350877193,0.50877193,1,0.685185185,0,0.111111111,0.12962963,0.074074074
639,0.928571429,0.071428571,0.056603774,0.037735849,0,0.396226415,0.509433962,1,0.655172414,0.017241379,0,0.206896552,0.120689655
640,0.975,0.025,0.019607843,0.019607843,0,0.450980392,0.509803922,1,0.62295082,0.098360656,0.032786885,0.163934426,0.081967213
641,0.987341772,0.012658228,0.079365079,0,0.126984127,0.222222222,0.571428571,1,0.633333333,0.05,0.033333333,0.166666667,0.116666667
642,1,0,0.032786885,0,0.147540984,0.229508197,0.590163934,1,0.629032258,0.096774194,0.032258065,0.14516129,0.096774194
643,0.987341772,0.012658228,0.06779661,0,0.084745763,0.169491525,0.677966102,1,0.507246377,0.101449275,0.057971014,0.15942029,0.173913043
644,0.987341772,0.012658228,0,0.13559322,0.152542373,0.152542373,0.559322034,1,0.555555556,0.047619048,0.047619048,0.19047619,0.158730159
645,0.962962963,0.037037037,0.074626866,0,0.179104478,0.119402985,0.626865672,1,0.701754386,0,0.052631579,0.122807018,0.122807018
646,0.975,0.025,0.063492063,0,0.142857143,0.253968254,0.53968254,1,0.610169492,0.101694915,0.033898305,0.203389831,0.050847458
647,0.939759036,0.060240964,0.033333333,0.033333333,0.133333333,0.183333333,0.616666667,1,0.684210526,0,0.070175439,0.122807018,0.122807018
648,0.951219512,0.048780488,0.051724138,0.103448276,0.086206897,0.379310345,0.379310345,1,0.641509434,0.018867925,0.018867925,0.283018868,0.037735849
649,0.987341772,0.012658228,0.1,0.033333333,0.066666667,0.216666667,0.583333333,1,0.612903226,0,0.032258065,0.161290323,0.193548387
650,0.939759036,0.060240964,0,0.018867925,0.056603774,0.320754717,0.603773585,1,0.569230769,0.092307692,0,0.2,0.138461538
651,0.951219512,0.048780488,0.071428571,0.053571429,0.035714286,0.285714286,0.553571429,1,0.546875,0.03125,0,0.234375,0.1875
652,0.951219512,0.048780488,0.048387097,0.032258065,0.14516129,0.322580645,0.451612903,1,0.698113208,0.037735849,0,0.245283019,0.018867925
653,0.975,0.025,0,0.107142857,0.107142857,0.267857143,0.517857143,1,0.684210526,0.01754386,0.052631579,0.140350877,0.105263158
654,0.975,0.025,0.09375,0.078125,0.125,0.296875,0.40625,1,0.634615385,0.038461538,0.057692308,0.269230769,0
655,0.939759036,0.060240964,0.016393443,0.032786885,0.163934426,0.295081967,0.491803279,1,0.8,0,0.04,0.16,0
656,0.939759036,0.060240964,0.043478261,0.014492754,0.231884058,0.115942029,0.594202899,1,0.625,0.089285714,0.071428571,0.196428571,0.017857143
657,0.987341772,0.012658228,0.032786885,0.016393443,0.147540984,0.295081967,0.508196721,1,0.666666667,0.105263158,0.035087719,0.175438596,0.01754386
658,0.975,0.025,0.047619048,0.015873016,0.158730159,0.206349206,0.571428571,1,0.672413793,0.051724138,0.034482759,0.155172414,0.086206897
659,0.917647059,0.082352941,0,0,0.21875,0.21875,0.5625,1,0.754716981,0.018867925,0,0.188679245,0.037735849
660,0.876404494,0.123595506,0,0.016949153,0.152542373,0.203389831,0.627118644,1,0.764705882,0.019607843,0.098039216,0.117647059,0
661,0.906976744,0.093023256,0.033333333,0,0.133333333,0.183333333,0.65,1,0.661016949,0,0.016949153,0.169491525,0.152542373
662,0.906976744,0.093023256,0.087719298,0.140350877,0.035087719,0.333333333,0.403508772,1,0.588235294,0.019607843,0.098039216,0.294117647,0
663,0.962962963,0.037037037,0,0.254545455,0.090909091,0.145454545,0.509090909,1,0.516666667,0,0.116666667,0.2,0.166666667
664,0.939759036,0.060240964,0.016393443,0.081967213,0.163934426,0.147540984,0.590163934,1,0.573770492,0.049180328,0.032786885,0.213114754,0.131147541
665,0.906976744,0.093023256,0.028985507,0.028985507,0.246376812,0.014492754,0.68115942,1,0.644067797,0.016949153,0.016949153,0.186440678,0.13559322
666,0.951219512,0.048780488,0,0.105263158,0.342105263,0.039473684,0.513157895,1,0.641509434,0.056603774,0,0.301886792,0
667,0.939759036,0.060240964,0.014925373,0.059701493,0.23880597,0.119402985,0.567164179,1,0.672727273,0.036363636,0.036363636,0.2,0.054545455
668,0.917647059,0.082352941,0,0.181818182,0.090909091,0.218181818,0.509090909,1,0.6,0,0.109090909,0.2,0.090909091
669,0.951219512,0.048780488,0.068965517,0.051724138,0.068965517,0.379310345,0.431034483,1,0.745098039,0,0.039215686,0.196078431,0.019607843
670,0.939759036,0.060240964,0.052631579,0.052631579,0.070175439,0.403508772,0.421052632,1,0.730769231,0.019230769,0,0.230769231,0.019230769
671,0.939759036,0.060240964,0.068965517,0.017241379,0.068965517,0.275862069,0.568965517,1,0.678571429,0.017857143,0.071428571,0.142857143,0.089285714
672,0.906976744,0.093023256,0.018518519,0,0.055555556,0.240740741,0.685185185,1,0.65,0.016666667,0.066666667,0.116666667,0.15
673,0.917647059,0.082352941,0,0.087719298,0.122807018,0.333333333,0.456140351,1,0.679245283,0.018867925,0.018867925,0.245283019,0.037735849
674,0.886363636,0.113636364,0,0.018181818,0.090909091,0.345454545,0.545454545,1,0.735849057,0.018867925,0.018867925,0.188679245,0.037735849
675,0.928571429,0.071428571,0,0.051724138,0.137931034,0.275862069,0.534482759,1,0.690909091,0.036363636,0.036363636,0.181818182,0.054545455
676,0.906976744,0.093023256,0,0.019607843,0.019607843,0.431372549,0.529411765,1,0.740740741,0,0.037037037,0.148148148,0.074074074
677,0.876404494,0.123595506,0,0,0,0.46,0.54,1,0.754716981,0,0.018867925,0.169811321,0.056603774
678,0.896551724,0.103448276,0,0.019607843,0.019607843,0.450980392,0.509803922,1,0.769230769,0.019230769,0.038461538,0.153846154,0.019230769
679,0.906976744,0.093023256,0,0.037735849,0.056603774,0.452830189,0.452830189,1,0.784313725,0.019607843,0,0.196078431,0
680,0.928571429,0.071428571,0.054545455,0.036363636,0.036363636,0.363636364,0.509090909,1,0.745098039,0.019607843,0.117647059,0.117647059,0
681,0.906976744,0.093023256,0.033898305,0.050847458,0.118644068,0.271186441,0.525423729,1,0.730769231,0,0.038461538,0.192307692,0.038461538
682,0.928571429,0.071428571,0.032258065,0.129032258,0.161290323,0.274193548,0.403225806,1,0.68,0,0.02,0.3,0
683,0.951219512,0.048780488,0,0,0.074074074,0.407407407,0.518518519,1,0.684210526,0.122807018,0.035087719,0.157894737,0
684,0.939759036,0.060240964,0.052631579,0,0.070175439,0.333333333,0.543859649,1,0.6,0.083333333,0.016666667,0.216666667,0.083333333
685,0.975,0.025,0.018867925,0,0.037735849,0.396226415,0.547169811,1,0.639344262,0.114754098,0.032786885,0.147540984,0.06557377
686,0.987341772,0.012658228,0,0.055555556,0.074074074,0.37037037,0.5,1,0.612903226,0.096774194,0,0.193548387,0.096774194
687,0.939759036,0.060240964,0,0.052631579,0.122807018,0.228070175,0.596491228,1,0.65,0.033333333,0.016666667,0.166666667,0.133333333
688,0.962962963,0.037037037,0.035087719,0.052631579,0.087719298,0.350877193,0.473684211,1,0.631578947,0.070175439,0.035087719,0.210526316,0.052631579
689,1,0,0.06779661,0.06779661,0.084745763,0.372881356,0.406779661,1,0.660714286,0.035714286,0,0.232142857,0.071428571
690,0.975,0.025,0.016129032,0.532258065,0.177419355,0.048387097,0.225806452,1,0.084745763,0.118644068,0.237288136,0.525423729,0.033898305
691,0.906976744,0.093023256,0.01754386,0.701754386,0.105263158,0.052631579,0.122807018,1,0.01754386,0,0.210526316,0.649122807,0.122807018
692,0.939759036,0.060240964,0.019607843,0.764705882,0,0,0.215686275,1,0.068965517,0,0.362068966,0.431034483,0.137931034
693,0.917647059,0.082352941,0,0.764705882,0.019607843,0.019607843,0.196078431,1,0.071428571,0,0.357142857,0.464285714,0.107142857
694,0.917647059,0.082352941,0.019230769,0.75,0.019230769,0,0.211538462,1,0.032786885,0,0.278688525,0.508196721,0.180327869
695,0.951219512,0.048780488,0.035087719,0.070175439,0.087719298,0.280701754,0.526315789,1,0.679245283,0.056603774,0.150943396,0.113207547,0
696,0.962962963,0.037037037,0.055555556,0.537037037,0.018518519,0.277777778,0.111111111,1,0.158730159,0.063492063,0.063492063,0.571428571,0.142857143
697,0.962962963,0.037037037,0.018867925,0.698113208,0.037735849,0.113207547,0.132075472,1,0,0.1,0.128571429,0.585714286,0.185714286
698,1,0,0.068965517,0.603448276,0.068965517,0.051724138,0.206896552,1,0.014705882,0.102941176,0.191176471,0.529411765,0.161764706
699,0.987341772,0.012658228,0.047619048,0.619047619,0.158730159,0.063492063,0.111111111,1,0,0.080645161,0.14516129,0.661290323,0.112903226
700,0.987341772,0.012658228,0.086956522,0.565217391,0.188405797,0,0.15942029,1,0.033333333,0,0.116666667,0.683333333,0.166666667
701,0.962962963,0.037037037,0.03125,0.515625,0.1875,0.046875,0.21875,1,0.148148148,0.055555556,0.240740741,0.537037037,0.018518519
702,0.917647059,0.082352941,0,0.597014925,0.253731343,0.044776119,0.104477612,1,0.038461538,0,0.134615385,0.788461538,0.038461538
703,0.928571429,0.071428571,0.036363636,0.709090909,0.054545455,0,0.2,1,0.034482759,0,0.310344828,0.517241379,0.137931034
704,0.951219512,0.048780488,0,0.745098039,0.019607843,0.058823529,0.176470588,1,0.078125,0.015625,0.203125,0.5,0.203125
705,0.987341772,0.012658228,0.052631579,0.666666667,0.070175439,0.070175439,0.140350877,1,0,0.083333333,0.083333333,0.611111111,0.222222222
706,0.975,0.025,0.017241379,0.655172414,0.120689655,0.086206897,0.120689655,1,0.078125,0.03125,0.09375,0.609375,0.1875
707,0.951219512,0.048780488,0.018518519,0.740740741,0.055555556,0.018518519,0.166666667,1,0.068965517,0,0.293103448,0.5,0.137931034
708,0.939759036,0.060240964,0.035714286,0.696428571,0.071428571,0,0.196428571,1,0.045454545,0,0.136363636,0.575757576,0.242424242
709,0.939759036,0.060240964,0.06557377,0.639344262,0.114754098,0.032786885,0.147540984,1,0.018181818,0,0.272727273,0.618181818,0.090909091
710,0.975,0.025,0.041666667,0.513888889,0.263888889,0.055555556,0.125,1,0.057692308,0.038461538,0.153846154,0.75,0
711,0.962962963,0.037037037,0.055555556,0.611111111,0.018518519,0.111111111,0.203703704,1,0.155172414,0,0.25862069,0.448275862,0.137931034
712,0.975,0.025,0.083333333,0.65,0.083333333,0.016666667,0.166666667,1,0.050847458,0,0.237288136,0.559322034,0.152542373
713,0.987341772,0.012658228,0.032258065,0.629032258,0.161290323,0.032258065,0.14516129,1,0.1,0,0.38,0.52,0
714,0.939759036,0.060240964,0.05,0.6,0.116666667,0.016666667,0.216666667,1,0.117647059,0,0.37254902,0.490196078,0.019607843
715,0.951219512,0.048780488,0,0.677966102,0.152542373,0.084745763,0.084745763,1,0.074074074,0.037037037,0.222222222,0.62962963,0.037037037
716,0.917647059,0.082352941,0.016393443,0.639344262,0.163934426,0.016393443,0.163934426,1,0.06,0,0.34,0.6,0
717,0.951219512,0.048780488,0,0.722222222,0.074074074,0.018518519,0.185185185,1,0.053571429,0.053571429,0.375,0.464285714,0.053571429
718,0.975,0.025,0.105263158,0.614035088,0.01754386,0.035087719,0.228070175,1,0.034482759,0.034482759,0.379310345,0.448275862,0.103448276
719,0.975,0.025,0.074074074,0.648148148,0,0.092592593,0.185185185,1,0.045454545,0.060606061,0.196969697,0.515151515,0.181818182
720,0.928571429,0.071428571,0.068965517,0.655172414,0.068965517,0.120689655,0.086206897,1,0,0.016129032,0.112903226,0.693548387,0.177419355
721,0.962962963,0.037037037,0.016666667,0.616666667,0.15,0.05,0.166666667,1,0.089285714,0.017857143,0.25,0.553571429,0.089285714
722,0.962962963,0.037037037,0.016129032,0.596774194,0.177419355,0.032258065,0.177419355,1,0.090909091,0.018181818,0.254545455,0.563636364,0.072727273
723,0.951219512,0.048780488,0,0.568965517,0.137931034,0.017241379,0.275862069,1,0.161290323,0.016129032,0.161290323,0.483870968,0.177419355
724,0.951219512,0.048780488,0.018181818,0.690909091,0.072727273,0.036363636,0.181818182,1,0.050847458,0.033898305,0.288135593,0.508474576,0.118644068
725,1,0,0.053571429,0.607142857,0.053571429,0.142857143,0.142857143,1,0.098360656,0.06557377,0.213114754,0.508196721,0.114754098
726,0.975,0.025,0,0.648148148,0.074074074,0.074074074,0.203703704,1,0.129032258,0.048387097,0.209677419,0.467741935,0.14516129
727,0.962962963,0.037037037,0.064516129,0.629032258,0.129032258,0.016129032,0.161290323,1,0.017241379,0,0.24137931,0.603448276,0.137931034
728,0.917647059,0.082352941,0,0.714285714,0.107142857,0,0.178571429,1,0.017857143,0.035714286,0.321428571,0.553571429,0.071428571
729,0.951219512,0.048780488,0.017241379,0.620689655,0.120689655,0.051724138,0.189655172,1,0.096153846,0.038461538,0.384615385,0.480769231,0
730,0.975,0.025,0.089285714,0.660714286,0.017857143,0.053571429,0.178571429,1,0.083333333,0,0.25,0.5,0.166666667
731,0.928571429,0.071428571,0,0.727272727,0.090909091,0.018181818,0.163636364,1,0,0.053571429,0.357142857,0.535714286,0.053571429
732,0.975,0.025,0,0.660714286,0.107142857,0,0.232142857,1,0.080645161,0.064516129,0.258064516,0.467741935,0.129032258
733,0.939759036,0.060240964,0.086206897,0.603448276,0.051724138,0.051724138,0.206896552,1,0,0.0625,0.203125,0.578125,0.15625
734,1,0,0.101694915,0.627118644,0.050847458,0.050847458,0.169491525,1,0.059701493,0,0.119402985,0.567164179,0.253731343
735,1,0,0.079365079,0.619047619,0.126984127,0.047619048,0.126984127,1,0.029850746,0.014925373,0.059701493,0.656716418,0.23880597
736,0.962962963,0.037037037,0.033898305,0.677966102,0.118644068,0.016949153,0.152542373,1,0,0.02739726,0.02739726,0.657534247,0.287671233
737,0.975,0.025,0.074074074,0.740740741,0,0.037037037,0.148148148,1,0,0.015625,0.25,0.53125,0.203125
738,0.975,0.025,0.090909091,0.727272727,0,0.018181818,0.163636364,1,0,0,0.355932203,0.491525424,0.152542373
739,0.987341772,0.012658228,0.074074074,0.666666667,0,0,0.259259259,1,0.060606061,0.03030303,0.257575758,0.439393939,0.212121212
740,0.975,0.025,0.019607843,0.764705882,0,0.098039216,0.117647059,1,0.064516129,0.016129032,0.241935484,0.5,0.177419355
741,0.928571429,0.071428571,0.037735849,0.698113208,0.018867925,0.018867925,0.226415094,1,0.066666667,0,0.283333333,0.483333333,0.166666667
742,0.917647059,0.082352941,0.019607843,0.745098039,0,0.019607843,0.215686275,1,0,0.06779661,0.372881356,0.474576271,0.084745763
743,0.906976744,0.093023256,0,0.754716981,0.056603774,0,0.188679245,1,0.018867925,0.018867925,0.433962264,0.490566038,0.037735849
744,0.939759036,0.060240964,0.018518519,0.740740741,0.055555556,0.018518519,0.166666667,1,0,0.052631579,0.368421053,0.50877193,0.070175439
745,0.962962963,0.037037037,0.018867925,0.698113208,0.037735849,0,0.245283019,1,0.051724138,0.086206897,0.413793103,0.396551724,0.051724138
746,0.928571429,0.071428571,0.089285714,0.678571429,0.017857143,0.017857143,0.196428571,1,0.019230769,0,0.461538462,0.480769231,0.038461538
747,0.906976744,0.093023256,0.018867925,0.735849057,0.037735849,0.037735849,0.169811321,1,0.017857143,0.053571429,0.339285714,0.535714286,0.053571429
748,0.962962963,0.037037037,0.035714286,0.660714286,0.071428571,0,0.232142857,1,0.096774194,0.016129032,0.225806452,0.483870968,0.177419355
749,0.939759036,0.060240964,0.052631579,0.684210526,0.070175439,0.052631579,0.140350877,1,0,0.015873016,0.174603175,0.619047619,0.19047619
750,0.928571429,0.071428571,0.126984127,0.507936508,0.079365079,0.031746032,0.253968254,1,0.05,0,0.2,0.583333333,0.166666667
751,0.951219512,0.048780488,0.084745763,0.033898305,0.06779661,0.338983051,0.474576271,1,0.703703704,0,0.018518519,0.203703704,0.074074074
752,0.928571429,0.071428571,0.034482759,0.068965517,0.103448276,0.362068966,0.431034483,1,0.76,0,0.02,0.22,0
753,0.928571429,0.071428571,0,0.090909091,0.090909091,0.327272727,0.490909091,1,0.722222222,0,0.018518519,0.185185185,0.074074074
754,0.917647059,0.082352941,0.037735849,0.113207547,0.018867925,0.320754717,0.509433962,1,0.654545455,0,0.072727273,0.181818182,0.090909091
755,0.917647059,0.082352941,0,0.037037037,0.074074074,0.296296296,0.592592593,1,0.633333333,0.05,0.016666667,0.183333333,0.116666667
756,0.917647059,0.082352941,0.049180328,0.032786885,0.131147541,0.147540984,0.639344262,1,0.580645161,0.048387097,0.016129032,0.209677419,0.14516129
757,0.987341772,0.012658228,0.018867925,0,0.037735849,0.075471698,0.867924528,1,0.467532468,0.116883117,0.090909091,0.090909091,0.233766234
758,0.987341772,0.012658228,0.055555556,0,0.018518519,0.166666667,0.759259259,1,0.563380282,0.042253521,0.042253521,0.098591549,0.253521127
759,0.975,0.025,0.01754386,0,0.105263158,0.140350877,0.736842105,1,0.557142857,0.071428571,0.028571429,0.128571429,0.214285714
760,0.987341772,0.012658228,0.018181818,0.018181818,0.072727273,0.254545455,0.636363636,1,0.606060606,0.060606061,0.015151515,0.136363636,0.181818182
761,0.962962963,0.037037037,0.071428571,0,0.035714286,0.196428571,0.696428571,1,0.59375,0.046875,0.09375,0.09375,0.171875
762,0.917647059,0.082352941,0,0.038461538,0.038461538,0.403846154,0.519230769,1,0.754716981,0,0.056603774,0.132075472,0.056603774
763,0.896551724,0.103448276,0.053571429,0.071428571,0.053571429,0.375,0.446428571,1,0.673076923,0,0.019230769,0.269230769,0.038461538
764,0.886363636,0.113636364,0.019607843,0.058823529,0,0.392156863,0.529411765,1,0.703703704,0,0.037037037,0.185185185,0.074074074
765,0.962962963,0.037037037,0.084745763,0.084745763,0.06779661,0.355932203,0.406779661,1,0.679245283,0,0.018867925,0.245283019,0.056603774
766,0.962962963,0.037037037,0,0.339622642,0.056603774,0.301886792,0.301886792,1,0.440677966,0.016949153,0.050847458,0.355932203,0.13559322
767,0.896551724,0.103448276,0.018867925,0.698113208,0.037735849,0,0.245283019,1,0.018518519,0.074074074,0.444444444,0.462962963,0
768,0.906976744,0.093023256,0,0.703703704,0.074074074,0,0.222222222,1,0.078431373,0.019607843,0.450980392,0.450980392,0
769,0.876404494,0.123595506,0.038461538,0.769230769,0,0,0.192307692,1,0,0,0.470588235,0.509803922,0.019607843
770,0.876404494,0.123595506,0.054545455,0.672727273,0.036363636,0.018181818,0.218181818,1,0,0.038461538,0.423076923,0.538461538,0
771,0.928571429,0.071428571,0.035714286,0.642857143,0.071428571,0,0.25,1,0.037735849,0.056603774,0.471698113,0.433962264,0
772,0.906976744,0.093023256,0,0.684210526,0.122807018,0,0.192982456,1,0.019230769,0.038461538,0.403846154,0.538461538,0
773,0.917647059,0.082352941,0.019607843,0.68627451,0,0.058823529,0.235294118,1,0,0.13559322,0.389830508,0.457627119,0.016949153
774,0.939759036,0.060240964,0.122807018,0.578947368,0,0.035087719,0.263157895,1,0.016666667,0.066666667,0.333333333,0.483333333,0.1
775,0.951219512,0.048780488,0.055555556,0.703703704,0.018518519,0.074074074,0.148148148,1,0,0.087719298,0.368421053,0.50877193,0.035087719
776,0.917647059,0.082352941,0,0.727272727,0.090909091,0.036363636,0.145454545,1,0,0.056603774,0.396226415,0.547169811,0
777,0.917647059,0.082352941,0.037735849,0,0.018867925,0.433962264,0.509433962,1,0.754716981,0,0.037735849,0.150943396,0.056603774
778,0.928571429,0.071428571,0,0.08,0,0.42,0.5,1,0.564516129,0.080645161,0,0.241935484,0.112903226
779,0.951219512,0.048780488,0.019230769,0.057692308,0.019230769,0.307692308,0.596153846,1,0.609375,0.015625,0,0.171875,0.203125
780,0.928571429,0.071428571,0,0.08,0,0.38,0.54,1,0.65,0,0,0.183333333,0.166666667
781,0.939759036,0.060240964,0,0.096153846,0.038461538,0.346153846,0.519230769,1,0.690909091,0,0.090909091,0.127272727,0.090909091
782,0.939759036,0.060240964,0.071428571,0,0.035714286,0.339285714,0.553571429,1,0.735849057,0,0.113207547,0.094339623,0.056603774
783,0.975,0.025,0.1,0.05,0.066666667,0.4,0.383333333,1,0.705882353,0.019607843,0.039215686,0.235294118,0
784,1,0,0.089285714,0.035714286,0.017857143,0.392857143,0.464285714,1,0.672727273,0.054545455,0.109090909,0.127272727,0.036363636
785,1,0,0.138461538,0.015384615,0.092307692,0.307692308,0.446153846,1,0.618181818,0.054545455,0.054545455,0.236363636,0.036363636
786,0.962962963,0.037037037,0.083333333,0.6,0.083333333,0.033333333,0.2,1,0,0.070175439,0.350877193,0.526315789,0.052631579
787,0.917647059,0.082352941,0.089285714,0.660714286,0.017857143,0.053571429,0.178571429,1,0.018867925,0.018867925,0.396226415,0.528301887,0.037735849
788,0.951219512,0.048780488,0.089285714,0.660714286,0.017857143,0.053571429,0.178571429,1,0.018867925,0.056603774,0.452830189,0.471698113,0
789,0.928571429,0.071428571,0.055555556,0.722222222,0.018518519,0.037037037,0.166666667,1,0,0.074074074,0.425925926,0.5,0
790,0.917647059,0.082352941,0,0.74,0,0.02,0.24,1,0,0.129032258,0.338709677,0.467741935,0.064516129
791,0.939759036,0.060240964,0,0.64,0,0.02,0.34,1,0.116666667,0.1,0.383333333,0.333333333,0.066666667
792,0.939759036,0.060240964,0,0.692307692,0.038461538,0.038461538,0.230769231,1,0.066666667,0.083333333,0.316666667,0.45,0.083333333
793,0.917647059,0.082352941,0,0.672727273,0.090909091,0.036363636,0.2,1,0.092592593,0.037037037,0.333333333,0.5,0.037037037
794,0.939759036,0.060240964,0,0.62295082,0.180327869,0.016393443,0.180327869,1,0.072727273,0.036363636,0.254545455,0.581818182,0.054545455
795,0.987341772,0.012658228,0.072727273,0.690909091,0.018181818,0,0.218181818,1,0.033898305,0.033898305,0.389830508,0.423728814,0.118644068
796,0.951219512,0.048780488,0.06779661,0.627118644,0.084745763,0.016949153,0.203389831,1,0.015625,0.03125,0.1875,0.578125,0.1875
797,0.987341772,0.012658228,0.166666667,0.55,0,0.1,0.183333333,1,0,0.046153846,0.2,0.569230769,0.184615385
798,0.987341772,0.012658228,0.158730159,0.507936508,0.047619048,0.079365079,0.206349206,1,0,0.072463768,0.115942029,0.608695652,0.202898551
799,0.987341772,0.012658228,0.066666667,0.65,0.1,0.016666667,0.166666667,1,0,0.044776119,0.149253731,0.597014925,0.208955224
800,0.962962963,0.037037037,0.084745763,0.627118644,0.06779661,0,0.220338983,1,0.029850746,0,0.149253731,0.567164179,0.253731343
801,0.975,0.025,0.035087719,0.649122807,0.087719298,0.01754386,0.210526316,1,0.095238095,0,0.19047619,0.507936508,0.206349206
802,0.939759036,0.060240964,0.018867925,0.735849057,0.037735849,0.037735849,0.169811321,1,0.016393443,0.016393443,0.278688525,0.524590164,0.163934426
803,0.917647059,0.082352941,0,0.764705882,0.019607843,0,0.215686275,1,0.035714286,0.035714286,0.410714286,0.446428571,0.071428571
804,0.896551724,0.103448276,0,0.730769231,0.038461538,0,0.230769231,1,0.037735849,0.056603774,0.452830189,0.452830189,0
805,0.906976744,0.093023256,0.019607843,0.764705882,0,0.058823529,0.156862745,1,0.038461538,0.038461538,0.442307692,0.480769231,0
806,0.906976744,0.093023256,0.074074074,0.685185185,0,0.055555556,0.185185185,1,0,0.037037037,0.407407407,0.518518519,0.037037037
807,0.917647059,0.082352941,0.19047619,0.444444444,0.015873016,0.015873016,0.333333333,1,0.018867925,0.056603774,0.471698113,0.452830189,0
808,0.939759036,0.060240964,0,0.603773585,0.056603774,0.056603774,0.283018868,1,0.140350877,0.087719298,0.350877193,0.385964912,0.035087719
809,0.906976744,0.093023256,0.034482759,0,0.103448276,0.344827586,0.517241379,1,0.703703704,0.018518519,0,0.222222222,0.055555556
810,0.987341772,0.012658228,0.01754386,0.087719298,0.105263158,0.333333333,0.456140351,1,0.690909091,0.036363636,0.054545455,0.163636364,0.054545455
811,1,0,0.06557377,0.016393443,0.114754098,0.31147541,0.491803279,1,0.593220339,0.118644068,0.050847458,0.203389831,0.033898305
812,0.987341772,0.012658228,0.053571429,0.017857143,0.053571429,0.428571429,0.446428571,1,0.655172414,0.068965517,0,0.206896552,0.068965517
813,0.975,0.025,0,0.016666667,0.166666667,0.233333333,0.583333333,1,0.65,0.1,0.033333333,0.15,0.066666667
814,0.906976744,0.093023256,0,0,0.074074074,0.277777778,0.648148148,1,0.639344262,0.06557377,0.016393443,0.163934426,0.114754098
815,0.939759036,0.060240964,0.090909091,0.072727273,0,0.436363636,0.4,1,0.648148148,0.037037037,0.018518519,0.259259259,0.037037037
816,0.939759036,0.060240964,0.036363636,0.090909091,0.054545455,0.272727273,0.545454545,1,0.564516129,0.032258065,0.016129032,0.225806452,0.161290323
817,0.939759036,0.060240964,0,0.094339623,0.056603774,0.320754717,0.528301887,1,0.655172414,0.017241379,0.034482759,0.172413793,0.120689655
818,0.928571429,0.071428571,0.037037037,0.055555556,0.037037037,0.37037037,0.5,1,0.703703704,0.018518519,0.055555556,0.166666667,0.055555556
819,0.962962963,0.037037037,0.038461538,0.057692308,0,0.403846154,0.5,1,0.65,0.016666667,0,0.183333333,0.15
820,0.987341772,0.012658228,0,0.14,0,0.26,0.6,1,0.550724638,0.028985507,0,0.173913043,0.246376812
821,0.906976744,0.093023256,0,0.037735849,0.056603774,0.264150943,0.641509434,1,0.677966102,0,0.033898305,0.13559322,0.152542373
822,0.951219512,0.048780488,0.036363636,0.072727273,0.054545455,0.381818182,0.454545455,1,0.678571429,0,0,0.214285714,0.107142857
823,0.962962963,0.037037037,0.018181818,0.109090909,0.072727273,0.345454545,0.454545455,1,0.649122807,0,0.01754386,0.210526316,0.122807018
824,0.906976744,0.093023256,0.019230769,0.057692308,0.019230769,0.384615385,0.519230769,1,0.716981132,0,0.075471698,0.150943396,0.056603774
825,0.975,0.025,0.033898305,0.033898305,0.118644068,0.220338983,0.593220339,1,0.616666667,0.066666667,0.083333333,0.133333333,0.1
826,1,0,0,0.016949153,0.152542373,0.305084746,0.525423729,1,0.612903226,0.129032258,0,0.193548387,0.064516129
827,0.987341772,0.012658228,0.051724138,0.017241379,0.086206897,0.25862069,0.586206897,1,0.545454545,0.106060606,0.015151515,0.196969697,0.136363636
828,0.939759036,0.060240964,0,0.017857143,0.107142857,0.267857143,0.607142857,1,0.65,0.066666667,0.033333333,0.15,0.1
829,1,0,0.125,0,0.09375,0.3125,0.46875,1,0.690909091,0.018181818,0.018181818,0.2,0.072727273
830,0.975,0.025,0.018181818,0,0.072727273,0.309090909,0.6,1,0.584615385,0.092307692,0.015384615,0.169230769,0.138461538
831,0.962962963,0.037037037,0.019607843,0,0,0.31372549,0.666666667,1,0.542857143,0.085714286,0,0.171428571,0.2
832,0.987341772,0.012658228,0.114754098,0.049180328,0.06557377,0.098360656,0.672131148,1,0.507042254,0,0,0.197183099,0.295774648
833,1,0,0.14516129,0,0.048387097,0.112903226,0.693548387,1,0.569230769,0.015384615,0.107692308,0.092307692,0.215384615
834,1,0,0.196969697,0,0.045454545,0.136363636,0.621212121,1,0.53125,0,0.078125,0.171875,0.21875
835,0.939759036,0.060240964,0.06779661,0.016949153,0.084745763,0.237288136,0.593220339,1,0.555555556,0.047619048,0.015873016,0.222222222,0.158730159
836,0.962962963,0.037037037,0.01754386,0.140350877,0.105263158,0.333333333,0.403508772,1,0.685185185,0,0,0.240740741,0.074074074
837,0.939759036,0.060240964,0.01754386,0.01754386,0.105263158,0.350877193,0.50877193,1,0.649122807,0.087719298,0.01754386,0.210526316,0.035087719
838,0.939759036,0.060240964,0.036363636,0,0.054545455,0.309090909,0.6,1,0.655737705,0.049180328,0,0.163934426,0.131147541
839,0.917647059,0.082352941,0,0.018867925,0.056603774,0.245283019,0.679245283,1,0.612903226,0.048387097,0.064516129,0.129032258,0.14516129
840,0.917647059,0.082352941,0,0.038461538,0.038461538,0.384615385,0.538461538,1,0.727272727,0.036363636,0.036363636,0.145454545,0.054545455
841,0.951219512,0.048780488,0.06779661,0.033898305,0.084745763,0.305084746,0.508474576,1,0.685185185,0.055555556,0.074074074,0.166666667,0.018518519
842,0.951219512,0.048780488,0.031746032,0.047619048,0.174603175,0.222222222,0.523809524,1,0.660714286,0.035714286,0.017857143,0.214285714,0.071428571
843,0.906976744,0.093023256,0,0.087719298,0.122807018,0.175438596,0.614035088,1,0.648148148,0.055555556,0.166666667,0.111111111,0.018518519
844,0.896551724,0.103448276,0,0.031746032,0.206349206,0.206349206,0.555555556,1,0.698113208,0.056603774,0.018867925,0.226415094,0
845,0.917647059,0.082352941,0.01754386,0.01754386,0.105263158,0.333333333,0.526315789,1,0.703703704,0.074074074,0.037037037,0.185185185,0
846,0.928571429,0.071428571,0.019230769,0.019230769,0.019230769,0.384615385,0.557692308,1,0.677966102,0.033898305,0,0.169491525,0.118644068
847,0.987341772,0.012658228,0.016949153,0.644067797,0.13559322,0.06779661,0.13559322,1,0,0.101449275,0.101449275,0.623188406,0.173913043
848,0.962962963,0.037037037,0.019230769,0.057692308,0.019230769,0.423076923,0.480769231,1,0.633333333,0.05,0,0.2,0.116666667
849,1,0,0.087719298,0,0.035087719,0.385964912,0.49122807,1,0.661016949,0.050847458,0.016949153,0.169491525,0.101694915
850,1,0,0.048387097,0.064516129,0.14516129,0.258064516,0.483870968,1,0.610169492,0.06779661,0.016949153,0.220338983,0.084745763
851,0.962962963,0.037037037,0.084745763,0,0.06779661,0.237288136,0.610169492,1,0.53125,0.09375,0.0625,0.1875,0.125
852,0.975,0.025,0,0.056603774,0.056603774,0.358490566,0.528301887,1,0.633333333,0.083333333,0.05,0.15,0.083333333
853,0.962962963,0.037037037,0.053571429,0.071428571,0.053571429,0.357142857,0.464285714,1,0.614035088,0.052631579,0.052631579,0.210526316,0.070175439
854,0.975,0.025,0,0,0.056603774,0.452830189,0.490566038,1,0.689655172,0.086206897,0.017241379,0.155172414,0.051724138
855,0.951219512,0.048780488,0,0,0.038461538,0.288461538,0.673076923,1,0.575757576,0.121212121,0.045454545,0.136363636,0.121212121
856,0.917647059,0.082352941,0.018181818,0,0.072727273,0.4,0.509090909,1,0.540983607,0.163934426,0,0.278688525,0.016393443
857,0.928571429,0.071428571,0.018867925,0.056603774,0.037735849,0.433962264,0.452830189,1,0.703703704,0.055555556,0.018518519,0.203703704,0.018518519
858,0.939759036,0.060240964,0,0.016949153,0.152542373,0.271186441,0.559322034,1,0.590163934,0.131147541,0,0.229508197,0.049180328
859,0.928571429,0.071428571,0,0.081967213,0.180327869,0.147540984,0.590163934,1,0.722222222,0,0.074074074,0.12962963,0.074074074
860,0.906976744,0.093023256,0.015384615,0,0.215384615,0.169230769,0.6,1,0.75,0.019230769,0.057692308,0.153846154,0.019230769
861,0.917647059,0.082352941,0.015384615,0.030769231,0.215384615,0.123076923,0.615384615,1,0.740740741,0,0.037037037,0.148148148,0.074074074
862,0.939759036,0.060240964,0.034482759,0.017241379,0.103448276,0.379310345,0.465517241,1,0.735849057,0.037735849,0,0.20754717,0.018867925
863,0.939759036,0.060240964,0.076923077,0,0.153846154,0.246153846,0.523076923,1,0.764705882,0,0.039215686,0.176470588,0.019607843
864,0.962962963,0.037037037,0.035087719,0.035087719,0.087719298,0.368421053,0.473684211,1,0.727272727,0,0,0.181818182,0.090909091
865,0.951219512,0.048780488,0,0.12962963,0.074074074,0.296296296,0.5,1,0.627118644,0,0.016949153,0.203389831,0.152542373
866,0.896551724,0.103448276,0,0,0,0.4,0.6,1,0.714285714,0,0.053571429,0.125,0.107142857
867,0.917647059,0.082352941,0,0.053571429,0.107142857,0.339285714,0.5,1,0.784313725,0,0.039215686,0.156862745,0.019607843
868,0.928571429,0.071428571,0.01754386,0,0.105263158,0.421052632,0.456140351,1,0.75,0.038461538,0,0.211538462,0
869,0.896551724,0.103448276,0,0,0.090909091,0.418181818,0.490909091,1,0.784313725,0,0,0.196078431,0.019607843
870,0.906976744,0.093023256,0.053571429,0,0.053571429,0.375,0.517857143,1,0.690909091,0,0,0.218181818,0.090909091
871,0.906976744,0.093023256,0.037037037,0,0.037037037,0.351851852,0.574074074,1,0.696428571,0.017857143,0.035714286,0.160714286,0.089285714
872,0.951219512,0.048780488,0.038461538,0.057692308,0,0.346153846,0.557692308,1,0.616666667,0.033333333,0.066666667,0.15,0.133333333
873,0.975,0.025,0.112903226,0,0.080645161,0.161290323,0.64516129,1,0.603174603,0,0.047619048,0.142857143,0.206349206
874,0.962962963,0.037037037,0.13559322,0.016949153,0.016949153,0.220338983,0.610169492,1,0.596774194,0,0.048387097,0.161290323,0.193548387
875,0.939759036,0.060240964,0.052631579,0.087719298,0.070175439,0.192982456,0.596491228,1,0.620689655,0,0.103448276,0.137931034,0.137931034
876,0.987341772,0.012658228,0.019607843,0.039215686,0,0.274509804,0.666666667,1,0.5,0.097222222,0.027777778,0.166666667,0.208333333
877,0.962962963,0.037037037,0.098360656,0.016393443,0.081967213,0.114754098,0.68852459,1,0.5625,0.015625,0.09375,0.125,0.203125
878,0.928571429,0.071428571,0.055555556,0.018518519,0.018518519,0.037037037,0.87037037,1,0.520547945,0,0.054794521,0.109589041,0.315068493
879,0.951219512,0.048780488,0.019230769,0.019230769,0.019230769,0.019230769,0.923076923,1,0.52,0.04,0.08,0.066666667,0.293333333
880,1,0,0.112903226,0.016129032,0.080645161,0.274193548,0.516129032,1,0.678571429,0.017857143,0.071428571,0.142857143,0.089285714
881,0.987341772,0.012658228,0.102941176,0.5,0.161764706,0.014705882,0.220588235,1,0,0.090909091,0.345454545,0.563636364,0
882,0.987341772,0.012658228,0.044776119,0.552238806,0.208955224,0,0.194029851,1,0.094339623,0.037735849,0.283018868,0.566037736,0.018867925
883,0.962962963,0.037037037,0.092307692,0.584615385,0.138461538,0.015384615,0.169230769,1,0,0,0.365384615,0.596153846,0.038461538
884,0.928571429,0.071428571,0.01754386,0.666666667,0.105263158,0,0.210526316,1,0.036363636,0.054545455,0.363636364,0.509090909,0.036363636
885,0.962962963,0.037037037,0.05,0.6,0.116666667,0.05,0.183333333,1,0.052631579,0.070175439,0.280701754,0.543859649,0.052631579
886,0.962962963,0.037037037,0.037735849,0.679245283,0.018867925,0.075471698,0.188679245,1,0.031746032,0.095238095,0.26984127,0.492063492,0.111111111
887,0.951219512,0.048780488,0,0.74,0,0.06,0.2,1,0.016129032,0.112903226,0.338709677,0.451612903,0.080645161
888,0.928571429,0.071428571,0.019230769,0.711538462,0.019230769,0.057692308,0.192307692,1,0.056603774,0.056603774,0.452830189,0.433962264,0
889,0.951219512,0.048780488,0,0.641509434,0.056603774,0.018867925,0.283018868,1,0.03030303,0.136363636,0.272727273,0.454545455,0.106060606
890,0.928571429,0.071428571,0.066666667,0.633333333,0.1,0,0.2,1,0.037037037,0,0.333333333,0.555555556,0.074074074
891,0.962962963,0.037037037,0.093333333,0.426666667,0.24,0.026666667,0.213333333,1,0.06557377,0.049180328,0.016393443,0.737704918,0.131147541
892,1,0,0,0.596774194,0.193548387,0.064516129,0.14516129,1,0.086206897,0.086206897,0.206896552,0.568965517,0.051724138
893,0.928571429,0.071428571,0.05,0.616666667,0.116666667,0.083333333,0.133333333,1,0.076923077,0,0.269230769,0.615384615,0.038461538
894,0.917647059,0.082352941,0,0.764705882,0.019607843,0,0.215686275,1,0.054545455,0.036363636,0.418181818,0.436363636,0.054545455
895,0.906976744,0.093023256,0,0.678571429,0.107142857,0.017857143,0.196428571,1,0.037735849,0.037735849,0.377358491,0.528301887,0.018867925
896,0.896551724,0.103448276,0.018181818,0.727272727,0.072727273,0.036363636,0.145454545,1,0.019230769,0,0.365384615,0.576923077,0.038461538
897,0.917647059,0.082352941,0.019607843,0.705882353,0,0.098039216,0.176470588,1,0.084745763,0.016949153,0.254237288,0.508474576,0.13559322
898,0.917647059,0.082352941,0,0.673076923,0.038461538,0,0.288461538,1,0.169811321,0,0.41509434,0.358490566,0.056603774
899,0.928571429,0.071428571,0.035087719,0.684210526,0.087719298,0.01754386,0.175438596,1,0.076923077,0,0.365384615,0.519230769,0.038461538
900,0.886363636,0.113636364,0.083333333,0.583333333,0.083333333,0.033333333,0.216666667,1,0.02,0,0.4,0.58,0
901,0.951219512,0.048780488,0.13559322,0.457627119,0.016949153,0.016949153,0.372881356,1,0.166666667,0.037037037,0.444444444,0.314814815,0.037037037
902,0.987341772,0.012658228,0.055555556,0.722222222,0.018518519,0.074074074,0.12962963,1,0.080645161,0,0.209677419,0.516129032,0.193548387
903,0.928571429,0.071428571,0.018867925,0.754716981,0.037735849,0.037735849,0.150943396,1,0.01754386,0,0.333333333,0.526315789,0.122807018
904,0.975,0.025,0.019230769,0.115384615,0.019230769,0.423076923,0.423076923,1,0.566666667,0.1,0.033333333,0.233333333,0.066666667
905,0.906976744,0.093023256,0,0.075471698,0.056603774,0.358490566,0.509433962,1,0.716981132,0.018867925,0.056603774,0.169811321,0.037735849
906,0.928571429,0.071428571,0.017241379,0.051724138,0.120689655,0.362068966,0.448275862,1,0.679245283,0.056603774,0.018867925,0.245283019,0
907,0.906976744,0.093023256,0,0.705882353,0.019607843,0,0.274509804,1,0.107142857,0.017857143,0.375,0.410714286,0.089285714
908,0.886363636,0.113636364,0,0.8,0,0.02,0.18,1,0.035714286,0,0.339285714,0.517857143,0.107142857
909,0.917647059,0.082352941,0,0.74,0,0.04,0.22,1,0.090909091,0.036363636,0.4,0.418181818,0.054545455
910,0.939759036,0.060240964,0.087719298,0.649122807,0.035087719,0.052631579,0.175438596,1,0,0.032786885,0.245901639,0.573770492,0.147540984
911,0.962962963,0.037037037,0.018518519,0.703703704,0.055555556,0.111111111,0.111111111,1,0,0.083333333,0.283333333,0.55,0.083333333
912,0.962962963,0.037037037,0.033333333,0.633333333,0.133333333,0.05,0.15,1,0.016129032,0.064516129,0.177419355,0.612903226,0.129032258
913,0.939759036,0.060240964,0,0.709090909,0.090909091,0.018181818,0.181818182,1,0,0.076923077,0.2,0.569230769,0.153846154
914,0.962962963,0.037037037,0.018867925,0.641509434,0.037735849,0.037735849,0.264150943,1,0.157894737,0.01754386,0.350877193,0.368421053,0.105263158
915,0.906976744,0.093023256,0,0.692307692,0.038461538,0.038461538,0.230769231,1,0.096153846,0.038461538,0.442307692,0.423076923,0
916,0.928571429,0.071428571,0.120689655,0.637931034,0.017241379,0.068965517,0.155172414,1,0,0,0.351851852,0.574074074,0.074074074
917,0.928571429,0.071428571,0.074074074,0.722222222,0,0.018518519,0.185185185,1,0.037735849,0,0.433962264,0.471698113,0.056603774
918,0.939759036,0.060240964,0.107142857,0.696428571,0,0.035714286,0.160714286,1,0.019607843,0,0.470588235,0.490196078,0.019607843
919,0.917647059,0.082352941,0.037037037,0.685185185,0.037037037,0.055555556,0.185185185,1,0.037735849,0.056603774,0.41509434,0.490566038,0
920,0.906976744,0.093023256,0.074074074,0.685185185,0,0.018518519,0.222222222,1,0,0.055555556,0.444444444,0.481481481,0.018518519
921,0.951219512,0.048780488,0.017241379,0.655172414,0.120689655,0.017241379,0.189655172,1,0,0.103448276,0.327586207,0.534482759,0.034482759
922,0.975,0.025,0.01754386,0.666666667,0.105263158,0,0.210526316,1,0.049180328,0.081967213,0.278688525,0.491803279,0.098360656
923,0.928571429,0.071428571,0.035714286,0.642857143,0.071428571,0.017857143,0.232142857,1,0.016393443,0.081967213,0.278688525,0.524590164,0.098360656
924,0.917647059,0.082352941,0.033333333,0.65,0.133333333,0.016666667,0.166666667,1,0.08,0,0.34,0.58,0
925,0.928571429,0.071428571,0,0.679245283,0.056603774,0.018867925,0.245283019,1,0.049180328,0.098360656,0.295081967,0.475409836,0.081967213
926,0.928571429,0.071428571,0.038461538,0.75,0,0,0.211538462,1,0.035087719,0,0.385964912,0.456140351,0.122807018
927,0.951219512,0.048780488,0.103448276,0.655172414,0.034482759,0.068965517,0.137931034,1,0.056603774,0,0.339622642,0.547169811,0.056603774
928,0.951219512,0.048780488,0,0.672727273,0.090909091,0.054545455,0.181818182,1,0.016129032,0.096774194,0.258064516,0.532258065,0.096774194
929,0.906976744,0.093023256,0.016393443,0.573770492,0.163934426,0.032786885,0.213114754,1,0.092592593,0,0.240740741,0.592592593,0.074074074
930,0.928571429,0.071428571,0.016393443,0.62295082,0.163934426,0,0.196721311,1,0.078431373,0.019607843,0.352941176,0.549019608,0
931,0.939759036,0.060240964,0.037037037,0.703703704,0.037037037,0.092592593,0.12962963,1,0.075471698,0,0.358490566,0.509433962,0.056603774
932,0.917647059,0.082352941,0,0.745098039,0.019607843,0.039215686,0.196078431,1,0.034482759,0.034482759,0.344827586,0.482758621,0.103448276
933,0.962962963,0.037037037,0,0.725490196,0.019607843,0.058823529,0.196078431,1,0,0.140625,0.3125,0.46875,0.078125
934,0.939759036,0.060240964,0.055555556,0.722222222,0.018518519,0,0.203703704,1,0.016949153,0.050847458,0.338983051,0.491525424,0.101694915
935,0.939759036,0.060240964,0.053571429,0.678571429,0.053571429,0.017857143,0.196428571,1,0.053571429,0,0.339285714,0.5,0.107142857
936,0.928571429,0.071428571,0,0.764705882,0.019607843,0.039215686,0.176470588,1,0.052631579,0.035087719,0.350877193,0.473684211,0.087719298
937,0.951219512,0.048780488,0.019607843,0.705882353,0,0.156862745,0.117647059,1,0.090909091,0.054545455,0.345454545,0.472727273,0.036363636
938,0.896551724,0.103448276,0.019230769,0.692307692,0.019230769,0.057692308,0.211538462,1,0,0.054545455,0.418181818,0.490909091,0.036363636
939,0.939759036,0.060240964,0.098360656,0.573770492,0.081967213,0.049180328,0.196721311,1,0,0.071428571,0.321428571,0.571428571,0.035714286
940,0.928571429,0.071428571,0,0.660714286,0.107142857,0.053571429,0.178571429,1,0.127272727,0,0.254545455,0.527272727,0.090909091
941,0.975,0.025,0.032258065,0.532258065,0.161290323,0.080645161,0.193548387,1,0.044776119,0.134328358,0.089552239,0.611940299,0.119402985
942,0.917647059,0.082352941,0,0.655737705,0.180327869,0,0.163934426,1,0.037735849,0,0.283018868,0.622641509,0.056603774
943,0.928571429,0.071428571,0,0.727272727,0.090909091,0.054545455,0.127272727,1,0.057692308,0,0.365384615,0.538461538,0.038461538
944,0.951219512,0.048780488,0.018867925,0.679245283,0.037735849,0.113207547,0.150943396,1,0.034482759,0.086206897,0.327586207,0.5,0.051724138
945,0.917647059,0.082352941,0,0.754716981,0.056603774,0.018867925,0.169811321,1,0,0.054545455,0.4,0.509090909,0.036363636
946,0.939759036,0.060240964,0,0.703703704,0.074074074,0,0.222222222,1,0.054545455,0.054545455,0.418181818,0.436363636,0.036363636
947,0.917647059,0.082352941,0.019607843,0.764705882,0,0.058823529,0.156862745,1,0.074074074,0,0.37037037,0.481481481,0.074074074
948,0.917647059,0.082352941,0.037735849,0.735849057,0.018867925,0.037735849,0.169811321,1,0,0.018518519,0.425925926,0.5,0.055555556
949,0.886363636,0.113636364,0,0.8,0,0.06,0.14,1,0.018518519,0,0.37037037,0.537037037,0.074074074
950,0.917647059,0.082352941,0.087719298,0.649122807,0.035087719,0.01754386,0.210526316,1,0,0,0.490196078,0.490196078,0.019607843
951,0.962962963,0.037037037,0,0.616666667,0.166666667,0,0.216666667,1,0.111111111,0.018518519,0.333333333,0.481481481,0.055555556
952,0.917647059,0.082352941,0,0.696428571,0.107142857,0,0.196428571,1,0.056603774,0,0.377358491,0.509433962,0.056603774
953,0.928571429,0.071428571,0.035087719,0.684210526,0.087719298,0.052631579,0.140350877,1,0.034482759,0,0.224137931,0.603448276,0.137931034
954,0.906976744,0.093023256,0,0.745098039,0.019607843,0.039215686,0.196078431,1,0.035087719,0.035087719,0.350877193,0.49122807,0.087719298
955,0.906976744,0.093023256,0.018867925,0.754716981,0.037735849,0.018867925,0.169811321,1,0.037735849,0,0.396226415,0.509433962,0.056603774
956,0.939759036,0.060240964,0,0.735849057,0.056603774,0.037735849,0.169811321,1,0.068965517,0.034482759,0.293103448,0.5,0.103448276
957,0.987341772,0.012658228,0,0.769230769,0.038461538,0.038461538,0.153846154,1,0.016393443,0.081967213,0.344262295,0.459016393,0.098360656
958,0.975,0.025,0,0.696428571,0.107142857,0,0.196428571,1,0.017241379,0.103448276,0.379310345,0.465517241,0.034482759
959,0.962962963,0.037037037,0.083333333,0.566666667,0.083333333,0.033333333,0.233333333,1,0.018181818,0.090909091,0.418181818,0.472727273,0
960,0.962962963,0.037037037,0.016949153,0.677966102,0.13559322,0,0.169491525,1,0,0.054545455,0.381818182,0.527272727,0.036363636
961,0.896551724,0.103448276,0,0.769230769,0.038461538,0,0.192307692,1,0,0.036363636,0.4,0.509090909,0.054545455
962,0.928571429,0.071428571,0.018518519,0.037037037,0.055555556,0.314814815,0.574074074,1,0.696428571,0,0.071428571,0.125,0.107142857
963,0.975,0.025,0.087719298,0,0.035087719,0.368421053,0.50877193,1,0.606557377,0.06557377,0,0.213114754,0.114754098
964,0.928571429,0.071428571,0.068965517,0.034482759,0.068965517,0.24137931,0.586206897,1,0.610169492,0,0.050847458,0.186440678,0.152542373
965,0.917647059,0.082352941,0.037037037,0.685185185,0.037037037,0.018518519,0.222222222,1,0.098039216,0,0.450980392,0.431372549,0.019607843
966,0.951219512,0.048780488,0.018518519,0.740740741,0.055555556,0.018518519,0.166666667,1,0.053571429,0.017857143,0.357142857,0.482142857,0.089285714
967,0.962962963,0.037037037,0.055555556,0.722222222,0.018518519,0.018518519,0.185185185,1,0.074074074,0,0.425925926,0.425925926,0.074074074
968,0.939759036,0.060240964,0.087719298,0.684210526,0.035087719,0.01754386,0.175438596,1,0.018518519,0,0.388888889,0.518518519,0.074074074
969,0.975,0.025,0.056603774,0.698113208,0,0.018867925,0.226415094,1,0.015151515,0.060606061,0.272727273,0.46969697,0.181818182
970,0.962962963,0.037037037,0.15625,0.546875,0.0625,0.015625,0.21875,1,0,0.01754386,0.315789474,0.561403509,0.105263158
971,0.928571429,0.071428571,0.037037037,0.074074074,0.037037037,0.351851852,0.5,1,0.586206897,0.068965517,0.051724138,0.224137931,0.068965517
972,0.896551724,0.103448276,0,0,0.038461538,0.442307692,0.519230769,1,0.660714286,0.089285714,0.017857143,0.214285714,0.017857143
973,0.917647059,0.082352941,0.037735849,0,0.018867925,0.471698113,0.471698113,1,0.75,0.038461538,0.038461538,0.173076923,0
974,0.917647059,0.082352941,0.074074074,0.018518519,0,0.462962963,0.444444444,1,0.685185185,0.018518519,0,0.240740741,0.055555556
975,0.939759036,0.060240964,0.053571429,0.678571429,0.053571429,0.035714286,0.178571429,1,0.018867925,0.018867925,0.433962264,0.490566038,0.037735849
976,0.917647059,0.082352941,0.016393443,0.606557377,0.163934426,0,0.213114754,1,0.08,0,0.38,0.54,0
977,0.951219512,0.048780488,0.086206897,0.672413793,0.051724138,0.017241379,0.172413793,1,0.018867925,0,0.41509434,0.509433962,0.056603774
978,0.962962963,0.037037037,0.071428571,0.625,0.035714286,0.017857143,0.25,1,0.068965517,0.068965517,0.362068966,0.431034483,0.068965517
979,0.917647059,0.082352941,0.05,0.6,0.116666667,0.016666667,0.216666667,1,0.08,0,0.4,0.52,0
980,0.876404494,0.123595506,0.038461538,0.730769231,0,0.076923077,0.153846154,1,0.02,0,0.44,0.54,0
981,0.866666667,0.133333333,0,0.8,0,0.04,0.16,1,0.019230769,0,0.403846154,0.538461538,0.038461538
982,0.939759036,0.060240964,0.034482759,0.689655172,0.103448276,0.034482759,0.137931034,1,0,0,0.280701754,0.596491228,0.122807018
983,0.906976744,0.093023256,0,0.655737705,0.180327869,0.016393443,0.147540984,1,0.01754386,0,0.175438596,0.684210526,0.122807018
984,0.962962963,0.037037037,0.06779661,0.016949153,0.084745763,0.355932203,0.474576271,1,0.642857143,0.089285714,0.035714286,0.214285714,0.017857143
985,0.928571429,0.071428571,0,0.016393443,0.180327869,0.295081967,0.508196721,1,0.764705882,0.019607843,0.039215686,0.176470588,0
986,0.906976744,0.093023256,0.152542373,0.474576271,0,0,0.372881356,1,0.113207547,0.018867925,0.452830189,0.377358491,0.037735849
987,0.928571429,0.071428571,0.054545455,0.672727273,0.036363636,0.018181818,0.218181818,1,0,0.035087719,0.385964912,0.49122807,0.087719298
988,0.928571429,0.071428571,0,0.8,0,0.04,0.16,1,0.016666667,0.016666667,0.316666667,0.5,0.15
989,0.928571429,0.071428571,0,0.784313725,0.019607843,0.039215686,0.156862745,1,0.033898305,0.033898305,0.305084746,0.508474576,0.118644068
990,0.951219512,0.048780488,0,0.769230769,0.038461538,0.076923077,0.115384615,1,0.033898305,0.033898305,0.288135593,0.525423729,0.118644068
991,0.951219512,0.048780488,0,0.654545455,0.090909091,0,0.254545455,1,0.072727273,0.072727273,0.436363636,0.4,0.018181818
992,0.962962963,0.037037037,0.033333333,0.6,0.133333333,0.016666667,0.216666667,1,0.153846154,0,0.346153846,0.461538462,0.038461538
993,0.975,0.025,0.016129032,0.629032258,0.177419355,0,0.177419355,1,0.1,0,0.4,0.5,0
994,0.975,0.025,0.047619048,0.555555556,0.158730159,0,0.238095238,1,0.117647059,0.019607843,0.411764706,0.450980392,0
995,0.987341772,0.012658228,0.075757576,0.560606061,0.166666667,0.03030303,0.166666667,1,0.078431373,0,0.333333333,0.568627451,0.019607843
996,0.962962963,0.037037037,0.01754386,0.614035088,0.105263158,0.035087719,0.228070175,1,0.113207547,0.056603774,0.41509434,0.41509434,0
997,0.917647059,0.082352941,0.017857143,0.714285714,0.089285714,0.053571429,0.125,1,0,0.038461538,0.384615385,0.576923077,0
998,0.886363636,0.113636364,0.035714286,0.696428571,0.071428571,0.035714286,0.160714286,1,0,0,0.392156863,0.588235294,0.019607843
999,0.876404494,0.123595506,0,0.754716981,0.056603774,0,0.188679245,1,0.018181818,0,0.327272727,0.563636364,0.090909091
1000,0.928571429,0.071428571,0,0.722222222,0.074074074,0,0.203703704,1,0.075471698,0,0.41509434,0.452830189,0.056603774
1001,0.917647059,0.082352941,0.056603774,0.735849057,0,0,0.20754717,1,0,0,0.385964912,0.49122807,0.122807018
1002,0.906976744,0.093023256,0,0.784313725,0.019607843,0.039215686,0.156862745,1,0.01754386,0,0.333333333,0.526315789,0.122807018
1003,0.917647059,0.082352941,0.019607843,0.745098039,0,0.019607843,0.215686275,1,0.055555556,0.018518519,0.444444444,0.425925926,0.055555556
1004,0.928571429,0.071428571,0.018867925,0.735849057,0.037735849,0,0.20754717,1,0,0.081967213,0.31147541,0.508196721,0.098360656
1005,0.962962963,0.037037037,0,0.75,0.038461538,0.019230769,0.192307692,1,0.016393443,0.098360656,0.344262295,0.459016393,0.081967213
1006,0.987341772,0.012658228,0,0.690909091,0.090909091,0.018181818,0.2,1,0.034482759,0.103448276,0.396551724,0.431034483,0.034482759
1007,0.939759036,0.060240964,0.03125,0.625,0.1875,0,0.15625,1,0,0.019230769,0.326923077,0.634615385,0.019230769
1008,0.951219512,0.048780488,0.014925373,0.537313433,0.23880597,0.029850746,0.179104478,1,0.14,0,0.24,0.62,0
1009,0.951219512,0.048780488,0,0.074074074,0.074074074,0.351851852,0.5,1,0.616666667,0.033333333,0,0.216666667,0.133333333
1010,0.951219512,0.048780488,0.038461538,0.019230769,0,0.442307692,0.5,1,0.633333333,0.05,0,0.2,0.116666667
1011,0.962962963,0.037037037,0.019607843,0.098039216,0,0.411764706,0.470588235,1,0.644067797,0,0.016949153,0.186440678,0.152542373
1012,0.928571429,0.071428571,0.072727273,0,0.018181818,0.272727273,0.636363636,1,0.62295082,0.016393443,0.049180328,0.147540984,0.163934426
1013,0.975,0.025,0.152542373,0,0,0.305084746,0.542372881,1,0.616666667,0,0.033333333,0.183333333,0.166666667
1014,0.987341772,0.012658228,0.090909091,0.036363636,0,0.345454545,0.527272727,1,0.629032258,0,0,0.177419355,0.193548387
1015,0.987341772,0.012658228,0.107142857,0.089285714,0,0.339285714,0.464285714,1,0.590163934,0,0,0.229508197,0.180327869
1016,0.951219512,0.048780488,0.089285714,0.017857143,0.017857143,0.285714286,0.589285714,1,0.612903226,0,0.016129032,0.177419355,0.193548387
1017,0.951219512,0.048780488,0.090909091,0,0,0.272727273,0.636363636,1,0.553846154,0.046153846,0.046153846,0.169230769,0.184615385
1018,0.939759036,0.060240964,0.019230769,0.076923077,0.019230769,0.384615385,0.5,1,0.610169492,0.050847458,0.033898305,0.203389831,0.101694915
1019,0.951219512,0.048780488,0.086206897,0.017241379,0.051724138,0.327586207,0.517241379,1,0.666666667,0.01754386,0.01754386,0.192982456,0.105263158
1020,0.951219512,0.048780488,0.072727273,0.036363636,0.018181818,0.381818182,0.490909091,1,0.672727273,0.036363636,0.072727273,0.163636364,0.054545455
1021,0.951219512,0.048780488,0.089285714,0.035714286,0.017857143,0.357142857,0.5,1,0.637931034,0.017241379,0.017241379,0.206896552,0.120689655
1022,0.975,0.025,0.090909091,0.090909091,0,0.363636364,0.454545455,1,0.610169492,0,0.016949153,0.220338983,0.152542373
1023,0.975,0.025,0.06557377,0.032786885,0.114754098,0.262295082,0.524590164,1,0.672413793,0,0,0.189655172,0.137931034
1024,0.987341772,0.012658228,0.087719298,0,0.035087719,0.350877193,0.526315789,1,0.62295082,0.06557377,0.016393443,0.180327869,0.114754098
1025,0.975,0.025,0.105263158,0.070175439,0.01754386,0.298245614,0.50877193,1,0.620689655,0.017241379,0.068965517,0.172413793,0.120689655
1026,0.951219512,0.048780488,0,0.055555556,0.074074074,0.37037037,0.5,1,0.614035088,0.122807018,0.087719298,0.175438596,0
1027,0.928571429,0.071428571,0.016393443,0.032786885,0.163934426,0.131147541,0.655737705,1,0.644067797,0.033898305,0.06779661,0.13559322,0.118644068
1028,0.962962963,0.037037037,0.055555556,0.074074074,0.018518519,0.12962963,0.722222222,1,0.514285714,0.042857143,0.057142857,0.142857143,0.242857143
1029,0.951219512,0.048780488,0.061538462,0.123076923,0.169230769,0.030769231,0.615384615,1,0.491803279,0.032786885,0.131147541,0.196721311,0.147540984
1030,0.951219512,0.048780488,0.0625,0.046875,0.15625,0.140625,0.59375,1,0.614035088,0.035087719,0.105263158,0.157894737,0.087719298
1031,0.975,0.025,0,0.070175439,0.122807018,0.175438596,0.631578947,1,0.569230769,0.061538462,0.046153846,0.153846154,0.169230769
1032,0.928571429,0.071428571,0.046875,0.09375,0.171875,0.15625,0.53125,1,0.673076923,0.019230769,0.096153846,0.192307692,0.019230769
1033,0.987341772,0.012658228,0.016129032,0.483870968,0.177419355,0.096774194,0.225806452,1,0.079365079,0.174603175,0.174603175,0.53968254,0.031746032
1034,0.987341772,0.012658228,0.105263158,0,0.01754386,0.228070175,0.649122807,1,0.603174603,0.031746032,0.095238095,0.095238095,0.174603175
1035,0.962962963,0.037037037,0.037735849,0.056603774,0.018867925,0.320754717,0.566037736,1,0.59375,0.0625,0,0.1875,0.15625
1036,0.928571429,0.071428571,0.037735849,0.056603774,0.018867925,0.433962264,0.452830189,1,0.660714286,0.035714286,0,0.232142857,0.071428571
1037,0.939759036,0.060240964,0.137931034,0,0,0.413793103,0.448275862,1,0.685185185,0.018518519,0,0.240740741,0.055555556
1038,0.975,0.025,0,0.603773585,0.056603774,0.018867925,0.320754717,1,0.057971014,0.144927536,0.246376812,0.420289855,0.130434783
1039,0.975,0.025,0,0.416666667,0.166666667,0.066666667,0.35,1,0.245901639,0.098360656,0.180327869,0.393442623,0.081967213
1040,0.951219512,0.048780488,0.068965517,0.603448276,0.068965517,0.120689655,0.137931034,1,0.084745763,0.016949153,0.169491525,0.593220339,0.13559322
1041,0.987341772,0.012658228,0.103448276,0.603448276,0.034482759,0,0.25862069,1,0,0.080645161,0.35483871,0.451612903,0.112903226
1042,0.987341772,0.012658228,0.017857143,0.607142857,0.089285714,0.017857143,0.267857143,1,0.120689655,0.086206897,0.362068966,0.379310345,0.051724138
1043,0.987341772,0.012658228,0.035087719,0.526315789,0.087719298,0.01754386,0.333333333,1,0.116666667,0.133333333,0.366666667,0.35,0.033333333
1044,0.987341772,0.012658228,0,0.525423729,0.152542373,0.033898305,0.288135593,1,0.114754098,0.131147541,0.278688525,0.426229508,0.049180328
1045,0.962962963,0.037037037,0.017241379,0.413793103,0.120689655,0.224137931,0.224137931,1,0.296296296,0.055555556,0.185185185,0.444444444,0.018518519
1046,0.928571429,0.071428571,0.061538462,0.523076923,0.169230769,0.138461538,0.107692308,1,0.075471698,0.018867925,0.132075472,0.735849057,0.037735849
1047,0.939759036,0.060240964,0.073529412,0.529411765,0.191176471,0.014705882,0.191176471,1,0,0.037037037,0.259259259,0.666666667,0.037037037
1048,0.939759036,0.060240964,0.072727273,0,0.018181818,0.272727273,0.636363636,1,0.587301587,0.047619048,0.047619048,0.158730159,0.158730159
1049,0.939759036,0.060240964,0.072727273,0.018181818,0.018181818,0.2,0.690909091,1,0.582089552,0,0,0.164179104,0.253731343
1050,0.987341772,0.012658228,0.087719298,0.035087719,0.035087719,0.105263158,0.736842105,1,0.549295775,0.014084507,0.028169014,0.126760563,0.281690141
1051,0.987341772,0.012658228,0.096774194,0.064516129,0.096774194,0.064516129,0.677419355,1,0.529411765,0,0.044117647,0.161764706,0.264705882
1052,0.975,0.025,0.098360656,0.06557377,0.081967213,0.147540984,0.606557377,1,0.593220339,0.016949153,0.13559322,0.118644068,0.13559322
1053,0.906976744,0.093023256,0.063492063,0.031746032,0.142857143,0.206349206,0.555555556,1,0.72,0,0.12,0.16,0
1054,0.939759036,0.060240964,0.016949153,0.050847458,0.13559322,0.271186441,0.525423729,1,0.727272727,0,0,0.181818182,0.090909091
1055,0.951219512,0.048780488,0.032258065,0.016129032,0.161290323,0.306451613,0.483870968,1,0.672727273,0.072727273,0,0.236363636,0.018181818
1056,0.939759036,0.060240964,0.05,0.016666667,0.116666667,0.25,0.566666667,1,0.714285714,0,0.017857143,0.160714286,0.107142857
1057,0.928571429,0.071428571,0.037735849,0.037735849,0.018867925,0.452830189,0.452830189,1,0.75,0,0.038461538,0.173076923,0.038461538
1058,0.876404494,0.123595506,0.018518519,0,0.055555556,0.425925926,0.5,1,0.764705882,0.019607843,0,0.215686275,0
1059,0.917647059,0.082352941,0.050847458,0.016949153,0.101694915,0.322033898,0.508474576,1,0.75,0.019230769,0.019230769,0.192307692,0.019230769
1060,0.906976744,0.093023256,0.018181818,0.036363636,0.072727273,0.345454545,0.527272727,1,0.75,0.019230769,0.057692308,0.153846154,0.019230769
1061,0.928571429,0.071428571,0,0.036363636,0.090909091,0.309090909,0.563636364,1,0.655172414,0.068965517,0.034482759,0.172413793,0.068965517
1062,0.928571429,0.071428571,0,0,0,0.34,0.66,1,0.544117647,0.117647059,0,0.191176471,0.147058824
1063,0.951219512,0.048780488,0,0.017857143,0.107142857,0.285714286,0.589285714,1,0.644067797,0.084745763,0.06779661,0.13559322,0.06779661
1064,0.962962963,0.037037037,0.018867925,0.075471698,0.037735849,0.264150943,0.603773585,1,0.62295082,0.032786885,0.081967213,0.114754098,0.147540984
1065,0.951219512,0.048780488,0.017241379,0.017241379,0.120689655,0.310344828,0.534482759,1,0.714285714,0.035714286,0.017857143,0.160714286,0.071428571
1066,0.928571429,0.071428571,0,0.068965517,0.137931034,0.275862069,0.517241379,1,0.735849057,0.018867925,0.037735849,0.169811321,0.037735849
1067,0.939759036,0.060240964,0.037037037,0.296296296,0.037037037,0.296296296,0.333333333,1,0.549019608,0,0.156862745,0.274509804,0.019607843
1068,0.962962963,0.037037037,0.086206897,0.051724138,0.051724138,0.344827586,0.465517241,1,0.703703704,0.018518519,0.037037037,0.185185185,0.055555556
1069,0.962962963,0.037037037,0,0.16,0,0.32,0.52,1,0.461538462,0.107692308,0.092307692,0.215384615,0.123076923
1070,0.975,0.025,0,0.035714286,0.107142857,0.303571429,0.553571429,1,0.629032258,0.080645161,0,0.177419355,0.112903226
1071,0.975,0.025,0.035087719,0.140350877,0.087719298,0.157894737,0.578947368,1,0.576271186,0.033898305,0.152542373,0.118644068,0.118644068
1072,0.951219512,0.048780488,0.018867925,0.075471698,0.037735849,0.471698113,0.396226415,1,0.703703704,0.055555556,0,0.222222222,0.018518519
1073,0.917647059,0.082352941,0,0.153846154,0.038461538,0.346153846,0.461538462,1,0.648148148,0,0.074074074,0.203703704,0.074074074
1074,0.917647059,0.082352941,0.037037037,0,0.037037037,0.37037037,0.555555556,1,0.714285714,0,0.017857143,0.160714286,0.107142857
1075,0.917647059,0.082352941,0,0.730769231,0.038461538,0.019230769,0.211538462,1,0,0.081967213,0.31147541,0.508196721,0.098360656
1076,0.951219512,0.048780488,0.016949153,0.644067797,0.13559322,0.016949153,0.186440678,1,0.12,0,0.4,0.48,0
1077,0.975,0.025,0,0.637931034,0.137931034,0.017241379,0.206896552,1,0.053571429,0.107142857,0.375,0.464285714,0
1078,0.928571429,0.071428571,0.05,0.6,0.116666667,0,0.233333333,1,0.08,0,0.44,0.48,0
1079,0.928571429,0.071428571,0.079365079,0.619047619,0.126984127,0.015873016,0.158730159,1,0.019230769,0,0.307692308,0.634615385,0.038461538
1080,0.939759036,0.060240964,0.044776119,0.582089552,0.208955224,0.074626866,0.089552239,1,0,0.016949153,0.050847458,0.796610169,0.13559322
1081,0.917647059,0.082352941,0.046875,0.578125,0.171875,0,0.203125,1,0.036363636,0,0.236363636,0.636363636,0.090909091
1082,0.951219512,0.048780488,0.106666667,0.48,0.226666667,0.013333333,0.173333333,1,0,0.018867925,0.169811321,0.773584906,0.037735849
1083,0.939759036,0.060240964,0.01754386,0.649122807,0.105263158,0,0.228070175,1,0.075471698,0.056603774,0.41509434,0.452830189,0
1084,0.928571429,0.071428571,0.016949153,0.610169492,0.13559322,0,0.237288136,1,0.117647059,0,0.392156863,0.470588235,0.019607843
1085,0.939759036,0.060240964,0,0.735849057,0.056603774,0,0.20754717,1,0.053571429,0.035714286,0.392857143,0.446428571,0.071428571
1086,0.928571429,0.071428571,0,0.716981132,0.056603774,0,0.226415094,1,0,0.1,0.35,0.483333333,0.066666667
1087,0.939759036,0.060240964,0.037735849,0.018867925,0.018867925,0.358490566,0.566037736,1,0.655172414,0.051724138,0.068965517,0.137931034,0.086206897
1088,0.975,0.025,0.018181818,0.036363636,0.072727273,0.236363636,0.636363636,1,0.567164179,0.059701493,0.014925373,0.164179104,0.194029851
1089,0.939759036,0.060240964,0.036363636,0.709090909,0.054545455,0.018181818,0.181818182,1,0.017241379,0.017241379,0.327586207,0.517241379,0.120689655
1090,0.962962963,0.037037037,0.064516129,0.64516129,0.129032258,0,0.161290323,1,0,0,0.177419355,0.629032258,0.193548387
1091,0.906976744,0.093023256,0.01754386,0.684210526,0.105263158,0,0.192982456,1,0,0,0.174603175,0.619047619,0.206349206
1092,0.939759036,0.060240964,0.016129032,0.596774194,0.177419355,0.032258065,0.177419355,1,0.109090909,0,0.2,0.6,0.090909091
1093,0.962962963,0.037037037,0.051724138,0.655172414,0.086206897,0.068965517,0.137931034,1,0.098039216,0,0.37254902,0.509803922,0.019607843
1094,0.939759036,0.060240964,0.016129032,0.612903226,0.177419355,0.016129032,0.177419355,1,0.117647059,0,0.294117647,0.568627451,0.019607843
1095,0.928571429,0.071428571,0,0.690909091,0.090909091,0,0.218181818,1,0.037735849,0.037735849,0.452830189,0.452830189,0.018867925
1096,0.906976744,0.093023256,0,0.78,0,0.04,0.18,1,0.056603774,0,0.433962264,0.452830189,0.056603774
1097,0.939759036,0.060240964,0.095238095,0.587301587,0.111111111,0.015873016,0.19047619,1,0.018181818,0,0.290909091,0.6,0.090909091
1098,0.951219512,0.048780488,0.018518519,0.740740741,0.055555556,0,0.185185185,1,0,0.048387097,0.290322581,0.516129032,0.14516129
1099,0.928571429,0.071428571,0.017241379,0.672413793,0.120689655,0.051724138,0.137931034,1,0,0.052631579,0.263157895,0.614035088,0.070175439
1100,0.939759036,0.060240964,0.043478261,0.536231884,0.231884058,0.057971014,0.130434783,1,0.055555556,0.018518519,0.111111111,0.759259259,0.055555556
1101,0.951219512,0.048780488,0.063492063,0.619047619,0.142857143,0.047619048,0.126984127,1,0.035714286,0.017857143,0.196428571,0.660714286,0.089285714
1102,0.906976744,0.093023256,0.015151515,0.575757576,0.227272727,0.03030303,0.151515152,1,0.018181818,0.018181818,0.145454545,0.745454545,0.072727273
1103,0.886363636,0.113636364,0.016666667,0.65,0.15,0.066666667,0.116666667,1,0.01754386,0,0.122807018,0.736842105,0.122807018
1104,0.928571429,0.071428571,0.017241379,0.655172414,0.120689655,0.034482759,0.172413793,1,0.033898305,0.016949153,0.220338983,0.593220339,0.13559322
1105,0.917647059,0.082352941,0.018181818,0.654545455,0.072727273,0.018181818,0.236363636,1,0.075471698,0.037735849,0.41509434,0.452830189,0.018867925
1106,0.987341772,0.012658228,0.054545455,0.109090909,0.036363636,0.363636364,0.436363636,1,0.596491228,0.070175439,0.087719298,0.192982456,0.052631579
1107,0.962962963,0.037037037,0,0.018867925,0.056603774,0.396226415,0.528301887,1,0.65,0.1,0.016666667,0.166666667,0.066666667
1108,0.896551724,0.103448276,0.019230769,0.730769231,0.019230769,0.019230769,0.211538462,1,0.037735849,0.018867925,0.433962264,0.471698113,0.037735849
1109,0.928571429,0.071428571,0.017241379,0.655172414,0.120689655,0.017241379,0.189655172,1,0,0.06557377,0.229508197,0.590163934,0.114754098
1110,0.906976744,0.093023256,0.018867925,0.037735849,0.037735849,0.452830189,0.452830189,1,0.8,0,0.02,0.18,0
1111,0.886363636,0.113636364,0.019230769,0.038461538,0.019230769,0.423076923,0.5,1,0.764705882,0,0.039215686,0.176470588,0.019607843
1112,0.906976744,0.093023256,0.037037037,0,0.037037037,0.407407407,0.518518519,1,0.754716981,0.018867925,0.018867925,0.169811321,0.037735849
1113,0.917647059,0.082352941,0.056603774,0.018867925,0,0.452830189,0.471698113,1,0.75,0.019230769,0.038461538,0.173076923,0.019230769
1114,0.962962963,0.037037037,0.06779661,0.033898305,0.084745763,0.372881356,0.440677966,1,0.764705882,0,0.039215686,0.176470588,0.019607843
1115,0.939759036,0.060240964,0.017857143,0.107142857,0.089285714,0.25,0.535714286,1,0.576271186,0.033898305,0.06779661,0.203389831,0.118644068
1116,0.939759036,0.060240964,0.052631579,0.052631579,0.070175439,0.298245614,0.526315789,1,0.660714286,0.035714286,0.053571429,0.178571429,0.071428571
1117,1,0,0,0.120689655,0.137931034,0.25862069,0.482758621,1,0.580645161,0.064516129,0,0.225806452,0.129032258
1118,0.987341772,0.012658228,0.052631579,0.052631579,0.070175439,0.140350877,0.684210526,1,0.507462687,0.089552239,0.119402985,0.119402985,0.164179104
1119,0.987341772,0.012658228,0,0,0.038461538,0.326923077,0.634615385,1,0.486111111,0.166666667,0.013888889,0.194444444,0.138888889
1120,0.962962963,0.037037037,0,0.107142857,0.107142857,0.375,0.410714286,1,0.730769231,0.019230769,0.038461538,0.192307692,0.019230769
1121,0.928571429,0.071428571,0.016949153,0.016949153,0.13559322,0.322033898,0.508474576,1,0.784313725,0.019607843,0.039215686,0.156862745,0
1122,0.962962963,0.037037037,0.047619048,0,0.158730159,0.238095238,0.555555556,1,0.701754386,0.01754386,0,0.175438596,0.105263158
1123,0.962962963,0.037037037,0.074074074,0.018518519,0,0.388888889,0.518518519,1,0.633333333,0.033333333,0.016666667,0.183333333,0.133333333
1124,0.975,0.025,0.070175439,0,0.052631579,0.263157895,0.614035088,1,0.5625,0.078125,0.0625,0.15625,0.140625
1125,0.939759036,0.060240964,0.038461538,0.038461538,0,0.326923077,0.596153846,1,0.62295082,0.016393443,0.049180328,0.147540984,0.163934426
1126,0.906976744,0.093023256,0,0.019230769,0.038461538,0.403846154,0.538461538,1,0.696428571,0.053571429,0.017857143,0.178571429,0.053571429
1127,0.876404494,0.123595506,0,0,0.019607843,0.470588235,0.509803922,1,0.735849057,0.056603774,0,0.20754717,0
1128,0.866666667,0.133333333,0,0,0.038461538,0.461538462,0.5,1,0.8,0,0,0.2,0
1129,0.928571429,0.071428571,0,0.580645161,0.193548387,0.048387097,0.177419355,1,0.107142857,0,0.160714286,0.625,0.107142857
1130,0.939759036,0.060240964,0,0.62295082,0.180327869,0.032786885,0.163934426,1,0.084745763,0.033898305,0.13559322,0.627118644,0.118644068
1131,0.962962963,0.037037037,0.017857143,0.696428571,0.089285714,0.053571429,0.142857143,1,0.048387097,0.032258065,0.193548387,0.564516129,0.161290323
1132,0.962962963,0.037037037,0.015873016,0.015873016,0.19047619,0.285714286,0.492063492,1,0.672727273,0.090909091,0.018181818,0.218181818,0
1133,0.928571429,0.071428571,0.01754386,0.087719298,0.105263158,0.315789474,0.473684211,1,0.730769231,0,0.038461538,0.192307692,0.038461538
1134,0.951219512,0.048780488,0,0.072727273,0.090909091,0.381818182,0.454545455,1,0.649122807,0.070175439,0,0.228070175,0.052631579
1135,0.951219512,0.048780488,0.033333333,0.05,0.133333333,0.316666667,0.466666667,1,0.614035088,0.105263158,0,0.263157895,0.01754386
1136,0.928571429,0.071428571,0.017857143,0,0.089285714,0.428571429,0.464285714,1,0.672727273,0.090909091,0,0.236363636,0
1137,0.928571429,0.071428571,0,0.017241379,0.137931034,0.327586207,0.517241379,1,0.740740741,0.018518519,0,0.185185185,0.055555556
1138,0.939759036,0.060240964,0.018181818,0.618181818,0.072727273,0,0.290909091,1,0.109090909,0.072727273,0.418181818,0.381818182,0.018181818
1139,0.928571429,0.071428571,0.101694915,0.610169492,0.050847458,0.033898305,0.203389831,1,0,0.037037037,0.388888889,0.537037037,0.037037037
1140,0.928571429,0.071428571,0,0.543859649,0.122807018,0.035087719,0.298245614,1,0.142857143,0.089285714,0.321428571,0.428571429,0.017857143
1141,0.987341772,0.012658228,0.080645161,0.612903226,0.112903226,0,0.193548387,1,0.017857143,0.053571429,0.357142857,0.517857143,0.053571429
1142,0.962962963,0.037037037,0.068965517,0.603448276,0.068965517,0,0.25862069,1,0,0.079365079,0.301587302,0.492063492,0.126984127
1143,0.975,0.025,0,0.685185185,0.074074074,0,0.240740741,1,0.080645161,0.048387097,0.290322581,0.435483871,0.14516129
1144,0.917647059,0.082352941,0.049180328,0.606557377,0.131147541,0.016393443,0.196721311,1,0.017857143,0.017857143,0.267857143,0.607142857,0.089285714
1145,0.906976744,0.093023256,0.015384615,0.6,0.215384615,0.015384615,0.153846154,1,0,0.019607843,0.274509804,0.705882353,0
1146,0.928571429,0.071428571,0.016393443,0.62295082,0.163934426,0.032786885,0.163934426,1,0.038461538,0.038461538,0.326923077,0.596153846,0
1147,0.939759036,0.060240964,0.018867925,0.735849057,0.037735849,0,0.20754717,1,0.033333333,0.033333333,0.316666667,0.483333333,0.133333333
1148,0.928571429,0.071428571,0.019607843,0.745098039,0,0.019607843,0.215686275,1,0.092592593,0.018518519,0.425925926,0.407407407,0.055555556
1149,0.928571429,0.071428571,0,0.730769231,0.038461538,0.019230769,0.211538462,1,0.109090909,0,0.363636364,0.436363636,0.090909091
1150,0.975,0.025,0.058823529,0.044117647,0.205882353,0.161764706,0.529411765,1,0.716981132,0.018867925,0.056603774,0.169811321,0.037735849
1151,0.975,0.025,0.066666667,0.066666667,0.1,0.266666667,0.5,1,0.627118644,0,0,0.220338983,0.152542373
1152,0.975,0.025,0.032786885,0.114754098,0.147540984,0.196721311,0.508196721,1,0.593220339,0.050847458,0.033898305,0.220338983,0.101694915
1153,0.975,0.025,0.01754386,0.052631579,0.105263158,0.210526316,0.614035088,1,0.6,0.030769231,0,0.169230769,0.2
1154,0.951219512,0.048780488,0.033898305,0.627118644,0.118644068,0.050847458,0.169491525,1,0.074074074,0.037037037,0.314814815,0.537037037,0.037037037
1155,0.987341772,0.012658228,0.055555556,0.527777778,0.25,0.069444444,0.097222222,1,0.018518519,0.055555556,0.12962963,0.777777778,0.018518519
1156,0.987341772,0.012658228,0,0.627118644,0.152542373,0.06779661,0.152542373,1,0.103448276,0.068965517,0.224137931,0.534482759,0.068965517
1157,0.975,0.025,0,0.068965517,0.137931034,0.327586207,0.465517241,1,0.709090909,0.036363636,0.018181818,0.181818182,0.054545455
1158,0.951219512,0.048780488,0.037037037,0.018518519,0.037037037,0.37037037,0.537037037,1,0.661016949,0.016949153,0.016949153,0.169491525,0.13559322
1159,0.951219512,0.048780488,0.037735849,0.716981132,0.018867925,0.037735849,0.188679245,1,0.089285714,0,0.357142857,0.446428571,0.107142857
1160,0.939759036,0.060240964,0,0.74,0,0.02,0.24,1,0.083333333,0.016666667,0.333333333,0.416666667,0.15
1161,0.962962963,0.037037037,0,0,0.074074074,0.351851852,0.574074074,1,0.677966102,0.06779661,0.050847458,0.118644068,0.084745763
1162,0.939759036,0.060240964,0,0.092592593,0.074074074,0.333333333,0.5,1,0.666666667,0.01754386,0.01754386,0.192982456,0.105263158
1163,0.987341772,0.012658228,0.053571429,0.571428571,0.053571429,0.178571429,0.142857143,1,0.136363636,0.03030303,0.060606061,0.560606061,0.212121212
1164,1,0,0,0.764705882,0.019607843,0.078431373,0.137254902,1,0.079365079,0.047619048,0.253968254,0.46031746,0.158730159
1165,0.962962963,0.037037037,0.018181818,0.690909091,0.072727273,0.036363636,0.181818182,1,0.031746032,0.047619048,0.238095238,0.523809524,0.158730159
1166,0.928571429,0.071428571,0.074074074,0.62962963,0,0.055555556,0.240740741,1,0.063492063,0,0.222222222,0.507936508,0.206349206
1167,1,0,0,0.545454545,0.090909091,0.018181818,0.345454545,1,0.054054054,0.175675676,0.189189189,0.432432432,0.148648649
1168,0.962962963,0.037037037,0.103448276,0.017241379,0.034482759,0.293103448,0.551724138,1,0.666666667,0.055555556,0.166666667,0.092592593,0.018518519
1169,0.906976744,0.093023256,0.036363636,0,0.054545455,0.327272727,0.581818182,1,0.754716981,0.018867925,0.075471698,0.113207547,0.037735849
1170,0.962962963,0.037037037,0.072727273,0.090909091,0.018181818,0.381818182,0.436363636,1,0.654545455,0,0.054545455,0.2,0.090909091
1171,0.951219512,0.048780488,0.084745763,0.016949153,0.06779661,0.322033898,0.508474576,1,0.722222222,0.018518519,0.037037037,0.166666667,0.055555556
1172,0.951219512,0.048780488,0.071428571,0.035714286,0.035714286,0.357142857,0.5,1,0.678571429,0.017857143,0.035714286,0.178571429,0.089285714
1173,0.962962963,0.037037037,0.06557377,0.049180328,0.114754098,0.196721311,0.573770492,1,0.690909091,0,0.109090909,0.109090909,0.090909091
1174,0.962962963,0.037037037,0.050847458,0.016949153,0.101694915,0.254237288,0.576271186,1,0.689655172,0,0.034482759,0.137931034,0.137931034
1175,0.987341772,0.012658228,0.054545455,0.090909091,0.036363636,0.363636364,0.454545455,1,0.616666667,0.016666667,0,0.216666667,0.15
1176,0.896551724,0.103448276,0.037735849,0.679245283,0.018867925,0.056603774,0.20754717,1,0.078431373,0,0.431372549,0.470588235,0.019607843
1177,0.917647059,0.082352941,0,0.769230769,0.038461538,0.019230769,0.173076923,1,0.050847458,0.016949153,0.271186441,0.525423729,0.13559322
1178,0.939759036,0.060240964,0.056603774,0.679245283,0,0.113207547,0.150943396,1,0.053571429,0.053571429,0.339285714,0.5,0.053571429
1179,0.896551724,0.103448276,0,0.764705882,0.019607843,0.098039216,0.117647059,1,0.019230769,0.038461538,0.403846154,0.538461538,0
1180,0.896551724,0.103448276,0,0.78,0,0,0.22,1,0.036363636,0.036363636,0.418181818,0.454545455,0.054545455
1181,0.928571429,0.071428571,0,0.637931034,0.137931034,0,0.224137931,1,0.117647059,0,0.392156863,0.470588235,0.019607843
1182,0.951219512,0.048780488,0.015625,0.609375,0.203125,0.015625,0.15625,1,0.098039216,0,0.274509804,0.607843137,0.019607843
1183,0.962962963,0.037037037,0.032786885,0.655737705,0.147540984,0,0.163934426,1,0.057692308,0,0.365384615,0.538461538,0.038461538
1184,0.917647059,0.082352941,0.06779661,0,0.084745763,0.220338983,0.627118644,1,0.633333333,0,0.016666667,0.183333333,0.166666667
1185,0.928571429,0.071428571,0,0,0.019607843,0.392156863,0.588235294,1,0.677966102,0.033898305,0.033898305,0.13559322,0.118644068
1186,0.951219512,0.048780488,0,0.052631579,0.122807018,0.333333333,0.49122807,1,0.754716981,0.018867925,0.037735849,0.150943396,0.037735849
1187,0.917647059,0.082352941,0.018867925,0,0.037735849,0.41509434,0.528301887,1,0.714285714,0.035714286,0,0.178571429,0.071428571
1188,0.906976744,0.093023256,0,0,0.038461538,0.403846154,0.557692308,1,0.740740741,0,0.055555556,0.12962963,0.074074074
1189,0.962962963,0.037037037,0,0.132075472,0.056603774,0.301886792,0.509433962,1,0.462686567,0.119402985,0.014925373,0.268656716,0.134328358
1190,0.896551724,0.103448276,0.035714286,0.017857143,0.071428571,0.303571429,0.571428571,1,0.735849057,0,0.056603774,0.150943396,0.056603774
1191,0.896551724,0.103448276,0.035714286,0.017857143,0.071428571,0.357142857,0.517857143,1,0.735849057,0.037735849,0,0.20754717,0.018867925
1192,0.896551724,0.103448276,0,0.1,0,0.48,0.42,1,0.711538462,0.019230769,0.019230769,0.230769231,0.019230769
1193,0.906976744,0.093023256,0.090909091,0.018181818,0,0.4,0.490909091,1,0.705882353,0,0.098039216,0.176470588,0.019607843
1194,0.939759036,0.060240964,0.051724138,0.637931034,0.086206897,0.017241379,0.206896552,1,0.018867925,0.037735849,0.433962264,0.490566038,0.018867925
1195,0.975,0.025,0,0.578125,0.21875,0.046875,0.15625,1,0.016949153,0.13559322,0.203389831,0.627118644,0.016949153
1196,0.939759036,0.060240964,0.014705882,0.588235294,0.25,0.044117647,0.102941176,1,0.02,0,0.22,0.76,0
1197,0.962962963,0.037037037,0.044776119,0.567164179,0.208955224,0.014925373,0.164179104,1,0.050847458,0,0.118644068,0.677966102,0.152542373
1198,0.951219512,0.048780488,0.1,0.616666667,0.066666667,0,0.216666667,1,0,0.029411765,0.132352941,0.602941176,0.235294118
1199,0.951219512,0.048780488,0.033333333,0.566666667,0.133333333,0.05,0.216666667,1,0.016666667,0.1,0.266666667,0.55,0.066666667
1200,0.939759036,0.060240964,0.015151515,0.515151515,0.227272727,0.075757576,0.166666667,1,0.014925373,0.104477612,0,0.731343284,0.149253731
1201,0.962962963,0.037037037,0,0.486111111,0.305555556,0.055555556,0.152777778,1,0.107142857,0.053571429,0.035714286,0.75,0.053571429
1202,0.962962963,0.037037037,0.013888889,0.527777778,0.291666667,0,0.166666667,1,0.034482759,0.068965517,0.086206897,0.74137931,0.068965517
1203,1,0,0.057142857,0.5,0.228571429,0.028571429,0.185714286,1,0.098360656,0.032786885,0.06557377,0.655737705,0.147540984
1204,0.917647059,0.082352941,0.019230769,0.057692308,0.019230769,0.288461538,0.615384615,1,0.660714286,0.053571429,0.142857143,0.089285714,0.053571429
1205,0.928571429,0.071428571,0.035087719,0.035087719,0.087719298,0.385964912,0.456140351,1,0.716981132,0.056603774,0,0.226415094,0
1206,0.962962963,0.037037037,0,0.018518519,0.074074074,0.37037037,0.537037037,1,0.672413793,0.086206897,0.051724138,0.137931034,0.051724138
1207,0.962962963,0.037037037,0.056603774,0.037735849,0,0.377358491,0.528301887,1,0.564516129,0.096774194,0.048387097,0.193548387,0.096774194
1208,0.939759036,0.060240964,0.037037037,0.018518519,0.037037037,0.314814815,0.592592593,1,0.701754386,0.01754386,0.070175439,0.105263158,0.105263158
1209,0.886363636,0.113636364,0,0,0.019607843,0.431372549,0.549019608,1,0.690909091,0.072727273,0.036363636,0.181818182,0.018181818
1210,1,0,0.107142857,0.660714286,0,0.035714286,0.196428571,1,0.070175439,0,0.385964912,0.421052632,0.122807018
1211,0.896551724,0.103448276,0.019230769,0.019230769,0.019230769,0.423076923,0.519230769,1,0.690909091,0.054545455,0.018181818,0.2,0.036363636
1212,0.876404494,0.123595506,0.037037037,0,0.037037037,0.444444444,0.481481481,1,0.745098039,0.019607843,0,0.235294118,0
1213,0.876404494,0.123595506,0.018867925,0,0.037735849,0.41509434,0.528301887,1,0.769230769,0,0,0.192307692,0.038461538
1214,0.928571429,0.071428571,0.018181818,0.054545455,0.072727273,0.309090909,0.545454545,1,0.644067797,0,0,0.203389831,0.152542373
1215,0.939759036,0.060240964,0.052631579,0.035087719,0.070175439,0.315789474,0.526315789,1,0.6,0.016666667,0,0.233333333,0.15
1216,0.906976744,0.093023256,0.019607843,0,0,0.392156863,0.588235294,1,0.661016949,0.033898305,0.016949153,0.169491525,0.118644068
1217,0.962962963,0.037037037,0.036363636,0.072727273,0.054545455,0.327272727,0.509090909,1,0.606557377,0.049180328,0,0.213114754,0.131147541
1218,0.939759036,0.060240964,0.117647059,0.044117647,0.147058824,0.264705882,0.426470588,1,0.5,0.107142857,0,0.392857143,0
1219,0.951219512,0.048780488,0,0.073529412,0.264705882,0.117647059,0.544117647,1,0.654545455,0.054545455,0.036363636,0.218181818,0.036363636
1220,0.962962963,0.037037037,0.046153846,0,0.184615385,0.230769231,0.538461538,1,0.740740741,0.037037037,0.018518519,0.166666667,0.037037037
1221,0.962962963,0.037037037,0.036363636,0.090909091,0.054545455,0.418181818,0.4,1,0.607142857,0.071428571,0.035714286,0.25,0.035714286
1222,0.975,0.025,0,0.055555556,0.074074074,0.388888889,0.481481481,1,0.709090909,0.072727273,0.072727273,0.127272727,0.018181818
1223,0.928571429,0.071428571,0.037735849,0.037735849,0.018867925,0.339622642,0.566037736,1,0.690909091,0.018181818,0.109090909,0.109090909,0.072727273
1224,0.906976744,0.093023256,0,0,0.122807018,0.280701754,0.596491228,1,0.727272727,0.036363636,0.036363636,0.145454545,0.054545455
1225,0.975,0.025,0,0.727272727,0.090909091,0.018181818,0.163636364,1,0.066666667,0.016666667,0.266666667,0.5,0.15
1226,0.951219512,0.048780488,0.019607843,0.764705882,0,0,0.215686275,1,0.050847458,0,0.372881356,0.423728814,0.152542373
1227,0.917647059,0.082352941,0.019607843,0.784313725,0,0,0.196078431,1,0.055555556,0,0.425925926,0.444444444,0.074074074
1228,0.917647059,0.082352941,0.056603774,0.679245283,0,0.018867925,0.245283019,1,0.053571429,0.017857143,0.392857143,0.446428571,0.089285714
1229,1,0,0.090909091,0.672727273,0,0.036363636,0.2,1,0.086206897,0,0.362068966,0.413793103,0.137931034
1230,0.962962963,0.037037037,0.055555556,0.685185185,0.018518519,0,0.240740741,1,0.048387097,0.032258065,0.306451613,0.451612903,0.161290323
1231,0.928571429,0.071428571,0.074074074,0.611111111,0,0.055555556,0.259259259,1,0.103448276,0.017241379,0.310344828,0.448275862,0.120689655
1232,0.951219512,0.048780488,0.087719298,0.684210526,0.035087719,0.01754386,0.175438596,1,0.018181818,0.018181818,0.381818182,0.509090909,0.072727273
1233,0.917647059,0.082352941,0.055555556,0.722222222,0.018518519,0,0.203703704,1,0,0.018867925,0.471698113,0.471698113,0.037735849
1234,0.962962963,0.037037037,0.084745763,0.593220339,0.06779661,0.101694915,0.152542373,1,0.074074074,0.037037037,0.314814815,0.537037037,0.037037037
1235,0.962962963,0.037037037,0.032786885,0.639344262,0.147540984,0,0.180327869,1,0.072727273,0.018181818,0.290909091,0.545454545,0.072727273
1236,0.975,0.025,0.032258065,0.564516129,0.161290323,0,0.241935484,1,0.052631579,0.122807018,0.333333333,0.49122807,0
1237,0.928571429,0.071428571,0,0.78,0,0.04,0.18,1,0,0.046153846,0.246153846,0.523076923,0.184615385
1238,0.975,0.025,0.098360656,0.06557377,0.081967213,0.278688525,0.475409836,1,0.648148148,0,0.092592593,0.185185185,0.074074074
1239,0.975,0.025,0.032258065,0.048387097,0.161290323,0.225806452,0.532258065,1,0.644067797,0.050847458,0,0.203389831,0.101694915
1240,0.962962963,0.037037037,0.032258065,0.096774194,0.161290323,0.129032258,0.580645161,1,0.642857143,0,0.125,0.125,0.107142857
1241,0.939759036,0.060240964,0.057142857,0.042857143,0.228571429,0.085714286,0.585714286,1,0.666666667,0,0.074074074,0.185185185,0.074074074
1242,0.975,0.025,0,0.6,0.166666667,0.05,0.183333333,1,0.173076923,0,0.307692308,0.480769231,0.038461538
1243,0.962962963,0.037037037,0.031746032,0.634920635,0.174603175,0.015873016,0.142857143,1,0.018518519,0.018518519,0.296296296,0.611111111,0.055555556
1244,0.987341772,0.012658228,0.014492754,0.101449275,0.260869565,0.173913043,0.449275362,1,0.618181818,0.090909091,0,0.290909091,0
1245,0.962962963,0.037037037,0,0.618181818,0.090909091,0,0.290909091,1,0,0.1875,0.34375,0.4375,0.03125
1246,0.987341772,0.012658228,0.078125,0.609375,0.140625,0.015625,0.15625,1,0.01754386,0.035087719,0.263157895,0.596491228,0.087719298
1247,0.951219512,0.048780488,0.070175439,0.684210526,0.052631579,0,0.192982456,1,0.016393443,0,0.262295082,0.540983607,0.180327869
1248,0.917647059,0.082352941,0.018867925,0.754716981,0.037735849,0.018867925,0.169811321,1,0.053571429,0.017857143,0.321428571,0.517857143,0.089285714
1249,0.951219512,0.048780488,0.034482759,0.637931034,0.103448276,0,0.224137931,1,0.055555556,0.055555556,0.407407407,0.462962963,0.018518519