,"('NP', 'np')","('NP', ('NP', 'NP'))","('S', ('NP', 'S'))","('S', ('NP', 'VP'))","('S', ('S', 'NP'))","('S', ('VP', 'NP'))","('S', ('VP',))","('V', 'v')","('VP', ('NP', 'V'))","('VP', ('NP', 'VP'))","('VP', ('V', 'NP'))","('VP', ('V',))","('VP', ('VP', 'NP'))"
0,0.896551724,0.103448276,0,0,0.019607843,0.450980392,0.529411765,1,0.740740741,0,0.018518519,0.166666667,0.074074074
1,0.975,0.025,0.101694915,0.050847458,0.050847458,0.288135593,0.508474576,1,0.610169492,0,0.033898305,0.203389831,0.152542373
2,0.939759036,0.060240964,0.01754386,0.087719298,0.105263158,0.333333333,0.456140351,1,0.735849057,0,0,0.20754717,0.056603774
3,0.951219512,0.048780488,0.016666667,0,0.15,0.3,0.533333333,1,0.666666667,0.105263158,0.01754386,0.192982456,0.01754386
4,0.917647059,0.082352941,0.033898305,0.06779661,0.118644068,0.288135593,0.491525424,1,0.730769231,0,0.019230769,0.211538462,0.038461538
5,0.975,0.025,0.075757576,0.045454545,0.166666667,0.227272727,0.484848485,1,0.543859649,0.122807018,0.070175439,0.263157895,0
6,0.928571429,0.071428571,0.086206897,0.068965517,0.051724138,0.431034483,0.362068966,1,0.545454545,0.072727273,0,0.363636364,0.018181818
7,0.987341772,0.012658228,0.089285714,0.035714286,0.017857143,0.339285714,0.517857143,1,0.610169492,0.050847458,0.084745763,0.152542373,0.101694915
8,1,0,0.037037037,0.092592593,0.037037037,0.388888889,0.444444444,1,0.631578947,0.070175439,0.087719298,0.157894737,0.052631579
9,0.951219512,0.048780488,0,0.078431373,0.019607843,0.450980392,0.450980392,1,0.678571429,0.035714286,0.035714286,0.178571429,0.071428571
10,0.987341772,0.012658228,0.070175439,0.140350877,0.052631579,0.263157895,0.473684211,1,0.53968254,0,0,0.253968254,0.206349206
11,0.939759036,0.060240964,0,0.117647059,0.019607843,0.196078431,0.666666667,1,0.567164179,0.014925373,0.014925373,0.164179104,0.23880597
12,0.917647059,0.082352941,0,0,0.090909091,0.254545455,0.654545455,1,0.677966102,0.06779661,0.050847458,0.118644068,0.084745763
13,0.896551724,0.103448276,0.036363636,0,0.054545455,0.418181818,0.490909091,1,0.784313725,0,0,0.196078431,0.019607843
14,0.928571429,0.071428571,0.05,0.016666667,0.116666667,0.333333333,0.483333333,1,0.764705882,0,0.019607843,0.196078431,0.019607843
15,0.928571429,0.071428571,0,0.016949153,0.152542373,0.322033898,0.508474576,1,0.722222222,0.055555556,0,0.203703704,0.018518519
16,0.928571429,0.071428571,0,0.13559322,0.152542373,0.271186441,0.440677966,1,0.6,0.018181818,0.018181818,0.290909091,0.072727273
17,0.962962963,0.037037037,0,0.107142857,0.107142857,0.196428571,0.589285714,1,0.606557377,0.032786885,0.06557377,0.147540984,0.147540984
18,0.975,0.025,0.037735849,0.018867925,0.018867925,0.20754717,0.716981132,1,0.514285714,0.085714286,0.071428571,0.128571429,0.2
19,0.962962963,0.037037037,0.017857143,0,0.089285714,0.232142857,0.660714286,1,0.584615385,0.076923077,0.046153846,0.138461538,0.153846154
20,0.975,0.025,0,0.06,0,0.3,0.64,1,0.521126761,0.070422535,0,0.183098592,0.225352113
21,0.951219512,0.048780488,0,0.039215686,0.019607843,0.098039216,0.843137255,1,0.5,0.081081081,0.067567568,0.108108108,0.243243243
22,0.928571429,0.071428571,0.072727273,0.018181818,0.018181818,0.236363636,0.654545455,1,0.553846154,0.030769231,0.030769231,0.184615385,0.2
23,0.962962963,0.037037037,0,0.048387097,0.193548387,0.225806452,0.532258065,1,0.655172414,0.068965517,0,0.206896552,0.068965517
24,0.917647059,0.082352941,0,0.036363636,0.090909091,0.381818182,0.490909091,1,0.75,0.019230769,0.038461538,0.173076923,0.019230769
25,0.917647059,0.082352941,0.017241379,0,0.120689655,0.344827586,0.517241379,1,0.764705882,0.019607843,0.058823529,0.156862745,0
26,0.939759036,0.060240964,0.037735849,0.113207547,0.018867925,0.377358491,0.452830189,1,0.586206897,0.051724138,0.034482759,0.24137931,0.086206897
27,0.928571429,0.071428571,0,0.056603774,0.056603774,0.339622642,0.547169811,1,0.666666667,0.035087719,0.052631579,0.157894737,0.087719298
28,0.906976744,0.093023256,0.018181818,0.018181818,0.072727273,0.290909091,0.6,1,0.714285714,0,0.035714286,0.142857143,0.107142857
29,0.939759036,0.060240964,0,0.06,0,0.42,0.52,1,0.689655172,0,0.017241379,0.155172414,0.137931034
30,0.939759036,0.060240964,0.017857143,0.017857143,0.089285714,0.125,0.75,1,0.575757576,0.060606061,0.075757576,0.106060606,0.181818182
31,0.939759036,0.060240964,0.035714286,0.678571429,0.071428571,0.017857143,0.196428571,1,0.016949153,0.06779661,0.305084746,0.525423729,0.084745763
32,0.939759036,0.060240964,0.071428571,0.678571429,0.035714286,0,0.214285714,1,0,0.016949153,0.338983051,0.508474576,0.13559322
33,0.987341772,0.012658228,0,0.698113208,0.056603774,0.018867925,0.226415094,1,0.014925373,0.119402985,0.268656716,0.462686567,0.134328358
34,1,0,0,0.722222222,0.074074074,0.018518519,0.185185185,1,0.028985507,0.086956522,0.188405797,0.507246377,0.188405797
35,0.975,0.025,0.01754386,0.649122807,0.105263158,0.035087719,0.192982456,1,0.041666667,0.055555556,0.069444444,0.583333333,0.25
36,0.975,0.025,0.060606061,0.03030303,0.181818182,0.196969697,0.53030303,1,0.678571429,0.035714286,0.017857143,0.196428571,0.071428571
37,0.939759036,0.060240964,0.016129032,0.016129032,0.177419355,0.225806452,0.564516129,1,0.727272727,0.018181818,0.018181818,0.163636364,0.072727273
38,0.928571429,0.071428571,0.033333333,0.016666667,0.133333333,0.283333333,0.533333333,1,0.735849057,0.018867925,0.037735849,0.169811321,0.037735849
39,0.939759036,0.060240964,0,0.740740741,0.074074074,0,0.185185185,1,0.071428571,0.017857143,0.339285714,0.482142857,0.089285714
40,0.906976744,0.093023256,0,0.036363636,0.090909091,0.363636364,0.509090909,1,0.735849057,0.018867925,0.018867925,0.188679245,0.037735849
41,0.906976744,0.093023256,0.037037037,0.055555556,0.037037037,0.425925926,0.444444444,1,0.607142857,0.071428571,0,0.285714286,0.035714286
42,0.962962963,0.037037037,0.078125,0.078125,0.140625,0.328125,0.375,1,0.7,0,0,0.3,0
43,0.975,0.025,0.085714286,0.042857143,0.2,0.185714286,0.485714286,1,0.705882353,0.019607843,0.058823529,0.215686275,0
44,0.906976744,0.093023256,0,0.698113208,0.056603774,0.075471698,0.169811321,1,0.032786885,0.049180328,0.213114754,0.573770492,0.131147541
45,0.906976744,0.093023256,0.019607843,0.784313725,0,0.019607843,0.176470588,1,0,0.017857143,0.392857143,0.5,0.089285714
46,0.896551724,0.103448276,0.019230769,0.75,0.019230769,0,0.211538462,1,0.019230769,0.038461538,0.480769231,0.461538462,0
47,0.896551724,0.103448276,0.038461538,0.692307692,0,0,0.269230769,1,0.075471698,0.018867925,0.452830189,0.41509434,0.037735849
48,0.906976744,0.093023256,0.053571429,0.053571429,0.053571429,0.392857143,0.446428571,1,0.648148148,0.037037037,0,0.277777778,0.037037037
49,0.917647059,0.082352941,0,0.072727273,0.090909091,0.363636364,0.472727273,1,0.745098039,0.019607843,0.058823529,0.176470588,0
50,0.906976744,0.093023256,0,0.032786885,0.180327869,0.229508197,0.557377049,1,0.75,0.019230769,0.038461538,0.173076923,0.019230769
51,0.896551724,0.103448276,0,0.016949153,0.152542373,0.288135593,0.542372881,1,0.8,0,0.04,0.16,0
52,0.906976744,0.093023256,0,0.035087719,0.122807018,0.298245614,0.543859649,1,0.735849057,0.018867925,0.037735849,0.169811321,0.037735849
53,0.896551724,0.103448276,0.019230769,0,0.019230769,0.442307692,0.519230769,1,0.754716981,0.018867925,0.018867925,0.169811321,0.037735849
54,0.939759036,0.060240964,0.103448276,0.034482759,0.034482759,0.396551724,0.431034483,1,0.648148148,0.037037037,0.018518519,0.259259259,0.037037037
55,0.975,0.025,0.038461538,0.038461538,0,0.326923077,0.596153846,1,0.53125,0.125,0.109375,0.140625,0.09375
56,0.928571429,0.071428571,0.037735849,0.698113208,0.018867925,0.094339623,0.150943396,1,0.090909091,0.018181818,0.309090909,0.509090909,0.072727273
57,0.928571429,0.071428571,0.018518519,0.722222222,0.055555556,0.018518519,0.185185185,1,0.034482759,0.034482759,0.310344828,0.517241379,0.103448276
58,0.917647059,0.082352941,0.018181818,0.690909091,0.072727273,0.090909091,0.127272727,1,0.072727273,0,0.254545455,0.581818182,0.090909091
59,0.928571429,0.071428571,0.071428571,0.714285714,0.035714286,0.071428571,0.107142857,1,0,0,0.24137931,0.620689655,0.137931034
60,0.917647059,0.082352941,0.016129032,0.64516129,0.177419355,0.032258065,0.129032258,1,0,0,0.264150943,0.679245283,0.056603774
61,0.951219512,0.048780488,0.0625,0.59375,0.15625,0.046875,0.140625,1,0,0.053571429,0.232142857,0.660714286,0.053571429
62,0.939759036,0.060240964,0.014925373,0.582089552,0.23880597,0.014925373,0.149253731,1,0.057692308,0,0.211538462,0.692307692,0.038461538
63,0.939759036,0.060240964,0.018181818,0.654545455,0.072727273,0,0.254545455,1,0.1,0,0.266666667,0.466666667,0.166666667
64,0.876404494,0.123595506,0.037037037,0.722222222,0.037037037,0.074074074,0.12962963,1,0,0.018867925,0.320754717,0.622641509,0.037735849
65,0.928571429,0.071428571,0,0.684210526,0.122807018,0.052631579,0.140350877,1,0.098039216,0,0.333333333,0.549019608,0.019607843
66,0.951219512,0.048780488,0.016129032,0.596774194,0.177419355,0.064516129,0.14516129,1,0.14,0,0.28,0.58,0
67,0.962962963,0.037037037,0.052631579,0.631578947,0.070175439,0,0.245614035,1,0.071428571,0.035714286,0.392857143,0.428571429,0.071428571
68,0.939759036,0.060240964,0.049180328,0.62295082,0.131147541,0,0.196721311,1,0.036363636,0.018181818,0.309090909,0.563636364,0.072727273
69,0.939759036,0.060240964,0.035087719,0.578947368,0.087719298,0.01754386,0.280701754,1,0.109090909,0.072727273,0.381818182,0.418181818,0.018181818
70,0.928571429,0.071428571,0.019230769,0.730769231,0.019230769,0.019230769,0.211538462,1,0.017857143,0.089285714,0.428571429,0.446428571,0.017857143
71,0.939759036,0.060240964,0.018867925,0.735849057,0.037735849,0.037735849,0.169811321,1,0,0.089285714,0.410714286,0.482142857,0.017857143
72,0.962962963,0.037037037,0.071428571,0.660714286,0.035714286,0.053571429,0.178571429,1,0.01754386,0.070175439,0.368421053,0.49122807,0.052631579
73,0.939759036,0.060240964,0.018181818,0.709090909,0.072727273,0.018181818,0.181818182,1,0.051724138,0,0.293103448,0.517241379,0.137931034
74,0.939759036,0.060240964,0,0.701754386,0.122807018,0.070175439,0.105263158,1,0.055555556,0.018518519,0.277777778,0.592592593,0.055555556
75,0.928571429,0.071428571,0.064516129,0,0.129032258,0.225806452,0.580645161,1,0.735849057,0,0.075471698,0.132075472,0.056603774
76,0.962962963,0.037037037,0.081967213,0.016393443,0.098360656,0.31147541,0.491803279,1,0.764705882,0,0.078431373,0.137254902,0.019607843
77,0.975,0.025,0.018867925,0.037735849,0.037735849,0.396226415,0.509433962,1,0.620689655,0.120689655,0.103448276,0.137931034,0.017241379
78,0.951219512,0.048780488,0.037037037,0.074074074,0.037037037,0.425925926,0.425925926,1,0.55,0.1,0,0.283333333,0.066666667
79,0.928571429,0.071428571,0.037037037,0.018518519,0.037037037,0.407407407,0.5,1,0.678571429,0.071428571,0.017857143,0.196428571,0.035714286
80,0.906976744,0.093023256,0,0,0,0.44,0.56,1,0.689655172,0.086206897,0,0.172413793,0.051724138
81,0.917647059,0.082352941,0,0,0,0.48,0.52,1,0.714285714,0.089285714,0.017857143,0.160714286,0.017857143
82,0.906976744,0.093023256,0.055555556,0,0.018518519,0.425925926,0.5,1,0.735849057,0,0.018867925,0.188679245,0.056603774
83,0.917647059,0.082352941,0,0.075471698,0.056603774,0.377358491,0.490566038,1,0.784313725,0,0.058823529,0.137254902,0.019607843
84,0.928571429,0.071428571,0.016129032,0.032258065,0.177419355,0.258064516,0.516129032,1,0.735849057,0.037735849,0,0.20754717,0.018867925
85,0.939759036,0.060240964,0,0.015384615,0.230769231,0.153846154,0.6,1,0.586206897,0.120689655,0.086206897,0.189655172,0.017241379
86,0.951219512,0.048780488,0.035087719,0.070175439,0.087719298,0.368421053,0.438596491,1,0.75,0,0.019230769,0.192307692,0.038461538
87,0.896551724,0.103448276,0.018867925,0,0.037735849,0.301886792,0.641509434,1,0.714285714,0.017857143,0.071428571,0.107142857,0.089285714
88,0.876404494,0.123595506,0,0,0.090909091,0.272727273,0.636363636,1,0.672413793,0.017241379,0,0.189655172,0.120689655
89,0.876404494,0.123595506,0,0,0.056603774,0.283018868,0.660377358,1,0.65,0.05,0,0.183333333,0.116666667
90,0.906976744,0.093023256,0.018867925,0.018867925,0.037735849,0.264150943,0.660377358,1,0.629032258,0,0.016129032,0.161290323,0.193548387
91,0.906976744,0.093023256,0.120689655,0.137931034,0.017241379,0.379310345,0.344827586,1,0.518518519,0,0,0.407407407,0.074074074
92,0.962962963,0.037037037,0.163934426,0.114754098,0.016393443,0.360655738,0.344262295,1,0.446428571,0.071428571,0.071428571,0.375,0.035714286
93,0.987341772,0.012658228,0.14516129,0,0.048387097,0.306451613,0.5,1,0.690909091,0,0.054545455,0.163636364,0.090909091
94,1,0,0.13559322,0.050847458,0.016949153,0.372881356,0.423728814,1,0.642857143,0,0.035714286,0.214285714,0.107142857
95,0.975,0.025,0.090909091,0.072727273,0,0.254545455,0.581818182,1,0.620689655,0.017241379,0.155172414,0.086206897,0.120689655
96,0.987341772,0.012658228,0.072727273,0.018181818,0.018181818,0.254545455,0.636363636,1,0.59375,0.046875,0.078125,0.109375,0.171875
97,0.962962963,0.037037037,0,0.037037037,0.074074074,0.351851852,0.537037037,1,0.677966102,0.06779661,0.016949153,0.152542373,0.084745763
98,0.962962963,0.037037037,0.070175439,0,0.052631579,0.385964912,0.49122807,1,0.6,0.1,0,0.233333333,0.066666667
99,0.917647059,0.082352941,0.116666667,0,0.05,0.4,0.433333333,1,0.673076923,0.038461538,0,0.288461538,0
100,0.975,0.025,0.03125,0.015625,0.1875,0.203125,0.5625,1,0.649122807,0.105263158,0.070175439,0.157894737,0.01754386
101,0.928571429,0.071428571,0.016393443,0,0.163934426,0.213114754,0.606557377,1,0.714285714,0,0.035714286,0.142857143,0.107142857
102,0.951219512,0.048780488,0.052631579,0.052631579,0.070175439,0.350877193,0.473684211,1,0.735849057,0,0.037735849,0.169811321,0.056603774
103,0.962962963,0.037037037,0.055555556,0.018518519,0.018518519,0.462962963,0.444444444,1,0.610169492,0.101694915,0,0.237288136,0.050847458
104,0.962962963,0.037037037,0,0.037037037,0.074074074,0.388888889,0.5,1,0.661016949,0.084745763,0,0.186440678,0.06779661
105,0.987341772,0.012658228,0.072727273,0.018181818,0.018181818,0.363636364,0.527272727,1,0.590163934,0.098360656,0.06557377,0.163934426,0.081967213
106,0.917647059,0.082352941,0.038461538,0,0,0.346153846,0.615384615,1,0.666666667,0.016666667,0.016666667,0.15,0.15
107,0.975,0.025,0.048387097,0.064516129,0.14516129,0.306451613,0.435483871,1,0.730769231,0.019230769,0.019230769,0.211538462,0.019230769
108,1,0,0.078125,0.0625,0.140625,0.296875,0.421875,1,0.716981132,0,0,0.226415094,0.056603774
109,0.987341772,0.012658228,0.096774194,0.064516129,0.096774194,0.322580645,0.419354839,1,0.653846154,0.038461538,0.096153846,0.211538462,0
110,0.906976744,0.093023256,0.037735849,0,0.018867925,0.41509434,0.528301887,1,0.740740741,0.018518519,0.018518519,0.166666667,0.055555556
111,0.939759036,0.060240964,0,0.04,0,0.44,0.52,1,0.596774194,0.080645161,0,0.209677419,0.112903226
112,0.975,0.025,0.018867925,0.056603774,0.037735849,0.377358491,0.509433962,1,0.633333333,0.05,0.033333333,0.166666667,0.116666667
113,0.928571429,0.071428571,0,0.078431373,0.019607843,0.333333333,0.568627451,1,0.616666667,0.05,0.05,0.166666667,0.116666667
114,0.928571429,0.071428571,0.037037037,0,0.037037037,0.12962963,0.796296296,1,0.535211268,0.042253521,0.028169014,0.14084507,0.253521127
115,1,0,0,0.096153846,0.038461538,0.211538462,0.653846154,1,0.472222222,0.111111111,0.055555556,0.166666667,0.194444444
116,0.962962963,0.037037037,0,0.055555556,0.074074074,0.296296296,0.574074074,1,0.485294118,0.147058824,0.014705882,0.235294118,0.117647059
117,0.928571429,0.071428571,0.076923077,0.446153846,0.153846154,0,0.323076923,1,0.116666667,0.033333333,0.183333333,0.533333333,0.133333333
118,0.975,0.025,0.070175439,0.649122807,0.052631579,0,0.228070175,1,0.071428571,0.035714286,0.392857143,0.428571429,0.071428571
119,0.939759036,0.060240964,0,0.784313725,0.019607843,0.019607843,0.176470588,1,0.035714286,0.017857143,0.410714286,0.446428571,0.089285714
120,0.928571429,0.071428571,0.037037037,0.722222222,0.037037037,0,0.203703704,1,0.016949153,0,0.322033898,0.508474576,0.152542373
121,0.939759036,0.060240964,0.089285714,0.696428571,0.017857143,0.107142857,0.089285714,1,0,0,0.384615385,0.576923077,0.038461538
122,0.962962963,0.037037037,0.084745763,0.644067797,0.06779661,0,0.203389831,1,0.058823529,0,0.470588235,0.450980392,0.019607843
123,0.975,0.025,0.078125,0.5625,0.140625,0,0.21875,1,0.090909091,0,0.290909091,0.527272727,0.090909091
124,0.928571429,0.071428571,0.054545455,0.090909091,0.036363636,0.4,0.418181818,1,0.725490196,0.019607843,0.039215686,0.215686275,0
125,0.975,0.025,0.122807018,0.035087719,0,0.333333333,0.50877193,1,0.620689655,0.017241379,0.068965517,0.172413793,0.120689655
126,0.928571429,0.071428571,0.056603774,0,0,0.320754717,0.622641509,1,0.59375,0.046875,0,0.1875,0.171875
127,0.896551724,0.103448276,0,0,0.019607843,0.392156863,0.588235294,1,0.661016949,0.050847458,0,0.186440678,0.101694915
128,0.928571429,0.071428571,0.037735849,0.056603774,0.018867925,0.320754717,0.566037736,1,0.672413793,0,0.034482759,0.155172414,0.137931034
129,0.962962963,0.037037037,0.018518519,0.055555556,0.055555556,0.407407407,0.462962963,1,0.666666667,0.035087719,0.01754386,0.192982456,0.087719298
130,0.951219512,0.048780488,0.019230769,0.115384615,0.019230769,0.365384615,0.480769231,1,0.6,0.016666667,0.016666667,0.216666667,0.15
131,0.939759036,0.060240964,0,0.070175439,0.122807018,0.350877193,0.456140351,1,0.764705882,0.019607843,0.039215686,0.176470588,0
132,0.951219512,0.048780488,0,0.018518519,0.074074074,0.351851852,0.555555556,1,0.616666667,0.1,0.05,0.166666667,0.066666667
133,0.939759036,0.060240964,0.111111111,0,0.095238095,0.19047619,0.603174603,1,0.566666667,0.033333333,0.066666667,0.2,0.133333333
134,0.951219512,0.048780488,0.053571429,0.035714286,0.053571429,0.25,0.607142857,1,0.612903226,0.032258065,0.032258065,0.161290323,0.161290323
135,0.917647059,0.082352941,0.01754386,0.035087719,0.105263158,0.245614035,0.596491228,1,0.703703704,0.018518519,0.111111111,0.111111111,0.055555556
136,0.928571429,0.071428571,0.055555556,0.018518519,0.018518519,0.444444444,0.462962963,1,0.631578947,0.087719298,0,0.245614035,0.035087719
137,0.886363636,0.113636364,0,0.01754386,0.122807018,0.263157895,0.596491228,1,0.690909091,0.054545455,0.036363636,0.181818182,0.036363636
138,0.886363636,0.113636364,0,0.018181818,0.090909091,0.345454545,0.545454545,1,0.764705882,0,0.058823529,0.156862745,0.019607843
139,0.928571429,0.071428571,0,0.037037037,0.074074074,0.388888889,0.5,1,0.603448276,0.103448276,0.034482759,0.224137931,0.034482759
140,0.939759036,0.060240964,0,0.047619048,0.206349206,0.19047619,0.555555556,1,0.672727273,0.072727273,0.054545455,0.181818182,0.018181818
141,0.975,0.025,0.036363636,0.018181818,0.054545455,0.381818182,0.509090909,1,0.644067797,0.06779661,0.033898305,0.169491525,0.084745763
142,0.975,0.025,0.105263158,0.052631579,0.01754386,0.280701754,0.543859649,1,0.586206897,0.051724138,0.137931034,0.137931034,0.086206897
143,0.917647059,0.082352941,0.038461538,0.019230769,0,0.480769231,0.461538462,1,0.769230769,0.019230769,0.019230769,0.173076923,0.019230769
144,0.886363636,0.113636364,0,0.04,0,0.48,0.48,1,0.685185185,0.074074074,0.018518519,0.222222222,0
145,0.896551724,0.103448276,0,0.038461538,0.038461538,0.461538462,0.461538462,1,0.784313725,0.019607843,0,0.196078431,0
146,0.917647059,0.082352941,0.035087719,0.087719298,0.087719298,0.368421053,0.421052632,1,0.705882353,0.019607843,0.019607843,0.254901961,0
147,0.917647059,0.082352941,0,0.017241379,0.137931034,0.344827586,0.5,1,0.735849057,0.037735849,0,0.20754717,0.018867925
148,0.906976744,0.093023256,0,0.035087719,0.122807018,0.175438596,0.666666667,1,0.696428571,0,0.107142857,0.089285714,0.107142857
149,0.939759036,0.060240964,0.087719298,0.01754386,0.035087719,0.368421053,0.49122807,1,0.698113208,0.018867925,0.075471698,0.169811321,0.037735849
150,0.866666667,0.133333333,0,0,0.038461538,0.403846154,0.557692308,1,0.764705882,0.019607843,0.058823529,0.156862745,0
151,0.896551724,0.103448276,0,0.019607843,0.019607843,0.470588235,0.490196078,1,0.784313725,0.019607843,0.039215686,0.156862745,0
152,0.896551724,0.103448276,0.018867925,0.037735849,0.037735849,0.358490566,0.547169811,1,0.75,0,0.076923077,0.134615385,0.038461538
153,0.962962963,0.037037037,0,0,0.038461538,0.346153846,0.615384615,1,0.587301587,0.142857143,0.079365079,0.126984127,0.063492063
154,0.962962963,0.037037037,0.090909091,0.054545455,0,0.345454545,0.509090909,1,0.533333333,0.1,0.1,0.2,0.066666667
155,0.962962963,0.037037037,0.015873016,0.063492063,0.19047619,0.158730159,0.571428571,1,0.672727273,0.054545455,0.109090909,0.127272727,0.036363636
156,0.951219512,0.048780488,0,0.098360656,0.180327869,0.245901639,0.475409836,1,0.74,0,0.1,0.16,0
157,0.987341772,0.012658228,0.085714286,0.028571429,0.2,0.157142857,0.528571429,1,0.614035088,0.052631579,0.035087719,0.228070175,0.070175439
158,0.939759036,0.060240964,0.018518519,0.111111111,0.055555556,0.351851852,0.462962963,1,0.703703704,0,0.037037037,0.185185185,0.074074074
159,0.928571429,0.071428571,0.053571429,0.071428571,0.053571429,0.428571429,0.392857143,1,0.62962963,0.055555556,0,0.296296296,0.018518519
160,0.939759036,0.060240964,0.018867925,0.037735849,0.037735849,0.452830189,0.452830189,1,0.709090909,0.036363636,0,0.2,0.054545455
161,0.917647059,0.082352941,0,0,0,0.42,0.58,1,0.666666667,0.05,0,0.166666667,0.116666667
162,0.917647059,0.082352941,0,0,0.056603774,0.339622642,0.603773585,1,0.666666667,0.066666667,0,0.166666667,0.1
163,0.886363636,0.113636364,0,0.017857143,0.107142857,0.303571429,0.571428571,1,0.660714286,0.053571429,0.017857143,0.214285714,0.053571429
164,0.906976744,0.093023256,0,0,0.122807018,0.315789474,0.561403509,1,0.727272727,0.036363636,0,0.181818182,0.054545455
165,0.962962963,0.037037037,0,0.051724138,0.137931034,0.224137931,0.586206897,1,0.629032258,0.048387097,0,0.177419355,0.14516129
166,0.896551724,0.103448276,0.068965517,0,0.068965517,0.310344828,0.551724138,1,0.75,0,0.038461538,0.173076923,0.038461538
167,0.876404494,0.123595506,0,0.01754386,0.122807018,0.333333333,0.526315789,1,0.764705882,0.019607843,0,0.215686275,0
168,0.917647059,0.082352941,0,0.06,0,0.38,0.56,1,0.709090909,0.018181818,0.090909091,0.109090909,0.072727273
169,0.886363636,0.113636364,0,0.098039216,0.019607843,0.450980392,0.431372549,1,0.725490196,0,0.019607843,0.235294118,0.019607843
170,0.917647059,0.082352941,0.071428571,0,0.035714286,0.410714286,0.482142857,1,0.8,0,0.04,0.16,0
171,0.917647059,0.082352941,0.105263158,0,0.01754386,0.403508772,0.473684211,1,0.716981132,0,0,0.226415094,0.056603774
172,0.896551724,0.103448276,0.037735849,0,0.018867925,0.433962264,0.509433962,1,0.722222222,0.018518519,0,0.203703704,0.055555556
173,0.939759036,0.060240964,0.090909091,0,0,0.418181818,0.490909091,1,0.722222222,0.018518519,0.037037037,0.166666667,0.055555556
174,0.906976744,0.093023256,0.037037037,0.037037037,0.037037037,0.407407407,0.481481481,1,0.735849057,0,0,0.20754717,0.056603774
175,0.962962963,0.037037037,0.01754386,0,0.105263158,0.280701754,0.596491228,1,0.633333333,0.1,0.066666667,0.133333333,0.066666667
176,0.951219512,0.048780488,0.03125,0.015625,0.1875,0.21875,0.546875,1,0.649122807,0.070175439,0.01754386,0.210526316,0.052631579
177,0.951219512,0.048780488,0.019230769,0.038461538,0.019230769,0.461538462,0.461538462,1,0.678571429,0.071428571,0.035714286,0.178571429,0.035714286
178,0.975,0.025,0.037037037,0.055555556,0.037037037,0.351851852,0.518518519,1,0.631578947,0.087719298,0.122807018,0.122807018,0.035087719
179,0.975,0.025,0.019607843,0.039215686,0,0.411764706,0.529411765,1,0.587301587,0.079365079,0.031746032,0.174603175,0.126984127
180,0.975,0.025,0,0.129032258,0.193548387,0.290322581,0.387096774,1,0.725490196,0.019607843,0,0.254901961,0
181,0.928571429,0.071428571,0,0.169811321,0.056603774,0.358490566,0.41509434,1,0.596491228,0,0,0.280701754,0.122807018
182,0.962962963,0.037037037,0.035714286,0.089285714,0.071428571,0.321428571,0.482142857,1,0.583333333,0.033333333,0.016666667,0.233333333,0.133333333
183,0.928571429,0.071428571,0,0.018518519,0.074074074,0.296296296,0.611111111,1,0.603174603,0.047619048,0,0.19047619,0.158730159
184,0.906976744,0.093023256,0.033333333,0.016666667,0.133333333,0.283333333,0.533333333,1,0.735849057,0,0,0.20754717,0.056603774
185,0.962962963,0.037037037,0.068965517,0.086206897,0.068965517,0.224137931,0.551724138,1,0.6,0,0.05,0.183333333,0.166666667
186,0.962962963,0.037037037,0.030769231,0.046153846,0.2,0.230769231,0.492307692,1,0.642857143,0.053571429,0,0.25,0.053571429
187,0.975,0.025,0.017857143,0.053571429,0.089285714,0.446428571,0.392857143,1,0.703703704,0.055555556,0,0.222222222,0.018518519
188,0.939759036,0.060240964,0.019230769,0.019230769,0.019230769,0.423076923,0.519230769,1,0.666666667,0.087719298,0.052631579,0.157894737,0.035087719
189,0.917647059,0.082352941,0.056603774,0.018867925,0,0.41509434,0.509433962,1,0.727272727,0.018181818,0,0.181818182,0.072727273
190,0.917647059,0.082352941,0,0,0,0.44,0.56,1,0.596774194,0.096774194,0,0.209677419,0.096774194
191,0.975,0.025,0.017857143,0.107142857,0.089285714,0.321428571,0.464285714,1,0.603448276,0.086206897,0.051724138,0.206896552,0.051724138
192,0.939759036,0.060240964,0.017241379,0.051724138,0.120689655,0.362068966,0.448275862,1,0.764705882,0.019607843,0.019607843,0.196078431,0
193,0.906976744,0.093023256,0,0.125,0.107142857,0.196428571,0.571428571,1,0.566666667,0.016666667,0.033333333,0.233333333,0.15
194,0.939759036,0.060240964,0.036363636,0.036363636,0.054545455,0.127272727,0.745454545,1,0.528571429,0.028571429,0.028571429,0.157142857,0.257142857
195,0.975,0.025,0.05,0,0.116666667,0.133333333,0.7,1,0.588235294,0.044117647,0,0.147058824,0.220588235
196,0.962962963,0.037037037,0.089285714,0,0.017857143,0.285714286,0.607142857,1,0.612903226,0.032258065,0.048387097,0.14516129,0.161290323
197,0.928571429,0.071428571,0.015625,0,0.203125,0.21875,0.5625,1,0.709090909,0.036363636,0,0.2,0.054545455
198,0.951219512,0.048780488,0.05,0,0.116666667,0.233333333,0.6,1,0.6,0.1,0.066666667,0.166666667,0.066666667
199,0.962962963,0.037037037,0.071428571,0,0.035714286,0.375,0.517857143,1,0.655172414,0.068965517,0.034482759,0.172413793,0.068965517
200,1,0,0.018518519,0.018518519,0.055555556,0.314814815,0.592592593,1,0.537313433,0.134328358,0.044776119,0.164179104,0.119402985
201,0.987341772,0.012658228,0.130434783,0,0.144927536,0.275362319,0.449275362,1,0.679245283,0.037735849,0,0.264150943,0.018867925
202,1,0,0.098360656,0,0.081967213,0.344262295,0.475409836,1,0.685185185,0.074074074,0.092592593,0.148148148,0
203,0.975,0.025,0.032258065,0.112903226,0.161290323,0.161290323,0.532258065,1,0.524590164,0.081967213,0.06557377,0.229508197,0.098360656
204,0.975,0.025,0,0.116666667,0.166666667,0.283333333,0.433333333,1,0.666666667,0.037037037,0.037037037,0.222222222,0.037037037
205,0.939759036,0.060240964,0.049180328,0,0.131147541,0.344262295,0.475409836,1,0.764705882,0.019607843,0.019607843,0.196078431,0
206,0.951219512,0.048780488,0.016393443,0.032786885,0.163934426,0.295081967,0.491803279,1,0.722222222,0.037037037,0,0.203703704,0.037037037
207,0.928571429,0.071428571,0.046875,0.015625,0.171875,0.21875,0.546875,1,0.672727273,0.054545455,0.018181818,0.218181818,0.036363636
208,0.928571429,0.071428571,0,0.103448276,0.137931034,0.25862069,0.5,1,0.716981132,0,0.037735849,0.188679245,0.056603774
209,0.886363636,0.113636364,0,0.056603774,0.056603774,0.358490566,0.528301887,1,0.745098039,0.019607843,0.078431373,0.156862745,0
210,0.951219512,0.048780488,0,0,0.074074074,0.444444444,0.481481481,1,0.727272727,0.090909091,0.018181818,0.163636364,0
211,0.939759036,0.060240964,0.095238095,0,0.111111111,0.222222222,0.571428571,1,0.660714286,0.017857143,0.053571429,0.178571429,0.089285714
212,0.928571429,0.071428571,0,0.018867925,0.056603774,0.339622642,0.58490566,1,0.65,0.033333333,0.016666667,0.166666667,0.133333333
213,0.896551724,0.103448276,0,0.02,0,0.42,0.56,1,0.684210526,0.035087719,0.01754386,0.175438596,0.087719298
214,0.928571429,0.071428571,0.038461538,0.019230769,0,0.365384615,0.576923077,1,0.666666667,0,0,0.166666667,0.166666667
215,0.896551724,0.103448276,0.037735849,0,0.018867925,0.396226415,0.547169811,1,0.696428571,0.017857143,0,0.196428571,0.089285714
216,0.906976744,0.093023256,0.055555556,0.111111111,0.018518519,0.407407407,0.407407407,1,0.553571429,0.035714286,0.017857143,0.321428571,0.071428571
217,0.939759036,0.060240964,0.018518519,0.092592593,0.055555556,0.351851852,0.481481481,1,0.654545455,0.036363636,0.072727273,0.181818182,0.054545455
218,0.917647059,0.082352941,0,0.058823529,0.019607843,0.450980392,0.470588235,1,0.735849057,0,0.037735849,0.169811321,0.056603774
219,0.939759036,0.060240964,0,0.04,0,0.44,0.52,1,0.677966102,0.016949153,0,0.169491525,0.13559322
220,0.928571429,0.071428571,0.01754386,0.087719298,0.105263158,0.368421053,0.421052632,1,0.745098039,0,0,0.235294118,0.019607843
221,0.962962963,0.037037037,0.134328358,0.059701493,0.119402985,0.23880597,0.447761194,1,0.553571429,0.035714286,0.017857143,0.321428571,0.071428571
222,0.939759036,0.060240964,0.017241379,0.086206897,0.120689655,0.24137931,0.534482759,1,0.637931034,0.034482759,0.017241379,0.206896552,0.103448276
223,0.906976744,0.093023256,0,0.019607843,0.019607843,0.411764706,0.549019608,1,0.701754386,0,0,0.175438596,0.122807018
224,0.917647059,0.082352941,0,0.04,0,0.46,0.5,1,0.727272727,0.018181818,0.018181818,0.163636364,0.072727273
225,0.906976744,0.093023256,0.018867925,0.037735849,0.037735849,0.358490566,0.547169811,1,0.709090909,0,0.036363636,0.163636364,0.090909091
226,0.951219512,0.048780488,0.084745763,0.084745763,0.06779661,0.254237288,0.508474576,1,0.614035088,0.01754386,0.052631579,0.210526316,0.105263158
227,0.962962963,0.037037037,0.052631579,0.070175439,0.070175439,0.228070175,0.578947368,1,0.655172414,0,0.086206897,0.120689655,0.137931034
228,0.962962963,0.037037037,0.048387097,0.048387097,0.14516129,0.241935484,0.516129032,1,0.685185185,0.018518519,0.074074074,0.166666667,0.055555556
229,0.962962963,0.037037037,0.066666667,0.066666667,0.1,0.333333333,0.433333333,1,0.74,0,0.08,0.18,0
230,0.962962963,0.037037037,0.017241379,0.068965517,0.120689655,0.25862069,0.534482759,1,0.709090909,0,0.072727273,0.127272727,0.090909091
231,0.987341772,0.012658228,0.018867925,0.056603774,0.037735849,0.358490566,0.528301887,1,0.655737705,0.049180328,0.016393443,0.147540984,0.131147541
232,0.939759036,0.060240964,0.064516129,0,0.129032258,0.258064516,0.548387097,1,0.709090909,0,0.018181818,0.181818182,0.090909091
233,0.928571429,0.071428571,0.037037037,0,0.037037037,0.277777778,0.648148148,1,0.5625,0.0625,0.046875,0.171875,0.15625
234,1,0,0.070175439,0.087719298,0.052631579,0.333333333,0.456140351,1,0.590163934,0.032786885,0,0.229508197,0.147540984
235,0.987341772,0.012658228,0.169230769,0.030769231,0.061538462,0.107692308,0.630769231,1,0.492537313,0,0.044776119,0.208955224,0.253731343
236,0.951219512,0.048780488,0.1,0,0.066666667,0.2,0.633333333,1,0.545454545,0.03030303,0,0.212121212,0.212121212
237,0.987341772,0.012658228,0.074074074,0.055555556,0,0.092592593,0.777777778,1,0.448717949,0.064102564,0.025641026,0.166666667,0.294871795
238,0.962962963,0.037037037,0.137931034,0,0,0.068965517,0.793103448,1,0.464788732,0.056338028,0.126760563,0.112676056,0.23943662
239,0.962962963,0.037037037,0.038461538,0.076923077,0,0.211538462,0.673076923,1,0.569230769,0.030769231,0.092307692,0.107692308,0.2
240,0.962962963,0.037037037,0.044776119,0.104477612,0.208955224,0.194029851,0.447761194,1,0.526315789,0.087719298,0.01754386,0.333333333,0.035087719
241,1,0,0,0.055555556,0.074074074,0.388888889,0.481481481,1,0.606557377,0.114754098,0.032786885,0.180327869,0.06557377
242,0.975,0.025,0.033333333,0.016666667,0.133333333,0.3,0.516666667,1,0.649122807,0.087719298,0.052631579,0.175438596,0.035087719
243,0.975,0.025,0.081967213,0.016393443,0.098360656,0.295081967,0.508196721,1,0.524590164,0.114754098,0.049180328,0.245901639,0.06557377
244,0.962962963,0.037037037,0.048387097,0.048387097,0.14516129,0.306451613,0.451612903,1,0.711538462,0.019230769,0.038461538,0.211538462,0.019230769
245,1,0,0.068965517,0.068965517,0.068965517,0.327586207,0.465517241,1,0.655172414,0.017241379,0.017241379,0.189655172,0.120689655
246,0.928571429,0.071428571,0,0.140350877,0.122807018,0.280701754,0.456140351,1,0.625,0,0,0.267857143,0.107142857
247,0.928571429,0.071428571,0.036363636,0,0.054545455,0.4,0.509090909,1,0.672727273,0.090909091,0.054545455,0.181818182,0
248,0.906976744,0.093023256,0.054545455,0,0.036363636,0.327272727,0.581818182,1,0.655172414,0.034482759,0.017241379,0.189655172,0.103448276
249,0.951219512,0.048780488,0.034482759,0.017241379,0.103448276,0.310344828,0.534482759,1,0.672413793,0.034482759,0,0.189655172,0.103448276
250,0.917647059,0.082352941,0.056603774,0.056603774,0,0.396226415,0.490566038,1,0.649122807,0,0,0.228070175,0.122807018
251,0.896551724,0.103448276,0.018518519,0,0.055555556,0.351851852,0.574074074,1,0.696428571,0.017857143,0.017857143,0.178571429,0.089285714
252,0.896551724,0.103448276,0.019607843,0,0,0.450980392,0.529411765,1,0.754716981,0.018867925,0.037735849,0.150943396,0.037735849
253,0.939759036,0.060240964,0.056603774,0,0,0.433962264,0.509433962,1,0.684210526,0.052631579,0.01754386,0.175438596,0.070175439
254,0.987341772,0.012658228,0.018518519,0.055555556,0.055555556,0.314814815,0.555555556,1,0.62295082,0.06557377,0.06557377,0.131147541,0.114754098
255,0.896551724,0.103448276,0,0.057692308,0.038461538,0.403846154,0.5,1,0.716981132,0,0.037735849,0.188679245,0.056603774
256,0.939759036,0.060240964,0,0.019230769,0.038461538,0.461538462,0.480769231,1,0.727272727,0.072727273,0.018181818,0.163636364,0.018181818
257,0.975,0.025,0,0.070175439,0.122807018,0.315789474,0.49122807,1,0.660714286,0.089285714,0.071428571,0.160714286,0.017857143
258,0.939759036,0.060240964,0.064516129,0.064516129,0.129032258,0.241935484,0.5,1,0.62962963,0.037037037,0.074074074,0.222222222,0.037037037
259,0.962962963,0.037037037,0.035714286,0.25,0.071428571,0.142857143,0.5,1,0.416666667,0.066666667,0.2,0.216666667,0.1
260,0.906976744,0.093023256,0,0.037735849,0.056603774,0.433962264,0.471698113,1,0.735849057,0.037735849,0,0.20754717,0.018867925
261,0.917647059,0.082352941,0,0.115384615,0.038461538,0.384615385,0.461538462,1,0.685185185,0.018518519,0.037037037,0.203703704,0.055555556
262,0.939759036,0.060240964,0,0.090909091,0.090909091,0.345454545,0.472727273,1,0.690909091,0.018181818,0.018181818,0.2,0.072727273
263,0.906976744,0.093023256,0.018518519,0.037037037,0.055555556,0.296296296,0.592592593,1,0.696428571,0,0.053571429,0.142857143,0.107142857
264,0.951219512,0.048780488,0.018181818,0.090909091,0.072727273,0.345454545,0.472727273,1,0.576271186,0.084745763,0.033898305,0.237288136,0.06779661
265,0.987341772,0.012658228,0.019230769,0.134615385,0.019230769,0.307692308,0.519230769,1,0.603174603,0.015873016,0.015873016,0.174603175,0.19047619
266,0.987341772,0.012658228,0.018867925,0.169811321,0.037735849,0.226415094,0.547169811,1,0.515625,0.0625,0.09375,0.171875,0.15625
267,1,0,0.018518519,0.111111111,0.055555556,0.240740741,0.574074074,1,0.537313433,0.059701493,0.029850746,0.179104478,0.194029851
268,0.962962963,0.037037037,0.019230769,0.038461538,0.019230769,0.192307692,0.730769231,1,0.506849315,0.068493151,0.01369863,0.164383562,0.246575342
269,0.962962963,0.037037037,0.037037037,0,0.037037037,0.314814815,0.611111111,1,0.629032258,0.064516129,0.048387097,0.129032258,0.129032258
270,0.928571429,0.071428571,0.06557377,0.016393443,0.114754098,0.245901639,0.557377049,1,0.709090909,0,0.018181818,0.181818182,0.090909091
271,0.928571429,0.071428571,0.017857143,0.714285714,0.089285714,0.035714286,0.142857143,1,0.018867925,0.037735849,0.377358491,0.547169811,0.018867925
272,0.987341772,0.012658228,0.030769231,0.584615385,0.2,0.030769231,0.153846154,1,0.055555556,0.074074074,0.277777778,0.592592593,0
273,0.962962963,0.037037037,0.060606061,0.590909091,0.181818182,0.045454545,0.121212121,1,0.04,0,0.3,0.66,0
274,0.975,0.025,0.06557377,0.557377049,0.114754098,0.081967213,0.180327869,1,0.153846154,0,0.307692308,0.5,0.038461538
275,0.951219512,0.048780488,0.01754386,0.596491228,0.105263158,0.01754386,0.263157895,1,0.176470588,0.019607843,0.431372549,0.37254902,0
276,0.906976744,0.093023256,0.018867925,0.716981132,0.037735849,0.018867925,0.20754717,1,0.018518519,0.055555556,0.425925926,0.481481481,0.018518519
277,0.886363636,0.113636364,0.019230769,0.75,0.019230769,0,0.211538462,1,0.039215686,0,0.470588235,0.470588235,0.019607843
278,0.886363636,0.113636364,0,0.740740741,0.074074074,0.018518519,0.166666667,1,0.018518519,0.018518519,0.333333333,0.574074074,0.055555556
279,0.906976744,0.093023256,0.06557377,0,0.114754098,0.229508197,0.590163934,1,0.725490196,0,0.137254902,0.117647059,0.019607843
280,0.987341772,0.012658228,0.058823529,0.014705882,0.205882353,0.102941176,0.617647059,1,0.689655172,0.017241379,0.051724138,0.120689655,0.120689655
281,1,0,0.107692308,0.030769231,0.123076923,0.138461538,0.6,1,0.633333333,0,0.066666667,0.133333333,0.166666667
282,0.951219512,0.048780488,0.078125,0,0.140625,0.171875,0.609375,1,0.655172414,0,0.051724138,0.155172414,0.137931034
283,0.975,0.025,0.0625,0.140625,0.15625,0.234375,0.40625,1,0.653846154,0,0.038461538,0.269230769,0.038461538
284,0.987341772,0.012658228,0,0.101694915,0.152542373,0.237288136,0.508474576,1,0.631578947,0.087719298,0.087719298,0.157894737,0.035087719
285,0.951219512,0.048780488,0.084745763,0.13559322,0.06779661,0.254237288,0.457627119,1,0.527272727,0.054545455,0.145454545,0.236363636,0.036363636
286,0.987341772,0.012658228,0,0.290909091,0.090909091,0.163636364,0.454545455,1,0.451612903,0.048387097,0.112903226,0.241935484,0.14516129
287,1,0,0.037037037,0.481481481,0.037037037,0.092592593,0.351851852,1,0.176470588,0.102941176,0.191176471,0.367647059,0.161764706
288,0.975,0.025,0.037037037,0.481481481,0.037037037,0.074074074,0.37037037,1,0.15,0.166666667,0.383333333,0.3,0
289,0.928571429,0.071428571,0.052631579,0.614035088,0.070175439,0.105263158,0.157894737,1,0.075471698,0.037735849,0.320754717,0.547169811,0.018867925
290,0.975,0.025,0.06557377,0.639344262,0.114754098,0.016393443,0.163934426,1,0.058823529,0,0.411764706,0.509803922,0.019607843
291,0.975,0.025,0.092307692,0.584615385,0.138461538,0.046153846,0.138461538,1,0.019230769,0.019230769,0.326923077,0.615384615,0.019230769
292,0.939759036,0.060240964,0.109375,0.390625,0.109375,0.15625,0.234375,1,0.098360656,0.131147541,0.114754098,0.606557377,0.049180328
293,0.975,0.025,0,0.6,0.090909091,0.072727273,0.236363636,1,0.147540984,0.049180328,0.229508197,0.442622951,0.131147541
294,0.928571429,0.071428571,0,0.655737705,0.180327869,0,0.163934426,1,0.035087719,0,0.210526316,0.631578947,0.122807018
295,0.886363636,0.113636364,0.034482759,0.672413793,0.103448276,0.051724138,0.137931034,1,0,0,0.172413793,0.689655172,0.137931034
296,0.928571429,0.071428571,0.055555556,0.685185185,0.018518519,0,0.240740741,1,0.018181818,0.090909091,0.454545455,0.436363636,0
297,0.917647059,0.082352941,0.038461538,0.730769231,0,0.038461538,0.192307692,1,0.01754386,0.070175439,0.368421053,0.49122807,0.052631579
298,0.939759036,0.060240964,0.071428571,0.696428571,0.035714286,0.107142857,0.089285714,1,0.017241379,0.034482759,0.224137931,0.620689655,0.103448276
299,0.906976744,0.093023256,0.074074074,0.703703704,0,0.055555556,0.166666667,1,0,0.01754386,0.315789474,0.561403509,0.105263158
300,0.962962963,0.037037037,0.050847458,0.644067797,0.101694915,0.033898305,0.169491525,1,0,0.072727273,0.381818182,0.527272727,0.018181818
301,1,0,0.126984127,0.571428571,0.079365079,0.047619048,0.174603175,1,0.046153846,0,0.123076923,0.6,0.230769231
302,0.928571429,0.071428571,0.035714286,0.107142857,0.071428571,0.196428571,0.589285714,1,0.568965517,0.051724138,0.137931034,0.155172414,0.086206897
303,0.917647059,0.082352941,0,0.089285714,0.107142857,0.339285714,0.464285714,1,0.711538462,0,0.038461538,0.211538462,0.038461538
304,0.896551724,0.103448276,0.033898305,0.016949153,0.118644068,0.288135593,0.542372881,1,0.784313725,0,0.019607843,0.176470588,0.019607843
305,0.906976744,0.093023256,0,0.051724138,0.137931034,0.327586207,0.482758621,1,0.730769231,0,0,0.230769231,0.038461538
306,0.906976744,0.093023256,0.017241379,0.017241379,0.120689655,0.275862069,0.568965517,1,0.735849057,0,0.056603774,0.150943396,0.056603774
307,0.951219512,0.048780488,0.016393443,0.098360656,0.163934426,0.262295082,0.459016393,1,0.685185185,0.037037037,0,0.240740741,0.037037037
308,0.939759036,0.060240964,0.053571429,0.017857143,0.053571429,0.285714286,0.589285714,1,0.661016949,0,0.033898305,0.152542373,0.152542373
309,0.917647059,0.082352941,0,0.056603774,0.056603774,0.396226415,0.490566038,1,0.711538462,0.038461538,0.096153846,0.153846154,0
310,0.939759036,0.060240964,0,0,0.074074074,0.37037037,0.555555556,1,0.637931034,0.120689655,0.068965517,0.155172414,0.017241379
311,0.939759036,0.060240964,0.05,0.016666667,0.116666667,0.266666667,0.55,1,0.642857143,0.071428571,0.071428571,0.178571429,0.035714286
312,0.951219512,0.048780488,0.016666667,0.066666667,0.15,0.233333333,0.533333333,1,0.614035088,0.087719298,0.070175439,0.192982456,0.035087719
313,0.987341772,0.012658228,0.090909091,0.015151515,0.151515152,0.166666667,0.575757576,1,0.637931034,0.034482759,0.068965517,0.155172414,0.103448276
314,0.928571429,0.071428571,0.017857143,0.678571429,0.089285714,0.017857143,0.196428571,1,0.105263158,0,0.245614035,0.526315789,0.122807018
315,0.939759036,0.060240964,0.061538462,0.553846154,0.169230769,0.015384615,0.2,1,0.076923077,0.019230769,0.288461538,0.596153846,0.019230769
316,0.917647059,0.082352941,0.101449275,0.434782609,0.173913043,0.043478261,0.246376812,1,0.017857143,0.089285714,0.214285714,0.660714286,0.017857143
317,0.939759036,0.060240964,0.032786885,0.62295082,0.147540984,0.06557377,0.131147541,1,0.016666667,0.033333333,0.15,0.666666667,0.133333333
318,0.962962963,0.037037037,0.107692308,0.569230769,0.123076923,0.046153846,0.153846154,1,0,0.018518519,0.296296296,0.62962963,0.055555556
319,0.951219512,0.048780488,0.035087719,0.614035088,0.087719298,0.052631579,0.210526316,1,0.035714286,0.107142857,0.375,0.482142857,0
320,0.939759036,0.060240964,0.018518519,0.685185185,0.055555556,0.018518519,0.222222222,1,0.052631579,0.070175439,0.368421053,0.456140351,0.052631579
321,0.917647059,0.082352941,0.037735849,0.716981132,0.018867925,0.094339623,0.132075472,1,0.056603774,0.037735849,0.358490566,0.528301887,0.018867925
322,0.886363636,0.113636364,0,0.722222222,0.074074074,0,0.203703704,1,0,0.035087719,0.315789474,0.561403509,0.087719298
323,0.962962963,0.037037037,0.101694915,0.627118644,0.050847458,0.033898305,0.186440678,1,0,0.032786885,0.262295082,0.557377049,0.147540984
324,0.928571429,0.071428571,0.019230769,0.769230769,0.019230769,0.019230769,0.173076923,1,0.03125,0,0.203125,0.546875,0.21875
325,0.962962963,0.037037037,0.037037037,0.648148148,0.037037037,0.055555556,0.222222222,1,0.127272727,0.018181818,0.381818182,0.4,0.072727273
326,0.928571429,0.071428571,0,0.636363636,0.090909091,0.054545455,0.218181818,1,0.150943396,0.018867925,0.339622642,0.452830189,0.037735849
327,0.962962963,0.037037037,0.037037037,0.740740741,0.037037037,0.018518519,0.166666667,1,0.05,0,0.283333333,0.5,0.166666667
328,1,0,0.090909091,0.581818182,0,0.072727273,0.254545455,1,0.031746032,0.126984127,0.349206349,0.412698413,0.079365079
329,0.987341772,0.012658228,0.066666667,0.616666667,0.1,0,0.216666667,1,0.055555556,0.037037037,0.425925926,0.444444444,0.037037037
330,0.987341772,0.012658228,0,0.603174603,0.206349206,0.047619048,0.142857143,1,0.111111111,0.055555556,0.240740741,0.574074074,0.018518519
331,0.975,0.025,0.014285714,0.528571429,0.271428571,0.042857143,0.142857143,1,0.035714286,0.107142857,0.142857143,0.714285714,0
332,0.906976744,0.093023256,0.05,0.6,0.116666667,0,0.233333333,1,0.037037037,0.018518519,0.333333333,0.555555556,0.055555556
333,0.917647059,0.082352941,0,0.714285714,0.107142857,0.017857143,0.160714286,1,0.019607843,0.019607843,0.431372549,0.529411765,0
334,0.917647059,0.082352941,0.036363636,0.690909091,0.054545455,0.054545455,0.163636364,1,0.038461538,0,0.403846154,0.519230769,0.038461538
335,0.896551724,0.103448276,0.054545455,0.709090909,0.036363636,0,0.2,1,0,0,0.5,0.5,0
336,0.928571429,0.071428571,0,0.764705882,0.019607843,0,0.215686275,1,0.017241379,0.103448276,0.396551724,0.448275862,0.034482759
337,0.906976744,0.093023256,0,0.730769231,0.038461538,0.038461538,0.192307692,1,0.057692308,0.038461538,0.442307692,0.461538462,0
338,0.917647059,0.082352941,0,0.764705882,0.019607843,0.039215686,0.176470588,1,0.018518519,0.074074074,0.444444444,0.462962963,0
339,0.917647059,0.082352941,0.018867925,0.716981132,0.037735849,0,0.226415094,1,0.074074074,0.055555556,0.407407407,0.444444444,0.018518519
340,0.896551724,0.103448276,0,0.677966102,0.152542373,0,0.169491525,1,0,0.019230769,0.346153846,0.615384615,0.019230769
341,0.906976744,0.093023256,0.033898305,0.644067797,0.118644068,0.101694915,0.101694915,1,0.034482759,0.017241379,0.120689655,0.706896552,0.120689655
342,1,0,0.016129032,0.596774194,0.177419355,0.048387097,0.161290323,1,0.064516129,0.080645161,0.161290323,0.580645161,0.112903226
343,0.917647059,0.082352941,0.105263158,0.578947368,0.01754386,0.035087719,0.263157895,1,0.018181818,0.054545455,0.418181818,0.472727273,0.036363636
344,0.896551724,0.103448276,0.120689655,0.603448276,0.017241379,0.051724138,0.206896552,1,0,0,0.377358491,0.566037736,0.056603774
345,0.962962963,0.037037037,0.034482759,0.672413793,0.103448276,0,0.189655172,1,0.057692308,0,0.442307692,0.461538462,0.038461538
346,0.906976744,0.093023256,0.055555556,0.703703704,0.018518519,0.055555556,0.166666667,1,0.038461538,0,0.403846154,0.519230769,0.038461538
347,0.896551724,0.103448276,0.019230769,0.75,0.019230769,0.019230769,0.192307692,1,0,0.056603774,0.452830189,0.490566038,0
348,0.906976744,0.093023256,0,0.76,0,0.08,0.16,1,0.017857143,0.089285714,0.375,0.5,0.017857143
349,0.951219512,0.048780488,0.037735849,0.679245283,0.018867925,0.113207547,0.150943396,1,0.053571429,0.089285714,0.357142857,0.482142857,0.017857143
350,0.917647059,0.082352941,0,0.745098039,0.019607843,0.058823529,0.176470588,1,0.037037037,0.055555556,0.425925926,0.462962963,0.018518519
351,0.876404494,0.123595506,0.018181818,0.709090909,0.072727273,0.018181818,0.181818182,1,0,0,0.384615385,0.576923077,0.038461538
352,0.917647059,0.082352941,0,0.735849057,0.056603774,0.056603774,0.150943396,1,0.018867925,0.056603774,0.41509434,0.509433962,0
353,0.906976744,0.093023256,0,0.75,0.038461538,0.038461538,0.173076923,1,0.019230769,0.038461538,0.461538462,0.480769231,0
354,0.886363636,0.113636364,0.018867925,0.716981132,0.037735849,0.018867925,0.20754717,1,0,0.056603774,0.433962264,0.509433962,0
355,0.917647059,0.082352941,0.056603774,0.716981132,0,0.094339623,0.132075472,1,0.076923077,0,0.365384615,0.519230769,0.038461538
356,0.962962963,0.037037037,0.080645161,0.629032258,0.112903226,0.032258065,0.14516129,1,0.019230769,0.019230769,0.365384615,0.576923077,0.019230769
357,0.939759036,0.060240964,0.137931034,0.603448276,0,0.103448276,0.155172414,1,0,0.038461538,0.423076923,0.538461538,0
358,0.951219512,0.048780488,0.037735849,0.698113208,0.018867925,0.037735849,0.20754717,1,0.072727273,0.036363636,0.418181818,0.418181818,0.054545455
359,0.939759036,0.060240964,0.070175439,0.684210526,0.052631579,0.01754386,0.175438596,1,0,0.018867925,0.433962264,0.509433962,0.037735849
360,0.917647059,0.082352941,0.037037037,0.703703704,0.037037037,0.037037037,0.185185185,1,0.08,0,0.46,0.46,0
361,0.951219512,0.048780488,0.071428571,0.571428571,0.035714286,0.017857143,0.303571429,1,0.12962963,0.055555556,0.444444444,0.351851852,0.018518519
362,0.951219512,0.048780488,0,0.666666667,0.122807018,0.035087719,0.175438596,1,0.054545455,0.090909091,0.345454545,0.509090909,0
363,1,0,0.089285714,0.678571429,0.017857143,0.053571429,0.160714286,1,0.058823529,0,0.132352941,0.544117647,0.264705882
364,0.987341772,0.012658228,0.105263158,0.666666667,0.01754386,0.035087719,0.175438596,1,0.03125,0,0.21875,0.53125,0.21875
365,0.987341772,0.012658228,0.105263158,0.631578947,0.01754386,0.035087719,0.210526316,1,0.06779661,0,0.322033898,0.457627119,0.152542373
366,0.939759036,0.060240964,0.090909091,0.654545455,0,0,0.254545455,1,0.049180328,0,0.295081967,0.475409836,0.180327869
367,0.975,0.025,0.118644068,0.610169492,0.033898305,0.050847458,0.186440678,1,0.017857143,0.035714286,0.375,0.5,0.071428571
368,0.975,0.025,0.166666667,0.5,0,0.1,0.233333333,1,0,0.1,0.333333333,0.5,0.066666667
369,0.975,0.025,0.105263158,0.578947368,0.01754386,0.087719298,0.210526316,1,0.031746032,0.079365079,0.253968254,0.507936508,0.126984127
370,0.917647059,0.082352941,0,0.655737705,0.180327869,0,0.163934426,1,0,0.035714286,0.25,0.642857143,0.071428571
371,1,0,0.050847458,0.610169492,0.101694915,0.016949153,0.220338983,1,0.05,0.083333333,0.316666667,0.466666667,0.083333333
372,0.906976744,0.093023256,0.019230769,0.730769231,0.019230769,0.057692308,0.173076923,1,0.035714286,0.053571429,0.339285714,0.517857143,0.053571429
373,0.906976744,0.093023256,0,0.764705882,0.019607843,0,0.215686275,1,0.033898305,0,0.322033898,0.491525424,0.152542373
374,0.906976744,0.093023256,0.037735849,0.735849057,0.018867925,0,0.20754717,1,0.018867925,0,0.452830189,0.471698113,0.056603774
375,0.962962963,0.037037037,0.016949153,0.610169492,0.13559322,0.06779661,0.169491525,1,0.12962963,0,0.277777778,0.518518519,0.074074074
376,0.962962963,0.037037037,0,0.716981132,0.056603774,0.037735849,0.188679245,1,0.035087719,0.105263158,0.403508772,0.438596491,0.01754386
377,0.951219512,0.048780488,0.052631579,0.666666667,0.070175439,0.01754386,0.192982456,1,0.018518519,0.055555556,0.425925926,0.481481481,0.018518519
378,0.928571429,0.071428571,0,0.764705882,0.019607843,0.019607843,0.196078431,1,0.074074074,0.018518519,0.425925926,0.425925926,0.055555556
379,0.876404494,0.123595506,0.01754386,0.701754386,0.105263158,0.01754386,0.157894737,1,0,0,0.326923077,0.634615385,0.038461538
380,0.906976744,0.093023256,0.052631579,0.649122807,0.070175439,0.035087719,0.192982456,1,0,0.037037037,0.37037037,0.555555556,0.037037037
381,0.917647059,0.082352941,0.107142857,0.642857143,0,0,0.25,1,0.037037037,0,0.425925926,0.462962963,0.074074074
382,0.886363636,0.113636364,0.037735849,0.716981132,0.018867925,0.037735849,0.188679245,1,0.04,0,0.46,0.5,0
383,0.928571429,0.071428571,0.074074074,0.574074074,0,0.037037037,0.314814815,1,0.107142857,0.071428571,0.410714286,0.375,0.035714286
384,0.896551724,0.103448276,0.018867925,0.754716981,0.037735849,0.018867925,0.169811321,1,0,0.019230769,0.442307692,0.519230769,0.019230769
385,0.962962963,0.037037037,0.034482759,0.620689655,0.103448276,0.068965517,0.172413793,1,0.115384615,0.038461538,0.365384615,0.480769231,0
386,0.939759036,0.060240964,0.033898305,0.627118644,0.118644068,0.016949153,0.203389831,1,0.072727273,0.036363636,0.309090909,0.527272727,0.054545455
387,0.896551724,0.103448276,0.038461538,0.75,0,0.038461538,0.173076923,1,0.019230769,0,0.442307692,0.5,0.038461538
388,0.876404494,0.123595506,0,0.78,0,0,0.22,1,0.039215686,0.019607843,0.490196078,0.450980392,0
389,0.917647059,0.082352941,0.071428571,0.607142857,0.035714286,0.035714286,0.25,1,0.14,0,0.44,0.42,0
390,0.896551724,0.103448276,0.090909091,0.636363636,0,0.072727273,0.2,1,0,0.037735849,0.41509434,0.528301887,0.018867925
391,0.962962963,0.037037037,0.035714286,0.660714286,0.071428571,0.053571429,0.178571429,1,0.055555556,0.055555556,0.407407407,0.462962963,0.018518519
392,0.896551724,0.103448276,0.074074074,0,0,0.240740741,0.685185185,1,0.573770492,0.049180328,0.098360656,0.147540984,0.131147541
393,0.906976744,0.093023256,0.019607843,0.019607843,0,0.37254902,0.588235294,1,0.714285714,0.017857143,0.053571429,0.125,0.089285714
394,0.928571429,0.071428571,0,0.04,0,0.46,0.5,1,0.714285714,0,0.017857143,0.160714286,0.107142857
395,0.928571429,0.071428571,0.019230769,0.019230769,0.019230769,0.365384615,0.576923077,1,0.689655172,0,0.034482759,0.137931034,0.137931034
396,0.917647059,0.082352941,0.01754386,0.052631579,0.105263158,0.315789474,0.50877193,1,0.716981132,0.037735849,0.037735849,0.188679245,0.018867925
397,0.951219512,0.048780488,0,0.050847458,0.152542373,0.271186441,0.525423729,1,0.714285714,0.017857143,0,0.178571429,0.089285714
398,0.939759036,0.060240964,0.017857143,0.035714286,0.089285714,0.339285714,0.517857143,1,0.696428571,0.017857143,0.017857143,0.178571429,0.089285714
399,0.928571429,0.071428571,0.018518519,0.111111111,0.055555556,0.333333333,0.481481481,1,0.614035088,0.01754386,0.035087719,0.228070175,0.105263158
400,0.896551724,0.103448276,0,0.711538462,0.038461538,0,0.25,1,0.109090909,0,0.345454545,0.454545455,0.090909091
401,0.951219512,0.048780488,0.053571429,0.642857143,0.053571429,0.053571429,0.196428571,1,0.103448276,0,0.25862069,0.5,0.137931034
402,0.939759036,0.060240964,0.019230769,0.711538462,0.019230769,0,0.25,1,0,0.112903226,0.35483871,0.451612903,0.080645161
403,0.951219512,0.048780488,0.018181818,0.654545455,0.072727273,0,0.254545455,1,0.06779661,0.050847458,0.338983051,0.440677966,0.101694915
404,0.906976744,0.093023256,0,0.769230769,0.038461538,0.038461538,0.153846154,1,0.038461538,0.019230769,0.423076923,0.5,0.019230769
405,0.939759036,0.060240964,0,0.037037037,0.074074074,0.296296296,0.592592593,1,0.677966102,0.033898305,0.033898305,0.13559322,0.118644068
406,0.987341772,0.012658228,0.114754098,0,0.06557377,0.31147541,0.508196721,1,0.678571429,0.017857143,0.053571429,0.160714286,0.089285714
407,0.939759036,0.060240964,0.070175439,0.035087719,0.052631579,0.368421053,0.473684211,1,0.690909091,0,0,0.218181818,0.090909091
408,0.975,0.025,0.016666667,0,0.15,0.066666667,0.766666667,1,0.541666667,0.069444444,0.013888889,0.138888889,0.236111111
409,0.906976744,0.093023256,0,0.666666667,0.074074074,0,0.259259259,1,0.016393443,0.06557377,0.295081967,0.508196721,0.114754098
410,0.987341772,0.012658228,0,0.709090909,0.090909091,0.018181818,0.181818182,1,0,0.106060606,0.242424242,0.515151515,0.136363636
411,0.987341772,0.012658228,0.109375,0.140625,0.109375,0.25,0.390625,1,0.566037736,0.018867925,0.094339623,0.283018868,0.037735849
412,0.975,0.025,0.089285714,0.464285714,0.017857143,0.25,0.178571429,1,0.178571429,0.107142857,0.25,0.464285714,0
413,0.939759036,0.060240964,0,0.015384615,0.230769231,0.215384615,0.538461538,1,0.754716981,0.056603774,0,0.188679245,0
414,0.939759036,0.060240964,0.017241379,0.034482759,0.120689655,0.344827586,0.482758621,1,0.722222222,0.055555556,0,0.203703704,0.018518519
415,0.975,0.025,0.045454545,0.045454545,0.196969697,0.227272727,0.484848485,1,0.784313725,0,0.019607843,0.176470588,0.019607843
416,0.975,0.025,0.031746032,0.047619048,0.174603175,0.26984127,0.476190476,1,0.703703704,0.055555556,0.018518519,0.203703704,0.018518519
417,0.951219512,0.048780488,0.016949153,0.050847458,0.13559322,0.322033898,0.474576271,1,0.690909091,0.054545455,0,0.218181818,0.036363636
418,0.928571429,0.071428571,0,0.046153846,0.230769231,0.169230769,0.553846154,1,0.716981132,0.037735849,0.037735849,0.188679245,0.018867925
419,0.975,0.025,0,0.1,0.166666667,0.233333333,0.5,1,0.709090909,0.036363636,0.036363636,0.163636364,0.054545455
420,0.975,0.025,0.044117647,0.573529412,0.220588235,0,0.161764706,1,0.037037037,0.018518519,0.240740741,0.648148148,0.055555556
421,0.917647059,0.082352941,0.01754386,0.666666667,0.105263158,0.052631579,0.157894737,1,0.076923077,0.019230769,0.326923077,0.557692308,0.019230769
422,0.987341772,0.012658228,0.018867925,0.056603774,0.037735849,0.452830189,0.433962264,1,0.610169492,0.118644068,0.033898305,0.203389831,0.033898305
423,0.962962963,0.037037037,0.018518519,0.055555556,0.055555556,0.444444444,0.425925926,1,0.660714286,0.089285714,0.017857143,0.214285714,0.017857143
424,1,0,0.034482759,0.017241379,0.103448276,0.310344828,0.534482759,1,0.637931034,0.120689655,0.103448276,0.120689655,0.017241379
425,0.987341772,0.012658228,0.047619048,0,0.158730159,0.206349206,0.587301587,1,0.633333333,0.083333333,0.05,0.15,0.083333333
426,0.975,0.025,0,0.044776119,0.253731343,0.164179104,0.537313433,1,0.666666667,0.070175439,0,0.210526316,0.052631579
427,0.939759036,0.060240964,0.015625,0.0625,0.203125,0.1875,0.53125,1,0.716981132,0,0.037735849,0.188679245,0.056603774
428,1,0,0.064516129,0.032258065,0.129032258,0.096774194,0.677419355,1,0.6,0.030769231,0.061538462,0.107692308,0.2
429,0.928571429,0.071428571,0,0.152542373,0.152542373,0.237288136,0.457627119,1,0.648148148,0,0.018518519,0.259259259,0.074074074
430,1,0,0.044776119,0.104477612,0.208955224,0.164179104,0.47761194,1,0.654545455,0.018181818,0.036363636,0.218181818,0.072727273
431,0.987341772,0.012658228,0.059701493,0,0.194029851,0.208955224,0.537313433,1,0.690909091,0.072727273,0.054545455,0.163636364,0.018181818
432,0.951219512,0.048780488,0,0,0.107142857,0.339285714,0.553571429,1,0.677966102,0.050847458,0,0.169491525,0.101694915
433,0.975,0.025,0,0.06779661,0.152542373,0.220338983,0.559322034,1,0.606557377,0.06557377,0.032786885,0.180327869,0.114754098
434,0.939759036,0.060240964,0.072463768,0.072463768,0.202898551,0.15942029,0.492753623,1,0.7,0,0.06,0.24,0
435,0.939759036,0.060240964,0.060606061,0.015151515,0.181818182,0.196969697,0.545454545,1,0.75,0,0.038461538,0.173076923,0.038461538
436,0.928571429,0.071428571,0,0.070175439,0.122807018,0.280701754,0.526315789,1,0.696428571,0.017857143,0,0.196428571,0.089285714
437,0.928571429,0.071428571,0.016129032,0,0.177419355,0.225806452,0.580645161,1,0.714285714,0.017857143,0,0.178571429,0.089285714
438,0.939759036,0.060240964,0.036363636,0.018181818,0.054545455,0.309090909,0.581818182,1,0.5625,0.078125,0,0.21875,0.140625
439,0.928571429,0.071428571,0.019607843,0,0,0.294117647,0.68627451,1,0.615384615,0.046153846,0.015384615,0.138461538,0.184615385
440,0.962962963,0.037037037,0.037735849,0.679245283,0.018867925,0.056603774,0.20754717,1,0.079365079,0.031746032,0.238095238,0.476190476,0.174603175
441,0.975,0.025,0,0.607142857,0.107142857,0.071428571,0.214285714,1,0.189655172,0,0.224137931,0.448275862,0.137931034
442,0.896551724,0.103448276,0.018181818,0.672727273,0.072727273,0,0.236363636,1,0.054545455,0,0.345454545,0.509090909,0.090909091
443,0.917647059,0.082352941,0,0.745098039,0.019607843,0,0.235294118,1,0.064516129,0,0.258064516,0.483870968,0.193548387
444,0.886363636,0.113636364,0.019230769,0.769230769,0.019230769,0,0.192307692,1,0,0.01754386,0.333333333,0.543859649,0.105263158
445,0.917647059,0.082352941,0,0.627118644,0.152542373,0.033898305,0.186440678,1,0.037735849,0.037735849,0.339622642,0.566037736,0.018867925
446,0.939759036,0.060240964,0,0.684210526,0.122807018,0.087719298,0.105263158,1,0.098039216,0,0.31372549,0.568627451,0.019607843
447,0.987341772,0.012658228,0.030769231,0.6,0.2,0.046153846,0.123076923,1,0.056603774,0.037735849,0.264150943,0.622641509,0.018867925
448,0.928571429,0.071428571,0,0.04,0,0.38,0.58,1,0.629032258,0.048387097,0,0.177419355,0.14516129
449,0.939759036,0.060240964,0.052631579,0.684210526,0.070175439,0.035087719,0.157894737,1,0.01754386,0.01754386,0.298245614,0.561403509,0.105263158
450,0.928571429,0.071428571,0,0.696428571,0.107142857,0.035714286,0.160714286,1,0.033333333,0.016666667,0.216666667,0.583333333,0.15
451,0.975,0.025,0.054545455,0.618181818,0.036363636,0.018181818,0.272727273,1,0.045454545,0.090909091,0.257575758,0.454545455,0.151515152
452,0.886363636,0.113636364,0.074074074,0,0,0.425925926,0.5,1,0.711538462,0.038461538,0.038461538,0.211538462,0
453,0.962962963,0.037037037,0.055555556,0.074074074,0.018518519,0.333333333,0.518518519,1,0.649122807,0,0.087719298,0.140350877,0.122807018
454,0.962962963,0.037037037,0.054545455,0.072727273,0.036363636,0.2,0.636363636,1,0.569230769,0.015384615,0.046153846,0.153846154,0.215384615
455,0.896551724,0.103448276,0,0.018867925,0.056603774,0.41509434,0.509433962,1,0.769230769,0,0.019230769,0.173076923,0.038461538
456,0.951219512,0.048780488,0.06557377,0.016393443,0.114754098,0.344262295,0.459016393,1,0.764705882,0.019607843,0.019607843,0.196078431,0
457,0.906976744,0.093023256,0.05,0,0.116666667,0.35,0.483333333,1,0.78,0,0,0.22,0
458,0.951219512,0.048780488,0.049180328,0.081967213,0.131147541,0.245901639,0.491803279,1,0.642857143,0.017857143,0.017857143,0.232142857,0.089285714
459,0.951219512,0.048780488,0.050847458,0.050847458,0.101694915,0.288135593,0.508474576,1,0.654545455,0.054545455,0.072727273,0.181818182,0.036363636
460,0.987341772,0.012658228,0.052631579,0.561403509,0.070175439,0.052631579,0.263157895,1,0.189655172,0.017241379,0.275862069,0.396551724,0.120689655
461,0.987341772,0.012658228,0,0.6,0.166666667,0.033333333,0.2,1,0.095238095,0.063492063,0.158730159,0.53968254,0.142857143
462,0.975,0.025,0.049180328,0.639344262,0.131147541,0.049180328,0.131147541,1,0.037037037,0.037037037,0.314814815,0.574074074,0.037037037
463,0.975,0.025,0.061538462,0.584615385,0.169230769,0.015384615,0.169230769,1,0.018181818,0.054545455,0.290909091,0.6,0.036363636
464,0.987341772,0.012658228,0.032786885,0.540983607,0.147540984,0.016393443,0.262295082,1,0.116666667,0.083333333,0.25,0.466666667,0.083333333
465,0.951219512,0.048780488,0,0.666666667,0.019607843,0.039215686,0.274509804,1,0,0.146666667,0.16,0.506666667,0.186666667
466,0.962962963,0.037037037,0.018181818,0.727272727,0.072727273,0,0.181818182,1,0.032258065,0.032258065,0.258064516,0.516129032,0.161290323
467,0.939759036,0.060240964,0,0.689655172,0.137931034,0.034482759,0.137931034,1,0.054545455,0,0.272727273,0.581818182,0.090909091
468,0.975,0.025,0.06557377,0.049180328,0.114754098,0.229508197,0.540983607,1,0.655172414,0,0.034482759,0.172413793,0.137931034
469,0.962962963,0.037037037,0.051724138,0.068965517,0.086206897,0.362068966,0.431034483,1,0.533333333,0.1,0,0.3,0.066666667
470,0.962962963,0.037037037,0,0.20754717,0.056603774,0.283018868,0.452830189,1,0.55,0,0.05,0.233333333,0.166666667
471,0.917647059,0.082352941,0.019607843,0.745098039,0,0.078431373,0.156862745,1,0.05,0.016666667,0.25,0.533333333,0.15
472,0.939759036,0.060240964,0.037735849,0.754716981,0.018867925,0,0.188679245,1,0.017857143,0,0.410714286,0.464285714,0.107142857
473,0.917647059,0.082352941,0.019230769,0.038461538,0.019230769,0.326923077,0.596153846,1,0.65,0,0.016666667,0.166666667,0.166666667
474,0.939759036,0.060240964,0,0.04,0,0.3,0.66,1,0.606060606,0.015151515,0,0.151515152,0.227272727
475,0.939759036,0.060240964,0,0.096153846,0.038461538,0.230769231,0.634615385,1,0.609375,0,0.015625,0.15625,0.21875
476,0.939759036,0.060240964,0.018518519,0.092592593,0.055555556,0.203703704,0.62962963,1,0.587301587,0,0.047619048,0.158730159,0.206349206
477,0.928571429,0.071428571,0.079365079,0.587301587,0.126984127,0.031746032,0.174603175,1,0,0.055555556,0.296296296,0.62962963,0.018518519
478,0.939759036,0.060240964,0.101694915,0.661016949,0.050847458,0.050847458,0.13559322,1,0,0,0.358490566,0.58490566,0.056603774
479,0.939759036,0.060240964,0.107142857,0.678571429,0,0.053571429,0.160714286,1,0,0,0.357142857,0.535714286,0.107142857
480,0.886363636,0.113636364,0.019607843,0.784313725,0,0.039215686,0.156862745,1,0.018867925,0,0.396226415,0.528301887,0.056603774
481,0.928571429,0.071428571,0.055555556,0.685185185,0.018518519,0.074074074,0.166666667,1,0.053571429,0.017857143,0.321428571,0.517857143,0.089285714
482,0.896551724,0.103448276,0,0.78,0,0.04,0.18,1,0.057692308,0.019230769,0.442307692,0.461538462,0.019230769
483,0.906976744,0.093023256,0,0.76,0,0.02,0.22,1,0.071428571,0,0.375,0.446428571,0.107142857
484,0.917647059,0.082352941,0,0.8,0,0.02,0.18,1,0.056603774,0,0.452830189,0.433962264,0.056603774
485,0.939759036,0.060240964,0.017857143,0.053571429,0.089285714,0.375,0.464285714,1,0.703703704,0.018518519,0.018518519,0.203703704,0.055555556
486,0.939759036,0.060240964,0,0.092592593,0.074074074,0.462962963,0.37037037,1,0.618181818,0.090909091,0,0.290909091,0
487,0.951219512,0.048780488,0.03125,0.0625,0.1875,0.265625,0.453125,1,0.745098039,0,0,0.235294118,0.019607843
488,0.987341772,0.012658228,0.035087719,0.052631579,0.087719298,0.350877193,0.473684211,1,0.701754386,0.01754386,0,0.175438596,0.105263158
489,0.951219512,0.048780488,0,0.05,0.166666667,0.283333333,0.5,1,0.690909091,0.054545455,0.018181818,0.2,0.036363636
490,0.962962963,0.037037037,0.018181818,0.727272727,0.072727273,0,0.181818182,1,0.016393443,0.049180328,0.295081967,0.508196721,0.131147541
491,0.906976744,0.093023256,0,0.735849057,0.056603774,0.037735849,0.169811321,1,0,0.055555556,0.407407407,0.518518519,0.018518519
492,0.896551724,0.103448276,0,0.678571429,0.107142857,0.071428571,0.142857143,1,0.039215686,0.019607843,0.352941176,0.588235294,0
493,0.906976744,0.093023256,0.017857143,0.678571429,0.089285714,0.017857143,0.196428571,1,0.019230769,0.038461538,0.423076923,0.519230769,0
494,0.939759036,0.060240964,0,0.714285714,0.107142857,0.017857143,0.160714286,1,0,0.072727273,0.381818182,0.527272727,0.018181818
495,0.951219512,0.048780488,0.102941176,0.441176471,0.161764706,0.058823529,0.235294118,1,0,0.107692308,0.107692308,0.661538462,0.123076923
496,0.962962963,0.037037037,0,0.703703704,0.074074074,0.055555556,0.166666667,1,0.034482759,0.068965517,0.344827586,0.482758621,0.068965517
497,1,0,0.0625,0.421875,0.15625,0.0625,0.296875,1,0.31372549,0,0.31372549,0.352941176,0.019607843
498,0.939759036,0.060240964,0,0.056603774,0.056603774,0.245283019,0.641509434,1,0.609375,0.015625,0.015625,0.15625,0.203125
499,0.951219512,0.048780488,0.1,0.55,0.066666667,0.083333333,0.2,1,0.117647059,0.019607843,0.37254902,0.490196078,0
500,0.951219512,0.048780488,0.111111111,0.507936508,0.095238095,0.174603175,0.111111111,1,0,0.089285714,0.214285714,0.678571429,0.017857143
501,0.951219512,0.048780488,0.083333333,0.116666667,0.083333333,0.233333333,0.483333333,1,0.559322034,0,0.016949153,0.271186441,0.152542373
502,0.975,0.025,0.037735849,0.037735849,0.018867925,0.283018868,0.622641509,1,0.590909091,0.045454545,0.015151515,0.151515152,0.196969697
503,0.951219512,0.048780488,0.019607843,0.039215686,0,0.392156863,0.549019608,1,0.578125,0.078125,0,0.203125,0.140625
504,0.939759036,0.060240964,0.055555556,0.018518519,0.018518519,0.351851852,0.555555556,1,0.696428571,0.017857143,0.071428571,0.125,0.089285714
505,0.939759036,0.060240964,0.035714286,0.035714286,0.071428571,0.339285714,0.517857143,1,0.714285714,0,0,0.178571429,0.107142857
506,0.975,0.025,0.018518519,0.037037037,0.055555556,0.425925926,0.462962963,1,0.644067797,0.06779661,0,0.203389831,0.084745763
507,0.939759036,0.060240964,0.053571429,0.071428571,0.053571429,0.303571429,0.517857143,1,0.627118644,0,0,0.220338983,0.152542373
508,0.928571429,0.071428571,0.034482759,0.672413793,0.103448276,0.068965517,0.120689655,1,0.015625,0.015625,0.09375,0.671875,0.203125
509,0.951219512,0.048780488,0.015873016,0.603174603,0.19047619,0.031746032,0.158730159,1,0.068965517,0.017241379,0.155172414,0.637931034,0.120689655
510,0.951219512,0.048780488,0,0.701754386,0.122807018,0,0.175438596,1,0,0.073529412,0.132352941,0.602941176,0.191176471
511,0.951219512,0.048780488,0.034482759,0.017241379,0.103448276,0.344827586,0.5,1,0.769230769,0,0.057692308,0.134615385,0.038461538
512,0.962962963,0.037037037,0.016666667,0.133333333,0.15,0.266666667,0.433333333,1,0.648148148,0.018518519,0.037037037,0.240740741,0.055555556
513,0.962962963,0.037037037,0,0.063492063,0.206349206,0.238095238,0.492063492,1,0.698113208,0.056603774,0.056603774,0.188679245,0
514,0.928571429,0.071428571,0,0.074074074,0.074074074,0.407407407,0.444444444,1,0.703703704,0.018518519,0,0.222222222,0.055555556
515,0.928571429,0.071428571,0,0.076923077,0.038461538,0.384615385,0.5,1,0.678571429,0,0.035714286,0.178571429,0.107142857
516,0.939759036,0.060240964,0.035714286,0.035714286,0.071428571,0.285714286,0.571428571,1,0.684210526,0.01754386,0.052631579,0.140350877,0.105263158
517,0.962962963,0.037037037,0.052631579,0.614035088,0.070175439,0,0.263157895,1,0.118644068,0,0.288135593,0.440677966,0.152542373
518,0.928571429,0.071428571,0.019607843,0.745098039,0,0.019607843,0.215686275,1,0.083333333,0,0.283333333,0.466666667,0.166666667
519,0.939759036,0.060240964,0,0.764705882,0.019607843,0.019607843,0.196078431,1,0.014084507,0.042253521,0.14084507,0.549295775,0.253521127
520,0.962962963,0.037037037,0.037037037,0.722222222,0.037037037,0.055555556,0.148148148,1,0.076923077,0,0.138461538,0.553846154,0.230769231
521,0.987341772,0.012658228,0.122807018,0.631578947,0,0.122807018,0.122807018,1,0.060606061,0,0.106060606,0.590909091,0.242424242
522,0.962962963,0.037037037,0.070175439,0,0.052631579,0.263157895,0.614035088,1,0.655737705,0.016393443,0.032786885,0.131147541,0.163934426
523,0.928571429,0.071428571,0.074074074,0.018518519,0,0.277777778,0.62962963,1,0.65,0,0.05,0.133333333,0.166666667
524,0.987341772,0.012658228,0.13559322,0.050847458,0.016949153,0.169491525,0.627118644,1,0.515151515,0.03030303,0.075757576,0.166666667,0.212121212
525,0.939759036,0.060240964,0.037037037,0.074074074,0.037037037,0.12962963,0.722222222,1,0.560606061,0,0.075757576,0.121212121,0.242424242
526,0.962962963,0.037037037,0,0.052631579,0.122807018,0.263157895,0.561403509,1,0.639344262,0.032786885,0,0.180327869,0.147540984
527,0.917647059,0.082352941,0,0.705882353,0.019607843,0.078431373,0.196078431,1,0.111111111,0.018518519,0.37037037,0.444444444,0.055555556
528,0.896551724,0.103448276,0.089285714,0.660714286,0.017857143,0,0.232142857,1,0,0.018181818,0.381818182,0.527272727,0.072727273
529,0.896551724,0.103448276,0.018867925,0.735849057,0.037735849,0.018867925,0.188679245,1,0.019230769,0.019230769,0.442307692,0.5,0.019230769
530,0.928571429,0.071428571,0.019607843,0.784313725,0,0.058823529,0.137254902,1,0.037037037,0.018518519,0.407407407,0.481481481,0.055555556
531,0.928571429,0.071428571,0,0.745098039,0.019607843,0.019607843,0.215686275,1,0.070175439,0.01754386,0.368421053,0.438596491,0.105263158
532,0.896551724,0.103448276,0.038461538,0.673076923,0,0.115384615,0.173076923,1,0.092592593,0,0.314814815,0.518518519,0.074074074
533,0.896551724,0.103448276,0,0.684210526,0.122807018,0,0.192982456,1,0,0.037735849,0.377358491,0.566037736,0.018867925
534,0.896551724,0.103448276,0.018181818,0.672727273,0.072727273,0.090909091,0.145454545,1,0,0.055555556,0.333333333,0.592592593,0.018518519
535,0.939759036,0.060240964,0,0.784313725,0.019607843,0.058823529,0.137254902,1,0.037037037,0.037037037,0.425925926,0.462962963,0.037037037
536,0.951219512,0.048780488,0.019230769,0.711538462,0.019230769,0.076923077,0.173076923,1,0.015384615,0.092307692,0.230769231,0.523076923,0.138461538
537,0.962962963,0.037037037,0.01754386,0.49122807,0.105263158,0.140350877,0.245614035,1,0.234375,0.015625,0.046875,0.5,0.203125
538,0.939759036,0.060240964,0.052631579,0.403508772,0.070175439,0.175438596,0.298245614,1,0.275862069,0.034482759,0.155172414,0.431034483,0.103448276
539,0.987341772,0.012658228,0,0.660377358,0.056603774,0.037735849,0.245283019,1,0.112903226,0.064516129,0.290322581,0.403225806,0.129032258
540,0.906976744,0.093023256,0,0.764705882,0.019607843,0.078431373,0.137254902,1,0.037037037,0.018518519,0.37037037,0.518518519,0.055555556
541,0.917647059,0.082352941,0.016949153,0.576271186,0.13559322,0.152542373,0.118644068,1,0.117647059,0.019607843,0.235294118,0.62745098,0
542,0.987341772,0.012658228,0.033333333,0.133333333,0.133333333,0.316666667,0.383333333,1,0.581818182,0.090909091,0.054545455,0.272727273,0
543,0.906976744,0.093023256,0.054545455,0.036363636,0.036363636,0.290909091,0.581818182,1,0.576271186,0.050847458,0.06779661,0.203389831,0.101694915
544,0.928571429,0.071428571,0.018518519,0.722222222,0.055555556,0.055555556,0.148148148,1,0.017241379,0.051724138,0.293103448,0.551724138,0.086206897
545,0.951219512,0.048780488,0.038461538,0.673076923,0,0.019230769,0.269230769,1,0,0.112903226,0.387096774,0.419354839,0.080645161
546,0.975,0.025,0,0.714285714,0.107142857,0,0.178571429,1,0,0.101694915,0.355932203,0.491525424,0.050847458
547,0.987341772,0.012658228,0.035087719,0.684210526,0.087719298,0.035087719,0.157894737,1,0,0.075757576,0.196969697,0.560606061,0.166666667
548,1,0,0.136363636,0.515151515,0.106060606,0.015151515,0.227272727,1,0.015873016,0.047619048,0.206349206,0.571428571,0.158730159
549,0.928571429,0.071428571,0.018181818,0.072727273,0.072727273,0.236363636,0.6,1,0.65,0.016666667,0.016666667,0.166666667,0.15
550,0.917647059,0.082352941,0.032786885,0,0.147540984,0.31147541,0.508196721,1,0.716981132,0.037735849,0,0.226415094,0.018867925
551,0.939759036,0.060240964,0.116666667,0,0.05,0.316666667,0.516666667,1,0.692307692,0.019230769,0.115384615,0.153846154,0.019230769
552,0.975,0.025,0.101694915,0.033898305,0.050847458,0.389830508,0.423728814,1,0.730769231,0,0.038461538,0.192307692,0.038461538
553,0.987341772,0.012658228,0.018181818,0.109090909,0.072727273,0.309090909,0.490909091,1,0.6,0.05,0.05,0.183333333,0.116666667
554,0.896551724,0.103448276,0,0.727272727,0.090909091,0,0.181818182,1,0.018518519,0,0.351851852,0.555555556,0.074074074
555,0.962962963,0.037037037,0.03125,0.578125,0.1875,0,0.203125,1,0.034482759,0.086206897,0.24137931,0.586206897,0.051724138
556,0.917647059,0.082352941,0.070175439,0.666666667,0.052631579,0,0.210526316,1,0,0.037037037,0.407407407,0.518518519,0.037037037
557,0.866666667,0.133333333,0.019607843,0.764705882,0,0.019607843,0.196078431,1,0,0.018867925,0.41509434,0.528301887,0.037735849
558,0.896551724,0.103448276,0.055555556,0.703703704,0.018518519,0.055555556,0.166666667,1,0,0,0.423076923,0.538461538,0.038461538
559,0.906976744,0.093023256,0.018181818,0.709090909,0.072727273,0.018181818,0.181818182,1,0.018867925,0.037735849,0.396226415,0.528301887,0.018867925
560,0.917647059,0.082352941,0.037735849,0.754716981,0.018867925,0.075471698,0.113207547,1,0,0.018181818,0.345454545,0.563636364,0.072727273
561,0.951219512,0.048780488,0.018518519,0.722222222,0.055555556,0.074074074,0.12962963,1,0.035087719,0.035087719,0.315789474,0.526315789,0.087719298
562,1,0,0.033898305,0.677966102,0.118644068,0.050847458,0.118644068,1,0.054545455,0.036363636,0.327272727,0.527272727,0.054545455
563,0.962962963,0.037037037,0,0.74,0,0.04,0.22,1,0.120689655,0.017241379,0.362068966,0.379310345,0.120689655
564,0.962962963,0.037037037,0.037735849,0.698113208,0.018867925,0.056603774,0.188679245,1,0.064516129,0.032258065,0.258064516,0.483870968,0.161290323
565,0.951219512,0.048780488,0.016129032,0.032258065,0.177419355,0.209677419,0.564516129,1,0.644067797,0.06779661,0,0.203389831,0.084745763
566,0.975,0.025,0.015384615,0.046153846,0.215384615,0.2,0.523076923,1,0.722222222,0.055555556,0.037037037,0.166666667,0.018518519
567,0.987341772,0.012658228,0,0.017241379,0.137931034,0.327586207,0.517241379,1,0.714285714,0.089285714,0.053571429,0.125,0.017857143
568,0.975,0.025,0.018518519,0.092592593,0.055555556,0.259259259,0.574074074,1,0.603174603,0.031746032,0.031746032,0.158730159,0.174603175
569,0.928571429,0.071428571,0,0.109090909,0.090909091,0.4,0.4,1,0.745098039,0,0,0.235294118,0.019607843
570,0.987341772,0.012658228,0.035087719,0.105263158,0.087719298,0.298245614,0.473684211,1,0.655172414,0,0.017241379,0.189655172,0.137931034
571,0.975,0.025,0.1,0.1,0.066666667,0.25,0.483333333,1,0.566666667,0.016666667,0.016666667,0.25,0.15
572,0.939759036,0.060240964,0.018518519,0.703703704,0.055555556,0.018518519,0.203703704,1,0.087719298,0,0.315789474,0.473684211,0.122807018
573,0.975,0.025,0,0.698113208,0.056603774,0.037735849,0.20754717,1,0.029850746,0.089552239,0.223880597,0.492537313,0.164179104
574,0.928571429,0.071428571,0,0.038461538,0.038461538,0.230769231,0.692307692,1,0.582089552,0.044776119,0,0.164179104,0.208955224
575,0.917647059,0.082352941,0,0.016666667,0.166666667,0.116666667,0.7,1,0.639344262,0.016393443,0.049180328,0.131147541,0.163934426
576,0.906976744,0.093023256,0,0.035087719,0.122807018,0.263157895,0.578947368,1,0.714285714,0,0,0.178571429,0.107142857
577,0.917647059,0.082352941,0.06779661,0,0.084745763,0.169491525,0.677966102,1,0.62295082,0.016393443,0.049180328,0.147540984,0.163934426
578,0.939759036,0.060240964,0.074074074,0.037037037,0,0.425925926,0.462962963,1,0.75,0,0.057692308,0.153846154,0.038461538
579,0.951219512,0.048780488,0.061538462,0.030769231,0.169230769,0.292307692,0.446153846,1,0.74,0,0.02,0.24,0
580,0.928571429,0.071428571,0,0,0.242424242,0.212121212,0.545454545,1,0.784313725,0.019607843,0.019607843,0.176470588,0
581,0.951219512,0.048780488,0.01754386,0.105263158,0.105263158,0.385964912,0.385964912,1,0.711538462,0,0,0.25,0.038461538
582,0.975,0.025,0.0625,0.046875,0.15625,0.28125,0.453125,1,0.75,0,0,0.211538462,0.038461538
583,1,0,0,0.015873016,0.206349206,0.206349206,0.571428571,1,0.684210526,0.122807018,0.087719298,0.105263158,0
584,1,0,0,0.028571429,0.285714286,0.157142857,0.528571429,1,0.696428571,0.107142857,0,0.196428571,0
585,0.987341772,0.012658228,0,0,0.242424242,0.181818182,0.575757576,1,0.564516129,0.177419355,0.032258065,0.209677419,0.016129032
586,0.962962963,0.037037037,0,0,0.206349206,0.142857143,0.650793651,1,0.537313433,0.134328358,0,0.208955224,0.119402985
587,0.939759036,0.060240964,0,0.615384615,0.038461538,0.038461538,0.307692308,1,0.185185185,0.037037037,0.425925926,0.314814815,0.037037037
588,0.928571429,0.071428571,0.045454545,0.015151515,0.196969697,0.121212121,0.621212121,1,0.703703704,0.018518519,0.092592593,0.12962963,0.055555556
589,0.896551724,0.103448276,0.017857143,0.017857143,0.089285714,0.25,0.625,1,0.644067797,0.033898305,0.016949153,0.186440678,0.118644068
590,0.939759036,0.060240964,0.017857143,0,0.089285714,0.357142857,0.535714286,1,0.701754386,0.035087719,0,0.175438596,0.087719298
591,0.987341772,0.012658228,0.063492063,0.047619048,0.142857143,0.285714286,0.46031746,1,0.722222222,0,0,0.203703704,0.074074074
592,0.987341772,0.012658228,0.081967213,0.032786885,0.098360656,0.327868852,0.459016393,1,0.649122807,0.052631579,0,0.228070175,0.070175439
593,0.928571429,0.071428571,0,0.071428571,0.107142857,0.321428571,0.5,1,0.690909091,0.036363636,0.018181818,0.2,0.054545455
594,0.939759036,0.060240964,0.016666667,0.05,0.15,0.25,0.533333333,1,0.75,0,0.076923077,0.134615385,0.038461538
595,0.928571429,0.071428571,0,0.052631579,0.122807018,0.350877193,0.473684211,1,0.725490196,0.019607843,0.078431373,0.176470588,0
596,0.928571429,0.071428571,0.017241379,0.034482759,0.120689655,0.25862069,0.568965517,1,0.660714286,0.071428571,0.071428571,0.160714286,0.035714286
597,0.962962963,0.037037037,0.067567568,0.040540541,0.256756757,0.054054054,0.581081081,1,0.631578947,0.01754386,0.01754386,0.228070175,0.105263158
598,0.962962963,0.037037037,0.029850746,0.014925373,0.223880597,0.029850746,0.701492537,1,0.629032258,0.032258065,0.064516129,0.112903226,0.161290323
599,0.951219512,0.048780488,0.015873016,0.031746032,0.19047619,0,0.761904762,1,0.582089552,0.014925373,0.044776119,0.119402985,0.23880597
600,0.987341772,0.012658228,0.09375,0,0.125,0.015625,0.765625,1,0.457142857,0.128571429,0.142857143,0.114285714,0.157142857
601,0.962962963,0.037037037,0.034482759,0.017241379,0.103448276,0.327586207,0.517241379,1,0.649122807,0.070175439,0.052631579,0.175438596,0.052631579
602,0.951219512,0.048780488,0.112903226,0.419354839,0.080645161,0.064516129,0.322580645,1,0.142857143,0.071428571,0.321428571,0.428571429,0.035714286
603,0.906976744,0.093023256,0.083333333,0.033333333,0.083333333,0.066666667,0.733333333,1,0.593220339,0,0.169491525,0.084745763,0.152542373
604,0.951219512,0.048780488,0.03030303,0.03030303,0.212121212,0.03030303,0.696969697,1,0.619047619,0.031746032,0.031746032,0.142857143,0.174603175
605,0.939759036,0.060240964,0.084745763,0,0.06779661,0.372881356,0.474576271,1,0.516666667,0.133333333,0.016666667,0.3,0.033333333
606,0.917647059,0.082352941,0,0.016949153,0.152542373,0.254237288,0.576271186,1,0.540983607,0.147540984,0.032786885,0.245901639,0.032786885
607,0.928571429,0.071428571,0.035714286,0.035714286,0.071428571,0.392857143,0.464285714,1,0.666666667,0.055555556,0.037037037,0.222222222,0.018518519
608,0.928571429,0.071428571,0.037735849,0.056603774,0.018867925,0.396226415,0.490566038,1,0.722222222,0,0.037037037,0.166666667,0.074074074
609,0.939759036,0.060240964,0.038461538,0.019230769,0,0.403846154,0.538461538,1,0.672413793,0.051724138,0.034482759,0.155172414,0.086206897
610,0.928571429,0.071428571,0.083333333,0,0.083333333,0.383333333,0.45,1,0.679245283,0.056603774,0,0.264150943,0
611,0.906976744,0.093023256,0.01754386,0.087719298,0.105263158,0.350877193,0.438596491,1,0.705882353,0.019607843,0.019607843,0.254901961,0
612,0.917647059,0.082352941,0,0.072727273,0.090909091,0.381818182,0.454545455,1,0.764705882,0,0.019607843,0.196078431,0.019607843
613,0.928571429,0.071428571,0.033898305,0.033898305,0.118644068,0.288135593,0.525423729,1,0.75,0,0.057692308,0.153846154,0.038461538
614,0.896551724,0.103448276,0.056603774,0,0,0.396226415,0.547169811,1,0.745098039,0.019607843,0.117647059,0.117647059,0
615,0.886363636,0.113636364,0.105263158,0.01754386,0.01754386,0.368421053,0.49122807,1,0.653846154,0.019230769,0.057692308,0.25,0.019230769
616,0.886363636,0.113636364,0,0.06,0,0.44,0.5,1,0.735849057,0,0.018867925,0.188679245,0.056603774
617,0.928571429,0.071428571,0.019607843,0.078431373,0,0.431372549,0.470588235,1,0.666666667,0,0,0.210526316,0.122807018
618,0.928571429,0.071428571,0.038461538,0.038461538,0,0.480769231,0.442307692,1,0.769230769,0.019230769,0.019230769,0.173076923,0.019230769
619,0.886363636,0.113636364,0,0.04,0,0.46,0.5,1,0.754716981,0,0,0.188679245,0.056603774
620,0.939759036,0.060240964,0.019230769,0.019230769,0.019230769,0.423076923,0.519230769,1,0.701754386,0.035087719,0.01754386,0.157894737,0.087719298
621,0.987341772,0.012658228,0.070175439,0.070175439,0.052631579,0.280701754,0.526315789,1,0.5625,0.03125,0,0.21875,0.1875
622,0.975,0.025,0.095238095,0.015873016,0.111111111,0.126984127,0.650793651,1,0.5625,0.046875,0.0625,0.15625,0.171875
623,0.951219512,0.048780488,0.029411765,0.544117647,0.235294118,0.029411765,0.161764706,1,0.071428571,0.017857143,0.125,0.696428571,0.089285714
624,0.917647059,0.082352941,0,0.661016949,0.152542373,0.016949153,0.169491525,1,0.1,0,0.34,0.56,0
625,0.951219512,0.048780488,0,0.616666667,0.166666667,0,0.216666667,1,0.089285714,0.053571429,0.285714286,0.517857143,0.053571429
626,0.962962963,0.037037037,0.052631579,0.701754386,0.070175439,0.035087719,0.140350877,1,0,0.055555556,0.407407407,0.518518519,0.018518519
627,0.896551724,0.103448276,0,0.735849057,0.056603774,0,0.20754717,1,0,0.056603774,0.452830189,0.490566038,0
628,0.886363636,0.113636364,0,0.666666667,0.019607843,0,0.31372549,1,0.092592593,0.037037037,0.444444444,0.388888889,0.037037037
629,0.906976744,0.093023256,0.019607843,0.784313725,0,0.019607843,0.176470588,1,0.019230769,0.019230769,0.480769231,0.461538462,0.019230769
630,0.951219512,0.048780488,0,0.722222222,0.074074074,0.018518519,0.185185185,1,0.075471698,0.037735849,0.433962264,0.433962264,0.018867925
631,0.951219512,0.048780488,0.016393443,0.655737705,0.163934426,0.049180328,0.114754098,1,0.04,0,0.36,0.6,0
632,0.928571429,0.071428571,0.018518519,0.685185185,0.055555556,0,0.240740741,1,0.01754386,0.105263158,0.403508772,0.456140351,0.01754386
633,0.906976744,0.093023256,0,0.764705882,0.019607843,0.019607843,0.196078431,1,0.017857143,0.089285714,0.392857143,0.482142857,0.017857143
634,0.951219512,0.048780488,0,0.75,0.038461538,0.019230769,0.192307692,1,0,0.086206897,0.413793103,0.448275862,0.051724138
635,0.975,0.025,0.098360656,0.573770492,0.081967213,0.016393443,0.229508197,1,0,0.071428571,0.410714286,0.482142857,0.035714286
636,0.975,0.025,0.112903226,0.612903226,0.080645161,0.080645161,0.112903226,1,0,0,0.290909091,0.618181818,0.090909091
637,0.975,0.025,0.096774194,0.629032258,0.096774194,0,0.177419355,1,0,0,0.388888889,0.537037037,0.074074074
638,0.939759036,0.060240964,0.087719298,0.666666667,0.035087719,0.052631579,0.157894737,1,0,0,0.388888889,0.537037037,0.074074074
639,0.928571429,0.071428571,0.101694915,0.593220339,0.050847458,0.016949153,0.237288136,1,0,0.033898305,0.305084746,0.542372881,0.118644068
640,0.962962963,0.037037037,0.038461538,0.75,0,0,0.211538462,1,0,0.066666667,0.4,0.433333333,0.1
641,0.928571429,0.071428571,0.019230769,0.769230769,0.019230769,0.038461538,0.153846154,1,0.018867925,0.018867925,0.452830189,0.471698113,0.037735849
642,0.917647059,0.082352941,0.051724138,0.637931034,0.086206897,0,0.224137931,1,0.036363636,0.018181818,0.345454545,0.527272727,0.072727273
643,0.951219512,0.048780488,0.031746032,0.523809524,0.174603175,0.063492063,0.206349206,1,0.156862745,0,0.294117647,0.529411765,0.019607843
644,0.962962963,0.037037037,0.102941176,0.544117647,0.161764706,0.014705882,0.176470588,1,0.035087719,0,0.175438596,0.666666667,0.122807018
645,0.928571429,0.071428571,0.096774194,0.64516129,0.096774194,0.032258065,0.129032258,1,0,0,0.214285714,0.678571429,0.107142857
646,0.951219512,0.048780488,0,0.619047619,0.206349206,0,0.174603175,1,0.016666667,0.05,0.183333333,0.633333333,0.116666667
647,0.962962963,0.037037037,0.085714286,0.471428571,0.2,0.071428571,0.171428571,1,0.074074074,0.055555556,0.166666667,0.685185185,0.018518519
648,0.951219512,0.048780488,0.073529412,0.573529412,0.191176471,0.044117647,0.117647059,1,0,0,0.185185185,0.740740741,0.074074074
649,0.951219512,0.048780488,0.090909091,0.560606061,0.151515152,0,0.196969697,1,0.039215686,0,0.352941176,0.588235294,0.019607843
650,1,0,0.01754386,0.684210526,0.105263158,0.052631579,0.140350877,1,0.047619048,0.063492063,0.206349206,0.53968254,0.142857143
651,0.987341772,0.012658228,0.016666667,0.666666667,0.15,0.05,0.116666667,1,0,0.103448276,0.275862069,0.586206897,0.034482759
652,0.987341772,0.012658228,0.035087719,0.649122807,0.087719298,0.105263158,0.122807018,1,0,0.137931034,0.327586207,0.534482759,0
653,0.975,0.025,0.051724138,0.5,0.086206897,0.086206897,0.275862069,1,0.140350877,0.105263158,0.333333333,0.403508772,0.01754386
654,0.951219512,0.048780488,0,0.698113208,0.056603774,0.094339623,0.150943396,1,0,0.133333333,0.316666667,0.516666667,0.033333333
655,0.975,0.025,0.053571429,0.553571429,0.053571429,0.053571429,0.285714286,1,0.081967213,0.114754098,0.327868852,0.409836066,0.06557377
656,0.928571429,0.071428571,0.056603774,0.58490566,0,0.018867925,0.339622642,1,0.03030303,0.121212121,0.287878788,0.439393939,0.121212121
657,0.962962963,0.037037037,0.018867925,0.735849057,0.037735849,0.018867925,0.188679245,1,0.035087719,0.035087719,0.403508772,0.438596491,0.087719298
658,0.987341772,0.012658228,0.016666667,0.6,0.15,0,0.233333333,1,0.107142857,0.053571429,0.339285714,0.446428571,0.053571429
659,0.939759036,0.060240964,0.080645161,0.516129032,0.112903226,0.064516129,0.225806452,1,0.076923077,0.038461538,0.365384615,0.519230769,0
660,0.906976744,0.093023256,0.018867925,0.660377358,0.037735849,0.037735849,0.245283019,1,0.056603774,0.056603774,0.452830189,0.433962264,0
661,0.928571429,0.071428571,0,0.696428571,0.107142857,0.035714286,0.160714286,1,0.057692308,0.019230769,0.384615385,0.519230769,0.019230769
662,0.939759036,0.060240964,0.036363636,0.727272727,0.054545455,0.018181818,0.163636364,1,0,0.037735849,0.452830189,0.490566038,0.018867925
663,0.962962963,0.037037037,0.072727273,0.709090909,0.018181818,0.072727273,0.127272727,1,0.037735849,0,0.41509434,0.490566038,0.056603774
664,0.962962963,0.037037037,0.018518519,0.703703704,0.055555556,0.074074074,0.148148148,1,0.084745763,0,0.254237288,0.508474576,0.152542373
665,1,0,0.019607843,0.647058824,0,0.117647059,0.215686275,1,0,0.168831169,0.142857143,0.506493506,0.181818182
666,0.975,0.025,0,0.590163934,0.180327869,0,0.229508197,1,0.015151515,0.121212121,0.181818182,0.560606061,0.121212121
667,0.928571429,0.071428571,0.035087719,0.01754386,0.087719298,0.315789474,0.543859649,1,0.727272727,0,0.018181818,0.163636364,0.090909091
668,0.939759036,0.060240964,0.035714286,0.035714286,0.071428571,0.410714286,0.446428571,1,0.75,0.038461538,0.019230769,0.192307692,0
669,0.928571429,0.071428571,0.070175439,0.01754386,0.052631579,0.333333333,0.526315789,1,0.735849057,0,0.056603774,0.150943396,0.056603774
670,0.951219512,0.048780488,0.068965517,0.034482759,0.068965517,0.310344828,0.517241379,1,0.678571429,0.017857143,0.035714286,0.178571429,0.089285714
671,1,0,0.060606061,0.121212121,0.181818182,0.242424242,0.393939394,1,0.634615385,0.038461538,0.057692308,0.269230769,0
672,1,0,0.066666667,0,0.1,0.35,0.483333333,1,0.616666667,0.1,0,0.216666667,0.066666667
673,0.939759036,0.060240964,0.053571429,0.607142857,0.053571429,0.107142857,0.178571429,1,0.035714286,0.089285714,0.339285714,0.517857143,0.017857143
674,0.951219512,0.048780488,0.018518519,0.240740741,0.055555556,0.314814815,0.37037037,1,0.457627119,0.050847458,0.06779661,0.322033898,0.101694915
675,0.928571429,0.071428571,0,0,0.090909091,0.345454545,0.563636364,1,0.714285714,0.071428571,0.035714286,0.142857143,0.035714286
676,0.896551724,0.103448276,0.035714286,0,0.071428571,0.410714286,0.482142857,1,0.8,0,0,0.2,0
677,0.917647059,0.082352941,0.054545455,0.018181818,0.036363636,0.436363636,0.454545455,1,0.75,0.019230769,0,0.211538462,0.019230769
678,0.917647059,0.082352941,0.072727273,0.109090909,0.018181818,0.436363636,0.363636364,1,0.68627451,0.019607843,0,0.294117647,0
679,0.896551724,0.103448276,0.037735849,0.018867925,0.018867925,0.433962264,0.490566038,1,0.625,0.107142857,0.017857143,0.25,0
680,1,0,0.017241379,0.103448276,0.120689655,0.25862069,0.5,1,0.631578947,0.070175439,0.105263158,0.140350877,0.052631579
681,0.951219512,0.048780488,0.033333333,0.2,0.133333333,0.25,0.383333333,1,0.440677966,0.06779661,0.033898305,0.372881356,0.084745763
682,0.962962963,0.037037037,0.080645161,0.064516129,0.112903226,0.209677419,0.532258065,1,0.476923077,0.076923077,0,0.292307692,0.153846154
683,0.962962963,0.037037037,0.014492754,0.565217391,0.260869565,0.028985507,0.130434783,1,0.08,0,0.22,0.7,0
684,1,0,0,0.506849315,0.315068493,0.01369863,0.164383562,1,0.132075472,0.056603774,0.132075472,0.679245283,0
685,0.975,0.025,0,0.550724638,0.275362319,0,0.173913043,1,0.055555556,0.074074074,0.222222222,0.648148148,0
686,0.975,0.025,0.057971014,0.52173913,0.217391304,0.043478261,0.15942029,1,0,0.090909091,0.236363636,0.672727273,0
687,1,0,0.030769231,0.6,0.2,0.046153846,0.123076923,1,0,0.101694915,0.203389831,0.644067797,0.050847458
688,0.987341772,0.012658228,0.090909091,0.6,0,0.090909091,0.218181818,1,0.016393443,0.114754098,0.360655738,0.442622951,0.06557377
689,0.896551724,0.103448276,0,0.76,0,0,0.24,1,0.074074074,0.018518519,0.425925926,0.425925926,0.055555556
690,0.962962963,0.037037037,0.050847458,0.627118644,0.101694915,0.06779661,0.152542373,1,0.076923077,0.019230769,0.365384615,0.519230769,0.019230769
691,0.906976744,0.093023256,0,0.784313725,0.019607843,0,0.196078431,1,0.037735849,0.037735849,0.452830189,0.452830189,0.018867925
692,0.896551724,0.103448276,0.01754386,0.666666667,0.105263158,0.052631579,0.157894737,1,0,0.038461538,0.365384615,0.596153846,0
693,0.962962963,0.037037037,0.081967213,0.62295082,0.098360656,0.016393443,0.180327869,1,0.018518519,0.037037037,0.37037037,0.537037037,0.037037037
694,0.917647059,0.082352941,0.016666667,0.55,0.15,0.1,0.183333333,1,0.16,0,0.28,0.56,0
695,0.939759036,0.060240964,0,0.655172414,0.137931034,0.017241379,0.189655172,1,0.054545455,0.036363636,0.327272727,0.527272727,0.054545455
696,0.951219512,0.048780488,0.05,0.65,0.116666667,0.05,0.133333333,1,0.016666667,0.016666667,0.183333333,0.633333333,0.15
697,0.951219512,0.048780488,0.016393443,0.639344262,0.163934426,0.016393443,0.163934426,1,0.055555556,0.018518519,0.296296296,0.574074074,0.055555556
698,0.951219512,0.048780488,0.037037037,0.703703704,0.037037037,0.037037037,0.185185185,1,0,0.089285714,0.428571429,0.464285714,0.017857143
699,0.951219512,0.048780488,0,0.578125,0.21875,0.015625,0.1875,1,0.054545455,0.072727273,0.254545455,0.6,0.018181818
700,0.987341772,0.012658228,0.030769231,0.6,0.2,0,0.169230769,1,0.037735849,0.056603774,0.339622642,0.566037736,0
701,1,0,0.016393443,0.606557377,0.163934426,0.016393443,0.196721311,1,0,0.15,0.316666667,0.516666667,0.016666667
702,0.975,0.025,0,0.655172414,0.137931034,0.017241379,0.189655172,1,0.090909091,0.054545455,0.345454545,0.472727273,0.036363636
703,0.906976744,0.093023256,0,0.672413793,0.137931034,0.034482759,0.155172414,1,0,0.056603774,0.339622642,0.603773585,0
704,0.917647059,0.082352941,0.018867925,0.660377358,0.037735849,0.037735849,0.245283019,1,0.035714286,0.089285714,0.410714286,0.446428571,0.017857143
705,0.951219512,0.048780488,0.064516129,0.580645161,0.129032258,0.048387097,0.177419355,1,0.058823529,0.019607843,0.37254902,0.549019608,0
706,0.951219512,0.048780488,0.046153846,0.492307692,0.184615385,0.015384615,0.261538462,1,0.052631579,0.105263158,0.280701754,0.543859649,0.01754386
707,0.975,0.025,0.01754386,0.052631579,0.105263158,0.333333333,0.49122807,1,0.672727273,0.090909091,0.090909091,0.145454545,0
708,0.975,0.025,0.036363636,0.036363636,0.054545455,0.327272727,0.545454545,1,0.701754386,0.035087719,0.070175439,0.105263158,0.087719298
709,0.939759036,0.060240964,0.038461538,0.038461538,0,0.346153846,0.576923077,1,0.590163934,0.06557377,0.06557377,0.163934426,0.114754098
710,0.987341772,0.012658228,0.046153846,0.061538462,0.184615385,0.169230769,0.538461538,1,0.678571429,0.017857143,0.053571429,0.160714286,0.089285714
711,0.962962963,0.037037037,0.034482759,0,0.103448276,0.362068966,0.5,1,0.655172414,0.120689655,0,0.206896552,0.017241379
712,0.962962963,0.037037037,0,0,0.019607843,0.450980392,0.529411765,1,0.555555556,0.158730159,0.047619048,0.19047619,0.047619048
713,0.962962963,0.037037037,0.03125,0.609375,0.1875,0,0.171875,1,0.016666667,0.066666667,0.183333333,0.633333333,0.1
714,0.928571429,0.071428571,0,0.709090909,0.090909091,0,0.2,1,0.078431373,0,0.450980392,0.450980392,0.019607843
715,0.951219512,0.048780488,0.05,0.566666667,0.116666667,0.05,0.216666667,1,0.127272727,0.018181818,0.272727273,0.509090909,0.072727273
716,0.962962963,0.037037037,0.035714286,0.678571429,0.071428571,0,0.214285714,1,0.032786885,0.032786885,0.295081967,0.491803279,0.147540984
717,0.939759036,0.060240964,0.017857143,0.660714286,0.089285714,0.035714286,0.196428571,1,0.017857143,0.071428571,0.375,0.5,0.035714286
718,0.962962963,0.037037037,0.035087719,0.701754386,0.087719298,0.052631579,0.122807018,1,0.058823529,0.019607843,0.411764706,0.509803922,0
719,0.939759036,0.060240964,0.017241379,0.620689655,0.120689655,0,0.24137931,1,0.134615385,0.019230769,0.384615385,0.442307692,0.019230769
720,0.906976744,0.093023256,0.038461538,0.730769231,0,0.038461538,0.192307692,1,0.037735849,0.018867925,0.433962264,0.471698113,0.037735849
721,0.939759036,0.060240964,0.053571429,0.642857143,0.053571429,0,0.25,1,0.089285714,0,0.357142857,0.446428571,0.107142857
722,0.939759036,0.060240964,0,0.709090909,0.090909091,0.018181818,0.181818182,1,0.051724138,0.034482759,0.293103448,0.517241379,0.103448276
723,0.939759036,0.060240964,0.035714286,0.696428571,0.071428571,0.089285714,0.107142857,1,0,0.072727273,0.327272727,0.581818182,0.018181818
724,0.928571429,0.071428571,0.018518519,0.592592593,0.055555556,0.203703704,0.12962963,1,0.068965517,0.103448276,0.224137931,0.568965517,0.034482759
725,0.917647059,0.082352941,0,0.7,0,0.04,0.26,1,0,0.142857143,0.333333333,0.46031746,0.063492063
726,0.928571429,0.071428571,0.035714286,0.714285714,0.071428571,0.035714286,0.142857143,1,0,0.034482759,0.275862069,0.586206897,0.103448276
727,0.939759036,0.060240964,0.05,0.666666667,0.116666667,0,0.166666667,1,0.018867925,0,0.358490566,0.566037736,0.056603774
728,0.962962963,0.037037037,0.035714286,0.696428571,0.071428571,0.035714286,0.160714286,1,0.036363636,0.072727273,0.381818182,0.490909091,0.018181818
729,0.906976744,0.093023256,0.019230769,0.711538462,0.019230769,0.057692308,0.192307692,1,0.035087719,0.052631579,0.333333333,0.50877193,0.070175439
730,0.917647059,0.082352941,0.038461538,0.692307692,0,0.019230769,0.25,1,0.054545455,0.036363636,0.436363636,0.418181818,0.054545455
731,0.962962963,0.037037037,0,0.709090909,0.090909091,0.036363636,0.163636364,1,0.050847458,0.033898305,0.288135593,0.508474576,0.118644068
732,0.962962963,0.037037037,0.032258065,0.629032258,0.161290323,0.048387097,0.129032258,1,0,0.048387097,0.14516129,0.661290323,0.14516129
733,0.962962963,0.037037037,0.061538462,0.584615385,0.169230769,0,0.184615385,1,0,0.05,0.2,0.633333333,0.116666667
734,0.975,0.025,0.036363636,0.690909091,0.054545455,0.054545455,0.163636364,1,0,0.098360656,0.31147541,0.508196721,0.081967213
735,1,0,0.036363636,0.109090909,0.054545455,0.272727273,0.527272727,1,0.424242424,0.166666667,0.121212121,0.212121212,0.075757576
736,0.951219512,0.048780488,0,0.058823529,0.019607843,0.31372549,0.607843137,1,0.606557377,0.06557377,0.098360656,0.114754098,0.114754098
737,0.939759036,0.060240964,0.018518519,0.037037037,0.055555556,0.314814815,0.574074074,1,0.65,0.016666667,0.016666667,0.166666667,0.15
738,0.975,0.025,0.047619048,0,0.158730159,0.301587302,0.492063492,1,0.620689655,0.103448276,0,0.24137931,0.034482759
739,1,0,0.096774194,0,0.096774194,0.306451613,0.5,1,0.557377049,0.114754098,0.032786885,0.229508197,0.06557377
740,1,0,0.080645161,0.048387097,0.112903226,0.225806452,0.532258065,1,0.625,0.071428571,0.142857143,0.125,0.035714286
741,0.962962963,0.037037037,0.01754386,0,0.105263158,0.315789474,0.561403509,1,0.655172414,0.103448276,0.068965517,0.137931034,0.034482759
742,0.951219512,0.048780488,0,0.109375,0.21875,0.09375,0.578125,1,0.596491228,0.035087719,0.105263158,0.175438596,0.087719298
743,0.987341772,0.012658228,0.031746032,0.015873016,0.174603175,0.206349206,0.571428571,1,0.655172414,0.086206897,0.068965517,0.137931034,0.051724138
744,0.951219512,0.048780488,0,0.033898305,0.152542373,0.254237288,0.559322034,1,0.684210526,0.052631579,0.035087719,0.157894737,0.070175439
745,0.928571429,0.071428571,0,0.053571429,0.107142857,0.339285714,0.5,1,0.716981132,0.018867925,0.056603774,0.169811321,0.037735849
746,1,0,0.080645161,0.016129032,0.112903226,0.338709677,0.451612903,1,0.740740741,0.018518519,0,0.185185185,0.055555556
747,1,0,0.078125,0.0625,0.140625,0.265625,0.453125,1,0.703703704,0,0.018518519,0.203703704,0.074074074
748,0.987341772,0.012658228,0.066666667,0.083333333,0.1,0.283333333,0.466666667,1,0.716981132,0,0.075471698,0.150943396,0.056603774
749,0.951219512,0.048780488,0,0.056603774,0.056603774,0.358490566,0.528301887,1,0.661016949,0.050847458,0.016949153,0.169491525,0.101694915
750,0.917647059,0.082352941,0,0,0.038461538,0.307692308,0.653846154,1,0.655737705,0.049180328,0.032786885,0.131147541,0.131147541
751,0.896551724,0.103448276,0.018518519,0.703703704,0.055555556,0.037037037,0.185185185,1,0.01754386,0.01754386,0.298245614,0.561403509,0.105263158
752,0.906976744,0.093023256,0.019230769,0.692307692,0.019230769,0.057692308,0.211538462,1,0.035087719,0.087719298,0.350877193,0.49122807,0.035087719
753,0.951219512,0.048780488,0.037735849,0.056603774,0.018867925,0.320754717,0.566037736,1,0.612903226,0.048387097,0.016129032,0.177419355,0.14516129
754,0.951219512,0.048780488,0.072727273,0.2,0.018181818,0.345454545,0.363636364,1,0.517857143,0.017857143,0.071428571,0.303571429,0.089285714
755,0.906976744,0.093023256,0,0.678571429,0.107142857,0.017857143,0.196428571,1,0,0.050847458,0.271186441,0.576271186,0.101694915
756,0.906976744,0.093023256,0.017857143,0.696428571,0.089285714,0,0.196428571,1,0,0.01754386,0.315789474,0.561403509,0.105263158
757,0.951219512,0.048780488,0.034482759,0.689655172,0.103448276,0.034482759,0.137931034,1,0.034482759,0,0.24137931,0.586206897,0.137931034
758,0.906976744,0.093023256,0.074074074,0.685185185,0,0.037037037,0.203703704,1,0.01754386,0.01754386,0.333333333,0.526315789,0.105263158
759,0.917647059,0.082352941,0,0.764705882,0.019607843,0.098039216,0.117647059,1,0.031746032,0.015873016,0.174603175,0.587301587,0.19047619
760,0.975,0.025,0.018867925,0.754716981,0.037735849,0,0.188679245,1,0,0.061538462,0.276923077,0.492307692,0.169230769
761,0.876404494,0.123595506,0,0.078431373,0.019607843,0.490196078,0.411764706,1,0.705882353,0.019607843,0,0.274509804,0
762,0.876404494,0.123595506,0,0,0,0.42,0.58,1,0.754716981,0,0.056603774,0.132075472,0.056603774
763,0.917647059,0.082352941,0.055555556,0.037037037,0.018518519,0.462962963,0.425925926,1,0.725490196,0.019607843,0.039215686,0.215686275,0
764,0.876404494,0.123595506,0,0.019607843,0.019607843,0.392156863,0.568627451,1,0.754716981,0,0.037735849,0.150943396,0.056603774
765,0.906976744,0.093023256,0.017857143,0,0.089285714,0.339285714,0.553571429,1,0.666666667,0.087719298,0,0.210526316,0.035087719
766,0.906976744,0.093023256,0.018867925,0.075471698,0.037735849,0.452830189,0.41509434,1,0.78,0,0,0.22,0
767,0.928571429,0.071428571,0.050847458,0,0.101694915,0.372881356,0.474576271,1,0.784313725,0.019607843,0,0.196078431,0
768,0.951219512,0.048780488,0,0.05,0.166666667,0.266666667,0.516666667,1,0.754716981,0.037735849,0.037735849,0.150943396,0.018867925
769,0.962962963,0.037037037,0.035714286,0.035714286,0.071428571,0.392857143,0.464285714,1,0.727272727,0.018181818,0,0.181818182,0.072727273
770,1,0,0.115942029,0.072463768,0.15942029,0.173913043,0.47826087,1,0.517241379,0.068965517,0.068965517,0.275862069,0.068965517
771,0.975,0.025,0.017241379,0.155172414,0.120689655,0.25862069,0.448275862,1,0.607142857,0.017857143,0.071428571,0.214285714,0.089285714
772,0.917647059,0.082352941,0,0.076923077,0.038461538,0.384615385,0.5,1,0.709090909,0.018181818,0.018181818,0.181818182,0.072727273
773,0.917647059,0.082352941,0.019230769,0.076923077,0.019230769,0.423076923,0.461538462,1,0.589285714,0.107142857,0.071428571,0.232142857,0
774,0.939759036,0.060240964,0,0.058823529,0.019607843,0.392156863,0.529411765,1,0.571428571,0.079365079,0,0.222222222,0.126984127
775,0.939759036,0.060240964,0,0,0.038461538,0.326923077,0.634615385,1,0.603174603,0.095238095,0.047619048,0.142857143,0.111111111
776,0.906976744,0.093023256,0.018518519,0,0.055555556,0.314814815,0.611111111,1,0.661016949,0.033898305,0.016949153,0.169491525,0.118644068
777,0.939759036,0.060240964,0,0.078431373,0.019607843,0.37254902,0.529411765,1,0.714285714,0,0.053571429,0.125,0.107142857
778,0.896551724,0.103448276,0.037037037,0,0.037037037,0.351851852,0.574074074,1,0.740740741,0,0.037037037,0.148148148,0.074074074
779,0.906976744,0.093023256,0.05,0,0.116666667,0.333333333,0.5,1,0.745098039,0.019607843,0.019607843,0.215686275,0
780,0.939759036,0.060240964,0.01754386,0.035087719,0.105263158,0.368421053,0.473684211,1,0.754716981,0.018867925,0,0.188679245,0.037735849
781,0.917647059,0.082352941,0,0.111111111,0.074074074,0.37037037,0.444444444,1,0.764705882,0,0.019607843,0.196078431,0.019607843
782,0.886363636,0.113636364,0.018181818,0.054545455,0.072727273,0.345454545,0.509090909,1,0.730769231,0,0.019230769,0.211538462,0.038461538
783,0.896551724,0.103448276,0.122807018,0.01754386,0,0.350877193,0.50877193,1,0.68627451,0,0.098039216,0.196078431,0.019607843
784,0.896551724,0.103448276,0.054545455,0.018181818,0.036363636,0.436363636,0.454545455,1,0.78,0,0,0.22,0
785,0.896551724,0.103448276,0.038461538,0.019230769,0,0.480769231,0.461538462,1,0.8,0,0.02,0.18,0
786,0.906976744,0.093023256,0.056603774,0.037735849,0,0.396226415,0.509433962,1,0.75,0,0.057692308,0.153846154,0.038461538
787,0.939759036,0.060240964,0.072727273,0.018181818,0.018181818,0.454545455,0.436363636,1,0.642857143,0.053571429,0,0.25,0.053571429
788,0.917647059,0.082352941,0,0.090909091,0.090909091,0.181818182,0.636363636,1,0.55,0.066666667,0.133333333,0.15,0.1
789,0.987341772,0.012658228,0,0.127272727,0.090909091,0.218181818,0.563636364,1,0.590163934,0.049180328,0.098360656,0.131147541,0.131147541
790,0.987341772,0.012658228,0.034482759,0.051724138,0.103448276,0.25862069,0.551724138,1,0.633333333,0.05,0.05,0.15,0.116666667
791,0.951219512,0.048780488,0.018867925,0.018867925,0.037735849,0.452830189,0.471698113,1,0.740740741,0.074074074,0.037037037,0.148148148,0
792,0.876404494,0.123595506,0,0,0.038461538,0.461538462,0.5,1,0.784313725,0.019607843,0,0.196078431,0
793,0.917647059,0.082352941,0,0.037037037,0.074074074,0.407407407,0.481481481,1,0.769230769,0.019230769,0.019230769,0.173076923,0.019230769
794,0.939759036,0.060240964,0,0.034482759,0.137931034,0.344827586,0.482758621,1,0.784313725,0.019607843,0.039215686,0.156862745,0
795,0.939759036,0.060240964,0,0,0.166666667,0.3,0.533333333,1,0.727272727,0.036363636,0,0.181818182,0.054545455
796,0.928571429,0.071428571,0,0.018181818,0.090909091,0.381818182,0.509090909,1,0.722222222,0.055555556,0.037037037,0.166666667,0.018518519
797,0.939759036,0.060240964,0.064516129,0.048387097,0.129032258,0.290322581,0.467741935,1,0.730769231,0,0,0.230769231,0.038461538
798,0.951219512,0.048780488,0.174603175,0.015873016,0.031746032,0.396825397,0.380952381,1,0.666666667,0,0,0.31372549,0.019607843
799,0.951219512,0.048780488,0.068965517,0.051724138,0.068965517,0.362068966,0.448275862,1,0.703703704,0,0,0.222222222,0.074074074
800,0.939759036,0.060240964,0.176470588,0.014705882,0.088235294,0.264705882,0.455882353,1,0.622641509,0,0,0.320754717,0.056603774
801,0.928571429,0.071428571,0.037735849,0.132075472,0.018867925,0.41509434,0.396226415,1,0.561403509,0.035087719,0.01754386,0.298245614,0.087719298
802,0.939759036,0.060240964,0,0.06,0,0.46,0.48,1,0.627118644,0.050847458,0.016949153,0.203389831,0.101694915
803,0.962962963,0.037037037,0.018867925,0.132075472,0.037735849,0.377358491,0.433962264,1,0.557377049,0.032786885,0,0.262295082,0.147540984
804,0.975,0.025,0.112903226,0.016129032,0.080645161,0.290322581,0.5,1,0.637931034,0,0,0.224137931,0.137931034
805,1,0,0.046875,0.015625,0.171875,0.140625,0.625,1,0.634920635,0.047619048,0.015873016,0.142857143,0.158730159
806,0.975,0.025,0.017857143,0.660714286,0.089285714,0.053571429,0.178571429,1,0.014084507,0.098591549,0.112676056,0.577464789,0.197183099
807,0.939759036,0.060240964,0,0.722222222,0.074074074,0,0.203703704,1,0.017241379,0.051724138,0.362068966,0.482758621,0.086206897
808,0.975,0.025,0,0.8,0,0.06,0.14,1,0.016129032,0.064516129,0.322580645,0.467741935,0.129032258
809,0.896551724,0.103448276,0.037735849,0.716981132,0.018867925,0.018867925,0.20754717,1,0,0.01754386,0.350877193,0.526315789,0.105263158
810,0.896551724,0.103448276,0,0.716981132,0.056603774,0.018867925,0.20754717,1,0.058823529,0.019607843,0.450980392,0.470588235,0
811,0.896551724,0.103448276,0,0.78,0,0.02,0.2,1,0,0.055555556,0.462962963,0.462962963,0.018518519
812,0.906976744,0.093023256,0,0.725490196,0.019607843,0,0.254901961,1,0.052631579,0.070175439,0.385964912,0.438596491,0.052631579
813,0.917647059,0.082352941,0.01754386,0.561403509,0.105263158,0.035087719,0.280701754,1,0.196428571,0,0.232142857,0.464285714,0.107142857
814,0.951219512,0.048780488,0.035714286,0.660714286,0.071428571,0.089285714,0.142857143,1,0.035087719,0.052631579,0.298245614,0.543859649,0.070175439
815,0.917647059,0.082352941,0,0.058823529,0.019607843,0.352941176,0.568627451,1,0.677966102,0,0,0.169491525,0.152542373
816,0.951219512,0.048780488,0,0.074074074,0.074074074,0.407407407,0.444444444,1,0.690909091,0.036363636,0.018181818,0.2,0.054545455
817,0.939759036,0.060240964,0.018867925,0,0.037735849,0.396226415,0.547169811,1,0.696428571,0.053571429,0.071428571,0.125,0.053571429
818,0.906976744,0.093023256,0.017241379,0.068965517,0.120689655,0.24137931,0.551724138,1,0.666666667,0,0.074074074,0.185185185,0.074074074
819,0.886363636,0.113636364,0,0,0.056603774,0.41509434,0.528301887,1,0.754716981,0,0,0.188679245,0.056603774
820,0.939759036,0.060240964,0.018867925,0.037735849,0.037735849,0.301886792,0.603773585,1,0.612903226,0.048387097,0.032258065,0.161290323,0.14516129
821,0.886363636,0.113636364,0,0,0.019607843,0.411764706,0.568627451,1,0.714285714,0.035714286,0,0.178571429,0.071428571
822,0.917647059,0.082352941,0.016949153,0.016949153,0.13559322,0.305084746,0.525423729,1,0.75,0.019230769,0.038461538,0.173076923,0.019230769
823,0.951219512,0.048780488,0,0.129032258,0.193548387,0.177419355,0.5,1,0.672727273,0,0.018181818,0.218181818,0.090909091
824,0.975,0.025,0,0.1,0.166666667,0.2,0.533333333,1,0.6,0.05,0.033333333,0.2,0.116666667
825,0.928571429,0.071428571,0,0.016666667,0.166666667,0.266666667,0.55,1,0.727272727,0,0,0.181818182,0.090909091
826,0.917647059,0.082352941,0,0.075757576,0.242424242,0.151515152,0.53030303,1,0.76,0,0.04,0.2,0
827,0.906976744,0.093023256,0.018181818,0,0.072727273,0.345454545,0.563636364,1,0.727272727,0.018181818,0.018181818,0.163636364,0.072727273
828,0.906976744,0.093023256,0.034482759,0.017241379,0.103448276,0.327586207,0.517241379,1,0.679245283,0.037735849,0.056603774,0.20754717,0.018867925
829,0.906976744,0.093023256,0.018518519,0.037037037,0.055555556,0.314814815,0.574074074,1,0.610169492,0.050847458,0.033898305,0.203389831,0.101694915
830,0.906976744,0.093023256,0.017857143,0.142857143,0.089285714,0.232142857,0.517857143,1,0.62962963,0,0.092592593,0.203703704,0.074074074
831,0.928571429,0.071428571,0.019230769,0.519230769,0.019230769,0.153846154,0.288461538,1,0.080645161,0.193548387,0.290322581,0.435483871,0
832,0.928571429,0.071428571,0,0.8,0,0.02,0.18,1,0,0.050847458,0.372881356,0.474576271,0.101694915
833,0.928571429,0.071428571,0.018181818,0.672727273,0.072727273,0.036363636,0.2,1,0.035087719,0.052631579,0.333333333,0.50877193,0.070175439
834,0.928571429,0.071428571,0.055555556,0.722222222,0.018518519,0.074074074,0.12962963,1,0,0,0.271186441,0.576271186,0.152542373
835,0.917647059,0.082352941,0,0.730769231,0.038461538,0.096153846,0.134615385,1,0.056603774,0,0.377358491,0.509433962,0.056603774
836,0.896551724,0.103448276,0,0.784313725,0.019607843,0.039215686,0.156862745,1,0.04,0,0.48,0.48,0
837,0.906976744,0.093023256,0.035087719,0.684210526,0.087719298,0.070175439,0.122807018,1,0.019607843,0,0.352941176,0.607843137,0.019607843
838,0.928571429,0.071428571,0.034482759,0.637931034,0.103448276,0.120689655,0.103448276,1,0.071428571,0.017857143,0.178571429,0.642857143,0.089285714
839,0.951219512,0.048780488,0.068965517,0.655172414,0.068965517,0.017241379,0.189655172,1,0.035087719,0,0.315789474,0.526315789,0.122807018
840,0.975,0.025,0.052631579,0.684210526,0.070175439,0,0.192982456,1,0,0.060606061,0.212121212,0.545454545,0.181818182
841,1,0,0.049180328,0.590163934,0.131147541,0.016393443,0.213114754,1,0.050847458,0.084745763,0.305084746,0.491525424,0.06779661
842,0.962962963,0.037037037,0.034482759,0.655172414,0.103448276,0,0.206896552,1,0.016393443,0.049180328,0.278688525,0.524590164,0.131147541
843,0.928571429,0.071428571,0.055555556,0.055555556,0.018518519,0.351851852,0.518518519,1,0.6,0.05,0,0.233333333,0.116666667
844,0.939759036,0.060240964,0.048387097,0.548387097,0.14516129,0.080645161,0.177419355,1,0.055555556,0.074074074,0.277777778,0.592592593,0
845,1,0,0.044776119,0.52238806,0.208955224,0.059701493,0.164179104,1,0.033333333,0.116666667,0.166666667,0.633333333,0.05
846,0.975,0.025,0.052631579,0.684210526,0.070175439,0.01754386,0.175438596,1,0.052631579,0.01754386,0.333333333,0.49122807,0.105263158
847,0.962962963,0.037037037,0.144927536,0.507246377,0.130434783,0,0.217391304,1,0,0.019607843,0.392156863,0.588235294,0
848,0.987341772,0.012658228,0.147540984,0.557377049,0.032786885,0.032786885,0.229508197,1,0.033333333,0.033333333,0.3,0.5,0.133333333
849,0.951219512,0.048780488,0.015873016,0.047619048,0.19047619,0.095238095,0.650793651,1,0.603174603,0.047619048,0.015873016,0.174603175,0.158730159
850,0.975,0.025,0.049180328,0.655737705,0.131147541,0.049180328,0.114754098,1,0,0.035714286,0.285714286,0.607142857,0.071428571
851,0.975,0.025,0,0.590163934,0.180327869,0,0.229508197,1,0,0.142857143,0.253968254,0.53968254,0.063492063
852,0.928571429,0.071428571,0.036363636,0.109090909,0.054545455,0.254545455,0.545454545,1,0.631578947,0,0.070175439,0.175438596,0.122807018
853,0.917647059,0.082352941,0,0.016666667,0.166666667,0.233333333,0.583333333,1,0.784313725,0,0.098039216,0.098039216,0.019607843
854,0.975,0.025,0.018518519,0.111111111,0.055555556,0.351851852,0.462962963,1,0.649122807,0.035087719,0.052631579,0.175438596,0.087719298
855,1,0,0.109375,0.03125,0.109375,0.34375,0.40625,1,0.698113208,0.018867925,0,0.245283019,0.037735849
856,0.975,0.025,0.079365079,0,0.126984127,0.317460317,0.476190476,1,0.754716981,0,0,0.188679245,0.056603774
857,0.886363636,0.113636364,0.037735849,0.754716981,0.018867925,0,0.188679245,1,0.02,0,0.48,0.5,0
858,0.896551724,0.103448276,0.053571429,0.678571429,0.053571429,0.053571429,0.160714286,1,0.02,0,0.42,0.56,0
859,0.886363636,0.113636364,0.018518519,0.703703704,0.055555556,0.074074074,0.148148148,1,0.058823529,0,0.352941176,0.568627451,0.019607843
860,0.987341772,0.012658228,0.047619048,0.507936508,0.158730159,0.095238095,0.19047619,1,0.127272727,0.072727273,0.254545455,0.527272727,0.018181818
861,0.987341772,0.012658228,0.119402985,0.462686567,0.134328358,0.089552239,0.194029851,1,0.017241379,0.103448276,0.24137931,0.603448276,0.034482759
862,0.962962963,0.037037037,0.032258065,0.048387097,0.161290323,0.274193548,0.483870968,1,0.735849057,0.037735849,0.018867925,0.188679245,0.018867925
863,0.896551724,0.103448276,0.01754386,0.01754386,0.105263158,0.333333333,0.526315789,1,0.735849057,0,0,0.20754717,0.056603774
864,0.928571429,0.071428571,0.01754386,0.01754386,0.105263158,0.315789474,0.543859649,1,0.754716981,0.018867925,0.056603774,0.132075472,0.037735849
865,0.896551724,0.103448276,0.016949153,0,0.13559322,0.203389831,0.644067797,1,0.701754386,0,0.01754386,0.157894737,0.122807018
866,0.951219512,0.048780488,0.035087719,0.01754386,0.087719298,0.245614035,0.614035088,1,0.65,0.033333333,0.05,0.133333333,0.133333333
867,0.906976744,0.093023256,0,0.04,0,0.3,0.66,1,0.619047619,0.031746032,0.015873016,0.158730159,0.174603175
868,0.906976744,0.093023256,0.037735849,0.018867925,0.018867925,0.433962264,0.490566038,1,0.75,0.019230769,0.038461538,0.173076923,0.019230769
869,0.928571429,0.071428571,0.053571429,0.035714286,0.053571429,0.392857143,0.464285714,1,0.75,0,0.019230769,0.192307692,0.038461538
870,0.939759036,0.060240964,0.037735849,0,0.018867925,0.471698113,0.471698113,1,0.740740741,0.055555556,0.018518519,0.166666667,0.018518519
871,0.906976744,0.093023256,0.019607843,0.019607843,0,0.470588235,0.490196078,1,0.625,0.107142857,0.053571429,0.214285714,0
872,0.906976744,0.093023256,0.019607843,0.039215686,0,0.450980392,0.490196078,1,0.672727273,0.054545455,0.036363636,0.2,0.036363636
873,0.939759036,0.060240964,0.038461538,0.019230769,0,0.403846154,0.538461538,1,0.689655172,0,0.017241379,0.155172414,0.137931034
874,0.962962963,0.037037037,0.037735849,0.037735849,0.018867925,0.433962264,0.471698113,1,0.727272727,0,0.036363636,0.145454545,0.090909091
875,0.962962963,0.037037037,0.038461538,0.096153846,0,0.442307692,0.423076923,1,0.649122807,0,0.01754386,0.210526316,0.122807018
876,0.886363636,0.113636364,0.019607843,0.764705882,0,0.019607843,0.196078431,1,0,0.056603774,0.452830189,0.490566038,0
877,0.866666667,0.133333333,0.019607843,0.725490196,0,0,0.254901961,1,0.018181818,0.036363636,0.4,0.490909091,0.054545455
878,0.866666667,0.133333333,0,0.78,0,0.08,0.14,1,0,0.019607843,0.431372549,0.549019608,0
879,0.896551724,0.103448276,0,0.764705882,0.019607843,0.019607843,0.196078431,1,0,0.056603774,0.471698113,0.471698113,0
880,0.886363636,0.113636364,0.036363636,0.709090909,0.054545455,0,0.2,1,0,0,0.423076923,0.538461538,0.038461538
881,0.951219512,0.048780488,0.016666667,0.65,0.15,0,0.183333333,1,0.057692308,0,0.384615385,0.519230769,0.038461538
882,0.975,0.025,0.071428571,0.471428571,0.214285714,0.028571429,0.214285714,1,0,0.131147541,0.163934426,0.655737705,0.049180328
883,0.962962963,0.037037037,0,0.636363636,0.090909091,0.145454545,0.127272727,1,0.1,0.05,0.183333333,0.55,0.116666667
884,0.917647059,0.082352941,0.018181818,0.727272727,0.072727273,0,0.181818182,1,0.038461538,0,0.423076923,0.5,0.038461538
885,0.962962963,0.037037037,0.054545455,0.709090909,0.036363636,0.018181818,0.181818182,1,0.036363636,0,0.418181818,0.454545455,0.090909091
886,0.939759036,0.060240964,0.068965517,0.655172414,0.068965517,0.017241379,0.189655172,1,0.055555556,0,0.351851852,0.518518519,0.074074074
887,0.928571429,0.071428571,0.086206897,0,0.051724138,0.206896552,0.655172414,1,0.590163934,0.049180328,0.081967213,0.147540984,0.131147541
888,0.928571429,0.071428571,0.122807018,0.01754386,0,0.315789474,0.543859649,1,0.636363636,0.018181818,0.109090909,0.163636364,0.072727273
889,0.951219512,0.048780488,0.071428571,0.017857143,0.035714286,0.303571429,0.571428571,1,0.627118644,0.033898305,0.06779661,0.152542373,0.118644068
890,0.906976744,0.093023256,0.019607843,0.058823529,0,0.37254902,0.549019608,1,0.557377049,0.098360656,0.032786885,0.229508197,0.081967213
891,0.906976744,0.093023256,0.074074074,0.111111111,0,0.296296296,0.518518519,1,0.542372881,0.016949153,0.050847458,0.254237288,0.13559322
892,0.951219512,0.048780488,0,0.058823529,0.019607843,0.215686275,0.705882353,1,0.565217391,0.057971014,0.014492754,0.144927536,0.217391304
893,1,0,0.033333333,0.2,0.133333333,0.183333333,0.45,1,0.581818182,0.018181818,0.145454545,0.181818182,0.072727273
894,0.917647059,0.082352941,0,0.016949153,0.152542373,0.305084746,0.525423729,1,0.703703704,0.074074074,0.018518519,0.203703704,0
895,0.917647059,0.082352941,0.017241379,0.034482759,0.120689655,0.310344828,0.517241379,1,0.75,0.019230769,0.038461538,0.173076923,0.019230769
896,0.896551724,0.103448276,0.01754386,0.01754386,0.105263158,0.368421053,0.49122807,1,0.711538462,0.038461538,0.019230769,0.230769231,0
897,0.928571429,0.071428571,0.018867925,0.132075472,0.037735849,0.433962264,0.377358491,1,0.660377358,0.018867925,0.018867925,0.264150943,0.037735849
898,0.876404494,0.123595506,0,0.02,0,0.42,0.56,1,0.722222222,0,0.037037037,0.166666667,0.074074074
899,0.939759036,0.060240964,0.037735849,0.018867925,0.018867925,0.41509434,0.509433962,1,0.701754386,0,0,0.175438596,0.122807018
900,0.975,0.025,0.055555556,0.037037037,0.018518519,0.407407407,0.481481481,1,0.672413793,0.034482759,0.017241379,0.172413793,0.103448276
901,0.987341772,0.012658228,0.037735849,0.018867925,0.018867925,0.226415094,0.698113208,1,0.606060606,0.045454545,0.075757576,0.075757576,0.196969697
902,0.987341772,0.012658228,0.101694915,0.016949153,0.050847458,0.271186441,0.559322034,1,0.629032258,0,0,0.177419355,0.193548387
903,0.962962963,0.037037037,0.095238095,0.015873016,0.111111111,0.19047619,0.587301587,1,0.631578947,0.035087719,0.105263158,0.140350877,0.087719298
904,0.928571429,0.071428571,0.059701493,0.029850746,0.194029851,0.164179104,0.552238806,1,0.703703704,0,0,0.222222222,0.074074074
905,0.886363636,0.113636364,0.01754386,0,0.105263158,0.210526316,0.666666667,1,0.722222222,0.037037037,0.111111111,0.092592593,0.037037037
906,0.951219512,0.048780488,0.15,0,0.016666667,0.333333333,0.5,1,0.516666667,0.083333333,0.05,0.266666667,0.083333333
907,0.939759036,0.060240964,0.019230769,0.057692308,0.019230769,0.365384615,0.538461538,1,0.596774194,0.064516129,0,0.209677419,0.129032258
908,0.975,0.025,0.070175439,0.01754386,0.052631579,0.315789474,0.543859649,1,0.661016949,0.016949153,0.033898305,0.152542373,0.13559322
909,0.939759036,0.060240964,0.056603774,0.075471698,0,0.41509434,0.452830189,1,0.642857143,0.017857143,0.035714286,0.214285714,0.089285714
910,0.928571429,0.071428571,0.105263158,0,0.01754386,0.228070175,0.649122807,1,0.672413793,0,0.086206897,0.103448276,0.137931034
911,0.939759036,0.060240964,0.137931034,0,0,0.396551724,0.465517241,1,0.711538462,0,0.057692308,0.192307692,0.038461538
912,0.939759036,0.060240964,0.070175439,0,0.052631579,0.315789474,0.561403509,1,0.689655172,0.017241379,0,0.172413793,0.120689655
913,0.962962963,0.037037037,0.019230769,0.038461538,0.019230769,0.25,0.673076923,1,0.567164179,0.059701493,0.044776119,0.134328358,0.194029851
914,0.928571429,0.071428571,0.019607843,0.019607843,0,0.392156863,0.568627451,1,0.639344262,0.049180328,0,0.180327869,0.131147541
915,0.939759036,0.060240964,0,0.036363636,0.090909091,0.218181818,0.654545455,1,0.6,0.015384615,0,0.169230769,0.215384615
916,0.951219512,0.048780488,0.038461538,0.673076923,0,0.153846154,0.134615385,1,0.101694915,0.033898305,0.237288136,0.508474576,0.118644068
917,0.951219512,0.048780488,0,0.76,0,0.1,0.14,1,0.083333333,0.05,0.266666667,0.483333333,0.116666667
918,0.951219512,0.048780488,0.049180328,0.032786885,0.131147541,0.196721311,0.590163934,1,0.701754386,0,0.035087719,0.140350877,0.122807018
919,0.939759036,0.060240964,0.037037037,0.018518519,0.037037037,0.222222222,0.685185185,1,0.612903226,0.064516129,0.096774194,0.096774194,0.129032258
920,0.975,0.025,0.035087719,0.052631579,0.087719298,0.403508772,0.421052632,1,0.559322034,0.152542373,0.016949153,0.271186441,0
921,0.951219512,0.048780488,0.018181818,0.036363636,0.072727273,0.272727273,0.6,1,0.655737705,0.032786885,0.016393443,0.147540984,0.147540984
922,0.951219512,0.048780488,0,0.055555556,0.074074074,0.277777778,0.592592593,1,0.553846154,0.076923077,0.015384615,0.2,0.153846154
923,0.987341772,0.012658228,0.030769231,0.046153846,0.2,0.184615385,0.538461538,1,0.716981132,0.056603774,0.113207547,0.113207547,0
924,1,0,0.046875,0.046875,0.171875,0.21875,0.515625,1,0.642857143,0.089285714,0.089285714,0.160714286,0.017857143
925,0.975,0.025,0.061538462,0.030769231,0.169230769,0.292307692,0.446153846,1,0.698113208,0.056603774,0,0.245283019,0
926,0.928571429,0.071428571,0.089285714,0.035714286,0.017857143,0.357142857,0.5,1,0.76,0,0.12,0.12,0
927,0.917647059,0.082352941,0.019607843,0.019607843,0,0.431372549,0.529411765,1,0.684210526,0.01754386,0.01754386,0.175438596,0.105263158
928,0.917647059,0.082352941,0.036363636,0,0.054545455,0.272727273,0.636363636,1,0.555555556,0.079365079,0.047619048,0.19047619,0.126984127
929,0.987341772,0.012658228,0.120689655,0.017241379,0.017241379,0.206896552,0.637931034,1,0.560606061,0.03030303,0.045454545,0.151515152,0.212121212
930,0.951219512,0.048780488,0.019230769,0,0.019230769,0.211538462,0.75,1,0.582089552,0.059701493,0.074626866,0.089552239,0.194029851
931,0.917647059,0.082352941,0.053571429,0.035714286,0.053571429,0.285714286,0.571428571,1,0.644067797,0,0,0.203389831,0.152542373
932,0.906976744,0.093023256,0,0,0,0.36,0.64,1,0.701754386,0.01754386,0.087719298,0.087719298,0.105263158
933,0.987341772,0.012658228,0.122807018,0.035087719,0,0.385964912,0.456140351,1,0.637931034,0,0.017241379,0.206896552,0.137931034
934,0.951219512,0.048780488,0.152542373,0,0,0.322033898,0.525423729,1,0.672727273,0,0.072727273,0.163636364,0.090909091
935,0.928571429,0.071428571,0.019230769,0.038461538,0.019230769,0.423076923,0.5,1,0.684210526,0,0,0.192982456,0.122807018
936,0.906976744,0.093023256,0.056603774,0.018867925,0,0.452830189,0.471698113,1,0.698113208,0.056603774,0.037735849,0.20754717,0
937,0.886363636,0.113636364,0.089285714,0,0.017857143,0.392857143,0.5,1,0.711538462,0,0.019230769,0.230769231,0.038461538
938,0.917647059,0.082352941,0,0.08,0,0.44,0.48,1,0.740740741,0,0.018518519,0.166666667,0.074074074
939,0.939759036,0.060240964,0.019607843,0.058823529,0,0.352941176,0.568627451,1,0.637931034,0.034482759,0.103448276,0.120689655,0.103448276
940,0.928571429,0.071428571,0.035087719,0.105263158,0.087719298,0.245614035,0.526315789,1,0.62962963,0.018518519,0.12962963,0.166666667,0.055555556
941,0.987341772,0.012658228,0.126984127,0.079365079,0.079365079,0.253968254,0.46031746,1,0.615384615,0.038461538,0.173076923,0.173076923,0
942,0.962962963,0.037037037,0.120689655,0.24137931,0.017241379,0.327586207,0.293103448,1,0.333333333,0.105263158,0.140350877,0.403508772,0.01754386
943,0.962962963,0.037037037,0.1,0.1,0.066666667,0.316666667,0.416666667,1,0.62962963,0,0.037037037,0.259259259,0.074074074
944,0.975,0.025,0.137931034,0.051724138,0,0.344827586,0.465517241,1,0.641509434,0.018867925,0.150943396,0.150943396,0.037735849
945,0.951219512,0.048780488,0.214285714,0.014285714,0.071428571,0.185714286,0.514285714,1,0.509433962,0.056603774,0.188679245,0.245283019,0
946,0.939759036,0.060240964,0.037037037,0.018518519,0.037037037,0.444444444,0.462962963,1,0.75,0.038461538,0.057692308,0.153846154,0
947,0.906976744,0.093023256,0,0.04,0,0.38,0.58,1,0.678571429,0.053571429,0.089285714,0.125,0.053571429
948,0.896551724,0.103448276,0.037735849,0.018867925,0.018867925,0.396226415,0.528301887,1,0.666666667,0.055555556,0.074074074,0.185185185,0.018518519
949,0.906976744,0.093023256,0,0.04,0,0.3,0.66,1,0.661016949,0.016949153,0.084745763,0.101694915,0.13559322
950,0.886363636,0.113636364,0,0,0,0.38,0.62,1,0.727272727,0,0.072727273,0.109090909,0.090909091
951,0.896551724,0.103448276,0,0.02,0,0.34,0.64,1,0.689655172,0,0.051724138,0.120689655,0.137931034
952,0.876404494,0.123595506,0,0,0,0.48,0.52,1,0.75,0.019230769,0.038461538,0.173076923,0.019230769
953,0.906976744,0.093023256,0.038461538,0.076923077,0,0.423076923,0.461538462,1,0.716981132,0,0.018867925,0.20754717,0.056603774
954,0.896551724,0.103448276,0,0,0.019607843,0.450980392,0.529411765,1,0.727272727,0.018181818,0,0.181818182,0.072727273
955,0.917647059,0.082352941,0,0.018181818,0.090909091,0.381818182,0.509090909,1,0.754716981,0.018867925,0.018867925,0.169811321,0.037735849
956,0.917647059,0.082352941,0.018518519,0,0.055555556,0.388888889,0.537037037,1,0.740740741,0,0.037037037,0.148148148,0.074074074
957,0.928571429,0.071428571,0,0.018518519,0.074074074,0.314814815,0.592592593,1,0.701754386,0.035087719,0.052631579,0.122807018,0.087719298
958,0.928571429,0.071428571,0.035714286,0.089285714,0.071428571,0.357142857,0.446428571,1,0.611111111,0.074074074,0.074074074,0.240740741,0
959,0.928571429,0.071428571,0.018181818,0.109090909,0.072727273,0.363636364,0.436363636,1,0.711538462,0,0.038461538,0.211538462,0.038461538
960,0.917647059,0.082352941,0,0.090909091,0.090909091,0.345454545,0.472727273,1,0.672727273,0.018181818,0,0.236363636,0.072727273
961,0.928571429,0.071428571,0,0,0.122807018,0.368421053,0.50877193,1,0.740740741,0.074074074,0,0.185185185,0
962,0.951219512,0.048780488,0.066666667,0.6,0.1,0.033333333,0.2,1,0.058823529,0.019607843,0.431372549,0.490196078,0
963,0.962962963,0.037037037,0.01754386,0.01754386,0.105263158,0.315789474,0.543859649,1,0.701754386,0.052631579,0.035087719,0.140350877,0.070175439
964,0.928571429,0.071428571,0.053571429,0.017857143,0.053571429,0.339285714,0.535714286,1,0.690909091,0.036363636,0.054545455,0.163636364,0.054545455
965,0.951219512,0.048780488,0.181818182,0.03030303,0.060606061,0.181818182,0.545454545,1,0.576923077,0.038461538,0.230769231,0.153846154,0
966,0.987341772,0.012658228,0.205479452,0,0.109589041,0.191780822,0.493150685,1,0.545454545,0.036363636,0.090909091,0.272727273,0.054545455
967,0.975,0.025,0.078125,0.109375,0.140625,0.234375,0.4375,1,0.641509434,0.018867925,0.056603774,0.245283019,0.037735849
968,0.906976744,0.093023256,0.037735849,0.622641509,0.018867925,0.056603774,0.264150943,1,0.16,0,0.46,0.38,0
969,0.928571429,0.071428571,0.018518519,0.666666667,0.055555556,0,0.259259259,1,0.071428571,0.035714286,0.392857143,0.428571429,0.071428571
970,0.896551724,0.103448276,0.068965517,0.620689655,0.068965517,0.051724138,0.189655172,1,0.02,0,0.42,0.56,0
971,0.951219512,0.048780488,0.054545455,0.672727273,0.036363636,0.054545455,0.181818182,1,0.017241379,0.051724138,0.344827586,0.5,0.086206897
972,0.987341772,0.012658228,0.056603774,0.132075472,0,0.339622642,0.471698113,1,0.546875,0.015625,0,0.234375,0.203125
973,0.987341772,0.012658228,0.055555556,0,0.018518519,0.37037037,0.555555556,1,0.655737705,0.049180328,0.032786885,0.131147541,0.131147541
974,0.987341772,0.012658228,0.072727273,0.018181818,0.018181818,0.381818182,0.509090909,1,0.515151515,0.121212121,0,0.242424242,0.121212121
975,1,0,0,0.140350877,0.122807018,0.298245614,0.438596491,1,0.573770492,0.06557377,0,0.245901639,0.114754098
976,0.962962963,0.037037037,0.03125,0.078125,0.1875,0.203125,0.5,1,0.642857143,0.035714286,0.017857143,0.232142857,0.071428571
977,0.962962963,0.037037037,0.089552239,0.074626866,0.164179104,0.23880597,0.432835821,1,0.653846154,0,0.019230769,0.288461538,0.038461538
978,0.928571429,0.071428571,0.061538462,0,0.169230769,0.184615385,0.584615385,1,0.685185185,0.018518519,0.074074074,0.166666667,0.055555556
979,0.951219512,0.048780488,0.046153846,0.046153846,0.184615385,0.246153846,0.476923077,1,0.745098039,0,0.019607843,0.215686275,0.019607843
980,0.906976744,0.093023256,0.016393443,0.032786885,0.163934426,0.131147541,0.655737705,1,0.690909091,0.018181818,0.109090909,0.109090909,0.072727273
981,0.939759036,0.060240964,0,0.053571429,0.107142857,0.339285714,0.5,1,0.769230769,0,0.057692308,0.134615385,0.038461538
982,0.939759036,0.060240964,0.015625,0.09375,0.203125,0.21875,0.46875,1,0.725490196,0,0.019607843,0.235294118,0.019607843
983,0.939759036,0.060240964,0.050847458,0.033898305,0.101694915,0.372881356,0.440677966,1,0.745098039,0.019607843,0.019607843,0.215686275,0
984,0.951219512,0.048780488,0,0.015873016,0.206349206,0.19047619,0.587301587,1,0.714285714,0.053571429,0.035714286,0.142857143,0.053571429
985,0.917647059,0.082352941,0.016393443,0.081967213,0.163934426,0.213114754,0.524590164,1,0.692307692,0.019230769,0.076923077,0.192307692,0.019230769
986,0.951219512,0.048780488,0.030769231,0,0.2,0.2,0.569230769,1,0.714285714,0.035714286,0,0.178571429,0.071428571
987,0.987341772,0.012658228,0.045454545,0.045454545,0.196969697,0.227272727,0.484848485,1,0.784313725,0,0.039215686,0.156862745,0.019607843
988,0.928571429,0.071428571,0,0.655737705,0.180327869,0.049180328,0.114754098,1,0.035087719,0.01754386,0.157894737,0.684210526,0.105263158
989,0.917647059,0.082352941,0.016666667,0.55,0.15,0,0.283333333,1,0.103448276,0.051724138,0.24137931,0.517241379,0.086206897
990,0.975,0.025,0.070175439,0.596491228,0.052631579,0.01754386,0.263157895,1,0.087719298,0.052631579,0.385964912,0.403508772,0.070175439
991,0.975,0.025,0,0.68627451,0.019607843,0,0.294117647,1,0.045454545,0.121212121,0.318181818,0.393939394,0.121212121
992,0.987341772,0.012658228,0.055555556,0.703703704,0.018518519,0,0.222222222,1,0.083333333,0,0.333333333,0.416666667,0.166666667
993,0.975,0.025,0,0.678571429,0.107142857,0.035714286,0.178571429,1,0.101694915,0.016949153,0.254237288,0.491525424,0.13559322
994,0.987341772,0.012658228,0.114754098,0.557377049,0.06557377,0.049180328,0.213114754,1,0.084745763,0,0.254237288,0.508474576,0.152542373
995,0.951219512,0.048780488,0,0,0.107142857,0.178571429,0.714285714,1,0.558823529,0.102941176,0.029411765,0.147058824,0.161764706
996,0.962962963,0.037037037,0.017857143,0.017857143,0.089285714,0.321428571,0.553571429,1,0.639344262,0.081967213,0,0.180327869,0.098360656
997,0.987341772,0.012658228,0,0.037037037,0.074074074,0.333333333,0.555555556,1,0.571428571,0.126984127,0.063492063,0.158730159,0.079365079
998,0.987341772,0.012658228,0.06779661,0.016949153,0.084745763,0.288135593,0.542372881,1,0.62295082,0.049180328,0.016393443,0.180327869,0.131147541
999,0.939759036,0.060240964,0.158730159,0.015873016,0.047619048,0.349206349,0.428571429,1,0.673076923,0,0,0.288461538,0.038461538
1000,0.886363636,0.113636364,0,0,0.038461538,0.384615385,0.576923077,1,0.714285714,0.017857143,0,0.178571429,0.089285714
1001,0.896551724,0.103448276,0.018181818,0.018181818,0.072727273,0.309090909,0.581818182,1,0.784313725,0,0.098039216,0.098039216,0.019607843
1002,0.917647059,0.082352941,0.103448276,0.120689655,0.034482759,0.362068966,0.379310345,1,0.576923077,0.019230769,0.057692308,0.326923077,0.019230769
1003,0.928571429,0.071428571,0.087719298,0.175438596,0.035087719,0.403508772,0.298245614,1,0.528301887,0,0.018867925,0.396226415,0.056603774
1004,0.939759036,0.060240964,0.035087719,0.087719298,0.087719298,0.350877193,0.438596491,1,0.705882353,0.019607843,0.078431373,0.196078431,0
1005,0.939759036,0.060240964,0.054545455,0.036363636,0.036363636,0.236363636,0.636363636,1,0.6,0.066666667,0.116666667,0.116666667,0.1
1006,0.917647059,0.082352941,0.052631579,0.035087719,0.070175439,0.368421053,0.473684211,1,0.76,0,0.06,0.18,0
1007,0.939759036,0.060240964,0.016949153,0.677966102,0.13559322,0.050847458,0.118644068,1,0.018867925,0,0.320754717,0.603773585,0.056603774
1008,0.975,0.025,0.051724138,0.568965517,0.086206897,0.068965517,0.224137931,1,0.047619048,0.111111111,0.238095238,0.507936508,0.095238095
1009,0.975,0.025,0.096774194,0.564516129,0.096774194,0,0.241935484,1,0.034482759,0.068965517,0.327586207,0.5,0.068965517
1010,0.987341772,0.012658228,0.096774194,0.532258065,0.096774194,0.032258065,0.241935484,1,0,0.119402985,0.194029851,0.552238806,0.134328358
1011,0.987341772,0.012658228,0.1,0.033333333,0.066666667,0.2,0.6,1,0.629032258,0,0.032258065,0.14516129,0.193548387
1012,1,0,0.061538462,0.015384615,0.169230769,0.169230769,0.584615385,1,0.5625,0.09375,0.015625,0.203125,0.125
1013,0.975,0.025,0.083333333,0,0.222222222,0.083333333,0.611111111,1,0.566666667,0.1,0.066666667,0.2,0.066666667
1014,0.975,0.025,0.03030303,0.090909091,0.212121212,0.166666667,0.5,1,0.631578947,0.035087719,0,0.245614035,0.087719298
1015,0.975,0.025,0.090909091,0.53030303,0.151515152,0.015151515,0.212121212,1,0.057692308,0.019230769,0.365384615,0.538461538,0.019230769
1016,0.975,0.025,0.048387097,0.629032258,0.14516129,0,0.177419355,1,0.035087719,0.01754386,0.280701754,0.561403509,0.105263158
1017,0.951219512,0.048780488,0.15,0,0.016666667,0.4,0.433333333,1,0.660377358,0.037735849,0.037735849,0.245283019,0.018867925
1018,0.928571429,0.071428571,0.053571429,0.017857143,0.053571429,0.428571429,0.446428571,1,0.75,0.019230769,0,0.211538462,0.019230769
1019,0.928571429,0.071428571,0.066666667,0,0.1,0.333333333,0.5,1,0.654545455,0.054545455,0.018181818,0.236363636,0.036363636
1020,0.917647059,0.082352941,0.035714286,0.017857143,0.071428571,0.357142857,0.517857143,1,0.709090909,0.018181818,0,0.2,0.072727273
1021,0.928571429,0.071428571,0.018181818,0.072727273,0.072727273,0.327272727,0.509090909,1,0.685185185,0.018518519,0.074074074,0.166666667,0.055555556
1022,0.962962963,0.037037037,0.051724138,0.017241379,0.086206897,0.396551724,0.448275862,1,0.754716981,0.037735849,0,0.188679245,0.018867925
1023,0.896551724,0.103448276,0.037735849,0.056603774,0.018867925,0.41509434,0.471698113,1,0.716981132,0,0,0.226415094,0.056603774
1024,0.962962963,0.037037037,0,0.089285714,0.107142857,0.410714286,0.392857143,1,0.730769231,0.019230769,0.019230769,0.211538462,0.019230769
1025,0.951219512,0.048780488,0.032258065,0.048387097,0.161290323,0.306451613,0.451612903,1,0.78,0,0.02,0.2,0
1026,0.951219512,0.048780488,0,0.09375,0.21875,0.109375,0.578125,1,0.709090909,0,0.054545455,0.145454545,0.090909091
1027,0.975,0.025,0,0.042253521,0.295774648,0.056338028,0.605633803,1,0.689655172,0.034482759,0,0.172413793,0.103448276
1028,0.951219512,0.048780488,0,0.631578947,0.122807018,0.070175439,0.175438596,1,0.050847458,0.101694915,0.254237288,0.542372881,0.050847458
1029,0.975,0.025,0,0.612903226,0.193548387,0.048387097,0.14516129,1,0.035714286,0.089285714,0.267857143,0.589285714,0.017857143
1030,0.975,0.025,0.015873016,0.555555556,0.19047619,0,0.238095238,1,0.015625,0.125,0.203125,0.5625,0.09375
1031,0.962962963,0.037037037,0.016666667,0,0.15,0.216666667,0.616666667,1,0.62295082,0.098360656,0.049180328,0.147540984,0.081967213
1032,0.951219512,0.048780488,0.063492063,0,0.142857143,0.26984127,0.523809524,1,0.769230769,0,0.038461538,0.153846154,0.038461538
1033,1,0,0.076923077,0.061538462,0.153846154,0.230769231,0.476923077,1,0.711538462,0.019230769,0.096153846,0.153846154,0.019230769
1034,0.951219512,0.048780488,0.132352941,0.470588235,0.132352941,0.014705882,0.25,1,0.070175439,0,0.210526316,0.596491228,0.122807018
1035,0.939759036,0.060240964,0.070175439,0.666666667,0.052631579,0.070175439,0.140350877,1,0.071428571,0,0.25,0.571428571,0.107142857
1036,0.939759036,0.060240964,0.06557377,0.639344262,0.114754098,0.06557377,0.114754098,1,0,0.017241379,0.189655172,0.672413793,0.120689655
1037,1,0,0.078125,0.015625,0.140625,0.265625,0.5,1,0.672727273,0.072727273,0.072727273,0.163636364,0.018181818
1038,0.987341772,0.012658228,0.032786885,0.06557377,0.147540984,0.344262295,0.409836066,1,0.685185185,0.055555556,0,0.240740741,0.018518519
1039,1,0,0.060606061,0.045454545,0.181818182,0.272727273,0.439393939,1,0.716981132,0.037735849,0,0.226415094,0.018867925
1040,0.975,0.025,0.017857143,0.035714286,0.089285714,0.410714286,0.446428571,1,0.722222222,0.055555556,0.037037037,0.166666667,0.018518519
1041,0.906976744,0.093023256,0.016666667,0,0.15,0.316666667,0.516666667,1,0.75,0.019230769,0,0.211538462,0.019230769
1042,0.896551724,0.103448276,0.087719298,0,0.035087719,0.350877193,0.526315789,1,0.614035088,0.035087719,0,0.263157895,0.087719298
1043,0.917647059,0.082352941,0.055555556,0,0.018518519,0.444444444,0.481481481,1,0.754716981,0.018867925,0,0.188679245,0.037735849
1044,0.896551724,0.103448276,0,0.117647059,0.019607843,0.470588235,0.392156863,1,0.692307692,0.038461538,0,0.269230769,0
1045,0.939759036,0.060240964,0.019230769,0.019230769,0.019230769,0.461538462,0.480769231,1,0.637931034,0.068965517,0.017241379,0.206896552,0.068965517
1046,0.951219512,0.048780488,0.019230769,0,0.019230769,0.230769231,0.730769231,1,0.553846154,0.107692308,0.138461538,0.076923077,0.123076923
1047,0.917647059,0.082352941,0,0.696428571,0.107142857,0.071428571,0.125,1,0.075471698,0,0.283018868,0.58490566,0.056603774
1048,0.917647059,0.082352941,0.017857143,0.696428571,0.089285714,0.071428571,0.125,1,0.019230769,0.038461538,0.365384615,0.576923077,0
1049,0.962962963,0.037037037,0.029850746,0.582089552,0.223880597,0,0.164179104,1,0.038461538,0.019230769,0.288461538,0.634615385,0.019230769
1050,0.939759036,0.060240964,0.016393443,0.06557377,0.163934426,0.196721311,0.557377049,1,0.655172414,0.017241379,0,0.206896552,0.120689655
1051,0.917647059,0.082352941,0.015384615,0.015384615,0.215384615,0.153846154,0.6,1,0.769230769,0,0.057692308,0.134615385,0.038461538
1052,0.917647059,0.082352941,0.016666667,0.05,0.15,0.233333333,0.55,1,0.666666667,0.055555556,0.074074074,0.185185185,0.018518519
1053,0.951219512,0.048780488,0,0.166666667,0.166666667,0.25,0.416666667,1,0.666666667,0,0.078431373,0.235294118,0.019607843
1054,0.951219512,0.048780488,0,0.036363636,0.090909091,0.4,0.472727273,1,0.722222222,0.055555556,0.037037037,0.166666667,0.018518519
1055,0.939759036,0.060240964,0.05,0.016666667,0.116666667,0.333333333,0.483333333,1,0.784313725,0,0.019607843,0.176470588,0.019607843
1056,0.896551724,0.103448276,0.054545455,0.636363636,0.036363636,0.109090909,0.163636364,1,0.052631579,0.01754386,0.228070175,0.596491228,0.105263158
1057,0.939759036,0.060240964,0,0.78,0,0.04,0.18,1,0.032786885,0.016393443,0.31147541,0.475409836,0.163934426
1058,0.987341772,0.012658228,0.036363636,0.690909091,0.054545455,0.018181818,0.2,1,0.118644068,0,0.288135593,0.440677966,0.152542373
1059,0.951219512,0.048780488,0.163934426,0.573770492,0.016393443,0.081967213,0.163934426,1,0.02,0,0.44,0.54,0
1060,0.917647059,0.082352941,0.072727273,0.709090909,0.018181818,0.018181818,0.181818182,1,0.02,0,0.5,0.48,0
1061,0.886363636,0.113636364,0,0.769230769,0.038461538,0,0.192307692,1,0.02,0,0.5,0.48,0
1062,0.886363636,0.113636364,0.019230769,0.75,0.019230769,0.038461538,0.173076923,1,0,0.019607843,0.470588235,0.509803922,0
1063,0.917647059,0.082352941,0,0.75,0.038461538,0.019230769,0.192307692,1,0.057692308,0,0.461538462,0.442307692,0.038461538
1064,0.886363636,0.113636364,0.01754386,0.649122807,0.105263158,0.052631579,0.175438596,1,0.018867925,0.037735849,0.320754717,0.603773585,0.018867925
1065,0.917647059,0.082352941,0.036363636,0.709090909,0.054545455,0.018181818,0.181818182,1,0,0,0.288135593,0.559322034,0.152542373
1066,0.951219512,0.048780488,0.017241379,0.637931034,0.120689655,0,0.224137931,1,0.068965517,0.034482759,0.293103448,0.5,0.103448276
1067,0.928571429,0.071428571,0.095238095,0.555555556,0.111111111,0.095238095,0.142857143,1,0.019230769,0.038461538,0.288461538,0.653846154,0
1068,0.951219512,0.048780488,0.037037037,0.666666667,0.037037037,0.092592593,0.166666667,1,0.053571429,0.053571429,0.357142857,0.482142857,0.053571429
1069,0.951219512,0.048780488,0.05,0.6,0.116666667,0,0.233333333,1,0.072727273,0.018181818,0.345454545,0.490909091,0.072727273
1070,0.962962963,0.037037037,0.119402985,0.507462687,0.134328358,0.029850746,0.208955224,1,0.072727273,0,0.236363636,0.6,0.090909091
1071,1,0,0.071428571,0.642857143,0.035714286,0.053571429,0.196428571,1,0,0.111111111,0.317460317,0.476190476,0.095238095
1072,0.951219512,0.048780488,0.034482759,0.603448276,0.103448276,0.017241379,0.24137931,1,0.089285714,0.035714286,0.339285714,0.464285714,0.071428571
1073,0.939759036,0.060240964,0.104477612,0.52238806,0.149253731,0.014925373,0.208955224,1,0.018181818,0.018181818,0.254545455,0.636363636,0.072727273
1074,0.951219512,0.048780488,0.016666667,0.05,0.15,0.25,0.533333333,1,0.714285714,0,0,0.178571429,0.107142857
1075,0.917647059,0.082352941,0.056603774,0.037735849,0,0.245283019,0.660377358,1,0.584615385,0,0,0.184615385,0.230769231
1076,0.928571429,0.071428571,0,0.618181818,0.090909091,0.018181818,0.272727273,1,0.089285714,0.071428571,0.375,0.428571429,0.035714286
1077,0.896551724,0.103448276,0.018867925,0.698113208,0.037735849,0.018867925,0.226415094,1,0.071428571,0,0.321428571,0.5,0.107142857
1078,0.906976744,0.093023256,0,0.740740741,0.074074074,0.037037037,0.148148148,1,0.019230769,0.038461538,0.403846154,0.538461538,0
1079,0.906976744,0.093023256,0,0.745098039,0.019607843,0.098039216,0.137254902,1,0.018181818,0.054545455,0.363636364,0.527272727,0.036363636
1080,0.886363636,0.113636364,0.018518519,0.703703704,0.055555556,0.055555556,0.166666667,1,0,0.056603774,0.377358491,0.566037736,0
1081,0.917647059,0.082352941,0.037037037,0.703703704,0.037037037,0.037037037,0.185185185,1,0,0.068965517,0.327586207,0.534482759,0.068965517
1082,0.928571429,0.071428571,0.037037037,0.722222222,0.037037037,0.037037037,0.166666667,1,0.017241379,0,0.310344828,0.534482759,0.137931034
1083,0.917647059,0.082352941,0,0.666666667,0.019607843,0,0.31372549,1,0.050847458,0.152542373,0.406779661,0.389830508,0
1084,0.962962963,0.037037037,0,0.725490196,0.019607843,0.098039216,0.156862745,1,0.016393443,0.131147541,0.327868852,0.475409836,0.049180328
1085,0.962962963,0.037037037,0,0.637931034,0.137931034,0.034482759,0.189655172,1,0,0.126984127,0.238095238,0.555555556,0.079365079
1086,0.987341772,0.012658228,0.133333333,0,0.033333333,0.316666667,0.516666667,1,0.666666667,0,0.052631579,0.157894737,0.122807018
1087,0.987341772,0.012658228,0.072727273,0.054545455,0.018181818,0.418181818,0.436363636,1,0.684210526,0,0,0.192982456,0.122807018
1088,1,0,0.087719298,0.070175439,0.035087719,0.298245614,0.50877193,1,0.596774194,0.016129032,0.016129032,0.193548387,0.177419355
1089,0.975,0.025,0.122807018,0.01754386,0,0.228070175,0.631578947,1,0.584615385,0,0.030769231,0.153846154,0.230769231
1090,0.939759036,0.060240964,0.051724138,0.051724138,0.086206897,0.137931034,0.672413793,1,0.603174603,0,0.047619048,0.142857143,0.206349206
1091,0.975,0.025,0.064516129,0.112903226,0.129032258,0.35483871,0.338709677,1,0.68,0,0.02,0.3,0
1092,0.939759036,0.060240964,0.048387097,0,0.14516129,0.258064516,0.548387097,1,0.754716981,0.037735849,0.037735849,0.150943396,0.018867925
1093,0.987341772,0.012658228,0.035714286,0.053571429,0.071428571,0.267857143,0.571428571,1,0.603174603,0.063492063,0.031746032,0.158730159,0.142857143
1094,0.975,0.025,0.06779661,0,0.084745763,0.338983051,0.508474576,1,0.655172414,0.051724138,0.017241379,0.189655172,0.086206897
1095,0.975,0.025,0.116666667,0.033333333,0.05,0.366666667,0.433333333,1,0.636363636,0.036363636,0.036363636,0.236363636,0.054545455
1096,0.962962963,0.037037037,0.052631579,0.052631579,0.070175439,0.280701754,0.543859649,1,0.661016949,0,0.016949153,0.169491525,0.152542373
1097,0.951219512,0.048780488,0.071428571,0.071428571,0.035714286,0.375,0.446428571,1,0.698113208,0,0.056603774,0.188679245,0.056603774
1098,0.939759036,0.060240964,0.037735849,0.075471698,0.018867925,0.41509434,0.452830189,1,0.631578947,0.035087719,0.01754386,0.228070175,0.087719298
1099,0.962962963,0.037037037,0.118644068,0.033898305,0.033898305,0.355932203,0.457627119,1,0.703703704,0,0.018518519,0.203703704,0.074074074
1100,1,0,0.095238095,0.015873016,0.111111111,0.301587302,0.476190476,1,0.722222222,0.018518519,0.037037037,0.166666667,0.055555556
1101,0.886363636,0.113636364,0.030769231,0,0.2,0.184615385,0.584615385,1,0.745098039,0,0.039215686,0.196078431,0.019607843
1102,0.939759036,0.060240964,0.015384615,0,0.215384615,0.169230769,0.6,1,0.696428571,0.089285714,0.035714286,0.160714286,0.017857143
1103,0.962962963,0.037037037,0.045454545,0.045454545,0.196969697,0.121212121,0.590909091,1,0.625,0.071428571,0.125,0.142857143,0.035714286
1104,0.939759036,0.060240964,0.064516129,0,0.129032258,0.290322581,0.516129032,1,0.685185185,0.055555556,0.037037037,0.203703704,0.018518519
1105,0.896551724,0.103448276,0.019230769,0.019230769,0.019230769,0.307692308,0.634615385,1,0.65,0,0.016666667,0.166666667,0.166666667
1106,0.917647059,0.082352941,0.017857143,0.035714286,0.089285714,0.357142857,0.5,1,0.607142857,0.089285714,0.053571429,0.232142857,0.017857143
1107,0.917647059,0.082352941,0.017241379,0.103448276,0.120689655,0.379310345,0.379310345,1,0.603773585,0.056603774,0,0.339622642,0
1108,0.939759036,0.060240964,0.035714286,0.035714286,0.071428571,0.375,0.482142857,1,0.745098039,0.019607843,0.098039216,0.137254902,0
1109,0.962962963,0.037037037,0,0,0.074074074,0.444444444,0.481481481,1,0.701754386,0.087719298,0,0.175438596,0.035087719
1110,0.917647059,0.082352941,0,0.036363636,0.090909091,0.290909091,0.581818182,1,0.714285714,0,0.035714286,0.142857143,0.107142857
1111,0.939759036,0.060240964,0,0.038461538,0.038461538,0.326923077,0.596153846,1,0.619047619,0.031746032,0,0.174603175,0.174603175
1112,0.917647059,0.082352941,0.054545455,0.109090909,0.036363636,0.290909091,0.509090909,1,0.559322034,0.016949153,0.033898305,0.254237288,0.13559322
1113,0.962962963,0.037037037,0.057971014,0.536231884,0.217391304,0.086956522,0.101449275,1,0.016949153,0.050847458,0.050847458,0.779661017,0.101694915
1114,0.951219512,0.048780488,0.044776119,0.537313433,0.208955224,0.044776119,0.164179104,1,0.053571429,0.017857143,0.160714286,0.678571429,0.089285714
1115,0.951219512,0.048780488,0.017241379,0.672413793,0.120689655,0.068965517,0.120689655,1,0.068965517,0,0.189655172,0.603448276,0.137931034
1116,0.987341772,0.012658228,0.018867925,0.698113208,0.037735849,0,0.245283019,1,0.109375,0.03125,0.25,0.421875,0.1875
1117,0.939759036,0.060240964,0.032786885,0.639344262,0.147540984,0.016393443,0.163934426,1,0.018518519,0.037037037,0.314814815,0.592592593,0.037037037
1118,0.906976744,0.093023256,0.038461538,0.711538462,0,0.076923077,0.173076923,1,0.053571429,0,0.321428571,0.517857143,0.107142857
1119,0.906976744,0.093023256,0.018518519,0.722222222,0.055555556,0,0.203703704,1,0.037735849,0.018867925,0.41509434,0.490566038,0.037735849
1120,0.886363636,0.113636364,0.017857143,0.696428571,0.089285714,0.053571429,0.142857143,1,0,0.019230769,0.346153846,0.615384615,0.019230769
1121,0.928571429,0.071428571,0.016666667,0.666666667,0.15,0,0.166666667,1,0.018867925,0.018867925,0.339622642,0.58490566,0.037735849
1122,0.906976744,0.093023256,0.01754386,0.666666667,0.105263158,0,0.210526316,1,0.058823529,0,0.411764706,0.509803922,0.019607843
1123,0.917647059,0.082352941,0,0.644067797,0.152542373,0,0.203389831,1,0,0.071428571,0.321428571,0.571428571,0.035714286
1124,0.951219512,0.048780488,0,0.596774194,0.193548387,0.032258065,0.177419355,1,0.054545455,0.072727273,0.272727273,0.581818182,0.018181818
1125,0.886363636,0.113636364,0.070175439,0.649122807,0.052631579,0.052631579,0.175438596,1,0.019607843,0,0.37254902,0.588235294,0.019607843
1126,0.906976744,0.093023256,0.01754386,0.684210526,0.105263158,0.01754386,0.175438596,1,0.058823529,0,0.37254902,0.549019608,0.019607843
1127,0.906976744,0.093023256,0.016666667,0.65,0.15,0,0.183333333,1,0.019607843,0.019607843,0.37254902,0.588235294,0
1128,0.939759036,0.060240964,0.017857143,0.696428571,0.089285714,0,0.196428571,1,0.076923077,0,0.423076923,0.461538462,0.038461538
1129,0.928571429,0.071428571,0.018867925,0.018867925,0.037735849,0.283018868,0.641509434,1,0.619047619,0.047619048,0.015873016,0.158730159,0.158730159
1130,0.962962963,0.037037037,0.056603774,0,0,0.358490566,0.58490566,1,0.634920635,0.015873016,0,0.158730159,0.19047619
1131,0.906976744,0.093023256,0.018867925,0,0.037735849,0.433962264,0.509433962,1,0.709090909,0.090909091,0,0.2,0
1132,0.917647059,0.082352941,0,0.018867925,0.056603774,0.396226415,0.528301887,1,0.642857143,0.089285714,0.071428571,0.178571429,0.017857143
1133,0.928571429,0.071428571,0,0,0.180327869,0.262295082,0.557377049,1,0.740740741,0.055555556,0.018518519,0.166666667,0.018518519
1134,0.951219512,0.048780488,0.016949153,0.016949153,0.13559322,0.220338983,0.610169492,1,0.603448276,0.120689655,0.137931034,0.120689655,0.017241379
1135,0.917647059,0.082352941,0,0.017857143,0.107142857,0.303571429,0.571428571,1,0.727272727,0.018181818,0.036363636,0.145454545,0.072727273
1136,0.876404494,0.123595506,0,0.019230769,0.038461538,0.442307692,0.5,1,0.8,0,0.02,0.18,0
1137,0.876404494,0.123595506,0.054545455,0,0.036363636,0.363636364,0.545454545,1,0.745098039,0.019607843,0.058823529,0.176470588,0
1138,0.928571429,0.071428571,0.018867925,0.094339623,0.037735849,0.377358491,0.471698113,1,0.685185185,0,0.055555556,0.185185185,0.074074074
1139,0.951219512,0.048780488,0.036363636,0.036363636,0.054545455,0.327272727,0.545454545,1,0.689655172,0,0.017241379,0.155172414,0.137931034
1140,0.917647059,0.082352941,0,0.033898305,0.152542373,0.305084746,0.508474576,1,0.784313725,0.019607843,0.019607843,0.176470588,0
1141,0.917647059,0.082352941,0,0.035714286,0.107142857,0.339285714,0.517857143,1,0.735849057,0,0.037735849,0.169811321,0.056603774
1142,0.906976744,0.093023256,0.036363636,0,0.054545455,0.381818182,0.527272727,1,0.722222222,0.037037037,0.018518519,0.185185185,0.037037037
1143,0.975,0.025,0,0,0.122807018,0.385964912,0.49122807,1,0.590163934,0.180327869,0,0.229508197,0
1144,1,0,0.064516129,0.596774194,0.129032258,0,0.209677419,1,0.033898305,0.06779661,0.305084746,0.508474576,0.084745763
1145,0.962962963,0.037037037,0.140625,0.515625,0.078125,0,0.265625,1,0.074074074,0,0.37037037,0.481481481,0.074074074
1146,0.939759036,0.060240964,0,0.037735849,0.056603774,0.377358491,0.528301887,1,0.666666667,0.070175439,0.052631579,0.157894737,0.052631579
1147,0.939759036,0.060240964,0.055555556,0.722222222,0.018518519,0.018518519,0.185185185,1,0.018181818,0,0.418181818,0.472727273,0.090909091
1148,0.928571429,0.071428571,0.019607843,0.745098039,0,0.098039216,0.137254902,1,0.017241379,0.034482759,0.327586207,0.517241379,0.103448276
1149,0.939759036,0.060240964,0.019230769,0.711538462,0.019230769,0,0.25,1,0.105263158,0,0.368421053,0.403508772,0.122807018
1150,0.987341772,0.012658228,0,0.684210526,0.122807018,0,0.192982456,1,0.070175439,0.052631579,0.350877193,0.456140351,0.070175439
1151,0.906976744,0.093023256,0,0.703703704,0.074074074,0.037037037,0.185185185,1,0.096153846,0.019230769,0.365384615,0.5,0.019230769
1152,0.951219512,0.048780488,0.017857143,0.714285714,0.089285714,0.035714286,0.142857143,1,0.036363636,0.018181818,0.345454545,0.527272727,0.072727273
1153,0.975,0.025,0,0.567164179,0.253731343,0,0.179104478,1,0.036363636,0.090909091,0.254545455,0.618181818,0
1154,0.962962963,0.037037037,0,0.568965517,0.137931034,0.051724138,0.24137931,1,0.084745763,0.13559322,0.288135593,0.474576271,0.016949153
1155,0.917647059,0.082352941,0.019230769,0.057692308,0.019230769,0.480769231,0.423076923,1,0.75,0.038461538,0,0.211538462,0
1156,0.876404494,0.123595506,0,0,0.107142857,0.357142857,0.535714286,1,0.764705882,0.019607843,0.019607843,0.196078431,0
1157,0.951219512,0.048780488,0.016949153,0.101694915,0.13559322,0.186440678,0.559322034,1,0.606557377,0.016393443,0,0.213114754,0.163934426
1158,0.962962963,0.037037037,0,0.113207547,0.056603774,0.358490566,0.471698113,1,0.684210526,0,0.01754386,0.175438596,0.122807018
1159,0.939759036,0.060240964,0.06557377,0.032786885,0.114754098,0.31147541,0.475409836,1,0.75,0,0,0.211538462,0.038461538
1160,0.917647059,0.082352941,0.036363636,0.709090909,0.054545455,0,0.2,1,0.057692308,0,0.423076923,0.480769231,0.038461538
1161,0.896551724,0.103448276,0,0.784313725,0.019607843,0.039215686,0.156862745,1,0,0.037735849,0.433962264,0.509433962,0.018867925
1162,0.906976744,0.093023256,0.019230769,0.769230769,0.019230769,0.038461538,0.153846154,1,0.019230769,0.019230769,0.442307692,0.5,0.019230769
1163,0.876404494,0.123595506,0,0.75,0.038461538,0,0.211538462,1,0.039215686,0.019607843,0.450980392,0.490196078,0
1164,0.928571429,0.071428571,0.017857143,0.696428571,0.089285714,0.017857143,0.178571429,1,0.058823529,0,0.431372549,0.490196078,0.019607843
1165,0.896551724,0.103448276,0.01754386,0.701754386,0.105263158,0.052631579,0.122807018,1,0.02,0,0.36,0.62,0
1166,0.975,0.025,0.090909091,0.560606061,0.151515152,0.045454545,0.151515152,1,0.06,0,0.34,0.6,0
1167,0.962962963,0.037037037,0.045454545,0.590909091,0.196969697,0.045454545,0.121212121,1,0.018867925,0.018867925,0.245283019,0.679245283,0.037735849
1168,0.917647059,0.082352941,0,0.068965517,0.137931034,0.086206897,0.706896552,1,0.525423729,0.152542373,0.237288136,0.084745763,0
1169,0.928571429,0.071428571,0.018518519,0.148148148,0.055555556,0.203703704,0.574074074,1,0.593220339,0,0.084745763,0.169491525,0.152542373
1170,0.906976744,0.093023256,0.071428571,0,0.035714286,0.428571429,0.464285714,1,0.764705882,0.019607843,0,0.215686275,0
1171,0.939759036,0.060240964,0.01754386,0,0.105263158,0.385964912,0.49122807,1,0.740740741,0.037037037,0,0.185185185,0.037037037
1172,0.928571429,0.071428571,0.017857143,0.053571429,0.089285714,0.410714286,0.428571429,1,0.730769231,0,0,0.230769231,0.038461538
1173,0.917647059,0.082352941,0,0.057692308,0.038461538,0.365384615,0.538461538,1,0.684210526,0,0.01754386,0.175438596,0.122807018
1174,0.962962963,0.037037037,0.053571429,0.089285714,0.053571429,0.285714286,0.517857143,1,0.524590164,0.081967213,0.081967213,0.213114754,0.098360656
1175,0.962962963,0.037037037,0.035087719,0.035087719,0.087719298,0.263157895,0.578947368,1,0.701754386,0,0.070175439,0.105263158,0.122807018
1176,0.962962963,0.037037037,0.017857143,0.035714286,0.089285714,0.267857143,0.589285714,1,0.65,0.05,0.05,0.133333333,0.116666667
1177,0.975,0.025,0.033333333,0.083333333,0.133333333,0.2,0.55,1,0.684210526,0,0.052631579,0.140350877,0.122807018
1178,0.951219512,0.048780488,0,0.125,0.107142857,0.339285714,0.428571429,1,0.642857143,0.017857143,0,0.25,0.089285714
1179,0.928571429,0.071428571,0.019607843,0,0,0.333333333,0.647058824,1,0.464788732,0.14084507,0,0.23943662,0.154929577
1180,0.951219512,0.048780488,0.038461538,0.019230769,0,0.269230769,0.673076923,1,0.560606061,0.075757576,0.060606061,0.136363636,0.166666667
1181,0.928571429,0.071428571,0.086206897,0.051724138,0.051724138,0.25862069,0.551724138,1,0.620689655,0,0.034482759,0.206896552,0.137931034
1182,0.951219512,0.048780488,0.072727273,0.054545455,0.018181818,0.290909091,0.563636364,1,0.53125,0.046875,0.03125,0.21875,0.171875
1183,0.951219512,0.048780488,0.105263158,0,0.01754386,0.228070175,0.649122807,1,0.6,0,0,0.169230769,0.230769231
1184,0.962962963,0.037037037,0.037735849,0.735849057,0.018867925,0.094339623,0.113207547,1,0.015384615,0.046153846,0.184615385,0.569230769,0.184615385
1185,0.962962963,0.037037037,0.036363636,0.672727273,0.054545455,0,0.236363636,1,0,0.098360656,0.360655738,0.459016393,0.081967213
1186,0.906976744,0.093023256,0.018518519,0.703703704,0.055555556,0,0.222222222,1,0,0.053571429,0.392857143,0.5,0.053571429
1187,0.962962963,0.037037037,0,0,0.122807018,0.315789474,0.561403509,1,0.655172414,0.137931034,0.068965517,0.137931034,0
1188,0.951219512,0.048780488,0.084745763,0.016949153,0.06779661,0.372881356,0.457627119,1,0.672727273,0.072727273,0,0.236363636,0.018181818
1189,0.928571429,0.071428571,0,0.078431373,0.019607843,0.31372549,0.588235294,1,0.655737705,0,0,0.163934426,0.180327869
1190,0.975,0.025,0.035714286,0.125,0.071428571,0.107142857,0.660714286,1,0.507246377,0.014492754,0.043478261,0.173913043,0.260869565
1191,0.962962963,0.037037037,0,0.294117647,0.019607843,0.254901961,0.431372549,1,0.430769231,0.030769231,0.046153846,0.292307692,0.2
1192,0.951219512,0.048780488,0,0.603448276,0.137931034,0.068965517,0.189655172,1,0.166666667,0.055555556,0.259259259,0.5,0.018518519
1193,0.906976744,0.093023256,0.018518519,0.703703704,0.055555556,0.018518519,0.203703704,1,0.038461538,0.038461538,0.442307692,0.480769231,0
1194,0.896551724,0.103448276,0.056603774,0.698113208,0,0,0.245283019,1,0.018867925,0.018867925,0.471698113,0.452830189,0.037735849
1195,0.917647059,0.082352941,0,0.740740741,0.074074074,0.037037037,0.148148148,1,0.037037037,0,0.351851852,0.537037037,0.074074074
1196,0.886363636,0.113636364,0,0,0.090909091,0.381818182,0.527272727,1,0.769230769,0.019230769,0,0.192307692,0.019230769
1197,0.896551724,0.103448276,0.054545455,0,0.036363636,0.418181818,0.490909091,1,0.716981132,0.018867925,0,0.226415094,0.037735849
1198,0.928571429,0.071428571,0,0.054545455,0.090909091,0.363636364,0.490909091,1,0.678571429,0.053571429,0,0.214285714,0.053571429
1199,0.906976744,0.093023256,0,0,0.038461538,0.423076923,0.538461538,1,0.6,0.116666667,0,0.233333333,0.05
1200,0.906976744,0.093023256,0,0.06,0,0.42,0.52,1,0.655172414,0.017241379,0,0.206896552,0.120689655
1201,0.951219512,0.048780488,0,0.24,0,0.34,0.42,1,0.484375,0.015625,0,0.296875,0.203125
1202,0.962962963,0.037037037,0.018518519,0.055555556,0.055555556,0.37037037,0.5,1,0.714285714,0.017857143,0.035714286,0.142857143,0.089285714
1203,0.987341772,0.012658228,0.112903226,0,0.080645161,0.35483871,0.451612903,1,0.735849057,0,0.018867925,0.188679245,0.056603774
1204,0.987341772,0.012658228,0,0.038461538,0.038461538,0.365384615,0.557692308,1,0.619047619,0.079365079,0.031746032,0.142857143,0.126984127
1205,0.962962963,0.037037037,0,0.038461538,0.038461538,0.346153846,0.576923077,1,0.655737705,0.049180328,0.032786885,0.131147541,0.131147541
1206,0.886363636,0.113636364,0,0,0.019607843,0.470588235,0.509803922,1,0.722222222,0.074074074,0,0.203703704,0
1207,0.896551724,0.103448276,0,0.06,0,0.5,0.44,1,0.685185185,0.055555556,0,0.240740741,0.018518519
1208,0.928571429,0.071428571,0,0.034482759,0.137931034,0.362068966,0.465517241,1,0.625,0.107142857,0,0.267857143,0
1209,0.975,0.025,0.017857143,0.089285714,0.089285714,0.357142857,0.446428571,1,0.672727273,0.054545455,0.054545455,0.181818182,0.036363636
1210,0.987341772,0.012658228,0.016949153,0,0.13559322,0.271186441,0.576271186,1,0.639344262,0.098360656,0.032786885,0.147540984,0.081967213
1211,0.951219512,0.048780488,0.0625,0.578125,0.15625,0,0.203125,1,0.018518519,0.018518519,0.333333333,0.574074074,0.055555556
1212,0.951219512,0.048780488,0.033333333,0.65,0.133333333,0.016666667,0.166666667,1,0.035714286,0,0.285714286,0.571428571,0.107142857
1213,0.917647059,0.082352941,0,0.727272727,0.090909091,0,0.181818182,1,0.034482759,0,0.275862069,0.551724138,0.137931034
1214,0.951219512,0.048780488,0.016393443,0.62295082,0.163934426,0,0.196721311,1,0.034482759,0.051724138,0.25862069,0.568965517,0.086206897
1215,0.987341772,0.012658228,0.074074074,0.722222222,0,0.037037037,0.166666667,1,0.028571429,0.014285714,0.142857143,0.542857143,0.271428571
1216,0.975,0.025,0.105263158,0.684210526,0.01754386,0,0.192982456,1,0,0,0.230769231,0.538461538,0.230769231
1217,0.951219512,0.048780488,0.018867925,0.698113208,0.037735849,0,0.245283019,1,0,0.070422535,0.183098592,0.521126761,0.225352113
1218,0.975,0.025,0,0.78,0,0.04,0.18,1,0.060606061,0.03030303,0.227272727,0.46969697,0.212121212
1219,0.939759036,0.060240964,0.054545455,0.672727273,0.036363636,0,0.236363636,1,0.03125,0.015625,0.234375,0.515625,0.203125
1220,0.906976744,0.093023256,0,0.8,0,0.04,0.16,1,0.014492754,0,0.115942029,0.594202899,0.275362319
1221,0.928571429,0.071428571,0.019607843,0.764705882,0,0.058823529,0.156862745,1,0.032258065,0.016129032,0.241935484,0.532258065,0.177419355
1222,0.928571429,0.071428571,0.090909091,0.690909091,0,0.090909091,0.127272727,1,0,0.033898305,0.254237288,0.593220339,0.118644068
1223,0.928571429,0.071428571,0,0.727272727,0.090909091,0.018181818,0.163636364,1,0.016949153,0.033898305,0.271186441,0.559322034,0.118644068
1224,0.917647059,0.082352941,0.030769231,0.615384615,0.2,0,0.153846154,1,0.019230769,0,0.25,0.692307692,0.038461538
1225,0.939759036,0.060240964,0.016393443,0.081967213,0.163934426,0.262295082,0.475409836,1,0.716981132,0,0,0.226415094,0.056603774
1226,0.917647059,0.082352941,0,0,0.166666667,0.333333333,0.5,1,0.784313725,0,0,0.196078431,0.019607843
1227,0.928571429,0.071428571,0.033898305,0.016949153,0.118644068,0.389830508,0.440677966,1,0.745098039,0,0,0.235294118,0.019607843
1228,0.962962963,0.037037037,0.102941176,0,0.161764706,0.235294118,0.5,1,0.764705882,0,0.019607843,0.196078431,0.019607843
1229,0.928571429,0.071428571,0.017241379,0.034482759,0.120689655,0.344827586,0.482758621,1,0.8,0,0.04,0.16,0
1230,0.951219512,0.048780488,0.056603774,0.018867925,0,0.339622642,0.58490566,1,0.619047619,0.031746032,0,0.174603175,0.174603175
1231,0.928571429,0.071428571,0.089285714,0,0.017857143,0.410714286,0.482142857,1,0.666666667,0.055555556,0.055555556,0.203703704,0.018518519
1232,0.975,0.025,0,0.114754098,0.180327869,0.229508197,0.475409836,1,0.711538462,0.038461538,0.096153846,0.153846154,0
1233,0.928571429,0.071428571,0,0.684210526,0.122807018,0.035087719,0.157894737,1,0.052631579,0,0.245614035,0.578947368,0.122807018
1234,0.939759036,0.060240964,0.057142857,0.514285714,0.228571429,0.071428571,0.128571429,1,0,0.074074074,0.148148148,0.777777778,0
1235,0.906976744,0.093023256,0.030769231,0.584615385,0.2,0.030769231,0.153846154,1,0.016949153,0.016949153,0.084745763,0.745762712,0.13559322
1236,0.939759036,0.060240964,0.014705882,0.573529412,0.25,0.058823529,0.102941176,1,0.055555556,0,0.092592593,0.777777778,0.074074074
1237,0.987341772,0.012658228,0.033898305,0.050847458,0.118644068,0.355932203,0.440677966,1,0.703703704,0.055555556,0.037037037,0.185185185,0.018518519
1238,0.951219512,0.048780488,0.033898305,0,0.118644068,0.389830508,0.457627119,1,0.784313725,0.019607843,0.019607843,0.176470588,0
1239,0.886363636,0.113636364,0.018181818,0,0.072727273,0.363636364,0.545454545,1,0.75,0.019230769,0.038461538,0.173076923,0.019230769
1240,0.917647059,0.082352941,0.019230769,0.019230769,0.019230769,0.423076923,0.519230769,1,0.655172414,0.051724138,0,0.206896552,0.086206897
1241,0.962962963,0.037037037,0.018181818,0,0.072727273,0.381818182,0.527272727,1,0.62295082,0.081967213,0,0.196721311,0.098360656
1242,0.975,0.025,0.018867925,0.094339623,0.037735849,0.339622642,0.509433962,1,0.557377049,0.098360656,0.081967213,0.180327869,0.081967213
1243,0.951219512,0.048780488,0.035714286,0.035714286,0.071428571,0.25,0.607142857,1,0.631578947,0.070175439,0.157894737,0.087719298,0.052631579
1244,0.917647059,0.082352941,0.071428571,0.035714286,0.035714286,0.339285714,0.517857143,1,0.642857143,0.035714286,0.035714286,0.214285714,0.071428571
1245,0.906976744,0.093023256,0,0.06,0,0.5,0.44,1,0.703703704,0.037037037,0,0.222222222,0.037037037
1246,0.962962963,0.037037037,0.072727273,0.036363636,0.018181818,0.309090909,0.563636364,1,0.616666667,0.05,0.066666667,0.15,0.116666667
1247,0.962962963,0.037037037,0.035087719,0.01754386,0.087719298,0.280701754,0.578947368,1,0.639344262,0.049180328,0.016393443,0.163934426,0.131147541
1248,0.975,0.025,0.074074074,0.018518519,0,0.222222222,0.685185185,1,0.521126761,0.056338028,0.014084507,0.169014085,0.23943662
1249,0.962962963,0.037037037,0.017857143,0.107142857,0.089285714,0.375,0.410714286,1,0.685185185,0.037037037,0.018518519,0.222222222,0.037037037