,"('S', ('VP', 'NP'))","('S', ('NP', 'VP'))","('S', ('NP', 'S'))","('S', ('VP',))","('S', ('S', 'NP'))","('VP', ('VP', 'NP'))","('VP', ('NP', 'VP'))","('VP', ('V', 'NP'))","('VP', ('V',))","('VP', ('NP', 'V'))","('NP', ('NP', 'NP'))","('NP', 'np')","('V', 'v')"
0,0.24528301886792453,0.11320754716981132,0.0,0.5849056603773585,0.05660377358490566,0.0,0.0196078431372549,0.058823529411764705,0.1568627450980392,0.7647058823529411,0.0547945205479452,0.9452054794520548,1.0
1,0.2037037037037037,0.018518518518518517,0.037037037037037035,0.7037037037037037,0.037037037037037035,0.08064516129032258,0.11290322580645161,0.016129032258064516,0.16129032258064516,0.6290322580645161,0.014285714285714285,0.9857142857142858,1.0
2,0.18181818181818182,0.07272727272727272,0.01818181818181818,0.6545454545454545,0.07272727272727272,0.08333333333333333,0.08333333333333333,0.016666666666666666,0.16666666666666666,0.65,0.0,1.0,1.0
3,0.2857142857142857,0.03571428571428571,0.05357142857142857,0.5714285714285714,0.05357142857142857,0.0,0.0196078431372549,0.0196078431372549,0.1568627450980392,0.803921568627451,0.028169014084507043,0.971830985915493,1.0
4,0.26785714285714285,0.0,0.03571428571428571,0.625,0.07142857142857142,0.0,0.10714285714285714,0.0,0.17857142857142858,0.7142857142857143,0.028169014084507043,0.971830985915493,1.0
5,0.19672131147540983,0.0,0.13114754098360656,0.6229508196721312,0.04918032786885246,0.0847457627118644,0.06779661016949153,0.0,0.2542372881355932,0.5932203389830508,0.028169014084507043,0.971830985915493,1.0
6,0.22807017543859648,0.07017543859649122,0.08771929824561403,0.5789473684210527,0.03508771929824561,0.0196078431372549,0.0,0.0784313725490196,0.19607843137254902,0.7058823529411765,0.0547945205479452,0.9452054794520548,1.0
7,0.2033898305084746,0.0,0.06779661016949153,0.6440677966101694,0.0847457627118644,0.018867924528301886,0.03773584905660377,0.018867924528301886,0.1509433962264151,0.7735849056603774,0.041666666666666664,0.9583333333333334,1.0
8,0.21818181818181817,0.09090909090909091,0.01818181818181818,0.6,0.07272727272727272,0.06896551724137931,0.06896551724137931,0.0,0.20689655172413793,0.6551724137931034,0.014285714285714285,0.9857142857142858,1.0
9,0.17307692307692307,0.19230769230769232,0.019230769230769232,0.5961538461538461,0.019230769230769232,0.10526315789473684,0.017543859649122806,0.07017543859649122,0.15789473684210525,0.6491228070175439,0.0,1.0,1.0
10,0.017543859649122806,0.6666666666666666,0.03508771929824561,0.19298245614035087,0.08771929824561403,0.017857142857142856,0.08928571428571429,0.23214285714285715,0.6071428571428571,0.05357142857142857,0.014285714285714285,0.9857142857142858,1.0
11,0.03636363636363636,0.6,0.07272727272727272,0.2727272727272727,0.01818181818181818,0.019230769230769232,0.019230769230769232,0.3076923076923077,0.46153846153846156,0.19230769230769232,0.014285714285714285,0.9857142857142858,1.0
12,0.01639344262295082,0.6229508196721312,0.01639344262295082,0.18032786885245902,0.16393442622950818,0.07142857142857142,0.03571428571428571,0.08928571428571429,0.7321428571428571,0.07142857142857142,0.0547945205479452,0.9452054794520548,1.0
13,0.038461538461538464,0.7692307692307693,0.0,0.15384615384615385,0.038461538461538464,0.13559322033898305,0.01694915254237288,0.11864406779661017,0.6271186440677966,0.1016949152542373,0.041666666666666664,0.9583333333333334,1.0
14,0.03636363636363636,0.6181818181818182,0.03636363636363636,0.2545454545454545,0.05454545454545454,0.09090909090909091,0.0,0.18181818181818182,0.509090909090909,0.21818181818181817,0.014285714285714285,0.9857142857142858,1.0
15,0.03773584905660377,0.6792452830188679,0.05660377358490566,0.22641509433962265,0.0,0.13793103448275862,0.0,0.1724137931034483,0.5344827586206896,0.15517241379310345,0.014285714285714285,0.9857142857142858,1.0
16,0.017241379310344827,0.6551724137931034,0.034482758620689655,0.1896551724137931,0.10344827586206896,0.14754098360655737,0.03278688524590164,0.06557377049180328,0.6721311475409836,0.08196721311475409,0.028169014084507043,0.971830985915493,1.0
17,0.05263157894736842,0.6842105263157895,0.03508771929824561,0.14035087719298245,0.08771929824561403,0.13559322033898305,0.01694915254237288,0.06779661016949153,0.6949152542372882,0.0847457627118644,0.028169014084507043,0.971830985915493,1.0
18,0.03571428571428571,0.6964285714285714,0.0,0.16071428571428573,0.10714285714285714,0.10344827586206896,0.034482758620689655,0.10344827586206896,0.6896551724137931,0.06896551724137931,0.0547945205479452,0.9452054794520548,1.0
19,0.03333333333333333,0.6166666666666667,0.08333333333333333,0.18333333333333332,0.08333333333333333,0.03773584905660377,0.018867924528301886,0.16981132075471697,0.7358490566037735,0.03773584905660377,0.08,0.92,1.0
20,0.057692307692307696,0.7115384615384616,0.038461538461538464,0.19230769230769232,0.0,0.038461538461538464,0.0,0.2692307692307692,0.5576923076923077,0.1346153846153846,0.0547945205479452,0.9452054794520548,1.0
21,0.017857142857142856,0.6785714285714286,0.0,0.19642857142857142,0.10714285714285714,0.09836065573770492,0.08196721311475409,0.11475409836065574,0.6229508196721312,0.08196721311475409,0.014285714285714285,0.9857142857142858,1.0
22,0.03278688524590164,0.5573770491803278,0.0,0.22950819672131148,0.18032786885245902,0.05555555555555555,0.018518518518518517,0.07407407407407407,0.6296296296296297,0.2222222222222222,0.028169014084507043,0.971830985915493,1.0
23,0.04477611940298507,0.5671641791044776,0.05970149253731343,0.13432835820895522,0.19402985074626866,0.0,0.0196078431372549,0.0784313725490196,0.7843137254901961,0.11764705882352941,0.0,1.0,1.0
24,0.0,0.48333333333333334,0.0,0.35,0.16666666666666666,0.017857142857142856,0.08928571428571429,0.16071428571428573,0.4642857142857143,0.26785714285714285,0.0,1.0,1.0
25,0.0,0.6,0.015384615384615385,0.16923076923076924,0.2153846153846154,0.0,0.12280701754385964,0.10526315789473684,0.7368421052631579,0.03508771929824561,0.0,1.0,1.0
26,0.0,0.582089552238806,0.014925373134328358,0.16417910447761194,0.23880597014925373,0.0,0.05660377358490566,0.05660377358490566,0.8113207547169812,0.07547169811320754,0.041666666666666664,0.9583333333333334,1.0
27,0.0,0.5714285714285714,0.014285714285714285,0.14285714285714285,0.2714285714285714,0.01818181818181818,0.07272727272727272,0.0,0.8727272727272727,0.03636363636363636,0.028169014084507043,0.971830985915493,1.0
28,0.05,0.65,0.0,0.13333333333333333,0.16666666666666666,0.017241379310344827,0.1206896551724138,0.08620689655172414,0.7413793103448276,0.034482758620689655,0.028169014084507043,0.971830985915493,1.0
29,0.07142857142857142,0.5357142857142857,0.017857142857142856,0.2857142857142857,0.08928571428571429,0.028985507246376812,0.2463768115942029,0.11594202898550725,0.5942028985507246,0.014492753623188406,0.014285714285714285,0.9857142857142858,1.0
30,0.05263157894736842,0.6666666666666666,0.0,0.15789473684210525,0.12280701754385964,0.01639344262295082,0.16393442622950818,0.14754098360655737,0.6557377049180327,0.01639344262295082,0.0,1.0,1.0
31,0.21818181818181817,0.0,0.05454545454545454,0.6909090909090909,0.03636363636363636,0.04838709677419355,0.14516129032258066,0.04838709677419355,0.16129032258064516,0.5967741935483871,0.0,1.0,1.0
32,0.10714285714285714,0.19642857142857142,0.05357142857142857,0.5892857142857143,0.05357142857142857,0.03636363636363636,0.05454545454545454,0.16363636363636364,0.2,0.5454545454545454,0.028169014084507043,0.971830985915493,1.0
33,0.047619047619047616,0.06349206349206349,0.047619047619047616,0.6825396825396826,0.15873015873015872,0.05084745762711865,0.1016949152542373,0.06779661016949153,0.1864406779661017,0.5932203389830508,0.014285714285714285,0.9857142857142858,1.0
34,0.01694915254237288,0.22033898305084745,0.0,0.6101694915254238,0.15254237288135594,0.03571428571428571,0.07142857142857142,0.14285714285714285,0.25,0.5,0.0547945205479452,0.9452054794520548,1.0
35,0.046875,0.15625,0.0,0.578125,0.21875,0.03773584905660377,0.018867924528301886,0.018867924528301886,0.20754716981132076,0.7169811320754716,0.0,1.0,1.0
36,0.11864406779661017,0.13559322033898305,0.03389830508474576,0.5932203389830508,0.11864406779661017,0.07407407407407407,0.0,0.018518518518518517,0.2222222222222222,0.6851851851851852,0.041666666666666664,0.9583333333333334,1.0
37,0.16071428571428573,0.03571428571428571,0.07142857142857142,0.6964285714285714,0.03571428571428571,0.13114754098360656,0.04918032786885246,0.0,0.22950819672131148,0.5901639344262295,0.06756756756756757,0.9324324324324325,1.0
38,0.05357142857142857,0.0,0.03571428571428571,0.8392857142857143,0.07142857142857142,0.13636363636363635,0.10606060606060606,0.045454545454545456,0.12121212121212122,0.5909090909090909,0.028169014084507043,0.971830985915493,1.0
39,0.1206896551724138,0.0,0.034482758620689655,0.7413793103448276,0.10344827586206896,0.05263157894736842,0.07017543859649122,0.05263157894736842,0.10526315789473684,0.7192982456140351,0.041666666666666664,0.9583333333333334,1.0
40,0.23214285714285715,0.03571428571428571,0.017857142857142856,0.625,0.08928571428571429,0.03571428571428571,0.07142857142857142,0.0,0.16071428571428573,0.7321428571428571,0.014285714285714285,0.9857142857142858,1.0
41,0.1724137931034483,0.10344827586206896,0.06896551724137931,0.5862068965517241,0.06896551724137931,0.07272727272727272,0.01818181818181818,0.03636363636363636,0.18181818181818182,0.6909090909090909,0.0,1.0,1.0
42,0.19230769230769232,0.038461538461538464,0.019230769230769232,0.7307692307692307,0.019230769230769232,0.08196721311475409,0.09836065573770492,0.06557377049180328,0.16393442622950818,0.5901639344262295,0.0547945205479452,0.9452054794520548,1.0
43,0.14545454545454545,0.01818181818181818,0.01818181818181818,0.7454545454545455,0.07272727272727272,0.06451612903225806,0.12903225806451613,0.03225806451612903,0.1774193548387097,0.5967741935483871,0.0547945205479452,0.9452054794520548,1.0
44,0.2,0.03636363636363636,0.01818181818181818,0.6727272727272727,0.07272727272727272,0.01694915254237288,0.13559322033898305,0.03389830508474576,0.1864406779661017,0.6271186440677966,0.041666666666666664,0.9583333333333334,1.0
45,0.01639344262295082,0.01639344262295082,0.0,0.7868852459016393,0.18032786885245902,0.109375,0.109375,0.0,0.171875,0.609375,0.041666666666666664,0.9583333333333334,1.0
46,0.07692307692307693,0.03076923076923077,0.03076923076923077,0.6615384615384615,0.2,0.0,0.07407407407407407,0.037037037037037035,0.18518518518518517,0.7037037037037037,0.041666666666666664,0.9583333333333334,1.0
47,0.15517241379310345,0.15517241379310345,0.0,0.5517241379310345,0.13793103448275862,0.03636363636363636,0.05454545454545454,0.01818181818181818,0.2545454545454545,0.6363636363636364,0.028169014084507043,0.971830985915493,1.0
48,0.07936507936507936,0.047619047619047616,0.047619047619047616,0.6666666666666666,0.15873015873015872,0.07142857142857142,0.03571428571428571,0.017857142857142856,0.14285714285714285,0.7321428571428571,0.0,1.0,1.0
49,0.21818181818181817,0.12727272727272726,0.0,0.5636363636363636,0.09090909090909091,0.05084745762711865,0.1016949152542373,0.0,0.23728813559322035,0.6101694915254238,0.0,1.0,1.0
50,0.06666666666666667,0.65,0.13333333333333333,0.11666666666666667,0.03333333333333333,0.10714285714285714,0.0,0.125,0.7678571428571429,0.0,0.041666666666666664,0.9583333333333334,1.0
51,0.017543859649122806,0.631578947368421,0.10526315789473684,0.22807017543859648,0.017543859649122806,0.08620689655172414,0.05172413793103448,0.22413793103448276,0.603448275862069,0.034482758620689655,0.028169014084507043,0.971830985915493,1.0
52,0.01694915254237288,0.6779661016949152,0.15254237288135594,0.15254237288135594,0.0,0.13793103448275862,0.0,0.1724137931034483,0.6896551724137931,0.0,0.014285714285714285,0.9857142857142858,1.0
53,0.08620689655172414,0.6724137931034483,0.017241379310344827,0.10344827586206896,0.1206896551724138,0.0967741935483871,0.0967741935483871,0.03225806451612903,0.7258064516129032,0.04838709677419355,0.0,1.0,1.0
54,0.0,0.6415094339622641,0.0,0.3018867924528302,0.05660377358490566,0.03773584905660377,0.018867924528301886,0.22641509433962265,0.5283018867924528,0.18867924528301888,0.09210526315789473,0.9078947368421053,1.0
55,0.0,0.5789473684210527,0.10526315789473684,0.2982456140350877,0.017543859649122806,0.037037037037037035,0.037037037037037035,0.2777777777777778,0.5740740740740741,0.07407407407407407,0.08,0.92,1.0
56,0.05660377358490566,0.6981132075471698,0.05660377358490566,0.18867924528301888,0.0,0.037037037037037035,0.037037037037037035,0.24074074074074073,0.6111111111111112,0.07407407407407407,0.06756756756756757,0.9324324324324325,1.0
57,0.018518518518518517,0.7407407407407407,0.05555555555555555,0.16666666666666666,0.018518518518518517,0.0196078431372549,0.0,0.3137254901960784,0.5686274509803921,0.09803921568627451,0.028169014084507043,0.971830985915493,1.0
58,0.0,0.7222222222222222,0.018518518518518517,0.2037037037037037,0.05555555555555555,0.017241379310344827,0.1206896551724138,0.27586206896551724,0.5517241379310345,0.034482758620689655,0.0,1.0,1.0
59,0.07272727272727272,0.7090909090909091,0.05454545454545454,0.12727272727272726,0.03636363636363636,0.03773584905660377,0.018867924528301886,0.22641509433962265,0.6037735849056604,0.11320754716981132,0.0,1.0,1.0
60,0.0,0.7592592592592593,0.0,0.16666666666666666,0.07407407407407407,0.17647058823529413,0.08823529411764706,0.058823529411764705,0.6617647058823529,0.014705882352941176,0.014285714285714285,0.9857142857142858,1.0
61,0.03225806451612903,0.6129032258064516,0.04838709677419355,0.16129032258064516,0.14516129032258066,0.03508771929824561,0.08771929824561403,0.12280701754385964,0.7192982456140351,0.03508771929824561,0.014285714285714285,0.9857142857142858,1.0
62,0.08620689655172414,0.5172413793103449,0.0,0.25862068965517243,0.13793103448275862,0.0,0.0196078431372549,0.11764705882352941,0.5490196078431373,0.3137254901960784,0.041666666666666664,0.9583333333333334,1.0
63,0.0,0.7321428571428571,0.017857142857142856,0.16071428571428573,0.08928571428571429,0.08928571428571429,0.017857142857142856,0.16071428571428573,0.6785714285714286,0.05357142857142857,0.0547945205479452,0.9452054794520548,1.0
64,0.0,0.6833333333333333,0.016666666666666666,0.15,0.15,0.05454545454545454,0.03636363636363636,0.14545454545454545,0.7636363636363637,0.0,0.06756756756756757,0.9324324324324325,1.0
65,0.03278688524590164,0.6557377049180327,0.03278688524590164,0.13114754098360656,0.14754098360655737,0.03571428571428571,0.07142857142857142,0.125,0.7321428571428571,0.03571428571428571,0.014285714285714285,0.9857142857142858,1.0
66,0.06557377049180328,0.6229508196721312,0.03278688524590164,0.13114754098360656,0.14754098360655737,0.03389830508474576,0.11864406779661017,0.0847457627118644,0.7457627118644068,0.01694915254237288,0.014285714285714285,0.9857142857142858,1.0
67,0.0,0.6666666666666666,0.017543859649122806,0.21052631578947367,0.10526315789473684,0.16129032258064516,0.03225806451612903,0.06451612903225806,0.6774193548387096,0.06451612903225806,0.0547945205479452,0.9452054794520548,1.0
68,0.03125,0.59375,0.109375,0.15625,0.109375,0.14754098360655737,0.03278688524590164,0.03278688524590164,0.7704918032786885,0.01639344262295082,0.014285714285714285,0.9857142857142858,1.0
69,0.03125,0.59375,0.140625,0.15625,0.078125,0.16393442622950818,0.01639344262295082,0.04918032786885246,0.7540983606557377,0.01639344262295082,0.0,1.0,1.0
70,0.05555555555555555,0.7037037037037037,0.018518518518518517,0.16666666666666666,0.05555555555555555,0.019230769230769232,0.019230769230769232,0.23076923076923078,0.5769230769230769,0.15384615384615385,0.028169014084507043,0.971830985915493,1.0
71,0.0,0.65,0.06666666666666667,0.18333333333333332,0.1,0.05357142857142857,0.05357142857142857,0.19642857142857142,0.6428571428571429,0.05357142857142857,0.0,1.0,1.0
72,0.0,0.6451612903225806,0.03225806451612903,0.16129032258064516,0.16129032258064516,0.03636363636363636,0.05454545454545454,0.14545454545454545,0.7090909090909091,0.05454545454545454,0.014285714285714285,0.9857142857142858,1.0
73,0.0,0.639344262295082,0.01639344262295082,0.18032786885245902,0.16393442622950818,0.019230769230769232,0.019230769230769232,0.15384615384615385,0.6538461538461539,0.15384615384615385,0.014285714285714285,0.9857142857142858,1.0
74,0.01639344262295082,0.639344262295082,0.01639344262295082,0.16393442622950818,0.16393442622950818,0.07407407407407407,0.0,0.09259259259259259,0.7222222222222222,0.1111111111111111,0.041666666666666664,0.9583333333333334,1.0
75,0.125,0.46875,0.078125,0.1875,0.140625,0.0,0.0,0.06,0.72,0.22,0.041666666666666664,0.9583333333333334,1.0
76,0.08064516129032258,0.5161290322580645,0.16129032258064516,0.20967741935483872,0.03225806451612903,0.10526315789473684,0.017543859649122806,0.10526315789473684,0.7017543859649122,0.07017543859649122,0.041666666666666664,0.9583333333333334,1.0
77,0.019230769230769232,0.7692307692307693,0.0,0.17307692307692307,0.038461538461538464,0.12280701754385964,0.0,0.14035087719298245,0.6491228070175439,0.08771929824561403,0.08,0.92,1.0
78,0.1724137931034483,0.0,0.1206896551724138,0.6896551724137931,0.017241379310344827,0.08620689655172414,0.05172413793103448,0.05172413793103448,0.1896551724137931,0.6206896551724138,0.0547945205479452,0.9452054794520548,1.0
79,0.24074074074074073,0.05555555555555555,0.037037037037037035,0.6296296296296297,0.037037037037037035,0.0,0.07407407407407407,0.05555555555555555,0.16666666666666666,0.7037037037037037,0.0547945205479452,0.9452054794520548,1.0
80,0.3269230769230769,0.057692307692307696,0.038461538461538464,0.5769230769230769,0.0,0.0,0.0196078431372549,0.0,0.21568627450980393,0.7647058823529411,0.09210526315789473,0.9078947368421053,1.0
81,0.25,0.1346153846153846,0.0,0.5769230769230769,0.038461538461538464,0.0,0.038461538461538464,0.057692307692307696,0.15384615384615385,0.75,0.041666666666666664,0.9583333333333334,1.0
82,0.25,0.057692307692307696,0.0,0.6538461538461539,0.038461538461538464,0.07017543859649122,0.05263157894736842,0.0,0.15789473684210525,0.7192982456140351,0.041666666666666664,0.9583333333333334,1.0
83,0.16071428571428573,0.0,0.017857142857142856,0.7321428571428571,0.08928571428571429,0.08064516129032258,0.11290322580645161,0.0,0.1774193548387097,0.6290322580645161,0.041666666666666664,0.9583333333333334,1.0
84,0.0,0.08196721311475409,0.03278688524590164,0.7377049180327869,0.14754098360655737,0.10714285714285714,0.0,0.03571428571428571,0.21428571428571427,0.6428571428571429,0.11538461538461539,0.8846153846153846,1.0
85,0.07692307692307693,0.07692307692307693,0.019230769230769232,0.8076923076923077,0.019230769230769232,0.15384615384615385,0.07692307692307693,0.03076923076923077,0.16923076923076924,0.5692307692307692,0.06756756756756757,0.9324324324324325,1.0
86,0.019230769230769232,0.7692307692307693,0.019230769230769232,0.17307692307692307,0.019230769230769232,0.1,0.06666666666666667,0.18333333333333332,0.65,0.0,0.06756756756756757,0.9324324324324325,1.0
87,0.01818181818181818,0.7454545454545455,0.0,0.14545454545454545,0.09090909090909091,0.03508771929824561,0.08771929824561403,0.21052631578947367,0.631578947368421,0.03508771929824561,0.014285714285714285,0.9857142857142858,1.0
88,0.034482758620689655,0.6379310344827587,0.06896551724137931,0.1896551724137931,0.06896551724137931,0.018867924528301886,0.03773584905660377,0.24528301886792453,0.6226415094339622,0.07547169811320754,0.028169014084507043,0.971830985915493,1.0
89,0.03508771929824561,0.6842105263157895,0.07017543859649122,0.15789473684210525,0.05263157894736842,0.07142857142857142,0.03571428571428571,0.19642857142857142,0.625,0.07142857142857142,0.0,1.0,1.0
90,0.0,0.5806451612903226,0.16129032258064516,0.22580645161290322,0.03225806451612903,0.0196078431372549,0.0,0.3137254901960784,0.6078431372549019,0.058823529411764705,0.014285714285714285,0.9857142857142858,1.0
91,0.015384615384615385,0.5846153846153846,0.1076923076923077,0.16923076923076924,0.12307692307692308,0.07407407407407407,0.0,0.12962962962962962,0.7777777777777778,0.018518518518518517,0.041666666666666664,0.9583333333333334,1.0
92,0.0,0.6666666666666666,0.10526315789473684,0.21052631578947367,0.017543859649122806,0.13793103448275862,0.0,0.1724137931034483,0.6551724137931034,0.034482758620689655,0.0547945205479452,0.9452054794520548,1.0
93,0.07547169811320754,0.7358490566037735,0.0,0.1320754716981132,0.05660377358490566,0.06557377049180328,0.11475409836065574,0.13114754098360656,0.6557377049180327,0.03278688524590164,0.028169014084507043,0.971830985915493,1.0
94,0.03636363636363636,0.7272727272727273,0.0,0.14545454545454545,0.09090909090909091,0.019230769230769232,0.019230769230769232,0.23076923076923078,0.6923076923076923,0.038461538461538464,0.08,0.92,1.0
95,0.015873015873015872,0.6190476190476191,0.09523809523809523,0.15873015873015872,0.1111111111111111,0.0,0.0,0.2,0.78,0.02,0.06756756756756757,0.9324324324324325,1.0
96,0.030303030303030304,0.6212121212121212,0.10606060606060606,0.10606060606060606,0.13636363636363635,0.0196078431372549,0.0,0.09803921568627451,0.8823529411764706,0.0,0.0547945205479452,0.9452054794520548,1.0
97,0.03571428571428571,0.6964285714285714,0.017857142857142856,0.16071428571428573,0.08928571428571429,0.0,0.0,0.24,0.64,0.12,0.0547945205479452,0.9452054794520548,1.0
98,0.034482758620689655,0.6896551724137931,0.05172413793103448,0.13793103448275862,0.08620689655172414,0.018518518518518517,0.05555555555555555,0.2222222222222222,0.6481481481481481,0.05555555555555555,0.0,1.0,1.0
99,0.05454545454545454,0.7090909090909091,0.05454545454545454,0.14545454545454545,0.03636363636363636,0.01818181818181818,0.07272727272727272,0.21818181818181817,0.6727272727272727,0.01818181818181818,0.0547945205479452,0.9452054794520548,1.0
100,0.0,0.7090909090909091,0.07272727272727272,0.2,0.01818181818181818,0.09090909090909091,0.0,0.23636363636363636,0.6545454545454545,0.01818181818181818,0.08,0.92,1.0
101,0.0,0.7692307692307693,0.019230769230769232,0.19230769230769232,0.019230769230769232,0.14516129032258066,0.04838709677419355,0.16129032258064516,0.5806451612903226,0.06451612903225806,0.014285714285714285,0.9857142857142858,1.0
102,0.07017543859649122,0.5263157894736842,0.03508771929824561,0.2807017543859649,0.08771929824561403,0.017543859649122806,0.10526315789473684,0.15789473684210525,0.5263157894736842,0.19298245614035087,0.014285714285714285,0.9857142857142858,1.0
103,0.017241379310344827,0.6896551724137931,0.017241379310344827,0.15517241379310345,0.1206896551724138,0.0,0.09090909090909091,0.21818181818181817,0.6545454545454545,0.03636363636363636,0.014285714285714285,0.9857142857142858,1.0
104,0.01818181818181818,0.7090909090909091,0.01818181818181818,0.18181818181818182,0.07272727272727272,0.01694915254237288,0.13559322033898305,0.23728813559322035,0.5932203389830508,0.01694915254237288,0.0,1.0,1.0
105,0.13793103448275862,0.5689655172413793,0.05172413793103448,0.15517241379310345,0.08620689655172414,0.016666666666666666,0.15,0.08333333333333333,0.6833333333333333,0.06666666666666667,0.014285714285714285,0.9857142857142858,1.0
106,0.05660377358490566,0.6981132075471698,0.018867924528301886,0.18867924528301888,0.03773584905660377,0.11764705882352941,0.14705882352941177,0.10294117647058823,0.6176470588235294,0.014705882352941176,0.0,1.0,1.0
107,0.0,0.7037037037037037,0.018518518518518517,0.2222222222222222,0.05555555555555555,0.018867924528301886,0.03773584905660377,0.2830188679245283,0.5283018867924528,0.1320754716981132,0.028169014084507043,0.971830985915493,1.0
108,0.2631578947368421,0.07017543859649122,0.10526315789473684,0.543859649122807,0.017543859649122806,0.038461538461538464,0.0,0.019230769230769232,0.23076923076923078,0.7115384615384616,0.041666666666666664,0.9583333333333334,1.0
109,0.21818181818181817,0.07272727272727272,0.09090909090909091,0.6181818181818182,0.0,0.12280701754385964,0.0,0.017543859649122806,0.15789473684210525,0.7017543859649122,0.0,1.0,1.0
110,0.13559322033898305,0.01694915254237288,0.1016949152542373,0.6949152542372882,0.05084745762711865,0.15,0.016666666666666666,0.0,0.16666666666666666,0.6666666666666666,0.014285714285714285,0.9857142857142858,1.0
111,0.15517241379310345,0.034482758620689655,0.10344827586206896,0.6724137931034483,0.034482758620689655,0.10526315789473684,0.017543859649122806,0.05263157894736842,0.12280701754385964,0.7017543859649122,0.0,1.0,1.0
112,0.23529411764705882,0.0784313725490196,0.0196078431372549,0.6666666666666666,0.0,0.05357142857142857,0.05357142857142857,0.07142857142857142,0.14285714285714285,0.6785714285714286,0.0547945205479452,0.9452054794520548,1.0
113,0.3018867924528302,0.03773584905660377,0.05660377358490566,0.6037735849056604,0.0,0.03508771929824561,0.08771929824561403,0.03508771929824561,0.15789473684210525,0.6842105263157895,0.0,1.0,1.0
114,0.22641509433962265,0.05660377358490566,0.05660377358490566,0.660377358490566,0.0,0.0847457627118644,0.06779661016949153,0.01694915254237288,0.2033898305084746,0.6271186440677966,0.0547945205479452,0.9452054794520548,1.0
115,0.28,0.08,0.0,0.64,0.0,0.0847457627118644,0.06779661016949153,0.0,0.2033898305084746,0.6440677966101694,0.0547945205479452,0.9452054794520548,1.0
116,0.3333333333333333,0.0196078431372549,0.0196078431372549,0.6274509803921569,0.0,0.019230769230769232,0.019230769230769232,0.0,0.21153846153846154,0.75,0.11538461538461539,0.8846153846153846,1.0
117,0.2641509433962264,0.03773584905660377,0.0,0.6415094339622641,0.05660377358490566,0.018867924528301886,0.03773584905660377,0.0,0.18867924528301888,0.7547169811320755,0.09210526315789473,0.9078947368421053,1.0
118,0.22641509433962265,0.07547169811320754,0.03773584905660377,0.6415094339622641,0.018867924528301886,0.05660377358490566,0.0,0.03773584905660377,0.1509433962264151,0.7547169811320755,0.06756756756756757,0.9324324324324325,1.0
119,0.07272727272727272,0.7090909090909091,0.03636363636363636,0.12727272727272726,0.05454545454545454,0.11666666666666667,0.05,0.06666666666666667,0.7333333333333333,0.03333333333333333,0.06756756756756757,0.9324324324324325,1.0
120,0.0,0.6440677966101694,0.03389830508474576,0.2033898305084746,0.11864406779661017,0.08196721311475409,0.09836065573770492,0.13114754098360656,0.6557377049180327,0.03278688524590164,0.014285714285714285,0.9857142857142858,1.0
121,0.07017543859649122,0.6491228070175439,0.12280701754385964,0.15789473684210525,0.0,0.08620689655172414,0.05172413793103448,0.1896551724137931,0.6724137931034483,0.0,0.028169014084507043,0.971830985915493,1.0
122,0.0,0.5789473684210527,0.08771929824561403,0.2982456140350877,0.03508771929824561,0.10344827586206896,0.034482758620689655,0.1724137931034483,0.603448275862069,0.08620689655172414,0.08,0.92,1.0
123,0.018518518518518517,0.7222222222222222,0.018518518518518517,0.18518518518518517,0.05555555555555555,0.16923076923076924,0.06153846153846154,0.06153846153846154,0.6461538461538462,0.06153846153846154,0.028169014084507043,0.971830985915493,1.0
124,0.016666666666666666,0.6333333333333333,0.11666666666666667,0.18333333333333332,0.05,0.1746031746031746,0.031746031746031744,0.07936507936507936,0.7142857142857143,0.0,0.028169014084507043,0.971830985915493,1.0
125,0.2037037037037037,0.07407407407407407,0.0,0.6481481481481481,0.07407407407407407,0.05660377358490566,0.0,0.0,0.18867924528301888,0.7547169811320755,0.09210526315789473,0.9078947368421053,1.0
126,0.07407407407407407,0.037037037037037035,0.0,0.8148148148148148,0.07407407407407407,0.15625,0.0625,0.0,0.15625,0.625,0.06756756756756757,0.9324324324324325,1.0
127,0.1509433962264151,0.0,0.03773584905660377,0.7924528301886793,0.018867924528301886,0.13559322033898305,0.01694915254237288,0.01694915254237288,0.13559322033898305,0.6949152542372882,0.09210526315789473,0.9078947368421053,1.0
128,0.0,0.07142857142857142,0.017857142857142856,0.8214285714285714,0.08928571428571429,0.19047619047619047,0.015873015873015872,0.015873015873015872,0.15873015873015872,0.6190476190476191,0.08,0.92,1.0
129,0.0,0.03508771929824561,0.0,0.8421052631578947,0.12280701754385964,0.171875,0.046875,0.0,0.140625,0.640625,0.06756756756756757,0.9324324324324325,1.0
130,0.015384615384615385,0.046153846153846156,0.07692307692307693,0.7076923076923077,0.15384615384615385,0.14754098360655737,0.03278688524590164,0.0,0.18032786885245902,0.639344262295082,0.0,1.0,1.0
131,0.06779661016949153,0.6610169491525424,0.05084745762711865,0.11864406779661017,0.1016949152542373,0.14285714285714285,0.06349206349206349,0.015873015873015872,0.7777777777777778,0.0,0.041666666666666664,0.9583333333333334,1.0
132,0.0,0.6721311475409836,0.03278688524590164,0.14754098360655737,0.14754098360655737,0.13559322033898305,0.01694915254237288,0.05084745762711865,0.711864406779661,0.0847457627118644,0.0,1.0,1.0
133,0.016129032258064516,0.5645161290322581,0.0967741935483871,0.22580645161290322,0.0967741935483871,0.16923076923076924,0.06153846153846154,0.015384615384615385,0.7230769230769231,0.03076923076923077,0.041666666666666664,0.9583333333333334,1.0
134,0.0392156862745098,0.7843137254901961,0.0,0.1568627450980392,0.0196078431372549,0.08333333333333333,0.08333333333333333,0.18333333333333332,0.5833333333333334,0.06666666666666667,0.014285714285714285,0.9857142857142858,1.0
135,0.017543859649122806,0.6666666666666666,0.0,0.19298245614035087,0.12280701754385964,0.05357142857142857,0.05357142857142857,0.14285714285714285,0.625,0.125,0.028169014084507043,0.971830985915493,1.0
136,0.0,0.6785714285714286,0.0,0.21428571428571427,0.10714285714285714,0.0,0.038461538461538464,0.23076923076923078,0.5769230769230769,0.15384615384615385,0.041666666666666664,0.9583333333333334,1.0
137,0.0,0.6612903225806451,0.0,0.14516129032258066,0.1935483870967742,0.019230769230769232,0.019230769230769232,0.07692307692307693,0.8269230769230769,0.057692307692307696,0.09210526315789473,0.9078947368421053,1.0
138,0.0,0.6909090909090909,0.05454545454545454,0.21818181818181817,0.03636363636363636,0.15,0.016666666666666666,0.15,0.6,0.08333333333333333,0.028169014084507043,0.971830985915493,1.0
139,0.05555555555555555,0.7037037037037037,0.0,0.16666666666666666,0.07407407407407407,0.04838709677419355,0.14516129032258066,0.16129032258064516,0.6129032258064516,0.03225806451612903,0.0,1.0,1.0
140,0.019230769230769232,0.7115384615384616,0.038461538461538464,0.23076923076923078,0.0,0.1,0.06666666666666667,0.21666666666666667,0.5666666666666667,0.05,0.041666666666666664,0.9583333333333334,1.0
141,0.017543859649122806,0.6842105263157895,0.03508771929824561,0.17543859649122806,0.08771929824561403,0.037037037037037035,0.037037037037037035,0.2222222222222222,0.6481481481481481,0.05555555555555555,0.041666666666666664,0.9583333333333334,1.0
142,0.09803921568627451,0.7450980392156863,0.0,0.13725490196078433,0.0196078431372549,0.03508771929824561,0.08771929824561403,0.21052631578947367,0.5964912280701754,0.07017543859649122,0.028169014084507043,0.971830985915493,1.0
143,0.13114754098360656,0.0,0.03278688524590164,0.6885245901639344,0.14754098360655737,0.03508771929824561,0.08771929824561403,0.017543859649122806,0.14035087719298245,0.7192982456140351,0.014285714285714285,0.9857142857142858,1.0
144,0.01639344262295082,0.6229508196721312,0.01639344262295082,0.18032786885245902,0.16393442622950818,0.01818181818181818,0.07272727272727272,0.14545454545454545,0.6727272727272727,0.09090909090909091,0.014285714285714285,0.9857142857142858,1.0
145,0.22950819672131148,0.03278688524590164,0.18032786885245902,0.5573770491803278,0.0,0.1,0.06666666666666667,0.0,0.31666666666666665,0.5166666666666667,0.014285714285714285,0.9857142857142858,1.0
146,0.24561403508771928,0.14035087719298245,0.12280701754385964,0.49122807017543857,0.0,0.038461538461538464,0.0,0.07692307692307693,0.2692307692307692,0.6153846153846154,0.028169014084507043,0.971830985915493,1.0
147,0.2545454545454545,0.10909090909090909,0.05454545454545454,0.5454545454545454,0.03636363636363636,0.01694915254237288,0.13559322033898305,0.05084745762711865,0.2542372881355932,0.5423728813559322,0.0,1.0,1.0
148,0.23636363636363636,0.16363636363636364,0.07272727272727272,0.509090909090909,0.01818181818181818,0.09090909090909091,0.0,0.01818181818181818,0.23636363636363636,0.6545454545454545,0.0,1.0,1.0
149,0.14285714285714285,0.17857142857142858,0.08928571428571429,0.5714285714285714,0.017857142857142856,0.1206896551724138,0.017241379310344827,0.06896551724137931,0.22413793103448276,0.5689655172413793,0.0,1.0,1.0
150,0.09523809523809523,0.07936507936507936,0.06349206349206349,0.6190476190476191,0.14285714285714285,0.05555555555555555,0.018518518518518517,0.037037037037037035,0.18518518518518517,0.7037037037037037,0.014285714285714285,0.9857142857142858,1.0
151,0.17307692307692307,0.17307692307692307,0.0,0.6153846153846154,0.038461538461538464,0.038461538461538464,0.0,0.11538461538461539,0.15384615384615385,0.6923076923076923,0.06756756756756757,0.9324324324324325,1.0
152,0.07017543859649122,0.07017543859649122,0.0,0.7368421052631579,0.12280701754385964,0.09836065573770492,0.08196721311475409,0.04918032786885246,0.11475409836065574,0.6557377049180327,0.0,1.0,1.0
153,0.14035087719298245,0.08771929824561403,0.03508771929824561,0.6491228070175439,0.08771929824561403,0.1111111111111111,0.09523809523809523,0.0,0.23809523809523808,0.5555555555555556,0.014285714285714285,0.9857142857142858,1.0
154,0.1320754716981132,0.16981132075471697,0.0,0.6415094339622641,0.05660377358490566,0.09375,0.125,0.0625,0.21875,0.5,0.0,1.0,1.0
155,0.03508771929824561,0.6842105263157895,0.05263157894736842,0.15789473684210525,0.07017543859649122,0.18181818181818182,0.06060606060606061,0.015151515151515152,0.7121212121212122,0.030303030303030304,0.028169014084507043,0.971830985915493,1.0
156,0.0,0.6129032258064516,0.016129032258064516,0.1935483870967742,0.1774193548387097,0.06666666666666667,0.1,0.08333333333333333,0.7,0.05,0.014285714285714285,0.9857142857142858,1.0
157,0.0,0.6166666666666667,0.1,0.21666666666666667,0.06666666666666667,0.09090909090909091,0.0,0.2,0.6,0.10909090909090909,0.0,1.0,1.0
158,0.06896551724137931,0.6724137931034483,0.06896551724137931,0.1206896551724138,0.06896551724137931,0.07272727272727272,0.01818181818181818,0.12727272727272726,0.7272727272727273,0.05454545454545454,0.041666666666666664,0.9583333333333334,1.0
159,0.0,0.6440677966101694,0.0847457627118644,0.2033898305084746,0.06779661016949153,0.03773584905660377,0.018867924528301886,0.24528301886792453,0.6226415094339622,0.07547169811320754,0.028169014084507043,0.971830985915493,1.0
160,0.01639344262295082,0.6557377049180327,0.04918032786885246,0.14754098360655737,0.13114754098360656,0.038461538461538464,0.0,0.17307692307692307,0.6730769230769231,0.11538461538461539,0.0,1.0,1.0
161,0.01639344262295082,0.639344262295082,0.06557377049180328,0.16393442622950818,0.11475409836065574,0.13559322033898305,0.01694915254237288,0.06779661016949153,0.711864406779661,0.06779661016949153,0.014285714285714285,0.9857142857142858,1.0
162,0.0,0.6551724137931034,0.034482758620689655,0.20689655172413793,0.10344827586206896,0.08771929824561403,0.03508771929824561,0.14035087719298245,0.6491228070175439,0.08771929824561403,0.041666666666666664,0.9583333333333334,1.0
163,0.018518518518518517,0.7592592592592593,0.0,0.14814814814814814,0.07407407407407407,0.0,0.038461538461538464,0.28846153846153844,0.5769230769230769,0.09615384615384616,0.014285714285714285,0.9857142857142858,1.0
164,0.0,0.6229508196721312,0.01639344262295082,0.19672131147540983,0.16393442622950818,0.0,0.038461538461538464,0.19230769230769232,0.6153846153846154,0.15384615384615385,0.0,1.0,1.0
165,0.01639344262295082,0.639344262295082,0.06557377049180328,0.16393442622950818,0.11475409836065574,0.0,0.0196078431372549,0.23529411764705882,0.6666666666666666,0.0784313725490196,0.014285714285714285,0.9857142857142858,1.0
166,0.03333333333333333,0.6666666666666666,0.08333333333333333,0.13333333333333333,0.08333333333333333,0.06896551724137931,0.06896551724137931,0.15517241379310345,0.7068965517241379,0.0,0.0,1.0,1.0
167,0.018518518518518517,0.7222222222222222,0.0,0.18518518518518517,0.07407407407407407,0.05357142857142857,0.05357142857142857,0.16071428571428573,0.625,0.10714285714285714,0.0547945205479452,0.9452054794520548,1.0
168,0.0,0.5652173913043478,0.057971014492753624,0.15942028985507245,0.21739130434782608,0.03636363636363636,0.05454545454545454,0.05454545454545454,0.8,0.05454545454545454,0.0,1.0,1.0
169,0.058823529411764705,0.7254901960784313,0.0196078431372549,0.19607843137254902,0.0,0.07142857142857142,0.03571428571428571,0.21428571428571427,0.5535714285714286,0.125,0.041666666666666664,0.9583333333333334,1.0
170,0.03508771929824561,0.5087719298245614,0.07017543859649122,0.3333333333333333,0.05263157894736842,0.15,0.016666666666666666,0.1,0.48333333333333334,0.25,0.0,1.0,1.0
171,0.0,0.6666666666666666,0.05263157894736842,0.21052631578947367,0.07017543859649122,0.12280701754385964,0.0,0.12280701754385964,0.6140350877192983,0.14035087719298245,0.028169014084507043,0.971830985915493,1.0
172,0.08196721311475409,0.639344262295082,0.06557377049180328,0.09836065573770492,0.11475409836065574,0.05660377358490566,0.0,0.07547169811320754,0.7924528301886793,0.07547169811320754,0.041666666666666664,0.9583333333333334,1.0
173,0.06451612903225806,0.6129032258064516,0.0967741935483871,0.12903225806451613,0.0967741935483871,0.1206896551724138,0.017241379310344827,0.05172413793103448,0.7758620689655172,0.034482758620689655,0.028169014084507043,0.971830985915493,1.0
174,0.0,0.7358490566037735,0.03773584905660377,0.20754716981132076,0.018867924528301886,0.0847457627118644,0.06779661016949153,0.22033898305084745,0.559322033898305,0.06779661016949153,0.014285714285714285,0.9857142857142858,1.0
175,0.0,0.6842105263157895,0.03508771929824561,0.19298245614035087,0.08771929824561403,0.0,0.0,0.3,0.56,0.14,0.014285714285714285,0.9857142857142858,1.0
176,0.0,0.6557377049180327,0.08196721311475409,0.16393442622950818,0.09836065573770492,0.0,0.0196078431372549,0.27450980392156865,0.6666666666666666,0.0392156862745098,0.014285714285714285,0.9857142857142858,1.0
177,0.01639344262295082,0.6229508196721312,0.09836065573770492,0.18032786885245902,0.08196721311475409,0.0,0.038461538461538464,0.2692307692307692,0.6538461538461539,0.038461538461538464,0.014285714285714285,0.9857142857142858,1.0
178,0.0,0.6666666666666666,0.0,0.3137254901960784,0.0196078431372549,0.15,0.016666666666666666,0.16666666666666666,0.4666666666666667,0.2,0.028169014084507043,0.971830985915493,1.0
179,0.0392156862745098,0.7843137254901961,0.0,0.1568627450980392,0.0196078431372549,0.05555555555555555,0.018518518518518517,0.24074074074074073,0.5740740740740741,0.1111111111111111,0.041666666666666664,0.9583333333333334,1.0
180,0.0,0.5409836065573771,0.03278688524590164,0.2786885245901639,0.14754098360655737,0.12698412698412698,0.07936507936507936,0.047619047619047616,0.6507936507936508,0.09523809523809523,0.041666666666666664,0.9583333333333334,1.0
181,0.038461538461538464,0.6923076923076923,0.0,0.23076923076923078,0.038461538461538464,0.19696969696969696,0.045454545454545456,0.015151515151515152,0.6363636363636364,0.10606060606060606,0.06756756756756757,0.9324324324324325,1.0
182,0.01818181818181818,0.6909090909090909,0.03636363636363636,0.2,0.05454545454545454,0.11864406779661017,0.03389830508474576,0.13559322033898305,0.5932203389830508,0.11864406779661017,0.014285714285714285,0.9857142857142858,1.0
183,0.05660377358490566,0.7547169811320755,0.0,0.1320754716981132,0.05660377358490566,0.03773584905660377,0.018867924528301886,0.20754716981132076,0.6226415094339622,0.11320754716981132,0.041666666666666664,0.9583333333333334,1.0
184,0.05172413793103448,0.6379310344827587,0.10344827586206896,0.1724137931034483,0.034482758620689655,0.12280701754385964,0.0,0.14035087719298245,0.6491228070175439,0.08771929824561403,0.014285714285714285,0.9857142857142858,1.0
185,0.0196078431372549,0.7254901960784313,0.0,0.23529411764705882,0.0196078431372549,0.07017543859649122,0.05263157894736842,0.22807017543859648,0.5964912280701754,0.05263157894736842,0.09210526315789473,0.9078947368421053,1.0
186,0.03508771929824561,0.7017543859649122,0.03508771929824561,0.14035087719298245,0.08771929824561403,0.14516129032258066,0.04838709677419355,0.06451612903225806,0.6774193548387096,0.06451612903225806,0.0,1.0,1.0
187,0.0,0.6229508196721312,0.01639344262295082,0.19672131147540983,0.16393442622950818,0.09090909090909091,0.0,0.09090909090909091,0.6727272727272727,0.14545454545454545,0.028169014084507043,0.971830985915493,1.0
188,0.0,0.6440677966101694,0.05084745762711865,0.2033898305084746,0.1016949152542373,0.05660377358490566,0.0,0.16981132075471697,0.660377358490566,0.11320754716981132,0.0547945205479452,0.9452054794520548,1.0
189,0.018518518518518517,0.7222222222222222,0.07407407407407407,0.18518518518518517,0.0,0.2,0.03076923076923077,0.07692307692307693,0.6307692307692307,0.06153846153846154,0.014285714285714285,0.9857142857142858,1.0
190,0.01818181818181818,0.7272727272727273,0.07272727272727272,0.16363636363636364,0.01818181818181818,0.18461538461538463,0.046153846153846156,0.07692307692307693,0.6923076923076923,0.0,0.041666666666666664,0.9583333333333334,1.0
191,0.016129032258064516,0.6451612903225806,0.08064516129032258,0.14516129032258066,0.11290322580645161,0.12280701754385964,0.0,0.08771929824561403,0.7368421052631579,0.05263157894736842,0.014285714285714285,0.9857142857142858,1.0
192,0.0,0.5,0.06666666666666667,0.3333333333333333,0.1,0.13559322033898305,0.01694915254237288,0.1016949152542373,0.5084745762711864,0.23728813559322035,0.0,1.0,1.0
193,0.03508771929824561,0.543859649122807,0.05263157894736842,0.2982456140350877,0.07017543859649122,0.1206896551724138,0.017241379310344827,0.1206896551724138,0.5172413793103449,0.22413793103448276,0.014285714285714285,0.9857142857142858,1.0
194,0.017543859649122806,0.631578947368421,0.05263157894736842,0.22807017543859648,0.07017543859649122,0.140625,0.078125,0.078125,0.640625,0.0625,0.028169014084507043,0.971830985915493,1.0
195,0.05555555555555555,0.7037037037037037,0.07407407407407407,0.16666666666666666,0.0,0.10344827586206896,0.034482758620689655,0.1896551724137931,0.603448275862069,0.06896551724137931,0.014285714285714285,0.9857142857142858,1.0
196,0.0,0.5873015873015873,0.06349206349206349,0.20634920634920634,0.14285714285714285,0.0,0.0,0.2,0.68,0.12,0.041666666666666664,0.9583333333333334,1.0
197,0.1206896551724138,0.08620689655172414,0.06896551724137931,0.6551724137931034,0.06896551724137931,0.038461538461538464,0.0,0.09615384615384616,0.1346153846153846,0.7307692307692307,0.0547945205479452,0.9452054794520548,1.0
198,0.10606060606060606,0.0,0.12121212121212122,0.6515151515151515,0.12121212121212122,0.03636363636363636,0.05454545454545454,0.03636363636363636,0.2,0.6727272727272727,0.028169014084507043,0.971830985915493,1.0
199,0.05555555555555555,0.7037037037037037,0.05555555555555555,0.16666666666666666,0.018518518518518517,0.08064516129032258,0.11290322580645161,0.1774193548387097,0.6290322580645161,0.0,0.014285714285714285,0.9857142857142858,1.0
200,0.03571428571428571,0.6428571428571429,0.10714285714285714,0.21428571428571427,0.0,0.08928571428571429,0.017857142857142856,0.23214285714285715,0.5714285714285714,0.08928571428571429,0.014285714285714285,0.9857142857142858,1.0
201,0.037037037037037035,0.7407407407407407,0.05555555555555555,0.14814814814814814,0.018518518518518517,0.018518518518518517,0.05555555555555555,0.2962962962962963,0.6111111111111112,0.018518518518518517,0.028169014084507043,0.971830985915493,1.0
202,0.030303030303030304,0.45454545454545453,0.21212121212121213,0.2727272727272727,0.030303030303030304,0.0,0.05660377358490566,0.2830188679245283,0.6226415094339622,0.03773584905660377,0.014285714285714285,0.9857142857142858,1.0
203,0.017543859649122806,0.6666666666666666,0.05263157894736842,0.19298245614035087,0.07017543859649122,0.017241379310344827,0.1206896551724138,0.2413793103448276,0.6206896551724138,0.0,0.014285714285714285,0.9857142857142858,1.0
204,0.01818181818181818,0.7090909090909091,0.05454545454545454,0.18181818181818182,0.03636363636363636,0.12280701754385964,0.0,0.12280701754385964,0.7192982456140351,0.03508771929824561,0.1038961038961039,0.8961038961038961,1.0
205,0.017241379310344827,0.6379310344827587,0.08620689655172414,0.20689655172413793,0.05172413793103448,0.0,0.0,0.3,0.64,0.06,0.06756756756756757,0.9324324324324325,1.0
206,0.12727272727272726,0.6545454545454545,0.07272727272727272,0.12727272727272726,0.01818181818181818,0.01818181818181818,0.07272727272727272,0.18181818181818182,0.6545454545454545,0.07272727272727272,0.028169014084507043,0.971830985915493,1.0
207,0.01818181818181818,0.7090909090909091,0.09090909090909091,0.18181818181818182,0.0,0.05454545454545454,0.03636363636363636,0.2727272727272727,0.6,0.03636363636363636,0.028169014084507043,0.971830985915493,1.0
208,0.015873015873015872,0.6190476190476191,0.1111111111111111,0.15873015873015872,0.09523809523809523,0.12280701754385964,0.0,0.10526315789473684,0.7719298245614035,0.0,0.041666666666666664,0.9583333333333334,1.0
209,0.03278688524590164,0.6721311475409836,0.03278688524590164,0.11475409836065574,0.14754098360655737,0.08928571428571429,0.017857142857142856,0.05357142857142857,0.8035714285714286,0.03571428571428571,0.0547945205479452,0.9452054794520548,1.0
210,0.015873015873015872,0.6190476190476191,0.12698412698412698,0.15873015873015872,0.07936507936507936,0.16666666666666666,0.0,0.06666666666666667,0.7666666666666667,0.0,0.028169014084507043,0.971830985915493,1.0
211,0.2222222222222222,0.018518518518518517,0.0,0.6851851851851852,0.07407407407407407,0.03636363636363636,0.05454545454545454,0.0,0.18181818181818182,0.7272727272727273,0.09210526315789473,0.9078947368421053,1.0
212,0.3137254901960784,0.0392156862745098,0.0196078431372549,0.6274509803921569,0.0,0.03333333333333333,0.13333333333333333,0.016666666666666666,0.2,0.6166666666666667,0.028169014084507043,0.971830985915493,1.0
213,0.21428571428571427,0.05357142857142857,0.05357142857142857,0.625,0.05357142857142857,0.05084745762711865,0.1016949152542373,0.03389830508474576,0.1864406779661017,0.6271186440677966,0.0,1.0,1.0
214,0.1724137931034483,0.05172413793103448,0.05172413793103448,0.6379310344827587,0.08620689655172414,0.03389830508474576,0.11864406779661017,0.05084745762711865,0.1864406779661017,0.6101694915254238,0.0,1.0,1.0
215,0.25,0.019230769230769232,0.0,0.6923076923076923,0.038461538461538464,0.031746031746031744,0.1746031746031746,0.015873015873015872,0.2222222222222222,0.5555555555555556,0.0547945205479452,0.9452054794520548,1.0
216,0.3018867924528302,0.0,0.03773584905660377,0.6415094339622641,0.018867924528301886,0.03773584905660377,0.018867924528301886,0.018867924528301886,0.16981132075471697,0.7547169811320755,0.08,0.92,1.0
217,0.2692307692307692,0.019230769230769232,0.038461538461538464,0.6730769230769231,0.0,0.038461538461538464,0.0,0.057692307692307696,0.11538461538461539,0.7884615384615384,0.08,0.92,1.0
218,0.21153846153846154,0.019230769230769232,0.019230769230769232,0.7307692307692307,0.019230769230769232,0.08620689655172414,0.05172413793103448,0.034482758620689655,0.13793103448275862,0.6896551724137931,0.06756756756756757,0.9324324324324325,1.0
219,0.2777777777777778,0.018518518518518517,0.037037037037037035,0.6296296296296297,0.037037037037037035,0.034482758620689655,0.10344827586206896,0.0,0.20689655172413793,0.6551724137931034,0.041666666666666664,0.9583333333333334,1.0
220,0.23333333333333334,0.05,0.11666666666666667,0.55,0.05,0.03773584905660377,0.018867924528301886,0.018867924528301886,0.2641509433962264,0.660377358490566,0.041666666666666664,0.9583333333333334,1.0
221,0.14285714285714285,0.06349206349206349,0.07936507936507936,0.5873015873015873,0.12698412698412698,0.01694915254237288,0.13559322033898305,0.03389830508474576,0.2711864406779661,0.5423728813559322,0.0,1.0,1.0
222,0.1724137931034483,0.0,0.08620689655172414,0.6896551724137931,0.05172413793103448,0.05660377358490566,0.0,0.03773584905660377,0.1509433962264151,0.7547169811320755,0.08,0.92,1.0
223,0.29411764705882354,0.11764705882352941,0.0196078431372549,0.5686274509803921,0.0,0.038461538461538464,0.0,0.019230769230769232,0.19230769230769232,0.75,0.06756756756756757,0.9324324324324325,1.0
224,0.28846153846153844,0.09615384615384616,0.019230769230769232,0.5769230769230769,0.019230769230769232,0.0196078431372549,0.0,0.0,0.19607843137254902,0.7843137254901961,0.08,0.92,1.0
225,0.23636363636363636,0.09090909090909091,0.0,0.5818181818181818,0.09090909090909091,0.03773584905660377,0.018867924528301886,0.0,0.18867924528301888,0.7547169811320755,0.041666666666666664,0.9583333333333334,1.0
226,0.2641509433962264,0.1509433962264151,0.018867924528301886,0.5283018867924528,0.03773584905660377,0.03773584905660377,0.018867924528301886,0.018867924528301886,0.22641509433962265,0.6981132075471698,0.041666666666666664,0.9583333333333334,1.0
227,0.24074074074074073,0.18518518518518517,0.0,0.5,0.07407407407407407,0.05555555555555555,0.018518518518518517,0.0,0.2962962962962963,0.6296296296296297,0.0547945205479452,0.9452054794520548,1.0
228,0.24528301886792453,0.03773584905660377,0.018867924528301886,0.660377358490566,0.03773584905660377,0.04838709677419355,0.14516129032258066,0.0,0.22580645161290322,0.5806451612903226,0.041666666666666664,0.9583333333333334,1.0
229,0.15254237288135594,0.03389830508474576,0.06779661016949153,0.6610169491525424,0.0847457627118644,0.05454545454545454,0.03636363636363636,0.03636363636363636,0.14545454545454545,0.7272727272727273,0.028169014084507043,0.971830985915493,1.0
230,0.2,0.23636363636363636,0.07272727272727272,0.4727272727272727,0.01818181818181818,0.07017543859649122,0.05263157894736842,0.05263157894736842,0.3157894736842105,0.5087719298245614,0.014285714285714285,0.9857142857142858,1.0
231,0.15517241379310345,0.1724137931034483,0.0,0.5344827586206896,0.13793103448275862,0.0,0.10714285714285714,0.05357142857142857,0.26785714285714285,0.5714285714285714,0.014285714285714285,0.9857142857142858,1.0
232,0.1568627450980392,0.0,0.0,0.8235294117647058,0.0196078431372549,0.11940298507462686,0.13432835820895522,0.029850746268656716,0.16417910447761194,0.5522388059701493,0.0547945205479452,0.9452054794520548,1.0
233,0.15254237288135594,0.01694915254237288,0.05084745762711865,0.6779661016949152,0.1016949152542373,0.03508771929824561,0.08771929824561403,0.05263157894736842,0.19298245614035087,0.631578947368421,0.0547945205479452,0.9452054794520548,1.0
234,0.09230769230769231,0.046153846153846156,0.046153846153846156,0.6307692307692307,0.18461538461538463,0.034482758620689655,0.10344827586206896,0.0,0.22413793103448276,0.6379310344827587,0.0,1.0,1.0
235,0.0,0.75,0.038461538461538464,0.21153846153846154,0.0,0.12903225806451613,0.06451612903225806,0.1935483870967742,0.5967741935483871,0.016129032258064516,0.041666666666666664,0.9583333333333334,1.0
236,0.14285714285714285,0.6428571428571429,0.10714285714285714,0.10714285714285714,0.0,0.08928571428571429,0.017857142857142856,0.125,0.75,0.017857142857142856,0.06756756756756757,0.9324324324324325,1.0
237,0.01639344262295082,0.639344262295082,0.09836065573770492,0.16393442622950818,0.08196721311475409,0.05660377358490566,0.0,0.20754716981132076,0.6792452830188679,0.05660377358490566,0.014285714285714285,0.9857142857142858,1.0
238,0.03571428571428571,0.7321428571428571,0.08928571428571429,0.125,0.017857142857142856,0.05660377358490566,0.0,0.2641509433962264,0.660377358490566,0.018867924528301886,0.028169014084507043,0.971830985915493,1.0
239,0.018867924528301886,0.7735849056603774,0.03773584905660377,0.1509433962264151,0.018867924528301886,0.05555555555555555,0.018518518518518517,0.25925925925925924,0.6111111111111112,0.05555555555555555,0.041666666666666664,0.9583333333333334,1.0
240,0.05,0.5833333333333334,0.16666666666666666,0.2,0.0,0.07142857142857142,0.03571428571428571,0.21428571428571427,0.6785714285714286,0.0,0.041666666666666664,0.9583333333333334,1.0
241,0.018518518518518517,0.7592592592592593,0.07407407407407407,0.14814814814814814,0.0,0.038461538461538464,0.0,0.3076923076923077,0.6538461538461539,0.0,0.06756756756756757,0.9324324324324325,1.0
242,0.019230769230769232,0.7115384615384616,0.0,0.23076923076923078,0.038461538461538464,0.0,0.038461538461538464,0.3076923076923077,0.5192307692307693,0.1346153846153846,0.0547945205479452,0.9452054794520548,1.0
243,0.017857142857142856,0.7321428571428571,0.07142857142857142,0.14285714285714285,0.03571428571428571,0.037037037037037035,0.037037037037037035,0.25925925925925924,0.6296296296296297,0.037037037037037035,0.014285714285714285,0.9857142857142858,1.0
244,0.037037037037037035,0.7222222222222222,0.05555555555555555,0.16666666666666666,0.018518518518518517,0.0,0.0196078431372549,0.29411764705882354,0.6078431372549019,0.0784313725490196,0.0547945205479452,0.9452054794520548,1.0
245,0.0196078431372549,0.7647058823529411,0.0,0.19607843137254902,0.0196078431372549,0.0,0.038461538461538464,0.3076923076923077,0.5769230769230769,0.07692307692307693,0.08,0.92,1.0
246,0.018867924528301886,0.7169811320754716,0.018867924528301886,0.20754716981132076,0.03773584905660377,0.05555555555555555,0.018518518518518517,0.2222222222222222,0.6296296296296297,0.07407407407407407,0.09210526315789473,0.9078947368421053,1.0
247,0.0,0.7407407407407407,0.07407407407407407,0.18518518518518517,0.0,0.10714285714285714,0.0,0.23214285714285715,0.625,0.03571428571428571,0.0547945205479452,0.9452054794520548,1.0
248,0.0625,0.578125,0.15625,0.140625,0.0625,0.038461538461538464,0.0,0.17307692307692307,0.7692307692307693,0.019230769230769232,0.028169014084507043,0.971830985915493,1.0
249,0.2549019607843137,0.0392156862745098,0.0,0.6862745098039216,0.0196078431372549,0.05660377358490566,0.0,0.03773584905660377,0.1320754716981132,0.7735849056603774,0.09210526315789473,0.9078947368421053,1.0
250,0.17647058823529413,0.0,0.0,0.803921568627451,0.0196078431372549,0.0847457627118644,0.06779661016949153,0.05084745762711865,0.11864406779661017,0.6779661016949152,0.09210526315789473,0.9078947368421053,1.0
251,0.2641509433962264,0.018867924528301886,0.0,0.660377358490566,0.05660377358490566,0.03571428571428571,0.07142857142857142,0.0,0.16071428571428573,0.7321428571428571,0.0547945205479452,0.9452054794520548,1.0
252,0.20689655172413793,0.034482758620689655,0.017241379310344827,0.6206896551724138,0.1206896551724138,0.0,0.12280701754385964,0.0,0.22807017543859648,0.6491228070175439,0.041666666666666664,0.9583333333333334,1.0
253,0.24528301886792453,0.22641509433962265,0.018867924528301886,0.4716981132075472,0.03773584905660377,0.0,0.0196078431372549,0.09803921568627451,0.23529411764705882,0.6470588235294118,0.028169014084507043,0.971830985915493,1.0
254,0.10344827586206896,0.034482758620689655,0.017241379310344827,0.7241379310344828,0.1206896551724138,0.07017543859649122,0.05263157894736842,0.05263157894736842,0.12280701754385964,0.7017543859649122,0.041666666666666664,0.9583333333333334,1.0
255,0.10714285714285714,0.017857142857142856,0.017857142857142856,0.7678571428571429,0.08928571428571429,0.017543859649122806,0.10526315789473684,0.10526315789473684,0.15789473684210525,0.6140350877192983,0.1038961038961039,0.8961038961038961,1.0
256,0.15789473684210525,0.03508771929824561,0.05263157894736842,0.6842105263157895,0.07017543859649122,0.07142857142857142,0.03571428571428571,0.03571428571428571,0.17857142857142858,0.6785714285714286,0.06756756756756757,0.9324324324324325,1.0
257,0.17543859649122806,0.03508771929824561,0.10526315789473684,0.6666666666666666,0.017543859649122806,0.09375,0.125,0.046875,0.21875,0.515625,0.0,1.0,1.0
258,0.03278688524590164,0.6557377049180327,0.11475409836065574,0.13114754098360656,0.06557377049180328,0.07407407407407407,0.0,0.16666666666666666,0.7592592592592593,0.0,0.041666666666666664,0.9583333333333334,1.0
259,0.01694915254237288,0.6101694915254238,0.0847457627118644,0.22033898305084745,0.06779661016949153,0.018518518518518517,0.05555555555555555,0.24074074074074073,0.6481481481481481,0.037037037037037035,0.0547945205479452,0.9452054794520548,1.0
260,0.07692307692307693,0.6730769230769231,0.038461538461538464,0.21153846153846154,0.0,0.05357142857142857,0.05357142857142857,0.23214285714285715,0.5357142857142857,0.125,0.028169014084507043,0.971830985915493,1.0
261,0.0,0.7407407407407407,0.05555555555555555,0.18518518518518517,0.018518518518518517,0.09090909090909091,0.0,0.2545454545454545,0.6181818181818182,0.03636363636363636,0.0547945205479452,0.9452054794520548,1.0
262,0.18867924528301888,0.05660377358490566,0.03773584905660377,0.6981132075471698,0.018867924528301886,0.12280701754385964,0.0,0.0,0.19298245614035087,0.6842105263157895,0.09210526315789473,0.9078947368421053,1.0
263,0.20754716981132076,0.03773584905660377,0.03773584905660377,0.6981132075471698,0.018867924528301886,0.1,0.06666666666666667,0.03333333333333333,0.13333333333333333,0.6666666666666666,0.014285714285714285,0.9857142857142858,1.0
264,0.14545454545454545,0.10909090909090909,0.05454545454545454,0.6545454545454545,0.03636363636363636,0.08928571428571429,0.017857142857142856,0.08928571428571429,0.14285714285714285,0.6607142857142857,0.028169014084507043,0.971830985915493,1.0
265,0.037037037037037035,0.6851851851851852,0.07407407407407407,0.2037037037037037,0.0,0.140625,0.078125,0.125,0.609375,0.046875,0.014285714285714285,0.9857142857142858,1.0
266,0.0,0.6896551724137931,0.06896551724137931,0.1724137931034483,0.06896551724137931,0.0847457627118644,0.06779661016949153,0.1864406779661017,0.6440677966101694,0.01694915254237288,0.0,1.0,1.0
267,0.03508771929824561,0.7017543859649122,0.10526315789473684,0.14035087719298245,0.017543859649122806,0.037037037037037035,0.037037037037037035,0.25925925925925924,0.6666666666666666,0.0,0.028169014084507043,0.971830985915493,1.0
268,0.05172413793103448,0.6724137931034483,0.08620689655172414,0.13793103448275862,0.05172413793103448,0.0,0.0,0.22,0.78,0.0,0.1038961038961039,0.8961038961038961,1.0
269,0.017857142857142856,0.7142857142857143,0.08928571428571429,0.16071428571428573,0.017857142857142856,0.019230769230769232,0.019230769230769232,0.28846153846153844,0.6730769230769231,0.0,0.06756756756756757,0.9324324324324325,1.0
270,0.019230769230769232,0.75,0.019230769230769232,0.19230769230769232,0.019230769230769232,0.0,0.038461538461538464,0.28846153846153844,0.5961538461538461,0.07692307692307693,0.08,0.92,1.0
271,0.03773584905660377,0.7735849056603774,0.05660377358490566,0.1320754716981132,0.0,0.018867924528301886,0.03773584905660377,0.2830188679245283,0.6415094339622641,0.018867924528301886,0.0547945205479452,0.9452054794520548,1.0
272,0.015384615384615385,0.5384615384615384,0.15384615384615385,0.2153846153846154,0.07692307692307693,0.11864406779661017,0.03389830508474576,0.11864406779661017,0.711864406779661,0.01694915254237288,0.014285714285714285,0.9857142857142858,1.0
273,0.09090909090909091,0.7090909090909091,0.07272727272727272,0.10909090909090909,0.01818181818181818,0.10714285714285714,0.0,0.125,0.7321428571428571,0.03571428571428571,0.06756756756756757,0.9324324324324325,1.0
274,0.2830188679245283,0.11320754716981132,0.03773584905660377,0.5471698113207547,0.018867924528301886,0.038461538461538464,0.0,0.038461538461538464,0.19230769230769232,0.7307692307692307,0.041666666666666664,0.9583333333333334,1.0
275,0.038461538461538464,0.75,0.0,0.17307692307692307,0.038461538461538464,0.07142857142857142,0.03571428571428571,0.19642857142857142,0.6428571428571429,0.05357142857142857,0.08,0.92,1.0
276,0.15789473684210525,0.08771929824561403,0.0,0.631578947368421,0.12280701754385964,0.0,0.038461538461538464,0.057692307692307696,0.1346153846153846,0.7692307692307693,0.041666666666666664,0.9583333333333334,1.0
277,0.1,0.06666666666666667,0.03333333333333333,0.6666666666666666,0.13333333333333333,0.05357142857142857,0.05357142857142857,0.03571428571428571,0.16071428571428573,0.6964285714285714,0.028169014084507043,0.971830985915493,1.0
278,0.06557377049180328,0.0,0.03278688524590164,0.7540983606557377,0.14754098360655737,0.08771929824561403,0.03508771929824561,0.03508771929824561,0.12280701754385964,0.7192982456140351,0.0547945205479452,0.9452054794520548,1.0
279,0.0967741935483871,0.03225806451612903,0.04838709677419355,0.6774193548387096,0.14516129032258066,0.06779661016949153,0.0847457627118644,0.0,0.23728813559322035,0.6101694915254238,0.0547945205479452,0.9452054794520548,1.0
280,0.07936507936507936,0.047619047619047616,0.12698412698412698,0.6666666666666666,0.07936507936507936,0.08928571428571429,0.017857142857142856,0.08928571428571429,0.14285714285714285,0.6607142857142857,0.0,1.0,1.0
281,0.19298245614035087,0.05263157894736842,0.017543859649122806,0.631578947368421,0.10526315789473684,0.018518518518518517,0.05555555555555555,0.018518518518518517,0.16666666666666666,0.7407407407407407,0.041666666666666664,0.9583333333333334,1.0
282,0.0,0.6190476190476191,0.07936507936507936,0.1746031746031746,0.12698412698412698,0.0,0.0196078431372549,0.19607843137254902,0.7843137254901961,0.0,0.08,0.92,1.0
283,0.045454545454545456,0.5454545454545454,0.10606060606060606,0.16666666666666666,0.13636363636363635,0.05172413793103448,0.08620689655172414,0.08620689655172414,0.7586206896551724,0.017241379310344827,0.0,1.0,1.0
284,0.0,0.5909090909090909,0.12121212121212122,0.16666666666666666,0.12121212121212122,0.038461538461538464,0.0,0.17307692307692307,0.75,0.038461538461538464,0.014285714285714285,0.9857142857142858,1.0
285,0.0392156862745098,0.1568627450980392,0.0196078431372549,0.7843137254901961,0.0,0.19718309859154928,0.09859154929577464,0.056338028169014086,0.18309859154929578,0.4647887323943662,0.0,1.0,1.0
286,0.19642857142857142,0.017857142857142856,0.05357142857142857,0.6785714285714286,0.05357142857142857,0.07407407407407407,0.0,0.018518518518518517,0.14814814814814814,0.7592592592592593,0.06756756756756757,0.9324324324324325,1.0
287,0.2631578947368421,0.017543859649122806,0.07017543859649122,0.5964912280701754,0.05263157894736842,0.0,0.0196078431372549,0.0,0.17647058823529413,0.803921568627451,0.0547945205479452,0.9452054794520548,1.0
288,0.21666666666666667,0.0,0.11666666666666667,0.6166666666666667,0.05,0.018867924528301886,0.03773584905660377,0.03773584905660377,0.22641509433962265,0.6792452830188679,0.06756756756756757,0.9324324324324325,1.0
289,0.30357142857142855,0.03571428571428571,0.08928571428571429,0.5535714285714286,0.017857142857142856,0.0,0.13793103448275862,0.017241379310344827,0.27586206896551724,0.5689655172413793,0.028169014084507043,0.971830985915493,1.0
290,0.32,0.08,0.0,0.6,0.0,0.0,0.10714285714285714,0.017857142857142856,0.21428571428571427,0.6607142857142857,0.06756756756756757,0.9324324324324325,1.0
291,0.13333333333333333,0.016666666666666666,0.016666666666666666,0.6833333333333333,0.15,0.018867924528301886,0.03773584905660377,0.03773584905660377,0.1320754716981132,0.7735849056603774,0.0547945205479452,0.9452054794520548,1.0
292,0.06666666666666667,0.0,0.05,0.7666666666666667,0.11666666666666667,0.13846153846153847,0.09230769230769231,0.0,0.16923076923076924,0.6,0.014285714285714285,0.9857142857142858,1.0
293,0.13793103448275862,0.1206896551724138,0.06896551724137931,0.603448275862069,0.06896551724137931,0.05660377358490566,0.0,0.09433962264150944,0.1509433962264151,0.6981132075471698,0.014285714285714285,0.9857142857142858,1.0
294,0.09375,0.0625,0.03125,0.625,0.1875,0.03773584905660377,0.018867924528301886,0.0,0.16981132075471697,0.7735849056603774,0.014285714285714285,0.9857142857142858,1.0
295,0.0,0.12857142857142856,0.04285714285714286,0.5857142857142857,0.24285714285714285,0.0,0.0,0.06,0.2,0.74,0.0,1.0,1.0
296,0.015873015873015872,0.047619047619047616,0.0,0.7301587301587301,0.20634920634920634,0.05454545454545454,0.03636363636363636,0.03636363636363636,0.14545454545454545,0.7272727272727273,0.06756756756756757,0.9324324324324325,1.0
297,0.0,0.0,0.07692307692307693,0.7692307692307693,0.15384615384615385,0.15,0.016666666666666666,0.016666666666666666,0.15,0.6666666666666666,0.041666666666666664,0.9583333333333334,1.0
298,0.028985507246376812,0.043478260869565216,0.10144927536231885,0.6521739130434783,0.17391304347826086,0.07407407407407407,0.0,0.037037037037037035,0.16666666666666666,0.7222222222222222,0.0,1.0,1.0
299,0.24561403508771928,0.05263157894736842,0.017543859649122806,0.5789473684210527,0.10526315789473684,0.0,0.038461538461538464,0.0,0.19230769230769232,0.7692307692307693,0.041666666666666664,0.9583333333333334,1.0
300,0.21052631578947367,0.10526315789473684,0.03508771929824561,0.5614035087719298,0.08771929824561403,0.0,0.0,0.06,0.14,0.8,0.014285714285714285,0.9857142857142858,1.0
301,0.09375,0.046875,0.09375,0.640625,0.125,0.018867924528301886,0.03773584905660377,0.07547169811320754,0.16981132075471697,0.6981132075471698,0.028169014084507043,0.971830985915493,1.0
302,0.09090909090909091,0.12727272727272726,0.0,0.6909090909090909,0.09090909090909091,0.15254237288135594,0.0,0.01694915254237288,0.15254237288135594,0.6779661016949152,0.028169014084507043,0.971830985915493,1.0
303,0.17543859649122806,0.08771929824561403,0.03508771929824561,0.6140350877192983,0.08771929824561403,0.05660377358490566,0.0,0.018867924528301886,0.1509433962264151,0.7735849056603774,0.028169014084507043,0.971830985915493,1.0
304,0.15873015873015872,0.06349206349206349,0.09523809523809523,0.5714285714285714,0.1111111111111111,0.0,0.038461538461538464,0.057692307692307696,0.23076923076923078,0.6730769230769231,0.028169014084507043,0.971830985915493,1.0
305,0.0,0.41509433962264153,0.0,0.5283018867924528,0.05660377358490566,0.06779661016949153,0.0847457627118644,0.2033898305084746,0.3050847457627119,0.3389830508474576,0.041666666666666664,0.9583333333333334,1.0
306,0.018867924528301886,0.20754716981132076,0.0,0.7169811320754716,0.05660377358490566,0.17391304347826086,0.10144927536231885,0.057971014492753624,0.21739130434782608,0.4492753623188406,0.0,1.0,1.0
307,0.05970149253731343,0.029850746268656716,0.029850746268656716,0.6567164179104478,0.22388059701492538,0.0,0.09090909090909091,0.01818181818181818,0.16363636363636364,0.7272727272727273,0.0,1.0,1.0
308,0.12857142857142856,0.02857142857142857,0.14285714285714285,0.5571428571428572,0.14285714285714285,0.0,0.0,0.02,0.26,0.72,0.014285714285714285,0.9857142857142858,1.0
309,0.21568627450980393,0.09803921568627451,0.0196078431372549,0.6666666666666666,0.0,0.0847457627118644,0.06779661016949153,0.05084745762711865,0.1694915254237288,0.6271186440677966,0.041666666666666664,0.9583333333333334,1.0
310,0.12962962962962962,0.07407407407407407,0.018518518518518517,0.7222222222222222,0.05555555555555555,0.13559322033898305,0.01694915254237288,0.03389830508474576,0.1694915254237288,0.6440677966101694,0.06756756756756757,0.9324324324324325,1.0
311,0.1864406779661017,0.06779661016949153,0.11864406779661017,0.5932203389830508,0.03389830508474576,0.07407407407407407,0.0,0.05555555555555555,0.16666666666666666,0.7037037037037037,0.0,1.0,1.0
312,0.22950819672131148,0.01639344262295082,0.09836065573770492,0.5737704918032787,0.08196721311475409,0.0,0.09090909090909091,0.01818181818181818,0.21818181818181817,0.6727272727272727,0.0,1.0,1.0
313,0.25862068965517243,0.0,0.06896551724137931,0.603448275862069,0.06896551724137931,0.0,0.0196078431372549,0.0196078431372549,0.19607843137254902,0.7647058823529411,0.06756756756756757,0.9324324324324325,1.0
314,0.20689655172413793,0.0,0.08620689655172414,0.6551724137931034,0.05172413793103448,0.05660377358490566,0.0,0.018867924528301886,0.1509433962264151,0.7735849056603774,0.0547945205479452,0.9452054794520548,1.0
315,0.05357142857142857,0.17857142857142858,0.0,0.6607142857142857,0.10714285714285714,0.10714285714285714,0.0,0.08928571428571429,0.16071428571428573,0.6428571428571429,0.041666666666666664,0.9583333333333334,1.0
316,0.03636363636363636,0.4909090909090909,0.05454545454545454,0.38181818181818183,0.03636363636363636,0.018867924528301886,0.03773584905660377,0.2641509433962264,0.39622641509433965,0.2830188679245283,0.041666666666666664,0.9583333333333334,1.0
317,0.03571428571428571,0.625,0.08928571428571429,0.23214285714285715,0.017857142857142856,0.038461538461538464,0.0,0.25,0.5769230769230769,0.1346153846153846,0.0547945205479452,0.9452054794520548,1.0
318,0.0,0.7735849056603774,0.0,0.16981132075471697,0.05660377358490566,0.13559322033898305,0.01694915254237288,0.11864406779661017,0.6949152542372882,0.03389830508474576,0.09210526315789473,0.9078947368421053,1.0
319,0.0,0.7647058823529411,0.0,0.21568627450980393,0.0196078431372549,0.10526315789473684,0.017543859649122806,0.21052631578947367,0.5789473684210527,0.08771929824561403,0.06756756756756757,0.9324324324324325,1.0
320,0.0,0.6727272727272727,0.01818181818181818,0.23636363636363636,0.07272727272727272,0.03508771929824561,0.08771929824561403,0.22807017543859648,0.631578947368421,0.017543859649122806,0.08,0.92,1.0
321,0.0,0.7192982456140351,0.0,0.15789473684210525,0.12280701754385964,0.017543859649122806,0.10526315789473684,0.21052631578947367,0.6491228070175439,0.017543859649122806,0.014285714285714285,0.9857142857142858,1.0
322,0.07017543859649122,0.5789473684210527,0.0,0.22807017543859648,0.12280701754385964,0.06557377049180328,0.11475409836065574,0.08196721311475409,0.639344262295082,0.09836065573770492,0.041666666666666664,0.9583333333333334,1.0
323,0.05555555555555555,0.6851851851851852,0.05555555555555555,0.18518518518518517,0.018518518518518517,0.037037037037037035,0.037037037037037035,0.25925925925925924,0.5370370370370371,0.12962962962962962,0.0,1.0,1.0
324,0.03278688524590164,0.6229508196721312,0.08196721311475409,0.16393442622950818,0.09836065573770492,0.07407407407407407,0.0,0.14814814814814814,0.6851851851851852,0.09259259259259259,0.014285714285714285,0.9857142857142858,1.0
325,0.09433962264150944,0.7169811320754716,0.03773584905660377,0.1320754716981132,0.018867924528301886,0.08196721311475409,0.09836065573770492,0.14754098360655737,0.639344262295082,0.03278688524590164,0.014285714285714285,0.9857142857142858,1.0
326,0.09433962264150944,0.6981132075471698,0.03773584905660377,0.1509433962264151,0.018867924528301886,0.15254237288135594,0.0,0.05084745762711865,0.6440677966101694,0.15254237288135594,0.041666666666666664,0.9583333333333334,1.0
327,0.09803921568627451,0.7058823529411765,0.0,0.17647058823529413,0.0196078431372549,0.15254237288135594,0.0,0.0847457627118644,0.559322033898305,0.2033898305084746,0.014285714285714285,0.9857142857142858,1.0
328,0.01694915254237288,0.6779661016949152,0.0847457627118644,0.15254237288135594,0.06779661016949153,0.15,0.016666666666666666,0.1,0.7,0.03333333333333333,0.014285714285714285,0.9857142857142858,1.0
329,0.05555555555555555,0.7592592592592593,0.018518518518518517,0.1111111111111111,0.05555555555555555,0.0847457627118644,0.06779661016949153,0.11864406779661017,0.7288135593220338,0.0,0.06756756756756757,0.9324324324324325,1.0
330,0.1,0.74,0.0,0.16,0.0,0.04838709677419355,0.14516129032258066,0.16129032258064516,0.6129032258064516,0.03225806451612903,0.041666666666666664,0.9583333333333334,1.0
331,0.1896551724137931,0.034482758620689655,0.05172413793103448,0.6379310344827587,0.08620689655172414,0.037037037037037035,0.037037037037037035,0.018518518518518517,0.16666666666666666,0.7407407407407407,0.041666666666666664,0.9583333333333334,1.0
332,0.0,0.7358490566037735,0.018867924528301886,0.20754716981132076,0.03773584905660377,0.14925373134328357,0.1044776119402985,0.11940298507462686,0.6119402985074627,0.014925373134328358,0.014285714285714285,0.9857142857142858,1.0
333,0.017241379310344827,0.6896551724137931,0.017241379310344827,0.15517241379310345,0.1206896551724138,0.08928571428571429,0.017857142857142856,0.125,0.7321428571428571,0.03571428571428571,0.06756756756756757,0.9324324324324325,1.0
334,0.034482758620689655,0.6896551724137931,0.034482758620689655,0.13793103448275862,0.10344827586206896,0.12280701754385964,0.0,0.07017543859649122,0.7368421052631579,0.07017543859649122,0.0547945205479452,0.9452054794520548,1.0
335,0.03333333333333333,0.65,0.0,0.15,0.16666666666666666,0.07272727272727272,0.01818181818181818,0.05454545454545454,0.7272727272727273,0.12727272727272726,0.041666666666666664,0.9583333333333334,1.0
336,0.017857142857142856,0.7321428571428571,0.0,0.14285714285714285,0.10714285714285714,0.1875,0.03125,0.015625,0.671875,0.09375,0.0,1.0,1.0
337,0.0,0.75,0.0,0.21153846153846154,0.038461538461538464,0.23529411764705882,0.029411764705882353,0.029411764705882353,0.6029411764705882,0.10294117647058823,0.014285714285714285,0.9857142857142858,1.0
338,0.0392156862745098,0.7647058823529411,0.0,0.17647058823529413,0.0196078431372549,0.15873015873015872,0.047619047619047616,0.1111111111111111,0.6031746031746031,0.07936507936507936,0.028169014084507043,0.971830985915493,1.0
339,0.0196078431372549,0.7647058823529411,0.0196078431372549,0.19607843137254902,0.0,0.05263157894736842,0.07017543859649122,0.2807017543859649,0.5614035087719298,0.03508771929824561,0.041666666666666664,0.9583333333333334,1.0
340,0.05357142857142857,0.7142857142857143,0.03571428571428571,0.125,0.07142857142857142,0.10344827586206896,0.034482758620689655,0.1206896551724138,0.6724137931034483,0.06896551724137931,0.014285714285714285,0.9857142857142858,1.0
341,0.0,0.65,0.05,0.18333333333333332,0.11666666666666667,0.13793103448275862,0.0,0.08620689655172414,0.6896551724137931,0.08620689655172414,0.028169014084507043,0.971830985915493,1.0
342,0.06896551724137931,0.5344827586206896,0.06896551724137931,0.25862068965517243,0.06896551724137931,0.15254237288135594,0.0,0.05084745762711865,0.5932203389830508,0.2033898305084746,0.028169014084507043,0.971830985915493,1.0
343,0.01639344262295082,0.6065573770491803,0.09836065573770492,0.19672131147540983,0.08196721311475409,0.07272727272727272,0.01818181818181818,0.16363636363636364,0.6909090909090909,0.05454545454545454,0.041666666666666664,0.9583333333333334,1.0
344,0.05357142857142857,0.6785714285714286,0.05357142857142857,0.16071428571428573,0.05357142857142857,0.0,0.05660377358490566,0.22641509433962265,0.6415094339622641,0.07547169811320754,0.041666666666666664,0.9583333333333334,1.0
345,0.0,0.7068965517241379,0.08620689655172414,0.15517241379310345,0.05172413793103448,0.10526315789473684,0.017543859649122806,0.15789473684210525,0.7192982456140351,0.0,0.0547945205479452,0.9452054794520548,1.0
346,0.0,0.7192982456140351,0.0,0.15789473684210525,0.12280701754385964,0.03571428571428571,0.07142857142857142,0.17857142857142858,0.6607142857142857,0.05357142857142857,0.028169014084507043,0.971830985915493,1.0
347,0.06349206349206349,0.14285714285714285,0.09523809523809523,0.5873015873015873,0.1111111111111111,0.019230769230769232,0.019230769230769232,0.1346153846153846,0.19230769230769232,0.6346153846153846,0.014285714285714285,0.9857142857142858,1.0
348,0.0,0.7068965517241379,0.0,0.15517241379310345,0.13793103448275862,0.01818181818181818,0.07272727272727272,0.18181818181818182,0.7090909090909091,0.01818181818181818,0.0547945205479452,0.9452054794520548,1.0
349,0.0,0.7017543859649122,0.0,0.17543859649122806,0.12280701754385964,0.11666666666666667,0.05,0.1,0.65,0.08333333333333333,0.014285714285714285,0.9857142857142858,1.0
350,0.017543859649122806,0.6842105263157895,0.0,0.17543859649122806,0.12280701754385964,0.018867924528301886,0.03773584905660377,0.20754716981132076,0.660377358490566,0.07547169811320754,0.0547945205479452,0.9452054794520548,1.0
351,0.017857142857142856,0.7321428571428571,0.03571428571428571,0.14285714285714285,0.07142857142857142,0.0196078431372549,0.0,0.2549019607843137,0.7254901960784313,0.0,0.09210526315789473,0.9078947368421053,1.0
352,0.0,0.6779661016949152,0.0,0.1694915254237288,0.15254237288135594,0.1206896551724138,0.017241379310344827,0.05172413793103448,0.7413793103448276,0.06896551724137931,0.06756756756756757,0.9324324324324325,1.0
353,0.0,0.6666666666666666,0.0,0.21052631578947367,0.12280701754385964,0.16417910447761194,0.08955223880597014,0.0,0.7313432835820896,0.014925373134328358,0.08,0.92,1.0
354,0.03076923076923077,0.5692307692307692,0.09230769230769231,0.16923076923076924,0.13846153846153847,0.1206896551724138,0.017241379310344827,0.017241379310344827,0.8103448275862069,0.034482758620689655,0.0547945205479452,0.9452054794520548,1.0
355,0.10526315789473684,0.6491228070175439,0.017543859649122806,0.12280701754385964,0.10526315789473684,0.08928571428571429,0.017857142857142856,0.05357142857142857,0.6785714285714286,0.16071428571428573,0.014285714285714285,0.9857142857142858,1.0
356,0.06153846153846154,0.5384615384615384,0.09230769230769231,0.16923076923076924,0.13846153846153847,0.019230769230769232,0.019230769230769232,0.11538461538461539,0.7307692307692307,0.11538461538461539,0.014285714285714285,0.9857142857142858,1.0
357,0.1206896551724138,0.603448275862069,0.08620689655172414,0.13793103448275862,0.05172413793103448,0.018867924528301886,0.03773584905660377,0.1509433962264151,0.7547169811320755,0.03773584905660377,0.08,0.92,1.0
358,0.029850746268656716,0.582089552238806,0.07462686567164178,0.13432835820895522,0.1791044776119403,0.018518518518518517,0.05555555555555555,0.09259259259259259,0.8333333333333334,0.0,0.028169014084507043,0.971830985915493,1.0
359,0.015873015873015872,0.6190476190476191,0.09523809523809523,0.15873015873015872,0.1111111111111111,0.0,0.038461538461538464,0.23076923076923078,0.7115384615384616,0.019230769230769232,0.014285714285714285,0.9857142857142858,1.0
360,0.05454545454545454,0.7090909090909091,0.0,0.14545454545454545,0.09090909090909091,0.05555555555555555,0.018518518518518517,0.14814814814814814,0.6481481481481481,0.12962962962962962,0.041666666666666664,0.9583333333333334,1.0
361,0.016129032258064516,0.6129032258064516,0.016129032258064516,0.1774193548387097,0.1774193548387097,0.01694915254237288,0.13559322033898305,0.11864406779661017,0.6949152542372882,0.03389830508474576,0.0,1.0,1.0
362,0.016666666666666666,0.65,0.1,0.16666666666666666,0.06666666666666667,0.038461538461538464,0.0,0.25,0.6730769230769231,0.038461538461538464,0.028169014084507043,0.971830985915493,1.0
363,0.0,0.7142857142857143,0.017857142857142856,0.17857142857142858,0.08928571428571429,0.018867924528301886,0.03773584905660377,0.22641509433962265,0.6415094339622641,0.07547169811320754,0.0547945205479452,0.9452054794520548,1.0
364,0.0,0.6779661016949152,0.05084745762711865,0.1694915254237288,0.1016949152542373,0.0,0.0196078431372549,0.27450980392156865,0.6078431372549019,0.09803921568627451,0.0,1.0,1.0
365,0.05172413793103448,0.5862068965517241,0.034482758620689655,0.22413793103448276,0.10344827586206896,0.018867924528301886,0.03773584905660377,0.18867924528301888,0.5471698113207547,0.20754716981132076,0.0,1.0,1.0
366,0.06451612903225806,0.6451612903225806,0.016129032258064516,0.0967741935483871,0.1774193548387097,0.0,0.05660377358490566,0.09433962264150944,0.7924528301886793,0.05660377358490566,0.028169014084507043,0.971830985915493,1.0
367,0.015384615384615385,0.5692307692307692,0.03076923076923077,0.18461538461538463,0.2,0.03636363636363636,0.05454545454545454,0.05454545454545454,0.7636363636363637,0.09090909090909091,0.041666666666666664,0.9583333333333334,1.0
368,0.03389830508474576,0.6779661016949152,0.01694915254237288,0.13559322033898305,0.13559322033898305,0.019230769230769232,0.019230769230769232,0.11538461538461539,0.7307692307692307,0.11538461538461539,0.0547945205479452,0.9452054794520548,1.0
369,0.2727272727272727,0.0,0.09090909090909091,0.6363636363636364,0.0,0.06896551724137931,0.06896551724137931,0.0,0.1896551724137931,0.6724137931034483,0.028169014084507043,0.971830985915493,1.0
370,0.29411764705882354,0.0,0.0196078431372549,0.6862745098039216,0.0,0.08333333333333333,0.08333333333333333,0.0,0.16666666666666666,0.6666666666666666,0.041666666666666664,0.9583333333333334,1.0
371,0.2641509433962264,0.07547169811320754,0.05660377358490566,0.6037735849056604,0.0,0.05454545454545454,0.03636363636363636,0.01818181818181818,0.21818181818181817,0.6727272727272727,0.06756756756756757,0.9324324324324325,1.0
372,0.3,0.06,0.0,0.64,0.0,0.0,0.038461538461538464,0.057692307692307696,0.15384615384615385,0.75,0.09210526315789473,0.9078947368421053,1.0
373,0.28846153846153844,0.09615384615384616,0.019230769230769232,0.5769230769230769,0.019230769230769232,0.0,0.0,0.06,0.14,0.8,0.0547945205479452,0.9452054794520548,1.0
374,0.28846153846153844,0.0,0.038461538461538464,0.6730769230769231,0.0,0.0196078431372549,0.0,0.0392156862745098,0.13725490196078433,0.803921568627451,0.1038961038961039,0.8961038961038961,1.0
375,0.24561403508771928,0.017543859649122806,0.07017543859649122,0.6140350877192983,0.05263157894736842,0.0,0.05660377358490566,0.018867924528301886,0.16981132075471697,0.7547169811320755,0.041666666666666664,0.9583333333333334,1.0
376,0.1694915254237288,0.0847457627118644,0.03389830508474576,0.5932203389830508,0.11864406779661017,0.01818181818181818,0.07272727272727272,0.03636363636363636,0.2,0.6727272727272727,0.014285714285714285,0.9857142857142858,1.0
377,0.1724137931034483,0.017241379310344827,0.034482758620689655,0.6724137931034483,0.10344827586206896,0.018518518518518517,0.05555555555555555,0.05555555555555555,0.12962962962962962,0.7407407407407407,0.041666666666666664,0.9583333333333334,1.0
378,0.23809523809523808,0.031746031746031744,0.1746031746031746,0.5238095238095238,0.031746031746031744,0.03773584905660377,0.018867924528301886,0.0,0.3018867924528302,0.6415094339622641,0.028169014084507043,0.971830985915493,1.0
379,0.05357142857142857,0.6964285714285714,0.07142857142857142,0.14285714285714285,0.03571428571428571,0.15,0.016666666666666666,0.1,0.65,0.08333333333333333,0.0,1.0,1.0
380,0.11538461538461539,0.07692307692307693,0.038461538461538464,0.7692307692307693,0.0,0.171875,0.046875,0.046875,0.140625,0.59375,0.028169014084507043,0.971830985915493,1.0
381,0.037037037037037035,0.6851851851851852,0.037037037037037035,0.2037037037037037,0.037037037037037035,0.05660377358490566,0.0,0.22641509433962265,0.5849056603773585,0.1320754716981132,0.0547945205479452,0.9452054794520548,1.0
382,0.0,0.6981132075471698,0.0,0.24528301886792453,0.05660377358490566,0.06896551724137931,0.06896551724137931,0.20689655172413793,0.5689655172413793,0.08620689655172414,0.0547945205479452,0.9452054794520548,1.0
383,0.019230769230769232,0.6923076923076923,0.0,0.25,0.038461538461538464,0.125,0.09375,0.140625,0.53125,0.109375,0.0,1.0,1.0
384,0.0,0.6538461538461539,0.0,0.3076923076923077,0.038461538461538464,0.05555555555555555,0.018518518518518517,0.24074074074074073,0.5,0.18518518518518517,0.08,0.92,1.0
385,0.037037037037037035,0.7222222222222222,0.037037037037037035,0.16666666666666666,0.037037037037037035,0.07272727272727272,0.01818181818181818,0.21818181818181817,0.5818181818181818,0.10909090909090909,0.014285714285714285,0.9857142857142858,1.0
386,0.017241379310344827,0.6724137931034483,0.10344827586206896,0.1724137931034483,0.034482758620689655,0.05263157894736842,0.07017543859649122,0.22807017543859648,0.6491228070175439,0.0,0.014285714285714285,0.9857142857142858,1.0
387,0.037037037037037035,0.7407407407407407,0.05555555555555555,0.14814814814814814,0.018518518518518517,0.11666666666666667,0.05,0.16666666666666666,0.65,0.016666666666666666,0.028169014084507043,0.971830985915493,1.0
388,0.0196078431372549,0.7843137254901961,0.0,0.17647058823529413,0.0196078431372549,0.07272727272727272,0.01818181818181818,0.23636363636363636,0.5818181818181818,0.09090909090909091,0.0547945205479452,0.9452054794520548,1.0
389,0.0392156862745098,0.803921568627451,0.0,0.13725490196078433,0.0196078431372549,0.0196078431372549,0.0,0.29411764705882354,0.6078431372549019,0.0784313725490196,0.06756756756756757,0.9324324324324325,1.0
390,0.018518518518518517,0.7407407407407407,0.05555555555555555,0.16666666666666666,0.018518518518518517,0.038461538461538464,0.0,0.28846153846153844,0.6346153846153846,0.038461538461538464,0.06756756756756757,0.9324324324324325,1.0
391,0.045454545454545456,0.5454545454545454,0.13636363636363635,0.16666666666666666,0.10606060606060606,0.019230769230769232,0.019230769230769232,0.17307692307692307,0.7307692307692307,0.057692307692307696,0.0,1.0,1.0
392,0.06451612903225806,0.6129032258064516,0.11290322580645161,0.12903225806451613,0.08064516129032258,0.0,0.0,0.18,0.78,0.04,0.0547945205479452,0.9452054794520548,1.0
393,0.01639344262295082,0.6229508196721312,0.11475409836065574,0.18032786885245902,0.06557377049180328,0.0,0.0196078431372549,0.27450980392156865,0.6862745098039216,0.0196078431372549,0.041666666666666664,0.9583333333333334,1.0
394,0.09259259259259259,0.6851851851851852,0.05555555555555555,0.14814814814814814,0.018518518518518517,0.0,0.12280701754385964,0.22807017543859648,0.6491228070175439,0.0,0.041666666666666664,0.9583333333333334,1.0
395,0.017543859649122806,0.543859649122807,0.05263157894736842,0.3157894736842105,0.07017543859649122,0.08064516129032258,0.11290322580645161,0.16129032258064516,0.5161290322580645,0.12903225806451613,0.0,1.0,1.0
396,0.029850746268656716,0.5671641791044776,0.11940298507462686,0.14925373134328357,0.13432835820895522,0.037037037037037035,0.037037037037037035,0.12962962962962962,0.7777777777777778,0.018518518518518517,0.0,1.0,1.0
397,0.12121212121212122,0.4090909090909091,0.12121212121212122,0.22727272727272727,0.12121212121212122,0.017543859649122806,0.10526315789473684,0.03508771929824561,0.7017543859649122,0.14035087719298245,0.014285714285714285,0.9857142857142858,1.0
398,0.017857142857142856,0.7321428571428571,0.03571428571428571,0.14285714285714285,0.07142857142857142,0.12280701754385964,0.0,0.14035087719298245,0.7017543859649122,0.03508771929824561,0.0547945205479452,0.9452054794520548,1.0
399,0.014705882352941176,0.5588235294117647,0.058823529411764705,0.16176470588235295,0.20588235294117646,0.07407407407407407,0.0,0.018518518518518517,0.7962962962962963,0.1111111111111111,0.014285714285714285,0.9857142857142858,1.0
400,0.0,0.5538461538461539,0.015384615384615385,0.2153846153846154,0.2153846153846154,0.07142857142857142,0.03571428571428571,0.017857142857142856,0.7142857142857143,0.16071428571428573,0.028169014084507043,0.971830985915493,1.0
401,0.05084745762711865,0.6440677966101694,0.0,0.15254237288135594,0.15254237288135594,0.08620689655172414,0.05172413793103448,0.05172413793103448,0.7241379310344828,0.08620689655172414,0.041666666666666664,0.9583333333333334,1.0
402,0.07142857142857142,0.4857142857142857,0.08571428571428572,0.15714285714285714,0.2,0.018867924528301886,0.03773584905660377,0.0,0.8301886792452831,0.11320754716981132,0.014285714285714285,0.9857142857142858,1.0
403,0.017241379310344827,0.6206896551724138,0.034482758620689655,0.22413793103448276,0.10344827586206896,0.03636363636363636,0.05454545454545454,0.2,0.5636363636363636,0.14545454545454545,0.0,1.0,1.0
404,0.0196078431372549,0.7450980392156863,0.0,0.21568627450980393,0.0196078431372549,0.07407407407407407,0.0,0.2037037037037037,0.5555555555555556,0.16666666666666666,0.06756756756756757,0.9324324324324325,1.0
405,0.0,0.7254901960784313,0.0196078431372549,0.2549019607843137,0.0,0.1111111111111111,0.09523809523809523,0.19047619047619047,0.5555555555555556,0.047619047619047616,0.041666666666666664,0.9583333333333334,1.0
406,0.0,0.6666666666666666,0.017543859649122806,0.21052631578947367,0.10526315789473684,0.078125,0.140625,0.140625,0.625,0.015625,0.0,1.0,1.0
407,0.038461538461538464,0.6153846153846154,0.019230769230769232,0.3076923076923077,0.019230769230769232,0.016129032258064516,0.1774193548387097,0.25806451612903225,0.46774193548387094,0.08064516129032258,0.0,1.0,1.0
408,0.11320754716981132,0.660377358490566,0.05660377358490566,0.16981132075471697,0.0,0.018867924528301886,0.03773584905660377,0.20754716981132076,0.6415094339622641,0.09433962264150944,0.08,0.92,1.0
409,0.018867924528301886,0.7358490566037735,0.03773584905660377,0.18867924528301888,0.018867924528301886,0.06896551724137931,0.06896551724137931,0.22413793103448276,0.6206896551724138,0.017241379310344827,0.0547945205479452,0.9452054794520548,1.0
410,0.017543859649122806,0.7017543859649122,0.017543859649122806,0.15789473684210525,0.10526315789473684,0.06896551724137931,0.06896551724137931,0.15517241379310345,0.6896551724137931,0.017241379310344827,0.041666666666666664,0.9583333333333334,1.0
411,0.016666666666666666,0.6333333333333333,0.0,0.18333333333333332,0.16666666666666666,0.08333333333333333,0.08333333333333333,0.05,0.6833333333333333,0.1,0.014285714285714285,0.9857142857142858,1.0
412,0.03508771929824561,0.631578947368421,0.03508771929824561,0.21052631578947367,0.08771929824561403,0.1,0.06666666666666667,0.1,0.65,0.08333333333333333,0.041666666666666664,0.9583333333333334,1.0
413,0.01639344262295082,0.639344262295082,0.0,0.16393442622950818,0.18032786885245902,0.1,0.06666666666666667,0.016666666666666666,0.7833333333333333,0.03333333333333333,0.06756756756756757,0.9324324324324325,1.0
414,0.06349206349206349,0.6031746031746031,0.09523809523809523,0.12698412698412698,0.1111111111111111,0.0,0.0,0.18,0.82,0.0,0.06756756756756757,0.9324324324324325,1.0
415,0.017857142857142856,0.7142857142857143,0.0,0.16071428571428573,0.10714285714285714,0.0,0.05660377358490566,0.24528301886792453,0.6037735849056604,0.09433962264150944,0.014285714285714285,0.9857142857142858,1.0
416,0.04838709677419355,0.5806451612903226,0.08064516129032258,0.1774193548387097,0.11290322580645161,0.0,0.0196078431372549,0.19607843137254902,0.6862745098039216,0.09803921568627451,0.028169014084507043,0.971830985915493,1.0
417,0.03571428571428571,0.6964285714285714,0.05357142857142857,0.16071428571428573,0.05357142857142857,0.06666666666666667,0.1,0.16666666666666666,0.65,0.016666666666666666,0.014285714285714285,0.9857142857142858,1.0
418,0.05454545454545454,0.6545454545454545,0.07272727272727272,0.2,0.01818181818181818,0.018867924528301886,0.03773584905660377,0.24528301886792453,0.5849056603773585,0.11320754716981132,0.041666666666666664,0.9583333333333334,1.0
419,0.0,0.5901639344262295,0.08196721311475409,0.22950819672131148,0.09836065573770492,0.15384615384615385,0.07692307692307693,0.06153846153846154,0.676923076923077,0.03076923076923077,0.014285714285714285,0.9857142857142858,1.0
420,0.03125,0.515625,0.0625,0.234375,0.15625,0.01818181818181818,0.07272727272727272,0.12727272727272726,0.6727272727272727,0.10909090909090909,0.028169014084507043,0.971830985915493,1.0
421,0.06349206349206349,0.5714285714285714,0.015873015873015872,0.15873015873015872,0.19047619047619047,0.016666666666666666,0.15,0.05,0.75,0.03333333333333333,0.014285714285714285,0.9857142857142858,1.0
422,0.046875,0.609375,0.0,0.125,0.21875,0.05454545454545454,0.03636363636363636,0.0,0.8,0.10909090909090909,0.028169014084507043,0.971830985915493,1.0
423,0.28846153846153844,0.09615384615384616,0.019230769230769232,0.5769230769230769,0.019230769230769232,0.05555555555555555,0.018518518518518517,0.018518518518518517,0.16666666666666666,0.7407407407407407,0.028169014084507043,0.971830985915493,1.0
424,0.2,0.08,0.0,0.72,0.0,0.16129032258064516,0.03225806451612903,0.0,0.14516129032258066,0.6612903225806451,0.028169014084507043,0.971830985915493,1.0
425,0.21153846153846154,0.057692307692307696,0.038461538461538464,0.6923076923076923,0.0,0.10344827586206896,0.034482758620689655,0.05172413793103448,0.13793103448275862,0.6724137931034483,0.041666666666666664,0.9583333333333334,1.0
426,0.11320754716981132,0.05660377358490566,0.0,0.7735849056603774,0.05660377358490566,0.12903225806451613,0.06451612903225806,0.03225806451612903,0.16129032258064516,0.6129032258064516,0.06756756756756757,0.9324324324324325,1.0
427,0.15384615384615385,0.057692307692307696,0.0,0.75,0.038461538461538464,0.14516129032258066,0.04838709677419355,0.016129032258064516,0.12903225806451613,0.6612903225806451,0.028169014084507043,0.971830985915493,1.0
428,0.10909090909090909,0.05454545454545454,0.05454545454545454,0.7454545454545455,0.03636363636363636,0.15,0.016666666666666666,0.03333333333333333,0.13333333333333333,0.6666666666666666,0.041666666666666664,0.9583333333333334,1.0
429,0.015151515151515152,0.0,0.13636363636363635,0.7424242424242424,0.10606060606060606,0.1016949152542373,0.05084745762711865,0.1016949152542373,0.15254237288135594,0.5932203389830508,0.028169014084507043,0.971830985915493,1.0
430,0.037037037037037035,0.09259259259259259,0.037037037037037035,0.7962962962962963,0.037037037037037035,0.18181818181818182,0.06060606060606061,0.06060606060606061,0.13636363636363635,0.5606060606060606,0.014285714285714285,0.9857142857142858,1.0
431,0.19298245614035087,0.017543859649122806,0.05263157894736842,0.6666666666666666,0.07017543859649122,0.03508771929824561,0.08771929824561403,0.017543859649122806,0.15789473684210525,0.7017543859649122,0.028169014084507043,0.971830985915493,1.0
432,0.2777777777777778,0.0,0.0,0.6481481481481481,0.07407407407407407,0.0,0.21875,0.015625,0.234375,0.53125,0.014285714285714285,0.9857142857142858,1.0
433,0.14285714285714285,0.05357142857142857,0.03571428571428571,0.6964285714285714,0.07142857142857142,0.06896551724137931,0.06896551724137931,0.05172413793103448,0.13793103448275862,0.6724137931034483,0.028169014084507043,0.971830985915493,1.0
434,0.10714285714285714,0.03571428571428571,0.017857142857142856,0.75,0.08928571428571429,0.07272727272727272,0.01818181818181818,0.05454545454545454,0.12727272727272726,0.7272727272727273,0.09210526315789473,0.9078947368421053,1.0
435,0.1724137931034483,0.034482758620689655,0.05172413793103448,0.6551724137931034,0.08620689655172414,0.05660377358490566,0.0,0.03773584905660377,0.1320754716981132,0.7735849056603774,0.041666666666666664,0.9583333333333334,1.0
436,0.15517241379310345,0.017241379310344827,0.034482758620689655,0.6896551724137931,0.10344827586206896,0.0,0.10714285714285714,0.03571428571428571,0.16071428571428573,0.6964285714285714,0.0547945205479452,0.9452054794520548,1.0
437,0.017241379310344827,0.6551724137931034,0.05172413793103448,0.1896551724137931,0.08620689655172414,0.07407407407407407,0.0,0.18518518518518517,0.5925925925925926,0.14814814814814814,0.0,1.0,1.0
438,0.05084745762711865,0.6440677966101694,0.06779661016949153,0.15254237288135594,0.0847457627118644,0.03508771929824561,0.08771929824561403,0.17543859649122806,0.6842105263157895,0.017543859649122806,0.014285714285714285,0.9857142857142858,1.0
439,0.019230769230769232,0.75,0.038461538461538464,0.19230769230769232,0.0,0.09836065573770492,0.08196721311475409,0.19672131147540983,0.6065573770491803,0.01639344262295082,0.041666666666666664,0.9583333333333334,1.0
440,0.07547169811320754,0.5849056603773585,0.018867924528301886,0.2830188679245283,0.03773584905660377,0.05084745762711865,0.1016949152542373,0.1864406779661017,0.5084745762711864,0.15254237288135594,0.028169014084507043,0.971830985915493,1.0
441,0.037037037037037035,0.7592592592592593,0.0,0.12962962962962962,0.07407407407407407,0.13793103448275862,0.0,0.10344827586206896,0.6551724137931034,0.10344827586206896,0.028169014084507043,0.971830985915493,1.0
442,0.06,0.7,0.0,0.24,0.0,0.15254237288135594,0.0,0.11864406779661017,0.5254237288135594,0.2033898305084746,0.041666666666666664,0.9583333333333334,1.0
443,0.017857142857142856,0.7321428571428571,0.017857142857142856,0.14285714285714285,0.08928571428571429,0.1875,0.03125,0.03125,0.671875,0.078125,0.0,1.0,1.0
444,0.016129032258064516,0.6129032258064516,0.03225806451612903,0.1774193548387097,0.16129032258064516,0.13114754098360656,0.04918032786885246,0.01639344262295082,0.7049180327868853,0.09836065573770492,0.0,1.0,1.0
445,0.037037037037037035,0.7407407407407407,0.018518518518518517,0.14814814814814814,0.05555555555555555,0.20634920634920634,0.0,0.015873015873015872,0.6825396825396826,0.09523809523809523,0.041666666666666664,0.9583333333333334,1.0
446,0.057692307692307696,0.7307692307692307,0.0,0.17307692307692307,0.038461538461538464,0.16666666666666666,0.0,0.06666666666666667,0.6166666666666667,0.15,0.041666666666666664,0.9583333333333334,1.0
447,0.1320754716981132,0.0,0.03773584905660377,0.8113207547169812,0.018867924528301886,0.14285714285714285,0.06349206349206349,0.015873015873015872,0.12698412698412698,0.6507936507936508,0.0547945205479452,0.9452054794520548,1.0
448,0.017857142857142856,0.6785714285714286,0.07142857142857142,0.19642857142857142,0.03571428571428571,0.018867924528301886,0.03773584905660377,0.2830188679245283,0.5849056603773585,0.07547169811320754,0.028169014084507043,0.971830985915493,1.0
449,0.0,0.7358490566037735,0.03773584905660377,0.20754716981132076,0.018867924528301886,0.0196078431372549,0.0,0.3333333333333333,0.5490196078431373,0.09803921568627451,0.0547945205479452,0.9452054794520548,1.0
450,0.0392156862745098,0.7450980392156863,0.0,0.19607843137254902,0.0196078431372549,0.05263157894736842,0.07017543859649122,0.21052631578947367,0.6140350877192983,0.05263157894736842,0.08,0.92,1.0
451,0.03571428571428571,0.6428571428571429,0.08928571428571429,0.21428571428571427,0.017857142857142856,0.07017543859649122,0.05263157894736842,0.19298245614035087,0.6140350877192983,0.07017543859649122,0.041666666666666664,0.9583333333333334,1.0
452,0.01694915254237288,0.6610169491525424,0.1016949152542373,0.1694915254237288,0.05084745762711865,0.018518518518518517,0.05555555555555555,0.25925925925925924,0.6666666666666666,0.0,0.028169014084507043,0.971830985915493,1.0
453,0.018867924528301886,0.7735849056603774,0.03773584905660377,0.1509433962264151,0.018867924528301886,0.09090909090909091,0.0,0.21818181818181817,0.6545454545454545,0.03636363636363636,0.06756756756756757,0.9324324324324325,1.0
454,0.0392156862745098,0.803921568627451,0.0196078431372549,0.13725490196078433,0.0,0.09090909090909091,0.0,0.2,0.7090909090909091,0.0,0.11538461538461539,0.8846153846153846,1.0
455,0.06896551724137931,0.6551724137931034,0.1206896551724138,0.13793103448275862,0.017241379310344827,0.019230769230769232,0.019230769230769232,0.25,0.6923076923076923,0.019230769230769232,0.041666666666666664,0.9583333333333334,1.0
456,0.05172413793103448,0.6724137931034483,0.08620689655172414,0.13793103448275862,0.05172413793103448,0.03508771929824561,0.08771929824561403,0.21052631578947367,0.6666666666666666,0.0,0.0,1.0,1.0
457,0.046153846153846156,0.5692307692307692,0.09230769230769231,0.15384615384615385,0.13846153846153847,0.018518518518518517,0.05555555555555555,0.12962962962962962,0.7407407407407407,0.05555555555555555,0.0,1.0,1.0
458,0.10526315789473684,0.6140350877192983,0.0,0.15789473684210525,0.12280701754385964,0.037037037037037035,0.037037037037037035,0.09259259259259259,0.6481481481481481,0.18518518518518517,0.028169014084507043,0.971830985915493,1.0
459,0.20967741935483872,0.08064516129032258,0.08064516129032258,0.5161290322580645,0.11290322580645161,0.0,0.038461538461538464,0.0,0.2692307692307692,0.6923076923076923,0.014285714285714285,0.9857142857142858,1.0
460,0.19642857142857142,0.08928571428571429,0.05357142857142857,0.6071428571428571,0.05357142857142857,0.08771929824561403,0.03508771929824561,0.0,0.24561403508771928,0.631578947368421,0.0547945205479452,0.9452054794520548,1.0
461,0.08333333333333333,0.0,0.11666666666666667,0.75,0.05,0.15384615384615385,0.07692307692307693,0.03076923076923077,0.16923076923076924,0.5692307692307692,0.0,1.0,1.0
462,0.1509433962264151,0.018867924528301886,0.018867924528301886,0.7735849056603774,0.03773584905660377,0.13432835820895522,0.11940298507462686,0.014925373134328358,0.14925373134328357,0.582089552238806,0.0,1.0,1.0
463,0.18518518518518517,0.0,0.07407407407407407,0.7407407407407407,0.0,0.0967741935483871,0.0967741935483871,0.04838709677419355,0.12903225806451613,0.6290322580645161,0.014285714285714285,0.9857142857142858,1.0
464,0.11864406779661017,0.0,0.01694915254237288,0.7288135593220338,0.13559322033898305,0.06666666666666667,0.1,0.0,0.18333333333333332,0.65,0.0547945205479452,0.9452054794520548,1.0
465,0.16666666666666666,0.11666666666666667,0.03333333333333333,0.55,0.13333333333333333,0.0,0.038461538461538464,0.038461538461538464,0.19230769230769232,0.7307692307692307,0.0,1.0,1.0
466,0.21666666666666667,0.06666666666666667,0.05,0.55,0.11666666666666667,0.0,0.038461538461538464,0.0,0.21153846153846154,0.75,0.014285714285714285,0.9857142857142858,1.0
467,0.26785714285714285,0.07142857142857142,0.03571428571428571,0.5535714285714286,0.07142857142857142,0.0,0.09090909090909091,0.01818181818181818,0.2,0.6909090909090909,0.0,1.0,1.0
468,0.15,0.0,0.08333333333333333,0.6833333333333333,0.08333333333333333,0.05454545454545454,0.03636363636363636,0.05454545454545454,0.10909090909090909,0.7454545454545455,0.014285714285714285,0.9857142857142858,1.0
469,0.3018867924528302,0.018867924528301886,0.03773584905660377,0.6226415094339622,0.018867924528301886,0.017241379310344827,0.1206896551724138,0.0,0.1896551724137931,0.6724137931034483,0.028169014084507043,0.971830985915493,1.0
470,0.23728813559322035,0.03389830508474576,0.1016949152542373,0.576271186440678,0.05084745762711865,0.0,0.0196078431372549,0.058823529411764705,0.1568627450980392,0.7647058823529411,0.014285714285714285,0.9857142857142858,1.0
471,0.06557377049180328,0.11475409836065574,0.04918032786885246,0.639344262295082,0.13114754098360656,0.06451612903225806,0.12903225806451613,0.06451612903225806,0.25806451612903225,0.4838709677419355,0.014285714285714285,0.9857142857142858,1.0
472,0.0,0.6551724137931034,0.05172413793103448,0.20689655172413793,0.08620689655172414,0.07142857142857142,0.03571428571428571,0.17857142857142858,0.6607142857142857,0.05357142857142857,0.0547945205479452,0.9452054794520548,1.0
473,0.05084745762711865,0.5932203389830508,0.03389830508474576,0.2033898305084746,0.11864406779661017,0.0,0.09090909090909091,0.14545454545454545,0.6727272727272727,0.09090909090909091,0.0547945205479452,0.9452054794520548,1.0
474,0.04838709677419355,0.14516129032258066,0.04838709677419355,0.6129032258064516,0.14516129032258066,0.0196078431372549,0.0,0.11764705882352941,0.19607843137254902,0.6666666666666666,0.0547945205479452,0.9452054794520548,1.0
475,0.19230769230769232,0.21153846153846154,0.0,0.5576923076923077,0.038461538461538464,0.08928571428571429,0.017857142857142856,0.05357142857142857,0.17857142857142858,0.6607142857142857,0.0,1.0,1.0
476,0.12727272727272726,0.10909090909090909,0.0,0.6727272727272727,0.09090909090909091,0.10526315789473684,0.017543859649122806,0.03508771929824561,0.12280701754385964,0.7192982456140351,0.014285714285714285,0.9857142857142858,1.0
477,0.0,0.10714285714285714,0.03571428571428571,0.7857142857142857,0.07142857142857142,0.21739130434782608,0.057971014492753624,0.014492753623188406,0.18840579710144928,0.5217391304347826,0.014285714285714285,0.9857142857142858,1.0
478,0.12727272727272726,0.6181818181818182,0.0,0.16363636363636364,0.09090909090909091,0.0,0.07407407407407407,0.14814814814814814,0.5740740740740741,0.2037037037037037,0.0,1.0,1.0
479,0.0784313725490196,0.6666666666666666,0.0,0.23529411764705882,0.0196078431372549,0.0847457627118644,0.06779661016949153,0.1694915254237288,0.4915254237288136,0.1864406779661017,0.0,1.0,1.0
480,0.03636363636363636,0.7454545454545455,0.01818181818181818,0.12727272727272726,0.07272727272727272,0.06896551724137931,0.06896551724137931,0.1724137931034483,0.6551724137931034,0.034482758620689655,0.014285714285714285,0.9857142857142858,1.0
481,0.03389830508474576,0.6440677966101694,0.1016949152542373,0.1694915254237288,0.05084745762711865,0.037037037037037035,0.037037037037037035,0.2222222222222222,0.6481481481481481,0.05555555555555555,0.014285714285714285,0.9857142857142858,1.0
482,0.0,0.5223880597014925,0.13432835820895522,0.22388059701492538,0.11940298507462686,0.05454545454545454,0.03636363636363636,0.14545454545454545,0.7454545454545455,0.01818181818181818,0.041666666666666664,0.9583333333333334,1.0
483,0.08196721311475409,0.08196721311475409,0.04918032786885246,0.6557377049180327,0.13114754098360656,0.10714285714285714,0.0,0.0,0.19642857142857142,0.6964285714285714,0.041666666666666664,0.9583333333333334,1.0
484,0.02666666666666667,0.05333333333333334,0.13333333333333333,0.5866666666666667,0.2,0.05555555555555555,0.018518518518518517,0.0,0.2962962962962963,0.6296296296296297,0.0,1.0,1.0
485,0.21428571428571427,0.017857142857142856,0.017857142857142856,0.6607142857142857,0.08928571428571429,0.05454545454545454,0.03636363636363636,0.0,0.16363636363636364,0.7454545454545455,0.0547945205479452,0.9452054794520548,1.0
486,0.13333333333333333,0.08333333333333333,0.05,0.6166666666666667,0.11666666666666667,0.0196078431372549,0.0,0.058823529411764705,0.17647058823529413,0.7450980392156863,0.0547945205479452,0.9452054794520548,1.0
487,0.1694915254237288,0.05084745762711865,0.03389830508474576,0.6271186440677966,0.11864406779661017,0.0,0.038461538461538464,0.038461538461538464,0.1346153846153846,0.7884615384615384,0.028169014084507043,0.971830985915493,1.0
488,0.09523809523809523,0.015873015873015872,0.0,0.6825396825396826,0.20634920634920634,0.0,0.13793103448275862,0.0,0.1896551724137931,0.6724137931034483,0.028169014084507043,0.971830985915493,1.0
489,0.21428571428571427,0.08928571428571429,0.017857142857142856,0.5892857142857143,0.08928571428571429,0.017241379310344827,0.1206896551724138,0.0,0.2413793103448276,0.6206896551724138,0.028169014084507043,0.971830985915493,1.0
490,0.11864406779661017,0.05084745762711865,0.06779661016949153,0.6779661016949152,0.0847457627118644,0.03333333333333333,0.13333333333333333,0.06666666666666667,0.23333333333333334,0.5333333333333333,0.0547945205479452,0.9452054794520548,1.0
491,0.14516129032258066,0.06451612903225806,0.08064516129032258,0.5967741935483871,0.11290322580645161,0.0196078431372549,0.0,0.0196078431372549,0.19607843137254902,0.7647058823529411,0.041666666666666664,0.9583333333333334,1.0
492,0.22641509433962265,0.05660377358490566,0.03773584905660377,0.660377358490566,0.018867924528301886,0.08620689655172414,0.05172413793103448,0.017241379310344827,0.1724137931034483,0.6724137931034483,0.041666666666666664,0.9583333333333334,1.0
493,0.07142857142857142,0.6964285714285714,0.0,0.125,0.10714285714285714,0.11666666666666667,0.05,0.05,0.6666666666666666,0.11666666666666667,0.0,1.0,1.0
494,0.029411764705882353,0.5588235294117647,0.058823529411764705,0.14705882352941177,0.20588235294117646,0.038461538461538464,0.0,0.038461538461538464,0.8269230769230769,0.09615384615384616,0.028169014084507043,0.971830985915493,1.0
495,0.03076923076923077,0.6307692307692307,0.046153846153846156,0.1076923076923077,0.18461538461538463,0.038461538461538464,0.0,0.057692307692307696,0.8653846153846154,0.038461538461538464,0.0547945205479452,0.9452054794520548,1.0
496,0.015873015873015872,0.49206349206349204,0.07936507936507936,0.2857142857142857,0.12698412698412698,0.0,0.0,0.22,0.54,0.24,0.014285714285714285,0.9857142857142858,1.0
497,0.14516129032258066,0.016129032258064516,0.16129032258064516,0.6451612903225806,0.03225806451612903,0.07407407407407407,0.0,0.05555555555555555,0.2222222222222222,0.6481481481481481,0.06756756756756757,0.9324324324324325,1.0
498,0.01818181818181818,0.09090909090909091,0.09090909090909091,0.8,0.0,0.2537313432835821,0.0,0.014925373134328358,0.14925373134328357,0.582089552238806,0.014285714285714285,0.9857142857142858,1.0
499,0.0,0.1509433962264151,0.018867924528301886,0.7924528301886793,0.03773584905660377,0.21875,0.0,0.046875,0.140625,0.59375,0.041666666666666664,0.9583333333333334,1.0
500,0.12,0.12,0.0,0.76,0.0,0.20634920634920634,0.0,0.015873015873015872,0.12698412698412698,0.6507936507936508,0.028169014084507043,0.971830985915493,1.0
501,0.14545454545454545,0.01818181818181818,0.03636363636363636,0.7454545454545455,0.05454545454545454,0.09523809523809523,0.1111111111111111,0.031746031746031744,0.19047619047619047,0.5714285714285714,0.0547945205479452,0.9452054794520548,1.0
502,0.16666666666666666,0.06666666666666667,0.13333333333333333,0.6,0.03333333333333333,0.08771929824561403,0.03508771929824561,0.03508771929824561,0.22807017543859648,0.6140350877192983,0.014285714285714285,0.9857142857142858,1.0
503,0.03571428571428571,0.6785714285714286,0.05357142857142857,0.17857142857142858,0.05357142857142857,0.08928571428571429,0.017857142857142856,0.17857142857142858,0.5892857142857143,0.125,0.0,1.0,1.0
504,0.0,0.5901639344262295,0.08196721311475409,0.22950819672131148,0.09836065573770492,0.16393442622950818,0.01639344262295082,0.06557377049180328,0.6557377049180327,0.09836065573770492,0.014285714285714285,0.9857142857142858,1.0
505,0.17307692307692307,0.21153846153846154,0.019230769230769232,0.5769230769230769,0.019230769230769232,0.11475409836065574,0.06557377049180328,0.04918032786885246,0.22950819672131148,0.5409836065573771,0.0,1.0,1.0
506,0.19607843137254902,0.21568627450980393,0.0,0.5686274509803921,0.0196078431372549,0.11290322580645161,0.08064516129032258,0.03225806451612903,0.25806451612903225,0.5161290322580645,0.014285714285714285,0.9857142857142858,1.0
507,0.19230769230769232,0.07692307692307693,0.0,0.6923076923076923,0.038461538461538464,0.0967741935483871,0.0967741935483871,0.03225806451612903,0.16129032258064516,0.6129032258064516,0.014285714285714285,0.9857142857142858,1.0
508,0.12962962962962962,0.09259259259259259,0.0,0.7037037037037037,0.07407407407407407,0.109375,0.109375,0.03125,0.171875,0.578125,0.0,1.0,1.0
509,0.23076923076923078,0.1346153846153846,0.019230769230769232,0.5961538461538461,0.019230769230769232,0.1206896551724138,0.017241379310344827,0.0,0.20689655172413793,0.6551724137931034,0.028169014084507043,0.971830985915493,1.0
510,0.23636363636363636,0.12727272727272726,0.0,0.5454545454545454,0.09090909090909091,0.037037037037037035,0.037037037037037035,0.0,0.2222222222222222,0.7037037037037037,0.028169014084507043,0.971830985915493,1.0
511,0.21428571428571427,0.08928571428571429,0.017857142857142856,0.5892857142857143,0.08928571428571429,0.038461538461538464,0.0,0.019230769230769232,0.15384615384615385,0.7884615384615384,0.028169014084507043,0.971830985915493,1.0
512,0.19642857142857142,0.125,0.0,0.5714285714285714,0.10714285714285714,0.03773584905660377,0.018867924528301886,0.018867924528301886,0.16981132075471697,0.7547169811320755,0.014285714285714285,0.9857142857142858,1.0
513,0.16666666666666666,0.08333333333333333,0.1,0.5833333333333334,0.06666666666666667,0.07142857142857142,0.03571428571428571,0.03571428571428571,0.21428571428571427,0.6428571428571429,0.0,1.0,1.0
514,0.17857142857142858,0.125,0.017857142857142856,0.5892857142857143,0.08928571428571429,0.07272727272727272,0.01818181818181818,0.01818181818181818,0.18181818181818182,0.7090909090909091,0.014285714285714285,0.9857142857142858,1.0
515,0.10344827586206896,0.13793103448275862,0.017241379310344827,0.6206896551724138,0.1206896551724138,0.08928571428571429,0.017857142857142856,0.03571428571428571,0.16071428571428573,0.6964285714285714,0.0,1.0,1.0
516,0.04838709677419355,0.16129032258064516,0.016129032258064516,0.5967741935483871,0.1774193548387097,0.07407407407407407,0.0,0.037037037037037035,0.2037037037037037,0.6851851851851852,0.014285714285714285,0.9857142857142858,1.0
517,0.0,0.7142857142857143,0.017857142857142856,0.17857142857142858,0.08928571428571429,0.07272727272727272,0.01818181818181818,0.2,0.6545454545454545,0.05454545454545454,0.0547945205479452,0.9452054794520548,1.0
518,0.057692307692307696,0.7307692307692307,0.0,0.17307692307692307,0.038461538461538464,0.03773584905660377,0.018867924528301886,0.20754716981132076,0.660377358490566,0.07547169811320754,0.1038961038961039,0.8961038961038961,1.0
519,0.05357142857142857,0.7142857142857143,0.017857142857142856,0.125,0.08928571428571429,0.11864406779661017,0.03389830508474576,0.06779661016949153,0.7457627118644068,0.03389830508474576,0.06756756756756757,0.9324324324324325,1.0
520,0.034482758620689655,0.6551724137931034,0.034482758620689655,0.1724137931034483,0.10344827586206896,0.07142857142857142,0.03571428571428571,0.125,0.6785714285714286,0.08928571428571429,0.041666666666666664,0.9583333333333334,1.0
521,0.05555555555555555,0.7592592592592593,0.05555555555555555,0.1111111111111111,0.018518518518518517,0.018867924528301886,0.03773584905660377,0.2830188679245283,0.6415094339622641,0.018867924528301886,0.028169014084507043,0.971830985915493,1.0
522,0.02,0.82,0.0,0.16,0.0,0.037037037037037035,0.037037037037037035,0.2777777777777778,0.5740740740740741,0.07407407407407407,0.0547945205479452,0.9452054794520548,1.0
523,0.018867924528301886,0.7358490566037735,0.0,0.18867924528301888,0.05660377358490566,0.0,0.09090909090909091,0.2727272727272727,0.6181818181818182,0.01818181818181818,0.06756756756756757,0.9324324324324325,1.0
524,0.0,0.7547169811320755,0.05660377358490566,0.18867924528301888,0.0,0.14754098360655737,0.03278688524590164,0.16393442622950818,0.6229508196721312,0.03278688524590164,0.041666666666666664,0.9583333333333334,1.0
525,0.0,0.6153846153846154,0.1076923076923077,0.15384615384615385,0.12307692307692308,0.05660377358490566,0.0,0.1509433962264151,0.7735849056603774,0.018867924528301886,0.028169014084507043,0.971830985915493,1.0
526,0.0,0.6379310344827587,0.05172413793103448,0.22413793103448276,0.08620689655172414,0.13114754098360656,0.04918032786885246,0.11475409836065574,0.6229508196721312,0.08196721311475409,0.014285714285714285,0.9857142857142858,1.0
527,0.07272727272727272,0.6727272727272727,0.09090909090909091,0.16363636363636364,0.0,0.07272727272727272,0.01818181818181818,0.2,0.6727272727272727,0.03636363636363636,0.06756756756756757,0.9324324324324325,1.0
528,0.03225806451612903,0.6451612903225806,0.11290322580645161,0.12903225806451613,0.08064516129032258,0.10526315789473684,0.017543859649122806,0.12280701754385964,0.7368421052631579,0.017543859649122806,0.0,1.0,1.0
529,0.03508771929824561,0.6140350877192983,0.08771929824561403,0.22807017543859648,0.03508771929824561,0.109375,0.109375,0.125,0.625,0.03125,0.014285714285714285,0.9857142857142858,1.0
530,0.08196721311475409,0.639344262295082,0.09836065573770492,0.09836065573770492,0.08196721311475409,0.11666666666666667,0.05,0.05,0.7833333333333333,0.0,0.014285714285714285,0.9857142857142858,1.0
531,0.0,0.6153846153846154,0.07692307692307693,0.15384615384615385,0.15384615384615385,0.15,0.016666666666666666,0.016666666666666666,0.8,0.016666666666666666,0.028169014084507043,0.971830985915493,1.0
532,0.0,0.5588235294117647,0.1323529411764706,0.17647058823529413,0.1323529411764706,0.1206896551724138,0.017241379310344827,0.05172413793103448,0.8103448275862069,0.0,0.028169014084507043,0.971830985915493,1.0
533,0.12280701754385964,0.631578947368421,0.05263157894736842,0.12280701754385964,0.07017543859649122,0.08928571428571429,0.017857142857142856,0.07142857142857142,0.6964285714285714,0.125,0.028169014084507043,0.971830985915493,1.0
534,0.0,0.5846153846153846,0.03076923076923077,0.18461538461538463,0.2,0.06896551724137931,0.06896551724137931,0.034482758620689655,0.8103448275862069,0.017241379310344827,0.06756756756756757,0.9324324324324325,1.0
535,0.0,0.6333333333333333,0.1,0.2,0.06666666666666667,0.16666666666666666,0.0,0.08333333333333333,0.6666666666666666,0.08333333333333333,0.014285714285714285,0.9857142857142858,1.0
536,0.14545454545454545,0.6363636363636364,0.03636363636363636,0.12727272727272726,0.05454545454545454,0.05357142857142857,0.05357142857142857,0.10714285714285714,0.6428571428571429,0.14285714285714285,0.014285714285714285,0.9857142857142858,1.0
537,0.0,0.82,0.0,0.18,0.0,0.08620689655172414,0.05172413793103448,0.25862068965517243,0.5172413793103449,0.08620689655172414,0.0,1.0,1.0
538,0.018867924528301886,0.660377358490566,0.018867924528301886,0.2641509433962264,0.03773584905660377,0.16393442622950818,0.01639344262295082,0.11475409836065574,0.5245901639344263,0.18032786885245902,0.014285714285714285,0.9857142857142858,1.0
539,0.03333333333333333,0.6666666666666666,0.0,0.13333333333333333,0.16666666666666666,0.03508771929824561,0.08771929824561403,0.10526315789473684,0.7017543859649122,0.07017543859649122,0.0,1.0,1.0
540,0.0,0.6842105263157895,0.12280701754385964,0.19298245614035087,0.0,0.13559322033898305,0.01694915254237288,0.1864406779661017,0.6610169491525424,0.0,0.041666666666666664,0.9583333333333334,1.0
541,0.03773584905660377,0.7547169811320755,0.0,0.1509433962264151,0.05660377358490566,0.05172413793103448,0.08620689655172414,0.1724137931034483,0.6551724137931034,0.034482758620689655,0.0547945205479452,0.9452054794520548,1.0
542,0.1320754716981132,0.22641509433962265,0.0,0.5849056603773585,0.05660377358490566,0.08771929824561403,0.03508771929824561,0.05263157894736842,0.24561403508771928,0.5789473684210527,0.0547945205479452,0.9452054794520548,1.0
543,0.16363636363636364,0.09090909090909091,0.05454545454545454,0.6545454545454545,0.03636363636363636,0.10526315789473684,0.017543859649122806,0.03508771929824561,0.21052631578947367,0.631578947368421,0.06756756756756757,0.9324324324324325,1.0
544,0.0,0.031746031746031744,0.047619047619047616,0.7619047619047619,0.15873015873015872,0.15254237288135594,0.0,0.0,0.1694915254237288,0.6779661016949152,0.06756756756756757,0.9324324324324325,1.0
545,0.03389830508474576,0.0847457627118644,0.0847457627118644,0.7288135593220338,0.06779661016949153,0.18032786885245902,0.0,0.04918032786885246,0.13114754098360656,0.639344262295082,0.0,1.0,1.0
546,0.0967741935483871,0.0,0.14516129032258066,0.7096774193548387,0.04838709677419355,0.16666666666666666,0.0,0.016666666666666666,0.15,0.6666666666666666,0.0,1.0,1.0
547,0.125,0.05357142857142857,0.08928571428571429,0.7142857142857143,0.017857142857142856,0.15254237288135594,0.0,0.01694915254237288,0.15254237288135594,0.6779661016949152,0.041666666666666664,0.9583333333333334,1.0
548,0.17307692307692307,0.07692307692307693,0.019230769230769232,0.7115384615384616,0.019230769230769232,0.13333333333333333,0.03333333333333333,0.016666666666666666,0.15,0.6666666666666666,0.041666666666666664,0.9583333333333334,1.0
549,0.05454545454545454,0.10909090909090909,0.0,0.7454545454545455,0.09090909090909091,0.14516129032258066,0.04838709677419355,0.04838709677419355,0.11290322580645161,0.6451612903225806,0.0,1.0,1.0
550,0.11538461538461539,0.1346153846153846,0.0,0.7115384615384616,0.038461538461538464,0.15873015873015872,0.047619047619047616,0.0,0.19047619047619047,0.6031746031746031,0.041666666666666664,0.9583333333333334,1.0
551,0.21153846153846154,0.11538461538461539,0.038461538461538464,0.6346153846153846,0.0,0.10714285714285714,0.0,0.03571428571428571,0.16071428571428573,0.6964285714285714,0.041666666666666664,0.9583333333333334,1.0
552,0.13333333333333333,0.06666666666666667,0.05,0.6333333333333333,0.11666666666666667,0.03773584905660377,0.018867924528301886,0.05660377358490566,0.1320754716981132,0.7547169811320755,0.014285714285714285,0.9857142857142858,1.0
553,0.15,0.11666666666666667,0.03333333333333333,0.5666666666666667,0.13333333333333333,0.05555555555555555,0.018518518518518517,0.0,0.2037037037037037,0.7222222222222222,0.0,1.0,1.0
554,0.1,0.03333333333333333,0.016666666666666666,0.7,0.15,0.05172413793103448,0.08620689655172414,0.034482758620689655,0.13793103448275862,0.6896551724137931,0.014285714285714285,0.9857142857142858,1.0
555,0.058823529411764705,0.0,0.08823529411764706,0.6764705882352942,0.17647058823529413,0.06896551724137931,0.06896551724137931,0.0,0.1896551724137931,0.6724137931034483,0.0,1.0,1.0
556,0.0,0.7058823529411765,0.0,0.27450980392156865,0.0196078431372549,0.15873015873015872,0.047619047619047616,0.1111111111111111,0.5714285714285714,0.1111111111111111,0.06756756756756757,0.9324324324324325,1.0
557,0.057692307692307696,0.7692307692307693,0.0,0.1346153846153846,0.038461538461538464,0.11666666666666667,0.05,0.13333333333333333,0.6833333333333333,0.016666666666666666,0.06756756756756757,0.9324324324324325,1.0
558,0.08771929824561403,0.6842105263157895,0.03508771929824561,0.10526315789473684,0.08771929824561403,0.0,0.05660377358490566,0.16981132075471697,0.7169811320754716,0.05660377358490566,0.041666666666666664,0.9583333333333334,1.0
559,0.01639344262295082,0.6557377049180327,0.04918032786885246,0.14754098360655737,0.13114754098360656,0.13559322033898305,0.01694915254237288,0.05084745762711865,0.711864406779661,0.0847457627118644,0.0,1.0,1.0
560,0.0,0.53125,0.0,0.25,0.21875,0.07692307692307693,0.15384615384615385,0.015384615384615385,0.6923076923076923,0.06153846153846154,0.014285714285714285,0.9857142857142858,1.0
561,0.030303030303030304,0.5303030303030303,0.10606060606060606,0.19696969696969696,0.13636363636363635,0.018518518518518517,0.05555555555555555,0.14814814814814814,0.7037037037037037,0.07407407407407407,0.0,1.0,1.0
562,0.017857142857142856,0.6785714285714286,0.017857142857142856,0.19642857142857142,0.08928571428571429,0.05263157894736842,0.07017543859649122,0.17543859649122806,0.631578947368421,0.07017543859649122,0.041666666666666664,0.9583333333333334,1.0
563,0.034482758620689655,0.7068965517241379,0.034482758620689655,0.1206896551724138,0.10344827586206896,0.019230769230769232,0.019230769230769232,0.19230769230769232,0.75,0.019230769230769232,0.06756756756756757,0.9324324324324325,1.0
564,0.0,0.803921568627451,0.0196078431372549,0.17647058823529413,0.0,0.0,0.0196078431372549,0.3333333333333333,0.6078431372549019,0.0392156862745098,0.09210526315789473,0.9078947368421053,1.0
565,0.0392156862745098,0.803921568627451,0.0196078431372549,0.13725490196078433,0.0,0.0,0.0196078431372549,0.29411764705882354,0.6274509803921569,0.058823529411764705,0.08,0.92,1.0
566,0.05555555555555555,0.6851851851851852,0.05555555555555555,0.18518518518518517,0.018518518518518517,0.03333333333333333,0.13333333333333333,0.21666666666666667,0.6166666666666667,0.0,0.028169014084507043,0.971830985915493,1.0
567,0.0,0.6491228070175439,0.03508771929824561,0.22807017543859648,0.08771929824561403,0.01818181818181818,0.07272727272727272,0.23636363636363636,0.6363636363636364,0.03636363636363636,0.06756756756756757,0.9324324324324325,1.0
568,0.0,0.7017543859649122,0.0,0.17543859649122806,0.12280701754385964,0.05454545454545454,0.03636363636363636,0.14545454545454545,0.7454545454545455,0.01818181818181818,0.1038961038961039,0.8961038961038961,1.0
569,0.034482758620689655,0.7068965517241379,0.0,0.1206896551724138,0.13793103448275862,0.03773584905660377,0.018867924528301886,0.1320754716981132,0.7547169811320755,0.05660377358490566,0.06756756756756757,0.9324324324324325,1.0
570,0.0,0.7192982456140351,0.05263157894736842,0.15789473684210525,0.07017543859649122,0.03773584905660377,0.018867924528301886,0.2641509433962264,0.6037735849056604,0.07547169811320754,0.0,1.0,1.0
571,0.03508771929824561,0.6666666666666666,0.07017543859649122,0.17543859649122806,0.05263157894736842,0.0,0.05660377358490566,0.2830188679245283,0.6037735849056604,0.05660377358490566,0.014285714285714285,0.9857142857142858,1.0
572,0.05263157894736842,0.631578947368421,0.08771929824561403,0.19298245614035087,0.03508771929824561,0.018867924528301886,0.03773584905660377,0.2641509433962264,0.5849056603773585,0.09433962264150944,0.014285714285714285,0.9857142857142858,1.0
573,0.07692307692307693,0.6923076923076923,0.0,0.19230769230769232,0.038461538461538464,0.0,0.15254237288135594,0.23728813559322035,0.5932203389830508,0.01694915254237288,0.041666666666666664,0.9583333333333334,1.0
574,0.08928571428571429,0.6964285714285714,0.0,0.10714285714285714,0.10714285714285714,0.0,0.16666666666666666,0.15,0.6833333333333333,0.0,0.0,1.0,1.0
575,0.0625,0.578125,0.0,0.140625,0.21875,0.0,0.1935483870967742,0.016129032258064516,0.7903225806451613,0.0,0.014285714285714285,0.9857142857142858,1.0
576,0.16981132075471697,0.5471698113207547,0.05660377358490566,0.22641509433962265,0.0,0.10294117647058823,0.16176470588235295,0.04411764705882353,0.6029411764705882,0.08823529411764706,0.014285714285714285,0.9857142857142858,1.0
577,0.029850746268656716,0.3283582089552239,0.08955223880597014,0.3880597014925373,0.16417910447761194,0.05555555555555555,0.018518518518518517,0.05555555555555555,0.5,0.37037037037037035,0.014285714285714285,0.9857142857142858,1.0
578,0.05454545454545454,0.7090909090909091,0.01818181818181818,0.14545454545454545,0.07272727272727272,0.0,0.10714285714285714,0.23214285714285715,0.6607142857142857,0.0,0.041666666666666664,0.9583333333333334,1.0
579,0.0392156862745098,0.803921568627451,0.0,0.13725490196078433,0.0196078431372549,0.03636363636363636,0.05454545454545454,0.2545454545454545,0.6545454545454545,0.0,0.08,0.92,1.0
580,0.0,0.7843137254901961,0.0196078431372549,0.19607843137254902,0.0,0.20634920634920634,0.0,0.1111111111111111,0.6349206349206349,0.047619047619047616,0.06756756756756757,0.9324324324324325,1.0
581,0.0784313725490196,0.7843137254901961,0.0196078431372549,0.11764705882352941,0.0,0.171875,0.046875,0.078125,0.671875,0.03125,0.041666666666666664,0.9583333333333334,1.0
582,0.05172413793103448,0.6724137931034483,0.13793103448275862,0.13793103448275862,0.0,0.13333333333333333,0.03333333333333333,0.15,0.6833333333333333,0.0,0.0,1.0,1.0
583,0.12962962962962962,0.5925925925925926,0.07407407407407407,0.2037037037037037,0.0,0.07017543859649122,0.05263157894736842,0.15789473684210525,0.5614035087719298,0.15789473684210525,0.014285714285714285,0.9857142857142858,1.0
584,0.14545454545454545,0.6,0.05454545454545454,0.16363636363636364,0.03636363636363636,0.06666666666666667,0.1,0.1,0.6166666666666667,0.11666666666666667,0.0,1.0,1.0
585,0.0847457627118644,0.576271186440678,0.11864406779661017,0.1864406779661017,0.03389830508474576,0.0,0.0196078431372549,0.23529411764705882,0.6666666666666666,0.0784313725490196,0.0547945205479452,0.9452054794520548,1.0
586,0.034482758620689655,0.6551724137931034,0.08620689655172414,0.1724137931034483,0.05172413793103448,0.019230769230769232,0.019230769230769232,0.2692307692307692,0.6346153846153846,0.057692307692307696,0.028169014084507043,0.971830985915493,1.0
587,0.08196721311475409,0.6065573770491803,0.03278688524590164,0.13114754098360656,0.14754098360655737,0.017857142857142856,0.08928571428571429,0.07142857142857142,0.75,0.07142857142857142,0.028169014084507043,0.971830985915493,1.0
588,0.0,0.6833333333333333,0.1,0.15,0.06666666666666667,0.09090909090909091,0.0,0.2,0.6727272727272727,0.03636363636363636,0.0,1.0,1.0
589,0.03571428571428571,0.6964285714285714,0.0,0.16071428571428573,0.10714285714285714,0.03508771929824561,0.08771929824561403,0.17543859649122806,0.7017543859649122,0.0,0.06756756756756757,0.9324324324324325,1.0
590,0.14545454545454545,0.18181818181818182,0.0,0.5818181818181818,0.09090909090909091,0.03636363636363636,0.05454545454545454,0.09090909090909091,0.2,0.6181818181818182,0.028169014084507043,0.971830985915493,1.0
591,0.15789473684210525,0.10526315789473684,0.017543859649122806,0.6140350877192983,0.10526315789473684,0.05172413793103448,0.08620689655172414,0.034482758620689655,0.1896551724137931,0.6379310344827587,0.0,1.0,1.0
592,0.07017543859649122,0.08771929824561403,0.0,0.7192982456140351,0.12280701754385964,0.03636363636363636,0.05454545454545454,0.09090909090909091,0.12727272727272726,0.6909090909090909,0.06756756756756757,0.9324324324324325,1.0
593,0.17857142857142858,0.10714285714285714,0.0,0.6071428571428571,0.10714285714285714,0.05555555555555555,0.018518518518518517,0.018518518518518517,0.16666666666666666,0.7407407407407407,0.028169014084507043,0.971830985915493,1.0
594,0.0196078431372549,0.7647058823529411,0.0196078431372549,0.19607843137254902,0.0,0.1016949152542373,0.05084745762711865,0.22033898305084745,0.559322033898305,0.06779661016949153,0.028169014084507043,0.971830985915493,1.0
595,0.04,0.8,0.0,0.16,0.0,0.08196721311475409,0.09836065573770492,0.21311475409836064,0.6065573770491803,0.0,0.041666666666666664,0.9583333333333334,1.0
596,0.019230769230769232,0.7692307692307693,0.038461538461538464,0.17307692307692307,0.0,0.09523809523809523,0.1111111111111111,0.20634920634920634,0.5873015873015873,0.0,0.0,1.0,1.0
597,0.22413793103448276,0.10344827586206896,0.08620689655172414,0.5344827586206896,0.05172413793103448,0.03636363636363636,0.05454545454545454,0.03636363636363636,0.23636363636363636,0.6363636363636364,0.0,1.0,1.0
598,0.1724137931034483,0.017241379310344827,0.08620689655172414,0.6724137931034483,0.05172413793103448,0.06896551724137931,0.06896551724137931,0.05172413793103448,0.13793103448275862,0.6724137931034483,0.0,1.0,1.0
599,0.07936507936507936,0.0,0.14285714285714285,0.7142857142857143,0.06349206349206349,0.10526315789473684,0.017543859649122806,0.08771929824561403,0.10526315789473684,0.6842105263157895,0.0,1.0,1.0
600,0.10344827586206896,0.05172413793103448,0.13793103448275862,0.7068965517241379,0.0,0.16666666666666666,0.0,0.06666666666666667,0.13333333333333333,0.6333333333333333,0.0,1.0,1.0
601,0.058823529411764705,0.7843137254901961,0.0196078431372549,0.13725490196078433,0.0,0.05555555555555555,0.018518518518518517,0.2222222222222222,0.6851851851851852,0.018518518518518517,0.1038961038961039,0.8961038961038961,1.0
602,0.03125,0.546875,0.109375,0.203125,0.109375,0.05555555555555555,0.018518518518518517,0.14814814814814814,0.7407407407407407,0.037037037037037035,0.0547945205479452,0.9452054794520548,1.0
603,0.029850746268656716,0.582089552238806,0.08955223880597014,0.13432835820895522,0.16417910447761194,0.0,0.038461538461538464,0.09615384615384616,0.8653846153846154,0.0,0.0547945205479452,0.9452054794520548,1.0
604,0.03278688524590164,0.6721311475409836,0.04918032786885246,0.11475409836065574,0.13114754098360656,0.07407407407407407,0.0,0.07407407407407407,0.8518518518518519,0.0,0.09210526315789473,0.9078947368421053,1.0
605,0.0,0.7142857142857143,0.05357142857142857,0.17857142857142858,0.05357142857142857,0.1935483870967742,0.0,0.06451612903225806,0.6612903225806451,0.08064516129032258,0.028169014084507043,0.971830985915493,1.0
606,0.24074074074074073,0.07407407407407407,0.0,0.6111111111111112,0.07407407407407407,0.03571428571428571,0.07142857142857142,0.017857142857142856,0.16071428571428573,0.7142857142857143,0.014285714285714285,0.9857142857142858,1.0
607,0.18333333333333332,0.15,0.1,0.5,0.06666666666666667,0.0,0.0,0.1,0.24,0.66,0.014285714285714285,0.9857142857142858,1.0
608,0.20754716981132076,0.03773584905660377,0.018867924528301886,0.6981132075471698,0.03773584905660377,0.10344827586206896,0.034482758620689655,0.0,0.15517241379310345,0.7068965517241379,0.0547945205479452,0.9452054794520548,1.0
609,0.09259259259259259,0.07407407407407407,0.037037037037037035,0.7592592592592593,0.037037037037037035,0.13793103448275862,0.0,0.05172413793103448,0.1206896551724138,0.6896551724137931,0.06756756756756757,0.9324324324324325,1.0
610,0.015151515151515152,0.5909090909090909,0.045454545454545456,0.15151515151515152,0.19696969696969696,0.08771929824561403,0.03508771929824561,0.0,0.8421052631578947,0.03508771929824561,0.0547945205479452,0.9452054794520548,1.0
611,0.0,0.6190476190476191,0.0,0.1746031746031746,0.20634920634920634,0.10344827586206896,0.034482758620689655,0.017241379310344827,0.7241379310344828,0.1206896551724138,0.014285714285714285,0.9857142857142858,1.0
612,0.18867924528301888,0.07547169811320754,0.0,0.6792452830188679,0.05660377358490566,0.05555555555555555,0.018518518518518517,0.018518518518518517,0.16666666666666666,0.7407407407407407,0.09210526315789473,0.9078947368421053,1.0
613,0.19642857142857142,0.0,0.017857142857142856,0.6964285714285714,0.08928571428571429,0.03571428571428571,0.07142857142857142,0.03571428571428571,0.16071428571428573,0.6964285714285714,0.06756756756756757,0.9324324324324325,1.0
614,0.17543859649122806,0.05263157894736842,0.017543859649122806,0.6491228070175439,0.10526315789473684,0.05454545454545454,0.03636363636363636,0.0,0.16363636363636364,0.7454545454545455,0.041666666666666664,0.9583333333333334,1.0
615,0.016666666666666666,0.55,0.11666666666666667,0.26666666666666666,0.05,0.05660377358490566,0.0,0.20754716981132076,0.5849056603773585,0.1509433962264151,0.041666666666666664,0.9583333333333334,1.0
616,0.07692307692307693,0.1346153846153846,0.0,0.75,0.038461538461538464,0.1774193548387097,0.016129032258064516,0.03225806451612903,0.16129032258064516,0.6129032258064516,0.0547945205479452,0.9452054794520548,1.0
617,0.15517241379310345,0.0,0.08620689655172414,0.7068965517241379,0.05172413793103448,0.05454545454545454,0.03636363636363636,0.07272727272727272,0.10909090909090909,0.7272727272727273,0.041666666666666664,0.9583333333333334,1.0
618,0.07017543859649122,0.05263157894736842,0.07017543859649122,0.7543859649122807,0.05263157894736842,0.11666666666666667,0.05,0.08333333333333333,0.1,0.65,0.014285714285714285,0.9857142857142858,1.0
619,0.034482758620689655,0.2413793103448276,0.0,0.5862068965517241,0.13793103448275862,0.05084745762711865,0.1016949152542373,0.11864406779661017,0.23728813559322035,0.4915254237288136,0.0,1.0,1.0
620,0.03389830508474576,0.15254237288135594,0.0,0.6610169491525424,0.15254237288135594,0.017543859649122806,0.10526315789473684,0.12280701754385964,0.19298245614035087,0.5614035087719298,0.041666666666666664,0.9583333333333334,1.0
621,0.07936507936507936,0.07936507936507936,0.031746031746031744,0.6349206349206349,0.1746031746031746,0.03773584905660377,0.018867924528301886,0.03773584905660377,0.16981132075471697,0.7358490566037735,0.028169014084507043,0.971830985915493,1.0
622,0.16363636363636364,0.16363636363636364,0.01818181818181818,0.5818181818181818,0.07272727272727272,0.09523809523809523,0.1111111111111111,0.015873015873015872,0.2857142857142857,0.49206349206349204,0.014285714285714285,0.9857142857142858,1.0
623,0.1724137931034483,0.017241379310344827,0.05172413793103448,0.6724137931034483,0.08620689655172414,0.08196721311475409,0.09836065573770492,0.0,0.21311475409836064,0.6065573770491803,0.028169014084507043,0.971830985915493,1.0
624,0.09615384615384616,0.0,0.038461538461538464,0.8653846153846154,0.0,0.18840579710144928,0.08695652173913043,0.014492753623188406,0.11594202898550725,0.5942028985507246,0.014285714285714285,0.9857142857142858,1.0
625,0.0392156862745098,0.0,0.0,0.9411764705882353,0.0196078431372549,0.19444444444444445,0.1111111111111111,0.041666666666666664,0.08333333333333333,0.5694444444444444,0.0,1.0,1.0
626,0.09803921568627451,0.0392156862745098,0.0196078431372549,0.8431372549019608,0.0,0.15942028985507245,0.11594202898550725,0.043478260869565216,0.13043478260869565,0.5507246376811594,0.014285714285714285,0.9857142857142858,1.0
627,0.03773584905660377,0.05660377358490566,0.018867924528301886,0.8490566037735849,0.03773584905660377,0.2028985507246377,0.07246376811594203,0.028985507246376812,0.11594202898550725,0.5797101449275363,0.0,1.0,1.0
628,0.05357142857142857,0.07142857142857142,0.05357142857142857,0.7678571428571429,0.05357142857142857,0.21212121212121213,0.030303030303030304,0.0,0.15151515151515152,0.6060606060606061,0.0,1.0,1.0
629,0.04,0.1,0.0,0.86,0.0,0.2463768115942029,0.028985507246376812,0.014492753623188406,0.14492753623188406,0.5652173913043478,0.041666666666666664,0.9583333333333334,1.0
630,0.057692307692307696,0.057692307692307696,0.038461538461538464,0.8461538461538461,0.0,0.2463768115942029,0.028985507246376812,0.0,0.13043478260869565,0.5942028985507246,0.014285714285714285,0.9857142857142858,1.0
631,0.01818181818181818,0.7272727272727273,0.07272727272727272,0.16363636363636364,0.01818181818181818,0.0,0.05660377358490566,0.3018867924528302,0.6037735849056604,0.03773584905660377,0.028169014084507043,0.971830985915493,1.0
632,0.05454545454545454,0.6545454545454545,0.09090909090909091,0.2,0.0,0.1206896551724138,0.017241379310344827,0.1724137931034483,0.5862068965517241,0.10344827586206896,0.014285714285714285,0.9857142857142858,1.0
633,0.05660377358490566,0.7358490566037735,0.0,0.1509433962264151,0.05660377358490566,0.10714285714285714,0.0,0.14285714285714285,0.5892857142857143,0.16071428571428573,0.014285714285714285,0.9857142857142858,1.0
634,0.0196078431372549,0.7843137254901961,0.0,0.17647058823529413,0.0196078431372549,0.16129032258064516,0.03225806451612903,0.12903225806451613,0.5806451612903226,0.0967741935483871,0.014285714285714285,0.9857142857142858,1.0
635,0.05357142857142857,0.6607142857142857,0.10714285714285714,0.17857142857142858,0.0,0.10344827586206896,0.034482758620689655,0.1896551724137931,0.603448275862069,0.06896551724137931,0.0,1.0,1.0
636,0.03508771929824561,0.6491228070175439,0.05263157894736842,0.19298245614035087,0.07017543859649122,0.12307692307692308,0.1076923076923077,0.09230769230769231,0.6461538461538462,0.03076923076923077,0.0,1.0,1.0
637,0.02,0.8,0.0,0.18,0.0,0.03636363636363636,0.05454545454545454,0.2909090909090909,0.6,0.01818181818181818,0.08,0.92,1.0
638,0.08620689655172414,0.5517241379310345,0.10344827586206896,0.22413793103448276,0.034482758620689655,0.1076923076923077,0.12307692307692308,0.09230769230769231,0.6461538461538462,0.03076923076923077,0.014285714285714285,0.9857142857142858,1.0
639,0.016129032258064516,0.6290322580645161,0.12903225806451613,0.16129032258064516,0.06451612903225806,0.16129032258064516,0.03225806451612903,0.08064516129032258,0.7258064516129032,0.0,0.0,1.0,1.0
640,0.06666666666666667,0.65,0.11666666666666667,0.11666666666666667,0.05,0.12280701754385964,0.0,0.10526315789473684,0.7543859649122807,0.017543859649122806,0.028169014084507043,0.971830985915493,1.0
641,0.09836065573770492,0.5901639344262295,0.16393442622950818,0.13114754098360656,0.01639344262295082,0.1206896551724138,0.017241379310344827,0.10344827586206896,0.7241379310344828,0.034482758620689655,0.0,1.0,1.0
642,0.03333333333333333,0.5666666666666667,0.1,0.23333333333333334,0.06666666666666667,0.1,0.06666666666666667,0.13333333333333333,0.6166666666666667,0.08333333333333333,0.0,1.0,1.0
643,0.09836065573770492,0.5901639344262295,0.14754098360655737,0.13114754098360656,0.03278688524590164,0.16666666666666666,0.0,0.03333333333333333,0.7666666666666667,0.03333333333333333,0.028169014084507043,0.971830985915493,1.0
644,0.0,0.7192982456140351,0.10526315789473684,0.15789473684210525,0.017543859649122806,0.24242424242424243,0.0,0.030303030303030304,0.7121212121212122,0.015151515151515152,0.028169014084507043,0.971830985915493,1.0
645,0.018867924528301886,0.7735849056603774,0.018867924528301886,0.1509433962264151,0.03773584905660377,0.20634920634920634,0.0,0.047619047619047616,0.6825396825396826,0.06349206349206349,0.0547945205479452,0.9452054794520548,1.0
646,0.017241379310344827,0.6896551724137931,0.1206896551724138,0.15517241379310345,0.017241379310344827,0.203125,0.015625,0.046875,0.71875,0.015625,0.028169014084507043,0.971830985915493,1.0
647,0.03225806451612903,0.6290322580645161,0.16129032258064516,0.14516129032258066,0.03225806451612903,0.24242424242424243,0.0,0.0,0.7575757575757576,0.0,0.0,1.0,1.0
648,0.06349206349206349,0.5873015873015873,0.1746031746031746,0.14285714285714285,0.031746031746031744,0.16666666666666666,0.0,0.05,0.7833333333333333,0.0,0.028169014084507043,0.971830985915493,1.0
649,0.017241379310344827,0.7068965517241379,0.1206896551724138,0.13793103448275862,0.017241379310344827,0.203125,0.015625,0.078125,0.703125,0.0,0.0,1.0,1.0
650,0.09090909090909091,0.7090909090909091,0.03636363636363636,0.10909090909090909,0.05454545454545454,0.11864406779661017,0.03389830508474576,0.0847457627118644,0.7457627118644068,0.01694915254237288,0.06756756756756757,0.9324324324324325,1.0
651,0.034482758620689655,0.6724137931034483,0.1206896551724138,0.15517241379310345,0.017241379310344827,0.1206896551724138,0.017241379310344827,0.1724137931034483,0.6896551724137931,0.0,0.028169014084507043,0.971830985915493,1.0
652,0.0,0.6851851851851852,0.07407407407407407,0.24074074074074073,0.0,0.0,0.07407407407407407,0.3148148148148148,0.5740740740740741,0.037037037037037035,0.06756756756756757,0.9324324324324325,1.0
653,0.0,0.6271186440677966,0.15254237288135594,0.22033898305084745,0.0,0.03636363636363636,0.05454545454545454,0.2909090909090909,0.6181818181818182,0.0,0.028169014084507043,0.971830985915493,1.0
654,0.05454545454545454,0.6545454545454545,0.09090909090909091,0.2,0.0,0.019230769230769232,0.019230769230769232,0.2692307692307692,0.6153846153846154,0.07692307692307693,0.06756756756756757,0.9324324324324325,1.0
655,0.03571428571428571,0.7142857142857143,0.07142857142857142,0.14285714285714285,0.03571428571428571,0.14754098360655737,0.03278688524590164,0.11475409836065574,0.6721311475409836,0.03278688524590164,0.014285714285714285,0.9857142857142858,1.0
656,0.1,0.5833333333333334,0.08333333333333333,0.15,0.08333333333333333,0.0,0.12280701754385964,0.15789473684210525,0.7192982456140351,0.0,0.028169014084507043,0.971830985915493,1.0
657,0.019230769230769232,0.6730769230769231,0.019230769230769232,0.2692307692307692,0.019230769230769232,0.016129032258064516,0.1774193548387097,0.25806451612903225,0.5483870967741935,0.0,0.041666666666666664,0.9583333333333334,1.0
658,0.0196078431372549,0.803921568627451,0.0196078431372549,0.1568627450980392,0.0,0.07017543859649122,0.05263157894736842,0.24561403508771928,0.631578947368421,0.0,0.06756756756756757,0.9324324324324325,1.0
659,0.0,0.78,0.0,0.22,0.0,0.03389830508474576,0.11864406779661017,0.2711864406779661,0.559322033898305,0.01694915254237288,0.0547945205479452,0.9452054794520548,1.0
660,0.06,0.8,0.0,0.14,0.0,0.03636363636363636,0.05454545454545454,0.21818181818181817,0.6545454545454545,0.03636363636363636,0.09210526315789473,0.9078947368421053,1.0
661,0.17307692307692307,0.11538461538461539,0.019230769230769232,0.6730769230769231,0.019230769230769232,0.140625,0.078125,0.0,0.203125,0.578125,0.014285714285714285,0.9857142857142858,1.0
662,0.08928571428571429,0.08928571428571429,0.05357142857142857,0.7142857142857143,0.05357142857142857,0.171875,0.046875,0.015625,0.171875,0.59375,0.0,1.0,1.0
663,0.08771929824561403,0.017543859649122806,0.07017543859649122,0.7719298245614035,0.05263157894736842,0.1774193548387097,0.016129032258064516,0.016129032258064516,0.16129032258064516,0.6290322580645161,0.0547945205479452,0.9452054794520548,1.0
664,0.0847457627118644,0.03389830508474576,0.05084745762711865,0.7288135593220338,0.1016949152542373,0.10526315789473684,0.017543859649122806,0.03508771929824561,0.12280701754385964,0.7192982456140351,0.041666666666666664,0.9583333333333334,1.0
665,0.08620689655172414,0.6206896551724138,0.034482758620689655,0.15517241379310345,0.10344827586206896,0.10714285714285714,0.0,0.05357142857142857,0.6785714285714286,0.16071428571428573,0.028169014084507043,0.971830985915493,1.0
666,0.03636363636363636,0.6363636363636364,0.0,0.23636363636363636,0.09090909090909091,0.140625,0.078125,0.046875,0.625,0.109375,0.041666666666666664,0.9583333333333334,1.0
667,0.030303030303030304,0.6060606060606061,0.09090909090909091,0.12121212121212122,0.15151515151515152,0.0196078431372549,0.0,0.11764705882352941,0.8627450980392157,0.0,0.0547945205479452,0.9452054794520548,1.0
668,0.0,0.6724137931034483,0.06896551724137931,0.1896551724137931,0.06896551724137931,0.03636363636363636,0.05454545454545454,0.2545454545454545,0.6,0.05454545454545454,0.0,1.0,1.0
669,0.017543859649122806,0.7017543859649122,0.0,0.15789473684210525,0.12280701754385964,0.11864406779661017,0.03389830508474576,0.06779661016949153,0.7288135593220338,0.05084745762711865,0.06756756756756757,0.9324324324324325,1.0
670,0.06060606060606061,0.5151515151515151,0.10606060606060606,0.18181818181818182,0.13636363636363635,0.037037037037037035,0.037037037037037035,0.09259259259259259,0.7777777777777778,0.05555555555555555,0.041666666666666664,0.9583333333333334,1.0
671,0.015384615384615385,0.5846153846153846,0.1076923076923077,0.16923076923076924,0.12307692307692308,0.038461538461538464,0.0,0.17307692307692307,0.7115384615384616,0.07692307692307693,0.0,1.0,1.0
672,0.03636363636363636,0.7090909090909091,0.0,0.16363636363636364,0.09090909090909091,0.0,0.05660377358490566,0.24528301886792453,0.6226415094339622,0.07547169811320754,0.041666666666666664,0.9583333333333334,1.0
673,0.05357142857142857,0.6785714285714286,0.03571428571428571,0.16071428571428573,0.07142857142857142,0.0,0.15254237288135594,0.22033898305084745,0.6271186440677966,0.0,0.0,1.0,1.0
674,0.01639344262295082,0.6065573770491803,0.06557377049180328,0.19672131147540983,0.11475409836065574,0.0967741935483871,0.0967741935483871,0.0967741935483871,0.7096774193548387,0.0,0.028169014084507043,0.971830985915493,1.0
675,0.2542372881355932,0.0,0.11864406779661017,0.5932203389830508,0.03389830508474576,0.038461538461538464,0.0,0.019230769230769232,0.15384615384615385,0.7884615384615384,0.014285714285714285,0.9857142857142858,1.0
676,0.21666666666666667,0.0,0.1,0.6166666666666667,0.06666666666666667,0.0,0.0196078431372549,0.0196078431372549,0.19607843137254902,0.7647058823529411,0.06756756756756757,0.9324324324324325,1.0
677,0.3148148148148148,0.0,0.07407407407407407,0.6111111111111112,0.0,0.0,0.038461538461538464,0.0,0.21153846153846154,0.75,0.09210526315789473,0.9078947368421053,1.0
678,0.28846153846153844,0.0,0.038461538461538464,0.6730769230769231,0.0,0.019230769230769232,0.019230769230769232,0.038461538461538464,0.15384615384615385,0.7692307692307693,0.1038961038961039,0.8961038961038961,1.0
679,0.32075471698113206,0.05660377358490566,0.03773584905660377,0.5660377358490566,0.018867924528301886,0.0,0.0196078431372549,0.0196078431372549,0.17647058823529413,0.7843137254901961,0.0547945205479452,0.9452054794520548,1.0
680,0.2033898305084746,0.01694915254237288,0.1016949152542373,0.6271186440677966,0.05084745762711865,0.0,0.038461538461538464,0.07692307692307693,0.15384615384615385,0.7307692307692307,0.041666666666666664,0.9583333333333334,1.0
681,0.2033898305084746,0.13559322033898305,0.03389830508474576,0.5084745762711864,0.11864406779661017,0.0,0.0196078431372549,0.0196078431372549,0.23529411764705882,0.7254901960784313,0.014285714285714285,0.9857142857142858,1.0
682,0.06060606060606061,0.10606060606060606,0.0,0.5909090909090909,0.24242424242424243,0.0,0.0196078431372549,0.0,0.21568627450980393,0.7647058823529411,0.028169014084507043,0.971830985915493,1.0
683,0.0,0.02702702702702703,0.0945945945945946,0.6486486486486487,0.22972972972972974,0.05660377358490566,0.0,0.0,0.20754716981132076,0.7358490566037735,0.014285714285714285,0.9857142857142858,1.0
684,0.07142857142857142,0.02857142857142857,0.07142857142857142,0.6142857142857143,0.21428571428571427,0.0,0.0,0.0,0.18,0.82,0.014285714285714285,0.9857142857142858,1.0
685,0.0,0.2982456140350877,0.05263157894736842,0.5789473684210527,0.07017543859649122,0.203125,0.015625,0.03125,0.34375,0.40625,0.041666666666666664,0.9583333333333334,1.0
686,0.15517241379310345,0.06896551724137931,0.05172413793103448,0.6379310344827587,0.08620689655172414,0.03636363636363636,0.05454545454545454,0.05454545454545454,0.18181818181818182,0.6727272727272727,0.041666666666666664,0.9583333333333334,1.0
687,0.18333333333333332,0.0,0.1,0.65,0.06666666666666667,0.08333333333333333,0.08333333333333333,0.0,0.21666666666666667,0.6166666666666667,0.014285714285714285,0.9857142857142858,1.0
688,0.12280701754385964,0.0,0.017543859649122806,0.7543859649122807,0.10526315789473684,0.09523809523809523,0.1111111111111111,0.0,0.15873015873015872,0.6349206349206349,0.028169014084507043,0.971830985915493,1.0
689,0.06349206349206349,0.015873015873015872,0.047619047619047616,0.7142857142857143,0.15873015873015872,0.06557377049180328,0.11475409836065574,0.03278688524590164,0.16393442622950818,0.6229508196721312,0.0,1.0,1.0
690,0.017857142857142856,0.14285714285714285,0.017857142857142856,0.7321428571428571,0.08928571428571429,0.11666666666666667,0.05,0.11666666666666667,0.13333333333333333,0.5833333333333334,0.028169014084507043,0.971830985915493,1.0
691,0.05660377358490566,0.09433962264150944,0.018867924528301886,0.7924528301886793,0.03773584905660377,0.18181818181818182,0.06060606060606061,0.030303030303030304,0.15151515151515152,0.5757575757575758,0.028169014084507043,0.971830985915493,1.0
692,0.06666666666666667,0.6166666666666667,0.05,0.15,0.11666666666666667,0.08928571428571429,0.017857142857142856,0.07142857142857142,0.7142857142857143,0.10714285714285714,0.028169014084507043,0.971830985915493,1.0
693,0.15254237288135594,0.1016949152542373,0.0,0.5932203389830508,0.15254237288135594,0.017241379310344827,0.1206896551724138,0.017241379310344827,0.22413793103448276,0.6206896551724138,0.0,1.0,1.0
694,0.25,0.017857142857142856,0.08928571428571429,0.625,0.017857142857142856,0.0,0.0196078431372549,0.09803921568627451,0.11764705882352941,0.7647058823529411,0.041666666666666664,0.9583333333333334,1.0
695,0.2830188679245283,0.11320754716981132,0.03773584905660377,0.5471698113207547,0.018867924528301886,0.018518518518518517,0.05555555555555555,0.018518518518518517,0.2222222222222222,0.6851851851851852,0.041666666666666664,0.9583333333333334,1.0
696,0.16129032258064516,0.03225806451612903,0.12903225806451613,0.6129032258064516,0.06451612903225806,0.05660377358490566,0.0,0.018867924528301886,0.22641509433962265,0.6981132075471698,0.0547945205479452,0.9452054794520548,1.0
697,0.21052631578947367,0.0,0.08771929824561403,0.6666666666666666,0.03508771929824561,0.037037037037037035,0.037037037037037035,0.037037037037037035,0.2037037037037037,0.6851851851851852,0.09210526315789473,0.9078947368421053,1.0
698,0.1509433962264151,0.09433962264150944,0.03773584905660377,0.6981132075471698,0.018867924528301886,0.13559322033898305,0.01694915254237288,0.01694915254237288,0.1864406779661017,0.6440677966101694,0.06756756756756757,0.9324324324324325,1.0
699,0.2777777777777778,0.05555555555555555,0.05555555555555555,0.5925925925925926,0.018518518518518517,0.03773584905660377,0.018867924528301886,0.018867924528301886,0.16981132075471697,0.7547169811320755,0.041666666666666664,0.9583333333333334,1.0
700,0.16666666666666666,0.016666666666666666,0.13333333333333333,0.65,0.03333333333333333,0.05660377358490566,0.0,0.05660377358490566,0.1509433962264151,0.7358490566037735,0.041666666666666664,0.9583333333333334,1.0
701,0.15873015873015872,0.0,0.12698412698412698,0.6349206349206349,0.07936507936507936,0.019230769230769232,0.019230769230769232,0.057692307692307696,0.17307692307692307,0.7307692307692307,0.041666666666666664,0.9583333333333334,1.0
702,0.14814814814814814,0.14814814814814814,0.037037037037037035,0.6296296296296297,0.037037037037037035,0.13559322033898305,0.01694915254237288,0.03389830508474576,0.2033898305084746,0.6101694915254238,0.028169014084507043,0.971830985915493,1.0
703,0.15,0.2,0.06666666666666667,0.48333333333333334,0.1,0.019230769230769232,0.019230769230769232,0.07692307692307693,0.2692307692307692,0.6153846153846154,0.0,1.0,1.0
704,0.2962962962962963,0.07407407407407407,0.07407407407407407,0.5555555555555556,0.0,0.03773584905660377,0.018867924528301886,0.0,0.22641509433962265,0.7169811320754716,0.0547945205479452,0.9452054794520548,1.0
705,0.2692307692307692,0.07692307692307693,0.019230769230769232,0.6153846153846154,0.019230769230769232,0.05660377358490566,0.0,0.018867924528301886,0.1509433962264151,0.7735849056603774,0.0547945205479452,0.9452054794520548,1.0
706,0.16666666666666666,0.05,0.016666666666666666,0.6166666666666667,0.15,0.0,0.07407407407407407,0.0,0.2037037037037037,0.7222222222222222,0.041666666666666664,0.9583333333333334,1.0
707,0.05454545454545454,0.01818181818181818,0.05454545454545454,0.8363636363636363,0.03636363636363636,0.2153846153846154,0.015384615384615385,0.015384615384615385,0.12307692307692308,0.6307692307692307,0.041666666666666664,0.9583333333333334,1.0
708,0.10344827586206896,0.1206896551724138,0.034482758620689655,0.6379310344827587,0.10344827586206896,0.07407407407407407,0.0,0.037037037037037035,0.18518518518518517,0.7037037037037037,0.0547945205479452,0.9452054794520548,1.0
709,0.0625,0.078125,0.015625,0.640625,0.203125,0.0196078431372549,0.0,0.0196078431372549,0.1568627450980392,0.803921568627451,0.041666666666666664,0.9583333333333334,1.0
710,0.10526315789473684,0.24561403508771928,0.017543859649122806,0.5263157894736842,0.10526315789473684,0.05660377358490566,0.0,0.07547169811320754,0.2830188679245283,0.5849056603773585,0.0547945205479452,0.9452054794520548,1.0
711,0.17857142857142858,0.07142857142857142,0.03571428571428571,0.6428571428571429,0.07142857142857142,0.07272727272727272,0.01818181818181818,0.01818181818181818,0.14545454545454545,0.7454545454545455,0.028169014084507043,0.971830985915493,1.0
712,0.1896551724137931,0.1724137931034483,0.017241379310344827,0.5,0.1206896551724138,0.01818181818181818,0.07272727272727272,0.01818181818181818,0.2727272727272727,0.6181818181818182,0.0,1.0,1.0
713,0.18867924528301888,0.018867924528301886,0.018867924528301886,0.7358490566037735,0.03773584905660377,0.07142857142857142,0.03571428571428571,0.03571428571428571,0.125,0.7321428571428571,0.08,0.92,1.0
714,0.2545454545454545,0.01818181818181818,0.03636363636363636,0.6363636363636364,0.05454545454545454,0.0,0.0196078431372549,0.0,0.17647058823529413,0.803921568627451,0.09210526315789473,0.9078947368421053,1.0
715,0.11290322580645161,0.0,0.04838709677419355,0.6935483870967742,0.14516129032258066,0.037037037037037035,0.037037037037037035,0.037037037037037035,0.14814814814814814,0.7407407407407407,0.0547945205479452,0.9452054794520548,1.0
716,0.10526315789473684,0.017543859649122806,0.0,0.7543859649122807,0.12280701754385964,0.06896551724137931,0.06896551724137931,0.034482758620689655,0.13793103448275862,0.6896551724137931,0.06756756756756757,0.9324324324324325,1.0
717,0.10526315789473684,0.08771929824561403,0.0,0.6842105263157895,0.12280701754385964,0.07407407407407407,0.0,0.037037037037037035,0.12962962962962962,0.7592592592592593,0.0547945205479452,0.9452054794520548,1.0
718,0.13559322033898305,0.1016949152542373,0.0,0.6101694915254238,0.15254237288135594,0.05660377358490566,0.0,0.0,0.22641509433962265,0.7169811320754716,0.06756756756756757,0.9324324324324325,1.0
719,0.25,0.0,0.07142857142857142,0.6428571428571429,0.03571428571428571,0.05555555555555555,0.018518518518518517,0.0,0.18518518518518517,0.7407407407407407,0.06756756756756757,0.9324324324324325,1.0
720,0.018518518518518517,0.7407407407407407,0.018518518518518517,0.16666666666666666,0.05555555555555555,0.07017543859649122,0.05263157894736842,0.21052631578947367,0.5789473684210527,0.08771929824561403,0.0,1.0,1.0
721,0.0,0.7407407407407407,0.037037037037037035,0.18518518518518517,0.037037037037037035,0.06779661016949153,0.0847457627118644,0.23728813559322035,0.576271186440678,0.03389830508474576,0.0,1.0,1.0
722,0.01818181818181818,0.7272727272727273,0.0,0.16363636363636364,0.09090909090909091,0.05555555555555555,0.018518518518518517,0.2037037037037037,0.5925925925925926,0.12962962962962962,0.014285714285714285,0.9857142857142858,1.0
723,0.23529411764705882,0.0784313725490196,0.0196078431372549,0.6666666666666666,0.0,0.10714285714285714,0.0,0.0,0.19642857142857142,0.6964285714285714,0.09210526315789473,0.9078947368421053,1.0
724,0.2549019607843137,0.19607843137254902,0.0196078431372549,0.5294117647058824,0.0,0.0,0.0,0.1,0.22,0.68,0.08,0.92,1.0
725,0.3333333333333333,0.0196078431372549,0.0196078431372549,0.6274509803921569,0.0,0.0,0.038461538461538464,0.019230769230769232,0.15384615384615385,0.7884615384615384,0.08,0.92,1.0
726,0.0196078431372549,0.7647058823529411,0.0,0.19607843137254902,0.0196078431372549,0.08771929824561403,0.03508771929824561,0.19298245614035087,0.6666666666666666,0.017543859649122806,0.11538461538461539,0.8846153846153846,1.0
727,0.03508771929824561,0.631578947368421,0.10526315789473684,0.21052631578947367,0.017543859649122806,0.0,0.05660377358490566,0.2830188679245283,0.6415094339622641,0.018867924528301886,0.06756756756756757,0.9324324324324325,1.0
728,0.24074074074074073,0.05555555555555555,0.05555555555555555,0.6296296296296297,0.018518518518518517,0.05357142857142857,0.05357142857142857,0.017857142857142856,0.16071428571428573,0.7142857142857143,0.028169014084507043,0.971830985915493,1.0
729,0.19642857142857142,0.125,0.0,0.5714285714285714,0.10714285714285714,0.0196078431372549,0.0,0.0392156862745098,0.17647058823529413,0.7647058823529411,0.041666666666666664,0.9583333333333334,1.0
730,0.23214285714285715,0.125,0.07142857142857142,0.5357142857142857,0.03571428571428571,0.05660377358490566,0.0,0.03773584905660377,0.20754716981132076,0.6981132075471698,0.014285714285714285,0.9857142857142858,1.0
731,0.18518518518518517,0.14814814814814814,0.07407407407407407,0.5925925925925926,0.0,0.06779661016949153,0.0847457627118644,0.0847457627118644,0.22033898305084745,0.5423728813559322,0.014285714285714285,0.9857142857142858,1.0
732,0.1694915254237288,0.2033898305084746,0.0847457627118644,0.4745762711864407,0.06779661016949153,0.03571428571428571,0.07142857142857142,0.05357142857142857,0.3392857142857143,0.5,0.014285714285714285,0.9857142857142858,1.0
733,0.05357142857142857,0.017857142857142856,0.10714285714285714,0.8214285714285714,0.0,0.2153846153846154,0.015384615384615385,0.03076923076923077,0.12307692307692308,0.6153846153846154,0.028169014084507043,0.971830985915493,1.0
734,0.0,0.03389830508474576,0.15254237288135594,0.8135593220338984,0.0,0.2676056338028169,0.028169014084507043,0.014084507042253521,0.18309859154929578,0.5070422535211268,0.0,1.0,1.0
735,0.11764705882352941,0.7254901960784313,0.0,0.13725490196078433,0.0196078431372549,0.20634920634920634,0.0,0.0,0.6507936507936508,0.14285714285714285,0.041666666666666664,0.9583333333333334,1.0
736,0.08928571428571429,0.6607142857142857,0.03571428571428571,0.14285714285714285,0.07142857142857142,0.13793103448275862,0.0,0.034482758620689655,0.7068965517241379,0.1206896551724138,0.0547945205479452,0.9452054794520548,1.0
737,0.0,0.6842105263157895,0.10526315789473684,0.19298245614035087,0.017543859649122806,0.2,0.03076923076923077,0.09230769230769231,0.6461538461538462,0.03076923076923077,0.0,1.0,1.0
738,0.05263157894736842,0.6491228070175439,0.08771929824561403,0.17543859649122806,0.03508771929824561,0.12903225806451613,0.06451612903225806,0.0967741935483871,0.6774193548387096,0.03225806451612903,0.028169014084507043,0.971830985915493,1.0
739,0.05555555555555555,0.7222222222222222,0.05555555555555555,0.14814814814814814,0.018518518518518517,0.19047619047619047,0.015873015873015872,0.06349206349206349,0.6666666666666666,0.06349206349206349,0.028169014084507043,0.971830985915493,1.0
740,0.02,0.82,0.0,0.16,0.0,0.1875,0.03125,0.109375,0.640625,0.03125,0.0547945205479452,0.9452054794520548,1.0
741,0.13333333333333333,0.16666666666666666,0.016666666666666666,0.5333333333333333,0.15,0.0,0.09090909090909091,0.03636363636363636,0.2909090909090909,0.5818181818181818,0.028169014084507043,0.971830985915493,1.0
742,0.17307692307692307,0.11538461538461539,0.019230769230769232,0.6730769230769231,0.019230769230769232,0.09230769230769231,0.13846153846153847,0.046153846153846156,0.26153846153846155,0.46153846153846156,0.0547945205479452,0.9452054794520548,1.0
743,0.0,0.6274509803921569,0.0,0.35294117647058826,0.0196078431372549,0.18461538461538463,0.046153846153846156,0.09230769230769231,0.47692307692307695,0.2,0.028169014084507043,0.971830985915493,1.0
744,0.3137254901960784,0.0196078431372549,0.0196078431372549,0.6470588235294118,0.0,0.015873015873015872,0.19047619047619047,0.047619047619047616,0.2222222222222222,0.5238095238095238,0.028169014084507043,0.971830985915493,1.0
745,0.03508771929824561,0.6491228070175439,0.08771929824561403,0.19298245614035087,0.03508771929824561,0.017857142857142856,0.08928571428571429,0.23214285714285715,0.6428571428571429,0.017857142857142856,0.041666666666666664,0.9583333333333334,1.0
746,0.0392156862745098,0.7843137254901961,0.0196078431372549,0.1568627450980392,0.0,0.03508771929824561,0.08771929824561403,0.2631578947368421,0.6140350877192983,0.0,0.0547945205479452,0.9452054794520548,1.0
747,0.017543859649122806,0.6842105263157895,0.07017543859649122,0.17543859649122806,0.05263157894736842,0.0,0.0196078431372549,0.27450980392156865,0.6862745098039216,0.0196078431372549,0.08,0.92,1.0
748,0.03389830508474576,0.6610169491525424,0.03389830508474576,0.15254237288135594,0.11864406779661017,0.08928571428571429,0.017857142857142856,0.07142857142857142,0.7678571428571429,0.05357142857142857,0.08,0.92,1.0
749,0.03636363636363636,0.7090909090909091,0.03636363636363636,0.16363636363636364,0.05454545454545454,0.19696969696969696,0.045454545454545456,0.030303030303030304,0.6666666666666666,0.06060606060606061,0.014285714285714285,0.9857142857142858,1.0
750,0.05660377358490566,0.7735849056603774,0.03773584905660377,0.11320754716981132,0.018867924528301886,0.15,0.016666666666666666,0.11666666666666667,0.6833333333333333,0.03333333333333333,0.041666666666666664,0.9583333333333334,1.0
751,0.019230769230769232,0.75,0.038461538461538464,0.19230769230769232,0.0,0.24242424242424243,0.0,0.045454545454545456,0.5909090909090909,0.12121212121212122,0.0,1.0,1.0
752,0.05357142857142857,0.6428571428571429,0.017857142857142856,0.19642857142857142,0.08928571428571429,0.14285714285714285,0.06349206349206349,0.047619047619047616,0.6190476190476191,0.12698412698412698,0.0,1.0,1.0
753,0.0,0.5161290322580645,0.08064516129032258,0.2903225806451613,0.11290322580645161,0.0196078431372549,0.0,0.21568627450980393,0.5490196078431373,0.21568627450980393,0.028169014084507043,0.971830985915493,1.0
754,0.058823529411764705,0.803921568627451,0.0,0.11764705882352941,0.0196078431372549,0.10344827586206896,0.034482758620689655,0.13793103448275862,0.6551724137931034,0.06896551724137931,0.0547945205479452,0.9452054794520548,1.0
755,0.05454545454545454,0.7272727272727273,0.0,0.12727272727272726,0.09090909090909091,0.14285714285714285,0.06349206349206349,0.047619047619047616,0.6666666666666666,0.07936507936507936,0.0,1.0,1.0
756,0.07142857142857142,0.6428571428571429,0.07142857142857142,0.17857142857142858,0.03571428571428571,0.15384615384615385,0.07692307692307693,0.06153846153846154,0.6461538461538462,0.06153846153846154,0.0,1.0,1.0
757,0.03636363636363636,0.6363636363636364,0.09090909090909091,0.23636363636363636,0.0,0.13114754098360656,0.04918032786885246,0.16393442622950818,0.5737704918032787,0.08196721311475409,0.014285714285714285,0.9857142857142858,1.0
758,0.038461538461538464,0.75,0.038461538461538464,0.17307692307692307,0.0,0.11475409836065574,0.06557377049180328,0.16393442622950818,0.6065573770491803,0.04918032786885246,0.028169014084507043,0.971830985915493,1.0
759,0.058823529411764705,0.6862745098039216,0.0196078431372549,0.23529411764705882,0.0,0.08955223880597014,0.16417910447761194,0.16417910447761194,0.5671641791044776,0.014925373134328358,0.014285714285714285,0.9857142857142858,1.0
760,0.12727272727272726,0.14545454545454545,0.01818181818181818,0.6363636363636364,0.07272727272727272,0.10714285714285714,0.0,0.05357142857142857,0.125,0.7142857142857143,0.0,1.0,1.0
761,0.20689655172413793,0.017241379310344827,0.034482758620689655,0.6379310344827587,0.10344827586206896,0.0,0.09090909090909091,0.03636363636363636,0.16363636363636364,0.7090909090909091,0.028169014084507043,0.971830985915493,1.0
762,0.058823529411764705,0.7843137254901961,0.0196078431372549,0.13725490196078433,0.0,0.09090909090909091,0.0,0.21818181818181817,0.6181818181818182,0.07272727272727272,0.0547945205479452,0.9452054794520548,1.0
763,0.019230769230769232,0.75,0.0,0.19230769230769232,0.038461538461538464,0.08620689655172414,0.05172413793103448,0.1724137931034483,0.603448275862069,0.08620689655172414,0.0547945205479452,0.9452054794520548,1.0
764,0.037037037037037035,0.6851851851851852,0.07407407407407407,0.2037037037037037,0.0,0.018867924528301886,0.03773584905660377,0.2830188679245283,0.5660377358490566,0.09433962264150944,0.041666666666666664,0.9583333333333334,1.0
765,0.05454545454545454,0.7090909090909091,0.01818181818181818,0.14545454545454545,0.07272727272727272,0.017543859649122806,0.10526315789473684,0.21052631578947367,0.631578947368421,0.03508771929824561,0.014285714285714285,0.9857142857142858,1.0
766,0.03278688524590164,0.5901639344262295,0.06557377049180328,0.19672131147540983,0.11475409836065574,0.03773584905660377,0.018867924528301886,0.16981132075471697,0.6415094339622641,0.1320754716981132,0.014285714285714285,0.9857142857142858,1.0
767,0.017543859649122806,0.08771929824561403,0.0,0.7719298245614035,0.12280701754385964,0.14516129032258066,0.04838709677419355,0.03225806451612903,0.16129032258064516,0.6129032258064516,0.0547945205479452,0.9452054794520548,1.0
768,0.015873015873015872,0.015873015873015872,0.031746031746031744,0.7619047619047619,0.1746031746031746,0.11864406779661017,0.03389830508474576,0.0,0.1694915254237288,0.6779661016949152,0.06756756756756757,0.9324324324324325,1.0
769,0.03773584905660377,0.7358490566037735,0.018867924528301886,0.16981132075471697,0.03773584905660377,0.18032786885245902,0.0,0.08196721311475409,0.6229508196721312,0.11475409836065574,0.028169014084507043,0.971830985915493,1.0
770,0.038461538461538464,0.75,0.038461538461538464,0.17307692307692307,0.0,0.13114754098360656,0.04918032786885246,0.16393442622950818,0.639344262295082,0.01639344262295082,0.0547945205479452,0.9452054794520548,1.0
771,0.019230769230769232,0.7115384615384616,0.038461538461538464,0.23076923076923078,0.0,0.16176470588235295,0.10294117647058823,0.11764705882352941,0.5882352941176471,0.029411764705882353,0.014285714285714285,0.9857142857142858,1.0
772,0.0,0.6557377049180327,0.0,0.16393442622950818,0.18032786885245902,0.07272727272727272,0.01818181818181818,0.09090909090909091,0.7636363636363637,0.05454545454545454,0.06756756756756757,0.9324324324324325,1.0
773,0.05555555555555555,0.7222222222222222,0.0,0.14814814814814814,0.07407407407407407,0.03773584905660377,0.018867924528301886,0.18867924528301888,0.6415094339622641,0.11320754716981132,0.0547945205479452,0.9452054794520548,1.0
774,0.05,0.6666666666666666,0.03333333333333333,0.11666666666666667,0.13333333333333333,0.018867924528301886,0.03773584905660377,0.1509433962264151,0.7924528301886793,0.0,0.06756756756756757,0.9324324324324325,1.0
775,0.015625,0.640625,0.0,0.125,0.21875,0.07407407407407407,0.0,0.018518518518518517,0.8703703703703703,0.037037037037037035,0.08,0.92,1.0
776,0.016666666666666666,0.6833333333333333,0.0,0.13333333333333333,0.16666666666666666,0.11864406779661017,0.03389830508474576,0.03389830508474576,0.7288135593220338,0.0847457627118644,0.014285714285714285,0.9857142857142858,1.0
777,0.0,0.6610169491525424,0.05084745762711865,0.1864406779661017,0.1016949152542373,0.18461538461538463,0.046153846153846156,0.03076923076923077,0.6923076923076923,0.046153846153846156,0.014285714285714285,0.9857142857142858,1.0
778,0.0,0.6610169491525424,0.05084745762711865,0.1864406779661017,0.1016949152542373,0.20634920634920634,0.0,0.015873015873015872,0.7142857142857143,0.06349206349206349,0.041666666666666664,0.9583333333333334,1.0
779,0.03225806451612903,0.5967741935483871,0.11290322580645161,0.1774193548387097,0.08064516129032258,0.1875,0.03125,0.015625,0.734375,0.03125,0.014285714285714285,0.9857142857142858,1.0
780,0.0,0.6101694915254238,0.13559322033898305,0.23728813559322035,0.01694915254237288,0.18032786885245902,0.0,0.13114754098360656,0.6065573770491803,0.08196721311475409,0.0,1.0,1.0
781,0.034482758620689655,0.6206896551724138,0.034482758620689655,0.20689655172413793,0.10344827586206896,0.038461538461538464,0.0,0.17307692307692307,0.6153846153846154,0.17307692307692307,0.041666666666666664,0.9583333333333334,1.0
782,0.015873015873015872,0.6349206349206349,0.047619047619047616,0.14285714285714285,0.15873015873015872,0.0196078431372549,0.0,0.1568627450980392,0.7647058823529411,0.058823529411764705,0.041666666666666664,0.9583333333333334,1.0
783,0.037037037037037035,0.6666666666666666,0.018518518518518517,0.2222222222222222,0.05555555555555555,0.16417910447761194,0.08955223880597014,0.04477611940298507,0.6268656716417911,0.07462686567164178,0.028169014084507043,0.971830985915493,1.0
784,0.019230769230769232,0.7692307692307693,0.019230769230769232,0.17307692307692307,0.019230769230769232,0.2647058823529412,0.0,0.0,0.6323529411764706,0.10294117647058823,0.014285714285714285,0.9857142857142858,1.0
785,0.038461538461538464,0.7307692307692307,0.038461538461538464,0.19230769230769232,0.0,0.23076923076923078,0.0,0.046153846153846156,0.5846153846153846,0.13846153846153847,0.0,1.0,1.0
786,0.058823529411764705,0.5490196078431373,0.0,0.37254901960784315,0.0196078431372549,0.1935483870967742,0.0,0.06451612903225806,0.41935483870967744,0.3225806451612903,0.014285714285714285,0.9857142857142858,1.0
787,0.09615384615384616,0.7115384615384616,0.0,0.15384615384615385,0.038461538461538464,0.05263157894736842,0.07017543859649122,0.12280701754385964,0.631578947368421,0.12280701754385964,0.0547945205479452,0.9452054794520548,1.0
788,0.05660377358490566,0.7358490566037735,0.018867924528301886,0.1509433962264151,0.03773584905660377,0.08620689655172414,0.05172413793103448,0.1724137931034483,0.5862068965517241,0.10344827586206896,0.0,1.0,1.0
789,0.0,0.7169811320754716,0.0,0.22641509433962265,0.05660377358490566,0.11475409836065574,0.06557377049180328,0.14754098360655737,0.5901639344262295,0.08196721311475409,0.041666666666666664,0.9583333333333334,1.0
790,0.018518518518518517,0.7037037037037037,0.018518518518518517,0.2037037037037037,0.05555555555555555,0.0,0.0196078431372549,0.29411764705882354,0.5294117647058824,0.1568627450980392,0.028169014084507043,0.971830985915493,1.0
791,0.03225806451612903,0.5967741935483871,0.11290322580645161,0.1774193548387097,0.08064516129032258,0.0,0.038461538461538464,0.21153846153846154,0.75,0.0,0.06756756756756757,0.9324324324324325,1.0
792,0.016666666666666666,0.6833333333333333,0.05,0.13333333333333333,0.11666666666666667,0.019230769230769232,0.019230769230769232,0.19230769230769232,0.7692307692307693,0.0,0.06756756756756757,0.9324324324324325,1.0
793,0.03508771929824561,0.6842105263157895,0.10526315789473684,0.15789473684210525,0.017543859649122806,0.03773584905660377,0.018867924528301886,0.2641509433962264,0.6792452830188679,0.0,0.0547945205479452,0.9452054794520548,1.0
794,0.05357142857142857,0.7142857142857143,0.08928571428571429,0.125,0.017857142857142856,0.0,0.0,0.28,0.72,0.0,0.08,0.92,1.0
795,0.05084745762711865,0.6271186440677966,0.11864406779661017,0.1694915254237288,0.03389830508474576,0.0196078431372549,0.0,0.2549019607843137,0.6470588235294118,0.0784313725490196,0.028169014084507043,0.971830985915493,1.0
796,0.0,0.7592592592592593,0.018518518518518517,0.16666666666666666,0.05555555555555555,0.05454545454545454,0.03636363636363636,0.21818181818181817,0.6909090909090909,0.0,0.09210526315789473,0.9078947368421053,1.0
797,0.03773584905660377,0.7169811320754716,0.018867924528301886,0.18867924528301888,0.03773584905660377,0.037037037037037035,0.037037037037037035,0.24074074074074073,0.6111111111111112,0.07407407407407407,0.06756756756756757,0.9324324324324325,1.0
798,0.05555555555555555,0.6111111111111112,0.05555555555555555,0.25925925925925924,0.018518518518518517,0.0,0.0,0.3,0.52,0.18,0.06756756756756757,0.9324324324324325,1.0
799,0.09803921568627451,0.7647058823529411,0.0,0.11764705882352941,0.0196078431372549,0.03773584905660377,0.018867924528301886,0.18867924528301888,0.6981132075471698,0.05660377358490566,0.1038961038961039,0.8961038961038961,1.0
800,0.12962962962962962,0.6296296296296297,0.05555555555555555,0.16666666666666666,0.018518518518518517,0.13333333333333333,0.03333333333333333,0.05,0.6666666666666666,0.11666666666666667,0.0547945205479452,0.9452054794520548,1.0
801,0.0,0.6031746031746031,0.07936507936507936,0.19047619047619047,0.12698412698412698,0.037037037037037035,0.037037037037037035,0.18518518518518517,0.6851851851851852,0.05555555555555555,0.014285714285714285,0.9857142857142858,1.0
802,0.06666666666666667,0.36,0.13333333333333333,0.24,0.2,0.0,0.10714285714285714,0.0,0.7857142857142857,0.10714285714285714,0.0,1.0,1.0
803,0.08771929824561403,0.6491228070175439,0.0,0.14035087719298245,0.12280701754385964,0.05454545454545454,0.03636363636363636,0.05454545454545454,0.7454545454545455,0.10909090909090909,0.08,0.92,1.0
804,0.013888888888888888,0.027777777777777776,0.1527777777777778,0.6527777777777778,0.1527777777777778,0.10344827586206896,0.034482758620689655,0.034482758620689655,0.2413793103448276,0.5862068965517241,0.0,1.0,1.0
805,0.03125,0.03125,0.15625,0.71875,0.0625,0.1746031746031746,0.031746031746031744,0.047619047619047616,0.19047619047619047,0.5555555555555556,0.0,1.0,1.0
806,0.16071428571428573,0.017857142857142856,0.05357142857142857,0.7142857142857143,0.05357142857142857,0.10344827586206896,0.034482758620689655,0.034482758620689655,0.1206896551724138,0.7068965517241379,0.028169014084507043,0.971830985915493,1.0
807,0.09615384615384616,0.057692307692307696,0.0,0.8076923076923077,0.038461538461538464,0.14754098360655737,0.03278688524590164,0.04918032786885246,0.11475409836065574,0.6557377049180327,0.06756756756756757,0.9324324324324325,1.0
808,0.16666666666666666,0.07407407407407407,0.037037037037037035,0.6851851851851852,0.037037037037037035,0.07407407407407407,0.0,0.05555555555555555,0.14814814814814814,0.7222222222222222,0.08,0.92,1.0
809,0.23076923076923078,0.07692307692307693,0.019230769230769232,0.6538461538461539,0.019230769230769232,0.03636363636363636,0.05454545454545454,0.09090909090909091,0.10909090909090909,0.7090909090909091,0.028169014084507043,0.971830985915493,1.0
810,0.21052631578947367,0.0,0.05263157894736842,0.6666666666666666,0.07017543859649122,0.06666666666666667,0.1,0.0,0.18333333333333332,0.65,0.014285714285714285,0.9857142857142858,1.0
811,0.3018867924528302,0.05660377358490566,0.0,0.5849056603773585,0.05660377358490566,0.0,0.09090909090909091,0.0,0.2,0.7090909090909091,0.041666666666666664,0.9583333333333334,1.0
812,0.16666666666666666,0.0,0.05,0.6666666666666666,0.11666666666666667,0.01694915254237288,0.13559322033898305,0.03389830508474576,0.1694915254237288,0.6440677966101694,0.0,1.0,1.0
813,0.15,0.016666666666666666,0.016666666666666666,0.6666666666666666,0.15,0.0,0.12280701754385964,0.017543859649122806,0.21052631578947367,0.6491228070175439,0.0547945205479452,0.9452054794520548,1.0
814,0.15,0.016666666666666666,0.05,0.6666666666666666,0.11666666666666667,0.0,0.05660377358490566,0.018867924528301886,0.18867924528301888,0.7358490566037735,0.08,0.92,1.0
815,0.11666666666666667,0.06666666666666667,0.0,0.65,0.16666666666666666,0.016666666666666666,0.15,0.0,0.25,0.5833333333333334,0.041666666666666664,0.9583333333333334,1.0
816,0.17543859649122806,0.15789473684210525,0.0,0.543859649122807,0.12280701754385964,0.0196078431372549,0.0,0.0196078431372549,0.23529411764705882,0.7254901960784313,0.0547945205479452,0.9452054794520548,1.0
817,0.0847457627118644,0.11864406779661017,0.0,0.6440677966101694,0.15254237288135594,0.019230769230769232,0.019230769230769232,0.07692307692307693,0.1346153846153846,0.75,0.041666666666666664,0.9583333333333334,1.0
818,0.1206896551724138,0.06896551724137931,0.034482758620689655,0.6724137931034483,0.10344827586206896,0.12280701754385964,0.0,0.0,0.19298245614035087,0.6842105263157895,0.0547945205479452,0.9452054794520548,1.0
819,0.19230769230769232,0.057692307692307696,0.038461538461538464,0.7115384615384616,0.0,0.15873015873015872,0.047619047619047616,0.0,0.1746031746031746,0.6190476190476191,0.028169014084507043,0.971830985915493,1.0
820,0.1320754716981132,0.07547169811320754,0.018867924528301886,0.7358490566037735,0.03773584905660377,0.10344827586206896,0.034482758620689655,0.05172413793103448,0.1206896551724138,0.6896551724137931,0.0547945205479452,0.9452054794520548,1.0
821,0.029850746268656716,0.014925373134328358,0.029850746268656716,0.7014925373134329,0.22388059701492538,0.0,0.12280701754385964,0.03508771929824561,0.17543859649122806,0.6666666666666666,0.028169014084507043,0.971830985915493,1.0
822,0.016129032258064516,0.04838709677419355,0.03225806451612903,0.7419354838709677,0.16129032258064516,0.07017543859649122,0.05263157894736842,0.07017543859649122,0.15789473684210525,0.6491228070175439,0.06756756756756757,0.9324324324324325,1.0
823,0.05,0.0,0.03333333333333333,0.7833333333333333,0.13333333333333333,0.1111111111111111,0.09523809523809523,0.031746031746031744,0.14285714285714285,0.6190476190476191,0.028169014084507043,0.971830985915493,1.0
824,0.0,0.14516129032258066,0.0,0.6612903225806451,0.1935483870967742,0.09090909090909091,0.0,0.05454545454545454,0.16363636363636364,0.6909090909090909,0.028169014084507043,0.971830985915493,1.0
825,0.014492753623188406,0.028985507246376812,0.07246376811594203,0.6811594202898551,0.2028985507246377,0.03773584905660377,0.018867924528301886,0.05660377358490566,0.1509433962264151,0.7358490566037735,0.028169014084507043,0.971830985915493,1.0
826,0.03278688524590164,0.6721311475409836,0.01639344262295082,0.11475409836065574,0.16393442622950818,0.0196078431372549,0.0,0.11764705882352941,0.7450980392156863,0.11764705882352941,0.028169014084507043,0.971830985915493,1.0
827,0.03636363636363636,0.7272727272727273,0.01818181818181818,0.14545454545454545,0.07272727272727272,0.0,0.0196078431372549,0.23529411764705882,0.6470588235294118,0.09803921568627451,0.0547945205479452,0.9452054794520548,1.0
828,0.05,0.65,0.016666666666666666,0.13333333333333333,0.15,0.10344827586206896,0.034482758620689655,0.017241379310344827,0.7586206896551724,0.08620689655172414,0.041666666666666664,0.9583333333333334,1.0
829,0.07142857142857142,0.6964285714285714,0.03571428571428571,0.125,0.07142857142857142,0.1935483870967742,0.0,0.0,0.7258064516129032,0.08064516129032258,0.041666666666666664,0.9583333333333334,1.0
830,0.04838709677419355,0.04838709677419355,0.03225806451612903,0.7096774193548387,0.16129032258064516,0.06779661016949153,0.0847457627118644,0.05084745762711865,0.15254237288135594,0.6440677966101694,0.014285714285714285,0.9857142857142858,1.0
831,0.10526315789473684,0.12280701754385964,0.05263157894736842,0.6491228070175439,0.07017543859649122,0.14516129032258066,0.04838709677419355,0.016129032258064516,0.20967741935483872,0.5806451612903226,0.0,1.0,1.0
832,0.18181818181818182,0.14545454545454545,0.03636363636363636,0.5818181818181818,0.05454545454545454,0.037037037037037035,0.037037037037037035,0.07407407407407407,0.16666666666666666,0.6851851851851852,0.014285714285714285,0.9857142857142858,1.0
833,0.18518518518518517,0.09259259259259259,0.0,0.6481481481481481,0.07407407407407407,0.07142857142857142,0.03571428571428571,0.03571428571428571,0.14285714285714285,0.7142857142857143,0.028169014084507043,0.971830985915493,1.0
834,0.16071428571428573,0.08928571428571429,0.08928571428571429,0.6428571428571429,0.017857142857142856,0.07272727272727272,0.01818181818181818,0.09090909090909091,0.16363636363636364,0.6545454545454545,0.041666666666666664,0.9583333333333334,1.0
835,0.16071428571428573,0.017857142857142856,0.0,0.7142857142857143,0.10714285714285714,0.05660377358490566,0.0,0.03773584905660377,0.1320754716981132,0.7735849056603774,0.09210526315789473,0.9078947368421053,1.0
836,0.21052631578947367,0.05263157894736842,0.0,0.6140350877192983,0.12280701754385964,0.0,0.10714285714285714,0.017857142857142856,0.16071428571428573,0.7142857142857143,0.0,1.0,1.0
837,0.1724137931034483,0.06896551724137931,0.034482758620689655,0.6206896551724138,0.10344827586206896,0.017543859649122806,0.10526315789473684,0.05263157894736842,0.17543859649122806,0.6491228070175439,0.0,1.0,1.0
838,0.11290322580645161,0.11290322580645161,0.0,0.5806451612903226,0.1935483870967742,0.0,0.07407407407407407,0.018518518518518517,0.24074074074074073,0.6666666666666666,0.028169014084507043,0.971830985915493,1.0
839,0.14285714285714285,0.10714285714285714,0.05357142857142857,0.6428571428571429,0.05357142857142857,0.08771929824561403,0.03508771929824561,0.07017543859649122,0.19298245614035087,0.6140350877192983,0.041666666666666664,0.9583333333333334,1.0
840,0.25,0.05357142857142857,0.07142857142857142,0.5892857142857143,0.03571428571428571,0.05263157894736842,0.07017543859649122,0.0,0.22807017543859648,0.6491228070175439,0.028169014084507043,0.971830985915493,1.0
841,0.017857142857142856,0.5357142857142857,0.017857142857142856,0.3392857142857143,0.08928571428571429,0.15254237288135594,0.0,0.0847457627118644,0.4745762711864407,0.288135593220339,0.014285714285714285,0.9857142857142858,1.0
842,0.1896551724137931,0.017241379310344827,0.10344827586206896,0.6551724137931034,0.034482758620689655,0.038461538461538464,0.0,0.07692307692307693,0.17307692307692307,0.7115384615384616,0.08,0.92,1.0
843,0.28,0.04,0.0,0.68,0.0,0.038461538461538464,0.0,0.038461538461538464,0.15384615384615385,0.7692307692307693,0.11538461538461539,0.8846153846153846,1.0
844,0.15254237288135594,0.11864406779661017,0.1016949152542373,0.576271186440678,0.05084745762711865,0.07407407407407407,0.0,0.07407407407407407,0.2037037037037037,0.6481481481481481,0.014285714285714285,0.9857142857142858,1.0
845,0.0392156862745098,0.6862745098039216,0.0196078431372549,0.2549019607843137,0.0,0.018518518518518517,0.05555555555555555,0.25925925925925924,0.5185185185185185,0.14814814814814814,0.06756756756756757,0.9324324324324325,1.0
846,0.09433962264150944,0.6981132075471698,0.03773584905660377,0.1509433962264151,0.018867924528301886,0.08196721311475409,0.09836065573770492,0.14754098360655737,0.6229508196721312,0.04918032786885246,0.014285714285714285,0.9857142857142858,1.0
847,0.0,0.7647058823529411,0.0,0.21568627450980393,0.0196078431372549,0.09090909090909091,0.0,0.23636363636363636,0.5272727272727272,0.14545454545454545,0.041666666666666664,0.9583333333333334,1.0
848,0.017857142857142856,0.7142857142857143,0.0,0.16071428571428573,0.10714285714285714,0.037037037037037035,0.037037037037037035,0.2037037037037037,0.5925925925925926,0.12962962962962962,0.0,1.0,1.0
849,0.0196078431372549,0.7254901960784313,0.0,0.23529411764705882,0.0196078431372549,0.017857142857142856,0.08928571428571429,0.2857142857142857,0.5178571428571429,0.08928571428571429,0.041666666666666664,0.9583333333333334,1.0
850,0.0,0.6724137931034483,0.0,0.1896551724137931,0.13793103448275862,0.06779661016949153,0.0847457627118644,0.13559322033898305,0.6440677966101694,0.06779661016949153,0.014285714285714285,0.9857142857142858,1.0
851,0.03278688524590164,0.6557377049180327,0.01639344262295082,0.13114754098360656,0.16393442622950818,0.03571428571428571,0.07142857142857142,0.10714285714285714,0.7321428571428571,0.05357142857142857,0.014285714285714285,0.9857142857142858,1.0
852,0.05263157894736842,0.6491228070175439,0.0,0.17543859649122806,0.12280701754385964,0.05,0.11666666666666667,0.1,0.7,0.03333333333333333,0.0547945205479452,0.9452054794520548,1.0
853,0.04918032786885246,0.6557377049180327,0.06557377049180328,0.11475409836065574,0.11475409836065574,0.019230769230769232,0.019230769230769232,0.17307692307692307,0.7692307692307693,0.019230769230769232,0.041666666666666664,0.9583333333333334,1.0
854,0.0784313725490196,0.7647058823529411,0.0196078431372549,0.13725490196078433,0.0,0.06896551724137931,0.06896551724137931,0.1896551724137931,0.6551724137931034,0.017241379310344827,0.06756756756756757,0.9324324324324325,1.0
855,0.038461538461538464,0.7692307692307693,0.019230769230769232,0.15384615384615385,0.019230769230769232,0.05172413793103448,0.08620689655172414,0.22413793103448276,0.6379310344827587,0.0,0.0547945205479452,0.9452054794520548,1.0
856,0.06,0.78,0.0,0.16,0.0,0.06451612903225806,0.12903225806451613,0.1935483870967742,0.6129032258064516,0.0,0.041666666666666664,0.9583333333333334,1.0
857,0.0,0.7090909090909091,0.05454545454545454,0.2,0.03636363636363636,0.07407407407407407,0.0,0.24074074074074073,0.6111111111111112,0.07407407407407407,0.0547945205479452,0.9452054794520548,1.0
858,0.09615384615384616,0.6730769230769231,0.019230769230769232,0.19230769230769232,0.019230769230769232,0.03508771929824561,0.08771929824561403,0.17543859649122806,0.5789473684210527,0.12280701754385964,0.041666666666666664,0.9583333333333334,1.0
859,0.018518518518518517,0.7407407407407407,0.018518518518518517,0.16666666666666666,0.05555555555555555,0.05555555555555555,0.018518518518518517,0.24074074074074073,0.5925925925925926,0.09259259259259259,0.028169014084507043,0.971830985915493,1.0
860,0.0,0.6842105263157895,0.03508771929824561,0.19298245614035087,0.08771929824561403,0.034482758620689655,0.10344827586206896,0.22413793103448276,0.6379310344827587,0.0,0.028169014084507043,0.971830985915493,1.0
861,0.0,0.7407407407407407,0.05555555555555555,0.18518518518518517,0.018518518518518517,0.19402985074626866,0.05970149253731343,0.08955223880597014,0.6268656716417911,0.029850746268656716,0.0,1.0,1.0
862,0.037037037037037035,0.7592592592592593,0.05555555555555555,0.12962962962962962,0.018518518518518517,0.05263157894736842,0.07017543859649122,0.24561403508771928,0.631578947368421,0.0,0.014285714285714285,0.9857142857142858,1.0
863,0.0,0.6785714285714286,0.08928571428571429,0.21428571428571427,0.017857142857142856,0.12698412698412698,0.07936507936507936,0.1746031746031746,0.6031746031746031,0.015873015873015872,0.0,1.0,1.0
864,0.037037037037037035,0.6481481481481481,0.037037037037037035,0.24074074074074073,0.037037037037037035,0.08196721311475409,0.09836065573770492,0.16393442622950818,0.5901639344262295,0.06557377049180328,0.041666666666666664,0.9583333333333334,1.0
865,0.019230769230769232,0.7884615384615384,0.0,0.15384615384615385,0.038461538461538464,0.15254237288135594,0.0,0.13559322033898305,0.6101694915254238,0.1016949152542373,0.028169014084507043,0.971830985915493,1.0
866,0.07547169811320754,0.7358490566037735,0.0,0.1320754716981132,0.05660377358490566,0.09836065573770492,0.08196721311475409,0.09836065573770492,0.6721311475409836,0.04918032786885246,0.041666666666666664,0.9583333333333334,1.0
867,0.06779661016949153,0.6610169491525424,0.01694915254237288,0.11864406779661017,0.13559322033898305,0.07017543859649122,0.05263157894736842,0.07017543859649122,0.7368421052631579,0.07017543859649122,0.028169014084507043,0.971830985915493,1.0
868,0.07142857142857142,0.5892857142857143,0.03571428571428571,0.23214285714285715,0.07142857142857142,0.046153846153846156,0.18461538461538463,0.12307692307692308,0.6307692307692307,0.015384615384615385,0.028169014084507043,0.971830985915493,1.0
869,0.07272727272727272,0.6181818181818182,0.0,0.21818181818181817,0.09090909090909091,0.1044776119402985,0.14925373134328357,0.04477611940298507,0.6716417910447762,0.029850746268656716,0.0547945205479452,0.9452054794520548,1.0
870,0.0,0.7358490566037735,0.0,0.20754716981132076,0.05660377358490566,0.0967741935483871,0.0967741935483871,0.14516129032258066,0.6290322580645161,0.03225806451612903,0.0547945205479452,0.9452054794520548,1.0
871,0.05660377358490566,0.5660377358490566,0.0,0.32075471698113206,0.05660377358490566,0.08196721311475409,0.09836065573770492,0.14754098360655737,0.47540983606557374,0.19672131147540983,0.014285714285714285,0.9857142857142858,1.0
872,0.32075471698113206,0.03773584905660377,0.03773584905660377,0.5849056603773585,0.018867924528301886,0.017543859649122806,0.10526315789473684,0.0,0.21052631578947367,0.6666666666666666,0.028169014084507043,0.971830985915493,1.0
873,0.24528301886792453,0.018867924528301886,0.0,0.6792452830188679,0.05660377358490566,0.0,0.09090909090909091,0.05454545454545454,0.14545454545454545,0.7090909090909091,0.06756756756756757,0.9324324324324325,1.0
874,0.13793103448275862,0.05172413793103448,0.017241379310344827,0.6724137931034483,0.1206896551724138,0.03571428571428571,0.07142857142857142,0.05357142857142857,0.125,0.7142857142857143,0.014285714285714285,0.9857142857142858,1.0
875,0.23076923076923078,0.15384615384615385,0.0,0.5769230769230769,0.038461538461538464,0.05357142857142857,0.05357142857142857,0.05357142857142857,0.17857142857142858,0.6607142857142857,0.014285714285714285,0.9857142857142858,1.0
876,0.2857142857142857,0.10714285714285714,0.08928571428571429,0.5,0.017857142857142856,0.05555555555555555,0.018518518518518517,0.0,0.2777777777777778,0.6481481481481481,0.028169014084507043,0.971830985915493,1.0
877,0.2033898305084746,0.03389830508474576,0.05084745762711865,0.6101694915254238,0.1016949152542373,0.034482758620689655,0.10344827586206896,0.0,0.20689655172413793,0.6551724137931034,0.0,1.0,1.0
878,0.2542372881355932,0.01694915254237288,0.1016949152542373,0.576271186440678,0.05084745762711865,0.0,0.05660377358490566,0.03773584905660377,0.16981132075471697,0.7358490566037735,0.0,1.0,1.0
879,0.2807017543859649,0.08771929824561403,0.12280701754385964,0.5087719298245614,0.0,0.0,0.0,0.04,0.22,0.74,0.028169014084507043,0.971830985915493,1.0
880,0.2807017543859649,0.017543859649122806,0.12280701754385964,0.5789473684210527,0.0,0.0196078431372549,0.0,0.0196078431372549,0.1568627450980392,0.803921568627451,0.028169014084507043,0.971830985915493,1.0
881,0.21428571428571427,0.017857142857142856,0.07142857142857142,0.6607142857142857,0.03571428571428571,0.05172413793103448,0.08620689655172414,0.034482758620689655,0.1724137931034483,0.6551724137931034,0.028169014084507043,0.971830985915493,1.0
882,0.034482758620689655,0.7068965517241379,0.10344827586206896,0.1206896551724138,0.034482758620689655,0.15254237288135594,0.0,0.11864406779661017,0.711864406779661,0.01694915254237288,0.014285714285714285,0.9857142857142858,1.0
883,0.015625,0.53125,0.21875,0.234375,0.0,0.13793103448275862,0.0,0.1896551724137931,0.6551724137931034,0.017241379310344827,0.0,1.0,1.0
884,0.06451612903225806,0.5806451612903226,0.16129032258064516,0.16129032258064516,0.03225806451612903,0.12280701754385964,0.0,0.12280701754385964,0.7017543859649122,0.05263157894736842,0.0,1.0,1.0
885,0.018867924528301886,0.6792452830188679,0.05660377358490566,0.24528301886792453,0.0,0.12280701754385964,0.0,0.21052631578947367,0.5087719298245614,0.15789473684210525,0.014285714285714285,0.9857142857142858,1.0
886,0.016666666666666666,0.6,0.15,0.21666666666666667,0.016666666666666666,0.07142857142857142,0.03571428571428571,0.25,0.6071428571428571,0.03571428571428571,0.0,1.0,1.0
887,0.05084745762711865,0.5254237288135594,0.13559322033898305,0.2711864406779661,0.01694915254237288,0.05454545454545454,0.03636363636363636,0.2,0.5636363636363636,0.14545454545454545,0.028169014084507043,0.971830985915493,1.0
888,0.04838709677419355,0.6290322580645161,0.016129032258064516,0.12903225806451613,0.1774193548387097,0.08928571428571429,0.017857142857142856,0.017857142857142856,0.75,0.125,0.014285714285714285,0.9857142857142858,1.0
889,0.0,0.5625,0.03125,0.21875,0.1875,0.08333333333333333,0.08333333333333333,0.03333333333333333,0.7166666666666667,0.08333333333333333,0.028169014084507043,0.971830985915493,1.0
890,0.04477611940298507,0.5522388059701493,0.029850746268656716,0.14925373134328357,0.22388059701492538,0.0,0.12280701754385964,0.03508771929824561,0.7894736842105263,0.05263157894736842,0.0,1.0,1.0
891,0.04411764705882353,0.5441176470588235,0.14705882352941177,0.14705882352941177,0.11764705882352941,0.0196078431372549,0.0,0.13725490196078433,0.8431372549019608,0.0,0.041666666666666664,0.9583333333333334,1.0
892,0.03225806451612903,0.6451612903225806,0.03225806451612903,0.12903225806451613,0.16129032258064516,0.07272727272727272,0.01818181818181818,0.07272727272727272,0.7636363636363637,0.07272727272727272,0.028169014084507043,0.971830985915493,1.0
893,0.014705882352941176,0.5588235294117647,0.058823529411764705,0.16176470588235295,0.20588235294117646,0.07142857142857142,0.03571428571428571,0.017857142857142856,0.8035714285714286,0.07142857142857142,0.014285714285714285,0.9857142857142858,1.0
894,0.0,0.6610169491525424,0.03389830508474576,0.1864406779661017,0.11864406779661017,0.13333333333333333,0.03333333333333333,0.06666666666666667,0.6833333333333333,0.08333333333333333,0.028169014084507043,0.971830985915493,1.0
895,0.06779661016949153,0.6610169491525424,0.05084745762711865,0.11864406779661017,0.1016949152542373,0.08771929824561403,0.03508771929824561,0.08771929824561403,0.7017543859649122,0.08771929824561403,0.0,1.0,1.0
896,0.0967741935483871,0.532258064516129,0.06451612903225806,0.1774193548387097,0.12903225806451613,0.03773584905660377,0.018867924528301886,0.07547169811320754,0.660377358490566,0.20754716981132076,0.0,1.0,1.0
897,0.016129032258064516,0.6290322580645161,0.016129032258064516,0.16129032258064516,0.1774193548387097,0.0,0.0196078431372549,0.13725490196078433,0.7058823529411765,0.13725490196078433,0.028169014084507043,0.971830985915493,1.0
898,0.04838709677419355,0.6129032258064516,0.08064516129032258,0.14516129032258066,0.11290322580645161,0.0,0.0196078431372549,0.19607843137254902,0.6862745098039216,0.09803921568627451,0.0,1.0,1.0
899,0.09090909090909091,0.6727272727272727,0.07272727272727272,0.14545454545454545,0.01818181818181818,0.05555555555555555,0.018518518518518517,0.2037037037037037,0.6111111111111112,0.1111111111111111,0.014285714285714285,0.9857142857142858,1.0
900,0.1016949152542373,0.5932203389830508,0.06779661016949153,0.15254237288135594,0.0847457627118644,0.0,0.0196078431372549,0.1568627450980392,0.6470588235294118,0.17647058823529413,0.014285714285714285,0.9857142857142858,1.0
901,0.0,0.5147058823529411,0.029411764705882353,0.22058823529411764,0.23529411764705882,0.0,0.0196078431372549,0.0784313725490196,0.7058823529411765,0.19607843137254902,0.014285714285714285,0.9857142857142858,1.0
902,0.09090909090909091,0.5818181818181818,0.03636363636363636,0.23636363636363636,0.05454545454545454,0.0,0.09090909090909091,0.2,0.5454545454545454,0.16363636363636364,0.028169014084507043,0.971830985915493,1.0
903,0.018867924528301886,0.6981132075471698,0.018867924528301886,0.22641509433962265,0.03773584905660377,0.10714285714285714,0.0,0.17857142857142858,0.6071428571428571,0.10714285714285714,0.08,0.92,1.0
904,0.046153846153846156,0.03076923076923077,0.06153846153846154,0.6923076923076923,0.16923076923076924,0.09090909090909091,0.0,0.01818181818181818,0.14545454545454545,0.7454545454545455,0.028169014084507043,0.971830985915493,1.0
905,0.125,0.07142857142857142,0.03571428571428571,0.6964285714285714,0.07142857142857142,0.1206896551724138,0.017241379310344827,0.017241379310344827,0.15517241379310345,0.6896551724137931,0.041666666666666664,0.9583333333333334,1.0
906,0.034482758620689655,0.6724137931034483,0.05172413793103448,0.15517241379310345,0.08620689655172414,0.0,0.0,0.22,0.76,0.02,0.1038961038961039,0.8961038961038961,1.0
907,0.05,0.6,0.13333333333333333,0.18333333333333332,0.03333333333333333,0.05660377358490566,0.0,0.20754716981132076,0.7358490566037735,0.0,0.08,0.92,1.0
908,0.2222222222222222,0.0,0.0,0.7037037037037037,0.07407407407407407,0.0,0.15254237288135594,0.06779661016949153,0.1016949152542373,0.6779661016949152,0.0,1.0,1.0
909,0.21818181818181817,0.0,0.01818181818181818,0.6909090909090909,0.07272727272727272,0.0,0.12280701754385964,0.07017543859649122,0.10526315789473684,0.7017543859649122,0.014285714285714285,0.9857142857142858,1.0
910,0.21153846153846154,0.038461538461538464,0.0,0.7115384615384616,0.038461538461538464,0.07142857142857142,0.03571428571428571,0.03571428571428571,0.14285714285714285,0.7142857142857143,0.08,0.92,1.0
911,0.0,0.5223880597014925,0.07462686567164178,0.22388059701492538,0.1791044776119403,0.0,0.0196078431372549,0.1568627450980392,0.7058823529411765,0.11764705882352941,0.028169014084507043,0.971830985915493,1.0
912,0.03773584905660377,0.7358490566037735,0.0,0.16981132075471697,0.05660377358490566,0.03571428571428571,0.07142857142857142,0.23214285714285715,0.5714285714285714,0.08928571428571429,0.014285714285714285,0.9857142857142858,1.0
913,0.038461538461538464,0.7115384615384616,0.0,0.21153846153846154,0.038461538461538464,0.09090909090909091,0.0,0.18181818181818182,0.5636363636363636,0.16363636363636364,0.0547945205479452,0.9452054794520548,1.0
914,0.03389830508474576,0.6779661016949152,0.06779661016949153,0.13559322033898305,0.0847457627118644,0.05660377358490566,0.0,0.18867924528301888,0.7169811320754716,0.03773584905660377,0.041666666666666664,0.9583333333333334,1.0
915,0.057692307692307696,0.75,0.019230769230769232,0.15384615384615385,0.019230769230769232,0.05660377358490566,0.0,0.20754716981132076,0.6226415094339622,0.11320754716981132,0.06756756756756757,0.9324324324324325,1.0
916,0.03508771929824561,0.5087719298245614,0.10526315789473684,0.3333333333333333,0.017543859649122806,0.07142857142857142,0.03571428571428571,0.21428571428571427,0.5,0.17857142857142858,0.041666666666666664,0.9583333333333334,1.0
917,0.037037037037037035,0.7592592592592593,0.037037037037037035,0.12962962962962962,0.037037037037037035,0.05555555555555555,0.018518518518518517,0.2222222222222222,0.6666666666666666,0.037037037037037035,0.0547945205479452,0.9452054794520548,1.0
918,0.05454545454545454,0.6727272727272727,0.0,0.18181818181818182,0.09090909090909091,0.0967741935483871,0.0967741935483871,0.0967741935483871,0.6290322580645161,0.08064516129032258,0.014285714285714285,0.9857142857142858,1.0
919,0.07692307692307693,0.7115384615384616,0.0,0.17307692307692307,0.038461538461538464,0.06896551724137931,0.06896551724137931,0.15517241379310345,0.6206896551724138,0.08620689655172414,0.0547945205479452,0.9452054794520548,1.0
920,0.017241379310344827,0.6896551724137931,0.0,0.15517241379310345,0.13793103448275862,0.01818181818181818,0.07272727272727272,0.18181818181818182,0.7272727272727273,0.0,0.06756756756756757,0.9324324324324325,1.0
921,0.05454545454545454,0.7090909090909091,0.07272727272727272,0.14545454545454545,0.01818181818181818,0.05263157894736842,0.07017543859649122,0.21052631578947367,0.631578947368421,0.03508771929824561,0.014285714285714285,0.9857142857142858,1.0
922,0.07142857142857142,0.5535714285714286,0.0,0.26785714285714285,0.10714285714285714,0.14516129032258066,0.04838709677419355,0.0,0.5967741935483871,0.20967741935483872,0.041666666666666664,0.9583333333333334,1.0
923,0.016129032258064516,0.6129032258064516,0.0,0.1774193548387097,0.1935483870967742,0.10526315789473684,0.017543859649122806,0.017543859649122806,0.7017543859649122,0.15789473684210525,0.014285714285714285,0.9857142857142858,1.0
924,0.034482758620689655,0.6379310344827587,0.0,0.1896551724137931,0.13793103448275862,0.12280701754385964,0.0,0.05263157894736842,0.631578947368421,0.19298245614035087,0.014285714285714285,0.9857142857142858,1.0
925,0.03773584905660377,0.7169811320754716,0.018867924528301886,0.18867924528301888,0.03773584905660377,0.10714285714285714,0.0,0.16071428571428573,0.5892857142857143,0.14285714285714285,0.041666666666666664,0.9583333333333334,1.0
926,0.0,0.6491228070175439,0.03508771929824561,0.22807017543859648,0.08771929824561403,0.03389830508474576,0.11864406779661017,0.22033898305084745,0.576271186440678,0.05084745762711865,0.0,1.0,1.0
927,0.015873015873015872,0.6507936507936508,0.06349206349206349,0.12698412698412698,0.14285714285714285,0.08771929824561403,0.03508771929824561,0.07017543859649122,0.7894736842105263,0.017543859649122806,0.028169014084507043,0.971830985915493,1.0
928,0.14035087719298245,0.5964912280701754,0.03508771929824561,0.14035087719298245,0.08771929824561403,0.06779661016949153,0.0847457627118644,0.05084745762711865,0.7288135593220338,0.06779661016949153,0.0547945205479452,0.9452054794520548,1.0
929,0.017241379310344827,0.6724137931034483,0.05172413793103448,0.1724137931034483,0.08620689655172414,0.03571428571428571,0.07142857142857142,0.17857142857142858,0.7142857142857143,0.0,0.06756756756756757,0.9324324324324325,1.0
930,0.05084745762711865,0.6440677966101694,0.0,0.15254237288135594,0.15254237288135594,0.08620689655172414,0.05172413793103448,0.05172413793103448,0.6896551724137931,0.1206896551724138,0.014285714285714285,0.9857142857142858,1.0
931,0.017857142857142856,0.7321428571428571,0.03571428571428571,0.14285714285714285,0.07142857142857142,0.07142857142857142,0.03571428571428571,0.17857142857142858,0.6964285714285714,0.017857142857142856,0.0547945205479452,0.9452054794520548,1.0
932,0.017241379310344827,0.6896551724137931,0.05172413793103448,0.15517241379310345,0.08620689655172414,0.08928571428571429,0.017857142857142856,0.16071428571428573,0.6964285714285714,0.03571428571428571,0.041666666666666664,0.9583333333333334,1.0
933,0.046153846153846156,0.6,0.046153846153846156,0.12307692307692308,0.18461538461538463,0.05357142857142857,0.05357142857142857,0.017857142857142856,0.8392857142857143,0.03571428571428571,0.041666666666666664,0.9583333333333334,1.0
934,0.017241379310344827,0.7068965517241379,0.017241379310344827,0.13793103448275862,0.1206896551724138,0.0196078431372549,0.0,0.19607843137254902,0.7647058823529411,0.0196078431372549,0.09210526315789473,0.9078947368421053,1.0
935,0.0,0.6440677966101694,0.05084745762711865,0.2033898305084746,0.1016949152542373,0.018867924528301886,0.03773584905660377,0.22641509433962265,0.6226415094339622,0.09433962264150944,0.028169014084507043,0.971830985915493,1.0
936,0.0,0.6842105263157895,0.05263157894736842,0.19298245614035087,0.07017543859649122,0.0,0.07407407407407407,0.2777777777777778,0.5925925925925926,0.05555555555555555,0.014285714285714285,0.9857142857142858,1.0
937,0.037037037037037035,0.7037037037037037,0.0,0.18518518518518517,0.07407407407407407,0.0,0.16666666666666666,0.23333333333333334,0.5833333333333334,0.016666666666666666,0.0,1.0,1.0
938,0.09433962264150944,0.7169811320754716,0.05660377358490566,0.1320754716981132,0.0,0.06666666666666667,0.1,0.16666666666666666,0.6333333333333333,0.03333333333333333,0.014285714285714285,0.9857142857142858,1.0
939,0.11475409836065574,0.4918032786885246,0.18032786885245902,0.21311475409836064,0.0,0.0,0.05660377358490566,0.22641509433962265,0.6415094339622641,0.07547169811320754,0.028169014084507043,0.971830985915493,1.0
940,0.12,0.7,0.0,0.18,0.0,0.1016949152542373,0.05084745762711865,0.11864406779661017,0.6101694915254238,0.11864406779661017,0.06756756756756757,0.9324324324324325,1.0
941,0.017543859649122806,0.7017543859649122,0.0,0.15789473684210525,0.12280701754385964,0.12903225806451613,0.06451612903225806,0.04838709677419355,0.7258064516129032,0.03225806451612903,0.0547945205479452,0.9452054794520548,1.0
942,0.017543859649122806,0.631578947368421,0.0,0.22807017543859648,0.12280701754385964,0.1044776119402985,0.14925373134328357,0.07462686567164178,0.6567164179104478,0.014925373134328358,0.028169014084507043,0.971830985915493,1.0
943,0.017241379310344827,0.5689655172413793,0.017241379310344827,0.27586206896551724,0.1206896551724138,0.015625,0.203125,0.15625,0.609375,0.015625,0.028169014084507043,0.971830985915493,1.0
944,0.0,0.578125,0.078125,0.203125,0.140625,0.03389830508474576,0.11864406779661017,0.15254237288135594,0.6949152542372882,0.0,0.0,1.0,1.0
945,0.05660377358490566,0.09433962264150944,0.0,0.7924528301886793,0.05660377358490566,0.2,0.03076923076923077,0.015384615384615385,0.13846153846153847,0.6153846153846154,0.028169014084507043,0.971830985915493,1.0
946,0.0,0.5571428571428572,0.14285714285714285,0.15714285714285714,0.14285714285714285,0.15254237288135594,0.0,0.01694915254237288,0.8305084745762712,0.0,0.0,1.0,1.0
947,0.06349206349206349,0.6349206349206349,0.047619047619047616,0.09523809523809523,0.15873015873015872,0.0967741935483871,0.0967741935483871,0.0,0.8064516129032258,0.0,0.0,1.0,1.0
948,0.016129032258064516,0.6451612903225806,0.0967741935483871,0.14516129032258066,0.0967741935483871,0.1206896551724138,0.017241379310344827,0.10344827586206896,0.7586206896551724,0.0,0.028169014084507043,0.971830985915493,1.0
949,0.05,0.6,0.08333333333333333,0.18333333333333332,0.08333333333333333,0.06666666666666667,0.1,0.13333333333333333,0.7,0.0,0.028169014084507043,0.971830985915493,1.0
950,0.0,0.6538461538461539,0.0,0.3076923076923077,0.038461538461538464,0.09090909090909091,0.15151515151515152,0.18181818181818182,0.5151515151515151,0.06060606060606061,0.014285714285714285,0.9857142857142858,1.0
951,0.09259259259259259,0.05555555555555555,0.037037037037037035,0.7777777777777778,0.037037037037037035,0.16393442622950818,0.01639344262295082,0.03278688524590164,0.14754098360655737,0.639344262295082,0.06756756756756757,0.9324324324324325,1.0
952,0.0,0.5370370370370371,0.0,0.3888888888888889,0.07407407407407407,0.1323529411764706,0.1323529411764706,0.08823529411764706,0.5147058823529411,0.1323529411764706,0.041666666666666664,0.9583333333333334,1.0
953,0.19642857142857142,0.03571428571428571,0.017857142857142856,0.6607142857142857,0.08928571428571429,0.017543859649122806,0.10526315789473684,0.03508771929824561,0.19298245614035087,0.6491228070175439,0.0547945205479452,0.9452054794520548,1.0
954,0.27450980392156865,0.0196078431372549,0.0,0.6862745098039216,0.0196078431372549,0.03773584905660377,0.018867924528301886,0.018867924528301886,0.1509433962264151,0.7735849056603774,0.1038961038961039,0.8961038961038961,1.0
955,0.3269230769230769,0.038461538461538464,0.038461538461538464,0.5961538461538461,0.0,0.0,0.038461538461538464,0.019230769230769232,0.19230769230769232,0.75,0.08,0.92,1.0
956,0.2830188679245283,0.0,0.018867924528301886,0.660377358490566,0.03773584905660377,0.019230769230769232,0.019230769230769232,0.0,0.19230769230769232,0.7692307692307693,0.11538461538461539,0.8846153846153846,1.0
957,0.2459016393442623,0.01639344262295082,0.11475409836065574,0.5573770491803278,0.06557377049180328,0.0,0.0,0.0,0.24,0.76,0.0547945205479452,0.9452054794520548,1.0
958,0.21818181818181817,0.01818181818181818,0.05454545454545454,0.6727272727272727,0.03636363636363636,0.07142857142857142,0.03571428571428571,0.0,0.17857142857142858,0.7142857142857143,0.06756756756756757,0.9324324324324325,1.0
959,0.05357142857142857,0.14285714285714285,0.017857142857142856,0.6964285714285714,0.08928571428571429,0.15,0.016666666666666666,0.03333333333333333,0.23333333333333334,0.5666666666666667,0.08,0.92,1.0
960,0.18,0.0,0.0,0.82,0.0,0.13636363636363635,0.10606060606060606,0.030303030303030304,0.12121212121212122,0.6060606060606061,0.028169014084507043,0.971830985915493,1.0
961,0.18867924528301888,0.05660377358490566,0.05660377358490566,0.6981132075471698,0.0,0.0967741935483871,0.0967741935483871,0.06451612903225806,0.16129032258064516,0.5806451612903226,0.014285714285714285,0.9857142857142858,1.0
962,0.2641509433962264,0.05660377358490566,0.0,0.6226415094339622,0.05660377358490566,0.0,0.0,0.0,0.18,0.82,0.1038961038961039,0.8961038961038961,1.0
963,0.1320754716981132,0.07547169811320754,0.0,0.7358490566037735,0.05660377358490566,0.13793103448275862,0.0,0.017241379310344827,0.13793103448275862,0.7068965517241379,0.06756756756756757,0.9324324324324325,1.0
964,0.0784313725490196,0.1568627450980392,0.0,0.7450980392156863,0.0196078431372549,0.2,0.03076923076923077,0.03076923076923077,0.13846153846153847,0.6,0.0,1.0,1.0
965,0.01818181818181818,0.12727272727272726,0.05454545454545454,0.7636363636363637,0.03636363636363636,0.2,0.03076923076923077,0.046153846153846156,0.16923076923076924,0.5538461538461539,0.028169014084507043,0.971830985915493,1.0
966,0.01639344262295082,0.08196721311475409,0.11475409836065574,0.7213114754098361,0.06557377049180328,0.22727272727272727,0.015151515151515152,0.0,0.22727272727272727,0.5303030303030303,0.014285714285714285,0.9857142857142858,1.0
967,0.0,0.1111111111111111,0.037037037037037035,0.8148148148148148,0.037037037037037035,0.18309859154929578,0.11267605633802817,0.07042253521126761,0.18309859154929578,0.4507042253521127,0.014285714285714285,0.9857142857142858,1.0
968,0.11475409836065574,0.01639344262295082,0.03278688524590164,0.6885245901639344,0.14754098360655737,0.05454545454545454,0.03636363636363636,0.01818181818181818,0.18181818181818182,0.7090909090909091,0.06756756756756757,0.9324324324324325,1.0
969,0.11666666666666667,0.0,0.06666666666666667,0.7166666666666667,0.1,0.03571428571428571,0.07142857142857142,0.07142857142857142,0.16071428571428573,0.6607142857142857,0.06756756756756757,0.9324324324324325,1.0
970,0.038461538461538464,0.75,0.038461538461538464,0.17307692307692307,0.0,0.10714285714285714,0.0,0.21428571428571427,0.625,0.05357142857142857,0.06756756756756757,0.9324324324324325,1.0
971,0.0,0.7321428571428571,0.05357142857142857,0.16071428571428573,0.05357142857142857,0.12280701754385964,0.0,0.17543859649122806,0.6666666666666666,0.03508771929824561,0.041666666666666664,0.9583333333333334,1.0
972,0.017857142857142856,0.6607142857142857,0.08928571428571429,0.21428571428571427,0.017857142857142856,0.14754098360655737,0.03278688524590164,0.13114754098360656,0.639344262295082,0.04918032786885246,0.041666666666666664,0.9583333333333334,1.0
973,0.05084745762711865,0.5423728813559322,0.15254237288135594,0.2542372881355932,0.0,0.018518518518518517,0.05555555555555555,0.2777777777777778,0.5740740740740741,0.07407407407407407,0.028169014084507043,0.971830985915493,1.0
974,0.03773584905660377,0.7547169811320755,0.0,0.1509433962264151,0.05660377358490566,0.038461538461538464,0.0,0.23076923076923078,0.6153846153846154,0.11538461538461539,0.0547945205479452,0.9452054794520548,1.0
975,0.12280701754385964,0.5964912280701754,0.03508771929824561,0.15789473684210525,0.08771929824561403,0.0,0.05660377358490566,0.09433962264150944,0.7169811320754716,0.1320754716981132,0.08,0.92,1.0
976,0.09090909090909091,0.6545454545454545,0.07272727272727272,0.16363636363636364,0.01818181818181818,0.1875,0.03125,0.03125,0.640625,0.109375,0.0,1.0,1.0
977,0.017241379310344827,0.6896551724137931,0.06896551724137931,0.15517241379310345,0.06896551724137931,0.13333333333333333,0.03333333333333333,0.11666666666666667,0.6666666666666666,0.05,0.0,1.0,1.0
978,0.09259259259259259,0.14814814814814814,0.07407407407407407,0.6851851851851852,0.0,0.1774193548387097,0.016129032258064516,0.06451612903225806,0.16129032258064516,0.5806451612903226,0.0,1.0,1.0
979,0.038461538461538464,0.7115384615384616,0.038461538461538464,0.21153846153846154,0.0,0.05555555555555555,0.018518518518518517,0.2777777777777778,0.5,0.14814814814814814,0.014285714285714285,0.9857142857142858,1.0
980,0.038461538461538464,0.75,0.0,0.17307692307692307,0.038461538461538464,0.0196078431372549,0.0,0.27450980392156865,0.6078431372549019,0.09803921568627451,0.08,0.92,1.0
981,0.01818181818181818,0.7090909090909091,0.09090909090909091,0.18181818181818182,0.0,0.07272727272727272,0.01818181818181818,0.21818181818181817,0.6727272727272727,0.01818181818181818,0.08,0.92,1.0
982,0.0784313725490196,0.7450980392156863,0.0196078431372549,0.1568627450980392,0.0,0.0,0.05660377358490566,0.2641509433962264,0.6037735849056604,0.07547169811320754,0.06756756756756757,0.9324324324324325,1.0
983,0.0,0.7222222222222222,0.05555555555555555,0.2037037037037037,0.018518518518518517,0.0,0.05660377358490566,0.3018867924528302,0.6415094339622641,0.0,0.09210526315789473,0.9078947368421053,1.0
984,0.018518518518518517,0.7222222222222222,0.037037037037037035,0.18518518518518517,0.037037037037037035,0.125,0.09375,0.125,0.65625,0.0,0.041666666666666664,0.9583333333333334,1.0
985,0.016129032258064516,0.6129032258064516,0.016129032258064516,0.1774193548387097,0.1774193548387097,0.13559322033898305,0.01694915254237288,0.0,0.7288135593220338,0.11864406779661017,0.028169014084507043,0.971830985915493,1.0
986,0.04838709677419355,0.6290322580645161,0.016129032258064516,0.12903225806451613,0.1774193548387097,0.08771929824561403,0.03508771929824561,0.017543859649122806,0.7368421052631579,0.12280701754385964,0.0,1.0,1.0
987,0.01639344262295082,0.639344262295082,0.0,0.16393442622950818,0.18032786885245902,0.05172413793103448,0.08620689655172414,0.08620689655172414,0.7068965517241379,0.06896551724137931,0.014285714285714285,0.9857142857142858,1.0
988,0.03333333333333333,0.6666666666666666,0.0,0.13333333333333333,0.16666666666666666,0.07407407407407407,0.0,0.05555555555555555,0.7962962962962963,0.07407407407407407,0.08,0.92,1.0
989,0.0,0.6610169491525424,0.0847457627118644,0.1864406779661017,0.06779661016949153,0.0,0.05660377358490566,0.2830188679245283,0.660377358490566,0.0,0.041666666666666664,0.9583333333333334,1.0
990,0.03225806451612903,0.6290322580645161,0.0967741935483871,0.14516129032258066,0.0967741935483871,0.05660377358490566,0.0,0.16981132075471697,0.7735849056603774,0.0,0.0547945205479452,0.9452054794520548,1.0
991,0.0,0.6545454545454545,0.01818181818181818,0.2545454545454545,0.07272727272727272,0.018518518518518517,0.05555555555555555,0.2777777777777778,0.48148148148148145,0.16666666666666666,0.0,1.0,1.0
992,0.017857142857142856,0.6964285714285714,0.017857142857142856,0.17857142857142858,0.08928571428571429,0.0,0.07407407407407407,0.25925925925925924,0.5740740740740741,0.09259259259259259,0.0,1.0,1.0
993,0.03125,0.53125,0.109375,0.21875,0.109375,0.06666666666666667,0.1,0.11666666666666667,0.6833333333333333,0.03333333333333333,0.0,1.0,1.0
994,0.06060606060606061,0.5454545454545454,0.10606060606060606,0.15151515151515152,0.13636363636363635,0.03636363636363636,0.05454545454545454,0.07272727272727272,0.8,0.03636363636363636,0.028169014084507043,0.971830985915493,1.0
995,0.015384615384615385,0.6,0.046153846153846156,0.15384615384615385,0.18461538461538463,0.05172413793103448,0.08620689655172414,0.06896551724137931,0.7758620689655172,0.017241379310344827,0.014285714285714285,0.9857142857142858,1.0
996,0.08196721311475409,0.6065573770491803,0.03278688524590164,0.13114754098360656,0.14754098360655737,0.03636363636363636,0.05454545454545454,0.07272727272727272,0.7090909090909091,0.12727272727272726,0.0,1.0,1.0
997,0.031746031746031744,0.5873015873015873,0.047619047619047616,0.1746031746031746,0.15873015873015872,0.06896551724137931,0.06896551724137931,0.034482758620689655,0.7758620689655172,0.05172413793103448,0.0547945205479452,0.9452054794520548,1.0
998,0.05555555555555555,0.7037037037037037,0.018518518518518517,0.16666666666666666,0.05555555555555555,0.14516129032258066,0.04838709677419355,0.08064516129032258,0.6129032258064516,0.11290322580645161,0.0,1.0,1.0
999,0.23214285714285715,0.017857142857142856,0.05357142857142857,0.6428571428571429,0.05357142857142857,0.019230769230769232,0.019230769230769232,0.038461538461538464,0.17307692307692307,0.75,0.08,0.92,1.0
1000,0.0,0.7192982456140351,0.05263157894736842,0.15789473684210525,0.07017543859649122,0.08620689655172414,0.05172413793103448,0.1724137931034483,0.6896551724137931,0.0,0.041666666666666664,0.9583333333333334,1.0
1001,0.09090909090909091,0.7090909090909091,0.05454545454545454,0.10909090909090909,0.03636363636363636,0.038461538461538464,0.0,0.19230769230769232,0.6538461538461539,0.11538461538461539,0.028169014084507043,0.971830985915493,1.0
1002,0.0,0.6923076923076923,0.0,0.2692307692307692,0.038461538461538464,0.14285714285714285,0.06349206349206349,0.14285714285714285,0.5079365079365079,0.14285714285714285,0.0,1.0,1.0
1003,0.0,0.6333333333333333,0.06666666666666667,0.2,0.1,0.15625,0.0625,0.0625,0.71875,0.0,0.041666666666666664,0.9583333333333334,1.0
1004,0.07017543859649122,0.543859649122807,0.03508771929824561,0.2631578947368421,0.08771929824561403,0.10714285714285714,0.0,0.07142857142857142,0.5357142857142857,0.2857142857142857,0.014285714285714285,0.9857142857142858,1.0
1005,0.0784313725490196,0.5882352941176471,0.0,0.3137254901960784,0.0196078431372549,0.08064516129032258,0.11290322580645161,0.16129032258064516,0.46774193548387094,0.1774193548387097,0.014285714285714285,0.9857142857142858,1.0
1006,0.07547169811320754,0.7358490566037735,0.03773584905660377,0.1320754716981132,0.018867924528301886,0.15,0.016666666666666666,0.1,0.6666666666666666,0.06666666666666667,0.041666666666666664,0.9583333333333334,1.0
1007,0.1346153846153846,0.15384615384615385,0.038461538461538464,0.6730769230769231,0.0,0.09090909090909091,0.0,0.10909090909090909,0.16363636363636364,0.6363636363636364,0.08,0.92,1.0
1008,0.15789473684210525,0.19298245614035087,0.07017543859649122,0.5263157894736842,0.05263157894736842,0.10526315789473684,0.017543859649122806,0.03508771929824561,0.2807017543859649,0.5614035087719298,0.014285714285714285,0.9857142857142858,1.0
1009,0.07272727272727272,0.6727272727272727,0.03636363636363636,0.16363636363636364,0.05454545454545454,0.0,0.07407407407407407,0.2037037037037037,0.6481481481481481,0.07407407407407407,0.0547945205479452,0.9452054794520548,1.0
1010,0.2545454545454545,0.01818181818181818,0.05454545454545454,0.6363636363636364,0.03636363636363636,0.03571428571428571,0.07142857142857142,0.03571428571428571,0.14285714285714285,0.7142857142857143,0.014285714285714285,0.9857142857142858,1.0
1011,0.24561403508771928,0.03508771929824561,0.08771929824561403,0.5964912280701754,0.03508771929824561,0.05454545454545454,0.03636363636363636,0.0,0.21818181818181817,0.6909090909090909,0.041666666666666664,0.9583333333333334,1.0
1012,0.17543859649122806,0.07017543859649122,0.12280701754385964,0.631578947368421,0.0,0.13793103448275862,0.0,0.034482758620689655,0.1724137931034483,0.6551724137931034,0.0,1.0,1.0
1013,0.06451612903225806,0.0967741935483871,0.0,0.6451612903225806,0.1935483870967742,0.07017543859649122,0.05263157894736842,0.0,0.22807017543859648,0.6491228070175439,0.041666666666666664,0.9583333333333334,1.0
1014,0.13793103448275862,0.1206896551724138,0.034482758620689655,0.603448275862069,0.10344827586206896,0.05660377358490566,0.0,0.03773584905660377,0.1509433962264151,0.7547169811320755,0.014285714285714285,0.9857142857142858,1.0
1015,0.04477611940298507,0.1044776119402985,0.029850746268656716,0.5970149253731343,0.22388059701492538,0.0,0.0196078431372549,0.0392156862745098,0.23529411764705882,0.7058823529411765,0.041666666666666664,0.9583333333333334,1.0
1016,0.02,0.8,0.0,0.18,0.0,0.11666666666666667,0.05,0.2,0.5666666666666667,0.06666666666666667,0.028169014084507043,0.971830985915493,1.0
1017,0.0196078431372549,0.6666666666666666,0.0,0.29411764705882354,0.0196078431372549,0.03389830508474576,0.11864406779661017,0.2711864406779661,0.4576271186440678,0.11864406779661017,0.014285714285714285,0.9857142857142858,1.0
1018,0.0392156862745098,0.7058823529411765,0.0196078431372549,0.23529411764705882,0.0,0.03278688524590164,0.14754098360655737,0.26229508196721313,0.5409836065573771,0.01639344262295082,0.028169014084507043,0.971830985915493,1.0
1019,0.01818181818181818,0.7090909090909091,0.01818181818181818,0.18181818181818182,0.07272727272727272,0.05357142857142857,0.05357142857142857,0.21428571428571427,0.6428571428571429,0.03571428571428571,0.0547945205479452,0.9452054794520548,1.0
1020,0.0,0.5925925925925926,0.05555555555555555,0.3333333333333333,0.018518518518518517,0.10526315789473684,0.017543859649122806,0.22807017543859648,0.47368421052631576,0.17543859649122806,0.041666666666666664,0.9583333333333334,1.0
1021,0.0,0.7017543859649122,0.05263157894736842,0.17543859649122806,0.07017543859649122,0.03773584905660377,0.018867924528301886,0.24528301886792453,0.6981132075471698,0.0,0.08,0.92,1.0
1022,0.01818181818181818,0.6909090909090909,0.09090909090909091,0.2,0.0,0.15384615384615385,0.07692307692307693,0.13846153846153847,0.6307692307692307,0.0,0.014285714285714285,0.9857142857142858,1.0
1023,0.017543859649122806,0.7192982456140351,0.10526315789473684,0.14035087719298245,0.017543859649122806,0.13559322033898305,0.01694915254237288,0.1694915254237288,0.6779661016949152,0.0,0.014285714285714285,0.9857142857142858,1.0
1024,0.0,0.6440677966101694,0.1016949152542373,0.2033898305084746,0.05084745762711865,0.0196078431372549,0.0,0.29411764705882354,0.6862745098039216,0.0,0.08,0.92,1.0
1025,0.0,0.7692307692307693,0.0,0.19230769230769232,0.038461538461538464,0.171875,0.046875,0.109375,0.671875,0.0,0.08,0.92,1.0
1026,0.017857142857142856,0.7321428571428571,0.03571428571428571,0.14285714285714285,0.07142857142857142,0.15254237288135594,0.0,0.0847457627118644,0.7288135593220338,0.03389830508474576,0.06756756756756757,0.9324324324324325,1.0
1027,0.08928571428571429,0.6428571428571429,0.10714285714285714,0.16071428571428573,0.0,0.12903225806451613,0.06451612903225806,0.08064516129032258,0.7258064516129032,0.0,0.06756756756756757,0.9324324324324325,1.0
1028,0.23636363636363636,0.05454545454545454,0.05454545454545454,0.6181818181818182,0.03636363636363636,0.03571428571428571,0.07142857142857142,0.03571428571428571,0.16071428571428573,0.6964285714285714,0.014285714285714285,0.9857142857142858,1.0
1029,0.18181818181818182,0.12727272727272726,0.01818181818181818,0.6,0.07272727272727272,0.05660377358490566,0.0,0.03773584905660377,0.18867924528301888,0.7169811320754716,0.0547945205479452,0.9452054794520548,1.0
1030,0.25,0.07142857142857142,0.05357142857142857,0.5714285714285714,0.05357142857142857,0.018867924528301886,0.03773584905660377,0.0,0.2641509433962264,0.6792452830188679,0.08,0.92,1.0
1031,0.22641509433962265,0.03773584905660377,0.0,0.6792452830188679,0.05660377358490566,0.07272727272727272,0.01818181818181818,0.0,0.18181818181818182,0.7272727272727273,0.09210526315789473,0.9078947368421053,1.0
1032,0.16363636363636364,0.2545454545454545,0.05454545454545454,0.4909090909090909,0.03636363636363636,0.0196078431372549,0.0,0.11764705882352941,0.29411764705882354,0.5686274509803921,0.06756756756756757,0.9324324324324325,1.0
1033,0.1694915254237288,0.05084745762711865,0.1016949152542373,0.6271186440677966,0.05084745762711865,0.038461538461538464,0.0,0.038461538461538464,0.17307692307692307,0.75,0.0547945205479452,0.9452054794520548,1.0
1034,0.18,0.1,0.0,0.72,0.0,0.1,0.06666666666666667,0.06666666666666667,0.15,0.6166666666666667,0.0547945205479452,0.9452054794520548,1.0
1035,0.0,0.16666666666666666,0.018518518518518517,0.7592592592592593,0.05555555555555555,0.2153846153846154,0.015384615384615385,0.046153846153846156,0.16923076923076924,0.5538461538461539,0.028169014084507043,0.971830985915493,1.0
1036,0.15789473684210525,0.40350877192982454,0.07017543859649122,0.3157894736842105,0.05263157894736842,0.05660377358490566,0.0,0.07547169811320754,0.49056603773584906,0.37735849056603776,0.041666666666666664,0.9583333333333334,1.0
1037,0.2641509433962264,0.24528301886792453,0.05660377358490566,0.4339622641509434,0.0,0.03571428571428571,0.07142857142857142,0.07142857142857142,0.30357142857142855,0.5178571428571429,0.0,1.0,1.0
1038,0.23214285714285715,0.19642857142857142,0.08928571428571429,0.4642857142857143,0.017857142857142856,0.038461538461538464,0.0,0.038461538461538464,0.3076923076923077,0.6153846153846154,0.041666666666666664,0.9583333333333334,1.0
1039,0.16363636363636364,0.14545454545454545,0.05454545454545454,0.6,0.03636363636363636,0.08620689655172414,0.05172413793103448,0.06896551724137931,0.20689655172413793,0.5862068965517241,0.014285714285714285,0.9857142857142858,1.0
1040,0.03333333333333333,0.08333333333333333,0.06666666666666667,0.7166666666666667,0.1,0.16666666666666666,0.0,0.016666666666666666,0.2,0.6166666666666667,0.0547945205479452,0.9452054794520548,1.0
1041,0.03636363636363636,0.03636363636363636,0.05454545454545454,0.8363636363636363,0.03636363636363636,0.208955223880597,0.04477611940298507,0.014925373134328358,0.13432835820895522,0.5970149253731343,0.028169014084507043,0.971830985915493,1.0
1042,0.16363636363636364,0.03636363636363636,0.0,0.7090909090909091,0.09090909090909091,0.03508771929824561,0.08771929824561403,0.07017543859649122,0.15789473684210525,0.6491228070175439,0.06756756756756757,0.9324324324324325,1.0
1043,0.2641509433962264,0.11320754716981132,0.0,0.5660377358490566,0.05660377358490566,0.03773584905660377,0.018867924528301886,0.0,0.18867924528301888,0.7547169811320755,0.041666666666666664,0.9583333333333334,1.0
1044,0.23333333333333334,0.016666666666666666,0.08333333333333333,0.5833333333333334,0.08333333333333333,0.0,0.0196078431372549,0.0,0.19607843137254902,0.7843137254901961,0.041666666666666664,0.9583333333333334,1.0
1045,0.17857142857142858,0.07142857142857142,0.07142857142857142,0.6428571428571429,0.03571428571428571,0.05357142857142857,0.05357142857142857,0.08928571428571429,0.16071428571428573,0.6428571428571429,0.028169014084507043,0.971830985915493,1.0
1046,0.18867924528301888,0.05660377358490566,0.018867924528301886,0.6981132075471698,0.03773584905660377,0.07142857142857142,0.03571428571428571,0.03571428571428571,0.14285714285714285,0.7142857142857143,0.06756756756756757,0.9324324324324325,1.0
1047,0.18333333333333332,0.16666666666666666,0.16666666666666666,0.48333333333333334,0.0,0.07272727272727272,0.01818181818181818,0.09090909090909091,0.32727272727272727,0.4909090909090909,0.014285714285714285,0.9857142857142858,1.0
1048,0.12727272727272726,0.01818181818181818,0.05454545454545454,0.7636363636363637,0.03636363636363636,0.06896551724137931,0.06896551724137931,0.08620689655172414,0.1206896551724138,0.6551724137931034,0.06756756756756757,0.9324324324324325,1.0
1049,0.21818181818181817,0.05454545454545454,0.01818181818181818,0.6363636363636364,0.07272727272727272,0.03571428571428571,0.07142857142857142,0.017857142857142856,0.19642857142857142,0.6785714285714286,0.0547945205479452,0.9452054794520548,1.0
1050,0.24074074074074073,0.09259259259259259,0.05555555555555555,0.5925925925925926,0.018518518518518517,0.08771929824561403,0.03508771929824561,0.017543859649122806,0.21052631578947367,0.6491228070175439,0.028169014084507043,0.971830985915493,1.0
1051,0.21818181818181817,0.09090909090909091,0.07272727272727272,0.6,0.01818181818181818,0.10714285714285714,0.0,0.017857142857142856,0.17857142857142858,0.6964285714285714,0.014285714285714285,0.9857142857142858,1.0
1052,0.13846153846153847,0.0,0.1076923076923077,0.6307692307692307,0.12307692307692308,0.03636363636363636,0.05454545454545454,0.01818181818181818,0.2,0.6909090909090909,0.014285714285714285,0.9857142857142858,1.0
1053,0.1724137931034483,0.10344827586206896,0.08620689655172414,0.5862068965517241,0.05172413793103448,0.038461538461538464,0.0,0.07692307692307693,0.15384615384615385,0.7307692307692307,0.014285714285714285,0.9857142857142858,1.0
1054,0.01818181818181818,0.509090909090909,0.0,0.38181818181818183,0.09090909090909091,0.03571428571428571,0.07142857142857142,0.21428571428571427,0.39285714285714285,0.2857142857142857,0.014285714285714285,0.9857142857142858,1.0
1055,0.11764705882352941,0.6862745098039216,0.0196078431372549,0.17647058823529413,0.0,0.15254237288135594,0.0,0.06779661016949153,0.5932203389830508,0.1864406779661017,0.041666666666666664,0.9583333333333334,1.0
1056,0.01818181818181818,0.6909090909090909,0.03636363636363636,0.2,0.05454545454545454,0.08620689655172414,0.05172413793103448,0.1724137931034483,0.6724137931034483,0.017241379310344827,0.08,0.92,1.0
1057,0.0,0.6065573770491803,0.08196721311475409,0.21311475409836064,0.09836065573770492,0.05263157894736842,0.07017543859649122,0.17543859649122806,0.6666666666666666,0.03508771929824561,0.028169014084507043,0.971830985915493,1.0
1058,0.03333333333333333,0.6166666666666667,0.13333333333333333,0.18333333333333332,0.03333333333333333,0.07407407407407407,0.0,0.2222222222222222,0.6296296296296297,0.07407407407407407,0.0,1.0,1.0
1059,0.0,0.6607142857142857,0.10714285714285714,0.23214285714285715,0.0,0.05660377358490566,0.0,0.2830188679245283,0.5660377358490566,0.09433962264150944,0.041666666666666664,0.9583333333333334,1.0
1060,0.07017543859649122,0.6140350877192983,0.12280701754385964,0.19298245614035087,0.0,0.0,0.0196078431372549,0.27450980392156865,0.6274509803921569,0.0784313725490196,0.0547945205479452,0.9452054794520548,1.0
1061,0.0,0.7407407407407407,0.018518518518518517,0.18518518518518517,0.05555555555555555,0.0,0.0,0.28,0.66,0.06,0.1038961038961039,0.8961038961038961,1.0
1062,0.0,0.6779661016949152,0.03389830508474576,0.1694915254237288,0.11864406779661017,0.019230769230769232,0.019230769230769232,0.21153846153846154,0.6923076923076923,0.057692307692307696,0.0547945205479452,0.9452054794520548,1.0
1063,0.09433962264150944,0.6792452830188679,0.018867924528301886,0.16981132075471697,0.03773584905660377,0.07407407407407407,0.0,0.14814814814814814,0.5925925925925926,0.18518518518518517,0.041666666666666664,0.9583333333333334,1.0
1064,0.09210526315789473,0.0,0.21052631578947367,0.5657894736842105,0.13157894736842105,0.017241379310344827,0.1206896551724138,0.017241379310344827,0.39655172413793105,0.4482758620689655,0.014285714285714285,0.9857142857142858,1.0
1065,0.05172413793103448,0.5,0.10344827586206896,0.3103448275862069,0.034482758620689655,0.10714285714285714,0.0,0.14285714285714285,0.5714285714285714,0.17857142857142858,0.06756756756756757,0.9324324324324325,1.0
1066,0.08196721311475409,0.6065573770491803,0.08196721311475409,0.13114754098360656,0.09836065573770492,0.10344827586206896,0.034482758620689655,0.05172413793103448,0.7413793103448276,0.06896551724137931,0.014285714285714285,0.9857142857142858,1.0
1067,0.0,0.6557377049180327,0.01639344262295082,0.16393442622950818,0.16393442622950818,0.13114754098360656,0.04918032786885246,0.01639344262295082,0.8032786885245902,0.0,0.08,0.92,1.0
1068,0.017857142857142856,0.6785714285714286,0.05357142857142857,0.19642857142857142,0.05357142857142857,0.14516129032258066,0.04838709677419355,0.0967741935483871,0.6774193548387096,0.03225806451612903,0.0547945205479452,0.9452054794520548,1.0
1069,0.07017543859649122,0.6842105263157895,0.0,0.12280701754385964,0.12280701754385964,0.10526315789473684,0.017543859649122806,0.05263157894736842,0.7017543859649122,0.12280701754385964,0.028169014084507043,0.971830985915493,1.0
1070,0.01639344262295082,0.6557377049180327,0.04918032786885246,0.14754098360655737,0.13114754098360656,0.10714285714285714,0.0,0.07142857142857142,0.7678571428571429,0.05357142857142857,0.0547945205479452,0.9452054794520548,1.0
1071,0.0,0.7454545454545455,0.0,0.16363636363636364,0.09090909090909091,0.11290322580645161,0.08064516129032258,0.0967741935483871,0.6935483870967742,0.016129032258064516,0.0547945205479452,0.9452054794520548,1.0
1072,0.0,0.6909090909090909,0.07272727272727272,0.21818181818181817,0.01818181818181818,0.12307692307692308,0.1076923076923077,0.16923076923076924,0.6,0.0,0.0,1.0,1.0
1073,0.03773584905660377,0.7735849056603774,0.0,0.1320754716981132,0.05660377358490566,0.05555555555555555,0.018518518518518517,0.2037037037037037,0.7037037037037037,0.018518518518518517,0.09210526315789473,0.9078947368421053,1.0
1074,0.16981132075471697,0.0,0.018867924528301886,0.7735849056603774,0.03773584905660377,0.09090909090909091,0.15151515151515152,0.030303030303030304,0.18181818181818182,0.5454545454545454,0.041666666666666664,0.9583333333333334,1.0
1075,0.13333333333333333,0.0,0.13333333333333333,0.7,0.03333333333333333,0.11666666666666667,0.05,0.05,0.15,0.6333333333333333,0.0,1.0,1.0
1076,0.03333333333333333,0.06666666666666667,0.06666666666666667,0.7333333333333333,0.1,0.16176470588235295,0.10294117647058823,0.014705882352941176,0.22058823529411764,0.5,0.0,1.0,1.0
1077,0.109375,0.0625,0.09375,0.609375,0.125,0.03571428571428571,0.07142857142857142,0.03571428571428571,0.25,0.6071428571428571,0.028169014084507043,0.971830985915493,1.0
1078,0.11320754716981132,0.22641509433962265,0.018867924528301886,0.6037735849056604,0.03773584905660377,0.16666666666666666,0.0,0.0,0.26666666666666666,0.5666666666666667,0.0547945205479452,0.9452054794520548,1.0
1079,0.24074074074074073,0.1111111111111111,0.05555555555555555,0.5740740740740741,0.018518518518518517,0.0,0.05660377358490566,0.07547169811320754,0.18867924528301888,0.6792452830188679,0.041666666666666664,0.9583333333333334,1.0
1080,0.1724137931034483,0.0,0.06896551724137931,0.6896551724137931,0.06896551724137931,0.05454545454545454,0.03636363636363636,0.03636363636363636,0.14545454545454545,0.7272727272727273,0.0547945205479452,0.9452054794520548,1.0
1081,0.16981132075471697,0.05660377358490566,0.05660377358490566,0.7169811320754716,0.0,0.12698412698412698,0.07936507936507936,0.015873015873015872,0.19047619047619047,0.5873015873015873,0.041666666666666664,0.9583333333333334,1.0
1082,0.03333333333333333,0.0,0.06666666666666667,0.8,0.1,0.12903225806451613,0.06451612903225806,0.04838709677419355,0.14516129032258066,0.6129032258064516,0.0547945205479452,0.9452054794520548,1.0
1083,0.07407407407407407,0.05555555555555555,0.018518518518518517,0.7962962962962963,0.05555555555555555,0.2,0.03076923076923077,0.0,0.15384615384615385,0.6153846153846154,0.041666666666666664,0.9583333333333334,1.0
1084,0.0196078431372549,0.0196078431372549,0.0,0.9411764705882353,0.0196078431372549,0.23529411764705882,0.029411764705882353,0.029411764705882353,0.10294117647058823,0.6029411764705882,0.06756756756756757,0.9324324324324325,1.0
1085,0.09090909090909091,0.14545454545454545,0.05454545454545454,0.6727272727272727,0.03636363636363636,0.1746031746031746,0.031746031746031744,0.031746031746031744,0.20634920634920634,0.5555555555555556,0.014285714285714285,0.9857142857142858,1.0
1086,0.07692307692307693,0.11538461538461539,0.019230769230769232,0.7692307692307693,0.019230769230769232,0.16393442622950818,0.01639344262295082,0.04918032786885246,0.13114754098360656,0.639344262295082,0.0547945205479452,0.9452054794520548,1.0
1087,0.08620689655172414,0.017241379310344827,0.05172413793103448,0.7586206896551724,0.08620689655172414,0.08771929824561403,0.03508771929824561,0.07017543859649122,0.12280701754385964,0.6842105263157895,0.06756756756756757,0.9324324324324325,1.0
1088,0.02,0.14,0.0,0.84,0.0,0.22535211267605634,0.07042253521126761,0.04225352112676056,0.15492957746478872,0.5070422535211268,0.014285714285714285,0.9857142857142858,1.0
1089,0.0,0.16666666666666666,0.07407407407407407,0.7592592592592593,0.0,0.22058823529411764,0.04411764705882353,0.058823529411764705,0.19117647058823528,0.4852941176470588,0.014285714285714285,0.9857142857142858,1.0
1090,0.0,0.48,0.0,0.52,0.0,0.203125,0.015625,0.109375,0.296875,0.375,0.0,1.0,1.0
1091,0.0392156862745098,0.23529411764705882,0.0,0.7058823529411765,0.0196078431372549,0.18461538461538463,0.046153846153846156,0.07692307692307693,0.16923076923076924,0.5230769230769231,0.0,1.0,1.0
1092,0.15517241379310345,0.1724137931034483,0.017241379310344827,0.5344827586206896,0.1206896551724138,0.018518518518518517,0.05555555555555555,0.05555555555555555,0.2222222222222222,0.6481481481481481,0.0,1.0,1.0
1093,0.19298245614035087,0.22807017543859648,0.05263157894736842,0.45614035087719296,0.07017543859649122,0.0196078431372549,0.0,0.058823529411764705,0.29411764705882354,0.6274509803921569,0.028169014084507043,0.971830985915493,1.0
1094,0.1864406779661017,0.05084745762711865,0.15254237288135594,0.6101694915254238,0.0,0.10526315789473684,0.017543859649122806,0.05263157894736842,0.21052631578947367,0.6140350877192983,0.014285714285714285,0.9857142857142858,1.0
1095,0.1509433962264151,0.03773584905660377,0.03773584905660377,0.7547169811320755,0.018867924528301886,0.140625,0.078125,0.03125,0.140625,0.609375,0.014285714285714285,0.9857142857142858,1.0
1096,0.15789473684210525,0.07017543859649122,0.07017543859649122,0.6491228070175439,0.05263157894736842,0.05555555555555555,0.018518518518518517,0.05555555555555555,0.16666666666666666,0.7037037037037037,0.0547945205479452,0.9452054794520548,1.0
1097,0.26666666666666666,0.03333333333333333,0.13333333333333333,0.5333333333333333,0.03333333333333333,0.018518518518518517,0.05555555555555555,0.018518518518518517,0.24074074074074073,0.6666666666666666,0.0,1.0,1.0
1098,0.20967741935483872,0.016129032258064516,0.12903225806451613,0.5806451612903226,0.06451612903225806,0.0,0.0,0.06,0.14,0.8,0.0,1.0,1.0
1099,0.14516129032258066,0.0,0.16129032258064516,0.6612903225806451,0.03225806451612903,0.1,0.06666666666666667,0.05,0.21666666666666667,0.5666666666666667,0.014285714285714285,0.9857142857142858,1.0
1100,0.2727272727272727,0.09090909090909091,0.09090909090909091,0.5454545454545454,0.0,0.07142857142857142,0.03571428571428571,0.0,0.23214285714285715,0.6607142857142857,0.014285714285714285,0.9857142857142858,1.0
1101,0.23636363636363636,0.05454545454545454,0.09090909090909091,0.6181818181818182,0.0,0.12280701754385964,0.0,0.0,0.15789473684210525,0.7192982456140351,0.0,1.0,1.0
1102,0.2033898305084746,0.0,0.11864406779661017,0.6440677966101694,0.03389830508474576,0.0967741935483871,0.0967741935483871,0.0,0.22580645161290322,0.5806451612903226,0.0,1.0,1.0
1103,0.1694915254237288,0.0,0.1016949152542373,0.6779661016949152,0.05084745762711865,0.0967741935483871,0.0967741935483871,0.016129032258064516,0.1935483870967742,0.5967741935483871,0.0,1.0,1.0
1104,0.21428571428571427,0.08928571428571429,0.03571428571428571,0.5892857142857143,0.07142857142857142,0.018518518518518517,0.05555555555555555,0.05555555555555555,0.16666666666666666,0.7037037037037037,0.014285714285714285,0.9857142857142858,1.0
1105,0.08064516129032258,0.08064516129032258,0.03225806451612903,0.6451612903225806,0.16129032258064516,0.03571428571428571,0.07142857142857142,0.03571428571428571,0.19642857142857142,0.6607142857142857,0.028169014084507043,0.971830985915493,1.0
1106,0.1044776119402985,0.07462686567164178,0.13432835820895522,0.5671641791044776,0.11940298507462686,0.0,0.05660377358490566,0.09433962264150944,0.24528301886792453,0.6037735849056604,0.0,1.0,1.0
1107,0.21818181818181817,0.09090909090909091,0.0,0.6,0.09090909090909091,0.0,0.07407407407407407,0.05555555555555555,0.14814814814814814,0.7222222222222222,0.014285714285714285,0.9857142857142858,1.0
1108,0.2641509433962264,0.018867924528301886,0.03773584905660377,0.660377358490566,0.018867924528301886,0.05357142857142857,0.05357142857142857,0.03571428571428571,0.125,0.7321428571428571,0.028169014084507043,0.971830985915493,1.0
1109,0.21428571428571427,0.017857142857142856,0.05357142857142857,0.6607142857142857,0.05357142857142857,0.07142857142857142,0.03571428571428571,0.017857142857142856,0.14285714285714285,0.7321428571428571,0.028169014084507043,0.971830985915493,1.0
1110,0.23076923076923078,0.019230769230769232,0.038461538461538464,0.7115384615384616,0.0,0.0625,0.15625,0.0625,0.15625,0.5625,0.0,1.0,1.0
1111,0.27450980392156865,0.09803921568627451,0.0,0.6078431372549019,0.0196078431372549,0.05357142857142857,0.05357142857142857,0.0,0.25,0.6428571428571429,0.09210526315789473,0.9078947368421053,1.0
1112,0.21153846153846154,0.038461538461538464,0.0,0.7115384615384616,0.038461538461538464,0.05660377358490566,0.0,0.018867924528301886,0.1509433962264151,0.7735849056603774,0.11538461538461539,0.8846153846153846,1.0
1113,0.3,0.06,0.0,0.64,0.0,0.03508771929824561,0.08771929824561403,0.03508771929824561,0.15789473684210525,0.6842105263157895,0.041666666666666664,0.9583333333333334,1.0
1114,0.19642857142857142,0.03571428571428571,0.05357142857142857,0.6607142857142857,0.05357142857142857,0.017857142857142856,0.08928571428571429,0.05357142857142857,0.16071428571428573,0.6785714285714286,0.041666666666666664,0.9583333333333334,1.0
1115,0.17543859649122806,0.08771929824561403,0.0,0.6140350877192983,0.12280701754385964,0.05555555555555555,0.018518518518518517,0.0,0.16666666666666666,0.7592592592592593,0.028169014084507043,0.971830985915493,1.0
1116,0.203125,0.046875,0.140625,0.53125,0.078125,0.0,0.0196078431372549,0.0392156862745098,0.23529411764705882,0.7058823529411765,0.0,1.0,1.0
1117,0.15254237288135594,0.03389830508474576,0.05084745762711865,0.6610169491525424,0.1016949152542373,0.03389830508474576,0.11864406779661017,0.05084745762711865,0.2033898305084746,0.5932203389830508,0.028169014084507043,0.971830985915493,1.0
1118,0.15789473684210525,0.0,0.05263157894736842,0.7192982456140351,0.07017543859649122,0.0847457627118644,0.06779661016949153,0.03389830508474576,0.1694915254237288,0.6440677966101694,0.0547945205479452,0.9452054794520548,1.0
1119,0.03125,0.625,0.09375,0.125,0.125,0.0,0.0196078431372549,0.19607843137254902,0.7450980392156863,0.0392156862745098,0.0,1.0,1.0
1120,0.017857142857142856,0.7321428571428571,0.05357142857142857,0.14285714285714285,0.05357142857142857,0.0,0.0196078431372549,0.27450980392156865,0.6862745098039216,0.0196078431372549,0.06756756756756757,0.9324324324324325,1.0
1121,0.017543859649122806,0.7017543859649122,0.017543859649122806,0.15789473684210525,0.10526315789473684,0.03571428571428571,0.07142857142857142,0.17857142857142858,0.6785714285714286,0.03571428571428571,0.041666666666666664,0.9583333333333334,1.0
1122,0.06666666666666667,0.6666666666666666,0.08333333333333333,0.1,0.08333333333333333,0.10344827586206896,0.034482758620689655,0.08620689655172414,0.7758620689655172,0.0,0.028169014084507043,0.971830985915493,1.0
1123,0.09230769230769231,0.5076923076923077,0.16923076923076924,0.16923076923076924,0.06153846153846154,0.16129032258064516,0.03225806451612903,0.0,0.7741935483870968,0.03225806451612903,0.014285714285714285,0.9857142857142858,1.0
1124,0.16363636363636364,0.6181818181818182,0.01818181818181818,0.12727272727272726,0.07272727272727272,0.1016949152542373,0.05084745762711865,0.01694915254237288,0.6610169491525424,0.1694915254237288,0.014285714285714285,0.9857142857142858,1.0
1125,0.037037037037037035,0.6111111111111112,0.018518518518518517,0.2777777777777778,0.05555555555555555,0.18032786885245902,0.0,0.06557377049180328,0.5409836065573771,0.21311475409836064,0.028169014084507043,0.971830985915493,1.0
1126,0.018867924528301886,0.7735849056603774,0.03773584905660377,0.1509433962264151,0.018867924528301886,0.19696969696969696,0.045454545454545456,0.07575757575757576,0.6515151515151515,0.030303030303030304,0.014285714285714285,0.9857142857142858,1.0
1127,0.0,0.7090909090909091,0.07272727272727272,0.2,0.01818181818181818,0.13793103448275862,0.0,0.1724137931034483,0.6379310344827587,0.05172413793103448,0.0547945205479452,0.9452054794520548,1.0
1128,0.03389830508474576,0.6440677966101694,0.05084745762711865,0.1694915254237288,0.1016949152542373,0.13793103448275862,0.0,0.06896551724137931,0.7068965517241379,0.08620689655172414,0.041666666666666664,0.9583333333333334,1.0
1129,0.07407407407407407,0.6111111111111112,0.037037037037037035,0.24074074074074073,0.037037037037037035,0.13333333333333333,0.03333333333333333,0.1,0.5333333333333333,0.2,0.0,1.0,1.0
1130,0.1111111111111111,0.6296296296296297,0.05555555555555555,0.18518518518518517,0.018518518518518517,0.07407407407407407,0.0,0.16666666666666666,0.5370370370370371,0.2222222222222222,0.0,1.0,1.0
1131,0.08196721311475409,0.5245901639344263,0.06557377049180328,0.21311475409836064,0.11475409836065574,0.07272727272727272,0.01818181818181818,0.07272727272727272,0.6181818181818182,0.21818181818181817,0.0,1.0,1.0
1132,0.0,0.6440677966101694,0.05084745762711865,0.2033898305084746,0.1016949152542373,0.05263157894736842,0.07017543859649122,0.17543859649122806,0.6666666666666666,0.03508771929824561,0.041666666666666664,0.9583333333333334,1.0
1133,0.07142857142857142,0.6785714285714286,0.017857142857142856,0.14285714285714285,0.08928571428571429,0.13559322033898305,0.01694915254237288,0.05084745762711865,0.6440677966101694,0.15254237288135594,0.0,1.0,1.0
1134,0.0,0.5230769230769231,0.09230769230769231,0.24615384615384617,0.13846153846153847,0.0196078431372549,0.0,0.17647058823529413,0.6862745098039216,0.11764705882352941,0.0547945205479452,0.9452054794520548,1.0
1135,0.0,0.75,0.019230769230769232,0.21153846153846154,0.019230769230769232,0.1016949152542373,0.05084745762711865,0.22033898305084745,0.5932203389830508,0.03389830508474576,0.0547945205479452,0.9452054794520548,1.0
1136,0.0,0.75,0.038461538461538464,0.21153846153846154,0.0,0.2,0.03076923076923077,0.1076923076923077,0.6,0.06153846153846154,0.028169014084507043,0.971830985915493,1.0
1137,0.0,0.6851851851851852,0.05555555555555555,0.24074074074074073,0.018518518518518517,0.05357142857142857,0.05357142857142857,0.2857142857142857,0.5357142857142857,0.07142857142857142,0.028169014084507043,0.971830985915493,1.0
1138,0.017543859649122806,0.6842105263157895,0.05263157894736842,0.17543859649122806,0.07017543859649122,0.16666666666666666,0.0,0.08333333333333333,0.7,0.05,0.0547945205479452,0.9452054794520548,1.0
1139,0.016129032258064516,0.6129032258064516,0.08064516129032258,0.1774193548387097,0.11290322580645161,0.16129032258064516,0.03225806451612903,0.03225806451612903,0.7258064516129032,0.04838709677419355,0.014285714285714285,0.9857142857142858,1.0
1140,0.14285714285714285,0.17857142857142858,0.017857142857142856,0.5714285714285714,0.08928571428571429,0.05555555555555555,0.018518518518518517,0.05555555555555555,0.2222222222222222,0.6481481481481481,0.041666666666666664,0.9583333333333334,1.0
1141,0.15789473684210525,0.08771929824561403,0.03508771929824561,0.631578947368421,0.08771929824561403,0.07017543859649122,0.05263157894736842,0.03508771929824561,0.15789473684210525,0.6842105263157895,0.0,1.0,1.0
1142,0.18181818181818182,0.16363636363636364,0.05454545454545454,0.5636363636363636,0.03636363636363636,0.13559322033898305,0.01694915254237288,0.0,0.2711864406779661,0.576271186440678,0.028169014084507043,0.971830985915493,1.0
1143,0.014285714285714285,0.42857142857142855,0.2,0.2714285714285714,0.08571428571428572,0.1,0.06666666666666667,0.11666666666666667,0.7166666666666667,0.0,0.014285714285714285,0.9857142857142858,1.0
1144,0.08,0.78,0.0,0.14,0.0,0.037037037037037035,0.037037037037037035,0.2222222222222222,0.7037037037037037,0.0,0.12658227848101267,0.8734177215189873,1.0
1145,0.0,0.7068965517241379,0.08620689655172414,0.15517241379310345,0.05172413793103448,0.05660377358490566,0.0,0.2641509433962264,0.6792452830188679,0.0,0.041666666666666664,0.9583333333333334,1.0
1146,0.057692307692307696,0.7307692307692307,0.038461538461538464,0.17307692307692307,0.0,0.0847457627118644,0.06779661016949153,0.1864406779661017,0.6271186440677966,0.03389830508474576,0.0547945205479452,0.9452054794520548,1.0
1147,0.017857142857142856,0.7142857142857143,0.08928571428571429,0.16071428571428573,0.017857142857142856,0.038461538461538464,0.0,0.2692307692307692,0.6538461538461539,0.038461538461538464,0.0547945205479452,0.9452054794520548,1.0
1148,0.07272727272727272,0.6363636363636364,0.09090909090909091,0.2,0.0,0.03773584905660377,0.018867924528301886,0.24528301886792453,0.5660377358490566,0.1320754716981132,0.028169014084507043,0.971830985915493,1.0
1149,0.0,0.7142857142857143,0.05357142857142857,0.17857142857142858,0.05357142857142857,0.037037037037037035,0.037037037037037035,0.2777777777777778,0.6296296296296297,0.018518518518518517,0.041666666666666664,0.9583333333333334,1.0
1150,0.07692307692307693,0.7115384615384616,0.019230769230769232,0.17307692307692307,0.019230769230769232,0.03333333333333333,0.13333333333333333,0.21666666666666667,0.6166666666666667,0.0,0.041666666666666664,0.9583333333333334,1.0
1151,0.08,0.78,0.0,0.14,0.0,0.0,0.07407407407407407,0.2777777777777778,0.6111111111111112,0.037037037037037035,0.06756756756756757,0.9324324324324325,1.0
1152,0.03636363636363636,0.7272727272727273,0.05454545454545454,0.14545454545454545,0.03636363636363636,0.14516129032258066,0.04838709677419355,0.11290322580645161,0.6935483870967742,0.0,0.041666666666666664,0.9583333333333334,1.0
1153,0.017543859649122806,0.6842105263157895,0.017543859649122806,0.17543859649122806,0.10526315789473684,0.10526315789473684,0.017543859649122806,0.12280701754385964,0.631578947368421,0.12280701754385964,0.014285714285714285,0.9857142857142858,1.0
1154,0.034482758620689655,0.6551724137931034,0.0,0.1724137931034483,0.13793103448275862,0.018867924528301886,0.03773584905660377,0.16981132075471697,0.6226415094339622,0.1509433962264151,0.014285714285714285,0.9857142857142858,1.0
1155,0.0,0.6666666666666666,0.03508771929824561,0.21052631578947367,0.08771929824561403,0.16129032258064516,0.03225806451612903,0.06451612903225806,0.6935483870967742,0.04838709677419355,0.06756756756756757,0.9324324324324325,1.0
1156,0.0,0.7169811320754716,0.03773584905660377,0.22641509433962265,0.018867924528301886,0.10526315789473684,0.017543859649122806,0.22807017543859648,0.5087719298245614,0.14035087719298245,0.0,1.0,1.0
1157,0.05263157894736842,0.5087719298245614,0.03508771929824561,0.3157894736842105,0.08771929824561403,0.11864406779661017,0.03389830508474576,0.06779661016949153,0.5254237288135594,0.2542372881355932,0.028169014084507043,0.971830985915493,1.0
1158,0.031746031746031744,0.031746031746031744,0.031746031746031744,0.7301587301587301,0.1746031746031746,0.05084745762711865,0.1016949152542373,0.05084745762711865,0.1864406779661017,0.6101694915254238,0.0547945205479452,0.9452054794520548,1.0
1159,0.03125,0.125,0.078125,0.625,0.140625,0.05660377358490566,0.0,0.09433962264150944,0.16981132075471697,0.6792452830188679,0.014285714285714285,0.9857142857142858,1.0
1160,0.05454545454545454,0.7090909090909091,0.01818181818181818,0.14545454545454545,0.07272727272727272,0.10344827586206896,0.034482758620689655,0.1206896551724138,0.6206896551724138,0.1206896551724138,0.0,1.0,1.0
1161,0.09259259259259259,0.6296296296296297,0.018518518518518517,0.2037037037037037,0.05555555555555555,0.125,0.09375,0.046875,0.65625,0.078125,0.0547945205479452,0.9452054794520548,1.0
1162,0.1206896551724138,0.10344827586206896,0.06896551724137931,0.6379310344827587,0.06896551724137931,0.10714285714285714,0.0,0.05357142857142857,0.14285714285714285,0.6964285714285714,0.0,1.0,1.0
1163,0.2545454545454545,0.05454545454545454,0.09090909090909091,0.6,0.0,0.07142857142857142,0.03571428571428571,0.0,0.23214285714285715,0.6607142857142857,0.0547945205479452,0.9452054794520548,1.0
1164,0.18518518518518517,0.018518518518518517,0.07407407407407407,0.7222222222222222,0.0,0.14754098360655737,0.03278688524590164,0.01639344262295082,0.16393442622950818,0.639344262295082,0.041666666666666664,0.9583333333333334,1.0
1165,0.1206896551724138,0.0,0.1206896551724138,0.7413793103448276,0.017241379310344827,0.15254237288135594,0.0,0.05084745762711865,0.1016949152542373,0.6949152542372882,0.014285714285714285,0.9857142857142858,1.0
1166,0.06557377049180328,0.06557377049180328,0.06557377049180328,0.6885245901639344,0.11475409836065574,0.12280701754385964,0.0,0.03508771929824561,0.14035087719298245,0.7017543859649122,0.014285714285714285,0.9857142857142858,1.0
1167,0.11320754716981132,0.11320754716981132,0.0,0.7169811320754716,0.05660377358490566,0.13333333333333333,0.03333333333333333,0.016666666666666666,0.18333333333333332,0.6333333333333333,0.06756756756756757,0.9324324324324325,1.0
1168,0.21428571428571427,0.14285714285714285,0.07142857142857142,0.5357142857142857,0.03571428571428571,0.05454545454545454,0.03636363636363636,0.03636363636363636,0.2727272727272727,0.6,0.041666666666666664,0.9583333333333334,1.0
1169,0.3076923076923077,0.09615384615384616,0.0,0.5576923076923077,0.038461538461538464,0.0196078431372549,0.0,0.0,0.23529411764705882,0.7450980392156863,0.09210526315789473,0.9078947368421053,1.0
1170,0.21568627450980393,0.0784313725490196,0.0,0.6862745098039216,0.0196078431372549,0.018518518518518517,0.05555555555555555,0.07407407407407407,0.14814814814814814,0.7037037037037037,0.09210526315789473,0.9078947368421053,1.0
1171,0.2727272727272727,0.01818181818181818,0.07272727272727272,0.6181818181818182,0.01818181818181818,0.0,0.05660377358490566,0.05660377358490566,0.1320754716981132,0.7547169811320755,0.028169014084507043,0.971830985915493,1.0
1172,0.2033898305084746,0.0,0.05084745762711865,0.6440677966101694,0.1016949152542373,0.0,0.12280701754385964,0.0,0.24561403508771928,0.631578947368421,0.06756756756756757,0.9324324324324325,1.0
1173,0.2037037037037037,0.018518518518518517,0.05555555555555555,0.7037037037037037,0.018518518518518517,0.08064516129032258,0.11290322580645161,0.016129032258064516,0.20967741935483872,0.5806451612903226,0.0547945205479452,0.9452054794520548,1.0
1174,0.16071428571428573,0.0,0.0,0.7321428571428571,0.10714285714285714,0.018867924528301886,0.03773584905660377,0.05660377358490566,0.1320754716981132,0.7547169811320755,0.1038961038961039,0.8961038961038961,1.0
1175,0.019230769230769232,0.7115384615384616,0.038461538461538464,0.23076923076923078,0.0,0.037037037037037035,0.037037037037037035,0.25925925925925924,0.6111111111111112,0.05555555555555555,0.1038961038961039,0.8961038961038961,1.0
1176,0.034482758620689655,0.6551724137931034,0.017241379310344827,0.1724137931034483,0.1206896551724138,0.16393442622950818,0.01639344262295082,0.0,0.6885245901639344,0.13114754098360656,0.028169014084507043,0.971830985915493,1.0
1177,0.13559322033898305,0.05084745762711865,0.1016949152542373,0.6610169491525424,0.05084745762711865,0.0196078431372549,0.0,0.09803921568627451,0.11764705882352941,0.7647058823529411,0.0547945205479452,0.9452054794520548,1.0
1178,0.018867924528301886,0.7735849056603774,0.018867924528301886,0.1509433962264151,0.03773584905660377,0.10344827586206896,0.034482758620689655,0.1724137931034483,0.6724137931034483,0.017241379310344827,0.06756756756756757,0.9324324324324325,1.0
1179,0.0847457627118644,0.6271186440677966,0.11864406779661017,0.13559322033898305,0.03389830508474576,0.10526315789473684,0.017543859649122806,0.12280701754385964,0.7017543859649122,0.05263157894736842,0.014285714285714285,0.9857142857142858,1.0
1180,0.04838709677419355,0.5967741935483871,0.1774193548387097,0.16129032258064516,0.016129032258064516,0.038461538461538464,0.0,0.2692307692307692,0.6923076923076923,0.0,0.014285714285714285,0.9857142857142858,1.0
1181,0.0,0.6206896551724138,0.13793103448275862,0.2413793103448276,0.0,0.1206896551724138,0.017241379310344827,0.1896551724137931,0.6206896551724138,0.05172413793103448,0.041666666666666664,0.9583333333333334,1.0
1182,0.019230769230769232,0.75,0.038461538461538464,0.19230769230769232,0.0,0.10714285714285714,0.0,0.23214285714285715,0.5357142857142857,0.125,0.014285714285714285,0.9857142857142858,1.0
1183,0.018518518518518517,0.6851851851851852,0.0,0.2222222222222222,0.07407407407407407,0.0,0.0196078431372549,0.27450980392156865,0.5686274509803921,0.13725490196078433,0.06756756756756757,0.9324324324324325,1.0
1184,0.15,0.1,0.03333333333333333,0.5833333333333334,0.13333333333333333,0.0,0.038461538461538464,0.057692307692307696,0.15384615384615385,0.75,0.0,1.0,1.0
1185,0.09523809523809523,0.1111111111111111,0.07936507936507936,0.5873015873015873,0.12698412698412698,0.037037037037037035,0.037037037037037035,0.05555555555555555,0.24074074074074073,0.6296296296296297,0.028169014084507043,0.971830985915493,1.0
1186,0.15517241379310345,0.06896551724137931,0.08620689655172414,0.6379310344827587,0.05172413793103448,0.07272727272727272,0.01818181818181818,0.03636363636363636,0.2,0.6727272727272727,0.0547945205479452,0.9452054794520548,1.0
1187,0.16666666666666666,0.06666666666666667,0.05,0.6,0.11666666666666667,0.0,0.10714285714285714,0.05357142857142857,0.19642857142857142,0.6428571428571429,0.0,1.0,1.0
1188,0.08196721311475409,0.06557377049180328,0.0,0.6721311475409836,0.18032786885245902,0.05263157894736842,0.07017543859649122,0.017543859649122806,0.17543859649122806,0.6842105263157895,0.028169014084507043,0.971830985915493,1.0
1189,0.0,0.6363636363636364,0.01818181818181818,0.2727272727272727,0.07272727272727272,0.13846153846153847,0.09230769230769231,0.09230769230769231,0.6,0.07692307692307693,0.041666666666666664,0.9583333333333334,1.0
1190,0.15384615384615385,0.6346153846153846,0.0,0.17307692307692307,0.038461538461538464,0.08620689655172414,0.05172413793103448,0.08620689655172414,0.5689655172413793,0.20689655172413793,0.014285714285714285,0.9857142857142858,1.0
1191,0.23076923076923078,0.07692307692307693,0.0,0.6538461538461539,0.038461538461538464,0.08333333333333333,0.08333333333333333,0.016666666666666666,0.16666666666666666,0.65,0.014285714285714285,0.9857142857142858,1.0
1192,0.09523809523809523,0.07936507936507936,0.047619047619047616,0.6190476190476191,0.15873015873015872,0.038461538461538464,0.0,0.038461538461538464,0.17307692307692307,0.75,0.028169014084507043,0.971830985915493,1.0
1193,0.01694915254237288,0.01694915254237288,0.05084745762711865,0.8135593220338984,0.1016949152542373,0.12903225806451613,0.06451612903225806,0.08064516129032258,0.0967741935483871,0.6290322580645161,0.028169014084507043,0.971830985915493,1.0
1194,0.19298245614035087,0.017543859649122806,0.07017543859649122,0.6666666666666666,0.05263157894736842,0.05555555555555555,0.018518518518518517,0.037037037037037035,0.12962962962962962,0.7592592592592593,0.041666666666666664,0.9583333333333334,1.0
1195,0.2,0.03333333333333333,0.05,0.6,0.11666666666666667,0.0,0.10714285714285714,0.017857142857142856,0.19642857142857142,0.6785714285714286,0.0,1.0,1.0
1196,0.2909090909090909,0.03636363636363636,0.05454545454545454,0.5818181818181818,0.03636363636363636,0.0,0.09090909090909091,0.03636363636363636,0.16363636363636364,0.7090909090909091,0.0,1.0,1.0
1197,0.3076923076923077,0.11538461538461539,0.0,0.5384615384615384,0.038461538461538464,0.01818181818181818,0.07272727272727272,0.01818181818181818,0.18181818181818182,0.7090909090909091,0.0,1.0,1.0
1198,0.24561403508771928,0.07017543859649122,0.05263157894736842,0.5614035087719298,0.07017543859649122,0.0196078431372549,0.0,0.0196078431372549,0.19607843137254902,0.7647058823529411,0.041666666666666664,0.9583333333333334,1.0
1199,0.23076923076923078,0.09615384615384616,0.0,0.6346153846153846,0.038461538461538464,0.05555555555555555,0.018518518518518517,0.037037037037037035,0.14814814814814814,0.7407407407407407,0.0547945205479452,0.9452054794520548,1.0
1200,0.24,0.04,0.0,0.72,0.0,0.07936507936507936,0.12698412698412698,0.047619047619047616,0.14285714285714285,0.6031746031746031,0.014285714285714285,0.9857142857142858,1.0
1201,0.018518518518518517,0.5925925925925926,0.037037037037037035,0.3148148148148148,0.037037037037037035,0.05660377358490566,0.0,0.2641509433962264,0.4339622641509434,0.24528301886792453,0.028169014084507043,0.971830985915493,1.0
1202,0.1896551724137931,0.08620689655172414,0.08620689655172414,0.5862068965517241,0.05172413793103448,0.019230769230769232,0.019230769230769232,0.07692307692307693,0.21153846153846154,0.6730769230769231,0.0547945205479452,0.9452054794520548,1.0
1203,0.27450980392156865,0.0784313725490196,0.0,0.6274509803921569,0.0196078431372549,0.05555555555555555,0.018518518518518517,0.037037037037037035,0.12962962962962962,0.7592592592592593,0.041666666666666664,0.9583333333333334,1.0
1204,0.22033898305084745,0.01694915254237288,0.0847457627118644,0.6101694915254238,0.06779661016949153,0.0,0.0,0.04,0.16,0.8,0.0547945205479452,0.9452054794520548,1.0
1205,0.3333333333333333,0.11764705882352941,0.0196078431372549,0.5294117647058824,0.0,0.0,0.0196078431372549,0.0,0.27450980392156865,0.7058823529411765,0.1038961038961039,0.8961038961038961,1.0
1206,0.09836065573770492,0.04918032786885246,0.06557377049180328,0.6721311475409836,0.11475409836065574,0.07407407407407407,0.0,0.05555555555555555,0.1111111111111111,0.7592592592592593,0.014285714285714285,0.9857142857142858,1.0
1207,0.08064516129032258,0.08064516129032258,0.12903225806451613,0.6451612903225806,0.06451612903225806,0.10714285714285714,0.0,0.07142857142857142,0.23214285714285715,0.5892857142857143,0.0547945205479452,0.9452054794520548,1.0
1208,0.06557377049180328,0.5737704918032787,0.13114754098360656,0.18032786885245902,0.04918032786885246,0.0,0.0,0.26,0.64,0.1,0.014285714285714285,0.9857142857142858,1.0
1209,0.01818181818181818,0.6727272727272727,0.09090909090909091,0.21818181818181817,0.0,0.10526315789473684,0.017543859649122806,0.21052631578947367,0.631578947368421,0.03508771929824561,0.06756756756756757,0.9324324324324325,1.0
1210,0.01694915254237288,0.6440677966101694,0.13559322033898305,0.1864406779661017,0.01694915254237288,0.05660377358490566,0.0,0.2830188679245283,0.6415094339622641,0.018867924528301886,0.028169014084507043,0.971830985915493,1.0
1211,0.3076923076923077,0.0,0.019230769230769232,0.6538461538461539,0.019230769230769232,0.0,0.13793103448275862,0.034482758620689655,0.1896551724137931,0.6379310344827587,0.0547945205479452,0.9452054794520548,1.0
1212,0.17543859649122806,0.017543859649122806,0.017543859649122806,0.6842105263157895,0.10526315789473684,0.03508771929824561,0.08771929824561403,0.0,0.19298245614035087,0.6842105263157895,0.06756756756756757,0.9324324324324325,1.0
1213,0.23214285714285715,0.03571428571428571,0.07142857142857142,0.625,0.03571428571428571,0.07272727272727272,0.01818181818181818,0.01818181818181818,0.18181818181818182,0.7090909090909091,0.041666666666666664,0.9583333333333334,1.0
1214,0.2830188679245283,0.018867924528301886,0.0,0.6415094339622641,0.05660377358490566,0.034482758620689655,0.10344827586206896,0.0,0.1724137931034483,0.6896551724137931,0.028169014084507043,0.971830985915493,1.0
1215,0.10344827586206896,0.05172413793103448,0.0,0.7068965517241379,0.13793103448275862,0.034482758620689655,0.10344827586206896,0.06896551724137931,0.13793103448275862,0.6551724137931034,0.028169014084507043,0.971830985915493,1.0
1216,0.17857142857142858,0.14285714285714285,0.05357142857142857,0.5714285714285714,0.05357142857142857,0.0,0.0,0.1,0.16,0.74,0.041666666666666664,0.9583333333333334,1.0
1217,0.045454545454545456,0.07575757575757576,0.12121212121212122,0.6363636363636364,0.12121212121212122,0.12280701754385964,0.0,0.017543859649122806,0.22807017543859648,0.631578947368421,0.014285714285714285,0.9857142857142858,1.0
1218,0.03225806451612903,0.6451612903225806,0.06451612903225806,0.12903225806451613,0.12903225806451613,0.01818181818181818,0.07272727272727272,0.16363636363636364,0.7272727272727273,0.01818181818181818,0.0,1.0,1.0
1219,0.0,0.7692307692307693,0.0,0.19230769230769232,0.038461538461538464,0.018867924528301886,0.03773584905660377,0.3018867924528302,0.5471698113207547,0.09433962264150944,0.041666666666666664,0.9583333333333334,1.0
1220,0.0196078431372549,0.803921568627451,0.0196078431372549,0.1568627450980392,0.0,0.07407407407407407,0.0,0.24074074074074073,0.5740740740740741,0.1111111111111111,0.041666666666666664,0.9583333333333334,1.0
1221,0.02,0.8,0.0,0.18,0.0,0.13793103448275862,0.0,0.15517241379310345,0.6206896551724138,0.08620689655172414,0.08,0.92,1.0
1222,0.19607843137254902,0.058823529411764705,0.0196078431372549,0.7254901960784313,0.0,0.15254237288135594,0.0,0.0,0.15254237288135594,0.6949152542372882,0.06756756756756757,0.9324324324324325,1.0
1223,0.04918032786885246,0.06557377049180328,0.06557377049180328,0.7049180327868853,0.11475409836065574,0.12280701754385964,0.0,0.03508771929824561,0.14035087719298245,0.7017543859649122,0.028169014084507043,0.971830985915493,1.0
1224,0.03333333333333333,0.08333333333333333,0.03333333333333333,0.7166666666666667,0.13333333333333333,0.12280701754385964,0.0,0.05263157894736842,0.15789473684210525,0.6666666666666666,0.0547945205479452,0.9452054794520548,1.0
1225,0.23636363636363636,0.0,0.01818181818181818,0.6727272727272727,0.07272727272727272,0.0,0.038461538461538464,0.038461538461538464,0.1346153846153846,0.7884615384615384,0.08,0.92,1.0
1226,0.15789473684210525,0.017543859649122806,0.05263157894736842,0.7017543859649122,0.07017543859649122,0.10714285714285714,0.0,0.0,0.17857142857142858,0.7142857142857143,0.08,0.92,1.0
1227,0.2692307692307692,0.07692307692307693,0.038461538461538464,0.6153846153846154,0.0,0.038461538461538464,0.0,0.038461538461538464,0.17307692307692307,0.75,0.08,0.92,1.0
1228,0.23076923076923078,0.07692307692307693,0.038461538461538464,0.6538461538461539,0.0,0.09090909090909091,0.0,0.0,0.2,0.7090909090909091,0.09210526315789473,0.9078947368421053,1.0
1229,0.15384615384615385,0.019230769230769232,0.0,0.7884615384615384,0.038461538461538464,0.12121212121212122,0.12121212121212122,0.0,0.18181818181818182,0.5757575757575758,0.0547945205479452,0.9452054794520548,1.0
1230,0.19642857142857142,0.017857142857142856,0.07142857142857142,0.6785714285714286,0.03571428571428571,0.08620689655172414,0.05172413793103448,0.034482758620689655,0.1206896551724138,0.7068965517241379,0.0,1.0,1.0
1231,0.08771929824561403,0.017543859649122806,0.07017543859649122,0.7719298245614035,0.05263157894736842,0.15873015873015872,0.047619047619047616,0.031746031746031744,0.1111111111111111,0.6507936507936508,0.0,1.0,1.0
1232,0.1864406779661017,0.01694915254237288,0.0847457627118644,0.6440677966101694,0.06779661016949153,0.07407407407407407,0.0,0.018518518518518517,0.16666666666666666,0.7407407407407407,0.041666666666666664,0.9583333333333334,1.0
1233,0.12698412698412698,0.1111111111111111,0.031746031746031744,0.5555555555555556,0.1746031746031746,0.0196078431372549,0.0,0.0,0.27450980392156865,0.7058823529411765,0.0547945205479452,0.9452054794520548,1.0
1234,0.015151515151515152,0.030303030303030304,0.09090909090909091,0.7121212121212122,0.15151515151515152,0.13793103448275862,0.0,0.017241379310344827,0.15517241379310345,0.6896551724137931,0.014285714285714285,0.9857142857142858,1.0
1235,0.03333333333333333,0.016666666666666666,0.06666666666666667,0.7833333333333333,0.1,0.16417910447761194,0.08955223880597014,0.014925373134328358,0.16417910447761194,0.5671641791044776,0.0,1.0,1.0
1236,0.01639344262295082,0.08196721311475409,0.06557377049180328,0.7213114754098361,0.11475409836065574,0.15873015873015872,0.047619047619047616,0.031746031746031744,0.1746031746031746,0.5873015873015873,0.0,1.0,1.0
1237,0.08928571428571429,0.05357142857142857,0.10714285714285714,0.75,0.0,0.2153846153846154,0.015384615384615385,0.015384615384615385,0.18461538461538463,0.5692307692307692,0.028169014084507043,0.971830985915493,1.0
1238,0.017857142857142856,0.6785714285714286,0.0,0.19642857142857142,0.10714285714285714,0.16129032258064516,0.03225806451612903,0.04838709677419355,0.6612903225806451,0.0967741935483871,0.041666666666666664,0.9583333333333334,1.0
1239,0.05357142857142857,0.6964285714285714,0.05357142857142857,0.14285714285714285,0.05357142857142857,0.16666666666666666,0.0,0.06666666666666667,0.6666666666666666,0.1,0.014285714285714285,0.9857142857142858,1.0
1240,0.05660377358490566,0.6415094339622641,0.018867924528301886,0.24528301886792453,0.03773584905660377,0.13846153846153847,0.09230769230769231,0.09230769230769231,0.5692307692307692,0.1076923076923077,0.014285714285714285,0.9857142857142858,1.0
1241,0.18181818181818182,0.03636363636363636,0.07272727272727272,0.6909090909090909,0.01818181818181818,0.1,0.06666666666666667,0.03333333333333333,0.16666666666666666,0.6333333333333333,0.028169014084507043,0.971830985915493,1.0
1242,0.28846153846153844,0.057692307692307696,0.019230769230769232,0.6153846153846154,0.019230769230769232,0.05172413793103448,0.08620689655172414,0.0,0.1896551724137931,0.6724137931034483,0.028169014084507043,0.971830985915493,1.0
1243,0.3090909090909091,0.03636363636363636,0.07272727272727272,0.5636363636363636,0.01818181818181818,0.038461538461538464,0.0,0.0,0.19230769230769232,0.7692307692307693,0.041666666666666664,0.9583333333333334,1.0
1244,0.10909090909090909,0.6727272727272727,0.03636363636363636,0.12727272727272726,0.05454545454545454,0.01818181818181818,0.07272727272727272,0.18181818181818182,0.6181818181818182,0.10909090909090909,0.0,1.0,1.0
1245,0.09433962264150944,0.6037735849056604,0.018867924528301886,0.24528301886792453,0.03773584905660377,0.05555555555555555,0.018518518518518517,0.18518518518518517,0.5,0.24074074074074073,0.028169014084507043,0.971830985915493,1.0
1246,0.019230769230769232,0.6153846153846154,0.019230769230769232,0.3269230769230769,0.019230769230769232,0.05454545454545454,0.03636363636363636,0.2545454545454545,0.41818181818181815,0.23636363636363636,0.028169014084507043,0.971830985915493,1.0
1247,0.0196078431372549,0.7450980392156863,0.0,0.21568627450980393,0.0196078431372549,0.037037037037037035,0.037037037037037035,0.2962962962962963,0.48148148148148145,0.14814814814814814,0.014285714285714285,0.9857142857142858,1.0
1248,0.05454545454545454,0.7090909090909091,0.01818181818181818,0.14545454545454545,0.07272727272727272,0.019230769230769232,0.019230769230769232,0.23076923076923078,0.6153846153846154,0.11538461538461539,0.028169014084507043,0.971830985915493,1.0
1249,0.03773584905660377,0.7547169811320755,0.018867924528301886,0.1509433962264151,0.03773584905660377,0.05357142857142857,0.05357142857142857,0.23214285714285715,0.5714285714285714,0.08928571428571429,0.0,1.0,1.0
