,"('NP', 'np')","('NP', ('NP', 'NP'))","('S', ('NP', 'S'))","('S', ('NP', 'VP'))","('S', ('S', 'NP'))","('S', ('VP', 'NP'))","('S', ('VP',))","('V', 'v')","('VP', ('NP', 'V'))","('VP', ('NP', 'VP'))","('VP', ('V', 'NP'))","('VP', ('V',))","('VP', ('VP', 'NP'))"
0,0.945205479,0.054794521,0,0.692307692,0.038461538,0.076923077,0.192307692,1,0.137931034,0.017241379,0.120689655,0.603448276,0.120689655
1,0.945205479,0.054794521,0.090909091,0.072727273,0,0.290909091,0.545454545,1,0.660377358,0.056603774,0.037735849,0.245283019,0
2,0.971830986,0.028169014,0.086206897,0,0.051724138,0.224137931,0.637931034,1,0.773584906,0.037735849,0.037735849,0.132075472,0.018867925
3,0.932432432,0.067567568,0,0.08,0,0.16,0.76,1,0.606557377,0.081967213,0.06557377,0.147540984,0.098360656
4,0.971830986,0.028169014,0,0.055555556,0.074074074,0.203703704,0.666666667,1,0.701754386,0.105263158,0.035087719,0.140350877,0.01754386
5,0.971830986,0.028169014,0.101694915,0,0.050847458,0.169491525,0.677966102,1,0.661016949,0.033898305,0,0.186440678,0.118644068
6,0.958333333,0.041666667,0.056603774,0.056603774,0,0.150943396,0.735849057,1,0.65,0.016666667,0.05,0.133333333,0.15
7,0.971830986,0.028169014,0.074074074,0.055555556,0,0.148148148,0.722222222,1,0.546875,0.078125,0.046875,0.1875,0.140625
8,0.958333333,0.041666667,0,0,0.206349206,0.111111111,0.682539683,1,0.714285714,0.107142857,0,0.178571429,0
9,0.958333333,0.041666667,0.033333333,0.033333333,0.133333333,0.1,0.7,1,0.732142857,0.035714286,0.017857143,0.142857143,0.071428571
10,0.971830986,0.028169014,0,0.056603774,0.056603774,0.264150943,0.622641509,1,0.745454545,0.072727273,0.018181818,0.145454545,0.018181818
11,0.985714286,0.014285714,0.018181818,0.054545455,0.072727273,0.236363636,0.618181818,1,0.649122807,0.122807018,0.052631579,0.175438596,0
12,0.971830986,0.028169014,0,0.092592593,0.074074074,0.185185185,0.648148148,1,0.678571429,0.071428571,0.071428571,0.142857143,0.035714286
13,0.932432432,0.067567568,0,0.16,0,0.24,0.6,1,0.678571429,0,0,0.214285714,0.107142857
14,0.971830986,0.028169014,0,0.333333333,0.019607843,0.078431373,0.568627451,1,0.46031746,0.015873016,0.047619048,0.285714286,0.19047619
15,1,0,0.035714286,0.071428571,0.071428571,0.142857143,0.678571429,1,0.578125,0.09375,0,0.203125,0.125
16,0.958333333,0.041666667,0,0.078431373,0.019607843,0.156862745,0.745098039,1,0.545454545,0.106060606,0.015151515,0.196969697,0.136363636
17,1,0,0.055555556,0.092592593,0.018518519,0.055555556,0.777777778,1,0.553846154,0.076923077,0.092307692,0.123076923,0.153846154
18,0.985714286,0.014285714,0.05,0.016666667,0.116666667,0.016666667,0.8,1,0.625,0.0625,0.03125,0.125,0.15625
19,0.971830986,0.028169014,0.014925373,0.074626866,0.23880597,0,0.671641791,1,0.649122807,0.070175439,0.01754386,0.210526316,0.052631579
20,0.985714286,0.014285714,0.029850746,0.044776119,0.223880597,0.059701493,0.641791045,1,0.754716981,0.056603774,0.018867925,0.169811321,0
21,0.971830986,0.028169014,0.030769231,0.030769231,0.2,0.061538462,0.676923077,1,0.727272727,0.054545455,0.018181818,0.163636364,0.036363636
22,0.945205479,0.054794521,0.051724138,0.155172414,0.086206897,0,0.706896552,1,0.524590164,0.032786885,0.081967213,0.213114754,0.147540984
23,0.932432432,0.067567568,0.016666667,0.016666667,0.15,0.1,0.716666667,1,0.727272727,0.054545455,0.036363636,0.145454545,0.036363636
24,0.932432432,0.067567568,0,0,0.180327869,0.081967213,0.737704918,1,0.666666667,0.122807018,0.052631579,0.157894737,0
25,1,0,0.072727273,0.054545455,0.018181818,0.181818182,0.672727273,1,0.644067797,0.06779661,0.06779661,0.13559322,0.084745763
26,0.958333333,0.041666667,0.037735849,0.132075472,0.018867925,0.094339623,0.716981132,1,0.553846154,0.030769231,0,0.215384615,0.2
27,0.971830986,0.028169014,0.038461538,0.096153846,0,0.057692308,0.807692308,1,0.597014925,0,0,0.149253731,0.253731343
28,1,0,0.089285714,0.035714286,0.017857143,0.089285714,0.767857143,1,0.650793651,0.015873016,0.031746032,0.111111111,0.19047619
29,0.985714286,0.014285714,0.15,0.016666667,0.016666667,0.066666667,0.75,1,0.59375,0,0.015625,0.171875,0.21875
30,1,0,0.054545455,0,0.036363636,0.127272727,0.781818182,1,0.621212121,0.075757576,0,0.136363636,0.166666667
31,1,0,0.016393443,0,0.163934426,0.06557377,0.754098361,1,0.672131148,0.114754098,0.032786885,0.114754098,0.06557377
32,0.958333333,0.041666667,0.016949153,0.118644068,0.13559322,0.06779661,0.661016949,1,0.6,0.033333333,0,0.233333333,0.133333333
33,0.958333333,0.041666667,0.035714286,0.017857143,0.071428571,0.071428571,0.803571429,1,0.661290323,0.048387097,0.032258065,0.112903226,0.14516129
34,0.971830986,0.028169014,0.019607843,0.176470588,0,0.31372549,0.490196078,1,0.607142857,0.089285714,0.017857143,0.267857143,0.017857143
35,0.958333333,0.041666667,0.125,0.484375,0.09375,0.046875,0.25,1,0,0.137931034,0.172413793,0.689655172,0
36,0.971830986,0.028169014,0.051724138,0.655172414,0.086206897,0.034482759,0.172413793,1,0,0.107142857,0.232142857,0.660714286,0
37,0.92,0.08,0.086206897,0.637931034,0.051724138,0.068965517,0.155172414,1,0.019607843,0.019607843,0.235294118,0.725490196,0
38,0.945205479,0.054794521,0,0.692307692,0.038461538,0.019230769,0.25,1,0.160714286,0.035714286,0.196428571,0.535714286,0.071428571
39,0.945205479,0.054794521,0.056603774,0.660377358,0,0.056603774,0.226415094,1,0.111111111,0.015873016,0.063492063,0.619047619,0.19047619
40,0.958333333,0.041666667,0.037037037,0.092592593,0.037037037,0.203703704,0.62962963,1,0.709090909,0,0.036363636,0.163636364,0.090909091
41,0.945205479,0.054794521,0.050847458,0,0.101694915,0.118644068,0.728813559,1,0.548387097,0.14516129,0.048387097,0.209677419,0.048387097
42,0.932432432,0.067567568,0.01754386,0.157894737,0.105263158,0.105263158,0.614035088,1,0.559322034,0.033898305,0,0.288135593,0.118644068
43,0.985714286,0.014285714,0.037037037,0.055555556,0.037037037,0.166666667,0.703703704,1,0.553846154,0.107692308,0.015384615,0.2,0.123076923
44,0.971830986,0.028169014,0.072727273,0.054545455,0.018181818,0.290909091,0.563636364,1,0.754716981,0.018867925,0,0.188679245,0.037735849
45,0.958333333,0.041666667,0,0.173076923,0.038461538,0.307692308,0.480769231,1,0.679245283,0.037735849,0,0.264150943,0.018867925
46,0.945205479,0.054794521,0.089285714,0,0.017857143,0.196428571,0.696428571,1,0.701754386,0.01754386,0.01754386,0.157894737,0.105263158
47,0.896103896,0.103896104,0.018867925,0.037735849,0.037735849,0.075471698,0.830188679,1,0.64516129,0,0,0.161290323,0.193548387
48,0.896103896,0.103896104,0,0.019230769,0.038461538,0.230769231,0.711538462,1,0.745454545,0,0,0.163636364,0.090909091
49,0.958333333,0.041666667,0.019607843,0.039215686,0,0.235294118,0.705882353,1,0.666666667,0.066666667,0.016666667,0.15,0.1
50,0.971830986,0.028169014,0.052631579,0.649122807,0.070175439,0.01754386,0.210526316,1,0.015873016,0.095238095,0.126984127,0.650793651,0.111111111
51,0.958333333,0.041666667,0.06779661,0.033898305,0.084745763,0.152542373,0.661016949,1,0.754716981,0,0.056603774,0.132075472,0.056603774
52,0.92,0.08,0.037735849,0.018867925,0.018867925,0.20754717,0.716981132,1,0.719298246,0,0,0.157894737,0.122807018
53,0.985714286,0.014285714,0.018181818,0.072727273,0.072727273,0.218181818,0.618181818,1,0.714285714,0.053571429,0.017857143,0.160714286,0.053571429
54,1,0,0.033333333,0.166666667,0.133333333,0.116666667,0.55,1,0.672727273,0,0,0.236363636,0.090909091
55,1,0,0.036363636,0.163636364,0.054545455,0.090909091,0.654545455,1,0.571428571,0.031746032,0.015873016,0.206349206,0.174603175
56,1,0,0.072727273,0.109090909,0.018181818,0.072727273,0.727272727,1,0.639344262,0,0.06557377,0.114754098,0.180327869
57,1,0,0.032258065,0.161290323,0.161290323,0.096774194,0.548387097,1,0.578947368,0.070175439,0.01754386,0.280701754,0.052631579
58,0.971830986,0.028169014,0.166666667,0,0,0.033333333,0.8,1,0.537313433,0.029850746,0.029850746,0.179104478,0.223880597
59,0.92,0.08,0.074074074,0.018518519,0,0.092592593,0.814814815,1,0.639344262,0,0.049180328,0.131147541,0.180327869
60,0.958333333,0.041666667,0.033898305,0.694915254,0.118644068,0,0.152542373,1,0.033333333,0.016666667,0.066666667,0.733333333,0.15
61,1,0,0.13559322,0.677966102,0.016949153,0.016949153,0.152542373,1,0,0.016949153,0.169491525,0.677966102,0.13559322
62,1,0,0,0.672413793,0.137931034,0.017241379,0.172413793,1,0.052631579,0.122807018,0.192982456,0.631578947,0
63,1,0,0.017241379,0.706896552,0.120689655,0.034482759,0.120689655,1,0,0.122807018,0.192982456,0.684210526,0
64,1,0,0.01754386,0.578947368,0.105263158,0.01754386,0.280701754,1,0.015625,0.21875,0.203125,0.5625,0
65,0.985714286,0.014285714,0.01754386,0.596491228,0.105263158,0.01754386,0.263157895,1,0.125,0.107142857,0.232142857,0.535714286,0
66,0.985714286,0.014285714,0.016129032,0.612903226,0.177419355,0,0.193548387,1,0.087719298,0.070175439,0.105263158,0.684210526,0.052631579
67,0.945205479,0.054794521,0,0.692307692,0.038461538,0.115384615,0.153846154,1,0.148148148,0.037037037,0.166666667,0.611111111,0.037037037
68,1,0,0,0.68627451,0.019607843,0.078431373,0.215686275,1,0.107692308,0.107692308,0.107692308,0.553846154,0.123076923
69,0.985714286,0.014285714,0,0.714285714,0.107142857,0,0.178571429,1,0.032786885,0.098360656,0.147540984,0.639344262,0.081967213
70,0.985714286,0.014285714,0.05,0.533333333,0.116666667,0.083333333,0.216666667,1,0.080645161,0.129032258,0.064516129,0.661290323,0.064516129
71,0.958333333,0.041666667,0.15942029,0.043478261,0.115942029,0.072463768,0.608695652,1,0.6,0.036363636,0.018181818,0.290909091,0.054545455
72,0.92,0.08,0.032786885,0.032786885,0.147540984,0.081967213,0.704918033,1,0.716981132,0.056603774,0.075471698,0.150943396,0
73,0.971830986,0.028169014,0,0.118644068,0.152542373,0.186440678,0.542372881,1,0.730769231,0.038461538,0,0.230769231,0
74,0.971830986,0.028169014,0,0.103448276,0.137931034,0.155172414,0.603448276,1,0.754716981,0.037735849,0.018867925,0.169811321,0.018867925
75,0.958333333,0.041666667,0.052631579,0.087719298,0.070175439,0.245614035,0.543859649,1,0.764705882,0,0,0.215686275,0.019607843
76,0.907894737,0.092105263,0,0.037735849,0.056603774,0.264150943,0.641509434,1,0.803921569,0.019607843,0.019607843,0.156862745,0
77,0.92,0.08,0.054545455,0.054545455,0.036363636,0.272727273,0.581818182,1,0.764705882,0,0,0.215686275,0.019607843
78,0.971830986,0.028169014,0.096774194,0.596774194,0.096774194,0,0.209677419,1,0,0.060606061,0.03030303,0.727272727,0.181818182
79,1,0,0.018867925,0.754716981,0.037735849,0,0.188679245,1,0.063492063,0.063492063,0.142857143,0.587301587,0.142857143
80,0.971830986,0.028169014,0,0.709090909,0.090909091,0.036363636,0.163636364,1,0.015151515,0.106060606,0.060606061,0.681818182,0.136363636
81,0.985714286,0.014285714,0,0.716981132,0.056603774,0.056603774,0.169811321,1,0.079365079,0.079365079,0.095238095,0.619047619,0.126984127
82,0.945205479,0.054794521,0.034482759,0.637931034,0.103448276,0.051724138,0.172413793,1,0.016666667,0.1,0.1,0.716666667,0.066666667
83,0.958333333,0.041666667,0.049180328,0.655737705,0.131147541,0.016393443,0.147540984,1,0,0.071428571,0.142857143,0.75,0.035714286
84,0.971830986,0.028169014,0.051724138,0.689655172,0.086206897,0,0.172413793,1,0.016393443,0.06557377,0.114754098,0.68852459,0.114754098
85,0.985714286,0.014285714,0.117647059,0.529411765,0.147058824,0.073529412,0.132352941,1,0.056603774,0.018867925,0.056603774,0.830188679,0.037735849
86,0.907894737,0.092105263,0.066666667,0.583333333,0.1,0.116666667,0.133333333,1,0.094339623,0,0.037735849,0.811320755,0.056603774
87,0.932432432,0.067567568,0.074074074,0.759259259,0,0.018518519,0.148148148,1,0,0.018181818,0.236363636,0.672727273,0.072727273
88,1,0,0.086206897,0.672413793,0.051724138,0.051724138,0.137931034,1,0.01754386,0.070175439,0.192982456,0.666666667,0.052631579
89,0.92,0.08,0.035087719,0.719298246,0.087719298,0.052631579,0.105263158,1,0,0.018518519,0.148148148,0.777777778,0.055555556
90,0.971830986,0.028169014,0.125,0.53125,0.09375,0.09375,0.15625,1,0.070175439,0.01754386,0.035087719,0.771929825,0.105263158
91,0.945205479,0.054794521,0.066666667,0.666666667,0.1,0,0.166666667,1,0.034482759,0,0.086206897,0.74137931,0.137931034
92,0.958333333,0.041666667,0.06779661,0.694915254,0.084745763,0.033898305,0.118644068,1,0,0.016129032,0.032258065,0.774193548,0.177419355
93,0.985714286,0.014285714,0.064516129,0.629032258,0.129032258,0.016129032,0.161290323,1,0.06557377,0.016393443,0.016393443,0.737704918,0.163934426
94,0.971830986,0.028169014,0.016393443,0.655737705,0.163934426,0,0.163934426,1,0.101694915,0,0.016949153,0.728813559,0.152542373
95,0.932432432,0.067567568,0.050847458,0.694915254,0.101694915,0,0.152542373,1,0,0.015873016,0.015873016,0.777777778,0.19047619
96,0.945205479,0.054794521,0.098360656,0.590163934,0.081967213,0,0.229508197,1,0,0.064516129,0.096774194,0.709677419,0.129032258
97,0.932432432,0.067567568,0,0.62745098,0.019607843,0.078431373,0.274509804,1,0.188679245,0.056603774,0.264150943,0.490566038,0
98,1,0,0,0.666666667,0.074074074,0.074074074,0.185185185,1,0.048387097,0.161290323,0.161290323,0.596774194,0.032258065
99,0.971830986,0.028169014,0.017857143,0.714285714,0.089285714,0.035714286,0.142857143,1,0.034482759,0.068965517,0.155172414,0.672413793,0.068965517
100,1,0,0.038461538,0.134615385,0,0.173076923,0.653846154,1,0.603448276,0.086206897,0.137931034,0.120689655,0.051724138
101,0.945205479,0.054794521,0,0.740740741,0.074074074,0,0.185185185,1,0.070175439,0.035087719,0.175438596,0.631578947,0.087719298
102,0.932432432,0.067567568,0,0.82,0,0,0.18,1,0.016666667,0.05,0.2,0.616666667,0.116666667
103,0.945205479,0.054794521,0.019230769,0.730769231,0.019230769,0.019230769,0.211538462,1,0.148148148,0,0.222222222,0.555555556,0.074074074
104,0.985714286,0.014285714,0.018181818,0.690909091,0.072727273,0,0.218181818,1,0.084745763,0.06779661,0.186440678,0.576271186,0.084745763
105,0.971830986,0.028169014,0.049180328,0.557377049,0.131147541,0.131147541,0.131147541,1,0.103448276,0.068965517,0,0.75862069,0.068965517
106,0.971830986,0.028169014,0.031746032,0.619047619,0.174603175,0.063492063,0.111111111,1,0.113207547,0,0.037735849,0.79245283,0.056603774
107,0.945205479,0.054794521,0.016393443,0.639344262,0.163934426,0.032786885,0.147540984,1,0.074074074,0.018518519,0.092592593,0.759259259,0.055555556
108,0.932432432,0.067567568,0.016949153,0.644067797,0.13559322,0.050847458,0.152542373,1,0.018518519,0.074074074,0.166666667,0.740740741,0
109,0.92,0.08,0.016949153,0.694915254,0.13559322,0,0.152542373,1,0.018867925,0.037735849,0.169811321,0.754716981,0.018867925
110,0.932432432,0.067567568,0,0.644067797,0.152542373,0.050847458,0.152542373,1,0.035714286,0.089285714,0.107142857,0.75,0.017857143
111,0.958333333,0.041666667,0.049180328,0.639344262,0.131147541,0.049180328,0.131147541,1,0.057692308,0.019230769,0.153846154,0.75,0.019230769
112,0.985714286,0.014285714,0.047619048,0.587301587,0.158730159,0.031746032,0.174603175,1,0.016949153,0.118644068,0.101694915,0.728813559,0.033898305
113,0.971830986,0.028169014,0.019607843,0.784313725,0,0.058823529,0.137254902,1,0.05,0.066666667,0.166666667,0.616666667,0.1
114,0.945205479,0.054794521,0.019230769,0.711538462,0.019230769,0.038461538,0.211538462,1,0.098360656,0.049180328,0.114754098,0.606557377,0.131147541
115,0.971830986,0.028169014,0.032786885,0.639344262,0.147540984,0,0.180327869,1,0.107142857,0,0.089285714,0.696428571,0.107142857
116,0.985714286,0.014285714,0.076923077,0.584615385,0.153846154,0.015384615,0.169230769,1,0.068965517,0.017241379,0.034482759,0.75862069,0.120689655
117,0.985714286,0.014285714,0.114754098,0.573770492,0.06557377,0.032786885,0.213114754,1,0,0.092307692,0.076923077,0.692307692,0.138461538
118,0.985714286,0.014285714,0.129032258,0.612903226,0.064516129,0.032258065,0.161290323,1,0.016666667,0.033333333,0.083333333,0.733333333,0.133333333
119,1,0,0.017241379,0.655172414,0.120689655,0.051724138,0.155172414,1,0.140350877,0.035087719,0.087719298,0.649122807,0.087719298
120,0.985714286,0.014285714,0.035714286,0.589285714,0.071428571,0.017857143,0.285714286,1,0.203125,0,0.015625,0.5625,0.21875
121,0.958333333,0.041666667,0.107692308,0.569230769,0.123076923,0.046153846,0.153846154,1,0.074074074,0,0.055555556,0.796296296,0.074074074
122,1,0,0.119402985,0.567164179,0.134328358,0.029850746,0.149253731,1,0,0.056603774,0.169811321,0.773584906,0
123,1,0,0.049180328,0.655737705,0.131147541,0.032786885,0.131147541,1,0.036363636,0.072727273,0.163636364,0.709090909,0.018181818
124,0.971830986,0.028169014,0.037037037,0.703703704,0.037037037,0.055555556,0.166666667,1,0.092592593,0.055555556,0.240740741,0.592592593,0.018518519
125,0.958333333,0.041666667,0.018518519,0.740740741,0.055555556,0.037037037,0.148148148,1,0.098039216,0.019607843,0.274509804,0.607843137,0
126,0.985714286,0.014285714,0.019607843,0.803921569,0,0.019607843,0.156862745,1,0,0.096774194,0.209677419,0.596774194,0.096774194
127,0.932432432,0.067567568,0.018867925,0.773584906,0.037735849,0.018867925,0.150943396,1,0,0.046153846,0.061538462,0.707692308,0.184615385
128,0.945205479,0.054794521,0.019230769,0.692307692,0.019230769,0.057692308,0.211538462,1,0.089285714,0.071428571,0.232142857,0.571428571,0.035714286
129,0.985714286,0.014285714,0.019230769,0.711538462,0.019230769,0,0.25,1,0.15,0.016666667,0.166666667,0.516666667,0.15
130,1,0,0.071428571,0.714285714,0.035714286,0,0.178571429,1,0.071428571,0.017857143,0.232142857,0.589285714,0.089285714
131,1,0,0.133333333,0.633333333,0.033333333,0.05,0.15,1,0.053571429,0,0.160714286,0.678571429,0.107142857
132,0.971830986,0.028169014,0.019607843,0.784313725,0,0.039215686,0.156862745,1,0.070175439,0.035087719,0.228070175,0.578947368,0.087719298
133,0.945205479,0.054794521,0.054545455,0.727272727,0.036363636,0.036363636,0.145454545,1,0.038461538,0,0.269230769,0.653846154,0.038461538
134,0.971830986,0.028169014,0.01754386,0.701754386,0.105263158,0.01754386,0.157894737,1,0.018181818,0.090909091,0.236363636,0.654545455,0
135,0.945205479,0.054794521,0,0.773584906,0.056603774,0.037735849,0.132075472,1,0,0.087719298,0.210526316,0.666666667,0.035087719
136,1,0,0.09375,0.5625,0.125,0,0.21875,1,0.063492063,0.047619048,0.031746032,0.698412698,0.158730159
137,0.985714286,0.014285714,0.035714286,0.125,0.071428571,0.25,0.517857143,1,0.654545455,0.072727273,0,0.254545455,0.018181818
138,1,0,0.046153846,0.138461538,0.184615385,0.123076923,0.507692308,1,0.641509434,0.056603774,0,0.301886792,0
139,1,0,0.064516129,0.096774194,0.129032258,0.14516129,0.564516129,1,0.730769231,0.019230769,0.038461538,0.192307692,0.019230769
140,1,0,0.06557377,0.114754098,0.114754098,0.131147541,0.573770492,1,0.730769231,0,0.057692308,0.173076923,0.038461538
141,0.985714286,0.014285714,0.148648649,0.013513514,0.175675676,0.040540541,0.621621622,1,0.705882353,0.019607843,0.058823529,0.215686275,0
142,0.958333333,0.041666667,0.089552239,0.029850746,0.164179104,0.014925373,0.701492537,1,0.685185185,0.037037037,0.092592593,0.148148148,0.037037037
143,0.985714286,0.014285714,0.037735849,0.075471698,0.018867925,0.018867925,0.849056604,1,0.5,0.097222222,0.027777778,0.166666667,0.208333333
144,0.958333333,0.041666667,0.019230769,0.115384615,0.019230769,0.115384615,0.730769231,1,0.629032258,0.016129032,0.016129032,0.161290323,0.177419355
145,0.958333333,0.041666667,0.056603774,0.716981132,0,0.056603774,0.169811321,1,0.075471698,0.037735849,0.283018868,0.58490566,0.018867925
146,0.958333333,0.041666667,0.054545455,0.709090909,0.036363636,0.036363636,0.163636364,1,0.035087719,0.052631579,0.192982456,0.649122807,0.070175439
147,0.985714286,0.014285714,0.105263158,0.631578947,0.01754386,0.035087719,0.210526316,1,0.032786885,0.06557377,0.163934426,0.62295082,0.114754098
148,1,0,0.19047619,0.492063492,0.015873016,0.047619048,0.253968254,1,0.090909091,0.018181818,0.218181818,0.6,0.072727273
149,0.958333333,0.041666667,0,0.745454545,0.090909091,0,0.163636364,1,0.089285714,0,0.160714286,0.642857143,0.107142857
150,0.958333333,0.041666667,0,0.68,0,0.04,0.28,1,0.192982456,0.052631579,0.210526316,0.473684211,0.070175439
151,0.932432432,0.067567568,0,0.8,0,0.06,0.14,1,0.12962963,0,0.185185185,0.611111111,0.074074074
152,0.945205479,0.054794521,0,0.696428571,0.107142857,0.053571429,0.142857143,1,0.072727273,0.054545455,0.145454545,0.690909091,0.036363636
153,0.971830986,0.028169014,0.080645161,0.612903226,0.112903226,0.080645161,0.112903226,1,0.055555556,0.018518519,0.092592593,0.777777778,0.055555556
154,0.958333333,0.041666667,0.120689655,0.603448276,0.017241379,0.017241379,0.24137931,1,0.070175439,0.01754386,0.192982456,0.614035088,0.105263158
155,0.971830986,0.028169014,0.122807018,0.561403509,0,0.087719298,0.228070175,1,0.157894737,0,0.122807018,0.596491228,0.122807018
156,0.985714286,0.014285714,0.079365079,0.587301587,0.126984127,0.047619048,0.158730159,1,0.107142857,0,0.053571429,0.732142857,0.107142857
157,0.971830986,0.028169014,0,0.634920635,0.206349206,0.015873016,0.142857143,1,0.096153846,0.038461538,0.115384615,0.75,0
158,0.958333333,0.041666667,0.016666667,0.666666667,0.15,0.033333333,0.133333333,1,0.1,0,0.18,0.72,0
159,0.958333333,0.041666667,0.047619048,0.634920635,0.158730159,0.031746032,0.126984127,1,0.06,0,0.16,0.78,0
160,0.945205479,0.054794521,0.032786885,0.606557377,0.147540984,0.032786885,0.180327869,1,0.096153846,0.038461538,0.153846154,0.711538462,0
161,0.971830986,0.028169014,0.015151515,0.575757576,0.227272727,0.03030303,0.151515152,1,0.113207547,0.056603774,0.037735849,0.79245283,0
162,0.985714286,0.014285714,0.061538462,0.523076923,0.169230769,0.046153846,0.2,1,0.034482759,0.137931034,0.103448276,0.724137931,0
163,0.932432432,0.067567568,0.035714286,0.696428571,0.071428571,0.017857143,0.178571429,1,0.016949153,0.050847458,0.13559322,0.694915254,0.101694915
164,0.971830986,0.028169014,0.084745763,0.694915254,0.06779661,0.016949153,0.13559322,1,0.016129032,0,0.048387097,0.741935484,0.193548387
165,0.932432432,0.067567568,0.074074074,0.703703704,0,0,0.222222222,1,0.036363636,0.018181818,0.272727273,0.6,0.072727273
166,0.985714286,0.014285714,0.084745763,0.661016949,0.06779661,0.016949153,0.169491525,1,0.018518519,0.055555556,0.259259259,0.648148148,0.018518519
167,0.958333333,0.041666667,0,0.06,0,0.32,0.62,1,0.701754386,0.070175439,0,0.175438596,0.052631579
168,0.985714286,0.014285714,0.070175439,0.01754386,0.052631579,0.122807018,0.736842105,1,0.596774194,0.096774194,0.064516129,0.14516129,0.096774194
169,0.932432432,0.067567568,0.018867925,0.113207547,0.037735849,0.283018868,0.547169811,1,0.78,0,0.02,0.2,0
170,0.92,0.08,0.019230769,0.076923077,0.019230769,0.269230769,0.615384615,1,0.769230769,0,0.019230769,0.173076923,0.038461538
171,0.896103896,0.103896104,0,0.096153846,0.038461538,0.25,0.615384615,1,0.725490196,0.019607843,0.058823529,0.196078431,0
172,0.985714286,0.014285714,0.071428571,0.696428571,0.035714286,0.017857143,0.178571429,1,0.079365079,0,0.063492063,0.650793651,0.206349206
173,0.932432432,0.067567568,0.016666667,0.666666667,0.15,0.016666667,0.15,1,0.078431373,0,0.156862745,0.745098039,0.019607843
174,0.958333333,0.041666667,0.018518519,0.685185185,0.055555556,0.12962963,0.111111111,1,0.094339623,0.056603774,0.188679245,0.660377358,0
175,0.971830986,0.028169014,0.037735849,0.735849057,0.018867925,0.056603774,0.150943396,1,0.075471698,0.056603774,0.283018868,0.58490566,0
176,1,0,0.019230769,0.692307692,0.019230769,0.096153846,0.173076923,1,0.015625,0.171875,0.171875,0.59375,0.046875
177,0.985714286,0.014285714,0.086206897,0.637931034,0.051724138,0,0.224137931,1,0.036363636,0.090909091,0.290909091,0.581818182,0
178,1,0,0.06779661,0.661016949,0.084745763,0.016949153,0.169491525,1,0.098039216,0.019607843,0.274509804,0.607843137,0
179,0.884615385,0.115384615,0.016949153,0.677966102,0.13559322,0.06779661,0.101694915,1,0.019230769,0.019230769,0.076923077,0.865384615,0.019230769
180,0.92,0.08,0,0.684210526,0.122807018,0.035087719,0.157894737,1,0,0.086206897,0.120689655,0.74137931,0.051724138
181,0.985714286,0.014285714,0,0.661016949,0.152542373,0.033898305,0.152542373,1,0.113207547,0.056603774,0.169811321,0.660377358,0
182,0.907894737,0.092105263,0,0.639344262,0.180327869,0.032786885,0.147540984,1,0.053571429,0,0.017857143,0.821428571,0.107142857
183,0.945205479,0.054794521,0.01754386,0.666666667,0.105263158,0.01754386,0.192982456,1,0.1,0.016666667,0.05,0.683333333,0.15
184,1,0,0.018867925,0.773584906,0.037735849,0.018867925,0.150943396,1,0.072727273,0.054545455,0.272727273,0.563636364,0.036363636
185,0.945205479,0.054794521,0.056603774,0.773584906,0,0.018867925,0.150943396,1,0.06,0,0.34,0.6,0
186,1,0,0.05,0.633333333,0.116666667,0.05,0.15,1,0.035087719,0.105263158,0.157894737,0.684210526,0.01754386
187,0.985714286,0.014285714,0,0.719298246,0.122807018,0.01754386,0.140350877,1,0.052631579,0.070175439,0.157894737,0.666666667,0.052631579
188,0.896103896,0.103896104,0,0.803921569,0.019607843,0.039215686,0.137254902,1,0.016129032,0,0.064516129,0.725806452,0.193548387
189,0.932432432,0.067567568,0.050847458,0.661016949,0.101694915,0.033898305,0.152542373,1,0.037037037,0.018518519,0.148148148,0.740740741,0.055555556
190,0.932432432,0.067567568,0.036363636,0.727272727,0.054545455,0.018181818,0.163636364,1,0.057692308,0,0.25,0.653846154,0.038461538
191,0.945205479,0.054794521,0,0.76,0,0.04,0.2,1,0.181818182,0,0.181818182,0.545454545,0.090909091
192,0.985714286,0.014285714,0.090909091,0.690909091,0,0.018181818,0.2,1,0.06779661,0.016949153,0.186440678,0.593220339,0.13559322
193,0.958333333,0.041666667,0.072727273,0.727272727,0.018181818,0.036363636,0.145454545,1,0.053571429,0,0.178571429,0.660714286,0.107142857
194,0.932432432,0.067567568,0,0.76,0,0.04,0.2,1,0.107142857,0.017857143,0.214285714,0.571428571,0.089285714
195,0.958333333,0.041666667,0.060606061,0.575757576,0.181818182,0.03030303,0.151515152,1,0.038461538,0.038461538,0.115384615,0.807692308,0
196,0.971830986,0.028169014,0.121212121,0.575757576,0.121212121,0.075757576,0.106060606,1,0,0.019230769,0.115384615,0.846153846,0.019230769
197,0.896103896,0.103896104,0,0.666666667,0.166666667,0.016666667,0.15,1,0,0.018867925,0.132075472,0.811320755,0.037735849
198,0.945205479,0.054794521,0.070175439,0.035087719,0.052631579,0.228070175,0.614035088,1,0.722222222,0,0,0.203703704,0.074074074
199,0.945205479,0.054794521,0.06779661,0.677966102,0.084745763,0.033898305,0.13559322,1,0.018518519,0.037037037,0.166666667,0.740740741,0.037037037
200,1,0,0.0625,0.625,0.15625,0.046875,0.109375,1,0,0.086206897,0.068965517,0.793103448,0.051724138
201,0.971830986,0.028169014,0.03030303,0.545454545,0.212121212,0.015151515,0.196969697,1,0,0.140625,0,0.78125,0.078125
202,0.958333333,0.041666667,0.014705882,0.602941176,0.25,0,0.132352941,1,0.056603774,0.018867925,0.018867925,0.867924528,0.037735849
203,0.932432432,0.067567568,0,0.12,0,0.16,0.72,1,0.701754386,0,0.052631579,0.122807018,0.122807018
204,0.985714286,0.014285714,0,0.176470588,0.019607843,0.078431373,0.725490196,1,0.492753623,0.072463768,0.014492754,0.217391304,0.202898551
205,1,0,0.056603774,0.226415094,0,0.075471698,0.641509434,1,0.507692308,0.015384615,0.030769231,0.230769231,0.215384615
206,0.945205479,0.054794521,0,0.150943396,0.056603774,0.20754717,0.58490566,1,0.698113208,0,0.056603774,0.188679245,0.056603774
207,1,0,0.059701493,0.104477612,0.194029851,0.014925373,0.626865672,1,0.649122807,0.01754386,0,0.228070175,0.105263158
208,0.945205479,0.054794521,0,0.101694915,0.152542373,0.06779661,0.677966102,1,0.610169492,0.06779661,0.016949153,0.220338983,0.084745763
209,0.985714286,0.014285714,0.015625,0.046875,0.203125,0.03125,0.703125,1,0.677966102,0.06779661,0,0.169491525,0.084745763
210,0.985714286,0.014285714,0.01754386,0.140350877,0.105263158,0.157894737,0.578947368,1,0.735849057,0,0.037735849,0.169811321,0.056603774
211,0.958333333,0.041666667,0.018181818,0.090909091,0.072727273,0.127272727,0.690909091,1,0.706896552,0,0,0.155172414,0.137931034
212,1,0,0.090909091,0.090909091,0,0.109090909,0.709090909,1,0.65,0,0.066666667,0.116666667,0.166666667
213,0.985714286,0.014285714,0.120689655,0.068965517,0.017241379,0.120689655,0.672413793,1,0.627118644,0,0.050847458,0.169491525,0.152542373
214,0.971830986,0.028169014,0.038461538,0.115384615,0,0.230769231,0.615384615,1,0.53968254,0.079365079,0,0.253968254,0.126984127
215,0.985714286,0.014285714,0.019607843,0.098039216,0,0.176470588,0.705882353,1,0.634920635,0.031746032,0,0.158730159,0.174603175
216,0.92,0.08,0.103448276,0.603448276,0.034482759,0.051724138,0.206896552,1,0,0.074074074,0.240740741,0.685185185,0
217,0.985714286,0.014285714,0.052631579,0.684210526,0.070175439,0.035087719,0.157894737,1,0.055555556,0.074074074,0.240740741,0.62962963,0
218,0.985714286,0.014285714,0,0.730769231,0.038461538,0.038461538,0.192307692,1,0.051724138,0.137931034,0.25862069,0.551724138,0
219,0.958333333,0.041666667,0.01754386,0.666666667,0.105263158,0.01754386,0.192982456,1,0.052631579,0.087719298,0.175438596,0.649122807,0.035087719
220,0.945205479,0.054794521,0.049180328,0.62295082,0.131147541,0.032786885,0.163934426,1,0,0.089285714,0.142857143,0.75,0.017857143
221,0.971830986,0.028169014,0.018867925,0.660377358,0.037735849,0.056603774,0.226415094,1,0.06779661,0.13559322,0.220338983,0.559322034,0.016949153
222,0.985714286,0.014285714,0.098360656,0.147540984,0.081967213,0.016393443,0.655737705,1,0.561403509,0.01754386,0.140350877,0.175438596,0.105263158
223,0.958333333,0.041666667,0.079365079,0.047619048,0.126984127,0.095238095,0.650793651,1,0.740740741,0,0,0.185185185,0.074074074
224,1,0,0.048387097,0.048387097,0.14516129,0.112903226,0.64516129,1,0.714285714,0.053571429,0.017857143,0.160714286,0.053571429
225,1,0,0.049180328,0.114754098,0.131147541,0.114754098,0.590163934,1,0.745098039,0.019607843,0.098039216,0.137254902,0
226,1,0,0.098360656,0.131147541,0.081967213,0.131147541,0.557377049,1,0.660377358,0,0.075471698,0.20754717,0.056603774
227,1,0,0.071428571,0.678571429,0.035714286,0.053571429,0.160714286,1,0.094339623,0.037735849,0.264150943,0.58490566,0.018867925
228,0.945205479,0.054794521,0,0.8,0,0.02,0.18,1,0.072727273,0.036363636,0.272727273,0.563636364,0.054545455
229,0.945205479,0.054794521,0,0.679245283,0.056603774,0.056603774,0.20754717,1,0.140350877,0.035087719,0.140350877,0.596491228,0.087719298
230,1,0,0.054545455,0.636363636,0.036363636,0.054545455,0.218181818,1,0.140350877,0.052631579,0.192982456,0.543859649,0.070175439
231,0.945205479,0.054794521,0.036363636,0.636363636,0.054545455,0.018181818,0.254545455,1,0.160714286,0.017857143,0.160714286,0.571428571,0.089285714
232,0.958333333,0.041666667,0.070175439,0.701754386,0.052631579,0,0.175438596,1,0.037037037,0,0.240740741,0.648148148,0.074074074
233,0.971830986,0.028169014,0.072727273,0.709090909,0.018181818,0.036363636,0.163636364,1,0.075471698,0,0.264150943,0.603773585,0.056603774
234,1,0,0.016949153,0.644067797,0.13559322,0,0.203389831,1,0.034482759,0.137931034,0.206896552,0.620689655,0
235,1,0,0,0.616666667,0.166666667,0,0.216666667,1,0.033333333,0.166666667,0.166666667,0.633333333,0
236,0.958333333,0.041666667,0,0.677966102,0.152542373,0.033898305,0.13559322,1,0,0.105263158,0.140350877,0.736842105,0.01754386
237,0.985714286,0.014285714,0.019230769,0.711538462,0.019230769,0.038461538,0.211538462,1,0.046875,0.109375,0.15625,0.578125,0.109375
238,0.985714286,0.014285714,0.06557377,0.606557377,0.114754098,0.016393443,0.196721311,1,0.083333333,0.033333333,0.066666667,0.683333333,0.133333333
239,0.971830986,0.028169014,0.109375,0.578125,0.109375,0.0625,0.140625,1,0.055555556,0,0.092592593,0.777777778,0.074074074
240,0.971830986,0.028169014,0,0.173076923,0.038461538,0.230769231,0.557692308,1,0.642857143,0.035714286,0.035714286,0.214285714,0.071428571
241,1,0,0.037037037,0.092592593,0.037037037,0.203703704,0.62962963,1,0.610169492,0.101694915,0.06779661,0.169491525,0.050847458
242,0.985714286,0.014285714,0.038461538,0.019230769,0,0.269230769,0.673076923,1,0.677966102,0.084745763,0.033898305,0.13559322,0.06779661
243,0.958333333,0.041666667,0,0.056603774,0.056603774,0.226415094,0.660377358,1,0.701754386,0.070175439,0.01754386,0.157894737,0.052631579
244,1,0,0,0.035714286,0.107142857,0.196428571,0.660714286,1,0.677966102,0.118644068,0.016949153,0.152542373,0.033898305
245,1,0,0,0.034482759,0.137931034,0.155172414,0.672413793,1,0.644067797,0.152542373,0.050847458,0.152542373,0
246,0.958333333,0.041666667,0,0.018518519,0.074074074,0.259259259,0.648148148,1,0.745454545,0.072727273,0.018181818,0.145454545,0.018181818
247,0.945205479,0.054794521,0,0,0.090909091,0.218181818,0.690909091,1,0.701754386,0.087719298,0.01754386,0.157894737,0.035087719
248,1,0,0.034482759,0,0.103448276,0.24137931,0.620689655,1,0.701754386,0.122807018,0,0.175438596,0
249,1,0,0.018867925,0.018867925,0.037735849,0.245283019,0.679245283,1,0.706896552,0.103448276,0.051724138,0.103448276,0.034482759
250,1,0,0.019230769,0.096153846,0.019230769,0.192307692,0.673076923,1,0.661016949,0.06779661,0.06779661,0.118644068,0.084745763
251,1,0,0.105263158,0.035087719,0.01754386,0.228070175,0.614035088,1,0.732142857,0,0,0.160714286,0.107142857
252,1,0,0.054545455,0.145454545,0.036363636,0.290909091,0.472727273,1,0.648148148,0.055555556,0.018518519,0.259259259,0.018518519
253,1,0,0.018518519,0.203703704,0.055555556,0.296296296,0.425925926,1,0.673076923,0.038461538,0.019230769,0.269230769,0
254,1,0,0,0.109090909,0.090909091,0.254545455,0.545454545,1,0.631578947,0.122807018,0.01754386,0.228070175,0
255,1,0,0,0.06779661,0.152542373,0.169491525,0.610169492,1,0.727272727,0.090909091,0.018181818,0.163636364,0
256,0.985714286,0.014285714,0,0.080645161,0.193548387,0.129032258,0.596774194,1,0.754716981,0.056603774,0,0.188679245,0
257,0.985714286,0.014285714,0.045454545,0.045454545,0.196969697,0.090909091,0.621212121,1,0.803921569,0.019607843,0.019607843,0.156862745,0
258,0.907894737,0.092105263,0.016393443,0.016393443,0.163934426,0.114754098,0.68852459,1,0.75,0.038461538,0.038461538,0.173076923,0
259,0.932432432,0.067567568,0,0.150943396,0.056603774,0.113207547,0.679245283,1,0.583333333,0.033333333,0.033333333,0.216666667,0.133333333
260,1,0,0.051724138,0.051724138,0.086206897,0.137931034,0.672413793,1,0.689655172,0.051724138,0.034482759,0.137931034,0.086206897
261,0.971830986,0.028169014,0.080645161,0,0.112903226,0.129032258,0.677419355,1,0.759259259,0.055555556,0.037037037,0.12962963,0.018518519
262,0.985714286,0.014285714,0.078125,0.125,0.140625,0.125,0.53125,1,0.68627451,0,0.039215686,0.254901961,0.019607843
263,1,0,0.06557377,0.081967213,0.114754098,0.196721311,0.540983607,1,0.75,0.019230769,0,0.211538462,0.019230769
264,0.971830986,0.028169014,0,0.078431373,0.019607843,0.294117647,0.607843137,1,0.745454545,0.036363636,0.018181818,0.145454545,0.054545455
265,0.971830986,0.028169014,0.019230769,0.038461538,0.019230769,0.326923077,0.596153846,1,0.714285714,0.089285714,0,0.178571429,0.017857143
266,1,0,0,0.019230769,0.038461538,0.307692308,0.634615385,1,0.661016949,0.152542373,0.033898305,0.152542373,0
267,0.971830986,0.028169014,0,0.035714286,0.107142857,0.214285714,0.642857143,1,0.684210526,0.122807018,0.01754386,0.175438596,0
268,0.985714286,0.014285714,0,0.709090909,0.090909091,0,0.2,1,0.103448276,0.051724138,0.172413793,0.586206897,0.086206897
269,1,0,0.090909091,0.563636364,0,0.054545455,0.290909091,1,0.119402985,0.074626866,0.074626866,0.552238806,0.179104478
270,0.971830986,0.028169014,0.089285714,0.625,0.017857143,0.071428571,0.196428571,1,0.145454545,0,0.163636364,0.6,0.090909091
271,1,0,0.018867925,0.735849057,0.037735849,0.037735849,0.169811321,1,0.140350877,0.01754386,0.175438596,0.561403509,0.105263158
272,1,0,0.018867925,0.660377358,0.037735849,0.056603774,0.226415094,1,0.2,0.036363636,0.218181818,0.490909091,0.054545455
273,1,0,0.071428571,0.696428571,0.035714286,0.017857143,0.178571429,1,0.074074074,0.037037037,0.277777778,0.574074074,0.037037037
274,0.932432432,0.067567568,0,0.76,0,0.12,0.12,1,0.080645161,0.032258065,0.048387097,0.677419355,0.161290323
275,0.971830986,0.028169014,0.070175439,0.719298246,0.052631579,0,0.157894737,1,0.014705882,0.014705882,0,0.720588235,0.25
276,0.971830986,0.028169014,0.116666667,0.633333333,0.05,0.05,0.15,1,0.08,0,0.24,0.68,0
277,0.971830986,0.028169014,0.037735849,0.056603774,0.018867925,0.20754717,0.679245283,1,0.564516129,0.129032258,0.048387097,0.193548387,0.064516129
278,0.971830986,0.028169014,0.068965517,0.137931034,0.068965517,0.172413793,0.551724138,1,0.618181818,0.018181818,0.036363636,0.254545455,0.072727273
279,0.971830986,0.028169014,0.049180328,0.081967213,0.131147541,0.131147541,0.606557377,1,0.660714286,0.053571429,0,0.232142857,0.053571429
280,0.945205479,0.054794521,0.071428571,0.071428571,0.035714286,0.214285714,0.607142857,1,0.769230769,0,0.019230769,0.173076923,0.038461538
281,0.92,0.08,0.037735849,0.735849057,0.018867925,0.018867925,0.188679245,1,0,0.033898305,0.186440678,0.661016949,0.118644068
282,0.932432432,0.067567568,0.019230769,0.75,0.019230769,0.057692308,0.153846154,1,0.054545455,0.054545455,0.218181818,0.636363636,0.036363636
283,0.985714286,0.014285714,0,0.20754717,0.056603774,0.169811321,0.566037736,1,0.620689655,0.034482759,0.017241379,0.224137931,0.103448276
284,0.985714286,0.014285714,0.090909091,0.727272727,0,0.018181818,0.163636364,1,0.052631579,0.01754386,0.210526316,0.614035088,0.105263158
285,0.985714286,0.014285714,0.016949153,0.677966102,0.13559322,0.06779661,0.101694915,1,0.111111111,0.018518519,0.092592593,0.722222222,0.055555556
286,0.971830986,0.028169014,0,0.627118644,0.152542373,0.050847458,0.169491525,1,0,0.166666667,0.133333333,0.7,0
287,1,0,0.018518519,0.62962963,0.055555556,0.037037037,0.259259259,1,0.220338983,0.016949153,0.118644068,0.508474576,0.13559322
288,1,0,0.086206897,0.620689655,0.051724138,0.017241379,0.224137931,1,0.145454545,0,0.2,0.563636364,0.090909091
289,0.971830986,0.028169014,0.019230769,0.769230769,0.019230769,0,0.192307692,1,0.05,0.083333333,0.2,0.583333333,0.083333333
290,0.985714286,0.014285714,0.103448276,0.517241379,0.034482759,0,0.344827586,1,0.152542373,0.06779661,0.203389831,0.491525424,0.084745763
291,0.92,0.08,0.089285714,0.410714286,0.017857143,0,0.482142857,1,0.166666667,0.116666667,0.233333333,0.433333333,0.05
292,0.896103896,0.103896104,0,0.036363636,0.090909091,0.2,0.672727273,1,0.788461538,0.019230769,0,0.173076923,0.019230769
293,0.92,0.08,0.019230769,0.057692308,0.019230769,0.269230769,0.634615385,1,0.690909091,0.036363636,0.018181818,0.2,0.054545455
294,0.92,0.08,0,0.019607843,0.019607843,0.294117647,0.666666667,1,0.714285714,0.053571429,0,0.178571429,0.053571429
295,0.985714286,0.014285714,0.089285714,0.017857143,0.017857143,0.214285714,0.660714286,1,0.701754386,0.035087719,0.035087719,0.140350877,0.087719298
296,0.971830986,0.028169014,0,0.039215686,0.019607843,0.137254902,0.803921569,1,0.640625,0.0625,0.03125,0.109375,0.15625
297,0.92,0.08,0.071428571,0.035714286,0.035714286,0.125,0.732142857,1,0.576271186,0.084745763,0.084745763,0.186440678,0.06779661
298,0.958333333,0.041666667,0.036363636,0.054545455,0.054545455,0.181818182,0.672727273,1,0.714285714,0.035714286,0.035714286,0.142857143,0.071428571
299,0.971830986,0.028169014,0.081967213,0.032786885,0.098360656,0.131147541,0.655737705,1,0.672727273,0.054545455,0.072727273,0.163636364,0.036363636
300,0.958333333,0.041666667,0.017857143,0.696428571,0.089285714,0.035714286,0.160714286,1,0.137254902,0.019607843,0.215686275,0.62745098,0
301,0.958333333,0.041666667,0,0.68627451,0.019607843,0,0.294117647,1,0.06557377,0.114754098,0.245901639,0.508196721,0.06557377
302,0.971830986,0.028169014,0.017857143,0.732142857,0.089285714,0.035714286,0.125,1,0.096153846,0,0.211538462,0.653846154,0.038461538
303,0.985714286,0.014285714,0,0.725490196,0.019607843,0.078431373,0.176470588,1,0.059701493,0.119402985,0.074626866,0.611940299,0.134328358
304,0.971830986,0.028169014,0,0.618181818,0.090909091,0.018181818,0.272727273,1,0.072463768,0.144927536,0.043478261,0.608695652,0.130434783
305,1,0,0.052631579,0.157894737,0.070175439,0.192982456,0.526315789,1,0.641509434,0.056603774,0.094339623,0.20754717,0
306,0.932432432,0.067567568,0.037037037,0,0.037037037,0.203703704,0.722222222,1,0.696428571,0.089285714,0.071428571,0.125,0.017857143
307,0.985714286,0.014285714,0,0,0,0.32,0.68,1,0.629032258,0.161290323,0.016129032,0.161290323,0.032258065
308,0.958333333,0.041666667,0.019607843,0.058823529,0,0.333333333,0.588235294,1,0.709090909,0.072727273,0.018181818,0.181818182,0.018181818
309,0.896103896,0.103896104,0,0.04,0,0.24,0.72,1,0.696428571,0.035714286,0.035714286,0.160714286,0.071428571
310,0.958333333,0.041666667,0,0.18,0,0.24,0.58,1,0.735849057,0,0.056603774,0.150943396,0.056603774
311,0.945205479,0.054794521,0.017241379,0.120689655,0.120689655,0.086206897,0.655172414,1,0.703703704,0,0.055555556,0.166666667,0.074074074
312,0.932432432,0.067567568,0.06557377,0.049180328,0.114754098,0.06557377,0.704918033,1,0.75,0,0.096153846,0.115384615,0.038461538
313,0.907894737,0.092105263,0.03030303,0.090909091,0.212121212,0.015151515,0.651515152,1,0.68627451,0.019607843,0.058823529,0.235294118,0
314,0.884615385,0.115384615,0.016949153,0,0.13559322,0.152542373,0.694915254,1,0.82,0,0.02,0.16,0
315,0.907894737,0.092105263,0.068965517,0,0.068965517,0.189655172,0.672413793,1,0.698113208,0.037735849,0.056603774,0.188679245,0.018867925
316,0.932432432,0.067567568,0.037037037,0.111111111,0.037037037,0.240740741,0.574074074,1,0.673076923,0.019230769,0.076923077,0.211538462,0.019230769
317,0.985714286,0.014285714,0.017857143,0.035714286,0.089285714,0.214285714,0.642857143,1,0.655172414,0.120689655,0.034482759,0.172413793,0.017241379
318,0.985714286,0.014285714,0.036363636,0.109090909,0.054545455,0.218181818,0.581818182,1,0.730769231,0.038461538,0.096153846,0.134615385,0
319,0.985714286,0.014285714,0.055555556,0.185185185,0.018518519,0.240740741,0.5,1,0.578947368,0.035087719,0.01754386,0.280701754,0.087719298
320,0.985714286,0.014285714,0.051724138,0.137931034,0.086206897,0.068965517,0.655172414,1,0.627118644,0,0.033898305,0.186440678,0.152542373
321,0.945205479,0.054794521,0.140625,0,0.078125,0.140625,0.640625,1,0.698113208,0,0.037735849,0.20754717,0.056603774
322,0.985714286,0.014285714,0.071428571,0.035714286,0.035714286,0.178571429,0.678571429,1,0.732142857,0.017857143,0.053571429,0.107142857,0.089285714
323,1,0,0.017241379,0,0.120689655,0.189655172,0.672413793,1,0.719298246,0.122807018,0.035087719,0.122807018,0
324,1,0,0.054545455,0.090909091,0.036363636,0.309090909,0.509090909,1,0.516666667,0.166666667,0.016666667,0.3,0
325,0.958333333,0.041666667,0.018867925,0,0.037735849,0.283018868,0.660377358,1,0.555555556,0.174603175,0,0.238095238,0.031746032
326,0.985714286,0.014285714,0.066666667,0.016666667,0.1,0.233333333,0.583333333,1,0.722222222,0.074074074,0,0.203703704,0
327,1,0,0,0.074074074,0.074074074,0.277777778,0.574074074,1,0.727272727,0.090909091,0.018181818,0.163636364,0
328,1,0,0,0.140350877,0.122807018,0.192982456,0.543859649,1,0.654545455,0.090909091,0.036363636,0.218181818,0
329,1,0,0,0.016393443,0.180327869,0.131147541,0.672131148,1,0.661016949,0.152542373,0.016949153,0.169491525,0
330,1,0,0,0.118644068,0.152542373,0.152542373,0.576271186,1,0.586206897,0.137931034,0.034482759,0.24137931,0
331,0.945205479,0.054794521,0.01754386,0.01754386,0.105263158,0.228070175,0.631578947,1,0.788461538,0.038461538,0.019230769,0.153846154,0
332,0.945205479,0.054794521,0.018518519,0.740740741,0.055555556,0.055555556,0.12962963,1,0.081967213,0,0.032786885,0.704918033,0.180327869
333,0.971830986,0.028169014,0,0.019607843,0.019607843,0.235294118,0.725490196,1,0.619047619,0.126984127,0.015873016,0.158730159,0.079365079
334,0.985714286,0.014285714,0.036363636,0,0.054545455,0.2,0.709090909,1,0.644067797,0.13559322,0.084745763,0.118644068,0.016949153
335,0.958333333,0.041666667,0.033898305,0.152542373,0.118644068,0.101694915,0.593220339,1,0.586206897,0.017241379,0,0.275862069,0.120689655
336,0.985714286,0.014285714,0.126984127,0.079365079,0.079365079,0.126984127,0.587301587,1,0.68627451,0,0.117647059,0.176470588,0.019607843
337,0.985714286,0.014285714,0.076923077,0.353846154,0.153846154,0.015384615,0.4,1,0.37037037,0,0.092592593,0.462962963,0.074074074
338,0.985714286,0.014285714,0.015873016,0.555555556,0.19047619,0,0.238095238,1,0.05,0.15,0.116666667,0.666666667,0.016666667
339,0.985714286,0.014285714,0.147058824,0.558823529,0.117647059,0.044117647,0.132352941,1,0,0.018867925,0.113207547,0.830188679,0.037735849
340,0.971830986,0.028169014,0.079365079,0.619047619,0.126984127,0.031746032,0.142857143,1,0.051724138,0,0.034482759,0.775862069,0.137931034
341,0.958333333,0.041666667,0,0.759259259,0.074074074,0,0.166666667,1,0.083333333,0,0.1,0.65,0.166666667
342,1,0,0.086206897,0.672413793,0.051724138,0.068965517,0.120689655,1,0.017857143,0.071428571,0.196428571,0.678571429,0.035714286
343,1,0,0,0.722222222,0.074074074,0.055555556,0.148148148,1,0.071428571,0.107142857,0.232142857,0.589285714,0
344,0.971830986,0.028169014,0.018518519,0.648148148,0.055555556,0.055555556,0.222222222,1,0.050847458,0.152542373,0.220338983,0.576271186,0
345,1,0,0.036363636,0.690909091,0.054545455,0.036363636,0.181818182,1,0.016949153,0.13559322,0.237288136,0.593220339,0.016949153
346,0.958333333,0.041666667,0.019230769,0.711538462,0.019230769,0.019230769,0.230769231,1,0.052631579,0.105263158,0.280701754,0.543859649,0.01754386
347,0.971830986,0.028169014,0.038461538,0.788461538,0,0,0.173076923,1,0.017241379,0.051724138,0.25862069,0.586206897,0.086206897
348,0.945205479,0.054794521,0,0.735849057,0.056603774,0.037735849,0.169811321,1,0.035087719,0.087719298,0.210526316,0.631578947,0.035087719
349,0.945205479,0.054794521,0.036363636,0.672727273,0.054545455,0.018181818,0.218181818,1,0,0.137931034,0.24137931,0.620689655,0
350,0.945205479,0.054794521,0.089285714,0.678571429,0.017857143,0.017857143,0.196428571,1,0.057692308,0,0.288461538,0.615384615,0.038461538
351,0.92,0.08,0.036363636,0.745454545,0.054545455,0.036363636,0.127272727,1,0.019607843,0,0.254901961,0.705882353,0.019607843
352,0.958333333,0.041666667,0,0.764705882,0.019607843,0.039215686,0.176470588,1,0,0.120689655,0.275862069,0.586206897,0.017241379
353,0.958333333,0.041666667,0.036363636,0.654545455,0.054545455,0.054545455,0.2,1,0.015625,0.109375,0.109375,0.65625,0.109375
354,0.958333333,0.041666667,0.038461538,0.769230769,0,0,0.192307692,1,0.071428571,0,0.25,0.571428571,0.107142857
355,0.958333333,0.041666667,0.019230769,0.788461538,0.019230769,0,0.173076923,1,0.087719298,0.01754386,0.192982456,0.596491228,0.105263158
356,0.985714286,0.014285714,0,0.620689655,0.137931034,0.017241379,0.224137931,1,0.118644068,0.084745763,0.118644068,0.610169492,0.06779661
357,0.971830986,0.028169014,0.032258065,0.5,0.161290323,0.048387097,0.258064516,1,0.20754717,0.056603774,0.132075472,0.603773585,0
358,0.985714286,0.014285714,0.066666667,0.35,0.1,0.083333333,0.4,1,0.403846154,0.038461538,0.173076923,0.384615385,0
359,0.945205479,0.054794521,0,0.603448276,0.137931034,0.034482759,0.224137931,1,0.192307692,0.019230769,0.153846154,0.615384615,0.019230769
360,0.985714286,0.014285714,0,0.666666667,0.122807018,0.01754386,0.192982456,1,0.160714286,0.035714286,0.125,0.607142857,0.071428571
361,0.971830986,0.028169014,0.051724138,0.637931034,0.086206897,0,0.224137931,1,0.095238095,0.015873016,0.047619048,0.650793651,0.19047619
362,0.971830986,0.028169014,0,0.153846154,0.038461538,0.211538462,0.596153846,1,0.666666667,0.035087719,0.01754386,0.192982456,0.087719298
363,0.958333333,0.041666667,0.015873016,0.53968254,0.19047619,0.015873016,0.238095238,1,0.086206897,0.120689655,0.086206897,0.689655172,0.017241379
364,0.932432432,0.067567568,0.016393443,0.016393443,0.163934426,0.114754098,0.68852459,1,0.773584906,0.018867925,0.018867925,0.150943396,0.037735849
365,1,0,0.080645161,0.080645161,0.112903226,0.080645161,0.64516129,1,0.593220339,0.06779661,0.050847458,0.203389831,0.084745763
366,0.945205479,0.054794521,0.056603774,0.056603774,0,0.132075472,0.754716981,1,0.633333333,0.05,0.066666667,0.133333333,0.116666667
367,0.971830986,0.028169014,0.017241379,0.689655172,0.120689655,0.034482759,0.137931034,1,0.12962963,0,0.111111111,0.685185185,0.074074074
368,0.971830986,0.028169014,0.05,0.633333333,0.116666667,0.033333333,0.166666667,1,0.016393443,0.081967213,0.081967213,0.721311475,0.098360656
369,0.945205479,0.054794521,0.016949153,0.627118644,0.13559322,0.06779661,0.152542373,1,0.035714286,0.089285714,0.125,0.732142857,0.017857143
370,1,0,0,0.178571429,0.107142857,0.142857143,0.571428571,1,0.642857143,0.053571429,0.053571429,0.196428571,0.053571429
371,0.985714286,0.014285714,0.016393443,0.131147541,0.163934426,0.098360656,0.590163934,1,0.698113208,0.037735849,0.056603774,0.188679245,0.018867925
372,0.985714286,0.014285714,0.016666667,0.116666667,0.15,0.15,0.566666667,1,0.784313725,0,0.019607843,0.176470588,0.019607843
373,0.958333333,0.041666667,0.084745763,0.033898305,0.06779661,0.06779661,0.745762712,1,0.701754386,0,0.070175439,0.105263158,0.122807018
374,0.958333333,0.041666667,0.037037037,0.037037037,0.037037037,0.148148148,0.740740741,1,0.633333333,0.083333333,0.066666667,0.133333333,0.083333333
375,0.958333333,0.041666667,0.089285714,0.053571429,0.017857143,0.125,0.714285714,1,0.434782609,0.130434783,0.014492754,0.275362319,0.144927536
376,0.958333333,0.041666667,0.070175439,0.052631579,0.052631579,0.035087719,0.789473684,1,0.552238806,0.029850746,0,0.194029851,0.223880597
377,0.985714286,0.014285714,0,0.111111111,0.074074074,0.148148148,0.666666667,1,0.633333333,0.066666667,0.033333333,0.166666667,0.1
378,0.985714286,0.014285714,0,0.169811321,0.056603774,0.226415094,0.547169811,1,0.607142857,0.089285714,0.071428571,0.214285714,0.017857143
379,0.971830986,0.028169014,0.087719298,0.087719298,0.035087719,0.070175439,0.719298246,1,0.649122807,0.01754386,0.122807018,0.105263158,0.105263158
380,0.985714286,0.014285714,0.090909091,0.054545455,0,0,0.854545455,1,0.529411765,0.058823529,0.088235294,0.117647059,0.205882353
381,0.985714286,0.014285714,0,0.142857143,0.107142857,0.142857143,0.607142857,1,0.620689655,0.068965517,0.034482759,0.206896552,0.068965517
382,0.985714286,0.014285714,0.06557377,0.032786885,0.114754098,0.131147541,0.655737705,1,0.655172414,0.086206897,0.017241379,0.189655172,0.051724138
383,0.985714286,0.014285714,0.089285714,0.125,0.017857143,0.232142857,0.535714286,1,0.74,0,0.1,0.16,0
384,0.958333333,0.041666667,0.019230769,0.115384615,0.019230769,0.25,0.596153846,1,0.614035088,0.087719298,0.052631579,0.210526316,0.035087719
385,0.92,0.08,0,0.02,0,0.34,0.64,1,0.727272727,0.072727273,0,0.181818182,0.018181818
386,1,0,0.068965517,0,0.068965517,0.224137931,0.637931034,1,0.719298246,0.070175439,0,0.157894737,0.052631579
387,0.958333333,0.041666667,0.037735849,0.113207547,0.018867925,0.150943396,0.679245283,1,0.696428571,0,0.071428571,0.125,0.107142857
388,0.985714286,0.014285714,0.036363636,0.072727273,0.054545455,0.2,0.636363636,1,0.672413793,0.051724138,0.017241379,0.172413793,0.086206897
389,0.985714286,0.014285714,0.071428571,0.035714286,0.035714286,0.214285714,0.642857143,1,0.655172414,0.068965517,0.034482759,0.172413793,0.068965517
390,0.958333333,0.041666667,0.052631579,0.035087719,0.070175439,0.192982456,0.649122807,1,0.714285714,0.017857143,0,0.178571429,0.089285714
391,0.907894737,0.092105263,0.055555556,0.055555556,0.018518519,0.259259259,0.611111111,1,0.648148148,0.055555556,0.037037037,0.240740741,0.018518519
392,0.971830986,0.028169014,0.017857143,0.142857143,0.089285714,0.214285714,0.535714286,1,0.62962963,0.074074074,0.055555556,0.240740741,0
393,0.985714286,0.014285714,0.032258065,0.225806452,0.161290323,0.096774194,0.483870968,1,0.527272727,0.054545455,0.036363636,0.345454545,0.036363636
394,1,0,0.066666667,0.066666667,0.1,0.2,0.566666667,1,0.55,0.133333333,0,0.283333333,0.033333333
395,0.958333333,0.041666667,0.084745763,0.033898305,0.06779661,0.220338983,0.593220339,1,0.716981132,0.037735849,0.018867925,0.20754717,0.018867925
396,0.932432432,0.067567568,0.015384615,0.015384615,0.215384615,0.061538462,0.692307692,1,0.773584906,0.037735849,0,0.169811321,0.018867925
397,0.945205479,0.054794521,0.068965517,0.017241379,0.068965517,0.155172414,0.689655172,1,0.754716981,0,0.075471698,0.113207547,0.056603774
398,1,0,0.048387097,0.064516129,0.14516129,0.048387097,0.693548387,1,0.672413793,0.051724138,0.051724138,0.137931034,0.086206897
399,0.985714286,0.014285714,0.236842105,0,0.105263158,0.026315789,0.631578947,1,0.545454545,0.018181818,0.090909091,0.272727273,0.072727273
400,0.958333333,0.041666667,0,0.153846154,0.038461538,0.211538462,0.596153846,1,0.660714286,0.035714286,0.035714286,0.196428571,0.071428571
401,0.945205479,0.054794521,0.037037037,0.055555556,0.037037037,0.240740741,0.62962963,1,0.754716981,0.018867925,0.037735849,0.150943396,0.037735849
402,0.932432432,0.067567568,0.019607843,0,0,0.254901961,0.725490196,1,0.706896552,0.051724138,0.017241379,0.137931034,0.086206897
403,0.958333333,0.041666667,0.037037037,0.055555556,0.037037037,0.203703704,0.666666667,1,0.633333333,0.066666667,0,0.2,0.1
404,0.971830986,0.028169014,0.018518519,0.185185185,0.055555556,0.111111111,0.62962963,1,0.6,0,0.016666667,0.216666667,0.166666667
405,1,0,0.096774194,0.080645161,0.096774194,0.048387097,0.677419355,1,0.655172414,0,0.051724138,0.155172414,0.137931034
406,0.985714286,0.014285714,0.018867925,0.113207547,0.037735849,0.056603774,0.773584906,1,0.582089552,0.029850746,0,0.164179104,0.223880597
407,0.985714286,0.014285714,0.035714286,0.089285714,0.071428571,0.035714286,0.767857143,1,0.529411765,0.073529412,0.014705882,0.191176471,0.191176471
408,0.971830986,0.028169014,0.034482759,0.068965517,0.103448276,0,0.793103448,1,0.6,0.030769231,0.015384615,0.153846154,0.2
409,0.958333333,0.041666667,0.035087719,0.087719298,0.087719298,0.052631579,0.736842105,1,0.587301587,0.031746032,0.015873016,0.19047619,0.174603175
410,0.985714286,0.014285714,0.071428571,0.642857143,0.035714286,0.071428571,0.178571429,1,0.142857143,0,0.142857143,0.607142857,0.107142857
411,0.971830986,0.028169014,0,0.75,0.038461538,0,0.211538462,1,0.089285714,0.071428571,0.267857143,0.535714286,0.035714286
412,1,0,0,0.072727273,0.090909091,0.254545455,0.581818182,1,0.637931034,0.137931034,0.017241379,0.206896552,0
413,0.985714286,0.014285714,0.06779661,0.084745763,0.084745763,0.220338983,0.542372881,1,0.745098039,0.019607843,0.039215686,0.196078431,0
414,0.945205479,0.054794521,0.090909091,0.654545455,0,0.109090909,0.145454545,1,0.037037037,0.055555556,0.222222222,0.666666667,0.018518519
415,0.907894737,0.092105263,0.019607843,0.705882353,0,0.058823529,0.215686275,1,0.086206897,0,0.155172414,0.620689655,0.137931034
416,0.945205479,0.054794521,0,0.727272727,0.090909091,0.036363636,0.145454545,1,0.105263158,0,0.087719298,0.684210526,0.122807018
417,0.932432432,0.067567568,0,0.666666667,0.122807018,0.01754386,0.192982456,1,0.049180328,0.049180328,0.06557377,0.704918033,0.131147541
418,1,0,0.032258065,0.225806452,0.161290323,0.129032258,0.451612903,1,0.647058824,0,0.019607843,0.31372549,0.019607843
419,1,0,0,0.079365079,0.206349206,0.031746032,0.682539683,1,0.661016949,0.084745763,0.016949153,0.169491525,0.06779661
420,0.985714286,0.014285714,0,0.089285714,0.107142857,0.071428571,0.732142857,1,0.639344262,0.081967213,0.049180328,0.131147541,0.098360656
421,0.985714286,0.014285714,0.019607843,0.784313725,0,0.019607843,0.176470588,1,0.070175439,0.052631579,0.263157895,0.543859649,0.070175439
422,0.958333333,0.041666667,0.055555556,0.685185185,0.018518519,0.037037037,0.203703704,1,0.084745763,0.033898305,0.152542373,0.610169492,0.118644068
423,0.985714286,0.014285714,0.066666667,0.65,0.1,0.05,0.133333333,1,0.053571429,0.035714286,0.125,0.714285714,0.071428571
424,1,0,0.092307692,0.569230769,0.138461538,0,0.2,1,0.01754386,0.087719298,0.157894737,0.701754386,0.035087719
425,0.985714286,0.014285714,0.019230769,0.75,0.019230769,0.019230769,0.192307692,1,0.083333333,0.05,0.183333333,0.566666667,0.116666667
426,1,0,0.052631579,0.631578947,0.070175439,0,0.245614035,1,0.070175439,0.105263158,0.263157895,0.543859649,0.01754386
427,0.971830986,0.028169014,0.038461538,0.730769231,0,0.076923077,0.153846154,1,0.035714286,0.107142857,0.267857143,0.589285714,0
428,1,0,0,0.12,0,0.32,0.56,1,0.620689655,0.120689655,0.051724138,0.189655172,0.017241379
429,0.985714286,0.014285714,0.068965517,0.051724138,0.068965517,0.172413793,0.637931034,1,0.660714286,0.089285714,0.071428571,0.160714286,0.017857143
430,1,0,0.070175439,0.087719298,0.052631579,0.087719298,0.701754386,1,0.606557377,0.049180328,0.06557377,0.147540984,0.131147541
431,0.932432432,0.067567568,0.019607843,0.725490196,0,0,0.254901961,1,0.134615385,0.019230769,0.326923077,0.5,0.019230769
432,0.945205479,0.054794521,0,0.803921569,0.019607843,0,0.176470588,1,0.071428571,0.017857143,0.232142857,0.589285714,0.089285714
433,1,0,0.071428571,0.642857143,0.035714286,0.017857143,0.232142857,1,0.142857143,0.017857143,0.214285714,0.535714286,0.089285714
434,1,0,0.158730159,0.047619048,0.047619048,0.142857143,0.603174603,1,0.625,0.017857143,0.053571429,0.214285714,0.089285714
435,0.985714286,0.014285714,0.116666667,0.033333333,0.05,0.166666667,0.633333333,1,0.684210526,0,0,0.192982456,0.122807018
436,0.971830986,0.028169014,0.086206897,0.017241379,0.051724138,0.293103448,0.551724138,1,0.784313725,0.019607843,0,0.196078431,0
437,0.985714286,0.014285714,0.051724138,0.051724138,0.086206897,0.189655172,0.620689655,1,0.722222222,0.055555556,0.055555556,0.148148148,0.018518519
438,0.945205479,0.054794521,0.035714286,0.089285714,0.071428571,0.232142857,0.571428571,1,0.76,0,0.06,0.18,0
439,0.958333333,0.041666667,0,0.037037037,0.074074074,0.222222222,0.666666667,1,0.696428571,0.089285714,0.053571429,0.142857143,0.017857143
440,0.945205479,0.054794521,0,0.053571429,0.107142857,0.160714286,0.678571429,1,0.722222222,0.074074074,0.074074074,0.12962963,0
441,0.985714286,0.014285714,0,0.148148148,0.074074074,0.185185185,0.592592593,1,0.698113208,0.056603774,0.113207547,0.132075472,0
442,1,0,0.053571429,0.071428571,0.053571429,0.267857143,0.553571429,1,0.631578947,0.105263158,0.01754386,0.228070175,0.01754386
443,0.945205479,0.054794521,0.017241379,0.086206897,0.120689655,0.120689655,0.655172414,1,0.696428571,0.017857143,0,0.196428571,0.089285714
444,0.945205479,0.054794521,0,0,0.193548387,0.032258065,0.774193548,1,0.639344262,0.114754098,0.016393443,0.163934426,0.06557377
445,0.92,0.08,0.017241379,0.017241379,0.120689655,0.189655172,0.655172414,1,0.769230769,0.019230769,0.019230769,0.173076923,0.019230769
446,0.945205479,0.054794521,0.061538462,0.015384615,0.169230769,0.123076923,0.630769231,1,0.75,0.019230769,0,0.211538462,0.019230769
447,0.958333333,0.041666667,0,0.072727273,0.090909091,0.181818182,0.654545455,1,0.714285714,0.053571429,0.017857143,0.160714286,0.053571429
448,0.945205479,0.054794521,0.074074074,0.037037037,0,0.277777778,0.611111111,1,0.685185185,0.074074074,0.055555556,0.185185185,0
449,0.932432432,0.067567568,0,0.137254902,0.019607843,0.333333333,0.509803922,1,0.711538462,0.038461538,0,0.25,0
450,0.971830986,0.028169014,0.074074074,0.111111111,0,0.277777778,0.537037037,1,0.716981132,0,0.018867925,0.20754717,0.056603774
451,0.985714286,0.014285714,0.074074074,0.055555556,0,0.259259259,0.611111111,1,0.637931034,0.086206897,0.034482759,0.189655172,0.051724138
452,0.971830986,0.028169014,0.019230769,0.115384615,0.019230769,0.25,0.596153846,1,0.735849057,0.018867925,0.075471698,0.132075472,0.037735849
453,1,0,0.019230769,0.115384615,0.019230769,0.25,0.596153846,1,0.637931034,0.086206897,0.051724138,0.172413793,0.051724138
454,0.932432432,0.067567568,0,0.019230769,0.038461538,0.134615385,0.807692308,1,0.603174603,0.126984127,0.047619048,0.142857143,0.079365079
455,1,0,0.016393443,0.081967213,0.163934426,0.147540984,0.590163934,1,0.773584906,0.037735849,0,0.169811321,0.018867925
456,0.985714286,0.014285714,0.033898305,0.186440678,0.118644068,0.152542373,0.508474576,1,0.648148148,0,0,0.277777778,0.074074074
457,0.932432432,0.067567568,0.051724138,0.017241379,0.086206897,0.120689655,0.724137931,1,0.684210526,0.01754386,0.035087719,0.157894737,0.105263158
458,1,0,0.092307692,0,0.138461538,0.138461538,0.630769231,1,0.727272727,0.054545455,0,0.181818182,0.036363636
459,0.971830986,0.028169014,0.050847458,0.050847458,0.101694915,0.186440678,0.610169492,1,0.678571429,0.053571429,0,0.214285714,0.053571429
460,0.932432432,0.067567568,0,0,0.019607843,0.254901961,0.725490196,1,0.719298246,0.052631579,0.035087719,0.122807018,0.070175439
461,0.985714286,0.014285714,0.034482759,0.051724138,0.103448276,0.189655172,0.620689655,1,0.709090909,0.072727273,0.036363636,0.163636364,0.018181818
462,1,0,0.017857143,0.053571429,0.089285714,0.196428571,0.642857143,1,0.732142857,0.071428571,0.035714286,0.125,0.035714286
463,1,0,0,0.035714286,0.107142857,0.125,0.732142857,1,0.560606061,0.151515152,0.015151515,0.181818182,0.090909091
464,1,0,0,0.076923077,0.038461538,0.25,0.634615385,1,0.672413793,0.103448276,0.051724138,0.137931034,0.034482759
465,1,0,0.018518519,0.055555556,0.055555556,0.296296296,0.574074074,1,0.727272727,0.090909091,0.018181818,0.163636364,0
466,1,0,0,0.071428571,0.107142857,0.25,0.571428571,1,0.666666667,0.122807018,0,0.210526316,0
467,0.932432432,0.067567568,0.037037037,0.018518519,0.037037037,0.185185185,0.722222222,1,0.649122807,0.087719298,0.087719298,0.140350877,0.035087719
468,0.985714286,0.014285714,0.019230769,0.038461538,0.019230769,0.25,0.673076923,1,0.655737705,0.081967213,0,0.163934426,0.098360656
469,0.985714286,0.014285714,0,0.055555556,0.074074074,0.222222222,0.648148148,1,0.633333333,0.116666667,0.016666667,0.183333333,0.05
470,0.945205479,0.054794521,0.053571429,0.053571429,0.053571429,0.196428571,0.642857143,1,0.631578947,0.070175439,0.035087719,0.210526316,0.052631579
471,0.985714286,0.014285714,0,0.116666667,0.166666667,0.116666667,0.6,1,0.642857143,0.089285714,0.035714286,0.214285714,0.017857143
472,0.958333333,0.041666667,0.018181818,0.181818182,0.072727273,0.145454545,0.581818182,1,0.533333333,0.05,0.016666667,0.283333333,0.116666667
473,0.971830986,0.028169014,0.018518519,0.166666667,0.055555556,0.148148148,0.611111111,1,0.660714286,0.017857143,0.053571429,0.178571429,0.089285714
474,0.985714286,0.014285714,0.087719298,0,0.035087719,0.210526316,0.666666667,1,0.719298246,0.052631579,0.01754386,0.140350877,0.070175439
475,0.971830986,0.028169014,0.053571429,0.053571429,0.053571429,0.142857143,0.696428571,1,0.566666667,0.133333333,0.1,0.166666667,0.033333333
476,1,0,0.033333333,0.083333333,0.133333333,0.083333333,0.666666667,1,0.555555556,0.111111111,0.015873016,0.222222222,0.095238095
477,0.971830986,0.028169014,0.037735849,0.169811321,0.018867925,0.226415094,0.547169811,1,0.654545455,0,0.036363636,0.218181818,0.090909091
478,1,0,0.018181818,0.345454545,0.072727273,0.218181818,0.345454545,1,0.472727273,0.054545455,0.036363636,0.4,0.036363636
479,0.971830986,0.028169014,0.052631579,0.157894737,0.070175439,0.245614035,0.473684211,1,0.526315789,0.087719298,0,0.350877193,0.035087719
480,0.985714286,0.014285714,0.089285714,0.339285714,0.017857143,0.178571429,0.375,1,0.454545455,0,0.054545455,0.4,0.090909091
481,0.971830986,0.028169014,0,0.132075472,0.056603774,0.075471698,0.735849057,1,0.612903226,0.048387097,0.048387097,0.14516129,0.14516129
482,0.971830986,0.028169014,0,0.107142857,0.107142857,0.142857143,0.642857143,1,0.714285714,0.017857143,0.017857143,0.160714286,0.089285714
483,0.971830986,0.028169014,0.018518519,0.148148148,0.055555556,0.148148148,0.62962963,1,0.649122807,0.01754386,0.052631579,0.175438596,0.105263158
484,0.907894737,0.092105263,0,0.06,0,0.22,0.72,1,0.727272727,0,0.054545455,0.127272727,0.090909091
485,0.958333333,0.041666667,0.086206897,0.051724138,0.051724138,0.24137931,0.568965517,1,0.764705882,0,0.019607843,0.196078431,0.019607843
486,0.971830986,0.028169014,0.036363636,0.127272727,0.054545455,0.254545455,0.527272727,1,0.698113208,0.037735849,0.018867925,0.226415094,0.018867925
487,0.958333333,0.041666667,0,0.589285714,0.107142857,0.089285714,0.214285714,1,0.226415094,0.018867925,0.132075472,0.58490566,0.037735849
488,0.907894737,0.092105263,0.018867925,0.754716981,0.037735849,0.018867925,0.169811321,1,0.039215686,0,0.294117647,0.647058824,0.019607843
489,0.907894737,0.092105263,0,0.759259259,0.074074074,0.055555556,0.111111111,1,0,0.038461538,0.230769231,0.730769231,0
490,1,0,0.052631579,0.614035088,0.070175439,0.052631579,0.210526316,1,0.103448276,0.086206897,0.172413793,0.586206897,0.051724138
491,0.932432432,0.067567568,0.071428571,0.625,0.035714286,0,0.267857143,1,0.016393443,0.098360656,0.180327869,0.62295082,0.081967213
492,0.971830986,0.028169014,0.035087719,0.649122807,0.087719298,0.070175439,0.157894737,1,0,0.142857143,0.095238095,0.698412698,0.063492063
493,0.985714286,0.014285714,0.018181818,0.672727273,0.072727273,0.072727273,0.163636364,1,0.145454545,0.054545455,0.163636364,0.6,0.036363636
494,1,0,0.105263158,0.49122807,0.01754386,0.01754386,0.368421053,1,0.218181818,0.054545455,0.290909091,0.4,0.036363636
495,0.958333333,0.041666667,0.090909091,0.290909091,0,0.018181818,0.6,1,0.338983051,0.118644068,0.254237288,0.254237288,0.033898305
496,0.958333333,0.041666667,0,0.365384615,0.038461538,0.057692308,0.538461538,1,0.568627451,0,0.235294118,0.176470588,0.019607843
497,0.971830986,0.028169014,0.017241379,0.706896552,0.120689655,0.034482759,0.120689655,1,0.055555556,0.037037037,0.166666667,0.703703704,0.037037037
498,0.958333333,0.041666667,0.0625,0.46875,0.15625,0.078125,0.234375,1,0.203703704,0.037037037,0.037037037,0.685185185,0.037037037
499,0.985714286,0.014285714,0.105263158,0.50877193,0.01754386,0.052631579,0.315789474,1,0.129032258,0.096774194,0.14516129,0.532258065,0.096774194
500,0.945205479,0.054794521,0.017241379,0.517241379,0.120689655,0,0.344827586,1,0.232142857,0.053571429,0.142857143,0.517857143,0.053571429
501,0.958333333,0.041666667,0.036363636,0.727272727,0.054545455,0.018181818,0.163636364,1,0.056603774,0.037735849,0.264150943,0.622641509,0.018867925
502,0.958333333,0.041666667,0.083333333,0.666666667,0.083333333,0.016666667,0.15,1,0.019607843,0.019607843,0.254901961,0.705882353,0
503,1,0,0.017241379,0.655172414,0.120689655,0.017241379,0.189655172,1,0.014285714,0.128571429,0.014285714,0.685714286,0.157142857
504,0.985714286,0.014285714,0.05,0.65,0.116666667,0.066666667,0.116666667,1,0.017241379,0.086206897,0.103448276,0.74137931,0.051724138
505,1,0,0.064516129,0.548387097,0.129032258,0.032258065,0.225806452,1,0.120689655,0.068965517,0.103448276,0.637931034,0.068965517
506,1,0,0,0.62745098,0.019607843,0.019607843,0.333333333,1,0.136363636,0.121212121,0.151515152,0.46969697,0.121212121
507,0.985714286,0.014285714,0,0.653846154,0.038461538,0.115384615,0.192307692,1,0.15,0.083333333,0.116666667,0.566666667,0.083333333
508,0.945205479,0.054794521,0.018181818,0.054545455,0.072727273,0.072727273,0.781818182,1,0.612903226,0.064516129,0.048387097,0.14516129,0.129032258
509,0.92,0.08,0.071428571,0.678571429,0.035714286,0.017857143,0.196428571,1,0,0.05,0.133333333,0.7,0.116666667
510,0.971830986,0.028169014,0,0.64516129,0.193548387,0.032258065,0.129032258,1,0.033333333,0.083333333,0.016666667,0.783333333,0.083333333
511,0.945205479,0.054794521,0,0.596774194,0.193548387,0.032258065,0.177419355,1,0,0.166666667,0.066666667,0.766666667,0
512,0.945205479,0.054794521,0.016949153,0.677966102,0.13559322,0.033898305,0.13559322,1,0.037735849,0.056603774,0.169811321,0.735849057,0
513,0.958333333,0.041666667,0.0625,0.625,0.15625,0,0.15625,1,0.018867925,0.037735849,0.150943396,0.773584906,0.018867925
514,1,0,0.130434783,0.550724638,0.144927536,0.028985507,0.144927536,1,0.018867925,0.018867925,0.113207547,0.811320755,0.037735849
515,0.985714286,0.014285714,0.101694915,0.627118644,0.050847458,0.016949153,0.203389831,1,0.018181818,0.090909091,0.272727273,0.618181818,0
516,0.958333333,0.041666667,0.072727273,0.745454545,0.018181818,0.018181818,0.145454545,1,0,0.037735849,0.301886792,0.641509434,0.018867925
517,0.958333333,0.041666667,0.056603774,0.056603774,0,0.150943396,0.735849057,1,0.655737705,0.016393443,0.016393443,0.147540984,0.163934426
518,0.985714286,0.014285714,0.019230769,0.019230769,0.019230769,0.096153846,0.846153846,1,0.611940299,0.074626866,0.029850746,0.104477612,0.179104478
519,0.958333333,0.041666667,0.034482759,0.120689655,0.103448276,0.206896552,0.534482759,1,0.725490196,0,0.019607843,0.235294118,0.019607843
520,0.985714286,0.014285714,0.054545455,0.163636364,0.036363636,0.254545455,0.490909091,1,0.692307692,0,0.038461538,0.230769231,0.038461538
521,0.945205479,0.054794521,0.054545455,0,0.036363636,0.254545455,0.654545455,1,0.754716981,0.037735849,0.056603774,0.132075472,0.018867925
522,0.971830986,0.028169014,0.122807018,0,0,0.228070175,0.649122807,1,0.678571429,0.035714286,0.053571429,0.160714286,0.071428571
523,0.985714286,0.014285714,0.087719298,0.070175439,0.035087719,0.228070175,0.578947368,1,0.716981132,0.018867925,0.056603774,0.169811321,0.037735849
524,0.92,0.08,0.055555556,0.074074074,0.018518519,0.259259259,0.592592593,1,0.745098039,0,0.039215686,0.196078431,0.019607843
525,0.985714286,0.014285714,0.036363636,0.127272727,0.054545455,0.236363636,0.545454545,1,0.716981132,0.018867925,0.037735849,0.188679245,0.037735849
526,0.971830986,0.028169014,0.018518519,0.092592593,0.055555556,0.222222222,0.611111111,1,0.745454545,0,0,0.163636364,0.090909091
527,0.92,0.08,0.018867925,0.056603774,0.037735849,0.245283019,0.641509434,1,0.754716981,0,0.018867925,0.169811321,0.056603774
528,0.932432432,0.067567568,0.055555556,0.092592593,0.018518519,0.222222222,0.611111111,1,0.660377358,0.056603774,0.094339623,0.188679245,0
529,0.985714286,0.014285714,0.034482759,0,0.103448276,0.172413793,0.689655172,1,0.672413793,0.120689655,0.051724138,0.137931034,0.017241379
530,0.945205479,0.054794521,0.018518519,0.111111111,0.055555556,0.240740741,0.574074074,1,0.642857143,0.089285714,0,0.25,0.017857143
531,0.945205479,0.054794521,0,0.06,0,0.28,0.66,1,0.727272727,0.072727273,0.054545455,0.127272727,0.018181818
532,0.945205479,0.054794521,0.056603774,0.018867925,0,0.301886792,0.622641509,1,0.672727273,0.072727273,0.054545455,0.181818182,0.018181818
533,0.945205479,0.054794521,0.018867925,0.056603774,0.037735849,0.226415094,0.660377358,1,0.759259259,0.018518519,0.037037037,0.12962963,0.055555556
534,1,0,0.086206897,0.051724138,0.051724138,0.224137931,0.586206897,1,0.75,0.038461538,0.076923077,0.134615385,0
535,0.945205479,0.054794521,0,0.076923077,0.038461538,0.211538462,0.673076923,1,0.701754386,0.052631579,0.01754386,0.157894737,0.070175439
536,0.945205479,0.054794521,0.018518519,0.018518519,0.055555556,0.222222222,0.685185185,1,0.672413793,0.086206897,0.017241379,0.172413793,0.051724138
537,0.932432432,0.067567568,0.13559322,0.033898305,0.016949153,0.084745763,0.728813559,1,0.627118644,0,0.033898305,0.186440678,0.152542373
538,0.945205479,0.054794521,0.018518519,0.092592593,0.055555556,0.074074074,0.759259259,1,0.655737705,0,0.016393443,0.147540984,0.180327869
539,1,0,0,0.048387097,0.193548387,0.064516129,0.693548387,1,0.666666667,0.1,0,0.166666667,0.066666667
540,0.985714286,0.014285714,0,0.118644068,0.152542373,0.13559322,0.593220339,1,0.754716981,0.018867925,0.018867925,0.169811321,0.037735849
541,1,0,0.071428571,0,0.035714286,0.214285714,0.678571429,1,0.655737705,0.081967213,0,0.163934426,0.098360656
542,0.958333333,0.041666667,0.056603774,0,0,0.113207547,0.830188679,1,0.650793651,0.031746032,0.047619048,0.095238095,0.174603175
543,0.985714286,0.014285714,0.038461538,0.038461538,0,0.134615385,0.788461538,1,0.640625,0.046875,0.03125,0.109375,0.171875
544,0.92,0.08,0,0.06,0,0.2,0.74,1,0.706896552,0,0.017241379,0.137931034,0.137931034
545,1,0,0.055555556,0.111111111,0.018518519,0.203703704,0.611111111,1,0.627118644,0.050847458,0.033898305,0.186440678,0.101694915
546,0.971830986,0.028169014,0,0.153846154,0.038461538,0.134615385,0.673076923,1,0.637931034,0.051724138,0.086206897,0.137931034,0.086206897
547,0.971830986,0.028169014,0,0.210526316,0.122807018,0.122807018,0.543859649,1,0.679245283,0,0.037735849,0.226415094,0.056603774
548,0.985714286,0.014285714,0,0.16,0,0.28,0.56,1,0.666666667,0.035087719,0.01754386,0.192982456,0.087719298
549,0.985714286,0.014285714,0.050847458,0.033898305,0.101694915,0.06779661,0.745762712,1,0.672131148,0.032786885,0.016393443,0.131147541,0.147540984
550,0.958333333,0.041666667,0.078125,0.03125,0.140625,0.046875,0.703125,1,0.672413793,0,0,0.189655172,0.137931034
551,0.92,0.08,0.05,0.083333333,0.116666667,0,0.75,1,0.616666667,0,0.016666667,0.2,0.166666667
552,0.92,0.08,0.05,0.033333333,0.116666667,0.066666667,0.733333333,1,0.644067797,0,0,0.203389831,0.152542373
553,1,0,0.037735849,0.056603774,0.018867925,0.037735849,0.849056604,1,0.520547945,0.082191781,0,0.164383562,0.232876712
554,0.971830986,0.028169014,0.036363636,0.109090909,0.054545455,0,0.8,1,0.582089552,0.014925373,0,0.164179104,0.23880597
555,0.971830986,0.028169014,0.070175439,0.01754386,0.052631579,0.157894737,0.701754386,1,0.666666667,0.05,0,0.166666667,0.116666667
556,0.971830986,0.028169014,0.087719298,0.087719298,0.035087719,0.122807018,0.666666667,1,0.616666667,0,0.016666667,0.2,0.166666667
557,1,0,0.137931034,0.034482759,0,0.172413793,0.655172414,1,0.62295082,0.016393443,0,0.196721311,0.163934426
558,1,0,0.137931034,0.034482759,0,0.224137931,0.603448276,1,0.709090909,0,0.036363636,0.163636364,0.090909091
559,1,0,0.142857143,0.015873016,0.063492063,0.238095238,0.53968254,1,0.764705882,0,0,0.215686275,0.019607843
560,0.971830986,0.028169014,0.111111111,0,0.095238095,0.174603175,0.619047619,1,0.803921569,0,0.019607843,0.156862745,0.019607843
561,0.932432432,0.067567568,0.019607843,0.156862745,0,0.333333333,0.490196078,1,0.660377358,0.037735849,0,0.283018868,0.018867925
562,0.971830986,0.028169014,0.017857143,0.321428571,0.089285714,0.160714286,0.410714286,1,0.509433962,0.037735849,0.075471698,0.358490566,0.018867925
563,0.985714286,0.014285714,0.111111111,0.047619048,0.095238095,0.063492063,0.682539683,1,0.655172414,0,0.034482759,0.172413793,0.137931034
564,0.985714286,0.014285714,0.019607843,0.098039216,0,0.215686275,0.666666667,1,0.555555556,0.126984127,0.047619048,0.19047619,0.079365079
565,0.985714286,0.014285714,0.019230769,0.75,0.019230769,0.057692308,0.153846154,1,0.090909091,0.054545455,0.254545455,0.563636364,0.036363636
566,0.985714286,0.014285714,0.051724138,0.362068966,0.086206897,0.086206897,0.413793103,1,0.4,0,0,0.433333333,0.166666667
567,0.971830986,0.028169014,0,0.654545455,0.090909091,0.036363636,0.218181818,1,0.196428571,0,0.125,0.571428571,0.107142857
568,0.985714286,0.014285714,0.017857143,0.553571429,0.089285714,0.053571429,0.285714286,1,0.104477612,0.134328358,0.059701493,0.582089552,0.119402985
569,1,0,0.037037037,0.685185185,0.037037037,0.037037037,0.203703704,1,0.047619048,0.111111111,0.158730159,0.587301587,0.095238095
570,0.971830986,0.028169014,0.019230769,0.692307692,0.019230769,0.076923077,0.192307692,1,0.163636364,0.018181818,0.2,0.545454545,0.072727273
571,1,0,0,0.75,0.038461538,0.019230769,0.192307692,1,0.122807018,0.052631579,0.228070175,0.526315789,0.070175439
572,1,0,0,0.68627451,0.019607843,0.019607843,0.274509804,1,0.114754098,0.114754098,0.229508197,0.475409836,0.06557377
573,0.971830986,0.028169014,0.13559322,0.576271186,0.016949153,0.016949153,0.254237288,1,0.034482759,0.068965517,0.224137931,0.603448276,0.068965517
574,0.945205479,0.054794521,0.072727273,0.690909091,0.018181818,0.054545455,0.163636364,1,0,0.06779661,0.169491525,0.677966102,0.084745763
575,0.971830986,0.028169014,0.089285714,0.678571429,0.017857143,0,0.214285714,1,0.016949153,0.06779661,0.220338983,0.610169492,0.084745763
576,1,0,0.090909091,0.690909091,0,0,0.218181818,1,0.109090909,0,0.272727273,0.527272727,0.090909091
577,0.985714286,0.014285714,0.036363636,0.618181818,0.054545455,0.018181818,0.272727273,1,0.169491525,0.033898305,0.152542373,0.525423729,0.118644068
578,1,0,0.083333333,0.616666667,0.083333333,0.016666667,0.2,1,0.111111111,0.018518519,0.203703704,0.611111111,0.055555556
579,0.985714286,0.014285714,0.019607843,0.725490196,0,0.078431373,0.176470588,1,0.133333333,0.033333333,0.133333333,0.566666667,0.133333333
580,0.971830986,0.028169014,0.016949153,0.661016949,0.13559322,0.016949153,0.169491525,1,0.081967213,0.032786885,0.032786885,0.704918033,0.147540984
581,1,0,0.055555556,0.111111111,0.018518519,0.12962963,0.685185185,1,0.571428571,0.063492063,0.047619048,0.174603175,0.142857143
582,0.971830986,0.028169014,0,0.06,0,0.26,0.68,1,0.706896552,0.051724138,0.034482759,0.120689655,0.086206897
583,0.971830986,0.028169014,0.019607843,0.098039216,0,0.31372549,0.568627451,1,0.603448276,0.103448276,0.034482759,0.224137931,0.034482759
584,0.971830986,0.028169014,0.018181818,0.109090909,0.072727273,0.218181818,0.581818182,1,0.678571429,0.053571429,0,0.214285714,0.053571429
585,0.945205479,0.054794521,0.01754386,0.052631579,0.105263158,0.192982456,0.631578947,1,0.620689655,0.120689655,0,0.24137931,0.017241379
586,0.945205479,0.054794521,0.066666667,0.033333333,0.1,0.066666667,0.733333333,1,0.516129032,0.112903226,0.080645161,0.209677419,0.080645161
587,0.932432432,0.067567568,0,0.096153846,0.038461538,0.269230769,0.596153846,1,0.754716981,0,0,0.188679245,0.056603774
588,0.945205479,0.054794521,0.072727273,0.054545455,0.018181818,0.254545455,0.6,1,0.685185185,0.055555556,0.037037037,0.203703704,0.018518519
589,0.958333333,0.041666667,0.056603774,0.056603774,0,0.226415094,0.660377358,1,0.689655172,0.017241379,0,0.172413793,0.120689655
590,0.958333333,0.041666667,0,0.716981132,0.056603774,0.018867925,0.20754717,1,0.12962963,0.037037037,0.240740741,0.555555556,0.037037037
591,0.958333333,0.041666667,0,0.722222222,0.074074074,0.037037037,0.166666667,1,0.16,0,0.26,0.58,0
592,1,0,0.103448276,0.672413793,0.034482759,0.017241379,0.172413793,1,0.038461538,0.038461538,0.326923077,0.596153846,0
593,0.945205479,0.054794521,0,0.764705882,0.019607843,0.058823529,0.156862745,1,0.035714286,0.107142857,0.25,0.607142857,0
594,0.971830986,0.028169014,0.052631579,0.684210526,0.070175439,0,0.192982456,1,0.094339623,0.018867925,0.245283019,0.603773585,0.037735849
595,0.985714286,0.014285714,0.051724138,0.672413793,0.086206897,0.051724138,0.137931034,1,0.05,0.066666667,0.083333333,0.7,0.1
596,0.971830986,0.028169014,0.090909091,0.690909091,0,0,0.218181818,1,0.068965517,0,0.206896552,0.586206897,0.137931034
597,0.945205479,0.054794521,0.019607843,0.745098039,0,0.058823529,0.176470588,1,0.015873016,0.095238095,0.142857143,0.634920635,0.111111111
598,0.945205479,0.054794521,0.037037037,0.740740741,0.037037037,0.018518519,0.166666667,1,0.090909091,0,0.181818182,0.636363636,0.090909091
599,0.945205479,0.054794521,0.018867925,0.679245283,0.037735849,0.037735849,0.226415094,1,0.068965517,0.068965517,0.206896552,0.586206897,0.068965517
600,0.932432432,0.067567568,0.019230769,0.75,0.019230769,0.038461538,0.173076923,1,0.037037037,0.055555556,0.277777778,0.611111111,0.018518519
601,0.907894737,0.092105263,0,0.764705882,0.019607843,0.058823529,0.156862745,1,0.072727273,0,0.181818182,0.654545455,0.090909091
602,0.92,0.08,0,0.701754386,0.122807018,0.035087719,0.140350877,1,0.037735849,0.018867925,0.169811321,0.735849057,0.037735849
603,0.971830986,0.028169014,0.018867925,0.018867925,0.037735849,0.20754717,0.716981132,1,0.629032258,0.112903226,0.016129032,0.161290323,0.080645161
604,0.958333333,0.041666667,0.019607843,0.019607843,0,0.31372549,0.647058824,1,0.633333333,0.116666667,0,0.2,0.05
605,0.985714286,0.014285714,0.068965517,0.051724138,0.068965517,0.189655172,0.620689655,1,0.649122807,0.087719298,0.035087719,0.192982456,0.035087719
606,0.971830986,0.028169014,0.034482759,0.5,0.103448276,0.034482759,0.327586207,1,0.196428571,0.107142857,0.196428571,0.5,0
607,0.971830986,0.028169014,0.036363636,0.709090909,0.054545455,0.054545455,0.145454545,1,0.109090909,0,0.163636364,0.636363636,0.090909091
608,0.92,0.08,0.019607843,0.745098039,0,0.078431373,0.156862745,1,0.089285714,0.035714286,0.160714286,0.642857143,0.071428571
609,0.945205479,0.054794521,0,0.152542373,0.152542373,0.06779661,0.627118644,1,0.685185185,0,0.037037037,0.203703704,0.074074074
610,0.958333333,0.041666667,0,0.063492063,0.206349206,0.079365079,0.650793651,1,0.803921569,0.019607843,0.039215686,0.137254902,0
611,0.958333333,0.041666667,0.017241379,0.051724138,0.120689655,0.155172414,0.655172414,1,0.740740741,0.037037037,0.037037037,0.148148148,0.037037037
612,0.985714286,0.014285714,0.033333333,0.1,0.133333333,0.166666667,0.566666667,1,0.730769231,0.038461538,0.038461538,0.192307692,0
613,0.958333333,0.041666667,0,0.134615385,0.038461538,0.153846154,0.673076923,1,0.677966102,0,0,0.169491525,0.152542373
614,0.958333333,0.041666667,0,0.090909091,0.090909091,0.236363636,0.581818182,1,0.754716981,0.037735849,0,0.188679245,0.018867925
615,0.985714286,0.014285714,0.017857143,0.053571429,0.089285714,0.196428571,0.642857143,1,0.655172414,0.103448276,0.034482759,0.172413793,0.034482759
616,0.958333333,0.041666667,0,0.140350877,0.122807018,0.175438596,0.561403509,1,0.764705882,0,0.019607843,0.196078431,0.019607843
617,0.958333333,0.041666667,0,0.127272727,0.090909091,0.254545455,0.527272727,1,0.698113208,0.056603774,0,0.245283019,0
618,0.945205479,0.054794521,0.056603774,0.735849057,0,0.018867925,0.188679245,1,0.096153846,0,0.288461538,0.576923077,0.038461538
619,0.945205479,0.054794521,0.035714286,0.678571429,0.071428571,0,0.214285714,1,0,0.122807018,0.245614035,0.631578947,0
620,0.971830986,0.028169014,0.06557377,0.032786885,0.114754098,0.098360656,0.68852459,1,0.661016949,0.050847458,0,0.186440678,0.101694915
621,0.971830986,0.028169014,0.019607843,0.058823529,0,0.137254902,0.784313725,1,0.619047619,0.079365079,0.063492063,0.111111111,0.126984127
622,0.971830986,0.028169014,0.017857143,0.071428571,0.089285714,0.071428571,0.75,1,0.5625,0.109375,0.046875,0.171875,0.109375
623,0.985714286,0.014285714,0.064516129,0.612903226,0.129032258,0.032258065,0.161290323,1,0,0.096774194,0.064516129,0.741935484,0.096774194
624,0.985714286,0.014285714,0.107142857,0.696428571,0,0.071428571,0.125,1,0.01754386,0.035087719,0.192982456,0.666666667,0.087719298
625,0.945205479,0.054794521,0.083333333,0.666666667,0.083333333,0.033333333,0.133333333,1,0,0,0.211538462,0.75,0.038461538
626,0.985714286,0.014285714,0.084745763,0.644067797,0.06779661,0,0.203389831,1,0.036363636,0.072727273,0.254545455,0.618181818,0.018181818
627,1,0,0.05,0.6,0.116666667,0,0.233333333,1,0.176470588,0.019607843,0.254901961,0.549019608,0
628,0.985714286,0.014285714,0.076923077,0.6,0.153846154,0.015384615,0.153846154,1,0.08,0,0.18,0.74,0
629,0.907894737,0.092105263,0.056603774,0.037735849,0,0.169811321,0.735849057,1,0.672413793,0,0.017241379,0.172413793,0.137931034
630,0.958333333,0.041666667,0.074074074,0,0,0.148148148,0.777777778,1,0.625,0.03125,0,0.15625,0.1875
631,0.907894737,0.092105263,0.019230769,0.038461538,0.019230769,0.173076923,0.75,1,0.714285714,0,0.053571429,0.125,0.107142857
632,0.971830986,0.028169014,0.053571429,0.125,0.053571429,0.160714286,0.607142857,1,0.637931034,0,0,0.224137931,0.137931034
633,0.932432432,0.067567568,0,0.8,0,0.04,0.16,1,0.055555556,0.055555556,0.277777778,0.592592593,0.018518519
634,1,0,0.072727273,0.054545455,0.018181818,0.054545455,0.8,1,0.606060606,0.03030303,0.03030303,0.121212121,0.212121212
635,0.985714286,0.014285714,0.118644068,0.016949153,0.033898305,0.118644068,0.711864407,1,0.639344262,0.016393443,0.016393443,0.163934426,0.163934426
636,0.985714286,0.014285714,0.089285714,0,0.017857143,0.178571429,0.714285714,1,0.59375,0.078125,0,0.1875,0.140625
637,0.958333333,0.041666667,0.103448276,0.017241379,0.034482759,0.137931034,0.706896552,1,0.633333333,0.033333333,0.016666667,0.183333333,0.133333333
638,0.985714286,0.014285714,0.018518519,0.722222222,0.055555556,0.018518519,0.185185185,1,0.133333333,0,0.1,0.6,0.166666667
639,0.945205479,0.054794521,0.018867925,0.754716981,0.037735849,0.018867925,0.169811321,1,0.033898305,0.050847458,0.169491525,0.644067797,0.101694915
640,0.958333333,0.041666667,0.14516129,0.564516129,0.048387097,0.096774194,0.14516129,1,0.037735849,0.018867925,0.150943396,0.754716981,0.037735849
641,0.971830986,0.028169014,0.109375,0.5625,0.109375,0.109375,0.109375,1,0.08,0,0.12,0.8,0
642,0.958333333,0.041666667,0.05,0.566666667,0.116666667,0.133333333,0.133333333,1,0.072727273,0.090909091,0.090909091,0.745454545,0
643,0.971830986,0.028169014,0.051724138,0.689655172,0.086206897,0,0.172413793,1,0.072727273,0.018181818,0.181818182,0.654545455,0.072727273
644,1,0,0.112903226,0.64516129,0.080645161,0.032258065,0.129032258,1,0.016393443,0.016393443,0.049180328,0.754098361,0.163934426
645,0.945205479,0.054794521,0.1,0.65,0.066666667,0.016666667,0.166666667,1,0.019230769,0.019230769,0.230769231,0.711538462,0.019230769
646,1,0,0.049180328,0,0.131147541,0.098360656,0.721311475,1,0.629032258,0.112903226,0.016129032,0.161290323,0.080645161
647,0.958333333,0.041666667,0.045454545,0,0.196969697,0.015151515,0.742424242,1,0.633333333,0.1,0.016666667,0.183333333,0.066666667
648,0.945205479,0.054794521,0.016949153,0.06779661,0.13559322,0.033898305,0.745762712,1,0.677966102,0.016949153,0.016949153,0.152542373,0.13559322
649,0.985714286,0.014285714,0.035087719,0.105263158,0.087719298,0.175438596,0.596491228,1,0.730769231,0.038461538,0.096153846,0.134615385,0
650,0.945205479,0.054794521,0.056603774,0.698113208,0,0.075471698,0.169811321,1,0.016129032,0.064516129,0.129032258,0.661290323,0.129032258
651,0.92,0.08,0.01754386,0,0.105263158,0.105263158,0.771929825,1,0.701754386,0.052631579,0.052631579,0.122807018,0.070175439
652,0.932432432,0.067567568,0.018518519,0.055555556,0.055555556,0.111111111,0.759259259,1,0.587301587,0.063492063,0.015873016,0.19047619,0.142857143
653,0.958333333,0.041666667,0,0.111111111,0.074074074,0.203703704,0.611111111,1,0.709090909,0.036363636,0.018181818,0.181818182,0.054545455
654,0.985714286,0.014285714,0.033333333,0.066666667,0.133333333,0.166666667,0.6,1,0.690909091,0.072727273,0.018181818,0.2,0.018181818
655,0.971830986,0.028169014,0.071428571,0.035714286,0.035714286,0.232142857,0.625,1,0.524590164,0.163934426,0.049180328,0.245901639,0.016393443
656,0.971830986,0.028169014,0.053571429,0.017857143,0.053571429,0.214285714,0.660714286,1,0.590163934,0.131147541,0.016393443,0.213114754,0.049180328
657,0.985714286,0.014285714,0.068965517,0,0.068965517,0.189655172,0.672413793,1,0.661016949,0.084745763,0.016949153,0.169491525,0.06779661
658,0.971830986,0.028169014,0,0.631578947,0.122807018,0.070175439,0.175438596,1,0.107142857,0.089285714,0.142857143,0.642857143,0.017857143
659,1,0,0.15,0.383333333,0.016666667,0.116666667,0.333333333,1,0.158730159,0.111111111,0.095238095,0.53968254,0.095238095
660,0.958333333,0.041666667,0.05,0.65,0.116666667,0,0.183333333,1,0.056603774,0.018867925,0.20754717,0.679245283,0.037735849
661,0.985714286,0.014285714,0.037735849,0.679245283,0.018867925,0.094339623,0.169811321,1,0.114754098,0.049180328,0.098360656,0.606557377,0.131147541
662,0.971830986,0.028169014,0,0.764705882,0.019607843,0.039215686,0.176470588,1,0.120689655,0.017241379,0.172413793,0.568965517,0.120689655
663,0.945205479,0.054794521,0,0.703703704,0.074074074,0.055555556,0.166666667,1,0.127272727,0,0.145454545,0.636363636,0.090909091
664,0.932432432,0.067567568,0,0.740740741,0.074074074,0.055555556,0.12962963,1,0.050847458,0.033898305,0.084745763,0.711864407,0.118644068
665,0.958333333,0.041666667,0.038461538,0.615384615,0,0.057692308,0.288461538,1,0.129032258,0.064516129,0.14516129,0.532258065,0.129032258
666,1,0,0.038461538,0.673076923,0,0.019230769,0.269230769,1,0.090909091,0.090909091,0.136363636,0.53030303,0.151515152
667,0.971830986,0.028169014,0.019607843,0.470588235,0,0.098039216,0.411764706,1,0.372881356,0,0.101694915,0.372881356,0.152542373
668,0.985714286,0.014285714,0.037735849,0.603773585,0.018867925,0,0.339622642,1,0.24137931,0,0.189655172,0.431034483,0.137931034
669,0.971830986,0.028169014,0.112903226,0.532258065,0.080645161,0.016129032,0.258064516,1,0.070175439,0.052631579,0.175438596,0.631578947,0.070175439
670,0.932432432,0.067567568,0.050847458,0.661016949,0.101694915,0.050847458,0.13559322,1,0.018518519,0.018518519,0.148148148,0.759259259,0.055555556
671,0.92,0.08,0.06779661,0.627118644,0.084745763,0.050847458,0.169491525,1,0.055555556,0,0.12962963,0.740740741,0.074074074
672,0.932432432,0.067567568,0,0.72,0,0.02,0.26,1,0.079365079,0.079365079,0.142857143,0.571428571,0.126984127
673,0.958333333,0.041666667,0,0.72,0,0.02,0.26,1,0.081967213,0.114754098,0.213114754,0.524590164,0.06557377
674,0.932432432,0.067567568,0.018867925,0.679245283,0.037735849,0.094339623,0.169811321,1,0.053571429,0.089285714,0.196428571,0.642857143,0.017857143
675,0.945205479,0.054794521,0,0.76,0,0.02,0.22,1,0.15,0,0.116666667,0.566666667,0.166666667
676,0.945205479,0.054794521,0,0.02,0,0.22,0.76,1,0.603174603,0.095238095,0.031746032,0.158730159,0.111111111
677,0.971830986,0.028169014,0.019607843,0.117647059,0,0.254901961,0.607843137,1,0.672413793,0.017241379,0,0.189655172,0.120689655
678,0.985714286,0.014285714,0.071428571,0.071428571,0.035714286,0.196428571,0.625,1,0.627118644,0.06779661,0.016949153,0.203389831,0.084745763
679,0.985714286,0.014285714,0.068965517,0.086206897,0.068965517,0.155172414,0.620689655,1,0.666666667,0.01754386,0.01754386,0.192982456,0.105263158
680,1,0,0.118644068,0.016949153,0.033898305,0.169491525,0.661016949,1,0.696428571,0.035714286,0.071428571,0.125,0.071428571
681,0.985714286,0.014285714,0.122807018,0.035087719,0,0.263157895,0.578947368,1,0.690909091,0.036363636,0.018181818,0.2,0.054545455
682,0.932432432,0.067567568,0.037037037,0.074074074,0.037037037,0.277777778,0.574074074,1,0.764705882,0.019607843,0.019607843,0.196078431,0
683,0.945205479,0.054794521,0.053571429,0.017857143,0.053571429,0.053571429,0.821428571,1,0.661290323,0,0.032258065,0.112903226,0.193548387
684,0.971830986,0.028169014,0.033898305,0.050847458,0.118644068,0.033898305,0.762711864,1,0.655737705,0.032786885,0.032786885,0.131147541,0.147540984
685,0.971830986,0.028169014,0.05,0.066666667,0.116666667,0.016666667,0.75,1,0.64516129,0.016129032,0,0.161290323,0.177419355
686,0.985714286,0.014285714,0.163934426,0.032786885,0.016393443,0.081967213,0.704918033,1,0.610169492,0,0.084745763,0.152542373,0.152542373
687,0.945205479,0.054794521,0.017857143,0.053571429,0.089285714,0.125,0.714285714,1,0.672413793,0.051724138,0.034482759,0.155172414,0.086206897
688,0.985714286,0.014285714,0.053571429,0.178571429,0.053571429,0.125,0.589285714,1,0.576271186,0.016949153,0.033898305,0.237288136,0.13559322
689,0.971830986,0.028169014,0.084745763,0.050847458,0.06779661,0.220338983,0.576271186,1,0.716981132,0.037735849,0.018867925,0.20754717,0.018867925
690,0.932432432,0.067567568,0.018181818,0,0.072727273,0.254545455,0.654545455,1,0.773584906,0.056603774,0.018867925,0.150943396,0
691,0.958333333,0.041666667,0.037037037,0.074074074,0.037037037,0.166666667,0.685185185,1,0.719298246,0.01754386,0.01754386,0.140350877,0.105263158
692,0.971830986,0.028169014,0.032786885,0.081967213,0.147540984,0.06557377,0.672131148,1,0.666666667,0.035087719,0.035087719,0.175438596,0.087719298
693,0.985714286,0.014285714,0.15625,0.015625,0.0625,0.140625,0.625,1,0.672727273,0,0.036363636,0.2,0.090909091
694,0.958333333,0.041666667,0.079365079,0,0.126984127,0.174603175,0.619047619,1,0.769230769,0.019230769,0,0.192307692,0.019230769
695,0.985714286,0.014285714,0.109375,0,0.109375,0.1875,0.59375,1,0.735849057,0.056603774,0,0.20754717,0
696,0.985714286,0.014285714,0.163934426,0,0.016393443,0.245901639,0.573770492,1,0.711538462,0.019230769,0.057692308,0.192307692,0.019230769
697,0.985714286,0.014285714,0.122807018,0.01754386,0,0.228070175,0.631578947,1,0.690909091,0.036363636,0.072727273,0.145454545,0.054545455
698,0.958333333,0.041666667,0.052631579,0.105263158,0.070175439,0.140350877,0.631578947,1,0.703703704,0,0.055555556,0.166666667,0.074074074
699,0.945205479,0.054794521,0.052631579,0,0.070175439,0.140350877,0.736842105,1,0.719298246,0.01754386,0.035087719,0.122807018,0.105263158
700,0.945205479,0.054794521,0.018518519,0.055555556,0.055555556,0.166666667,0.703703704,1,0.633333333,0.05,0.016666667,0.183333333,0.116666667
701,0.958333333,0.041666667,0,0.076923077,0.038461538,0.307692308,0.576923077,1,0.740740741,0.055555556,0,0.185185185,0.018518519
702,0.958333333,0.041666667,0.064516129,0.129032258,0.129032258,0.096774194,0.580645161,1,0.634615385,0.019230769,0.096153846,0.230769231,0.019230769
703,0.971830986,0.028169014,0.050847458,0.152542373,0.101694915,0.13559322,0.559322034,1,0.648148148,0.018518519,0.037037037,0.240740741,0.055555556
704,0.92,0.08,0.051724138,0.051724138,0.086206897,0.068965517,0.74137931,1,0.620689655,0.034482759,0.068965517,0.172413793,0.103448276
705,0.985714286,0.014285714,0.13559322,0.033898305,0.016949153,0.152542373,0.661016949,1,0.610169492,0.033898305,0.050847458,0.186440678,0.118644068
706,0.985714286,0.014285714,0.105263158,0.087719298,0.01754386,0.192982456,0.596491228,1,0.679245283,0.037735849,0.113207547,0.150943396,0.018867925
707,0.958333333,0.041666667,0.054545455,0.036363636,0.036363636,0.236363636,0.636363636,1,0.660714286,0.089285714,0.053571429,0.178571429,0.017857143
708,0.945205479,0.054794521,0,0.038461538,0.038461538,0.269230769,0.653846154,1,0.714285714,0.089285714,0.017857143,0.160714286,0.017857143
709,0.958333333,0.041666667,0,0.019230769,0.038461538,0.153846154,0.788461538,1,0.567164179,0.119402985,0,0.179104478,0.134328358
710,0.92,0.08,0,0.017857143,0.107142857,0.035714286,0.839285714,1,0.661290323,0.032258065,0.016129032,0.129032258,0.161290323
711,0.907894737,0.092105263,0.035087719,0.035087719,0.087719298,0.070175439,0.771929825,1,0.701754386,0,0.035087719,0.140350877,0.122807018
712,0.907894737,0.092105263,0,0.06,0,0.18,0.76,1,0.666666667,0.016666667,0,0.166666667,0.15
713,0.958333333,0.041666667,0,0.145454545,0.090909091,0.090909091,0.672727273,1,0.709090909,0,0.072727273,0.127272727,0.090909091
714,0.945205479,0.054794521,0.018181818,0.145454545,0.072727273,0.181818182,0.581818182,1,0.703703704,0,0,0.222222222,0.074074074
715,0.958333333,0.041666667,0.038461538,0.038461538,0,0.211538462,0.711538462,1,0.689655172,0.051724138,0.051724138,0.120689655,0.086206897
716,0.945205479,0.054794521,0.018181818,0.090909091,0.072727273,0.218181818,0.6,1,0.784313725,0.019607843,0.039215686,0.156862745,0
717,1,0,0.017857143,0.107142857,0.089285714,0.160714286,0.625,1,0.732142857,0.017857143,0.017857143,0.142857143,0.089285714
718,0.958333333,0.041666667,0.054545455,0.109090909,0.036363636,0.254545455,0.545454545,1,0.705882353,0.019607843,0.078431373,0.196078431,0
719,0.985714286,0.014285714,0.035087719,0.175438596,0.087719298,0.087719298,0.614035088,1,0.55,0.05,0.05,0.233333333,0.116666667
720,0.985714286,0.014285714,0.063492063,0.619047619,0.142857143,0.031746032,0.142857143,1,0.01754386,0.070175439,0.105263158,0.754385965,0.052631579
721,0.958333333,0.041666667,0.017857143,0.696428571,0.089285714,0.053571429,0.142857143,1,0.068965517,0.034482759,0.103448276,0.689655172,0.103448276
722,0.971830986,0.028169014,0.050847458,0.644067797,0.101694915,0.084745763,0.118644068,1,0.033898305,0.084745763,0.06779661,0.745762712,0.06779661
723,0.971830986,0.028169014,0.106060606,0.545454545,0.136363636,0.03030303,0.181818182,1,0.036363636,0.036363636,0.109090909,0.763636364,0.054545455
724,0.985714286,0.014285714,0.052631579,0.666666667,0.070175439,0.035087719,0.175438596,1,0.120689655,0,0.103448276,0.637931034,0.137931034
725,0.985714286,0.014285714,0.017241379,0.689655172,0.120689655,0,0.172413793,1,0.105263158,0.01754386,0.122807018,0.649122807,0.105263158
726,0.958333333,0.041666667,0,0.169491525,0.152542373,0.016949153,0.661016949,1,0.672727273,0,0.072727273,0.163636364,0.090909091
727,0.985714286,0.014285714,0.074074074,0.203703704,0,0.018518519,0.703703704,1,0.484848485,0.015151515,0.060606061,0.212121212,0.227272727
728,0.971830986,0.028169014,0,0.12,0,0.14,0.74,1,0.553846154,0.076923077,0.046153846,0.169230769,0.153846154
729,0.985714286,0.014285714,0.055555556,0.018518519,0.018518519,0.092592593,0.814814815,1,0.606060606,0.060606061,0.03030303,0.121212121,0.181818182
730,0.958333333,0.041666667,0.037037037,0.740740741,0.037037037,0.055555556,0.12962963,1,0.054545455,0.018181818,0.2,0.654545455,0.072727273
731,0.958333333,0.041666667,0.053571429,0.678571429,0.053571429,0.017857143,0.196428571,1,0.094339623,0.018867925,0.245283019,0.603773585,0.037735849
732,0.958333333,0.041666667,0.016949153,0.644067797,0.13559322,0.016949153,0.186440678,1,0.12962963,0,0.12962963,0.666666667,0.074074074
733,0.958333333,0.041666667,0.050847458,0.627118644,0.101694915,0.084745763,0.13559322,1,0.089285714,0.017857143,0.071428571,0.732142857,0.089285714
734,0.971830986,0.028169014,0.111111111,0.587301587,0.095238095,0.063492063,0.142857143,1,0.051724138,0.017241379,0.034482759,0.775862069,0.120689655
735,0.985714286,0.014285714,0.066666667,0.666666667,0.1,0.016666667,0.15,1,0.033333333,0.033333333,0.083333333,0.716666667,0.133333333
736,0.985714286,0.014285714,0.046875,0.625,0.171875,0.046875,0.109375,1,0,0.087719298,0.070175439,0.807017544,0.035087719
737,1,0,0.05,0.6,0.116666667,0.016666667,0.216666667,1,0.089285714,0.089285714,0.196428571,0.607142857,0.017857143
738,0.971830986,0.028169014,0.095238095,0.507936508,0.111111111,0,0.285714286,1,0.127272727,0.054545455,0.181818182,0.6,0.036363636
739,0.971830986,0.028169014,0,0.672727273,0.090909091,0.054545455,0.181818182,1,0,0.151515152,0.090909091,0.666666667,0.090909091
740,0.932432432,0.067567568,0.018867925,0.773584906,0.037735849,0.056603774,0.113207547,1,0.032786885,0.032786885,0.06557377,0.721311475,0.147540984
741,1,0,0,0.701754386,0.122807018,0,0.175438596,1,0.092307692,0.046153846,0.015384615,0.661538462,0.184615385
742,0.971830986,0.028169014,0,0.636363636,0.090909091,0.054545455,0.218181818,1,0.186440678,0.016949153,0.06779661,0.593220339,0.13559322
743,1,0,0.1,0.016666667,0.066666667,0.25,0.566666667,1,0.754716981,0.037735849,0,0.188679245,0.018867925
744,1,0,0.035714286,0.107142857,0.071428571,0.196428571,0.589285714,1,0.690909091,0.054545455,0.054545455,0.163636364,0.036363636
745,0.945205479,0.054794521,0.035714286,0.142857143,0.071428571,0.178571429,0.571428571,1,0.62962963,0.055555556,0.055555556,0.240740741,0.018518519
746,0.971830986,0.028169014,0.090909091,0.018181818,0,0.290909091,0.6,1,0.769230769,0.038461538,0.057692308,0.134615385,0
747,1,0,0.152542373,0,0,0.271186441,0.576271186,1,0.769230769,0,0.038461538,0.153846154,0.038461538
748,0.985714286,0.014285714,0.166666667,0.016666667,0,0.216666667,0.6,1,0.711538462,0,0.096153846,0.153846154,0.038461538
749,1,0,0.15625,0.09375,0.0625,0.15625,0.53125,1,0.634615385,0,0.076923077,0.25,0.038461538
750,0.985714286,0.014285714,0.133333333,0.066666667,0.033333333,0.183333333,0.583333333,1,0.648148148,0.037037037,0.074074074,0.203703704,0.037037037
751,0.945205479,0.054794521,0.101694915,0,0.050847458,0.254237288,0.593220339,1,0.716981132,0.037735849,0,0.226415094,0.018867925
752,0.945205479,0.054794521,0,0.058823529,0.019607843,0.274509804,0.647058824,1,0.727272727,0.054545455,0.036363636,0.145454545,0.036363636
753,0.971830986,0.028169014,0.070175439,0.087719298,0.052631579,0.263157895,0.526315789,1,0.78,0,0.02,0.2,0
754,0.985714286,0.014285714,0.019230769,0.134615385,0.019230769,0.269230769,0.557692308,1,0.642857143,0.071428571,0.053571429,0.196428571,0.035714286
755,1,0,0,0.02,0,0.18,0.8,1,0.557142857,0.128571429,0,0.157142857,0.157142857
756,1,0,0,0.057692308,0.038461538,0.076923077,0.826923077,1,0.527777778,0.111111111,0,0.166666667,0.194444444
757,0.958333333,0.041666667,0.074074074,0.037037037,0,0.092592593,0.796296296,1,0.625,0.015625,0.015625,0.140625,0.203125
758,0.92,0.08,0.018867925,0.037735849,0.037735849,0.094339623,0.811320755,1,0.672131148,0.016393443,0.016393443,0.131147541,0.163934426
759,0.945205479,0.054794521,0.033333333,0.1,0.133333333,0,0.733333333,1,0.649122807,0,0.087719298,0.140350877,0.122807018
760,0.971830986,0.028169014,0.046153846,0.046153846,0.184615385,0.092307692,0.630769231,1,0.690909091,0.054545455,0,0.218181818,0.036363636
761,0.958333333,0.041666667,0,0.169491525,0.152542373,0.13559322,0.542372881,1,0.74,0,0.04,0.22,0
762,0.932432432,0.067567568,0.015151515,0.090909091,0.227272727,0.03030303,0.636363636,1,0.730769231,0,0,0.230769231,0.038461538
763,1,0,0.107142857,0.642857143,0,0.053571429,0.196428571,1,0.016949153,0.101694915,0.237288136,0.593220339,0.050847458
764,1,0,0.053571429,0.732142857,0.053571429,0.053571429,0.107142857,1,0.034482759,0.051724138,0.155172414,0.672413793,0.086206897
765,0.971830986,0.028169014,0.056603774,0.735849057,0,0.075471698,0.132075472,1,0.071428571,0.035714286,0.196428571,0.625,0.071428571
766,0.971830986,0.028169014,0.083333333,0.616666667,0.083333333,0.066666667,0.15,1,0.094339623,0.018867925,0.150943396,0.698113208,0.037735849
767,1,0,0.06779661,0.694915254,0.084745763,0,0.152542373,1,0.076923077,0,0.25,0.634615385,0.038461538
768,1,0,0.112903226,0.596774194,0.080645161,0,0.209677419,1,0.1,0,0.3,0.6,0
769,0.945205479,0.054794521,0,0.709090909,0.090909091,0.090909091,0.109090909,1,0.117647059,0,0.176470588,0.68627451,0.019607843
770,0.932432432,0.067567568,0.072727273,0.6,0.018181818,0.018181818,0.290909091,1,0.18,0,0.32,0.5,0
771,0.92,0.08,0,0.759259259,0.074074074,0.037037037,0.12962963,1,0.037735849,0.037735849,0.20754717,0.698113208,0.018867925
772,0.971830986,0.028169014,0.09375,0.609375,0.125,0.015625,0.15625,1,0.06,0,0.2,0.74,0
773,0.92,0.08,0.074074074,0.759259259,0,0.018518519,0.148148148,1,0,0,0.288461538,0.673076923,0.038461538
774,0.945205479,0.054794521,0.019607843,0.803921569,0,0.019607843,0.156862745,1,0.076923077,0,0.307692308,0.576923077,0.038461538
775,0.907894737,0.092105263,0.019607843,0.803921569,0,0,0.176470588,1,0,0.056603774,0.320754717,0.622641509,0
776,0.932432432,0.067567568,0,0.784313725,0.019607843,0.019607843,0.176470588,1,0.076923077,0.038461538,0.307692308,0.576923077,0
777,0.958333333,0.041666667,0.034482759,0.586206897,0.103448276,0.051724138,0.224137931,1,0.173076923,0.038461538,0.192307692,0.596153846,0
778,0.971830986,0.028169014,0.018867925,0.716981132,0.037735849,0,0.226415094,1,0.112903226,0.016129032,0.112903226,0.580645161,0.177419355
779,0.971830986,0.028169014,0,0.606557377,0.180327869,0.06557377,0.147540984,1,0.2,0,0.1,0.7,0
780,0.945205479,0.054794521,0.017857143,0.625,0.089285714,0.053571429,0.214285714,1,0.150943396,0.056603774,0.188679245,0.603773585,0
781,0.945205479,0.054794521,0.049180328,0.639344262,0.131147541,0.049180328,0.131147541,1,0.076923077,0,0.115384615,0.769230769,0.038461538
782,1,0,0.114754098,0.590163934,0.06557377,0.098360656,0.131147541,1,0.113207547,0,0.132075472,0.698113208,0.056603774
783,0.985714286,0.014285714,0,0.65,0.166666667,0.05,0.133333333,1,0.166666667,0,0.055555556,0.703703704,0.074074074
784,0.932432432,0.067567568,0,0.719298246,0.122807018,0.035087719,0.122807018,1,0,0.074074074,0.185185185,0.740740741,0
785,0.958333333,0.041666667,0.01754386,0.684210526,0.105263158,0.070175439,0.122807018,1,0.018181818,0.090909091,0.181818182,0.709090909,0
786,0.985714286,0.014285714,0.019230769,0.769230769,0.019230769,0,0.192307692,1,0.068965517,0.068965517,0.24137931,0.551724138,0.068965517
787,0.945205479,0.054794521,0.018518519,0.759259259,0.055555556,0,0.166666667,1,0.037037037,0.055555556,0.259259259,0.62962963,0.018518519
788,1,0,0.048387097,0.5,0.14516129,0.048387097,0.258064516,1,0.25,0.038461538,0.153846154,0.557692308,0
789,0.932432432,0.067567568,0.087719298,0.701754386,0.035087719,0.035087719,0.140350877,1,0,0.019607843,0.274509804,0.705882353,0
790,0.945205479,0.054794521,0.033898305,0.694915254,0.118644068,0.016949153,0.13559322,1,0.037735849,0.018867925,0.169811321,0.735849057,0.037735849
791,0.958333333,0.041666667,0.098360656,0.639344262,0.081967213,0.032786885,0.147540984,1,0.018518519,0.018518519,0.166666667,0.740740741,0.055555556
792,1,0,0.119402985,0.567164179,0.134328358,0,0.179104478,1,0.037735849,0.018867925,0.169811321,0.735849057,0.037735849
793,1,0,0.079365079,0.587301587,0.126984127,0.031746032,0.174603175,1,0.115384615,0.019230769,0.173076923,0.673076923,0.019230769
794,1,0,0.076923077,0.507692308,0.153846154,0.015384615,0.246153846,1,0.185185185,0.018518519,0.111111111,0.62962963,0.055555556
795,1,0,0.056603774,0.679245283,0,0.056603774,0.20754717,1,0.152542373,0.016949153,0.152542373,0.542372881,0.13559322
796,0.971830986,0.028169014,0.035087719,0.684210526,0.087719298,0,0.192982456,1,0.080645161,0.016129032,0.064516129,0.661290323,0.177419355
797,0.985714286,0.014285714,0.019607843,0.745098039,0,0.039215686,0.196078431,1,0.0625,0.078125,0.140625,0.578125,0.140625
798,0.932432432,0.067567568,0.072727273,0.709090909,0.018181818,0.018181818,0.181818182,1,0.031746032,0.015873016,0.063492063,0.698412698,0.19047619
799,0.932432432,0.067567568,0,0.754716981,0.056603774,0,0.188679245,1,0.050847458,0.050847458,0.152542373,0.644067797,0.101694915
800,0.971830986,0.028169014,0.1,0.583333333,0.066666667,0.05,0.2,1,0.092592593,0.037037037,0.185185185,0.648148148,0.037037037
801,0.985714286,0.014285714,0.019607843,0.745098039,0,0.019607843,0.215686275,1,0.140625,0,0.078125,0.5625,0.21875
802,1,0,0.034482759,0.689655172,0.103448276,0,0.172413793,1,0.116666667,0,0.066666667,0.65,0.166666667
803,0.985714286,0.014285714,0.051724138,0.586206897,0.086206897,0.051724138,0.224137931,1,0.175438596,0.035087719,0.105263158,0.596491228,0.087719298
804,0.985714286,0.014285714,0.037037037,0.666666667,0.037037037,0.037037037,0.222222222,1,0.033898305,0.152542373,0.254237288,0.559322034,0
805,0.971830986,0.028169014,0,0.735849057,0.056603774,0.075471698,0.132075472,1,0.150943396,0.018867925,0.188679245,0.603773585,0.037735849
806,1,0,0.037735849,0.698113208,0.018867925,0.094339623,0.150943396,1,0.148148148,0.037037037,0.222222222,0.555555556,0.037037037
807,0.932432432,0.067567568,0.035087719,0.701754386,0.087719298,0.035087719,0.140350877,1,0.017857143,0.035714286,0.142857143,0.732142857,0.071428571
808,0.985714286,0.014285714,0,0.377358491,0.056603774,0.094339623,0.471698113,1,0.509090909,0,0.127272727,0.272727273,0.090909091
809,0.932432432,0.067567568,0.018867925,0.735849057,0.037735849,0.018867925,0.188679245,1,0.045454545,0.015151515,0.03030303,0.681818182,0.227272727
810,0.945205479,0.054794521,0.018867925,0.698113208,0.037735849,0.075471698,0.169811321,1,0.13559322,0,0.06779661,0.644067797,0.152542373
811,0.932432432,0.067567568,0.018181818,0.709090909,0.072727273,0.036363636,0.163636364,1,0.087719298,0.01754386,0.105263158,0.684210526,0.105263158
812,1,0,0.046875,0.59375,0.171875,0.015625,0.171875,1,0.047619048,0.079365079,0,0.746031746,0.126984127
813,1,0,0.079365079,0.650793651,0.126984127,0.015873016,0.126984127,1,0,0.047619048,0.015873016,0.777777778,0.158730159
814,0.985714286,0.014285714,0,0.639344262,0.180327869,0.032786885,0.147540984,1,0.064516129,0.080645161,0,0.741935484,0.112903226
815,0.971830986,0.028169014,0.075757576,0.560606061,0.166666667,0.03030303,0.166666667,1,0.053571429,0.035714286,0.053571429,0.785714286,0.071428571
816,0.932432432,0.067567568,0.018867925,0.735849057,0.037735849,0,0.20754717,1,0.033898305,0.050847458,0.186440678,0.627118644,0.101694915
817,0.958333333,0.041666667,0.107142857,0.714285714,0,0.017857143,0.160714286,1,0.015873016,0,0.079365079,0.698412698,0.206349206
818,1,0,0.118644068,0.677966102,0.033898305,0.016949153,0.152542373,1,0.031746032,0,0.063492063,0.698412698,0.206349206
819,0.945205479,0.054794521,0.038461538,0.788461538,0,0,0.173076923,1,0.033333333,0.016666667,0.166666667,0.633333333,0.15
820,0.958333333,0.041666667,0.081967213,0.590163934,0.098360656,0.049180328,0.180327869,1,0.115384615,0,0.153846154,0.692307692,0.038461538
821,0.958333333,0.041666667,0.017241379,0.689655172,0.120689655,0.017241379,0.155172414,1,0.092592593,0,0.148148148,0.685185185,0.074074074
822,0.945205479,0.054794521,0,0.784313725,0.019607843,0,0.196078431,1,0,0.112903226,0.193548387,0.612903226,0.080645161
823,0.945205479,0.054794521,0.054545455,0.709090909,0.036363636,0.054545455,0.145454545,1,0.06,0,0.3,0.64,0
824,0.971830986,0.028169014,0.052631579,0.701754386,0.070175439,0.01754386,0.157894737,1,0.01754386,0.070175439,0.192982456,0.666666667,0.052631579
825,0.985714286,0.014285714,0.036363636,0.581818182,0.054545455,0.090909091,0.236363636,1,0.142857143,0.079365079,0.063492063,0.587301587,0.126984127
826,0.945205479,0.054794521,0.038461538,0.75,0,0.019230769,0.192307692,1,0.053571429,0.035714286,0.25,0.589285714,0.071428571
827,0.907894737,0.092105263,0.018867925,0.735849057,0.037735849,0.037735849,0.169811321,1,0.039215686,0,0.294117647,0.647058824,0.019607843
828,0.884615385,0.115384615,0,0.82,0,0.02,0.16,1,0.02,0,0.34,0.64,0
829,0.945205479,0.054794521,0,0.76,0,0,0.24,1,0.090909091,0.072727273,0.309090909,0.509090909,0.018181818
830,1,0,0,0.764705882,0.019607843,0.039215686,0.176470588,1,0.016129032,0.14516129,0.225806452,0.564516129,0.048387097
831,0.985714286,0.014285714,0,0.696428571,0.107142857,0.053571429,0.142857143,1,0,0.15,0.166666667,0.666666667,0.016666667
832,1,0,0,0.068965517,0.137931034,0.172413793,0.620689655,1,0.644067797,0.118644068,0,0.203389831,0.033898305
833,0.958333333,0.041666667,0,0.127272727,0.090909091,0.236363636,0.545454545,1,0.730769231,0.038461538,0.019230769,0.211538462,0
834,0.945205479,0.054794521,0.116666667,0.033333333,0.05,0.233333333,0.566666667,1,0.692307692,0.038461538,0.019230769,0.25,0
835,0.971830986,0.028169014,0.126984127,0.063492063,0.079365079,0.222222222,0.507936508,1,0.7,0,0.02,0.28,0
836,0.945205479,0.054794521,0.036363636,0.145454545,0.054545455,0.218181818,0.545454545,1,0.711538462,0,0.019230769,0.230769231,0.038461538
837,0.971830986,0.028169014,0.053571429,0.071428571,0.053571429,0.214285714,0.607142857,1,0.75,0.019230769,0.076923077,0.134615385,0.019230769
838,1,0,0.086206897,0.103448276,0.051724138,0.103448276,0.655172414,1,0.655172414,0,0.051724138,0.155172414,0.137931034
839,0.971830986,0.028169014,0.036363636,0.090909091,0.054545455,0.127272727,0.690909091,1,0.571428571,0.079365079,0.015873016,0.206349206,0.126984127
840,0.971830986,0.028169014,0.086206897,0.034482759,0.051724138,0.189655172,0.637931034,1,0.666666667,0.052631579,0.01754386,0.192982456,0.070175439
841,0.985714286,0.014285714,0.017857143,0.107142857,0.089285714,0.125,0.660714286,1,0.701754386,0.01754386,0.035087719,0.140350877,0.105263158
842,0.945205479,0.054794521,0.01754386,0.035087719,0.105263158,0.035087719,0.807017544,1,0.655737705,0.06557377,0.049180328,0.114754098,0.114754098
843,0.971830986,0.028169014,0,0.068965517,0.137931034,0.017241379,0.775862069,1,0.6,0.076923077,0,0.169230769,0.153846154
844,0.985714286,0.014285714,0.048387097,0.080645161,0.14516129,0.048387097,0.677419355,1,0.580645161,0.064516129,0,0.225806452,0.129032258
845,0.971830986,0.028169014,0.079365079,0.047619048,0.126984127,0.079365079,0.666666667,1,0.754716981,0,0.056603774,0.132075472,0.056603774
846,0.985714286,0.014285714,0,0.145454545,0.090909091,0.218181818,0.545454545,1,0.625,0.089285714,0.035714286,0.232142857,0.017857143
847,0.985714286,0.014285714,0,0.222222222,0.074074074,0.12962963,0.574074074,1,0.654545455,0,0.072727273,0.181818182,0.090909091
848,0.971830986,0.028169014,0.035714286,0.160714286,0.071428571,0.107142857,0.625,1,0.576271186,0.033898305,0.050847458,0.220338983,0.118644068
849,0.985714286,0.014285714,0.033898305,0.169491525,0.118644068,0.084745763,0.593220339,1,0.636363636,0.018181818,0.072727273,0.2,0.072727273
850,0.958333333,0.041666667,0.018867925,0,0.037735849,0.226415094,0.716981132,1,0.606557377,0.147540984,0.049180328,0.163934426,0.032786885
851,0.958333333,0.041666667,0.018181818,0.109090909,0.072727273,0.072727273,0.727272727,1,0.672413793,0.034482759,0.068965517,0.120689655,0.103448276
852,0.958333333,0.041666667,0.054545455,0.054545455,0.036363636,0.2,0.654545455,1,0.727272727,0,0.036363636,0.145454545,0.090909091
853,1,0,0.101694915,0.06779661,0.050847458,0.101694915,0.677966102,1,0.666666667,0.01754386,0.087719298,0.122807018,0.105263158
854,0.985714286,0.014285714,0.105263158,0.087719298,0.01754386,0.228070175,0.561403509,1,0.679245283,0.018867925,0.075471698,0.188679245,0.037735849
855,0.945205479,0.054794521,0,0.036363636,0.090909091,0.145454545,0.727272727,1,0.677966102,0.06779661,0.016949153,0.152542373,0.084745763
856,1,0,0.083333333,0,0.083333333,0.183333333,0.65,1,0.714285714,0.071428571,0.035714286,0.142857143,0.035714286
857,1,0,0.019230769,0.038461538,0.019230769,0.211538462,0.711538462,1,0.650793651,0.079365079,0,0.142857143,0.126984127
858,0.971830986,0.028169014,0.019230769,0.096153846,0.019230769,0.134615385,0.730769231,1,0.683333333,0,0.033333333,0.116666667,0.166666667
859,1,0,0.133333333,0.1,0.033333333,0.066666667,0.666666667,1,0.555555556,0,0.015873016,0.222222222,0.206349206
860,1,0,0.090909091,0.106060606,0.151515152,0.106060606,0.545454545,1,0.622641509,0.056603774,0.056603774,0.264150943,0
861,0.971830986,0.028169014,0.064516129,0.064516129,0.129032258,0.14516129,0.596774194,1,0.8,0,0.04,0.16,0
862,1,0,0.066666667,0.133333333,0.1,0.1,0.6,1,0.679245283,0.018867925,0.113207547,0.150943396,0.037735849
863,0.971830986,0.028169014,0.017241379,0.103448276,0.120689655,0.017241379,0.74137931,1,0.639344262,0.049180328,0.032786885,0.147540984,0.131147541
864,0.932432432,0.067567568,0.037037037,0.666666667,0.037037037,0.074074074,0.185185185,1,0.015625,0.09375,0.078125,0.6875,0.125
865,0.985714286,0.014285714,0.037735849,0.698113208,0.018867925,0.018867925,0.226415094,1,0.070175439,0.087719298,0.280701754,0.526315789,0.035087719
866,0.971830986,0.028169014,0.016393443,0.606557377,0.163934426,0,0.213114754,1,0.052631579,0.122807018,0.157894737,0.666666667,0
867,0.945205479,0.054794521,0.035087719,0.684210526,0.087719298,0.01754386,0.175438596,1,0.018518519,0.074074074,0.240740741,0.666666667,0
868,0.907894737,0.092105263,0.019230769,0.711538462,0.019230769,0.076923077,0.173076923,1,0.018181818,0.090909091,0.236363636,0.654545455,0
869,0.958333333,0.041666667,0.019607843,0.725490196,0,0.058823529,0.196078431,1,0.015384615,0.107692308,0.138461538,0.615384615,0.123076923
870,0.971830986,0.028169014,0.017241379,0.637931034,0.120689655,0.051724138,0.172413793,1,0.081967213,0.06557377,0.049180328,0.68852459,0.114754098
871,0.932432432,0.067567568,0,0.705882353,0.019607843,0.058823529,0.215686275,1,0.109375,0.046875,0.046875,0.625,0.171875
872,0.907894737,0.092105263,0,0.759259259,0.074074074,0,0.166666667,1,0.032258065,0,0.048387097,0.725806452,0.193548387
873,0.971830986,0.028169014,0,0.66,0,0.06,0.28,1,0.222222222,0,0.063492063,0.507936508,0.206349206
874,0.971830986,0.028169014,0.06557377,0.213114754,0.114754098,0.180327869,0.426229508,1,0.568627451,0.019607843,0.039215686,0.37254902,0
875,0.945205479,0.054794521,0.035714286,0.071428571,0.071428571,0.25,0.571428571,1,0.75,0.019230769,0,0.211538462,0.019230769
876,0.958333333,0.041666667,0,0.18,0,0.18,0.64,1,0.6,0.016666667,0.033333333,0.2,0.15
877,0.971830986,0.028169014,0.019230769,0.134615385,0.019230769,0.153846154,0.673076923,1,0.546875,0.0625,0.015625,0.21875,0.15625
878,0.932432432,0.067567568,0,0.140350877,0.122807018,0.052631579,0.684210526,1,0.583333333,0.05,0.016666667,0.233333333,0.116666667
879,1,0,0.046153846,0.107692308,0.184615385,0.030769231,0.630769231,1,0.722222222,0,0.037037037,0.166666667,0.074074074
880,0.945205479,0.054794521,0,0.18,0,0.14,0.68,1,0.580645161,0.016129032,0.016129032,0.209677419,0.177419355
881,0.958333333,0.041666667,0.090909091,0.018181818,0,0.218181818,0.672727273,1,0.660714286,0.071428571,0.089285714,0.142857143,0.035714286
882,1,0,0.121212121,0.03030303,0.121212121,0.090909091,0.636363636,1,0.654545455,0.054545455,0.072727273,0.181818182,0.036363636
883,0.971830986,0.028169014,0.016393443,0.032786885,0.163934426,0.114754098,0.672131148,1,0.684210526,0.087719298,0.01754386,0.175438596,0.035087719
884,0.958333333,0.041666667,0.052631579,0.052631579,0.070175439,0.157894737,0.666666667,1,0.740740741,0.018518519,0.055555556,0.12962963,0.055555556
885,1,0,0.131147541,0.639344262,0.049180328,0.016393443,0.163934426,1,0.034482759,0,0.137931034,0.689655172,0.137931034
886,0.958333333,0.041666667,0,0.82,0,0,0.18,1,0.086206897,0,0.206896552,0.568965517,0.137931034
887,0.985714286,0.014285714,0.019230769,0.75,0.019230769,0.019230769,0.192307692,1,0.080645161,0.048387097,0.14516129,0.580645161,0.14516129
888,0.985714286,0.014285714,0,0.137254902,0.019607843,0.235294118,0.607843137,1,0.53968254,0.126984127,0.015873016,0.238095238,0.079365079
889,0.945205479,0.054794521,0.056603774,0.094339623,0,0.301886792,0.547169811,1,0.730769231,0,0.019230769,0.211538462,0.038461538
890,1,0,0.090909091,0.145454545,0,0.309090909,0.454545455,1,0.679245283,0,0,0.264150943,0.056603774
891,0.985714286,0.014285714,0.037735849,0.075471698,0.018867925,0.169811321,0.698113208,1,0.5625,0.09375,0.03125,0.1875,0.125
892,1,0,0,0.12,0,0.1,0.78,1,0.536231884,0.086956522,0.028985507,0.15942029,0.188405797
893,0.958333333,0.041666667,0.053571429,0.696428571,0.053571429,0.053571429,0.142857143,1,0.016666667,0.066666667,0.116666667,0.7,0.1
894,0.958333333,0.041666667,0.016393443,0.639344262,0.163934426,0.049180328,0.131147541,1,0.01754386,0.105263158,0.087719298,0.771929825,0.01754386
895,0.92,0.08,0,0.725490196,0.019607843,0.019607843,0.235294118,1,0,0.107692308,0.138461538,0.630769231,0.123076923
896,0.958333333,0.041666667,0.056603774,0.754716981,0,0.018867925,0.169811321,1,0.052631579,0.01754386,0.210526316,0.614035088,0.105263158
897,0.958333333,0.041666667,0.072727273,0.709090909,0.018181818,0.036363636,0.163636364,1,0.032786885,0.016393443,0.114754098,0.672131148,0.163934426
898,0.92,0.08,0.019607843,0.784313725,0,0.019607843,0.176470588,1,0.071428571,0,0.196428571,0.625,0.107142857
899,1,0,0.131147541,0.540983607,0.049180328,0.06557377,0.213114754,1,0.098360656,0.032786885,0.06557377,0.655737705,0.147540984
900,0.985714286,0.014285714,0.140625,0.53125,0.078125,0.03125,0.21875,1,0.06557377,0.016393443,0.049180328,0.704918033,0.163934426
901,0.971830986,0.028169014,0.018518519,0.703703704,0.055555556,0.055555556,0.166666667,1,0.090909091,0.03030303,0,0.666666667,0.212121212
902,0.971830986,0.028169014,0.019607843,0.764705882,0,0.098039216,0.117647059,1,0.095238095,0.015873016,0.047619048,0.650793651,0.19047619
903,0.985714286,0.014285714,0.035714286,0.678571429,0.071428571,0.053571429,0.160714286,1,0.095238095,0.031746032,0.031746032,0.666666667,0.174603175
904,0.958333333,0.041666667,0.070175439,0.666666667,0.052631579,0.035087719,0.175438596,1,0.064516129,0,0.048387097,0.693548387,0.193548387
905,0.932432432,0.067567568,0.033898305,0.610169492,0.118644068,0.033898305,0.203389831,1,0.048387097,0.048387097,0.032258065,0.725806452,0.14516129
906,0.945205479,0.054794521,0.052631579,0.631578947,0.070175439,0.01754386,0.228070175,1,0.015151515,0.090909091,0.060606061,0.681818182,0.151515152
907,0.985714286,0.014285714,0.14516129,0.564516129,0.048387097,0,0.241935484,1,0.071428571,0,0.196428571,0.625,0.107142857
908,0.958333333,0.041666667,0.137931034,0.672413793,0,0.034482759,0.155172414,1,0,0,0.13559322,0.711864407,0.152542373
909,0.945205479,0.054794521,0.06557377,0.590163934,0.114754098,0.098360656,0.131147541,1,0.053571429,0.035714286,0.053571429,0.785714286,0.071428571
910,0.971830986,0.028169014,0,0.561403509,0.122807018,0.122807018,0.192982456,1,0.092307692,0.138461538,0,0.676923077,0.092307692
911,1,0,0.061538462,0.615384615,0.169230769,0.030769231,0.123076923,1,0.078431373,0.019607843,0.137254902,0.764705882,0
912,1,0,0.029850746,0.597014925,0.223880597,0,0.149253731,1,0.115384615,0.019230769,0.076923077,0.769230769,0.019230769
913,0.971830986,0.028169014,0.033333333,0.633333333,0.133333333,0.033333333,0.166666667,1,0.14,0,0.2,0.66,0
914,0.985714286,0.014285714,0.070175439,0.719298246,0.052631579,0.035087719,0.122807018,1,0.052631579,0,0.140350877,0.684210526,0.122807018
915,1,0,0.06779661,0.06779661,0.084745763,0.050847458,0.728813559,1,0.629032258,0.032258065,0.032258065,0.14516129,0.161290323
916,1,0,0.147540984,0,0.032786885,0.081967213,0.737704918,1,0.609375,0.015625,0,0.171875,0.203125
917,1,0,0,0.222222222,0.074074074,0,0.703703704,1,0.53968254,0.047619048,0.095238095,0.158730159,0.158730159
918,1,0,0,0.12,0,0.04,0.84,1,0.571428571,0.042857143,0.014285714,0.128571429,0.242857143
919,0.985714286,0.014285714,0.036363636,0.127272727,0.054545455,0.163636364,0.618181818,1,0.631578947,0.052631579,0.070175439,0.175438596,0.070175439
920,0.985714286,0.014285714,0.071428571,0.196428571,0.035714286,0.125,0.571428571,1,0.492063492,0.047619048,0,0.301587302,0.158730159
921,0.985714286,0.014285714,0.052631579,0.192982456,0.070175439,0.087719298,0.596491228,1,0.596491228,0,0.070175439,0.210526316,0.122807018
922,1,0,0,0.142857143,0.107142857,0.071428571,0.678571429,1,0.62295082,0.049180328,0.032786885,0.163934426,0.131147541
923,0.985714286,0.014285714,0,0.037735849,0.056603774,0.188679245,0.716981132,1,0.672131148,0.081967213,0.016393443,0.131147541,0.098360656
924,0.971830986,0.028169014,0.066666667,0,0.1,0.116666667,0.716666667,1,0.596774194,0.096774194,0.016129032,0.193548387,0.096774194
925,0.985714286,0.014285714,0.051724138,0.068965517,0.086206897,0,0.793103448,1,0.567164179,0.044776119,0.014925373,0.164179104,0.208955224
926,1,0,0.079365079,0.015873016,0.126984127,0,0.777777778,1,0.615384615,0.046153846,0,0.153846154,0.184615385
927,1,0,0.176470588,0.014705882,0.088235294,0,0.720588235,1,0.559322034,0.050847458,0.13559322,0.152542373,0.101694915
928,0.971830986,0.028169014,0.016949153,0.152542373,0.13559322,0.016949153,0.677966102,1,0.620689655,0.017241379,0.068965517,0.172413793,0.120689655
929,1,0,0.037735849,0.754716981,0.018867925,0.037735849,0.150943396,1,0.081967213,0.032786885,0.131147541,0.606557377,0.147540984
930,1,0,0,0.06,0,0.16,0.78,1,0.550724638,0.115942029,0.014492754,0.15942029,0.15942029
931,0.971830986,0.028169014,0.019607843,0.117647059,0,0.117647059,0.745098039,1,0.569230769,0.061538462,0.030769231,0.169230769,0.169230769
932,0.945205479,0.054794521,0.086206897,0.034482759,0.051724138,0.172413793,0.655172414,1,0.709090909,0.018181818,0.018181818,0.181818182,0.072727273
933,0.958333333,0.041666667,0.054545455,0,0.036363636,0.163636364,0.745454545,1,0.661016949,0.084745763,0.06779661,0.118644068,0.06779661
934,0.945205479,0.054794521,0.038461538,0.057692308,0,0.307692308,0.596153846,1,0.740740741,0.037037037,0,0.185185185,0.037037037
935,0.958333333,0.041666667,0,0.117647059,0.019607843,0.294117647,0.568627451,1,0.690909091,0.072727273,0.018181818,0.2,0.018181818
936,0.945205479,0.054794521,0.018181818,0,0.072727273,0.109090909,0.8,1,0.666666667,0.066666667,0.066666667,0.1,0.1
937,0.985714286,0.014285714,0.074074074,0,0,0.185185185,0.740740741,1,0.639344262,0.081967213,0.06557377,0.114754098,0.098360656
938,0.985714286,0.014285714,0.071428571,0.017857143,0.035714286,0.25,0.625,1,0.740740741,0.074074074,0.055555556,0.12962963,0
939,0.932432432,0.067567568,0,0.034482759,0.137931034,0.086206897,0.74137931,1,0.649122807,0.122807018,0.087719298,0.140350877,0
940,0.971830986,0.028169014,0,0.103448276,0.137931034,0.172413793,0.586206897,1,0.82,0,0.04,0.14,0
941,0.971830986,0.028169014,0,0.105263158,0.122807018,0.175438596,0.596491228,1,0.788461538,0,0.019230769,0.153846154,0.038461538
942,0.971830986,0.028169014,0,0.114754098,0.180327869,0.114754098,0.590163934,1,0.685185185,0.055555556,0.018518519,0.222222222,0.018518519
943,0.971830986,0.028169014,0.016666667,0.15,0.15,0.133333333,0.55,1,0.6,0.072727273,0.036363636,0.272727273,0.018181818
944,0.971830986,0.028169014,0.049180328,0.081967213,0.131147541,0.098360656,0.639344262,1,0.722222222,0.018518519,0.037037037,0.166666667,0.055555556
945,0.932432432,0.067567568,0,0.101694915,0.152542373,0.118644068,0.627118644,1,0.784313725,0,0.019607843,0.176470588,0.019607843
946,0.945205479,0.054794521,0.01754386,0.087719298,0.105263158,0.105263158,0.684210526,1,0.672413793,0.017241379,0,0.189655172,0.120689655
947,0.932432432,0.067567568,0.068965517,0.051724138,0.068965517,0.24137931,0.568965517,1,0.745098039,0.019607843,0,0.235294118,0
948,0.958333333,0.041666667,0.053571429,0.125,0.053571429,0.232142857,0.535714286,1,0.711538462,0.019230769,0.019230769,0.230769231,0.019230769
949,0.971830986,0.028169014,0.018181818,0.109090909,0.072727273,0.2,0.6,1,0.735849057,0.037735849,0.056603774,0.150943396,0.018867925
950,0.907894737,0.092105263,0,0.019607843,0.019607843,0.235294118,0.725490196,1,0.714285714,0.035714286,0.035714286,0.142857143,0.071428571
951,0.896103896,0.103896104,0,0.06,0,0.32,0.62,1,0.75,0.019230769,0.019230769,0.192307692,0.019230769
952,0.932432432,0.067567568,0.037037037,0,0.037037037,0.222222222,0.703703704,1,0.719298246,0.01754386,0,0.157894737,0.105263158
953,0.92,0.08,0.036363636,0,0.054545455,0.127272727,0.781818182,1,0.689655172,0.017241379,0.051724138,0.120689655,0.120689655
954,0.907894737,0.092105263,0.018867925,0.075471698,0.037735849,0.169811321,0.698113208,1,0.637931034,0.017241379,0.017241379,0.206896552,0.120689655
955,0.958333333,0.041666667,0.019607843,0.117647059,0,0.176470588,0.68627451,1,0.62295082,0.016393443,0.016393443,0.180327869,0.163934426
956,0.945205479,0.054794521,0,0.06,0,0.22,0.72,1,0.644067797,0.06779661,0.06779661,0.13559322,0.084745763
957,0.985714286,0.014285714,0.070175439,0.070175439,0.052631579,0.280701754,0.526315789,1,0.75,0.019230769,0,0.211538462,0.019230769
958,1,0,0,0.111111111,0.074074074,0.240740741,0.574074074,1,0.666666667,0.087719298,0.01754386,0.192982456,0.035087719
959,0.971830986,0.028169014,0.084745763,0.06779661,0.06779661,0.13559322,0.644067797,1,0.660714286,0.017857143,0.053571429,0.178571429,0.089285714
960,0.945205479,0.054794521,0,0.06,0,0.3,0.64,1,0.759259259,0.018518519,0.037037037,0.12962963,0.055555556
961,0.907894737,0.092105263,0.018518519,0.018518519,0.055555556,0.148148148,0.759259259,1,0.701754386,0,0.035087719,0.140350877,0.122807018
962,0.945205479,0.054794521,0,0.036363636,0.090909091,0.145454545,0.727272727,1,0.666666667,0.05,0,0.166666667,0.116666667
963,0.985714286,0.014285714,0.095238095,0.650793651,0.111111111,0.031746032,0.111111111,1,0,0.018518519,0.148148148,0.777777778,0.055555556
964,1,0,0.081967213,0.655737705,0.098360656,0.016393443,0.147540984,1,0.01754386,0.052631579,0.157894737,0.701754386,0.070175439
965,0.945205479,0.054794521,0.036363636,0.709090909,0.054545455,0.018181818,0.181818182,1,0,0.084745763,0.186440678,0.661016949,0.06779661
966,0.932432432,0.067567568,0.018867925,0.716981132,0.037735849,0.037735849,0.188679245,1,0.096153846,0.038461538,0.269230769,0.596153846,0
967,0.945205479,0.054794521,0.035714286,0.714285714,0.071428571,0.035714286,0.142857143,1,0.057692308,0,0.230769231,0.673076923,0.038461538
968,0.985714286,0.014285714,0.033333333,0.6,0.133333333,0,0.233333333,1,0.189655172,0,0.051724138,0.620689655,0.137931034
969,0.985714286,0.014285714,0.033333333,0.583333333,0.133333333,0,0.25,1,0.15,0.05,0.066666667,0.616666667,0.116666667
970,0.92,0.08,0,0.784313725,0.019607843,0.039215686,0.156862745,1,0.055555556,0.037037037,0.240740741,0.62962963,0.037037037
971,0.971830986,0.028169014,0.068965517,0.655172414,0.068965517,0.086206897,0.120689655,1,0.074074074,0.037037037,0.148148148,0.703703704,0.037037037
972,0.971830986,0.028169014,0.048387097,0.080645161,0.14516129,0.177419355,0.548387097,1,0.679245283,0.056603774,0,0.264150943,0
973,0.985714286,0.014285714,0,0.163636364,0.090909091,0.163636364,0.581818182,1,0.516666667,0.15,0.066666667,0.25,0.016666667
974,0.971830986,0.028169014,0.037037037,0.703703704,0.037037037,0.018518519,0.203703704,1,0.05,0.083333333,0.183333333,0.6,0.083333333
975,0.958333333,0.041666667,0.018867925,0.735849057,0.037735849,0.056603774,0.150943396,1,0.090909091,0.054545455,0.2,0.618181818,0.036363636
976,0.945205479,0.054794521,0,0.678571429,0.107142857,0.071428571,0.142857143,1,0.156862745,0,0.156862745,0.666666667,0.019607843
977,0.971830986,0.028169014,0.088235294,0.558823529,0.176470588,0.014705882,0.161764706,1,0.057692308,0.019230769,0.096153846,0.807692308,0.019230769
978,1,0,0.03030303,0.575757576,0.212121212,0.03030303,0.151515152,1,0.173076923,0,0.038461538,0.75,0.038461538
979,0.896103896,0.103896104,0,0,0.056603774,0,0.943396226,1,0.630769231,0.015384615,0.030769231,0.107692308,0.215384615
980,0.932432432,0.067567568,0.019230769,0.038461538,0.019230769,0,0.923076923,1,0.588235294,0.044117647,0.029411765,0.117647059,0.220588235
981,0.945205479,0.054794521,0.037735849,0.113207547,0.018867925,0.056603774,0.773584906,1,0.629032258,0,0.032258065,0.14516129,0.193548387
982,0.945205479,0.054794521,0.084745763,0.033898305,0.06779661,0.016949153,0.796610169,1,0.584615385,0,0,0.184615385,0.230769231
983,0.945205479,0.054794521,0.035087719,0,0.087719298,0.01754386,0.859649123,1,0.621212121,0.03030303,0,0.136363636,0.212121212
984,1,0,0.101694915,0.033898305,0.050847458,0.152542373,0.661016949,1,0.677966102,0.016949153,0,0.169491525,0.13559322
985,1,0,0.158730159,0,0.047619048,0.047619048,0.746031746,1,0.62295082,0.016393443,0.06557377,0.131147541,0.163934426
986,1,0,0.215384615,0.015384615,0.015384615,0.061538462,0.692307692,1,0.589285714,0.017857143,0.178571429,0.125,0.089285714
987,1,0,0.15942029,0.014492754,0.115942029,0.028985507,0.68115942,1,0.620689655,0.017241379,0.051724138,0.189655172,0.120689655
988,0.985714286,0.014285714,0.061538462,0.046153846,0.169230769,0,0.723076923,1,0.515151515,0.106060606,0,0.242424242,0.136363636
989,0.958333333,0.041666667,0.053571429,0.017857143,0.053571429,0.071428571,0.803571429,1,0.672131148,0.016393443,0.049180328,0.098360656,0.163934426
990,0.958333333,0.041666667,0,0.018867925,0.056603774,0.20754717,0.716981132,1,0.666666667,0.122807018,0.105263158,0.105263158,0
991,0.958333333,0.041666667,0.068965517,0.068965517,0.068965517,0.224137931,0.568965517,1,0.685185185,0.037037037,0,0.240740741,0.037037037
992,0.985714286,0.014285714,0.087719298,0.666666667,0.035087719,0.052631579,0.157894737,1,0.090909091,0,0.181818182,0.636363636,0.090909091
993,1,0,0.071428571,0.642857143,0.035714286,0.035714286,0.214285714,1,0.068965517,0.086206897,0.224137931,0.568965517,0.051724138
994,0.945205479,0.054794521,0,0.722222222,0.074074074,0,0.203703704,1,0.113207547,0,0.245283019,0.58490566,0.056603774
995,0.932432432,0.067567568,0,0.788461538,0.038461538,0.038461538,0.134615385,1,0.01754386,0.035087719,0.192982456,0.666666667,0.087719298
996,0.971830986,0.028169014,0.070175439,0.719298246,0.052631579,0,0.157894737,1,0.036363636,0,0.218181818,0.654545455,0.090909091
997,0.958333333,0.041666667,0.084745763,0.694915254,0.06779661,0.033898305,0.118644068,1,0,0,0.185185185,0.740740741,0.074074074
998,0.958333333,0.041666667,0.018181818,0.690909091,0.072727273,0.054545455,0.163636364,1,0.089285714,0.053571429,0.160714286,0.642857143,0.053571429
999,1,0,0.030769231,0.6,0.2,0.030769231,0.138461538,1,0.134615385,0.019230769,0.076923077,0.75,0.019230769
1000,0.945205479,0.054794521,0.070175439,0.631578947,0.052631579,0.087719298,0.157894737,1,0.137254902,0,0.176470588,0.666666667,0.019607843
1001,0.945205479,0.054794521,0,0.788461538,0.038461538,0,0.173076923,1,0.054545455,0.036363636,0.254545455,0.6,0.054545455
1002,0.945205479,0.054794521,0.056603774,0.716981132,0,0.037735849,0.188679245,1,0.054545455,0.054545455,0.254545455,0.6,0.036363636
1003,0.958333333,0.041666667,0.036363636,0.709090909,0.054545455,0.036363636,0.163636364,1,0.117647059,0.019607843,0.254901961,0.607843137,0
1004,0.945205479,0.054794521,0.019230769,0.692307692,0.019230769,0.057692308,0.211538462,1,0.070175439,0.070175439,0.228070175,0.578947368,0.052631579
1005,0.907894737,0.092105263,0.034482759,0.586206897,0.103448276,0.034482759,0.24137931,1,0.092592593,0.055555556,0.166666667,0.666666667,0.018518519
1006,0.92,0.08,0.036363636,0.745454545,0.054545455,0.018181818,0.145454545,1,0.02,0,0.3,0.68,0
1007,0.945205479,0.054794521,0.018181818,0.690909091,0.072727273,0.018181818,0.2,1,0.075471698,0.037735849,0.264150943,0.603773585,0.018867925
1008,0.945205479,0.054794521,0.071428571,0.732142857,0.035714286,0.035714286,0.125,1,0,0.019230769,0.269230769,0.692307692,0.019230769
1009,0.896103896,0.103896104,0,0.696428571,0.107142857,0.017857143,0.178571429,1,0,0.074074074,0.203703704,0.722222222,0
1010,0.896103896,0.103896104,0,0.759259259,0.074074074,0.037037037,0.12962963,1,0.019607843,0.019607843,0.235294118,0.725490196,0
1011,1,0,0.070175439,0.192982456,0.052631579,0.070175439,0.614035088,1,0.540983607,0.016393443,0.049180328,0.229508197,0.163934426
1012,0.985714286,0.014285714,0.017241379,0.086206897,0.120689655,0.051724138,0.724137931,1,0.677966102,0.033898305,0.050847458,0.118644068,0.118644068
1013,0.985714286,0.014285714,0.115942029,0.579710145,0.15942029,0.028985507,0.115942029,1,0,0,0.075471698,0.867924528,0.056603774
1014,1,0,0.14516129,0.580645161,0.048387097,0.096774194,0.129032258,1,0.018867925,0.056603774,0.20754717,0.716981132,0
1015,0.958333333,0.041666667,0.053571429,0.714285714,0.053571429,0.035714286,0.142857143,1,0.018518519,0.074074074,0.240740741,0.666666667,0
1016,0.945205479,0.054794521,0.052631579,0.719298246,0.070175439,0.01754386,0.140350877,1,0.018518519,0.018518519,0.203703704,0.703703704,0.055555556
1017,1,0,0.037037037,0.666666667,0.037037037,0.018518519,0.240740741,1,0.140625,0.03125,0.078125,0.5625,0.1875
1018,0.971830986,0.028169014,0.071428571,0.642857143,0.035714286,0.107142857,0.142857143,1,0.132075472,0,0.169811321,0.641509434,0.056603774
1019,0.971830986,0.028169014,0.126984127,0.619047619,0.079365079,0.031746032,0.142857143,1,0,0.018867925,0.188679245,0.754716981,0.037735849
1020,1,0,0.090909091,0.621212121,0.151515152,0,0.136363636,1,0.019230769,0.019230769,0.173076923,0.769230769,0.019230769
1021,0.971830986,0.028169014,0.109375,0.59375,0.109375,0.015625,0.171875,1,0.054545455,0.018181818,0.109090909,0.745454545,0.072727273
1022,0.958333333,0.041666667,0.068965517,0.086206897,0.068965517,0.24137931,0.534482759,1,0.76,0,0.02,0.22,0
1023,0.932432432,0.067567568,0.019230769,0.038461538,0.019230769,0.269230769,0.653846154,1,0.735849057,0.056603774,0.075471698,0.132075472,0
1024,0.932432432,0.067567568,0.017857143,0,0.089285714,0.232142857,0.660714286,1,0.773584906,0.056603774,0.018867925,0.150943396,0
1025,0.907894737,0.092105263,0.037735849,0.037735849,0.018867925,0.264150943,0.641509434,1,0.754716981,0.018867925,0,0.188679245,0.037735849
1026,0.958333333,0.041666667,0.016666667,0.016666667,0.15,0.083333333,0.733333333,1,0.666666667,0.083333333,0,0.166666667,0.083333333
1027,0.971830986,0.028169014,0,0.046875,0.21875,0.03125,0.703125,1,0.672413793,0.086206897,0.017241379,0.172413793,0.051724138
1028,0.958333333,0.041666667,0.015873016,0,0.19047619,0.063492063,0.73015873,1,0.732142857,0.071428571,0.035714286,0.125,0.035714286
1029,0.958333333,0.041666667,0.031746032,0.031746032,0.174603175,0.015873016,0.746031746,1,0.655172414,0.068965517,0.068965517,0.137931034,0.068965517
1030,0.958333333,0.041666667,0.046875,0.046875,0.171875,0,0.734375,1,0.672413793,0.017241379,0.034482759,0.155172414,0.120689655
1031,0.985714286,0.014285714,0.053571429,0.071428571,0.053571429,0.142857143,0.678571429,1,0.633333333,0.05,0.033333333,0.166666667,0.116666667
1032,1,0,0.034482759,0.293103448,0.103448276,0.155172414,0.413793103,1,0.440677966,0.06779661,0,0.406779661,0.084745763
1033,0.985714286,0.014285714,0,0.5,0.074074074,0.203703704,0.222222222,1,0.298245614,0.070175439,0.035087719,0.543859649,0.052631579
1034,0.958333333,0.041666667,0.038461538,0.634615385,0,0.115384615,0.211538462,1,0.042253521,0.14084507,0.014084507,0.647887324,0.154929577
1035,0.985714286,0.014285714,0.037735849,0.735849057,0.018867925,0.018867925,0.188679245,1,0.048387097,0.080645161,0.161290323,0.596774194,0.112903226
1036,1,0,0,0.716981132,0.056603774,0.018867925,0.20754717,1,0.048387097,0.129032258,0.193548387,0.564516129,0.064516129
1037,0.907894737,0.092105263,0.018518519,0.055555556,0.055555556,0.203703704,0.666666667,1,0.8,0,0.08,0.12,0
1038,0.971830986,0.028169014,0.129032258,0,0.064516129,0.161290323,0.64516129,1,0.759259259,0,0,0.166666667,0.074074074
1039,0.958333333,0.041666667,0.051724138,0.051724138,0.086206897,0.051724138,0.75862069,1,0.65,0.033333333,0.05,0.133333333,0.133333333
1040,0.985714286,0.014285714,0,0.052631579,0.122807018,0.052631579,0.771929825,1,0.615384615,0.076923077,0,0.153846154,0.153846154
1041,0.971830986,0.028169014,0.035714286,0.107142857,0.071428571,0.017857143,0.767857143,1,0.578125,0.03125,0.046875,0.15625,0.1875
1042,0.971830986,0.028169014,0.087719298,0.035087719,0.035087719,0,0.842105263,1,0.492957746,0.070422535,0.028169014,0.183098592,0.225352113
1043,0.971830986,0.028169014,0,0.058823529,0.019607843,0.176470588,0.745098039,1,0.569230769,0.123076923,0.030769231,0.169230769,0.107692308
1044,0.971830986,0.028169014,0.056603774,0.018867925,0,0.188679245,0.735849057,1,0.655737705,0.049180328,0.032786885,0.131147541,0.131147541
1045,0.985714286,0.014285714,0.037735849,0.094339623,0.018867925,0.150943396,0.698113208,1,0.619047619,0.031746032,0,0.174603175,0.174603175
1046,0.92,0.08,0.038461538,0,0,0.153846154,0.807692308,1,0.633333333,0.066666667,0.083333333,0.116666667,0.1
1047,0.945205479,0.054794521,0.019607843,0,0,0.31372549,0.666666667,1,0.745454545,0.090909091,0.036363636,0.127272727,0
1048,0.985714286,0.014285714,0.018518519,0.111111111,0.055555556,0.166666667,0.648148148,1,0.46875,0.171875,0.078125,0.234375,0.046875
1049,0.884615385,0.115384615,0.019607843,0.019607843,0,0.31372549,0.647058824,1,0.803921569,0,0,0.176470588,0.019607843
1050,0.945205479,0.054794521,0,0.1,0,0.18,0.72,1,0.587301587,0.047619048,0.015873016,0.19047619,0.158730159
1051,0.971830986,0.028169014,0.018181818,0.109090909,0.072727273,0.236363636,0.563636364,1,0.730769231,0.038461538,0.057692308,0.173076923,0
1052,0.932432432,0.067567568,0,0.01754386,0.122807018,0.140350877,0.719298246,1,0.709090909,0.090909091,0.072727273,0.127272727,0
1053,0.985714286,0.014285714,0.043478261,0.028985507,0.231884058,0.043478261,0.652173913,1,0.740740741,0.074074074,0,0.185185185,0
1054,0.971830986,0.028169014,0.015625,0.0625,0.203125,0.0625,0.65625,1,0.722222222,0.055555556,0.037037037,0.166666667,0.018518519
1055,0.945205479,0.054794521,0.018518519,0.12962963,0.055555556,0.111111111,0.685185185,1,0.649122807,0.01754386,0.070175439,0.157894737,0.105263158
1056,1,0,0,0.113207547,0.056603774,0.056603774,0.773584906,1,0.567164179,0.074626866,0.029850746,0.149253731,0.179104478
1057,0.985714286,0.014285714,0,0.12,0,0.22,0.66,1,0.639344262,0.049180328,0.016393443,0.163934426,0.131147541
1058,1,0,0.018518519,0,0.055555556,0.222222222,0.703703704,1,0.634920635,0.126984127,0,0.158730159,0.079365079
1059,1,0,0.056603774,0.056603774,0,0.226415094,0.660377358,1,0.694915254,0.033898305,0.016949153,0.13559322,0.118644068
1060,0.971830986,0.028169014,0.018518519,0.092592593,0.055555556,0.166666667,0.666666667,1,0.65,0.05,0,0.183333333,0.116666667
1061,0.971830986,0.028169014,0.037735849,0.132075472,0.018867925,0.245283019,0.566037736,1,0.690909091,0.018181818,0.018181818,0.2,0.072727273
1062,0.971830986,0.028169014,0.06557377,0.081967213,0.114754098,0.131147541,0.606557377,1,0.672727273,0.036363636,0.018181818,0.218181818,0.054545455
1063,0.985714286,0.014285714,0,0.706896552,0.137931034,0.034482759,0.120689655,1,0.127272727,0,0.090909091,0.690909091,0.090909091
1064,0.985714286,0.014285714,0.016129032,0.629032258,0.177419355,0.016129032,0.161290323,1,0.148148148,0,0.074074074,0.703703704,0.074074074
1065,0.92,0.08,0.017241379,0.068965517,0.120689655,0.068965517,0.724137931,1,0.745454545,0,0.018181818,0.145454545,0.090909091
1066,0.92,0.08,0,0.727272727,0.090909091,0.018181818,0.163636364,1,0.078431373,0.019607843,0.235294118,0.666666667,0
1067,0.945205479,0.054794521,0.090909091,0.672727273,0,0,0.236363636,1,0.054545455,0.036363636,0.272727273,0.581818182,0.054545455
1068,0.971830986,0.028169014,0.118644068,0.610169492,0.033898305,0.033898305,0.203389831,1,0,0.081967213,0.147540984,0.672131148,0.098360656
1069,0.932432432,0.067567568,0.087719298,0.684210526,0.035087719,0.01754386,0.175438596,1,0.018867925,0.018867925,0.245283019,0.679245283,0.037735849
1070,1,0,0.147540984,0.524590164,0.032786885,0.049180328,0.245901639,1,0.156862745,0,0.274509804,0.549019608,0.019607843
1071,1,0,0.14516129,0.612903226,0.048387097,0.016129032,0.177419355,1,0.019230769,0.019230769,0.288461538,0.653846154,0.019230769
1072,0.958333333,0.041666667,0.15,0.666666667,0.016666667,0,0.166666667,1,0,0,0.081967213,0.737704918,0.180327869
1073,0.985714286,0.014285714,0.107142857,0.732142857,0,0.053571429,0.107142857,1,0.016666667,0,0.116666667,0.7,0.166666667
1074,0.958333333,0.041666667,0.072727273,0.690909091,0.018181818,0.018181818,0.2,1,0.086206897,0,0.155172414,0.620689655,0.137931034
1075,1,0,0.1,0.633333333,0.066666667,0.05,0.15,1,0.070175439,0.01754386,0.122807018,0.684210526,0.105263158
1076,0.971830986,0.028169014,0.053571429,0.660714286,0.053571429,0,0.232142857,1,0.118644068,0,0.13559322,0.593220339,0.152542373
1077,0.958333333,0.041666667,0.018518519,0.666666667,0.055555556,0.055555556,0.203703704,1,0.116666667,0.05,0.1,0.616666667,0.116666667
1078,0.985714286,0.014285714,0.017857143,0.660714286,0.089285714,0.017857143,0.214285714,1,0.147540984,0.016393443,0.06557377,0.606557377,0.163934426
1079,0.985714286,0.014285714,0.053571429,0.125,0.053571429,0.142857143,0.625,1,0.616666667,0.016666667,0,0.216666667,0.15
1080,1,0,0,0.2,0,0.24,0.56,1,0.627118644,0.033898305,0.016949153,0.203389831,0.118644068
1081,0.945205479,0.054794521,0.056603774,0.037735849,0,0.113207547,0.79245283,1,0.590163934,0.081967213,0.114754098,0.114754098,0.098360656
1082,0.945205479,0.054794521,0.036363636,0.145454545,0.054545455,0.145454545,0.618181818,1,0.649122807,0,0,0.228070175,0.122807018
1083,0.985714286,0.014285714,0,0.1,0,0.22,0.68,1,0.64516129,0.048387097,0,0.161290323,0.14516129
1084,0.958333333,0.041666667,0.037735849,0.075471698,0.018867925,0.20754717,0.660377358,1,0.661016949,0.016949153,0,0.186440678,0.13559322
1085,0.985714286,0.014285714,0.038461538,0.134615385,0,0.211538462,0.615384615,1,0.661016949,0,0,0.186440678,0.152542373
1086,1,0,0.090909091,0.690909091,0,0.018181818,0.2,1,0.035087719,0.070175439,0.280701754,0.561403509,0.052631579
1087,0.971830986,0.028169014,0.036363636,0.672727273,0.054545455,0.054545455,0.181818182,1,0.107142857,0.035714286,0.178571429,0.607142857,0.071428571
1088,0.985714286,0.014285714,0,0.709090909,0.090909091,0.054545455,0.145454545,1,0.111111111,0.055555556,0.203703704,0.611111111,0.018518519
1089,1,0,0.087719298,0.666666667,0.035087719,0.035087719,0.175438596,1,0.053571429,0.053571429,0.232142857,0.607142857,0.053571429
1090,0.945205479,0.054794521,0.071428571,0.660714286,0.035714286,0.071428571,0.160714286,1,0.035087719,0.070175439,0.157894737,0.684210526,0.052631579
1091,0.92,0.08,0.017857143,0.696428571,0.089285714,0,0.196428571,1,0.037037037,0.037037037,0.222222222,0.666666667,0.037037037
1092,0.985714286,0.014285714,0.018518519,0.740740741,0.055555556,0.074074074,0.111111111,1,0.150943396,0,0.169811321,0.622641509,0.056603774
1093,0.945205479,0.054794521,0,0.65,0.166666667,0.016666667,0.166666667,1,0.032258065,0.064516129,0.016129032,0.758064516,0.129032258
1094,0.971830986,0.028169014,0.017241379,0.637931034,0.120689655,0.034482759,0.189655172,1,0.157894737,0,0.070175439,0.649122807,0.122807018
1095,0.958333333,0.041666667,0.047619048,0.650793651,0.158730159,0,0.142857143,1,0.052631579,0,0.035087719,0.789473684,0.122807018
1096,0.884615385,0.115384615,0.019230769,0.711538462,0.019230769,0.038461538,0.211538462,1,0,0.070175439,0.210526316,0.666666667,0.052631579
1097,0.971830986,0.028169014,0.018181818,0.636363636,0.072727273,0.018181818,0.254545455,1,0.148148148,0.074074074,0.259259259,0.518518519,0
1098,0.985714286,0.014285714,0,0.634920635,0.206349206,0,0.158730159,1,0.092592593,0.055555556,0.111111111,0.722222222,0.018518519
1099,0.985714286,0.014285714,0,0.701754386,0.122807018,0.01754386,0.157894737,1,0.074074074,0.074074074,0.222222222,0.62962963,0
1100,1,0,0.018867925,0.735849057,0.037735849,0,0.20754717,1,0.098360656,0.049180328,0.163934426,0.557377049,0.131147541
1101,0.971830986,0.028169014,0,0.74,0,0.02,0.24,1,0.083333333,0.1,0.233333333,0.516666667,0.066666667
1102,0.945205479,0.054794521,0.052631579,0.684210526,0.070175439,0,0.192982456,1,0.075471698,0.018867925,0.226415094,0.641509434,0.037735849
1103,0.932432432,0.067567568,0,0.727272727,0.090909091,0.018181818,0.163636364,1,0.076923077,0.019230769,0.230769231,0.653846154,0.019230769
1104,0.896103896,0.103896104,0.019607843,0.764705882,0,0.058823529,0.156862745,1,0.036363636,0.018181818,0.2,0.672727273,0.072727273
1105,0.907894737,0.092105263,0.036363636,0.727272727,0.054545455,0,0.181818182,1,0.039215686,0.019607843,0.274509804,0.666666667,0
1106,0.971830986,0.028169014,0.090909091,0.618181818,0,0.072727273,0.218181818,1,0.105263158,0.052631579,0.192982456,0.578947368,0.070175439
1107,1,0,0.153846154,0.553846154,0.076923077,0.046153846,0.169230769,1,0.057692308,0,0.192307692,0.711538462,0.038461538
1108,0.945205479,0.054794521,0.049180328,0.590163934,0.131147541,0.016393443,0.213114754,1,0.032258065,0.112903226,0.048387097,0.725806452,0.080645161
1109,0.971830986,0.028169014,0,0.192982456,0.122807018,0.140350877,0.543859649,1,0.622641509,0.056603774,0.094339623,0.226415094,0
1110,0.958333333,0.041666667,0.035714286,0.071428571,0.071428571,0.017857143,0.803571429,1,0.625,0,0.015625,0.140625,0.21875
1111,0.971830986,0.028169014,0.018867925,0.094339623,0.037735849,0.037735849,0.811320755,1,0.567164179,0.044776119,0.029850746,0.149253731,0.208955224
1112,0.958333333,0.041666667,0.080645161,0.048387097,0.112903226,0.129032258,0.629032258,1,0.625,0.071428571,0.035714286,0.232142857,0.035714286
1113,0.932432432,0.067567568,0.056603774,0.037735849,0,0.150943396,0.754716981,1,0.661016949,0.033898305,0.050847458,0.13559322,0.118644068
1114,0.985714286,0.014285714,0.056603774,0.132075472,0,0.075471698,0.735849057,1,0.587301587,0.015873016,0.063492063,0.142857143,0.19047619
1115,0.985714286,0.014285714,0.037037037,0.074074074,0.037037037,0.055555556,0.796296296,1,0.465753425,0.109589041,0,0.219178082,0.205479452
1116,0.985714286,0.014285714,0.087719298,0.01754386,0.035087719,0.01754386,0.842105263,1,0.565217391,0.057971014,0.014492754,0.144927536,0.217391304
1117,0.971830986,0.028169014,0,0.788461538,0.038461538,0.019230769,0.153846154,1,0.075471698,0.037735849,0.301886792,0.566037736,0.018867925
1118,0.958333333,0.041666667,0.070175439,0.666666667,0.052631579,0.01754386,0.192982456,1,0.090909091,0.018181818,0.181818182,0.636363636,0.072727273
1119,0.985714286,0.014285714,0.018181818,0.672727273,0.072727273,0.018181818,0.218181818,1,0.133333333,0.033333333,0.116666667,0.583333333,0.133333333
1120,0.958333333,0.041666667,0,0.636363636,0.090909091,0.036363636,0.236363636,1,0.155172414,0.034482759,0.120689655,0.586206897,0.103448276
1121,0.985714286,0.014285714,0.053571429,0.678571429,0.053571429,0.071428571,0.142857143,1,0.087719298,0.035087719,0.140350877,0.649122807,0.087719298
1122,0.985714286,0.014285714,0.036363636,0.709090909,0.054545455,0.018181818,0.181818182,1,0.113207547,0.018867925,0.264150943,0.566037736,0.037735849
1123,0.971830986,0.028169014,0,0.684210526,0.122807018,0.035087719,0.157894737,1,0.086206897,0.068965517,0.103448276,0.672413793,0.068965517
1124,0.985714286,0.014285714,0,0.714285714,0.107142857,0.035714286,0.142857143,1,0.083333333,0.05,0.083333333,0.666666667,0.116666667
1125,0.932432432,0.067567568,0.076923077,0.569230769,0.153846154,0.076923077,0.123076923,1,0.04,0,0.1,0.86,0
1126,0.985714286,0.014285714,0.081967213,0.590163934,0.098360656,0.049180328,0.180327869,1,0.125,0,0.089285714,0.678571429,0.107142857
1127,0.945205479,0.054794521,0,0.716981132,0.056603774,0,0.226415094,1,0.142857143,0,0.178571429,0.571428571,0.107142857
1128,0.971830986,0.028169014,0.037037037,0.111111111,0.037037037,0.203703704,0.611111111,1,0.649122807,0.035087719,0.035087719,0.192982456,0.087719298
1129,0.932432432,0.067567568,0,0.02,0,0.34,0.64,1,0.759259259,0.037037037,0.018518519,0.148148148,0.037037037
1130,0.945205479,0.054794521,0.087719298,0.105263158,0.035087719,0.228070175,0.543859649,1,0.589285714,0.035714286,0,0.303571429,0.071428571
1131,0.907894737,0.092105263,0.038461538,0.019230769,0,0.25,0.692307692,1,0.740740741,0.018518519,0.037037037,0.148148148,0.055555556
1132,0.907894737,0.092105263,0,0.037735849,0.056603774,0.226415094,0.679245283,1,0.769230769,0,0.057692308,0.134615385,0.038461538
1133,0.985714286,0.014285714,0.03125,0.03125,0.1875,0.078125,0.671875,1,0.745454545,0.054545455,0.018181818,0.145454545,0.036363636
1134,0.958333333,0.041666667,0,0.076923077,0.038461538,0.307692308,0.576923077,1,0.788461538,0.038461538,0.019230769,0.153846154,0
1135,0.971830986,0.028169014,0,0.127272727,0.090909091,0.2,0.581818182,1,0.784313725,0,0.058823529,0.137254902,0.019607843
1136,0.945205479,0.054794521,0.016949153,0.084745763,0.13559322,0.101694915,0.661016949,1,0.649122807,0.035087719,0.01754386,0.210526316,0.087719298
1137,0.945205479,0.054794521,0.086206897,0.017241379,0.051724138,0.172413793,0.672413793,1,0.727272727,0,0.018181818,0.163636364,0.090909091
1138,0.873417722,0.126582278,0,0,0.090909091,0.127272727,0.781818182,1,0.740740741,0.037037037,0.055555556,0.12962963,0.037037037
1139,0.971830986,0.028169014,0,0.122807018,0.122807018,0.087719298,0.666666667,1,0.644067797,0.033898305,0.016949153,0.186440678,0.118644068
1140,0.971830986,0.028169014,0.016666667,0.133333333,0.15,0,0.7,1,0.684210526,0,0.052631579,0.140350877,0.122807018
1141,1,0,0.075757576,0.045454545,0.166666667,0.03030303,0.681818182,1,0.719298246,0,0,0.157894737,0.122807018
1142,0.971830986,0.028169014,0.081967213,0.032786885,0.098360656,0.049180328,0.737704918,1,0.639344262,0.016393443,0.016393443,0.163934426,0.163934426
1143,0.971830986,0.028169014,0.017857143,0.107142857,0.089285714,0.017857143,0.767857143,1,0.655737705,0,0.049180328,0.114754098,0.180327869
1144,0.945205479,0.054794521,0,0.071428571,0.107142857,0.125,0.696428571,1,0.684210526,0.070175439,0.035087719,0.157894737,0.052631579
1145,0.945205479,0.054794521,0.038461538,0.211538462,0,0.076923077,0.673076923,1,0.483333333,0.066666667,0.15,0.2,0.1
1146,0.985714286,0.014285714,0.083333333,0.05,0.083333333,0.233333333,0.55,1,0.716981132,0.037735849,0,0.226415094,0.018867925
1147,1,0,0.055555556,0.12962963,0.018518519,0.222222222,0.574074074,1,0.557377049,0.081967213,0.016393443,0.245901639,0.098360656
1148,0.971830986,0.028169014,0.037037037,0.111111111,0.037037037,0.240740741,0.574074074,1,0.75,0,0.057692308,0.153846154,0.038461538
1149,0.958333333,0.041666667,0.056603774,0.075471698,0,0.264150943,0.603773585,1,0.716981132,0.037735849,0.075471698,0.150943396,0.018867925
1150,0.985714286,0.014285714,0.111111111,0.015873016,0.095238095,0.19047619,0.587301587,1,0.769230769,0,0,0.192307692,0.038461538
1151,1,0,0.122807018,0.01754386,0,0.245614035,0.614035088,1,0.701754386,0.01754386,0,0.175438596,0.105263158
1152,0.958333333,0.041666667,0.21875,0.015625,0,0.21875,0.546875,1,0.535714286,0.035714286,0.017857143,0.339285714,0.071428571
1153,1,0,0.180327869,0.114754098,0,0.229508197,0.475409836,1,0.553571429,0,0,0.339285714,0.107142857
1154,0.971830986,0.028169014,0.089285714,0.089285714,0.017857143,0.142857143,0.660714286,1,0.633333333,0,0,0.2,0.166666667
1155,0.971830986,0.028169014,0.090909091,0.018181818,0,0.109090909,0.781818182,1,0.552238806,0.059701493,0.014925373,0.179104478,0.194029851
1156,0.945205479,0.054794521,0.052631579,0.052631579,0.070175439,0.105263158,0.719298246,1,0.661016949,0.033898305,0.016949153,0.169491525,0.118644068
1157,1,0,0.142857143,0.222222222,0.063492063,0.079365079,0.492063492,1,0.461538462,0.038461538,0.211538462,0.288461538,0
1158,0.985714286,0.014285714,0.084745763,0.13559322,0.06779661,0.101694915,0.610169492,1,0.516129032,0.048387097,0.016129032,0.274193548,0.14516129
1159,1,0,0.083333333,0.1,0.083333333,0.066666667,0.666666667,1,0.644067797,0,0.033898305,0.169491525,0.152542373
1160,0.932432432,0.067567568,0.019230769,0.019230769,0.019230769,0.134615385,0.807692308,1,0.661290323,0.032258065,0.016129032,0.129032258,0.161290323
1161,0.932432432,0.067567568,0.017857143,0.660714286,0.089285714,0,0.232142857,1,0.132075472,0.018867925,0.20754717,0.603773585,0.037735849
1162,0.945205479,0.054794521,0,0.679245283,0.056603774,0.018867925,0.245283019,1,0.211538462,0.019230769,0.230769231,0.519230769,0.019230769
1163,1,0,0.038461538,0.038461538,0,0.153846154,0.769230769,1,0.590909091,0.090909091,0.03030303,0.136363636,0.151515152
1164,0.985714286,0.014285714,0.116666667,0.016666667,0.05,0.233333333,0.583333333,1,0.722222222,0.018518519,0,0.203703704,0.055555556
1165,0.958333333,0.041666667,0.087719298,0.01754386,0.035087719,0.280701754,0.578947368,1,0.784313725,0.019607843,0.019607843,0.176470588,0
1166,0.971830986,0.028169014,0.083333333,0.1,0.083333333,0.233333333,0.5,1,0.705882353,0.019607843,0,0.274509804,0
1167,0.932432432,0.067567568,0,0.134615385,0.038461538,0.269230769,0.557692308,1,0.725490196,0.019607843,0.058823529,0.196078431,0
1168,0.92,0.08,0.018867925,0.056603774,0.037735849,0.226415094,0.660377358,1,0.716981132,0.037735849,0.075471698,0.150943396,0.018867925
1169,0.907894737,0.092105263,0.019607843,0.019607843,0,0.196078431,0.764705882,1,0.666666667,0.016666667,0,0.166666667,0.15
1170,0.971830986,0.028169014,0.019607843,0.784313725,0,0,0.196078431,1,0.120689655,0,0.189655172,0.551724138,0.137931034
1171,1,0,0.037037037,0.648148148,0.037037037,0.037037037,0.240740741,1,0.101694915,0.101694915,0.220338983,0.525423729,0.050847458
1172,0.971830986,0.028169014,0.055555556,0.722222222,0.018518519,0.037037037,0.166666667,1,0.096153846,0.019230769,0.288461538,0.576923077,0.019230769
1173,0.971830986,0.028169014,0.056603774,0.754716981,0,0.018867925,0.169811321,1,0.076923077,0.038461538,0.326923077,0.557692308,0
1174,0.971830986,0.028169014,0.098360656,0.655737705,0.081967213,0.032786885,0.131147541,1,0.018867925,0,0.188679245,0.735849057,0.056603774
1175,0.971830986,0.028169014,0,0.653846154,0.038461538,0,0.307692308,1,0.209677419,0,0.096774194,0.5,0.193548387
1176,0.945205479,0.054794521,0,0.7,0,0.08,0.22,1,0.107692308,0.046153846,0.061538462,0.6,0.184615385
1177,0.985714286,0.014285714,0.018181818,0.709090909,0.072727273,0.054545455,0.145454545,1,0.122807018,0.035087719,0.122807018,0.631578947,0.087719298
1178,0.985714286,0.014285714,0.016666667,0.466666667,0.15,0.05,0.316666667,1,0.296296296,0.055555556,0.12962963,0.5,0.018518519
1179,0.958333333,0.041666667,0.018867925,0.754716981,0.037735849,0,0.188679245,1,0,0.083333333,0.216666667,0.616666667,0.083333333
1180,1,0,0.09375,0.046875,0.125,0.0625,0.671875,1,0.690909091,0.036363636,0.090909091,0.127272727,0.054545455
1181,0.958333333,0.041666667,0.032258065,0.032258065,0.161290323,0,0.774193548,1,0.694915254,0.050847458,0.033898305,0.118644068,0.101694915
1182,0.958333333,0.041666667,0,0.016949153,0.152542373,0,0.830508475,1,0.590909091,0.090909091,0.015151515,0.151515152,0.151515152
1183,0.971830986,0.028169014,0,0.127272727,0.090909091,0.054545455,0.727272727,1,0.619047619,0.015873016,0,0.174603175,0.19047619
1184,1,0,0.054545455,0.127272727,0.036363636,0.072727273,0.709090909,1,0.603174603,0.015873016,0.031746032,0.158730159,0.19047619
1185,0.971830986,0.028169014,0.018518519,0.12962963,0.055555556,0.166666667,0.62962963,1,0.672413793,0,0,0.189655172,0.137931034
1186,1,0,0.01754386,0.210526316,0.105263158,0.052631579,0.614035088,1,0.603448276,0.017241379,0.068965517,0.189655172,0.120689655
1187,0.92,0.08,0.056603774,0.037735849,0,0.169811321,0.735849057,1,0.596774194,0.032258065,0,0.209677419,0.161290323
1188,0.945205479,0.054794521,0.037735849,0.132075472,0.018867925,0.150943396,0.660377358,1,0.515625,0.0625,0,0.265625,0.15625
1189,0.971830986,0.028169014,0.051724138,0.051724138,0.086206897,0.120689655,0.689655172,1,0.580645161,0.080645161,0.016129032,0.209677419,0.112903226
1190,1,0,0.038461538,0.076923077,0,0.192307692,0.692307692,1,0.548387097,0.14516129,0.112903226,0.14516129,0.048387097
1191,0.985714286,0.014285714,0.019607843,0.117647059,0,0.254901961,0.607843137,1,0.655172414,0.051724138,0.034482759,0.172413793,0.086206897
1192,0.932432432,0.067567568,0,0.04,0,0.34,0.62,1,0.740740741,0.074074074,0.018518519,0.166666667,0
1193,0.907894737,0.092105263,0,0.127272727,0.090909091,0.163636364,0.618181818,1,0.666666667,0.037037037,0.018518519,0.240740741,0.037037037
1194,0.945205479,0.054794521,0,0.06,0,0.28,0.66,1,0.684210526,0.087719298,0.035087719,0.157894737,0.035087719
1195,0.932432432,0.067567568,0.035714286,0.071428571,0.071428571,0.214285714,0.607142857,1,0.666666667,0.055555556,0.037037037,0.222222222,0.018518519
1196,0.971830986,0.028169014,0.068965517,0.086206897,0.068965517,0.172413793,0.603448276,1,0.660714286,0.035714286,0.017857143,0.214285714,0.071428571
1197,0.92,0.08,0.018518519,0.037037037,0.055555556,0.240740741,0.648148148,1,0.769230769,0.038461538,0.038461538,0.153846154,0
1198,0.958333333,0.041666667,0,0.115384615,0.038461538,0.269230769,0.576923077,1,0.754716981,0.018867925,0.018867925,0.169811321,0.037735849
1199,1,0,0.136363636,0,0.106060606,0.181818182,0.575757576,1,0.666666667,0.074074074,0.018518519,0.240740741,0
1200,1,0,0.080645161,0.064516129,0.112903226,0.14516129,0.596774194,1,0.754716981,0,0.018867925,0.169811321,0.056603774
1201,0.971830986,0.028169014,0.06779661,0.016949153,0.084745763,0.220338983,0.610169492,1,0.722222222,0.055555556,0.018518519,0.185185185,0.018518519
1202,1,0,0.13559322,0,0.016949153,0.237288136,0.610169492,1,0.649122807,0.070175439,0.035087719,0.192982456,0.052631579
1203,0.958333333,0.041666667,0.098360656,0.016393443,0.081967213,0.213114754,0.590163934,1,0.8,0,0.02,0.18,0
1204,0.971830986,0.028169014,0.098360656,0.032786885,0.081967213,0.180327869,0.606557377,1,0.722222222,0.018518519,0,0.203703704,0.055555556
1205,0.971830986,0.028169014,0.111111111,0.015873016,0.095238095,0.142857143,0.634920635,1,0.690909091,0.018181818,0.018181818,0.2,0.072727273
1206,0.958333333,0.041666667,0.018867925,0.018867925,0.037735849,0.245283019,0.679245283,1,0.701754386,0.087719298,0.035087719,0.140350877,0.035087719
1207,0.985714286,0.014285714,0.018867925,0.603773585,0.037735849,0.037735849,0.301886792,1,0.224137931,0.034482759,0.172413793,0.465517241,0.103448276
1208,0.958333333,0.041666667,0.018867925,0.622641509,0.037735849,0.132075472,0.188679245,1,0.230769231,0.019230769,0.173076923,0.557692308,0.019230769
1209,0.92,0.08,0,0.769230769,0.038461538,0.057692308,0.134615385,1,0.078431373,0.019607843,0.254901961,0.647058824,0
1210,0.945205479,0.054794521,0.072727273,0.727272727,0.018181818,0,0.181818182,1,0,0.056603774,0.320754717,0.622641509,0
1211,0.92,0.08,0,0.8,0,0.02,0.18,1,0.036363636,0.072727273,0.272727273,0.6,0.018181818
1212,0.971830986,0.028169014,0.018181818,0.727272727,0.072727273,0,0.181818182,1,0.033333333,0.083333333,0.166666667,0.633333333,0.083333333
1213,0.971830986,0.028169014,0,0.580645161,0.193548387,0.080645161,0.14516129,1,0.125,0.071428571,0.017857143,0.75,0.035714286
1214,0.985714286,0.014285714,0.015384615,0.630769231,0.215384615,0,0.138461538,1,0.075471698,0.037735849,0.094339623,0.773584906,0.018867925
1215,0.985714286,0.014285714,0.034482759,0.706896552,0.103448276,0.051724138,0.103448276,1,0,0.087719298,0.157894737,0.719298246,0.035087719
1216,0.945205479,0.054794521,0.019230769,0.269230769,0.019230769,0.153846154,0.538461538,1,0.566037736,0.037735849,0.150943396,0.226415094,0.018867925
1217,0.907894737,0.092105263,0,0.672413793,0.137931034,0.017241379,0.172413793,1,0.037735849,0.037735849,0.169811321,0.735849057,0.018867925
1218,0.945205479,0.054794521,0.055555556,0.722222222,0.018518519,0.074074074,0.12962963,1,0.016666667,0.05,0.116666667,0.7,0.116666667
1219,0.945205479,0.054794521,0.017241379,0.706896552,0.120689655,0,0.155172414,1,0.033333333,0.016666667,0.066666667,0.733333333,0.15
1220,0.985714286,0.014285714,0.115942029,0.565217391,0.15942029,0.028985507,0.130434783,1,0.019607843,0,0.117647059,0.843137255,0.019607843
1221,1,0,0.081967213,0.442622951,0.098360656,0.147540984,0.229508197,1,0.307692308,0.019230769,0.076923077,0.576923077,0.019230769
1222,0.958333333,0.041666667,0.089552239,0.567164179,0.164179104,0.029850746,0.149253731,1,0.039215686,0.019607843,0.117647059,0.823529412,0
1223,0.945205479,0.054794521,0.033333333,0.683333333,0.133333333,0.016666667,0.133333333,1,0.036363636,0.036363636,0.109090909,0.763636364,0.054545455
1224,0.932432432,0.067567568,0.051724138,0.689655172,0.086206897,0,0.172413793,1,0.017857143,0.035714286,0.160714286,0.714285714,0.071428571
1225,0.932432432,0.067567568,0.019607843,0.784313725,0,0.019607843,0.176470588,1,0,0.072727273,0.309090909,0.6,0.018181818
1226,0.945205479,0.054794521,0.019607843,0.803921569,0,0.019607843,0.156862745,1,0.054545455,0.018181818,0.254545455,0.6,0.072727273
1227,0.932432432,0.067567568,0.019607843,0.784313725,0,0,0.196078431,1,0.018181818,0.090909091,0.309090909,0.581818182,0
1228,0.958333333,0.041666667,0,0.75,0.038461538,0.038461538,0.173076923,1,0.015384615,0.107692308,0.107692308,0.646153846,0.123076923
1229,1,0,0.052631579,0.175438596,0.070175439,0.140350877,0.561403509,1,0.631578947,0,0.01754386,0.228070175,0.122807018
1230,0.985714286,0.014285714,0.056603774,0.094339623,0,0.150943396,0.698113208,1,0.666666667,0,0.033333333,0.133333333,0.166666667
1231,0.932432432,0.067567568,0.035714286,0.053571429,0.071428571,0.232142857,0.607142857,1,0.769230769,0.019230769,0,0.192307692,0.019230769
1232,1,0,0.054545455,0.709090909,0.036363636,0.054545455,0.145454545,1,0,0.109375,0.125,0.65625,0.109375
1233,1,0,0.103448276,0.620689655,0.034482759,0.034482759,0.206896552,1,0.105263158,0.01754386,0.175438596,0.596491228,0.105263158
1234,0.958333333,0.041666667,0.133333333,0.583333333,0.033333333,0.016666667,0.233333333,1,0.034482759,0.034482759,0.172413793,0.655172414,0.103448276
1235,0.958333333,0.041666667,0.054545455,0.745454545,0.036363636,0.036363636,0.127272727,1,0.033898305,0,0.118644068,0.694915254,0.152542373
1236,0.945205479,0.054794521,0,0.78,0,0.02,0.2,1,0.103448276,0,0.189655172,0.568965517,0.137931034
1237,0.92,0.08,0.033333333,0.616666667,0.133333333,0,0.216666667,1,0.032258065,0.064516129,0.032258065,0.741935484,0.129032258
1238,0.971830986,0.028169014,0.01754386,0.701754386,0.105263158,0.01754386,0.157894737,1,0.096774194,0,0.016129032,0.693548387,0.193548387
1239,0.985714286,0.014285714,0.038461538,0.019230769,0,0.230769231,0.711538462,1,0.64516129,0.080645161,0.016129032,0.14516129,0.112903226
1240,0.945205479,0.054794521,0,0.019230769,0.038461538,0.153846154,0.788461538,1,0.672131148,0.049180328,0.032786885,0.114754098,0.131147541
1241,0.92,0.08,0,0.705882353,0.019607843,0.078431373,0.196078431,1,0.127272727,0.054545455,0.181818182,0.6,0.036363636
1242,0.985714286,0.014285714,0.06779661,0.610169492,0.084745763,0.016949153,0.220338983,1,0.049180328,0.081967213,0.131147541,0.639344262,0.098360656
1243,0.958333333,0.041666667,0.037735849,0.245283019,0.018867925,0.226415094,0.471698113,1,0.58490566,0.018867925,0.075471698,0.283018868,0.037735849
1244,0.958333333,0.041666667,0.035714286,0.053571429,0.071428571,0.232142857,0.607142857,1,0.735849057,0.056603774,0.037735849,0.169811321,0
1245,0.958333333,0.041666667,0.018867925,0.113207547,0.037735849,0.226415094,0.603773585,1,0.716981132,0.018867925,0.075471698,0.150943396,0.037735849
1246,0.985714286,0.014285714,0.118644068,0.050847458,0.033898305,0.220338983,0.576271186,1,0.764705882,0,0.058823529,0.156862745,0.019607843
1247,0.932432432,0.067567568,0.053571429,0.035714286,0.053571429,0.232142857,0.625,1,0.769230769,0.019230769,0.019230769,0.173076923,0.019230769
1248,0.907894737,0.092105263,0.019607843,0.039215686,0,0.274509804,0.666666667,1,0.769230769,0.019230769,0.057692308,0.134615385,0.019230769
1249,0.945205479,0.054794521,0,0.076923077,0.038461538,0.269230769,0.615384615,1,0.722222222,0.037037037,0.037037037,0.166666667,0.037037037