,"('S', ('VP',))","('S', ('VP', 'NP'))","('S', ('NP', 'VP'))","('S', ('NP', 'S'))","('S', ('S', 'NP'))","('VP', ('VP', 'NP'))","('VP', ('V',))","('VP', ('NP', 'VP'))","('VP', ('NP', 'V'))","('VP', ('V', 'NP'))","('NP', 'np')","('NP', ('NP', 'NP'))","('V', 'v')"
0,1.0,0.0,0.0,0.0,0.0,0.0,0.7037037037037037,0.25925925925925924,0.0,0.037037037037037035,1.0,0.0,1.0
1,0.7142857142857143,0.0,0.0,0.25,0.03571428571428571,0.0,1.0,0.0,0.0,0.0,1.0,0.0,1.0
2,1.0,0.0,0.0,0.0,0.0,0.0,0.7037037037037037,0.25925925925925924,0.0,0.037037037037037035,1.0,0.0,1.0
3,0.95,0.05,0.0,0.0,0.0,0.0,0.7407407407407407,0.25925925925925924,0.0,0.0,1.0,0.0,1.0
4,1.0,0.0,0.0,0.0,0.0,0.0,0.7037037037037037,0.25925925925925924,0.0,0.037037037037037035,1.0,0.0,1.0
5,1.0,0.0,0.0,0.0,0.0,0.0,0.7037037037037037,0.25925925925925924,0.0,0.037037037037037035,1.0,0.0,1.0
6,0.7142857142857143,0.0,0.0,0.25,0.03571428571428571,0.0,1.0,0.0,0.0,0.0,1.0,0.0,1.0
7,1.0,0.0,0.0,0.0,0.0,0.03571428571428571,0.7142857142857143,0.25,0.0,0.0,1.0,0.0,1.0
8,0.7407407407407407,0.0,0.0,0.25925925925925924,0.0,0.047619047619047616,0.9523809523809523,0.0,0.0,0.0,1.0,0.0,1.0
9,0.7407407407407407,0.0,0.0,0.25925925925925924,0.0,0.0,0.95,0.0,0.0,0.05,1.0,0.0,1.0
10,0.7037037037037037,0.037037037037037035,0.0,0.25925925925925924,0.0,0.0,1.0,0.0,0.0,0.0,1.0,0.0,1.0
11,0.9523809523809523,0.0,0.0,0.0,0.047619047619047616,0.0,0.7407407407407407,0.25925925925925924,0.0,0.0,1.0,0.0,1.0
12,0.7407407407407407,0.0,0.0,0.25925925925925924,0.0,0.047619047619047616,0.9523809523809523,0.0,0.0,0.0,1.0,0.0,1.0
13,0.7142857142857143,0.0,0.0,0.25,0.03571428571428571,0.0,1.0,0.0,0.0,0.0,1.0,0.0,1.0
14,0.7407407407407407,0.0,0.0,0.25925925925925924,0.0,0.0,0.95,0.0,0.0,0.05,1.0,0.0,1.0
15,0.9523809523809523,0.0,0.0,0.0,0.047619047619047616,0.0,0.7407407407407407,0.25925925925925924,0.0,0.0,1.0,0.0,1.0
16,1.0,0.0,0.0,0.0,0.0,0.03571428571428571,0.7142857142857143,0.25,0.0,0.0,1.0,0.0,1.0
17,0.7407407407407407,0.0,0.0,0.25925925925925924,0.0,0.0,0.95,0.0,0.0,0.05,1.0,0.0,1.0
18,0.7407407407407407,0.0,0.0,0.25925925925925924,0.0,0.047619047619047616,0.9523809523809523,0.0,0.0,0.0,1.0,0.0,1.0
19,1.0,0.0,0.0,0.0,0.0,0.03571428571428571,0.7142857142857143,0.25,0.0,0.0,1.0,0.0,1.0
20,0.7037037037037037,0.037037037037037035,0.0,0.25925925925925924,0.0,0.0,1.0,0.0,0.0,0.0,1.0,0.0,1.0
21,0.7037037037037037,0.037037037037037035,0.0,0.25925925925925924,0.0,0.0,1.0,0.0,0.0,0.0,1.0,0.0,1.0
22,0.7407407407407407,0.0,0.0,0.25925925925925924,0.0,0.0,0.95,0.0,0.0,0.05,1.0,0.0,1.0
23,1.0,0.0,0.0,0.0,0.0,0.03571428571428571,0.7142857142857143,0.25,0.0,0.0,1.0,0.0,1.0
24,0.7037037037037037,0.037037037037037035,0.0,0.25925925925925924,0.0,0.0,1.0,0.0,0.0,0.0,1.0,0.0,1.0
25,0.7407407407407407,0.0,0.0,0.25925925925925924,0.0,0.0,0.95,0.0,0.0,0.05,1.0,0.0,1.0
26,1.0,0.0,0.0,0.0,0.0,0.03571428571428571,0.7142857142857143,0.25,0.0,0.0,1.0,0.0,1.0
27,0.9523809523809523,0.0,0.0,0.0,0.047619047619047616,0.0,0.7407407407407407,0.25925925925925924,0.0,0.0,1.0,0.0,1.0
28,1.0,0.0,0.0,0.0,0.0,0.0,0.7037037037037037,0.25925925925925924,0.0,0.037037037037037035,1.0,0.0,1.0
29,0.7407407407407407,0.0,0.0,0.25925925925925924,0.0,0.047619047619047616,0.9523809523809523,0.0,0.0,0.0,1.0,0.0,1.0
30,0.7037037037037037,0.037037037037037035,0.0,0.25925925925925924,0.0,0.0,1.0,0.0,0.0,0.0,1.0,0.0,1.0
31,0.7142857142857143,0.0,0.0,0.25,0.03571428571428571,0.0,1.0,0.0,0.0,0.0,1.0,0.0,1.0
32,0.7037037037037037,0.037037037037037035,0.0,0.25925925925925924,0.0,0.0,1.0,0.0,0.0,0.0,1.0,0.0,1.0
33,0.7037037037037037,0.037037037037037035,0.0,0.25925925925925924,0.0,0.0,1.0,0.0,0.0,0.0,1.0,0.0,1.0
34,0.95,0.05,0.0,0.0,0.0,0.0,0.7407407407407407,0.25925925925925924,0.0,0.0,1.0,0.0,1.0
35,0.7142857142857143,0.0,0.0,0.25,0.03571428571428571,0.0,1.0,0.0,0.0,0.0,1.0,0.0,1.0
36,1.0,0.0,0.0,0.0,0.0,0.0,0.7037037037037037,0.25925925925925924,0.0,0.037037037037037035,1.0,0.0,1.0
37,0.9523809523809523,0.0,0.0,0.0,0.047619047619047616,0.0,0.7407407407407407,0.25925925925925924,0.0,0.0,1.0,0.0,1.0
38,0.9523809523809523,0.0,0.0,0.0,0.047619047619047616,0.0,0.7407407407407407,0.25925925925925924,0.0,0.0,1.0,0.0,1.0
39,0.95,0.05,0.0,0.0,0.0,0.0,0.7407407407407407,0.25925925925925924,0.0,0.0,1.0,0.0,1.0
40,0.7037037037037037,0.037037037037037035,0.0,0.25925925925925924,0.0,0.0,1.0,0.0,0.0,0.0,1.0,0.0,1.0
41,0.7407407407407407,0.0,0.0,0.25925925925925924,0.0,0.0,0.95,0.0,0.0,0.05,1.0,0.0,1.0
42,0.7407407407407407,0.0,0.0,0.25925925925925924,0.0,0.047619047619047616,0.9523809523809523,0.0,0.0,0.0,1.0,0.0,1.0
43,0.7037037037037037,0.037037037037037035,0.0,0.25925925925925924,0.0,0.0,1.0,0.0,0.0,0.0,1.0,0.0,1.0
44,0.7407407407407407,0.0,0.0,0.25925925925925924,0.0,0.0,0.95,0.0,0.0,0.05,1.0,0.0,1.0
45,0.7142857142857143,0.0,0.0,0.25,0.03571428571428571,0.0,1.0,0.0,0.0,0.0,1.0,0.0,1.0
46,0.9523809523809523,0.0,0.0,0.0,0.047619047619047616,0.0,0.7407407407407407,0.25925925925925924,0.0,0.0,1.0,0.0,1.0
47,0.95,0.05,0.0,0.0,0.0,0.0,0.7407407407407407,0.25925925925925924,0.0,0.0,1.0,0.0,1.0
48,0.95,0.05,0.0,0.0,0.0,0.0,0.7407407407407407,0.25925925925925924,0.0,0.0,1.0,0.0,1.0
49,0.7037037037037037,0.037037037037037035,0.0,0.25925925925925924,0.0,0.0,1.0,0.0,0.0,0.0,1.0,0.0,1.0
50,0.9523809523809523,0.0,0.0,0.0,0.047619047619047616,0.0,0.7407407407407407,0.25925925925925924,0.0,0.0,1.0,0.0,1.0
51,0.7407407407407407,0.0,0.0,0.25925925925925924,0.0,0.047619047619047616,0.9523809523809523,0.0,0.0,0.0,1.0,0.0,1.0
52,0.7037037037037037,0.037037037037037035,0.0,0.25925925925925924,0.0,0.0,1.0,0.0,0.0,0.0,1.0,0.0,1.0
53,0.7037037037037037,0.037037037037037035,0.0,0.25925925925925924,0.0,0.0,1.0,0.0,0.0,0.0,1.0,0.0,1.0
54,0.95,0.05,0.0,0.0,0.0,0.0,0.7407407407407407,0.25925925925925924,0.0,0.0,1.0,0.0,1.0
55,0.9523809523809523,0.0,0.0,0.0,0.047619047619047616,0.0,0.7407407407407407,0.25925925925925924,0.0,0.0,1.0,0.0,1.0
56,1.0,0.0,0.0,0.0,0.0,0.03571428571428571,0.7142857142857143,0.25,0.0,0.0,1.0,0.0,1.0
57,0.7037037037037037,0.037037037037037035,0.0,0.25925925925925924,0.0,0.0,1.0,0.0,0.0,0.0,1.0,0.0,1.0
58,0.7407407407407407,0.0,0.0,0.25925925925925924,0.0,0.047619047619047616,0.9523809523809523,0.0,0.0,0.0,1.0,0.0,1.0
59,1.0,0.0,0.0,0.0,0.0,0.03571428571428571,0.7142857142857143,0.25,0.0,0.0,1.0,0.0,1.0
60,0.7142857142857143,0.0,0.0,0.25,0.03571428571428571,0.0,1.0,0.0,0.0,0.0,1.0,0.0,1.0
61,0.7407407407407407,0.0,0.0,0.25925925925925924,0.0,0.047619047619047616,0.9523809523809523,0.0,0.0,0.0,1.0,0.0,1.0
62,0.7142857142857143,0.0,0.0,0.25,0.03571428571428571,0.0,1.0,0.0,0.0,0.0,1.0,0.0,1.0
63,0.7142857142857143,0.0,0.0,0.25,0.03571428571428571,0.0,1.0,0.0,0.0,0.0,1.0,0.0,1.0
64,0.7037037037037037,0.037037037037037035,0.0,0.25925925925925924,0.0,0.0,1.0,0.0,0.0,0.0,1.0,0.0,1.0
65,0.7407407407407407,0.0,0.0,0.25925925925925924,0.0,0.047619047619047616,0.9523809523809523,0.0,0.0,0.0,1.0,0.0,1.0
66,1.0,0.0,0.0,0.0,0.0,0.0,0.7037037037037037,0.25925925925925924,0.0,0.037037037037037035,1.0,0.0,1.0
67,0.9523809523809523,0.0,0.0,0.0,0.047619047619047616,0.0,0.7407407407407407,0.25925925925925924,0.0,0.0,1.0,0.0,1.0
68,0.7407407407407407,0.0,0.0,0.25925925925925924,0.0,0.0,0.95,0.0,0.0,0.05,1.0,0.0,1.0
69,0.7142857142857143,0.0,0.0,0.25,0.03571428571428571,0.0,1.0,0.0,0.0,0.0,1.0,0.0,1.0
70,0.7407407407407407,0.0,0.0,0.25925925925925924,0.0,0.0,0.95,0.0,0.0,0.05,1.0,0.0,1.0
71,0.7407407407407407,0.0,0.0,0.25925925925925924,0.0,0.0,0.95,0.0,0.0,0.05,1.0,0.0,1.0
72,0.7407407407407407,0.0,0.0,0.25925925925925924,0.0,0.047619047619047616,0.9523809523809523,0.0,0.0,0.0,1.0,0.0,1.0
73,0.7407407407407407,0.0,0.0,0.25925925925925924,0.0,0.0,0.95,0.0,0.0,0.05,1.0,0.0,1.0
74,0.7407407407407407,0.0,0.0,0.25925925925925924,0.0,0.0,0.95,0.0,0.0,0.05,1.0,0.0,1.0
75,0.7407407407407407,0.0,0.0,0.25925925925925924,0.0,0.047619047619047616,0.9523809523809523,0.0,0.0,0.0,1.0,0.0,1.0
76,0.7407407407407407,0.0,0.0,0.25925925925925924,0.0,0.047619047619047616,0.9523809523809523,0.0,0.0,0.0,1.0,0.0,1.0
77,0.7037037037037037,0.037037037037037035,0.0,0.25925925925925924,0.0,0.0,1.0,0.0,0.0,0.0,1.0,0.0,1.0
78,0.7407407407407407,0.0,0.0,0.25925925925925924,0.0,0.0,0.95,0.0,0.0,0.05,1.0,0.0,1.0
79,0.7142857142857143,0.0,0.0,0.25,0.03571428571428571,0.0,1.0,0.0,0.0,0.0,1.0,0.0,1.0
80,0.7037037037037037,0.037037037037037035,0.0,0.25925925925925924,0.0,0.0,1.0,0.0,0.0,0.0,1.0,0.0,1.0
81,0.7407407407407407,0.0,0.0,0.25925925925925924,0.0,0.0,0.95,0.0,0.0,0.05,1.0,0.0,1.0
82,0.7407407407407407,0.0,0.0,0.25925925925925924,0.0,0.047619047619047616,0.9523809523809523,0.0,0.0,0.0,1.0,0.0,1.0
83,0.7142857142857143,0.0,0.0,0.25,0.03571428571428571,0.0,1.0,0.0,0.0,0.0,1.0,0.0,1.0
84,0.7142857142857143,0.0,0.0,0.25,0.03571428571428571,0.0,1.0,0.0,0.0,0.0,1.0,0.0,1.0
85,0.7407407407407407,0.0,0.0,0.25925925925925924,0.0,0.0,0.95,0.0,0.0,0.05,1.0,0.0,1.0
86,0.7407407407407407,0.0,0.0,0.25925925925925924,0.0,0.047619047619047616,0.9523809523809523,0.0,0.0,0.0,1.0,0.0,1.0
87,0.7037037037037037,0.037037037037037035,0.0,0.25925925925925924,0.0,0.0,1.0,0.0,0.0,0.0,1.0,0.0,1.0
88,0.7407407407407407,0.0,0.0,0.25925925925925924,0.0,0.047619047619047616,0.9523809523809523,0.0,0.0,0.0,1.0,0.0,1.0
89,0.7037037037037037,0.037037037037037035,0.0,0.25925925925925924,0.0,0.0,1.0,0.0,0.0,0.0,1.0,0.0,1.0
90,0.7037037037037037,0.037037037037037035,0.0,0.25925925925925924,0.0,0.0,1.0,0.0,0.0,0.0,1.0,0.0,1.0
91,0.7407407407407407,0.0,0.0,0.25925925925925924,0.0,0.0,0.95,0.0,0.0,0.05,1.0,0.0,1.0
92,0.7407407407407407,0.0,0.0,0.25925925925925924,0.0,0.047619047619047616,0.9523809523809523,0.0,0.0,0.0,1.0,0.0,1.0
93,0.7037037037037037,0.037037037037037035,0.0,0.25925925925925924,0.0,0.0,1.0,0.0,0.0,0.0,1.0,0.0,1.0
94,0.7037037037037037,0.037037037037037035,0.0,0.25925925925925924,0.0,0.0,1.0,0.0,0.0,0.0,1.0,0.0,1.0
95,0.7407407407407407,0.0,0.0,0.25925925925925924,0.0,0.047619047619047616,0.9523809523809523,0.0,0.0,0.0,1.0,0.0,1.0
96,0.7407407407407407,0.0,0.0,0.25925925925925924,0.0,0.047619047619047616,0.9523809523809523,0.0,0.0,0.0,1.0,0.0,1.0
97,0.7407407407407407,0.0,0.0,0.25925925925925924,0.0,0.0,0.95,0.0,0.0,0.05,1.0,0.0,1.0
98,0.7142857142857143,0.0,0.0,0.25,0.03571428571428571,0.0,1.0,0.0,0.0,0.0,1.0,0.0,1.0
99,0.7142857142857143,0.0,0.0,0.25,0.03571428571428571,0.0,1.0,0.0,0.0,0.0,1.0,0.0,1.0
100,0.7407407407407407,0.0,0.0,0.25925925925925924,0.0,0.0,0.95,0.0,0.0,0.05,1.0,0.0,1.0
101,0.7142857142857143,0.0,0.0,0.25,0.03571428571428571,0.0,1.0,0.0,0.0,0.0,1.0,0.0,1.0
102,0.7037037037037037,0.037037037037037035,0.0,0.25925925925925924,0.0,0.0,1.0,0.0,0.0,0.0,1.0,0.0,1.0
103,0.7037037037037037,0.037037037037037035,0.0,0.25925925925925924,0.0,0.0,1.0,0.0,0.0,0.0,1.0,0.0,1.0
104,0.7407407407407407,0.0,0.0,0.25925925925925924,0.0,0.047619047619047616,0.9523809523809523,0.0,0.0,0.0,1.0,0.0,1.0
105,0.7037037037037037,0.037037037037037035,0.0,0.25925925925925924,0.0,0.0,1.0,0.0,0.0,0.0,1.0,0.0,1.0
106,0.7142857142857143,0.0,0.0,0.25,0.03571428571428571,0.0,1.0,0.0,0.0,0.0,1.0,0.0,1.0
107,0.7037037037037037,0.037037037037037035,0.0,0.25925925925925924,0.0,0.0,1.0,0.0,0.0,0.0,1.0,0.0,1.0
108,0.7037037037037037,0.037037037037037035,0.0,0.25925925925925924,0.0,0.0,1.0,0.0,0.0,0.0,1.0,0.0,1.0
109,0.7037037037037037,0.037037037037037035,0.0,0.25925925925925924,0.0,0.0,1.0,0.0,0.0,0.0,1.0,0.0,1.0
110,0.7407407407407407,0.0,0.0,0.25925925925925924,0.0,0.047619047619047616,0.9523809523809523,0.0,0.0,0.0,1.0,0.0,1.0
111,0.7037037037037037,0.037037037037037035,0.0,0.25925925925925924,0.0,0.0,1.0,0.0,0.0,0.0,1.0,0.0,1.0
112,0.7407407407407407,0.0,0.0,0.25925925925925924,0.0,0.0,0.95,0.0,0.0,0.05,1.0,0.0,1.0
113,0.7142857142857143,0.0,0.0,0.25,0.03571428571428571,0.0,1.0,0.0,0.0,0.0,1.0,0.0,1.0
114,0.7407407407407407,0.0,0.0,0.25925925925925924,0.0,0.047619047619047616,0.9523809523809523,0.0,0.0,0.0,1.0,0.0,1.0
115,0.7037037037037037,0.037037037037037035,0.0,0.25925925925925924,0.0,0.0,1.0,0.0,0.0,0.0,1.0,0.0,1.0
116,0.7407407407407407,0.0,0.0,0.25925925925925924,0.0,0.0,0.95,0.0,0.0,0.05,1.0,0.0,1.0
117,1.0,0.0,0.0,0.0,0.0,0.0,0.7037037037037037,0.25925925925925924,0.0,0.037037037037037035,1.0,0.0,1.0
118,1.0,0.0,0.0,0.0,0.0,0.03571428571428571,0.7142857142857143,0.25,0.0,0.0,1.0,0.0,1.0
119,0.9523809523809523,0.0,0.0,0.0,0.047619047619047616,0.0,0.7407407407407407,0.25925925925925924,0.0,0.0,1.0,0.0,1.0
120,0.7407407407407407,0.0,0.0,0.25925925925925924,0.0,0.0,0.95,0.0,0.0,0.05,1.0,0.0,1.0
121,0.7407407407407407,0.0,0.0,0.25925925925925924,0.0,0.0,0.95,0.0,0.0,0.05,1.0,0.0,1.0
122,1.0,0.0,0.0,0.0,0.0,0.03571428571428571,0.7142857142857143,0.25,0.0,0.0,1.0,0.0,1.0
123,0.7037037037037037,0.037037037037037035,0.0,0.25925925925925924,0.0,0.0,1.0,0.0,0.0,0.0,1.0,0.0,1.0
124,0.9523809523809523,0.0,0.0,0.0,0.047619047619047616,0.0,0.7407407407407407,0.25925925925925924,0.0,0.0,1.0,0.0,1.0
125,1.0,0.0,0.0,0.0,0.0,0.0,0.7037037037037037,0.25925925925925924,0.0,0.037037037037037035,1.0,0.0,1.0
126,1.0,0.0,0.0,0.0,0.0,0.0,0.7037037037037037,0.25925925925925924,0.0,0.037037037037037035,1.0,0.0,1.0
127,0.9523809523809523,0.0,0.0,0.0,0.047619047619047616,0.0,0.7407407407407407,0.25925925925925924,0.0,0.0,1.0,0.0,1.0
128,0.95,0.05,0.0,0.0,0.0,0.0,0.7407407407407407,0.25925925925925924,0.0,0.0,1.0,0.0,1.0
129,0.9523809523809523,0.0,0.0,0.0,0.047619047619047616,0.0,0.7407407407407407,0.25925925925925924,0.0,0.0,1.0,0.0,1.0
130,0.7037037037037037,0.037037037037037035,0.0,0.25925925925925924,0.0,0.0,1.0,0.0,0.0,0.0,1.0,0.0,1.0
131,0.7407407407407407,0.0,0.0,0.25925925925925924,0.0,0.047619047619047616,0.9523809523809523,0.0,0.0,0.0,1.0,0.0,1.0
132,0.9523809523809523,0.0,0.0,0.0,0.047619047619047616,0.0,0.7407407407407407,0.25925925925925924,0.0,0.0,1.0,0.0,1.0
133,0.9523809523809523,0.0,0.0,0.0,0.047619047619047616,0.0,0.7407407407407407,0.25925925925925924,0.0,0.0,1.0,0.0,1.0
134,0.7142857142857143,0.0,0.0,0.25,0.03571428571428571,0.0,1.0,0.0,0.0,0.0,1.0,0.0,1.0
135,0.95,0.05,0.0,0.0,0.0,0.0,0.7407407407407407,0.25925925925925924,0.0,0.0,1.0,0.0,1.0
136,0.95,0.05,0.0,0.0,0.0,0.0,0.7407407407407407,0.25925925925925924,0.0,0.0,1.0,0.0,1.0
137,1.0,0.0,0.0,0.0,0.0,0.03571428571428571,0.7142857142857143,0.25,0.0,0.0,1.0,0.0,1.0
138,0.9523809523809523,0.0,0.0,0.0,0.047619047619047616,0.0,0.7407407407407407,0.25925925925925924,0.0,0.0,1.0,0.0,1.0
139,0.95,0.05,0.0,0.0,0.0,0.0,0.7407407407407407,0.25925925925925924,0.0,0.0,1.0,0.0,1.0
140,0.95,0.05,0.0,0.0,0.0,0.0,0.7407407407407407,0.25925925925925924,0.0,0.0,1.0,0.0,1.0
141,0.9523809523809523,0.0,0.0,0.0,0.047619047619047616,0.0,0.7407407407407407,0.25925925925925924,0.0,0.0,1.0,0.0,1.0
142,0.95,0.05,0.0,0.0,0.0,0.0,0.7407407407407407,0.25925925925925924,0.0,0.0,1.0,0.0,1.0
143,0.9523809523809523,0.0,0.0,0.0,0.047619047619047616,0.0,0.7407407407407407,0.25925925925925924,0.0,0.0,1.0,0.0,1.0
144,1.0,0.0,0.0,0.0,0.0,0.03571428571428571,0.7142857142857143,0.25,0.0,0.0,1.0,0.0,1.0
145,1.0,0.0,0.0,0.0,0.0,0.0,0.7037037037037037,0.25925925925925924,0.0,0.037037037037037035,1.0,0.0,1.0
146,1.0,0.0,0.0,0.0,0.0,0.0,0.7037037037037037,0.25925925925925924,0.0,0.037037037037037035,1.0,0.0,1.0
147,0.95,0.05,0.0,0.0,0.0,0.0,0.7407407407407407,0.25925925925925924,0.0,0.0,1.0,0.0,1.0
148,0.7037037037037037,0.037037037037037035,0.0,0.25925925925925924,0.0,0.0,1.0,0.0,0.0,0.0,1.0,0.0,1.0
149,0.95,0.05,0.0,0.0,0.0,0.0,0.7407407407407407,0.25925925925925924,0.0,0.0,1.0,0.0,1.0
150,0.95,0.05,0.0,0.0,0.0,0.0,0.7407407407407407,0.25925925925925924,0.0,0.0,1.0,0.0,1.0
151,0.95,0.05,0.0,0.0,0.0,0.0,0.7407407407407407,0.25925925925925924,0.0,0.0,1.0,0.0,1.0
152,1.0,0.0,0.0,0.0,0.0,0.03571428571428571,0.7142857142857143,0.25,0.0,0.0,1.0,0.0,1.0
153,0.7407407407407407,0.0,0.0,0.25925925925925924,0.0,0.0,0.95,0.0,0.0,0.05,1.0,0.0,1.0
154,0.7142857142857143,0.0,0.0,0.25,0.03571428571428571,0.0,1.0,0.0,0.0,0.0,1.0,0.0,1.0
155,0.7407407407407407,0.0,0.0,0.25925925925925924,0.0,0.0,0.95,0.0,0.0,0.05,1.0,0.0,1.0
156,0.7407407407407407,0.0,0.0,0.25925925925925924,0.0,0.047619047619047616,0.9523809523809523,0.0,0.0,0.0,1.0,0.0,1.0
157,1.0,0.0,0.0,0.0,0.0,0.0,0.7037037037037037,0.25925925925925924,0.0,0.037037037037037035,1.0,0.0,1.0
158,0.95,0.05,0.0,0.0,0.0,0.0,0.7407407407407407,0.25925925925925924,0.0,0.0,1.0,0.0,1.0
159,1.0,0.0,0.0,0.0,0.0,0.03571428571428571,0.7142857142857143,0.25,0.0,0.0,1.0,0.0,1.0
160,0.9523809523809523,0.0,0.0,0.0,0.047619047619047616,0.0,0.7407407407407407,0.25925925925925924,0.0,0.0,1.0,0.0,1.0
161,1.0,0.0,0.0,0.0,0.0,0.03571428571428571,0.7142857142857143,0.25,0.0,0.0,1.0,0.0,1.0
162,1.0,0.0,0.0,0.0,0.0,0.03571428571428571,0.7142857142857143,0.25,0.0,0.0,1.0,0.0,1.0
163,1.0,0.0,0.0,0.0,0.0,0.0,0.7037037037037037,0.25925925925925924,0.0,0.037037037037037035,1.0,0.0,1.0
164,1.0,0.0,0.0,0.0,0.0,0.0,0.7037037037037037,0.25925925925925924,0.0,0.037037037037037035,1.0,0.0,1.0
165,0.7407407407407407,0.0,0.0,0.25925925925925924,0.0,0.0,0.95,0.0,0.0,0.05,1.0,0.0,1.0
166,0.7407407407407407,0.0,0.0,0.25925925925925924,0.0,0.047619047619047616,0.9523809523809523,0.0,0.0,0.0,1.0,0.0,1.0
167,1.0,0.0,0.0,0.0,0.0,0.03571428571428571,0.7142857142857143,0.25,0.0,0.0,1.0,0.0,1.0
168,1.0,0.0,0.0,0.0,0.0,0.0,0.7037037037037037,0.25925925925925924,0.0,0.037037037037037035,1.0,0.0,1.0
169,1.0,0.0,0.0,0.0,0.0,0.0,0.7037037037037037,0.25925925925925924,0.0,0.037037037037037035,1.0,0.0,1.0
170,1.0,0.0,0.0,0.0,0.0,0.0,0.7037037037037037,0.25925925925925924,0.0,0.037037037037037035,1.0,0.0,1.0
171,1.0,0.0,0.0,0.0,0.0,0.0,0.7037037037037037,0.25925925925925924,0.0,0.037037037037037035,1.0,0.0,1.0
172,1.0,0.0,0.0,0.0,0.0,0.0,0.7037037037037037,0.25925925925925924,0.0,0.037037037037037035,1.0,0.0,1.0
173,0.7142857142857143,0.0,0.0,0.25,0.03571428571428571,0.0,1.0,0.0,0.0,0.0,1.0,0.0,1.0
174,0.9523809523809523,0.0,0.0,0.0,0.047619047619047616,0.0,0.7407407407407407,0.25925925925925924,0.0,0.0,1.0,0.0,1.0
175,0.9523809523809523,0.0,0.0,0.0,0.047619047619047616,0.0,0.7407407407407407,0.25925925925925924,0.0,0.0,1.0,0.0,1.0
176,0.95,0.05,0.0,0.0,0.0,0.0,0.7407407407407407,0.25925925925925924,0.0,0.0,1.0,0.0,1.0
177,1.0,0.0,0.0,0.0,0.0,0.03571428571428571,0.7142857142857143,0.25,0.0,0.0,1.0,0.0,1.0
178,0.95,0.05,0.0,0.0,0.0,0.0,0.7407407407407407,0.25925925925925924,0.0,0.0,1.0,0.0,1.0
179,0.95,0.05,0.0,0.0,0.0,0.0,0.7407407407407407,0.25925925925925924,0.0,0.0,1.0,0.0,1.0
180,1.0,0.0,0.0,0.0,0.0,0.0,0.7037037037037037,0.25925925925925924,0.0,0.037037037037037035,1.0,0.0,1.0
181,1.0,0.0,0.0,0.0,0.0,0.0,0.7037037037037037,0.25925925925925924,0.0,0.037037037037037035,1.0,0.0,1.0
182,1.0,0.0,0.0,0.0,0.0,0.03571428571428571,0.7142857142857143,0.25,0.0,0.0,1.0,0.0,1.0
183,0.9523809523809523,0.0,0.0,0.0,0.047619047619047616,0.0,0.7407407407407407,0.25925925925925924,0.0,0.0,1.0,0.0,1.0
184,0.9523809523809523,0.0,0.0,0.0,0.047619047619047616,0.0,0.7407407407407407,0.25925925925925924,0.0,0.0,1.0,0.0,1.0
185,1.0,0.0,0.0,0.0,0.0,0.03571428571428571,0.7142857142857143,0.25,0.0,0.0,1.0,0.0,1.0
186,0.9523809523809523,0.0,0.0,0.0,0.047619047619047616,0.0,0.7407407407407407,0.25925925925925924,0.0,0.0,1.0,0.0,1.0
187,1.0,0.0,0.0,0.0,0.0,0.03571428571428571,0.7142857142857143,0.25,0.0,0.0,1.0,0.0,1.0
188,1.0,0.0,0.0,0.0,0.0,0.03571428571428571,0.7142857142857143,0.25,0.0,0.0,1.0,0.0,1.0
189,0.95,0.05,0.0,0.0,0.0,0.0,0.7407407407407407,0.25925925925925924,0.0,0.0,1.0,0.0,1.0
190,0.95,0.05,0.0,0.0,0.0,0.0,0.7407407407407407,0.25925925925925924,0.0,0.0,1.0,0.0,1.0
191,0.95,0.05,0.0,0.0,0.0,0.0,0.7407407407407407,0.25925925925925924,0.0,0.0,1.0,0.0,1.0
192,1.0,0.0,0.0,0.0,0.0,0.0,0.7037037037037037,0.25925925925925924,0.0,0.037037037037037035,1.0,0.0,1.0
193,1.0,0.0,0.0,0.0,0.0,0.0,0.7037037037037037,0.25925925925925924,0.0,0.037037037037037035,1.0,0.0,1.0
194,1.0,0.0,0.0,0.0,0.0,0.0,0.7037037037037037,0.25925925925925924,0.0,0.037037037037037035,1.0,0.0,1.0
195,0.9523809523809523,0.0,0.0,0.0,0.047619047619047616,0.0,0.7407407407407407,0.25925925925925924,0.0,0.0,1.0,0.0,1.0
196,0.95,0.05,0.0,0.0,0.0,0.0,0.7407407407407407,0.25925925925925924,0.0,0.0,1.0,0.0,1.0
197,1.0,0.0,0.0,0.0,0.0,0.0,0.7037037037037037,0.25925925925925924,0.0,0.037037037037037035,1.0,0.0,1.0
198,1.0,0.0,0.0,0.0,0.0,0.0,0.7037037037037037,0.25925925925925924,0.0,0.037037037037037035,1.0,0.0,1.0
199,1.0,0.0,0.0,0.0,0.0,0.03571428571428571,0.7142857142857143,0.25,0.0,0.0,1.0,0.0,1.0
200,1.0,0.0,0.0,0.0,0.0,0.03571428571428571,0.7142857142857143,0.25,0.0,0.0,1.0,0.0,1.0
201,1.0,0.0,0.0,0.0,0.0,0.0,0.7037037037037037,0.25925925925925924,0.0,0.037037037037037035,1.0,0.0,1.0
202,1.0,0.0,0.0,0.0,0.0,0.03571428571428571,0.7142857142857143,0.25,0.0,0.0,1.0,0.0,1.0
203,1.0,0.0,0.0,0.0,0.0,0.0,0.7037037037037037,0.25925925925925924,0.0,0.037037037037037035,1.0,0.0,1.0
204,1.0,0.0,0.0,0.0,0.0,0.0,0.7037037037037037,0.25925925925925924,0.0,0.037037037037037035,1.0,0.0,1.0
205,0.95,0.05,0.0,0.0,0.0,0.0,0.7407407407407407,0.25925925925925924,0.0,0.0,1.0,0.0,1.0
206,0.95,0.05,0.0,0.0,0.0,0.0,0.7407407407407407,0.25925925925925924,0.0,0.0,1.0,0.0,1.0
207,0.95,0.05,0.0,0.0,0.0,0.0,0.7407407407407407,0.25925925925925924,0.0,0.0,1.0,0.0,1.0
208,0.95,0.05,0.0,0.0,0.0,0.0,0.7407407407407407,0.25925925925925924,0.0,0.0,1.0,0.0,1.0
209,0.95,0.05,0.0,0.0,0.0,0.0,0.7407407407407407,0.25925925925925924,0.0,0.0,1.0,0.0,1.0
210,0.9523809523809523,0.0,0.0,0.0,0.047619047619047616,0.0,0.7407407407407407,0.25925925925925924,0.0,0.0,1.0,0.0,1.0
211,1.0,0.0,0.0,0.0,0.0,0.0,0.7037037037037037,0.25925925925925924,0.0,0.037037037037037035,1.0,0.0,1.0
212,1.0,0.0,0.0,0.0,0.0,0.0,0.7037037037037037,0.25925925925925924,0.0,0.037037037037037035,1.0,0.0,1.0
213,1.0,0.0,0.0,0.0,0.0,0.03571428571428571,0.7142857142857143,0.25,0.0,0.0,1.0,0.0,1.0
214,0.95,0.05,0.0,0.0,0.0,0.0,0.7407407407407407,0.25925925925925924,0.0,0.0,1.0,0.0,1.0
215,1.0,0.0,0.0,0.0,0.0,0.0,0.7037037037037037,0.25925925925925924,0.0,0.037037037037037035,1.0,0.0,1.0
216,0.95,0.05,0.0,0.0,0.0,0.0,0.7407407407407407,0.25925925925925924,0.0,0.0,1.0,0.0,1.0
217,0.9523809523809523,0.0,0.0,0.0,0.047619047619047616,0.0,0.7407407407407407,0.25925925925925924,0.0,0.0,1.0,0.0,1.0
218,0.9523809523809523,0.0,0.0,0.0,0.047619047619047616,0.0,0.7407407407407407,0.25925925925925924,0.0,0.0,1.0,0.0,1.0
219,1.0,0.0,0.0,0.0,0.0,0.0,0.7037037037037037,0.25925925925925924,0.0,0.037037037037037035,1.0,0.0,1.0
220,0.7407407407407407,0.0,0.0,0.25925925925925924,0.0,0.047619047619047616,0.9523809523809523,0.0,0.0,0.0,1.0,0.0,1.0
221,0.7037037037037037,0.037037037037037035,0.0,0.25925925925925924,0.0,0.0,1.0,0.0,0.0,0.0,1.0,0.0,1.0
222,0.9523809523809523,0.0,0.0,0.0,0.047619047619047616,0.0,0.7407407407407407,0.25925925925925924,0.0,0.0,1.0,0.0,1.0
223,1.0,0.0,0.0,0.0,0.0,0.03571428571428571,0.7142857142857143,0.25,0.0,0.0,1.0,0.0,1.0
224,1.0,0.0,0.0,0.0,0.0,0.03571428571428571,0.7142857142857143,0.25,0.0,0.0,1.0,0.0,1.0
225,0.9523809523809523,0.0,0.0,0.0,0.047619047619047616,0.0,0.7407407407407407,0.25925925925925924,0.0,0.0,1.0,0.0,1.0
226,0.95,0.05,0.0,0.0,0.0,0.0,0.7407407407407407,0.25925925925925924,0.0,0.0,1.0,0.0,1.0
227,0.9523809523809523,0.0,0.0,0.0,0.047619047619047616,0.0,0.7407407407407407,0.25925925925925924,0.0,0.0,1.0,0.0,1.0
228,0.7037037037037037,0.037037037037037035,0.0,0.25925925925925924,0.0,0.0,1.0,0.0,0.0,0.0,1.0,0.0,1.0
229,1.0,0.0,0.0,0.0,0.0,0.0,0.7037037037037037,0.25925925925925924,0.0,0.037037037037037035,1.0,0.0,1.0
230,0.7142857142857143,0.0,0.0,0.25,0.03571428571428571,0.0,1.0,0.0,0.0,0.0,1.0,0.0,1.0
231,1.0,0.0,0.0,0.0,0.0,0.03571428571428571,0.7142857142857143,0.25,0.0,0.0,1.0,0.0,1.0
232,0.7142857142857143,0.0,0.0,0.25,0.03571428571428571,0.0,1.0,0.0,0.0,0.0,1.0,0.0,1.0
233,0.7142857142857143,0.0,0.0,0.25,0.03571428571428571,0.0,1.0,0.0,0.0,0.0,1.0,0.0,1.0
234,0.7407407407407407,0.0,0.0,0.25925925925925924,0.0,0.047619047619047616,0.9523809523809523,0.0,0.0,0.0,1.0,0.0,1.0
235,0.95,0.05,0.0,0.0,0.0,0.0,0.7407407407407407,0.25925925925925924,0.0,0.0,1.0,0.0,1.0
236,0.7037037037037037,0.037037037037037035,0.0,0.25925925925925924,0.0,0.0,1.0,0.0,0.0,0.0,1.0,0.0,1.0
237,0.95,0.05,0.0,0.0,0.0,0.0,0.7407407407407407,0.25925925925925924,0.0,0.0,1.0,0.0,1.0
238,0.7407407407407407,0.0,0.0,0.25925925925925924,0.0,0.0,0.95,0.0,0.0,0.05,1.0,0.0,1.0
239,0.7142857142857143,0.0,0.0,0.25,0.03571428571428571,0.0,1.0,0.0,0.0,0.0,1.0,0.0,1.0
240,0.7407407407407407,0.0,0.0,0.25925925925925924,0.0,0.047619047619047616,0.9523809523809523,0.0,0.0,0.0,1.0,0.0,1.0
241,1.0,0.0,0.0,0.0,0.0,0.0,0.7037037037037037,0.25925925925925924,0.0,0.037037037037037035,1.0,0.0,1.0
242,1.0,0.0,0.0,0.0,0.0,0.0,0.7037037037037037,0.25925925925925924,0.0,0.037037037037037035,1.0,0.0,1.0
243,0.7407407407407407,0.0,0.0,0.25925925925925924,0.0,0.0,0.95,0.0,0.0,0.05,1.0,0.0,1.0
244,0.7407407407407407,0.0,0.0,0.25925925925925924,0.0,0.0,0.95,0.0,0.0,0.05,1.0,0.0,1.0
245,0.7142857142857143,0.0,0.0,0.25,0.03571428571428571,0.0,1.0,0.0,0.0,0.0,1.0,0.0,1.0
246,0.7142857142857143,0.0,0.0,0.25,0.03571428571428571,0.0,1.0,0.0,0.0,0.0,1.0,0.0,1.0
247,0.7142857142857143,0.0,0.0,0.25,0.03571428571428571,0.0,1.0,0.0,0.0,0.0,1.0,0.0,1.0
248,0.7142857142857143,0.0,0.0,0.25,0.03571428571428571,0.0,1.0,0.0,0.0,0.0,1.0,0.0,1.0
249,0.9523809523809523,0.0,0.0,0.0,0.047619047619047616,0.0,0.7407407407407407,0.25925925925925924,0.0,0.0,1.0,0.0,1.0
250,0.7037037037037037,0.037037037037037035,0.0,0.25925925925925924,0.0,0.0,1.0,0.0,0.0,0.0,1.0,0.0,1.0
251,0.7142857142857143,0.0,0.0,0.25,0.03571428571428571,0.0,1.0,0.0,0.0,0.0,1.0,0.0,1.0
252,0.95,0.05,0.0,0.0,0.0,0.0,0.7407407407407407,0.25925925925925924,0.0,0.0,1.0,0.0,1.0
253,0.7037037037037037,0.037037037037037035,0.0,0.25925925925925924,0.0,0.0,1.0,0.0,0.0,0.0,1.0,0.0,1.0
254,0.7407407407407407,0.0,0.0,0.25925925925925924,0.0,0.0,0.95,0.0,0.0,0.05,1.0,0.0,1.0
255,0.7407407407407407,0.0,0.0,0.25925925925925924,0.0,0.0,0.95,0.0,0.0,0.05,1.0,0.0,1.0
256,0.7037037037037037,0.037037037037037035,0.0,0.25925925925925924,0.0,0.0,1.0,0.0,0.0,0.0,1.0,0.0,1.0
257,0.7407407407407407,0.0,0.0,0.25925925925925924,0.0,0.0,0.95,0.0,0.0,0.05,1.0,0.0,1.0
258,0.7407407407407407,0.0,0.0,0.25925925925925924,0.0,0.0,0.95,0.0,0.0,0.05,1.0,0.0,1.0
259,0.7407407407407407,0.0,0.0,0.25925925925925924,0.0,0.047619047619047616,0.9523809523809523,0.0,0.0,0.0,1.0,0.0,1.0
260,1.0,0.0,0.0,0.0,0.0,0.03571428571428571,0.7142857142857143,0.25,0.0,0.0,1.0,0.0,1.0
261,1.0,0.0,0.0,0.0,0.0,0.0,0.7037037037037037,0.25925925925925924,0.0,0.037037037037037035,1.0,0.0,1.0
262,1.0,0.0,0.0,0.0,0.0,0.0,0.7037037037037037,0.25925925925925924,0.0,0.037037037037037035,1.0,0.0,1.0
263,1.0,0.0,0.0,0.0,0.0,0.0,0.7037037037037037,0.25925925925925924,0.0,0.037037037037037035,1.0,0.0,1.0
264,0.7407407407407407,0.0,0.0,0.25925925925925924,0.0,0.047619047619047616,0.9523809523809523,0.0,0.0,0.0,1.0,0.0,1.0
265,0.95,0.05,0.0,0.0,0.0,0.0,0.7407407407407407,0.25925925925925924,0.0,0.0,1.0,0.0,1.0
266,0.95,0.05,0.0,0.0,0.0,0.0,0.7407407407407407,0.25925925925925924,0.0,0.0,1.0,0.0,1.0
267,0.7407407407407407,0.0,0.0,0.25925925925925924,0.0,0.0,0.95,0.0,0.0,0.05,1.0,0.0,1.0
268,0.7037037037037037,0.037037037037037035,0.0,0.25925925925925924,0.0,0.0,1.0,0.0,0.0,0.0,1.0,0.0,1.0
269,0.7037037037037037,0.037037037037037035,0.0,0.25925925925925924,0.0,0.0,1.0,0.0,0.0,0.0,1.0,0.0,1.0
270,0.7407407407407407,0.0,0.0,0.25925925925925924,0.0,0.047619047619047616,0.9523809523809523,0.0,0.0,0.0,1.0,0.0,1.0
271,0.95,0.05,0.0,0.0,0.0,0.0,0.7407407407407407,0.25925925925925924,0.0,0.0,1.0,0.0,1.0
272,0.7037037037037037,0.037037037037037035,0.0,0.25925925925925924,0.0,0.0,1.0,0.0,0.0,0.0,1.0,0.0,1.0
273,0.7407407407407407,0.0,0.0,0.25925925925925924,0.0,0.0,0.95,0.0,0.0,0.05,1.0,0.0,1.0
274,0.7142857142857143,0.0,0.0,0.25,0.03571428571428571,0.0,1.0,0.0,0.0,0.0,1.0,0.0,1.0
275,0.7407407407407407,0.0,0.0,0.25925925925925924,0.0,0.047619047619047616,0.9523809523809523,0.0,0.0,0.0,1.0,0.0,1.0
276,0.7037037037037037,0.037037037037037035,0.0,0.25925925925925924,0.0,0.0,1.0,0.0,0.0,0.0,1.0,0.0,1.0
277,0.7142857142857143,0.0,0.0,0.25,0.03571428571428571,0.0,1.0,0.0,0.0,0.0,1.0,0.0,1.0
278,0.9523809523809523,0.0,0.0,0.0,0.047619047619047616,0.0,0.7407407407407407,0.25925925925925924,0.0,0.0,1.0,0.0,1.0
279,0.95,0.05,0.0,0.0,0.0,0.0,0.7407407407407407,0.25925925925925924,0.0,0.0,1.0,0.0,1.0
280,0.7142857142857143,0.0,0.0,0.25,0.03571428571428571,0.0,1.0,0.0,0.0,0.0,1.0,0.0,1.0
281,0.7037037037037037,0.037037037037037035,0.0,0.25925925925925924,0.0,0.0,1.0,0.0,0.0,0.0,1.0,0.0,1.0
282,0.7407407407407407,0.0,0.0,0.25925925925925924,0.0,0.047619047619047616,0.9523809523809523,0.0,0.0,0.0,1.0,0.0,1.0
283,0.95,0.05,0.0,0.0,0.0,0.0,0.7407407407407407,0.25925925925925924,0.0,0.0,1.0,0.0,1.0
284,0.7142857142857143,0.0,0.0,0.25,0.03571428571428571,0.0,1.0,0.0,0.0,0.0,1.0,0.0,1.0
285,0.7407407407407407,0.0,0.0,0.25925925925925924,0.0,0.047619047619047616,0.9523809523809523,0.0,0.0,0.0,1.0,0.0,1.0
286,0.7407407407407407,0.0,0.0,0.25925925925925924,0.0,0.0,0.95,0.0,0.0,0.05,1.0,0.0,1.0
287,0.7407407407407407,0.0,0.0,0.25925925925925924,0.0,0.047619047619047616,0.9523809523809523,0.0,0.0,0.0,1.0,0.0,1.0
288,0.9523809523809523,0.0,0.0,0.0,0.047619047619047616,0.0,0.7407407407407407,0.25925925925925924,0.0,0.0,1.0,0.0,1.0
289,1.0,0.0,0.0,0.0,0.0,0.03571428571428571,0.7142857142857143,0.25,0.0,0.0,1.0,0.0,1.0
290,1.0,0.0,0.0,0.0,0.0,0.0,0.7037037037037037,0.25925925925925924,0.0,0.037037037037037035,1.0,0.0,1.0
291,0.7037037037037037,0.037037037037037035,0.0,0.25925925925925924,0.0,0.0,1.0,0.0,0.0,0.0,1.0,0.0,1.0
292,0.7407407407407407,0.0,0.0,0.25925925925925924,0.0,0.047619047619047616,0.9523809523809523,0.0,0.0,0.0,1.0,0.0,1.0
293,0.7037037037037037,0.037037037037037035,0.0,0.25925925925925924,0.0,0.0,1.0,0.0,0.0,0.0,1.0,0.0,1.0
294,1.0,0.0,0.0,0.0,0.0,0.0,0.7037037037037037,0.25925925925925924,0.0,0.037037037037037035,1.0,0.0,1.0
295,1.0,0.0,0.0,0.0,0.0,0.03571428571428571,0.7142857142857143,0.25,0.0,0.0,1.0,0.0,1.0
296,1.0,0.0,0.0,0.0,0.0,0.03571428571428571,0.7142857142857143,0.25,0.0,0.0,1.0,0.0,1.0
297,0.7407407407407407,0.0,0.0,0.25925925925925924,0.0,0.047619047619047616,0.9523809523809523,0.0,0.0,0.0,1.0,0.0,1.0
298,0.9523809523809523,0.0,0.0,0.0,0.047619047619047616,0.0,0.7407407407407407,0.25925925925925924,0.0,0.0,1.0,0.0,1.0
299,0.95,0.05,0.0,0.0,0.0,0.0,0.7407407407407407,0.25925925925925924,0.0,0.0,1.0,0.0,1.0
300,0.95,0.05,0.0,0.0,0.0,0.0,0.7407407407407407,0.25925925925925924,0.0,0.0,1.0,0.0,1.0
301,0.7037037037037037,0.037037037037037035,0.0,0.25925925925925924,0.0,0.0,1.0,0.0,0.0,0.0,1.0,0.0,1.0
302,0.7407407407407407,0.0,0.0,0.25925925925925924,0.0,0.0,0.95,0.0,0.0,0.05,1.0,0.0,1.0
303,0.7407407407407407,0.0,0.0,0.25925925925925924,0.0,0.047619047619047616,0.9523809523809523,0.0,0.0,0.0,1.0,0.0,1.0
304,0.7037037037037037,0.037037037037037035,0.0,0.25925925925925924,0.0,0.0,1.0,0.0,0.0,0.0,1.0,0.0,1.0
305,0.7407407407407407,0.0,0.0,0.25925925925925924,0.0,0.0,0.95,0.0,0.0,0.05,1.0,0.0,1.0
306,0.7037037037037037,0.037037037037037035,0.0,0.25925925925925924,0.0,0.0,1.0,0.0,0.0,0.0,1.0,0.0,1.0
307,0.7142857142857143,0.0,0.0,0.25,0.03571428571428571,0.0,1.0,0.0,0.0,0.0,1.0,0.0,1.0
308,0.7142857142857143,0.0,0.0,0.25,0.03571428571428571,0.0,1.0,0.0,0.0,0.0,1.0,0.0,1.0
309,0.7407407407407407,0.0,0.0,0.25925925925925924,0.0,0.0,0.95,0.0,0.0,0.05,1.0,0.0,1.0
310,0.7407407407407407,0.0,0.0,0.25925925925925924,0.0,0.0,0.95,0.0,0.0,0.05,1.0,0.0,1.0
311,1.0,0.0,0.0,0.0,0.0,0.0,0.7037037037037037,0.25925925925925924,0.0,0.037037037037037035,1.0,0.0,1.0
312,0.7037037037037037,0.037037037037037035,0.0,0.25925925925925924,0.0,0.0,1.0,0.0,0.0,0.0,1.0,0.0,1.0
313,1.0,0.0,0.0,0.0,0.0,0.03571428571428571,0.7142857142857143,0.25,0.0,0.0,1.0,0.0,1.0
314,0.9523809523809523,0.0,0.0,0.0,0.047619047619047616,0.0,0.7407407407407407,0.25925925925925924,0.0,0.0,1.0,0.0,1.0
315,0.95,0.05,0.0,0.0,0.0,0.0,0.7407407407407407,0.25925925925925924,0.0,0.0,1.0,0.0,1.0
316,0.7407407407407407,0.0,0.0,0.25925925925925924,0.0,0.0,0.95,0.0,0.0,0.05,1.0,0.0,1.0
317,0.7142857142857143,0.0,0.0,0.25,0.03571428571428571,0.0,1.0,0.0,0.0,0.0,1.0,0.0,1.0
318,0.95,0.05,0.0,0.0,0.0,0.0,0.7407407407407407,0.25925925925925924,0.0,0.0,1.0,0.0,1.0
319,0.7407407407407407,0.0,0.0,0.25925925925925924,0.0,0.047619047619047616,0.9523809523809523,0.0,0.0,0.0,1.0,0.0,1.0
320,0.7142857142857143,0.0,0.0,0.25,0.03571428571428571,0.0,1.0,0.0,0.0,0.0,1.0,0.0,1.0
321,0.7142857142857143,0.0,0.0,0.25,0.03571428571428571,0.0,1.0,0.0,0.0,0.0,1.0,0.0,1.0
322,0.7407407407407407,0.0,0.0,0.25925925925925924,0.0,0.0,0.95,0.0,0.0,0.05,1.0,0.0,1.0
323,0.7142857142857143,0.0,0.0,0.25,0.03571428571428571,0.0,1.0,0.0,0.0,0.0,1.0,0.0,1.0
324,0.7407407407407407,0.0,0.0,0.25925925925925924,0.0,0.047619047619047616,0.9523809523809523,0.0,0.0,0.0,1.0,0.0,1.0
325,0.7037037037037037,0.037037037037037035,0.0,0.25925925925925924,0.0,0.0,1.0,0.0,0.0,0.0,1.0,0.0,1.0
326,0.7407407407407407,0.0,0.0,0.25925925925925924,0.0,0.0,0.95,0.0,0.0,0.05,1.0,0.0,1.0
327,0.7407407407407407,0.0,0.0,0.25925925925925924,0.0,0.0,0.95,0.0,0.0,0.05,1.0,0.0,1.0
328,0.7037037037037037,0.037037037037037035,0.0,0.25925925925925924,0.0,0.0,1.0,0.0,0.0,0.0,1.0,0.0,1.0
329,0.7407407407407407,0.0,0.0,0.25925925925925924,0.0,0.047619047619047616,0.9523809523809523,0.0,0.0,0.0,1.0,0.0,1.0
330,0.8,0.0,0.2,0.0,0.0,0.0,0.8260869565217391,0.13043478260869565,0.0,0.043478260869565216,1.0,0.0,1.0
331,0.65,0.05,0.3,0.0,0.0,0.0,1.0,0.0,0.0,0.0,0.8888888888888888,0.1111111111111111,1.0
332,1.0,0.0,0.0,0.0,0.0,0.0,0.7037037037037037,0.25925925925925924,0.0,0.037037037037037035,1.0,0.0,1.0
333,0.7407407407407407,0.0,0.0,0.25925925925925924,0.0,0.0,0.95,0.0,0.0,0.05,1.0,0.0,1.0
334,0.7407407407407407,0.0,0.0,0.25925925925925924,0.0,0.047619047619047616,0.9523809523809523,0.0,0.0,0.0,1.0,0.0,1.0
335,0.95,0.05,0.0,0.0,0.0,0.0,0.7407407407407407,0.25925925925925924,0.0,0.0,1.0,0.0,1.0
336,0.7407407407407407,0.0,0.0,0.25925925925925924,0.0,0.0,0.95,0.0,0.0,0.05,1.0,0.0,1.0
337,0.7407407407407407,0.0,0.0,0.25925925925925924,0.0,0.047619047619047616,0.9523809523809523,0.0,0.0,0.0,1.0,0.0,1.0
338,1.0,0.0,0.0,0.0,0.0,0.0,0.7037037037037037,0.25925925925925924,0.0,0.037037037037037035,1.0,0.0,1.0
339,0.7037037037037037,0.037037037037037035,0.0,0.25925925925925924,0.0,0.0,1.0,0.0,0.0,0.0,1.0,0.0,1.0
340,0.9523809523809523,0.0,0.0,0.0,0.047619047619047616,0.0,0.7407407407407407,0.25925925925925924,0.0,0.0,1.0,0.0,1.0
341,0.9523809523809523,0.0,0.0,0.0,0.047619047619047616,0.0,0.7407407407407407,0.25925925925925924,0.0,0.0,1.0,0.0,1.0
342,0.95,0.05,0.0,0.0,0.0,0.0,0.7407407407407407,0.25925925925925924,0.0,0.0,1.0,0.0,1.0
343,0.7407407407407407,0.0,0.0,0.25925925925925924,0.0,0.0,0.95,0.0,0.0,0.05,1.0,0.0,1.0
344,1.0,0.0,0.0,0.0,0.0,0.03571428571428571,0.7142857142857143,0.25,0.0,0.0,1.0,0.0,1.0
345,0.95,0.05,0.0,0.0,0.0,0.0,0.7407407407407407,0.25925925925925924,0.0,0.0,1.0,0.0,1.0
346,0.7142857142857143,0.0,0.0,0.25,0.03571428571428571,0.0,1.0,0.0,0.0,0.0,1.0,0.0,1.0
347,0.7142857142857143,0.0,0.0,0.25,0.03571428571428571,0.0,1.0,0.0,0.0,0.0,1.0,0.0,1.0
348,0.7407407407407407,0.0,0.0,0.25925925925925924,0.0,0.047619047619047616,0.9523809523809523,0.0,0.0,0.0,1.0,0.0,1.0
349,1.0,0.0,0.0,0.0,0.0,0.0,0.7037037037037037,0.25925925925925924,0.0,0.037037037037037035,1.0,0.0,1.0
350,0.95,0.05,0.0,0.0,0.0,0.0,0.7407407407407407,0.25925925925925924,0.0,0.0,1.0,0.0,1.0
351,0.9523809523809523,0.0,0.0,0.0,0.047619047619047616,0.0,0.7407407407407407,0.25925925925925924,0.0,0.0,1.0,0.0,1.0
352,0.7037037037037037,0.037037037037037035,0.0,0.25925925925925924,0.0,0.0,1.0,0.0,0.0,0.0,1.0,0.0,1.0
353,0.7037037037037037,0.037037037037037035,0.0,0.25925925925925924,0.0,0.0,1.0,0.0,0.0,0.0,1.0,0.0,1.0
354,0.7407407407407407,0.0,0.0,0.25925925925925924,0.0,0.0,0.95,0.0,0.0,0.05,1.0,0.0,1.0
355,0.7407407407407407,0.0,0.0,0.25925925925925924,0.0,0.0,0.95,0.0,0.0,0.05,1.0,0.0,1.0
356,0.7037037037037037,0.037037037037037035,0.0,0.25925925925925924,0.0,0.0,1.0,0.0,0.0,0.0,1.0,0.0,1.0
357,0.7407407407407407,0.0,0.0,0.25925925925925924,0.0,0.047619047619047616,0.9523809523809523,0.0,0.0,0.0,1.0,0.0,1.0
358,0.7142857142857143,0.0,0.0,0.25,0.03571428571428571,0.0,1.0,0.0,0.0,0.0,1.0,0.0,1.0
359,0.7142857142857143,0.0,0.0,0.25,0.03571428571428571,0.0,1.0,0.0,0.0,0.0,1.0,0.0,1.0
360,0.9523809523809523,0.0,0.0,0.0,0.047619047619047616,0.0,0.7407407407407407,0.25925925925925924,0.0,0.0,1.0,0.0,1.0
361,0.7037037037037037,0.037037037037037035,0.0,0.25925925925925924,0.0,0.0,1.0,0.0,0.0,0.0,1.0,0.0,1.0
362,0.7142857142857143,0.0,0.0,0.25,0.03571428571428571,0.0,1.0,0.0,0.0,0.0,1.0,0.0,1.0
363,0.7407407407407407,0.0,0.0,0.25925925925925924,0.0,0.0,0.95,0.0,0.0,0.05,1.0,0.0,1.0
364,0.7142857142857143,0.0,0.0,0.25,0.03571428571428571,0.0,1.0,0.0,0.0,0.0,1.0,0.0,1.0
365,0.7407407407407407,0.0,0.0,0.25925925925925924,0.0,0.0,0.95,0.0,0.0,0.05,1.0,0.0,1.0
366,0.7037037037037037,0.037037037037037035,0.0,0.25925925925925924,0.0,0.0,1.0,0.0,0.0,0.0,1.0,0.0,1.0
367,0.7142857142857143,0.0,0.0,0.25,0.03571428571428571,0.0,1.0,0.0,0.0,0.0,1.0,0.0,1.0
368,0.7407407407407407,0.0,0.0,0.25925925925925924,0.0,0.0,0.95,0.0,0.0,0.05,1.0,0.0,1.0
369,0.7037037037037037,0.037037037037037035,0.0,0.25925925925925924,0.0,0.0,1.0,0.0,0.0,0.0,1.0,0.0,1.0
370,0.95,0.05,0.0,0.0,0.0,0.0,0.7407407407407407,0.25925925925925924,0.0,0.0,1.0,0.0,1.0
371,0.95,0.05,0.0,0.0,0.0,0.0,0.7407407407407407,0.25925925925925924,0.0,0.0,1.0,0.0,1.0
372,0.9523809523809523,0.0,0.0,0.0,0.047619047619047616,0.0,0.7407407407407407,0.25925925925925924,0.0,0.0,1.0,0.0,1.0
373,0.7037037037037037,0.037037037037037035,0.0,0.25925925925925924,0.0,0.0,1.0,0.0,0.0,0.0,1.0,0.0,1.0
374,0.7407407407407407,0.0,0.0,0.25925925925925924,0.0,0.047619047619047616,0.9523809523809523,0.0,0.0,0.0,1.0,0.0,1.0
375,0.7142857142857143,0.0,0.0,0.25,0.03571428571428571,0.0,1.0,0.0,0.0,0.0,1.0,0.0,1.0
376,0.7142857142857143,0.0,0.0,0.25,0.03571428571428571,0.0,1.0,0.0,0.0,0.0,1.0,0.0,1.0
377,0.7407407407407407,0.0,0.0,0.25925925925925924,0.0,0.047619047619047616,0.9523809523809523,0.0,0.0,0.0,1.0,0.0,1.0
378,0.7407407407407407,0.0,0.0,0.25925925925925924,0.0,0.047619047619047616,0.9523809523809523,0.0,0.0,0.0,1.0,0.0,1.0
379,0.7407407407407407,0.0,0.0,0.25925925925925924,0.0,0.0,0.95,0.0,0.0,0.05,1.0,0.0,1.0
380,0.7407407407407407,0.0,0.0,0.25925925925925924,0.0,0.0,0.95,0.0,0.0,0.05,1.0,0.0,1.0
381,0.7037037037037037,0.037037037037037035,0.0,0.25925925925925924,0.0,0.0,1.0,0.0,0.0,0.0,1.0,0.0,1.0
382,0.7037037037037037,0.037037037037037035,0.0,0.25925925925925924,0.0,0.0,1.0,0.0,0.0,0.0,1.0,0.0,1.0
383,0.7407407407407407,0.0,0.0,0.25925925925925924,0.0,0.047619047619047616,0.9523809523809523,0.0,0.0,0.0,1.0,0.0,1.0
384,1.0,0.0,0.0,0.0,0.0,0.03571428571428571,0.7142857142857143,0.25,0.0,0.0,1.0,0.0,1.0
385,0.9523809523809523,0.0,0.0,0.0,0.047619047619047616,0.0,0.7407407407407407,0.25925925925925924,0.0,0.0,1.0,0.0,1.0
386,0.9523809523809523,0.0,0.0,0.0,0.047619047619047616,0.0,0.7407407407407407,0.25925925925925924,0.0,0.0,1.0,0.0,1.0
387,1.0,0.0,0.0,0.0,0.0,0.0,0.7037037037037037,0.25925925925925924,0.0,0.037037037037037035,1.0,0.0,1.0
388,1.0,0.0,0.0,0.0,0.0,0.03571428571428571,0.7142857142857143,0.25,0.0,0.0,1.0,0.0,1.0
389,1.0,0.0,0.0,0.0,0.0,0.03571428571428571,0.7142857142857143,0.25,0.0,0.0,1.0,0.0,1.0
390,1.0,0.0,0.0,0.0,0.0,0.03571428571428571,0.7142857142857143,0.25,0.0,0.0,1.0,0.0,1.0
391,0.9523809523809523,0.0,0.0,0.0,0.047619047619047616,0.0,0.7407407407407407,0.25925925925925924,0.0,0.0,1.0,0.0,1.0
392,0.95,0.05,0.0,0.0,0.0,0.0,0.7407407407407407,0.25925925925925924,0.0,0.0,1.0,0.0,1.0
393,0.95,0.05,0.0,0.0,0.0,0.0,0.7407407407407407,0.25925925925925924,0.0,0.0,1.0,0.0,1.0
394,0.95,0.05,0.0,0.0,0.0,0.0,0.7407407407407407,0.25925925925925924,0.0,0.0,1.0,0.0,1.0
395,0.7037037037037037,0.037037037037037035,0.0,0.25925925925925924,0.0,0.0,1.0,0.0,0.0,0.0,1.0,0.0,1.0
396,0.7037037037037037,0.037037037037037035,0.0,0.25925925925925924,0.0,0.0,1.0,0.0,0.0,0.0,1.0,0.0,1.0
397,0.9523809523809523,0.0,0.0,0.0,0.047619047619047616,0.0,0.7407407407407407,0.25925925925925924,0.0,0.0,1.0,0.0,1.0
398,0.7407407407407407,0.0,0.0,0.25925925925925924,0.0,0.047619047619047616,0.9523809523809523,0.0,0.0,0.0,1.0,0.0,1.0
399,0.7407407407407407,0.0,0.0,0.25925925925925924,0.0,0.0,0.95,0.0,0.0,0.05,1.0,0.0,1.0
400,0.7037037037037037,0.037037037037037035,0.0,0.25925925925925924,0.0,0.0,1.0,0.0,0.0,0.0,1.0,0.0,1.0
401,0.7407407407407407,0.0,0.0,0.25925925925925924,0.0,0.0,0.95,0.0,0.0,0.05,1.0,0.0,1.0
402,0.7407407407407407,0.0,0.0,0.25925925925925924,0.0,0.047619047619047616,0.9523809523809523,0.0,0.0,0.0,1.0,0.0,1.0
403,0.9523809523809523,0.0,0.0,0.0,0.047619047619047616,0.0,0.7407407407407407,0.25925925925925924,0.0,0.0,1.0,0.0,1.0
404,0.95,0.05,0.0,0.0,0.0,0.0,0.7407407407407407,0.25925925925925924,0.0,0.0,1.0,0.0,1.0
405,0.95,0.05,0.0,0.0,0.0,0.0,0.7407407407407407,0.25925925925925924,0.0,0.0,1.0,0.0,1.0
406,0.7142857142857143,0.0,0.0,0.25,0.03571428571428571,0.0,1.0,0.0,0.0,0.0,1.0,0.0,1.0
407,0.7407407407407407,0.0,0.0,0.25925925925925924,0.0,0.047619047619047616,0.9523809523809523,0.0,0.0,0.0,1.0,0.0,1.0
408,1.0,0.0,0.0,0.0,0.0,0.0,0.7037037037037037,0.25925925925925924,0.0,0.037037037037037035,1.0,0.0,1.0
409,0.7407407407407407,0.0,0.0,0.25925925925925924,0.0,0.0,0.95,0.0,0.0,0.05,1.0,0.0,1.0
410,0.7407407407407407,0.0,0.0,0.25925925925925924,0.0,0.047619047619047616,0.9523809523809523,0.0,0.0,0.0,1.0,0.0,1.0
411,0.7037037037037037,0.037037037037037035,0.0,0.25925925925925924,0.0,0.0,1.0,0.0,0.0,0.0,1.0,0.0,1.0
412,0.7407407407407407,0.0,0.0,0.25925925925925924,0.0,0.047619047619047616,0.9523809523809523,0.0,0.0,0.0,1.0,0.0,1.0
413,0.7407407407407407,0.0,0.0,0.25925925925925924,0.0,0.0,0.95,0.0,0.0,0.05,1.0,0.0,1.0
414,0.7037037037037037,0.037037037037037035,0.0,0.25925925925925924,0.0,0.0,1.0,0.0,0.0,0.0,1.0,0.0,1.0
415,0.7407407407407407,0.0,0.0,0.25925925925925924,0.0,0.0,0.95,0.0,0.0,0.05,1.0,0.0,1.0
416,0.95,0.05,0.0,0.0,0.0,0.0,0.7407407407407407,0.25925925925925924,0.0,0.0,1.0,0.0,1.0
417,0.95,0.05,0.0,0.0,0.0,0.0,0.7407407407407407,0.25925925925925924,0.0,0.0,1.0,0.0,1.0
418,1.0,0.0,0.0,0.0,0.0,0.0,0.7037037037037037,0.25925925925925924,0.0,0.037037037037037035,1.0,0.0,1.0
419,0.7037037037037037,0.037037037037037035,0.0,0.25925925925925924,0.0,0.0,1.0,0.0,0.0,0.0,1.0,0.0,1.0
420,0.95,0.05,0.0,0.0,0.0,0.0,0.7407407407407407,0.25925925925925924,0.0,0.0,1.0,0.0,1.0
421,0.7407407407407407,0.0,0.0,0.25925925925925924,0.0,0.047619047619047616,0.9523809523809523,0.0,0.0,0.0,1.0,0.0,1.0
422,0.7407407407407407,0.0,0.0,0.25925925925925924,0.0,0.0,0.95,0.0,0.0,0.05,1.0,0.0,1.0
423,0.7407407407407407,0.0,0.0,0.25925925925925924,0.0,0.0,0.95,0.0,0.0,0.05,1.0,0.0,1.0
424,0.7407407407407407,0.0,0.0,0.25925925925925924,0.0,0.047619047619047616,0.9523809523809523,0.0,0.0,0.0,1.0,0.0,1.0
425,0.7407407407407407,0.0,0.0,0.25925925925925924,0.0,0.047619047619047616,0.9523809523809523,0.0,0.0,0.0,1.0,0.0,1.0
426,0.7407407407407407,0.0,0.0,0.25925925925925924,0.0,0.0,0.95,0.0,0.0,0.05,1.0,0.0,1.0
427,0.7407407407407407,0.0,0.0,0.25925925925925924,0.0,0.047619047619047616,0.9523809523809523,0.0,0.0,0.0,1.0,0.0,1.0
428,0.7037037037037037,0.037037037037037035,0.0,0.25925925925925924,0.0,0.0,1.0,0.0,0.0,0.0,1.0,0.0,1.0
429,0.7407407407407407,0.0,0.0,0.25925925925925924,0.0,0.047619047619047616,0.9523809523809523,0.0,0.0,0.0,1.0,0.0,1.0
430,0.7142857142857143,0.0,0.0,0.25,0.03571428571428571,0.0,1.0,0.0,0.0,0.0,1.0,0.0,1.0
431,0.7037037037037037,0.037037037037037035,0.0,0.25925925925925924,0.0,0.0,1.0,0.0,0.0,0.0,1.0,0.0,1.0
432,0.7037037037037037,0.037037037037037035,0.0,0.25925925925925924,0.0,0.0,1.0,0.0,0.0,0.0,1.0,0.0,1.0
433,0.7037037037037037,0.037037037037037035,0.0,0.25925925925925924,0.0,0.0,1.0,0.0,0.0,0.0,1.0,0.0,1.0
434,0.7407407407407407,0.0,0.0,0.25925925925925924,0.0,0.047619047619047616,0.9523809523809523,0.0,0.0,0.0,1.0,0.0,1.0
435,0.7037037037037037,0.037037037037037035,0.0,0.25925925925925924,0.0,0.0,1.0,0.0,0.0,0.0,1.0,0.0,1.0
436,0.7407407407407407,0.0,0.0,0.25925925925925924,0.0,0.0,0.95,0.0,0.0,0.05,1.0,0.0,1.0
437,0.7407407407407407,0.0,0.0,0.25925925925925924,0.0,0.0,0.95,0.0,0.0,0.05,1.0,0.0,1.0
438,0.7037037037037037,0.037037037037037035,0.0,0.25925925925925924,0.0,0.0,1.0,0.0,0.0,0.0,1.0,0.0,1.0
439,0.7142857142857143,0.0,0.0,0.25,0.03571428571428571,0.0,1.0,0.0,0.0,0.0,1.0,0.0,1.0
440,0.7142857142857143,0.0,0.0,0.25,0.03571428571428571,0.0,1.0,0.0,0.0,0.0,1.0,0.0,1.0
441,0.7037037037037037,0.037037037037037035,0.0,0.25925925925925924,0.0,0.0,1.0,0.0,0.0,0.0,1.0,0.0,1.0
442,0.7407407407407407,0.0,0.0,0.25925925925925924,0.0,0.0,0.95,0.0,0.0,0.05,1.0,0.0,1.0
443,0.7037037037037037,0.037037037037037035,0.0,0.25925925925925924,0.0,0.0,1.0,0.0,0.0,0.0,1.0,0.0,1.0
444,0.7142857142857143,0.0,0.0,0.25,0.03571428571428571,0.0,1.0,0.0,0.0,0.0,1.0,0.0,1.0
445,0.95,0.05,0.0,0.0,0.0,0.0,0.7407407407407407,0.25925925925925924,0.0,0.0,1.0,0.0,1.0
446,0.7037037037037037,0.037037037037037035,0.0,0.25925925925925924,0.0,0.0,1.0,0.0,0.0,0.0,1.0,0.0,1.0
447,0.7407407407407407,0.0,0.0,0.25925925925925924,0.0,0.047619047619047616,0.9523809523809523,0.0,0.0,0.0,1.0,0.0,1.0
448,0.7037037037037037,0.037037037037037035,0.0,0.25925925925925924,0.0,0.0,1.0,0.0,0.0,0.0,1.0,0.0,1.0
449,0.7142857142857143,0.0,0.0,0.25,0.03571428571428571,0.0,1.0,0.0,0.0,0.0,1.0,0.0,1.0
450,1.0,0.0,0.0,0.0,0.0,0.0,0.7037037037037037,0.25925925925925924,0.0,0.037037037037037035,1.0,0.0,1.0
451,0.7037037037037037,0.037037037037037035,0.0,0.25925925925925924,0.0,0.0,1.0,0.0,0.0,0.0,1.0,0.0,1.0
452,0.95,0.05,0.0,0.0,0.0,0.0,0.7407407407407407,0.25925925925925924,0.0,0.0,1.0,0.0,1.0
453,0.7407407407407407,0.0,0.0,0.25925925925925924,0.0,0.0,0.95,0.0,0.0,0.05,1.0,0.0,1.0
454,0.9523809523809523,0.0,0.0,0.0,0.047619047619047616,0.0,0.7407407407407407,0.25925925925925924,0.0,0.0,1.0,0.0,1.0
455,1.0,0.0,0.0,0.0,0.0,0.0,0.7037037037037037,0.25925925925925924,0.0,0.037037037037037035,1.0,0.0,1.0
456,0.9523809523809523,0.0,0.0,0.0,0.047619047619047616,0.0,0.7407407407407407,0.25925925925925924,0.0,0.0,1.0,0.0,1.0
457,1.0,0.0,0.0,0.0,0.0,0.0,0.7037037037037037,0.25925925925925924,0.0,0.037037037037037035,1.0,0.0,1.0
458,0.7407407407407407,0.0,0.0,0.25925925925925924,0.0,0.047619047619047616,0.9523809523809523,0.0,0.0,0.0,1.0,0.0,1.0
459,0.95,0.05,0.0,0.0,0.0,0.0,0.7407407407407407,0.25925925925925924,0.0,0.0,1.0,0.0,1.0
460,1.0,0.0,0.0,0.0,0.0,0.03571428571428571,0.7142857142857143,0.25,0.0,0.0,1.0,0.0,1.0
461,1.0,0.0,0.0,0.0,0.0,0.0,0.7037037037037037,0.25925925925925924,0.0,0.037037037037037035,1.0,0.0,1.0
462,0.9523809523809523,0.0,0.0,0.0,0.047619047619047616,0.0,0.7407407407407407,0.25925925925925924,0.0,0.0,1.0,0.0,1.0
463,0.7407407407407407,0.0,0.0,0.25925925925925924,0.0,0.0,0.95,0.0,0.0,0.05,1.0,0.0,1.0
464,0.7037037037037037,0.037037037037037035,0.0,0.25925925925925924,0.0,0.0,1.0,0.0,0.0,0.0,1.0,0.0,1.0
465,0.7407407407407407,0.0,0.0,0.25925925925925924,0.0,0.0,0.95,0.0,0.0,0.05,1.0,0.0,1.0
466,0.9523809523809523,0.0,0.0,0.0,0.047619047619047616,0.0,0.7407407407407407,0.25925925925925924,0.0,0.0,1.0,0.0,1.0
467,1.0,0.0,0.0,0.0,0.0,0.0,0.7037037037037037,0.25925925925925924,0.0,0.037037037037037035,1.0,0.0,1.0
468,1.0,0.0,0.0,0.0,0.0,0.03571428571428571,0.7142857142857143,0.25,0.0,0.0,1.0,0.0,1.0
469,0.7037037037037037,0.037037037037037035,0.0,0.25925925925925924,0.0,0.0,1.0,0.0,0.0,0.0,1.0,0.0,1.0
470,0.95,0.05,0.0,0.0,0.0,0.0,0.7407407407407407,0.25925925925925924,0.0,0.0,1.0,0.0,1.0
471,0.7037037037037037,0.037037037037037035,0.0,0.25925925925925924,0.0,0.0,1.0,0.0,0.0,0.0,1.0,0.0,1.0
472,0.7407407407407407,0.0,0.0,0.25925925925925924,0.0,0.047619047619047616,0.9523809523809523,0.0,0.0,0.0,1.0,0.0,1.0
473,0.7407407407407407,0.0,0.0,0.25925925925925924,0.0,0.0,0.95,0.0,0.0,0.05,1.0,0.0,1.0
474,0.7037037037037037,0.037037037037037035,0.0,0.25925925925925924,0.0,0.0,1.0,0.0,0.0,0.0,1.0,0.0,1.0
475,0.7037037037037037,0.037037037037037035,0.0,0.25925925925925924,0.0,0.0,1.0,0.0,0.0,0.0,1.0,0.0,1.0
476,0.7407407407407407,0.0,0.0,0.25925925925925924,0.0,0.0,0.95,0.0,0.0,0.05,1.0,0.0,1.0
477,0.7407407407407407,0.0,0.0,0.25925925925925924,0.0,0.0,0.95,0.0,0.0,0.05,1.0,0.0,1.0
478,0.7407407407407407,0.0,0.0,0.25925925925925924,0.0,0.047619047619047616,0.9523809523809523,0.0,0.0,0.0,1.0,0.0,1.0
479,0.9523809523809523,0.0,0.0,0.0,0.047619047619047616,0.0,0.7407407407407407,0.25925925925925924,0.0,0.0,1.0,0.0,1.0
480,0.7407407407407407,0.0,0.0,0.25925925925925924,0.0,0.047619047619047616,0.9523809523809523,0.0,0.0,0.0,1.0,0.0,1.0
481,0.7407407407407407,0.0,0.0,0.25925925925925924,0.0,0.047619047619047616,0.9523809523809523,0.0,0.0,0.0,1.0,0.0,1.0
482,0.9523809523809523,0.0,0.0,0.0,0.047619047619047616,0.0,0.7407407407407407,0.25925925925925924,0.0,0.0,1.0,0.0,1.0
483,0.7407407407407407,0.0,0.0,0.25925925925925924,0.0,0.0,0.95,0.0,0.0,0.05,1.0,0.0,1.0
484,0.7142857142857143,0.0,0.0,0.25,0.03571428571428571,0.0,1.0,0.0,0.0,0.0,1.0,0.0,1.0
485,0.7407407407407407,0.0,0.0,0.25925925925925924,0.0,0.0,0.95,0.0,0.0,0.05,1.0,0.0,1.0
486,1.0,0.0,0.0,0.0,0.0,0.03571428571428571,0.7142857142857143,0.25,0.0,0.0,1.0,0.0,1.0
487,0.7037037037037037,0.037037037037037035,0.0,0.25925925925925924,0.0,0.0,1.0,0.0,0.0,0.0,1.0,0.0,1.0
488,0.7037037037037037,0.037037037037037035,0.0,0.25925925925925924,0.0,0.0,1.0,0.0,0.0,0.0,1.0,0.0,1.0
489,0.7407407407407407,0.0,0.0,0.25925925925925924,0.0,0.0,0.95,0.0,0.0,0.05,1.0,0.0,1.0
490,0.7407407407407407,0.0,0.0,0.25925925925925924,0.0,0.0,0.95,0.0,0.0,0.05,1.0,0.0,1.0
491,0.7407407407407407,0.0,0.0,0.25925925925925924,0.0,0.047619047619047616,0.9523809523809523,0.0,0.0,0.0,1.0,0.0,1.0
492,0.7142857142857143,0.0,0.0,0.25,0.03571428571428571,0.0,1.0,0.0,0.0,0.0,1.0,0.0,1.0
493,0.7142857142857143,0.0,0.0,0.25,0.03571428571428571,0.0,1.0,0.0,0.0,0.0,1.0,0.0,1.0
494,0.7037037037037037,0.037037037037037035,0.0,0.25925925925925924,0.0,0.0,1.0,0.0,0.0,0.0,1.0,0.0,1.0
495,0.7407407407407407,0.0,0.0,0.25925925925925924,0.0,0.0,0.95,0.0,0.0,0.05,1.0,0.0,1.0
496,0.9523809523809523,0.0,0.0,0.0,0.047619047619047616,0.0,0.7407407407407407,0.25925925925925924,0.0,0.0,1.0,0.0,1.0
497,0.95,0.05,0.0,0.0,0.0,0.0,0.7407407407407407,0.25925925925925924,0.0,0.0,1.0,0.0,1.0
498,0.7037037037037037,0.037037037037037035,0.0,0.25925925925925924,0.0,0.0,1.0,0.0,0.0,0.0,1.0,0.0,1.0
499,0.9523809523809523,0.0,0.0,0.0,0.047619047619047616,0.0,0.7407407407407407,0.25925925925925924,0.0,0.0,1.0,0.0,1.0
500,0.7407407407407407,0.0,0.0,0.25925925925925924,0.0,0.047619047619047616,0.9523809523809523,0.0,0.0,0.0,1.0,0.0,1.0
501,1.0,0.0,0.0,0.0,0.0,0.03571428571428571,0.7142857142857143,0.25,0.0,0.0,1.0,0.0,1.0
502,0.7407407407407407,0.0,0.0,0.25925925925925924,0.0,0.0,0.95,0.0,0.0,0.05,1.0,0.0,1.0
503,0.7407407407407407,0.0,0.0,0.25925925925925924,0.0,0.047619047619047616,0.9523809523809523,0.0,0.0,0.0,1.0,0.0,1.0
504,0.7142857142857143,0.0,0.0,0.25,0.03571428571428571,0.0,1.0,0.0,0.0,0.0,1.0,0.0,1.0
505,0.7037037037037037,0.037037037037037035,0.0,0.25925925925925924,0.0,0.0,1.0,0.0,0.0,0.0,1.0,0.0,1.0
506,0.7037037037037037,0.037037037037037035,0.0,0.25925925925925924,0.0,0.0,1.0,0.0,0.0,0.0,1.0,0.0,1.0
507,0.7142857142857143,0.0,0.0,0.25,0.03571428571428571,0.0,1.0,0.0,0.0,0.0,1.0,0.0,1.0
508,0.7407407407407407,0.0,0.0,0.25925925925925924,0.0,0.0,0.95,0.0,0.0,0.05,1.0,0.0,1.0
509,1.0,0.0,0.0,0.0,0.0,0.03571428571428571,0.7142857142857143,0.25,0.0,0.0,1.0,0.0,1.0
510,0.7407407407407407,0.0,0.0,0.25925925925925924,0.0,0.047619047619047616,0.9523809523809523,0.0,0.0,0.0,1.0,0.0,1.0
511,0.7142857142857143,0.0,0.0,0.25,0.03571428571428571,0.0,1.0,0.0,0.0,0.0,1.0,0.0,1.0
512,0.7142857142857143,0.0,0.0,0.25,0.03571428571428571,0.0,1.0,0.0,0.0,0.0,1.0,0.0,1.0
513,1.0,0.0,0.0,0.0,0.0,0.0,0.7037037037037037,0.25925925925925924,0.0,0.037037037037037035,1.0,0.0,1.0
514,0.7407407407407407,0.0,0.0,0.25925925925925924,0.0,0.0,0.95,0.0,0.0,0.05,1.0,0.0,1.0
515,0.7037037037037037,0.037037037037037035,0.0,0.25925925925925924,0.0,0.0,1.0,0.0,0.0,0.0,1.0,0.0,1.0
516,0.95,0.05,0.0,0.0,0.0,0.0,0.7407407407407407,0.25925925925925924,0.0,0.0,1.0,0.0,1.0
517,0.7407407407407407,0.0,0.0,0.25925925925925924,0.0,0.0,0.95,0.0,0.0,0.05,1.0,0.0,1.0
518,1.0,0.0,0.0,0.0,0.0,0.0,0.7037037037037037,0.25925925925925924,0.0,0.037037037037037035,1.0,0.0,1.0
519,0.7407407407407407,0.0,0.0,0.25925925925925924,0.0,0.047619047619047616,0.9523809523809523,0.0,0.0,0.0,1.0,0.0,1.0
520,0.95,0.05,0.0,0.0,0.0,0.0,0.7407407407407407,0.25925925925925924,0.0,0.0,1.0,0.0,1.0
521,1.0,0.0,0.0,0.0,0.0,0.0,0.7037037037037037,0.25925925925925924,0.0,0.037037037037037035,1.0,0.0,1.0
522,1.0,0.0,0.0,0.0,0.0,0.03571428571428571,0.7142857142857143,0.25,0.0,0.0,1.0,0.0,1.0
523,0.7407407407407407,0.0,0.0,0.25925925925925924,0.0,0.047619047619047616,0.9523809523809523,0.0,0.0,0.0,1.0,0.0,1.0
524,0.9523809523809523,0.0,0.0,0.0,0.047619047619047616,0.0,0.7407407407407407,0.25925925925925924,0.0,0.0,1.0,0.0,1.0
525,0.9523809523809523,0.0,0.0,0.0,0.047619047619047616,0.0,0.7407407407407407,0.25925925925925924,0.0,0.0,1.0,0.0,1.0
526,0.9523809523809523,0.0,0.0,0.0,0.047619047619047616,0.0,0.7407407407407407,0.25925925925925924,0.0,0.0,1.0,0.0,1.0
527,0.7142857142857143,0.0,0.0,0.25,0.03571428571428571,0.0,1.0,0.0,0.0,0.0,1.0,0.0,1.0
528,0.7407407407407407,0.0,0.0,0.25925925925925924,0.0,0.047619047619047616,0.9523809523809523,0.0,0.0,0.0,1.0,0.0,1.0
529,0.7407407407407407,0.0,0.0,0.25925925925925924,0.0,0.047619047619047616,0.9523809523809523,0.0,0.0,0.0,1.0,0.0,1.0
530,0.9523809523809523,0.0,0.0,0.0,0.047619047619047616,0.0,0.7407407407407407,0.25925925925925924,0.0,0.0,1.0,0.0,1.0
531,0.95,0.05,0.0,0.0,0.0,0.0,0.7407407407407407,0.25925925925925924,0.0,0.0,1.0,0.0,1.0
532,0.9523809523809523,0.0,0.0,0.0,0.047619047619047616,0.0,0.7407407407407407,0.25925925925925924,0.0,0.0,1.0,0.0,1.0
533,0.7407407407407407,0.0,0.0,0.25925925925925924,0.0,0.047619047619047616,0.9523809523809523,0.0,0.0,0.0,1.0,0.0,1.0
534,0.7037037037037037,0.037037037037037035,0.0,0.25925925925925924,0.0,0.0,1.0,0.0,0.0,0.0,1.0,0.0,1.0
535,0.7142857142857143,0.0,0.0,0.25,0.03571428571428571,0.0,1.0,0.0,0.0,0.0,1.0,0.0,1.0
536,1.0,0.0,0.0,0.0,0.0,0.0,0.7037037037037037,0.25925925925925924,0.0,0.037037037037037035,1.0,0.0,1.0
537,1.0,0.0,0.0,0.0,0.0,0.0,0.7037037037037037,0.25925925925925924,0.0,0.037037037037037035,1.0,0.0,1.0
538,0.95,0.05,0.0,0.0,0.0,0.0,0.7407407407407407,0.25925925925925924,0.0,0.0,1.0,0.0,1.0
539,0.95,0.05,0.0,0.0,0.0,0.0,0.7407407407407407,0.25925925925925924,0.0,0.0,1.0,0.0,1.0
540,1.0,0.0,0.0,0.0,0.0,0.03571428571428571,0.7142857142857143,0.25,0.0,0.0,1.0,0.0,1.0
541,0.9523809523809523,0.0,0.0,0.0,0.047619047619047616,0.0,0.7407407407407407,0.25925925925925924,0.0,0.0,1.0,0.0,1.0
542,0.7407407407407407,0.0,0.0,0.25925925925925924,0.0,0.0,0.95,0.0,0.0,0.05,1.0,0.0,1.0
543,1.0,0.0,0.0,0.0,0.0,0.0,0.7037037037037037,0.25925925925925924,0.0,0.037037037037037035,1.0,0.0,1.0
544,0.95,0.05,0.0,0.0,0.0,0.0,0.7407407407407407,0.25925925925925924,0.0,0.0,1.0,0.0,1.0
545,0.7407407407407407,0.0,0.0,0.25925925925925924,0.0,0.0,0.95,0.0,0.0,0.05,1.0,0.0,1.0
546,0.7407407407407407,0.0,0.0,0.25925925925925924,0.0,0.047619047619047616,0.9523809523809523,0.0,0.0,0.0,1.0,0.0,1.0
547,0.95,0.05,0.0,0.0,0.0,0.0,0.7407407407407407,0.25925925925925924,0.0,0.0,1.0,0.0,1.0
548,0.95,0.05,0.0,0.0,0.0,0.0,0.7407407407407407,0.25925925925925924,0.0,0.0,1.0,0.0,1.0
549,0.9523809523809523,0.0,0.0,0.0,0.047619047619047616,0.0,0.7407407407407407,0.25925925925925924,0.0,0.0,1.0,0.0,1.0
550,0.95,0.05,0.0,0.0,0.0,0.0,0.7407407407407407,0.25925925925925924,0.0,0.0,1.0,0.0,1.0
551,0.95,0.05,0.0,0.0,0.0,0.0,0.7407407407407407,0.25925925925925924,0.0,0.0,1.0,0.0,1.0
552,0.7407407407407407,0.0,0.0,0.25925925925925924,0.0,0.0,0.95,0.0,0.0,0.05,1.0,0.0,1.0
553,0.7037037037037037,0.037037037037037035,0.0,0.25925925925925924,0.0,0.0,1.0,0.0,0.0,0.0,1.0,0.0,1.0
554,0.7142857142857143,0.0,0.0,0.25,0.03571428571428571,0.0,1.0,0.0,0.0,0.0,1.0,0.0,1.0
555,0.7407407407407407,0.0,0.0,0.25925925925925924,0.0,0.047619047619047616,0.9523809523809523,0.0,0.0,0.0,1.0,0.0,1.0
556,0.7037037037037037,0.037037037037037035,0.0,0.25925925925925924,0.0,0.0,1.0,0.0,0.0,0.0,1.0,0.0,1.0
557,0.7407407407407407,0.0,0.0,0.25925925925925924,0.0,0.047619047619047616,0.9523809523809523,0.0,0.0,0.0,1.0,0.0,1.0
558,0.7142857142857143,0.0,0.0,0.25,0.03571428571428571,0.0,1.0,0.0,0.0,0.0,1.0,0.0,1.0
559,0.7407407407407407,0.0,0.0,0.25925925925925924,0.0,0.047619047619047616,0.9523809523809523,0.0,0.0,0.0,1.0,0.0,1.0
560,0.95,0.05,0.0,0.0,0.0,0.0,0.7407407407407407,0.25925925925925924,0.0,0.0,1.0,0.0,1.0
561,0.95,0.05,0.0,0.0,0.0,0.0,0.7407407407407407,0.25925925925925924,0.0,0.0,1.0,0.0,1.0
562,0.9523809523809523,0.0,0.0,0.0,0.047619047619047616,0.0,0.7407407407407407,0.25925925925925924,0.0,0.0,1.0,0.0,1.0
563,0.9523809523809523,0.0,0.0,0.0,0.047619047619047616,0.0,0.7407407407407407,0.25925925925925924,0.0,0.0,1.0,0.0,1.0
564,0.7407407407407407,0.0,0.0,0.25925925925925924,0.0,0.0,0.95,0.0,0.0,0.05,1.0,0.0,1.0
565,0.7037037037037037,0.037037037037037035,0.0,0.25925925925925924,0.0,0.0,1.0,0.0,0.0,0.0,1.0,0.0,1.0
566,0.7407407407407407,0.0,0.0,0.25925925925925924,0.0,0.0,0.95,0.0,0.0,0.05,1.0,0.0,1.0
567,0.7407407407407407,0.0,0.0,0.25925925925925924,0.0,0.0,0.95,0.0,0.0,0.05,1.0,0.0,1.0
568,0.7037037037037037,0.037037037037037035,0.0,0.25925925925925924,0.0,0.0,1.0,0.0,0.0,0.0,1.0,0.0,1.0
569,1.0,0.0,0.0,0.0,0.0,0.0,0.7037037037037037,0.25925925925925924,0.0,0.037037037037037035,1.0,0.0,1.0
570,0.7407407407407407,0.0,0.0,0.25925925925925924,0.0,0.047619047619047616,0.9523809523809523,0.0,0.0,0.0,1.0,0.0,1.0
571,0.7037037037037037,0.037037037037037035,0.0,0.25925925925925924,0.0,0.0,1.0,0.0,0.0,0.0,1.0,0.0,1.0
572,0.7037037037037037,0.037037037037037035,0.0,0.25925925925925924,0.0,0.0,1.0,0.0,0.0,0.0,1.0,0.0,1.0
573,0.7037037037037037,0.037037037037037035,0.0,0.25925925925925924,0.0,0.0,1.0,0.0,0.0,0.0,1.0,0.0,1.0
574,0.9523809523809523,0.0,0.0,0.0,0.047619047619047616,0.0,0.7407407407407407,0.25925925925925924,0.0,0.0,1.0,0.0,1.0
575,0.7142857142857143,0.0,0.0,0.25,0.03571428571428571,0.0,1.0,0.0,0.0,0.0,1.0,0.0,1.0
576,0.7142857142857143,0.0,0.0,0.25,0.03571428571428571,0.0,1.0,0.0,0.0,0.0,1.0,0.0,1.0
577,0.7142857142857143,0.0,0.0,0.25,0.03571428571428571,0.0,1.0,0.0,0.0,0.0,1.0,0.0,1.0
578,0.95,0.05,0.0,0.0,0.0,0.0,0.7407407407407407,0.25925925925925924,0.0,0.0,1.0,0.0,1.0
579,0.95,0.05,0.0,0.0,0.0,0.0,0.7407407407407407,0.25925925925925924,0.0,0.0,1.0,0.0,1.0
580,1.0,0.0,0.0,0.0,0.0,0.0,0.7037037037037037,0.25925925925925924,0.0,0.037037037037037035,1.0,0.0,1.0
581,0.7407407407407407,0.0,0.0,0.25925925925925924,0.0,0.047619047619047616,0.9523809523809523,0.0,0.0,0.0,1.0,0.0,1.0
582,0.95,0.05,0.0,0.0,0.0,0.0,0.7407407407407407,0.25925925925925924,0.0,0.0,1.0,0.0,1.0
583,1.0,0.0,0.0,0.0,0.0,0.0,0.7037037037037037,0.25925925925925924,0.0,0.037037037037037035,1.0,0.0,1.0
584,0.9523809523809523,0.0,0.0,0.0,0.047619047619047616,0.0,0.7407407407407407,0.25925925925925924,0.0,0.0,1.0,0.0,1.0
585,1.0,0.0,0.0,0.0,0.0,0.03571428571428571,0.7142857142857143,0.25,0.0,0.0,1.0,0.0,1.0
586,0.7037037037037037,0.037037037037037035,0.0,0.25925925925925924,0.0,0.0,1.0,0.0,0.0,0.0,1.0,0.0,1.0
587,0.7037037037037037,0.037037037037037035,0.0,0.25925925925925924,0.0,0.0,1.0,0.0,0.0,0.0,1.0,0.0,1.0
588,0.7037037037037037,0.037037037037037035,0.0,0.25925925925925924,0.0,0.0,1.0,0.0,0.0,0.0,1.0,0.0,1.0
589,0.95,0.05,0.0,0.0,0.0,0.0,0.7407407407407407,0.25925925925925924,0.0,0.0,1.0,0.0,1.0
590,0.95,0.05,0.0,0.0,0.0,0.0,0.7407407407407407,0.25925925925925924,0.0,0.0,1.0,0.0,1.0
591,0.95,0.05,0.0,0.0,0.0,0.0,0.7407407407407407,0.25925925925925924,0.0,0.0,1.0,0.0,1.0
592,0.9523809523809523,0.0,0.0,0.0,0.047619047619047616,0.0,0.7407407407407407,0.25925925925925924,0.0,0.0,1.0,0.0,1.0
593,1.0,0.0,0.0,0.0,0.0,0.03571428571428571,0.7142857142857143,0.25,0.0,0.0,1.0,0.0,1.0
594,0.95,0.05,0.0,0.0,0.0,0.0,0.7407407407407407,0.25925925925925924,0.0,0.0,1.0,0.0,1.0
595,0.6666666666666666,0.0,0.2857142857142857,0.047619047619047616,0.0,0.0,0.95,0.0,0.0,0.05,1.0,0.0,1.0
596,0.7142857142857143,0.0,0.23809523809523808,0.0,0.047619047619047616,0.0,0.9,0.0,0.1,0.0,1.0,0.0,1.0
597,0.9523809523809523,0.0,0.0,0.0,0.047619047619047616,0.0,0.7407407407407407,0.25925925925925924,0.0,0.0,1.0,0.0,1.0
598,0.9523809523809523,0.0,0.0,0.0,0.047619047619047616,0.0,0.7407407407407407,0.25925925925925924,0.0,0.0,1.0,0.0,1.0
599,0.95,0.05,0.0,0.0,0.0,0.0,0.7407407407407407,0.25925925925925924,0.0,0.0,1.0,0.0,1.0
600,1.0,0.0,0.0,0.0,0.0,0.0,0.7037037037037037,0.25925925925925924,0.0,0.037037037037037035,1.0,0.0,1.0
601,0.9523809523809523,0.0,0.0,0.0,0.047619047619047616,0.0,0.7407407407407407,0.25925925925925924,0.0,0.0,1.0,0.0,1.0
602,1.0,0.0,0.0,0.0,0.0,0.0,0.7037037037037037,0.25925925925925924,0.0,0.037037037037037035,1.0,0.0,1.0
603,0.95,0.05,0.0,0.0,0.0,0.0,0.7407407407407407,0.25925925925925924,0.0,0.0,1.0,0.0,1.0
604,0.95,0.05,0.0,0.0,0.0,0.0,0.7407407407407407,0.25925925925925924,0.0,0.0,1.0,0.0,1.0
605,0.95,0.05,0.0,0.0,0.0,0.0,0.7407407407407407,0.25925925925925924,0.0,0.0,1.0,0.0,1.0
606,1.0,0.0,0.0,0.0,0.0,0.03571428571428571,0.7142857142857143,0.25,0.0,0.0,1.0,0.0,1.0
607,0.95,0.05,0.0,0.0,0.0,0.0,0.7407407407407407,0.25925925925925924,0.0,0.0,1.0,0.0,1.0
608,1.0,0.0,0.0,0.0,0.0,0.0,0.7037037037037037,0.25925925925925924,0.0,0.037037037037037035,1.0,0.0,1.0
609,0.9523809523809523,0.0,0.0,0.0,0.047619047619047616,0.0,0.7407407407407407,0.25925925925925924,0.0,0.0,1.0,0.0,1.0
610,0.95,0.05,0.0,0.0,0.0,0.0,0.7407407407407407,0.25925925925925924,0.0,0.0,1.0,0.0,1.0
611,1.0,0.0,0.0,0.0,0.0,0.03571428571428571,0.7142857142857143,0.25,0.0,0.0,1.0,0.0,1.0
612,0.9,0.0,0.1,0.0,0.0,0.047619047619047616,0.7142857142857143,0.0,0.23809523809523808,0.0,1.0,0.0,1.0
613,1.0,0.0,0.0,0.0,0.0,0.0,0.7037037037037037,0.25925925925925924,0.0,0.037037037037037035,1.0,0.0,1.0
614,0.95,0.05,0.0,0.0,0.0,0.0,0.7407407407407407,0.25925925925925924,0.0,0.0,1.0,0.0,1.0
615,0.7407407407407407,0.0,0.0,0.25925925925925924,0.0,0.0,0.95,0.0,0.0,0.05,1.0,0.0,1.0
616,1.0,0.0,0.0,0.0,0.0,0.03571428571428571,0.7142857142857143,0.25,0.0,0.0,1.0,0.0,1.0
617,0.9523809523809523,0.0,0.0,0.0,0.047619047619047616,0.0,0.7407407407407407,0.25925925925925924,0.0,0.0,1.0,0.0,1.0
618,0.9523809523809523,0.0,0.0,0.0,0.047619047619047616,0.0,0.7407407407407407,0.25925925925925924,0.0,0.0,1.0,0.0,1.0
619,0.7407407407407407,0.0,0.0,0.25925925925925924,0.0,0.0,0.95,0.0,0.0,0.05,1.0,0.0,1.0
620,0.7142857142857143,0.0,0.0,0.25,0.03571428571428571,0.0,1.0,0.0,0.0,0.0,1.0,0.0,1.0
621,0.7142857142857143,0.0,0.0,0.25,0.03571428571428571,0.0,1.0,0.0,0.0,0.0,1.0,0.0,1.0
622,0.9523809523809523,0.0,0.0,0.0,0.047619047619047616,0.0,0.7407407407407407,0.25925925925925924,0.0,0.0,1.0,0.0,1.0
623,0.95,0.05,0.0,0.0,0.0,0.0,0.7407407407407407,0.25925925925925924,0.0,0.0,1.0,0.0,1.0
624,0.95,0.05,0.0,0.0,0.0,0.0,0.7407407407407407,0.25925925925925924,0.0,0.0,1.0,0.0,1.0
625,0.7037037037037037,0.037037037037037035,0.0,0.25925925925925924,0.0,0.0,1.0,0.0,0.0,0.0,1.0,0.0,1.0
626,0.7407407407407407,0.0,0.0,0.25925925925925924,0.0,0.047619047619047616,0.9523809523809523,0.0,0.0,0.0,1.0,0.0,1.0
627,0.7142857142857143,0.0,0.0,0.25,0.03571428571428571,0.0,1.0,0.0,0.0,0.0,1.0,0.0,1.0
628,0.7037037037037037,0.037037037037037035,0.0,0.25925925925925924,0.0,0.0,1.0,0.0,0.0,0.0,1.0,0.0,1.0
629,0.7407407407407407,0.0,0.0,0.25925925925925924,0.0,0.0,0.95,0.0,0.0,0.05,1.0,0.0,1.0
630,0.6923076923076923,0.038461538461538464,0.038461538461538464,0.23076923076923078,0.0,0.0,1.0,0.0,0.0,0.0,1.0,0.0,1.0
631,0.7142857142857143,0.0,0.0,0.25,0.03571428571428571,0.0,1.0,0.0,0.0,0.0,1.0,0.0,1.0
632,0.7407407407407407,0.0,0.0,0.25925925925925924,0.0,0.047619047619047616,0.9523809523809523,0.0,0.0,0.0,1.0,0.0,1.0
633,0.7407407407407407,0.0,0.0,0.25925925925925924,0.0,0.047619047619047616,0.9523809523809523,0.0,0.0,0.0,1.0,0.0,1.0
634,0.7142857142857143,0.0,0.0,0.25,0.03571428571428571,0.0,1.0,0.0,0.0,0.0,1.0,0.0,1.0
635,1.0,0.0,0.0,0.0,0.0,0.03571428571428571,0.7142857142857143,0.25,0.0,0.0,1.0,0.0,1.0
636,0.7037037037037037,0.037037037037037035,0.0,0.25925925925925924,0.0,0.0,1.0,0.0,0.0,0.0,1.0,0.0,1.0
637,1.0,0.0,0.0,0.0,0.0,0.0,0.7037037037037037,0.25925925925925924,0.0,0.037037037037037035,1.0,0.0,1.0
638,1.0,0.0,0.0,0.0,0.0,0.0,0.7037037037037037,0.25925925925925924,0.0,0.037037037037037035,1.0,0.0,1.0
639,1.0,0.0,0.0,0.0,0.0,0.0,0.7037037037037037,0.25925925925925924,0.0,0.037037037037037035,1.0,0.0,1.0
640,0.7037037037037037,0.037037037037037035,0.0,0.25925925925925924,0.0,0.0,1.0,0.0,0.0,0.0,1.0,0.0,1.0
641,0.7142857142857143,0.0,0.0,0.25,0.03571428571428571,0.0,1.0,0.0,0.0,0.0,1.0,0.0,1.0
642,0.9523809523809523,0.0,0.0,0.0,0.047619047619047616,0.0,0.7407407407407407,0.25925925925925924,0.0,0.0,1.0,0.0,1.0
643,1.0,0.0,0.0,0.0,0.0,0.03571428571428571,0.7142857142857143,0.25,0.0,0.0,1.0,0.0,1.0
644,0.95,0.05,0.0,0.0,0.0,0.0,0.7407407407407407,0.25925925925925924,0.0,0.0,1.0,0.0,1.0
645,0.95,0.05,0.0,0.0,0.0,0.0,0.7407407407407407,0.25925925925925924,0.0,0.0,1.0,0.0,1.0
646,0.9523809523809523,0.0,0.0,0.0,0.047619047619047616,0.0,0.7407407407407407,0.25925925925925924,0.0,0.0,1.0,0.0,1.0
647,1.0,0.0,0.0,0.0,0.0,0.0,0.7037037037037037,0.25925925925925924,0.0,0.037037037037037035,1.0,0.0,1.0
648,0.7037037037037037,0.037037037037037035,0.0,0.25925925925925924,0.0,0.0,1.0,0.0,0.0,0.0,1.0,0.0,1.0
649,0.95,0.05,0.0,0.0,0.0,0.0,0.7407407407407407,0.25925925925925924,0.0,0.0,1.0,0.0,1.0
650,0.9523809523809523,0.0,0.0,0.0,0.047619047619047616,0.0,0.7407407407407407,0.25925925925925924,0.0,0.0,1.0,0.0,1.0
651,0.95,0.05,0.0,0.0,0.0,0.0,0.7407407407407407,0.25925925925925924,0.0,0.0,1.0,0.0,1.0
652,0.95,0.05,0.0,0.0,0.0,0.0,0.7407407407407407,0.25925925925925924,0.0,0.0,1.0,0.0,1.0
653,1.0,0.0,0.0,0.0,0.0,0.03571428571428571,0.7142857142857143,0.25,0.0,0.0,1.0,0.0,1.0
654,0.95,0.05,0.0,0.0,0.0,0.0,0.7407407407407407,0.25925925925925924,0.0,0.0,1.0,0.0,1.0
655,0.7142857142857143,0.0,0.0,0.25,0.03571428571428571,0.0,1.0,0.0,0.0,0.0,1.0,0.0,1.0
656,1.0,0.0,0.0,0.0,0.0,0.0,0.7037037037037037,0.25925925925925924,0.0,0.037037037037037035,1.0,0.0,1.0
657,0.95,0.05,0.0,0.0,0.0,0.0,0.7407407407407407,0.25925925925925924,0.0,0.0,1.0,0.0,1.0
658,1.0,0.0,0.0,0.0,0.0,0.0,0.7037037037037037,0.25925925925925924,0.0,0.037037037037037035,1.0,0.0,1.0
659,1.0,0.0,0.0,0.0,0.0,0.0,0.7037037037037037,0.25925925925925924,0.0,0.037037037037037035,1.0,0.0,1.0
660,0.9523809523809523,0.0,0.0,0.0,0.047619047619047616,0.0,0.7407407407407407,0.25925925925925924,0.0,0.0,1.0,0.0,1.0
661,0.95,0.05,0.0,0.0,0.0,0.0,0.7407407407407407,0.25925925925925924,0.0,0.0,1.0,0.0,1.0
662,0.7407407407407407,0.0,0.0,0.25925925925925924,0.0,0.0,0.95,0.0,0.0,0.05,1.0,0.0,1.0
663,0.95,0.05,0.0,0.0,0.0,0.0,0.7407407407407407,0.25925925925925924,0.0,0.0,1.0,0.0,1.0
664,1.0,0.0,0.0,0.0,0.0,0.03571428571428571,0.7142857142857143,0.25,0.0,0.0,1.0,0.0,1.0
665,0.7142857142857143,0.0,0.0,0.25,0.03571428571428571,0.0,1.0,0.0,0.0,0.0,1.0,0.0,1.0
666,0.7407407407407407,0.0,0.0,0.25925925925925924,0.0,0.0,0.95,0.0,0.0,0.05,1.0,0.0,1.0
667,1.0,0.0,0.0,0.0,0.0,0.03571428571428571,0.7142857142857143,0.25,0.0,0.0,1.0,0.0,1.0
668,0.95,0.05,0.0,0.0,0.0,0.0,0.7407407407407407,0.25925925925925924,0.0,0.0,1.0,0.0,1.0
669,1.0,0.0,0.0,0.0,0.0,0.0,0.7037037037037037,0.25925925925925924,0.0,0.037037037037037035,1.0,0.0,1.0
670,0.95,0.05,0.0,0.0,0.0,0.0,0.7407407407407407,0.25925925925925924,0.0,0.0,1.0,0.0,1.0
671,0.7407407407407407,0.0,0.0,0.25925925925925924,0.0,0.047619047619047616,0.9523809523809523,0.0,0.0,0.0,1.0,0.0,1.0
672,0.7037037037037037,0.037037037037037035,0.0,0.25925925925925924,0.0,0.0,1.0,0.0,0.0,0.0,1.0,0.0,1.0
673,1.0,0.0,0.0,0.0,0.0,0.047619047619047616,0.6666666666666666,0.0,0.2857142857142857,0.0,0.8888888888888888,0.1111111111111111,1.0
674,0.95,0.05,0.0,0.0,0.0,0.0,0.7407407407407407,0.25925925925925924,0.0,0.0,1.0,0.0,1.0
675,0.9523809523809523,0.0,0.0,0.0,0.047619047619047616,0.0,0.7407407407407407,0.25925925925925924,0.0,0.0,1.0,0.0,1.0
676,1.0,0.0,0.0,0.0,0.0,0.0,0.7037037037037037,0.25925925925925924,0.0,0.037037037037037035,1.0,0.0,1.0
677,0.9523809523809523,0.0,0.0,0.0,0.047619047619047616,0.0,0.7407407407407407,0.25925925925925924,0.0,0.0,1.0,0.0,1.0
678,0.95,0.05,0.0,0.0,0.0,0.0,0.7407407407407407,0.25925925925925924,0.0,0.0,1.0,0.0,1.0
679,0.9523809523809523,0.0,0.0,0.0,0.047619047619047616,0.0,0.7407407407407407,0.25925925925925924,0.0,0.0,1.0,0.0,1.0
680,0.7142857142857143,0.0,0.0,0.25,0.03571428571428571,0.0,1.0,0.0,0.0,0.0,1.0,0.0,1.0
681,1.0,0.0,0.0,0.0,0.0,0.0,0.7037037037037037,0.25925925925925924,0.0,0.037037037037037035,1.0,0.0,1.0
682,0.9523809523809523,0.0,0.0,0.0,0.047619047619047616,0.0,0.7407407407407407,0.25925925925925924,0.0,0.0,1.0,0.0,1.0
683,0.9523809523809523,0.0,0.0,0.0,0.047619047619047616,0.0,0.7407407407407407,0.25925925925925924,0.0,0.0,1.0,0.0,1.0
684,0.95,0.05,0.0,0.0,0.0,0.0,0.7407407407407407,0.25925925925925924,0.0,0.0,1.0,0.0,1.0
685,1.0,0.0,0.0,0.0,0.0,0.0,0.7037037037037037,0.25925925925925924,0.0,0.037037037037037035,1.0,0.0,1.0
686,0.95,0.05,0.0,0.0,0.0,0.0,0.7407407407407407,0.25925925925925924,0.0,0.0,1.0,0.0,1.0
687,1.0,0.0,0.0,0.0,0.0,0.03571428571428571,0.7142857142857143,0.25,0.0,0.0,1.0,0.0,1.0
688,0.9523809523809523,0.0,0.0,0.0,0.047619047619047616,0.0,0.7407407407407407,0.25925925925925924,0.0,0.0,1.0,0.0,1.0
689,0.7142857142857143,0.0,0.0,0.25,0.03571428571428571,0.0,1.0,0.0,0.0,0.0,1.0,0.0,1.0
690,0.95,0.05,0.0,0.0,0.0,0.0,0.7407407407407407,0.25925925925925924,0.0,0.0,1.0,0.0,1.0
691,1.0,0.0,0.0,0.0,0.0,0.0,0.7037037037037037,0.25925925925925924,0.0,0.037037037037037035,1.0,0.0,1.0
692,0.95,0.05,0.0,0.0,0.0,0.0,0.7407407407407407,0.25925925925925924,0.0,0.0,1.0,0.0,1.0
693,0.9523809523809523,0.0,0.0,0.0,0.047619047619047616,0.0,0.7407407407407407,0.25925925925925924,0.0,0.0,1.0,0.0,1.0
694,0.9523809523809523,0.0,0.0,0.0,0.047619047619047616,0.0,0.7407407407407407,0.25925925925925924,0.0,0.0,1.0,0.0,1.0
695,1.0,0.0,0.0,0.0,0.0,0.0,0.7037037037037037,0.25925925925925924,0.0,0.037037037037037035,1.0,0.0,1.0
696,1.0,0.0,0.0,0.0,0.0,0.047619047619047616,0.6666666666666666,0.0,0.2857142857142857,0.0,0.8888888888888888,0.1111111111111111,1.0
697,0.7037037037037037,0.037037037037037035,0.0,0.25925925925925924,0.0,0.0,1.0,0.0,0.0,0.0,1.0,0.0,1.0
698,0.7142857142857143,0.0,0.0,0.25,0.03571428571428571,0.0,1.0,0.0,0.0,0.0,1.0,0.0,1.0
699,0.9523809523809523,0.0,0.0,0.0,0.047619047619047616,0.0,0.7407407407407407,0.25925925925925924,0.0,0.0,1.0,0.0,1.0
700,0.9523809523809523,0.0,0.0,0.0,0.047619047619047616,0.0,0.7407407407407407,0.25925925925925924,0.0,0.0,1.0,0.0,1.0
701,1.0,0.0,0.0,0.0,0.0,0.0,0.7037037037037037,0.25925925925925924,0.0,0.037037037037037035,1.0,0.0,1.0
702,1.0,0.0,0.0,0.0,0.0,0.03571428571428571,0.7142857142857143,0.25,0.0,0.0,1.0,0.0,1.0
703,0.7,0.0,0.3,0.0,0.0,0.0,0.95,0.0,0.0,0.05,0.8888888888888888,0.1111111111111111,1.0
704,0.7,0.05,0.25,0.0,0.0,0.0,0.9090909090909091,0.09090909090909091,0.0,0.0,1.0,0.0,1.0
705,0.8,0.0,0.2,0.0,0.0,0.041666666666666664,0.8333333333333334,0.125,0.0,0.0,1.0,0.0,1.0
706,0.85,0.0,0.15,0.0,0.0,0.04,0.8,0.16,0.0,0.0,1.0,0.0,1.0
707,1.0,0.0,0.0,0.0,0.0,0.045454545454545456,0.6363636363636364,0.045454545454545456,0.2727272727272727,0.0,1.0,0.0,1.0
708,0.7,0.05,0.25,0.0,0.0,0.0,0.9,0.0,0.1,0.0,1.0,0.0,1.0
709,1.0,0.0,0.0,0.0,0.0,0.03571428571428571,0.7142857142857143,0.25,0.0,0.0,1.0,0.0,1.0
710,0.9523809523809523,0.0,0.0,0.0,0.047619047619047616,0.0,0.7407407407407407,0.25925925925925924,0.0,0.0,1.0,0.0,1.0
711,1.0,0.0,0.0,0.0,0.0,0.0,0.7037037037037037,0.25925925925925924,0.0,0.037037037037037035,1.0,0.0,1.0
712,0.95,0.05,0.0,0.0,0.0,0.0,0.7407407407407407,0.25925925925925924,0.0,0.0,1.0,0.0,1.0
713,1.0,0.0,0.0,0.0,0.0,0.0,0.7037037037037037,0.25925925925925924,0.0,0.037037037037037035,1.0,0.0,1.0
714,1.0,0.0,0.0,0.0,0.0,0.03571428571428571,0.7142857142857143,0.25,0.0,0.0,1.0,0.0,1.0
715,0.9523809523809523,0.0,0.0,0.0,0.047619047619047616,0.0,0.7407407407407407,0.25925925925925924,0.0,0.0,1.0,0.0,1.0
716,1.0,0.0,0.0,0.0,0.0,0.0,0.7037037037037037,0.25925925925925924,0.0,0.037037037037037035,1.0,0.0,1.0
717,0.95,0.05,0.0,0.0,0.0,0.0,0.7407407407407407,0.25925925925925924,0.0,0.0,1.0,0.0,1.0
718,0.95,0.05,0.0,0.0,0.0,0.0,0.7407407407407407,0.25925925925925924,0.0,0.0,1.0,0.0,1.0
719,0.95,0.05,0.0,0.0,0.0,0.0,0.7407407407407407,0.25925925925925924,0.0,0.0,1.0,0.0,1.0
720,0.95,0.05,0.0,0.0,0.0,0.0,0.7407407407407407,0.25925925925925924,0.0,0.0,1.0,0.0,1.0
721,0.7037037037037037,0.037037037037037035,0.0,0.25925925925925924,0.0,0.0,1.0,0.0,0.0,0.0,1.0,0.0,1.0
722,1.0,0.0,0.0,0.0,0.0,0.03571428571428571,0.7142857142857143,0.25,0.0,0.0,1.0,0.0,1.0
723,0.95,0.05,0.0,0.0,0.0,0.0,0.7407407407407407,0.25925925925925924,0.0,0.0,1.0,0.0,1.0
724,0.95,0.05,0.0,0.0,0.0,0.0,0.7407407407407407,0.25925925925925924,0.0,0.0,1.0,0.0,1.0
725,1.0,0.0,0.0,0.0,0.0,0.0,0.7037037037037037,0.25925925925925924,0.0,0.037037037037037035,1.0,0.0,1.0
726,0.9523809523809523,0.0,0.0,0.0,0.047619047619047616,0.0,0.7407407407407407,0.25925925925925924,0.0,0.0,1.0,0.0,1.0
727,1.0,0.0,0.0,0.0,0.0,0.03571428571428571,0.7142857142857143,0.25,0.0,0.0,1.0,0.0,1.0
728,0.9523809523809523,0.0,0.0,0.0,0.047619047619047616,0.0,0.7407407407407407,0.25925925925925924,0.0,0.0,1.0,0.0,1.0
729,0.95,0.05,0.0,0.0,0.0,0.0,0.7407407407407407,0.25925925925925924,0.0,0.0,1.0,0.0,1.0
730,1.0,0.0,0.0,0.0,0.0,0.03571428571428571,0.7142857142857143,0.25,0.0,0.0,1.0,0.0,1.0
731,0.95,0.05,0.0,0.0,0.0,0.0,0.7407407407407407,0.25925925925925924,0.0,0.0,1.0,0.0,1.0
732,1.0,0.0,0.0,0.0,0.0,0.0,0.7037037037037037,0.25925925925925924,0.0,0.037037037037037035,1.0,0.0,1.0
733,0.95,0.05,0.0,0.0,0.0,0.0,0.7407407407407407,0.25925925925925924,0.0,0.0,1.0,0.0,1.0
734,0.7037037037037037,0.037037037037037035,0.0,0.25925925925925924,0.0,0.0,1.0,0.0,0.0,0.0,1.0,0.0,1.0
735,0.7142857142857143,0.0,0.0,0.25,0.03571428571428571,0.0,1.0,0.0,0.0,0.0,1.0,0.0,1.0
736,0.7037037037037037,0.037037037037037035,0.0,0.25925925925925924,0.0,0.0,1.0,0.0,0.0,0.0,1.0,0.0,1.0
737,1.0,0.0,0.0,0.0,0.0,0.03571428571428571,0.7142857142857143,0.25,0.0,0.0,1.0,0.0,1.0
738,1.0,0.0,0.0,0.0,0.0,0.03571428571428571,0.7142857142857143,0.25,0.0,0.0,1.0,0.0,1.0
739,0.95,0.05,0.0,0.0,0.0,0.0,0.7407407407407407,0.25925925925925924,0.0,0.0,1.0,0.0,1.0
740,1.0,0.0,0.0,0.0,0.0,0.0,0.7037037037037037,0.25925925925925924,0.0,0.037037037037037035,1.0,0.0,1.0
741,0.95,0.05,0.0,0.0,0.0,0.0,0.7407407407407407,0.25925925925925924,0.0,0.0,1.0,0.0,1.0
742,1.0,0.0,0.0,0.0,0.0,0.03571428571428571,0.7142857142857143,0.25,0.0,0.0,1.0,0.0,1.0
743,1.0,0.0,0.0,0.0,0.0,0.0,0.7037037037037037,0.25925925925925924,0.0,0.037037037037037035,1.0,0.0,1.0
744,0.7037037037037037,0.037037037037037035,0.0,0.25925925925925924,0.0,0.0,1.0,0.0,0.0,0.0,1.0,0.0,1.0
745,0.7037037037037037,0.037037037037037035,0.0,0.25925925925925924,0.0,0.0,1.0,0.0,0.0,0.0,1.0,0.0,1.0
746,0.7407407407407407,0.0,0.0,0.25925925925925924,0.0,0.0,0.95,0.0,0.0,0.05,1.0,0.0,1.0
747,0.65,0.05,0.3,0.0,0.0,0.0,1.0,0.0,0.0,0.0,0.8888888888888888,0.1111111111111111,1.0
748,1.0,0.0,0.0,0.0,0.0,0.03571428571428571,0.7142857142857143,0.25,0.0,0.0,1.0,0.0,1.0
749,0.9523809523809523,0.0,0.0,0.0,0.047619047619047616,0.0,0.7407407407407407,0.25925925925925924,0.0,0.0,1.0,0.0,1.0
750,1.0,0.0,0.0,0.0,0.0,0.03571428571428571,0.7142857142857143,0.25,0.0,0.0,1.0,0.0,1.0
751,0.9523809523809523,0.0,0.0,0.0,0.047619047619047616,0.0,0.7407407407407407,0.25925925925925924,0.0,0.0,1.0,0.0,1.0
752,0.95,0.05,0.0,0.0,0.0,0.0,0.7407407407407407,0.25925925925925924,0.0,0.0,1.0,0.0,1.0
753,1.0,0.0,0.0,0.0,0.0,0.0,0.7037037037037037,0.25925925925925924,0.0,0.037037037037037035,1.0,0.0,1.0
754,0.95,0.05,0.0,0.0,0.0,0.0,0.7407407407407407,0.25925925925925924,0.0,0.0,1.0,0.0,1.0
755,0.95,0.05,0.0,0.0,0.0,0.0,0.7407407407407407,0.25925925925925924,0.0,0.0,1.0,0.0,1.0
756,1.0,0.0,0.0,0.0,0.0,0.0,0.7037037037037037,0.25925925925925924,0.0,0.037037037037037035,1.0,0.0,1.0
757,0.9523809523809523,0.0,0.0,0.0,0.047619047619047616,0.0,0.7407407407407407,0.25925925925925924,0.0,0.0,1.0,0.0,1.0
758,0.7037037037037037,0.037037037037037035,0.0,0.25925925925925924,0.0,0.0,1.0,0.0,0.0,0.0,1.0,0.0,1.0
759,0.7037037037037037,0.037037037037037035,0.0,0.25925925925925924,0.0,0.0,1.0,0.0,0.0,0.0,1.0,0.0,1.0
760,0.7407407407407407,0.0,0.0,0.25925925925925924,0.0,0.0,0.95,0.0,0.0,0.05,1.0,0.0,1.0
761,1.0,0.0,0.0,0.0,0.0,0.0,0.7037037037037037,0.25925925925925924,0.0,0.037037037037037035,1.0,0.0,1.0
762,0.7407407407407407,0.0,0.0,0.25925925925925924,0.0,0.0,0.95,0.0,0.0,0.05,1.0,0.0,1.0
763,0.95,0.05,0.0,0.0,0.0,0.0,0.6818181818181818,0.09090909090909091,0.22727272727272727,0.0,1.0,0.0,1.0
764,0.9523809523809523,0.0,0.0,0.0,0.047619047619047616,0.0,0.7083333333333334,0.16666666666666666,0.125,0.0,1.0,0.0,1.0
765,0.9523809523809523,0.0,0.0,0.0,0.047619047619047616,0.0,0.7,0.0,0.3,0.0,0.8888888888888888,0.1111111111111111,1.0
766,1.0,0.0,0.0,0.0,0.0,0.0,0.65,0.0,0.3,0.05,0.8888888888888888,0.1111111111111111,1.0
767,0.7407407407407407,0.0,0.0,0.25925925925925924,0.0,0.047619047619047616,0.9523809523809523,0.0,0.0,0.0,1.0,0.0,1.0
768,0.65,0.05,0.3,0.0,0.0,0.0,0.95,0.0,0.05,0.0,1.0,0.0,1.0
769,0.8,0.0,0.2,0.0,0.0,0.047619047619047616,0.8095238095238095,0.0,0.14285714285714285,0.0,1.0,0.0,1.0
770,0.8260869565217391,0.043478260869565216,0.0,0.13043478260869565,0.0,0.0,0.8333333333333334,0.16666666666666666,0.0,0.0,1.0,0.0,1.0
771,0.7407407407407407,0.0,0.0,0.25925925925925924,0.0,0.0,0.95,0.0,0.0,0.05,1.0,0.0,1.0
772,0.7142857142857143,0.0,0.0,0.25,0.03571428571428571,0.0,1.0,0.0,0.0,0.0,1.0,0.0,1.0
773,0.7142857142857143,0.0,0.0,0.25,0.03571428571428571,0.0,1.0,0.0,0.0,0.0,1.0,0.0,1.0
774,0.7142857142857143,0.0,0.0,0.25,0.03571428571428571,0.0,1.0,0.0,0.0,0.0,1.0,0.0,1.0
775,0.7037037037037037,0.037037037037037035,0.0,0.25925925925925924,0.0,0.0,1.0,0.0,0.0,0.0,1.0,0.0,1.0
776,0.7142857142857143,0.0,0.0,0.25,0.03571428571428571,0.0,1.0,0.0,0.0,0.0,1.0,0.0,1.0
777,0.7142857142857143,0.0,0.0,0.25,0.03571428571428571,0.0,1.0,0.0,0.0,0.0,1.0,0.0,1.0
778,0.7142857142857143,0.0,0.0,0.25,0.03571428571428571,0.0,1.0,0.0,0.0,0.0,1.0,0.0,1.0
779,0.7407407407407407,0.0,0.0,0.25925925925925924,0.0,0.047619047619047616,0.9523809523809523,0.0,0.0,0.0,1.0,0.0,1.0
780,0.7037037037037037,0.037037037037037035,0.0,0.25925925925925924,0.0,0.0,1.0,0.0,0.0,0.0,1.0,0.0,1.0
781,0.7037037037037037,0.037037037037037035,0.0,0.25925925925925924,0.0,0.0,1.0,0.0,0.0,0.0,1.0,0.0,1.0
782,0.7407407407407407,0.0,0.0,0.25925925925925924,0.0,0.0,0.95,0.0,0.0,0.05,1.0,0.0,1.0
783,0.7407407407407407,0.0,0.0,0.25925925925925924,0.0,0.047619047619047616,0.9523809523809523,0.0,0.0,0.0,1.0,0.0,1.0
784,0.7407407407407407,0.0,0.0,0.25925925925925924,0.0,0.047619047619047616,0.9523809523809523,0.0,0.0,0.0,1.0,0.0,1.0
785,0.7037037037037037,0.037037037037037035,0.0,0.25925925925925924,0.0,0.0,1.0,0.0,0.0,0.0,1.0,0.0,1.0
786,0.7407407407407407,0.0,0.0,0.25925925925925924,0.0,0.047619047619047616,0.9523809523809523,0.0,0.0,0.0,1.0,0.0,1.0
787,0.7142857142857143,0.0,0.0,0.25,0.03571428571428571,0.0,1.0,0.0,0.0,0.0,1.0,0.0,1.0
788,0.7142857142857143,0.0,0.0,0.25,0.03571428571428571,0.0,1.0,0.0,0.0,0.0,1.0,0.0,1.0
789,0.7142857142857143,0.0,0.0,0.25,0.03571428571428571,0.0,1.0,0.0,0.0,0.0,1.0,0.0,1.0
790,0.7407407407407407,0.0,0.0,0.25925925925925924,0.0,0.047619047619047616,0.9523809523809523,0.0,0.0,0.0,1.0,0.0,1.0
791,0.7407407407407407,0.0,0.0,0.25925925925925924,0.0,0.047619047619047616,0.9523809523809523,0.0,0.0,0.0,1.0,0.0,1.0
792,0.7407407407407407,0.0,0.0,0.25925925925925924,0.0,0.047619047619047616,0.9523809523809523,0.0,0.0,0.0,1.0,0.0,1.0
793,0.7407407407407407,0.0,0.0,0.25925925925925924,0.0,0.0,0.95,0.0,0.0,0.05,1.0,0.0,1.0
794,0.7407407407407407,0.0,0.0,0.25925925925925924,0.0,0.0,0.95,0.0,0.0,0.05,1.0,0.0,1.0
795,0.7407407407407407,0.0,0.0,0.25925925925925924,0.0,0.047619047619047616,0.9523809523809523,0.0,0.0,0.0,1.0,0.0,1.0
796,0.7037037037037037,0.037037037037037035,0.0,0.25925925925925924,0.0,0.0,1.0,0.0,0.0,0.0,1.0,0.0,1.0
797,0.7407407407407407,0.0,0.0,0.25925925925925924,0.0,0.047619047619047616,0.9523809523809523,0.0,0.0,0.0,1.0,0.0,1.0
798,0.7407407407407407,0.0,0.0,0.25925925925925924,0.0,0.0,0.95,0.0,0.0,0.05,1.0,0.0,1.0
799,0.7407407407407407,0.0,0.0,0.25925925925925924,0.0,0.047619047619047616,0.9523809523809523,0.0,0.0,0.0,1.0,0.0,1.0
800,0.7407407407407407,0.0,0.0,0.25925925925925924,0.0,0.0,0.95,0.0,0.0,0.05,1.0,0.0,1.0
801,0.7407407407407407,0.0,0.0,0.25925925925925924,0.0,0.047619047619047616,0.9523809523809523,0.0,0.0,0.0,1.0,0.0,1.0
802,1.0,0.0,0.0,0.0,0.0,0.03571428571428571,0.7142857142857143,0.25,0.0,0.0,1.0,0.0,1.0
803,0.7407407407407407,0.0,0.0,0.25925925925925924,0.0,0.047619047619047616,0.9523809523809523,0.0,0.0,0.0,1.0,0.0,1.0
804,1.0,0.0,0.0,0.0,0.0,0.0,0.7037037037037037,0.25925925925925924,0.0,0.037037037037037035,1.0,0.0,1.0
805,0.7037037037037037,0.037037037037037035,0.0,0.25925925925925924,0.0,0.0,1.0,0.0,0.0,0.0,1.0,0.0,1.0
806,0.7037037037037037,0.037037037037037035,0.0,0.25925925925925924,0.0,0.0,1.0,0.0,0.0,0.0,1.0,0.0,1.0
807,0.7037037037037037,0.037037037037037035,0.0,0.25925925925925924,0.0,0.0,1.0,0.0,0.0,0.0,1.0,0.0,1.0
808,0.7407407407407407,0.0,0.0,0.25925925925925924,0.0,0.0,0.95,0.0,0.0,0.05,1.0,0.0,1.0
809,0.7407407407407407,0.0,0.0,0.25925925925925924,0.0,0.0,0.95,0.0,0.0,0.05,1.0,0.0,1.0
810,0.95,0.05,0.0,0.0,0.0,0.0,0.7407407407407407,0.25925925925925924,0.0,0.0,1.0,0.0,1.0
811,0.9523809523809523,0.0,0.0,0.0,0.047619047619047616,0.0,0.7407407407407407,0.25925925925925924,0.0,0.0,1.0,0.0,1.0
812,1.0,0.0,0.0,0.0,0.0,0.03571428571428571,0.7142857142857143,0.25,0.0,0.0,1.0,0.0,1.0
813,0.9523809523809523,0.0,0.0,0.0,0.047619047619047616,0.0,0.7407407407407407,0.25925925925925924,0.0,0.0,1.0,0.0,1.0
814,0.7407407407407407,0.0,0.0,0.25925925925925924,0.0,0.047619047619047616,0.9523809523809523,0.0,0.0,0.0,1.0,0.0,1.0
815,0.9523809523809523,0.0,0.0,0.0,0.047619047619047616,0.0,0.7407407407407407,0.25925925925925924,0.0,0.0,1.0,0.0,1.0
816,1.0,0.0,0.0,0.0,0.0,0.0,0.7037037037037037,0.25925925925925924,0.0,0.037037037037037035,1.0,0.0,1.0
817,0.7407407407407407,0.0,0.0,0.25925925925925924,0.0,0.047619047619047616,0.9523809523809523,0.0,0.0,0.0,1.0,0.0,1.0
818,0.7407407407407407,0.0,0.0,0.25925925925925924,0.0,0.0,0.95,0.0,0.0,0.05,1.0,0.0,1.0
819,0.7037037037037037,0.037037037037037035,0.0,0.25925925925925924,0.0,0.0,1.0,0.0,0.0,0.0,1.0,0.0,1.0
820,0.7407407407407407,0.0,0.0,0.25925925925925924,0.0,0.0,0.95,0.0,0.0,0.05,1.0,0.0,1.0
821,0.9523809523809523,0.0,0.0,0.0,0.047619047619047616,0.0,0.7407407407407407,0.25925925925925924,0.0,0.0,1.0,0.0,1.0
822,1.0,0.0,0.0,0.0,0.0,0.03571428571428571,0.7142857142857143,0.25,0.0,0.0,1.0,0.0,1.0
823,1.0,0.0,0.0,0.0,0.0,0.03571428571428571,0.7142857142857143,0.25,0.0,0.0,1.0,0.0,1.0
824,0.7407407407407407,0.0,0.0,0.25925925925925924,0.0,0.047619047619047616,0.9523809523809523,0.0,0.0,0.0,1.0,0.0,1.0
825,0.7407407407407407,0.0,0.0,0.25925925925925924,0.0,0.0,0.95,0.0,0.0,0.05,1.0,0.0,1.0
826,0.7407407407407407,0.0,0.0,0.25925925925925924,0.0,0.0,0.95,0.0,0.0,0.05,1.0,0.0,1.0
827,0.7407407407407407,0.0,0.0,0.25925925925925924,0.0,0.047619047619047616,0.9523809523809523,0.0,0.0,0.0,1.0,0.0,1.0
828,1.0,0.0,0.0,0.0,0.0,0.03571428571428571,0.7142857142857143,0.25,0.0,0.0,1.0,0.0,1.0
829,1.0,0.0,0.0,0.0,0.0,0.0,0.7037037037037037,0.25925925925925924,0.0,0.037037037037037035,1.0,0.0,1.0
830,0.95,0.05,0.0,0.0,0.0,0.0,0.7407407407407407,0.25925925925925924,0.0,0.0,1.0,0.0,1.0
831,0.7037037037037037,0.037037037037037035,0.0,0.25925925925925924,0.0,0.0,1.0,0.0,0.0,0.0,1.0,0.0,1.0
832,0.7037037037037037,0.037037037037037035,0.0,0.25925925925925924,0.0,0.0,1.0,0.0,0.0,0.0,1.0,0.0,1.0
833,0.7407407407407407,0.0,0.0,0.25925925925925924,0.0,0.047619047619047616,0.9523809523809523,0.0,0.0,0.0,1.0,0.0,1.0
834,1.0,0.0,0.0,0.0,0.0,0.0,0.7037037037037037,0.25925925925925924,0.0,0.037037037037037035,1.0,0.0,1.0
835,0.9523809523809523,0.0,0.0,0.0,0.047619047619047616,0.0,0.7407407407407407,0.25925925925925924,0.0,0.0,1.0,0.0,1.0
836,0.95,0.05,0.0,0.0,0.0,0.0,0.7407407407407407,0.25925925925925924,0.0,0.0,1.0,0.0,1.0
837,0.7407407407407407,0.0,0.0,0.25925925925925924,0.0,0.0,0.95,0.0,0.0,0.05,1.0,0.0,1.0
838,0.7407407407407407,0.0,0.0,0.25925925925925924,0.0,0.047619047619047616,0.9523809523809523,0.0,0.0,0.0,1.0,0.0,1.0
839,0.9523809523809523,0.0,0.0,0.0,0.047619047619047616,0.0,0.7407407407407407,0.25925925925925924,0.0,0.0,1.0,0.0,1.0
840,1.0,0.0,0.0,0.0,0.0,0.03571428571428571,0.7142857142857143,0.25,0.0,0.0,1.0,0.0,1.0
841,1.0,0.0,0.0,0.0,0.0,0.03571428571428571,0.7142857142857143,0.25,0.0,0.0,1.0,0.0,1.0
842,0.7037037037037037,0.037037037037037035,0.0,0.25925925925925924,0.0,0.0,1.0,0.0,0.0,0.0,1.0,0.0,1.0
843,1.0,0.0,0.0,0.0,0.0,0.03571428571428571,0.7142857142857143,0.25,0.0,0.0,1.0,0.0,1.0
844,1.0,0.0,0.0,0.0,0.0,0.0,0.7037037037037037,0.25925925925925924,0.0,0.037037037037037035,1.0,0.0,1.0
845,0.95,0.05,0.0,0.0,0.0,0.0,0.7407407407407407,0.25925925925925924,0.0,0.0,1.0,0.0,1.0
846,0.9523809523809523,0.0,0.0,0.0,0.047619047619047616,0.0,0.7407407407407407,0.25925925925925924,0.0,0.0,1.0,0.0,1.0
847,1.0,0.0,0.0,0.0,0.0,0.0,0.7037037037037037,0.25925925925925924,0.0,0.037037037037037035,1.0,0.0,1.0
848,0.95,0.05,0.0,0.0,0.0,0.0,0.7407407407407407,0.25925925925925924,0.0,0.0,1.0,0.0,1.0
849,0.7407407407407407,0.0,0.0,0.25925925925925924,0.0,0.0,0.95,0.0,0.0,0.05,1.0,0.0,1.0
850,0.9523809523809523,0.0,0.0,0.0,0.047619047619047616,0.0,0.7407407407407407,0.25925925925925924,0.0,0.0,1.0,0.0,1.0
851,0.9523809523809523,0.0,0.0,0.0,0.047619047619047616,0.0,0.7407407407407407,0.25925925925925924,0.0,0.0,1.0,0.0,1.0
852,1.0,0.0,0.0,0.0,0.0,0.0,0.7037037037037037,0.25925925925925924,0.0,0.037037037037037035,1.0,0.0,1.0
853,0.9523809523809523,0.0,0.0,0.0,0.047619047619047616,0.0,0.7407407407407407,0.25925925925925924,0.0,0.0,1.0,0.0,1.0
854,1.0,0.0,0.0,0.0,0.0,0.0,0.7037037037037037,0.25925925925925924,0.0,0.037037037037037035,1.0,0.0,1.0
855,0.9523809523809523,0.0,0.0,0.0,0.047619047619047616,0.0,0.7407407407407407,0.25925925925925924,0.0,0.0,1.0,0.0,1.0
856,1.0,0.0,0.0,0.0,0.0,0.03571428571428571,0.7142857142857143,0.25,0.0,0.0,1.0,0.0,1.0
857,0.95,0.05,0.0,0.0,0.0,0.0,0.7407407407407407,0.25925925925925924,0.0,0.0,1.0,0.0,1.0
858,1.0,0.0,0.0,0.0,0.0,0.0,0.7037037037037037,0.25925925925925924,0.0,0.037037037037037035,1.0,0.0,1.0
859,0.7407407407407407,0.0,0.0,0.25925925925925924,0.0,0.0,0.95,0.0,0.0,0.05,1.0,0.0,1.0
860,0.7142857142857143,0.0,0.0,0.25,0.03571428571428571,0.0,1.0,0.0,0.0,0.0,1.0,0.0,1.0
861,0.7407407407407407,0.0,0.0,0.25925925925925924,0.0,0.0,0.95,0.0,0.0,0.05,1.0,0.0,1.0
862,0.9523809523809523,0.0,0.0,0.0,0.047619047619047616,0.0,0.7407407407407407,0.25925925925925924,0.0,0.0,1.0,0.0,1.0
863,0.9523809523809523,0.0,0.0,0.0,0.047619047619047616,0.0,0.7407407407407407,0.25925925925925924,0.0,0.0,1.0,0.0,1.0
864,0.7407407407407407,0.0,0.0,0.25925925925925924,0.0,0.0,0.95,0.0,0.0,0.05,1.0,0.0,1.0
865,0.95,0.05,0.0,0.0,0.0,0.0,0.7407407407407407,0.25925925925925924,0.0,0.0,1.0,0.0,1.0
866,1.0,0.0,0.0,0.0,0.0,0.0,0.7037037037037037,0.25925925925925924,0.0,0.037037037037037035,1.0,0.0,1.0
867,0.9523809523809523,0.0,0.0,0.0,0.047619047619047616,0.0,0.7407407407407407,0.25925925925925924,0.0,0.0,1.0,0.0,1.0
868,0.9523809523809523,0.0,0.0,0.0,0.047619047619047616,0.0,0.7407407407407407,0.25925925925925924,0.0,0.0,1.0,0.0,1.0
869,1.0,0.0,0.0,0.0,0.0,0.03571428571428571,0.7142857142857143,0.25,0.0,0.0,1.0,0.0,1.0
870,1.0,0.0,0.0,0.0,0.0,0.0,0.7037037037037037,0.25925925925925924,0.0,0.037037037037037035,1.0,0.0,1.0
871,1.0,0.0,0.0,0.0,0.0,0.03571428571428571,0.7142857142857143,0.25,0.0,0.0,1.0,0.0,1.0
872,0.9523809523809523,0.0,0.0,0.0,0.047619047619047616,0.0,0.7407407407407407,0.25925925925925924,0.0,0.0,1.0,0.0,1.0
873,1.0,0.0,0.0,0.0,0.0,0.0,0.7037037037037037,0.25925925925925924,0.0,0.037037037037037035,1.0,0.0,1.0
874,0.9523809523809523,0.0,0.0,0.0,0.047619047619047616,0.0,0.7407407407407407,0.25925925925925924,0.0,0.0,1.0,0.0,1.0
875,0.9523809523809523,0.0,0.0,0.0,0.047619047619047616,0.0,0.7407407407407407,0.25925925925925924,0.0,0.0,1.0,0.0,1.0
876,0.95,0.05,0.0,0.0,0.0,0.0,0.7407407407407407,0.25925925925925924,0.0,0.0,1.0,0.0,1.0
877,0.7037037037037037,0.037037037037037035,0.0,0.25925925925925924,0.0,0.0,1.0,0.0,0.0,0.0,1.0,0.0,1.0
878,1.0,0.0,0.0,0.0,0.0,0.0,0.7037037037037037,0.25925925925925924,0.0,0.037037037037037035,1.0,0.0,1.0
879,0.9523809523809523,0.0,0.0,0.0,0.047619047619047616,0.0,0.7407407407407407,0.25925925925925924,0.0,0.0,1.0,0.0,1.0
880,0.7142857142857143,0.0,0.0,0.25,0.03571428571428571,0.0,1.0,0.0,0.0,0.0,1.0,0.0,1.0
881,0.7037037037037037,0.037037037037037035,0.0,0.25925925925925924,0.0,0.0,1.0,0.0,0.0,0.0,1.0,0.0,1.0
882,0.7407407407407407,0.0,0.0,0.25925925925925924,0.0,0.0,0.95,0.0,0.0,0.05,1.0,0.0,1.0
883,0.7407407407407407,0.0,0.0,0.25925925925925924,0.0,0.047619047619047616,0.9523809523809523,0.0,0.0,0.0,1.0,0.0,1.0
884,0.9523809523809523,0.0,0.0,0.0,0.047619047619047616,0.0,0.7407407407407407,0.25925925925925924,0.0,0.0,1.0,0.0,1.0
885,1.0,0.0,0.0,0.0,0.0,0.0,0.7037037037037037,0.25925925925925924,0.0,0.037037037037037035,1.0,0.0,1.0
886,0.95,0.05,0.0,0.0,0.0,0.0,0.7407407407407407,0.25925925925925924,0.0,0.0,1.0,0.0,1.0
887,0.9523809523809523,0.0,0.0,0.0,0.047619047619047616,0.0,0.7407407407407407,0.25925925925925924,0.0,0.0,1.0,0.0,1.0
888,1.0,0.0,0.0,0.0,0.0,0.0,0.7037037037037037,0.25925925925925924,0.0,0.037037037037037035,1.0,0.0,1.0
889,1.0,0.0,0.0,0.0,0.0,0.03571428571428571,0.7142857142857143,0.25,0.0,0.0,1.0,0.0,1.0
890,1.0,0.0,0.0,0.0,0.0,0.0,0.7037037037037037,0.25925925925925924,0.0,0.037037037037037035,1.0,0.0,1.0
891,0.9523809523809523,0.0,0.0,0.0,0.047619047619047616,0.0,0.7407407407407407,0.25925925925925924,0.0,0.0,1.0,0.0,1.0
892,1.0,0.0,0.0,0.0,0.0,0.03571428571428571,0.7142857142857143,0.25,0.0,0.0,1.0,0.0,1.0
893,0.9523809523809523,0.0,0.0,0.0,0.047619047619047616,0.0,0.7407407407407407,0.25925925925925924,0.0,0.0,1.0,0.0,1.0
894,0.9523809523809523,0.0,0.0,0.0,0.047619047619047616,0.0,0.7407407407407407,0.25925925925925924,0.0,0.0,1.0,0.0,1.0
895,1.0,0.0,0.0,0.0,0.0,0.0,0.7037037037037037,0.25925925925925924,0.0,0.037037037037037035,1.0,0.0,1.0
896,0.7407407407407407,0.0,0.0,0.25925925925925924,0.0,0.047619047619047616,0.9523809523809523,0.0,0.0,0.0,1.0,0.0,1.0
897,0.7407407407407407,0.0,0.0,0.25925925925925924,0.0,0.0,0.95,0.0,0.0,0.05,1.0,0.0,1.0
898,1.0,0.0,0.0,0.0,0.0,0.03571428571428571,0.7142857142857143,0.25,0.0,0.0,1.0,0.0,1.0
899,1.0,0.0,0.0,0.0,0.0,0.03571428571428571,0.7142857142857143,0.25,0.0,0.0,1.0,0.0,1.0
900,0.9523809523809523,0.0,0.0,0.0,0.047619047619047616,0.0,0.7407407407407407,0.25925925925925924,0.0,0.0,1.0,0.0,1.0
901,0.7407407407407407,0.0,0.0,0.25925925925925924,0.0,0.047619047619047616,0.9523809523809523,0.0,0.0,0.0,1.0,0.0,1.0
902,1.0,0.0,0.0,0.0,0.0,0.0,0.7037037037037037,0.25925925925925924,0.0,0.037037037037037035,1.0,0.0,1.0
903,1.0,0.0,0.0,0.0,0.0,0.0,0.7037037037037037,0.25925925925925924,0.0,0.037037037037037035,1.0,0.0,1.0
904,0.95,0.05,0.0,0.0,0.0,0.0,0.7407407407407407,0.25925925925925924,0.0,0.0,1.0,0.0,1.0
905,1.0,0.0,0.0,0.0,0.0,0.0,0.7037037037037037,0.25925925925925924,0.0,0.037037037037037035,1.0,0.0,1.0
906,1.0,0.0,0.0,0.0,0.0,0.0,0.7037037037037037,0.25925925925925924,0.0,0.037037037037037035,1.0,0.0,1.0
907,1.0,0.0,0.0,0.0,0.0,0.03571428571428571,0.7142857142857143,0.25,0.0,0.0,1.0,0.0,1.0
908,1.0,0.0,0.0,0.0,0.0,0.03571428571428571,0.7142857142857143,0.25,0.0,0.0,1.0,0.0,1.0
909,0.9523809523809523,0.0,0.0,0.0,0.047619047619047616,0.0,0.7407407407407407,0.25925925925925924,0.0,0.0,1.0,0.0,1.0
910,0.95,0.05,0.0,0.0,0.0,0.0,0.7407407407407407,0.25925925925925924,0.0,0.0,1.0,0.0,1.0
911,0.9523809523809523,0.0,0.0,0.0,0.047619047619047616,0.0,0.7407407407407407,0.25925925925925924,0.0,0.0,1.0,0.0,1.0
912,0.7407407407407407,0.0,0.0,0.25925925925925924,0.0,0.0,0.95,0.0,0.0,0.05,1.0,0.0,1.0
913,1.0,0.0,0.0,0.0,0.0,0.03571428571428571,0.7142857142857143,0.25,0.0,0.0,1.0,0.0,1.0
914,0.9523809523809523,0.0,0.0,0.0,0.047619047619047616,0.0,0.7407407407407407,0.25925925925925924,0.0,0.0,1.0,0.0,1.0
915,1.0,0.0,0.0,0.0,0.0,0.0,0.7037037037037037,0.25925925925925924,0.0,0.037037037037037035,1.0,0.0,1.0
916,0.95,0.05,0.0,0.0,0.0,0.0,0.7407407407407407,0.25925925925925924,0.0,0.0,1.0,0.0,1.0
917,1.0,0.0,0.0,0.0,0.0,0.0,0.7037037037037037,0.25925925925925924,0.0,0.037037037037037035,1.0,0.0,1.0
918,0.7142857142857143,0.0,0.0,0.25,0.03571428571428571,0.0,1.0,0.0,0.0,0.0,1.0,0.0,1.0
919,0.7037037037037037,0.037037037037037035,0.0,0.25925925925925924,0.0,0.0,1.0,0.0,0.0,0.0,1.0,0.0,1.0
920,0.9523809523809523,0.0,0.0,0.0,0.047619047619047616,0.0,0.7407407407407407,0.25925925925925924,0.0,0.0,1.0,0.0,1.0
921,0.7407407407407407,0.0,0.0,0.25925925925925924,0.0,0.0,0.95,0.0,0.0,0.05,1.0,0.0,1.0
922,0.7142857142857143,0.0,0.0,0.25,0.03571428571428571,0.0,1.0,0.0,0.0,0.0,1.0,0.0,1.0
923,0.7142857142857143,0.0,0.0,0.25,0.03571428571428571,0.0,1.0,0.0,0.0,0.0,1.0,0.0,1.0
924,0.7037037037037037,0.037037037037037035,0.0,0.25925925925925924,0.0,0.0,1.0,0.0,0.0,0.0,1.0,0.0,1.0
925,0.7037037037037037,0.037037037037037035,0.0,0.25925925925925924,0.0,0.0,1.0,0.0,0.0,0.0,1.0,0.0,1.0
926,0.7407407407407407,0.0,0.0,0.25925925925925924,0.0,0.0,0.95,0.0,0.0,0.05,1.0,0.0,1.0
927,0.7037037037037037,0.037037037037037035,0.0,0.25925925925925924,0.0,0.0,1.0,0.0,0.0,0.0,1.0,0.0,1.0
928,0.7037037037037037,0.037037037037037035,0.0,0.25925925925925924,0.0,0.0,1.0,0.0,0.0,0.0,1.0,0.0,1.0
929,0.9523809523809523,0.0,0.0,0.0,0.047619047619047616,0.0,0.7407407407407407,0.25925925925925924,0.0,0.0,1.0,0.0,1.0
930,0.7037037037037037,0.037037037037037035,0.0,0.25925925925925924,0.0,0.0,1.0,0.0,0.0,0.0,1.0,0.0,1.0
931,0.7407407407407407,0.0,0.0,0.25925925925925924,0.0,0.047619047619047616,0.9523809523809523,0.0,0.0,0.0,1.0,0.0,1.0
932,0.7407407407407407,0.0,0.0,0.25925925925925924,0.0,0.047619047619047616,0.9523809523809523,0.0,0.0,0.0,1.0,0.0,1.0
933,0.95,0.05,0.0,0.0,0.0,0.0,0.7407407407407407,0.25925925925925924,0.0,0.0,1.0,0.0,1.0
934,0.7692307692307693,0.0,0.0,0.23076923076923078,0.0,0.0,0.9047619047619048,0.047619047619047616,0.0,0.047619047619047616,1.0,0.0,1.0
935,0.7037037037037037,0.037037037037037035,0.0,0.25925925925925924,0.0,0.0,1.0,0.0,0.0,0.0,1.0,0.0,1.0
936,0.7407407407407407,0.0,0.0,0.25925925925925924,0.0,0.047619047619047616,0.9523809523809523,0.0,0.0,0.0,1.0,0.0,1.0
937,0.95,0.05,0.0,0.0,0.0,0.0,0.7407407407407407,0.25925925925925924,0.0,0.0,1.0,0.0,1.0
938,1.0,0.0,0.0,0.0,0.0,0.03571428571428571,0.7142857142857143,0.25,0.0,0.0,1.0,0.0,1.0
939,0.7407407407407407,0.0,0.0,0.25925925925925924,0.0,0.047619047619047616,0.9523809523809523,0.0,0.0,0.0,1.0,0.0,1.0
940,0.7142857142857143,0.0,0.0,0.25,0.03571428571428571,0.0,1.0,0.0,0.0,0.0,1.0,0.0,1.0
941,0.7407407407407407,0.0,0.0,0.25925925925925924,0.0,0.047619047619047616,0.9523809523809523,0.0,0.0,0.0,1.0,0.0,1.0
942,1.0,0.0,0.0,0.0,0.0,0.0,0.7037037037037037,0.25925925925925924,0.0,0.037037037037037035,1.0,0.0,1.0
943,0.9523809523809523,0.0,0.0,0.0,0.047619047619047616,0.0,0.7407407407407407,0.25925925925925924,0.0,0.0,1.0,0.0,1.0
944,1.0,0.0,0.0,0.0,0.0,0.0,0.7037037037037037,0.25925925925925924,0.0,0.037037037037037035,1.0,0.0,1.0
945,0.7407407407407407,0.0,0.0,0.25925925925925924,0.0,0.047619047619047616,0.9523809523809523,0.0,0.0,0.0,1.0,0.0,1.0
946,0.7142857142857143,0.0,0.0,0.25,0.03571428571428571,0.0,1.0,0.0,0.0,0.0,1.0,0.0,1.0
947,0.7407407407407407,0.0,0.0,0.25925925925925924,0.0,0.047619047619047616,0.9523809523809523,0.0,0.0,0.0,1.0,0.0,1.0
948,0.7037037037037037,0.037037037037037035,0.0,0.25925925925925924,0.0,0.0,1.0,0.0,0.0,0.0,1.0,0.0,1.0
949,0.9523809523809523,0.0,0.0,0.0,0.047619047619047616,0.0,0.7407407407407407,0.25925925925925924,0.0,0.0,1.0,0.0,1.0
950,0.7407407407407407,0.0,0.0,0.25925925925925924,0.0,0.0,0.95,0.0,0.0,0.05,1.0,0.0,1.0
951,0.7407407407407407,0.0,0.0,0.25925925925925924,0.0,0.047619047619047616,0.9523809523809523,0.0,0.0,0.0,1.0,0.0,1.0
952,0.7037037037037037,0.037037037037037035,0.0,0.25925925925925924,0.0,0.0,1.0,0.0,0.0,0.0,1.0,0.0,1.0
953,0.7037037037037037,0.037037037037037035,0.0,0.25925925925925924,0.0,0.0,1.0,0.0,0.0,0.0,1.0,0.0,1.0
954,0.95,0.05,0.0,0.0,0.0,0.0,0.7407407407407407,0.25925925925925924,0.0,0.0,1.0,0.0,1.0
955,0.9523809523809523,0.0,0.0,0.0,0.047619047619047616,0.0,0.7407407407407407,0.25925925925925924,0.0,0.0,1.0,0.0,1.0
956,0.95,0.05,0.0,0.0,0.0,0.0,0.7407407407407407,0.25925925925925924,0.0,0.0,1.0,0.0,1.0
957,0.9523809523809523,0.0,0.0,0.0,0.047619047619047616,0.0,0.7407407407407407,0.25925925925925924,0.0,0.0,1.0,0.0,1.0
958,0.7407407407407407,0.0,0.0,0.25925925925925924,0.0,0.0,0.95,0.0,0.0,0.05,1.0,0.0,1.0
959,0.7407407407407407,0.0,0.0,0.25925925925925924,0.0,0.0,0.95,0.0,0.0,0.05,1.0,0.0,1.0
960,0.7407407407407407,0.0,0.0,0.25925925925925924,0.0,0.047619047619047616,0.9523809523809523,0.0,0.0,0.0,1.0,0.0,1.0
961,0.7407407407407407,0.0,0.0,0.25925925925925924,0.0,0.0,0.95,0.0,0.0,0.05,1.0,0.0,1.0
962,0.95,0.05,0.0,0.0,0.0,0.0,0.7407407407407407,0.25925925925925924,0.0,0.0,1.0,0.0,1.0
963,0.95,0.05,0.0,0.0,0.0,0.0,0.7407407407407407,0.25925925925925924,0.0,0.0,1.0,0.0,1.0
964,0.9523809523809523,0.0,0.0,0.0,0.047619047619047616,0.0,0.7407407407407407,0.25925925925925924,0.0,0.0,1.0,0.0,1.0
965,1.0,0.0,0.0,0.0,0.0,0.0,0.7037037037037037,0.25925925925925924,0.0,0.037037037037037035,1.0,0.0,1.0
966,0.9523809523809523,0.0,0.0,0.0,0.047619047619047616,0.0,0.7407407407407407,0.25925925925925924,0.0,0.0,1.0,0.0,1.0
967,0.9523809523809523,0.0,0.0,0.0,0.047619047619047616,0.0,0.7407407407407407,0.25925925925925924,0.0,0.0,1.0,0.0,1.0
968,1.0,0.0,0.0,0.0,0.0,0.0,0.7037037037037037,0.25925925925925924,0.0,0.037037037037037035,1.0,0.0,1.0
969,1.0,0.0,0.0,0.0,0.0,0.0,0.7037037037037037,0.25925925925925924,0.0,0.037037037037037035,1.0,0.0,1.0
970,1.0,0.0,0.0,0.0,0.0,0.0,0.7037037037037037,0.25925925925925924,0.0,0.037037037037037035,1.0,0.0,1.0
971,0.7142857142857143,0.0,0.0,0.25,0.03571428571428571,0.0,1.0,0.0,0.0,0.0,1.0,0.0,1.0
972,0.7407407407407407,0.0,0.0,0.25925925925925924,0.0,0.0,0.95,0.0,0.0,0.05,1.0,0.0,1.0
973,0.7037037037037037,0.037037037037037035,0.0,0.25925925925925924,0.0,0.0,1.0,0.0,0.0,0.0,1.0,0.0,1.0
974,0.7407407407407407,0.0,0.0,0.25925925925925924,0.0,0.047619047619047616,0.9523809523809523,0.0,0.0,0.0,1.0,0.0,1.0
975,0.7407407407407407,0.0,0.0,0.25925925925925924,0.0,0.0,0.95,0.0,0.0,0.05,1.0,0.0,1.0
976,0.7037037037037037,0.037037037037037035,0.0,0.25925925925925924,0.0,0.0,1.0,0.0,0.0,0.0,1.0,0.0,1.0
977,0.7407407407407407,0.0,0.0,0.25925925925925924,0.0,0.0,0.95,0.0,0.0,0.05,1.0,0.0,1.0
978,0.9523809523809523,0.0,0.0,0.0,0.047619047619047616,0.0,0.7407407407407407,0.25925925925925924,0.0,0.0,1.0,0.0,1.0
979,0.9523809523809523,0.0,0.0,0.0,0.047619047619047616,0.0,0.7407407407407407,0.25925925925925924,0.0,0.0,1.0,0.0,1.0
980,1.0,0.0,0.0,0.0,0.0,0.0,0.7037037037037037,0.25925925925925924,0.0,0.037037037037037035,1.0,0.0,1.0
981,1.0,0.0,0.0,0.0,0.0,0.03571428571428571,0.7142857142857143,0.25,0.0,0.0,1.0,0.0,1.0
982,0.7037037037037037,0.037037037037037035,0.0,0.25925925925925924,0.0,0.0,1.0,0.0,0.0,0.0,1.0,0.0,1.0
983,0.7142857142857143,0.0,0.0,0.25,0.03571428571428571,0.0,1.0,0.0,0.0,0.0,1.0,0.0,1.0
984,0.7407407407407407,0.0,0.0,0.25925925925925924,0.0,0.047619047619047616,0.9523809523809523,0.0,0.0,0.0,1.0,0.0,1.0
985,1.0,0.0,0.0,0.0,0.0,0.0,0.7037037037037037,0.25925925925925924,0.0,0.037037037037037035,1.0,0.0,1.0
986,0.7407407407407407,0.0,0.0,0.25925925925925924,0.0,0.047619047619047616,0.9523809523809523,0.0,0.0,0.0,1.0,0.0,1.0
987,0.9523809523809523,0.0,0.0,0.0,0.047619047619047616,0.0,0.7407407407407407,0.25925925925925924,0.0,0.0,1.0,0.0,1.0
988,0.7142857142857143,0.0,0.0,0.25,0.03571428571428571,0.0,1.0,0.0,0.0,0.0,1.0,0.0,1.0
989,0.7407407407407407,0.0,0.0,0.25925925925925924,0.0,0.0,0.95,0.0,0.0,0.05,1.0,0.0,1.0
990,0.7037037037037037,0.037037037037037035,0.0,0.25925925925925924,0.0,0.0,1.0,0.0,0.0,0.0,1.0,0.0,1.0
991,0.7142857142857143,0.0,0.0,0.25,0.03571428571428571,0.0,1.0,0.0,0.0,0.0,1.0,0.0,1.0
992,0.7407407407407407,0.0,0.0,0.25925925925925924,0.0,0.047619047619047616,0.9523809523809523,0.0,0.0,0.0,1.0,0.0,1.0
993,0.95,0.05,0.0,0.0,0.0,0.0,0.7407407407407407,0.25925925925925924,0.0,0.0,1.0,0.0,1.0
994,0.7407407407407407,0.0,0.0,0.25925925925925924,0.0,0.0,0.95,0.0,0.0,0.05,1.0,0.0,1.0
995,0.7407407407407407,0.0,0.0,0.25925925925925924,0.0,0.0,0.95,0.0,0.0,0.05,1.0,0.0,1.0
996,0.7407407407407407,0.0,0.0,0.25925925925925924,0.0,0.047619047619047616,0.9523809523809523,0.0,0.0,0.0,1.0,0.0,1.0
997,0.7407407407407407,0.0,0.0,0.25925925925925924,0.0,0.047619047619047616,0.9523809523809523,0.0,0.0,0.0,1.0,0.0,1.0
998,0.7407407407407407,0.0,0.0,0.25925925925925924,0.0,0.0,0.95,0.0,0.0,0.05,1.0,0.0,1.0
999,0.7407407407407407,0.0,0.0,0.25925925925925924,0.0,0.0,0.95,0.0,0.0,0.05,1.0,0.0,1.0
1000,0.95,0.05,0.0,0.0,0.0,0.0,0.7407407407407407,0.25925925925925924,0.0,0.0,1.0,0.0,1.0
1001,0.7037037037037037,0.037037037037037035,0.0,0.25925925925925924,0.0,0.0,1.0,0.0,0.0,0.0,1.0,0.0,1.0
1002,0.7037037037037037,0.037037037037037035,0.0,0.25925925925925924,0.0,0.0,1.0,0.0,0.0,0.0,1.0,0.0,1.0
1003,0.7407407407407407,0.0,0.0,0.25925925925925924,0.0,0.0,0.95,0.0,0.0,0.05,1.0,0.0,1.0
1004,0.7407407407407407,0.0,0.0,0.25925925925925924,0.0,0.0,0.95,0.0,0.0,0.05,1.0,0.0,1.0
1005,0.7407407407407407,0.0,0.0,0.25925925925925924,0.0,0.047619047619047616,0.9523809523809523,0.0,0.0,0.0,1.0,0.0,1.0
1006,0.7407407407407407,0.0,0.0,0.25925925925925924,0.0,0.0,0.95,0.0,0.0,0.05,1.0,0.0,1.0
1007,0.7407407407407407,0.0,0.0,0.25925925925925924,0.0,0.047619047619047616,0.9523809523809523,0.0,0.0,0.0,1.0,0.0,1.0
1008,0.7037037037037037,0.037037037037037035,0.0,0.25925925925925924,0.0,0.0,1.0,0.0,0.0,0.0,1.0,0.0,1.0
1009,0.7407407407407407,0.0,0.0,0.25925925925925924,0.0,0.0,0.95,0.0,0.0,0.05,1.0,0.0,1.0
1010,1.0,0.0,0.0,0.0,0.0,0.0,0.7037037037037037,0.25925925925925924,0.0,0.037037037037037035,1.0,0.0,1.0
1011,0.7407407407407407,0.0,0.0,0.25925925925925924,0.0,0.0,0.95,0.0,0.0,0.05,1.0,0.0,1.0
1012,0.7037037037037037,0.037037037037037035,0.0,0.25925925925925924,0.0,0.0,1.0,0.0,0.0,0.0,1.0,0.0,1.0
1013,0.7037037037037037,0.037037037037037035,0.0,0.25925925925925924,0.0,0.0,1.0,0.0,0.0,0.0,1.0,0.0,1.0
1014,0.7142857142857143,0.0,0.0,0.25,0.03571428571428571,0.0,1.0,0.0,0.0,0.0,1.0,0.0,1.0
1015,0.7037037037037037,0.037037037037037035,0.0,0.25925925925925924,0.0,0.0,1.0,0.0,0.0,0.0,1.0,0.0,1.0
1016,0.7142857142857143,0.0,0.0,0.25,0.03571428571428571,0.0,1.0,0.0,0.0,0.0,1.0,0.0,1.0
1017,0.7407407407407407,0.0,0.0,0.25925925925925924,0.0,0.0,0.95,0.0,0.0,0.05,1.0,0.0,1.0
1018,0.7037037037037037,0.037037037037037035,0.0,0.25925925925925924,0.0,0.0,1.0,0.0,0.0,0.0,1.0,0.0,1.0
1019,0.7142857142857143,0.0,0.0,0.25,0.03571428571428571,0.0,1.0,0.0,0.0,0.0,1.0,0.0,1.0
1020,0.7407407407407407,0.0,0.0,0.25925925925925924,0.0,0.0,0.95,0.0,0.0,0.05,1.0,0.0,1.0
1021,0.7037037037037037,0.037037037037037035,0.0,0.25925925925925924,0.0,0.0,1.0,0.0,0.0,0.0,1.0,0.0,1.0
1022,0.7142857142857143,0.0,0.0,0.25,0.03571428571428571,0.0,1.0,0.0,0.0,0.0,1.0,0.0,1.0
1023,0.7407407407407407,0.0,0.0,0.25925925925925924,0.0,0.047619047619047616,0.9523809523809523,0.0,0.0,0.0,1.0,0.0,1.0
1024,0.9523809523809523,0.0,0.0,0.0,0.047619047619047616,0.0,0.7407407407407407,0.25925925925925924,0.0,0.0,1.0,0.0,1.0
1025,0.7407407407407407,0.0,0.0,0.25925925925925924,0.0,0.0,0.95,0.0,0.0,0.05,1.0,0.0,1.0
1026,0.95,0.05,0.0,0.0,0.0,0.0,0.7407407407407407,0.25925925925925924,0.0,0.0,1.0,0.0,1.0
1027,0.95,0.05,0.0,0.0,0.0,0.0,0.7407407407407407,0.25925925925925924,0.0,0.0,1.0,0.0,1.0
1028,1.0,0.0,0.0,0.0,0.0,0.0,0.7037037037037037,0.25925925925925924,0.0,0.037037037037037035,1.0,0.0,1.0
1029,1.0,0.0,0.0,0.0,0.0,0.0,0.7037037037037037,0.25925925925925924,0.0,0.037037037037037035,1.0,0.0,1.0
1030,0.7037037037037037,0.037037037037037035,0.0,0.25925925925925924,0.0,0.0,1.0,0.0,0.0,0.0,1.0,0.0,1.0
1031,0.95,0.05,0.0,0.0,0.0,0.0,0.7407407407407407,0.25925925925925924,0.0,0.0,1.0,0.0,1.0
1032,0.7037037037037037,0.037037037037037035,0.0,0.25925925925925924,0.0,0.0,1.0,0.0,0.0,0.0,1.0,0.0,1.0
1033,0.7037037037037037,0.037037037037037035,0.0,0.25925925925925924,0.0,0.0,1.0,0.0,0.0,0.0,1.0,0.0,1.0
1034,0.7037037037037037,0.037037037037037035,0.0,0.25925925925925924,0.0,0.0,1.0,0.0,0.0,0.0,1.0,0.0,1.0
1035,0.7142857142857143,0.0,0.0,0.25,0.03571428571428571,0.0,1.0,0.0,0.0,0.0,1.0,0.0,1.0
1036,0.7407407407407407,0.0,0.0,0.25925925925925924,0.0,0.047619047619047616,0.9523809523809523,0.0,0.0,0.0,1.0,0.0,1.0
1037,1.0,0.0,0.0,0.0,0.0,0.0,0.7037037037037037,0.25925925925925924,0.0,0.037037037037037035,1.0,0.0,1.0
1038,0.7407407407407407,0.0,0.0,0.25925925925925924,0.0,0.0,0.95,0.0,0.0,0.05,1.0,0.0,1.0
1039,0.7407407407407407,0.0,0.0,0.25925925925925924,0.0,0.0,0.95,0.0,0.0,0.05,1.0,0.0,1.0
1040,0.95,0.05,0.0,0.0,0.0,0.0,0.7407407407407407,0.25925925925925924,0.0,0.0,1.0,0.0,1.0
1041,0.9523809523809523,0.0,0.0,0.0,0.047619047619047616,0.0,0.7407407407407407,0.25925925925925924,0.0,0.0,1.0,0.0,1.0
1042,1.0,0.0,0.0,0.0,0.0,0.0,0.7037037037037037,0.25925925925925924,0.0,0.037037037037037035,1.0,0.0,1.0
1043,0.7037037037037037,0.037037037037037035,0.0,0.25925925925925924,0.0,0.0,1.0,0.0,0.0,0.0,1.0,0.0,1.0
1044,0.7037037037037037,0.037037037037037035,0.0,0.25925925925925924,0.0,0.0,1.0,0.0,0.0,0.0,1.0,0.0,1.0
1045,0.7142857142857143,0.0,0.0,0.25,0.03571428571428571,0.0,1.0,0.0,0.0,0.0,1.0,0.0,1.0
1046,0.7407407407407407,0.0,0.0,0.25925925925925924,0.0,0.047619047619047616,0.9523809523809523,0.0,0.0,0.0,1.0,0.0,1.0
1047,0.9523809523809523,0.0,0.0,0.0,0.047619047619047616,0.0,0.7407407407407407,0.25925925925925924,0.0,0.0,1.0,0.0,1.0
1048,0.7037037037037037,0.037037037037037035,0.0,0.25925925925925924,0.0,0.0,1.0,0.0,0.0,0.0,1.0,0.0,1.0
1049,0.7037037037037037,0.037037037037037035,0.0,0.25925925925925924,0.0,0.0,1.0,0.0,0.0,0.0,1.0,0.0,1.0
1050,0.7037037037037037,0.037037037037037035,0.0,0.25925925925925924,0.0,0.0,1.0,0.0,0.0,0.0,1.0,0.0,1.0
1051,0.7407407407407407,0.0,0.0,0.25925925925925924,0.0,0.0,0.95,0.0,0.0,0.05,1.0,0.0,1.0
1052,0.95,0.05,0.0,0.0,0.0,0.0,0.7407407407407407,0.25925925925925924,0.0,0.0,1.0,0.0,1.0
1053,0.7037037037037037,0.037037037037037035,0.0,0.25925925925925924,0.0,0.0,1.0,0.0,0.0,0.0,1.0,0.0,1.0
1054,0.7142857142857143,0.0,0.0,0.25,0.03571428571428571,0.0,1.0,0.0,0.0,0.0,1.0,0.0,1.0
1055,0.7407407407407407,0.0,0.0,0.25925925925925924,0.0,0.047619047619047616,0.9523809523809523,0.0,0.0,0.0,1.0,0.0,1.0
1056,0.7407407407407407,0.0,0.0,0.25925925925925924,0.0,0.0,0.95,0.0,0.0,0.05,1.0,0.0,1.0
1057,0.7037037037037037,0.037037037037037035,0.0,0.25925925925925924,0.0,0.0,1.0,0.0,0.0,0.0,1.0,0.0,1.0
1058,0.7142857142857143,0.0,0.0,0.25,0.03571428571428571,0.0,1.0,0.0,0.0,0.0,1.0,0.0,1.0
1059,0.7407407407407407,0.0,0.0,0.25925925925925924,0.0,0.047619047619047616,0.9523809523809523,0.0,0.0,0.0,1.0,0.0,1.0
1060,0.95,0.05,0.0,0.0,0.0,0.0,0.7407407407407407,0.25925925925925924,0.0,0.0,1.0,0.0,1.0
1061,1.0,0.0,0.0,0.0,0.0,0.03571428571428571,0.7142857142857143,0.25,0.0,0.0,1.0,0.0,1.0
1062,0.9523809523809523,0.0,0.0,0.0,0.047619047619047616,0.0,0.7407407407407407,0.25925925925925924,0.0,0.0,1.0,0.0,1.0
1063,0.7407407407407407,0.0,0.0,0.25925925925925924,0.0,0.0,0.95,0.0,0.0,0.05,1.0,0.0,1.0
1064,1.0,0.0,0.0,0.0,0.0,0.03571428571428571,0.7142857142857143,0.25,0.0,0.0,1.0,0.0,1.0
1065,1.0,0.0,0.0,0.0,0.0,0.0,0.7037037037037037,0.25925925925925924,0.0,0.037037037037037035,1.0,0.0,1.0
1066,0.9523809523809523,0.0,0.0,0.0,0.047619047619047616,0.0,0.7407407407407407,0.25925925925925924,0.0,0.0,1.0,0.0,1.0
1067,0.95,0.05,0.0,0.0,0.0,0.0,0.7407407407407407,0.25925925925925924,0.0,0.0,1.0,0.0,1.0
1068,0.95,0.05,0.0,0.0,0.0,0.0,0.7407407407407407,0.25925925925925924,0.0,0.0,1.0,0.0,1.0
1069,0.7407407407407407,0.0,0.0,0.25925925925925924,0.0,0.047619047619047616,0.9523809523809523,0.0,0.0,0.0,1.0,0.0,1.0
1070,1.0,0.0,0.0,0.0,0.0,0.0,0.7037037037037037,0.25925925925925924,0.0,0.037037037037037035,1.0,0.0,1.0
1071,0.7037037037037037,0.037037037037037035,0.0,0.25925925925925924,0.0,0.0,1.0,0.0,0.0,0.0,1.0,0.0,1.0
1072,0.7037037037037037,0.037037037037037035,0.0,0.25925925925925924,0.0,0.0,1.0,0.0,0.0,0.0,1.0,0.0,1.0
1073,0.95,0.05,0.0,0.0,0.0,0.0,0.7407407407407407,0.25925925925925924,0.0,0.0,1.0,0.0,1.0
1074,0.7142857142857143,0.0,0.0,0.25,0.03571428571428571,0.0,1.0,0.0,0.0,0.0,1.0,0.0,1.0
1075,0.7142857142857143,0.0,0.0,0.25,0.03571428571428571,0.0,1.0,0.0,0.0,0.0,1.0,0.0,1.0
1076,0.7037037037037037,0.037037037037037035,0.0,0.25925925925925924,0.0,0.0,1.0,0.0,0.0,0.0,1.0,0.0,1.0
1077,0.7407407407407407,0.0,0.0,0.25925925925925924,0.0,0.0,0.95,0.0,0.0,0.05,1.0,0.0,1.0
1078,0.7142857142857143,0.0,0.0,0.25,0.03571428571428571,0.0,1.0,0.0,0.0,0.0,1.0,0.0,1.0
1079,0.7407407407407407,0.0,0.0,0.25925925925925924,0.0,0.0,0.95,0.0,0.0,0.05,1.0,0.0,1.0
1080,0.9523809523809523,0.0,0.0,0.0,0.047619047619047616,0.0,0.7407407407407407,0.25925925925925924,0.0,0.0,1.0,0.0,1.0
1081,0.7037037037037037,0.037037037037037035,0.0,0.25925925925925924,0.0,0.0,1.0,0.0,0.0,0.0,1.0,0.0,1.0
1082,0.7037037037037037,0.037037037037037035,0.0,0.25925925925925924,0.0,0.0,1.0,0.0,0.0,0.0,1.0,0.0,1.0
1083,0.7142857142857143,0.0,0.0,0.25,0.03571428571428571,0.0,1.0,0.0,0.0,0.0,1.0,0.0,1.0
1084,0.7037037037037037,0.037037037037037035,0.0,0.25925925925925924,0.0,0.0,1.0,0.0,0.0,0.0,1.0,0.0,1.0
1085,0.7407407407407407,0.0,0.0,0.25925925925925924,0.0,0.0,0.95,0.0,0.0,0.05,1.0,0.0,1.0
1086,0.9523809523809523,0.0,0.0,0.0,0.047619047619047616,0.0,0.7407407407407407,0.25925925925925924,0.0,0.0,1.0,0.0,1.0
1087,1.0,0.0,0.0,0.0,0.0,0.03571428571428571,0.7142857142857143,0.25,0.0,0.0,1.0,0.0,1.0
1088,1.0,0.0,0.0,0.0,0.0,0.03571428571428571,0.7142857142857143,0.25,0.0,0.0,1.0,0.0,1.0
1089,1.0,0.0,0.0,0.0,0.0,0.03571428571428571,0.7142857142857143,0.25,0.0,0.0,1.0,0.0,1.0
1090,0.7142857142857143,0.0,0.0,0.25,0.03571428571428571,0.0,1.0,0.0,0.0,0.0,1.0,0.0,1.0
1091,0.7142857142857143,0.0,0.0,0.25,0.03571428571428571,0.0,1.0,0.0,0.0,0.0,1.0,0.0,1.0
1092,0.7142857142857143,0.0,0.0,0.25,0.03571428571428571,0.0,1.0,0.0,0.0,0.0,1.0,0.0,1.0
1093,0.7407407407407407,0.0,0.0,0.25925925925925924,0.0,0.0,0.95,0.0,0.0,0.05,1.0,0.0,1.0
1094,0.7407407407407407,0.0,0.0,0.25925925925925924,0.0,0.047619047619047616,0.9523809523809523,0.0,0.0,0.0,1.0,0.0,1.0
1095,0.7407407407407407,0.0,0.0,0.25925925925925924,0.0,0.047619047619047616,0.9523809523809523,0.0,0.0,0.0,1.0,0.0,1.0
1096,0.7407407407407407,0.0,0.0,0.25925925925925924,0.0,0.0,0.95,0.0,0.0,0.05,1.0,0.0,1.0
1097,0.7407407407407407,0.0,0.0,0.25925925925925924,0.0,0.0,0.95,0.0,0.0,0.05,1.0,0.0,1.0
1098,0.7037037037037037,0.037037037037037035,0.0,0.25925925925925924,0.0,0.0,1.0,0.0,0.0,0.0,1.0,0.0,1.0
1099,0.7407407407407407,0.0,0.0,0.25925925925925924,0.0,0.047619047619047616,0.9523809523809523,0.0,0.0,0.0,1.0,0.0,1.0
1100,0.7037037037037037,0.037037037037037035,0.0,0.25925925925925924,0.0,0.0,1.0,0.0,0.0,0.0,1.0,0.0,1.0
1101,0.7407407407407407,0.0,0.0,0.25925925925925924,0.0,0.0,0.95,0.0,0.0,0.05,1.0,0.0,1.0
1102,0.7407407407407407,0.0,0.0,0.25925925925925924,0.0,0.0,0.95,0.0,0.0,0.05,1.0,0.0,1.0
1103,0.7407407407407407,0.0,0.0,0.25925925925925924,0.0,0.0,0.95,0.0,0.0,0.05,1.0,0.0,1.0
1104,0.95,0.05,0.0,0.0,0.0,0.0,0.7407407407407407,0.25925925925925924,0.0,0.0,1.0,0.0,1.0
1105,0.9523809523809523,0.0,0.0,0.0,0.047619047619047616,0.0,0.7407407407407407,0.25925925925925924,0.0,0.0,1.0,0.0,1.0
1106,1.0,0.0,0.0,0.0,0.0,0.0,0.7037037037037037,0.25925925925925924,0.0,0.037037037037037035,1.0,0.0,1.0
1107,0.7142857142857143,0.0,0.0,0.25,0.03571428571428571,0.0,1.0,0.0,0.0,0.0,1.0,0.0,1.0
1108,0.7037037037037037,0.037037037037037035,0.0,0.25925925925925924,0.0,0.0,1.0,0.0,0.0,0.0,1.0,0.0,1.0
1109,0.7037037037037037,0.037037037037037035,0.0,0.25925925925925924,0.0,0.0,1.0,0.0,0.0,0.0,1.0,0.0,1.0
1110,0.7037037037037037,0.037037037037037035,0.0,0.25925925925925924,0.0,0.0,1.0,0.0,0.0,0.0,1.0,0.0,1.0
1111,0.7142857142857143,0.0,0.0,0.25,0.03571428571428571,0.0,1.0,0.0,0.0,0.0,1.0,0.0,1.0
1112,0.7037037037037037,0.037037037037037035,0.0,0.25925925925925924,0.0,0.0,1.0,0.0,0.0,0.0,1.0,0.0,1.0
1113,0.95,0.05,0.0,0.0,0.0,0.0,0.7407407407407407,0.25925925925925924,0.0,0.0,1.0,0.0,1.0
1114,0.7407407407407407,0.0,0.0,0.25925925925925924,0.0,0.0,0.95,0.0,0.0,0.05,1.0,0.0,1.0
1115,0.95,0.05,0.0,0.0,0.0,0.0,0.7407407407407407,0.25925925925925924,0.0,0.0,1.0,0.0,1.0
1116,1.0,0.0,0.0,0.0,0.0,0.03571428571428571,0.7142857142857143,0.25,0.0,0.0,1.0,0.0,1.0
1117,0.95,0.05,0.0,0.0,0.0,0.0,0.7407407407407407,0.25925925925925924,0.0,0.0,1.0,0.0,1.0
1118,1.0,0.0,0.0,0.0,0.0,0.0,0.7037037037037037,0.25925925925925924,0.0,0.037037037037037035,1.0,0.0,1.0
1119,1.0,0.0,0.0,0.0,0.0,0.03571428571428571,0.7142857142857143,0.25,0.0,0.0,1.0,0.0,1.0
1120,0.7407407407407407,0.0,0.0,0.25925925925925924,0.0,0.0,0.95,0.0,0.0,0.05,1.0,0.0,1.0
1121,0.7142857142857143,0.0,0.0,0.25,0.03571428571428571,0.0,1.0,0.0,0.0,0.0,1.0,0.0,1.0
1122,1.0,0.0,0.0,0.0,0.0,0.0,0.7037037037037037,0.25925925925925924,0.0,0.037037037037037035,1.0,0.0,1.0
1123,0.7407407407407407,0.0,0.0,0.25925925925925924,0.0,0.0,0.95,0.0,0.0,0.05,1.0,0.0,1.0
1124,0.7142857142857143,0.0,0.0,0.25,0.03571428571428571,0.0,1.0,0.0,0.0,0.0,1.0,0.0,1.0
1125,0.7407407407407407,0.0,0.0,0.25925925925925924,0.0,0.0,0.95,0.0,0.0,0.05,1.0,0.0,1.0
1126,0.7407407407407407,0.0,0.0,0.25925925925925924,0.0,0.047619047619047616,0.9523809523809523,0.0,0.0,0.0,1.0,0.0,1.0
1127,0.7407407407407407,0.0,0.0,0.25925925925925924,0.0,0.0,0.95,0.0,0.0,0.05,1.0,0.0,1.0
1128,1.0,0.0,0.0,0.0,0.0,0.0,0.7037037037037037,0.25925925925925924,0.0,0.037037037037037035,1.0,0.0,1.0
1129,0.95,0.05,0.0,0.0,0.0,0.0,0.7407407407407407,0.25925925925925924,0.0,0.0,1.0,0.0,1.0
1130,0.95,0.05,0.0,0.0,0.0,0.0,0.7407407407407407,0.25925925925925924,0.0,0.0,1.0,0.0,1.0
1131,1.0,0.0,0.0,0.0,0.0,0.0,0.7037037037037037,0.25925925925925924,0.0,0.037037037037037035,1.0,0.0,1.0
1132,1.0,0.0,0.0,0.0,0.0,0.03571428571428571,0.7142857142857143,0.25,0.0,0.0,1.0,0.0,1.0
1133,0.7037037037037037,0.037037037037037035,0.0,0.25925925925925924,0.0,0.0,1.0,0.0,0.0,0.0,1.0,0.0,1.0
1134,1.0,0.0,0.0,0.0,0.0,0.0,0.7037037037037037,0.25925925925925924,0.0,0.037037037037037035,1.0,0.0,1.0
1135,0.95,0.05,0.0,0.0,0.0,0.0,0.7407407407407407,0.25925925925925924,0.0,0.0,1.0,0.0,1.0
1136,0.7407407407407407,0.0,0.0,0.25925925925925924,0.0,0.047619047619047616,0.9523809523809523,0.0,0.0,0.0,1.0,0.0,1.0
1137,0.9523809523809523,0.0,0.0,0.0,0.047619047619047616,0.0,0.7407407407407407,0.25925925925925924,0.0,0.0,1.0,0.0,1.0
1138,1.0,0.0,0.0,0.0,0.0,0.03571428571428571,0.7142857142857143,0.25,0.0,0.0,1.0,0.0,1.0
1139,0.95,0.05,0.0,0.0,0.0,0.0,0.7407407407407407,0.25925925925925924,0.0,0.0,1.0,0.0,1.0
1140,1.0,0.0,0.0,0.0,0.0,0.03571428571428571,0.7142857142857143,0.25,0.0,0.0,1.0,0.0,1.0
1141,0.9523809523809523,0.0,0.0,0.0,0.047619047619047616,0.0,0.7407407407407407,0.25925925925925924,0.0,0.0,1.0,0.0,1.0
1142,0.9523809523809523,0.0,0.0,0.0,0.047619047619047616,0.0,0.7407407407407407,0.25925925925925924,0.0,0.0,1.0,0.0,1.0
1143,1.0,0.0,0.0,0.0,0.0,0.0,0.7037037037037037,0.25925925925925924,0.0,0.037037037037037035,1.0,0.0,1.0
1144,0.9523809523809523,0.0,0.0,0.0,0.047619047619047616,0.0,0.7407407407407407,0.25925925925925924,0.0,0.0,1.0,0.0,1.0
1145,0.7037037037037037,0.037037037037037035,0.0,0.25925925925925924,0.0,0.0,1.0,0.0,0.0,0.0,1.0,0.0,1.0
1146,0.7407407407407407,0.0,0.0,0.25925925925925924,0.0,0.047619047619047616,0.9523809523809523,0.0,0.0,0.0,1.0,0.0,1.0
1147,0.7407407407407407,0.0,0.0,0.25925925925925924,0.0,0.047619047619047616,0.9523809523809523,0.0,0.0,0.0,1.0,0.0,1.0
1148,1.0,0.0,0.0,0.0,0.0,0.0,0.7037037037037037,0.25925925925925924,0.0,0.037037037037037035,1.0,0.0,1.0
1149,0.7037037037037037,0.037037037037037035,0.0,0.25925925925925924,0.0,0.0,1.0,0.0,0.0,0.0,1.0,0.0,1.0
1150,0.95,0.05,0.0,0.0,0.0,0.0,0.7407407407407407,0.25925925925925924,0.0,0.0,1.0,0.0,1.0
1151,0.9523809523809523,0.0,0.0,0.0,0.047619047619047616,0.0,0.7407407407407407,0.25925925925925924,0.0,0.0,1.0,0.0,1.0
1152,0.95,0.05,0.0,0.0,0.0,0.0,0.7407407407407407,0.25925925925925924,0.0,0.0,1.0,0.0,1.0
1153,0.7037037037037037,0.037037037037037035,0.0,0.25925925925925924,0.0,0.0,1.0,0.0,0.0,0.0,1.0,0.0,1.0
1154,0.7142857142857143,0.0,0.0,0.25,0.03571428571428571,0.0,1.0,0.0,0.0,0.0,1.0,0.0,1.0
1155,0.7037037037037037,0.037037037037037035,0.0,0.25925925925925924,0.0,0.0,1.0,0.0,0.0,0.0,1.0,0.0,1.0
1156,0.95,0.05,0.0,0.0,0.0,0.0,0.7407407407407407,0.25925925925925924,0.0,0.0,1.0,0.0,1.0
1157,0.7037037037037037,0.037037037037037035,0.0,0.25925925925925924,0.0,0.0,1.0,0.0,0.0,0.0,1.0,0.0,1.0
1158,0.95,0.05,0.0,0.0,0.0,0.0,0.7407407407407407,0.25925925925925924,0.0,0.0,1.0,0.0,1.0
1159,1.0,0.0,0.0,0.0,0.0,0.03571428571428571,0.7142857142857143,0.25,0.0,0.0,1.0,0.0,1.0
1160,1.0,0.0,0.0,0.0,0.0,0.03571428571428571,0.7142857142857143,0.25,0.0,0.0,1.0,0.0,1.0
1161,0.7407407407407407,0.0,0.0,0.25925925925925924,0.0,0.0,0.95,0.0,0.0,0.05,1.0,0.0,1.0
1162,1.0,0.0,0.0,0.0,0.0,0.03571428571428571,0.7142857142857143,0.25,0.0,0.0,1.0,0.0,1.0
1163,1.0,0.0,0.0,0.0,0.0,0.03571428571428571,0.7142857142857143,0.25,0.0,0.0,1.0,0.0,1.0
1164,0.7037037037037037,0.037037037037037035,0.0,0.25925925925925924,0.0,0.0,1.0,0.0,0.0,0.0,1.0,0.0,1.0
1165,0.7407407407407407,0.0,0.0,0.25925925925925924,0.0,0.047619047619047616,0.9523809523809523,0.0,0.0,0.0,1.0,0.0,1.0
1166,0.7407407407407407,0.0,0.0,0.25925925925925924,0.0,0.047619047619047616,0.9523809523809523,0.0,0.0,0.0,1.0,0.0,1.0
1167,0.7407407407407407,0.0,0.0,0.25925925925925924,0.0,0.047619047619047616,0.9523809523809523,0.0,0.0,0.0,1.0,0.0,1.0
1168,0.95,0.05,0.0,0.0,0.0,0.0,0.7407407407407407,0.25925925925925924,0.0,0.0,1.0,0.0,1.0
1169,0.9523809523809523,0.0,0.0,0.0,0.047619047619047616,0.0,0.7407407407407407,0.25925925925925924,0.0,0.0,1.0,0.0,1.0
1170,0.9523809523809523,0.0,0.0,0.0,0.047619047619047616,0.0,0.7407407407407407,0.25925925925925924,0.0,0.0,1.0,0.0,1.0
1171,1.0,0.0,0.0,0.0,0.0,0.03571428571428571,0.7142857142857143,0.25,0.0,0.0,1.0,0.0,1.0
1172,0.7142857142857143,0.0,0.0,0.25,0.03571428571428571,0.0,1.0,0.0,0.0,0.0,1.0,0.0,1.0
1173,1.0,0.0,0.0,0.0,0.0,0.0,0.7037037037037037,0.25925925925925924,0.0,0.037037037037037035,1.0,0.0,1.0
1174,0.9523809523809523,0.0,0.0,0.0,0.047619047619047616,0.0,0.7407407407407407,0.25925925925925924,0.0,0.0,1.0,0.0,1.0
1175,1.0,0.0,0.0,0.0,0.0,0.03571428571428571,0.7142857142857143,0.25,0.0,0.0,1.0,0.0,1.0
1176,0.7407407407407407,0.0,0.0,0.25925925925925924,0.0,0.047619047619047616,0.9523809523809523,0.0,0.0,0.0,1.0,0.0,1.0
1177,1.0,0.0,0.0,0.0,0.0,0.03571428571428571,0.7142857142857143,0.25,0.0,0.0,1.0,0.0,1.0
1178,1.0,0.0,0.0,0.0,0.0,0.0,0.7037037037037037,0.25925925925925924,0.0,0.037037037037037035,1.0,0.0,1.0
1179,1.0,0.0,0.0,0.0,0.0,0.03571428571428571,0.7142857142857143,0.25,0.0,0.0,1.0,0.0,1.0
1180,0.95,0.05,0.0,0.0,0.0,0.0,0.7407407407407407,0.25925925925925924,0.0,0.0,1.0,0.0,1.0
1181,0.7037037037037037,0.037037037037037035,0.0,0.25925925925925924,0.0,0.0,1.0,0.0,0.0,0.0,1.0,0.0,1.0
1182,0.7037037037037037,0.037037037037037035,0.0,0.25925925925925924,0.0,0.0,1.0,0.0,0.0,0.0,1.0,0.0,1.0
1183,0.7142857142857143,0.0,0.0,0.25,0.03571428571428571,0.0,1.0,0.0,0.0,0.0,1.0,0.0,1.0
1184,1.0,0.0,0.0,0.0,0.0,0.03571428571428571,0.7142857142857143,0.25,0.0,0.0,1.0,0.0,1.0
1185,1.0,0.0,0.0,0.0,0.0,0.0,0.7037037037037037,0.25925925925925924,0.0,0.037037037037037035,1.0,0.0,1.0
1186,0.7142857142857143,0.0,0.0,0.25,0.03571428571428571,0.0,1.0,0.0,0.0,0.0,1.0,0.0,1.0
1187,0.7037037037037037,0.037037037037037035,0.0,0.25925925925925924,0.0,0.0,1.0,0.0,0.0,0.0,1.0,0.0,1.0
1188,0.7407407407407407,0.0,0.0,0.25925925925925924,0.0,0.0,0.95,0.0,0.0,0.05,1.0,0.0,1.0
1189,1.0,0.0,0.0,0.0,0.0,0.0,0.7037037037037037,0.25925925925925924,0.0,0.037037037037037035,1.0,0.0,1.0
1190,0.9523809523809523,0.0,0.0,0.0,0.047619047619047616,0.0,0.7407407407407407,0.25925925925925924,0.0,0.0,1.0,0.0,1.0
1191,0.95,0.05,0.0,0.0,0.0,0.0,0.7407407407407407,0.25925925925925924,0.0,0.0,1.0,0.0,1.0
1192,0.7142857142857143,0.0,0.0,0.25,0.03571428571428571,0.0,1.0,0.0,0.0,0.0,1.0,0.0,1.0
1193,0.7407407407407407,0.0,0.0,0.25925925925925924,0.0,0.047619047619047616,0.9523809523809523,0.0,0.0,0.0,1.0,0.0,1.0
1194,0.95,0.05,0.0,0.0,0.0,0.0,0.7407407407407407,0.25925925925925924,0.0,0.0,1.0,0.0,1.0
1195,0.95,0.05,0.0,0.0,0.0,0.0,0.7407407407407407,0.25925925925925924,0.0,0.0,1.0,0.0,1.0
1196,1.0,0.0,0.0,0.0,0.0,0.0,0.7037037037037037,0.25925925925925924,0.0,0.037037037037037035,1.0,0.0,1.0
1197,0.95,0.05,0.0,0.0,0.0,0.0,0.7407407407407407,0.25925925925925924,0.0,0.0,1.0,0.0,1.0
1198,0.95,0.05,0.0,0.0,0.0,0.0,0.7407407407407407,0.25925925925925924,0.0,0.0,1.0,0.0,1.0
1199,0.95,0.05,0.0,0.0,0.0,0.0,0.7407407407407407,0.25925925925925924,0.0,0.0,1.0,0.0,1.0
1200,1.0,0.0,0.0,0.0,0.0,0.0,0.7037037037037037,0.25925925925925924,0.0,0.037037037037037035,1.0,0.0,1.0
1201,0.7407407407407407,0.0,0.0,0.25925925925925924,0.0,0.0,0.95,0.0,0.0,0.05,1.0,0.0,1.0
1202,0.7037037037037037,0.037037037037037035,0.0,0.25925925925925924,0.0,0.0,1.0,0.0,0.0,0.0,1.0,0.0,1.0
1203,1.0,0.0,0.0,0.0,0.0,0.03571428571428571,0.7142857142857143,0.25,0.0,0.0,1.0,0.0,1.0
1204,1.0,0.0,0.0,0.0,0.0,0.0,0.7037037037037037,0.25925925925925924,0.0,0.037037037037037035,1.0,0.0,1.0
1205,0.95,0.05,0.0,0.0,0.0,0.0,0.7407407407407407,0.25925925925925924,0.0,0.0,1.0,0.0,1.0
1206,0.9523809523809523,0.0,0.0,0.0,0.047619047619047616,0.0,0.7407407407407407,0.25925925925925924,0.0,0.0,1.0,0.0,1.0
1207,0.95,0.05,0.0,0.0,0.0,0.0,0.7407407407407407,0.25925925925925924,0.0,0.0,1.0,0.0,1.0
1208,0.7407407407407407,0.0,0.0,0.25925925925925924,0.0,0.047619047619047616,0.9523809523809523,0.0,0.0,0.0,1.0,0.0,1.0
1209,0.95,0.05,0.0,0.0,0.0,0.0,0.7407407407407407,0.25925925925925924,0.0,0.0,1.0,0.0,1.0
1210,0.95,0.05,0.0,0.0,0.0,0.0,0.7407407407407407,0.25925925925925924,0.0,0.0,1.0,0.0,1.0
1211,1.0,0.0,0.0,0.0,0.0,0.03571428571428571,0.7142857142857143,0.25,0.0,0.0,1.0,0.0,1.0
1212,0.9523809523809523,0.0,0.0,0.0,0.047619047619047616,0.0,0.7407407407407407,0.25925925925925924,0.0,0.0,1.0,0.0,1.0
1213,0.7407407407407407,0.0,0.0,0.25925925925925924,0.0,0.047619047619047616,0.9523809523809523,0.0,0.0,0.0,1.0,0.0,1.0
1214,0.7407407407407407,0.0,0.0,0.25925925925925924,0.0,0.0,0.95,0.0,0.0,0.05,1.0,0.0,1.0
1215,0.95,0.05,0.0,0.0,0.0,0.0,0.7407407407407407,0.25925925925925924,0.0,0.0,1.0,0.0,1.0
1216,0.7037037037037037,0.037037037037037035,0.0,0.25925925925925924,0.0,0.0,1.0,0.0,0.0,0.0,1.0,0.0,1.0
1217,0.7407407407407407,0.0,0.0,0.25925925925925924,0.0,0.047619047619047616,0.9523809523809523,0.0,0.0,0.0,1.0,0.0,1.0
1218,0.7037037037037037,0.037037037037037035,0.0,0.25925925925925924,0.0,0.0,1.0,0.0,0.0,0.0,1.0,0.0,1.0
1219,0.7037037037037037,0.037037037037037035,0.0,0.25925925925925924,0.0,0.0,1.0,0.0,0.0,0.0,1.0,0.0,1.0
1220,0.7037037037037037,0.037037037037037035,0.0,0.25925925925925924,0.0,0.0,1.0,0.0,0.0,0.0,1.0,0.0,1.0
1221,1.0,0.0,0.0,0.0,0.0,0.03571428571428571,0.7142857142857143,0.25,0.0,0.0,1.0,0.0,1.0
1222,0.7142857142857143,0.0,0.0,0.25,0.03571428571428571,0.0,1.0,0.0,0.0,0.0,1.0,0.0,1.0
1223,0.7407407407407407,0.0,0.0,0.25925925925925924,0.0,0.0,0.95,0.0,0.0,0.05,1.0,0.0,1.0
1224,0.7407407407407407,0.0,0.0,0.25925925925925924,0.0,0.0,0.95,0.0,0.0,0.05,1.0,0.0,1.0
1225,1.0,0.0,0.0,0.0,0.0,0.0,0.7037037037037037,0.25925925925925924,0.0,0.037037037037037035,1.0,0.0,1.0
1226,0.9523809523809523,0.0,0.0,0.0,0.047619047619047616,0.0,0.7407407407407407,0.25925925925925924,0.0,0.0,1.0,0.0,1.0
1227,0.95,0.05,0.0,0.0,0.0,0.0,0.7407407407407407,0.25925925925925924,0.0,0.0,1.0,0.0,1.0
1228,1.0,0.0,0.0,0.0,0.0,0.03571428571428571,0.7142857142857143,0.25,0.0,0.0,1.0,0.0,1.0
1229,0.7142857142857143,0.0,0.0,0.25,0.03571428571428571,0.0,1.0,0.0,0.0,0.0,1.0,0.0,1.0
1230,0.7142857142857143,0.0,0.0,0.25,0.03571428571428571,0.0,1.0,0.0,0.0,0.0,1.0,0.0,1.0
1231,0.7407407407407407,0.0,0.0,0.25925925925925924,0.0,0.047619047619047616,0.9523809523809523,0.0,0.0,0.0,1.0,0.0,1.0
1232,0.7037037037037037,0.037037037037037035,0.0,0.25925925925925924,0.0,0.0,1.0,0.0,0.0,0.0,1.0,0.0,1.0
1233,0.95,0.05,0.0,0.0,0.0,0.0,0.7407407407407407,0.25925925925925924,0.0,0.0,1.0,0.0,1.0
1234,0.95,0.05,0.0,0.0,0.0,0.0,0.7407407407407407,0.25925925925925924,0.0,0.0,1.0,0.0,1.0
1235,0.95,0.05,0.0,0.0,0.0,0.0,0.7407407407407407,0.25925925925925924,0.0,0.0,1.0,0.0,1.0
1236,0.9523809523809523,0.0,0.0,0.0,0.047619047619047616,0.0,0.7407407407407407,0.25925925925925924,0.0,0.0,1.0,0.0,1.0
1237,1.0,0.0,0.0,0.0,0.0,0.03571428571428571,0.7142857142857143,0.25,0.0,0.0,1.0,0.0,1.0
1238,0.7407407407407407,0.0,0.0,0.25925925925925924,0.0,0.0,0.95,0.0,0.0,0.05,1.0,0.0,1.0
1239,0.7407407407407407,0.0,0.0,0.25925925925925924,0.0,0.0,0.95,0.0,0.0,0.05,1.0,0.0,1.0
1240,0.7407407407407407,0.0,0.0,0.25925925925925924,0.0,0.047619047619047616,0.9523809523809523,0.0,0.0,0.0,1.0,0.0,1.0
1241,0.7407407407407407,0.0,0.0,0.25925925925925924,0.0,0.0,0.95,0.0,0.0,0.05,1.0,0.0,1.0
1242,0.95,0.05,0.0,0.0,0.0,0.0,0.7407407407407407,0.25925925925925924,0.0,0.0,1.0,0.0,1.0
1243,1.0,0.0,0.0,0.0,0.0,0.03571428571428571,0.7142857142857143,0.25,0.0,0.0,1.0,0.0,1.0
1244,1.0,0.0,0.0,0.0,0.0,0.0,0.7037037037037037,0.25925925925925924,0.0,0.037037037037037035,1.0,0.0,1.0
1245,0.7142857142857143,0.0,0.0,0.25,0.03571428571428571,0.0,1.0,0.0,0.0,0.0,1.0,0.0,1.0
1246,0.75,0.0,0.25,0.0,0.0,0.0,0.8636363636363636,0.09090909090909091,0.0,0.045454545454545456,1.0,0.0,1.0
1247,0.95,0.05,0.0,0.0,0.0,0.0,0.7407407407407407,0.25925925925925924,0.0,0.0,1.0,0.0,1.0
1248,0.9523809523809523,0.0,0.0,0.0,0.047619047619047616,0.0,0.7407407407407407,0.25925925925925924,0.0,0.0,1.0,0.0,1.0
1249,0.7407407407407407,0.0,0.0,0.25925925925925924,0.0,0.047619047619047616,0.9523809523809523,0.0,0.0,0.0,1.0,0.0,1.0
