,"('NPA', 'np')","('NPA', 'np1')","('NPA', 'np2')","('NPA', ('NPA', 'NPA'))","('NPO', 'np')","('NPO', 'np1')","('NPO', 'np2')","('NPO', ('NPA', 'NPO'))","('NPO', ('NPO', 'NPA'))","('NPS', 'np')","('NPS', 'np1')","('NPS', 'np2')","('NPS', ('NPA', 'NPS'))","('NPS', ('NPS', 'NPA'))","('S', ('NPA', 'S'))","('S', ('NPS', 'VP'))","('S', ('S', 'NPA'))","('S', ('VP', 'NPS'))","('S', ('VP',))","('V', 'v')","('VP', ('NPA', 'VP'))","('VP', ('NPO', 'V'))","('VP', ('V', 'NPO'))","('VP', ('V',))","('VP', ('VP', 'NPA'))"
0,0.933333333,0.066666667,0,0,0.018518519,0.703703704,0.203703704,0.074074074,0,1,0,0,0,0,0.074074074,0.055555556,0,0.018518519,0.851851852,1,0.105263158,0.771929825,0.105263158,0,0.01754386
1,1,0,0,0,0,0.672413793,0.189655172,0.120689655,0.017241379,1,0,0,0,0,0,0.02,0,0.04,0.94,1,0.137931034,0.75862069,0.103448276,0,0
2,1,0,0,0,0,0.672413793,0.189655172,0.120689655,0.017241379,1,0,0,0,0,0.107142857,0.053571429,0,0,0.839285714,1,0,0.846153846,0.115384615,0,0.038461538
3,1,0,0,0,0,0.639344262,0.180327869,0.163934426,0.016393443,1,0,0,0,0,0.038461538,0,0,0.019230769,0.942307692,1,0.072727273,0.8,0.109090909,0,0.018181818
4,1,0,0,0,0,0,0,0,0,0,0.639344262,0.180327869,0.180327869,0,0.071428571,0.785714286,0.035714286,0.107142857,0,1,0.038461538,0,0,0.961538462,0
5,0.95,0,0,0.05,0,0,0,0,0,0,0.629032258,0.177419355,0.177419355,0.016129032,0.054545455,0.8,0.036363636,0.109090909,0,1,0.019607843,0,0,0.980392157,0
6,0.947368421,0,0,0.052631579,1,0,0,0,0,0,0.609375,0.171875,0.21875,0,0.019607843,0.862745098,0,0.117647059,0,1,0.019230769,0,0.019230769,0.942307692,0.019230769
7,1,0,0,0,0,0.672413793,0.189655172,0.120689655,0.017241379,0,0,0,0,0,0.018867925,0,0.037735849,0,0.943396226,1,0.137931034,0.75862069,0.103448276,0,0
8,1,0,0,0,0,0.696428571,0.196428571,0.089285714,0.017857143,1,0,0,0,0,0.019230769,0,0.019230769,0.019230769,0.942307692,1,0.166666667,0.733333333,0.1,0,0
9,0.9,0,0,0.1,0,0.75,0.211538462,0.019230769,0.019230769,1,0,0,0,0,0.105263158,0.01754386,0.01754386,0,0.859649123,1,0.105263158,0.771929825,0.105263158,0,0.01754386
10,1,0,0,0,0,0.672413793,0.189655172,0.120689655,0.017241379,0,0,0,0,0,0.089285714,0,0.017857143,0,0.892857143,1,0.072727273,0.8,0.109090909,0,0.018181818
11,1,0,0,0,0,0.684210526,0.192982456,0.105263158,0.01754386,1,0,0,0,0,0,0.019230769,0.038461538,0,0.942307692,1,0.152542373,0.745762712,0.101694915,0,0
12,0.947368421,0.052631579,0,0,0.016949153,0.644067797,0.186440678,0.152542373,0,0,0,0,0,0,0.038461538,0,0,0,0.961538462,1,0.103448276,0.75862069,0.103448276,0,0.034482759
13,1,0,0,0,0.5,0,0.5,0,0,0,0.722222222,0.185185185,0.074074074,0.018518519,0.177419355,0.709677419,0.016129032,0.080645161,0.016129032,1,0,0,0.039215686,0.941176471,0.019607843
14,1,0,0,0,0,0,0,0,0,0,0.684210526,0.192982456,0.105263158,0.01754386,0.15,0.733333333,0.016666667,0.1,0,1,0,0,0,0.961538462,0.038461538
15,1,0,0,0,0,0,0,0,0,0,0.735849057,0.20754717,0.037735849,0.018867925,0.206349206,0.698412698,0,0.095238095,0,1,0,0,0,0.943396226,0.056603774
16,1,0,0,0,1,0,0,0,0,0,0.672413793,0.189655172,0.137931034,0,0.120689655,0.75862069,0.017241379,0.103448276,0,1,0,0.04,0.02,0.94,0
17,1,0,0,0,0,0,0,0,0,0,0.709090909,0.2,0.090909091,0,0.166666667,0.733333333,0,0.1,0,1,0.018518519,0,0,0.925925926,0.055555556
18,1,0,0,0,0,0.722222222,0.203703704,0.055555556,0.018518519,1,0,0,0,0,0.019607843,0.098039216,0,0.039215686,0.843137255,1,0.122807018,0.771929825,0.105263158,0,0
19,1,0,0,0,1,0,0,0,0,0,0.639344262,0.180327869,0.180327869,0,0.072727273,0.8,0.018181818,0.109090909,0,1,0.019230769,0.019230769,0,0.942307692,0.019230769
20,1,0,0,0,1,0,0,0,0,0,0.639344262,0.180327869,0.180327869,0,0.087719298,0.771929825,0.035087719,0.105263158,0,1,0,0.02,0,0.98,0
21,1,0,0,0,0,0,0,0,0,0,0.639344262,0.180327869,0.163934426,0.016393443,0.103448276,0.75862069,0.034482759,0.103448276,0,1,0,0,0,1,0
22,0.944444444,0,0,0.055555556,1,0,0,0,0,0,0.684210526,0.192982456,0.122807018,0,0.13559322,0.745762712,0.016949153,0.101694915,0,1,0,0.02,0.02,0.96,0
23,0.95,0,0,0.05,0,0.684210526,0.192982456,0.105263158,0.01754386,0,0,0,0,0,0.107142857,0,0,0,0.892857143,1,0.054545455,0.8,0.109090909,0,0.036363636
24,1,0,0,0,0,0,0,0,0,0,0.6,0.169230769,0.230769231,0,0,0.862745098,0.019607843,0.117647059,0,1,0.037735849,0,0,0.943396226,0.018867925
25,1,0,0,0,0,0,0,0,0,0,0.6,0.169230769,0.215384615,0.015384615,0.038461538,0.846153846,0,0.115384615,0,1,0,0,0,0.961538462,0.038461538
26,0.941176471,0,0,0.058823529,0,0.684210526,0.192982456,0.105263158,0.01754386,1,0,0,0,0,0.122807018,0.01754386,0,0.035087719,0.824561404,1,0.019607843,0.862745098,0.117647059,0,0
27,1,0,0,0,0,0.684210526,0.192982456,0.105263158,0.01754386,1,0,0,0,0,0.074074074,0,0,0.037037037,0.888888889,1,0.107142857,0.785714286,0.107142857,0,0
28,0.947368421,0.052631579,0,0,0.018181818,0.690909091,0.2,0.090909091,0,0,0,0,0,0,0.018867925,0,0.037735849,0,0.943396226,1,0.180327869,0.721311475,0.098360656,0,0
29,1,0,0,0,0,0.735849057,0.20754717,0.037735849,0.018867925,0,0,0,0,0,0.019607843,0,0,0,0.980392157,1,0.2,0.676923077,0.092307692,0,0.030769231
30,1,0,0,0,0,0.722222222,0.203703704,0.055555556,0.018518519,0,0,0,0,0,0,0,0,0,1,1,0.2,0.676923077,0.092307692,0,0.030769231
31,1,0,0,0,0,0.722222222,0.203703704,0.055555556,0.018518519,0,0,0,0,0,0.090909091,0,0,0,0.909090909,1,0.133333333,0.733333333,0.1,0,0.033333333
32,0.947368421,0,0,0.052631579,0,0.696428571,0.196428571,0.089285714,0.017857143,1,0,0,0,0,0.019230769,0,0.019230769,0.019230769,0.942307692,1,0.152542373,0.745762712,0.101694915,0,0
33,0.941176471,0,0,0.058823529,0,0.672413793,0.189655172,0.120689655,0.017241379,1,0,0,0,0,0.090909091,0.018181818,0,0.036363636,0.854545455,1,0.038461538,0.846153846,0.115384615,0,0
34,1,0,0,0,0,0.629032258,0.177419355,0.177419355,0.016129032,1,0,0,0,0,0.071428571,0.017857143,0.035714286,0,0.875,1,0,0.88,0.12,0,0
35,0.95,0,0,0.05,0,0,0,0,0,0,0.639344262,0.180327869,0.163934426,0.016393443,0.087719298,0.771929825,0.035087719,0.105263158,0,1,0,0,0,1,0
36,0.95,0,0,0.05,0,0,0,0,0,0,0.709090909,0.2,0.072727273,0.018181818,0.161290323,0.709677419,0.032258065,0.096774194,0,1,0.019607843,0,0,0.980392157,0
37,0.904761905,0,0,0.095238095,0,0,0,0,0,0,0.65,0.183333333,0.15,0.016666667,0.087719298,0.771929825,0.035087719,0.105263158,0,1,0,0,0,1,0
38,1,0,0,0,0,0.672413793,0.189655172,0.120689655,0.017241379,0,0,0,0,0,0.072727273,0,0.018181818,0,0.909090909,1,0.089285714,0.785714286,0.107142857,0,0.017857143
39,0.947368421,0,0,0.052631579,1,0,0,0,0,0,0.696428571,0.196428571,0.107142857,0,0.15,0.733333333,0.016666667,0.1,0,1,0,0.019607843,0,0.960784314,0.019607843
40,1,0,0,0,0,0,0,0,0,0,0.75,0.211538462,0.038461538,0,0.215384615,0.676923077,0.015384615,0.092307692,0,1,0.019230769,0,0,0.961538462,0.019230769
41,1,0,0,0,0,0,0,0,0,0,0.735849057,0.20754717,0.056603774,0,0.2,0.676923077,0.030769231,0.092307692,0,1,0.019607843,0,0,0.980392157,0
42,1,0,0,0,0,0,0,0,0,0,0.672413793,0.189655172,0.120689655,0.017241379,0.152542373,0.745762712,0,0.101694915,0,1,0,0,0,0.961538462,0.038461538
43,0.947368421,0,0,0.052631579,1,0,0,0,0,0,0.696428571,0.196428571,0.107142857,0,0.137931034,0.75862069,0,0.103448276,0,1,0.018867925,0.018867925,0,0.924528302,0.037735849
44,1,0,0,0,0,0,0,0,0,0,0.661016949,0.186440678,0.152542373,0,0.107142857,0.785714286,0,0.107142857,0,1,0.037037037,0,0,0.925925926,0.037037037
45,1,0,0,0,1,0,0,0,0,0,0.629032258,0.177419355,0.193548387,0,0.072727273,0.8,0.018181818,0.109090909,0,1,0,0.019607843,0,0.960784314,0.019607843
46,0.95,0,0,0.05,0,0,1,0,0,0,0.629032258,0.161290323,0.193548387,0.016129032,0.056603774,0.830188679,0,0.094339623,0.018867925,1,0,0,0.019230769,0.942307692,0.038461538
47,0.904761905,0,0,0.095238095,0,0,0,0,0,0,0.684210526,0.192982456,0.122807018,0,0.107142857,0.785714286,0,0.107142857,0,1,0.037037037,0,0,0.925925926,0.037037037
48,0.857142857,0.047619048,0,0.095238095,0,0,0,0,0,0.015625,0.59375,0.171875,0.21875,0,0.019230769,0.846153846,0.019230769,0.115384615,0,1,0,0,0,0.980392157,0.019607843
49,1,0,0,0,0,0.661016949,0.186440678,0.13559322,0.016949153,0,0,0,0,0,0.137931034,0,0,0,0.862068966,1,0,0.846153846,0.115384615,0,0.038461538
50,1,0,0,0,0,0.735849057,0.20754717,0.037735849,0.018867925,1,0,0,0,0,0.1875,0.015625,0.03125,0,0.765625,1,0.019607843,0.862745098,0.117647059,0,0
51,1,0,0,0,0,0.672413793,0.189655172,0.120689655,0.017241379,1,0,0,0,0,0.118644068,0.033898305,0.033898305,0,0.813559322,1,0,0.88,0.12,0,0
52,1,0,0,0,0,0,0,0,0,0,0.75,0.211538462,0.038461538,0,0.21875,0.6875,0,0.09375,0,1,0.018867925,0,0,0.943396226,0.037735849
53,1,0,0,0,1,0,0,0,0,0,0.764705882,0.215686275,0.019607843,0,0.230769231,0.676923077,0,0.092307692,0,1,0.019230769,0,0.019230769,0.942307692,0.019230769
54,1,0,0,0,0,0,0,0,0,0,0.764705882,0.215686275,0.019607843,0,0.223880597,0.656716418,0.029850746,0.089552239,0,1,0.019607843,0,0,0.980392157,0
55,0.947368421,0,0,0.052631579,1,0,0,0,0,0,0.75,0.211538462,0.019230769,0.019230769,0.206349206,0.698412698,0,0.095238095,0,1,0,0,0.019230769,0.942307692,0.038461538
56,0.944444444,0,0,0.055555556,1,0,0,0,0,0,0.78,0.22,0,0,0.21875,0.6875,0,0.09375,0,1,0.019230769,0,0.038461538,0.923076923,0.019230769
57,1,0,0,0,0,0,0,0,0,0,0.75,0.211538462,0.019230769,0.019230769,0.212121212,0.666666667,0.03030303,0.090909091,0,1,0,0,0,0.980392157,0.019607843
58,0.95,0,0,0.05,0,0,0,0,0,0,0.696428571,0.196428571,0.089285714,0.017857143,0.166666667,0.733333333,0,0.1,0,1,0,0,0,0.961538462,0.038461538
59,1,0,0,0,1,0,0,0,0,0,0.661016949,0.186440678,0.152542373,0,0.105263158,0.771929825,0.01754386,0.105263158,0,1,0.019230769,0,0.019230769,0.942307692,0.019230769
60,1,0,0,0,1,0,0,0,0,0,0.639344262,0.180327869,0.180327869,0,0.074074074,0.814814815,0,0.111111111,0,1,0.019230769,0.019230769,0.019230769,0.923076923,0.019230769
61,1,0,0,0,0,0,0,0,0,0,0.639344262,0.180327869,0.163934426,0.016393443,0.107142857,0.785714286,0,0.107142857,0,1,0,0,0,0.961538462,0.038461538
62,0.95,0,0,0.05,0,0,0,0,0,0,0.672413793,0.189655172,0.137931034,0,0.118644068,0.745762712,0.033898305,0.101694915,0,1,0.019607843,0,0,0.980392157,0
63,1,0,0,0,0,0,0,0,0,0,0.629032258,0.177419355,0.177419355,0.016129032,0.087719298,0.771929825,0.035087719,0.105263158,0,1,0,0,0,1,0
64,0.947368421,0,0,0.052631579,1,0,0,0,0,0,0.619047619,0.174603175,0.19047619,0.015873016,0.038461538,0.846153846,0,0.115384615,0,1,0,0,0.019230769,0.942307692,0.038461538
65,0.904761905,0,0,0.095238095,0,0,0,0,0,0,0.661016949,0.186440678,0.152542373,0,0.090909091,0.8,0,0.109090909,0,1,0.018867925,0,0,0.943396226,0.037735849
66,0.947368421,0,0,0.052631579,1,0,0,0,0,0,0.696428571,0.196428571,0.089285714,0.017857143,0.137931034,0.75862069,0,0.103448276,0,1,0.018867925,0,0.018867925,0.924528302,0.037735849
67,1,0,0,0,0,0,0,0,0,0,0.619047619,0.174603175,0.19047619,0.015873016,0.074074074,0.814814815,0,0.111111111,0,1,0,0,0,0.961538462,0.038461538
68,1,0,0,0,0,0,0,0,0,0,0.619047619,0.174603175,0.206349206,0,0.054545455,0.8,0.036363636,0.109090909,0,1,0.019607843,0,0,0.980392157,0
69,1,0,0,0,0,0,0,0,0,0,0.619047619,0.174603175,0.19047619,0.015873016,0.071428571,0.785714286,0.035714286,0.107142857,0,1,0,0,0,1,0
70,1,0,0,0,0,0.722222222,0.203703704,0.055555556,0.018518519,1,0,0,0,0,0.177419355,0.016129032,0.016129032,0,0.790322581,1,0.019230769,0.846153846,0.115384615,0,0.019230769
71,1,0,0,0,0,0.709090909,0.2,0.072727273,0.018181818,1,0,0,0,0,0.163934426,0.016393443,0.016393443,0.016393443,0.786885246,1,0.019607843,0.862745098,0.117647059,0,0
72,0.904761905,0,0,0.095238095,0,1,0,0,0,0,0.633333333,0.183333333,0.183333333,0,0.054545455,0.8,0.036363636,0.090909091,0.018181818,1,0.019607843,0,0.019607843,0.960784314,0
73,1,0,0,0,0,0.735849057,0.20754717,0.037735849,0.018867925,1,0,0,0,0,0.193548387,0.032258065,0,0,0.774193548,1,0,0.846153846,0.115384615,0,0.038461538
74,0.95,0,0,0.05,0,0.661016949,0.186440678,0.13559322,0.016949153,0,0,0,0,0,0.122807018,0,0,0,0.877192982,1,0,0.846153846,0.115384615,0,0.038461538
75,0.95,0,0,0.05,0,0.709090909,0.2,0.072727273,0.018181818,0,0,0,0,0,0.161290323,0,0.032258065,0,0.806451613,1,0.019607843,0.862745098,0.117647059,0,0
76,1,0,0,0,0,0,0,0,0,0,0.709090909,0.2,0.090909091,0,0.174603175,0.698412698,0.031746032,0.095238095,0,1,0.019607843,0,0,0.980392157,0
77,1,0,0,0,0,0,0,0,0,0,0.709090909,0.2,0.090909091,0,0.163934426,0.721311475,0.016393443,0.098360656,0,1,0.018867925,0,0,0.943396226,0.037735849
78,0.95,0,0,0.05,0,0,0,0,0,0,0.722222222,0.203703704,0.074074074,0,0.166666667,0.733333333,0,0.1,0,1,0.018518519,0,0,0.925925926,0.055555556
79,0.904761905,0,0,0.095238095,0,0,0,0,0,0,0.672413793,0.189655172,0.137931034,0,0.105263158,0.771929825,0.01754386,0.105263158,0,1,0.019230769,0,0,0.961538462,0.019230769
80,1,0,0,0,0,0,0,0,0,0,0.709090909,0.2,0.072727273,0.018181818,0.193548387,0.709677419,0,0.096774194,0,1,0,0,0,0.961538462,0.038461538
81,1,0,0,0,0,0,0,0,0,0,0.696428571,0.196428571,0.107142857,0,0.152542373,0.745762712,0,0.101694915,0,1,0.018518519,0,0,0.925925926,0.055555556
82,1,0,0,0,0,0,0,0,0,0,0.696428571,0.196428571,0.107142857,0,0.152542373,0.745762712,0,0.101694915,0,1,0.037037037,0,0,0.925925926,0.037037037
83,1,0,0,0,0,0,0,0,0,0,0.661016949,0.186440678,0.152542373,0,0.107142857,0.785714286,0,0.107142857,0,1,0.018518519,0,0,0.925925926,0.055555556
84,1,0,0,0,0,1,0,0,0,0,0.633333333,0.183333333,0.183333333,0,0.090909091,0.8,0,0.090909091,0.018181818,1,0.018867925,0,0.018867925,0.924528302,0.037735849
85,1,0,0,0,0,0,0,0,0,0,0.65,0.183333333,0.15,0.016666667,0.120689655,0.75862069,0.017241379,0.103448276,0,1,0,0,0,0.980392157,0.019607843
86,1,0,0,0,0,0.709090909,0.2,0.072727273,0.018181818,0,0,0,0,0,0.054545455,0,0.036363636,0,0.909090909,1,0.152542373,0.745762712,0.101694915,0,0
87,1,0,0,0,0,0,0,0,0,0,0.722222222,0.203703704,0.074074074,0,0.174603175,0.698412698,0.031746032,0.095238095,0,1,0.038461538,0,0,0.961538462,0
88,1,0,0,0,1,0,0,0,0,0,0.75,0.211538462,0.038461538,0,0.21875,0.6875,0,0.09375,0,1,0,0.019230769,0,0.942307692,0.038461538
89,0.904761905,0,0,0.095238095,0,0,0,0,0,0,0.722222222,0.203703704,0.055555556,0.018518519,0.177419355,0.709677419,0.016129032,0.096774194,0,1,0,0,0,0.980392157,0.019607843
90,0.95,0,0,0.05,0,0,0,0,0,0,0.75,0.211538462,0.038461538,0,0.2,0.676923077,0.030769231,0.092307692,0,1,0.019607843,0,0,0.980392157,0
91,0.95,0,0,0.05,0,0,0,0,0,0,0.709090909,0.2,0.090909091,0,0.163934426,0.721311475,0.016393443,0.098360656,0,1,0.019230769,0,0,0.961538462,0.019230769
92,1,0,0,0,0,0,0,0,0,0,0.696428571,0.196428571,0.089285714,0.017857143,0.174603175,0.698412698,0.031746032,0.095238095,0,1,0,0,0,1,0
93,1,0,0,0,0,0,0,0,0,0,0.661016949,0.186440678,0.13559322,0.016949153,0.13559322,0.745762712,0.016949153,0.101694915,0,1,0,0,0,0.980392157,0.019607843
94,1,0,0,0,0,0,0,0,0,0,0.75,0.211538462,0.038461538,0,0.203125,0.6875,0.015625,0.09375,0,1,0.018867925,0,0,0.943396226,0.037735849
95,0.95,0,0,0.05,0,0,0,0,0,0,0.75,0.211538462,0.019230769,0.019230769,0.2,0.676923077,0.030769231,0.092307692,0,1,0,0,0,0.980392157,0.019607843
96,1,0,0,0,0,0,0,0,0,0,0.764705882,0.215686275,0,0.019607843,0.230769231,0.676923077,0,0.092307692,0,1,0,0,0,0.943396226,0.056603774
97,1,0,0,0,0,0,0,0,0,0,0.75,0.211538462,0.019230769,0.019230769,0.215384615,0.676923077,0.015384615,0.092307692,0,1,0,0,0,0.961538462,0.038461538
98,1,0,0,0,0,0,0,0,0,0,0.735849057,0.20754717,0.056603774,0,0.193548387,0.709677419,0,0.096774194,0,1,0.018518519,0,0,0.925925926,0.055555556
99,1,0,0,0,0,0,0,0,0,0,0.672413793,0.189655172,0.137931034,0,0.137931034,0.75862069,0,0.103448276,0,1,0.018867925,0,0,0.943396226,0.037735849
100,1,0,0,0,1,0,0,0,0,0,0.672413793,0.189655172,0.137931034,0,0.122807018,0.771929825,0,0.105263158,0,1,0.018867925,0,0.018867925,0.924528302,0.037735849
101,0.904761905,0,0,0.095238095,0,0,0,0,0,0,0.65,0.183333333,0.15,0.016666667,0.089285714,0.785714286,0.017857143,0.107142857,0,1,0,0,0,0.980392157,0.019607843
102,1,0,0,0,1,0,0,0,0,0,0.672413793,0.189655172,0.137931034,0,0.122807018,0.771929825,0,0.105263158,0,1,0.018867925,0.018867925,0,0.924528302,0.037735849
103,1,0,0,0,0,0,0,0,0,0,0.661016949,0.186440678,0.152542373,0,0.118644068,0.745762712,0.033898305,0.101694915,0,1,0.019607843,0,0,0.980392157,0
104,0.947368421,0,0,0.052631579,1,0,0,0,0,0,0.629032258,0.177419355,0.193548387,0,0.054545455,0.8,0.036363636,0.109090909,0,1,0,0.02,0,0.98,0
105,1,0,0,0,0,0,0,0,0,0,0.609375,0.171875,0.203125,0.015625,0.056603774,0.830188679,0,0.113207547,0,1,0,0,0,0.961538462,0.038461538
106,0.947368421,0,0,0.052631579,1,0,0,0,0,0,0.672413793,0.189655172,0.137931034,0,0.120689655,0.75862069,0.017241379,0.103448276,0,1,0,0.019607843,0,0.960784314,0.019607843
107,1,0,0,0,0,0.639344262,0.180327869,0.163934426,0.016393443,1,0,0,0,0,0.019607843,0.098039216,0,0.039215686,0.843137255,1,0,0.88,0.12,0,0
108,0.947368421,0,0,0.052631579,0,0.629032258,0.177419355,0.177419355,0.016129032,1,0,0,0,0,0.037037037,0.018518519,0.037037037,0,0.907407407,1,0.019607843,0.862745098,0.117647059,0,0
109,0.882352941,0,0,0.117647059,0,0.684210526,0.192982456,0.105263158,0.01754386,1,0,0,0,0,0.090909091,0.054545455,0,0.018181818,0.836363636,1,0,0.862745098,0.117647059,0,0.019607843
110,1,0,0,0,0,0.684210526,0.192982456,0.105263158,0.01754386,0,0,0,0,0,0.166666667,0,0,0,0.833333333,1,0,0.846153846,0.115384615,0,0.038461538
111,1,0,0,0,1,0,0,0,0,0,0.609375,0.171875,0.21875,0,0,0.862745098,0.019607843,0.117647059,0,1,0.018867925,0.018867925,0,0.924528302,0.037735849
112,0.95,0,0.05,0,0,0,0,0,0,0,0.661016949,0.169491525,0.169491525,0,0.118644068,0.728813559,0.033898305,0.101694915,0.016949153,1,0.019607843,0,0,0.980392157,0
113,1,0,0,0,0,0,0,0,0,0,0.629032258,0.177419355,0.193548387,0,0.037735849,0.830188679,0.018867925,0.113207547,0,1,0.037037037,0,0,0.925925926,0.037037037
114,0.95,0,0,0.05,0,0,0,0,0,0,0.696428571,0.196428571,0.107142857,0,0.147540984,0.721311475,0.032786885,0.098360656,0,1,0.019607843,0,0,0.980392157,0
115,0.904761905,0,0,0.095238095,0,0.609375,0.171875,0.203125,0.015625,0,0,0,0,0,0.019230769,0,0.019230769,0,0.961538462,1,0,0.862745098,0.117647059,0,0.019607843
116,1,0,0,0,0,0,0,0,0,0,0.684210526,0.192982456,0.105263158,0.01754386,0.161290323,0.709677419,0.032258065,0.096774194,0,1,0,0,0,1,0
117,1,0,0,0,1,0,0,0,0,0,0.661016949,0.186440678,0.152542373,0,0.105263158,0.771929825,0.01754386,0.105263158,0,1,0,0.04,0.02,0.94,0
118,0.941176471,0,0,0.058823529,1,0,0,0,0,0,0.65,0.183333333,0.15,0.016666667,0.090909091,0.8,0,0.109090909,0,1,0,0.02,0.04,0.94,0
119,1,0,0,0,0,0,0,0,0,0,0.639344262,0.180327869,0.180327869,0,0.090909091,0.8,0,0.109090909,0,1,0.018867925,0,0,0.943396226,0.037735849
120,0.904761905,0,0,0.095238095,0,0,0,0,0,0,0.639344262,0.180327869,0.180327869,0,0.056603774,0.830188679,0,0.113207547,0,1,0.018867925,0,0,0.943396226,0.037735849
121,1,0,0,0,0,0.65,0.183333333,0.15,0.016666667,0,0,0,0,0,0.090909091,0,0,0,0.909090909,1,0.037037037,0.814814815,0.111111111,0,0.037037037
122,1,0,0,0,0,0,0,0,0,0,0.661016949,0.186440678,0.13559322,0.016949153,0.133333333,0.733333333,0.033333333,0.1,0,1,0,0,0,1,0
123,1,0,0,0,0,0,0,0,0,0,0.672413793,0.189655172,0.137931034,0,0.133333333,0.733333333,0.033333333,0.1,0,1,0.019607843,0,0,0.980392157,0
124,1,0,0,0,1,0,0,0,0,0,0.619047619,0.174603175,0.206349206,0,0.038461538,0.846153846,0,0.115384615,0,1,0.018867925,0.018867925,0,0.924528302,0.037735849
125,1,0,0,0,0,0,0,0,0,0,0.619047619,0.174603175,0.206349206,0,0.056603774,0.830188679,0,0.113207547,0,1,0.018867925,0,0,0.943396226,0.037735849
126,1,0,0,0,1,0,0,0,0,0,0.639344262,0.180327869,0.163934426,0.016393443,0.107142857,0.785714286,0,0.107142857,0,1,0,0,0.019607843,0.960784314,0.019607843
127,0.944444444,0,0,0.055555556,0,0.735849057,0.20754717,0.037735849,0.018867925,1,0,0,0,0,0.137931034,0.017241379,0,0.017241379,0.827586207,1,0.072727273,0.8,0.109090909,0,0.018181818
128,0.95,0,0,0.05,0,0,0,0,0,0,0.696428571,0.196428571,0.107142857,0,0.147540984,0.721311475,0.032786885,0.098360656,0,1,0.019607843,0,0,0.980392157,0
129,1,0,0,0,1,0,0,0,0,0,0.629032258,0.177419355,0.193548387,0,0.074074074,0.814814815,0,0.111111111,0,1,0,0.019230769,0,0.942307692,0.038461538
130,1,0,0,0,1,0,0,0,0,0,0.629032258,0.177419355,0.193548387,0,0.074074074,0.814814815,0,0.111111111,0,1,0,0.019607843,0.019607843,0.941176471,0.019607843
131,1,0,0,0,0,0,0,0,0,0,0.639344262,0.180327869,0.180327869,0,0.090909091,0.8,0,0.109090909,0,1,0.018867925,0,0,0.943396226,0.037735849
132,0.947368421,0,0,0.052631579,1,0,0,0,0,0,0.629032258,0.177419355,0.193548387,0,0.054545455,0.8,0.036363636,0.109090909,0,1,0,0.02,0,0.98,0
133,0.95,0,0,0.05,0,0,0,0,0,0,0.65,0.183333333,0.166666667,0,0.087719298,0.771929825,0.035087719,0.105263158,0,1,0.019607843,0,0,0.980392157,0
134,0.904761905,0,0,0.095238095,0,0,0,0,0,0,0.639344262,0.180327869,0.180327869,0,0.037037037,0.814814815,0.037037037,0.111111111,0,1,0.038461538,0,0,0.961538462,0
135,0.941176471,0,0,0.058823529,1,0,0,0,0,0,0.722222222,0.203703704,0.074074074,0,0.166666667,0.733333333,0,0.1,0,1,0,0.019607843,0.039215686,0.921568627,0.019607843
136,0.95,0,0.05,0,0,0,0,0,0,0,0.78,0.2,0.02,0,0.23880597,0.641791045,0.014925373,0.089552239,0.014925373,1,0.019230769,0,0,0.961538462,0.019230769
137,0.947368421,0,0,0.052631579,1,0,0,0,0,0,0.75,0.211538462,0.019230769,0.019230769,0.21875,0.6875,0,0.09375,0,1,0,0,0.019607843,0.960784314,0.019607843
138,1,0,0,0,0,0,0,0,0,0,0.722222222,0.203703704,0.055555556,0.018518519,0.19047619,0.698412698,0.015873016,0.095238095,0,1,0,0,0,0.961538462,0.038461538
139,0.95,0,0,0.05,0,0,0,0,0,0,0.684210526,0.192982456,0.105263158,0.01754386,0.147540984,0.721311475,0.032786885,0.098360656,0,1,0,0,0,1,0
140,1,0,0,0,0,0,0,0,0,0,0.629032258,0.177419355,0.177419355,0.016129032,0.090909091,0.8,0,0.109090909,0,1,0,0,0,0.961538462,0.038461538
141,1,0,0,0,0,0,0,0,0,0,0.639344262,0.180327869,0.163934426,0.016393443,0.103448276,0.75862069,0.034482759,0.103448276,0,1,0,0,0,1,0
142,1,0,0,0,0,0,0,0,0,0,0.709090909,0.2,0.090909091,0,0.166666667,0.733333333,0,0.1,0,1,0.018518519,0,0,0.925925926,0.055555556
143,0.904761905,0,0,0.095238095,0,0,0,0,0,0,0.65,0.183333333,0.166666667,0,0.071428571,0.785714286,0.035714286,0.107142857,0,1,0.019607843,0,0,0.980392157,0
144,1,0,0,0,0,0,0,0,0,0,0.639344262,0.180327869,0.180327869,0,0.087719298,0.771929825,0.035087719,0.105263158,0,1,0.019607843,0,0,0.980392157,0
145,1,0,0,0,0,0,0,0,0,0,0.609375,0.171875,0.203125,0.015625,0.055555556,0.814814815,0.018518519,0.111111111,0,1,0,0,0,0.980392157,0.019607843
146,1,0,0,0,0,0,0,0,0,0,0.6,0.169230769,0.230769231,0,0.018867925,0.830188679,0.037735849,0.113207547,0,1,0.019607843,0,0,0.980392157,0
147,1,0,0,0,0,0,0,0,0,0,0.629032258,0.177419355,0.177419355,0.016129032,0.087719298,0.771929825,0.035087719,0.105263158,0,1,0,0,0,1,0
148,1,0,0,0,0,0,0,0,0,0,0.629032258,0.177419355,0.177419355,0.016129032,0.089285714,0.785714286,0.017857143,0.107142857,0,1,0,0,0,0.980392157,0.019607843
149,1,0,0,0,0,0,0,0,0,0,0.609375,0.171875,0.203125,0.015625,0.037735849,0.830188679,0.018867925,0.113207547,0,1,0.019230769,0,0,0.961538462,0.019230769
150,0.95,0,0,0.05,0,0,0,0,0,0,0.609375,0.171875,0.21875,0,0,0.88,0,0.12,0,1,0.037037037,0,0,0.925925926,0.037037037
151,0.904761905,0,0,0.095238095,0,0,0,0,0,0,0.65,0.183333333,0.166666667,0,0.056603774,0.830188679,0,0.113207547,0,1,0.037037037,0,0,0.925925926,0.037037037
152,1,0,0,0,0,0,0,0,0,0,0.672413793,0.189655172,0.137931034,0,0.118644068,0.745762712,0.033898305,0.101694915,0,1,0.038461538,0,0,0.961538462,0
153,0.95,0,0,0.05,0,0.639344262,0.180327869,0.163934426,0.016393443,0,0,0,0,0,0,0,0.038461538,0,0.961538462,1,0.090909091,0.8,0.109090909,0,0
154,0.95,0,0,0.05,0,0,0,0,0,0,0.684210526,0.192982456,0.105263158,0.01754386,0.13559322,0.745762712,0.016949153,0.101694915,0,1,0,0,0,0.961538462,0.038461538
155,0.95,0,0,0.05,0,0,0,0,0,0,0.65,0.183333333,0.166666667,0,0.087719298,0.771929825,0.035087719,0.105263158,0,1,0.019607843,0,0,0.980392157,0
156,0.944444444,0,0,0.055555556,1,0,0,0,0,0,0.639344262,0.180327869,0.163934426,0.016393443,0.090909091,0.8,0,0.109090909,0,1,0,0,0.04,0.96,0
157,0.947368421,0,0,0.052631579,1,0,0,0,0,0,0.684210526,0.192982456,0.105263158,0.01754386,0.137931034,0.75862069,0,0.103448276,0,1,0,0,0.019230769,0.942307692,0.038461538
158,0.941176471,0,0,0.058823529,1,0,0,0,0,0,0.709090909,0.2,0.090909091,0,0.152542373,0.745762712,0,0.101694915,0,1,0.019607843,0,0.058823529,0.921568627,0
159,0.944444444,0,0,0.055555556,1,0,0,0,0,0,0.764705882,0.215686275,0.019607843,0,0.206349206,0.698412698,0,0.095238095,0,1,0.019230769,0,0.038461538,0.923076923,0.019230769
160,1,0,0,0,0,0,0,0,0,0,0.75,0.211538462,0.019230769,0.019230769,0.212121212,0.666666667,0.03030303,0.090909091,0,1,0,0,0,0.980392157,0.019607843
161,1,0,0,0,1,0,0,0,0,0,0.75,0.211538462,0.038461538,0,0.2,0.676923077,0.030769231,0.092307692,0,1,0,0.019607843,0,0.960784314,0.019607843
162,0.9,0.1,0,0,0,0,0,0,0,0.017241379,0.637931034,0.189655172,0.155172414,0,0.120689655,0.75862069,0.017241379,0.086206897,0.017241379,1,0,0,0,0.943396226,0.056603774
163,1,0,0,0,1,0,0,0,0,0,0.65,0.183333333,0.166666667,0,0.074074074,0.814814815,0,0.111111111,0,1,0.018518519,0.018518519,0,0.907407407,0.055555556
164,0.947368421,0,0,0.052631579,0.5,0,0.5,0,0,0,0.629032258,0.161290323,0.209677419,0,0.018867925,0.811320755,0.037735849,0.113207547,0.018867925,1,0.019607843,0.039215686,0,0.941176471,0
165,1,0,0,0,0,0,0,0,0,0,0.629032258,0.177419355,0.193548387,0,0.055555556,0.814814815,0.018518519,0.111111111,0,1,0.037735849,0,0,0.943396226,0.018867925
166,0.947368421,0,0,0.052631579,1,0,0,0,0,0,0.65,0.183333333,0.166666667,0,0.072727273,0.8,0.018181818,0.109090909,0,1,0.038461538,0,0.019230769,0.942307692,0
167,1,0,0,0,1,0,0,0,0,0,0.696428571,0.196428571,0.107142857,0,0.166666667,0.733333333,0,0.1,0,1,0,0.019230769,0,0.942307692,0.038461538
168,0.95,0,0,0.05,0,0,0,0,0,0,0.722222222,0.203703704,0.074074074,0,0.166666667,0.733333333,0,0.1,0,1,0.018518519,0,0,0.925925926,0.055555556
169,0.95,0,0,0.05,0,0,0,0,0,0,0.764705882,0.215686275,0.019607843,0,0.206349206,0.698412698,0,0.095238095,0,1,0.018518519,0,0,0.925925926,0.055555556
170,0.95,0,0,0.05,0,0,0,0,0,0,0.709090909,0.2,0.090909091,0,0.166666667,0.733333333,0,0.1,0,1,0.018867925,0,0,0.943396226,0.037735849
171,0.904761905,0,0,0.095238095,0,0,0,0,0,0,0.722222222,0.203703704,0.074074074,0,0.152542373,0.745762712,0,0.101694915,0,1,0.037037037,0,0,0.925925926,0.037037037
172,1,0,0,0,0,0.709090909,0.2,0.072727273,0.018181818,1,0,0,0,0,0.107142857,0.071428571,0,0,0.821428571,1,0.037037037,0.814814815,0.111111111,0,0.037037037
173,1,0,0,0,0,0.735849057,0.20754717,0.037735849,0.018867925,0.875,0,0,0,0.125,0.090909091,0.090909091,0,0.036363636,0.781818182,1,0.056603774,0.830188679,0.113207547,0,0
174,0.95,0,0,0.05,0,0,0,0,0,0,0.661016949,0.186440678,0.152542373,0,0.107142857,0.785714286,0,0.107142857,0,1,0.018867925,0,0,0.943396226,0.037735849
175,0.9,0.05,0,0.05,0,0,0,0,0,0.018867925,0.716981132,0.20754717,0.056603774,0,0.193548387,0.709677419,0,0.096774194,0,1,0,0,0,0.943396226,0.056603774
176,0.947368421,0,0,0.052631579,1,0,0,0,0,0,0.709090909,0.2,0.072727273,0.018181818,0.166666667,0.733333333,0,0.1,0,1,0,0,0.019230769,0.942307692,0.038461538
177,1,0,0,0,1,0,0,0,0,0,0.75,0.211538462,0.019230769,0.019230769,0.21875,0.6875,0,0.09375,0,1,0,0,0.06,0.94,0
178,1,0,0,0,0,0,0,0,0,0,0.672413793,0.189655172,0.120689655,0.017241379,0.137931034,0.75862069,0,0.103448276,0,1,0,0,0,0.943396226,0.056603774
179,0.947368421,0,0,0.052631579,0.333333333,0,0.333333333,0.333333333,0,0,0.65,0.166666667,0.166666667,0.016666667,0.072727273,0.781818182,0.018181818,0.109090909,0.018181818,1,0,0.02,0.02,0.96,0
180,1,0,0,0,0,0,0,0,0,0,0.629032258,0.177419355,0.177419355,0.016129032,0.090909091,0.8,0,0.109090909,0,1,0,0,0,0.961538462,0.038461538
181,0.904761905,0,0,0.095238095,0,0,0,0,0,0,0.735849057,0.20754717,0.037735849,0.018867925,0.177419355,0.709677419,0.016129032,0.096774194,0,1,0,0,0,0.961538462,0.038461538
182,0.947368421,0,0,0.052631579,1,0,0,0,0,0,0.661016949,0.186440678,0.152542373,0,0.090909091,0.8,0,0.109090909,0,1,0.018867925,0,0.018867925,0.924528302,0.037735849
183,1,0,0,0,1,0,0,0,0,0,0.629032258,0.177419355,0.193548387,0,0.055555556,0.814814815,0.018518519,0.111111111,0,1,0.019230769,0,0.019230769,0.942307692,0.019230769
184,1,0,0,0,1,0,0,0,0,0,0.672413793,0.189655172,0.120689655,0.017241379,0.137931034,0.75862069,0,0.103448276,0,1,0,0.019230769,0,0.942307692,0.038461538
185,1,0,0,0,0,0.696428571,0.196428571,0.089285714,0.017857143,0,0,0,0,0,0.180327869,0,0,0,0.819672131,1,0,0.846153846,0.115384615,0,0.038461538
186,1,0,0,0,0,0,0,0,0,0,0.619047619,0.174603175,0.206349206,0,0.054545455,0.8,0.036363636,0.109090909,0,1,0.019607843,0,0,0.980392157,0
187,0.941176471,0,0,0.058823529,1,0,0,0,0,0,0.661016949,0.186440678,0.152542373,0,0.107142857,0.785714286,0,0.107142857,0,1,0,0.02,0.04,0.94,0
188,1,0,0,0,0,0,0,0,0,0,0.709090909,0.2,0.090909091,0,0.174603175,0.698412698,0.031746032,0.095238095,0,1,0.019607843,0,0,0.980392157,0
189,0.904761905,0,0,0.095238095,0,0.619047619,0.174603175,0.19047619,0.015873016,0,0,0,0,0,0.037037037,0,0.037037037,0,0.925925926,1,0,0.88,0.12,0,0
190,0.944444444,0,0,0.055555556,0,0.672413793,0.189655172,0.120689655,0.017241379,1,0,0,0,0,0.087719298,0.035087719,0.035087719,0,0.842105263,1,0.019607843,0.862745098,0.117647059,0,0
191,0.947368421,0,0,0.052631579,0,0.75,0.211538462,0.019230769,0.019230769,1,0,0,0,0,0.037037037,0.018518519,0.037037037,0,0.907407407,1,0.180327869,0.721311475,0.098360656,0,0
192,1,0,0,0,0,0,0,0,0,0,0.661016949,0.186440678,0.152542373,0,0.122807018,0.771929825,0,0.105263158,0,1,0.018867925,0,0,0.943396226,0.037735849
193,1,0,0,0,1,0,0,0,0,0,0.639344262,0.180327869,0.180327869,0,0.072727273,0.8,0.018181818,0.109090909,0,1,0.038461538,0,0.019230769,0.942307692,0
194,1,0,0,0,0,0,0,0,0,0,0.661016949,0.186440678,0.152542373,0,0.105263158,0.771929825,0.01754386,0.105263158,0,1,0.037735849,0,0,0.943396226,0.018867925
195,1,0,0,0,0,0.684210526,0.192982456,0.105263158,0.01754386,0,0,0,0,0,0.071428571,0,0.035714286,0,0.892857143,1,0.107142857,0.785714286,0.107142857,0,0
196,0.904761905,0,0,0.095238095,0,0.684210526,0.192982456,0.105263158,0.01754386,0,0,0,0,0,0.018867925,0,0.037735849,0,0.943396226,1,0.122807018,0.771929825,0.105263158,0,0
197,0.947368421,0,0,0.052631579,0.018181818,0.690909091,0.2,0.090909091,0,0,1,0,0,0,0.133333333,0.016666667,0.033333333,0,0.816666667,1,0.038461538,0.846153846,0.115384615,0,0
198,1,0,0,0,0,0.65,0.183333333,0.15,0.016666667,0,0,0,0,0,0.019230769,0,0.019230769,0,0.961538462,1,0.105263158,0.771929825,0.105263158,0,0.01754386
199,0.947368421,0,0,0.052631579,0,0.709090909,0.2,0.072727273,0.018181818,1,0,0,0,0,0.055555556,0,0.018518519,0.018518519,0.907407407,1,0.137931034,0.75862069,0.103448276,0,0
200,1,0,0,0,1,0,0,0,0,0,0.661016949,0.186440678,0.152542373,0,0.107142857,0.785714286,0,0.107142857,0,1,0.037735849,0,0.018867925,0.924528302,0.018867925
201,0.9375,0,0,0.0625,0,0.684210526,0.192982456,0.105263158,0.01754386,0.8,0,0,0.2,0,0.037735849,0.075471698,0.018867925,0,0.867924528,1,0.037735849,0.830188679,0.113207547,0,0.018867925
202,1,0,0,0,0,0.735849057,0.20754717,0.037735849,0.018867925,0.8,0,0,0,0.2,0.019230769,0.057692308,0.019230769,0.019230769,0.884615385,1,0.152542373,0.745762712,0.101694915,0,0
203,1,0,0,0,0,0.661016949,0.186440678,0.13559322,0.016949153,0,0,0,0,0,0.037037037,0,0.037037037,0,0.925925926,1,0.107142857,0.785714286,0.107142857,0,0
204,1,0,0,0,0.016666667,0.633333333,0.183333333,0.15,0.016666667,0,1,0,0,0,0,0,0.038461538,0.019230769,0.942307692,1,0.107142857,0.803571429,0.089285714,0,0
205,1,0,0,0,0,0.696428571,0.196428571,0.089285714,0.017857143,0,0,0,0,0,0.018867925,0,0.037735849,0,0.943396226,1,0.166666667,0.733333333,0.1,0,0
206,0.95,0,0,0.05,0,0.684210526,0.192982456,0.105263158,0.01754386,0,0,0,0,0,0.055555556,0,0.018518519,0,0.925925926,1,0.105263158,0.771929825,0.105263158,0,0.01754386
207,0.95,0,0,0.05,0,0,0,0,0,0,0.619047619,0.174603175,0.206349206,0,0.037735849,0.830188679,0.018867925,0.113207547,0,1,0.019230769,0,0,0.961538462,0.019230769
208,0.9,0,0,0.1,1,0,0,0,0,0,0.684210526,0.192982456,0.122807018,0,0.107142857,0.785714286,0,0.107142857,0,1,0.018867925,0,0.018867925,0.924528302,0.037735849
209,1,0,0,0,0,0.722222222,0.203703704,0.055555556,0.018518519,0.833333333,0,0,0.166666667,0,0.056603774,0.150943396,0,0.037735849,0.754716981,1,0,0.88,0.12,0,0
210,1,0,0,0,0,0.735849057,0.20754717,0.037735849,0.018867925,0.916666667,0,0,0.083333333,0,0.019607843,0.176470588,0,0.039215686,0.764705882,1,0.056603774,0.830188679,0.113207547,0,0
211,0.923076923,0.076923077,0,0,0.018518519,0.703703704,0.203703704,0.074074074,0,0.857142857,0,0,0,0.142857143,0.074074074,0.074074074,0,0.037037037,0.814814815,1,0.074074074,0.814814815,0.111111111,0,0
212,1,0,0,0,1,0,0,0,0,0,0.696428571,0.196428571,0.107142857,0,0.166666667,0.733333333,0,0.1,0,1,0,0.019230769,0,0.942307692,0.038461538
213,1,0,0,0,0,0.722222222,0.203703704,0.055555556,0.018518519,1,0,0,0,0,0,0.2,0,0.04,0.76,1,0.056603774,0.830188679,0.113207547,0,0
214,0.9,0,0,0.1,0,0.735849057,0.20754717,0.037735849,0.018867925,1,0,0,0,0,0,0.18,0,0.02,0.8,1,0.072727273,0.8,0.109090909,0,0.018181818
215,1,0,0,0,0,0.730769231,0.211538462,0.038461538,0.019230769,0.8,0.2,0,0,0,0.055555556,0.092592593,0.018518519,0,0.833333333,1,0.120689655,0.74137931,0.103448276,0.017241379,0.017241379
216,1,0,0,0,1,0,0,0,0,0,0.639344262,0.180327869,0.180327869,0,0.090909091,0.8,0,0.109090909,0,1,0,0.02,0.04,0.94,0
217,1,0,0,0,0,1,0,0,0,0,0.703703704,0.203703704,0.074074074,0.018518519,0.19047619,0.682539683,0.015873016,0.095238095,0.015873016,1,0,0.019607843,0,0.960784314,0.019607843
218,1,0,0,0,0,0,0,0,0,0,0.764705882,0.215686275,0.019607843,0,0.21875,0.6875,0,0.09375,0,1,0.018518519,0,0,0.925925926,0.055555556
219,1,0,0,0,0,1,0,0,0,0.016666667,0.633333333,0.183333333,0.166666667,0,0.090909091,0.818181818,0,0.090909091,0,1,0.018867925,0,0.018867925,0.924528302,0.037735849
220,0.95,0,0,0.05,0,0,0,0,0,0,0.619047619,0.174603175,0.206349206,0,0.019230769,0.846153846,0.019230769,0.115384615,0,1,0.037735849,0,0,0.943396226,0.018867925
221,0.95,0,0,0.05,0,0,0,0,0,0,0.609375,0.171875,0.21875,0,0,0.862745098,0.019607843,0.117647059,0,1,0.037735849,0,0,0.943396226,0.018867925
222,0.947368421,0,0,0.052631579,1,0,0,0,0,0,0.6,0.169230769,0.215384615,0.015384615,0,0.88,0,0.12,0,1,0,0.019230769,0,0.942307692,0.038461538
223,1,0,0,0,0,0.684210526,0.192982456,0.105263158,0.01754386,1,0,0,0,0,0.089285714,0.089285714,0.017857143,0.017857143,0.785714286,1,0,0.88,0.12,0,0
224,1,0,0,0,0,0.735849057,0.20754717,0.037735849,0.018867925,1,0,0,0,0,0.107142857,0.017857143,0,0,0.875,1,0.118644068,0.745762712,0.101694915,0,0.033898305
225,0.95,0,0,0.05,0,0,0,0,0,0,0.65,0.183333333,0.15,0.016666667,0.090909091,0.8,0,0.109090909,0,1,0,0,0,0.943396226,0.056603774
226,1,0,0,0,0,0,0,0,0,0,0.619047619,0.174603175,0.206349206,0,0.056603774,0.830188679,0,0.113207547,0,1,0.018867925,0,0,0.943396226,0.037735849
227,1,0,0,0,1,0,0,0,0,0,0.639344262,0.180327869,0.163934426,0.016393443,0.089285714,0.785714286,0.017857143,0.107142857,0,1,0.019607843,0,0.019607843,0.960784314,0
228,1,0,0,0,1,0,0,0,0,0,0.661016949,0.186440678,0.152542373,0,0.107142857,0.785714286,0,0.107142857,0,1,0.038461538,0,0.038461538,0.923076923,0
229,1,0,0,0,0,0.696428571,0.196428571,0.089285714,0.017857143,1,0,0,0,0,0,0.2,0,0.04,0.76,1,0.019607843,0.862745098,0.117647059,0,0
230,0.947368421,0,0,0.052631579,0,0.684210526,0.192982456,0.105263158,0.01754386,0.5,0,0,0,0.5,0.019230769,0.019230769,0.019230769,0,0.942307692,1,0.105263158,0.771929825,0.105263158,0,0.01754386
231,1,0,0,0,0,0.672413793,0.189655172,0.120689655,0.017241379,0,0,0,0,0,0,0,0.038461538,0,0.961538462,1,0.152542373,0.745762712,0.101694915,0,0
232,0.947368421,0,0,0.052631579,1,0,0,0,0,0,0.639344262,0.180327869,0.163934426,0.016393443,0.074074074,0.814814815,0,0.111111111,0,1,0.019230769,0,0.019230769,0.942307692,0.019230769
233,1,0,0,0,0,0,0,0,0,0,0.629032258,0.177419355,0.177419355,0.016129032,0.072727273,0.8,0.018181818,0.109090909,0,1,0.019230769,0,0,0.961538462,0.019230769
234,0.95,0,0,0.05,0,0,0,0,0,0,0.65,0.183333333,0.15,0.016666667,0.105263158,0.771929825,0.01754386,0.105263158,0,1,0,0,0,0.980392157,0.019607843
235,0.95,0,0,0.05,0,0,0,0,0,0,0.684210526,0.192982456,0.122807018,0,0.122807018,0.771929825,0,0.105263158,0,1,0.037037037,0,0,0.925925926,0.037037037
236,1,0,0,0,0,0.609375,0.171875,0.203125,0.015625,0,0,0,0,0,0.019230769,0,0.019230769,0,0.961538462,1,0.037735849,0.830188679,0.113207547,0,0.018867925
237,0.904761905,0,0,0.095238095,0,0,0,0,0,0,0.684210526,0.192982456,0.122807018,0,0.120689655,0.75862069,0.017241379,0.103448276,0,1,0.019230769,0,0,0.961538462,0.019230769
238,1,0,0,0,0,0,0,0,0,0,0.696428571,0.196428571,0.107142857,0,0.161290323,0.709677419,0.032258065,0.096774194,0,1,0.019607843,0,0,0.980392157,0
239,1,0,0,0,0,0,0,0,0,0,0.709090909,0.2,0.072727273,0.018181818,0.177419355,0.709677419,0.016129032,0.096774194,0,1,0,0,0,0.961538462,0.038461538
240,0.904761905,0,0,0.095238095,0,0,0,0,0,0,0.709090909,0.2,0.072727273,0.018181818,0.161290323,0.709677419,0.032258065,0.096774194,0,1,0,0,0,1,0
241,0.95,0,0,0.05,0,0,0,0,0,0,0.735849057,0.20754717,0.056603774,0,0.1875,0.6875,0.03125,0.09375,0,1,0.019607843,0,0,0.980392157,0
242,1,0,0,0,0,0,0,0,0,0,0.722222222,0.203703704,0.055555556,0.018518519,0.193548387,0.709677419,0,0.096774194,0,1,0,0,0,0.943396226,0.056603774
243,0.947368421,0,0,0.052631579,0,0.661016949,0.186440678,0.13559322,0.016949153,1,0,0,0,0,0.105263158,0,0.01754386,0.01754386,0.859649123,1,0.019607843,0.862745098,0.117647059,0,0
244,1,0,0,0,1,0,0,0,0,0,0.639344262,0.180327869,0.180327869,0,0.072727273,0.8,0.018181818,0.109090909,0,1,0.038461538,0,0.019230769,0.942307692,0
245,0.95,0,0,0.05,0,0,0,0,0,0,0.65,0.183333333,0.166666667,0,0.090909091,0.8,0,0.109090909,0,1,0.018867925,0,0,0.943396226,0.037735849
246,1,0,0,0,0,0,0,0,0,0,0.65,0.183333333,0.15,0.016666667,0.107142857,0.785714286,0,0.107142857,0,1,0,0,0,0.943396226,0.056603774
247,1,0,0,0,0,0.709090909,0.2,0.072727273,0.018181818,0,0,0,0,0,0,0,0.038461538,0,0.961538462,1,0.193548387,0.709677419,0.096774194,0,0
248,1,0,0,0,0,0.661016949,0.186440678,0.13559322,0.016949153,1,0,0,0,0,0.038461538,0.019230769,0,0.019230769,0.923076923,1,0.089285714,0.785714286,0.107142857,0,0.017857143
249,1,0,0,0,0,0.696428571,0.196428571,0.089285714,0.017857143,1,0,0,0,0,0.074074074,0,0,0.018518519,0.907407407,1,0.120689655,0.75862069,0.103448276,0,0.017241379
250,1,0,0,0,0,0.684210526,0.192982456,0.105263158,0.01754386,0,0,0,0,0,0.054545455,0,0.036363636,0,0.909090909,1,0.122807018,0.771929825,0.105263158,0,0
251,0.947368421,0,0,0.052631579,0,0.619047619,0.174603175,0.19047619,0.015873016,1,0,0,0,0,0,0,0.019607843,0.019607843,0.960784314,1,0.056603774,0.830188679,0.113207547,0,0
252,1,0,0,0,0,0.609375,0.171875,0.203125,0.015625,0,0,0,0,0,0,0,0.038461538,0,0.961538462,1,0.056603774,0.830188679,0.113207547,0,0
253,0.95,0,0,0.05,0,0.619047619,0.174603175,0.19047619,0.015873016,0,0,0,0,0,0.037037037,0,0.037037037,0,0.925925926,1,0.019607843,0.862745098,0.117647059,0,0
254,0.947368421,0,0,0.052631579,1,0,0,0,0,0,0.684210526,0.192982456,0.105263158,0.01754386,0.137931034,0.75862069,0,0.103448276,0,1,0,0.019230769,0,0.942307692,0.038461538
255,1,0,0,0,1,0,0,0,0,0,0.65,0.183333333,0.166666667,0,0.107142857,0.785714286,0,0.107142857,0,1,0,0.019230769,0,0.942307692,0.038461538
256,1,0,0,0,0,0,0,0,0,0,0.590909091,0.166666667,0.227272727,0.015151515,0,0.846153846,0.038461538,0.115384615,0,1,0.019607843,0,0,0.980392157,0
257,1,0,0,0,0,0.65,0.183333333,0.15,0.016666667,1,0,0,0,0,0,0.06,0,0.04,0.9,1,0.074074074,0.814814815,0.111111111,0,0
258,0.95,0,0.05,0,0,0,0,0,0,0,0.709090909,0.181818182,0.109090909,0,0.166666667,0.716666667,0,0.1,0.016666667,1,0.037037037,0,0,0.925925926,0.037037037
259,0.95,0,0,0.05,0,0,0,0,0,0,0.696428571,0.196428571,0.089285714,0.017857143,0.166666667,0.733333333,0,0.1,0,1,0,0,0,0.961538462,0.038461538
260,1,0,0,0,0,0.722222222,0.203703704,0.055555556,0.018518519,1,0,0,0,0,0.15,0.033333333,0.016666667,0,0.8,1,0.037735849,0.830188679,0.113207547,0,0.018867925
261,1,0,0,0,0,0.65,0.183333333,0.15,0.016666667,1,0,0,0,0,0,0.058823529,0.019607843,0.019607843,0.901960784,1,0.074074074,0.814814815,0.111111111,0,0
262,0.9,0,0,0.1,0,0.722222222,0.203703704,0.055555556,0.018518519,1,0,0,0,0,0.019607843,0.196078431,0,0,0.784313725,1,0.018867925,0.830188679,0.113207547,0,0.037735849
263,1,0,0,0,0,0.696428571,0.196428571,0.089285714,0.017857143,0.833333333,0,0,0.166666667,0,0.072727273,0.090909091,0.018181818,0,0.818181818,1,0.019230769,0.846153846,0.115384615,0,0.019230769
264,1,0,0,0,0,0.619047619,0.174603175,0.19047619,0.015873016,0,0,0,0,0,0.074074074,0,0,0,0.925925926,1,0,0.846153846,0.115384615,0,0.038461538
265,1,0,0,0,0,0,0,0,0,0,0.639344262,0.180327869,0.180327869,0,0.072727273,0.8,0.018181818,0.109090909,0,1,0.018867925,0,0,0.943396226,0.037735849
266,1,0,0,0,1,0,0,0,0,0,0.619047619,0.174603175,0.206349206,0,0.037735849,0.830188679,0.018867925,0.113207547,0,1,0,0.039215686,0,0.941176471,0.019607843
267,0.941176471,0,0,0.058823529,0.666666667,0.333333333,0,0,0,0.015873016,0.603174603,0.174603175,0.19047619,0.015873016,0.019607843,0.882352941,0,0.098039216,0,1,0,0,0.058823529,0.921568627,0.019607843
268,1,0,0,0,1,0,0,0,0,0,0.661016949,0.186440678,0.152542373,0,0.120689655,0.75862069,0.017241379,0.103448276,0,1,0,0.019607843,0,0.960784314,0.019607843
269,1,0,0,0,0,0,0,0,0,0,0.696428571,0.196428571,0.107142857,0,0.15,0.733333333,0.016666667,0.1,0,1,0.018867925,0,0,0.943396226,0.037735849
270,1,0,0,0,0,0.696428571,0.196428571,0.089285714,0.017857143,1,0,0,0,0,0.055555556,0.018518519,0.018518519,0,0.907407407,1,0.120689655,0.75862069,0.103448276,0,0.017241379
271,1,0,0,0,0,0.75,0.211538462,0.019230769,0.019230769,1,0,0,0,0,0.105263158,0.01754386,0.01754386,0.01754386,0.842105263,1,0.137931034,0.75862069,0.103448276,0,0
272,0.95,0,0,0.05,0,0.722222222,0.203703704,0.055555556,0.018518519,0,0,0,0,0,0.15,0,0.016666667,0,0.833333333,1,0.055555556,0.814814815,0.111111111,0,0.018518519
273,0.9,0.05,0,0.05,0.017857143,0.678571429,0.196428571,0.107142857,0,0,0,0,0,0,0.122807018,0,0,0,0.877192982,1,0.054545455,0.8,0.109090909,0,0.036363636
274,1,0,0,0,0,0.629032258,0.177419355,0.177419355,0.016129032,1,0,0,0,0,0.038461538,0.019230769,0,0,0.942307692,1,0.037037037,0.814814815,0.111111111,0,0.037037037
275,1,0,0,0,0,0.709090909,0.2,0.072727273,0.018181818,0.875,0,0,0,0.125,0.055555556,0.12962963,0.018518519,0,0.796296296,1,0.019230769,0.846153846,0.115384615,0,0.019230769
276,1,0,0,0,0.017857143,0.660714286,0.196428571,0.107142857,0.017857143,0.727272727,0.181818182,0,0.090909091,0,0.019607843,0.137254902,0,0.058823529,0.784313725,1,0.019607843,0.862745098,0.098039216,0.019607843,0
277,0.916666667,0,0,0.083333333,0,0.735849057,0.20754717,0.037735849,0.018867925,1,0,0,0,0,0.107142857,0.107142857,0,0.035714286,0.75,1,0.019607843,0.862745098,0.117647059,0,0
278,1,0,0,0,0,0.684210526,0.192982456,0.105263158,0.01754386,0.75,0,0,0.25,0,0.087719298,0.052631579,0.035087719,0,0.824561404,1,0.019607843,0.862745098,0.117647059,0,0
279,0.95,0,0,0.05,0,0.75,0.211538462,0.019230769,0.019230769,0,0,0,0,0,0.1875,0,0.03125,0,0.78125,1,0.038461538,0.846153846,0.115384615,0,0
280,1,0,0,0,0,0.722222222,0.203703704,0.055555556,0.018518519,0.5,0,0,0,0.5,0.13559322,0.016949153,0.016949153,0,0.830508475,1,0.055555556,0.814814815,0.111111111,0,0.018518519
281,0.95,0,0,0.05,0,0.722222222,0.203703704,0.055555556,0.018518519,0,0,0,0,0,0.090909091,0,0,0,0.909090909,1,0.118644068,0.745762712,0.101694915,0,0.033898305
282,1,0,0,0,0,0,0,0,0,0,0.684210526,0.192982456,0.105263158,0.01754386,0.166666667,0.733333333,0,0.1,0,1,0,0,0,0.961538462,0.038461538
283,1,0,0,0,0,0,0,0,0,0,0.78,0.22,0,0,0.223880597,0.656716418,0.029850746,0.089552239,0,1,0.019230769,0,0,0.961538462,0.019230769
284,1,0,0,0,1,0,0,0,0,0,0.78,0.22,0,0,0.230769231,0.676923077,0,0.092307692,0,1,0,0.019607843,0.039215686,0.921568627,0.019607843
285,1,0,0,0,0,0,0,0,0,0,0.709090909,0.2,0.090909091,0,0.180327869,0.721311475,0,0.098360656,0,1,0.018867925,0,0,0.943396226,0.037735849
286,1,0,0,0,1,0,0,0,0,0,0.722222222,0.203703704,0.074074074,0,0.180327869,0.721311475,0,0.098360656,0,1,0.019230769,0,0.038461538,0.923076923,0.019230769
287,1,0,0,0,0,0.696428571,0.196428571,0.089285714,0.017857143,0.666666667,0,0,0.333333333,0,0.090909091,0.036363636,0,0,0.872727273,1,0.054545455,0.8,0.109090909,0,0.036363636
288,1,0,0,0,0,0.65,0.183333333,0.15,0.016666667,0,0,0,0,0,0,0,0,0,1,1,0.118644068,0.745762712,0.101694915,0,0.033898305
289,1,0,0,0,0,0.735849057,0.20754717,0.037735849,0.018867925,1,0,0,0,0,0.038461538,0.057692308,0,0,0.903846154,1,0.147540984,0.721311475,0.098360656,0,0.032786885
290,1,0,0,0,0,0,0,0,0,0,0.696428571,0.196428571,0.089285714,0.017857143,0.174603175,0.698412698,0.031746032,0.095238095,0,1,0,0,0,1,0
291,1,0,0,0,0,0.722222222,0.203703704,0.055555556,0.018518519,0,0,0,0,0,0.118644068,0,0.033898305,0,0.847457627,1,0.107142857,0.785714286,0.107142857,0,0
292,1,0,0,0,0,0.696428571,0.196428571,0.089285714,0.017857143,0,0,0,0,0,0,0,0.038461538,0,0.961538462,1,0.180327869,0.721311475,0.098360656,0,0
293,1,0,0,0,0,0,0,0,0,0,0.619047619,0.174603175,0.206349206,0,0.037735849,0.830188679,0.018867925,0.113207547,0,1,0.018867925,0,0,0.943396226,0.037735849
294,0.947368421,0,0,0.052631579,1,0,0,0,0,0,0.619047619,0.174603175,0.206349206,0,0,0.862745098,0.019607843,0.117647059,0,1,0.018867925,0.018867925,0,0.924528302,0.037735849
295,0.947368421,0,0,0.052631579,1,0,0,0,0,0,0.629032258,0.177419355,0.193548387,0,0.054545455,0.8,0.036363636,0.109090909,0,1,0,0.02,0,0.98,0
296,1,0,0,0,0,0.696428571,0.196428571,0.089285714,0.017857143,0,0,0,0,0,0.019607843,0,0,0,0.980392157,1,0.161290323,0.709677419,0.096774194,0,0.032258065
297,0.947368421,0.052631579,0,0,0.016393443,0.62295082,0.180327869,0.180327869,0,0,0,0,0,0,0.056603774,0,0,0,0.943396226,1,0.054545455,0.8,0.109090909,0,0.036363636
298,1,0,0,0,0,0.684210526,0.192982456,0.105263158,0.01754386,0,0,0,0,0,0.019607843,0,0,0,0.980392157,1,0.147540984,0.721311475,0.098360656,0,0.032786885
299,1,0,0,0,0,0.75,0.211538462,0.019230769,0.019230769,1,0,0,0,0,0.090909091,0.145454545,0,0.018181818,0.745454545,1,0.037735849,0.830188679,0.113207547,0,0.018867925
300,1,0,0,0,0,0.75,0.211538462,0.019230769,0.019230769,0.866666667,0,0,0,0.133333333,0,0.26,0,0,0.74,1,0,0.846153846,0.115384615,0,0.038461538
301,1,0,0,0,0,0.75,0.211538462,0.019230769,0.019230769,0.818181818,0,0,0.181818182,0,0.054545455,0.163636364,0.036363636,0,0.745454545,1,0.019607843,0.862745098,0.117647059,0,0
302,1,0,0,0,0,0.722222222,0.203703704,0.055555556,0.018518519,0.833333333,0,0,0.166666667,0,0,0.192307692,0.038461538,0,0.769230769,1,0.019607843,0.862745098,0.117647059,0,0
303,1,0,0,0,0,0.672413793,0.189655172,0.120689655,0.017241379,0,0,0,0,0,0,0,0,0,1,1,0.147540984,0.721311475,0.098360656,0,0.032786885
304,0.95,0,0,0.05,0,0,0,0,0,0,0.722222222,0.203703704,0.055555556,0.018518519,0.177419355,0.709677419,0.016129032,0.096774194,0,1,0,0,0,0.961538462,0.038461538
305,1,0,0,0,1,0,0,0,0,0,0.75,0.211538462,0.038461538,0,0.206349206,0.698412698,0,0.095238095,0,1,0,0.019607843,0.039215686,0.921568627,0.019607843
306,1,0,0,0,0,0,0,0,0,0,0.764705882,0.215686275,0.019607843,0,0.215384615,0.676923077,0.015384615,0.092307692,0,1,0.018867925,0,0,0.943396226,0.037735849
307,1,0,0,0,1,0,0,0,0,0,0.78,0.22,0,0,0.230769231,0.676923077,0,0.092307692,0,1,0.018867925,0,0.018867925,0.924528302,0.037735849
308,0.95,0,0,0.05,0,0.735849057,0.20754717,0.037735849,0.018867925,0,0,0,0,0,0.152542373,0,0,0,0.847457627,1,0.071428571,0.785714286,0.107142857,0,0.035714286
309,0.9,0.05,0,0.05,0,1,0,0,0,0.018181818,0.672727273,0.2,0.109090909,0,0.15,0.733333333,0.016666667,0.083333333,0.016666667,1,0,0,0.019230769,0.942307692,0.038461538
310,1,0,0,0,0,0.696428571,0.196428571,0.089285714,0.017857143,0.666666667,0,0,0,0.333333333,0.071428571,0.035714286,0.035714286,0,0.857142857,1,0.074074074,0.814814815,0.111111111,0,0
311,0.947368421,0.052631579,0,0,0,0.666666667,0.192982456,0.122807018,0.01754386,1,0,0,0,0,0.086206897,0.017241379,0.051724138,0,0.844827586,1,0.056603774,0.830188679,0.094339623,0.018867925,0
312,0.842105263,0.052631579,0,0.105263158,0.01754386,0.666666667,0.192982456,0.122807018,0,1,0,0,0,0,0.056603774,0.037735849,0,0,0.905660377,1,0.054545455,0.8,0.109090909,0,0.036363636
313,1,0,0,0,0,0.722222222,0.203703704,0.055555556,0.018518519,1,0,0,0,0,0.166666667,0.033333333,0,0.033333333,0.766666667,1,0.019607843,0.862745098,0.117647059,0,0
314,0.947368421,0.052631579,0,0,0.016666667,0.633333333,0.183333333,0.166666667,0,0,0,0,0,0,0.118644068,0,0.033898305,0,0.847457627,1,0,0.88,0.12,0,0
315,1,0,0,0,0,0.672413793,0.189655172,0.120689655,0.017241379,1,0,0,0,0,0.120689655,0.017241379,0.017241379,0,0.844827586,1,0.019230769,0.846153846,0.115384615,0,0.019230769
316,1,0,0,0,0,0,0,0,0,0,0.735849057,0.20754717,0.037735849,0.018867925,0.212121212,0.666666667,0.03030303,0.090909091,0,1,0,0,0,1,0
317,1,0,0,0,0,0,0,0,0,0,0.75,0.211538462,0.019230769,0.019230769,0.21875,0.6875,0,0.09375,0,1,0,0,0,0.943396226,0.056603774
318,1,0,0,0,0,0,0,0,0,0,0.764705882,0.215686275,0.019607843,0,0.21875,0.6875,0,0.09375,0,1,0.018518519,0,0,0.925925926,0.055555556
319,0.95,0,0,0.05,0,0,0,0,0,0,0.722222222,0.203703704,0.074074074,0,0.177419355,0.709677419,0.016129032,0.096774194,0,1,0.019230769,0,0,0.961538462,0.019230769
320,1,0,0,0,1,0,0,0,0,0,0.709090909,0.2,0.090909091,0,0.177419355,0.709677419,0.016129032,0.096774194,0,1,0.019607843,0,0.019607843,0.960784314,0
321,0.9,0.05,0,0.05,0,0,0,0,0,0.016393443,0.62295082,0.180327869,0.147540984,0.032786885,0.089285714,0.785714286,0.017857143,0.107142857,0,1,0,0,0,0.980392157,0.019607843
322,1,0,0,0,1,0,0,0,0,0,0.6,0.169230769,0.230769231,0,0,0.862745098,0.019607843,0.117647059,0,1,0,0.04,0.02,0.94,0
323,0.95,0,0,0.05,0,0,0,0,0,0,0.609375,0.171875,0.21875,0,0,0.88,0,0.12,0,1,0.037037037,0,0,0.925925926,0.037037037
324,0.95,0,0,0.05,0,0,0,0,0,0,0.629032258,0.177419355,0.193548387,0,0.054545455,0.8,0.036363636,0.109090909,0,1,0.019607843,0,0,0.980392157,0
325,1,0,0,0,0,0,0,0,0,0,0.65,0.183333333,0.166666667,0,0.103448276,0.75862069,0.034482759,0.103448276,0,1,0.019607843,0,0,0.980392157,0
326,1,0,0,0,1,0,0,0,0,0,0.639344262,0.180327869,0.180327869,0,0.071428571,0.785714286,0.035714286,0.107142857,0,1,0.019607843,0.019607843,0,0.960784314,0
327,1,0,0,0,0,0,0,0,0,0,0.6,0.169230769,0.230769231,0,0.019607843,0.862745098,0,0.117647059,0,1,0.018867925,0,0,0.943396226,0.037735849
328,0.947368421,0,0,0.052631579,1,0,0,0,0,0,0.629032258,0.177419355,0.193548387,0,0.055555556,0.814814815,0.018518519,0.111111111,0,1,0.019607843,0,0.019607843,0.960784314,0
329,0.95,0,0,0.05,0,0,0,0,0,0,0.722222222,0.203703704,0.074074074,0,0.166666667,0.733333333,0,0.1,0,1,0.018518519,0,0,0.925925926,0.055555556
330,0.941176471,0,0,0.058823529,1,0,0,0,0,0,0.65,0.183333333,0.166666667,0,0.090909091,0.8,0,0.109090909,0,1,0,0.02,0.04,0.94,0
331,1,0,0,0,1,0,0,0,0,0,0.672413793,0.189655172,0.137931034,0,0.137931034,0.75862069,0,0.103448276,0,1,0.019607843,0,0.039215686,0.941176471,0
332,1,0,0,0,1,0,0,0,0,0,0.735849057,0.20754717,0.056603774,0,0.19047619,0.698412698,0.015873016,0.095238095,0,1,0,0.019230769,0,0.942307692,0.038461538
333,1,0,0,0,0,0,0,0,0,0,0.764705882,0.215686275,0.019607843,0,0.21875,0.6875,0,0.09375,0,1,0.018518519,0,0,0.925925926,0.055555556
334,1,0,0,0,0,0,0,0,0,0,0.764705882,0.215686275,0.019607843,0,0.206349206,0.698412698,0,0.095238095,0,1,0.036363636,0,0,0.909090909,0.054545455
335,0.95,0,0,0.05,0,0,0,0,0,0,0.764705882,0.215686275,0.019607843,0,0.215384615,0.676923077,0.015384615,0.092307692,0,1,0.019230769,0,0,0.961538462,0.019230769
336,1,0,0,0,1,0,0,0,0,0,0.75,0.211538462,0.038461538,0,0.203125,0.6875,0.015625,0.09375,0,1,0.038461538,0,0.019230769,0.942307692,0
337,1,0,0,0,0,0,0,0,0,0,0.722222222,0.203703704,0.074074074,0,0.180327869,0.721311475,0,0.098360656,0,1,0.037037037,0,0,0.925925926,0.037037037
338,1,0,0,0,0.5,0.5,0,0,0,0.02,0.76,0.22,0,0,0.21875,0.703125,0,0.078125,0,1,0.018867925,0,0.037735849,0.905660377,0.037735849
339,1,0,0,0,1,0,0,0,0,0,0.75,0.211538462,0.019230769,0.019230769,0.21875,0.6875,0,0.09375,0,1,0,0,0.06,0.94,0
340,0.95,0,0,0.05,0,0,0,0,0,0,0.672413793,0.189655172,0.137931034,0,0.118644068,0.745762712,0.033898305,0.101694915,0,1,0.019607843,0,0,0.980392157,0
341,1,0,0,0,0,0.672413793,0.189655172,0.120689655,0.017241379,0,0,0,0,0,0.122807018,0,0,0,0.877192982,1,0.037037037,0.814814815,0.111111111,0,0.037037037
342,1,0,0,0,0,0.722222222,0.203703704,0.055555556,0.018518519,1,0,0,0,0,0.19047619,0,0.015873016,0.015873016,0.777777778,1,0.019607843,0.862745098,0.117647059,0,0
343,1,0,0,0,0,0.735849057,0.20754717,0.037735849,0.018867925,1,0,0,0,0,0.2,0.015384615,0.030769231,0,0.753846154,1,0,0.88,0.12,0,0
344,0.944444444,0,0,0.055555556,0,0.735849057,0.20754717,0.037735849,0.018867925,1,0,0,0,0,0.15,0.016666667,0.016666667,0.016666667,0.8,1,0.056603774,0.830188679,0.113207547,0,0
345,0.95,0,0,0.05,0,0,0,0,0,0,0.709090909,0.2,0.090909091,0,0.161290323,0.709677419,0.032258065,0.096774194,0,1,0.019607843,0,0,0.980392157,0
346,1,0,0,0,0,0,0,0,0,0,0.75,0.211538462,0.019230769,0.019230769,0.223880597,0.656716418,0.029850746,0.089552239,0,1,0,0,0,1,0
347,1,0,0,0,0,0,0,0,0,0,0.75,0.211538462,0.019230769,0.019230769,0.212121212,0.666666667,0.03030303,0.090909091,0,1,0,0,0,0.980392157,0.019607843
348,1,0,0,0,0,0,0,0,0,0,0.661016949,0.186440678,0.13559322,0.016949153,0.103448276,0.75862069,0.034482759,0.103448276,0,1,0.019230769,0,0,0.961538462,0.019230769
349,0.941176471,0,0,0.058823529,1,0,0,0,0,0,0.75,0.211538462,0.038461538,0,0.193548387,0.709677419,0,0.096774194,0,1,0,0.019607843,0.039215686,0.921568627,0.019607843
350,0.947368421,0,0,0.052631579,1,0,0,0,0,0,0.764705882,0.215686275,0.019607843,0,0.203125,0.6875,0.015625,0.09375,0,1,0.019230769,0,0.019230769,0.942307692,0.019230769
351,0.904761905,0,0,0.095238095,0,0.709090909,0.2,0.072727273,0.018181818,0,0,0,0,0,0.054545455,0,0.036363636,0,0.909090909,1,0.122807018,0.771929825,0.105263158,0,0
352,1,0,0,0,0,0.735849057,0.20754717,0.037735849,0.018867925,1,0,0,0,0,0.055555556,0.055555556,0.018518519,0,0.87037037,1,0.13559322,0.745762712,0.101694915,0,0.016949153
353,1,0,0,0,0,0.75,0.211538462,0.019230769,0.019230769,0,0,0,0,0,0.055555556,0,0.018518519,0,0.925925926,1,0.19047619,0.698412698,0.095238095,0,0.015873016
354,1,0,0,0,0,0.722222222,0.203703704,0.055555556,0.018518519,0,0,0,0,0,0.054545455,0,0.036363636,0,0.909090909,1,0.166666667,0.733333333,0.1,0,0
355,1,0,0,0,0,0.696428571,0.196428571,0.089285714,0.017857143,0,0,0,0,0,0.037037037,0,0.037037037,0,0.925925926,1,0.152542373,0.745762712,0.101694915,0,0
356,0.888888889,0,0,0.111111111,0,0.684210526,0.192982456,0.105263158,0.01754386,1,0,0,0,0,0,0.039215686,0.019607843,0.019607843,0.921568627,1,0.107142857,0.785714286,0.107142857,0,0
357,1,0,0,0,0,0.75,0.211538462,0.019230769,0.019230769,1,0,0,0,0,0.133333333,0.016666667,0.033333333,0,0.816666667,1,0.107142857,0.785714286,0.107142857,0,0
358,1,0,0,0,0,0.696428571,0.196428571,0.089285714,0.017857143,1,0,0,0,0,0.120689655,0.017241379,0.017241379,0,0.844827586,1,0.055555556,0.814814815,0.111111111,0,0.018518519
359,0.95,0,0,0.05,0,0,0,0,0,0,0.684210526,0.192982456,0.105263158,0.01754386,0.147540984,0.721311475,0.032786885,0.098360656,0,1,0,0,0,1,0
360,0.947368421,0,0,0.052631579,1,0,0,0,0,0,0.735849057,0.20754717,0.056603774,0,0.177419355,0.709677419,0.016129032,0.096774194,0,1,0.019230769,0,0.019230769,0.942307692,0.019230769
361,0.947368421,0,0,0.052631579,1,0,0,0,0,0,0.75,0.211538462,0.038461538,0,0.193548387,0.709677419,0,0.096774194,0,1,0.018867925,0,0.018867925,0.924528302,0.037735849
362,1,0,0,0,0,0.75,0.211538462,0.019230769,0.019230769,0.5,0,0,0,0.5,0.105263158,0.01754386,0.01754386,0,0.859649123,1,0.120689655,0.75862069,0.103448276,0,0.017241379
363,1,0,0,0,1,0,0,0,0,0,0.696428571,0.196428571,0.107142857,0,0.15,0.733333333,0.016666667,0.1,0,1,0.019230769,0,0.019230769,0.942307692,0.019230769
364,1,0,0,0,0,0,0,0,0,0,0.684210526,0.192982456,0.122807018,0,0.15,0.733333333,0.016666667,0.1,0,1,0.019230769,0,0,0.961538462,0.019230769
365,1,0,0,0,0,0,0,0,0,0,0.696428571,0.196428571,0.107142857,0,0.152542373,0.745762712,0,0.101694915,0,1,0.018518519,0,0,0.925925926,0.055555556
366,0.95,0,0,0.05,0,0,0,0,0,0,0.764705882,0.215686275,0.019607843,0,0.193548387,0.709677419,0,0.096774194,0,1,0.036363636,0,0,0.909090909,0.054545455
367,0.941176471,0,0,0.058823529,1,0,0,0,0,0,0.764705882,0.215686275,0,0.019607843,0.21875,0.6875,0,0.09375,0,1,0,0,0.06,0.94,0
368,1,0,0,0,0,0,0,0,0,0,0.764705882,0.215686275,0,0.019607843,0.230769231,0.676923077,0,0.092307692,0,1,0,0,0,0.943396226,0.056603774
369,0.95,0,0,0.05,0,0,0,0,0,0,0.764705882,0.215686275,0,0.019607843,0.215384615,0.676923077,0.015384615,0.092307692,0,1,0,0,0,0.961538462,0.038461538
370,0.95,0,0,0.05,0,0,0,0,0,0,0.709090909,0.2,0.090909091,0,0.147540984,0.721311475,0.032786885,0.098360656,0,1,0.038461538,0,0,0.961538462,0
371,1,0,0,0,1,0,0,0,0,0,0.65,0.183333333,0.166666667,0,0.105263158,0.771929825,0.01754386,0.105263158,0,1,0,0.02,0.02,0.96,0
372,1,0,0,0,0,0.65,0.183333333,0.15,0.016666667,0,0,0,0,0,0.090909091,0,0,0,0.909090909,1,0.037037037,0.814814815,0.111111111,0,0.037037037
373,0.904761905,0,0,0.095238095,0,0.65,0.183333333,0.15,0.016666667,0,0,0,0,0,0,0,0,0,1,1,0.087719298,0.771929825,0.105263158,0,0.035087719
374,1,0,0,0,0,0,0,0,0,0,0.661016949,0.186440678,0.152542373,0,0.105263158,0.771929825,0.01754386,0.105263158,0,1,0.037735849,0,0,0.943396226,0.018867925
375,0.95,0,0,0.05,0,0,0,0,0,0,0.619047619,0.174603175,0.19047619,0.015873016,0.019230769,0.846153846,0.019230769,0.115384615,0,1,0.018867925,0,0,0.943396226,0.037735849
376,1,0,0,0,1,0,0,0,0,0,0.661016949,0.186440678,0.152542373,0,0.089285714,0.785714286,0.017857143,0.107142857,0,1,0.018867925,0.018867925,0,0.924528302,0.037735849
377,0.947368421,0.052631579,0,0,0.25,0.25,0,0.5,0,0,0.672727273,0.2,0.127272727,0,0.122807018,0.736842105,0,0.105263158,0.035087719,1,0.018867925,0.037735849,0,0.905660377,0.037735849
378,0.904761905,0,0,0.095238095,0,0,0,0,0,0,0.709090909,0.2,0.072727273,0.018181818,0.15,0.733333333,0.016666667,0.1,0,1,0,0,0,0.961538462,0.038461538
379,0.944444444,0,0,0.055555556,1,0,0,0,0,0,0.684210526,0.192982456,0.122807018,0,0.122807018,0.771929825,0,0.105263158,0,1,0,0.019230769,0.019230769,0.923076923,0.038461538
380,0.9,0,0,0.1,1,0,0,0,0,0,0.684210526,0.192982456,0.122807018,0,0.107142857,0.785714286,0,0.107142857,0,1,0,0.018867925,0,0.924528302,0.056603774
381,0.95,0,0,0.05,0,0.5,0,0.5,0,0,0.703703704,0.203703704,0.074074074,0.018518519,0.166666667,0.733333333,0,0.083333333,0.016666667,1,0,0,0.019230769,0.942307692,0.038461538
382,0.944444444,0,0,0.055555556,1,0,0,0,0,0,0.735849057,0.20754717,0.056603774,0,0.180327869,0.721311475,0,0.098360656,0,1,0.019230769,0,0.038461538,0.923076923,0.019230769
383,1,0,0,0,1,0,0,0,0,0,0.661016949,0.186440678,0.152542373,0,0.122807018,0.771929825,0,0.105263158,0,1,0.019230769,0,0.019230769,0.942307692,0.019230769
384,1,0,0,0,0,0.639344262,0.180327869,0.163934426,0.016393443,1,0,0,0,0,0.054545455,0.018181818,0.036363636,0,0.890909091,1,0.038461538,0.846153846,0.115384615,0,0
385,1,0,0,0,0,0.639344262,0.180327869,0.163934426,0.016393443,0.5,0,0,0,0.5,0.019230769,0.019230769,0.019230769,0,0.942307692,1,0.055555556,0.814814815,0.111111111,0,0.018518519
386,0.95,0,0,0.05,0,0.629032258,0.177419355,0.177419355,0.016129032,0,0,0,0,0,0.071428571,0,0.035714286,0,0.892857143,1,0,0.88,0.12,0,0
387,1,0,0,0,0,0.629032258,0.177419355,0.177419355,0.016129032,0,0,0,0,0,0.089285714,0,0.017857143,0,0.892857143,1,0,0.862745098,0.117647059,0,0.019607843
388,1,0,0,0,0,0.619047619,0.174603175,0.19047619,0.015873016,0,0,0,0,0,0.074074074,0,0,0,0.925925926,1,0,0.846153846,0.115384615,0,0.038461538
389,1,0,0,0,0,0.619047619,0.174603175,0.19047619,0.015873016,0,0,0,0,0,0.037037037,0,0.037037037,0,0.925925926,1,0.038461538,0.846153846,0.115384615,0,0
390,1,0,0,0,0,0,0,0,0,0,0.619047619,0.174603175,0.206349206,0,0.038461538,0.846153846,0,0.115384615,0,1,0.037037037,0,0,0.925925926,0.037037037
391,1,0,0,0,0,0,0,0,0,0,0.735849057,0.20754717,0.037735849,0.018867925,0.21875,0.6875,0,0.09375,0,1,0,0,0,0.961538462,0.038461538
392,1,0,0,0,0,0,0,0,0,0,0.75,0.211538462,0.038461538,0,0.203125,0.6875,0.015625,0.09375,0,1,0.018867925,0,0,0.943396226,0.037735849
393,1,0,0,0,0,0,0,0,0,0,0.661016949,0.186440678,0.13559322,0.016949153,0.137931034,0.75862069,0,0.103448276,0,1,0,0,0,0.961538462,0.038461538
394,1,0,0,0,1,0,0,0,0,0,0.639344262,0.180327869,0.180327869,0,0.074074074,0.814814815,0,0.111111111,0,1,0.038461538,0,0.038461538,0.923076923,0
395,1,0,0,0,0,0,0,0,0,0,0.639344262,0.180327869,0.180327869,0,0.089285714,0.785714286,0.017857143,0.107142857,0,1,0.019230769,0,0,0.961538462,0.019230769
396,1,0,0,0,0,0,0,0,0,0,0.684210526,0.192982456,0.105263158,0.01754386,0.166666667,0.733333333,0,0.1,0,1,0,0,0,0.961538462,0.038461538
397,1,0,0,0,0,0,0,0,0,0,0.672413793,0.189655172,0.137931034,0,0.137931034,0.75862069,0,0.103448276,0,1,0.018867925,0,0,0.943396226,0.037735849
398,0.947368421,0.052631579,0,0,0,0,0,0,0,0.017241379,0.655172414,0.189655172,0.137931034,0,0.13559322,0.745762712,0.016949153,0.101694915,0,1,0.019230769,0,0,0.961538462,0.019230769
399,0.95,0,0,0.05,0,0,0,0,0,0,0.709090909,0.2,0.090909091,0,0.15,0.733333333,0.016666667,0.1,0,1,0.018867925,0,0,0.943396226,0.037735849
400,1,0,0,0,0,0,0,0,0,0,0.629032258,0.177419355,0.177419355,0.016129032,0.087719298,0.771929825,0.035087719,0.105263158,0,1,0,0,0,1,0
401,1,0,0,0,0,0,0,0,0,0,0.661016949,0.186440678,0.152542373,0,0.105263158,0.771929825,0.01754386,0.105263158,0,1,0.018867925,0,0,0.943396226,0.037735849
402,1,0,0,0,0,0,0,0,0,0,0.65,0.183333333,0.15,0.016666667,0.107142857,0.785714286,0,0.107142857,0,1,0,0,0,0.943396226,0.056603774
403,1,0,0,0,0,0,0,0,0,0,0.65,0.183333333,0.15,0.016666667,0.120689655,0.75862069,0.017241379,0.103448276,0,1,0,0,0,0.980392157,0.019607843
404,1,0,0,0,0,0.735849057,0.20754717,0.037735849,0.018867925,0.857142857,0,0,0.142857143,0,0,0.12,0,0,0.88,1,0.118644068,0.745762712,0.101694915,0,0.033898305
405,1,0,0,0,0,0.672413793,0.189655172,0.120689655,0.017241379,1,0,0,0,0,0.056603774,0,0,0.018867925,0.924528302,1,0.105263158,0.771929825,0.105263158,0,0.01754386
406,0.947368421,0,0,0.052631579,0,0.722222222,0.203703704,0.055555556,0.018518519,1,0,0,0,0,0.090909091,0.018181818,0,0,0.890909091,1,0.103448276,0.75862069,0.103448276,0,0.034482759
407,0.95,0,0,0.05,0,0.672413793,0.189655172,0.120689655,0.017241379,0,0,0,0,0,0.074074074,0,0,0,0.925925926,1,0.071428571,0.785714286,0.107142857,0,0.035714286
408,1,0,0,0,0,0.696428571,0.196428571,0.089285714,0.017857143,0,0,0,0,0,0.15,0,0.016666667,0,0.833333333,1,0.037735849,0.830188679,0.113207547,0,0.018867925
409,0.95,0,0,0.05,0,0.709090909,0.2,0.072727273,0.018181818,0,0,0,0,0,0.105263158,0,0.01754386,0,0.877192982,1,0.089285714,0.785714286,0.107142857,0,0.017857143
410,0.947368421,0,0,0.052631579,1,0,0,0,0,0,0.75,0.211538462,0.038461538,0,0.193548387,0.709677419,0,0.096774194,0,1,0,0.018867925,0,0.924528302,0.056603774
411,1,0,0,0,1,0,0,0,0,0,0.735849057,0.20754717,0.056603774,0,0.193548387,0.709677419,0,0.096774194,0,1,0,0.018867925,0,0.924528302,0.056603774
412,1,0,0,0,0,0,0,0,0,0,0.735849057,0.20754717,0.037735849,0.018867925,0.206349206,0.698412698,0,0.095238095,0,1,0,0,0,0.943396226,0.056603774
413,0.947368421,0,0,0.052631579,1,0,0,0,0,0,0.735849057,0.20754717,0.056603774,0,0.180327869,0.721311475,0,0.098360656,0,1,0,0.018867925,0,0.924528302,0.056603774
414,1,0,0,0,1,0,0,0,0,0,0.684210526,0.192982456,0.122807018,0,0.152542373,0.745762712,0,0.101694915,0,1,0.019230769,0,0.019230769,0.942307692,0.019230769
415,0.944444444,0.055555556,0,0,1,0,0,0,0,0.016949153,0.644067797,0.186440678,0.118644068,0.033898305,0.137931034,0.75862069,0,0.103448276,0,1,0,0,0.019607843,0.960784314,0.019607843
416,1,0,0,0,1,0,0,0,0,0,0.709090909,0.2,0.090909091,0,0.166666667,0.733333333,0,0.1,0,1,0,0.038461538,0,0.923076923,0.038461538
417,1,0,0,0,0,0,0,0,0,0,0.735849057,0.20754717,0.037735849,0.018867925,0.21875,0.6875,0,0.09375,0,1,0,0,0,0.961538462,0.038461538
418,1,0,0,0,0,0.684210526,0.192982456,0.105263158,0.01754386,0.5,0,0,0,0.5,0.018867925,0.018867925,0.037735849,0,0.924528302,1,0.122807018,0.771929825,0.105263158,0,0
419,1,0,0,0,0,0.735849057,0.20754717,0.037735849,0.018867925,1,0,0,0,0,0.105263158,0,0.01754386,0.01754386,0.859649123,1,0.137931034,0.75862069,0.103448276,0,0
420,0.947368421,0,0,0.052631579,0,0.639344262,0.180327869,0.163934426,0.016393443,1,0,0,0,0,0.019230769,0,0.019230769,0.019230769,0.942307692,1,0.074074074,0.814814815,0.111111111,0,0
421,1,0,0,0,0,0.709090909,0.2,0.072727273,0.018181818,0.75,0,0,0.25,0,0.019230769,0.038461538,0.019230769,0.019230769,0.903846154,1,0.137931034,0.75862069,0.103448276,0,0
422,0.944444444,0.055555556,0,0,1,0,0,0,0,0.016949153,0.644067797,0.186440678,0.152542373,0,0.107142857,0.767857143,0,0.125,0,1,0.056603774,0,0.018867925,0.924528302,0
423,0.944444444,0,0,0.055555556,1,0,0,0,0,0,0.661016949,0.186440678,0.13559322,0.016949153,0.107142857,0.785714286,0,0.107142857,0,1,0.019607843,0,0.039215686,0.941176471,0
424,1,0,0,0,0,0.709090909,0.2,0.072727273,0.018181818,1,0,0,0,0,0.107142857,0.017857143,0,0,0.875,1,0.087719298,0.771929825,0.105263158,0,0.035087719
425,1,0,0,0,0,0.661016949,0.186440678,0.13559322,0.016949153,0,0,0,0,0,0.103448276,0,0.034482759,0,0.862068966,1,0.038461538,0.846153846,0.115384615,0,0
426,1,0,0,0,0,0.609375,0.171875,0.203125,0.015625,1,0,0,0,0,0.018867925,0.018867925,0.037735849,0,0.924528302,1,0.019607843,0.862745098,0.117647059,0,0
427,1,0,0,0,0,0.609375,0.171875,0.203125,0.015625,1,0,0,0,0,0,0.02,0,0.04,0.94,1,0.038461538,0.846153846,0.115384615,0,0
428,0.947368421,0,0,0.052631579,0,0.661016949,0.186440678,0.13559322,0.016949153,1,0,0,0,0,0,0.019607843,0.019607843,0,0.960784314,1,0.105263158,0.771929825,0.105263158,0,0.01754386
429,1,0,0,0,0,0.661016949,0.186440678,0.13559322,0.016949153,0.666666667,0,0,0,0.333333333,0.038461538,0.038461538,0,0,0.923076923,1,0.054545455,0.8,0.109090909,0,0.036363636
430,0.95,0,0,0.05,0,0.6,0.169230769,0.215384615,0.015384615,0,0,0,0,0,0,0,0,0,1,1,0.018867925,0.830188679,0.113207547,0,0.037735849
431,1,0,0,0,0,0.629032258,0.177419355,0.177419355,0.016129032,0,0,0,0,0,0,0,0.019607843,0,0.980392157,1,0.089285714,0.785714286,0.107142857,0,0.017857143
432,0.947368421,0,0,0.052631579,0,0.661016949,0.186440678,0.13559322,0.016949153,1,0,0,0,0,0.055555556,0,0.018518519,0.018518519,0.907407407,1,0.074074074,0.814814815,0.111111111,0,0
433,1,0,0,0,0,0.639344262,0.180327869,0.163934426,0.016393443,1,0,0,0,0,0.038461538,0.019230769,0,0.038461538,0.903846154,1,0.056603774,0.830188679,0.113207547,0,0
434,0.944444444,0,0,0.055555556,1,0,0,0,0,0,0.65,0.183333333,0.15,0.016666667,0.090909091,0.8,0,0.109090909,0,1,0,0,0.039215686,0.941176471,0.019607843
435,1,0,0,0,0,0.709090909,0.2,0.072727273,0.018181818,0,0,0,0,0,0.174603175,0,0.031746032,0,0.793650794,1,0.019607843,0.862745098,0.117647059,0,0
436,1,0,0,0,0,0.661016949,0.186440678,0.13559322,0.016949153,0,0,0,0,0,0.105263158,0,0.01754386,0,0.877192982,1,0.037735849,0.830188679,0.113207547,0,0.018867925
437,1,0,0,0,0,0.65,0.183333333,0.15,0.016666667,1,0,0,0,0,0.074074074,0.055555556,0,0.037037037,0.833333333,1,0,0.88,0.12,0,0
438,1,0,0,0,0,0.661016949,0.186440678,0.13559322,0.016949153,1,0,0,0,0,0.019607843,0.078431373,0,0.039215686,0.862745098,1,0.056603774,0.830188679,0.113207547,0,0
439,1,0,0,0,0,0.639344262,0.180327869,0.163934426,0.016393443,0.75,0,0,0,0.25,0.019607843,0.019607843,0,0.039215686,0.921568627,1,0.056603774,0.830188679,0.113207547,0,0
440,1,0,0,0,0.016949153,0.644067797,0.186440678,0.152542373,0,0.6,0.2,0,0.2,0,0.074074074,0.037037037,0,0.037037037,0.851851852,1,0.019607843,0.862745098,0.117647059,0,0
441,1,0,0,0,0,0.661016949,0.186440678,0.13559322,0.016949153,0.5,0,0,0,0.5,0.071428571,0.017857143,0.035714286,0,0.875,1,0.038461538,0.846153846,0.115384615,0,0
442,0.95,0,0,0.05,0,0.661016949,0.186440678,0.13559322,0.016949153,0,0,0,0,0,0.054545455,0,0.036363636,0,0.909090909,1,0.074074074,0.814814815,0.111111111,0,0
443,0.95,0,0,0.05,0,0,0,0,0,0,0.661016949,0.186440678,0.13559322,0.016949153,0.120689655,0.75862069,0.017241379,0.103448276,0,1,0,0,0,0.980392157,0.019607843
444,1,0,0,0,0,0.75,0.211538462,0.019230769,0.019230769,1,0,0,0,0,0.087719298,0.087719298,0.035087719,0,0.789473684,1,0.090909091,0.8,0.109090909,0,0
445,1,0,0,0,0.5,0.5,0,0,0,0,0.690909091,0.2,0.090909091,0.018181818,0.163934426,0.704918033,0.016393443,0.098360656,0.016393443,1,0.019607843,0.019607843,0.019607843,0.941176471,0
446,1,0,0,0,1,0,0,0,0,0,0.709090909,0.2,0.090909091,0,0.166666667,0.733333333,0,0.1,0,1,0,0.018867925,0,0.924528302,0.056603774
447,1,0,0,0,0,0,0,0,0,0,0.672413793,0.189655172,0.120689655,0.017241379,0.152542373,0.745762712,0,0.101694915,0,1,0,0,0,0.961538462,0.038461538
448,0.9,0,0,0.1,1,0,0,0,0,0,0.672413793,0.189655172,0.120689655,0.017241379,0.120689655,0.75862069,0.017241379,0.103448276,0,1,0,0,0.02,0.98,0
449,0.95,0,0,0.05,0,0.696428571,0.196428571,0.089285714,0.017857143,0,0,0,0,0,0.074074074,0,0,0,0.925925926,1,0.103448276,0.75862069,0.103448276,0,0.034482759
450,0.95,0,0,0.05,0,0.661016949,0.186440678,0.13559322,0.016949153,0,0,0,0,0,0.019607843,0,0,0,0.980392157,1,0.103448276,0.75862069,0.103448276,0,0.034482759
451,1,0,0,0,0,0.619047619,0.174603175,0.19047619,0.015873016,1,0,0,0,0,0.056603774,0,0,0.037735849,0.905660377,1,0.019607843,0.862745098,0.117647059,0,0
452,1,0,0,0,0,0.629032258,0.177419355,0.177419355,0.016129032,0.75,0,0,0.25,0,0,0.06,0,0,0.94,1,0.018867925,0.830188679,0.113207547,0,0.037735849
453,1,0,0,0,0,0.696428571,0.196428571,0.089285714,0.017857143,0.666666667,0,0,0.333333333,0,0,0.019607843,0.019607843,0.019607843,0.941176471,1,0.152542373,0.745762712,0.101694915,0,0
454,1,0,0,0,0,0.696428571,0.196428571,0.089285714,0.017857143,0,0,0,0,0,0.118644068,0,0.033898305,0,0.847457627,1,0.074074074,0.814814815,0.111111111,0,0
455,1,0,0,0,0,0.722222222,0.203703704,0.055555556,0.018518519,1,0,0,0,0,0.19047619,0.015873016,0.015873016,0,0.777777778,1,0,0.862745098,0.117647059,0,0.019607843
456,1,0,0,0,0,0.639344262,0.180327869,0.163934426,0.016393443,1,0,0,0,0,0.056603774,0,0,0.037735849,0.905660377,1,0.056603774,0.830188679,0.113207547,0,0
457,1,0,0,0,0,0.672413793,0.189655172,0.120689655,0.017241379,0.75,0,0,0,0.25,0.019607843,0.098039216,0,0.019607843,0.862745098,1,0.019230769,0.846153846,0.115384615,0,0.019230769
458,1,0,0,0,0.018518519,0.703703704,0.203703704,0.074074074,0,0.777777778,0.111111111,0,0,0.111111111,0.054545455,0.145454545,0.036363636,0,0.763636364,1,0.019607843,0.862745098,0.117647059,0,0
459,1,0,0,0,0.5,0.5,0,0,0,0.016393443,0.62295082,0.180327869,0.180327869,0,0.072727273,0.818181818,0.018181818,0.090909091,0,1,0,0.019607843,0.019607843,0.941176471,0.019607843
460,1,0,0,0,0,0.735849057,0.20754717,0.037735849,0.018867925,0.818181818,0,0,0,0.181818182,0.038461538,0.134615385,0,0.038461538,0.788461538,1,0.056603774,0.830188679,0.113207547,0,0
461,1,0,0,0,0,0.709090909,0.2,0.072727273,0.018181818,0.8,0,0,0.1,0.1,0.038461538,0.153846154,0,0,0.807692308,1,0,0.846153846,0.115384615,0,0.038461538
462,0.9,0,0,0.1,0,0.709090909,0.2,0.072727273,0.018181818,0.909090909,0,0,0.090909091,0,0,0.18,0,0.02,0.8,1,0.019230769,0.846153846,0.115384615,0,0.019230769
463,1,0,0,0,0,0,0,0,0,0,0.629032258,0.177419355,0.193548387,0,0.071428571,0.785714286,0.035714286,0.107142857,0,1,0.019607843,0,0,0.980392157,0
464,1,0,0,0,0,0.696428571,0.196428571,0.089285714,0.017857143,1,0,0,0,0,0.018867925,0.037735849,0.037735849,0,0.905660377,1,0.137931034,0.75862069,0.103448276,0,0
465,0.95,0,0,0.05,0,0.661016949,0.186440678,0.13559322,0.016949153,0,0,0,0,0,0.038461538,0,0,0,0.961538462,1,0.087719298,0.771929825,0.105263158,0,0.035087719
466,1,0,0,0,0,0.661016949,0.186440678,0.13559322,0.016949153,1,0,0,0,0,0.019607843,0.019607843,0,0,0.960784314,1,0.103448276,0.75862069,0.103448276,0,0.034482759
467,0.947368421,0,0,0.052631579,0.01754386,0.666666667,0.192982456,0.122807018,0,0,1,0,0,0,0.137931034,0.017241379,0,0,0.844827586,1,0,0.846153846,0.115384615,0,0.038461538
468,0.95,0,0,0.05,0,0.684210526,0.192982456,0.105263158,0.01754386,0,0,0,0,0,0.090909091,0,0,0,0.909090909,1,0.071428571,0.785714286,0.107142857,0,0.035714286
469,1,0,0,0,0,0.722222222,0.203703704,0.055555556,0.018518519,0,0,0,0,0,0.089285714,0,0.017857143,0,0.892857143,1,0.13559322,0.745762712,0.101694915,0,0.016949153
470,0.95,0,0,0.05,0,0,0,0,0,0,0.684210526,0.192982456,0.105263158,0.01754386,0.15,0.733333333,0.016666667,0.1,0,1,0,0,0,0.980392157,0.019607843
471,1,0,0,0,0,0,0,0,0,0,0.672413793,0.189655172,0.120689655,0.017241379,0.152542373,0.745762712,0,0.101694915,0,1,0,0,0,0.961538462,0.038461538
472,1,0,0,0,0,0.672413793,0.189655172,0.120689655,0.017241379,1,0,0,0,0,0.13559322,0.016949153,0.016949153,0.016949153,0.813559322,1,0,0.88,0.12,0,0
473,1,0,0,0,0,0.684210526,0.192982456,0.105263158,0.01754386,0,0,0,0,0,0.089285714,0,0.017857143,0,0.892857143,1,0.089285714,0.785714286,0.107142857,0,0.017857143
474,1,0,0,0,0,0,0,0,0,0,0.684210526,0.192982456,0.105263158,0.01754386,0.166666667,0.733333333,0,0.1,0,1,0,0,0,0.961538462,0.038461538
475,1,0,0,0,0,0,0,0,0,0,0.709090909,0.2,0.072727273,0.018181818,0.193548387,0.709677419,0,0.096774194,0,1,0,0,0,0.961538462,0.038461538
476,0.95,0,0,0.05,0,0.722222222,0.203703704,0.055555556,0.018518519,0,0,0,0,0,0.163934426,0,0.016393443,0,0.819672131,1,0.037735849,0.830188679,0.113207547,0,0.018867925
477,0.95,0,0,0.05,0,0.735849057,0.20754717,0.037735849,0.018867925,0,0,0,0,0,0.137931034,0,0,0,0.862068966,1,0.087719298,0.771929825,0.105263158,0,0.035087719
478,1,0,0,0,1,0,0,0,0,0,0.672413793,0.189655172,0.137931034,0,0.13559322,0.745762712,0.016949153,0.101694915,0,1,0,0.019607843,0,0.960784314,0.019607843
479,1,0,0,0,0,0,0,0,0,0,0.735849057,0.20754717,0.037735849,0.018867925,0.206349206,0.698412698,0,0.095238095,0,1,0,0,0,0.943396226,0.056603774
480,0.944444444,0,0,0.055555556,1,0,0,0,0,0,0.735849057,0.20754717,0.056603774,0,0.177419355,0.709677419,0.016129032,0.096774194,0,1,0.019607843,0,0.039215686,0.941176471,0
481,1,0,0,0,1,0,0,0,0,0,0.722222222,0.203703704,0.074074074,0,0.177419355,0.709677419,0.016129032,0.096774194,0,1,0,0.02,0.04,0.94,0
482,1,0,0,0,0,0.672413793,0.189655172,0.120689655,0.017241379,1,0,0,0,0,0.090909091,0,0,0.036363636,0.872727273,1,0.074074074,0.814814815,0.111111111,0,0
483,1,0,0,0,1,0,0,0,0,0,0.75,0.211538462,0.038461538,0,0.206349206,0.698412698,0,0.095238095,0,1,0,0.019607843,0.039215686,0.921568627,0.019607843
484,1,0,0,0,1,0,0,0,0,0,0.735849057,0.20754717,0.056603774,0,0.206349206,0.698412698,0,0.095238095,0,1,0.019607843,0,0.039215686,0.941176471,0
485,1,0,0,0,0,0,0,0,0,0,0.696428571,0.196428571,0.107142857,0,0.166666667,0.733333333,0,0.1,0,1,0.018867925,0,0,0.943396226,0.037735849
486,1,0,0,0,0,0,0,0,0,0,0.722222222,0.203703704,0.055555556,0.018518519,0.2,0.676923077,0.030769231,0.092307692,0,1,0,0,0,1,0
487,1,0,0,0,0,0,0,0,0,0,0.65,0.183333333,0.166666667,0,0.103448276,0.75862069,0.034482759,0.103448276,0,1,0.019607843,0,0,0.980392157,0
488,1,0,0,0,0,0,0,0,0,0,0.629032258,0.177419355,0.177419355,0.016129032,0.089285714,0.785714286,0.017857143,0.107142857,0,1,0,0,0,0.980392157,0.019607843
489,1,0,0,0,0,0,0,0,0,0,0.735849057,0.20754717,0.056603774,0,0.203125,0.6875,0.015625,0.09375,0,1,0.019230769,0,0,0.961538462,0.019230769
490,0.944444444,0,0,0.055555556,1,0,0,0,0,0,0.709090909,0.2,0.090909091,0,0.15,0.733333333,0.016666667,0.1,0,1,0.019607843,0,0.039215686,0.941176471,0
491,0.947368421,0,0,0.052631579,0,0.629032258,0.177419355,0.177419355,0.016129032,1,0,0,0,0,0.056603774,0.018867925,0,0,0.924528302,1,0,0.846153846,0.115384615,0,0.038461538
492,1,0,0,0,0,0.62295082,0.180327869,0.180327869,0.016393443,0.75,0.25,0,0,0,0.037037037,0.074074074,0.037037037,0,0.851851852,1,0,0.86,0.12,0.02,0
493,1,0,0,0,0,0.672413793,0.189655172,0.120689655,0.017241379,0.857142857,0,0,0,0.142857143,0,0.117647059,0.019607843,0,0.862745098,1,0.037735849,0.830188679,0.113207547,0,0.018867925
494,1,0,0,0,0,0.609375,0.171875,0.203125,0.015625,0.666666667,0,0,0.333333333,0,0,0.039215686,0.019607843,0,0.941176471,1,0,0.862745098,0.117647059,0,0.019607843
495,0.95,0,0,0.05,0,0,0,0,0,0,0.696428571,0.196428571,0.107142857,0,0.137931034,0.75862069,0,0.103448276,0,1,0.037037037,0,0,0.925925926,0.037037037
496,1,0,0,0,0,0.684210526,0.192982456,0.105263158,0.01754386,0,0,0,0,0,0.037735849,0,0.018867925,0,0.943396226,1,0.13559322,0.745762712,0.101694915,0,0.016949153
497,0.904761905,0.095238095,0,0,0,0.725490196,0.215686275,0.039215686,0.019607843,0,0,0,0,0,0.21875,0,0,0,0.78125,1,0.037037037,0.777777778,0.111111111,0.037037037,0.037037037
498,1,0,0,0,0,0.722222222,0.203703704,0.055555556,0.018518519,1,0,0,0,0,0.19047619,0.015873016,0.015873016,0,0.777777778,1,0,0.862745098,0.117647059,0,0.019607843
499,0.941176471,0,0,0.058823529,0,0.684210526,0.192982456,0.105263158,0.01754386,1,0,0,0,0,0.122807018,0.035087719,0,0.01754386,0.824561404,1,0,0.862745098,0.117647059,0,0.019607843
500,1,0,0,0,0,0.684210526,0.192982456,0.105263158,0.01754386,1,0,0,0,0,0.122807018,0,0,0.01754386,0.859649123,1,0.055555556,0.814814815,0.111111111,0,0.018518519
501,1,0,0,0,0,0.6,0.169230769,0.215384615,0.015384615,0,0,0,0,0,0,0,0.019607843,0,0.980392157,1,0.037735849,0.830188679,0.113207547,0,0.018867925
502,1,0,0,0,0,0.609375,0.171875,0.203125,0.015625,0,0,0,0,0,0.019230769,0,0.019230769,0,0.961538462,1,0.037735849,0.830188679,0.113207547,0,0.018867925
503,0.941176471,0.058823529,0,0,0.017857143,0.678571429,0.196428571,0.089285714,0.017857143,1,0,0,0,0,0.137931034,0.034482759,0,0,0.827586207,1,0.037735849,0.811320755,0.132075472,0,0.018867925
504,1,0,0,0,0,0.696428571,0.196428571,0.089285714,0.017857143,0,0,0,0,0,0.13559322,0,0.016949153,0,0.847457627,1,0.055555556,0.814814815,0.111111111,0,0.018518519
505,0.944444444,0,0,0.055555556,0,0.709090909,0.2,0.072727273,0.018181818,0.666666667,0,0,0,0.333333333,0.107142857,0.035714286,0,0,0.857142857,1,0.037037037,0.814814815,0.111111111,0,0.037037037
506,0.941176471,0,0,0.058823529,0,0.684210526,0.192982456,0.105263158,0.01754386,1,0,0,0,0,0.037735849,0.056603774,0.018867925,0,0.886792453,1,0.072727273,0.8,0.109090909,0,0.018181818
507,1,0,0,0,0,0,0,0,0,0,0.684210526,0.192982456,0.122807018,0,0.137931034,0.75862069,0,0.103448276,0,1,0.037037037,0,0,0.925925926,0.037037037
508,1,0,0,0,0,0,0,0,0,0,0.684210526,0.192982456,0.122807018,0,0.137931034,0.75862069,0,0.103448276,0,1,0.037037037,0,0,0.925925926,0.037037037
509,1,0,0,0,0,0,0,0,0,0,0.722222222,0.203703704,0.055555556,0.018518519,0.203125,0.6875,0.015625,0.09375,0,1,0,0,0,0.980392157,0.019607843
510,0.95,0,0,0.05,0,0.684210526,0.192982456,0.105263158,0.01754386,0,0,0,0,0,0.074074074,0,0,0,0.925925926,1,0.087719298,0.771929825,0.105263158,0,0.035087719
511,0.95,0,0,0.05,0,0.684210526,0.192982456,0.105263158,0.01754386,0,0,0,0,0,0.037735849,0,0.018867925,0,0.943396226,1,0.120689655,0.75862069,0.103448276,0,0.017241379
512,1,0,0,0,0,0.722222222,0.203703704,0.055555556,0.018518519,0,0,0,0,0,0,0,0,0,1,1,0.2,0.676923077,0.092307692,0,0.030769231
513,0.947368421,0,0,0.052631579,0,0.722222222,0.203703704,0.055555556,0.018518519,1,0,0,0,0,0,0.019607843,0.019607843,0,0.960784314,1,0.177419355,0.709677419,0.096774194,0,0.016129032
514,0.947368421,0,0,0.052631579,0,0.735849057,0.20754717,0.037735849,0.018867925,1,0,0,0,0,0.037735849,0,0.018867925,0.018867925,0.924528302,1,0.180327869,0.721311475,0.098360656,0,0
515,1,0,0,0,0,0.735849057,0.20754717,0.037735849,0.018867925,0,0,0,0,0,0.038461538,0,0,0,0.961538462,1,0.1875,0.6875,0.09375,0,0.03125
516,1,0,0,0,0,0.722222222,0.203703704,0.055555556,0.018518519,1,0,0,0,0,0,0,0,0.02,0.98,1,0.203125,0.6875,0.09375,0,0.015625
517,1,0,0,0,0,0.735849057,0.20754717,0.037735849,0.018867925,0,0,0,0,0,0.018867925,0,0.037735849,0,0.943396226,1,0.206349206,0.698412698,0.095238095,0,0
518,1,0,0,0,0,0,0,0,0,0,0.619047619,0.174603175,0.206349206,0,0.055555556,0.814814815,0.018518519,0.111111111,0,1,0.019230769,0,0,0.961538462,0.019230769
519,0.947368421,0,0,0.052631579,0,0.684210526,0.192982456,0.105263158,0.01754386,1,0,0,0,0,0,0.019607843,0.019607843,0,0.960784314,1,0.13559322,0.745762712,0.101694915,0,0.016949153
520,1,0,0,0,0,0.65,0.183333333,0.15,0.016666667,1,0,0,0,0,0.056603774,0.018867925,0,0,0.924528302,1,0.054545455,0.8,0.109090909,0,0.036363636
521,1,0,0,0,0,0.629032258,0.177419355,0.177419355,0.016129032,0,0,0,0,0,0.089285714,0,0.017857143,0,0.892857143,1,0,0.862745098,0.117647059,0,0.019607843
522,1,0,0,0,0,0.619047619,0.174603175,0.19047619,0.015873016,1,0,0,0,0,0.054545455,0.018181818,0.036363636,0,0.890909091,1,0,0.88,0.12,0,0
523,0.904761905,0,0,0.095238095,0,0.735849057,0.20754717,0.037735849,0.018867925,0,0,0,0,0,0.180327869,0,0,0,0.819672131,1,0.018867925,0.830188679,0.113207547,0,0.037735849
524,0.95,0,0,0.05,0,0,0,0,0,0,0.661016949,0.186440678,0.152542373,0,0.105263158,0.771929825,0.01754386,0.105263158,0,1,0.019230769,0,0,0.961538462,0.019230769
525,0.904761905,0,0,0.095238095,0,0,0,0,0,0,0.65,0.183333333,0.15,0.016666667,0.087719298,0.771929825,0.035087719,0.105263158,0,1,0,0,0,1,0
526,1,0,0,0,1,0,0,0,0,0,0.639344262,0.180327869,0.163934426,0.016393443,0.107142857,0.785714286,0,0.107142857,0,1,0,0,0.019607843,0.960784314,0.019607843
527,0.95,0,0,0.05,0,0.722222222,0.203703704,0.055555556,0.018518519,0,0,0,0,0,0.122807018,0,0,0,0.877192982,1,0.087719298,0.771929825,0.105263158,0,0.035087719
528,1,0,0,0,0,0.696428571,0.196428571,0.089285714,0.017857143,1,0,0,0,0,0.105263158,0.01754386,0.01754386,0.01754386,0.842105263,1,0.074074074,0.814814815,0.111111111,0,0
529,1,0,0,0,0,0.661016949,0.186440678,0.13559322,0.016949153,0,0,0,0,0,0,0,0,0,1,1,0.133333333,0.733333333,0.1,0,0.033333333
530,0.95,0,0,0.05,0,0.696428571,0.196428571,0.089285714,0.017857143,0,0,0,0,0,0,0,0.019607843,0,0.980392157,1,0.163934426,0.721311475,0.098360656,0,0.016393443
531,0.95,0,0,0.05,0,0.672413793,0.189655172,0.120689655,0.017241379,0,0,0,0,0,0,0,0.019607843,0,0.980392157,1,0.13559322,0.745762712,0.101694915,0,0.016949153
532,1,0,0,0,0,0.75,0.211538462,0.019230769,0.019230769,1,0,0,0,0,0,0.2,0,0,0.8,1,0.087719298,0.771929825,0.105263158,0,0.035087719
533,0.928571429,0.071428571,0,0,0.016949153,0.644067797,0.186440678,0.152542373,0,1,0,0,0,0,0,0.096153846,0.038461538,0,0.865384615,1,0.056603774,0.830188679,0.113207547,0,0
534,1,0,0,0,0,0.661016949,0.186440678,0.13559322,0.016949153,0.5,0,0,0,0.5,0,0.019607843,0.019607843,0,0.960784314,1,0.105263158,0.771929825,0.105263158,0,0.01754386
535,0.95,0,0,0.05,0,0.65,0.183333333,0.15,0.016666667,0,0,0,0,0,0.105263158,0,0.01754386,0,0.877192982,1,0,0.862745098,0.117647059,0,0.019607843
536,1,0,0,0,0,0.709090909,0.2,0.072727273,0.018181818,0,0,0,0,0,0.037037037,0,0.037037037,0,0.925925926,1,0.166666667,0.733333333,0.1,0,0
537,1,0,0,0,0,0.735849057,0.20754717,0.037735849,0.018867925,0,0,0,0,0,0.13559322,0,0.016949153,0,0.847457627,1,0.105263158,0.771929825,0.105263158,0,0.01754386
538,1,0,0,0,0,0.735849057,0.20754717,0.037735849,0.018867925,0,0,0,0,0,0.055555556,0,0.018518519,0,0.925925926,1,0.177419355,0.709677419,0.096774194,0,0.016129032
539,1,0,0,0,0,0.696428571,0.196428571,0.089285714,0.017857143,1,0,0,0,0,0.037037037,0.018518519,0.037037037,0,0.907407407,1,0.137931034,0.75862069,0.103448276,0,0
540,1,0,0,0,0,0.722222222,0.203703704,0.055555556,0.018518519,1,0,0,0,0,0.054545455,0.090909091,0.036363636,0,0.818181818,1,0.090909091,0.8,0.109090909,0,0
541,1,0,0,0,0,0.722222222,0.203703704,0.055555556,0.018518519,1,0,0,0,0,0.090909091,0.072727273,0,0.036363636,0.8,1,0.074074074,0.814814815,0.111111111,0,0
542,1,0,0,0,0,0.722222222,0.203703704,0.055555556,0.018518519,1,0,0,0,0,0,0.16,0,0.04,0.8,1,0.090909091,0.8,0.109090909,0,0
543,1,0,0,0,0,0.709090909,0.2,0.072727273,0.018181818,0,0,0,0,0,0.13559322,0,0.016949153,0,0.847457627,1,0.072727273,0.8,0.109090909,0,0.018181818
544,0.944444444,0,0,0.055555556,0,0.709090909,0.2,0.072727273,0.018181818,1,0,0,0,0,0.137931034,0.017241379,0,0.017241379,0.827586207,1,0.037735849,0.830188679,0.113207547,0,0.018867925
545,0.95,0,0,0.05,0,0.722222222,0.203703704,0.055555556,0.018518519,0,0,0,0,0,0.163934426,0,0.016393443,0,0.819672131,1,0.037735849,0.830188679,0.113207547,0,0.018867925
546,1,0,0,0,0,0.722222222,0.203703704,0.055555556,0.018518519,0,0,0,0,0,0.133333333,0,0.033333333,0,0.833333333,1,0.090909091,0.8,0.109090909,0,0
547,0.9,0,0,0.1,0,0.696428571,0.196428571,0.089285714,0.017857143,1,0,0,0,0,0.137931034,0.017241379,0,0,0.844827586,1,0,0.846153846,0.115384615,0,0.038461538
548,0.947368421,0.052631579,0,0,0,0.690909091,0.2,0.090909091,0.018181818,1,0,0,0,0,0.105263158,0.01754386,0.01754386,0,0.859649123,1,0.089285714,0.767857143,0.107142857,0.017857143,0.017857143
549,0.947368421,0,0.052631579,0,0,0.709090909,0.181818182,0.090909091,0.018181818,1,0,0,0,0,0.038461538,0.019230769,0,0,0.942307692,1,0.131147541,0.721311475,0.081967213,0.016393443,0.049180328
550,1,0,0,0,0,0.65,0.183333333,0.15,0.016666667,1,0,0,0,0,0,0.058823529,0.019607843,0,0.921568627,1,0.072727273,0.8,0.109090909,0,0.018181818
551,1,0,0,0,0,0.619047619,0.174603175,0.19047619,0.015873016,1,0,0,0,0,0,0,0,0.02,0.98,1,0.072727273,0.8,0.109090909,0,0.018181818
552,1,0,0,0,0,0.629032258,0.177419355,0.177419355,0.016129032,1,0,0,0,0,0.037735849,0,0.018867925,0.018867925,0.924528302,1,0.056603774,0.830188679,0.113207547,0,0
553,1,0,0,0,0,0.65,0.183333333,0.15,0.016666667,1,0,0,0,0,0.054545455,0.054545455,0.036363636,0,0.854545455,1,0.019607843,0.862745098,0.117647059,0,0
554,1,0,0,0,0,0.661016949,0.186440678,0.13559322,0.016949153,0,0,0,0,0,0.037735849,0,0.018867925,0,0.943396226,1,0.105263158,0.771929825,0.105263158,0,0.01754386
555,1,0,0,0,0,0.696428571,0.196428571,0.089285714,0.017857143,0,0,0,0,0,0,0,0,0,1,1,0.174603175,0.698412698,0.095238095,0,0.031746032
556,1,0,0,0,1,0,0,0,0,0,0.672413793,0.189655172,0.137931034,0,0.120689655,0.75862069,0.017241379,0.103448276,0,1,0.019607843,0.019607843,0.019607843,0.941176471,0
557,1,0,0,0,0,0,0,0,0,0,0.709090909,0.2,0.072727273,0.018181818,0.163934426,0.721311475,0.016393443,0.098360656,0,1,0.018867925,0,0,0.943396226,0.037735849
558,1,0,0,0,1,0,0,0,0,0,0.65,0.183333333,0.15,0.016666667,0.122807018,0.771929825,0,0.105263158,0,1,0,0,0.04,0.96,0
559,0.941176471,0,0,0.058823529,0,0.672413793,0.189655172,0.120689655,0.017241379,1,0,0,0,0,0.019607843,0.039215686,0,0.019607843,0.921568627,1,0.089285714,0.785714286,0.107142857,0,0.017857143
560,1,0,0,0,0,0.75,0.211538462,0.019230769,0.019230769,0.916666667,0,0,0,0.083333333,0.038461538,0.173076923,0,0.038461538,0.75,1,0.056603774,0.830188679,0.113207547,0,0
561,1,0,0,0,0,0.709090909,0.2,0.072727273,0.018181818,0,0,0,0,0,0.137931034,0,0,0,0.862068966,1,0.071428571,0.785714286,0.107142857,0,0.035714286
562,1,0,0,0,0,0.709090909,0.2,0.072727273,0.018181818,0,0,0,0,0,0.137931034,0,0,0,0.862068966,1,0.071428571,0.785714286,0.107142857,0,0.035714286
563,1,0,0,0,0,0.722222222,0.203703704,0.055555556,0.018518519,0,0,0,0,0,0.180327869,0,0,0,0.819672131,1,0.037037037,0.814814815,0.111111111,0,0.037037037
564,1,0,0,0,0,0.735849057,0.20754717,0.037735849,0.018867925,0,0,0,0,0,0.177419355,0,0.016129032,0,0.806451613,1,0.055555556,0.814814815,0.111111111,0,0.018518519
565,1,0,0,0,0,0.661016949,0.186440678,0.13559322,0.016949153,0,0,0,0,0,0.120689655,0,0.017241379,0,0.862068966,1,0.019230769,0.846153846,0.115384615,0,0.019230769
566,0.894736842,0,0,0.105263158,0,0.709090909,0.2,0.072727273,0.018181818,1,0,0,0,0,0.13559322,0.016949153,0.016949153,0.016949153,0.813559322,1,0.019607843,0.862745098,0.117647059,0,0
567,0.933333333,0,0,0.066666667,0,0.722222222,0.203703704,0.055555556,0.018518519,1,0,0,0,0,0.120689655,0.068965517,0.017241379,0.017241379,0.775862069,1,0.019607843,0.862745098,0.117647059,0,0
568,1,0,0,0,0,0,0,0,0,0,0.709090909,0.2,0.090909091,0,0.177419355,0.709677419,0.016129032,0.096774194,0,1,0.019230769,0,0,0.961538462,0.019230769
569,0.95,0,0,0.05,0,0,0,0,0,0,0.684210526,0.192982456,0.122807018,0,0.133333333,0.733333333,0.033333333,0.1,0,1,0.019607843,0,0,0.980392157,0
570,1,0,0,0,0,0.672413793,0.189655172,0.120689655,0.017241379,1,0,0,0,0,0.038461538,0,0,0.019230769,0.942307692,1,0.120689655,0.75862069,0.103448276,0,0.017241379
571,1,0,0,0,0,0.661016949,0.186440678,0.13559322,0.016949153,0,0,0,0,0,0,0,0.019607843,0,0.980392157,1,0.13559322,0.745762712,0.101694915,0,0.016949153
572,1,0,0,0,0,0.65,0.183333333,0.15,0.016666667,1,0,0,0,0,0,0,0,0.02,0.98,1,0.120689655,0.75862069,0.103448276,0,0.017241379
573,1,0,0,0,0,0.661016949,0.186440678,0.13559322,0.016949153,0,0,0,0,0,0.038461538,0,0,0,0.961538462,1,0.103448276,0.75862069,0.103448276,0,0.034482759
574,0.95,0,0,0.05,0,0.722222222,0.203703704,0.055555556,0.018518519,0,0,0,0,0,0.019607843,0,0,0,0.980392157,1,0.174603175,0.698412698,0.095238095,0,0.031746032
575,1,0,0,0,0,0.735849057,0.20754717,0.037735849,0.018867925,0,0,0,0,0,0,0,0.038461538,0,0.961538462,1,0.21875,0.6875,0.09375,0,0
576,1,0,0,0,0,0.722222222,0.203703704,0.055555556,0.018518519,0,0,0,0,0,0.019607843,0,0,0,0.980392157,1,0.1875,0.6875,0.09375,0,0.03125
577,1,0,0,0,1,0,0,0,0,0,0.735849057,0.20754717,0.037735849,0.018867925,0.206349206,0.698412698,0,0.095238095,0,1,0,0,0.06,0.94,0
578,1,0,0,0,1,0,0,0,0,0,0.764705882,0.215686275,0,0.019607843,0.230769231,0.676923077,0,0.092307692,0,1,0,0,0.039215686,0.941176471,0.019607843
579,1,0,0,0,1,0,0,0,0,0,0.75,0.211538462,0.019230769,0.019230769,0.215384615,0.676923077,0.015384615,0.092307692,0,1,0,0,0.04,0.96,0
580,1,0,0,0,0,0,0,0,0,0,0.722222222,0.203703704,0.055555556,0.018518519,0.19047619,0.698412698,0.015873016,0.095238095,0,1,0,0,0,0.961538462,0.038461538
581,0.95,0,0,0.05,0,0,0,0,0,0,0.735849057,0.20754717,0.037735849,0.018867925,0.180327869,0.721311475,0,0.098360656,0,1,0.018518519,0,0,0.925925926,0.055555556
582,0.894736842,0.052631579,0,0.052631579,1,0,0,0,0,0,0.730769231,0.211538462,0.057692308,0,0.193548387,0.693548387,0,0.096774194,0.016129032,1,0.038461538,0,0.038461538,0.923076923,0
583,1,0,0,0,1,0,0,0,0,0,0.709090909,0.2,0.090909091,0,0.177419355,0.709677419,0.016129032,0.096774194,0,1,0.019607843,0,0.019607843,0.960784314,0
584,1,0,0,0,1,0,0,0,0,0,0.696428571,0.196428571,0.089285714,0.017857143,0.180327869,0.721311475,0,0.098360656,0,1,0,0,0.04,0.96,0
585,1,0,0,0,0,0,0,0,0,0,0.672413793,0.189655172,0.137931034,0,0.13559322,0.745762712,0.016949153,0.101694915,0,1,0.019230769,0,0,0.961538462,0.019230769
586,1,0,0,0,0,0,0,0,0,0,0.735849057,0.20754717,0.056603774,0,0.19047619,0.698412698,0.015873016,0.095238095,0,1,0.018867925,0,0,0.943396226,0.037735849
587,1,0,0,0,0,0,0,0,0,0,0.696428571,0.196428571,0.089285714,0.017857143,0.166666667,0.733333333,0,0.1,0,1,0,0,0,0.943396226,0.056603774
588,1,0,0,0,0,0.735849057,0.20754717,0.037735849,0.018867925,0,0,0,0,0,0.055555556,0,0.018518519,0,0.925925926,1,0.177419355,0.709677419,0.096774194,0,0.016129032
589,1,0,0,0,0,0.709090909,0.2,0.072727273,0.018181818,0,0,0,0,0,0.13559322,0,0.016949153,0,0.847457627,1,0.072727273,0.8,0.109090909,0,0.018181818
590,1,0,0,0,0,0.722222222,0.203703704,0.055555556,0.018518519,0,0,0,0,0,0.118644068,0,0.033898305,0,0.847457627,1,0.107142857,0.785714286,0.107142857,0,0
591,1,0,0,0,0,0.65,0.183333333,0.15,0.016666667,0,0,0,0,0,0.037037037,0,0.037037037,0,0.925925926,1,0.090909091,0.8,0.109090909,0,0
592,0.947368421,0,0,0.052631579,1,0,0,0,0,0,0.661016949,0.186440678,0.152542373,0,0.105263158,0.771929825,0.01754386,0.105263158,0,1,0,0.019607843,0,0.960784314,0.019607843
593,0.95,0,0,0.05,0,0,0,0,0,0,0.629032258,0.177419355,0.177419355,0.016129032,0.071428571,0.785714286,0.035714286,0.107142857,0,1,0,0,0,1,0
594,0.947368421,0,0,0.052631579,0,0.722222222,0.203703704,0.055555556,0.018518519,1,0,0,0,0,0.054545455,0.018181818,0.036363636,0,0.890909091,1,0.137931034,0.75862069,0.103448276,0,0
595,1,0,0,0,0,0.709090909,0.2,0.072727273,0.018181818,0,0,0,0,0,0,0,0,0,1,1,0.1875,0.6875,0.09375,0,0.03125
596,1,0,0,0,0,0.709090909,0.2,0.072727273,0.018181818,1,0,0,0,0,0.019230769,0,0.019230769,0.019230769,0.942307692,1,0.180327869,0.721311475,0.098360656,0,0
597,0.95,0,0,0.05,0,0.696428571,0.196428571,0.089285714,0.017857143,0,0,0,0,0,0,0,0.019607843,0,0.980392157,1,0.163934426,0.721311475,0.098360656,0,0.016393443
598,1,0,0,0,0,0.684210526,0.192982456,0.105263158,0.01754386,0,0,0,0,0,0.103448276,0,0.034482759,0,0.862068966,1,0.074074074,0.814814815,0.111111111,0,0
599,1,0,0,0,0,0.619047619,0.174603175,0.19047619,0.015873016,0,0,0,0,0,0.019230769,0,0.019230769,0,0.961538462,1,0.055555556,0.814814815,0.111111111,0,0.018518519
600,0.95,0,0,0.05,0,0,0,0,0,0,0.684210526,0.192982456,0.122807018,0,0.107142857,0.785714286,0,0.107142857,0,1,0.036363636,0,0,0.909090909,0.054545455
601,0.95,0,0,0.05,0,0,0,0,0,0,0.65,0.183333333,0.166666667,0,0.071428571,0.785714286,0.035714286,0.107142857,0,1,0.038461538,0,0,0.961538462,0
602,1,0,0,0,0,0.75,0.211538462,0.019230769,0.019230769,1,0,0,0,0,0,0.019230769,0.038461538,0,0.942307692,1,0.21875,0.6875,0.09375,0,0
603,1,0,0,0,0,0.629032258,0.177419355,0.177419355,0.016129032,0,0,0,0,0,0.019230769,0,0.019230769,0,0.961538462,1,0.072727273,0.8,0.109090909,0,0.018181818
604,0.95,0,0,0.05,0,0.696428571,0.196428571,0.089285714,0.017857143,0,0,0,0,0,0.072727273,0,0.018181818,0,0.909090909,1,0.105263158,0.771929825,0.105263158,0,0.01754386
605,0.904761905,0,0,0.095238095,0,0,0,0,0,0,0.672413793,0.189655172,0.120689655,0.017241379,0.120689655,0.75862069,0.017241379,0.103448276,0,1,0,0,0,0.980392157,0.019607843
606,1,0,0,0,0,0.672413793,0.189655172,0.120689655,0.017241379,1,0,0,0,0,0.107142857,0.035714286,0,0,0.857142857,1,0.018867925,0.830188679,0.113207547,0,0.037735849
607,0.95,0,0,0.05,0,0.684210526,0.192982456,0.105263158,0.01754386,0,0,0,0,0,0.120689655,0,0.017241379,0,0.862068966,1,0.037735849,0.830188679,0.113207547,0,0.018867925
608,1,0,0,0,0,0,0,0,0,0,0.629032258,0.177419355,0.193548387,0,0.056603774,0.830188679,0,0.113207547,0,1,0.037037037,0,0,0.925925926,0.037037037
609,1,0,0,0,1,0,0,0,0,0,0.65,0.183333333,0.166666667,0,0.105263158,0.771929825,0.01754386,0.105263158,0,1,0,0.019607843,0,0.960784314,0.019607843
610,1,0,0,0,0,0,0,0,0,0,0.661016949,0.186440678,0.13559322,0.016949153,0.137931034,0.75862069,0,0.103448276,0,1,0,0,0,0.961538462,0.038461538
611,0.95,0,0,0.05,0,0,0,0,0,0,0.661016949,0.186440678,0.13559322,0.016949153,0.120689655,0.75862069,0.017241379,0.103448276,0,1,0,0,0,0.980392157,0.019607843
612,0.95,0,0,0.05,0,0.696428571,0.196428571,0.089285714,0.017857143,0,0,0,0,0,0.038461538,0,0,0,0.961538462,1,0.133333333,0.733333333,0.1,0,0.033333333
613,1,0,0,0,0,0.684210526,0.192982456,0.105263158,0.01754386,1,0,0,0,0,0,0.04,0,0,0.96,1,0.133333333,0.733333333,0.1,0,0.033333333
614,1,0,0,0,0,0.672413793,0.189655172,0.120689655,0.017241379,1,0,0,0,0,0.038461538,0.038461538,0,0,0.923076923,1,0.087719298,0.771929825,0.105263158,0,0.035087719
615,1,0,0,0,0,0.65,0.183333333,0.15,0.016666667,1,0,0,0,0,0.037735849,0.037735849,0.018867925,0,0.905660377,1,0.055555556,0.814814815,0.111111111,0,0.018518519
616,1,0,0,0,0,0.722222222,0.203703704,0.055555556,0.018518519,0.875,0,0,0.125,0,0,0.137254902,0.019607843,0,0.843137255,1,0.089285714,0.785714286,0.107142857,0,0.017857143
617,1,0,0,0,1,0,0,0,0,0,0.629032258,0.177419355,0.193548387,0,0.056603774,0.830188679,0,0.113207547,0,1,0.038461538,0,0.038461538,0.923076923,0
618,1,0,0,0,0,0,0,0,0,0,0.661016949,0.186440678,0.152542373,0,0.107142857,0.785714286,0,0.107142857,0,1,0.037037037,0,0,0.925925926,0.037037037
619,1,0,0,0,0,0,0,0,0,0,0.661016949,0.186440678,0.152542373,0,0.122807018,0.771929825,0,0.105263158,0,1,0.018867925,0,0,0.943396226,0.037735849
620,0.95,0,0,0.05,0,0,0,0,0,0,0.696428571,0.196428571,0.107142857,0,0.137931034,0.75862069,0,0.103448276,0,1,0.037037037,0,0,0.925925926,0.037037037
621,1,0,0,0,0,0,0,0,0,0,0.629032258,0.177419355,0.193548387,0,0.038461538,0.846153846,0,0.115384615,0,1,0.036363636,0,0,0.909090909,0.054545455
622,1,0,0,0,0,0.639344262,0.180327869,0.163934426,0.016393443,1,0,0,0,0,0.072727273,0.018181818,0.018181818,0,0.890909091,1,0.019230769,0.846153846,0.115384615,0,0.019230769
623,0.941176471,0.058823529,0,0,0.01754386,0.666666667,0.192982456,0.105263158,0.01754386,1,0,0,0,0,0.055555556,0.037037037,0.018518519,0,0.888888889,1,0.071428571,0.803571429,0.089285714,0,0.035714286
624,1,0,0,0,0,0,0,0,0,0,0.661016949,0.186440678,0.152542373,0,0.120689655,0.75862069,0.017241379,0.103448276,0,1,0.019230769,0,0,0.961538462,0.019230769
625,1,0,0,0,1,0,0,0,0,0,0.639344262,0.180327869,0.180327869,0,0.089285714,0.785714286,0.017857143,0.107142857,0,1,0.019607843,0,0.019607843,0.960784314,0
626,1,0,0,0,0,0.629032258,0.177419355,0.177419355,0.016129032,1,0,0,0,0,0.019230769,0,0.019230769,0.019230769,0.942307692,1,0.074074074,0.814814815,0.111111111,0,0
627,1,0,0,0,0,0.709090909,0.2,0.072727273,0.018181818,1,0,0,0,0,0.019607843,0,0,0.039215686,0.941176471,1,0.180327869,0.721311475,0.098360656,0,0
628,0.947368421,0,0,0.052631579,0,0.639344262,0.180327869,0.163934426,0.016393443,1,0,0,0,0,0.056603774,0.018867925,0,0,0.924528302,1,0.018867925,0.830188679,0.113207547,0,0.037735849
629,0.95,0,0,0.05,0,0.639344262,0.180327869,0.163934426,0.016393443,0,0,0,0,0,0,0,0,0,1,1,0.087719298,0.771929825,0.105263158,0,0.035087719
630,1,0,0,0,0,0.609375,0.171875,0.203125,0.015625,1,0,0,0,0,0.055555556,0,0.018518519,0.018518519,0.907407407,1,0,0.88,0.12,0,0
631,1,0,0,0,0,0.629032258,0.177419355,0.177419355,0.016129032,0,0,0,0,0,0,0,0,0,1,1,0.087719298,0.771929825,0.105263158,0,0.035087719
632,0.947368421,0,0,0.052631579,0,0.696428571,0.196428571,0.089285714,0.017857143,1,0,0,0,0,0.019230769,0,0.019230769,0.019230769,0.942307692,1,0.152542373,0.745762712,0.101694915,0,0
633,1,0,0,0,0,0.629032258,0.177419355,0.177419355,0.016129032,0,0,0,0,0,0,0,0.019607843,0,0.980392157,1,0.089285714,0.785714286,0.107142857,0,0.017857143
634,1,0,0,0,0,0.6,0.169230769,0.215384615,0.015384615,0,0,0,0,0,0.038461538,0,0,0,0.961538462,1,0,0.846153846,0.115384615,0,0.038461538
635,1,0,0,0,0,0,0,0,0,0,0.709090909,0.2,0.090909091,0,0.180327869,0.721311475,0,0.098360656,0,1,0.018867925,0,0,0.943396226,0.037735849
636,1,0,0,0,0,0,0,0,0,0,0.696428571,0.196428571,0.107142857,0,0.13559322,0.745762712,0.016949153,0.101694915,0,1,0.037037037,0,0,0.925925926,0.037037037
637,1,0,0,0,0,0,0,0,0,0,0.722222222,0.203703704,0.074074074,0,0.19047619,0.698412698,0.015873016,0.095238095,0,1,0.019230769,0,0,0.961538462,0.019230769
638,1,0,0,0,0,0,0,0,0,0,0.696428571,0.196428571,0.107142857,0,0.166666667,0.733333333,0,0.1,0,1,0.018867925,0,0,0.943396226,0.037735849
639,1,0,0,0,1,0,0,0,0,0,0.672413793,0.189655172,0.137931034,0,0.122807018,0.771929825,0,0.105263158,0,1,0.038461538,0,0.038461538,0.923076923,0
640,1,0,0,0,0.017857143,0.678571429,0.196428571,0.089285714,0.017857143,0.75,0.25,0,0,0,0.056603774,0.075471698,0,0,0.867924528,1,0.089285714,0.767857143,0.125,0,0.017857143
641,0.95,0,0,0.05,0,0.696428571,0.196428571,0.089285714,0.017857143,0,0,0,0,0,0,0,0.038461538,0,0.961538462,1,0.166666667,0.733333333,0.1,0,0
642,1,0,0,0,0,0.684210526,0.192982456,0.105263158,0.01754386,0,0,0,0,0,0.037037037,0,0.037037037,0,0.925925926,1,0.137931034,0.75862069,0.103448276,0,0
643,0.9375,0,0,0.0625,0,0.709090909,0.2,0.072727273,0.018181818,1,0,0,0,0,0,0.058823529,0.019607843,0.019607843,0.901960784,1,0.137931034,0.75862069,0.103448276,0,0
644,1,0,0,0,0,0,0,0,0,0,0.684210526,0.192982456,0.105263158,0.01754386,0.152542373,0.745762712,0,0.101694915,0,1,0,0,0,0.943396226,0.056603774
645,1,0,0,0,0,0,0,0,0,0,0.709090909,0.2,0.090909091,0,0.163934426,0.721311475,0.016393443,0.098360656,0,1,0.018867925,0,0,0.943396226,0.037735849
646,1,0,0,0,0,0,1,0,0,0.01754386,0.684210526,0.175438596,0.122807018,0,0.118644068,0.745762712,0.033898305,0.101694915,0,1,0.019230769,0.019230769,0,0.942307692,0.019230769
647,0.941176471,0,0,0.058823529,1,0,0,0,0,0,0.619047619,0.174603175,0.206349206,0,0.019607843,0.862745098,0,0.117647059,0,1,0,0.039215686,0.019607843,0.921568627,0.019607843
648,0.944444444,0,0,0.055555556,1,0,0,0,0,0,0.639344262,0.180327869,0.180327869,0,0.054545455,0.8,0.036363636,0.109090909,0,1,0,0.04,0,0.96,0
649,1,0,0,0,0,0.629032258,0.177419355,0.177419355,0.016129032,0.666666667,0,0,0,0.333333333,0.037037037,0.037037037,0.037037037,0,0.888888889,1,0,0.88,0.12,0,0
650,0.95,0,0,0.05,0,0.639344262,0.180327869,0.163934426,0.016393443,0,0,0,0,0,0,0,0.038461538,0,0.961538462,1,0.090909091,0.8,0.109090909,0,0
651,1,0,0,0,0,0.672413793,0.189655172,0.120689655,0.017241379,1,0,0,0,0,0.019230769,0.038461538,0.019230769,0.019230769,0.903846154,1,0.107142857,0.785714286,0.107142857,0,0
652,1,0,0,0,0.016949153,0.644067797,0.186440678,0.152542373,0,0.5,0.5,0,0,0,0.037735849,0.018867925,0.018867925,0.018867925,0.905660377,1,0.090909091,0.8,0.109090909,0,0
653,1,0,0,0,0,0.672413793,0.189655172,0.120689655,0.017241379,1,0,0,0,0,0.038461538,0,0,0.038461538,0.923076923,1,0.122807018,0.771929825,0.105263158,0,0
654,0.941176471,0,0,0.058823529,0,0.672413793,0.189655172,0.120689655,0.017241379,1,0,0,0,0,0.056603774,0.018867925,0,0.037735849,0.886792453,1,0.074074074,0.814814815,0.111111111,0,0
655,0.9,0,0,0.1,0,0.672413793,0.189655172,0.120689655,0.017241379,1,0,0,0,0,0.072727273,0,0.018181818,0.018181818,0.890909091,1,0.056603774,0.830188679,0.113207547,0,0
656,0.923076923,0,0,0.076923077,0,0.672413793,0.189655172,0.120689655,0.017241379,1,0,0,0,0,0.037735849,0.113207547,0.018867925,0.018867925,0.811320755,1,0,0.88,0.12,0,0
657,0.947368421,0,0,0.052631579,0,0.661016949,0.186440678,0.13559322,0.016949153,1,0,0,0,0,0.056603774,0,0,0.018867925,0.924528302,1,0.072727273,0.8,0.109090909,0,0.018181818
658,1,0,0,0,0,0.661016949,0.186440678,0.13559322,0.016949153,1,0,0,0,0,0.103448276,0.017241379,0.034482759,0,0.844827586,1,0.019607843,0.862745098,0.117647059,0,0
659,0.947368421,0,0,0.052631579,0,0.672413793,0.189655172,0.120689655,0.017241379,1,0,0,0,0,0.137931034,0,0,0.017241379,0.844827586,1,0,0.862745098,0.117647059,0,0.019607843
660,1,0,0,0,0,0.629032258,0.177419355,0.177419355,0.016129032,0,0,0,0,0,0.090909091,0,0,0,0.909090909,1,0,0.846153846,0.115384615,0,0.038461538
661,0.95,0,0,0.05,0,0.655172414,0.189655172,0.137931034,0.017241379,0,0.5,0,0.5,0,0.072727273,0,0.018181818,0.018181818,0.890909091,1,0.037735849,0.830188679,0.094339623,0.018867925,0.018867925
662,1,0,0,0,0,0.735849057,0.20754717,0.037735849,0.018867925,1,0,0,0,0,0.055555556,0.018518519,0.018518519,0,0.907407407,1,0.163934426,0.721311475,0.098360656,0,0.016393443
663,1,0,0,0,0,0.75,0.211538462,0.019230769,0.019230769,1,0,0,0,0,0.018867925,0.075471698,0.037735849,0,0.867924528,1,0.166666667,0.733333333,0.1,0,0
664,1,0,0,0,0,0.722222222,0.203703704,0.055555556,0.018518519,1,0,0,0,0,0.137931034,0,0,0.017241379,0.844827586,1,0.089285714,0.785714286,0.107142857,0,0.017857143
665,0.95,0,0,0.05,0,0.661016949,0.186440678,0.13559322,0.016949153,0,0,0,0,0,0.018867925,0,0.037735849,0,0.943396226,1,0.107142857,0.785714286,0.107142857,0,0
666,1,0,0,0,0,0.639344262,0.180327869,0.163934426,0.016393443,0,0,0,0,0,0.037735849,0,0.018867925,0,0.943396226,1,0.072727273,0.8,0.109090909,0,0.018181818
667,1,0,0,0,0,0.696428571,0.196428571,0.089285714,0.017857143,1,0,0,0,0,0.019607843,0.058823529,0,0.019607843,0.901960784,1,0.120689655,0.75862069,0.103448276,0,0.017241379
668,1,0,0,0,0,0.661016949,0.186440678,0.13559322,0.016949153,1,0,0,0,0,0,0.019230769,0.038461538,0,0.942307692,1,0.122807018,0.771929825,0.105263158,0,0
669,0.95,0,0,0.05,0,0.661016949,0.186440678,0.13559322,0.016949153,0,0,0,0,0,0.019607843,0,0,0,0.980392157,1,0.103448276,0.75862069,0.103448276,0,0.034482759
670,1,0,0,0,0,0.65,0.183333333,0.15,0.016666667,0,0,0,0,0,0.038461538,0,0,0,0.961538462,1,0.087719298,0.771929825,0.105263158,0,0.035087719
671,0.9375,0,0,0.0625,0,0.672413793,0.189655172,0.120689655,0.017241379,0.8,0,0,0.2,0,0,0.06,0,0.02,0.92,1,0.072727273,0.8,0.109090909,0,0.018181818
672,1,0,0,0,0,0.65,0.183333333,0.15,0.016666667,0,0,0,0,0,0.071428571,0,0.035714286,0,0.892857143,1,0.056603774,0.830188679,0.113207547,0,0
673,0.95,0,0,0.05,0,0.661016949,0.186440678,0.13559322,0.016949153,0,0,0,0,0,0.118644068,0,0.033898305,0,0.847457627,1,0,0.88,0.12,0,0
674,1,0,0,0,0,0.735849057,0.20754717,0.037735849,0.018867925,0.909090909,0,0,0,0.090909091,0.019607843,0.196078431,0,0,0.784313725,1,0.037037037,0.814814815,0.111111111,0,0.037037037
675,0.9,0,0,0.1,0,0.722222222,0.203703704,0.055555556,0.018518519,1,0,0,0,0,0.019230769,0.173076923,0.019230769,0.019230769,0.769230769,1,0.038461538,0.846153846,0.115384615,0,0
676,1,0,0,0,0,0.672413793,0.189655172,0.120689655,0.017241379,0.875,0,0,0,0.125,0.037735849,0.113207547,0.018867925,0.018867925,0.811320755,1,0,0.88,0.12,0,0
677,1,0,0,0,0,0.703703704,0.203703704,0.074074074,0.018518519,0.571428571,0.142857143,0,0.285714286,0,0.122807018,0.070175439,0,0.01754386,0.789473684,1,0,0.843137255,0.117647059,0.019607843,0.019607843
678,1,0,0,0,0,0.684210526,0.192982456,0.105263158,0.01754386,1,0,0,0,0,0.107142857,0,0,0.017857143,0.875,1,0.072727273,0.8,0.109090909,0,0.018181818
679,1,0,0,0,0,0,0,0,0,0,0.619047619,0.174603175,0.19047619,0.015873016,0.071428571,0.785714286,0.035714286,0.107142857,0,1,0,0,0,1,0
680,1,0,0,0,0,0,0,0,0,0,0.609375,0.171875,0.203125,0.015625,0.054545455,0.8,0.036363636,0.109090909,0,1,0,0,0,1,0
681,0.904761905,0.047619048,0,0.047619048,0,0,0,0,0,0,0.612903226,0.177419355,0.193548387,0.016129032,0.071428571,0.767857143,0.035714286,0.107142857,0.017857143,1,0,0,0,1,0
682,0.904761905,0,0,0.095238095,0,0,0,0,0,0,0.661016949,0.186440678,0.13559322,0.016949153,0.103448276,0.75862069,0.034482759,0.103448276,0,1,0,0,0,1,0
683,1,0,0,0,0,1,0,0,0,0.016129032,0.612903226,0.177419355,0.177419355,0.016129032,0.074074074,0.833333333,0,0.092592593,0,1,0,0,0.019230769,0.942307692,0.038461538
684,0.9,0.05,0,0.05,1,0,0,0,0,0,0.612903226,0.177419355,0.209677419,0,0.019230769,0.846153846,0.019230769,0.096153846,0.019230769,1,0.037735849,0,0.018867925,0.924528302,0.018867925
685,1,0,0,0,0,0.722222222,0.203703704,0.055555556,0.018518519,0,0,0,0,0,0.105263158,0,0.01754386,0,0.877192982,1,0.120689655,0.75862069,0.103448276,0,0.017241379
686,0.888888889,0.055555556,0,0.055555556,0.018518519,0.703703704,0.203703704,0.074074074,0,1,0,0,0,0,0.056603774,0.018867925,0,0.018867925,0.905660377,1,0.13559322,0.745762712,0.101694915,0,0.016949153
687,0.904761905,0,0,0.095238095,0,0.75,0.211538462,0.019230769,0.019230769,0,0,0,0,0,0,0,0.019607843,0,0.980392157,1,0.203125,0.6875,0.09375,0,0.015625
688,1,0,0,0,0,0.661016949,0.186440678,0.13559322,0.016949153,1,0,0,0,0,0.107142857,0,0,0.017857143,0.875,1,0.037735849,0.830188679,0.113207547,0,0.018867925
689,1,0,0,0,0,0.639344262,0.180327869,0.163934426,0.016393443,1,0,0,0,0,0.074074074,0.018518519,0,0,0.907407407,1,0.018867925,0.830188679,0.113207547,0,0.037735849
690,1,0,0,0,0,0.696428571,0.196428571,0.089285714,0.017857143,1,0,0,0,0,0.087719298,0.070175439,0.035087719,0,0.807017544,1,0.038461538,0.846153846,0.115384615,0,0
691,1,0,0,0,0,0.684210526,0.192982456,0.105263158,0.01754386,1,0,0,0,0,0.074074074,0.018518519,0,0,0.907407407,1,0.087719298,0.771929825,0.105263158,0,0.035087719
692,1,0,0,0,0,0.709090909,0.2,0.072727273,0.018181818,1,0,0,0,0,0.056603774,0.018867925,0,0,0.924528302,1,0.133333333,0.733333333,0.1,0,0.033333333
693,0.944444444,0,0,0.055555556,0.017857143,0.678571429,0.196428571,0.107142857,0,0.5,0.5,0,0,0,0.089285714,0.035714286,0.017857143,0,0.857142857,1,0.055555556,0.814814815,0.111111111,0,0.018518519
694,1,0,0,0,0,0,0,0,0,0,0.75,0.211538462,0.019230769,0.019230769,0.227272727,0.666666667,0.015151515,0.090909091,0,1,0,0,0,0.980392157,0.019607843
695,0.904761905,0,0,0.095238095,0,0,0,0,0,0,0.75,0.211538462,0.038461538,0,0.19047619,0.698412698,0.015873016,0.095238095,0,1,0.019230769,0,0,0.961538462,0.019230769
696,0.904761905,0,0,0.095238095,0,0,0,0,0,0,0.672413793,0.189655172,0.120689655,0.017241379,0.120689655,0.75862069,0.017241379,0.103448276,0,1,0,0,0,0.980392157,0.019607843
697,1,0,0,0,0,0,0,0,0,0,0.65,0.183333333,0.15,0.016666667,0.120689655,0.75862069,0.017241379,0.103448276,0,1,0,0,0,0.980392157,0.019607843
698,1,0,0,0,0,0,0,0,0,0,0.639344262,0.180327869,0.163934426,0.016393443,0.089285714,0.785714286,0.017857143,0.107142857,0,1,0,0,0,0.961538462,0.038461538
699,1,0,0,0,1,0,0,0,0,0,0.639344262,0.180327869,0.180327869,0,0.056603774,0.830188679,0,0.113207547,0,1,0,0.037735849,0,0.905660377,0.056603774
700,1,0,0,0,0,0,0,0,0,0,0.661016949,0.186440678,0.152542373,0,0.120689655,0.75862069,0.017241379,0.103448276,0,1,0.019230769,0,0,0.961538462,0.019230769
701,1,0,0,0,0,0,0,0,0,0,0.684210526,0.192982456,0.122807018,0,0.137931034,0.75862069,0,0.103448276,0,1,0.037037037,0,0,0.925925926,0.037037037
702,1,0,0,0,1,0,0,0,0,0,0.696428571,0.196428571,0.089285714,0.017857143,0.166666667,0.733333333,0,0.1,0,1,0,0,0.06,0.94,0
703,1,0,0,0,1,0,0,0,0,0,0.684210526,0.192982456,0.122807018,0,0.15,0.733333333,0.016666667,0.1,0,1,0,0.02,0.02,0.96,0
704,0.9,0.05,0,0.05,0.016666667,0.633333333,0.183333333,0.15,0.016666667,0,0,0,0,0,0.053571429,0,0.053571429,0,0.892857143,1,0.038461538,0.846153846,0.115384615,0,0
705,0.947368421,0,0,0.052631579,0,0.639344262,0.180327869,0.163934426,0.016393443,1,0,0,0,0,0.018867925,0.018867925,0.037735849,0,0.924528302,1,0.056603774,0.830188679,0.113207547,0,0
706,0.95,0.05,0,0,0,0.62295082,0.180327869,0.180327869,0.016393443,0,0,0,0,0,0.019607843,0,0,0,0.980392157,1,0.087719298,0.754385965,0.105263158,0.01754386,0.035087719
707,0.894736842,0,0.052631579,0.052631579,0.017241379,0.672413793,0.172413793,0.103448276,0.034482759,1,0,0,0,0,0.087719298,0.01754386,0.035087719,0,0.859649123,1,0.038461538,0.846153846,0.115384615,0,0
708,1,0,0,0,0,0.684210526,0.192982456,0.105263158,0.01754386,1,0,0,0,0,0.071428571,0.107142857,0.035714286,0,0.785714286,1,0,0.88,0.12,0,0
709,1,0,0,0,0,0.735849057,0.20754717,0.037735849,0.018867925,1,0,0,0,0,0.019607843,0.039215686,0,0.019607843,0.921568627,1,0.177419355,0.709677419,0.096774194,0,0.016129032
710,1,0,0,0,0,0.709090909,0.2,0.072727273,0.018181818,0,0,0,0,0,0.019230769,0,0.019230769,0,0.961538462,1,0.177419355,0.709677419,0.096774194,0,0.016129032
711,1,0,0,0,0,0.639344262,0.180327869,0.163934426,0.016393443,0,0,0,0,0,0.018867925,0,0.037735849,0,0.943396226,1,0.090909091,0.8,0.109090909,0,0
712,1,0,0,0,0,0.619047619,0.174603175,0.19047619,0.015873016,0,0,0,0,0,0.055555556,0,0.018518519,0,0.925925926,1,0.019230769,0.846153846,0.115384615,0,0.019230769
713,1,0,0,0,0,0.639344262,0.180327869,0.163934426,0.016393443,0,0,0,0,0,0.074074074,0,0,0,0.925925926,1,0.037037037,0.814814815,0.111111111,0,0.037037037
714,1,0,0,0,1,0,0,0,0,0,0.672413793,0.189655172,0.120689655,0.017241379,0.152542373,0.745762712,0,0.101694915,0,1,0,0,0.019607843,0.960784314,0.019607843
715,0.947368421,0,0,0.052631579,1,0,0,0,0,0,0.709090909,0.2,0.090909091,0,0.166666667,0.733333333,0,0.1,0,1,0.019230769,0,0.019230769,0.942307692,0.019230769
716,1,0,0,0,1,0,0,0,0,0,0.722222222,0.203703704,0.074074074,0,0.19047619,0.698412698,0.015873016,0.095238095,0,1,0,0.019607843,0,0.960784314,0.019607843
717,1,0,0,0,0,0,0,0,0,0,0.639344262,0.180327869,0.163934426,0.016393443,0.107142857,0.785714286,0,0.107142857,0,1,0,0,0,0.961538462,0.038461538
718,1,0,0,0,1,0,0,0,0,0,0.619047619,0.174603175,0.206349206,0,0.055555556,0.814814815,0.018518519,0.111111111,0,1,0,0.019607843,0,0.960784314,0.019607843
719,1,0,0,0,0,0.75,0.211538462,0.019230769,0.019230769,1,0,0,0,0,0.133333333,0.066666667,0.033333333,0,0.766666667,1,0.056603774,0.830188679,0.113207547,0,0
720,1,0,0,0,0,0.684210526,0.192982456,0.105263158,0.01754386,0,0,0,0,0,0.163934426,0,0.016393443,0,0.819672131,1,0,0.862745098,0.117647059,0,0.019607843
721,1,0,0,0,0,0.75,0.211538462,0.019230769,0.019230769,0,0,0,0,0,0.215384615,0,0.015384615,0,0.769230769,1,0.019230769,0.846153846,0.115384615,0,0.019230769
722,0.941176471,0,0,0.058823529,0,0.709090909,0.2,0.072727273,0.018181818,1,0,0,0,0,0.074074074,0.055555556,0,0,0.87037037,1,0.071428571,0.785714286,0.107142857,0,0.035714286
723,0.888888889,0,0,0.111111111,0,0.709090909,0.2,0.072727273,0.018181818,1,0,0,0,0,0,0.2,0,0.02,0.78,1,0.019230769,0.846153846,0.115384615,0,0.019230769
724,1,0,0,0,0,0.735849057,0.20754717,0.037735849,0.018867925,0.933333333,0,0,0,0.066666667,0,0.26,0,0.02,0.72,1,0,0.862745098,0.117647059,0,0.019607843
725,1,0,0,0,0,0.75,0.211538462,0.019230769,0.019230769,0.923076923,0,0,0.076923077,0,0.019607843,0.196078431,0,0.039215686,0.745098039,1,0.056603774,0.830188679,0.113207547,0,0
726,0.947368421,0,0,0.052631579,1,0,0,0,0,0,0.619047619,0.174603175,0.206349206,0,0,0.846153846,0.038461538,0.115384615,0,1,0.038461538,0,0.019230769,0.942307692,0
727,1,0,0,0,0,0.672413793,0.189655172,0.120689655,0.017241379,1,0,0,0,0,0.13559322,0.016949153,0.016949153,0,0.830508475,1,0,0.862745098,0.117647059,0,0.019607843
728,1,0,0,0,0,0.639344262,0.180327869,0.163934426,0.016393443,0,0,0,0,0,0.037735849,0,0.018867925,0,0.943396226,1,0.072727273,0.8,0.109090909,0,0.018181818
729,1,0,0,0,0,0.619047619,0.174603175,0.19047619,0.015873016,1,0,0,0,0,0,0.02,0,0,0.98,1,0.054545455,0.8,0.109090909,0,0.036363636
730,0.947368421,0,0,0.052631579,0,0.661016949,0.186440678,0.13559322,0.016949153,1,0,0,0,0,0.056603774,0,0,0.018867925,0.924528302,1,0.072727273,0.8,0.109090909,0,0.018181818
731,0.95,0,0,0.05,0,0.684210526,0.192982456,0.105263158,0.01754386,0,0,0,0,0,0.089285714,0,0.017857143,0,0.892857143,1,0.072727273,0.8,0.109090909,0,0.018181818
732,1,0,0,0,0,0.722222222,0.203703704,0.055555556,0.018518519,0.8,0,0,0,0.2,0.037735849,0.150943396,0.018867925,0,0.79245283,1,0.019230769,0.846153846,0.115384615,0,0.019230769
733,1,0,0,0,0,0.75,0.211538462,0.019230769,0.019230769,0.923076923,0,0,0,0.076923077,0,0.2,0,0.04,0.76,1,0.074074074,0.814814815,0.111111111,0,0
734,1,0,0,0,0,0.735849057,0.20754717,0.037735849,0.018867925,0.923076923,0,0,0,0.076923077,0,0.22,0,0.02,0.76,1,0.037735849,0.830188679,0.113207547,0,0.018867925
735,0.928571429,0,0,0.071428571,0,0.735849057,0.20754717,0.037735849,0.018867925,0.857142857,0,0,0.142857143,0,0.037735849,0.113207547,0.018867925,0,0.830188679,1,0.072727273,0.8,0.109090909,0,0.018181818
736,1,0,0,0,0,0.709090909,0.2,0.072727273,0.018181818,0.777777778,0,0,0.111111111,0.111111111,0.072727273,0.109090909,0.018181818,0.018181818,0.781818182,1,0,0.88,0.12,0,0
737,0.944444444,0,0,0.055555556,0.666666667,0,0.333333333,0,0,0,0.722222222,0.185185185,0.092592593,0,0.166666667,0.716666667,0,0.1,0.016666667,1,0,0.039215686,0.019607843,0.921568627,0.019607843
738,0.863636364,0.045454545,0,0.090909091,0,0.703703704,0.203703704,0.074074074,0.018518519,0,0,0,0,0,0.158730159,0,0.047619048,0,0.793650794,1,0,0.88,0.1,0.02,0
739,1,0,0,0,0,0.684210526,0.192982456,0.105263158,0.01754386,1,0,0,0,0,0.089285714,0.035714286,0.017857143,0,0.857142857,1,0.055555556,0.814814815,0.111111111,0,0.018518519
740,1,0,0,0,1,0,0,0,0,0,0.75,0.211538462,0.019230769,0.019230769,0.21875,0.6875,0,0.09375,0,1,0,0.019230769,0,0.942307692,0.038461538
741,1,0,0,0,0,0,0,0,0,0,0.696428571,0.196428571,0.089285714,0.017857143,0.166666667,0.733333333,0,0.1,0,1,0.018867925,0,0,0.943396226,0.037735849
742,1,0,0,0,0,0.65,0.183333333,0.15,0.016666667,0,0,0,0,0,0,0,0.038461538,0,0.961538462,1,0.122807018,0.771929825,0.105263158,0,0
743,0.941176471,0,0,0.058823529,0,0.639344262,0.180327869,0.163934426,0.016393443,1,0,0,0,0,0,0.058823529,0.019607843,0,0.921568627,1,0.037735849,0.830188679,0.113207547,0,0.018867925
744,1,0,0,0,0,0.696428571,0.196428571,0.089285714,0.017857143,0.5,0,0,0,0.5,0.019607843,0.019607843,0,0,0.960784314,1,0.133333333,0.733333333,0.1,0,0.033333333
745,0.941176471,0,0,0.058823529,0,0.722222222,0.203703704,0.055555556,0.018518519,1,0,0,0,0,0.054545455,0.054545455,0.036363636,0,0.854545455,1,0.107142857,0.785714286,0.107142857,0,0
746,1,0,0,0,0,0.672413793,0.189655172,0.120689655,0.017241379,0,0,0,0,0,0.019230769,0,0.019230769,0,0.961538462,1,0.13559322,0.745762712,0.101694915,0,0.016949153
747,1,0,0,0,0,0.684210526,0.192982456,0.105263158,0.01754386,0,0,0,0,0,0.074074074,0,0,0,0.925925926,1,0.103448276,0.75862069,0.103448276,0,0.034482759
748,0.9,0,0,0.1,0.017857143,0.678571429,0.196428571,0.107142857,0,0.9,0.1,0,0,0,0.019607843,0.156862745,0,0.039215686,0.784313725,1,0.019607843,0.862745098,0.117647059,0,0
749,0.9,0,0,0.1,0,0.75,0.211538462,0.019230769,0.019230769,0.909090909,0,0,0.090909091,0,0.055555556,0.185185185,0.018518519,0,0.740740741,1,0,0.862745098,0.117647059,0,0.019607843
750,0.923076923,0,0,0.076923077,0,0.684210526,0.192982456,0.105263158,0.01754386,1,0,0,0,0,0.055555556,0.111111111,0.018518519,0.018518519,0.796296296,1,0,0.88,0.12,0,0
751,1,0,0,0,0,0.684210526,0.192982456,0.105263158,0.01754386,1,0,0,0,0,0.072727273,0,0.018181818,0.018181818,0.890909091,1,0.107142857,0.785714286,0.107142857,0,0
752,1,0,0,0,0,0.65,0.183333333,0.15,0.016666667,0,0,0,0,0,0.122807018,0,0,0,0.877192982,1,0,0.846153846,0.115384615,0,0.038461538
753,1,0,0,0,0,0.619047619,0.174603175,0.19047619,0.015873016,0,0,0,0,0,0.074074074,0,0,0,0.925925926,1,0,0.846153846,0.115384615,0,0.038461538
754,0.944444444,0.055555556,0,0,0,0.612903226,0.177419355,0.193548387,0.016129032,1,0,0,0,0,0.019607843,0,0,0.039215686,0.941176471,1,0.074074074,0.796296296,0.111111111,0.018518519,0
755,1,0,0,0,0,0.62295082,0.180327869,0.180327869,0.016393443,0.5,0.5,0,0,0,0.037037037,0.037037037,0.037037037,0,0.888888889,1,0.038461538,0.826923077,0.115384615,0.019230769,0
756,0.95,0,0,0.05,0,0,1,0,0,0,0.65,0.166666667,0.183333333,0,0.054545455,0.781818182,0.036363636,0.109090909,0.018181818,1,0.019230769,0.019230769,0,0.942307692,0.019230769
757,0.95,0,0,0.05,0,0,0,0,0,0,0.661016949,0.186440678,0.13559322,0.016949153,0.118644068,0.745762712,0.033898305,0.101694915,0,1,0,0,0,1,0
758,0.95,0,0,0.05,0,0.716981132,0.20754717,0.056603774,0.018867925,0,0.5,0,0.5,0,0.163934426,0,0.016393443,0.016393443,0.803278689,1,0.019230769,0.846153846,0.096153846,0.019230769,0.019230769
759,0.95,0,0,0.05,0,0,0,0,0,0,0.709090909,0.2,0.090909091,0,0.152542373,0.745762712,0,0.101694915,0,1,0.018518519,0,0,0.925925926,0.055555556
760,0.904761905,0,0,0.095238095,0,0,0,0,0,0,0.672413793,0.189655172,0.137931034,0,0.089285714,0.785714286,0.017857143,0.107142857,0,1,0.018867925,0,0,0.943396226,0.037735849
761,0.95,0,0,0.05,0,0,0,0,0,0,0.722222222,0.203703704,0.055555556,0.018518519,0.193548387,0.709677419,0,0.096774194,0,1,0,0,0,0.961538462,0.038461538
762,1,0,0,0,0,0,0,0,0,0,0.735849057,0.20754717,0.056603774,0,0.206349206,0.698412698,0,0.095238095,0,1,0.018867925,0,0,0.943396226,0.037735849
763,1,0,0,0,1,0,0,0,0,0,0.75,0.211538462,0.038461538,0,0.215384615,0.676923077,0.015384615,0.092307692,0,1,0,0.019607843,0,0.960784314,0.019607843
764,0.95,0,0,0.05,0,0,0,0,0,0,0.764705882,0.215686275,0.019607843,0,0.2,0.676923077,0.030769231,0.092307692,0,1,0.019230769,0,0,0.961538462,0.019230769
765,0.842105263,0.052631579,0,0.105263158,0.5,0.5,0,0,0,0.036363636,0.672727273,0.2,0.072727273,0.018181818,0.120689655,0.75862069,0.017241379,0.103448276,0,1,0.019230769,0.019230769,0.019230769,0.923076923,0.019230769
766,1,0,0,0,0,0.672413793,0.189655172,0.120689655,0.017241379,1,0,0,0,0,0.137931034,0,0,0.034482759,0.827586207,1,0.019607843,0.862745098,0.117647059,0,0
767,1,0,0,0,1,0,0,0,0,0,0.639344262,0.180327869,0.163934426,0.016393443,0.090909091,0.8,0,0.109090909,0,1,0.019230769,0,0.019230769,0.942307692,0.019230769
768,1,0,0,0,0,0,0,0,0,0,0.609375,0.171875,0.203125,0.015625,0.019607843,0.862745098,0,0.117647059,0,1,0.018518519,0,0,0.925925926,0.055555556
769,1,0,0,0,0,0,0,0,0,0,0.609375,0.171875,0.21875,0,0,0.88,0,0.12,0,1,0.036363636,0,0,0.909090909,0.054545455
770,0.95,0,0,0.05,0,0,0,0,0,0,0.619047619,0.174603175,0.206349206,0,0.019230769,0.846153846,0.019230769,0.115384615,0,1,0.018867925,0,0,0.943396226,0.037735849
771,1,0,0,0,0,0.672413793,0.189655172,0.120689655,0.017241379,1,0,0,0,0,0.074074074,0,0,0.018518519,0.907407407,1,0.089285714,0.785714286,0.107142857,0,0.017857143
772,0.95,0,0.05,0,0,0.672413793,0.172413793,0.137931034,0.017241379,0,0,0,0,0,0.055555556,0,0.018518519,0,0.925925926,1,0.105263158,0.754385965,0.105263158,0.01754386,0.01754386
773,1,0,0,0,0,0.672413793,0.189655172,0.120689655,0.017241379,1,0,0,0,0,0.054545455,0.018181818,0.036363636,0,0.890909091,1,0.090909091,0.8,0.109090909,0,0
774,0.95,0,0,0.05,0,0,0,0,0,0,0.696428571,0.196428571,0.089285714,0.017857143,0.166666667,0.733333333,0,0.1,0,1,0,0,0,0.961538462,0.038461538
775,1,0,0,0,0,0,0,0,0,0,0.722222222,0.203703704,0.074074074,0,0.193548387,0.709677419,0,0.096774194,0,1,0.018867925,0,0,0.943396226,0.037735849
776,1,0,0,0,1,0,0,0,0,0,0.696428571,0.196428571,0.107142857,0,0.163934426,0.721311475,0.016393443,0.098360656,0,1,0,0.019607843,0,0.960784314,0.019607843
777,1,0,0,0,0,0.684210526,0.192982456,0.105263158,0.01754386,1,0,0,0,0,0,0,0,0.02,0.98,1,0.163934426,0.721311475,0.098360656,0,0.016393443
778,0.947368421,0,0,0.052631579,0,0.639344262,0.180327869,0.163934426,0.016393443,1,0,0,0,0,0,0,0.019607843,0.019607843,0.960784314,1,0.090909091,0.8,0.109090909,0,0
779,0.95,0,0,0.05,0,0.629032258,0.177419355,0.177419355,0.016129032,0,0,0,0,0,0.019607843,0,0,0,0.980392157,1,0.054545455,0.8,0.109090909,0,0.036363636
780,0.95,0,0,0.05,0,0.639344262,0.180327869,0.163934426,0.016393443,0,0,0,0,0,0.018867925,0,0.037735849,0,0.943396226,1,0.074074074,0.814814815,0.111111111,0,0
781,0.95,0,0,0.05,0,0.639344262,0.180327869,0.163934426,0.016393443,0,0,0,0,0,0.071428571,0,0.035714286,0,0.892857143,1,0.019607843,0.862745098,0.117647059,0,0
782,0.941176471,0,0,0.058823529,0,0.696428571,0.196428571,0.089285714,0.017857143,1,0,0,0,0,0.074074074,0.018518519,0,0.037037037,0.87037037,1,0.090909091,0.8,0.109090909,0,0
783,1,0,0,0,0,0.709090909,0.2,0.072727273,0.018181818,1,0,0,0,0,0.056603774,0.037735849,0,0,0.905660377,1,0.118644068,0.745762712,0.101694915,0,0.033898305
784,1,0,0,0,0,0.696428571,0.196428571,0.089285714,0.017857143,0,0,0,0,0,0.038461538,0,0,0,0.961538462,1,0.147540984,0.721311475,0.098360656,0,0.032786885
785,1,0,0,0,0,0.735849057,0.20754717,0.037735849,0.018867925,1,0,0,0,0,0.15,0,0.016666667,0.016666667,0.816666667,1,0.090909091,0.8,0.109090909,0,0
786,1,0,0,0,0,0.722222222,0.203703704,0.055555556,0.018518519,0,0,0,0,0,0.180327869,0,0,0,0.819672131,1,0.037037037,0.814814815,0.111111111,0,0.037037037
787,1,0,0,0,0,0.75,0.211538462,0.019230769,0.019230769,1,0,0,0,0,0.072727273,0.018181818,0.018181818,0,0.890909091,1,0.163934426,0.721311475,0.098360656,0,0.016393443
788,1,0,0,0,0,0.709090909,0.2,0.072727273,0.018181818,0,0,0,0,0,0.105263158,0,0.01754386,0,0.877192982,1,0.105263158,0.771929825,0.105263158,0,0.01754386
789,1,0,0,0,0,0.722222222,0.203703704,0.055555556,0.018518519,1,0,0,0,0,0,0.115384615,0.038461538,0,0.846153846,1,0.122807018,0.771929825,0.105263158,0,0
790,1,0,0,0,0,0.709090909,0.2,0.072727273,0.018181818,0.666666667,0,0,0,0.333333333,0,0.039215686,0.019607843,0,0.941176471,1,0.15,0.733333333,0.1,0,0.016666667
791,1,0,0,0,0,0.735849057,0.20754717,0.037735849,0.018867925,1,0,0,0,0,0,0.02,0,0.02,0.96,1,0.203125,0.6875,0.09375,0,0.015625
792,1,0,0,0,0,0.735849057,0.20754717,0.037735849,0.018867925,0,0,0,0,0,0,0,0.038461538,0,0.961538462,1,0.21875,0.6875,0.09375,0,0
793,1,0,0,0,0,0.735849057,0.20754717,0.037735849,0.018867925,1,0,0,0,0,0.037735849,0,0.018867925,0.018867925,0.924528302,1,0.193548387,0.709677419,0.096774194,0,0
794,1,0,0,0,0,0.722222222,0.203703704,0.055555556,0.018518519,0,0,0,0,0,0.056603774,0,0,0,0.943396226,1,0.161290323,0.709677419,0.096774194,0,0.032258065
795,0.95,0,0,0.05,0,0.629032258,0.177419355,0.177419355,0.016129032,0,0,0,0,0,0.054545455,0,0.036363636,0,0.909090909,1,0.019607843,0.862745098,0.117647059,0,0
796,0.95,0,0,0.05,0,0.619047619,0.174603175,0.19047619,0.015873016,0,0,0,0,0,0.056603774,0,0,0,0.943396226,1,0,0.846153846,0.115384615,0,0.038461538
797,1,0,0,0,1,0,0,0,0,0,0.722222222,0.203703704,0.074074074,0,0.193548387,0.709677419,0,0.096774194,0,1,0.019607843,0,0.039215686,0.941176471,0
798,0.904761905,0,0,0.095238095,0,0,0,0,0,0,0.696428571,0.196428571,0.107142857,0,0.133333333,0.733333333,0.033333333,0.1,0,1,0.019607843,0,0,0.980392157,0
799,0.904761905,0,0,0.095238095,0,0,0,0,0,0,0.65,0.183333333,0.166666667,0,0.055555556,0.814814815,0.018518519,0.111111111,0,1,0.037735849,0,0,0.943396226,0.018867925
800,0.95,0,0,0.05,0,1,0,0,0,0,0.655172414,0.189655172,0.155172414,0,0.090909091,0.781818182,0,0.109090909,0.018181818,1,0.037037037,0.018518519,0,0.907407407,0.037037037
801,0.95,0,0,0.05,0,0.722222222,0.203703704,0.055555556,0.018518519,0,0,0,0,0,0.019230769,0,0.019230769,0,0.961538462,1,0.177419355,0.709677419,0.096774194,0,0.016129032
802,1,0,0,0,0,0,0,0,0,0,0.609375,0.171875,0.21875,0,0.037735849,0.830188679,0.018867925,0.113207547,0,1,0.019230769,0,0,0.961538462,0.019230769
803,1,0,0,0,0,0,0,0,0,0,0.65,0.183333333,0.166666667,0,0.089285714,0.785714286,0.017857143,0.107142857,0,1,0.037735849,0,0,0.943396226,0.018867925
804,1,0,0,0,1,0,0,0,0,0,0.661016949,0.186440678,0.152542373,0,0.122807018,0.771929825,0,0.105263158,0,1,0.019607843,0,0.039215686,0.941176471,0
805,1,0,0,0,0,0.722222222,0.203703704,0.055555556,0.018518519,0,0,0,0,0,0.180327869,0,0,0,0.819672131,1,0.037037037,0.814814815,0.111111111,0,0.037037037
806,0.7,0.2,0,0.1,0.018518519,0.685185185,0.203703704,0.055555556,0.037037037,1,0,0,0,0,0.056603774,0.169811321,0,0.037735849,0.735849057,1,0,0.86,0.12,0.02,0
807,1,0,0,0,0,0.75,0.211538462,0.019230769,0.019230769,0,0,0,0,0,0.147540984,0,0.032786885,0,0.819672131,1,0.107142857,0.785714286,0.107142857,0,0
808,1,0,0,0,0,0.709090909,0.2,0.072727273,0.018181818,0,0,0,0,0,0.147540984,0,0.032786885,0,0.819672131,1,0.056603774,0.830188679,0.113207547,0,0
809,1,0,0,0,0,0.735849057,0.20754717,0.037735849,0.018867925,0,0,0,0,0,0.163934426,0,0.016393443,0,0.819672131,1,0.072727273,0.8,0.109090909,0,0.018181818
810,1,0,0,0,0,0.696428571,0.196428571,0.089285714,0.017857143,0,0,0,0,0,0.122807018,0,0,0,0.877192982,1,0.071428571,0.785714286,0.107142857,0,0.035714286
811,1,0,0,0,0,0.709090909,0.2,0.072727273,0.018181818,1,0,0,0,0,0.105263158,0.01754386,0.01754386,0,0.859649123,1,0.089285714,0.785714286,0.107142857,0,0.017857143
812,1,0,0,0,1,0,0,0,0,0,0.661016949,0.186440678,0.13559322,0.016949153,0.137931034,0.75862069,0,0.103448276,0,1,0,0,0.019607843,0.960784314,0.019607843
813,1,0,0,0,0,0.75,0.211538462,0.019230769,0.019230769,1,0,0,0,0,0.15,0,0.016666667,0.016666667,0.816666667,1,0.107142857,0.785714286,0.107142857,0,0
814,1,0,0,0,0,0.684210526,0.192982456,0.105263158,0.01754386,1,0,0,0,0,0.037037037,0.037037037,0.037037037,0,0.888888889,1,0.107142857,0.785714286,0.107142857,0,0
815,1,0,0,0,0,0.619047619,0.174603175,0.19047619,0.015873016,0,0,0,0,0,0.037735849,0,0.018867925,0,0.943396226,1,0.037735849,0.830188679,0.113207547,0,0.018867925
816,0.95,0,0,0.05,0,0.661016949,0.186440678,0.13559322,0.016949153,0,0,0,0,0,0.054545455,0,0.036363636,0,0.909090909,1,0.074074074,0.814814815,0.111111111,0,0
817,1,0,0,0,0,0.684210526,0.192982456,0.105263158,0.01754386,0,0,0,0,0,0.071428571,0,0.035714286,0,0.892857143,1,0.107142857,0.785714286,0.107142857,0,0
818,1,0,0,0,0,0,0,0,0,0,0.722222222,0.203703704,0.074074074,0,0.180327869,0.721311475,0,0.098360656,0,1,0.018518519,0,0,0.925925926,0.055555556
819,1,0,0,0,0,0,0,0,0,0,0.75,0.211538462,0.038461538,0,0.206349206,0.698412698,0,0.095238095,0,1,0.018518519,0,0,0.925925926,0.055555556
820,1,0,0,0,1,0,0,0,0,0,0.78,0.22,0,0,0.227272727,0.666666667,0.015151515,0.090909091,0,1,0.019607843,0,0.039215686,0.941176471,0
821,1,0,0,0,1,0,0,0,0,0,0.78,0.22,0,0,0.230769231,0.676923077,0,0.092307692,0,1,0,0.018867925,0,0.924528302,0.056603774
822,1,0,0,0,1,0,0,0,0,0,0.764705882,0.215686275,0,0.019607843,0.230769231,0.676923077,0,0.092307692,0,1,0,0,0.019230769,0.942307692,0.038461538
823,1,0,0,0,1,0,0,0,0,0,0.75,0.211538462,0.038461538,0,0.215384615,0.676923077,0.015384615,0.092307692,0,1,0,0.019607843,0,0.960784314,0.019607843
824,1,0,0,0,1,0,0,0,0,0,0.75,0.211538462,0.038461538,0,0.203125,0.6875,0.015625,0.09375,0,1,0,0.019607843,0.019607843,0.941176471,0.019607843
825,0.928571429,0,0,0.071428571,0,0.672413793,0.189655172,0.120689655,0.017241379,0.857142857,0,0,0,0.142857143,0,0.1,0,0.02,0.88,1,0.037735849,0.830188679,0.113207547,0,0.018867925
826,1,0,0,0,0,0.6,0.169230769,0.215384615,0.015384615,0,0,0,0,0,0.019607843,0,0,0,0.980392157,1,0.018867925,0.830188679,0.113207547,0,0.037735849
827,1,0,0,0,0,0.619047619,0.174603175,0.19047619,0.015873016,1,0,0,0,0,0.038461538,0,0,0.038461538,0.923076923,1,0.038461538,0.846153846,0.115384615,0,0
828,1,0,0,0,0,0.639344262,0.180327869,0.163934426,0.016393443,0,0,0,0,0,0.105263158,0,0.01754386,0,0.877192982,1,0,0.862745098,0.117647059,0,0.019607843
829,1,0,0,0,0,0.639344262,0.180327869,0.163934426,0.016393443,0,0,0,0,0,0.038461538,0,0,0,0.961538462,1,0.071428571,0.785714286,0.107142857,0,0.035714286
830,1,0,0,0,0,0.619047619,0.174603175,0.19047619,0.015873016,1,0,0,0,0,0.056603774,0,0,0.037735849,0.905660377,1,0.019607843,0.862745098,0.117647059,0,0
831,1,0,0,0,0,0.609375,0.171875,0.203125,0.015625,1,0,0,0,0,0.019230769,0.038461538,0.019230769,0.019230769,0.903846154,1,0,0.88,0.12,0,0
832,1,0,0,0,0,0.639344262,0.180327869,0.163934426,0.016393443,1,0,0,0,0,0.037735849,0,0.018867925,0.018867925,0.924528302,1,0.074074074,0.814814815,0.111111111,0,0
833,1,0,0,0,0,0.696428571,0.196428571,0.089285714,0.017857143,1,0,0,0,0,0.019607843,0.019607843,0,0.039215686,0.921568627,1,0.152542373,0.745762712,0.101694915,0,0
834,0.95,0,0,0.05,0,0.735849057,0.20754717,0.037735849,0.018867925,0,0,0,0,0,0.018867925,0,0.037735849,0,0.943396226,1,0.193548387,0.709677419,0.096774194,0,0
835,1,0,0,0,0,0.722222222,0.203703704,0.055555556,0.018518519,0.5,0,0,0.5,0,0,0.019607843,0.019607843,0,0.960784314,1,0.177419355,0.709677419,0.096774194,0,0.016129032
836,1,0,0,0,0,0.735849057,0.20754717,0.037735849,0.018867925,1,0,0,0,0,0,0,0,0.04,0.96,1,0.21875,0.6875,0.09375,0,0
837,0.95,0.05,0,0,0,0.730769231,0.211538462,0.038461538,0.019230769,0,0,0,0,0,0,0,0.019607843,0,0.980392157,1,0.227272727,0.651515152,0.090909091,0.015151515,0.015151515
838,0.95,0,0,0.05,0,0.735849057,0.20754717,0.037735849,0.018867925,0,0,0,0,0,0.056603774,0,0,0,0.943396226,1,0.161290323,0.709677419,0.096774194,0,0.032258065
839,0.95,0,0,0.05,0,0.684210526,0.192982456,0.105263158,0.01754386,0,0,0,0,0,0.071428571,0,0.035714286,0,0.892857143,1,0.090909091,0.8,0.109090909,0,0
840,0.95,0.05,0,0,0,0.745098039,0.215686275,0.039215686,0,0,0,0,0,0,0.103448276,0,0.034482759,0,0.862068966,1,0.166666667,0.716666667,0.1,0.016666667,0
841,1,0,0,0,0,0.684210526,0.192982456,0.105263158,0.01754386,1,0,0,0,0,0.019607843,0,0,0.019607843,0.960784314,1,0.15,0.733333333,0.1,0,0.016666667
842,1,0,0,0,0,0.661016949,0.186440678,0.13559322,0.016949153,0.5,0,0,0.5,0,0,0.019230769,0.038461538,0,0.942307692,1,0.107142857,0.785714286,0.107142857,0,0
843,1,0,0,0,0,0.65,0.183333333,0.15,0.016666667,1,0,0,0,0,0.018867925,0.018867925,0.037735849,0,0.924528302,1,0.090909091,0.8,0.109090909,0,0
844,1,0,0,0,0,0.619047619,0.174603175,0.19047619,0.015873016,0,0,0,0,0,0.037037037,0,0.037037037,0,0.925925926,1,0.038461538,0.846153846,0.115384615,0,0
845,1,0,0,0,0,0.661016949,0.186440678,0.13559322,0.016949153,0,0,0,0,0,0.071428571,0,0.035714286,0,0.892857143,1,0.074074074,0.814814815,0.111111111,0,0
846,1,0,0,0,0,0.619047619,0.174603175,0.19047619,0.015873016,0,0,0,0,0,0.056603774,0,0,0,0.943396226,1,0.018867925,0.830188679,0.113207547,0,0.037735849
847,1,0,0,0,0,0.65,0.183333333,0.15,0.016666667,0,0,0,0,0,0.090909091,0,0,0,0.909090909,1,0.037037037,0.814814815,0.111111111,0,0.037037037
848,1,0,0,0,0,0.722222222,0.203703704,0.055555556,0.018518519,1,0,0,0,0,0.037735849,0.113207547,0.018867925,0,0.830188679,1,0.089285714,0.785714286,0.107142857,0,0.017857143
849,1,0,0,0,0,0.722222222,0.203703704,0.055555556,0.018518519,0.875,0,0,0.125,0,0,0.134615385,0.038461538,0,0.826923077,1,0.090909091,0.8,0.109090909,0,0
850,1,0,0,0,0,0.684210526,0.192982456,0.105263158,0.01754386,0,0,0,0,0,0.147540984,0,0.032786885,0,0.819672131,1,0.019607843,0.862745098,0.117647059,0,0
851,0.95,0,0,0.05,0,0.75,0.211538462,0.019230769,0.019230769,0,0,0,0,0,0.147540984,0,0.032786885,0,0.819672131,1,0.090909091,0.8,0.109090909,0,0
852,1,0,0,0,0,0.619047619,0.174603175,0.19047619,0.015873016,0,0,0,0,0,0.037037037,0,0.037037037,0,0.925925926,1,0.038461538,0.846153846,0.115384615,0,0
853,0.95,0,0,0.05,0,0.672413793,0.189655172,0.120689655,0.017241379,0,0,0,0,0,0.019230769,0,0.019230769,0,0.961538462,1,0.120689655,0.75862069,0.103448276,0,0.017241379
854,1,0,0,0,0.018867925,0.716981132,0.20754717,0.056603774,0,0.846153846,0.076923077,0,0,0.076923077,0,0.230769231,0.038461538,0,0.730769231,1,0.019607843,0.862745098,0.117647059,0,0
855,1,0,0,0,0,0.684210526,0.192982456,0.105263158,0.01754386,0.9,0,0,0.1,0,0,0.16,0,0.02,0.82,1,0.019230769,0.846153846,0.115384615,0,0.019230769
856,0.941176471,0,0,0.058823529,0,0.709090909,0.2,0.072727273,0.018181818,0.75,0,0,0,0.25,0.072727273,0.054545455,0.018181818,0,0.854545455,1,0.055555556,0.814814815,0.111111111,0,0.018518519
857,0.9375,0,0,0.0625,0,0.661016949,0.186440678,0.13559322,0.016949153,1,0,0,0,0,0.018867925,0.075471698,0.037735849,0,0.867924528,1,0.038461538,0.846153846,0.115384615,0,0
858,0.944444444,0,0,0.055555556,0,0.75,0.211538462,0.019230769,0.019230769,0.666666667,0,0,0,0.333333333,0.166666667,0.033333333,0,0,0.8,1,0.018867925,0.830188679,0.113207547,0,0.037735849
859,1,0,0,0,0,0.75,0.211538462,0.019230769,0.019230769,1,0,0,0,0,0.21875,0.015625,0,0,0.765625,1,0,0.846153846,0.115384615,0,0.038461538
860,1,0,0,0,0,0.709090909,0.2,0.072727273,0.018181818,0,0,0,0,0,0.19047619,0,0.015873016,0,0.793650794,1,0,0.862745098,0.117647059,0,0.019607843
861,0.947368421,0,0,0.052631579,0,0.75,0.211538462,0.019230769,0.019230769,1,0,0,0,0,0.177419355,0,0.016129032,0.016129032,0.790322581,1,0.056603774,0.830188679,0.113207547,0,0
862,0.944444444,0,0,0.055555556,0,0.696428571,0.196428571,0.089285714,0.017857143,1,0,0,0,0,0.105263158,0.035087719,0.01754386,0,0.842105263,1,0.037735849,0.830188679,0.113207547,0,0.018867925
863,0.95,0,0,0.05,0,0.639344262,0.180327869,0.163934426,0.016393443,0,0,0,0,0,0.071428571,0,0.035714286,0,0.892857143,1,0.019607843,0.862745098,0.117647059,0,0
864,0.928571429,0,0,0.071428571,0,0.672413793,0.189655172,0.120689655,0.017241379,1,0,0,0,0,0.055555556,0.092592593,0.018518519,0.018518519,0.814814815,1,0,0.88,0.12,0,0
865,1,0,0,0,0,0.684210526,0.192982456,0.105263158,0.01754386,1,0,0,0,0,0.122807018,0,0,0.035087719,0.842105263,1,0.056603774,0.830188679,0.113207547,0,0
866,1,0,0,0,0,0.722222222,0.203703704,0.055555556,0.018518519,0,0,0,0,0,0.074074074,0,0,0,0.925925926,1,0.147540984,0.721311475,0.098360656,0,0.032786885
867,0.95,0,0,0.05,0,0.672413793,0.189655172,0.120689655,0.017241379,0,0,0,0,0,0.118644068,0,0.033898305,0,0.847457627,1,0.019607843,0.862745098,0.117647059,0,0
868,1,0,0,0,0,0.696428571,0.196428571,0.089285714,0.017857143,1,0,0,0,0,0.15,0.016666667,0.016666667,0.016666667,0.8,1,0.019607843,0.862745098,0.117647059,0,0
869,0.947368421,0,0,0.052631579,0,0.684210526,0.192982456,0.105263158,0.01754386,1,0,0,0,0,0.089285714,0.017857143,0.017857143,0,0.875,1,0.055555556,0.814814815,0.111111111,0,0.018518519
870,1,0,0,0,0,0.672413793,0.189655172,0.120689655,0.017241379,0,0,0,0,0,0.103448276,0,0.034482759,0,0.862068966,1,0.056603774,0.830188679,0.113207547,0,0
871,1,0,0,0,0,0.696428571,0.196428571,0.089285714,0.017857143,0.909090909,0,0,0.090909091,0,0.038461538,0.153846154,0,0.038461538,0.769230769,1,0,0.88,0.12,0,0
872,1,0,0,0,0,0.696428571,0.196428571,0.089285714,0.017857143,0,0,0,0,0,0,0,0,0,1,1,0.174603175,0.698412698,0.095238095,0,0.031746032
873,1,0,0,0,0,0.65,0.183333333,0.15,0.016666667,1,0,0,0,0,0.054545455,0.036363636,0.036363636,0,0.872727273,1,0.038461538,0.846153846,0.115384615,0,0
874,0.941176471,0,0,0.058823529,0,0.65,0.183333333,0.15,0.016666667,1,0,0,0,0,0,0.058823529,0.019607843,0,0.921568627,1,0.055555556,0.814814815,0.111111111,0,0.018518519
875,1,0,0,0,0,0.735849057,0.20754717,0.037735849,0.018867925,1,0,0,0,0,0.038461538,0.173076923,0,0.038461538,0.75,1,0.056603774,0.830188679,0.113207547,0,0
876,1,0,0,0,0,0.735849057,0.20754717,0.037735849,0.018867925,1,0,0,0,0,0.072727273,0,0.018181818,0.018181818,0.890909091,1,0.166666667,0.733333333,0.1,0,0
877,1,0,0,0,0,0.709090909,0.2,0.072727273,0.018181818,0,0,0,0,0,0.133333333,0,0.033333333,0,0.833333333,1,0.074074074,0.814814815,0.111111111,0,0
878,1,0,0,0,0,0.722222222,0.203703704,0.055555556,0.018518519,0,0,0,0,0,0.074074074,0,0,0,0.925925926,1,0.147540984,0.721311475,0.098360656,0,0.032786885
879,1,0,0,0,0,0.696428571,0.196428571,0.089285714,0.017857143,1,0,0,0,0,0.074074074,0.037037037,0,0,0.888888889,1,0.087719298,0.771929825,0.105263158,0,0.035087719
880,0.944444444,0,0,0.055555556,0,0.722222222,0.203703704,0.055555556,0.018518519,1,0,0,0,0,0.037735849,0.018867925,0.018867925,0.018867925,0.905660377,1,0.152542373,0.745762712,0.101694915,0,0
881,0.928571429,0,0,0.071428571,0,0.735849057,0.20754717,0.037735849,0.018867925,0.857142857,0,0,0.142857143,0,0,0.08,0,0.04,0.88,1,0.137931034,0.75862069,0.103448276,0,0
882,0.875,0,0,0.125,0,0.735849057,0.20754717,0.037735849,0.018867925,0.923076923,0,0,0,0.076923077,0,0.2,0,0.04,0.76,1,0.038461538,0.846153846,0.115384615,0,0
883,0.95,0,0,0.05,0,0.672413793,0.189655172,0.120689655,0.017241379,0,0,0,0,0,0.071428571,0,0.035714286,0,0.892857143,1,0.074074074,0.814814815,0.111111111,0,0
884,1,0,0,0,0,0.709090909,0.2,0.072727273,0.018181818,0,0,0,0,0,0.087719298,0,0.035087719,0,0.877192982,1,0.122807018,0.771929825,0.105263158,0,0
885,1,0,0,0,0,0.735849057,0.20754717,0.037735849,0.018867925,0,0,0,0,0,0.054545455,0,0.036363636,0,0.909090909,1,0.180327869,0.721311475,0.098360656,0,0
886,1,0,0,0,0,0.722222222,0.203703704,0.055555556,0.018518519,1,0,0,0,0,0.055555556,0.018518519,0.018518519,0.018518519,0.888888889,1,0.152542373,0.745762712,0.101694915,0,0
887,1,0,0,0,0,0.661016949,0.186440678,0.13559322,0.016949153,0.75,0,0,0,0.25,0.019607843,0.058823529,0,0,0.921568627,1,0.054545455,0.8,0.109090909,0,0.036363636
888,1,0,0,0,0,0.709090909,0.2,0.072727273,0.018181818,0.9,0,0,0,0.1,0.038461538,0.173076923,0,0,0.788461538,1,0,0.846153846,0.115384615,0,0.038461538
889,1,0,0,0,0,0.709090909,0.2,0.072727273,0.018181818,0.928571429,0,0,0.071428571,0,0,0.22,0,0.04,0.74,1,0,0.88,0.12,0,0
890,1,0,0,0,0,0.684210526,0.192982456,0.105263158,0.01754386,1,0,0,0,0,0.019607843,0.176470588,0,0.039215686,0.764705882,1,0,0.88,0.12,0,0
891,1,0,0,0,0,0.709090909,0.2,0.072727273,0.018181818,0.777777778,0,0,0.222222222,0,0.037735849,0.132075472,0.018867925,0,0.811320755,1,0.019230769,0.846153846,0.115384615,0,0.019230769
892,1,0,0,0,0,0.722222222,0.203703704,0.055555556,0.018518519,0.923076923,0,0,0.076923077,0,0,0.215686275,0.019607843,0.019607843,0.745098039,1,0.019607843,0.862745098,0.117647059,0,0
893,1,0,0,0,0,0.75,0.211538462,0.019230769,0.019230769,0.866666667,0,0,0.133333333,0,0,0.254901961,0.019607843,0,0.725490196,1,0,0.862745098,0.117647059,0,0.019607843
894,1,0,0,0,0,0.722222222,0.203703704,0.055555556,0.018518519,1,0,0,0,0,0.090909091,0.109090909,0,0.018181818,0.781818182,1,0.037735849,0.830188679,0.113207547,0,0.018867925
895,1,0,0,0,0,0.661016949,0.186440678,0.13559322,0.016949153,0,0,0,0,0,0.107142857,0,0,0,0.892857143,1,0.037037037,0.814814815,0.111111111,0,0.037037037
896,1,0,0,0,0,0.639344262,0.180327869,0.163934426,0.016393443,0,0,0,0,0,0.074074074,0,0,0,0.925925926,1,0.037037037,0.814814815,0.111111111,0,0.037037037
897,0.944444444,0,0,0.055555556,0,0.722222222,0.203703704,0.055555556,0.018518519,1,0,0,0,0,0.105263158,0.035087719,0.01754386,0,0.842105263,1,0.072727273,0.8,0.109090909,0,0.018181818
898,0.904761905,0,0,0.095238095,0,0.722222222,0.203703704,0.055555556,0.018518519,0,0,0,0,0,0.152542373,0,0,0,0.847457627,1,0.037037037,0.814814815,0.111111111,0,0.037037037
899,0.947368421,0,0,0.052631579,0,0.661016949,0.186440678,0.13559322,0.016949153,1,0,0,0,0,0.056603774,0.018867925,0,0,0.924528302,1,0.054545455,0.8,0.109090909,0,0.036363636
900,0.95,0,0,0.05,0,0.609375,0.171875,0.203125,0.015625,0,0,0,0,0,0,0,0.038461538,0,0.961538462,1,0.038461538,0.846153846,0.115384615,0,0
901,1,0,0,0,0,0.661016949,0.186440678,0.13559322,0.016949153,0.875,0,0,0.125,0,0,0.117647059,0.019607843,0.019607843,0.843137255,1,0.019607843,0.862745098,0.117647059,0,0
902,1,0,0,0,0,0.672413793,0.189655172,0.120689655,0.017241379,0.777777778,0,0,0.111111111,0.111111111,0,0.117647059,0.019607843,0.019607843,0.843137255,1,0.019607843,0.862745098,0.117647059,0,0
903,1,0,0,0,0,0.661016949,0.186440678,0.13559322,0.016949153,0.833333333,0,0,0.166666667,0,0.056603774,0.056603774,0,0.037735849,0.849056604,1,0.019607843,0.862745098,0.117647059,0,0
904,1,0,0,0,0,0.661016949,0.186440678,0.13559322,0.016949153,0,0,0,0,0,0.019230769,0,0.019230769,0,0.961538462,1,0.120689655,0.75862069,0.103448276,0,0.017241379
905,1,0,0,0,0,0.709090909,0.2,0.072727273,0.018181818,0,0,0,0,0,0.15,0,0.016666667,0,0.833333333,1,0.055555556,0.814814815,0.111111111,0,0.018518519
906,0.9375,0,0,0.0625,0,0.696428571,0.196428571,0.089285714,0.017857143,1,0,0,0,0,0.107142857,0.035714286,0,0.035714286,0.821428571,1,0.038461538,0.846153846,0.115384615,0,0
907,0.944444444,0,0,0.055555556,0,0.722222222,0.203703704,0.055555556,0.018518519,0.666666667,0,0,0,0.333333333,0.037037037,0.037037037,0.037037037,0,0.888888889,1,0.122807018,0.771929825,0.105263158,0,0
908,1,0,0,0,0,0.672413793,0.189655172,0.120689655,0.017241379,0.5,0,0,0,0.5,0,0.019607843,0.019607843,0,0.960784314,1,0.120689655,0.75862069,0.103448276,0,0.017241379
909,0.9,0,0,0.1,0,0.639344262,0.180327869,0.163934426,0.016393443,1,0,0,0,0,0.019230769,0.019230769,0.019230769,0,0.942307692,1,0.037735849,0.830188679,0.113207547,0,0.018867925
910,0.833333333,0,0,0.166666667,0,0.722222222,0.203703704,0.055555556,0.018518519,1,0,0,0,0,0.018867925,0.169811321,0.037735849,0,0.773584906,1,0.019607843,0.862745098,0.117647059,0,0
911,1,0,0,0,0,0.65,0.183333333,0.15,0.016666667,1,0,0,0,0,0,0.02,0,0,0.98,1,0.103448276,0.75862069,0.103448276,0,0.034482759
912,0.904761905,0,0,0.095238095,0,0.684210526,0.192982456,0.105263158,0.01754386,0,0,0,0,0,0.074074074,0,0,0,0.925925926,1,0.071428571,0.785714286,0.107142857,0,0.035714286
913,1,0,0,0,0,0.629032258,0.177419355,0.177419355,0.016129032,1,0,0,0,0,0.019607843,0.078431373,0,0,0.901960784,1,0,0.846153846,0.115384615,0,0.038461538
914,1,0,0,0,0,0.735849057,0.20754717,0.037735849,0.018867925,1,0,0,0,0,0.074074074,0.185185185,0,0,0.740740741,1,0,0.846153846,0.115384615,0,0.038461538
915,0.833333333,0.083333333,0,0.083333333,0.019230769,0.730769231,0.211538462,0.038461538,0,1,0,0,0,0,0.090909091,0.109090909,0,0.036363636,0.763636364,1,0.056603774,0.830188679,0.113207547,0,0
916,1,0,0,0,0,0.684210526,0.192982456,0.105263158,0.01754386,1,0,0,0,0,0.019607843,0.078431373,0,0.019607843,0.882352941,1,0.089285714,0.785714286,0.107142857,0,0.017857143
917,0.9,0,0,0.1,0,0.709090909,0.2,0.072727273,0.018181818,1,0,0,0,0,0.072727273,0,0.018181818,0.018181818,0.890909091,1,0.107142857,0.785714286,0.107142857,0,0
918,0.941176471,0,0,0.058823529,0,0.709090909,0.2,0.072727273,0.018181818,1,0,0,0,0,0,0.039215686,0.019607843,0.019607843,0.921568627,1,0.152542373,0.745762712,0.101694915,0,0
919,1,0,0,0,0,0.696428571,0.196428571,0.089285714,0.017857143,1,0,0,0,0,0.090909091,0.054545455,0,0.018181818,0.836363636,1,0.055555556,0.814814815,0.111111111,0,0.018518519
920,0.947368421,0,0,0.052631579,0.018181818,0.690909091,0.2,0.090909091,0,0,1,0,0,0,0.054545455,0.018181818,0.036363636,0,0.890909091,1,0.122807018,0.771929825,0.105263158,0,0
921,0.9,0.05,0,0.05,0.018518519,0.703703704,0.203703704,0.074074074,0,0,0,0,0,0,0.072727273,0,0.018181818,0,0.909090909,1,0.13559322,0.745762712,0.101694915,0,0.016949153
922,0.95,0,0,0.05,0,0.709090909,0.2,0.072727273,0.018181818,0,0,0,0,0,0.087719298,0,0.035087719,0,0.877192982,1,0.107142857,0.785714286,0.107142857,0,0
923,0.904761905,0,0,0.095238095,0,0.709090909,0.2,0.072727273,0.018181818,0,0,0,0,0,0.056603774,0,0,0,0.943396226,1,0.118644068,0.745762712,0.101694915,0,0.033898305
924,1,0,0,0,0,0.75,0.211538462,0.019230769,0.019230769,0,0,0,0,0,0,0,0.019607843,0,0.980392157,1,0.227272727,0.666666667,0.090909091,0,0.015151515
925,1,0,0,0,0,0.709090909,0.2,0.072727273,0.018181818,0.888888889,0,0,0.111111111,0,0.019607843,0.137254902,0,0.019607843,0.823529412,1,0.055555556,0.814814815,0.111111111,0,0.018518519
926,1,0,0,0,0,0.735849057,0.20754717,0.037735849,0.018867925,0.928571429,0,0,0.071428571,0,0,0.26,0,0,0.74,1,0,0.846153846,0.115384615,0,0.038461538
927,1,0,0,0,0,0.709090909,0.2,0.072727273,0.018181818,0.833333333,0,0,0.166666667,0,0.089285714,0.071428571,0.017857143,0.017857143,0.803571429,1,0.038461538,0.846153846,0.115384615,0,0
928,1,0,0,0,0,0.709090909,0.2,0.072727273,0.018181818,1,0,0,0,0,0.105263158,0.035087719,0.01754386,0,0.842105263,1,0.072727273,0.8,0.109090909,0,0.018181818
929,1,0,0,0,0,0.722222222,0.203703704,0.055555556,0.018518519,1,0,0,0,0,0.018867925,0.018867925,0.037735849,0,0.924528302,1,0.180327869,0.721311475,0.098360656,0,0
930,1,0,0,0,0,0.661016949,0.186440678,0.13559322,0.016949153,0,0,0,0,0,0,0,0,0,1,1,0.133333333,0.733333333,0.1,0,0.033333333
931,0.95,0,0,0.05,0,0.684210526,0.192982456,0.105263158,0.01754386,0,0,0,0,0,0,0,0.038461538,0,0.961538462,1,0.152542373,0.745762712,0.101694915,0,0
932,1,0,0,0,0,0.696428571,0.196428571,0.089285714,0.017857143,0,0,0,0,0,0.054545455,0,0.036363636,0,0.909090909,1,0.137931034,0.75862069,0.103448276,0,0
933,1,0,0,0,0,0.735849057,0.20754717,0.037735849,0.018867925,0,0,0,0,0,0.018867925,0,0.037735849,0,0.943396226,1,0.206349206,0.698412698,0.095238095,0,0
934,1,0,0,0,0,0.722222222,0.203703704,0.055555556,0.018518519,0,0,0,0,0,0.019230769,0,0.019230769,0,0.961538462,1,0.19047619,0.698412698,0.095238095,0,0.015873016
935,1,0,0,0,0,0.672413793,0.189655172,0.120689655,0.017241379,0,0,0,0,0,0,0,0.038461538,0,0.961538462,1,0.152542373,0.745762712,0.101694915,0,0
936,1,0,0,0,0,0.672413793,0.189655172,0.120689655,0.017241379,1,0,0,0,0,0,0.02,0,0.04,0.94,1,0.137931034,0.75862069,0.103448276,0,0
937,1,0,0,0,0,0.65,0.183333333,0.15,0.016666667,0,0,0,0,0,0.056603774,0,0,0,0.943396226,1,0.071428571,0.785714286,0.107142857,0,0.035714286
938,1,0,0,0,0,0.65,0.183333333,0.15,0.016666667,0,0,0,0,0,0.090909091,0,0,0,0.909090909,1,0.037037037,0.814814815,0.111111111,0,0.037037037
939,1,0,0,0,0,0.661016949,0.186440678,0.13559322,0.016949153,1,0,0,0,0,0.137931034,0,0,0.034482759,0.827586207,1,0,0.88,0.12,0,0
940,1,0,0,0,0,0.735849057,0.20754717,0.037735849,0.018867925,0.875,0,0,0,0.125,0,0.24,0,0.04,0.72,1,0,0.88,0.12,0,0
941,1,0,0,0,0,0.722222222,0.203703704,0.055555556,0.018518519,0.909090909,0,0,0.090909091,0,0.055555556,0.166666667,0.018518519,0.018518519,0.740740741,1,0,0.88,0.12,0,0
942,0.875,0,0,0.125,0.017857143,0.678571429,0.196428571,0.089285714,0.017857143,0.8,0.2,0,0,0,0.090909091,0.054545455,0,0.036363636,0.818181818,1,0,0.882352941,0.098039216,0,0.019607843
943,1,0,0,0,0,0.639344262,0.180327869,0.163934426,0.016393443,1,0,0,0,0,0,0.038461538,0.038461538,0,0.923076923,1,0.074074074,0.814814815,0.111111111,0,0
944,1,0,0,0,0,0.709090909,0.2,0.072727273,0.018181818,0.9,0,0,0.1,0,0.037037037,0.166666667,0.037037037,0,0.759259259,1,0,0.88,0.12,0,0
945,0.909090909,0,0,0.090909091,0,0.709090909,0.2,0.072727273,0.018181818,1,0,0,0,0,0.074074074,0.12962963,0,0.037037037,0.759259259,1,0,0.88,0.12,0,0
946,1,0,0,0,0,0.709090909,0.2,0.072727273,0.018181818,1,0,0,0,0,0,0.235294118,0.019607843,0.019607843,0.725490196,1,0,0.88,0.12,0,0
947,0.888888889,0.111111111,0,0,0.018181818,0.690909091,0.2,0.072727273,0.018181818,1,0,0,0,0,0.019230769,0.173076923,0.019230769,0.019230769,0.769230769,1,0.019230769,0.865384615,0.096153846,0,0.019230769
948,1,0,0,0,0,0.735849057,0.20754717,0.037735849,0.018867925,0.777777778,0,0,0.222222222,0,0.055555556,0.12962963,0.018518519,0,0.796296296,1,0.037735849,0.830188679,0.113207547,0,0.018867925
949,1,0,0,0,0,0.65,0.183333333,0.15,0.016666667,1,0,0,0,0,0.019230769,0.076923077,0.019230769,0,0.884615385,1,0.037735849,0.830188679,0.113207547,0,0.018867925
950,1,0,0,0,0,0.672413793,0.189655172,0.120689655,0.017241379,1,0,0,0,0,0.055555556,0.092592593,0.018518519,0.018518519,0.814814815,1,0.019607843,0.862745098,0.117647059,0,0
951,1,0,0,0,0,0.629032258,0.177419355,0.177419355,0.016129032,1,0,0,0,0,0,0.06,0,0.04,0.9,1,0.038461538,0.846153846,0.115384615,0,0
952,1,0,0,0,0,0.639344262,0.180327869,0.163934426,0.016393443,1,0,0,0,0,0.072727273,0.018181818,0.018181818,0.018181818,0.872727273,1,0.019607843,0.862745098,0.117647059,0,0
953,1,0,0,0,0,0.684210526,0.192982456,0.105263158,0.01754386,1,0,0,0,0,0.152542373,0,0,0.016949153,0.830508475,1,0.019230769,0.846153846,0.115384615,0,0.019230769
954,1,0,0,0,0,0.709090909,0.2,0.072727273,0.018181818,1,0,0,0,0,0.090909091,0.054545455,0,0.036363636,0.818181818,1,0.074074074,0.814814815,0.111111111,0,0
955,1,0,0,0,0,0.684210526,0.192982456,0.105263158,0.01754386,1,0,0,0,0,0.103448276,0.034482759,0.034482759,0,0.827586207,1,0.038461538,0.846153846,0.115384615,0,0
956,0.95,0,0,0.05,0,0.709090909,0.2,0.072727273,0.018181818,0,0,0,0,0,0.163934426,0,0.016393443,0,0.819672131,1,0.019230769,0.846153846,0.115384615,0,0.019230769
957,1,0,0,0,0,0.75,0.211538462,0.019230769,0.019230769,0,0,0,0,0,0.2,0,0.030769231,0,0.769230769,1,0.038461538,0.846153846,0.115384615,0,0
958,1,0,0,0,0,0.696428571,0.196428571,0.089285714,0.017857143,1,0,0,0,0,0.071428571,0.017857143,0.035714286,0,0.875,1,0.107142857,0.785714286,0.107142857,0,0
959,1,0,0,0,0,0.709090909,0.2,0.072727273,0.018181818,0,0,0,0,0,0.037735849,0,0.018867925,0,0.943396226,1,0.163934426,0.721311475,0.098360656,0,0.016393443
960,1,0,0,0,0,0.75,0.211538462,0.019230769,0.019230769,1,0,0,0,0,0.055555556,0,0.018518519,0.018518519,0.907407407,1,0.193548387,0.709677419,0.096774194,0,0
961,1,0,0,0,0,0.735849057,0.20754717,0.037735849,0.018867925,1,0,0,0,0,0.193548387,0,0,0.016129032,0.790322581,1,0.037735849,0.830188679,0.113207547,0,0.018867925
962,1,0,0,0,0,0.709090909,0.2,0.072727273,0.018181818,0,0,0,0,0,0.137931034,0,0,0,0.862068966,1,0.071428571,0.785714286,0.107142857,0,0.035714286
963,1,0,0,0,0,0.684210526,0.192982456,0.105263158,0.01754386,1,0,0,0,0,0.089285714,0,0.017857143,0.017857143,0.875,1,0.090909091,0.8,0.109090909,0,0
964,1,0,0,0,0,0.735849057,0.20754717,0.037735849,0.018867925,0,0,0,0,0,0.038461538,0,0,0,0.961538462,1,0.1875,0.6875,0.09375,0,0.03125
965,1,0,0,0,0,0.75,0.211538462,0.019230769,0.019230769,1,0,0,0,0,0.055555556,0.092592593,0.018518519,0,0.833333333,1,0.120689655,0.75862069,0.103448276,0,0.017241379
966,0.95,0,0,0.05,0,0.709090909,0.2,0.072727273,0.018181818,0,0,0,0,0,0.054545455,0,0.036363636,0,0.909090909,1,0.137931034,0.75862069,0.103448276,0,0
967,0.95,0,0,0.05,0,0.709090909,0.2,0.072727273,0.018181818,0,0,0,0,0,0.018867925,0,0.037735849,0,0.943396226,1,0.166666667,0.733333333,0.1,0,0
968,1,0,0,0,0,0.722222222,0.203703704,0.055555556,0.018518519,0.666666667,0,0,0.333333333,0,0.019230769,0.038461538,0.019230769,0,0.923076923,1,0.15,0.733333333,0.1,0,0.016666667
969,1,0,0,0,0,0.722222222,0.203703704,0.055555556,0.018518519,0.714285714,0,0,0.142857143,0.142857143,0.037037037,0.092592593,0.037037037,0,0.833333333,1,0.074074074,0.814814815,0.111111111,0,0
970,1,0,0,0,0,0.735849057,0.20754717,0.037735849,0.018867925,1,0,0,0,0,0.152542373,0.016949153,0,0,0.830508475,1,0.071428571,0.785714286,0.107142857,0,0.035714286
971,0.923076923,0,0,0.076923077,0,0.722222222,0.203703704,0.055555556,0.018518519,0.875,0,0,0.125,0,0.037735849,0.113207547,0.018867925,0.018867925,0.811320755,1,0.056603774,0.830188679,0.113207547,0,0
972,0.904761905,0.047619048,0,0.047619048,0,0.698113208,0.20754717,0.094339623,0,0,1,0,0,0,0.118644068,0,0.033898305,0.016949153,0.830508475,1,0.090909091,0.781818182,0.090909091,0.036363636,0
973,1,0,0,0,0,0.696428571,0.196428571,0.089285714,0.017857143,1,0,0,0,0,0.13559322,0.033898305,0.016949153,0.016949153,0.796610169,1,0.019607843,0.862745098,0.117647059,0,0
974,0.95,0.05,0,0,0,0.644067797,0.186440678,0.152542373,0.016949153,0,0,0,0,0,0.055555556,0,0.018518519,0,0.925925926,1,0.089285714,0.767857143,0.107142857,0.017857143,0.017857143
975,1,0,0,0,0,0.65,0.183333333,0.15,0.016666667,0,0,0,0,0,0.037037037,0,0.037037037,0,0.925925926,1,0.090909091,0.8,0.109090909,0,0
976,1,0,0,0,0,0.629032258,0.177419355,0.177419355,0.016129032,0,0,0,0,0,0.072727273,0,0.018181818,0,0.909090909,1,0.019230769,0.846153846,0.115384615,0,0.019230769
977,1,0,0,0,0,0.672413793,0.189655172,0.120689655,0.017241379,0,0,0,0,0,0.133333333,0,0.033333333,0,0.833333333,1,0.019607843,0.862745098,0.117647059,0,0
978,1,0,0,0,0,0.672413793,0.189655172,0.120689655,0.017241379,0,0,0,0,0,0.089285714,0,0.017857143,0,0.892857143,1,0.072727273,0.8,0.109090909,0,0.018181818
979,1,0,0,0,0,0.735849057,0.20754717,0.037735849,0.018867925,1,0,0,0,0,0.120689655,0,0.017241379,0.017241379,0.844827586,1,0.122807018,0.771929825,0.105263158,0,0
980,1,0,0,0,0,0.709090909,0.2,0.072727273,0.018181818,0.846153846,0,0,0.076923077,0.076923077,0,0.18,0,0.04,0.78,1,0.019607843,0.862745098,0.117647059,0,0
981,1,0,0,0,0.017857143,0.678571429,0.196428571,0.089285714,0.017857143,0,1,0,0,0,0.122807018,0,0,0.01754386,0.859649123,1,0.054545455,0.818181818,0.090909091,0,0.036363636
982,0.944444444,0,0,0.055555556,0,0.75,0.211538462,0.019230769,0.019230769,1,0,0,0,0,0.105263158,0.035087719,0.01754386,0,0.842105263,1,0.105263158,0.771929825,0.105263158,0,0.01754386
983,1,0,0,0,0,0.735849057,0.20754717,0.037735849,0.018867925,1,0,0,0,0,0.152542373,0,0,0.016949153,0.830508475,1,0.089285714,0.785714286,0.107142857,0,0.017857143
984,1,0,0,0,0,0.722222222,0.203703704,0.055555556,0.018518519,0,0,0,0,0,0.089285714,0,0.017857143,0,0.892857143,1,0.13559322,0.745762712,0.101694915,0,0.016949153
985,0.904761905,0,0,0.095238095,0,0.75,0.211538462,0.019230769,0.019230769,0,0,0,0,0,0,0,0,0,1,1,0.2,0.676923077,0.092307692,0,0.030769231
986,1,0,0,0,0,0.722222222,0.203703704,0.055555556,0.018518519,0,0,0,0,0,0.019607843,0,0,0,0.980392157,1,0.1875,0.6875,0.09375,0,0.03125
987,1,0,0,0,0,0.722222222,0.203703704,0.055555556,0.018518519,0,0,0,0,0,0.019230769,0,0.019230769,0,0.961538462,1,0.19047619,0.698412698,0.095238095,0,0.015873016
988,1,0,0,0,0,0.75,0.211538462,0.019230769,0.019230769,0.5,0,0,0.5,0,0,0.02,0,0,0.98,1,0.2,0.676923077,0.092307692,0,0.030769231
989,1,0,0,0,0,0.639344262,0.180327869,0.163934426,0.016393443,0,0,0,0,0,0.037735849,0,0.018867925,0,0.943396226,1,0.072727273,0.8,0.109090909,0,0.018181818
990,1,0,0,0,0,0.672413793,0.189655172,0.120689655,0.017241379,0,0,0,0,0,0.056603774,0,0,0,0.943396226,1,0.103448276,0.75862069,0.103448276,0,0.034482759
991,0.95,0,0,0.05,0,0.735849057,0.20754717,0.037735849,0.018867925,0,0,0,0,0,0.166666667,0,0,0,0.833333333,1,0.054545455,0.8,0.109090909,0,0.036363636
992,0.95,0,0.05,0,0,0.764705882,0.196078431,0.019607843,0.019607843,0,0,0,0,0,0.158730159,0,0.047619048,0,0.793650794,1,0.090909091,0.8,0.090909091,0.018181818,0
993,1,0,0,0,0,0.709090909,0.2,0.072727273,0.018181818,0,0,0,0,0,0.15,0,0.016666667,0,0.833333333,1,0.055555556,0.814814815,0.111111111,0,0.018518519
994,1,0,0,0,0.019230769,0.730769231,0.211538462,0.019230769,0.019230769,0.75,0.25,0,0,0,0.193548387,0.032258065,0,0.032258065,0.741935484,1,0,0.882352941,0.098039216,0,0.019607843
995,1,0,0,0,0,0.696428571,0.196428571,0.089285714,0.017857143,1,0,0,0,0,0.018867925,0.132075472,0.037735849,0,0.811320755,1,0.056603774,0.830188679,0.113207547,0,0
996,1,0,0,0,0,0.684210526,0.192982456,0.105263158,0.01754386,0.666666667,0,0,0.333333333,0,0.071428571,0.035714286,0.035714286,0,0.857142857,1,0.056603774,0.830188679,0.113207547,0,0
997,1,0,0,0,0,0.672413793,0.189655172,0.120689655,0.017241379,1,0,0,0,0,0.105263158,0.01754386,0.01754386,0.01754386,0.842105263,1,0.038461538,0.846153846,0.115384615,0,0
998,1,0,0,0,0,0.75,0.211538462,0.019230769,0.019230769,0,0,0,0,0,0.13559322,0,0.016949153,0,0.847457627,1,0.120689655,0.75862069,0.103448276,0,0.017241379
999,0.95,0.05,0,0,0,0.690909091,0.2,0.090909091,0.018181818,0,0,0,0,0,0.118644068,0,0.033898305,0,0.847457627,1,0.090909091,0.781818182,0.109090909,0.018181818,0
1000,0.9,0,0,0.1,0,0.696428571,0.196428571,0.089285714,0.017857143,1,0,0,0,0,0.055555556,0.018518519,0.018518519,0,0.907407407,1,0.089285714,0.785714286,0.107142857,0,0.017857143
1001,1,0,0,0,0,0.709090909,0.2,0.072727273,0.018181818,0.666666667,0,0,0.333333333,0,0,0.04,0,0,0.96,1,0.147540984,0.721311475,0.098360656,0,0.032786885
1002,1,0,0,0,0,0.65,0.183333333,0.15,0.016666667,1,0,0,0,0,0.090909091,0.036363636,0,0.036363636,0.836363636,1,0,0.88,0.12,0,0
1003,1,0,0,0,0,0.619047619,0.174603175,0.19047619,0.015873016,0,0,0,0,0,0.055555556,0,0.018518519,0,0.925925926,1,0.019230769,0.846153846,0.115384615,0,0.019230769
1004,1,0,0,0,0,0.75,0.211538462,0.019230769,0.019230769,0,0,0,0,0,0.13559322,0,0.016949153,0,0.847457627,1,0.120689655,0.75862069,0.103448276,0,0.017241379
1005,0.944444444,0,0,0.055555556,0,0.722222222,0.203703704,0.055555556,0.018518519,1,0,0,0,0,0.166666667,0.033333333,0,0,0.8,1,0,0.846153846,0.115384615,0,0.038461538
1006,0.941176471,0,0,0.058823529,0,0.75,0.211538462,0.019230769,0.019230769,1,0,0,0,0,0.206349206,0.015873016,0,0.031746032,0.746031746,1,0,0.88,0.12,0,0
1007,1,0,0,0,0,0.75,0.211538462,0.019230769,0.019230769,0.75,0,0,0.25,0,0.174603175,0.047619048,0.031746032,0,0.746031746,1,0,0.88,0.12,0,0
1008,1,0,0,0,0,0.609375,0.171875,0.203125,0.015625,0,0,0,0,0,0.019230769,0,0.019230769,0,0.961538462,1,0.037735849,0.830188679,0.113207547,0,0.018867925
1009,0.904761905,0,0,0.095238095,0,0.696428571,0.196428571,0.089285714,0.017857143,0,0,0,0,0,0.055555556,0,0.018518519,0,0.925925926,1,0.105263158,0.771929825,0.105263158,0,0.01754386
1010,0.947368421,0,0,0.052631579,0,0.709090909,0.2,0.072727273,0.018181818,1,0,0,0,0,0.089285714,0.017857143,0.017857143,0,0.875,1,0.089285714,0.785714286,0.107142857,0,0.017857143
1011,1,0,0,0,0,0.75,0.211538462,0.019230769,0.019230769,1,0,0,0,0,0.107142857,0.035714286,0,0,0.857142857,1,0.118644068,0.745762712,0.101694915,0,0.033898305
1012,0.95,0,0,0.05,0,0.672413793,0.189655172,0.120689655,0.017241379,0,0,0,0,0,0.054545455,0,0.036363636,0,0.909090909,1,0.090909091,0.8,0.109090909,0,0
1013,1,0,0,0,0,0.619047619,0.174603175,0.19047619,0.015873016,1,0,0,0,0,0.037735849,0,0.018867925,0.018867925,0.924528302,1,0.038461538,0.846153846,0.115384615,0,0
1014,1,0,0,0,0,0.684210526,0.192982456,0.105263158,0.01754386,1,0,0,0,0,0.087719298,0.01754386,0.035087719,0,0.859649123,1,0.074074074,0.814814815,0.111111111,0,0
1015,1,0,0,0,0,0.722222222,0.203703704,0.055555556,0.018518519,0,0,0,0,0,0.13559322,0,0.016949153,0,0.847457627,1,0.089285714,0.785714286,0.107142857,0,0.017857143
1016,0.947368421,0.052631579,0,0,0.019607843,0.745098039,0.215686275,0.019607843,0,0,0,0,0,0,0.193548387,0,0,0,0.806451613,1,0.071428571,0.785714286,0.107142857,0,0.035714286
1017,1,0,0,0,0,0.735849057,0.20754717,0.037735849,0.018867925,1,0,0,0,0,0.193548387,0.016129032,0,0,0.790322581,1,0.018867925,0.830188679,0.113207547,0,0.037735849
1018,1,0,0,0,0,0.709090909,0.2,0.072727273,0.018181818,0,0,0,0,0,0.193548387,0,0,0,0.806451613,1,0,0.846153846,0.115384615,0,0.038461538
1019,0.95,0,0,0.05,0,0.684210526,0.192982456,0.105263158,0.01754386,0,0,0,0,0,0.152542373,0,0,0,0.847457627,1,0,0.846153846,0.115384615,0,0.038461538
1020,1,0,0,0,0,0.672413793,0.189655172,0.120689655,0.017241379,0,0,0,0,0,0.15,0,0.016666667,0,0.833333333,1,0,0.862745098,0.117647059,0,0.019607843
1021,0.95,0,0,0.05,0,0.65,0.183333333,0.15,0.016666667,0,0,0,0,0,0.055555556,0,0.018518519,0,0.925925926,1,0.055555556,0.814814815,0.111111111,0,0.018518519
1022,1,0,0,0,0,0.672413793,0.189655172,0.120689655,0.017241379,1,0,0,0,0,0.090909091,0,0,0.018181818,0.890909091,1,0.072727273,0.8,0.109090909,0,0.018181818
1023,1,0,0,0,0,0.629032258,0.177419355,0.177419355,0.016129032,1,0,0,0,0,0.038461538,0,0,0.038461538,0.923076923,1,0.056603774,0.830188679,0.113207547,0,0
1024,1,0,0,0,0,0.65,0.183333333,0.15,0.016666667,0.75,0,0,0.25,0,0,0.02,0,0.04,0.94,1,0.090909091,0.8,0.109090909,0,0
1025,1,0,0,0,0,0.661016949,0.186440678,0.13559322,0.016949153,0,0,0,0,0,0.137931034,0,0,0,0.862068966,1,0,0.846153846,0.115384615,0,0.038461538
1026,0.95,0,0,0.05,0,0.639344262,0.180327869,0.163934426,0.016393443,0,0,0,0,0,0.019230769,0,0.019230769,0,0.961538462,1,0.072727273,0.8,0.109090909,0,0.018181818
1027,0.9,0,0,0.1,0,0.684210526,0.192982456,0.105263158,0.01754386,1,0,0,0,0,0.019230769,0,0.019230769,0.019230769,0.942307692,1,0.122807018,0.771929825,0.105263158,0,0
1028,1,0,0,0,0,0.696428571,0.196428571,0.089285714,0.017857143,0,0,0,0,0,0.018867925,0,0.037735849,0,0.943396226,1,0.166666667,0.733333333,0.1,0,0
1029,1,0,0,0,0,0.629032258,0.177419355,0.177419355,0.016129032,1,0,0,0,0,0.072727273,0,0.018181818,0.018181818,0.890909091,1,0.019607843,0.862745098,0.117647059,0,0
1030,1,0,0,0,0,0.709090909,0.2,0.072727273,0.018181818,1,0,0,0,0,0.090909091,0.054545455,0,0.036363636,0.818181818,1,0.074074074,0.814814815,0.111111111,0,0
1031,0.857142857,0.047619048,0,0.095238095,0,0.666666667,0.192982456,0.122807018,0.01754386,1,0,0,0,0,0,0.02,0,0,0.98,1,0.118644068,0.728813559,0.101694915,0.016949153,0.033898305
1032,0.95,0,0,0.05,0,0.639344262,0.180327869,0.163934426,0.016393443,0,0,0,0,0,0,0,0,0,1,1,0.087719298,0.771929825,0.105263158,0,0.035087719
1033,1,0,0,0,0,0.65,0.183333333,0.15,0.016666667,0,0,0,0,0,0.037037037,0,0.037037037,0,0.925925926,1,0.090909091,0.8,0.109090909,0,0
1034,1,0,0,0,0,0.619047619,0.174603175,0.19047619,0.015873016,0,0,0,0,0,0.037037037,0,0.037037037,0,0.925925926,1,0.038461538,0.846153846,0.115384615,0,0
1035,0.947368421,0.052631579,0,0,0.016949153,0.644067797,0.186440678,0.152542373,0,0,0,0,0,0,0.120689655,0,0.017241379,0,0.862068966,1,0.019230769,0.846153846,0.115384615,0,0.019230769
1036,1,0,0,0,0,0.661016949,0.186440678,0.13559322,0.016949153,1,0,0,0,0,0.056603774,0.094339623,0,0,0.849056604,1,0,0.846153846,0.115384615,0,0.038461538
1037,0.95,0,0,0.05,0,0.661016949,0.186440678,0.13559322,0.016949153,0,0,0,0,0,0.103448276,0,0.034482759,0,0.862068966,1,0.019607843,0.862745098,0.117647059,0,0
1038,0.947368421,0,0,0.052631579,0,0.672413793,0.189655172,0.120689655,0.017241379,1,0,0,0,0,0.087719298,0.01754386,0.035087719,0,0.859649123,1,0.038461538,0.846153846,0.115384615,0,0
1039,1,0,0,0,0,0.672413793,0.189655172,0.120689655,0.017241379,1,0,0,0,0,0,0.12,0,0,0.88,1,0.054545455,0.8,0.109090909,0,0.036363636
1040,1,0,0,0,0,0.696428571,0.196428571,0.089285714,0.017857143,1,0,0,0,0,0.120689655,0.034482759,0.017241379,0.017241379,0.810344828,1,0.038461538,0.846153846,0.115384615,0,0
1041,0.95,0,0,0.05,0,0.661016949,0.186440678,0.13559322,0.016949153,0,0,0,0,0,0.056603774,0,0,0,0.943396226,1,0.071428571,0.785714286,0.107142857,0,0.035714286
1042,1,0,0,0,0,0.684210526,0.192982456,0.105263158,0.01754386,0,0,0,0,0,0.152542373,0,0,0,0.847457627,1,0.018867925,0.830188679,0.113207547,0,0.037735849
1043,0.947368421,0,0,0.052631579,0,0.709090909,0.2,0.072727273,0.018181818,1,0,0,0,0,0.122807018,0.01754386,0,0,0.859649123,1,0.054545455,0.8,0.109090909,0,0.036363636
1044,1,0,0,0,0,0.722222222,0.203703704,0.055555556,0.018518519,0,0,0,0,0,0.161290323,0,0.032258065,0,0.806451613,1,0.056603774,0.830188679,0.113207547,0,0
1045,0.95,0,0,0.05,0,0.722222222,0.203703704,0.055555556,0.018518519,0,0,0,0,0,0.163934426,0,0.016393443,0,0.819672131,1,0.037735849,0.830188679,0.113207547,0,0.018867925
1046,1,0,0,0,0,0.722222222,0.203703704,0.055555556,0.018518519,1,0,0,0,0,0.133333333,0.016666667,0.033333333,0,0.816666667,1,0.074074074,0.814814815,0.111111111,0,0
1047,1,0,0,0,0.017857143,0.678571429,0.196428571,0.089285714,0.017857143,0.333333333,0.333333333,0,0,0.333333333,0.055555556,0.018518519,0.018518519,0.018518519,0.888888889,1,0.089285714,0.803571429,0.089285714,0,0.017857143
1048,0.95,0,0.05,0,0,0.639344262,0.163934426,0.180327869,0.016393443,0,0,0,0,0,0.053571429,0,0.053571429,0,0.892857143,1,0.038461538,0.846153846,0.096153846,0.019230769,0
1049,1,0,0,0,0,0.6,0.169230769,0.215384615,0.015384615,0,0,0,0,0,0.037037037,0,0.037037037,0,0.925925926,1,0,0.88,0.12,0,0
1050,1,0,0,0,0,0.735849057,0.20754717,0.037735849,0.018867925,0.909090909,0,0,0.090909091,0,0.038461538,0.173076923,0,0.019230769,0.769230769,1,0.037735849,0.830188679,0.113207547,0,0.018867925
1051,0.9,0,0,0.1,0,0.75,0.211538462,0.019230769,0.019230769,0.909090909,0,0,0.090909091,0,0.037037037,0.185185185,0.037037037,0,0.740740741,1,0.019607843,0.862745098,0.117647059,0,0
1052,0.888888889,0,0,0.111111111,0,0.735849057,0.20754717,0.037735849,0.018867925,0.916666667,0,0,0,0.083333333,0,0.215686275,0.019607843,0,0.764705882,1,0.019230769,0.846153846,0.115384615,0,0.019230769
1053,0.904761905,0.047619048,0,0.047619048,0,0.672727273,0.2,0.109090909,0.018181818,0,1,0,0,0,0.038461538,0,0,0.019230769,0.942307692,1,0.133333333,0.716666667,0.083333333,0.033333333,0.033333333
1054,1,0,0,0,0,0.696428571,0.196428571,0.089285714,0.017857143,0.5,0,0,0,0.5,0.056603774,0.018867925,0,0,0.924528302,1,0.103448276,0.75862069,0.103448276,0,0.034482759
1055,1,0,0,0,0,0.709090909,0.2,0.072727273,0.018181818,0,0,0,0,0,0.15,0,0.016666667,0,0.833333333,1,0.055555556,0.814814815,0.111111111,0,0.018518519
1056,1,0,0,0,0.016666667,0.616666667,0.183333333,0.183333333,0,0,1,0,0,0,0,0.039215686,0.019607843,0,0.941176471,1,0.089285714,0.767857143,0.107142857,0.017857143,0.017857143
1057,0.95,0,0,0.05,0,0.672413793,0.189655172,0.120689655,0.017241379,0,0,0,0,0,0.071428571,0,0.035714286,0,0.892857143,1,0.074074074,0.814814815,0.111111111,0,0
1058,0.933333333,0.066666667,0,0,0.035714286,0.660714286,0.196428571,0.107142857,0,0.6,0.2,0,0.2,0,0.072727273,0.054545455,0.018181818,0.018181818,0.836363636,1,0.037735849,0.849056604,0.094339623,0,0.018867925
1059,0.875,0.0625,0,0.0625,0.017241379,0.655172414,0.189655172,0.103448276,0.034482759,1,0,0,0,0,0.037735849,0.056603774,0.018867925,0.018867925,0.867924528,1,0.056603774,0.830188679,0.113207547,0,0
1060,0.833333333,0,0,0.166666667,0,0.690909091,0.2,0.109090909,0,0.9,0.1,0,0,0,0.019607843,0.156862745,0,0.039215686,0.784313725,1,0.019607843,0.843137255,0.117647059,0.019607843,0
1061,1,0,0,0,0,0.65,0.183333333,0.15,0.016666667,1,0,0,0,0,0.019230769,0.115384615,0.019230769,0.019230769,0.826923077,1,0,0.88,0.12,0,0
1062,1,0,0,0,0,0.684210526,0.175438596,0.122807018,0.01754386,0.8,0,0.2,0,0,0,0.096153846,0.038461538,0,0.865384615,1,0.090909091,0.781818182,0.109090909,0.018181818,0
1063,0.947368421,0,0,0.052631579,0,0.609375,0.171875,0.203125,0.015625,1,0,0,0,0,0,0,0,0.02,0.98,1,0.037735849,0.830188679,0.113207547,0,0.018867925
1064,1,0,0,0,0,0.619047619,0.174603175,0.19047619,0.015873016,1,0,0,0,0,0.018867925,0.037735849,0.037735849,0,0.905660377,1,0.019607843,0.862745098,0.117647059,0,0
1065,0.944444444,0,0.055555556,0,0,0.75,0.192307692,0.038461538,0.019230769,1,0,0,0,0,0.177419355,0.032258065,0.016129032,0,0.774193548,1,0.018867925,0.830188679,0.094339623,0.018867925,0.037735849
1066,1,0,0,0,0,0.684210526,0.192982456,0.105263158,0.01754386,1,0,0,0,0,0.107142857,0.017857143,0,0,0.875,1,0.054545455,0.8,0.109090909,0,0.036363636
1067,0.95,0,0,0.05,0,0.639344262,0.180327869,0.163934426,0.016393443,0,0,0,0,0,0.072727273,0,0.018181818,0,0.909090909,1,0.019230769,0.846153846,0.115384615,0,0.019230769
1068,1,0,0,0,0,0.639344262,0.180327869,0.163934426,0.016393443,0,0,0,0,0,0.072727273,0,0.018181818,0,0.909090909,1,0.037735849,0.830188679,0.113207547,0,0.018867925
1069,0.941176471,0.058823529,0,0,0,0.655172414,0.189655172,0.137931034,0.017241379,1,0,0,0,0,0.107142857,0.035714286,0,0.017857143,0.839285714,1,0.019230769,0.826923077,0.115384615,0.019230769,0.019230769
1070,0.947368421,0.052631579,0,0,0.018518519,0.703703704,0.203703704,0.074074074,0,0,0,0,0,0,0.107142857,0,0,0,0.892857143,1,0.118644068,0.745762712,0.101694915,0,0.033898305
1071,1,0,0,0,0,0.722222222,0.203703704,0.055555556,0.018518519,0,0,0,0,0,0.122807018,0,0,0,0.877192982,1,0.103448276,0.75862069,0.103448276,0,0.034482759
1072,1,0,0,0,0,0.709090909,0.2,0.072727273,0.018181818,0,0,0,0,0,0.038461538,0,0,0,0.961538462,1,0.161290323,0.709677419,0.096774194,0,0.032258065
1073,1,0,0,0,0,0.709090909,0.2,0.072727273,0.018181818,1,0,0,0,0,0.137931034,0.034482759,0,0,0.827586207,1,0.037037037,0.814814815,0.111111111,0,0.037037037
1074,0.95,0,0,0.05,0,0.722222222,0.203703704,0.055555556,0.018518519,0,0,0,0,0,0.137931034,0,0,0,0.862068966,1,0.071428571,0.785714286,0.107142857,0,0.035714286
1075,1,0,0,0,0,0.709090909,0.2,0.072727273,0.018181818,1,0,0,0,0,0.038461538,0.019230769,0,0,0.942307692,1,0.147540984,0.721311475,0.098360656,0,0.032786885
1076,1,0,0,0,0,0.75,0.211538462,0.019230769,0.019230769,1,0,0,0,0,0.019230769,0.134615385,0.019230769,0.019230769,0.807692308,1,0.122807018,0.771929825,0.105263158,0,0
1077,1,0,0,0,0,0.672413793,0.189655172,0.120689655,0.017241379,1,0,0,0,0,0.120689655,0,0.017241379,0.017241379,0.844827586,1,0.038461538,0.846153846,0.115384615,0,0
1078,0.9375,0,0,0.0625,0,0.661016949,0.186440678,0.13559322,0.016949153,1,0,0,0,0,0.019230769,0.076923077,0.019230769,0,0.884615385,1,0.037735849,0.830188679,0.113207547,0,0.018867925
1079,0.947368421,0,0,0.052631579,0.017241379,0.655172414,0.189655172,0.120689655,0.017241379,0,1,0,0,0,0.13559322,0.016949153,0.016949153,0,0.830508475,1,0,0.86,0.14,0,0
1080,0.944444444,0,0,0.055555556,0,0.672413793,0.189655172,0.120689655,0.017241379,1,0,0,0,0,0.103448276,0.034482759,0.034482759,0,0.827586207,1,0,0.88,0.12,0,0
1081,1,0,0,0,0,0.672413793,0.189655172,0.120689655,0.017241379,0.857142857,0,0,0.142857143,0,0.019230769,0.115384615,0.019230769,0,0.846153846,1,0.019230769,0.846153846,0.115384615,0,0.019230769
1082,1,0,0,0,0,0.684210526,0.192982456,0.105263158,0.01754386,0.75,0,0,0.25,0,0.055555556,0.055555556,0.018518519,0,0.87037037,1,0.055555556,0.814814815,0.111111111,0,0.018518519
1083,1,0,0,0,0,0.639344262,0.180327869,0.163934426,0.016393443,0.5,0,0,0,0.5,0.038461538,0.019230769,0,0,0.942307692,1,0.037037037,0.814814815,0.111111111,0,0.037037037
1084,1,0,0,0,0,0.619047619,0.174603175,0.19047619,0.015873016,0,0,0,0,0,0.038461538,0,0,0,0.961538462,1,0.037037037,0.814814815,0.111111111,0,0.037037037
1085,0.95,0,0,0.05,0,0.65,0.183333333,0.15,0.016666667,0,0,0,0,0,0,0,0.019607843,0,0.980392157,1,0.105263158,0.771929825,0.105263158,0,0.01754386
1086,1,0,0,0,0,0.709090909,0.2,0.072727273,0.018181818,0,0,0,0,0,0.072727273,0,0.018181818,0,0.909090909,1,0.13559322,0.745762712,0.101694915,0,0.016949153
1087,1,0,0,0,0,0.735849057,0.20754717,0.037735849,0.018867925,0,0,0,0,0,0.089285714,0,0.017857143,0,0.892857143,1,0.15,0.733333333,0.1,0,0.016666667
1088,0.95,0,0,0.05,0,0.684210526,0.192982456,0.105263158,0.01754386,0,0,0,0,0,0,0,0.019607843,0,0.980392157,1,0.15,0.733333333,0.1,0,0.016666667
1089,1,0,0,0,0,0.629032258,0.177419355,0.177419355,0.016129032,1,0,0,0,0,0.037735849,0,0.018867925,0.018867925,0.924528302,1,0.056603774,0.830188679,0.113207547,0,0
1090,1,0,0,0,0,0.672413793,0.189655172,0.120689655,0.017241379,1,0,0,0,0,0.15,0,0.016666667,0.016666667,0.816666667,1,0,0.88,0.12,0,0
1091,0.933333333,0,0,0.066666667,0,0.709090909,0.2,0.072727273,0.018181818,1,0,0,0,0,0.019607843,0.078431373,0,0.019607843,0.882352941,1,0.105263158,0.771929825,0.105263158,0,0.01754386
1092,0.846153846,0.076923077,0,0.076923077,0.018518519,0.703703704,0.203703704,0.074074074,0,1,0,0,0,0,0,0.1,0,0.04,0.86,1,0.122807018,0.771929825,0.105263158,0,0
1093,1,0,0,0,0,0.75,0.211538462,0.019230769,0.019230769,0.933333333,0,0,0.066666667,0,0.019607843,0.254901961,0,0.019607843,0.705882353,1,0,0.862745098,0.117647059,0,0.019607843
1094,1,0,0,0,0,0.709090909,0.2,0.072727273,0.018181818,1,0,0,0,0,0,0.156862745,0.019607843,0.019607843,0.803921569,1,0.074074074,0.814814815,0.111111111,0,0
1095,1,0,0,0,0,0.696428571,0.196428571,0.089285714,0.017857143,0.916666667,0,0,0.083333333,0,0,0.196078431,0.019607843,0.019607843,0.764705882,1,0,0.88,0.12,0,0
1096,1,0,0,0,0,0.672413793,0.189655172,0.120689655,0.017241379,1,0,0,0,0,0,0.176470588,0.019607843,0.019607843,0.784313725,1,0,0.88,0.12,0,0
1097,0.923076923,0,0,0.076923077,0,0.696428571,0.196428571,0.089285714,0.017857143,1,0,0,0,0,0.056603774,0.132075472,0,0,0.811320755,1,0,0.846153846,0.115384615,0,0.038461538
1098,1,0,0,0,0,0.672413793,0.189655172,0.120689655,0.017241379,0,0,0,0,0,0.037735849,0,0.018867925,0,0.943396226,1,0.120689655,0.75862069,0.103448276,0,0.017241379
1099,0.904761905,0,0,0.095238095,0,0.709090909,0.2,0.072727273,0.018181818,0,0,0,0,0,0.166666667,0,0,0,0.833333333,1,0,0.846153846,0.115384615,0,0.038461538
1100,1,0,0,0,0,0.684210526,0.192982456,0.105263158,0.01754386,0,0,0,0,0,0.037735849,0,0.018867925,0,0.943396226,1,0.13559322,0.745762712,0.101694915,0,0.016949153
1101,1,0,0,0,0,0.735849057,0.20754717,0.037735849,0.018867925,0.6,0,0,0.4,0,0.133333333,0.05,0.033333333,0,0.783333333,1,0.019607843,0.862745098,0.117647059,0,0
1102,0.933333333,0.066666667,0,0,0.018181818,0.672727273,0.2,0.109090909,0,0.8,0.2,0,0,0,0.089285714,0.053571429,0.017857143,0.035714286,0.803571429,1,0.056603774,0.830188679,0.094339623,0.018867925,0
1103,1,0,0,0,0,0.75,0.211538462,0.019230769,0.019230769,0,0,0,0,0,0.118644068,0,0.033898305,0,0.847457627,1,0.137931034,0.75862069,0.103448276,0,0
1104,1,0,0,0,0,0.696428571,0.196428571,0.089285714,0.017857143,0,0,0,0,0,0.074074074,0,0,0,0.925925926,1,0.118644068,0.745762712,0.101694915,0,0.033898305
1105,1,0,0,0,0,0.672413793,0.189655172,0.120689655,0.017241379,0.75,0,0,0,0.25,0,0.06,0,0,0.94,1,0.087719298,0.771929825,0.105263158,0,0.035087719
1106,0.944444444,0.055555556,0,0,0.019607843,0.745098039,0.215686275,0,0.019607843,1,0,0,0,0,0.103448276,0.017241379,0.034482759,0,0.844827586,1,0.13559322,0.745762712,0.101694915,0,0.016949153
1107,1,0,0,0,0,0.696428571,0.196428571,0.089285714,0.017857143,0,0,0,0,0,0.071428571,0,0.035714286,0,0.892857143,1,0.122807018,0.771929825,0.105263158,0,0
1108,1,0,0,0,0,0.709090909,0.2,0.072727273,0.018181818,0,0,0,0,0,0,0,0.019607843,0,0.980392157,1,0.19047619,0.698412698,0.095238095,0,0.015873016
1109,1,0,0,0,0,0.735849057,0.20754717,0.037735849,0.018867925,0,0,0,0,0,0,0,0.038461538,0,0.961538462,1,0.21875,0.6875,0.09375,0,0
1110,1,0,0,0,0,0.735849057,0.20754717,0.037735849,0.018867925,0,0,0,0,0,0,0,0.038461538,0,0.961538462,1,0.21875,0.6875,0.09375,0,0
1111,0.944444444,0,0,0.055555556,0,0.735849057,0.20754717,0.037735849,0.018867925,1,0,0,0,0,0,0,0,0.04,0.96,1,0.206349206,0.698412698,0.095238095,0,0
1112,1,0,0,0,0,0.722222222,0.203703704,0.055555556,0.018518519,0,0,0,0,0,0.090909091,0,0,0,0.909090909,1,0.133333333,0.733333333,0.1,0,0.033333333
1113,0.947368421,0,0,0.052631579,0,0.722222222,0.203703704,0.055555556,0.018518519,1,0,0,0,0,0.13559322,0,0.016949153,0.016949153,0.830508475,1,0.074074074,0.814814815,0.111111111,0,0
1114,1,0,0,0,0,0.639344262,0.180327869,0.163934426,0.016393443,0,0,0,0,0,0.071428571,0,0.035714286,0,0.892857143,1,0.038461538,0.846153846,0.115384615,0,0
1115,1,0,0,0,0,0.629032258,0.177419355,0.177419355,0.016129032,0,0,0,0,0,0.054545455,0,0.036363636,0,0.909090909,1,0.038461538,0.846153846,0.115384615,0,0
1116,0.947368421,0.052631579,0,0,0.016949153,0.644067797,0.186440678,0.152542373,0,0,0,0,0,0,0.122807018,0,0,0,0.877192982,1,0.018867925,0.830188679,0.113207547,0,0.037735849
1117,0.944444444,0.055555556,0,0,0.016949153,0.644067797,0.186440678,0.152542373,0,1,0,0,0,0,0.137931034,0,0,0.017241379,0.844827586,1,0,0.862745098,0.117647059,0,0.019607843
1118,1,0,0,0,0,0.661016949,0.186440678,0.13559322,0.016949153,1,0,0,0,0,0.056603774,0.037735849,0,0,0.905660377,1,0.054545455,0.8,0.109090909,0,0.036363636
1119,1,0,0,0,0,0.672413793,0.189655172,0.120689655,0.017241379,0.6,0,0,0,0.4,0,0.058823529,0.019607843,0,0.921568627,1,0.072727273,0.8,0.109090909,0,0.018181818
1120,1,0,0,0,0,0.696428571,0.196428571,0.089285714,0.017857143,0,0,0,0,0,0,0,0.019607843,0,0.980392157,1,0.177419355,0.709677419,0.096774194,0,0.016129032
1121,1,0,0,0,0,0.709090909,0.2,0.072727273,0.018181818,0,0,0,0,0,0.018867925,0,0.037735849,0,0.943396226,1,0.180327869,0.721311475,0.098360656,0,0
1122,0.923076923,0,0,0.076923077,0,0.722222222,0.203703704,0.055555556,0.018518519,0.875,0,0,0.125,0,0.074074074,0.12962963,0,0,0.796296296,1,0,0.846153846,0.115384615,0,0.038461538
1123,1,0,0,0,0.019230769,0.711538462,0.211538462,0.038461538,0.019230769,0.333333333,0.333333333,0,0.333333333,0,0.137931034,0.017241379,0,0.051724138,0.793103448,1,0.037735849,0.849056604,0.075471698,0.018867925,0.018867925
1124,0.95,0,0,0.05,0,0.639344262,0.180327869,0.163934426,0.016393443,0,0,0,0,0,0.087719298,0,0.035087719,0,0.877192982,1,0,0.88,0.12,0,0
1125,1,0,0,0,0,0.684210526,0.192982456,0.105263158,0.01754386,0,0,0,0,0,0.122807018,0,0,0,0.877192982,1,0.054545455,0.8,0.109090909,0,0.036363636
1126,0.95,0,0,0.05,0,0.722222222,0.203703704,0.055555556,0.018518519,0,0,0,0,0,0.152542373,0,0,0,0.847457627,1,0.054545455,0.8,0.109090909,0,0.036363636
1127,0.928571429,0.071428571,0,0,0.018518519,0.703703704,0.203703704,0.037037037,0.037037037,0.833333333,0,0,0.166666667,0,0.090909091,0.054545455,0,0.036363636,0.818181818,1,0.074074074,0.814814815,0.111111111,0,0
1128,1,0,0,0,0,0.684210526,0.192982456,0.105263158,0.01754386,1,0,0,0,0,0.15,0,0.016666667,0.016666667,0.816666667,1,0.019607843,0.862745098,0.117647059,0,0
1129,1,0,0,0,0,0.709090909,0.2,0.072727273,0.018181818,1,0,0,0,0,0.107142857,0.053571429,0,0.017857143,0.821428571,1,0.055555556,0.814814815,0.111111111,0,0.018518519
1130,1,0,0,0,0,0.696428571,0.196428571,0.089285714,0.017857143,0,0,0,0,0,0.019230769,0,0.019230769,0,0.961538462,1,0.163934426,0.721311475,0.098360656,0,0.016393443
1131,0.95,0,0,0.05,0,0.696428571,0.196428571,0.089285714,0.017857143,0,0,0,0,0,0.018867925,0,0.037735849,0,0.943396226,1,0.152542373,0.745762712,0.101694915,0,0
1132,1,0,0,0,0,0.684210526,0.192982456,0.105263158,0.01754386,0,0,0,0,0,0.072727273,0,0.018181818,0,0.909090909,1,0.105263158,0.771929825,0.105263158,0,0.01754386
1133,0.95,0,0,0.05,0,0.672413793,0.189655172,0.120689655,0.017241379,0,0,0,0,0,0.120689655,0,0.017241379,0,0.862068966,1,0.019230769,0.846153846,0.115384615,0,0.019230769
1134,1,0,0,0,0,0.629032258,0.177419355,0.177419355,0.016129032,1,0,0,0,0,0.055555556,0.018518519,0.018518519,0,0.907407407,1,0.019230769,0.846153846,0.115384615,0,0.019230769
1135,0.904761905,0,0,0.095238095,0,0.65,0.183333333,0.15,0.016666667,0,0,0,0,0,0.072727273,0,0.018181818,0,0.909090909,1,0.019230769,0.846153846,0.115384615,0,0.019230769
1136,0.95,0,0,0.05,0,0.684210526,0.192982456,0.105263158,0.01754386,0,0,0,0,0,0.103448276,0,0.034482759,0,0.862068966,1,0.056603774,0.830188679,0.113207547,0,0
1137,1,0,0,0,0,0.75,0.211538462,0.019230769,0.019230769,1,0,0,0,0,0.174603175,0.015873016,0.031746032,0,0.777777778,1,0.056603774,0.830188679,0.113207547,0,0
1138,1,0,0,0,0,0.639344262,0.180327869,0.163934426,0.016393443,0,0,0,0,0,0.055555556,0,0.018518519,0,0.925925926,1,0.055555556,0.814814815,0.111111111,0,0.018518519
1139,0.947368421,0,0,0.052631579,0,0.684210526,0.192982456,0.105263158,0.01754386,1,0,0,0,0,0.072727273,0,0.018181818,0.018181818,0.890909091,1,0.090909091,0.8,0.109090909,0,0
1140,1,0,0,0,0,0.709090909,0.2,0.072727273,0.018181818,1,0,0,0,0,0.105263158,0,0.01754386,0.01754386,0.859649123,1,0.107142857,0.785714286,0.107142857,0,0
1141,1,0,0,0,0,0.609375,0.171875,0.203125,0.015625,1,0,0,0,0,0.038461538,0,0,0.038461538,0.923076923,1,0.019607843,0.862745098,0.117647059,0,0
1142,1,0,0,0,0,0.672413793,0.189655172,0.120689655,0.017241379,1,0,0,0,0,0.056603774,0.018867925,0,0.037735849,0.886792453,1,0.090909091,0.8,0.109090909,0,0
1143,1,0,0,0,0,0.709090909,0.2,0.072727273,0.018181818,1,0,0,0,0,0.107142857,0,0,0.035714286,0.857142857,1,0.107142857,0.785714286,0.107142857,0,0
1144,0.944444444,0.055555556,0,0,0,0.690909091,0.2,0.090909091,0.018181818,1,0,0,0,0,0.072727273,0.036363636,0.018181818,0,0.872727273,1,0.105263158,0.754385965,0.105263158,0.01754386,0.01754386
1145,0.909090909,0,0,0.090909091,0,0.709090909,0.2,0.072727273,0.018181818,0.9,0,0,0.1,0,0,0.156862745,0.019607843,0.019607843,0.803921569,1,0.038461538,0.846153846,0.115384615,0,0
1146,0.923076923,0,0,0.076923077,0,0.661016949,0.186440678,0.13559322,0.016949153,1,0,0,0,0,0.038461538,0.096153846,0,0.038461538,0.826923077,1,0,0.88,0.12,0,0
1147,1,0,0,0,0.018867925,0.716981132,0.20754717,0.037735849,0.018867925,0.5,0.5,0,0,0,0.056603774,0,0,0.037735849,0.905660377,1,0.163934426,0.721311475,0.098360656,0,0.016393443
1148,1,0,0,0,0,0.709090909,0.2,0.072727273,0.018181818,0,0,0,0,0,0.163934426,0,0.016393443,0,0.819672131,1,0.037735849,0.830188679,0.113207547,0,0.018867925
1149,1,0,0,0,0,0.629032258,0.177419355,0.177419355,0.016129032,0,0,0,0,0,0.090909091,0,0,0,0.909090909,1,0,0.846153846,0.115384615,0,0.038461538
1150,0.95,0,0,0.05,0,0.672413793,0.189655172,0.120689655,0.017241379,0,0,0,0,0,0.133333333,0,0.033333333,0,0.833333333,1,0,0.88,0.12,0,0
1151,0.888888889,0.055555556,0,0.055555556,0.056603774,0.679245283,0.20754717,0.056603774,0,0,1,0,0,0,0,0.019230769,0.038461538,0.019230769,0.923076923,1,0.163934426,0.737704918,0.081967213,0,0.016393443
1152,1,0,0,0,0,0.735849057,0.20754717,0.037735849,0.018867925,1,0,0,0,0,0,0,0.019607843,0.019607843,0.960784314,1,0.21875,0.6875,0.09375,0,0
1153,0.944444444,0,0,0.055555556,0.016129032,0.612903226,0.177419355,0.193548387,0,0.5,0.5,0,0,0,0,0.038461538,0.038461538,0,0.923076923,1,0.038461538,0.846153846,0.115384615,0,0
1154,1,0,0,0,0,0.735849057,0.20754717,0.037735849,0.018867925,0,0,0,0,0,0.018867925,0,0.037735849,0,0.943396226,1,0.206349206,0.698412698,0.095238095,0,0
1155,1,0,0,0,0,0.735849057,0.20754717,0.037735849,0.018867925,1,0,0,0,0,0.019607843,0.039215686,0,0.019607843,0.921568627,1,0.177419355,0.709677419,0.096774194,0,0.016129032
1156,0.95,0,0,0.05,0,0.75,0.211538462,0.019230769,0.019230769,0,0,0,0,0,0.166666667,0,0,0,0.833333333,1,0.071428571,0.785714286,0.107142857,0,0.035714286
1157,1,0,0,0,0,0.75,0.211538462,0.019230769,0.019230769,0.833333333,0,0,0,0.166666667,0.037735849,0.169811321,0.018867925,0.018867925,0.754716981,1,0.038461538,0.846153846,0.115384615,0,0
1158,0.941176471,0,0,0.058823529,0,0.65,0.183333333,0.15,0.016666667,1,0,0,0,0,0.074074074,0.018518519,0,0.037037037,0.87037037,1,0.019607843,0.862745098,0.117647059,0,0
1159,1,0,0,0,0,0.672413793,0.189655172,0.120689655,0.017241379,0,0,0,0,0,0.122807018,0,0,0,0.877192982,1,0.037037037,0.814814815,0.111111111,0,0.037037037
1160,1,0,0,0,0,0.672413793,0.189655172,0.120689655,0.017241379,1,0,0,0,0,0.019607843,0.058823529,0,0,0.921568627,1,0.087719298,0.771929825,0.105263158,0,0.035087719
1161,1,0,0,0,0,0.65,0.183333333,0.15,0.016666667,0,0,0,0,0,0.071428571,0,0.035714286,0,0.892857143,1,0.056603774,0.830188679,0.113207547,0,0
1162,1,0,0,0,0,0.696428571,0.196428571,0.089285714,0.017857143,0,0,0,0,0,0.071428571,0,0.035714286,0,0.892857143,1,0.122807018,0.771929825,0.105263158,0,0
1163,0.95,0,0,0.05,0,0.629032258,0.177419355,0.177419355,0.016129032,0,0,0,0,0,0.037735849,0,0.018867925,0,0.943396226,1,0.037735849,0.830188679,0.113207547,0,0.018867925
1164,0.947368421,0,0,0.052631579,0,0.65,0.183333333,0.15,0.016666667,1,0,0,0,0,0,0,0,0.02,0.98,1,0.105263158,0.771929825,0.105263158,0,0.01754386
1165,1,0,0,0,0,0.639344262,0.180327869,0.163934426,0.016393443,1,0,0,0,0,0.019230769,0.019230769,0.019230769,0,0.942307692,1,0.072727273,0.8,0.109090909,0,0.018181818
1166,0.933333333,0,0,0.066666667,0,0.696428571,0.196428571,0.089285714,0.017857143,0.833333333,0,0,0,0.166666667,0.037735849,0.094339623,0.018867925,0,0.849056604,1,0.037735849,0.830188679,0.113207547,0,0.018867925
1167,1,0,0,0,0,0.75,0.211538462,0.019230769,0.019230769,0.9,0,0,0,0.1,0.072727273,0.163636364,0.018181818,0,0.745454545,1,0.019230769,0.846153846,0.115384615,0,0.019230769
1168,0.928571429,0,0,0.071428571,0,0.735849057,0.20754717,0.037735849,0.018867925,0.857142857,0,0,0.142857143,0,0.074074074,0.092592593,0,0.018518519,0.814814815,1,0.055555556,0.814814815,0.111111111,0,0.018518519
1169,0.95,0,0,0.05,0,0.735849057,0.20754717,0.037735849,0.018867925,0,0,0,0,0,0.089285714,0,0.017857143,0,0.892857143,1,0.13559322,0.745762712,0.101694915,0,0.016949153
1170,1,0,0,0,0,0.696428571,0.196428571,0.089285714,0.017857143,0,0,0,0,0,0.037037037,0,0.037037037,0,0.925925926,1,0.152542373,0.745762712,0.101694915,0,0
1171,1,0,0,0,0,0.709090909,0.2,0.072727273,0.018181818,1,0,0,0,0,0.019607843,0.039215686,0,0.039215686,0.901960784,1,0.152542373,0.745762712,0.101694915,0,0
1172,0.9,0.05,0,0.05,0.01754386,0.666666667,0.192982456,0.087719298,0.035087719,0,0,0,0,0,0.147540984,0,0.032786885,0,0.819672131,1,0,0.88,0.12,0,0
1173,1,0,0,0,0,0.745098039,0.215686275,0.019607843,0.019607843,0,1,0,0,0,0.174603175,0.015873016,0.031746032,0,0.777777778,1,0.074074074,0.796296296,0.111111111,0.018518519,0
1174,1,0,0,0,0,0.75,0.211538462,0.019230769,0.019230769,0,0,0,0,0,0.19047619,0,0.015873016,0,0.793650794,1,0.055555556,0.814814815,0.111111111,0,0.018518519
1175,1,0,0,0,0,0.709090909,0.2,0.072727273,0.018181818,1,0,0,0,0,0.19047619,0,0.015873016,0.015873016,0.777777778,1,0,0.88,0.12,0,0
1176,1,0,0,0,0,0.75,0.211538462,0.019230769,0.019230769,0,0,0,0,0,0.215384615,0,0.015384615,0,0.769230769,1,0.019230769,0.846153846,0.115384615,0,0.019230769
1177,1,0,0,0,0,0.75,0.211538462,0.019230769,0.019230769,0,0,0,0,0,0.230769231,0,0,0,0.769230769,1,0,0.846153846,0.115384615,0,0.038461538
1178,1,0,0,0,0,0.75,0.211538462,0.019230769,0.019230769,1,0,0,0,0,0.21875,0.015625,0,0,0.765625,1,0,0.846153846,0.115384615,0,0.038461538
1179,1,0,0,0,0,0.75,0.211538462,0.019230769,0.019230769,0,0,0,0,0,0.21875,0,0,0,0.78125,1,0.018867925,0.830188679,0.113207547,0,0.037735849
1180,1,0,0,0,0,0.75,0.211538462,0.019230769,0.019230769,0,0,0,0,0,0.227272727,0,0.015151515,0,0.757575758,1,0,0.862745098,0.117647059,0,0.019607843
1181,1,0,0,0,0,0.65,0.183333333,0.15,0.016666667,1,0,0,0,0,0,0.019607843,0.019607843,0,0.960784314,1,0.105263158,0.771929825,0.105263158,0,0.01754386
1182,1,0,0,0,0,0.735849057,0.20754717,0.037735849,0.018867925,0,0,0,0,0,0.056603774,0,0,0,0.943396226,1,0.174603175,0.698412698,0.095238095,0,0.031746032
1183,1,0,0,0,0,0.696428571,0.196428571,0.089285714,0.017857143,1,0,0,0,0,0.019230769,0.076923077,0.019230769,0,0.884615385,1,0.105263158,0.771929825,0.105263158,0,0.01754386
1184,1,0,0,0,0,0.709090909,0.2,0.072727273,0.018181818,0.75,0,0,0.25,0,0.056603774,0.018867925,0,0.037735849,0.886792453,1,0.122807018,0.771929825,0.105263158,0,0
1185,1,0,0,0,0,0.629032258,0.177419355,0.177419355,0.016129032,1,0,0,0,0,0,0,0,0.02,0.98,1,0.089285714,0.785714286,0.107142857,0,0.017857143
1186,1,0,0,0,0,0.65,0.183333333,0.15,0.016666667,0,0,0,0,0,0.038461538,0,0,0,0.961538462,1,0.087719298,0.771929825,0.105263158,0,0.035087719
1187,1,0,0,0,0,0.696428571,0.196428571,0.089285714,0.017857143,0,0,0,0,0,0.055555556,0,0.018518519,0,0.925925926,1,0.13559322,0.745762712,0.101694915,0,0.016949153
1188,0.95,0,0,0.05,0,0.75,0.211538462,0.019230769,0.019230769,0,0,0,0,0,0.018867925,0,0.037735849,0,0.943396226,1,0.206349206,0.698412698,0.095238095,0,0
1189,1,0,0,0,0,0.735849057,0.20754717,0.037735849,0.018867925,0,0,0,0,0,0.120689655,0,0.017241379,0,0.862068966,1,0.120689655,0.75862069,0.103448276,0,0.017241379
1190,1,0,0,0,0,0.672413793,0.189655172,0.120689655,0.017241379,1,0,0,0,0,0.15,0,0.016666667,0.016666667,0.816666667,1,0,0.88,0.12,0,0
1191,1,0,0,0,0,0.696428571,0.196428571,0.089285714,0.017857143,1,0,0,0,0,0.037735849,0.037735849,0.018867925,0,0.905660377,1,0.120689655,0.75862069,0.103448276,0,0.017241379
1192,1,0,0,0,0,0.661016949,0.186440678,0.13559322,0.016949153,0,0,0,0,0,0.107142857,0,0,0,0.892857143,1,0.037037037,0.814814815,0.111111111,0,0.037037037
1193,1,0,0,0,0,0.672413793,0.189655172,0.120689655,0.017241379,0,0,0,0,0,0.087719298,0,0.035087719,0,0.877192982,1,0.074074074,0.814814815,0.111111111,0,0
1194,1,0,0,0,0,0.696428571,0.196428571,0.089285714,0.017857143,0,0,0,0,0,0.087719298,0,0.035087719,0,0.877192982,1,0.107142857,0.785714286,0.107142857,0,0
1195,1,0,0,0,0,0.709090909,0.2,0.072727273,0.018181818,1,0,0,0,0,0.037037037,0.037037037,0.037037037,0,0.888888889,1,0.137931034,0.75862069,0.103448276,0,0
1196,1,0,0,0,0,0.696428571,0.196428571,0.089285714,0.017857143,1,0,0,0,0,0.019230769,0.134615385,0.019230769,0.019230769,0.807692308,1,0.056603774,0.830188679,0.113207547,0,0
1197,1,0,0,0,0,0.75,0.211538462,0.019230769,0.019230769,1,0,0,0,0,0.161290323,0.016129032,0.032258065,0,0.790322581,1,0.074074074,0.814814815,0.111111111,0,0
1198,0.95,0,0,0.05,0,0.684210526,0.192982456,0.105263158,0.01754386,0,0,0,0,0,0.087719298,0,0.035087719,0,0.877192982,1,0.074074074,0.814814815,0.111111111,0,0
1199,1,0,0,0,0,0.684210526,0.192982456,0.105263158,0.01754386,0,0,0,0,0,0.087719298,0,0.035087719,0,0.877192982,1,0.090909091,0.8,0.109090909,0,0
1200,1,0,0,0,0,0.696428571,0.196428571,0.089285714,0.017857143,1,0,0,0,0,0.090909091,0.054545455,0,0,0.854545455,1,0.054545455,0.8,0.109090909,0,0.036363636
1201,0.923076923,0,0,0.076923077,0,0.661016949,0.186440678,0.13559322,0.016949153,1,0,0,0,0,0.038461538,0.096153846,0,0.038461538,0.826923077,1,0,0.88,0.12,0,0
1202,0.95,0,0,0.05,0,0.65,0.183333333,0.15,0.016666667,0,0,0,0,0,0.103448276,0,0.034482759,0,0.862068966,1,0,0.88,0.12,0,0
1203,0.9375,0,0,0.0625,0,0.75,0.211538462,0.019230769,0.019230769,1,0,0,0,0,0.074074074,0.074074074,0,0,0.851851852,1,0.103448276,0.75862069,0.103448276,0,0.034482759
1204,1,0,0,0,0,0.75,0.211538462,0.019230769,0.019230769,0.5,0,0,0,0.5,0.105263158,0.01754386,0.01754386,0,0.859649123,1,0.120689655,0.75862069,0.103448276,0,0.017241379
1205,0.95,0,0,0.05,0,0.722222222,0.203703704,0.055555556,0.018518519,0,0,0,0,0,0,0,0.019607843,0,0.980392157,1,0.19047619,0.698412698,0.095238095,0,0.015873016
1206,1,0,0,0,0,0.709090909,0.2,0.072727273,0.018181818,1,0,0,0,0,0.038461538,0.038461538,0,0,0.923076923,1,0.133333333,0.733333333,0.1,0,0.033333333
1207,0.95,0,0,0.05,0,0.696428571,0.196428571,0.089285714,0.017857143,0,0,0,0,0,0.163934426,0,0.016393443,0,0.819672131,1,0,0.862745098,0.117647059,0,0.019607843
1208,1,0,0,0,0,0.75,0.211538462,0.019230769,0.019230769,0,0,0,0,0,0.193548387,0,0,0,0.806451613,1,0.054545455,0.8,0.109090909,0,0.036363636
1209,1,0,0,0,0,0.709090909,0.2,0.072727273,0.018181818,0,0,0,0,0,0.152542373,0,0,0,0.847457627,1,0.054545455,0.8,0.109090909,0,0.036363636
1210,0.95,0,0,0.05,0,0.65,0.183333333,0.15,0.016666667,0,0,0,0,0,0.074074074,0,0,0,0.925925926,1,0.037037037,0.814814815,0.111111111,0,0.037037037
1211,0.904761905,0,0,0.095238095,0,0.672413793,0.189655172,0.120689655,0.017241379,0,0,0,0,0,0.107142857,0,0,0,0.892857143,1,0.018867925,0.830188679,0.113207547,0,0.037735849
1212,1,0,0,0,0,0.684210526,0.192982456,0.105263158,0.01754386,1,0,0,0,0,0.152542373,0.016949153,0,0,0.830508475,1,0,0.846153846,0.115384615,0,0.038461538
1213,1,0,0,0,0,0.629032258,0.177419355,0.177419355,0.016129032,1,0,0,0,0,0.038461538,0.057692308,0,0,0.903846154,1,0,0.846153846,0.115384615,0,0.038461538
1214,1,0,0,0,0,0.65,0.183333333,0.15,0.016666667,1,0,0,0,0,0.089285714,0,0.017857143,0.017857143,0.875,1,0.038461538,0.846153846,0.115384615,0,0
1215,1,0,0,0,0,0.661016949,0.186440678,0.13559322,0.016949153,1,0,0,0,0,0.038461538,0.057692308,0,0,0.903846154,1,0.054545455,0.8,0.109090909,0,0.036363636
1216,1,0,0,0,0,0.639344262,0.180327869,0.163934426,0.016393443,0,0,0,0,0,0.037735849,0,0.018867925,0,0.943396226,1,0.072727273,0.8,0.109090909,0,0.018181818
1217,1,0,0,0,0,0.639344262,0.180327869,0.163934426,0.016393443,1,0,0,0,0,0.019607843,0,0,0.019607843,0.960784314,1,0.089285714,0.785714286,0.107142857,0,0.017857143
1218,0.947368421,0.052631579,0,0,0,0.703703704,0.203703704,0.074074074,0.018518519,1,0,0,0,0,0.090909091,0,0,0.018181818,0.890909091,1,0.13559322,0.728813559,0.101694915,0.016949153,0.016949153
1219,1,0,0,0,0,0.709090909,0.2,0.072727273,0.018181818,1,0,0,0,0,0.161290323,0.016129032,0.032258065,0,0.790322581,1,0.019607843,0.862745098,0.117647059,0,0
1220,1,0,0,0,0,0.709090909,0.2,0.072727273,0.018181818,1,0,0,0,0,0.161290323,0.016129032,0.032258065,0,0.790322581,1,0.019607843,0.862745098,0.117647059,0,0
1221,1,0,0,0,0,0.722222222,0.203703704,0.055555556,0.018518519,0,0,0,0,0,0.133333333,0,0.033333333,0,0.833333333,1,0.090909091,0.8,0.109090909,0,0
1222,1,0,0,0,0,0.661016949,0.186440678,0.13559322,0.016949153,0,0,0,0,0,0.037037037,0,0.037037037,0,0.925925926,1,0.107142857,0.785714286,0.107142857,0,0
1223,0.95,0,0,0.05,0,0.672413793,0.189655172,0.120689655,0.017241379,0,0,0,0,0,0.137931034,0,0,0,0.862068966,1,0,0.846153846,0.115384615,0,0.038461538
1224,1,0,0,0,0,0.672413793,0.189655172,0.120689655,0.017241379,0,0,0,0,0,0.122807018,0,0,0,0.877192982,1,0.037037037,0.814814815,0.111111111,0,0.037037037
1225,1,0,0,0,0,0.65,0.183333333,0.15,0.016666667,1,0,0,0,0,0,0.057692308,0.038461538,0,0.903846154,1,0.074074074,0.814814815,0.111111111,0,0
1226,0.9,0.05,0,0.05,0.016393443,0.62295082,0.180327869,0.180327869,0,0,0,0,0,0,0.018867925,0,0.037735849,0,0.943396226,1,0.074074074,0.814814815,0.111111111,0,0
1227,1,0,0,0,0,0.639344262,0.180327869,0.163934426,0.016393443,1,0,0,0,0,0.037735849,0.037735849,0.018867925,0,0.905660377,1,0.037735849,0.830188679,0.113207547,0,0.018867925
1228,1,0,0,0,0,0.672413793,0.189655172,0.120689655,0.017241379,1,0,0,0,0,0.122807018,0,0,0.01754386,0.859649123,1,0.037735849,0.830188679,0.113207547,0,0.018867925
1229,1,0,0,0,0,0.684210526,0.192982456,0.105263158,0.01754386,0,0,0,0,0,0.089285714,0,0.017857143,0,0.892857143,1,0.089285714,0.785714286,0.107142857,0,0.017857143
1230,1,0,0,0,0,0.661016949,0.186440678,0.13559322,0.016949153,0,0,0,0,0,0.103448276,0,0.034482759,0,0.862068966,1,0.038461538,0.846153846,0.115384615,0,0
1231,0.947368421,0.052631579,0,0,0.019607843,0.745098039,0.215686275,0.019607843,0,0,0,0,0,0,0.206349206,0,0,0,0.793650794,1,0.054545455,0.8,0.109090909,0,0.036363636
1232,1,0,0,0,0,0.730769231,0.211538462,0.038461538,0.019230769,0,1,0,0,0,0.13559322,0,0.016949153,0.016949153,0.830508475,1,0.105263158,0.771929825,0.087719298,0.01754386,0.01754386
1233,0.916666667,0,0,0.083333333,0,0.735849057,0.20754717,0.037735849,0.018867925,0.888888889,0,0,0.111111111,0,0.054545455,0.145454545,0.036363636,0,0.763636364,1,0.019607843,0.862745098,0.117647059,0,0
1234,0.95,0,0,0.05,0,0.684210526,0.192982456,0.105263158,0.01754386,0,0,0,0,0,0.13559322,0,0.016949153,0,0.847457627,1,0.019230769,0.846153846,0.115384615,0,0.019230769
1235,0.904761905,0,0.047619048,0.047619048,0,0.661016949,0.169491525,0.152542373,0.016949153,0,0,0,0,0,0.105263158,0,0.01754386,0,0.877192982,1,0.019230769,0.826923077,0.115384615,0.019230769,0.019230769
1236,0.904761905,0,0,0.095238095,0,0.696428571,0.196428571,0.089285714,0.017857143,0,0,0,0,0,0.137931034,0,0,0,0.862068966,1,0.018867925,0.830188679,0.113207547,0,0.037735849
1237,0.9,0.05,0,0.05,0.01754386,0.666666667,0.192982456,0.122807018,0,0,0,0,0,0,0.037735849,0,0.018867925,0,0.943396226,1,0.120689655,0.75862069,0.103448276,0,0.017241379
1238,0.95,0,0,0.05,0,0.722222222,0.203703704,0.055555556,0.018518519,0,0,0,0,0,0.055555556,0,0.018518519,0,0.925925926,1,0.15,0.733333333,0.1,0,0.016666667
1239,1,0,0,0,0,0.672413793,0.189655172,0.120689655,0.017241379,1,0,0,0,0,0.072727273,0.018181818,0.018181818,0,0.890909091,1,0.072727273,0.8,0.109090909,0,0.018181818
1240,1,0,0,0,0,0.639344262,0.180327869,0.163934426,0.016393443,0,0,0,0,0,0.090909091,0,0,0,0.909090909,1,0.018867925,0.830188679,0.113207547,0,0.037735849
1241,0.95,0,0,0.05,0,0.639344262,0.180327869,0.163934426,0.016393443,0,0,0,0,0,0.019607843,0,0,0,0.980392157,1,0.071428571,0.785714286,0.107142857,0,0.035714286
1242,0.866666667,0.066666667,0,0.066666667,0,0.690909091,0.2,0.090909091,0.018181818,0.857142857,0,0,0,0.142857143,0.074074074,0.092592593,0,0.018518519,0.814814815,1,0.019230769,0.826923077,0.115384615,0.019230769,0.019230769
1243,1,0,0,0,0,0.709090909,0.2,0.072727273,0.018181818,1,0,0,0,0,0.056603774,0.094339623,0,0.037735849,0.811320755,1,0.074074074,0.814814815,0.111111111,0,0
1244,0.928571429,0,0.071428571,0,0,0.75,0.192307692,0.038461538,0.019230769,0.75,0,0,0,0.25,0.019607843,0.098039216,0,0.019607843,0.862745098,1,0.120689655,0.74137931,0.103448276,0.017241379,0.017241379
1245,1,0,0,0,0,0.75,0.211538462,0.019230769,0.019230769,0.666666667,0,0,0,0.333333333,0.018867925,0.075471698,0.037735849,0,0.867924528,1,0.137931034,0.75862069,0.103448276,0,0
1246,1,0,0,0,0,0.735849057,0.20754717,0.037735849,0.018867925,1,0,0,0,0,0.137931034,0.051724138,0,0.017241379,0.793103448,1,0.055555556,0.814814815,0.111111111,0,0.018518519
1247,1,0,0,0,0,0.735849057,0.20754717,0.037735849,0.018867925,1,0,0,0,0,0.107142857,0.017857143,0,0.017857143,0.857142857,1,0.120689655,0.75862069,0.103448276,0,0.017241379
1248,1,0,0,0,0,0.722222222,0.203703704,0.055555556,0.018518519,0,0,0,0,0,0.071428571,0,0.035714286,0,0.892857143,1,0.152542373,0.745762712,0.101694915,0,0
1249,1,0,0,0,0,0.684210526,0.192982456,0.105263158,0.01754386,0,0,0,0,0,0.056603774,0,0,0,0.943396226,1,0.118644068,0.745762712,0.101694915,0,0.033898305