,"('NPA', 'np')","('NPA', 'np1')","('NPA', 'np2')","('NPA', ('NPA', 'NPA'))","('NPO', 'np')","('NPO', 'np1')","('NPO', 'np2')","('NPO', ('NPA', 'NPO'))","('NPO', ('NPO', 'NPA'))","('NPS', 'np')","('NPS', 'np1')","('NPS', 'np2')","('NPS', ('NPA', 'NPS'))","('NPS', ('NPS', 'NPA'))","('S', ('NPA', 'S'))","('S', ('NPS', 'VP'))","('S', ('S', 'NPA'))","('S', ('VP', 'NPS'))","('S', ('VP',))","('V', 'v')","('VP', ('NPA', 'VP'))","('VP', ('NPO', 'V'))","('VP', ('V', 'NPO'))","('VP', ('V',))","('VP', ('VP', 'NPA'))"
0,1,0,0,0,1,0,0,0,0,0,0.78,0.22,0,0,0.230769231,0.676923077,0,0.092307692,0,1,0.019607843,0,0.058823529,0.921568627,0
1,1,0,0,0,1,0,0,0,0,0,0.764705882,0.215686275,0,0.019607843,0.230769231,0.676923077,0,0.092307692,0,1,0,0,0.06,0.94,0
2,1,0,0,0,1,0,0,0,0,0,0.78,0.22,0,0,0.230769231,0.676923077,0,0.092307692,0,1,0.019607843,0,0.058823529,0.921568627,0
3,1,0,0,0,0,0,0,0,0,0,0.78,0.22,0,0,0.230769231,0.676923077,0,0.092307692,0,1,0.018518519,0,0,0.925925926,0.055555556
4,1,0,0,0,1,0,0,0,0,0,0.6,0.169230769,0.230769231,0,0,0.88,0,0.12,0,1,0,0.04,0.04,0.92,0
5,1,0,0,0,1,0,0,0,0,0,0.609375,0.171875,0.21875,0,0,0.88,0,0.12,0,1,0,0.04,0.06,0.9,0
6,1,0,0,0,0,0,0,0,0,0,0.609375,0.171875,0.21875,0,0,0.88,0,0.12,0,1,0.036363636,0,0,0.909090909,0.054545455
7,1,0,0,0,0,0,0,0,0,0,0.6,0.169230769,0.230769231,0,0,0.88,0,0.12,0,1,0.037037037,0,0,0.925925926,0.037037037
8,1,0,0,0,1,0,0,0,0,0,0.6,0.169230769,0.230769231,0,0,0.88,0,0.12,0,1,0,0.04,0.04,0.92,0
9,1,0,0,0,1,0,0,0,0,0,0.78,0.22,0,0,0.230769231,0.676923077,0,0.092307692,0,1,0.019607843,0,0.058823529,0.921568627,0
10,1,0,0,0,1,0,0,0,0,0,0.78,0.22,0,0,0.230769231,0.676923077,0,0.092307692,0,1,0.019607843,0,0.058823529,0.921568627,0
11,1,0,0,0,0,0,0,0,0,0,0.6,0.169230769,0.230769231,0,0,0.88,0,0.12,0,1,0.037037037,0,0,0.925925926,0.037037037
12,1,0,0,0,1,0,0,0,0,0,0.764705882,0.215686275,0,0.019607843,0.230769231,0.676923077,0,0.092307692,0,1,0,0,0.06,0.94,0
13,1,0,0,0,1,0,0,0,0,0,0.764705882,0.215686275,0,0.019607843,0.230769231,0.676923077,0,0.092307692,0,1,0,0,0.06,0.94,0
14,1,0,0,0,1,0,0,0,0,0,0.764705882,0.215686275,0,0.019607843,0.230769231,0.676923077,0,0.092307692,0,1,0,0,0.06,0.94,0
15,1,0,0,0,1,0,0,0,0,0,0.764705882,0.215686275,0,0.019607843,0.230769231,0.676923077,0,0.092307692,0,1,0,0,0.06,0.94,0
16,1,0,0,0,1,0,0,0,0,0,0.6,0.169230769,0.230769231,0,0,0.88,0,0.12,0,1,0,0.04,0.04,0.92,0
17,1,0,0,0,0,0,0,0,0,0,0.764705882,0.215686275,0,0.019607843,0.230769231,0.676923077,0,0.092307692,0,1,0,0,0,0.943396226,0.056603774
18,1,0,0,0,0,0,0,0,0,0,0.78,0.22,0,0,0.230769231,0.676923077,0,0.092307692,0,1,0.018518519,0,0,0.925925926,0.055555556
19,1,0,0,0,1,0,0,0,0,0,0.6,0.169230769,0.230769231,0,0,0.88,0,0.12,0,1,0,0.04,0.04,0.92,0
20,1,0,0,0,1,0,0,0,0,0,0.6,0.169230769,0.230769231,0,0,0.88,0,0.12,0,1,0,0.04,0.04,0.92,0
21,1,0,0,0,1,0,0,0,0,0,0.6,0.169230769,0.230769231,0,0,0.88,0,0.12,0,1,0,0.04,0.04,0.92,0
22,1,0,0,0,0,0,0,0,0,0,0.78,0.22,0,0,0.230769231,0.676923077,0,0.092307692,0,1,0.018518519,0,0,0.925925926,0.055555556
23,1,0,0,0,0,0,0,0,0,0,0.78,0.22,0,0,0.230769231,0.676923077,0,0.092307692,0,1,0.018518519,0,0,0.925925926,0.055555556
24,1,0,0,0,0,0,0,0,0,0,0.6,0.169230769,0.230769231,0,0,0.846153846,0.038461538,0.115384615,0,1,0.038461538,0,0,0.961538462,0
25,1,0,0,0,0,0,0,0,0,0,0.6,0.169230769,0.230769231,0,0,0.846153846,0.038461538,0.115384615,0,1,0.038461538,0,0,0.961538462,0
26,1,0,0,0,0,0,0,0,0,0,0.78,0.22,0,0,0.230769231,0.676923077,0,0.092307692,0,1,0.018518519,0,0,0.925925926,0.055555556
27,1,0,0,0,0,0,0,0,0,0,0.6,0.169230769,0.230769231,0,0,0.88,0,0.12,0,1,0.037037037,0,0,0.925925926,0.037037037
28,1,0,0,0,0,0,0,0,0,0,0.6,0.169230769,0.230769231,0,0,0.88,0,0.12,0,1,0.037037037,0,0,0.925925926,0.037037037
29,1,0,0,0,0,0,0,0,0,0,0.78,0.22,0,0,0.230769231,0.676923077,0,0.092307692,0,1,0.018518519,0,0,0.925925926,0.055555556
30,1,0,0,0,1,0,0,0,0,0,0.78,0.22,0,0,0.230769231,0.676923077,0,0.092307692,0,1,0,0.018867925,0,0.924528302,0.056603774
31,1,0,0,0,0,0,0,0,0,0,0.6,0.169230769,0.230769231,0,0,0.846153846,0.038461538,0.115384615,0,1,0.038461538,0,0,0.961538462,0
32,1,0,0,0,0,0,0,0,0,0,0.6,0.169230769,0.230769231,0,0,0.846153846,0.038461538,0.115384615,0,1,0.038461538,0,0,0.961538462,0
33,1,0,0,0,0,0,0,0,0,0,0.6,0.169230769,0.230769231,0,0,0.846153846,0.038461538,0.115384615,0,1,0.038461538,0,0,0.961538462,0
34,1,0,0,0,0,0,0,0,0,0,0.6,0.169230769,0.230769231,0,0,0.846153846,0.038461538,0.115384615,0,1,0.038461538,0,0,0.961538462,0
35,1,0,0,0,1,0,0,0,0,0,0.78,0.22,0,0,0.230769231,0.676923077,0,0.092307692,0,1,0.019607843,0,0.058823529,0.921568627,0
36,1,0,0,0,0,0,0,0,0,0,0.78,0.22,0,0,0.230769231,0.676923077,0,0.092307692,0,1,0.018518519,0,0,0.925925926,0.055555556
37,1,0,0,0,0,0,0,0,0,0,0.6,0.169230769,0.230769231,0,0,0.88,0,0.12,0,1,0.037037037,0,0,0.925925926,0.037037037
38,1,0,0,0,0,0,0,0,0,0,0.764705882,0.215686275,0,0.019607843,0.230769231,0.676923077,0,0.092307692,0,1,0,0,0,0.943396226,0.056603774
39,1,0,0,0,0,0,0,0,0,0,0.764705882,0.215686275,0,0.019607843,0.230769231,0.676923077,0,0.092307692,0,1,0,0,0,0.943396226,0.056603774
40,1,0,0,0,0,0,0,0,0,0,0.764705882,0.215686275,0,0.019607843,0.230769231,0.676923077,0,0.092307692,0,1,0,0,0,0.943396226,0.056603774
41,1,0,0,0,0,0,0,0,0,0,0.6,0.169230769,0.230769231,0,0,0.88,0,0.12,0,1,0.037037037,0,0,0.925925926,0.037037037
42,1,0,0,0,0,0,0,0,0,0,0.6,0.169230769,0.230769231,0,0,0.846153846,0.038461538,0.115384615,0,1,0.038461538,0,0,0.961538462,0
43,1,0,0,0,0,0,0,0,0,0,0.6,0.169230769,0.230769231,0,0,0.846153846,0.038461538,0.115384615,0,1,0.038461538,0,0,0.961538462,0
44,1,0,0,0,0,0,0,0,0,0,0.6,0.169230769,0.230769231,0,0,0.846153846,0.038461538,0.115384615,0,1,0.038461538,0,0,0.961538462,0
45,1,0,0,0,1,0,0,0,0,0,0.6,0.169230769,0.230769231,0,0,0.88,0,0.12,0,1,0,0.04,0.04,0.92,0
46,1,0,0,0,0,0,0,0,0,0,0.78,0.22,0,0,0.230769231,0.676923077,0,0.092307692,0,1,0.018518519,0,0,0.925925926,0.055555556
47,1,0,0,0,1,0,0,0,0,0,0.609375,0.171875,0.21875,0,0,0.88,0,0.12,0,1,0,0.04,0.06,0.9,0
48,1,0,0,0,0,0,0,0,0,0,0.764705882,0.215686275,0,0.019607843,0.230769231,0.676923077,0,0.092307692,0,1,0,0,0,0.943396226,0.056603774
49,1,0,0,0,0,0,0,0,0,0,0.6,0.169230769,0.230769231,0,0,0.846153846,0.038461538,0.115384615,0,1,0.038461538,0,0,0.961538462,0
50,1,0,0,0,0,0,0,0,0,0,0.6,0.169230769,0.230769231,0,0,0.846153846,0.038461538,0.115384615,0,1,0.038461538,0,0,0.961538462,0
51,1,0,0,0,0,0,0,0,0,0,0.6,0.169230769,0.230769231,0,0,0.846153846,0.038461538,0.115384615,0,1,0.038461538,0,0,0.961538462,0
52,1,0,0,0,0,0,0,0,0,0,0.6,0.169230769,0.230769231,0,0,0.846153846,0.038461538,0.115384615,0,1,0.038461538,0,0,0.961538462,0
53,1,0,0,0,0,0,0,0,0,0,0.6,0.169230769,0.230769231,0,0,0.846153846,0.038461538,0.115384615,0,1,0.038461538,0,0,0.961538462,0
54,1,0,0,0,0,0,0,0,0,0,0.78,0.22,0,0,0.230769231,0.676923077,0,0.092307692,0,1,0.018518519,0,0,0.925925926,0.055555556
55,1,0,0,0,1,0,0,0,0,0,0.6,0.169230769,0.230769231,0,0,0.846153846,0.038461538,0.115384615,0,1,0,0.04,0,0.96,0
56,1,0,0,0,1,0,0,0,0,0,0.6,0.169230769,0.230769231,0,0,0.846153846,0.038461538,0.115384615,0,1,0,0.04,0,0.96,0
57,1,0,0,0,0,0,0,0,0,0,0.6,0.169230769,0.230769231,0,0,0.846153846,0.038461538,0.115384615,0,1,0.038461538,0,0,0.961538462,0
58,1,0,0,0,0,0,0,0,0,0,0.6,0.169230769,0.230769231,0,0,0.846153846,0.038461538,0.115384615,0,1,0.038461538,0,0,0.961538462,0
59,1,0,0,0,0,0,0,0,0,0,0.6,0.169230769,0.230769231,0,0,0.88,0,0.12,0,1,0.037037037,0,0,0.925925926,0.037037037
60,1,0,0,0,0,0,0,0,0,0,0.609375,0.171875,0.21875,0,0,0.88,0,0.12,0,1,0.036363636,0,0,0.909090909,0.054545455
61,1,0,0,0,0,0,0,0,0,0,0.78,0.22,0,0,0.230769231,0.676923077,0,0.092307692,0,1,0.018518519,0,0,0.925925926,0.055555556
62,1,0,0,0,0,0,0,0,0,0,0.6,0.169230769,0.230769231,0,0,0.88,0,0.12,0,1,0.037037037,0,0,0.925925926,0.037037037
63,1,0,0,0,0,0,0,0,0,0,0.764705882,0.215686275,0,0.019607843,0.230769231,0.676923077,0,0.092307692,0,1,0,0,0,0.943396226,0.056603774
64,1,0,0,0,0,0,0,0,0,0,0.764705882,0.215686275,0,0.019607843,0.230769231,0.676923077,0,0.092307692,0,1,0,0,0,0.943396226,0.056603774
65,1,0,0,0,1,0,0,0,0,0,0.78,0.22,0,0,0.230769231,0.676923077,0,0.092307692,0,1,0.019607843,0,0.058823529,0.921568627,0
66,1,0,0,0,0,0,0,0,0,0,0.764705882,0.215686275,0,0.019607843,0.230769231,0.676923077,0,0.092307692,0,1,0,0,0,0.943396226,0.056603774
67,1,0,0,0,0,0,0,0,0,0,0.764705882,0.215686275,0,0.019607843,0.230769231,0.676923077,0,0.092307692,0,1,0,0,0,0.943396226,0.056603774
68,1,0,0,0,0,0,0,0,0,0,0.78,0.22,0,0,0.230769231,0.676923077,0,0.092307692,0,1,0.018518519,0,0,0.925925926,0.055555556
69,1,0,0,0,0,0,0,0,0,0,0.78,0.22,0,0,0.230769231,0.676923077,0,0.092307692,0,1,0.018518519,0,0,0.925925926,0.055555556
70,1,0,0,0,0,0,0,0,0,0,0.78,0.22,0,0,0.230769231,0.676923077,0,0.092307692,0,1,0.018518519,0,0,0.925925926,0.055555556
71,1,0,0,0,1,0,0,0,0,0,0.6,0.169230769,0.230769231,0,0,0.846153846,0.038461538,0.115384615,0,1,0,0.04,0,0.96,0
72,1,0,0,0,1,0,0,0,0,0,0.6,0.169230769,0.230769231,0,0,0.846153846,0.038461538,0.115384615,0,1,0,0.04,0,0.96,0
73,1,0,0,0,0,0,0,0,0,0,0.764705882,0.215686275,0,0.019607843,0.230769231,0.676923077,0,0.092307692,0,1,0,0,0,0.943396226,0.056603774
74,1,0,0,0,0,0,0,0,0,0,0.78,0.22,0,0,0.230769231,0.676923077,0,0.092307692,0,1,0.018518519,0,0,0.925925926,0.055555556
75,1,0,0,0,1,0,0,0,0,0,0.78,0.22,0,0,0.230769231,0.676923077,0,0.092307692,0,1,0.019607843,0,0.058823529,0.921568627,0
76,1,0,0,0,1,0,0,0,0,0,0.78,0.22,0,0,0.230769231,0.676923077,0,0.092307692,0,1,0,0.02,0.06,0.92,0
77,1,0,0,0,1,0,0,0,0,0,0.78,0.22,0,0,0.230769231,0.676923077,0,0.092307692,0,1,0.019607843,0,0.058823529,0.921568627,0
78,1,0,0,0,1,0,0,0,0,0,0.78,0.22,0,0,0.230769231,0.676923077,0,0.092307692,0,1,0,0.02,0.06,0.92,0
79,1,0,0,0,0,0,0,0,0,0,0.609375,0.171875,0.21875,0,0,0.88,0,0.12,0,1,0.036363636,0,0,0.909090909,0.054545455
80,1,0,0,0,0,0,0,0,0,0,0.6,0.169230769,0.230769231,0,0,0.88,0,0.12,0,1,0.037037037,0,0,0.925925926,0.037037037
81,1,0,0,0,0,0,0,0,0,0,0.6,0.169230769,0.230769231,0,0,0.88,0,0.12,0,1,0.037037037,0,0,0.925925926,0.037037037
82,1,0,0,0,0,0,0,0,0,0,0.6,0.169230769,0.230769231,0,0,0.88,0,0.12,0,1,0.037037037,0,0,0.925925926,0.037037037
83,1,0,0,0,0,0,0,0,0,0,0.6,0.169230769,0.230769231,0,0,0.88,0,0.12,0,1,0.037037037,0,0,0.925925926,0.037037037
84,1,0,0,0,0,0,0,0,0,0,0.6,0.169230769,0.230769231,0,0,0.88,0,0.12,0,1,0.037037037,0,0,0.925925926,0.037037037
85,1,0,0,0,0,0,0,0,0,0,0.6,0.169230769,0.230769231,0,0,0.88,0,0.12,0,1,0.037037037,0,0,0.925925926,0.037037037
86,1,0,0,0,1,0,0,0,0,0,0.764705882,0.215686275,0,0.019607843,0.230769231,0.676923077,0,0.092307692,0,1,0,0,0.06,0.94,0
87,1,0,0,0,1,0,0,0,0,0,0.78,0.22,0,0,0.230769231,0.676923077,0,0.092307692,0,1,0.019607843,0,0.058823529,0.921568627,0
88,1,0,0,0,1,0,0,0,0,0,0.78,0.22,0,0,0.230769231,0.676923077,0,0.092307692,0,1,0.019607843,0,0.058823529,0.921568627,0
89,1,0,0,0,1,0,0,0,0,0,0.764705882,0.215686275,0,0.019607843,0.230769231,0.676923077,0,0.092307692,0,1,0,0,0.06,0.94,0
90,1,0,0,0,1,0,0,0,0,0,0.78,0.22,0,0,0.230769231,0.676923077,0,0.092307692,0,1,0,0.02,0.06,0.92,0
91,1,0,0,0,1,0,0,0,0,0,0.764705882,0.215686275,0,0.019607843,0.230769231,0.676923077,0,0.092307692,0,1,0,0,0.06,0.94,0
92,1,0,0,0,0,0,0,0,0,0,0.65,0.183333333,0.15,0.016666667,0.107142857,0.785714286,0,0.107142857,0,1,0,0,0,0.943396226,0.056603774
93,1,0,0,0,0,0,0,0,0,0,0.65,0.183333333,0.15,0.016666667,0.122807018,0.771929825,0,0.105263158,0,1,0,0,0,0.961538462,0.038461538
94,1,0,0,0,0,0,0,0,0,0,0.639344262,0.180327869,0.180327869,0,0.074074074,0.814814815,0,0.111111111,0,1,0.037037037,0,0,0.925925926,0.037037037
95,1,0,0,0,1,0,0,0,0,0,0.684210526,0.192982456,0.122807018,0,0.152542373,0.745762712,0,0.101694915,0,1,0,0.019230769,0,0.942307692,0.038461538
96,1,0,0,0,0,0,0,0,0,0,0.65,0.183333333,0.166666667,0,0.107142857,0.785714286,0,0.107142857,0,1,0.018867925,0,0,0.943396226,0.037735849
97,1,0,0,0,0,0,0,0,0,0,0.696428571,0.196428571,0.089285714,0.017857143,0.180327869,0.721311475,0,0.098360656,0,1,0,0,0,0.961538462,0.038461538
98,1,0,0,0,0,0,0,0,0,0,0.6,0.169230769,0.230769231,0,0,0.88,0,0.12,0,1,0.037037037,0,0,0.925925926,0.037037037
99,1,0,0,0,0,0,0,0,0,0,0.6,0.169230769,0.230769231,0,0,0.88,0,0.12,0,1,0.037037037,0,0,0.925925926,0.037037037
100,1,0,0,0,1,0,0,0,0,0,0.78,0.22,0,0,0.230769231,0.676923077,0,0.092307692,0,1,0,0.02,0.06,0.92,0
101,1,0,0,0,1,0,0,0,0,0,0.764705882,0.215686275,0,0.019607843,0.230769231,0.676923077,0,0.092307692,0,1,0,0,0.06,0.94,0
102,1,0,0,0,1,0,0,0,0,0,0.78,0.22,0,0,0.230769231,0.676923077,0,0.092307692,0,1,0.019607843,0,0.058823529,0.921568627,0
103,1,0,0,0,1,0,0,0,0,0,0.6,0.169230769,0.230769231,0,0,0.846153846,0.038461538,0.115384615,0,1,0,0.04,0,0.96,0
104,1,0,0,0,0,0,0,0,0,0,0.6,0.169230769,0.230769231,0,0,0.88,0,0.12,0,1,0.037037037,0,0,0.925925926,0.037037037
105,1,0,0,0,1,0,0,0,0,0,0.78,0.22,0,0,0.230769231,0.676923077,0,0.092307692,0,1,0,0.02,0.06,0.92,0
106,1,0,0,0,0,0,0,0,0,0,0.6,0.169230769,0.230769231,0,0,0.88,0,0.12,0,1,0.037037037,0,0,0.925925926,0.037037037
107,1,0,0,0,0,0,0,0,0,0,0.6,0.169230769,0.230769231,0,0,0.88,0,0.12,0,1,0.037037037,0,0,0.925925926,0.037037037
108,1,0,0,0,0,0,0,0,0,0,0.6,0.169230769,0.230769231,0,0,0.88,0,0.12,0,1,0.037037037,0,0,0.925925926,0.037037037
109,1,0,0,0,1,0,0,0,0,0,0.78,0.22,0,0,0.230769231,0.676923077,0,0.092307692,0,1,0,0.02,0.06,0.92,0
110,1,0,0,0,1,0,0,0,0,0,0.78,0.22,0,0,0.230769231,0.676923077,0,0.092307692,0,1,0,0.02,0.06,0.92,0
111,1,0,0,0,1,0,0,0,0,0,0.78,0.22,0,0,0.230769231,0.676923077,0,0.092307692,0,1,0.019607843,0,0.058823529,0.921568627,0
112,1,0,0,0,1,0,0,0,0,0,0.78,0.22,0,0,0.230769231,0.676923077,0,0.092307692,0,1,0.019607843,0,0.058823529,0.921568627,0
113,1,0,0,0,1,0,0,0,0,0,0.78,0.22,0,0,0.230769231,0.676923077,0,0.092307692,0,1,0,0.02,0.06,0.92,0
114,1,0,0,0,1,0,0,0,0,0,0.764705882,0.215686275,0,0.019607843,0.230769231,0.676923077,0,0.092307692,0,1,0,0,0.06,0.94,0
115,1,0,0,0,1,0,0,0,0,0,0.78,0.22,0,0,0.230769231,0.676923077,0,0.092307692,0,1,0,0.02,0.06,0.92,0
116,1,0,0,0,1,0,0,0,0,0,0.6,0.169230769,0.230769231,0,0,0.846153846,0.038461538,0.115384615,0,1,0,0.04,0,0.96,0
117,1,0,0,0,1,0,0,0,0,0,0.6,0.169230769,0.230769231,0,0,0.846153846,0.038461538,0.115384615,0,1,0,0.04,0,0.96,0
118,1,0,0,0,1,0,0,0,0,0,0.6,0.169230769,0.230769231,0,0,0.846153846,0.038461538,0.115384615,0,1,0,0.04,0,0.96,0
119,1,0,0,0,1,0,0,0,0,0,0.6,0.169230769,0.230769231,0,0,0.846153846,0.038461538,0.115384615,0,1,0,0.04,0,0.96,0
120,1,0,0,0,1,0,0,0,0,0,0.6,0.169230769,0.230769231,0,0,0.846153846,0.038461538,0.115384615,0,1,0,0.04,0,0.96,0
121,1,0,0,0,1,0,0,0,0,0,0.6,0.169230769,0.230769231,0,0,0.846153846,0.038461538,0.115384615,0,1,0,0.04,0,0.96,0
122,1,0,0,0,1,0,0,0,0,0,0.6,0.169230769,0.230769231,0,0,0.846153846,0.038461538,0.115384615,0,1,0,0.04,0,0.96,0
123,1,0,0,0,1,0,0,0,0,0,0.6,0.169230769,0.230769231,0,0,0.88,0,0.12,0,1,0,0.038461538,0,0.923076923,0.038461538
124,1,0,0,0,1,0,0,0,0,0,0.6,0.169230769,0.230769231,0,0,0.846153846,0.038461538,0.115384615,0,1,0,0.04,0,0.96,0
125,1,0,0,0,1,0,0,0,0,0,0.6,0.169230769,0.230769231,0,0,0.846153846,0.038461538,0.115384615,0,1,0,0.04,0,0.96,0
126,1,0,0,0,1,0,0,0,0,0,0.78,0.22,0,0,0.230769231,0.676923077,0,0.092307692,0,1,0.019607843,0,0.058823529,0.921568627,0
127,1,0,0,0,1,0,0,0,0,0,0.78,0.22,0,0,0.230769231,0.676923077,0,0.092307692,0,1,0,0.02,0.06,0.92,0
128,1,0,0,0,1,0,0,0,0,0,0.6,0.169230769,0.230769231,0,0,0.88,0,0.12,0,1,0,0.038461538,0,0.923076923,0.038461538
129,1,0,0,0,1,0,0,0,0,0,0.78,0.22,0,0,0.230769231,0.676923077,0,0.092307692,0,1,0.019607843,0,0.058823529,0.921568627,0
130,1,0,0,0,1,0,0,0,0,0,0.78,0.22,0,0,0.230769231,0.676923077,0,0.092307692,0,1,0,0.02,0.06,0.92,0
131,1,0,0,0,1,0,0,0,0,0,0.78,0.22,0,0,0.230769231,0.676923077,0,0.092307692,0,1,0.019607843,0,0.058823529,0.921568627,0
132,1,0,0,0,1,0,0,0,0,0,0.764705882,0.215686275,0,0.019607843,0.230769231,0.676923077,0,0.092307692,0,1,0,0,0.06,0.94,0
133,1,0,0,0,1,0,0,0,0,0,0.78,0.22,0,0,0.230769231,0.676923077,0,0.092307692,0,1,0,0.02,0.06,0.92,0
134,1,0,0,0,1,0,0,0,0,0,0.764705882,0.215686275,0,0.019607843,0.230769231,0.676923077,0,0.092307692,0,1,0,0,0.06,0.94,0
135,1,0,0,0,1,0,0,0,0,0,0.764705882,0.215686275,0,0.019607843,0.230769231,0.676923077,0,0.092307692,0,1,0,0,0.06,0.94,0
136,1,0,0,0,1,0,0,0,0,0,0.78,0.22,0,0,0.230769231,0.676923077,0,0.092307692,0,1,0.019607843,0,0.058823529,0.921568627,0
137,1,0,0,0,1,0,0,0,0,0,0.78,0.22,0,0,0.230769231,0.676923077,0,0.092307692,0,1,0.019607843,0,0.058823529,0.921568627,0
138,1,0,0,0,1,0,0,0,0,0,0.78,0.22,0,0,0.230769231,0.676923077,0,0.092307692,0,1,0.019607843,0,0.058823529,0.921568627,0
139,1,0,0,0,1,0,0,0,0,0,0.78,0.22,0,0,0.230769231,0.676923077,0,0.092307692,0,1,0.019607843,0,0.058823529,0.921568627,0
140,1,0,0,0,1,0,0,0,0,0,0.764705882,0.215686275,0,0.019607843,0.230769231,0.676923077,0,0.092307692,0,1,0,0,0.06,0.94,0
141,1,0,0,0,1,0,0,0,0,0,0.78,0.22,0,0,0.230769231,0.676923077,0,0.092307692,0,1,0.019607843,0,0.058823529,0.921568627,0
142,1,0,0,0,1,0,0,0,0,0,0.6,0.169230769,0.230769231,0,0,0.846153846,0.038461538,0.115384615,0,1,0,0.04,0,0.96,0
143,1,0,0,0,1,0,0,0,0,0,0.6,0.169230769,0.230769231,0,0,0.846153846,0.038461538,0.115384615,0,1,0,0.04,0,0.96,0
144,1,0,0,0,1,0,0,0,0,0,0.78,0.22,0,0,0.230769231,0.676923077,0,0.092307692,0,1,0.019607843,0,0.058823529,0.921568627,0
145,1,0,0,0,1,0,0,0,0,0,0.78,0.22,0,0,0.230769231,0.676923077,0,0.092307692,0,1,0.019607843,0,0.058823529,0.921568627,0
146,1,0,0,0,1,0,0,0,0,0,0.6,0.169230769,0.230769231,0,0,0.846153846,0.038461538,0.115384615,0,1,0,0.04,0,0.96,0
147,1,0,0,0,1,0,0,0,0,0,0.6,0.169230769,0.230769231,0,0,0.88,0,0.12,0,1,0,0.04,0.04,0.92,0
148,1,0,0,0,1,0,0,0,0,0,0.6,0.169230769,0.230769231,0,0,0.88,0,0.12,0,1,0,0.04,0.04,0.92,0
149,1,0,0,0,1,0,0,0,0,0,0.78,0.22,0,0,0.230769231,0.676923077,0,0.092307692,0,1,0,0.02,0.06,0.92,0
150,1,0,0,0,1,0,0,0,0,0,0.6,0.169230769,0.230769231,0,0,0.88,0,0.12,0,1,0,0.04,0.04,0.92,0
151,1,0,0,0,1,0,0,0,0,0,0.6,0.169230769,0.230769231,0,0,0.88,0,0.12,0,1,0,0.04,0.04,0.92,0
152,1,0,0,0,1,0,0,0,0,0,0.609375,0.171875,0.21875,0,0,0.88,0,0.12,0,1,0,0.04,0.06,0.9,0
153,1,0,0,0,1,0,0,0,0,0,0.6,0.169230769,0.230769231,0,0,0.88,0,0.12,0,1,0,0.04,0.04,0.92,0
154,1,0,0,0,1,0,0,0,0,0,0.78,0.22,0,0,0.230769231,0.676923077,0,0.092307692,0,1,0,0.02,0.06,0.92,0
155,1,0,0,0,1,0,0,0,0,0,0.78,0.22,0,0,0.230769231,0.676923077,0,0.092307692,0,1,0,0.02,0.06,0.92,0
156,1,0,0,0,1,0,0,0,0,0,0.764705882,0.215686275,0,0.019607843,0.230769231,0.676923077,0,0.092307692,0,1,0,0,0.06,0.94,0
157,1,0,0,0,1,0,0,0,0,0,0.6,0.169230769,0.230769231,0,0,0.88,0,0.12,0,1,0,0.04,0.04,0.92,0
158,1,0,0,0,1,0,0,0,0,0,0.764705882,0.215686275,0,0.019607843,0.230769231,0.676923077,0,0.092307692,0,1,0,0,0.06,0.94,0
159,1,0,0,0,1,0,0,0,0,0,0.78,0.22,0,0,0.230769231,0.676923077,0,0.092307692,0,1,0.019607843,0,0.058823529,0.921568627,0
160,1,0,0,0,1,0,0,0,0,0,0.78,0.22,0,0,0.230769231,0.676923077,0,0.092307692,0,1,0.019607843,0,0.058823529,0.921568627,0
161,1,0,0,0,1,0,0,0,0,0,0.78,0.22,0,0,0.230769231,0.676923077,0,0.092307692,0,1,0.019607843,0,0.058823529,0.921568627,0
162,1,0,0,0,1,0,0,0,0,0,0.764705882,0.215686275,0,0.019607843,0.230769231,0.676923077,0,0.092307692,0,1,0,0,0.06,0.94,0
163,1,0,0,0,1,0,0,0,0,0,0.764705882,0.215686275,0,0.019607843,0.230769231,0.676923077,0,0.092307692,0,1,0,0,0.06,0.94,0
164,1,0,0,0,1,0,0,0,0,0,0.78,0.22,0,0,0.230769231,0.676923077,0,0.092307692,0,1,0,0.02,0.06,0.92,0
165,1,0,0,0,1,0,0,0,0,0,0.78,0.22,0,0,0.21875,0.6875,0,0.09375,0,1,0,0.04,0.06,0.9,0
166,1,0,0,0,1,0,0,0,0,0,0.78,0.22,0,0,0.230769231,0.676923077,0,0.092307692,0,1,0,0.02,0.06,0.92,0
167,1,0,0,0,1,0,0,0,0,0,0.78,0.22,0,0,0.230769231,0.676923077,0,0.092307692,0,1,0.019607843,0,0.058823529,0.921568627,0
168,1,0,0,0,1,0,0,0,0,0,0.6,0.169230769,0.230769231,0,0,0.88,0,0.12,0,1,0,0.04,0.04,0.92,0
169,1,0,0,0,1,0,0,0,0,0,0.6,0.169230769,0.230769231,0,0,0.88,0,0.12,0,1,0,0.04,0.04,0.92,0
170,1,0,0,0,1,0,0,0,0,0,0.78,0.22,0,0,0.230769231,0.676923077,0,0.092307692,0,1,0.019607843,0,0.058823529,0.921568627,0
171,1,0,0,0,1,0,0,0,0,0,0.6,0.169230769,0.230769231,0,0,0.88,0,0.12,0,1,0,0.04,0.04,0.92,0
172,1,0,0,0,1,0,0,0,0,0,0.6,0.169230769,0.230769231,0,0,0.846153846,0.038461538,0.115384615,0,1,0,0.04,0,0.96,0
173,1,0,0,0,1,0,0,0,0,0,0.764705882,0.215686275,0,0.019607843,0.230769231,0.676923077,0,0.092307692,0,1,0,0,0.06,0.94,0
174,1,0,0,0,1,0,0,0,0,0,0.764705882,0.215686275,0,0.019607843,0.230769231,0.676923077,0,0.092307692,0,1,0,0,0.06,0.94,0
175,1,0,0,0,1,0,0,0,0,0,0.78,0.22,0,0,0.230769231,0.676923077,0,0.092307692,0,1,0,0.02,0.06,0.92,0
176,1,0,0,0,1,0,0,0,0,0,0.78,0.22,0,0,0.230769231,0.676923077,0,0.092307692,0,1,0.019607843,0,0.058823529,0.921568627,0
177,1,0,0,0,1,0,0,0,0,0,0.78,0.22,0,0,0.230769231,0.676923077,0,0.092307692,0,1,0.019607843,0,0.058823529,0.921568627,0
178,1,0,0,0,1,0,0,0,0,0,0.78,0.22,0,0,0.230769231,0.676923077,0,0.092307692,0,1,0,0.02,0.06,0.92,0
179,1,0,0,0,1,0,0,0,0,0,0.764705882,0.215686275,0,0.019607843,0.230769231,0.676923077,0,0.092307692,0,1,0,0,0.06,0.94,0
180,1,0,0,0,1,0,0,0,0,0,0.78,0.22,0,0,0.230769231,0.676923077,0,0.092307692,0,1,0,0.02,0.06,0.92,0
181,1,0,0,0,1,0,0,0,0,0,0.764705882,0.215686275,0,0.019607843,0.230769231,0.676923077,0,0.092307692,0,1,0,0,0.06,0.94,0
182,1,0,0,0,1,0,0,0,0,0,0.764705882,0.215686275,0,0.019607843,0.230769231,0.676923077,0,0.092307692,0,1,0,0,0.06,0.94,0
183,1,0,0,0,1,0,0,0,0,0,0.609375,0.171875,0.21875,0,0,0.88,0,0.12,0,1,0,0.04,0.06,0.9,0
184,1,0,0,0,1,0,0,0,0,0,0.6,0.169230769,0.230769231,0,0,0.88,0,0.12,0,1,0,0.04,0.04,0.92,0
185,1,0,0,0,1,0,0,0,0,0,0.6,0.169230769,0.230769231,0,0,0.88,0,0.12,0,1,0,0.04,0.04,0.92,0
186,1,0,0,0,1,0,0,0,0,0,0.609375,0.171875,0.21875,0,0,0.88,0,0.12,0,1,0,0.04,0.06,0.9,0
187,1,0,0,0,1,0,0,0,0,0,0.6,0.169230769,0.230769231,0,0,0.88,0,0.12,0,1,0,0.04,0.04,0.92,0
188,1,0,0,0,1,0,0,0,0,0,0.78,0.22,0,0,0.230769231,0.676923077,0,0.092307692,0,1,0.019607843,0,0.058823529,0.921568627,0
189,1,0,0,0,1,0,0,0,0,0,0.78,0.22,0,0,0.230769231,0.676923077,0,0.092307692,0,1,0.019607843,0,0.058823529,0.921568627,0
190,1,0,0,0,1,0,0,0,0,0,0.78,0.22,0,0,0.230769231,0.676923077,0,0.092307692,0,1,0.019607843,0,0.058823529,0.921568627,0
191,1,0,0,0,1,0,0,0,0,0,0.78,0.22,0,0,0.230769231,0.676923077,0,0.092307692,0,1,0,0.02,0.06,0.92,0
192,1,0,0,0,1,0,0,0,0,0,0.78,0.22,0,0,0.230769231,0.676923077,0,0.092307692,0,1,0.019607843,0,0.058823529,0.921568627,0
193,1,0,0,0,1,0,0,0,0,0,0.6,0.169230769,0.230769231,0,0,0.846153846,0.038461538,0.115384615,0,1,0,0.04,0,0.96,0
194,1,0,0,0,1,0,0,0,0,0,0.764705882,0.215686275,0,0.019607843,0.230769231,0.676923077,0,0.092307692,0,1,0,0,0.06,0.94,0
195,1,0,0,0,1,0,0,0,0,0,0.764705882,0.215686275,0,0.019607843,0.230769231,0.676923077,0,0.092307692,0,1,0,0,0.06,0.94,0
196,1,0,0,0,1,0,0,0,0,0,0.6,0.169230769,0.230769231,0,0,0.88,0,0.12,0,1,0,0.04,0.04,0.92,0
197,1,0,0,0,1,0,0,0,0,0,0.6,0.169230769,0.230769231,0,0,0.88,0,0.12,0,1,0,0.04,0.04,0.92,0
198,1,0,0,0,0,0.75,0.211538462,0.019230769,0.019230769,0,0,0,0,0,0,0,0.038461538,0,0.961538462,1,0.230769231,0.676923077,0.092307692,0,0
199,1,0,0,0,1,0,0,0,0,0,0.78,0.22,0,0,0.21875,0.6875,0,0.09375,0,1,0,0.04,0.06,0.9,0
200,1,0,0,0,1,0,0,0,0,0,0.78,0.22,0,0,0.230769231,0.676923077,0,0.092307692,0,1,0,0.02,0.06,0.92,0
201,1,0,0,0,1,0,0,0,0,0,0.764705882,0.215686275,0,0.019607843,0.230769231,0.676923077,0,0.092307692,0,1,0,0,0.06,0.94,0
202,1,0,0,0,1,0,0,0,0,0,0.609375,0.171875,0.21875,0,0,0.88,0,0.12,0,1,0,0.04,0.06,0.9,0
203,1,0,0,0,1,0,0,0,0,0,0.609375,0.171875,0.21875,0,0,0.88,0,0.12,0,1,0,0.04,0.06,0.9,0
204,1,0,0,0,1,0,0,0,0,0,0.6,0.169230769,0.230769231,0,0,0.88,0,0.12,0,1,0,0.04,0.04,0.92,0
205,1,0,0,0,1,0,0,0,0,0,0.78,0.22,0,0,0.230769231,0.676923077,0,0.092307692,0,1,0.019607843,0,0.058823529,0.921568627,0
206,1,0,0,0,1,0,0,0,0,0,0.78,0.22,0,0,0.230769231,0.676923077,0,0.092307692,0,1,0,0.02,0.06,0.92,0
207,1,0,0,0,1,0,0,0,0,0,0.609375,0.171875,0.21875,0,0,0.88,0,0.12,0,1,0,0.04,0.06,0.9,0
208,1,0,0,0,1,0,0,0,0,0,0.6,0.169230769,0.230769231,0,0,0.88,0,0.12,0,1,0,0.04,0.04,0.92,0
209,1,0,0,0,1,0,0,0,0,0,0.609375,0.171875,0.21875,0,0,0.88,0,0.12,0,1,0,0.04,0.06,0.9,0
210,1,0,0,0,1,0,0,0,0,0,0.6,0.169230769,0.230769231,0,0,0.88,0,0.12,0,1,0,0.04,0.04,0.92,0
211,1,0,0,0,1,0,0,0,0,0,0.78,0.22,0,0,0.230769231,0.676923077,0,0.092307692,0,1,0,0.02,0.06,0.92,0
212,1,0,0,0,1,0,0,0,0,0,0.78,0.22,0,0,0.230769231,0.676923077,0,0.092307692,0,1,0.019607843,0,0.058823529,0.921568627,0
213,1,0,0,0,1,0,0,0,0,0,0.78,0.22,0,0,0.21875,0.6875,0,0.09375,0,1,0,0.04,0.06,0.9,0
214,1,0,0,0,1,0,0,0,0,0,0.609375,0.171875,0.21875,0,0,0.88,0,0.12,0,1,0,0.04,0.06,0.9,0
215,1,0,0,0,1,0,0,0,0,0,0.6,0.169230769,0.230769231,0,0,0.88,0,0.12,0,1,0,0.04,0.04,0.92,0
216,1,0,0,0,1,0,0,0,0,0,0.6,0.169230769,0.230769231,0,0,0.88,0,0.12,0,1,0,0.04,0.04,0.92,0
217,1,0,0,0,1,0,0,0,0,0,0.78,0.22,0,0,0.230769231,0.676923077,0,0.092307692,0,1,0.019607843,0,0.058823529,0.921568627,0
218,1,0,0,0,1,0,0,0,0,0,0.78,0.22,0,0,0.230769231,0.676923077,0,0.092307692,0,1,0,0.02,0.06,0.92,0
219,1,0,0,0,1,0,0,0,0,0,0.78,0.22,0,0,0.230769231,0.676923077,0,0.092307692,0,1,0,0.02,0.06,0.92,0
220,1,0,0,0,1,0,0,0,0,0,0.78,0.22,0,0,0.230769231,0.676923077,0,0.092307692,0,1,0,0.02,0.06,0.92,0
221,1,0,0,0,1,0,0,0,0,0,0.764705882,0.215686275,0,0.019607843,0.230769231,0.676923077,0,0.092307692,0,1,0,0,0.06,0.94,0
222,1,0,0,0,1,0,0,0,0,0,0.78,0.22,0,0,0.230769231,0.676923077,0,0.092307692,0,1,0,0.02,0.06,0.92,0
223,1,0,0,0,1,0,0,0,0,0,0.78,0.22,0,0,0.230769231,0.676923077,0,0.092307692,0,1,0.019607843,0,0.058823529,0.921568627,0
224,1,0,0,0,1,0,0,0,0,0,0.78,0.22,0,0,0.230769231,0.676923077,0,0.092307692,0,1,0.019607843,0,0.058823529,0.921568627,0
225,1,0,0,0,1,0,0,0,0,0,0.78,0.22,0,0,0.230769231,0.676923077,0,0.092307692,0,1,0,0.02,0.06,0.92,0
226,1,0,0,0,1,0,0,0,0,0,0.764705882,0.215686275,0,0.019607843,0.230769231,0.676923077,0,0.092307692,0,1,0,0,0.06,0.94,0
227,1,0,0,0,1,0,0,0,0,0,0.78,0.22,0,0,0.230769231,0.676923077,0,0.092307692,0,1,0.019607843,0,0.058823529,0.921568627,0
228,1,0,0,0,1,0,0,0,0,0,0.78,0.22,0,0,0.230769231,0.676923077,0,0.092307692,0,1,0.019607843,0,0.058823529,0.921568627,0
229,1,0,0,0,1,0,0,0,0,0,0.764705882,0.215686275,0,0.019607843,0.230769231,0.676923077,0,0.092307692,0,1,0,0,0.06,0.94,0
230,1,0,0,0,0,0,0,0,0,0,0.78,0.22,0,0,0.21875,0.6875,0,0.09375,0,1,0.036363636,0,0,0.909090909,0.054545455
231,1,0,0,0,0,0,0,0,0,0,0.78,0.22,0,0,0.21875,0.6875,0,0.09375,0,1,0.036363636,0,0,0.909090909,0.054545455
232,1,0,0,0,1,0,0,0,0,0,0.6,0.169230769,0.230769231,0,0,0.88,0,0.12,0,1,0.038461538,0,0.038461538,0.923076923,0
233,1,0,0,0,1,0,0,0,0,0,0.6,0.169230769,0.230769231,0,0,0.88,0,0.12,0,1,0.038461538,0,0.038461538,0.923076923,0
234,1,0,0,0,1,0,0,0,0,0,0.6,0.169230769,0.230769231,0,0,0.846153846,0.038461538,0.115384615,0,1,0,0.04,0,0.96,0
235,1,0,0,0,1,0,0,0,0,0,0.6,0.169230769,0.230769231,0,0,0.846153846,0.038461538,0.115384615,0,1,0,0.04,0,0.96,0
236,1,0,0,0,1,0,0,0,0,0,0.6,0.169230769,0.230769231,0,0,0.88,0,0.12,0,1,0.038461538,0,0.038461538,0.923076923,0
237,1,0,0,0,1,0,0,0,0,0,0.78,0.22,0,0,0.230769231,0.676923077,0,0.092307692,0,1,0,0.02,0.06,0.92,0
238,1,0,0,0,1,0,0,0,0,0,0.78,0.22,0,0,0.230769231,0.676923077,0,0.092307692,0,1,0,0.02,0.06,0.92,0
239,1,0,0,0,1,0,0,0,0,0,0.6,0.169230769,0.230769231,0,0,0.846153846,0.038461538,0.115384615,0,1,0,0.04,0,0.96,0
240,1,0,0,0,1,0,0,0,0,0,0.6,0.169230769,0.230769231,0,0,0.88,0,0.12,0,1,0.038461538,0,0.038461538,0.923076923,0
241,1,0,0,0,1,0,0,0,0,0,0.78,0.22,0,0,0.230769231,0.676923077,0,0.092307692,0,1,0.019607843,0,0.058823529,0.921568627,0
242,1,0,0,0,1,0,0,0,0,0,0.6,0.169230769,0.230769231,0,0,0.846153846,0.038461538,0.115384615,0,1,0,0.04,0,0.96,0
243,1,0,0,0,1,0,0,0,0,0,0.78,0.22,0,0,0.230769231,0.676923077,0,0.092307692,0,1,0,0.02,0.06,0.92,0
244,1,0,0,0,0,0,0,0,0,0,0.78,0.22,0,0,0.230769231,0.676923077,0,0.092307692,0,1,0.018518519,0,0,0.925925926,0.055555556
245,1,0,0,0,0,0,0,0,0,0,0.764705882,0.215686275,0,0.019607843,0.230769231,0.676923077,0,0.092307692,0,1,0,0,0,0.943396226,0.056603774
246,1,0,0,0,0,0,0,0,0,0,0.764705882,0.215686275,0,0.019607843,0.230769231,0.676923077,0,0.092307692,0,1,0,0,0,0.943396226,0.056603774
247,1,0,0,0,0,0,0,0,0,0,0.764705882,0.215686275,0,0.019607843,0.230769231,0.676923077,0,0.092307692,0,1,0,0,0,0.943396226,0.056603774
248,1,0,0,0,1,0,0,0,0,0,0.6,0.169230769,0.230769231,0,0,0.846153846,0.038461538,0.115384615,0,1,0,0.04,0,0.96,0
249,1,0,0,0,1,0,0,0,0,0,0.6,0.169230769,0.230769231,0,0,0.88,0,0.12,0,1,0.038461538,0,0.038461538,0.923076923,0
250,1,0,0,0,1,0,0,0,0,0,0.6,0.169230769,0.230769231,0,0,0.88,0,0.12,0,1,0.038461538,0,0.038461538,0.923076923,0
251,1,0,0,0,1,0,0,0,0,0,0.78,0.22,0,0,0.230769231,0.676923077,0,0.092307692,0,1,0,0.02,0.06,0.92,0
252,1,0,0,0,0,0,0,0,0,0,0.764705882,0.215686275,0,0.019607843,0.230769231,0.676923077,0,0.092307692,0,1,0,0,0,0.943396226,0.056603774
253,1,0,0,0,0,0,0,0,0,0,0.764705882,0.215686275,0,0.019607843,0.230769231,0.676923077,0,0.092307692,0,1,0,0,0,0.943396226,0.056603774
254,1,0,0,0,1,0,0,0,0,0,0.6,0.169230769,0.230769231,0,0,0.846153846,0.038461538,0.115384615,0,1,0,0.04,0,0.96,0
255,1,0,0,0,1,0,0,0,0,0,0.78,0.22,0,0,0.230769231,0.676923077,0,0.092307692,0,1,0,0.02,0.06,0.92,0
256,1,0,0,0,1,0,0,0,0,0,0.78,0.22,0,0,0.230769231,0.676923077,0,0.092307692,0,1,0,0.02,0.06,0.92,0
257,1,0,0,0,1,0,0,0,0,0,0.6,0.169230769,0.230769231,0,0,0.88,0,0.12,0,1,0.038461538,0,0.038461538,0.923076923,0
258,1,0,0,0,0,0,0,0,0,0,0.78,0.22,0,0,0.230769231,0.676923077,0,0.092307692,0,1,0.018518519,0,0,0.925925926,0.055555556
259,1,0,0,0,1,0,0,0,0,0,0.78,0.22,0,0,0.230769231,0.676923077,0,0.092307692,0,1,0,0.02,0.06,0.92,0
260,1,0,0,0,1,0,0,0,0,0,0.764705882,0.215686275,0,0.019607843,0.230769231,0.676923077,0,0.092307692,0,1,0,0,0.06,0.94,0
261,1,0,0,0,1,0,0,0,0,0,0.609375,0.171875,0.21875,0,0,0.88,0,0.12,0,1,0.038461538,0,0.057692308,0.903846154,0
262,1,0,0,0,1,0,0,0,0,0,0.609375,0.171875,0.21875,0,0,0.88,0,0.12,0,1,0.038461538,0,0.057692308,0.903846154,0
263,1,0,0,0,1,0,0,0,0,0,0.6,0.169230769,0.230769231,0,0,0.88,0,0.12,0,1,0.038461538,0,0.038461538,0.923076923,0
264,1,0,0,0,1,0,0,0,0,0,0.6,0.169230769,0.230769231,0,0,0.846153846,0.038461538,0.115384615,0,1,0,0.04,0,0.96,0
265,1,0,0,0,1,0,0,0,0,0,0.78,0.22,0,0,0.230769231,0.676923077,0,0.092307692,0,1,0.019607843,0,0.058823529,0.921568627,0
266,1,0,0,0,1,0,0,0,0,0,0.764705882,0.215686275,0,0.019607843,0.230769231,0.676923077,0,0.092307692,0,1,0,0,0.06,0.94,0
267,1,0,0,0,1,0,0,0,0,0,0.6,0.169230769,0.230769231,0,0,0.88,0,0.12,0,1,0.038461538,0,0.038461538,0.923076923,0
268,1,0,0,0,0,0,0,0,0,0,0.764705882,0.215686275,0,0.019607843,0.230769231,0.676923077,0,0.092307692,0,1,0,0,0,0.943396226,0.056603774
269,1,0,0,0,1,0,0,0,0,0,0.6,0.169230769,0.230769231,0,0,0.88,0,0.12,0,1,0.038461538,0,0.038461538,0.923076923,0
270,1,0,0,0,1,0,0,0,0,0,0.6,0.169230769,0.230769231,0,0,0.88,0,0.12,0,1,0.038461538,0,0.038461538,0.923076923,0
271,1,0,0,0,1,0,0,0,0,0,0.6,0.169230769,0.230769231,0,0,0.88,0,0.12,0,1,0.038461538,0,0.038461538,0.923076923,0
272,1,0,0,0,1,0,0,0,0,0,0.6,0.169230769,0.230769231,0,0,0.88,0,0.12,0,1,0.038461538,0,0.038461538,0.923076923,0
273,1,0,0,0,1,0,0,0,0,0,0.609375,0.171875,0.21875,0,0,0.88,0,0.12,0,1,0.038461538,0,0.057692308,0.903846154,0
274,1,0,0,0,1,0,0,0,0,0,0.609375,0.171875,0.21875,0,0,0.88,0,0.12,0,1,0.038461538,0,0.057692308,0.903846154,0
275,1,0,0,0,1,0,0,0,0,0,0.6,0.169230769,0.230769231,0,0,0.88,0,0.12,0,1,0.038461538,0,0.038461538,0.923076923,0
276,1,0,0,0,0,0,0,0,0,0,0.78,0.22,0,0,0.230769231,0.676923077,0,0.092307692,0,1,0.018518519,0,0,0.925925926,0.055555556
277,1,0,0,0,0,0,0,0,0,0,0.764705882,0.215686275,0,0.019607843,0.230769231,0.676923077,0,0.092307692,0,1,0,0,0,0.943396226,0.056603774
278,1,0,0,0,1,0,0,0,0,0,0.6,0.169230769,0.230769231,0,0,0.88,0,0.12,0,1,0.038461538,0,0.038461538,0.923076923,0
279,1,0,0,0,1,0,0,0,0,0,0.78,0.22,0,0,0.21875,0.6875,0,0.09375,0,1,0,0.037735849,0,0.905660377,0.056603774
280,1,0,0,0,1,0,0,0,0,0,0.609375,0.171875,0.21875,0,0,0.88,0,0.12,0,1,0.038461538,0,0.057692308,0.903846154,0
281,1,0,0,0,1,0,0,0,0,0,0.6,0.169230769,0.230769231,0,0,0.88,0,0.12,0,1,0.038461538,0,0.038461538,0.923076923,0
282,1,0,0,0,1,0,0,0,0,0,0.6,0.169230769,0.230769231,0,0,0.88,0,0.12,0,1,0.038461538,0,0.038461538,0.923076923,0
283,1,0,0,0,1,0,0,0,0,0,0.6,0.169230769,0.230769231,0,0,0.88,0,0.12,0,1,0.038461538,0,0.038461538,0.923076923,0
284,1,0,0,0,1,0,0,0,0,0,0.764705882,0.215686275,0,0.019607843,0.230769231,0.676923077,0,0.092307692,0,1,0,0,0.06,0.94,0
285,1,0,0,0,1,0,0,0,0,0,0.764705882,0.215686275,0,0.019607843,0.230769231,0.676923077,0,0.092307692,0,1,0,0,0.06,0.94,0
286,1,0,0,0,1,0,0,0,0,0,0.6,0.169230769,0.230769231,0,0,0.88,0,0.12,0,1,0.038461538,0,0.038461538,0.923076923,0
287,1,0,0,0,1,0,0,0,0,0,0.6,0.169230769,0.230769231,0,0,0.846153846,0.038461538,0.115384615,0,1,0,0.04,0,0.96,0
288,1,0,0,0,1,0,0,0,0,0,0.6,0.169230769,0.230769231,0,0,0.846153846,0.038461538,0.115384615,0,1,0,0.04,0,0.96,0
289,1,0,0,0,0,0,0,0,0,0,0.78,0.22,0,0,0.230769231,0.676923077,0,0.092307692,0,1,0.018518519,0,0,0.925925926,0.055555556
290,1,0,0,0,1,0,0,0,0,0,0.609375,0.171875,0.21875,0,0,0.88,0,0.12,0,1,0.038461538,0,0.057692308,0.903846154,0
291,1,0,0,0,1,0,0,0,0,0,0.78,0.22,0,0,0.230769231,0.676923077,0,0.092307692,0,1,0,0.02,0.06,0.92,0
292,1,0,0,0,1,0,0,0,0,0,0.78,0.22,0,0,0.230769231,0.676923077,0,0.092307692,0,1,0.019607843,0,0.058823529,0.921568627,0
293,1,0,0,0,1,0,0,0,0,0,0.78,0.22,0,0,0.230769231,0.676923077,0,0.092307692,0,1,0.019607843,0,0.058823529,0.921568627,0
294,1,0,0,0,1,0,0,0,0,0,0.78,0.22,0,0,0.230769231,0.676923077,0,0.092307692,0,1,0.019607843,0,0.058823529,0.921568627,0
295,1,0,0,0,1,0,0,0,0,0,0.764705882,0.215686275,0,0.019607843,0.230769231,0.676923077,0,0.092307692,0,1,0,0,0.06,0.94,0
296,1,0,0,0,0,0,0,0,0,0,0.764705882,0.215686275,0,0.019607843,0.230769231,0.676923077,0,0.092307692,0,1,0,0,0,0.943396226,0.056603774
297,1,0,0,0,0,0,0,0,0,0,0.764705882,0.215686275,0,0.019607843,0.230769231,0.676923077,0,0.092307692,0,1,0,0,0,0.943396226,0.056603774
298,1,0,0,0,0,0,0,0,0,0,0.764705882,0.215686275,0,0.019607843,0.230769231,0.676923077,0,0.092307692,0,1,0,0,0,0.943396226,0.056603774
299,1,0,0,0,0,0,0,0,0,0,0.764705882,0.215686275,0,0.019607843,0.230769231,0.676923077,0,0.092307692,0,1,0,0,0,0.943396226,0.056603774
300,1,0,0,0,1,0,0,0,0,0,0.6,0.169230769,0.230769231,0,0,0.846153846,0.038461538,0.115384615,0,1,0,0.04,0,0.96,0
301,1,0,0,0,1,0,0,0,0,0,0.78,0.22,0,0,0.230769231,0.676923077,0,0.092307692,0,1,0,0.02,0.06,0.92,0
302,1,0,0,0,1,0,0,0,0,0,0.764705882,0.215686275,0,0.019607843,0.230769231,0.676923077,0,0.092307692,0,1,0,0,0.06,0.94,0
303,1,0,0,0,1,0,0,0,0,0,0.78,0.22,0,0,0.230769231,0.676923077,0,0.092307692,0,1,0,0.02,0.06,0.92,0
304,1,0,0,0,0,0,0,0,0,0,0.78,0.22,0,0,0.230769231,0.676923077,0,0.092307692,0,1,0.018518519,0,0,0.925925926,0.055555556
305,1,0,0,0,0,0,0,0,0,0,0.78,0.22,0,0,0.230769231,0.676923077,0,0.092307692,0,1,0.018518519,0,0,0.925925926,0.055555556
306,1,0,0,0,1,0,0,0,0,0,0.609375,0.171875,0.21875,0,0,0.88,0,0.12,0,1,0.038461538,0,0.057692308,0.903846154,0
307,1,0,0,0,1,0,0,0,0,0,0.6,0.169230769,0.230769231,0,0,0.846153846,0.038461538,0.115384615,0,1,0,0.04,0,0.96,0
308,1,0,0,0,0,0,0,0,0,0,0.764705882,0.215686275,0,0.019607843,0.230769231,0.676923077,0,0.092307692,0,1,0,0,0,0.943396226,0.056603774
309,1,0,0,0,1,0,0,0,0,0,0.6,0.169230769,0.230769231,0,0,0.846153846,0.038461538,0.115384615,0,1,0,0.04,0,0.96,0
310,1,0,0,0,1,0,0,0,0,0,0.6,0.169230769,0.230769231,0,0,0.88,0,0.12,0,1,0.038461538,0,0.038461538,0.923076923,0
311,1,0,0,0,1,0,0,0,0,0,0.764705882,0.215686275,0,0.019607843,0.230769231,0.676923077,0,0.092307692,0,1,0,0,0.06,0.94,0
312,1,0,0,0,1,0,0,0,0,0,0.764705882,0.215686275,0,0.019607843,0.230769231,0.676923077,0,0.092307692,0,1,0,0,0.06,0.94,0
313,1,0,0,0,1,0,0,0,0,0,0.6,0.169230769,0.230769231,0,0,0.88,0,0.12,0,1,0.038461538,0,0.038461538,0.923076923,0
314,1,0,0,0,1,0,0,0,0,0,0.78,0.22,0,0,0.230769231,0.676923077,0,0.092307692,0,1,0.019607843,0,0.058823529,0.921568627,0
315,1,0,0,0,1,0,0,0,0,0,0.764705882,0.215686275,0,0.019607843,0.230769231,0.676923077,0,0.092307692,0,1,0,0,0.06,0.94,0
316,1,0,0,0,1,0,0,0,0,0,0.6,0.169230769,0.230769231,0,0,0.88,0,0.12,0,1,0.038461538,0,0.038461538,0.923076923,0
317,1,0,0,0,1,0,0,0,0,0,0.6,0.169230769,0.230769231,0,0,0.846153846,0.038461538,0.115384615,0,1,0,0.04,0,0.96,0
318,1,0,0,0,1,0,0,0,0,0,0.6,0.169230769,0.230769231,0,0,0.846153846,0.038461538,0.115384615,0,1,0,0.04,0,0.96,0
319,1,0,0,0,1,0,0,0,0,0,0.78,0.22,0,0,0.230769231,0.676923077,0,0.092307692,0,1,0,0.02,0.06,0.92,0
320,1,0,0,0,0,0,0,0,0,0,0.78,0.22,0,0,0.230769231,0.676923077,0,0.092307692,0,1,0.018518519,0,0,0.925925926,0.055555556
321,1,0,0,0,0,0,0,0,0,0,0.78,0.22,0,0,0.230769231,0.676923077,0,0.092307692,0,1,0.018518519,0,0,0.925925926,0.055555556
322,1,0,0,0,0,0,0,0,0,0,0.764705882,0.215686275,0,0.019607843,0.230769231,0.676923077,0,0.092307692,0,1,0,0,0,0.943396226,0.056603774
323,1,0,0,0,1,0,0,0,0,0,0.764705882,0.215686275,0,0.019607843,0.230769231,0.676923077,0,0.092307692,0,1,0,0,0.06,0.94,0
324,1,0,0,0,1,0,0,0,0,0,0.6,0.169230769,0.230769231,0,0,0.846153846,0.038461538,0.115384615,0,1,0,0.04,0,0.96,0
325,1,0,0,0,1,0,0,0,0,0,0.78,0.22,0,0,0.230769231,0.676923077,0,0.092307692,0,1,0.019607843,0,0.058823529,0.921568627,0
326,1,0,0,0,0,0,0,0,0,0,0.764705882,0.215686275,0,0.019607843,0.230769231,0.676923077,0,0.092307692,0,1,0,0,0,0.943396226,0.056603774
327,1,0,0,0,0,0,0,0,0,0,0.78,0.22,0,0,0.230769231,0.676923077,0,0.092307692,0,1,0.018518519,0,0,0.925925926,0.055555556
328,1,0,0,0,0,0,0,0,0,0,0.78,0.22,0,0,0.230769231,0.676923077,0,0.092307692,0,1,0.018518519,0,0,0.925925926,0.055555556
329,1,0,0,0,0,0,0,0,0,0,0.78,0.22,0,0,0.230769231,0.676923077,0,0.092307692,0,1,0.018518519,0,0,0.925925926,0.055555556
330,1,0,0,0,1,0,0,0,0,0,0.609375,0.171875,0.21875,0,0,0.88,0,0.12,0,1,0.038461538,0,0.057692308,0.903846154,0
331,1,0,0,0,1,0,0,0,0,0,0.6,0.169230769,0.230769231,0,0,0.88,0,0.12,0,1,0.038461538,0,0.038461538,0.923076923,0
332,1,0,0,0,1,0,0,0,0,0,0.78,0.22,0,0,0.230769231,0.676923077,0,0.092307692,0,1,0.019607843,0,0.058823529,0.921568627,0
333,1,0,0,0,1,0,0,0,0,0,0.78,0.22,0,0,0.230769231,0.676923077,0,0.092307692,0,1,0,0.02,0.06,0.92,0
334,1,0,0,0,1,0,0,0,0,0,0.6,0.169230769,0.230769231,0,0,0.88,0,0.12,0,1,0.038461538,0,0.038461538,0.923076923,0
335,1,0,0,0,1,0,0,0,0,0,0.6,0.169230769,0.230769231,0,0,0.88,0,0.12,0,1,0.038461538,0,0.038461538,0.923076923,0
336,1,0,0,0,1,0,0,0,0,0,0.6,0.169230769,0.230769231,0,0,0.88,0,0.12,0,1,0.038461538,0,0.038461538,0.923076923,0
337,1,0,0,0,1,0,0,0,0,0,0.78,0.22,0,0,0.230769231,0.676923077,0,0.092307692,0,1,0,0.018867925,0,0.924528302,0.056603774
338,1,0,0,0,1,0,0,0,0,0,0.6,0.169230769,0.230769231,0,0,0.88,0,0.12,0,1,0.038461538,0,0.038461538,0.923076923,0
339,1,0,0,0,1,0,0,0,0,0,0.78,0.22,0,0,0.230769231,0.676923077,0,0.092307692,0,1,0.019607843,0,0.058823529,0.921568627,0
340,1,0,0,0,1,0,0,0,0,0,0.6,0.169230769,0.230769231,0,0,0.88,0,0.12,0,1,0.038461538,0,0.038461538,0.923076923,0
341,1,0,0,0,1,0,0,0,0,0,0.609375,0.171875,0.21875,0,0,0.88,0,0.12,0,1,0.038461538,0,0.057692308,0.903846154,0
342,1,0,0,0,1,0,0,0,0,0,0.6,0.169230769,0.230769231,0,0,0.88,0,0.12,0,1,0.038461538,0,0.038461538,0.923076923,0
343,1,0,0,0,1,0,0,0,0,0,0.6,0.169230769,0.230769231,0,0,0.88,0,0.12,0,1,0.038461538,0,0.038461538,0.923076923,0
344,1,0,0,0,1,0,0,0,0,0,0.6,0.169230769,0.230769231,0,0,0.846153846,0.038461538,0.115384615,0,1,0,0.04,0,0.96,0
345,1,0,0,0,1,0,0,0,0,0,0.6,0.169230769,0.230769231,0,0,0.846153846,0.038461538,0.115384615,0,1,0,0.04,0,0.96,0
346,1,0,0,0,1,0,0,0,0,0,0.764705882,0.215686275,0,0.019607843,0.230769231,0.676923077,0,0.092307692,0,1,0,0,0.06,0.94,0
347,1,0,0,0,1,0,0,0,0,0,0.6,0.169230769,0.230769231,0,0,0.846153846,0.038461538,0.115384615,0,1,0,0.04,0,0.96,0
348,1,0,0,0,1,0,0,0,0,0,0.6,0.169230769,0.230769231,0,0,0.846153846,0.038461538,0.115384615,0,1,0,0.04,0,0.96,0
349,1,0,0,0,1,0,0,0,0,0,0.6,0.169230769,0.230769231,0,0,0.88,0,0.12,0,1,0.038461538,0,0.038461538,0.923076923,0
350,1,0,0,0,1,0,0,0,0,0,0.6,0.169230769,0.230769231,0,0,0.846153846,0.038461538,0.115384615,0,1,0,0.04,0,0.96,0
351,1,0,0,0,1,0,0,0,0,0,0.78,0.22,0,0,0.230769231,0.676923077,0,0.092307692,0,1,0,0.018867925,0,0.924528302,0.056603774
352,1,0,0,0,0,0,0,0,0,0,0.78,0.22,0,0,0.230769231,0.676923077,0,0.092307692,0,1,0.018518519,0,0,0.925925926,0.055555556
353,1,0,0,0,1,0,0,0,0,0,0.6,0.169230769,0.230769231,0,0,0.88,0,0.12,0,1,0.038461538,0,0.038461538,0.923076923,0
354,1,0,0,0,1,0,0,0,0,0,0.764705882,0.215686275,0,0.019607843,0.230769231,0.676923077,0,0.092307692,0,1,0,0,0.06,0.94,0
355,1,0,0,0,1,0,0,0,0,0,0.78,0.22,0,0,0.230769231,0.676923077,0,0.092307692,0,1,0,0.02,0.06,0.92,0
356,1,0,0,0,1,0,0,0,0,0,0.6,0.169230769,0.230769231,0,0,0.846153846,0.038461538,0.115384615,0,1,0,0.04,0,0.96,0
357,1,0,0,0,1,0,0,0,0,0,0.6,0.169230769,0.230769231,0,0,0.88,0,0.12,0,1,0.038461538,0,0.038461538,0.923076923,0
358,1,0,0,0,1,0,0,0,0,0,0.6,0.169230769,0.230769231,0,0,0.88,0,0.12,0,1,0.038461538,0,0.038461538,0.923076923,0
359,1,0,0,0,1,0,0,0,0,0,0.6,0.169230769,0.230769231,0,0,0.88,0,0.12,0,1,0.038461538,0,0.038461538,0.923076923,0
360,1,0,0,0,1,0,0,0,0,0,0.6,0.169230769,0.230769231,0,0,0.88,0,0.12,0,1,0.038461538,0,0.038461538,0.923076923,0
361,1,0,0,0,1,0,0,0,0,0,0.609375,0.171875,0.21875,0,0,0.88,0,0.12,0,1,0.038461538,0,0.057692308,0.903846154,0
362,1,0,0,0,1,0,0,0,0,0,0.6,0.169230769,0.230769231,0,0,0.88,0,0.12,0,1,0.038461538,0,0.038461538,0.923076923,0
363,1,0,0,0,1,0,0,0,0,0,0.6,0.169230769,0.230769231,0,0,0.88,0,0.12,0,1,0.038461538,0,0.038461538,0.923076923,0
364,1,0,0,0,1,0,0,0,0,0,0.6,0.169230769,0.230769231,0,0,0.88,0,0.12,0,1,0.038461538,0,0.038461538,0.923076923,0
365,1,0,0,0,1,0,0,0,0,0,0.6,0.169230769,0.230769231,0,0,0.88,0,0.12,0,1,0.038461538,0,0.038461538,0.923076923,0
366,1,0,0,0,1,0,0,0,0,0,0.78,0.22,0,0,0.230769231,0.676923077,0,0.092307692,0,1,0.019607843,0,0.058823529,0.921568627,0
367,1,0,0,0,1,0,0,0,0,0,0.6,0.169230769,0.230769231,0,0,0.88,0,0.12,0,1,0.038461538,0,0.038461538,0.923076923,0
368,1,0,0,0,0,0,0,0,0,0,0.78,0.22,0,0,0.230769231,0.676923077,0,0.092307692,0,1,0.018518519,0,0,0.925925926,0.055555556
369,1,0,0,0,0,0,0,0,0,0,0.764705882,0.215686275,0,0.019607843,0.230769231,0.676923077,0,0.092307692,0,1,0,0,0,0.943396226,0.056603774
370,1,0,0,0,1,0,0,0,0,0,0.6,0.169230769,0.230769231,0,0,0.846153846,0.038461538,0.115384615,0,1,0,0.04,0,0.96,0
371,1,0,0,0,1,0,0,0,0,0,0.6,0.169230769,0.230769231,0,0,0.846153846,0.038461538,0.115384615,0,1,0,0.04,0,0.96,0
372,1,0,0,0,1,0,0,0,0,0,0.6,0.169230769,0.230769231,0,0,0.88,0,0.12,0,1,0.038461538,0,0.038461538,0.923076923,0
373,1,0,0,0,1,0,0,0,0,0,0.6,0.169230769,0.230769231,0,0,0.88,0,0.12,0,1,0.038461538,0,0.038461538,0.923076923,0
374,1,0,0,0,1,0,0,0,0,0,0.6,0.169230769,0.230769231,0,0,0.846153846,0.038461538,0.115384615,0,1,0,0.04,0,0.96,0
375,1,0,0,0,1,0,0,0,0,0,0.6,0.169230769,0.230769231,0,0,0.846153846,0.038461538,0.115384615,0,1,0,0.04,0,0.96,0
376,1,0,0,0,1,0,0,0,0,0,0.6,0.169230769,0.230769231,0,0,0.846153846,0.038461538,0.115384615,0,1,0,0.04,0,0.96,0
377,1,0,0,0,1,0,0,0,0,0,0.6,0.169230769,0.230769231,0,0,0.846153846,0.038461538,0.115384615,0,1,0,0.04,0,0.96,0
378,1,0,0,0,1,0,0,0,0,0,0.6,0.169230769,0.230769231,0,0,0.846153846,0.038461538,0.115384615,0,1,0,0.04,0,0.96,0
379,1,0,0,0,0,0,0,0,0,0,0.764705882,0.215686275,0,0.019607843,0.230769231,0.676923077,0,0.092307692,0,1,0,0,0,0.943396226,0.056603774
380,1,0,0,0,0,0,0,0,0,0,0.764705882,0.215686275,0,0.019607843,0.230769231,0.676923077,0,0.092307692,0,1,0,0,0,0.943396226,0.056603774
381,1,0,0,0,0,0,0,0,0,0,0.78,0.22,0,0,0.230769231,0.676923077,0,0.092307692,0,1,0.018518519,0,0,0.925925926,0.055555556
382,1,0,0,0,1,0,0,0,0,0,0.6,0.169230769,0.230769231,0,0,0.846153846,0.038461538,0.115384615,0,1,0,0.04,0,0.96,0
383,1,0,0,0,1,0,0,0,0,0,0.6,0.169230769,0.230769231,0,0,0.846153846,0.038461538,0.115384615,0,1,0,0.04,0,0.96,0
384,1,0,0,0,1,0,0,0,0,0,0.6,0.169230769,0.230769231,0,0,0.846153846,0.038461538,0.115384615,0,1,0,0.04,0,0.96,0
385,1,0,0,0,1,0,0,0,0,0,0.6,0.169230769,0.230769231,0,0,0.846153846,0.038461538,0.115384615,0,1,0,0.04,0,0.96,0
386,1,0,0,0,1,0,0,0,0,0,0.6,0.169230769,0.230769231,0,0,0.846153846,0.038461538,0.115384615,0,1,0,0.04,0,0.96,0
387,1,0,0,0,1,0,0,0,0,0,0.6,0.169230769,0.230769231,0,0,0.846153846,0.038461538,0.115384615,0,1,0,0.04,0,0.96,0
388,1,0,0,0,1,0,0,0,0,0,0.6,0.169230769,0.230769231,0,0,0.846153846,0.038461538,0.115384615,0,1,0,0.04,0,0.96,0
389,1,0,0,0,1,0,0,0,0,0,0.6,0.169230769,0.230769231,0,0,0.846153846,0.038461538,0.115384615,0,1,0,0.04,0,0.96,0
390,1,0,0,0,1,0,0,0,0,0,0.6,0.169230769,0.230769231,0,0,0.846153846,0.038461538,0.115384615,0,1,0,0.04,0,0.96,0
391,1,0,0,0,1,0,0,0,0,0,0.78,0.22,0,0,0.21875,0.6875,0,0.09375,0,1,0,0.037735849,0,0.905660377,0.056603774
392,1,0,0,0,0,0,0,0,0,0,0.764705882,0.215686275,0,0.019607843,0.230769231,0.676923077,0,0.092307692,0,1,0,0,0,0.943396226,0.056603774
393,1,0,0,0,0,0,0,0,0,0,0.764705882,0.215686275,0,0.019607843,0.230769231,0.676923077,0,0.092307692,0,1,0,0,0,0.943396226,0.056603774
394,1,0,0,0,1,0,0,0,0,0,0.6,0.169230769,0.230769231,0,0,0.88,0,0.12,0,1,0.038461538,0,0.038461538,0.923076923,0
395,1,0,0,0,1,0,0,0,0,0,0.6,0.169230769,0.230769231,0,0,0.88,0,0.12,0,1,0.038461538,0,0.038461538,0.923076923,0
396,1,0,0,0,1,0,0,0,0,0,0.6,0.169230769,0.230769231,0,0,0.846153846,0.038461538,0.115384615,0,1,0,0.04,0,0.96,0
397,1,0,0,0,1,0,0,0,0,0,0.78,0.22,0,0,0.21875,0.6875,0,0.09375,0,1,0,0.04,0.06,0.9,0
398,1,0,0,0,1,0,0,0,0,0,0.78,0.22,0,0,0.230769231,0.676923077,0,0.092307692,0,1,0.019607843,0,0.058823529,0.921568627,0
399,1,0,0,0,1,0,0,0,0,0,0.78,0.22,0,0,0.230769231,0.676923077,0,0.092307692,0,1,0,0.02,0.06,0.92,0
400,1,0,0,0,1,0,0,0,0,0,0.78,0.22,0,0,0.21875,0.6875,0,0.09375,0,1,0,0.04,0.06,0.9,0
401,1,0,0,0,1,0,0,0,0,0,0.764705882,0.215686275,0,0.019607843,0.230769231,0.676923077,0,0.092307692,0,1,0,0,0.06,0.94,0
402,1,0,0,0,1,0,0,0,0,0,0.6,0.169230769,0.230769231,0,0,0.846153846,0.038461538,0.115384615,0,1,0,0.04,0,0.96,0
403,1,0,0,0,1,0,0,0,0,0,0.6,0.169230769,0.230769231,0,0,0.846153846,0.038461538,0.115384615,0,1,0,0.04,0,0.96,0
404,1,0,0,0,1,0,0,0,0,0,0.6,0.169230769,0.230769231,0,0,0.846153846,0.038461538,0.115384615,0,1,0,0.04,0,0.96,0
405,1,0,0,0,1,0,0,0,0,0,0.609375,0.171875,0.21875,0,0,0.88,0,0.12,0,1,0.038461538,0,0.057692308,0.903846154,0
406,1,0,0,0,1,0,0,0,0,0,0.6,0.169230769,0.230769231,0,0,0.88,0,0.12,0,1,0.038461538,0,0.038461538,0.923076923,0
407,1,0,0,0,1,0,0,0,0,0,0.609375,0.171875,0.21875,0,0,0.88,0,0.12,0,1,0.038461538,0,0.057692308,0.903846154,0
408,1,0,0,0,1,0,0,0,0,0,0.609375,0.171875,0.21875,0,0,0.88,0,0.12,0,1,0.038461538,0,0.057692308,0.903846154,0
409,1,0,0,0,1,0,0,0,0,0,0.6,0.169230769,0.230769231,0,0,0.88,0,0.12,0,1,0.038461538,0,0.038461538,0.923076923,0
410,1,0,0,0,1,0,0,0,0,0,0.6,0.169230769,0.230769231,0,0,0.88,0,0.12,0,1,0.038461538,0,0.038461538,0.923076923,0
411,1,0,0,0,1,0,0,0,0,0,0.609375,0.171875,0.21875,0,0,0.88,0,0.12,0,1,0.038461538,0,0.057692308,0.903846154,0
412,1,0,0,0,1,0,0,0,0,0,0.764705882,0.215686275,0,0.019607843,0.230769231,0.676923077,0,0.092307692,0,1,0,0,0.06,0.94,0
413,1,0,0,0,1,0,0,0,0,0,0.764705882,0.215686275,0,0.019607843,0.230769231,0.676923077,0,0.092307692,0,1,0,0,0.06,0.94,0
414,1,0,0,0,1,0,0,0,0,0,0.78,0.22,0,0,0.230769231,0.676923077,0,0.092307692,0,1,0.019607843,0,0.058823529,0.921568627,0
415,1,0,0,0,1,0,0,0,0,0,0.78,0.22,0,0,0.230769231,0.676923077,0,0.092307692,0,1,0,0.02,0.06,0.92,0
416,1,0,0,0,1,0,0,0,0,0,0.6,0.169230769,0.230769231,0,0,0.88,0,0.12,0,1,0.038461538,0,0.038461538,0.923076923,0
417,1,0,0,0,1,0,0,0,0,0,0.6,0.169230769,0.230769231,0,0,0.88,0,0.12,0,1,0.038461538,0,0.038461538,0.923076923,0
418,1,0,0,0,1,0,0,0,0,0,0.6,0.169230769,0.230769231,0,0,0.88,0,0.12,0,1,0.038461538,0,0.038461538,0.923076923,0
419,1,0,0,0,1,0,0,0,0,0,0.6,0.169230769,0.230769231,0,0,0.88,0,0.12,0,1,0.038461538,0,0.038461538,0.923076923,0
420,1,0,0,0,1,0,0,0,0,0,0.6,0.169230769,0.230769231,0,0,0.846153846,0.038461538,0.115384615,0,1,0,0.04,0,0.96,0
421,1,0,0,0,1,0,0,0,0,0,0.6,0.169230769,0.230769231,0,0,0.88,0,0.12,0,1,0.038461538,0,0.038461538,0.923076923,0
422,1,0,0,0,1,0,0,0,0,0,0.6,0.169230769,0.230769231,0,0,0.88,0,0.12,0,1,0.038461538,0,0.038461538,0.923076923,0
423,1,0,0,0,0,0,0,0,0,0,0.764705882,0.215686275,0,0.019607843,0.230769231,0.676923077,0,0.092307692,0,1,0,0,0,0.943396226,0.056603774
424,1,0,0,0,1,0,0,0,0,0,0.609375,0.171875,0.21875,0,0,0.88,0,0.12,0,1,0.038461538,0,0.057692308,0.903846154,0
425,1,0,0,0,1,0,0,0,0,0,0.6,0.169230769,0.230769231,0,0,0.88,0,0.12,0,1,0.038461538,0,0.038461538,0.923076923,0
426,1,0,0,0,1,0,0,0,0,0,0.609375,0.171875,0.21875,0,0,0.88,0,0.12,0,1,0.038461538,0,0.057692308,0.903846154,0
427,1,0,0,0,1,0,0,0,0,0,0.6,0.169230769,0.230769231,0,0,0.88,0,0.12,0,1,0.038461538,0,0.038461538,0.923076923,0
428,1,0,0,0,1,0,0,0,0,0,0.6,0.169230769,0.230769231,0,0,0.88,0,0.12,0,1,0.038461538,0,0.038461538,0.923076923,0
429,1,0,0,0,1,0,0,0,0,0,0.6,0.169230769,0.230769231,0,0,0.846153846,0.038461538,0.115384615,0,1,0,0.04,0,0.96,0
430,1,0,0,0,1,0,0,0,0,0,0.6,0.169230769,0.230769231,0,0,0.88,0,0.12,0,1,0.038461538,0,0.038461538,0.923076923,0
431,1,0,0,0,0,0,0,0,0,0,0.78,0.22,0,0,0.230769231,0.676923077,0,0.092307692,0,1,0.018518519,0,0,0.925925926,0.055555556
432,1,0,0,0,0,0,0,0,0,0,0.764705882,0.215686275,0,0.019607843,0.230769231,0.676923077,0,0.092307692,0,1,0,0,0,0.943396226,0.056603774
433,1,0,0,0,0,0,0,0,0,0,0.764705882,0.215686275,0,0.019607843,0.230769231,0.676923077,0,0.092307692,0,1,0,0,0,0.943396226,0.056603774
434,1,0,0,0,1,0,0,0,0,0,0.78,0.22,0,0,0.230769231,0.676923077,0,0.092307692,0,1,0,0.018867925,0,0.924528302,0.056603774
435,1,0,0,0,0,0,0,0,0,0,0.764705882,0.215686275,0,0.019607843,0.230769231,0.676923077,0,0.092307692,0,1,0,0,0,0.943396226,0.056603774
436,1,0,0,0,0,0,0,0,0,0,0.764705882,0.215686275,0,0.019607843,0.230769231,0.676923077,0,0.092307692,0,1,0,0,0,0.943396226,0.056603774
437,1,0,0,0,1,0,0,0,0,0,0.764705882,0.215686275,0,0.019607843,0.230769231,0.676923077,0,0.092307692,0,1,0,0,0.06,0.94,0
438,1,0,0,0,1,0,0,0,0,0,0.609375,0.171875,0.21875,0,0,0.88,0,0.12,0,1,0.038461538,0,0.057692308,0.903846154,0
439,1,0,0,0,1,0,0,0,0,0,0.609375,0.171875,0.21875,0,0,0.88,0,0.12,0,1,0.038461538,0,0.057692308,0.903846154,0
440,1,0,0,0,1,0,0,0,0,0,0.6,0.169230769,0.230769231,0,0,0.88,0,0.12,0,1,0.038461538,0,0.038461538,0.923076923,0
441,1,0,0,0,1,0,0,0,0,0,0.78,0.22,0,0,0.21875,0.6875,0,0.09375,0,1,0,0.037735849,0,0.905660377,0.056603774
442,1,0,0,0,1,0,0,0,0,0,0.6,0.169230769,0.230769231,0,0,0.88,0,0.12,0,1,0.038461538,0,0.038461538,0.923076923,0
443,1,0,0,0,1,0,0,0,0,0,0.6,0.169230769,0.230769231,0,0,0.88,0,0.12,0,1,0.038461538,0,0.038461538,0.923076923,0
444,1,0,0,0,1,0,0,0,0,0,0.6,0.169230769,0.230769231,0,0,0.88,0,0.12,0,1,0.038461538,0,0.038461538,0.923076923,0
445,1,0,0,0,1,0,0,0,0,0,0.6,0.169230769,0.230769231,0,0,0.88,0,0.12,0,1,0.038461538,0,0.038461538,0.923076923,0
446,1,0,0,0,1,0,0,0,0,0,0.6,0.169230769,0.230769231,0,0,0.88,0,0.12,0,1,0.038461538,0,0.038461538,0.923076923,0
447,1,0,0,0,1,0,0,0,0,0,0.6,0.169230769,0.230769231,0,0,0.88,0,0.12,0,1,0.038461538,0,0.038461538,0.923076923,0
448,1,0,0,0,1,0,0,0,0,0,0.6,0.169230769,0.230769231,0,0,0.88,0,0.12,0,1,0.038461538,0,0.038461538,0.923076923,0
449,1,0,0,0,1,0,0,0,0,0,0.6,0.169230769,0.230769231,0,0,0.88,0,0.12,0,1,0.038461538,0,0.038461538,0.923076923,0
450,1,0,0,0,1,0,0,0,0,0,0.764705882,0.215686275,0,0.019607843,0.230769231,0.676923077,0,0.092307692,0,1,0,0,0.06,0.94,0
451,1,0,0,0,1,0,0,0,0,0,0.78,0.22,0,0,0.21875,0.6875,0,0.09375,0,1,0.038461538,0,0.057692308,0.903846154,0
452,1,0,0,0,1,0,0,0,0,0,0.764705882,0.215686275,0,0.019607843,0.230769231,0.676923077,0,0.092307692,0,1,0,0,0.06,0.94,0
453,1,0,0,0,1,0,0,0,0,0,0.764705882,0.215686275,0,0.019607843,0.230769231,0.676923077,0,0.092307692,0,1,0,0,0.06,0.94,0
454,1,0,0,0,1,0,0,0,0,0,0.764705882,0.215686275,0,0.019607843,0.230769231,0.676923077,0,0.092307692,0,1,0,0,0.06,0.94,0
455,1,0,0,0,1,0,0,0,0,0,0.78,0.22,0,0,0.230769231,0.676923077,0,0.092307692,0,1,0,0.02,0.06,0.92,0
456,1,0,0,0,0,0,0,0,0,0,0.78,0.22,0,0,0.230769231,0.676923077,0,0.092307692,0,1,0.018518519,0,0,0.925925926,0.055555556
457,1,0,0,0,0,0,0,0,0,0,0.764705882,0.215686275,0,0.019607843,0.230769231,0.676923077,0,0.092307692,0,1,0,0,0,0.943396226,0.056603774
458,1,0,0,0,1,0,0,0,0,0,0.6,0.169230769,0.230769231,0,0,0.88,0,0.12,0,1,0.038461538,0,0.038461538,0.923076923,0
459,1,0,0,0,1,0,0,0,0,0,0.6,0.169230769,0.230769231,0,0,0.88,0,0.12,0,1,0.038461538,0,0.038461538,0.923076923,0
460,1,0,0,0,0,0,0,0,0,0,0.764705882,0.215686275,0,0.019607843,0.230769231,0.676923077,0,0.092307692,0,1,0,0,0,0.943396226,0.056603774
461,1,0,0,0,0,0,0,0,0,0,0.78,0.22,0,0,0.230769231,0.676923077,0,0.092307692,0,1,0.018518519,0,0,0.925925926,0.055555556
462,1,0,0,0,1,0,0,0,0,0,0.6,0.169230769,0.230769231,0,0,0.88,0,0.12,0,1,0.038461538,0,0.038461538,0.923076923,0
463,1,0,0,0,1,0,0,0,0,0,0.6,0.169230769,0.230769231,0,0,0.88,0,0.12,0,1,0.038461538,0,0.038461538,0.923076923,0
464,1,0,0,0,1,0,0,0,0,0,0.6,0.169230769,0.230769231,0,0,0.88,0,0.12,0,1,0.038461538,0,0.038461538,0.923076923,0
465,1,0,0,0,1,0,0,0,0,0,0.6,0.169230769,0.230769231,0,0,0.88,0,0.12,0,1,0.038461538,0,0.038461538,0.923076923,0
466,1,0,0,0,0,0,0,0,0,0,0.78,0.22,0,0,0.230769231,0.676923077,0,0.092307692,0,1,0.018518519,0,0,0.925925926,0.055555556
467,1,0,0,0,1,0,0,0,0,0,0.6,0.169230769,0.230769231,0,0,0.88,0,0.12,0,1,0.038461538,0,0.038461538,0.923076923,0
468,1,0,0,0,1,0,0,0,0,0,0.639344262,0.180327869,0.180327869,0,0.087719298,0.771929825,0.035087719,0.105263158,0,1,0,0.02,0,0.98,0
469,1,0,0,0,0,0,0,0,0,0,0.619047619,0.174603175,0.206349206,0,0.054545455,0.8,0.036363636,0.109090909,0,1,0.019607843,0,0,0.980392157,0
470,1,0,0,0,0,0,0,0,0,0,0.6,0.169230769,0.230769231,0,0,0.88,0,0.12,0,1,0.037037037,0,0,0.925925926,0.037037037
471,1,0,0,0,0,0,0,0,0,0,0.764705882,0.215686275,0,0.019607843,0.230769231,0.676923077,0,0.092307692,0,1,0,0,0,0.943396226,0.056603774
472,1,0,0,0,0,0,0,0,0,0,0.6,0.169230769,0.230769231,0,0,0.88,0,0.12,0,1,0.037037037,0,0,0.925925926,0.037037037
473,1,0,0,0,0,0,0,0,0,0,0.6,0.169230769,0.230769231,0,0,0.88,0,0.12,0,1,0.037037037,0,0,0.925925926,0.037037037
474,1,0,0,0,0,0,0,0,0,0,0.6,0.169230769,0.230769231,0,0,0.88,0,0.12,0,1,0.037037037,0,0,0.925925926,0.037037037
475,1,0,0,0,0,0,0,0,0,0,0.6,0.169230769,0.230769231,0,0,0.88,0,0.12,0,1,0.037037037,0,0,0.925925926,0.037037037
476,1,0,0,0,0,0,0,0,0,0,0.6,0.169230769,0.230769231,0,0,0.88,0,0.12,0,1,0.037037037,0,0,0.925925926,0.037037037
477,1,0,0,0,0,0,0,0,0,0,0.6,0.169230769,0.230769231,0,0,0.88,0,0.12,0,1,0.037037037,0,0,0.925925926,0.037037037
478,1,0,0,0,0,0,0,0,0,0,0.764705882,0.215686275,0,0.019607843,0.230769231,0.676923077,0,0.092307692,0,1,0,0,0,0.943396226,0.056603774
479,1,0,0,0,0,0,0,0,0,0,0.764705882,0.215686275,0,0.019607843,0.230769231,0.676923077,0,0.092307692,0,1,0,0,0,0.943396226,0.056603774
480,1,0,0,0,0,0,0,0,0,0,0.78,0.22,0,0,0.230769231,0.676923077,0,0.092307692,0,1,0.018518519,0,0,0.925925926,0.055555556
481,1,0,0,0,1,0,0,0,0,0,0.609375,0.171875,0.21875,0,0,0.88,0,0.12,0,1,0.038461538,0,0.057692308,0.903846154,0
482,1,0,0,0,1,0,0,0,0,0,0.6,0.169230769,0.230769231,0,0,0.88,0,0.12,0,1,0.038461538,0,0.038461538,0.923076923,0
483,1,0,0,0,1,0,0,0,0,0,0.6,0.169230769,0.230769231,0,0,0.88,0,0.12,0,1,0.038461538,0,0.038461538,0.923076923,0
484,1,0,0,0,1,0,0,0,0,0,0.6,0.169230769,0.230769231,0,0,0.88,0,0.12,0,1,0.038461538,0,0.038461538,0.923076923,0
485,1,0,0,0,1,0,0,0,0,0,0.6,0.169230769,0.230769231,0,0,0.88,0,0.12,0,1,0.038461538,0,0.038461538,0.923076923,0
486,1,0,0,0,1,0,0,0,0,0,0.78,0.22,0,0,0.230769231,0.676923077,0,0.092307692,0,1,0,0.018867925,0,0.924528302,0.056603774
487,1,0,0,0,1,0,0,0,0,0,0.6,0.169230769,0.230769231,0,0,0.88,0,0.12,0,1,0.038461538,0,0.038461538,0.923076923,0
488,1,0,0,0,1,0,0,0,0,0,0.6,0.169230769,0.230769231,0,0,0.88,0,0.12,0,1,0.038461538,0,0.038461538,0.923076923,0
489,1,0,0,0,0,0,0,0,0,0,0.764705882,0.215686275,0,0.019607843,0.230769231,0.676923077,0,0.092307692,0,1,0,0,0,0.943396226,0.056603774
490,1,0,0,0,0,0,0,0,0,0,0.764705882,0.215686275,0,0.019607843,0.230769231,0.676923077,0,0.092307692,0,1,0,0,0,0.943396226,0.056603774
491,1,0,0,0,0,0,0,0,0,0,0.6,0.169230769,0.230769231,0,0,0.846153846,0.038461538,0.115384615,0,1,0.038461538,0,0,0.961538462,0
492,1,0,0,0,0,0,0,0,0,0,0.6,0.169230769,0.230769231,0,0,0.846153846,0.038461538,0.115384615,0,1,0.038461538,0,0,0.961538462,0
493,1,0,0,0,0,0,0,0,0,0,0.6,0.169230769,0.230769231,0,0,0.846153846,0.038461538,0.115384615,0,1,0.038461538,0,0,0.961538462,0
494,1,0,0,0,0,0,0,0,0,0,0.6,0.169230769,0.230769231,0,0,0.846153846,0.038461538,0.115384615,0,1,0.038461538,0,0,0.961538462,0
495,1,0,0,0,0,0,0,0,0,0,0.6,0.169230769,0.230769231,0,0,0.846153846,0.038461538,0.115384615,0,1,0.038461538,0,0,0.961538462,0
496,1,0,0,0,1,0,0,0,0,0,0.6,0.169230769,0.230769231,0,0,0.88,0,0.12,0,1,0,0.04,0.04,0.92,0
497,1,0,0,0,1,0,0,0,0,0,0.6,0.169230769,0.230769231,0,0,0.88,0,0.12,0,1,0,0.04,0.04,0.92,0
498,1,0,0,0,1,0,0,0,0,0,0.6,0.169230769,0.230769231,0,0,0.88,0,0.12,0,1,0.038461538,0,0.038461538,0.923076923,0
499,1,0,0,0,1,0,0,0,0,0,0.609375,0.171875,0.21875,0,0,0.88,0,0.12,0,1,0.038461538,0,0.057692308,0.903846154,0
500,1,0,0,0,1,0,0,0,0,0,0.609375,0.171875,0.21875,0,0,0.88,0,0.12,0,1,0.038461538,0,0.057692308,0.903846154,0
501,1,0,0,0,1,0,0,0,0,0,0.6,0.169230769,0.230769231,0,0,0.88,0,0.12,0,1,0.038461538,0,0.038461538,0.923076923,0
502,1,0,0,0,0,0,0,0,0,0,0.6,0.169230769,0.230769231,0,0,0.88,0,0.12,0,1,0.037037037,0,0,0.925925926,0.037037037
503,1,0,0,0,0,0,0,0,0,0,0.6,0.169230769,0.230769231,0,0,0.88,0,0.12,0,1,0.037037037,0,0,0.925925926,0.037037037
504,1,0,0,0,0,0,0,0,0,0,0.6,0.169230769,0.230769231,0,0,0.88,0,0.12,0,1,0.037037037,0,0,0.925925926,0.037037037
505,1,0,0,0,0,0,0,0,0,0,0.6,0.169230769,0.230769231,0,0,0.88,0,0.12,0,1,0.037037037,0,0,0.925925926,0.037037037
506,1,0,0,0,0,0,0,0,0,0,0.6,0.169230769,0.230769231,0,0,0.846153846,0.038461538,0.115384615,0,1,0.038461538,0,0,0.961538462,0
507,1,0,0,0,0,0,0,0,0,0,0.6,0.169230769,0.230769231,0,0,0.846153846,0.038461538,0.115384615,0,1,0.038461538,0,0,0.961538462,0
508,1,0,0,0,1,0,0,0,0,0,0.78,0.22,0,0,0.230769231,0.676923077,0,0.092307692,0,1,0,0.018867925,0,0.924528302,0.056603774
509,1,0,0,0,0,0,0,0,0,0,0.6,0.169230769,0.230769231,0,0,0.846153846,0.038461538,0.115384615,0,1,0.038461538,0,0,0.961538462,0
510,1,0,0,0,0,0,0,0,0,0,0.6,0.169230769,0.230769231,0,0,0.846153846,0.038461538,0.115384615,0,1,0.038461538,0,0,0.961538462,0
511,1,0,0,0,1,0,0,0,0,0,0.6,0.169230769,0.230769231,0,0,0.88,0,0.12,0,1,0,0.04,0.04,0.92,0
512,1,0,0,0,0,0,0,0,0,0,0.6,0.169230769,0.230769231,0,0,0.88,0,0.12,0,1,0.037037037,0,0,0.925925926,0.037037037
513,1,0,0,0,1,0,0,0,0,0,0.609375,0.171875,0.21875,0,0,0.88,0,0.12,0,1,0,0.04,0.06,0.9,0
514,1,0,0,0,1,0,0,0,0,0,0.609375,0.171875,0.21875,0,0,0.88,0,0.12,0,1,0,0.04,0.06,0.9,0
515,1,0,0,0,1,0,0,0,0,0,0.6,0.169230769,0.230769231,0,0,0.88,0,0.12,0,1,0,0.04,0.04,0.92,0
516,1,0,0,0,1,0,0,0,0,0,0.6,0.169230769,0.230769231,0,0,0.88,0,0.12,0,1,0,0.04,0.04,0.92,0
517,1,0,0,0,1,0,0,0,0,0,0.609375,0.171875,0.21875,0,0,0.88,0,0.12,0,1,0,0.04,0.06,0.9,0
518,1,0,0,0,0,0,0,0,0,0,0.6,0.169230769,0.230769231,0,0,0.846153846,0.038461538,0.115384615,0,1,0.038461538,0,0,0.961538462,0
519,1,0,0,0,0,0,0,0,0,0,0.6,0.169230769,0.230769231,0,0,0.846153846,0.038461538,0.115384615,0,1,0.038461538,0,0,0.961538462,0
520,1,0,0,0,0,0,0,0,0,0,0.6,0.169230769,0.230769231,0,0,0.846153846,0.038461538,0.115384615,0,1,0.038461538,0,0,0.961538462,0
521,1,0,0,0,0,0,0,0,0,0,0.6,0.169230769,0.230769231,0,0,0.846153846,0.038461538,0.115384615,0,1,0.038461538,0,0,0.961538462,0
522,1,0,0,0,0,0,0,0,0,0,0.6,0.169230769,0.230769231,0,0,0.846153846,0.038461538,0.115384615,0,1,0.038461538,0,0,0.961538462,0
523,1,0,0,0,0,0,0,0,0,0,0.6,0.169230769,0.230769231,0,0,0.846153846,0.038461538,0.115384615,0,1,0.038461538,0,0,0.961538462,0
524,1,0,0,0,0,0,0,0,0,0,0.6,0.169230769,0.230769231,0,0,0.846153846,0.038461538,0.115384615,0,1,0.038461538,0,0,0.961538462,0
525,1,0,0,0,0,0,0,0,0,0,0.6,0.169230769,0.230769231,0,0,0.846153846,0.038461538,0.115384615,0,1,0.038461538,0,0,0.961538462,0
526,1,0,0,0,0,0,0,0,0,0,0.6,0.169230769,0.230769231,0,0,0.846153846,0.038461538,0.115384615,0,1,0.038461538,0,0,0.961538462,0
527,1,0,0,0,0,0,0,0,0,0,0.6,0.169230769,0.230769231,0,0,0.88,0,0.12,0,1,0.037037037,0,0,0.925925926,0.037037037
528,1,0,0,0,0,0,0,0,0,0,0.6,0.169230769,0.230769231,0,0,0.88,0,0.12,0,1,0.037037037,0,0,0.925925926,0.037037037
529,1,0,0,0,0,0,0,0,0,0,0.6,0.169230769,0.230769231,0,0,0.846153846,0.038461538,0.115384615,0,1,0.038461538,0,0,0.961538462,0
530,1,0,0,0,0,0,0,0,0,0,0.6,0.169230769,0.230769231,0,0,0.846153846,0.038461538,0.115384615,0,1,0.038461538,0,0,0.961538462,0
531,1,0,0,0,1,0,0,0,0,0,0.6,0.169230769,0.230769231,0,0,0.88,0,0.12,0,1,0,0.04,0.04,0.92,0
532,1,0,0,0,0,0,0,0,0,0,0.6,0.169230769,0.230769231,0,0,0.88,0,0.12,0,1,0.037037037,0,0,0.925925926,0.037037037
533,1,0,0,0,0,0,0,0,0,0,0.6,0.169230769,0.230769231,0,0,0.846153846,0.038461538,0.115384615,0,1,0.038461538,0,0,0.961538462,0
534,1,0,0,0,0,0,0,0,0,0,0.6,0.169230769,0.230769231,0,0,0.846153846,0.038461538,0.115384615,0,1,0.038461538,0,0,0.961538462,0
535,1,0,0,0,0,0,0,0,0,0,0.6,0.169230769,0.230769231,0,0,0.846153846,0.038461538,0.115384615,0,1,0.038461538,0,0,0.961538462,0
536,1,0,0,0,1,0,0,0,0,0,0.6,0.169230769,0.230769231,0,0,0.88,0,0.12,0,1,0,0.04,0.04,0.92,0
537,1,0,0,0,0,0,0,0,0,0,0.6,0.169230769,0.230769231,0,0,0.846153846,0.038461538,0.115384615,0,1,0.038461538,0,0,0.961538462,0
538,1,0,0,0,0,0,0,0,0,0,0.6,0.169230769,0.230769231,0,0,0.846153846,0.038461538,0.115384615,0,1,0.038461538,0,0,0.961538462,0
539,1,0,0,0,0,0,0,0,0,0,0.6,0.169230769,0.230769231,0,0,0.846153846,0.038461538,0.115384615,0,1,0.038461538,0,0,0.961538462,0
540,1,0,0,0,0,0,0,0,0,0,0.6,0.169230769,0.230769231,0,0,0.846153846,0.038461538,0.115384615,0,1,0.038461538,0,0,0.961538462,0
541,1,0,0,0,0,0,0,0,0,0,0.6,0.169230769,0.230769231,0,0,0.846153846,0.038461538,0.115384615,0,1,0.038461538,0,0,0.961538462,0
542,1,0,0,0,0,0,0,0,0,0,0.6,0.169230769,0.230769231,0,0,0.846153846,0.038461538,0.115384615,0,1,0.038461538,0,0,0.961538462,0
543,1,0,0,0,0,0,0,0,0,0,0.6,0.169230769,0.230769231,0,0,0.846153846,0.038461538,0.115384615,0,1,0.038461538,0,0,0.961538462,0
544,1,0,0,0,0,0,0,0,0,0,0.6,0.169230769,0.230769231,0,0,0.846153846,0.038461538,0.115384615,0,1,0.038461538,0,0,0.961538462,0
545,1,0,0,0,0,0,0,0,0,0,0.6,0.169230769,0.230769231,0,0,0.846153846,0.038461538,0.115384615,0,1,0.038461538,0,0,0.961538462,0
546,1,0,0,0,0,0,0,0,0,0,0.6,0.169230769,0.230769231,0,0,0.846153846,0.038461538,0.115384615,0,1,0.038461538,0,0,0.961538462,0
547,1,0,0,0,1,0,0,0,0,0,0.6,0.169230769,0.230769231,0,0,0.88,0,0.12,0,1,0,0.04,0.04,0.92,0
548,1,0,0,0,1,0,0,0,0,0,0.6,0.169230769,0.230769231,0,0,0.88,0,0.12,0,1,0,0.04,0.04,0.92,0
549,1,0,0,0,1,0,0,0,0,0,0.6,0.169230769,0.230769231,0,0,0.88,0,0.12,0,1,0,0.04,0.04,0.92,0
550,1,0,0,0,1,0,0,0,0,0,0.6,0.169230769,0.230769231,0,0,0.88,0,0.12,0,1,0,0.04,0.04,0.92,0
551,1,0,0,0,1,0,0,0,0,0,0.6,0.169230769,0.230769231,0,0,0.88,0,0.12,0,1,0,0.04,0.04,0.92,0
552,1,0,0,0,0,0,0,0,0,0,0.6,0.169230769,0.230769231,0,0,0.846153846,0.038461538,0.115384615,0,1,0.038461538,0,0,0.961538462,0
553,1,0,0,0,0,0,0,0,0,0,0.6,0.169230769,0.230769231,0,0,0.846153846,0.038461538,0.115384615,0,1,0.038461538,0,0,0.961538462,0
554,1,0,0,0,0,0,0,0,0,0,0.6,0.169230769,0.230769231,0,0,0.846153846,0.038461538,0.115384615,0,1,0.038461538,0,0,0.961538462,0
555,1,0,0,0,0,0,0,0,0,0,0.6,0.169230769,0.230769231,0,0,0.846153846,0.038461538,0.115384615,0,1,0.038461538,0,0,0.961538462,0
556,1,0,0,0,0,0,0,0,0,0,0.6,0.169230769,0.230769231,0,0,0.846153846,0.038461538,0.115384615,0,1,0.038461538,0,0,0.961538462,0
557,1,0,0,0,0,0,0,0,0,0,0.6,0.169230769,0.230769231,0,0,0.846153846,0.038461538,0.115384615,0,1,0.038461538,0,0,0.961538462,0
558,1,0,0,0,1,0,0,0,0,0,0.6,0.169230769,0.230769231,0,0,0.88,0,0.12,0,1,0,0.04,0.04,0.92,0
559,1,0,0,0,1,0,0,0,0,0,0.6,0.169230769,0.230769231,0,0,0.88,0,0.12,0,1,0,0.04,0.04,0.92,0
560,1,0,0,0,0,0,0,0,0,0,0.6,0.169230769,0.230769231,0,0,0.846153846,0.038461538,0.115384615,0,1,0.038461538,0,0,0.961538462,0
561,1,0,0,0,1,0,0,0,0,0,0.6,0.169230769,0.230769231,0,0,0.88,0,0.12,0,1,0,0.04,0.04,0.92,0
562,1,0,0,0,1,0,0,0,0,0,0.6,0.169230769,0.230769231,0,0,0.88,0,0.12,0,1,0,0.04,0.04,0.92,0
563,1,0,0,0,1,0,0,0,0,0,0.6,0.169230769,0.230769231,0,0,0.88,0,0.12,0,1,0,0.04,0.04,0.92,0
564,1,0,0,0,1,0,0,0,0,0,0.6,0.169230769,0.230769231,0,0,0.88,0,0.12,0,1,0,0.04,0.04,0.92,0
565,1,0,0,0,1,0,0,0,0,0,0.6,0.169230769,0.230769231,0,0,0.88,0,0.12,0,1,0,0.04,0.04,0.92,0
566,1,0,0,0,0,0,0,0,0,0,0.6,0.169230769,0.230769231,0,0,0.846153846,0.038461538,0.115384615,0,1,0.038461538,0,0,0.961538462,0
567,1,0,0,0,0,0,0,0,0,0,0.6,0.169230769,0.230769231,0,0,0.846153846,0.038461538,0.115384615,0,1,0.038461538,0,0,0.961538462,0
568,1,0,0,0,0,0,0,0,0,0,0.6,0.169230769,0.230769231,0,0,0.846153846,0.038461538,0.115384615,0,1,0.038461538,0,0,0.961538462,0
569,1,0,0,0,1,0,0,0,0,0,0.78,0.22,0,0,0.230769231,0.676923077,0,0.092307692,0,1,0.019607843,0,0.058823529,0.921568627,0
570,1,0,0,0,1,0,0,0,0,0,0.78,0.22,0,0,0.230769231,0.676923077,0,0.092307692,0,1,0.019607843,0,0.058823529,0.921568627,0
571,1,0,0,0,1,0,0,0,0,0,0.78,0.22,0,0,0.230769231,0.676923077,0,0.092307692,0,1,0.019607843,0,0.058823529,0.921568627,0
572,1,0,0,0,0,0,0,0,0,0,0.6,0.169230769,0.230769231,0,0,0.846153846,0.038461538,0.115384615,0,1,0.038461538,0,0,0.961538462,0
573,1,0,0,0,1,0,0,0,0,0,0.78,0.22,0,0,0.230769231,0.676923077,0,0.092307692,0,1,0,0.02,0.06,0.92,0
574,1,0,0,0,1,0,0,0,0,0,0.6,0.169230769,0.230769231,0,0,0.88,0,0.12,0,1,0,0.04,0.04,0.92,0
575,1,0,0,0,1,0,0,0,0,0,0.78,0.22,0,0,0.230769231,0.676923077,0,0.092307692,0,1,0,0.02,0.06,0.92,0
576,1,0,0,0,1,0,0,0,0,0,0.78,0.22,0,0,0.230769231,0.676923077,0,0.092307692,0,1,0,0.02,0.06,0.92,0
577,1,0,0,0,0,0,0,0,0,0,0.6,0.169230769,0.230769231,0,0,0.846153846,0.038461538,0.115384615,0,1,0.038461538,0,0,0.961538462,0
578,1,0,0,0,1,0,0,0,0,0,0.609375,0.171875,0.21875,0,0,0.88,0,0.12,0,1,0,0.04,0.06,0.9,0
579,1,0,0,0,0,0,0,0,0,0,0.6,0.169230769,0.230769231,0,0,0.846153846,0.038461538,0.115384615,0,1,0.038461538,0,0,0.961538462,0
580,1,0,0,0,1,0,0,0,0,0,0.6,0.169230769,0.230769231,0,0,0.88,0,0.12,0,1,0,0.04,0.04,0.92,0
581,1,0,0,0,0,0,0,0,0,0,0.6,0.169230769,0.230769231,0,0,0.846153846,0.038461538,0.115384615,0,1,0.038461538,0,0,0.961538462,0
582,1,0,0,0,0,0,0,0,0,0,0.6,0.169230769,0.230769231,0,0,0.846153846,0.038461538,0.115384615,0,1,0.038461538,0,0,0.961538462,0
583,1,0,0,0,0,0,0,0,0,0,0.6,0.169230769,0.230769231,0,0,0.846153846,0.038461538,0.115384615,0,1,0.038461538,0,0,0.961538462,0
584,1,0,0,0,0,0,0,0,0,0,0.6,0.169230769,0.230769231,0,0,0.846153846,0.038461538,0.115384615,0,1,0.038461538,0,0,0.961538462,0
585,1,0,0,0,0,0,0,0,0,0,0.6,0.169230769,0.230769231,0,0,0.846153846,0.038461538,0.115384615,0,1,0.038461538,0,0,0.961538462,0
586,1,0,0,0,0,0,0,0,0,0,0.6,0.169230769,0.230769231,0,0,0.846153846,0.038461538,0.115384615,0,1,0.038461538,0,0,0.961538462,0
587,1,0,0,0,0,0,0,0,0,0,0.6,0.169230769,0.230769231,0,0,0.846153846,0.038461538,0.115384615,0,1,0.038461538,0,0,0.961538462,0
588,1,0,0,0,1,0,0,0,0,0,0.6,0.169230769,0.230769231,0,0,0.88,0,0.12,0,1,0,0.04,0.04,0.92,0
589,1,0,0,0,0,0,0,0,0,0,0.6,0.169230769,0.230769231,0,0,0.846153846,0.038461538,0.115384615,0,1,0.038461538,0,0,0.961538462,0
590,1,0,0,0,0,0,0,0,0,0,0.6,0.169230769,0.230769231,0,0,0.846153846,0.038461538,0.115384615,0,1,0.038461538,0,0,0.961538462,0
591,1,0,0,0,0,0,0,0,0,0,0.6,0.169230769,0.230769231,0,0,0.846153846,0.038461538,0.115384615,0,1,0.038461538,0,0,0.961538462,0
592,1,0,0,0,0,0,0,0,0,0,0.6,0.169230769,0.230769231,0,0,0.846153846,0.038461538,0.115384615,0,1,0.038461538,0,0,0.961538462,0
593,1,0,0,0,1,0,0,0,0,0,0.6,0.169230769,0.230769231,0,0,0.88,0,0.12,0,1,0,0.04,0.04,0.92,0
594,1,0,0,0,1,0,0,0,0,0,0.6,0.169230769,0.230769231,0,0,0.88,0,0.12,0,1,0,0.04,0.04,0.92,0
595,1,0,0,0,1,0,0,0,0,0,0.6,0.169230769,0.230769231,0,0,0.88,0,0.12,0,1,0,0.04,0.04,0.92,0
596,1,0,0,0,0,0,0,0,0,0,0.6,0.169230769,0.230769231,0,0,0.846153846,0.038461538,0.115384615,0,1,0.038461538,0,0,0.961538462,0
597,1,0,0,0,1,0,0,0,0,0,0.6,0.169230769,0.230769231,0,0,0.88,0,0.12,0,1,0,0.04,0.04,0.92,0
598,1,0,0,0,1,0,0,0,0,0,0.6,0.169230769,0.230769231,0,0,0.88,0,0.12,0,1,0,0.04,0.04,0.92,0
599,1,0,0,0,1,0,0,0,0,0,0.6,0.169230769,0.230769231,0,0,0.88,0,0.12,0,1,0,0.04,0.04,0.92,0
600,1,0,0,0,1,0,0,0,0,0,0.78,0.22,0,0,0.230769231,0.676923077,0,0.092307692,0,1,0,0.02,0.06,0.92,0
601,1,0,0,0,0,0,0,0,0,0,0.6,0.169230769,0.230769231,0,0,0.846153846,0.038461538,0.115384615,0,1,0.038461538,0,0,0.961538462,0
602,1,0,0,0,1,0,0,0,0,0,0.78,0.22,0,0,0.230769231,0.676923077,0,0.092307692,0,1,0.019607843,0,0.058823529,0.921568627,0
603,1,0,0,0,1,0,0,0,0,0,0.78,0.22,0,0,0.230769231,0.676923077,0,0.092307692,0,1,0.019607843,0,0.058823529,0.921568627,0
604,1,0,0,0,1,0,0,0,0,0,0.78,0.22,0,0,0.230769231,0.676923077,0,0.092307692,0,1,0,0.02,0.06,0.92,0
605,1,0,0,0,1,0,0,0,0,0,0.78,0.22,0,0,0.230769231,0.676923077,0,0.092307692,0,1,0,0.02,0.06,0.92,0
606,1,0,0,0,0,0,0,0,0,0,0.6,0.169230769,0.230769231,0,0,0.846153846,0.038461538,0.115384615,0,1,0.038461538,0,0,0.961538462,0
607,1,0,0,0,1,0,0,0,0,0,0.78,0.22,0,0,0.230769231,0.676923077,0,0.092307692,0,1,0,0.02,0.06,0.92,0
608,1,0,0,0,1,0,0,0,0,0,0.78,0.22,0,0,0.230769231,0.676923077,0,0.092307692,0,1,0,0.02,0.06,0.92,0
609,1,0,0,0,0,0,0,0,0,0,0.6,0.169230769,0.230769231,0,0,0.846153846,0.038461538,0.115384615,0,1,0.038461538,0,0,0.961538462,0
610,1,0,0,0,0,0,0,0,0,0,0.6,0.169230769,0.230769231,0,0,0.846153846,0.038461538,0.115384615,0,1,0.038461538,0,0,0.961538462,0
611,1,0,0,0,1,0,0,0,0,0,0.6,0.169230769,0.230769231,0,0,0.88,0,0.12,0,1,0,0.04,0.04,0.92,0
612,1,0,0,0,0,0,0,0,0,0,0.6,0.169230769,0.230769231,0,0,0.846153846,0.038461538,0.115384615,0,1,0.038461538,0,0,0.961538462,0
613,1,0,0,0,0,0,0,0,0,0,0.6,0.169230769,0.230769231,0,0,0.846153846,0.038461538,0.115384615,0,1,0.038461538,0,0,0.961538462,0
614,1,0,0,0,1,0,0,0,0,0,0.78,0.22,0,0,0.230769231,0.676923077,0,0.092307692,0,1,0.019607843,0,0.058823529,0.921568627,0
615,1,0,0,0,1,0,0,0,0,0,0.78,0.22,0,0,0.230769231,0.676923077,0,0.092307692,0,1,0,0.02,0.06,0.92,0
616,1,0,0,0,1,0,0,0,0,0,0.78,0.22,0,0,0.230769231,0.676923077,0,0.092307692,0,1,0.019607843,0,0.058823529,0.921568627,0
617,1,0,0,0,1,0,0,0,0,0,0.78,0.22,0,0,0.230769231,0.676923077,0,0.092307692,0,1,0.019607843,0,0.058823529,0.921568627,0
618,1,0,0,0,1,0,0,0,0,0,0.78,0.22,0,0,0.230769231,0.676923077,0,0.092307692,0,1,0,0.02,0.06,0.92,0
619,1,0,0,0,1,0,0,0,0,0,0.78,0.22,0,0,0.230769231,0.676923077,0,0.092307692,0,1,0.019607843,0,0.058823529,0.921568627,0
620,1,0,0,0,1,0,0,0,0,0,0.78,0.22,0,0,0.230769231,0.676923077,0,0.092307692,0,1,0.019607843,0,0.058823529,0.921568627,0
621,1,0,0,0,1,0,0,0,0,0,0.764705882,0.215686275,0,0.019607843,0.230769231,0.676923077,0,0.092307692,0,1,0,0,0.06,0.94,0
622,1,0,0,0,0,0,0,0,0,0,0.6,0.169230769,0.230769231,0,0,0.846153846,0.038461538,0.115384615,0,1,0.038461538,0,0,0.961538462,0
623,1,0,0,0,0,0,0,0,0,0,0.6,0.169230769,0.230769231,0,0,0.846153846,0.038461538,0.115384615,0,1,0.038461538,0,0,0.961538462,0
624,1,0,0,0,0,0,0,0,0,0,0.6,0.169230769,0.230769231,0,0,0.846153846,0.038461538,0.115384615,0,1,0.038461538,0,0,0.961538462,0
625,1,0,0,0,0,0,0,0,0,0,0.6,0.169230769,0.230769231,0,0,0.846153846,0.038461538,0.115384615,0,1,0.038461538,0,0,0.961538462,0
626,1,0,0,0,1,0,0,0,0,0,0.6,0.169230769,0.230769231,0,0,0.88,0,0.12,0,1,0,0.04,0.04,0.92,0
627,1,0,0,0,0,0,0,0,0,0,0.6,0.169230769,0.230769231,0,0,0.846153846,0.038461538,0.115384615,0,1,0.038461538,0,0,0.961538462,0
628,1,0,0,0,1,0,0,0,0,0,0.609375,0.171875,0.21875,0,0,0.88,0,0.12,0,1,0,0.04,0.06,0.9,0
629,1,0,0,0,0,0,0,0,0,0,0.6,0.169230769,0.230769231,0,0,0.846153846,0.038461538,0.115384615,0,1,0.038461538,0,0,0.961538462,0
630,1,0,0,0,0,0,0,0,0,0,0.6,0.169230769,0.230769231,0,0,0.846153846,0.038461538,0.115384615,0,1,0.038461538,0,0,0.961538462,0
631,1,0,0,0,0,0,0,0,0,0,0.6,0.169230769,0.230769231,0,0,0.846153846,0.038461538,0.115384615,0,1,0.038461538,0,0,0.961538462,0
632,1,0,0,0,0,0,0,0,0,0,0.6,0.169230769,0.230769231,0,0,0.846153846,0.038461538,0.115384615,0,1,0.038461538,0,0,0.961538462,0
633,1,0,0,0,0,0,0,0,0,0,0.6,0.169230769,0.230769231,0,0,0.846153846,0.038461538,0.115384615,0,1,0.038461538,0,0,0.961538462,0
634,1,0,0,0,0,0,0,0,0,0,0.6,0.169230769,0.230769231,0,0,0.846153846,0.038461538,0.115384615,0,1,0.038461538,0,0,0.961538462,0
635,1,0,0,0,1,0,0,0,0,0,0.78,0.22,0,0,0.230769231,0.676923077,0,0.092307692,0,1,0,0.02,0.06,0.92,0
636,1,0,0,0,1,0,0,0,0,0,0.764705882,0.215686275,0,0.019607843,0.230769231,0.676923077,0,0.092307692,0,1,0,0,0.06,0.94,0
637,1,0,0,0,0,0,0,0,0,0,0.6,0.169230769,0.230769231,0,0,0.846153846,0.038461538,0.115384615,0,1,0.038461538,0,0,0.961538462,0
638,1,0,0,0,1,0,0,0,0,0,0.6,0.169230769,0.230769231,0,0,0.88,0,0.12,0,1,0,0.04,0.04,0.92,0
639,1,0,0,0,0,0,0,0,0,0,0.6,0.169230769,0.230769231,0,0,0.846153846,0.038461538,0.115384615,0,1,0.038461538,0,0,0.961538462,0
640,1,0,0,0,1,0,0,0,0,0,0.6,0.169230769,0.230769231,0,0,0.88,0,0.12,0,1,0,0.04,0.04,0.92,0
641,1,0,0,0,1,0,0,0,0,0,0.6,0.169230769,0.230769231,0,0,0.88,0,0.12,0,1,0,0.04,0.04,0.92,0
642,1,0,0,0,1,0,0,0,0,0,0.6,0.169230769,0.230769231,0,0,0.88,0,0.12,0,1,0,0.04,0.04,0.92,0
643,1,0,0,0,1,0,0,0,0,0,0.6,0.169230769,0.230769231,0,0,0.88,0,0.12,0,1,0,0.04,0.04,0.92,0
644,1,0,0,0,0,0,0,0,0,0,0.6,0.169230769,0.230769231,0,0,0.846153846,0.038461538,0.115384615,0,1,0.038461538,0,0,0.961538462,0
645,1,0,0,0,0,0,0,0,0,0,0.6,0.169230769,0.230769231,0,0,0.846153846,0.038461538,0.115384615,0,1,0.038461538,0,0,0.961538462,0
646,1,0,0,0,1,0,0,0,0,0,0.764705882,0.215686275,0,0.019607843,0.230769231,0.676923077,0,0.092307692,0,1,0,0,0.06,0.94,0
647,1,0,0,0,0,0,0,0,0,0,0.6,0.169230769,0.230769231,0,0,0.846153846,0.038461538,0.115384615,0,1,0.038461538,0,0,0.961538462,0
648,1,0,0,0,0,0,0,0,0,0,0.6,0.169230769,0.230769231,0,0,0.846153846,0.038461538,0.115384615,0,1,0.038461538,0,0,0.961538462,0
649,1,0,0,0,1,0,0,0,0,0,0.764705882,0.215686275,0,0.019607843,0.230769231,0.676923077,0,0.092307692,0,1,0,0,0.06,0.94,0
650,1,0,0,0,0,0,0,0,0,0,0.6,0.169230769,0.230769231,0,0,0.846153846,0.038461538,0.115384615,0,1,0.038461538,0,0,0.961538462,0
651,1,0,0,0,0,0,0,0,0,0,0.6,0.169230769,0.230769231,0,0,0.846153846,0.038461538,0.115384615,0,1,0.038461538,0,0,0.961538462,0
652,1,0,0,0,1,0,0,0,0,0,0.609375,0.171875,0.21875,0,0,0.88,0,0.12,0,1,0,0.04,0.06,0.9,0
653,1,0,0,0,1,0,0,0,0,0,0.609375,0.171875,0.21875,0,0,0.88,0,0.12,0,1,0,0.04,0.06,0.9,0
654,1,0,0,0,1,0,0,0,0,0,0.78,0.22,0,0,0.230769231,0.676923077,0,0.092307692,0,1,0,0.02,0.06,0.92,0
655,1,0,0,0,0,0,0,0,0,0,0.6,0.169230769,0.230769231,0,0,0.846153846,0.038461538,0.115384615,0,1,0.038461538,0,0,0.961538462,0
656,1,0,0,0,1,0,0,0,0,0,0.764705882,0.215686275,0,0.019607843,0.230769231,0.676923077,0,0.092307692,0,1,0,0,0.06,0.94,0
657,1,0,0,0,1,0,0,0,0,0,0.6,0.169230769,0.230769231,0,0,0.846153846,0.038461538,0.115384615,0,1,0,0.04,0,0.96,0
658,1,0,0,0,1,0,0,0,0,0,0.6,0.169230769,0.230769231,0,0,0.88,0,0.12,0,1,0,0.04,0.04,0.92,0
659,1,0,0,0,1,0,0,0,0,0,0.6,0.169230769,0.230769231,0,0,0.88,0,0.12,0,1,0,0.04,0.04,0.92,0
660,1,0,0,0,1,0,0,0,0,0,0.78,0.22,0,0,0.230769231,0.676923077,0,0.092307692,0,1,0.019607843,0,0.058823529,0.921568627,0
661,1,0,0,0,0,0,0,0,0,0,0.6,0.169230769,0.230769231,0,0,0.846153846,0.038461538,0.115384615,0,1,0.038461538,0,0,0.961538462,0
662,1,0,0,0,0,0,0,0,0,0,0.6,0.169230769,0.230769231,0,0,0.846153846,0.038461538,0.115384615,0,1,0.038461538,0,0,0.961538462,0
663,1,0,0,0,0,0,0,0,0,0,0.6,0.169230769,0.230769231,0,0,0.846153846,0.038461538,0.115384615,0,1,0.038461538,0,0,0.961538462,0
664,1,0,0,0,0,0,0,0,0,0,0.6,0.169230769,0.230769231,0,0,0.846153846,0.038461538,0.115384615,0,1,0.038461538,0,0,0.961538462,0
665,1,0,0,0,1,0,0,0,0,0,0.6,0.169230769,0.230769231,0,0,0.846153846,0.038461538,0.115384615,0,1,0,0.04,0,0.96,0
666,1,0,0,0,1,0,0,0,0,0,0.6,0.169230769,0.230769231,0,0,0.846153846,0.038461538,0.115384615,0,1,0,0.04,0,0.96,0
667,1,0,0,0,1,0,0,0,0,0,0.6,0.169230769,0.230769231,0,0,0.846153846,0.038461538,0.115384615,0,1,0,0.04,0,0.96,0
668,1,0,0,0,1,0,0,0,0,0,0.6,0.169230769,0.230769231,0,0,0.846153846,0.038461538,0.115384615,0,1,0,0.04,0,0.96,0
669,1,0,0,0,1,0,0,0,0,0,0.78,0.22,0,0,0.230769231,0.676923077,0,0.092307692,0,1,0.019607843,0,0.058823529,0.921568627,0
670,1,0,0,0,1,0,0,0,0,0,0.764705882,0.215686275,0,0.019607843,0.230769231,0.676923077,0,0.092307692,0,1,0,0,0.06,0.94,0
671,1,0,0,0,1,0,0,0,0,0,0.78,0.22,0,0,0.230769231,0.676923077,0,0.092307692,0,1,0.019607843,0,0.058823529,0.921568627,0
672,1,0,0,0,1,0,0,0,0,0,0.6,0.169230769,0.230769231,0,0,0.846153846,0.038461538,0.115384615,0,1,0,0.04,0,0.96,0
673,1,0,0,0,0,0,0,0,0,0,0.6,0.169230769,0.230769231,0,0,0.846153846,0.038461538,0.115384615,0,1,0.038461538,0,0,0.961538462,0
674,1,0,0,0,1,0,0,0,0,0,0.764705882,0.215686275,0,0.019607843,0.230769231,0.676923077,0,0.092307692,0,1,0,0,0.06,0.94,0
675,1,0,0,0,1,0,0,0,0,0,0.6,0.169230769,0.230769231,0,0,0.846153846,0.038461538,0.115384615,0,1,0,0.04,0,0.96,0
676,1,0,0,0,1,0,0,0,0,0,0.6,0.169230769,0.230769231,0,0,0.846153846,0.038461538,0.115384615,0,1,0,0.04,0,0.96,0
677,1,0,0,0,1,0,0,0,0,0,0.6,0.169230769,0.230769231,0,0,0.846153846,0.038461538,0.115384615,0,1,0,0.04,0,0.96,0
678,1,0,0,0,0,0,0,0,0,0,0.6,0.169230769,0.230769231,0,0,0.846153846,0.038461538,0.115384615,0,1,0.038461538,0,0,0.961538462,0
679,1,0,0,0,0,0,0,0,0,0,0.6,0.169230769,0.230769231,0,0,0.846153846,0.038461538,0.115384615,0,1,0.038461538,0,0,0.961538462,0
680,1,0,0,0,1,0,0,0,0,0,0.6,0.169230769,0.230769231,0,0,0.846153846,0.038461538,0.115384615,0,1,0,0.04,0,0.96,0
681,1,0,0,0,1,0,0,0,0,0,0.6,0.169230769,0.230769231,0,0,0.846153846,0.038461538,0.115384615,0,1,0,0.04,0,0.96,0
682,1,0,0,0,1,0,0,0,0,0,0.6,0.169230769,0.230769231,0,0,0.846153846,0.038461538,0.115384615,0,1,0,0.04,0,0.96,0
683,1,0,0,0,0,0,0,0,0,0,0.6,0.169230769,0.230769231,0,0,0.846153846,0.038461538,0.115384615,0,1,0.038461538,0,0,0.961538462,0
684,1,0,0,0,1,0,0,0,0,0,0.6,0.169230769,0.230769231,0,0,0.88,0,0.12,0,1,0,0.04,0.04,0.92,0
685,1,0,0,0,0,0,0,0,0,0,0.6,0.169230769,0.230769231,0,0,0.846153846,0.038461538,0.115384615,0,1,0.038461538,0,0,0.961538462,0
686,1,0,0,0,0,0,0,0,0,0,0.6,0.169230769,0.230769231,0,0,0.846153846,0.038461538,0.115384615,0,1,0.038461538,0,0,0.961538462,0
687,1,0,0,0,0,0,0,0,0,0,0.6,0.169230769,0.230769231,0,0,0.846153846,0.038461538,0.115384615,0,1,0.038461538,0,0,0.961538462,0
688,1,0,0,0,0,0,0,0,0,0,0.6,0.169230769,0.230769231,0,0,0.846153846,0.038461538,0.115384615,0,1,0.038461538,0,0,0.961538462,0
689,1,0,0,0,0,0,0,0,0,0,0.6,0.169230769,0.230769231,0,0,0.846153846,0.038461538,0.115384615,0,1,0.038461538,0,0,0.961538462,0
690,1,0,0,0,1,0,0,0,0,0,0.78,0.22,0,0,0.230769231,0.676923077,0,0.092307692,0,1,0.019607843,0,0.058823529,0.921568627,0
691,1,0,0,0,1,0,0,0,0,0,0.78,0.22,0,0,0.21875,0.6875,0,0.09375,0,1,0,0.04,0.06,0.9,0
692,1,0,0,0,1,0,0,0,0,0,0.78,0.22,0,0,0.21875,0.6875,0,0.09375,0,1,0,0.04,0.06,0.9,0
693,1,0,0,0,1,0,0,0,0,0,0.764705882,0.215686275,0,0.019607843,0.230769231,0.676923077,0,0.092307692,0,1,0,0,0.06,0.94,0
694,1,0,0,0,1,0,0,0,0,0,0.78,0.22,0,0,0.230769231,0.676923077,0,0.092307692,0,1,0,0.02,0.06,0.92,0
695,1,0,0,0,1,0,0,0,0,0,0.78,0.22,0,0,0.230769231,0.676923077,0,0.092307692,0,1,0,0.02,0.06,0.92,0
696,1,0,0,0,1,0,0,0,0,0,0.6,0.169230769,0.230769231,0,0,0.88,0,0.12,0,1,0,0.04,0.04,0.92,0
697,1,0,0,0,1,0,0,0,0,0,0.764705882,0.215686275,0,0.019607843,0.230769231,0.676923077,0,0.092307692,0,1,0,0,0.06,0.94,0
698,1,0,0,0,1,0,0,0,0,0,0.78,0.22,0,0,0.21875,0.6875,0,0.09375,0,1,0,0.04,0.06,0.9,0
699,1,0,0,0,1,0,0,0,0,0,0.6,0.169230769,0.230769231,0,0,0.846153846,0.038461538,0.115384615,0,1,0,0.04,0,0.96,0
700,1,0,0,0,1,0,0,0,0,0,0.6,0.169230769,0.230769231,0,0,0.846153846,0.038461538,0.115384615,0,1,0,0.04,0,0.96,0
701,1,0,0,0,1,0,0,0,0,0,0.6,0.169230769,0.230769231,0,0,0.846153846,0.038461538,0.115384615,0,1,0,0.04,0,0.96,0
702,1,0,0,0,1,0,0,0,0,0,0.6,0.169230769,0.230769231,0,0,0.846153846,0.038461538,0.115384615,0,1,0,0.04,0,0.96,0
703,1,0,0,0,1,0,0,0,0,0,0.78,0.22,0,0,0.230769231,0.676923077,0,0.092307692,0,1,0.019607843,0,0.058823529,0.921568627,0
704,1,0,0,0,1,0,0,0,0,0,0.78,0.22,0,0,0.230769231,0.676923077,0,0.092307692,0,1,0.019607843,0,0.058823529,0.921568627,0
705,1,0,0,0,1,0,0,0,0,0,0.6,0.169230769,0.230769231,0,0,0.88,0,0.12,0,1,0,0.04,0.04,0.92,0
706,1,0,0,0,1,0,0,0,0,0,0.6,0.169230769,0.230769231,0,0,0.88,0,0.12,0,1,0,0.04,0.04,0.92,0
707,1,0,0,0,1,0,0,0,0,0,0.6,0.169230769,0.230769231,0,0,0.88,0,0.12,0,1,0,0.04,0.04,0.92,0
708,1,0,0,0,1,0,0,0,0,0,0.764705882,0.215686275,0,0.019607843,0.230769231,0.676923077,0,0.092307692,0,1,0,0,0.06,0.94,0
709,1,0,0,0,1,0,0,0,0,0,0.78,0.22,0,0,0.230769231,0.676923077,0,0.092307692,0,1,0,0.02,0.06,0.92,0
710,1,0,0,0,1,0,0,0,0,0,0.6,0.169230769,0.230769231,0,0,0.88,0,0.12,0,1,0,0.04,0.04,0.92,0
711,1,0,0,0,1,0,0,0,0,0,0.609375,0.171875,0.21875,0,0,0.88,0,0.12,0,1,0,0.04,0.06,0.9,0
712,1,0,0,0,1,0,0,0,0,0,0.78,0.22,0,0,0.230769231,0.676923077,0,0.092307692,0,1,0,0.02,0.06,0.92,0
713,1,0,0,0,1,0,0,0,0,0,0.78,0.22,0,0,0.230769231,0.676923077,0,0.092307692,0,1,0,0.02,0.06,0.92,0
714,1,0,0,0,1,0,0,0,0,0,0.6,0.169230769,0.230769231,0,0,0.88,0,0.12,0,1,0,0.04,0.04,0.92,0
715,1,0,0,0,1,0,0,0,0,0,0.6,0.169230769,0.230769231,0,0,0.846153846,0.038461538,0.115384615,0,1,0,0.04,0,0.96,0
716,1,0,0,0,1,0,0,0,0,0,0.6,0.169230769,0.230769231,0,0,0.846153846,0.038461538,0.115384615,0,1,0,0.04,0,0.96,0
717,1,0,0,0,1,0,0,0,0,0,0.78,0.22,0,0,0.230769231,0.676923077,0,0.092307692,0,1,0.019607843,0,0.058823529,0.921568627,0
718,1,0,0,0,1,0,0,0,0,0,0.78,0.22,0,0,0.230769231,0.676923077,0,0.092307692,0,1,0.019607843,0,0.058823529,0.921568627,0
719,1,0,0,0,1,0,0,0,0,0,0.78,0.22,0,0,0.21875,0.6875,0,0.09375,0,1,0.038461538,0,0.057692308,0.903846154,0
720,1,0,0,0,1,0,0,0,0,0,0.78,0.22,0,0,0.230769231,0.676923077,0,0.092307692,0,1,0,0.02,0.06,0.92,0
721,1,0,0,0,1,0,0,0,0,0,0.78,0.22,0,0,0.230769231,0.676923077,0,0.092307692,0,1,0.019607843,0,0.058823529,0.921568627,0
722,1,0,0,0,1,0,0,0,0,0,0.6,0.169230769,0.230769231,0,0,0.846153846,0.038461538,0.115384615,0,1,0,0.04,0,0.96,0
723,1,0,0,0,1,0,0,0,0,0,0.6,0.169230769,0.230769231,0,0,0.846153846,0.038461538,0.115384615,0,1,0,0.04,0,0.96,0
724,1,0,0,0,1,0,0,0,0,0,0.78,0.22,0,0,0.230769231,0.676923077,0,0.092307692,0,1,0,0.02,0.06,0.92,0
725,1,0,0,0,1,0,0,0,0,0,0.764705882,0.215686275,0,0.019607843,0.230769231,0.676923077,0,0.092307692,0,1,0,0,0.06,0.94,0
726,1,0,0,0,1,0,0,0,0,0,0.78,0.22,0,0,0.230769231,0.676923077,0,0.092307692,0,1,0.019607843,0,0.058823529,0.921568627,0
727,1,0,0,0,1,0,0,0,0,0,0.78,0.22,0,0,0.230769231,0.676923077,0,0.092307692,0,1,0.019607843,0,0.058823529,0.921568627,0
728,1,0,0,0,1,0,0,0,0,0,0.764705882,0.215686275,0,0.019607843,0.230769231,0.676923077,0,0.092307692,0,1,0,0,0.06,0.94,0
729,1,0,0,0,1,0,0,0,0,0,0.6,0.169230769,0.230769231,0,0,0.846153846,0.038461538,0.115384615,0,1,0,0.04,0,0.96,0
730,1,0,0,0,1,0,0,0,0,0,0.6,0.169230769,0.230769231,0,0,0.846153846,0.038461538,0.115384615,0,1,0,0.04,0,0.96,0
731,1,0,0,0,1,0,0,0,0,0,0.6,0.169230769,0.230769231,0,0,0.846153846,0.038461538,0.115384615,0,1,0,0.04,0,0.96,0
732,1,0,0,0,1,0,0,0,0,0,0.764705882,0.215686275,0,0.019607843,0.230769231,0.676923077,0,0.092307692,0,1,0,0,0.06,0.94,0
733,1,0,0,0,1,0,0,0,0,0,0.78,0.22,0,0,0.230769231,0.676923077,0,0.092307692,0,1,0,0.02,0.06,0.92,0
734,1,0,0,0,1,0,0,0,0,0,0.6,0.169230769,0.230769231,0,0,0.846153846,0.038461538,0.115384615,0,1,0,0.04,0,0.96,0
735,1,0,0,0,1,0,0,0,0,0,0.764705882,0.215686275,0,0.019607843,0.230769231,0.676923077,0,0.092307692,0,1,0,0,0.06,0.94,0
736,1,0,0,0,0,0,0,0,0,0,0.6,0.169230769,0.230769231,0,0,0.846153846,0.038461538,0.115384615,0,1,0.038461538,0,0,0.961538462,0
737,1,0,0,0,1,0,0,0,0,0,0.764705882,0.215686275,0,0.019607843,0.230769231,0.676923077,0,0.092307692,0,1,0,0,0.06,0.94,0
738,1,0,0,0,1,0,0,0,0,0,0.6,0.169230769,0.230769231,0,0,0.88,0,0.12,0,1,0,0.04,0.04,0.92,0
739,1,0,0,0,1,0,0,0,0,0,0.78,0.22,0,0,0.230769231,0.676923077,0,0.092307692,0,1,0.019607843,0,0.058823529,0.921568627,0
740,1,0,0,0,1,0,0,0,0,0,0.6,0.169230769,0.230769231,0,0,0.846153846,0.038461538,0.115384615,0,1,0,0.04,0,0.96,0
741,1,0,0,0,1,0,0,0,0,0,0.78,0.22,0,0,0.230769231,0.676923077,0,0.092307692,0,1,0,0.02,0.06,0.92,0
742,1,0,0,0,0,0,0,0,0,0,0.6,0.169230769,0.230769231,0,0,0.846153846,0.038461538,0.115384615,0,1,0.038461538,0,0,0.961538462,0
743,1,0,0,0,0,0,0,0,0,0,0.6,0.169230769,0.230769231,0,0,0.846153846,0.038461538,0.115384615,0,1,0.038461538,0,0,0.961538462,0
744,1,0,0,0,1,0,0,0,0,0,0.6,0.169230769,0.230769231,0,0,0.846153846,0.038461538,0.115384615,0,1,0,0.04,0,0.96,0
745,1,0,0,0,1,0,0,0,0,0,0.78,0.22,0,0,0.21875,0.6875,0,0.09375,0,1,0.038461538,0,0.057692308,0.903846154,0
746,1,0,0,0,0,0,0,0,0,0,0.6,0.169230769,0.230769231,0,0,0.846153846,0.038461538,0.115384615,0,1,0.038461538,0,0,0.961538462,0
747,1,0,0,0,0,0,0,0,0,0,0.6,0.169230769,0.230769231,0,0,0.846153846,0.038461538,0.115384615,0,1,0.038461538,0,0,0.961538462,0
748,1,0,0,0,1,0,0,0,0,0,0.78,0.22,0,0,0.230769231,0.676923077,0,0.092307692,0,1,0,0.02,0.06,0.92,0
749,1,0,0,0,1,0,0,0,0,0,0.6,0.169230769,0.230769231,0,0,0.846153846,0.038461538,0.115384615,0,1,0,0.04,0,0.96,0
750,1,0,0,0,1,0,0,0,0,0,0.6,0.169230769,0.230769231,0,0,0.846153846,0.038461538,0.115384615,0,1,0,0.04,0,0.96,0
751,1,0,0,0,1,0,0,0,0,0,0.6,0.169230769,0.230769231,0,0,0.846153846,0.038461538,0.115384615,0,1,0,0.04,0,0.96,0
752,1,0,0,0,1,0,0,0,0,0,0.78,0.22,0,0,0.230769231,0.676923077,0,0.092307692,0,1,0.019607843,0,0.058823529,0.921568627,0
753,1,0,0,0,1,0,0,0,0,0,0.6,0.169230769,0.230769231,0,0,0.846153846,0.038461538,0.115384615,0,1,0,0.04,0,0.96,0
754,1,0,0,0,1,0,0,0,0,0,0.6,0.169230769,0.230769231,0,0,0.846153846,0.038461538,0.115384615,0,1,0,0.04,0,0.96,0
755,1,0,0,0,0,0,0,0,0,0,0.6,0.169230769,0.230769231,0,0,0.846153846,0.038461538,0.115384615,0,1,0.038461538,0,0,0.961538462,0
756,1,0,0,0,0,0,0,0,0,0,0.6,0.169230769,0.230769231,0,0,0.846153846,0.038461538,0.115384615,0,1,0.038461538,0,0,0.961538462,0
757,1,0,0,0,1,0,0,0,0,0,0.6,0.169230769,0.230769231,0,0,0.846153846,0.038461538,0.115384615,0,1,0,0.04,0,0.96,0
758,1,0,0,0,0,0,0,0,0,0,0.6,0.169230769,0.230769231,0,0,0.846153846,0.038461538,0.115384615,0,1,0.038461538,0,0,0.961538462,0
759,1,0,0,0,1,0,0,0,0,0,0.78,0.22,0,0,0.230769231,0.676923077,0,0.092307692,0,1,0,0.02,0.06,0.92,0
760,1,0,0,0,1,0,0,0,0,0,0.78,0.22,0,0,0.230769231,0.676923077,0,0.092307692,0,1,0.019607843,0,0.058823529,0.921568627,0
761,1,0,0,0,1,0,0,0,0,0,0.78,0.22,0,0,0.230769231,0.676923077,0,0.092307692,0,1,0.019607843,0,0.058823529,0.921568627,0
762,1,0,0,0,0,0,0,0,0,0,0.6,0.169230769,0.230769231,0,0,0.846153846,0.038461538,0.115384615,0,1,0.038461538,0,0,0.961538462,0
763,1,0,0,0,1,0,0,0,0,0,0.78,0.22,0,0,0.21875,0.6875,0,0.09375,0,1,0.038461538,0,0.057692308,0.903846154,0
764,1,0,0,0,0,0,0,0,0,0,0.6,0.169230769,0.230769231,0,0,0.846153846,0.038461538,0.115384615,0,1,0.038461538,0,0,0.961538462,0
765,1,0,0,0,0,0,0,0,0,0,0.6,0.169230769,0.230769231,0,0,0.846153846,0.038461538,0.115384615,0,1,0.038461538,0,0,0.961538462,0
766,1,0,0,0,0,0,0,0,0,0,0.6,0.169230769,0.230769231,0,0,0.846153846,0.038461538,0.115384615,0,1,0.038461538,0,0,0.961538462,0
767,1,0,0,0,1,0,0,0,0,0,0.78,0.22,0,0,0.21875,0.6875,0,0.09375,0,1,0,0.04,0.06,0.9,0
768,1,0,0,0,1,0,0,0,0,0,0.78,0.22,0,0,0.230769231,0.676923077,0,0.092307692,0,1,0,0.02,0.06,0.92,0
769,1,0,0,0,1,0,0,0,0,0,0.78,0.22,0,0,0.230769231,0.676923077,0,0.092307692,0,1,0.019607843,0,0.058823529,0.921568627,0
770,1,0,0,0,1,0,0,0,0,0,0.6,0.169230769,0.230769231,0,0,0.846153846,0.038461538,0.115384615,0,1,0,0.04,0,0.96,0
771,1,0,0,0,1,0,0,0,0,0,0.78,0.22,0,0,0.230769231,0.676923077,0,0.092307692,0,1,0.019607843,0,0.058823529,0.921568627,0
772,1,0,0,0,1,0,0,0,0,0,0.78,0.22,0,0,0.230769231,0.676923077,0,0.092307692,0,1,0,0.02,0.06,0.92,0
773,1,0,0,0,1,0,0,0,0,0,0.78,0.22,0,0,0.230769231,0.676923077,0,0.092307692,0,1,0,0.02,0.06,0.92,0
774,1,0,0,0,0,0,0,0,0,0,0.6,0.169230769,0.230769231,0,0,0.846153846,0.038461538,0.115384615,0,1,0.038461538,0,0,0.961538462,0
775,1,0,0,0,0,0,0,0,0,0,0.6,0.169230769,0.230769231,0,0,0.846153846,0.038461538,0.115384615,0,1,0.038461538,0,0,0.961538462,0
776,1,0,0,0,0,0,0,0,0,0,0.6,0.169230769,0.230769231,0,0,0.846153846,0.038461538,0.115384615,0,1,0.038461538,0,0,0.961538462,0
777,1,0,0,0,1,0,0,0,0,0,0.6,0.169230769,0.230769231,0,0,0.846153846,0.038461538,0.115384615,0,1,0,0.04,0,0.96,0
778,1,0,0,0,1,0,0,0,0,0,0.6,0.169230769,0.230769231,0,0,0.846153846,0.038461538,0.115384615,0,1,0,0.04,0,0.96,0
779,1,0,0,0,0,0,0,0,0,0,0.6,0.169230769,0.230769231,0,0,0.846153846,0.038461538,0.115384615,0,1,0.038461538,0,0,0.961538462,0
780,1,0,0,0,0,0,0,0,0,0,0.6,0.169230769,0.230769231,0,0,0.846153846,0.038461538,0.115384615,0,1,0.038461538,0,0,0.961538462,0
781,1,0,0,0,0,0,0,0,0,0,0.6,0.169230769,0.230769231,0,0,0.846153846,0.038461538,0.115384615,0,1,0.038461538,0,0,0.961538462,0
782,1,0,0,0,1,0,0,0,0,0,0.78,0.22,0,0,0.230769231,0.676923077,0,0.092307692,0,1,0,0.02,0.06,0.92,0
783,1,0,0,0,0,0,0,0,0,0,0.6,0.169230769,0.230769231,0,0,0.846153846,0.038461538,0.115384615,0,1,0.038461538,0,0,0.961538462,0
784,1,0,0,0,1,0,0,0,0,0,0.6,0.169230769,0.230769231,0,0,0.846153846,0.038461538,0.115384615,0,1,0,0.04,0,0.96,0
785,1,0,0,0,1,0,0,0,0,0,0.6,0.169230769,0.230769231,0,0,0.846153846,0.038461538,0.115384615,0,1,0,0.04,0,0.96,0
786,1,0,0,0,1,0,0,0,0,0,0.6,0.169230769,0.230769231,0,0,0.846153846,0.038461538,0.115384615,0,1,0,0.04,0,0.96,0
787,1,0,0,0,0,0,0,0,0,0,0.6,0.169230769,0.230769231,0,0,0.846153846,0.038461538,0.115384615,0,1,0.038461538,0,0,0.961538462,0
788,1,0,0,0,0,0,0,0,0,0,0.6,0.169230769,0.230769231,0,0,0.846153846,0.038461538,0.115384615,0,1,0.038461538,0,0,0.961538462,0
789,1,0,0,0,0,0,0,0,0,0,0.6,0.169230769,0.230769231,0,0,0.846153846,0.038461538,0.115384615,0,1,0.038461538,0,0,0.961538462,0
790,1,0,0,0,0,0,0,0,0,0,0.6,0.169230769,0.230769231,0,0,0.846153846,0.038461538,0.115384615,0,1,0.038461538,0,0,0.961538462,0
791,1,0,0,0,1,0,0,0,0,0,0.764705882,0.215686275,0,0.019607843,0.230769231,0.676923077,0,0.092307692,0,1,0,0,0.06,0.94,0
792,1,0,0,0,1,0,0,0,0,0,0.6,0.169230769,0.230769231,0,0,0.846153846,0.038461538,0.115384615,0,1,0,0.04,0,0.96,0
793,1,0,0,0,0,0,0,0,0,0,0.6,0.169230769,0.230769231,0,0,0.846153846,0.038461538,0.115384615,0,1,0.038461538,0,0,0.961538462,0
794,1,0,0,0,0,0,0,0,0,0,0.6,0.169230769,0.230769231,0,0,0.846153846,0.038461538,0.115384615,0,1,0.038461538,0,0,0.961538462,0
795,1,0,0,0,0,0,0,0,0,0,0.6,0.169230769,0.230769231,0,0,0.846153846,0.038461538,0.115384615,0,1,0.038461538,0,0,0.961538462,0
796,1,0,0,0,0,0,0,0,0,0,0.6,0.169230769,0.230769231,0,0,0.846153846,0.038461538,0.115384615,0,1,0.038461538,0,0,0.961538462,0
797,1,0,0,0,0,0,0,0,0,0,0.6,0.169230769,0.230769231,0,0,0.846153846,0.038461538,0.115384615,0,1,0.038461538,0,0,0.961538462,0
798,1,0,0,0,0,0,0,0,0,0,0.6,0.169230769,0.230769231,0,0,0.846153846,0.038461538,0.115384615,0,1,0.038461538,0,0,0.961538462,0
799,1,0,0,0,0,0,0,0,0,0,0.6,0.169230769,0.230769231,0,0,0.846153846,0.038461538,0.115384615,0,1,0.038461538,0,0,0.961538462,0
800,1,0,0,0,0,0,0,0,0,0,0.6,0.169230769,0.230769231,0,0,0.846153846,0.038461538,0.115384615,0,1,0.038461538,0,0,0.961538462,0
801,1,0,0,0,0,0,0,0,0,0,0.6,0.169230769,0.230769231,0,0,0.846153846,0.038461538,0.115384615,0,1,0.038461538,0,0,0.961538462,0
802,1,0,0,0,0,0,0,0,0,0,0.6,0.169230769,0.230769231,0,0,0.846153846,0.038461538,0.115384615,0,1,0.038461538,0,0,0.961538462,0
803,1,0,0,0,0,0,0,0,0,0,0.6,0.169230769,0.230769231,0,0,0.846153846,0.038461538,0.115384615,0,1,0.038461538,0,0,0.961538462,0
804,1,0,0,0,0,0,0,0,0,0,0.6,0.169230769,0.230769231,0,0,0.846153846,0.038461538,0.115384615,0,1,0.038461538,0,0,0.961538462,0
805,1,0,0,0,1,0,0,0,0,0,0.78,0.22,0,0,0.230769231,0.676923077,0,0.092307692,0,1,0.019607843,0,0.058823529,0.921568627,0
806,1,0,0,0,0,0,0,0,0,0,0.6,0.169230769,0.230769231,0,0,0.846153846,0.038461538,0.115384615,0,1,0.038461538,0,0,0.961538462,0
807,1,0,0,0,0,0,0,0,0,0,0.6,0.169230769,0.230769231,0,0,0.846153846,0.038461538,0.115384615,0,1,0.038461538,0,0,0.961538462,0
808,1,0,0,0,0,0,0,0,0,0,0.6,0.169230769,0.230769231,0,0,0.846153846,0.038461538,0.115384615,0,1,0.038461538,0,0,0.961538462,0
809,1,0,0,0,1,0,0,0,0,0,0.6,0.169230769,0.230769231,0,0,0.846153846,0.038461538,0.115384615,0,1,0,0.04,0,0.96,0
810,1,0,0,0,1,0,0,0,0,0,0.6,0.169230769,0.230769231,0,0,0.846153846,0.038461538,0.115384615,0,1,0,0.04,0,0.96,0
811,1,0,0,0,1,0,0,0,0,0,0.6,0.169230769,0.230769231,0,0,0.846153846,0.038461538,0.115384615,0,1,0,0.04,0,0.96,0
812,1,0,0,0,0,0,0,0,0,0,0.764705882,0.215686275,0,0.019607843,0.230769231,0.676923077,0,0.092307692,0,1,0,0,0,0.943396226,0.056603774
813,1,0,0,0,0,0,0,0,0,0,0.764705882,0.215686275,0,0.019607843,0.230769231,0.676923077,0,0.092307692,0,1,0,0,0,0.943396226,0.056603774
814,1,0,0,0,0,0,0,0,0,0,0.764705882,0.215686275,0,0.019607843,0.230769231,0.676923077,0,0.092307692,0,1,0,0,0,0.943396226,0.056603774
815,1,0,0,0,1,0,0,0,0,0,0.78,0.22,0,0,0.230769231,0.676923077,0,0.092307692,0,1,0,0.02,0.06,0.92,0
816,1,0,0,0,0,0,0,0,0,0,0.78,0.22,0,0,0.230769231,0.676923077,0,0.092307692,0,1,0.018518519,0,0,0.925925926,0.055555556
817,1,0,0,0,0,0,0,0,0,0,0.6,0.169230769,0.230769231,0,0,0.846153846,0.038461538,0.115384615,0,1,0.038461538,0,0,0.961538462,0
818,1,0,0,0,0,0,0,0,0,0,0.6,0.169230769,0.230769231,0,0,0.846153846,0.038461538,0.115384615,0,1,0.038461538,0,0,0.961538462,0
819,1,0,0,0,0,0,0,0,0,0,0.6,0.169230769,0.230769231,0,0,0.846153846,0.038461538,0.115384615,0,1,0.038461538,0,0,0.961538462,0
820,1,0,0,0,1,0,0,0,0,0,0.6,0.169230769,0.230769231,0,0,0.846153846,0.038461538,0.115384615,0,1,0,0.04,0,0.96,0
821,1,0,0,0,0,0,0,0,0,0,0.764705882,0.215686275,0,0.019607843,0.230769231,0.676923077,0,0.092307692,0,1,0,0,0,0.943396226,0.056603774
822,1,0,0,0,1,0,0,0,0,0,0.78,0.22,0,0,0.230769231,0.676923077,0,0.092307692,0,1,0,0.018867925,0,0.924528302,0.056603774
823,1,0,0,0,1,0,0,0,0,0,0.78,0.22,0,0,0.230769231,0.676923077,0,0.092307692,0,1,0,0.018867925,0,0.924528302,0.056603774
824,1,0,0,0,0,0,0,0,0,0,0.6,0.169230769,0.230769231,0,0,0.846153846,0.038461538,0.115384615,0,1,0.038461538,0,0,0.961538462,0
825,1,0,0,0,0,0,0,0,0,0,0.6,0.169230769,0.230769231,0,0,0.846153846,0.038461538,0.115384615,0,1,0.038461538,0,0,0.961538462,0
826,1,0,0,0,0,0,0,0,0,0,0.6,0.169230769,0.230769231,0,0,0.846153846,0.038461538,0.115384615,0,1,0.038461538,0,0,0.961538462,0
827,1,0,0,0,1,0,0,0,0,0,0.78,0.22,0,0,0.230769231,0.676923077,0,0.092307692,0,1,0,0.02,0.06,0.92,0
828,1,0,0,0,0,0,0,0,0,0,0.6,0.169230769,0.230769231,0,0,0.846153846,0.038461538,0.115384615,0,1,0.038461538,0,0,0.961538462,0
829,1,0,0,0,0,0,0,0,0,0,0.6,0.169230769,0.230769231,0,0,0.846153846,0.038461538,0.115384615,0,1,0.038461538,0,0,0.961538462,0
830,1,0,0,0,0,0,0,0,0,0,0.6,0.169230769,0.230769231,0,0,0.846153846,0.038461538,0.115384615,0,1,0.038461538,0,0,0.961538462,0
831,1,0,0,0,0,0,0,0,0,0,0.6,0.169230769,0.230769231,0,0,0.846153846,0.038461538,0.115384615,0,1,0.038461538,0,0,0.961538462,0
832,1,0,0,0,1,0,0,0,0,0,0.6,0.169230769,0.230769231,0,0,0.846153846,0.038461538,0.115384615,0,1,0,0.04,0,0.96,0
833,1,0,0,0,1,0,0,0,0,0,0.78,0.22,0,0,0.230769231,0.676923077,0,0.092307692,0,1,0.019607843,0,0.058823529,0.921568627,0
834,1,0,0,0,1,0,0,0,0,0,0.78,0.22,0,0,0.230769231,0.676923077,0,0.092307692,0,1,0,0.02,0.06,0.92,0
835,1,0,0,0,0,0,0,0,0,0,0.6,0.169230769,0.230769231,0,0,0.846153846,0.038461538,0.115384615,0,1,0.038461538,0,0,0.961538462,0
836,1,0,0,0,0,0,0,0,0,0,0.6,0.169230769,0.230769231,0,0,0.846153846,0.038461538,0.115384615,0,1,0.038461538,0,0,0.961538462,0
837,1,0,0,0,0,0,0,0,0,0,0.6,0.169230769,0.230769231,0,0,0.846153846,0.038461538,0.115384615,0,1,0.038461538,0,0,0.961538462,0
838,1,0,0,0,0,0,0,0,0,0,0.764705882,0.215686275,0,0.019607843,0.230769231,0.676923077,0,0.092307692,0,1,0,0,0,0.943396226,0.056603774
839,1,0,0,0,0,0,0,0,0,0,0.764705882,0.215686275,0,0.019607843,0.230769231,0.676923077,0,0.092307692,0,1,0,0,0,0.943396226,0.056603774
840,1,0,0,0,0,0,0,0,0,0,0.6,0.169230769,0.230769231,0,0,0.846153846,0.038461538,0.115384615,0,1,0.038461538,0,0,0.961538462,0
841,1,0,0,0,0,0,0,0,0,0,0.6,0.169230769,0.230769231,0,0,0.846153846,0.038461538,0.115384615,0,1,0.038461538,0,0,0.961538462,0
842,1,0,0,0,0,0,0,0,0,0,0.6,0.169230769,0.230769231,0,0,0.846153846,0.038461538,0.115384615,0,1,0.038461538,0,0,0.961538462,0
843,1,0,0,0,1,0,0,0,0,0,0.764705882,0.215686275,0,0.019607843,0.230769231,0.676923077,0,0.092307692,0,1,0,0,0.06,0.94,0
844,1,0,0,0,1,0,0,0,0,0,0.764705882,0.215686275,0,0.019607843,0.230769231,0.676923077,0,0.092307692,0,1,0,0,0.06,0.94,0
845,1,0,0,0,0,0,0,0,0,0,0.764705882,0.215686275,0,0.019607843,0.230769231,0.676923077,0,0.092307692,0,1,0,0,0,0.943396226,0.056603774
846,1,0,0,0,1,0,0,0,0,0,0.78,0.22,0,0,0.230769231,0.676923077,0,0.092307692,0,1,0.019607843,0,0.058823529,0.921568627,0
847,1,0,0,0,1,0,0,0,0,0,0.764705882,0.215686275,0,0.019607843,0.230769231,0.676923077,0,0.092307692,0,1,0,0,0.06,0.94,0
848,1,0,0,0,1,0,0,0,0,0,0.78,0.22,0,0,0.230769231,0.676923077,0,0.092307692,0,1,0,0.02,0.06,0.92,0
849,1,0,0,0,1,0,0,0,0,0,0.78,0.22,0,0,0.230769231,0.676923077,0,0.092307692,0,1,0,0.02,0.06,0.92,0
850,1,0,0,0,0,0,0,0,0,0,0.78,0.22,0,0,0.230769231,0.676923077,0,0.092307692,0,1,0.018518519,0,0,0.925925926,0.055555556
851,1,0,0,0,0,0,0,0,0,0,0.78,0.22,0,0,0.230769231,0.676923077,0,0.092307692,0,1,0.018518519,0,0,0.925925926,0.055555556
852,1,0,0,0,0,0,0,0,0,0,0.78,0.22,0,0,0.230769231,0.676923077,0,0.092307692,0,1,0.018518519,0,0,0.925925926,0.055555556
853,1,0,0,0,1,0,0,0,0,0,0.78,0.22,0,0,0.230769231,0.676923077,0,0.092307692,0,1,0,0.018867925,0,0.924528302,0.056603774
854,1,0,0,0,0,0,0,0,0,0,0.764705882,0.215686275,0,0.019607843,0.230769231,0.676923077,0,0.092307692,0,1,0,0,0,0.943396226,0.056603774
855,1,0,0,0,0,0,0,0,0,0,0.764705882,0.215686275,0,0.019607843,0.230769231,0.676923077,0,0.092307692,0,1,0,0,0,0.943396226,0.056603774
856,1,0,0,0,0,0,0,0,0,0,0.764705882,0.215686275,0,0.019607843,0.230769231,0.676923077,0,0.092307692,0,1,0,0,0,0.943396226,0.056603774
857,1,0,0,0,0,0,0,0,0,0,0.6,0.169230769,0.230769231,0,0,0.846153846,0.038461538,0.115384615,0,1,0.038461538,0,0,0.961538462,0
858,1,0,0,0,0,0,0,0,0,0,0.6,0.169230769,0.230769231,0,0,0.846153846,0.038461538,0.115384615,0,1,0.038461538,0,0,0.961538462,0
859,1,0,0,0,0,0,0,0,0,0,0.6,0.169230769,0.230769231,0,0,0.846153846,0.038461538,0.115384615,0,1,0.038461538,0,0,0.961538462,0
860,1,0,0,0,0,0,0,0,0,0,0.78,0.22,0,0,0.230769231,0.676923077,0,0.092307692,0,1,0.018518519,0,0,0.925925926,0.055555556
861,1,0,0,0,0,0,0,0,0,0,0.764705882,0.215686275,0,0.019607843,0.230769231,0.676923077,0,0.092307692,0,1,0,0,0,0.943396226,0.056603774
862,1,0,0,0,1,0,0,0,0,0,0.6,0.169230769,0.230769231,0,0,0.846153846,0.038461538,0.115384615,0,1,0,0.04,0,0.96,0
863,1,0,0,0,0,0,0,0,0,0,0.78,0.22,0,0,0.21875,0.6875,0,0.09375,0,1,0.036363636,0,0,0.909090909,0.054545455
864,1,0,0,0,0,0,0,0,0,0,0.6,0.169230769,0.230769231,0,0,0.846153846,0.038461538,0.115384615,0,1,0.038461538,0,0,0.961538462,0
865,1,0,0,0,0,0,0,0,0,0,0.6,0.169230769,0.230769231,0,0,0.846153846,0.038461538,0.115384615,0,1,0.038461538,0,0,0.961538462,0
866,1,0,0,0,1,0,0,0,0,0,0.78,0.22,0,0,0.230769231,0.676923077,0,0.092307692,0,1,0.019607843,0,0.058823529,0.921568627,0
867,1,0,0,0,1,0,0,0,0,0,0.78,0.22,0,0,0.230769231,0.676923077,0,0.092307692,0,1,0.019607843,0,0.058823529,0.921568627,0
868,1,0,0,0,1,0,0,0,0,0,0.764705882,0.215686275,0,0.019607843,0.230769231,0.676923077,0,0.092307692,0,1,0,0,0.06,0.94,0
869,1,0,0,0,1,0,0,0,0,0,0.764705882,0.215686275,0,0.019607843,0.230769231,0.676923077,0,0.092307692,0,1,0,0,0.06,0.94,0
870,1,0,0,0,1,0,0,0,0,0,0.6,0.169230769,0.230769231,0,0,0.846153846,0.038461538,0.115384615,0,1,0,0.04,0,0.96,0
871,1,0,0,0,0,0,0,0,0,0,0.6,0.169230769,0.230769231,0,0,0.846153846,0.038461538,0.115384615,0,1,0.038461538,0,0,0.961538462,0
872,1,0,0,0,1,0,0,0,0,0,0.6,0.169230769,0.230769231,0,0,0.846153846,0.038461538,0.115384615,0,1,0,0.04,0,0.96,0
873,1,0,0,0,0,0,0,0,0,0,0.6,0.169230769,0.230769231,0,0,0.846153846,0.038461538,0.115384615,0,1,0.038461538,0,0,0.961538462,0
874,1,0,0,0,0,0,0,0,0,0,0.6,0.169230769,0.230769231,0,0,0.846153846,0.038461538,0.115384615,0,1,0.038461538,0,0,0.961538462,0
875,1,0,0,0,0,0,0,0,0,0,0.6,0.169230769,0.230769231,0,0,0.846153846,0.038461538,0.115384615,0,1,0.038461538,0,0,0.961538462,0
876,1,0,0,0,0,0,0,0,0,0,0.6,0.169230769,0.230769231,0,0,0.846153846,0.038461538,0.115384615,0,1,0.038461538,0,0,0.961538462,0
877,1,0,0,0,0,0,0,0,0,0,0.78,0.22,0,0,0.21875,0.6875,0,0.09375,0,1,0.036363636,0,0,0.909090909,0.054545455
878,1,0,0,0,0,0,0,0,0,0,0.78,0.22,0,0,0.230769231,0.676923077,0,0.092307692,0,1,0.018518519,0,0,0.925925926,0.055555556
879,1,0,0,0,1,0,0,0,0,0,0.764705882,0.215686275,0,0.019607843,0.230769231,0.676923077,0,0.092307692,0,1,0,0,0.06,0.94,0
880,1,0,0,0,0,0,0,0,0,0,0.6,0.169230769,0.230769231,0,0,0.846153846,0.038461538,0.115384615,0,1,0.038461538,0,0,0.961538462,0
881,1,0,0,0,0,0,0,0,0,0,0.6,0.169230769,0.230769231,0,0,0.846153846,0.038461538,0.115384615,0,1,0.038461538,0,0,0.961538462,0
882,1,0,0,0,0,0,0,0,0,0,0.78,0.22,0,0,0.230769231,0.676923077,0,0.092307692,0,1,0.018518519,0,0,0.925925926,0.055555556
883,1,0,0,0,1,0,0,0,0,0,0.78,0.22,0,0,0.230769231,0.676923077,0,0.092307692,0,1,0.019607843,0,0.058823529,0.921568627,0
884,1,0,0,0,1,0,0,0,0,0,0.78,0.22,0,0,0.230769231,0.676923077,0,0.092307692,0,1,0.019607843,0,0.058823529,0.921568627,0
885,1,0,0,0,0,0,0,0,0,0,0.6,0.169230769,0.230769231,0,0,0.846153846,0.038461538,0.115384615,0,1,0.038461538,0,0,0.961538462,0
886,1,0,0,0,1,0,0,0,0,0,0.6,0.169230769,0.230769231,0,0,0.846153846,0.038461538,0.115384615,0,1,0,0.04,0,0.96,0
887,1,0,0,0,0,0,0,0,0,0,0.6,0.169230769,0.230769231,0,0,0.846153846,0.038461538,0.115384615,0,1,0.038461538,0,0,0.961538462,0
888,1,0,0,0,0,0,0,0,0,0,0.6,0.169230769,0.230769231,0,0,0.846153846,0.038461538,0.115384615,0,1,0.038461538,0,0,0.961538462,0
889,1,0,0,0,0,0,0,0,0,0,0.6,0.169230769,0.230769231,0,0,0.846153846,0.038461538,0.115384615,0,1,0.038461538,0,0,0.961538462,0
890,1,0,0,0,0,0,0,0,0,0,0.6,0.169230769,0.230769231,0,0,0.846153846,0.038461538,0.115384615,0,1,0.038461538,0,0,0.961538462,0
891,1,0,0,0,0,0,0,0,0,0,0.6,0.169230769,0.230769231,0,0,0.846153846,0.038461538,0.115384615,0,1,0.038461538,0,0,0.961538462,0
892,1,0,0,0,0,0,0,0,0,0,0.6,0.169230769,0.230769231,0,0,0.846153846,0.038461538,0.115384615,0,1,0.038461538,0,0,0.961538462,0
893,1,0,0,0,0,0,0,0,0,0,0.6,0.169230769,0.230769231,0,0,0.846153846,0.038461538,0.115384615,0,1,0.038461538,0,0,0.961538462,0
894,1,0,0,0,0,0,0,0,0,0,0.6,0.169230769,0.230769231,0,0,0.846153846,0.038461538,0.115384615,0,1,0.038461538,0,0,0.961538462,0
895,1,0,0,0,0,0,0,0,0,0,0.6,0.169230769,0.230769231,0,0,0.846153846,0.038461538,0.115384615,0,1,0.038461538,0,0,0.961538462,0
896,1,0,0,0,0,0,0,0,0,0,0.6,0.169230769,0.230769231,0,0,0.846153846,0.038461538,0.115384615,0,1,0.038461538,0,0,0.961538462,0
897,1,0,0,0,0,0,0,0,0,0,0.6,0.169230769,0.230769231,0,0,0.846153846,0.038461538,0.115384615,0,1,0.038461538,0,0,0.961538462,0
898,1,0,0,0,0,0,0,0,0,0,0.6,0.169230769,0.230769231,0,0,0.846153846,0.038461538,0.115384615,0,1,0.038461538,0,0,0.961538462,0
899,1,0,0,0,0,0,0,0,0,0,0.6,0.169230769,0.230769231,0,0,0.846153846,0.038461538,0.115384615,0,1,0.038461538,0,0,0.961538462,0
900,1,0,0,0,1,0,0,0,0,0,0.6,0.169230769,0.230769231,0,0,0.846153846,0.038461538,0.115384615,0,1,0,0.04,0,0.96,0
901,1,0,0,0,1,0,0,0,0,0,0.6,0.169230769,0.230769231,0,0,0.846153846,0.038461538,0.115384615,0,1,0,0.04,0,0.96,0
902,1,0,0,0,0,0,0,0,0,0,0.6,0.169230769,0.230769231,0,0,0.846153846,0.038461538,0.115384615,0,1,0.038461538,0,0,0.961538462,0
903,1,0,0,0,0,0,0,0,0,0,0.6,0.169230769,0.230769231,0,0,0.846153846,0.038461538,0.115384615,0,1,0.038461538,0,0,0.961538462,0
904,1,0,0,0,1,0,0,0,0,0,0.6,0.169230769,0.230769231,0,0,0.846153846,0.038461538,0.115384615,0,1,0,0.04,0,0.96,0
905,1,0,0,0,0,0,0,0,0,0,0.6,0.169230769,0.230769231,0,0,0.846153846,0.038461538,0.115384615,0,1,0.038461538,0,0,0.961538462,0
906,1,0,0,0,0,0,0,0,0,0,0.6,0.169230769,0.230769231,0,0,0.846153846,0.038461538,0.115384615,0,1,0.038461538,0,0,0.961538462,0
907,1,0,0,0,0,0,0,0,0,0,0.6,0.169230769,0.230769231,0,0,0.846153846,0.038461538,0.115384615,0,1,0.038461538,0,0,0.961538462,0
908,1,0,0,0,0,0,0,0,0,0,0.6,0.169230769,0.230769231,0,0,0.846153846,0.038461538,0.115384615,0,1,0.038461538,0,0,0.961538462,0
909,1,0,0,0,1,0,0,0,0,0,0.6,0.169230769,0.230769231,0,0,0.88,0,0.12,0,1,0,0.038461538,0,0.923076923,0.038461538
910,1,0,0,0,1,0,0,0,0,0,0.6,0.169230769,0.230769231,0,0,0.88,0,0.12,0,1,0,0.038461538,0,0.923076923,0.038461538
911,1,0,0,0,0,0,0,0,0,0,0.6,0.169230769,0.230769231,0,0,0.846153846,0.038461538,0.115384615,0,1,0.038461538,0,0,0.961538462,0
912,1,0,0,0,0,0,0,0,0,0,0.6,0.169230769,0.230769231,0,0,0.846153846,0.038461538,0.115384615,0,1,0.038461538,0,0,0.961538462,0
913,1,0,0,0,0,0,0,0,0,0,0.6,0.169230769,0.230769231,0,0,0.846153846,0.038461538,0.115384615,0,1,0.038461538,0,0,0.961538462,0
914,1,0,0,0,0,0,0,0,0,0,0.6,0.169230769,0.230769231,0,0,0.846153846,0.038461538,0.115384615,0,1,0.038461538,0,0,0.961538462,0
915,1,0,0,0,1,0,0,0,0,0,0.6,0.169230769,0.230769231,0,0,0.846153846,0.038461538,0.115384615,0,1,0,0.04,0,0.96,0
916,1,0,0,0,1,0,0,0,0,0,0.6,0.169230769,0.230769231,0,0,0.846153846,0.038461538,0.115384615,0,1,0,0.04,0,0.96,0
917,1,0,0,0,0,0,0,0,0,0,0.6,0.169230769,0.230769231,0,0,0.846153846,0.038461538,0.115384615,0,1,0.038461538,0,0,0.961538462,0
918,1,0,0,0,0,0,0,0,0,0,0.6,0.169230769,0.230769231,0,0,0.846153846,0.038461538,0.115384615,0,1,0.038461538,0,0,0.961538462,0
919,1,0,0,0,0,0,0,0,0,0,0.6,0.169230769,0.230769231,0,0,0.846153846,0.038461538,0.115384615,0,1,0.038461538,0,0,0.961538462,0
920,1,0,0,0,0,0,0,0,0,0,0.6,0.169230769,0.230769231,0,0,0.846153846,0.038461538,0.115384615,0,1,0.038461538,0,0,0.961538462,0
921,1,0,0,0,0,0,0,0,0,0,0.6,0.169230769,0.230769231,0,0,0.846153846,0.038461538,0.115384615,0,1,0.038461538,0,0,0.961538462,0
922,1,0,0,0,1,0,0,0,0,0,0.6,0.169230769,0.230769231,0,0,0.846153846,0.038461538,0.115384615,0,1,0,0.04,0,0.96,0
923,1,0,0,0,1,0,0,0,0,0,0.6,0.169230769,0.230769231,0,0,0.846153846,0.038461538,0.115384615,0,1,0,0.04,0,0.96,0
924,1,0,0,0,0,0,0,0,0,0,0.6,0.169230769,0.230769231,0,0,0.846153846,0.038461538,0.115384615,0,1,0.038461538,0,0,0.961538462,0
925,1,0,0,0,0,0,0,0,0,0,0.6,0.169230769,0.230769231,0,0,0.846153846,0.038461538,0.115384615,0,1,0.038461538,0,0,0.961538462,0
926,1,0,0,0,0,0,0,0,0,0,0.6,0.169230769,0.230769231,0,0,0.846153846,0.038461538,0.115384615,0,1,0.038461538,0,0,0.961538462,0
927,1,0,0,0,0,0,0,0,0,0,0.6,0.169230769,0.230769231,0,0,0.846153846,0.038461538,0.115384615,0,1,0.038461538,0,0,0.961538462,0
928,1,0,0,0,1,0,0,0,0,0,0.6,0.169230769,0.230769231,0,0,0.846153846,0.038461538,0.115384615,0,1,0,0.04,0,0.96,0
929,1,0,0,0,1,0,0,0,0,0,0.6,0.169230769,0.230769231,0,0,0.846153846,0.038461538,0.115384615,0,1,0,0.04,0,0.96,0
930,1,0,0,0,0,0,0,0,0,0,0.764705882,0.215686275,0,0.019607843,0.230769231,0.676923077,0,0.092307692,0,1,0,0,0,0.943396226,0.056603774
931,1,0,0,0,0,0,0,0,0,0,0.764705882,0.215686275,0,0.019607843,0.230769231,0.676923077,0,0.092307692,0,1,0,0,0,0.943396226,0.056603774
932,1,0,0,0,0,0,0,0,0,0,0.764705882,0.215686275,0,0.019607843,0.230769231,0.676923077,0,0.092307692,0,1,0,0,0,0.943396226,0.056603774
933,1,0,0,0,0,0,0,0,0,0,0.78,0.22,0,0,0.230769231,0.676923077,0,0.092307692,0,1,0.018518519,0,0,0.925925926,0.055555556
934,1,0,0,0,0,0,0,0,0,0,0.6,0.169230769,0.230769231,0,0,0.846153846,0.038461538,0.115384615,0,1,0.038461538,0,0,0.961538462,0
935,1,0,0,0,0,0,0,0,0,0,0.6,0.169230769,0.230769231,0,0,0.846153846,0.038461538,0.115384615,0,1,0.038461538,0,0,0.961538462,0
936,1,0,0,0,0,0,0,0,0,0,0.6,0.169230769,0.230769231,0,0,0.846153846,0.038461538,0.115384615,0,1,0.038461538,0,0,0.961538462,0
937,1,0,0,0,0,0,0,0,0,0,0.6,0.169230769,0.230769231,0,0,0.846153846,0.038461538,0.115384615,0,1,0.038461538,0,0,0.961538462,0
938,1,0,0,0,0,0,0,0,0,0,0.6,0.169230769,0.230769231,0,0,0.846153846,0.038461538,0.115384615,0,1,0.038461538,0,0,0.961538462,0
939,1,0,0,0,0,0,0,0,0,0,0.6,0.169230769,0.230769231,0,0,0.846153846,0.038461538,0.115384615,0,1,0.038461538,0,0,0.961538462,0
940,1,0,0,0,1,0,0,0,0,0,0.6,0.169230769,0.230769231,0,0,0.846153846,0.038461538,0.115384615,0,1,0,0.04,0,0.96,0
941,1,0,0,0,1,0,0,0,0,0,0.6,0.169230769,0.230769231,0,0,0.846153846,0.038461538,0.115384615,0,1,0,0.04,0,0.96,0
942,1,0,0,0,0,0,0,0,0,0,0.764705882,0.215686275,0,0.019607843,0.230769231,0.676923077,0,0.092307692,0,1,0,0,0,0.943396226,0.056603774
943,1,0,0,0,0,0,0,0,0,0,0.78,0.22,0,0,0.230769231,0.676923077,0,0.092307692,0,1,0.018518519,0,0,0.925925926,0.055555556
944,1,0,0,0,0,0,0,0,0,0,0.78,0.22,0,0,0.230769231,0.676923077,0,0.092307692,0,1,0.018518519,0,0,0.925925926,0.055555556
945,1,0,0,0,1,0,0,0,0,0,0.6,0.169230769,0.230769231,0,0,0.846153846,0.038461538,0.115384615,0,1,0,0.04,0,0.96,0
946,1,0,0,0,1,0,0,0,0,0,0.6,0.169230769,0.230769231,0,0,0.846153846,0.038461538,0.115384615,0,1,0,0.04,0,0.96,0
947,1,0,0,0,1,0,0,0,0,0,0.6,0.169230769,0.230769231,0,0,0.846153846,0.038461538,0.115384615,0,1,0,0.04,0,0.96,0
948,1,0,0,0,1,0,0,0,0,0,0.6,0.169230769,0.230769231,0,0,0.846153846,0.038461538,0.115384615,0,1,0,0.04,0,0.96,0
949,1,0,0,0,1,0,0,0,0,0,0.6,0.169230769,0.230769231,0,0,0.88,0,0.12,0,1,0,0.038461538,0,0.923076923,0.038461538
950,1,0,0,0,1,0,0,0,0,0,0.6,0.169230769,0.230769231,0,0,0.88,0,0.12,0,1,0,0.038461538,0,0.923076923,0.038461538
951,1,0,0,0,1,0,0,0,0,0,0.6,0.169230769,0.230769231,0,0,0.846153846,0.038461538,0.115384615,0,1,0,0.04,0,0.96,0
952,1,0,0,0,0,0,0,0,0,0,0.6,0.169230769,0.230769231,0,0,0.846153846,0.038461538,0.115384615,0,1,0.038461538,0,0,0.961538462,0
953,1,0,0,0,0,0,0,0,0,0,0.6,0.169230769,0.230769231,0,0,0.846153846,0.038461538,0.115384615,0,1,0.038461538,0,0,0.961538462,0
954,1,0,0,0,0,0,0,0,0,0,0.6,0.169230769,0.230769231,0,0,0.846153846,0.038461538,0.115384615,0,1,0.038461538,0,0,0.961538462,0
955,1,0,0,0,0,0,0,0,0,0,0.6,0.169230769,0.230769231,0,0,0.846153846,0.038461538,0.115384615,0,1,0.038461538,0,0,0.961538462,0
956,1,0,0,0,0,0,0,0,0,0,0.6,0.169230769,0.230769231,0,0,0.846153846,0.038461538,0.115384615,0,1,0.038461538,0,0,0.961538462,0
957,1,0,0,0,0,0,0,0,0,0,0.6,0.169230769,0.230769231,0,0,0.846153846,0.038461538,0.115384615,0,1,0.038461538,0,0,0.961538462,0
958,1,0,0,0,1,0,0,0,0,0,0.6,0.169230769,0.230769231,0,0,0.88,0,0.12,0,1,0,0.038461538,0,0.923076923,0.038461538
959,1,0,0,0,1,0,0,0,0,0,0.6,0.169230769,0.230769231,0,0,0.88,0,0.12,0,1,0,0.038461538,0,0.923076923,0.038461538
960,1,0,0,0,0,0,0,0,0,0,0.78,0.22,0,0,0.230769231,0.676923077,0,0.092307692,0,1,0.018518519,0,0,0.925925926,0.055555556
961,1,0,0,0,0,0,0,0,0,0,0.78,0.22,0,0,0.230769231,0.676923077,0,0.092307692,0,1,0.018518519,0,0,0.925925926,0.055555556
962,1,0,0,0,0,0,0,0,0,0,0.78,0.22,0,0,0.230769231,0.676923077,0,0.092307692,0,1,0.018518519,0,0,0.925925926,0.055555556
963,1,0,0,0,0,0,0,0,0,0,0.78,0.22,0,0,0.230769231,0.676923077,0,0.092307692,0,1,0.018518519,0,0,0.925925926,0.055555556
964,1,0,0,0,1,0,0,0,0,0,0.609375,0.171875,0.21875,0,0,0.88,0,0.12,0,1,0,0.04,0.06,0.9,0
965,1,0,0,0,1,0,0,0,0,0,0.6,0.169230769,0.230769231,0,0,0.846153846,0.038461538,0.115384615,0,1,0,0.04,0,0.96,0
966,1,0,0,0,1,0,0,0,0,0,0.6,0.169230769,0.230769231,0,0,0.846153846,0.038461538,0.115384615,0,1,0,0.04,0,0.96,0
967,1,0,0,0,0,0,0,0,0,0,0.6,0.169230769,0.230769231,0,0,0.846153846,0.038461538,0.115384615,0,1,0.038461538,0,0,0.961538462,0
968,1,0,0,0,1,0,0,0,0,0,0.6,0.169230769,0.230769231,0,0,0.846153846,0.038461538,0.115384615,0,1,0,0.04,0,0.96,0
969,1,0,0,0,1,0,0,0,0,0,0.6,0.169230769,0.230769231,0,0,0.846153846,0.038461538,0.115384615,0,1,0,0.04,0,0.96,0
970,1,0,0,0,1,0,0,0,0,0,0.6,0.169230769,0.230769231,0,0,0.846153846,0.038461538,0.115384615,0,1,0,0.04,0,0.96,0
971,1,0,0,0,1,0,0,0,0,0,0.6,0.169230769,0.230769231,0,0,0.846153846,0.038461538,0.115384615,0,1,0,0.04,0,0.96,0
972,1,0,0,0,1,0,0,0,0,0,0.6,0.169230769,0.230769231,0,0,0.846153846,0.038461538,0.115384615,0,1,0,0.04,0,0.96,0
973,1,0,0,0,1,0,0,0,0,0,0.6,0.169230769,0.230769231,0,0,0.846153846,0.038461538,0.115384615,0,1,0,0.04,0,0.96,0
974,1,0,0,0,0,0,0,0,0,0,0.6,0.169230769,0.230769231,0,0,0.846153846,0.038461538,0.115384615,0,1,0.038461538,0,0,0.961538462,0
975,1,0,0,0,0,0,0,0,0,0,0.6,0.169230769,0.230769231,0,0,0.846153846,0.038461538,0.115384615,0,1,0.038461538,0,0,0.961538462,0
976,1,0,0,0,0,0,0,0,0,0,0.6,0.169230769,0.230769231,0,0,0.846153846,0.038461538,0.115384615,0,1,0.038461538,0,0,0.961538462,0
977,1,0,0,0,0,0,0,0,0,0,0.6,0.169230769,0.230769231,0,0,0.846153846,0.038461538,0.115384615,0,1,0.038461538,0,0,0.961538462,0
978,1,0,0,0,0,0,0,0,0,0,0.78,0.22,0,0,0.230769231,0.676923077,0,0.092307692,0,1,0.018518519,0,0,0.925925926,0.055555556
979,1,0,0,0,1,0,0,0,0,0,0.6,0.169230769,0.230769231,0,0,0.846153846,0.038461538,0.115384615,0,1,0,0.04,0,0.96,0
980,1,0,0,0,1,0,0,0,0,0,0.6,0.169230769,0.230769231,0,0,0.88,0,0.12,0,1,0,0.04,0.04,0.92,0
981,1,0,0,0,0,0,0,0,0,0,0.6,0.169230769,0.230769231,0,0,0.846153846,0.038461538,0.115384615,0,1,0.038461538,0,0,0.961538462,0
982,1,0,0,0,0,0,0,0,0,0,0.6,0.169230769,0.230769231,0,0,0.846153846,0.038461538,0.115384615,0,1,0.038461538,0,0,0.961538462,0
983,1,0,0,0,0,0,0,0,0,0,0.6,0.169230769,0.230769231,0,0,0.846153846,0.038461538,0.115384615,0,1,0.038461538,0,0,0.961538462,0
984,1,0,0,0,0,0,0,0,0,0,0.6,0.169230769,0.230769231,0,0,0.846153846,0.038461538,0.115384615,0,1,0.038461538,0,0,0.961538462,0
985,1,0,0,0,0,0,0,0,0,0,0.6,0.169230769,0.230769231,0,0,0.846153846,0.038461538,0.115384615,0,1,0.038461538,0,0,0.961538462,0
986,1,0,0,0,0,0,0,0,0,0,0.6,0.169230769,0.230769231,0,0,0.846153846,0.038461538,0.115384615,0,1,0.038461538,0,0,0.961538462,0
987,1,0,0,0,0,0,0,0,0,0,0.6,0.169230769,0.230769231,0,0,0.846153846,0.038461538,0.115384615,0,1,0.038461538,0,0,0.961538462,0
988,1,0,0,0,0,0,0,0,0,0,0.764705882,0.215686275,0,0.019607843,0.230769231,0.676923077,0,0.092307692,0,1,0,0,0,0.943396226,0.056603774
989,1,0,0,0,1,0,0,0,0,0,0.6,0.169230769,0.230769231,0,0,0.88,0,0.12,0,1,0,0.04,0.04,0.92,0
990,1,0,0,0,0,0,0,0,0,0,0.6,0.169230769,0.230769231,0,0,0.846153846,0.038461538,0.115384615,0,1,0.038461538,0,0,0.961538462,0
991,1,0,0,0,1,0,0,0,0,0,0.6,0.169230769,0.230769231,0,0,0.846153846,0.038461538,0.115384615,0,1,0,0.04,0,0.96,0
992,1,0,0,0,0,0,0,0,0,0,0.6,0.169230769,0.230769231,0,0,0.846153846,0.038461538,0.115384615,0,1,0.038461538,0,0,0.961538462,0
993,1,0,0,0,0,0,0,0,0,0,0.6,0.169230769,0.230769231,0,0,0.846153846,0.038461538,0.115384615,0,1,0.038461538,0,0,0.961538462,0
994,1,0,0,0,0,0,0,0,0,0,0.6,0.169230769,0.230769231,0,0,0.846153846,0.038461538,0.115384615,0,1,0.038461538,0,0,0.961538462,0
995,1,0,0,0,1,0,0,0,0,0,0.6,0.169230769,0.230769231,0,0,0.88,0,0.12,0,1,0,0.04,0.04,0.92,0
996,1,0,0,0,1,0,0,0,0,0,0.609375,0.171875,0.21875,0,0,0.88,0,0.12,0,1,0,0.04,0.06,0.9,0
997,1,0,0,0,0,0,0,0,0,0,0.6,0.169230769,0.230769231,0,0,0.846153846,0.038461538,0.115384615,0,1,0.038461538,0,0,0.961538462,0
998,1,0,0,0,0,0,0,0,0,0,0.6,0.169230769,0.230769231,0,0,0.846153846,0.038461538,0.115384615,0,1,0.038461538,0,0,0.961538462,0
999,1,0,0,0,0,0,0,0,0,0,0.6,0.169230769,0.230769231,0,0,0.846153846,0.038461538,0.115384615,0,1,0.038461538,0,0,0.961538462,0
1000,1,0,0,0,1,0,0,0,0,0,0.78,0.22,0,0,0.230769231,0.676923077,0,0.092307692,0,1,0,0.018867925,0,0.924528302,0.056603774
1001,1,0,0,0,0,0,0,0,0,0,0.78,0.22,0,0,0.230769231,0.676923077,0,0.092307692,0,1,0.018518519,0,0,0.925925926,0.055555556
1002,1,0,0,0,0,0,0,0,0,0,0.6,0.169230769,0.230769231,0,0,0.846153846,0.038461538,0.115384615,0,1,0.038461538,0,0,0.961538462,0
1003,1,0,0,0,0,0,0,0,0,0,0.6,0.169230769,0.230769231,0,0,0.846153846,0.038461538,0.115384615,0,1,0.038461538,0,0,0.961538462,0
1004,1,0,0,0,0,0,0,0,0,0,0.6,0.169230769,0.230769231,0,0,0.846153846,0.038461538,0.115384615,0,1,0.038461538,0,0,0.961538462,0
1005,1,0,0,0,0,0,0,0,0,0,0.6,0.169230769,0.230769231,0,0,0.846153846,0.038461538,0.115384615,0,1,0.038461538,0,0,0.961538462,0
1006,1,0,0,0,1,0,0,0,0,0,0.6,0.169230769,0.230769231,0,0,0.88,0,0.12,0,1,0,0.04,0.04,0.92,0
1007,1,0,0,0,1,0,0,0,0,0,0.6,0.169230769,0.230769231,0,0,0.88,0,0.12,0,1,0,0.04,0.04,0.92,0
1008,1,0,0,0,0,0,0,0,0,0,0.764705882,0.215686275,0,0.019607843,0.230769231,0.676923077,0,0.092307692,0,1,0,0,0,0.943396226,0.056603774
1009,1,0,0,0,0,0,0,0,0,0,0.764705882,0.215686275,0,0.019607843,0.230769231,0.676923077,0,0.092307692,0,1,0,0,0,0.943396226,0.056603774
1010,1,0,0,0,0,0,0,0,0,0,0.764705882,0.215686275,0,0.019607843,0.230769231,0.676923077,0,0.092307692,0,1,0,0,0,0.943396226,0.056603774
1011,1,0,0,0,1,0,0,0,0,0,0.6,0.169230769,0.230769231,0,0,0.846153846,0.038461538,0.115384615,0,1,0,0.04,0,0.96,0
1012,1,0,0,0,1,0,0,0,0,0,0.6,0.169230769,0.230769231,0,0,0.846153846,0.038461538,0.115384615,0,1,0,0.04,0,0.96,0
1013,1,0,0,0,0,0,0,0,0,0,0.78,0.22,0,0,0.230769231,0.676923077,0,0.092307692,0,1,0.018518519,0,0,0.925925926,0.055555556
1014,1,0,0,0,0,0,0,0,0,0,0.6,0.169230769,0.230769231,0,0,0.846153846,0.038461538,0.115384615,0,1,0.038461538,0,0,0.961538462,0
1015,1,0,0,0,0,0,0,0,0,0,0.6,0.169230769,0.230769231,0,0,0.846153846,0.038461538,0.115384615,0,1,0.038461538,0,0,0.961538462,0
1016,1,0,0,0,1,0,0,0,0,0,0.6,0.169230769,0.230769231,0,0,0.88,0,0.12,0,1,0,0.04,0.04,0.92,0
1017,1,0,0,0,0,0,0,0,0,0,0.764705882,0.215686275,0,0.019607843,0.230769231,0.676923077,0,0.092307692,0,1,0,0,0,0.943396226,0.056603774
1018,1,0,0,0,0,0,0,0,0,0,0.764705882,0.215686275,0,0.019607843,0.230769231,0.676923077,0,0.092307692,0,1,0,0,0,0.943396226,0.056603774
1019,1,0,0,0,0,0,0,0,0,0,0.78,0.22,0,0,0.230769231,0.676923077,0,0.092307692,0,1,0.018518519,0,0,0.925925926,0.055555556
1020,1,0,0,0,1,0,0,0,0,0,0.6,0.169230769,0.230769231,0,0,0.88,0,0.12,0,1,0,0.04,0.04,0.92,0
1021,1,0,0,0,0,0,0,0,0,0,0.78,0.22,0,0,0.230769231,0.676923077,0,0.092307692,0,1,0.018518519,0,0,0.925925926,0.055555556
1022,1,0,0,0,0,0,0,0,0,0,0.78,0.22,0,0,0.230769231,0.676923077,0,0.092307692,0,1,0.018518519,0,0,0.925925926,0.055555556
1023,1,0,0,0,1,0,0,0,0,0,0.6,0.169230769,0.230769231,0,0,0.846153846,0.038461538,0.115384615,0,1,0,0.04,0,0.96,0
1024,1,0,0,0,1,0,0,0,0,0,0.6,0.169230769,0.230769231,0,0,0.846153846,0.038461538,0.115384615,0,1,0,0.04,0,0.96,0
1025,1,0,0,0,1,0,0,0,0,0,0.6,0.169230769,0.230769231,0,0,0.846153846,0.038461538,0.115384615,0,1,0,0.04,0,0.96,0
1026,1,0,0,0,1,0,0,0,0,0,0.6,0.169230769,0.230769231,0,0,0.846153846,0.038461538,0.115384615,0,1,0,0.04,0,0.96,0
1027,1,0,0,0,1,0,0,0,0,0,0.6,0.169230769,0.230769231,0,0,0.88,0,0.12,0,1,0,0.04,0.04,0.92,0
1028,1,0,0,0,1,0,0,0,0,0,0.6,0.169230769,0.230769231,0,0,0.846153846,0.038461538,0.115384615,0,1,0,0.04,0,0.96,0
1029,1,0,0,0,1,0,0,0,0,0,0.6,0.169230769,0.230769231,0,0,0.88,0,0.12,0,1,0,0.04,0.04,0.92,0
1030,1,0,0,0,1,0,0,0,0,0,0.609375,0.171875,0.21875,0,0,0.88,0,0.12,0,1,0,0.04,0.06,0.9,0
1031,1,0,0,0,0,0,0,0,0,0,0.6,0.169230769,0.230769231,0,0,0.846153846,0.038461538,0.115384615,0,1,0.038461538,0,0,0.961538462,0
1032,1,0,0,0,0,0,0,0,0,0,0.6,0.169230769,0.230769231,0,0,0.846153846,0.038461538,0.115384615,0,1,0.038461538,0,0,0.961538462,0
1033,1,0,0,0,0,0,0,0,0,0,0.6,0.169230769,0.230769231,0,0,0.846153846,0.038461538,0.115384615,0,1,0.038461538,0,0,0.961538462,0
1034,1,0,0,0,0,0,0,0,0,0,0.6,0.169230769,0.230769231,0,0,0.846153846,0.038461538,0.115384615,0,1,0.038461538,0,0,0.961538462,0
1035,1,0,0,0,0,0,0,0,0,0,0.6,0.169230769,0.230769231,0,0,0.846153846,0.038461538,0.115384615,0,1,0.038461538,0,0,0.961538462,0
1036,1,0,0,0,0,0,0,0,0,0,0.78,0.22,0,0,0.230769231,0.676923077,0,0.092307692,0,1,0.018518519,0,0,0.925925926,0.055555556
1037,1,0,0,0,0,0,0,0,0,0,0.764705882,0.215686275,0,0.019607843,0.230769231,0.676923077,0,0.092307692,0,1,0,0,0,0.943396226,0.056603774
1038,1,0,0,0,0,0,0,0,0,0,0.78,0.22,0,0,0.230769231,0.676923077,0,0.092307692,0,1,0.018518519,0,0,0.925925926,0.055555556
1039,1,0,0,0,0,0,0,0,0,0,0.78,0.22,0,0,0.230769231,0.676923077,0,0.092307692,0,1,0.018518519,0,0,0.925925926,0.055555556
1040,1,0,0,0,0,0,0,0,0,0,0.78,0.22,0,0,0.230769231,0.676923077,0,0.092307692,0,1,0.018518519,0,0,0.925925926,0.055555556
1041,1,0,0,0,0,0,0,0,0,0,0.78,0.22,0,0,0.230769231,0.676923077,0,0.092307692,0,1,0.018518519,0,0,0.925925926,0.055555556
1042,1,0,0,0,0,0,0,0,0,0,0.764705882,0.215686275,0,0.019607843,0.230769231,0.676923077,0,0.092307692,0,1,0,0,0,0.943396226,0.056603774
1043,1,0,0,0,0,0,0,0,0,0,0.764705882,0.215686275,0,0.019607843,0.230769231,0.676923077,0,0.092307692,0,1,0,0,0,0.943396226,0.056603774
1044,1,0,0,0,0,0,0,0,0,0,0.764705882,0.215686275,0,0.019607843,0.230769231,0.676923077,0,0.092307692,0,1,0,0,0,0.943396226,0.056603774
1045,1,0,0,0,0,0,0,0,0,0,0.6,0.169230769,0.230769231,0,0,0.846153846,0.038461538,0.115384615,0,1,0.038461538,0,0,0.961538462,0
1046,1,0,0,0,0,0,0,0,0,0,0.78,0.22,0,0,0.21875,0.6875,0,0.09375,0,1,0.036363636,0,0,0.909090909,0.054545455
1047,1,0,0,0,0,0,0,0,0,0,0.78,0.22,0,0,0.230769231,0.676923077,0,0.092307692,0,1,0.018518519,0,0,0.925925926,0.055555556
1048,1,0,0,0,0,0,0,0,0,0,0.764705882,0.215686275,0,0.019607843,0.230769231,0.676923077,0,0.092307692,0,1,0,0,0,0.943396226,0.056603774
1049,1,0,0,0,0,0,0,0,0,0,0.78,0.22,0,0,0.230769231,0.676923077,0,0.092307692,0,1,0.018518519,0,0,0.925925926,0.055555556
1050,1,0,0,0,0,0,0,0,0,0,0.764705882,0.215686275,0,0.019607843,0.230769231,0.676923077,0,0.092307692,0,1,0,0,0,0.943396226,0.056603774
1051,1,0,0,0,0,0,0,0,0,0,0.78,0.22,0,0,0.230769231,0.676923077,0,0.092307692,0,1,0.018518519,0,0,0.925925926,0.055555556
1052,1,0,0,0,0,0,0,0,0,0,0.764705882,0.215686275,0,0.019607843,0.230769231,0.676923077,0,0.092307692,0,1,0,0,0,0.943396226,0.056603774
1053,1,0,0,0,1,0,0,0,0,0,0.6,0.169230769,0.230769231,0,0,0.846153846,0.038461538,0.115384615,0,1,0,0.04,0,0.96,0
1054,1,0,0,0,1,0,0,0,0,0,0.6,0.169230769,0.230769231,0,0,0.846153846,0.038461538,0.115384615,0,1,0,0.04,0,0.96,0
1055,1,0,0,0,0,0,0,0,0,0,0.6,0.169230769,0.230769231,0,0,0.846153846,0.038461538,0.115384615,0,1,0.038461538,0,0,0.961538462,0
1056,1,0,0,0,0,0,0,0,0,0,0.6,0.169230769,0.230769231,0,0,0.846153846,0.038461538,0.115384615,0,1,0.038461538,0,0,0.961538462,0
1057,1,0,0,0,0,0,0,0,0,0,0.6,0.169230769,0.230769231,0,0,0.846153846,0.038461538,0.115384615,0,1,0.038461538,0,0,0.961538462,0
1058,1,0,0,0,1,0,0,0,0,0,0.6,0.169230769,0.230769231,0,0,0.88,0,0.12,0,1,0,0.04,0.04,0.92,0
1059,1,0,0,0,1,0,0,0,0,0,0.6,0.169230769,0.230769231,0,0,0.846153846,0.038461538,0.115384615,0,1,0,0.04,0,0.96,0
1060,1,0,0,0,1,0,0,0,0,0,0.6,0.169230769,0.230769231,0,0,0.846153846,0.038461538,0.115384615,0,1,0,0.04,0,0.96,0
1061,1,0,0,0,1,0,0,0,0,0,0.6,0.169230769,0.230769231,0,0,0.846153846,0.038461538,0.115384615,0,1,0,0.04,0,0.96,0
1062,1,0,0,0,1,0,0,0,0,0,0.6,0.169230769,0.230769231,0,0,0.846153846,0.038461538,0.115384615,0,1,0,0.04,0,0.96,0
1063,1,0,0,0,0,0,0,0,0,0,0.6,0.169230769,0.230769231,0,0,0.846153846,0.038461538,0.115384615,0,1,0.038461538,0,0,0.961538462,0
1064,1,0,0,0,0,0,0,0,0,0,0.6,0.169230769,0.230769231,0,0,0.846153846,0.038461538,0.115384615,0,1,0.038461538,0,0,0.961538462,0
1065,1,0,0,0,0,0,0,0,0,0,0.6,0.169230769,0.230769231,0,0,0.846153846,0.038461538,0.115384615,0,1,0.038461538,0,0,0.961538462,0
1066,1,0,0,0,0,0,0,0,0,0,0.764705882,0.215686275,0,0.019607843,0.230769231,0.676923077,0,0.092307692,0,1,0,0,0,0.943396226,0.056603774
1067,1,0,0,0,0,0,0,0,0,0,0.6,0.169230769,0.230769231,0,0,0.846153846,0.038461538,0.115384615,0,1,0.038461538,0,0,0.961538462,0
1068,1,0,0,0,0,0,0,0,0,0,0.6,0.169230769,0.230769231,0,0,0.846153846,0.038461538,0.115384615,0,1,0.038461538,0,0,0.961538462,0
1069,1,0,0,0,0,0,0,0,0,0,0.6,0.169230769,0.230769231,0,0,0.846153846,0.038461538,0.115384615,0,1,0.038461538,0,0,0.961538462,0
1070,1,0,0,0,0,0,0,0,0,0,0.6,0.169230769,0.230769231,0,0,0.846153846,0.038461538,0.115384615,0,1,0.038461538,0,0,0.961538462,0
1071,1,0,0,0,0,0,0,0,0,0,0.764705882,0.215686275,0,0.019607843,0.230769231,0.676923077,0,0.092307692,0,1,0,0,0,0.943396226,0.056603774
1072,1,0,0,0,0,0,0,0,0,0,0.78,0.22,0,0,0.230769231,0.676923077,0,0.092307692,0,1,0.018518519,0,0,0.925925926,0.055555556
1073,1,0,0,0,0,0,0,0,0,0,0.6,0.169230769,0.230769231,0,0,0.846153846,0.038461538,0.115384615,0,1,0.038461538,0,0,0.961538462,0
1074,1,0,0,0,0,0,0,0,0,0,0.6,0.169230769,0.230769231,0,0,0.846153846,0.038461538,0.115384615,0,1,0.038461538,0,0,0.961538462,0
1075,1,0,0,0,0,0,0,0,0,0,0.6,0.169230769,0.230769231,0,0,0.846153846,0.038461538,0.115384615,0,1,0.038461538,0,0,0.961538462,0
1076,1,0,0,0,0,0,0,0,0,0,0.78,0.22,0,0,0.230769231,0.676923077,0,0.092307692,0,1,0.018518519,0,0,0.925925926,0.055555556
1077,1,0,0,0,0,0,0,0,0,0,0.764705882,0.215686275,0,0.019607843,0.230769231,0.676923077,0,0.092307692,0,1,0,0,0,0.943396226,0.056603774
1078,1,0,0,0,0,0,0,0,0,0,0.764705882,0.215686275,0,0.019607843,0.230769231,0.676923077,0,0.092307692,0,1,0,0,0,0.943396226,0.056603774
1079,1,0,0,0,0,0,0,0,0,0,0.6,0.169230769,0.230769231,0,0,0.846153846,0.038461538,0.115384615,0,1,0.038461538,0,0,0.961538462,0
1080,1,0,0,0,0,0,0,0,0,0,0.6,0.169230769,0.230769231,0,0,0.846153846,0.038461538,0.115384615,0,1,0.038461538,0,0,0.961538462,0
1081,1,0,0,0,0,0,0,0,0,0,0.78,0.22,0,0,0.230769231,0.676923077,0,0.092307692,0,1,0.018518519,0,0,0.925925926,0.055555556
1082,1,0,0,0,0,0,0,0,0,0,0.6,0.169230769,0.230769231,0,0,0.846153846,0.038461538,0.115384615,0,1,0.038461538,0,0,0.961538462,0
1083,1,0,0,0,0,0,0,0,0,0,0.6,0.169230769,0.230769231,0,0,0.846153846,0.038461538,0.115384615,0,1,0.038461538,0,0,0.961538462,0
1084,1,0,0,0,0,0,0,0,0,0,0.6,0.169230769,0.230769231,0,0,0.846153846,0.038461538,0.115384615,0,1,0.038461538,0,0,0.961538462,0
1085,1,0,0,0,0,0,0,0,0,0,0.6,0.169230769,0.230769231,0,0,0.846153846,0.038461538,0.115384615,0,1,0.038461538,0,0,0.961538462,0
1086,1,0,0,0,0,0,0,0,0,0,0.6,0.169230769,0.230769231,0,0,0.846153846,0.038461538,0.115384615,0,1,0.038461538,0,0,0.961538462,0
1087,1,0,0,0,0,0,0,0,0,0,0.6,0.169230769,0.230769231,0,0,0.846153846,0.038461538,0.115384615,0,1,0.038461538,0,0,0.961538462,0
1088,1,0,0,0,0,0,0,0,0,0,0.764705882,0.215686275,0,0.019607843,0.230769231,0.676923077,0,0.092307692,0,1,0,0,0,0.943396226,0.056603774
1089,1,0,0,0,0,0,0,0,0,0,0.78,0.22,0,0,0.230769231,0.676923077,0,0.092307692,0,1,0.018518519,0,0,0.925925926,0.055555556
1090,1,0,0,0,0,0,0,0,0,0,0.6,0.169230769,0.230769231,0,0,0.846153846,0.038461538,0.115384615,0,1,0.038461538,0,0,0.961538462,0
1091,1,0,0,0,0,0,0,0,0,0,0.6,0.169230769,0.230769231,0,0,0.846153846,0.038461538,0.115384615,0,1,0.038461538,0,0,0.961538462,0
1092,1,0,0,0,0,0,0,0,0,0,0.6,0.169230769,0.230769231,0,0,0.846153846,0.038461538,0.115384615,0,1,0.038461538,0,0,0.961538462,0
1093,1,0,0,0,0,0,0,0,0,0,0.764705882,0.215686275,0,0.019607843,0.230769231,0.676923077,0,0.092307692,0,1,0,0,0,0.943396226,0.056603774
1094,1,0,0,0,0,0,0,0,0,0,0.764705882,0.215686275,0,0.019607843,0.230769231,0.676923077,0,0.092307692,0,1,0,0,0,0.943396226,0.056603774
1095,1,0,0,0,0,0,0,0,0,0,0.6,0.169230769,0.230769231,0,0,0.846153846,0.038461538,0.115384615,0,1,0.038461538,0,0,0.961538462,0
1096,1,0,0,0,0,0,0,0,0,0,0.6,0.169230769,0.230769231,0,0,0.846153846,0.038461538,0.115384615,0,1,0.038461538,0,0,0.961538462,0
1097,1,0,0,0,0,0,0,0,0,0,0.6,0.169230769,0.230769231,0,0,0.846153846,0.038461538,0.115384615,0,1,0.038461538,0,0,0.961538462,0
1098,1,0,0,0,0,0,0,0,0,0,0.6,0.169230769,0.230769231,0,0,0.846153846,0.038461538,0.115384615,0,1,0.038461538,0,0,0.961538462,0
1099,1,0,0,0,0,0,0,0,0,0,0.6,0.169230769,0.230769231,0,0,0.846153846,0.038461538,0.115384615,0,1,0.038461538,0,0,0.961538462,0
1100,1,0,0,0,0,0,0,0,0,0,0.6,0.169230769,0.230769231,0,0,0.846153846,0.038461538,0.115384615,0,1,0.038461538,0,0,0.961538462,0
1101,1,0,0,0,0,0,0,0,0,0,0.6,0.169230769,0.230769231,0,0,0.846153846,0.038461538,0.115384615,0,1,0.038461538,0,0,0.961538462,0
1102,1,0,0,0,0,0,0,0,0,0,0.6,0.169230769,0.230769231,0,0,0.846153846,0.038461538,0.115384615,0,1,0.038461538,0,0,0.961538462,0
1103,1,0,0,0,0,0,0,0,0,0,0.6,0.169230769,0.230769231,0,0,0.846153846,0.038461538,0.115384615,0,1,0.038461538,0,0,0.961538462,0
1104,1,0,0,0,0,0,0,0,0,0,0.6,0.169230769,0.230769231,0,0,0.846153846,0.038461538,0.115384615,0,1,0.038461538,0,0,0.961538462,0
1105,1,0,0,0,0,0,0,0,0,0,0.6,0.169230769,0.230769231,0,0,0.846153846,0.038461538,0.115384615,0,1,0.038461538,0,0,0.961538462,0
1106,1,0,0,0,1,0,0,0,0,0,0.6,0.169230769,0.230769231,0,0,0.846153846,0.038461538,0.115384615,0,1,0,0.04,0,0.96,0
1107,1,0,0,0,0,0,0,0,0,0,0.6,0.169230769,0.230769231,0,0,0.846153846,0.038461538,0.115384615,0,1,0.038461538,0,0,0.961538462,0
1108,1,0,0,0,0,0,0,0,0,0,0.6,0.169230769,0.230769231,0,0,0.846153846,0.038461538,0.115384615,0,1,0.038461538,0,0,0.961538462,0
1109,1,0,0,0,0,0,0,0,0,0,0.6,0.169230769,0.230769231,0,0,0.846153846,0.038461538,0.115384615,0,1,0.038461538,0,0,0.961538462,0
1110,1,0,0,0,0,0,0,0,0,0,0.78,0.22,0,0,0.230769231,0.676923077,0,0.092307692,0,1,0.018518519,0,0,0.925925926,0.055555556
1111,1,0,0,0,0,0,0,0,0,0,0.6,0.169230769,0.230769231,0,0,0.846153846,0.038461538,0.115384615,0,1,0.038461538,0,0,0.961538462,0
1112,1,0,0,0,0,0,0,0,0,0,0.6,0.169230769,0.230769231,0,0,0.846153846,0.038461538,0.115384615,0,1,0.038461538,0,0,0.961538462,0
1113,1,0,0,0,0,0,0,0,0,0,0.6,0.169230769,0.230769231,0,0,0.846153846,0.038461538,0.115384615,0,1,0.038461538,0,0,0.961538462,0
1114,1,0,0,0,1,0,0,0,0,0,0.6,0.169230769,0.230769231,0,0,0.846153846,0.038461538,0.115384615,0,1,0,0.04,0,0.96,0
1115,1,0,0,0,0,0,0,0,0,0,0.6,0.169230769,0.230769231,0,0,0.846153846,0.038461538,0.115384615,0,1,0.038461538,0,0,0.961538462,0
1116,1,0,0,0,0,0,0,0,0,0,0.6,0.169230769,0.230769231,0,0,0.846153846,0.038461538,0.115384615,0,1,0.038461538,0,0,0.961538462,0
1117,1,0,0,0,0,0,0,0,0,0,0.6,0.169230769,0.230769231,0,0,0.846153846,0.038461538,0.115384615,0,1,0.038461538,0,0,0.961538462,0
1118,1,0,0,0,0,0,0,0,0,0,0.764705882,0.215686275,0,0.019607843,0.230769231,0.676923077,0,0.092307692,0,1,0,0,0,0.943396226,0.056603774
1119,1,0,0,0,1,0,0,0,0,0,0.6,0.169230769,0.230769231,0,0,0.846153846,0.038461538,0.115384615,0,1,0,0.04,0,0.96,0
1120,1,0,0,0,0,0,0,0,0,0,0.6,0.169230769,0.230769231,0,0,0.846153846,0.038461538,0.115384615,0,1,0.038461538,0,0,0.961538462,0
1121,1,0,0,0,1,0,0,0,0,0,0.6,0.169230769,0.230769231,0,0,0.846153846,0.038461538,0.115384615,0,1,0,0.04,0,0.96,0
1122,1,0,0,0,0,0,0,0,0,0,0.6,0.169230769,0.230769231,0,0,0.846153846,0.038461538,0.115384615,0,1,0.038461538,0,0,0.961538462,0
1123,1,0,0,0,0,0,0,0,0,0,0.764705882,0.215686275,0,0.019607843,0.230769231,0.676923077,0,0.092307692,0,1,0,0,0,0.943396226,0.056603774
1124,1,0,0,0,0,0,0,0,0,0,0.78,0.22,0,0,0.230769231,0.676923077,0,0.092307692,0,1,0.018518519,0,0,0.925925926,0.055555556
1125,1,0,0,0,1,0,0,0,0,0,0.78,0.22,0,0,0.230769231,0.676923077,0,0.092307692,0,1,0,0.018867925,0,0.924528302,0.056603774
1126,1,0,0,0,0,0,0,0,0,0,0.764705882,0.215686275,0,0.019607843,0.230769231,0.676923077,0,0.092307692,0,1,0,0,0,0.943396226,0.056603774
1127,1,0,0,0,1,0,0,0,0,0,0.6,0.169230769,0.230769231,0,0,0.846153846,0.038461538,0.115384615,0,1,0,0.04,0,0.96,0
1128,1,0,0,0,1,0,0,0,0,0,0.6,0.169230769,0.230769231,0,0,0.846153846,0.038461538,0.115384615,0,1,0,0.04,0,0.96,0
1129,1,0,0,0,1,0,0,0,0,0,0.6,0.169230769,0.230769231,0,0,0.846153846,0.038461538,0.115384615,0,1,0,0.04,0,0.96,0
1130,1,0,0,0,1,0,0,0,0,0,0.6,0.169230769,0.230769231,0,0,0.846153846,0.038461538,0.115384615,0,1,0,0.04,0,0.96,0
1131,1,0,0,0,0,0,0,0,0,0,0.6,0.169230769,0.230769231,0,0,0.846153846,0.038461538,0.115384615,0,1,0.038461538,0,0,0.961538462,0
1132,1,0,0,0,0,0,0,0,0,0,0.6,0.169230769,0.230769231,0,0,0.846153846,0.038461538,0.115384615,0,1,0.038461538,0,0,0.961538462,0
1133,1,0,0,0,0,0,0,0,0,0,0.6,0.169230769,0.230769231,0,0,0.846153846,0.038461538,0.115384615,0,1,0.038461538,0,0,0.961538462,0
1134,1,0,0,0,0,0,0,0,0,0,0.764705882,0.215686275,0,0.019607843,0.230769231,0.676923077,0,0.092307692,0,1,0,0,0,0.943396226,0.056603774
1135,1,0,0,0,0,0,0,0,0,0,0.6,0.169230769,0.230769231,0,0,0.846153846,0.038461538,0.115384615,0,1,0.038461538,0,0,0.961538462,0
1136,1,0,0,0,0,0,0,0,0,0,0.6,0.169230769,0.230769231,0,0,0.846153846,0.038461538,0.115384615,0,1,0.038461538,0,0,0.961538462,0
1137,1,0,0,0,0,0,0,0,0,0,0.764705882,0.215686275,0,0.019607843,0.230769231,0.676923077,0,0.092307692,0,1,0,0,0,0.943396226,0.056603774
1138,1,0,0,0,0,0,0,0,0,0,0.6,0.169230769,0.230769231,0,0,0.846153846,0.038461538,0.115384615,0,1,0.038461538,0,0,0.961538462,0
1139,1,0,0,0,0,0,0,0,0,0,0.6,0.169230769,0.230769231,0,0,0.846153846,0.038461538,0.115384615,0,1,0.038461538,0,0,0.961538462,0
1140,1,0,0,0,0,0,0,0,0,0,0.6,0.169230769,0.230769231,0,0,0.846153846,0.038461538,0.115384615,0,1,0.038461538,0,0,0.961538462,0
1141,1,0,0,0,0,0,0,0,0,0,0.6,0.169230769,0.230769231,0,0,0.846153846,0.038461538,0.115384615,0,1,0.038461538,0,0,0.961538462,0
1142,1,0,0,0,0,0,0,0,0,0,0.6,0.169230769,0.230769231,0,0,0.846153846,0.038461538,0.115384615,0,1,0.038461538,0,0,0.961538462,0
1143,1,0,0,0,0,0,0,0,0,0,0.6,0.169230769,0.230769231,0,0,0.846153846,0.038461538,0.115384615,0,1,0.038461538,0,0,0.961538462,0
1144,1,0,0,0,0,0,0,0,0,0,0.6,0.169230769,0.230769231,0,0,0.846153846,0.038461538,0.115384615,0,1,0.038461538,0,0,0.961538462,0
1145,1,0,0,0,1,0,0,0,0,0,0.6,0.169230769,0.230769231,0,0,0.846153846,0.038461538,0.115384615,0,1,0,0.04,0,0.96,0
1146,1,0,0,0,1,0,0,0,0,0,0.6,0.169230769,0.230769231,0,0,0.846153846,0.038461538,0.115384615,0,1,0,0.04,0,0.96,0
1147,1,0,0,0,1,0,0,0,0,0,0.6,0.169230769,0.230769231,0,0,0.846153846,0.038461538,0.115384615,0,1,0,0.04,0,0.96,0
1148,1,0,0,0,0,0,0,0,0,0,0.6,0.169230769,0.230769231,0,0,0.846153846,0.038461538,0.115384615,0,1,0.038461538,0,0,0.961538462,0
1149,1,0,0,0,0,0,0,0,0,0,0.6,0.169230769,0.230769231,0,0,0.846153846,0.038461538,0.115384615,0,1,0.038461538,0,0,0.961538462,0
1150,1,0,0,0,0,0,0,0,0,0,0.6,0.169230769,0.230769231,0,0,0.846153846,0.038461538,0.115384615,0,1,0.038461538,0,0,0.961538462,0
1151,1,0,0,0,0,0,0,0,0,0,0.6,0.169230769,0.230769231,0,0,0.846153846,0.038461538,0.115384615,0,1,0.038461538,0,0,0.961538462,0
1152,1,0,0,0,0,0,0,0,0,0,0.6,0.169230769,0.230769231,0,0,0.846153846,0.038461538,0.115384615,0,1,0.038461538,0,0,0.961538462,0
1153,1,0,0,0,0,0,0,0,0,0,0.6,0.169230769,0.230769231,0,0,0.846153846,0.038461538,0.115384615,0,1,0.038461538,0,0,0.961538462,0
1154,1,0,0,0,0,0,0,0,0,0,0.6,0.169230769,0.230769231,0,0,0.846153846,0.038461538,0.115384615,0,1,0.038461538,0,0,0.961538462,0
1155,1,0,0,0,1,0,0,0,0,0,0.6,0.169230769,0.230769231,0,0,0.846153846,0.038461538,0.115384615,0,1,0,0.04,0,0.96,0
1156,1,0,0,0,0,0,0,0,0,0,0.6,0.169230769,0.230769231,0,0,0.846153846,0.038461538,0.115384615,0,1,0.038461538,0,0,0.961538462,0
1157,1,0,0,0,0,0,0,0,0,0,0.6,0.169230769,0.230769231,0,0,0.846153846,0.038461538,0.115384615,0,1,0.038461538,0,0,0.961538462,0
1158,1,0,0,0,1,0,0,0,0,0,0.6,0.169230769,0.230769231,0,0,0.846153846,0.038461538,0.115384615,0,1,0,0.04,0,0.96,0
1159,1,0,0,0,0,0,0,0,0,0,0.78,0.22,0,0,0.230769231,0.676923077,0,0.092307692,0,1,0.018518519,0,0,0.925925926,0.055555556
1160,1,0,0,0,1,0,0,0,0,0,0.78,0.22,0,0,0.230769231,0.676923077,0,0.092307692,0,1,0,0.018867925,0,0.924528302,0.056603774
1161,1,0,0,0,0,0,0,0,0,0,0.78,0.22,0,0,0.230769231,0.676923077,0,0.092307692,0,1,0.018518519,0,0,0.925925926,0.055555556
1162,1,0,0,0,0,0,0,0,0,0,0.6,0.169230769,0.230769231,0,0,0.846153846,0.038461538,0.115384615,0,1,0.038461538,0,0,0.961538462,0
1163,1,0,0,0,0,0,0,0,0,0,0.6,0.169230769,0.230769231,0,0,0.846153846,0.038461538,0.115384615,0,1,0.038461538,0,0,0.961538462,0
1164,1,0,0,0,0,0,0,0,0,0,0.6,0.169230769,0.230769231,0,0,0.846153846,0.038461538,0.115384615,0,1,0.038461538,0,0,0.961538462,0
1165,1,0,0,0,0,0,0,0,0,0,0.6,0.169230769,0.230769231,0,0,0.846153846,0.038461538,0.115384615,0,1,0.038461538,0,0,0.961538462,0
1166,1,0,0,0,0,0,0,0,0,0,0.6,0.169230769,0.230769231,0,0,0.846153846,0.038461538,0.115384615,0,1,0.038461538,0,0,0.961538462,0
1167,1,0,0,0,0,0,0,0,0,0,0.6,0.169230769,0.230769231,0,0,0.846153846,0.038461538,0.115384615,0,1,0.038461538,0,0,0.961538462,0
1168,1,0,0,0,1,0,0,0,0,0,0.6,0.169230769,0.230769231,0,0,0.846153846,0.038461538,0.115384615,0,1,0,0.04,0,0.96,0
1169,1,0,0,0,0,0,0,0,0,0,0.6,0.169230769,0.230769231,0,0,0.846153846,0.038461538,0.115384615,0,1,0.038461538,0,0,0.961538462,0
1170,1,0,0,0,1,0,0,0,0,0,0.6,0.169230769,0.230769231,0,0,0.846153846,0.038461538,0.115384615,0,1,0,0.04,0,0.96,0
1171,1,0,0,0,1,0,0,0,0,0,0.6,0.169230769,0.230769231,0,0,0.846153846,0.038461538,0.115384615,0,1,0,0.04,0,0.96,0
1172,1,0,0,0,1,0,0,0,0,0,0.6,0.169230769,0.230769231,0,0,0.846153846,0.038461538,0.115384615,0,1,0,0.04,0,0.96,0
1173,1,0,0,0,1,0,0,0,0,0,0.78,0.22,0,0,0.230769231,0.676923077,0,0.092307692,0,1,0.019607843,0,0.058823529,0.921568627,0
1174,1,0,0,0,1,0,0,0,0,0,0.78,0.22,0,0,0.230769231,0.676923077,0,0.092307692,0,1,0.019607843,0,0.058823529,0.921568627,0
1175,1,0,0,0,1,0,0,0,0,0,0.78,0.22,0,0,0.230769231,0.676923077,0,0.092307692,0,1,0,0.02,0.06,0.92,0
1176,1,0,0,0,1,0,0,0,0,0,0.78,0.22,0,0,0.230769231,0.676923077,0,0.092307692,0,1,0.019607843,0,0.058823529,0.921568627,0
1177,1,0,0,0,1,0,0,0,0,0,0.764705882,0.215686275,0,0.019607843,0.230769231,0.676923077,0,0.092307692,0,1,0,0,0.06,0.94,0
1178,1,0,0,0,1,0,0,0,0,0,0.6,0.169230769,0.230769231,0,0,0.846153846,0.038461538,0.115384615,0,1,0,0.04,0,0.96,0
1179,1,0,0,0,1,0,0,0,0,0,0.6,0.169230769,0.230769231,0,0,0.846153846,0.038461538,0.115384615,0,1,0,0.04,0,0.96,0
1180,1,0,0,0,0,0,0,0,0,0,0.764705882,0.215686275,0,0.019607843,0.230769231,0.676923077,0,0.092307692,0,1,0,0,0,0.943396226,0.056603774
1181,1,0,0,0,1,0,0,0,0,0,0.6,0.169230769,0.230769231,0,0,0.846153846,0.038461538,0.115384615,0,1,0,0.04,0,0.96,0
1182,1,0,0,0,0,0,0,0,0,0,0.764705882,0.215686275,0,0.019607843,0.230769231,0.676923077,0,0.092307692,0,1,0,0,0,0.943396226,0.056603774
1183,1,0,0,0,1,0,0,0,0,0,0.6,0.169230769,0.230769231,0,0,0.846153846,0.038461538,0.115384615,0,1,0,0.04,0,0.96,0
1184,1,0,0,0,1,0,0,0,0,0,0.6,0.169230769,0.230769231,0,0,0.846153846,0.038461538,0.115384615,0,1,0,0.04,0,0.96,0
1185,1,0,0,0,1,0,0,0,0,0,0.6,0.169230769,0.230769231,0,0,0.846153846,0.038461538,0.115384615,0,1,0,0.04,0,0.96,0
1186,1,0,0,0,0,0,0,0,0,0,0.6,0.169230769,0.230769231,0,0,0.88,0,0.12,0,1,0.037037037,0,0,0.925925926,0.037037037
1187,1,0,0,0,0,0,0,0,0,0,0.6,0.169230769,0.230769231,0,0,0.846153846,0.038461538,0.115384615,0,1,0.038461538,0,0,0.961538462,0
1188,1,0,0,0,0,0,0,0,0,0,0.6,0.169230769,0.230769231,0,0,0.846153846,0.038461538,0.115384615,0,1,0.038461538,0,0,0.961538462,0
1189,1,0,0,0,0,0,0,0,0,0,0.6,0.169230769,0.230769231,0,0,0.846153846,0.038461538,0.115384615,0,1,0.038461538,0,0,0.961538462,0
1190,1,0,0,0,0,0,0,0,0,0,0.6,0.169230769,0.230769231,0,0,0.88,0,0.12,0,1,0.037037037,0,0,0.925925926,0.037037037
1191,1,0,0,0,0,0,0,0,0,0,0.6,0.169230769,0.230769231,0,0,0.846153846,0.038461538,0.115384615,0,1,0.038461538,0,0,0.961538462,0
1192,1,0,0,0,1,0,0,0,0,0,0.78,0.22,0,0,0.230769231,0.676923077,0,0.092307692,0,1,0,0.02,0.06,0.92,0
1193,1,0,0,0,1,0,0,0,0,0,0.764705882,0.215686275,0,0.019607843,0.230769231,0.676923077,0,0.092307692,0,1,0,0,0.06,0.94,0
1194,1,0,0,0,1,0,0,0,0,0,0.764705882,0.215686275,0,0.019607843,0.230769231,0.676923077,0,0.092307692,0,1,0,0,0.06,0.94,0
1195,1,0,0,0,1,0,0,0,0,0,0.78,0.22,0,0,0.230769231,0.676923077,0,0.092307692,0,1,0,0.02,0.06,0.92,0
1196,1,0,0,0,1,0,0,0,0,0,0.78,0.22,0,0,0.230769231,0.676923077,0,0.092307692,0,1,0.019607843,0,0.058823529,0.921568627,0
1197,1,0,0,0,0,0,0,0,0,0,0.78,0.22,0,0,0.230769231,0.676923077,0,0.092307692,0,1,0.018518519,0,0,0.925925926,0.055555556
1198,1,0,0,0,0,0,0,0,0,0,0.6,0.169230769,0.230769231,0,0,0.846153846,0.038461538,0.115384615,0,1,0.038461538,0,0,0.961538462,0
1199,1,0,0,0,0,0,0,0,0,0,0.6,0.169230769,0.230769231,0,0,0.846153846,0.038461538,0.115384615,0,1,0.038461538,0,0,0.961538462,0
1200,1,0,0,0,0,0,0,0,0,0,0.609375,0.171875,0.21875,0,0,0.88,0,0.12,0,1,0.036363636,0,0,0.909090909,0.054545455
1201,1,0,0,0,0,0,0,0,0,0,0.6,0.169230769,0.230769231,0,0,0.88,0,0.12,0,1,0.037037037,0,0,0.925925926,0.037037037
1202,1,0,0,0,0,0,0,0,0,0,0.764705882,0.215686275,0,0.019607843,0.230769231,0.676923077,0,0.092307692,0,1,0,0,0,0.943396226,0.056603774
1203,1,0,0,0,1,0,0,0,0,0,0.764705882,0.215686275,0,0.019607843,0.230769231,0.676923077,0,0.092307692,0,1,0,0,0.06,0.94,0
1204,1,0,0,0,1,0,0,0,0,0,0.78,0.22,0,0,0.230769231,0.676923077,0,0.092307692,0,1,0.019607843,0,0.058823529,0.921568627,0
1205,1,0,0,0,1,0,0,0,0,0,0.78,0.22,0,0,0.230769231,0.676923077,0,0.092307692,0,1,0,0.02,0.06,0.92,0
1206,1,0,0,0,1,0,0,0,0,0,0.764705882,0.215686275,0,0.019607843,0.230769231,0.676923077,0,0.092307692,0,1,0,0,0.06,0.94,0
1207,1,0,0,0,0,0,0,0,0,0,0.6,0.169230769,0.230769231,0,0,0.88,0,0.12,0,1,0.037037037,0,0,0.925925926,0.037037037
1208,1,0,0,0,0,0,0,0,0,0,0.764705882,0.215686275,0,0.019607843,0.230769231,0.676923077,0,0.092307692,0,1,0,0,0,0.943396226,0.056603774
1209,1,0,0,0,0,0,0,0,0,0,0.6,0.169230769,0.230769231,0,0,0.88,0,0.12,0,1,0.037037037,0,0,0.925925926,0.037037037
1210,1,0,0,0,0,0,0,0,0,0,0.6,0.169230769,0.230769231,0,0,0.846153846,0.038461538,0.115384615,0,1,0.038461538,0,0,0.961538462,0
1211,1,0,0,0,0,0,0,0,0,0,0.6,0.169230769,0.230769231,0,0,0.846153846,0.038461538,0.115384615,0,1,0.038461538,0,0,0.961538462,0
1212,1,0,0,0,0,0,0,0,0,0,0.6,0.169230769,0.230769231,0,0,0.846153846,0.038461538,0.115384615,0,1,0.038461538,0,0,0.961538462,0
1213,1,0,0,0,1,0,0,0,0,0,0.78,0.22,0,0,0.230769231,0.676923077,0,0.092307692,0,1,0,0.02,0.06,0.92,0
1214,1,0,0,0,1,0,0,0,0,0,0.609375,0.171875,0.21875,0,0,0.88,0,0.12,0,1,0,0.04,0.06,0.9,0
1215,1,0,0,0,1,0,0,0,0,0,0.6,0.169230769,0.230769231,0,0,0.88,0,0.12,0,1,0,0.04,0.04,0.92,0
1216,1,0,0,0,1,0,0,0,0,0,0.6,0.169230769,0.230769231,0,0,0.88,0,0.12,0,1,0,0.04,0.04,0.92,0
1217,1,0,0,0,1,0,0,0,0,0,0.609375,0.171875,0.21875,0,0,0.88,0,0.12,0,1,0,0.04,0.06,0.9,0
1218,1,0,0,0,0,0,0,0,0,0,0.609375,0.171875,0.21875,0,0,0.88,0,0.12,0,1,0.036363636,0,0,0.909090909,0.054545455
1219,1,0,0,0,1,0,0,0,0,0,0.609375,0.171875,0.21875,0,0,0.88,0,0.12,0,1,0,0.04,0.06,0.9,0
1220,1,0,0,0,1,0,0,0,0,0,0.78,0.22,0,0,0.230769231,0.676923077,0,0.092307692,0,1,0.019607843,0,0.058823529,0.921568627,0
1221,1,0,0,0,0,0,0,0,0,0,0.764705882,0.215686275,0,0.019607843,0.230769231,0.676923077,0,0.092307692,0,1,0,0,0,0.943396226,0.056603774
1222,1,0,0,0,0,0,0,0,0,0,0.764705882,0.215686275,0,0.019607843,0.230769231,0.676923077,0,0.092307692,0,1,0,0,0,0.943396226,0.056603774
1223,1,0,0,0,0,0,0,0,0,0,0.609375,0.171875,0.21875,0,0,0.88,0,0.12,0,1,0.036363636,0,0,0.909090909,0.054545455
1224,1,0,0,0,0,0,0,0,0,0,0.6,0.169230769,0.230769231,0,0,0.88,0,0.12,0,1,0.037037037,0,0,0.925925926,0.037037037
1225,1,0,0,0,1,0,0,0,0,0,0.764705882,0.215686275,0,0.019607843,0.230769231,0.676923077,0,0.092307692,0,1,0,0,0.06,0.94,0
1226,1,0,0,0,1,0,0,0,0,0,0.78,0.22,0,0,0.230769231,0.676923077,0,0.092307692,0,1,0,0.02,0.06,0.92,0
1227,1,0,0,0,0,0,0,0,0,0,0.609375,0.171875,0.21875,0,0,0.88,0,0.12,0,1,0.036363636,0,0,0.909090909,0.054545455
1228,1,0,0,0,1,0,0,0,0,0,0.764705882,0.215686275,0,0.019607843,0.230769231,0.676923077,0,0.092307692,0,1,0,0,0.06,0.94,0
1229,1,0,0,0,0,0,0,0,0,0,0.78,0.22,0,0,0.230769231,0.676923077,0,0.092307692,0,1,0.018518519,0,0,0.925925926,0.055555556
1230,1,0,0,0,0,0,0,0,0,0,0.78,0.22,0,0,0.230769231,0.676923077,0,0.092307692,0,1,0.018518519,0,0,0.925925926,0.055555556
1231,1,0,0,0,0,0,0,0,0,0,0.6,0.169230769,0.230769231,0,0,0.846153846,0.038461538,0.115384615,0,1,0.038461538,0,0,0.961538462,0
1232,1,0,0,0,0,0,0,0,0,0,0.78,0.22,0,0,0.230769231,0.676923077,0,0.092307692,0,1,0.018518519,0,0,0.925925926,0.055555556
1233,1,0,0,0,0,0,0,0,0,0,0.6,0.169230769,0.230769231,0,0,0.88,0,0.12,0,1,0.037037037,0,0,0.925925926,0.037037037
1234,1,0,0,0,0,0,0,0,0,0,0.6,0.169230769,0.230769231,0,0,0.88,0,0.12,0,1,0.037037037,0,0,0.925925926,0.037037037
1235,1,0,0,0,0,0,0,0,0,0,0.6,0.169230769,0.230769231,0,0,0.88,0,0.12,0,1,0.037037037,0,0,0.925925926,0.037037037
1236,1,0,0,0,0,0,0,0,0,0,0.6,0.169230769,0.230769231,0,0,0.88,0,0.12,0,1,0.037037037,0,0,0.925925926,0.037037037
1237,1,0,0,0,0,0,0,0,0,0,0.78,0.22,0,0,0.230769231,0.676923077,0,0.092307692,0,1,0.018518519,0,0,0.925925926,0.055555556
1238,1,0,0,0,1,0,0,0,0,0,0.78,0.22,0,0,0.21875,0.6875,0,0.09375,0,1,0.038461538,0,0.057692308,0.903846154,0
1239,1,0,0,0,0,0,0,0,0,0,0.609375,0.171875,0.21875,0,0,0.88,0,0.12,0,1,0.036363636,0,0,0.909090909,0.054545455
1240,1,0,0,0,0,0,0,0,0,0,0.6,0.169230769,0.230769231,0,0,0.88,0,0.12,0,1,0.037037037,0,0,0.925925926,0.037037037
1241,1,0,0,0,0,0,0,0,0,0,0.609375,0.171875,0.21875,0,0,0.88,0,0.12,0,1,0.036363636,0,0,0.909090909,0.054545455
1242,1,0,0,0,0,0,0,0,0,0,0.6,0.169230769,0.230769231,0,0,0.88,0,0.12,0,1,0.037037037,0,0,0.925925926,0.037037037
1243,1,0,0,0,0,0,0,0,0,0,0.764705882,0.215686275,0,0.019607843,0.230769231,0.676923077,0,0.092307692,0,1,0,0,0,0.943396226,0.056603774
1244,1,0,0,0,0,0,0,0,0,0,0.78,0.22,0,0,0.230769231,0.676923077,0,0.092307692,0,1,0.018518519,0,0,0.925925926,0.055555556
1245,1,0,0,0,0,0,0,0,0,0,0.764705882,0.215686275,0,0.019607843,0.230769231,0.676923077,0,0.092307692,0,1,0,0,0,0.943396226,0.056603774
1246,1,0,0,0,1,0,0,0,0,0,0.78,0.22,0,0,0.230769231,0.676923077,0,0.092307692,0,1,0,0.02,0.06,0.92,0
1247,1,0,0,0,0,0,0,0,0,0,0.6,0.169230769,0.230769231,0,0,0.88,0,0.12,0,1,0.037037037,0,0,0.925925926,0.037037037
1248,1,0,0,0,1,0,0,0,0,0,0.78,0.22,0,0,0.230769231,0.676923077,0,0.092307692,0,1,0,0.02,0.06,0.92,0
1249,1,0,0,0,0,0,0,0,0,0,0.6,0.169230769,0.230769231,0,0,0.88,0,0.12,0,1,0.037037037,0,0,0.925925926,0.037037037