,"('NPA', 'np')","('NPA', 'np1')","('NPA', 'np2')","('NPA', ('NPA', 'NPA'))","('NPO', 'np')","('NPO', 'np1')","('NPO', 'np2')","('NPO', ('NPA', 'NPO'))","('NPO', ('NPO', 'NPA'))","('NPS', 'np')","('NPS', 'np1')","('NPS', 'np2')","('NPS', ('NPA', 'NPS'))","('NPS', ('NPS', 'NPA'))","('S', ('NPA', 'S'))","('S', ('NPS', 'VP'))","('S', ('S', 'NPA'))","('S', ('VP', 'NPS'))","('S', ('VP',))","('V', 'v')","('VP', ('NPA', 'VP'))","('VP', ('NPO', 'V'))","('VP', ('V', 'NPO'))","('VP', ('V',))","('VP', ('VP', 'NPA'))"
0,1,0,0,0,0,0,0,0,0,0,0.78,0.22,0,0,0.230769231,0.676923077,0,0.092307692,0,1,0.018518519,0,0,0.925925926,0.055555556
1,1,0,0,0,0,0,0,0,0,0,0.78,0.22,0,0,0.230769231,0.676923077,0,0.092307692,0,1,0.018518519,0,0,0.925925926,0.055555556
2,1,0,0,0,0,0,0,0,0,0,0.78,0.22,0,0,0.230769231,0.676923077,0,0.092307692,0,1,0.018518519,0,0,0.925925926,0.055555556
3,1,0,0,0,0,0,0,0,0,0,0.764705882,0.215686275,0,0.019607843,0.230769231,0.676923077,0,0.092307692,0,1,0,0,0,0.943396226,0.056603774
4,1,0,0,0,0,0,0,0,0,0,0.78,0.22,0,0,0.230769231,0.676923077,0,0.092307692,0,1,0.018518519,0,0,0.925925926,0.055555556
5,1,0,0,0,0,0,0,0,0,0,0.78,0.22,0,0,0.230769231,0.676923077,0,0.092307692,0,1,0.018518519,0,0,0.925925926,0.055555556
6,1,0,0,0,0,0,0,0,0,0,0.78,0.22,0,0,0.230769231,0.676923077,0,0.092307692,0,1,0.018518519,0,0,0.925925926,0.055555556
7,1,0,0,0,0,0,0,0,0,0,0.764705882,0.215686275,0,0.019607843,0.230769231,0.676923077,0,0.092307692,0,1,0,0,0,0.943396226,0.056603774
8,1,0,0,0,0,0,0,0,0,0,0.764705882,0.215686275,0,0.019607843,0.230769231,0.676923077,0,0.092307692,0,1,0,0,0,0.943396226,0.056603774
9,1,0,0,0,0,0,0,0,0,0,0.764705882,0.215686275,0,0.019607843,0.230769231,0.676923077,0,0.092307692,0,1,0,0,0,0.943396226,0.056603774
10,1,0,0,0,0,0,0,0,0,0,0.78,0.22,0,0,0.230769231,0.676923077,0,0.092307692,0,1,0.018518519,0,0,0.925925926,0.055555556
11,1,0,0,0,0,0,0,0,0,0,0.764705882,0.215686275,0,0.019607843,0.230769231,0.676923077,0,0.092307692,0,1,0,0,0,0.943396226,0.056603774
12,1,0,0,0,0,0,0,0,0,0,0.78,0.22,0,0,0.230769231,0.676923077,0,0.092307692,0,1,0.018518519,0,0,0.925925926,0.055555556
13,1,0,0,0,0,0,0,0,0,0,0.78,0.22,0,0,0.230769231,0.676923077,0,0.092307692,0,1,0.018518519,0,0,0.925925926,0.055555556
14,1,0,0,0,1,0,0,0,0,0,0.78,0.22,0,0,0.230769231,0.676923077,0,0.092307692,0,1,0,0.018867925,0,0.924528302,0.056603774
15,1,0,0,0,0,0,0,0,0,0,0.6,0.169230769,0.230769231,0,0,0.88,0,0.12,0,1,0.037037037,0,0,0.925925926,0.037037037
16,1,0,0,0,0,0,0,0,0,0,0.764705882,0.215686275,0,0.019607843,0.230769231,0.676923077,0,0.092307692,0,1,0,0,0,0.943396226,0.056603774
17,1,0,0,0,0,0,0,0,0,0,0.764705882,0.215686275,0,0.019607843,0.230769231,0.676923077,0,0.092307692,0,1,0,0,0,0.943396226,0.056603774
18,1,0,0,0,0,0,0,0,0,0,0.78,0.22,0,0,0.230769231,0.676923077,0,0.092307692,0,1,0.018518519,0,0,0.925925926,0.055555556
19,1,0,0,0,0,0,0,0,0,0,0.78,0.22,0,0,0.230769231,0.676923077,0,0.092307692,0,1,0.018518519,0,0,0.925925926,0.055555556
20,1,0,0,0,1,0,0,0,0,0,0.78,0.22,0,0,0.230769231,0.676923077,0,0.092307692,0,1,0,0.018867925,0,0.924528302,0.056603774
21,1,0,0,0,0,0,0,0,0,0,0.764705882,0.215686275,0,0.019607843,0.230769231,0.676923077,0,0.092307692,0,1,0,0,0,0.943396226,0.056603774
22,1,0,0,0,0,0,0,0,0,0,0.609375,0.171875,0.21875,0,0,0.88,0,0.12,0,1,0.036363636,0,0,0.909090909,0.054545455
23,1,0,0,0,0,0,0,0,0,0,0.6,0.169230769,0.230769231,0,0,0.88,0,0.12,0,1,0.037037037,0,0,0.925925926,0.037037037
24,1,0,0,0,0,0,0,0,0,0,0.6,0.169230769,0.230769231,0,0,0.88,0,0.12,0,1,0.037037037,0,0,0.925925926,0.037037037
25,1,0,0,0,0,0,0,0,0,0,0.6,0.169230769,0.230769231,0,0,0.88,0,0.12,0,1,0.037037037,0,0,0.925925926,0.037037037
26,1,0,0,0,0,0,0,0,0,0,0.6,0.169230769,0.230769231,0,0,0.88,0,0.12,0,1,0.037037037,0,0,0.925925926,0.037037037
27,1,0,0,0,0,0,0,0,0,0,0.609375,0.171875,0.21875,0,0,0.88,0,0.12,0,1,0.036363636,0,0,0.909090909,0.054545455
28,1,0,0,0,0,0,0,0,0,0,0.609375,0.171875,0.21875,0,0,0.88,0,0.12,0,1,0.036363636,0,0,0.909090909,0.054545455
29,1,0,0,0,0,0,0,0,0,0,0.609375,0.171875,0.21875,0,0,0.88,0,0.12,0,1,0.036363636,0,0,0.909090909,0.054545455
30,1,0,0,0,0,0,0,0,0,0,0.78,0.22,0,0,0.230769231,0.676923077,0,0.092307692,0,1,0.018518519,0,0,0.925925926,0.055555556
31,1,0,0,0,0,0,0,0,0,0,0.6,0.169230769,0.230769231,0,0,0.88,0,0.12,0,1,0.037037037,0,0,0.925925926,0.037037037
32,1,0,0,0,0,0,0,0,0,0,0.6,0.169230769,0.230769231,0,0,0.88,0,0.12,0,1,0.037037037,0,0,0.925925926,0.037037037
33,1,0,0,0,0,0,0,0,0,0,0.6,0.169230769,0.230769231,0,0,0.88,0,0.12,0,1,0.037037037,0,0,0.925925926,0.037037037
34,1,0,0,0,0,0,0,0,0,0,0.6,0.169230769,0.230769231,0,0,0.88,0,0.12,0,1,0.037037037,0,0,0.925925926,0.037037037
35,1,0,0,0,0,0,0,0,0,0,0.6,0.169230769,0.230769231,0,0,0.88,0,0.12,0,1,0.037037037,0,0,0.925925926,0.037037037
36,1,0,0,0,0,0,0,0,0,0,0.6,0.169230769,0.230769231,0,0,0.88,0,0.12,0,1,0.037037037,0,0,0.925925926,0.037037037
37,1,0,0,0,0,0,0,0,0,0,0.6,0.169230769,0.230769231,0,0,0.88,0,0.12,0,1,0.037037037,0,0,0.925925926,0.037037037
38,1,0,0,0,0,0,0,0,0,0,0.609375,0.171875,0.21875,0,0,0.88,0,0.12,0,1,0.036363636,0,0,0.909090909,0.054545455
39,1,0,0,0,0,0,0,0,0,0,0.6,0.169230769,0.230769231,0,0,0.88,0,0.12,0,1,0.037037037,0,0,0.925925926,0.037037037
40,1,0,0,0,0,0,0,0,0,0,0.6,0.169230769,0.230769231,0,0,0.88,0,0.12,0,1,0.037037037,0,0,0.925925926,0.037037037
41,1,0,0,0,0,0,0,0,0,0,0.6,0.169230769,0.230769231,0,0,0.88,0,0.12,0,1,0.037037037,0,0,0.925925926,0.037037037
42,1,0,0,0,0,0,0,0,0,0,0.6,0.169230769,0.230769231,0,0,0.88,0,0.12,0,1,0.037037037,0,0,0.925925926,0.037037037
43,1,0,0,0,0,0,0,0,0,0,0.609375,0.171875,0.21875,0,0,0.88,0,0.12,0,1,0.036363636,0,0,0.909090909,0.054545455
44,1,0,0,0,0,0,0,0,0,0,0.6,0.169230769,0.230769231,0,0,0.88,0,0.12,0,1,0.037037037,0,0,0.925925926,0.037037037
45,1,0,0,0,0,0,0,0,0,0,0.6,0.169230769,0.230769231,0,0,0.88,0,0.12,0,1,0.037037037,0,0,0.925925926,0.037037037
46,1,0,0,0,0,0,0,0,0,0,0.78,0.22,0,0,0.230769231,0.676923077,0,0.092307692,0,1,0.018518519,0,0,0.925925926,0.055555556
47,1,0,0,0,0,0,0,0,0,0,0.6,0.169230769,0.230769231,0,0,0.88,0,0.12,0,1,0.037037037,0,0,0.925925926,0.037037037
48,1,0,0,0,0,0,0,0,0,0,0.6,0.169230769,0.230769231,0,0,0.88,0,0.12,0,1,0.037037037,0,0,0.925925926,0.037037037
49,1,0,0,0,0,0,0,0,0,0,0.6,0.169230769,0.230769231,0,0,0.88,0,0.12,0,1,0.037037037,0,0,0.925925926,0.037037037
50,1,0,0,0,0,0,0,0,0,0,0.78,0.22,0,0,0.230769231,0.676923077,0,0.092307692,0,1,0.018518519,0,0,0.925925926,0.055555556
51,1,0,0,0,0,0,0,0,0,0,0.764705882,0.215686275,0,0.019607843,0.230769231,0.676923077,0,0.092307692,0,1,0,0,0,0.943396226,0.056603774
52,1,0,0,0,0,0,0,0,0,0,0.764705882,0.215686275,0,0.019607843,0.230769231,0.676923077,0,0.092307692,0,1,0,0,0,0.943396226,0.056603774
53,1,0,0,0,0,0,0,0,0,0,0.78,0.22,0,0,0.21875,0.6875,0,0.09375,0,1,0.036363636,0,0,0.909090909,0.054545455
54,1,0,0,0,0,0,0,0,0,0,0.78,0.22,0,0,0.21875,0.6875,0,0.09375,0,1,0.036363636,0,0,0.909090909,0.054545455
55,1,0,0,0,0,0,0,0,0,0,0.6,0.169230769,0.230769231,0,0,0.88,0,0.12,0,1,0.037037037,0,0,0.925925926,0.037037037
56,1,0,0,0,0,0,0,0,0,0,0.764705882,0.215686275,0,0.019607843,0.230769231,0.676923077,0,0.092307692,0,1,0,0,0,0.943396226,0.056603774
57,1,0,0,0,0,0,0,0,0,0,0.78,0.22,0,0,0.230769231,0.676923077,0,0.092307692,0,1,0.018518519,0,0,0.925925926,0.055555556
58,1,0,0,0,0,0,0,0,0,0,0.764705882,0.215686275,0,0.019607843,0.230769231,0.676923077,0,0.092307692,0,1,0,0,0,0.943396226,0.056603774
59,1,0,0,0,0,0,0,0,0,0,0.6,0.169230769,0.230769231,0,0,0.88,0,0.12,0,1,0.037037037,0,0,0.925925926,0.037037037
60,1,0,0,0,0,0,0,0,0,0,0.6,0.169230769,0.230769231,0,0,0.88,0,0.12,0,1,0.037037037,0,0,0.925925926,0.037037037
61,1,0,0,0,0,0,0,0,0,0,0.6,0.169230769,0.230769231,0,0,0.88,0,0.12,0,1,0.037037037,0,0,0.925925926,0.037037037
62,1,0,0,0,0,0,0,0,0,0,0.6,0.169230769,0.230769231,0,0,0.88,0,0.12,0,1,0.037037037,0,0,0.925925926,0.037037037
63,1,0,0,0,0,0,0,0,0,0,0.6,0.169230769,0.230769231,0,0,0.88,0,0.12,0,1,0.037037037,0,0,0.925925926,0.037037037
64,1,0,0,0,0,0,0,0,0,0,0.6,0.169230769,0.230769231,0,0,0.88,0,0.12,0,1,0.037037037,0,0,0.925925926,0.037037037
65,1,0,0,0,0,0,0,0,0,0,0.6,0.169230769,0.230769231,0,0,0.88,0,0.12,0,1,0.037037037,0,0,0.925925926,0.037037037
66,1,0,0,0,0,0,0,0,0,0,0.6,0.169230769,0.230769231,0,0,0.88,0,0.12,0,1,0.037037037,0,0,0.925925926,0.037037037
67,1,0,0,0,0,0,0,0,0,0,0.6,0.169230769,0.230769231,0,0,0.88,0,0.12,0,1,0.037037037,0,0,0.925925926,0.037037037
68,1,0,0,0,0,0,0,0,0,0,0.6,0.169230769,0.230769231,0,0,0.88,0,0.12,0,1,0.037037037,0,0,0.925925926,0.037037037
69,1,0,0,0,0,0,0,0,0,0,0.6,0.169230769,0.230769231,0,0,0.88,0,0.12,0,1,0.037037037,0,0,0.925925926,0.037037037
70,1,0,0,0,0,0,0,0,0,0,0.6,0.169230769,0.230769231,0,0,0.88,0,0.12,0,1,0.037037037,0,0,0.925925926,0.037037037
71,1,0,0,0,0,0,0,0,0,0,0.764705882,0.215686275,0,0.019607843,0.230769231,0.676923077,0,0.092307692,0,1,0,0,0,0.943396226,0.056603774
72,1,0,0,0,0,0,0,0,0,0,0.764705882,0.215686275,0,0.019607843,0.230769231,0.676923077,0,0.092307692,0,1,0,0,0,0.943396226,0.056603774
73,1,0,0,0,1,0,0,0,0,0,0.78,0.22,0,0,0.230769231,0.676923077,0,0.092307692,0,1,0,0.018867925,0,0.924528302,0.056603774
74,1,0,0,0,0,0,0,0,0,0,0.764705882,0.215686275,0,0.019607843,0.230769231,0.676923077,0,0.092307692,0,1,0,0,0,0.943396226,0.056603774
75,1,0,0,0,0,0,0,0,0,0,0.6,0.169230769,0.230769231,0,0,0.88,0,0.12,0,1,0.037037037,0,0,0.925925926,0.037037037
76,1,0,0,0,0,0,0,0,0,0,0.6,0.169230769,0.230769231,0,0,0.88,0,0.12,0,1,0.037037037,0,0,0.925925926,0.037037037
77,1,0,0,0,0,0,0,0,0,0,0.6,0.169230769,0.230769231,0,0,0.88,0,0.12,0,1,0.037037037,0,0,0.925925926,0.037037037
78,1,0,0,0,0,0,0,0,0,0,0.78,0.22,0,0,0.230769231,0.676923077,0,0.092307692,0,1,0.018518519,0,0,0.925925926,0.055555556
79,1,0,0,0,0,0,0,0,0,0,0.78,0.22,0,0,0.230769231,0.676923077,0,0.092307692,0,1,0.018518519,0,0,0.925925926,0.055555556
80,1,0,0,0,0,0,0,0,0,0,0.764705882,0.215686275,0,0.019607843,0.230769231,0.676923077,0,0.092307692,0,1,0,0,0,0.943396226,0.056603774
81,1,0,0,0,0,0,0,0,0,0,0.78,0.22,0,0,0.230769231,0.676923077,0,0.092307692,0,1,0.018518519,0,0,0.925925926,0.055555556
82,1,0,0,0,0,0,0,0,0,0,0.78,0.22,0,0,0.230769231,0.676923077,0,0.092307692,0,1,0.018518519,0,0,0.925925926,0.055555556
83,1,0,0,0,0,0,0,0,0,0,0.78,0.22,0,0,0.230769231,0.676923077,0,0.092307692,0,1,0.018518519,0,0,0.925925926,0.055555556
84,1,0,0,0,0,0,0,0,0,0,0.78,0.22,0,0,0.21875,0.6875,0,0.09375,0,1,0.036363636,0,0,0.909090909,0.054545455
85,1,0,0,0,0,0,0,0,0,0,0.6,0.169230769,0.230769231,0,0,0.88,0,0.12,0,1,0.037037037,0,0,0.925925926,0.037037037
86,1,0,0,0,0,0,0,0,0,0,0.609375,0.171875,0.21875,0,0,0.88,0,0.12,0,1,0.036363636,0,0,0.909090909,0.054545455
87,1,0,0,0,0,0,0,0,0,0,0.609375,0.171875,0.21875,0,0,0.88,0,0.12,0,1,0.036363636,0,0,0.909090909,0.054545455
88,1,0,0,0,0,0,0,0,0,0,0.764705882,0.215686275,0,0.019607843,0.230769231,0.676923077,0,0.092307692,0,1,0,0,0,0.943396226,0.056603774
89,1,0,0,0,0,0,0,0,0,0,0.6,0.169230769,0.230769231,0,0,0.88,0,0.12,0,1,0.037037037,0,0,0.925925926,0.037037037
90,1,0,0,0,0,0,0,0,0,0,0.6,0.169230769,0.230769231,0,0,0.88,0,0.12,0,1,0.037037037,0,0,0.925925926,0.037037037
91,1,0,0,0,0,0,0,0,0,0,0.6,0.169230769,0.230769231,0,0,0.88,0,0.12,0,1,0.037037037,0,0,0.925925926,0.037037037
92,1,0,0,0,0,0,0,0,0,0,0.6,0.169230769,0.230769231,0,0,0.88,0,0.12,0,1,0.037037037,0,0,0.925925926,0.037037037
93,1,0,0,0,0,0,0,0,0,0,0.609375,0.171875,0.21875,0,0,0.88,0,0.12,0,1,0.036363636,0,0,0.909090909,0.054545455
94,1,0,0,0,0,0,0,0,0,0,0.6,0.169230769,0.230769231,0,0,0.88,0,0.12,0,1,0.037037037,0,0,0.925925926,0.037037037
95,1,0,0,0,0,0,0,0,0,0,0.6,0.169230769,0.230769231,0,0,0.88,0,0.12,0,1,0.037037037,0,0,0.925925926,0.037037037
96,1,0,0,0,0,0,0,0,0,0,0.6,0.169230769,0.230769231,0,0,0.88,0,0.12,0,1,0.037037037,0,0,0.925925926,0.037037037
97,1,0,0,0,0,0,0,0,0,0,0.78,0.22,0,0,0.230769231,0.676923077,0,0.092307692,0,1,0.018518519,0,0,0.925925926,0.055555556
98,1,0,0,0,0,0,0,0,0,0,0.6,0.169230769,0.230769231,0,0,0.88,0,0.12,0,1,0.037037037,0,0,0.925925926,0.037037037
99,1,0,0,0,0,0,0,0,0,0,0.6,0.169230769,0.230769231,0,0,0.88,0,0.12,0,1,0.037037037,0,0,0.925925926,0.037037037
100,1,0,0,0,0,0,0,0,0,0,0.6,0.169230769,0.230769231,0,0,0.88,0,0.12,0,1,0.037037037,0,0,0.925925926,0.037037037
101,1,0,0,0,0,0,0,0,0,0,0.609375,0.171875,0.21875,0,0,0.88,0,0.12,0,1,0.036363636,0,0,0.909090909,0.054545455
102,1,0,0,0,0,0,0,0,0,0,0.6,0.169230769,0.230769231,0,0,0.88,0,0.12,0,1,0.037037037,0,0,0.925925926,0.037037037
103,1,0,0,0,0,0,0,0,0,0,0.609375,0.171875,0.21875,0,0,0.88,0,0.12,0,1,0.036363636,0,0,0.909090909,0.054545455
104,1,0,0,0,0,0,0,0,0,0,0.609375,0.171875,0.21875,0,0,0.88,0,0.12,0,1,0.036363636,0,0,0.909090909,0.054545455
105,1,0,0,0,0,0,0,0,0,0,0.6,0.169230769,0.230769231,0,0,0.88,0,0.12,0,1,0.037037037,0,0,0.925925926,0.037037037
106,1,0,0,0,0,0,0,0,0,0,0.6,0.169230769,0.230769231,0,0,0.88,0,0.12,0,1,0.037037037,0,0,0.925925926,0.037037037
107,1,0,0,0,0,0,0,0,0,0,0.6,0.169230769,0.230769231,0,0,0.88,0,0.12,0,1,0.037037037,0,0,0.925925926,0.037037037
108,1,0,0,0,0,0,0,0,0,0,0.6,0.169230769,0.230769231,0,0,0.88,0,0.12,0,1,0.037037037,0,0,0.925925926,0.037037037
109,1,0,0,0,0,0,0,0,0,0,0.6,0.169230769,0.230769231,0,0,0.88,0,0.12,0,1,0.037037037,0,0,0.925925926,0.037037037
110,1,0,0,0,0,0,0,0,0,0,0.609375,0.171875,0.21875,0,0,0.88,0,0.12,0,1,0.036363636,0,0,0.909090909,0.054545455
111,1,0,0,0,0,0,0,0,0,0,0.6,0.169230769,0.230769231,0,0,0.88,0,0.12,0,1,0.037037037,0,0,0.925925926,0.037037037
112,1,0,0,0,0,0,0,0,0,0,0.6,0.169230769,0.230769231,0,0,0.88,0,0.12,0,1,0.037037037,0,0,0.925925926,0.037037037
113,1,0,0,0,0,0,0,0,0,0,0.6,0.169230769,0.230769231,0,0,0.88,0,0.12,0,1,0.037037037,0,0,0.925925926,0.037037037
114,1,0,0,0,0,0,0,0,0,0,0.6,0.169230769,0.230769231,0,0,0.88,0,0.12,0,1,0.037037037,0,0,0.925925926,0.037037037
115,1,0,0,0,0,0,0,0,0,0,0.609375,0.171875,0.21875,0,0,0.88,0,0.12,0,1,0.036363636,0,0,0.909090909,0.054545455
116,1,0,0,0,0,0,0,0,0,0,0.78,0.22,0,0,0.230769231,0.676923077,0,0.092307692,0,1,0.018518519,0,0,0.925925926,0.055555556
117,1,0,0,0,0,0,0,0,0,0,0.6,0.169230769,0.230769231,0,0,0.88,0,0.12,0,1,0.037037037,0,0,0.925925926,0.037037037
118,1,0,0,0,0,0,0,0,0,0,0.78,0.22,0,0,0.230769231,0.676923077,0,0.092307692,0,1,0.018518519,0,0,0.925925926,0.055555556
119,1,0,0,0,0,0,0,0,0,0,0.78,0.22,0,0,0.230769231,0.676923077,0,0.092307692,0,1,0.018518519,0,0,0.925925926,0.055555556
120,1,0,0,0,0,0,0,0,0,0,0.78,0.22,0,0,0.230769231,0.676923077,0,0.092307692,0,1,0.018518519,0,0,0.925925926,0.055555556
121,1,0,0,0,0,0,0,0,0,0,0.78,0.22,0,0,0.230769231,0.676923077,0,0.092307692,0,1,0.018518519,0,0,0.925925926,0.055555556
122,1,0,0,0,0,0,0,0,0,0,0.6,0.169230769,0.230769231,0,0,0.88,0,0.12,0,1,0.037037037,0,0,0.925925926,0.037037037
123,1,0,0,0,0,0,0,0,0,0,0.6,0.169230769,0.230769231,0,0,0.88,0,0.12,0,1,0.037037037,0,0,0.925925926,0.037037037
124,1,0,0,0,0,0,0,0,0,0,0.6,0.169230769,0.230769231,0,0,0.88,0,0.12,0,1,0.037037037,0,0,0.925925926,0.037037037
125,1,0,0,0,0,0,0,0,0,0,0.609375,0.171875,0.21875,0,0,0.88,0,0.12,0,1,0.036363636,0,0,0.909090909,0.054545455
126,1,0,0,0,0,0,0,0,0,0,0.6,0.169230769,0.230769231,0,0,0.88,0,0.12,0,1,0.037037037,0,0,0.925925926,0.037037037
127,1,0,0,0,0,0,0,0,0,0,0.6,0.169230769,0.230769231,0,0,0.88,0,0.12,0,1,0.037037037,0,0,0.925925926,0.037037037
128,1,0,0,0,0,0,0,0,0,0,0.6,0.169230769,0.230769231,0,0,0.88,0,0.12,0,1,0.037037037,0,0,0.925925926,0.037037037
129,1,0,0,0,0,0,0,0,0,0,0.78,0.22,0,0,0.21875,0.6875,0,0.09375,0,1,0.036363636,0,0,0.909090909,0.054545455
130,1,0,0,0,0,0,0,0,0,0,0.78,0.22,0,0,0.230769231,0.676923077,0,0.092307692,0,1,0.018518519,0,0,0.925925926,0.055555556
131,1,0,0,0,0,0,0,0,0,0,0.78,0.22,0,0,0.230769231,0.676923077,0,0.092307692,0,1,0.018518519,0,0,0.925925926,0.055555556
132,1,0,0,0,0,0,0,0,0,0,0.764705882,0.215686275,0,0.019607843,0.230769231,0.676923077,0,0.092307692,0,1,0,0,0,0.943396226,0.056603774
133,1,0,0,0,0,0,0,0,0,0,0.764705882,0.215686275,0,0.019607843,0.230769231,0.676923077,0,0.092307692,0,1,0,0,0,0.943396226,0.056603774
134,1,0,0,0,0,0,0,0,0,0,0.764705882,0.215686275,0,0.019607843,0.230769231,0.676923077,0,0.092307692,0,1,0,0,0,0.943396226,0.056603774
135,1,0,0,0,0,0,0,0,0,0,0.78,0.22,0,0,0.230769231,0.676923077,0,0.092307692,0,1,0.018518519,0,0,0.925925926,0.055555556
136,1,0,0,0,0,0,0,0,0,0,0.78,0.22,0,0,0.230769231,0.676923077,0,0.092307692,0,1,0.018518519,0,0,0.925925926,0.055555556
137,1,0,0,0,0,0,0,0,0,0,0.6,0.169230769,0.230769231,0,0,0.88,0,0.12,0,1,0.037037037,0,0,0.925925926,0.037037037
138,1,0,0,0,0,0,0,0,0,0,0.609375,0.171875,0.21875,0,0,0.88,0,0.12,0,1,0.036363636,0,0,0.909090909,0.054545455
139,1,0,0,0,0,0,0,0,0,0,0.6,0.169230769,0.230769231,0,0,0.88,0,0.12,0,1,0.037037037,0,0,0.925925926,0.037037037
140,1,0,0,0,0,0,0,0,0,0,0.6,0.169230769,0.230769231,0,0,0.88,0,0.12,0,1,0.037037037,0,0,0.925925926,0.037037037
141,1,0,0,0,0,0,0,0,0,0,0.6,0.169230769,0.230769231,0,0,0.88,0,0.12,0,1,0.037037037,0,0,0.925925926,0.037037037
142,1,0,0,0,0,0,0,0,0,0,0.609375,0.171875,0.21875,0,0,0.88,0,0.12,0,1,0.036363636,0,0,0.909090909,0.054545455
143,1,0,0,0,0,0,0,0,0,0,0.6,0.169230769,0.230769231,0,0,0.88,0,0.12,0,1,0.037037037,0,0,0.925925926,0.037037037
144,1,0,0,0,0,0,0,0,0,0,0.6,0.169230769,0.230769231,0,0,0.88,0,0.12,0,1,0.037037037,0,0,0.925925926,0.037037037
145,1,0,0,0,0,0,0,0,0,0,0.6,0.169230769,0.230769231,0,0,0.88,0,0.12,0,1,0.037037037,0,0,0.925925926,0.037037037
146,1,0,0,0,0,0,0,0,0,0,0.6,0.169230769,0.230769231,0,0,0.88,0,0.12,0,1,0.037037037,0,0,0.925925926,0.037037037
147,1,0,0,0,0,0,0,0,0,0,0.764705882,0.215686275,0,0.019607843,0.230769231,0.676923077,0,0.092307692,0,1,0,0,0,0.943396226,0.056603774
148,1,0,0,0,0,0,0,0,0,0,0.78,0.22,0,0,0.230769231,0.676923077,0,0.092307692,0,1,0.018518519,0,0,0.925925926,0.055555556
149,1,0,0,0,0,0,0,0,0,0,0.764705882,0.215686275,0,0.019607843,0.230769231,0.676923077,0,0.092307692,0,1,0,0,0,0.943396226,0.056603774
150,1,0,0,0,0,0,0,0,0,0,0.78,0.22,0,0,0.230769231,0.676923077,0,0.092307692,0,1,0.018518519,0,0,0.925925926,0.055555556
151,1,0,0,0,0,0,0,0,0,0,0.6,0.169230769,0.230769231,0,0,0.88,0,0.12,0,1,0.037037037,0,0,0.925925926,0.037037037
152,1,0,0,0,0,0,0,0,0,0,0.764705882,0.215686275,0,0.019607843,0.230769231,0.676923077,0,0.092307692,0,1,0,0,0,0.943396226,0.056603774
153,1,0,0,0,0,0,0,0,0,0,0.78,0.22,0,0,0.230769231,0.676923077,0,0.092307692,0,1,0.018518519,0,0,0.925925926,0.055555556
154,1,0,0,0,0,0,0,0,0,0,0.78,0.22,0,0,0.230769231,0.676923077,0,0.092307692,0,1,0.018518519,0,0,0.925925926,0.055555556
155,1,0,0,0,0,0,0,0,0,0,0.78,0.22,0,0,0.230769231,0.676923077,0,0.092307692,0,1,0.018518519,0,0,0.925925926,0.055555556
156,1,0,0,0,0,0,0,0,0,0,0.764705882,0.215686275,0,0.019607843,0.230769231,0.676923077,0,0.092307692,0,1,0,0,0,0.943396226,0.056603774
157,1,0,0,0,1,0,0,0,0,0,0.78,0.22,0,0,0.230769231,0.676923077,0,0.092307692,0,1,0,0.018867925,0,0.924528302,0.056603774
158,1,0,0,0,0,0,0,0,0,0,0.78,0.22,0,0,0.21875,0.6875,0,0.09375,0,1,0.036363636,0,0,0.909090909,0.054545455
159,1,0,0,0,0,0,0,0,0,0,0.764705882,0.215686275,0,0.019607843,0.230769231,0.676923077,0,0.092307692,0,1,0,0,0,0.943396226,0.056603774
160,1,0,0,0,0,0,0,0,0,0,0.764705882,0.215686275,0,0.019607843,0.230769231,0.676923077,0,0.092307692,0,1,0,0,0,0.943396226,0.056603774
161,1,0,0,0,0,0,0,0,0,0,0.764705882,0.215686275,0,0.019607843,0.230769231,0.676923077,0,0.092307692,0,1,0,0,0,0.943396226,0.056603774
162,1,0,0,0,0,0,0,0,0,0,0.6,0.169230769,0.230769231,0,0,0.88,0,0.12,0,1,0.037037037,0,0,0.925925926,0.037037037
163,1,0,0,0,0,0,0,0,0,0,0.764705882,0.215686275,0,0.019607843,0.230769231,0.676923077,0,0.092307692,0,1,0,0,0,0.943396226,0.056603774
164,1,0,0,0,0,0,0,0,0,0,0.78,0.22,0,0,0.230769231,0.676923077,0,0.092307692,0,1,0.018518519,0,0,0.925925926,0.055555556
165,1,0,0,0,0,0,0,0,0,0,0.78,0.22,0,0,0.230769231,0.676923077,0,0.092307692,0,1,0.018518519,0,0,0.925925926,0.055555556
166,1,0,0,0,0,0,0,0,0,0,0.78,0.22,0,0,0.230769231,0.676923077,0,0.092307692,0,1,0.018518519,0,0,0.925925926,0.055555556
167,1,0,0,0,0,0,0,0,0,0,0.78,0.22,0,0,0.230769231,0.676923077,0,0.092307692,0,1,0.018518519,0,0,0.925925926,0.055555556
168,1,0,0,0,0,0,0,0,0,0,0.78,0.22,0,0,0.230769231,0.676923077,0,0.092307692,0,1,0.018518519,0,0,0.925925926,0.055555556
169,1,0,0,0,0,0,0,0,0,0,0.78,0.22,0,0,0.230769231,0.676923077,0,0.092307692,0,1,0.018518519,0,0,0.925925926,0.055555556
170,1,0,0,0,0,0,0,0,0,0,0.78,0.22,0,0,0.230769231,0.676923077,0,0.092307692,0,1,0.018518519,0,0,0.925925926,0.055555556
171,1,0,0,0,0,0,0,0,0,0,0.78,0.22,0,0,0.230769231,0.676923077,0,0.092307692,0,1,0.018518519,0,0,0.925925926,0.055555556
172,1,0,0,0,0,0,0,0,0,0,0.78,0.22,0,0,0.230769231,0.676923077,0,0.092307692,0,1,0.018518519,0,0,0.925925926,0.055555556
173,1,0,0,0,1,0,0,0,0,0,0.78,0.22,0,0,0.230769231,0.676923077,0,0.092307692,0,1,0,0.02,0.06,0.92,0
174,1,0,0,0,1,0,0,0,0,0,0.78,0.22,0,0,0.230769231,0.676923077,0,0.092307692,0,1,0.019607843,0,0.058823529,0.921568627,0
175,1,0,0,0,1,0,0,0,0,0,0.78,0.22,0,0,0.230769231,0.676923077,0,0.092307692,0,1,0,0.02,0.06,0.92,0
176,1,0,0,0,0,0,0,0,0,0,0.764705882,0.215686275,0,0.019607843,0.230769231,0.676923077,0,0.092307692,0,1,0,0,0,0.943396226,0.056603774
177,1,0,0,0,0,0,0,0,0,0,0.764705882,0.215686275,0,0.019607843,0.230769231,0.676923077,0,0.092307692,0,1,0,0,0,0.943396226,0.056603774
178,1,0,0,0,0,0,0,0,0,0,0.78,0.22,0,0,0.230769231,0.676923077,0,0.092307692,0,1,0.018518519,0,0,0.925925926,0.055555556
179,1,0,0,0,1,0,0,0,0,0,0.764705882,0.215686275,0,0.019607843,0.230769231,0.676923077,0,0.092307692,0,1,0,0,0.06,0.94,0
180,1,0,0,0,1,0,0,0,0,0,0.78,0.22,0,0,0.230769231,0.676923077,0,0.092307692,0,1,0.019607843,0,0.058823529,0.921568627,0
181,1,0,0,0,1,0,0,0,0,0,0.78,0.22,0,0,0.230769231,0.676923077,0,0.092307692,0,1,0.019607843,0,0.058823529,0.921568627,0
182,1,0,0,0,1,0,0,0,0,0,0.78,0.22,0,0,0.230769231,0.676923077,0,0.092307692,0,1,0.019607843,0,0.058823529,0.921568627,0
183,1,0,0,0,1,0,0,0,0,0,0.78,0.22,0,0,0.230769231,0.676923077,0,0.092307692,0,1,0.019607843,0,0.058823529,0.921568627,0
184,1,0,0,0,1,0,0,0,0,0,0.78,0.22,0,0,0.230769231,0.676923077,0,0.092307692,0,1,0,0.02,0.06,0.92,0
185,1,0,0,0,1,0,0,0,0,0,0.78,0.22,0,0,0.230769231,0.676923077,0,0.092307692,0,1,0,0.02,0.06,0.92,0
186,1,0,0,0,1,0,0,0,0,0,0.78,0.22,0,0,0.230769231,0.676923077,0,0.092307692,0,1,0.019607843,0,0.058823529,0.921568627,0
187,1,0,0,0,1,0,0,0,0,0,0.764705882,0.215686275,0,0.019607843,0.230769231,0.676923077,0,0.092307692,0,1,0,0,0.06,0.94,0
188,1,0,0,0,1,0,0,0,0,0,0.78,0.22,0,0,0.230769231,0.676923077,0,0.092307692,0,1,0.019607843,0,0.058823529,0.921568627,0
189,1,0,0,0,0,0,0,0,0,0,0.78,0.22,0,0,0.230769231,0.676923077,0,0.092307692,0,1,0.018518519,0,0,0.925925926,0.055555556
190,1,0,0,0,0,0,0,0,0,0,0.78,0.22,0,0,0.230769231,0.676923077,0,0.092307692,0,1,0.018518519,0,0,0.925925926,0.055555556
191,1,0,0,0,0,0,0,0,0,0,0.764705882,0.215686275,0,0.019607843,0.230769231,0.676923077,0,0.092307692,0,1,0,0,0,0.943396226,0.056603774
192,1,0,0,0,1,0,0,0,0,0,0.764705882,0.215686275,0,0.019607843,0.230769231,0.676923077,0,0.092307692,0,1,0,0,0.06,0.94,0
193,1,0,0,0,0,0,0,0,0,0,0.78,0.22,0,0,0.21875,0.6875,0,0.09375,0,1,0.036363636,0,0,0.909090909,0.054545455
194,1,0,0,0,0,0,0,0,0,0,0.764705882,0.215686275,0,0.019607843,0.230769231,0.676923077,0,0.092307692,0,1,0,0,0,0.943396226,0.056603774
195,1,0,0,0,0,0,0,0,0,0,0.764705882,0.215686275,0,0.019607843,0.230769231,0.676923077,0,0.092307692,0,1,0,0,0,0.943396226,0.056603774
196,1,0,0,0,0,0,0,0,0,0,0.764705882,0.215686275,0,0.019607843,0.230769231,0.676923077,0,0.092307692,0,1,0,0,0,0.943396226,0.056603774
197,1,0,0,0,1,0,0,0,0,0,0.78,0.22,0,0,0.230769231,0.676923077,0,0.092307692,0,1,0,0.018867925,0,0.924528302,0.056603774
198,1,0,0,0,0,0,0,0,0,0,0.764705882,0.215686275,0,0.019607843,0.230769231,0.676923077,0,0.092307692,0,1,0,0,0,0.943396226,0.056603774
199,1,0,0,0,0,0,0,0,0,0,0.78,0.22,0,0,0.230769231,0.676923077,0,0.092307692,0,1,0.018518519,0,0,0.925925926,0.055555556
200,1,0,0,0,0,0,0,0,0,0,0.78,0.22,0,0,0.230769231,0.676923077,0,0.092307692,0,1,0.018518519,0,0,0.925925926,0.055555556
201,1,0,0,0,0,0,0,0,0,0,0.78,0.22,0,0,0.230769231,0.676923077,0,0.092307692,0,1,0.018518519,0,0,0.925925926,0.055555556
202,1,0,0,0,0,0,0,0,0,0,0.78,0.22,0,0,0.230769231,0.676923077,0,0.092307692,0,1,0.018518519,0,0,0.925925926,0.055555556
203,1,0,0,0,0,0,0,0,0,0,0.78,0.22,0,0,0.230769231,0.676923077,0,0.092307692,0,1,0.018518519,0,0,0.925925926,0.055555556
204,1,0,0,0,0,0,0,0,0,0,0.78,0.22,0,0,0.230769231,0.676923077,0,0.092307692,0,1,0.018518519,0,0,0.925925926,0.055555556
205,1,0,0,0,0,0,0,0,0,0,0.764705882,0.215686275,0,0.019607843,0.230769231,0.676923077,0,0.092307692,0,1,0,0,0,0.943396226,0.056603774
206,1,0,0,0,0,0,0,0,0,0,0.78,0.22,0,0,0.230769231,0.676923077,0,0.092307692,0,1,0.018518519,0,0,0.925925926,0.055555556
207,1,0,0,0,0,0,0,0,0,0,0.78,0.22,0,0,0.230769231,0.676923077,0,0.092307692,0,1,0.018518519,0,0,0.925925926,0.055555556
208,1,0,0,0,1,0,0,0,0,0,0.78,0.22,0,0,0.230769231,0.676923077,0,0.092307692,0,1,0,0.018867925,0,0.924528302,0.056603774
209,1,0,0,0,0,0,0,0,0,0,0.764705882,0.215686275,0,0.019607843,0.230769231,0.676923077,0,0.092307692,0,1,0,0,0,0.943396226,0.056603774
210,1,0,0,0,0,0,0,0,0,0,0.78,0.22,0,0,0.230769231,0.676923077,0,0.092307692,0,1,0.018518519,0,0,0.925925926,0.055555556
211,1,0,0,0,0,0,0,0,0,0,0.764705882,0.215686275,0,0.019607843,0.230769231,0.676923077,0,0.092307692,0,1,0,0,0,0.943396226,0.056603774
212,1,0,0,0,0,0,0,0,0,0,0.78,0.22,0,0,0.230769231,0.676923077,0,0.092307692,0,1,0.018518519,0,0,0.925925926,0.055555556
213,1,0,0,0,0,0,0,0,0,0,0.764705882,0.215686275,0,0.019607843,0.230769231,0.676923077,0,0.092307692,0,1,0,0,0,0.943396226,0.056603774
214,1,0,0,0,0,0,0,0,0,0,0.78,0.22,0,0,0.230769231,0.676923077,0,0.092307692,0,1,0.018518519,0,0,0.925925926,0.055555556
215,1,0,0,0,1,0,0,0,0,0,0.78,0.22,0,0,0.230769231,0.676923077,0,0.092307692,0,1,0,0.02,0.06,0.92,0
216,1,0,0,0,0,0,0,0,0,0,0.764705882,0.215686275,0,0.019607843,0.230769231,0.676923077,0,0.092307692,0,1,0,0,0,0.943396226,0.056603774
217,1,0,0,0,0,0,0,0,0,0,0.764705882,0.215686275,0,0.019607843,0.230769231,0.676923077,0,0.092307692,0,1,0,0,0,0.943396226,0.056603774
218,1,0,0,0,1,0,0,0,0,0,0.78,0.22,0,0,0.230769231,0.676923077,0,0.092307692,0,1,0,0.02,0.06,0.92,0
219,1,0,0,0,1,0,0,0,0,0,0.764705882,0.215686275,0,0.019607843,0.230769231,0.676923077,0,0.092307692,0,1,0,0,0.06,0.94,0
220,1,0,0,0,1,0,0,0,0,0,0.78,0.22,0,0,0.230769231,0.676923077,0,0.092307692,0,1,0,0.018867925,0,0.924528302,0.056603774
221,1,0,0,0,0,0,0,0,0,0,0.78,0.22,0,0,0.230769231,0.676923077,0,0.092307692,0,1,0.018518519,0,0,0.925925926,0.055555556
222,1,0,0,0,0,0,0,0,0,0,0.764705882,0.215686275,0,0.019607843,0.230769231,0.676923077,0,0.092307692,0,1,0,0,0,0.943396226,0.056603774
223,1,0,0,0,0,0,0,0,0,0,0.764705882,0.215686275,0,0.019607843,0.230769231,0.676923077,0,0.092307692,0,1,0,0,0,0.943396226,0.056603774
224,1,0,0,0,0,0,0,0,0,0,0.78,0.22,0,0,0.230769231,0.676923077,0,0.092307692,0,1,0.018518519,0,0,0.925925926,0.055555556
225,1,0,0,0,0,0,0,0,0,0,0.764705882,0.215686275,0,0.019607843,0.230769231,0.676923077,0,0.092307692,0,1,0,0,0,0.943396226,0.056603774
226,1,0,0,0,0,0,0,0,0,0,0.78,0.22,0,0,0.230769231,0.676923077,0,0.092307692,0,1,0.018518519,0,0,0.925925926,0.055555556
227,1,0,0,0,0,0,0,0,0,0,0.764705882,0.215686275,0,0.019607843,0.230769231,0.676923077,0,0.092307692,0,1,0,0,0,0.943396226,0.056603774
228,1,0,0,0,0,0,0,0,0,0,0.764705882,0.215686275,0,0.019607843,0.230769231,0.676923077,0,0.092307692,0,1,0,0,0,0.943396226,0.056603774
229,1,0,0,0,1,0,0,0,0,0,0.764705882,0.215686275,0,0.019607843,0.230769231,0.676923077,0,0.092307692,0,1,0,0,0.06,0.94,0
230,1,0,0,0,1,0,0,0,0,0,0.78,0.22,0,0,0.230769231,0.676923077,0,0.092307692,0,1,0,0.02,0.06,0.92,0
231,1,0,0,0,0,0,0,0,0,0,0.764705882,0.215686275,0,0.019607843,0.230769231,0.676923077,0,0.092307692,0,1,0,0,0,0.943396226,0.056603774
232,1,0,0,0,1,0,0,0,0,0,0.78,0.22,0,0,0.230769231,0.676923077,0,0.092307692,0,1,0,0.02,0.06,0.92,0
233,1,0,0,0,0,0,0,0,0,0,0.764705882,0.215686275,0,0.019607843,0.230769231,0.676923077,0,0.092307692,0,1,0,0,0,0.943396226,0.056603774
234,1,0,0,0,0,0,0,0,0,0,0.764705882,0.215686275,0,0.019607843,0.230769231,0.676923077,0,0.092307692,0,1,0,0,0,0.943396226,0.056603774
235,1,0,0,0,1,0,0,0,0,0,0.78,0.22,0,0,0.230769231,0.676923077,0,0.092307692,0,1,0,0.02,0.06,0.92,0
236,1,0,0,0,1,0,0,0,0,0,0.764705882,0.215686275,0,0.019607843,0.230769231,0.676923077,0,0.092307692,0,1,0,0,0.06,0.94,0
237,1,0,0,0,1,0,0,0,0,0,0.764705882,0.215686275,0,0.019607843,0.230769231,0.676923077,0,0.092307692,0,1,0,0,0.06,0.94,0
238,1,0,0,0,1,0,0,0,0,0,0.78,0.22,0,0,0.230769231,0.676923077,0,0.092307692,0,1,0.019607843,0,0.058823529,0.921568627,0
239,1,0,0,0,1,0,0,0,0,0,0.764705882,0.215686275,0,0.019607843,0.230769231,0.676923077,0,0.092307692,0,1,0,0,0.06,0.94,0
240,1,0,0,0,1,0,0,0,0,0,0.78,0.22,0,0,0.230769231,0.676923077,0,0.092307692,0,1,0,0.02,0.06,0.92,0
241,1,0,0,0,1,0,0,0,0,0,0.78,0.22,0,0,0.230769231,0.676923077,0,0.092307692,0,1,0.019607843,0,0.058823529,0.921568627,0
242,1,0,0,0,0,0,0,0,0,0,0.78,0.22,0,0,0.230769231,0.676923077,0,0.092307692,0,1,0.018518519,0,0,0.925925926,0.055555556
243,1,0,0,0,0,0,0,0,0,0,0.764705882,0.215686275,0,0.019607843,0.230769231,0.676923077,0,0.092307692,0,1,0,0,0,0.943396226,0.056603774
244,1,0,0,0,0,0,0,0,0,0,0.78,0.22,0,0,0.230769231,0.676923077,0,0.092307692,0,1,0.018518519,0,0,0.925925926,0.055555556
245,1,0,0,0,0,0,0,0,0,0,0.78,0.22,0,0,0.21875,0.6875,0,0.09375,0,1,0.036363636,0,0,0.909090909,0.054545455
246,1,0,0,0,0,0,0,0,0,0,0.78,0.22,0,0,0.230769231,0.676923077,0,0.092307692,0,1,0.018518519,0,0,0.925925926,0.055555556
247,1,0,0,0,0,0,0,0,0,0,0.78,0.22,0,0,0.230769231,0.676923077,0,0.092307692,0,1,0.018518519,0,0,0.925925926,0.055555556
248,1,0,0,0,0,0,0,0,0,0,0.764705882,0.215686275,0,0.019607843,0.230769231,0.676923077,0,0.092307692,0,1,0,0,0,0.943396226,0.056603774
249,1,0,0,0,0,0,0,0,0,0,0.764705882,0.215686275,0,0.019607843,0.230769231,0.676923077,0,0.092307692,0,1,0,0,0,0.943396226,0.056603774
250,1,0,0,0,1,0,0,0,0,0,0.78,0.22,0,0,0.230769231,0.676923077,0,0.092307692,0,1,0,0.02,0.06,0.92,0
251,1,0,0,0,1,0,0,0,0,0,0.78,0.22,0,0,0.230769231,0.676923077,0,0.092307692,0,1,0,0.02,0.06,0.92,0
252,1,0,0,0,1,0,0,0,0,0,0.78,0.22,0,0,0.230769231,0.676923077,0,0.092307692,0,1,0,0.018867925,0,0.924528302,0.056603774
253,1,0,0,0,0,0,0,0,0,0,0.764705882,0.215686275,0,0.019607843,0.230769231,0.676923077,0,0.092307692,0,1,0,0,0,0.943396226,0.056603774
254,1,0,0,0,1,0,0,0,0,0,0.764705882,0.215686275,0,0.019607843,0.230769231,0.676923077,0,0.092307692,0,1,0,0,0.06,0.94,0
255,1,0,0,0,1,0,0,0,0,0,0.764705882,0.215686275,0,0.019607843,0.230769231,0.676923077,0,0.092307692,0,1,0,0,0.06,0.94,0
256,1,0,0,0,0,0,0,0,0,0,0.764705882,0.215686275,0,0.019607843,0.230769231,0.676923077,0,0.092307692,0,1,0,0,0,0.943396226,0.056603774
257,1,0,0,0,0,0,0,0,0,0,0.764705882,0.215686275,0,0.019607843,0.230769231,0.676923077,0,0.092307692,0,1,0,0,0,0.943396226,0.056603774
258,1,0,0,0,0,0,0,0,0,0,0.764705882,0.215686275,0,0.019607843,0.230769231,0.676923077,0,0.092307692,0,1,0,0,0,0.943396226,0.056603774
259,1,0,0,0,1,0,0,0,0,0,0.78,0.22,0,0,0.230769231,0.676923077,0,0.092307692,0,1,0,0.018867925,0,0.924528302,0.056603774
260,1,0,0,0,0,0,0,0,0,0,0.764705882,0.215686275,0,0.019607843,0.230769231,0.676923077,0,0.092307692,0,1,0,0,0,0.943396226,0.056603774
261,1,0,0,0,1,0,0,0,0,0,0.78,0.22,0,0,0.230769231,0.676923077,0,0.092307692,0,1,0,0.02,0.06,0.92,0
262,1,0,0,0,1,0,0,0,0,0,0.78,0.22,0,0,0.230769231,0.676923077,0,0.092307692,0,1,0.019607843,0,0.058823529,0.921568627,0
263,1,0,0,0,0,0,0,0,0,0,0.78,0.22,0,0,0.230769231,0.676923077,0,0.092307692,0,1,0.018518519,0,0,0.925925926,0.055555556
264,1,0,0,0,0,0,0,0,0,0,0.78,0.22,0,0,0.230769231,0.676923077,0,0.092307692,0,1,0.018518519,0,0,0.925925926,0.055555556
265,1,0,0,0,0,0,0,0,0,0,0.764705882,0.215686275,0,0.019607843,0.230769231,0.676923077,0,0.092307692,0,1,0,0,0,0.943396226,0.056603774
266,1,0,0,0,0,0,0,0,0,0,0.78,0.22,0,0,0.230769231,0.676923077,0,0.092307692,0,1,0.018518519,0,0,0.925925926,0.055555556
267,1,0,0,0,0,0,0,0,0,0,0.764705882,0.215686275,0,0.019607843,0.230769231,0.676923077,0,0.092307692,0,1,0,0,0,0.943396226,0.056603774
268,1,0,0,0,0,0,0,0,0,0,0.764705882,0.215686275,0,0.019607843,0.230769231,0.676923077,0,0.092307692,0,1,0,0,0,0.943396226,0.056603774
269,1,0,0,0,0,0,0,0,0,0,0.78,0.22,0,0,0.230769231,0.676923077,0,0.092307692,0,1,0.018518519,0,0,0.925925926,0.055555556
270,1,0,0,0,0,0,0,0,0,0,0.764705882,0.215686275,0,0.019607843,0.230769231,0.676923077,0,0.092307692,0,1,0,0,0,0.943396226,0.056603774
271,1,0,0,0,1,0,0,0,0,0,0.78,0.22,0,0,0.230769231,0.676923077,0,0.092307692,0,1,0,0.018867925,0,0.924528302,0.056603774
272,1,0,0,0,0,0,0,0,0,0,0.764705882,0.215686275,0,0.019607843,0.230769231,0.676923077,0,0.092307692,0,1,0,0,0,0.943396226,0.056603774
273,1,0,0,0,0,0,0,0,0,0,0.764705882,0.215686275,0,0.019607843,0.230769231,0.676923077,0,0.092307692,0,1,0,0,0,0.943396226,0.056603774
274,1,0,0,0,0,0,0,0,0,0,0.764705882,0.215686275,0,0.019607843,0.230769231,0.676923077,0,0.092307692,0,1,0,0,0,0.943396226,0.056603774
275,1,0,0,0,0,0,0,0,0,0,0.78,0.22,0,0,0.230769231,0.676923077,0,0.092307692,0,1,0.018518519,0,0,0.925925926,0.055555556
276,1,0,0,0,0,0,0,0,0,0,0.78,0.22,0,0,0.230769231,0.676923077,0,0.092307692,0,1,0.018518519,0,0,0.925925926,0.055555556
277,1,0,0,0,0,0,0,0,0,0,0.78,0.22,0,0,0.230769231,0.676923077,0,0.092307692,0,1,0.018518519,0,0,0.925925926,0.055555556
278,1,0,0,0,0,0,0,0,0,0,0.764705882,0.215686275,0,0.019607843,0.230769231,0.676923077,0,0.092307692,0,1,0,0,0,0.943396226,0.056603774
279,1,0,0,0,0,0,0,0,0,0,0.78,0.22,0,0,0.230769231,0.676923077,0,0.092307692,0,1,0.018518519,0,0,0.925925926,0.055555556
280,1,0,0,0,0,0,0,0,0,0,0.78,0.22,0,0,0.230769231,0.676923077,0,0.092307692,0,1,0.018518519,0,0,0.925925926,0.055555556
281,1,0,0,0,0,0,0,0,0,0,0.764705882,0.215686275,0,0.019607843,0.230769231,0.676923077,0,0.092307692,0,1,0,0,0,0.943396226,0.056603774
282,1,0,0,0,0,0,0,0,0,0,0.764705882,0.215686275,0,0.019607843,0.230769231,0.676923077,0,0.092307692,0,1,0,0,0,0.943396226,0.056603774
283,1,0,0,0,0,0,0,0,0,0,0.78,0.22,0,0,0.230769231,0.676923077,0,0.092307692,0,1,0.018518519,0,0,0.925925926,0.055555556
284,1,0,0,0,0,0,0,0,0,0,0.78,0.22,0,0,0.230769231,0.676923077,0,0.092307692,0,1,0.018518519,0,0,0.925925926,0.055555556
285,1,0,0,0,0,0,0,0,0,0,0.78,0.22,0,0,0.230769231,0.676923077,0,0.092307692,0,1,0.018518519,0,0,0.925925926,0.055555556
286,1,0,0,0,0,0,0,0,0,0,0.78,0.22,0,0,0.230769231,0.676923077,0,0.092307692,0,1,0.018518519,0,0,0.925925926,0.055555556
287,1,0,0,0,0,0,0,0,0,0,0.78,0.22,0,0,0.230769231,0.676923077,0,0.092307692,0,1,0.018518519,0,0,0.925925926,0.055555556
288,1,0,0,0,0,0,0,0,0,0,0.764705882,0.215686275,0,0.019607843,0.230769231,0.676923077,0,0.092307692,0,1,0,0,0,0.943396226,0.056603774
289,1,0,0,0,0,0,0,0,0,0,0.78,0.22,0,0,0.230769231,0.676923077,0,0.092307692,0,1,0.018518519,0,0,0.925925926,0.055555556
290,1,0,0,0,0,0,0,0,0,0,0.764705882,0.215686275,0,0.019607843,0.230769231,0.676923077,0,0.092307692,0,1,0,0,0,0.943396226,0.056603774
291,1,0,0,0,1,0,0,0,0,0,0.764705882,0.215686275,0,0.019607843,0.230769231,0.676923077,0,0.092307692,0,1,0,0,0.06,0.94,0
292,1,0,0,0,0,0,0,0,0,0,0.78,0.22,0,0,0.21875,0.6875,0,0.09375,0,1,0.036363636,0,0,0.909090909,0.054545455
293,1,0,0,0,0,0,0,0,0,0,0.764705882,0.215686275,0,0.019607843,0.230769231,0.676923077,0,0.092307692,0,1,0,0,0,0.943396226,0.056603774
294,1,0,0,0,1,0,0,0,0,0,0.78,0.22,0,0,0.230769231,0.676923077,0,0.092307692,0,1,0.019607843,0,0.058823529,0.921568627,0
295,1,0,0,0,0,0,0,0,0,0,0.78,0.22,0,0,0.230769231,0.676923077,0,0.092307692,0,1,0.018518519,0,0,0.925925926,0.055555556
296,1,0,0,0,1,0,0,0,0,0,0.78,0.22,0,0,0.230769231,0.676923077,0,0.092307692,0,1,0,0.02,0.06,0.92,0
297,1,0,0,0,0,0,0,0,0,0,0.78,0.22,0,0,0.230769231,0.676923077,0,0.092307692,0,1,0.018518519,0,0,0.925925926,0.055555556
298,1,0,0,0,0,0,0,0,0,0,0.78,0.22,0,0,0.230769231,0.676923077,0,0.092307692,0,1,0.018518519,0,0,0.925925926,0.055555556
299,1,0,0,0,1,0,0,0,0,0,0.764705882,0.215686275,0,0.019607843,0.230769231,0.676923077,0,0.092307692,0,1,0,0,0.06,0.94,0
300,1,0,0,0,0,0,0,0,0,0,0.78,0.22,0,0,0.230769231,0.676923077,0,0.092307692,0,1,0.018518519,0,0,0.925925926,0.055555556
301,1,0,0,0,0,0,0,0,0,0,0.764705882,0.215686275,0,0.019607843,0.230769231,0.676923077,0,0.092307692,0,1,0,0,0,0.943396226,0.056603774
302,1,0,0,0,0,0,0,0,0,0,0.764705882,0.215686275,0,0.019607843,0.230769231,0.676923077,0,0.092307692,0,1,0,0,0,0.943396226,0.056603774
303,1,0,0,0,1,0,0,0,0,0,0.78,0.22,0,0,0.230769231,0.676923077,0,0.092307692,0,1,0,0.018867925,0,0.924528302,0.056603774
304,1,0,0,0,0,0,0,0,0,0,0.78,0.22,0,0,0.230769231,0.676923077,0,0.092307692,0,1,0.018518519,0,0,0.925925926,0.055555556
305,1,0,0,0,0,0,0,0,0,0,0.78,0.22,0,0,0.230769231,0.676923077,0,0.092307692,0,1,0.018518519,0,0,0.925925926,0.055555556
306,1,0,0,0,0,0,0,0,0,0,0.78,0.22,0,0,0.230769231,0.676923077,0,0.092307692,0,1,0.018518519,0,0,0.925925926,0.055555556
307,1,0,0,0,0,0,0,0,0,0,0.78,0.22,0,0,0.230769231,0.676923077,0,0.092307692,0,1,0.018518519,0,0,0.925925926,0.055555556
308,1,0,0,0,0,0,0,0,0,0,0.764705882,0.215686275,0,0.019607843,0.230769231,0.676923077,0,0.092307692,0,1,0,0,0,0.943396226,0.056603774
309,1,0,0,0,0,0,0,0,0,0,0.78,0.22,0,0,0.230769231,0.676923077,0,0.092307692,0,1,0.018518519,0,0,0.925925926,0.055555556
310,1,0,0,0,0,0,0,0,0,0,0.764705882,0.215686275,0,0.019607843,0.230769231,0.676923077,0,0.092307692,0,1,0,0,0,0.943396226,0.056603774
311,1,0,0,0,0,0,0,0,0,0,0.78,0.22,0,0,0.230769231,0.676923077,0,0.092307692,0,1,0.018518519,0,0,0.925925926,0.055555556
312,1,0,0,0,0,0,0,0,0,0,0.78,0.22,0,0,0.230769231,0.676923077,0,0.092307692,0,1,0.018518519,0,0,0.925925926,0.055555556
313,1,0,0,0,1,0,0,0,0,0,0.78,0.22,0,0,0.230769231,0.676923077,0,0.092307692,0,1,0.019607843,0,0.058823529,0.921568627,0
314,1,0,0,0,0,0,0,0,0,0,0.764705882,0.215686275,0,0.019607843,0.230769231,0.676923077,0,0.092307692,0,1,0,0,0,0.943396226,0.056603774
315,1,0,0,0,1,0,0,0,0,0,0.78,0.22,0,0,0.230769231,0.676923077,0,0.092307692,0,1,0,0.018867925,0,0.924528302,0.056603774
316,1,0,0,0,0,0,0,0,0,0,0.78,0.22,0,0,0.230769231,0.676923077,0,0.092307692,0,1,0.018518519,0,0,0.925925926,0.055555556
317,1,0,0,0,0,0.722222222,0.203703704,0.055555556,0.018518519,1,0,0,0,0,0,0.26,0,0.04,0.7,1,0,0.88,0.12,0,0
318,1,0,0,0,0,0.709090909,0.2,0.072727273,0.018181818,1,0,0,0,0,0,0.24,0,0.04,0.72,1,0,0.88,0.12,0,0
319,1,0,0,0,0,0.696428571,0.196428571,0.089285714,0.017857143,1,0,0,0,0,0,0.22,0,0.04,0.74,1,0,0.88,0.12,0,0
320,1,0,0,0,0,0.661016949,0.186440678,0.13559322,0.016949153,0,0,0,0,0,0,0,0.038461538,0,0.961538462,1,0.137931034,0.75862069,0.103448276,0,0
321,1,0,0,0,0,0.639344262,0.180327869,0.163934426,0.016393443,0,0,0,0,0,0,0,0.038461538,0,0.961538462,1,0.107142857,0.785714286,0.107142857,0,0
322,1,0,0,0,0,0.696428571,0.196428571,0.089285714,0.017857143,0,0,0,0,0,0.174603175,0,0.031746032,0,0.793650794,1,0,0.88,0.12,0,0
323,1,0,0,0,1,0,0,0,0,0,0.78,0.22,0,0,0.230769231,0.676923077,0,0.092307692,0,1,0,0.018867925,0,0.924528302,0.056603774
324,1,0,0,0,0,0,0,0,0,0,0.78,0.22,0,0,0.230769231,0.676923077,0,0.092307692,0,1,0.018518519,0,0,0.925925926,0.055555556
325,1,0,0,0,0,0,0,0,0,0,0.764705882,0.215686275,0,0.019607843,0.230769231,0.676923077,0,0.092307692,0,1,0,0,0,0.943396226,0.056603774
326,1,0,0,0,1,0,0,0,0,0,0.764705882,0.215686275,0,0.019607843,0.230769231,0.676923077,0,0.092307692,0,1,0,0,0.06,0.94,0
327,1,0,0,0,0,0,0,0,0,0,0.764705882,0.215686275,0,0.019607843,0.230769231,0.676923077,0,0.092307692,0,1,0,0,0,0.943396226,0.056603774
328,1,0,0,0,1,0,0,0,0,0,0.764705882,0.215686275,0,0.019607843,0.230769231,0.676923077,0,0.092307692,0,1,0,0,0.06,0.94,0
329,1,0,0,0,1,0,0,0,0,0,0.78,0.22,0,0,0.230769231,0.676923077,0,0.092307692,0,1,0.019607843,0,0.058823529,0.921568627,0
330,1,0,0,0,1,0,0,0,0,0,0.78,0.22,0,0,0.230769231,0.676923077,0,0.092307692,0,1,0.019607843,0,0.058823529,0.921568627,0
331,1,0,0,0,1,0,0,0,0,0,0.764705882,0.215686275,0,0.019607843,0.230769231,0.676923077,0,0.092307692,0,1,0,0,0.06,0.94,0
332,1,0,0,0,1,0,0,0,0,0,0.78,0.22,0,0,0.230769231,0.676923077,0,0.092307692,0,1,0.019607843,0,0.058823529,0.921568627,0
333,1,0,0,0,1,0,0,0,0,0,0.78,0.22,0,0,0.230769231,0.676923077,0,0.092307692,0,1,0.019607843,0,0.058823529,0.921568627,0
334,1,0,0,0,0,0,0,0,0,0,0.764705882,0.215686275,0,0.019607843,0.230769231,0.676923077,0,0.092307692,0,1,0,0,0,0.943396226,0.056603774
335,1,0,0,0,0,0,0,0,0,0,0.764705882,0.215686275,0,0.019607843,0.230769231,0.676923077,0,0.092307692,0,1,0,0,0,0.943396226,0.056603774
336,1,0,0,0,0,0,0,0,0,0,0.764705882,0.215686275,0,0.019607843,0.230769231,0.676923077,0,0.092307692,0,1,0,0,0,0.943396226,0.056603774
337,1,0,0,0,0,0,0,0,0,0,0.78,0.22,0,0,0.230769231,0.676923077,0,0.092307692,0,1,0.018518519,0,0,0.925925926,0.055555556
338,1,0,0,0,0,0,0,0,0,0,0.764705882,0.215686275,0,0.019607843,0.230769231,0.676923077,0,0.092307692,0,1,0,0,0,0.943396226,0.056603774
339,1,0,0,0,0,0,0,0,0,0,0.78,0.22,0,0,0.230769231,0.676923077,0,0.092307692,0,1,0.018518519,0,0,0.925925926,0.055555556
340,1,0,0,0,1,0,0,0,0,0,0.78,0.22,0,0,0.230769231,0.676923077,0,0.092307692,0,1,0,0.018867925,0,0.924528302,0.056603774
341,1,0,0,0,1,0,0,0,0,0,0.78,0.22,0,0,0.230769231,0.676923077,0,0.092307692,0,1,0,0.018867925,0,0.924528302,0.056603774
342,1,0,0,0,0,0,0,0,0,0,0.764705882,0.215686275,0,0.019607843,0.230769231,0.676923077,0,0.092307692,0,1,0,0,0,0.943396226,0.056603774
343,1,0,0,0,0,0,0,0,0,0,0.78,0.22,0,0,0.230769231,0.676923077,0,0.092307692,0,1,0.018518519,0,0,0.925925926,0.055555556
344,1,0,0,0,0,0,0,0,0,0,0.78,0.22,0,0,0.230769231,0.676923077,0,0.092307692,0,1,0.018518519,0,0,0.925925926,0.055555556
345,1,0,0,0,1,0,0,0,0,0,0.78,0.22,0,0,0.230769231,0.676923077,0,0.092307692,0,1,0,0.018867925,0,0.924528302,0.056603774
346,1,0,0,0,0,0,0,0,0,0,0.764705882,0.215686275,0,0.019607843,0.230769231,0.676923077,0,0.092307692,0,1,0,0,0,0.943396226,0.056603774
347,1,0,0,0,0,0,0,0,0,0,0.764705882,0.215686275,0,0.019607843,0.230769231,0.676923077,0,0.092307692,0,1,0,0,0,0.943396226,0.056603774
348,1,0,0,0,0,0,0,0,0,0,0.78,0.22,0,0,0.230769231,0.676923077,0,0.092307692,0,1,0.018518519,0,0,0.925925926,0.055555556
349,1,0,0,0,0,0,0,0,0,0,0.764705882,0.215686275,0,0.019607843,0.230769231,0.676923077,0,0.092307692,0,1,0,0,0,0.943396226,0.056603774
350,1,0,0,0,0,0,0,0,0,0,0.78,0.22,0,0,0.230769231,0.676923077,0,0.092307692,0,1,0.018518519,0,0,0.925925926,0.055555556
351,1,0,0,0,0,0,0,0,0,0,0.78,0.22,0,0,0.230769231,0.676923077,0,0.092307692,0,1,0.018518519,0,0,0.925925926,0.055555556
352,1,0,0,0,0,0,0,0,0,0,0.764705882,0.215686275,0,0.019607843,0.230769231,0.676923077,0,0.092307692,0,1,0,0,0,0.943396226,0.056603774
353,1,0,0,0,0,0,0,0,0,0,0.78,0.22,0,0,0.230769231,0.676923077,0,0.092307692,0,1,0.018518519,0,0,0.925925926,0.055555556
354,1,0,0,0,0,0,0,0,0,0,0.78,0.22,0,0,0.230769231,0.676923077,0,0.092307692,0,1,0.018518519,0,0,0.925925926,0.055555556
355,1,0,0,0,0,0,0,0,0,0,0.78,0.22,0,0,0.230769231,0.676923077,0,0.092307692,0,1,0.018518519,0,0,0.925925926,0.055555556
356,1,0,0,0,0,0,0,0,0,0,0.78,0.22,0,0,0.230769231,0.676923077,0,0.092307692,0,1,0.018518519,0,0,0.925925926,0.055555556
357,1,0,0,0,0,0,0,0,0,0,0.78,0.22,0,0,0.230769231,0.676923077,0,0.092307692,0,1,0.018518519,0,0,0.925925926,0.055555556
358,1,0,0,0,0,0,0,0,0,0,0.78,0.22,0,0,0.230769231,0.676923077,0,0.092307692,0,1,0.018518519,0,0,0.925925926,0.055555556
359,1,0,0,0,0,0,0,0,0,0,0.78,0.22,0,0,0.230769231,0.676923077,0,0.092307692,0,1,0.018518519,0,0,0.925925926,0.055555556
360,1,0,0,0,0,0,0,0,0,0,0.764705882,0.215686275,0,0.019607843,0.230769231,0.676923077,0,0.092307692,0,1,0,0,0,0.943396226,0.056603774
361,1,0,0,0,0,0,0,0,0,0,0.78,0.22,0,0,0.230769231,0.676923077,0,0.092307692,0,1,0.018518519,0,0,0.925925926,0.055555556
362,1,0,0,0,1,0,0,0,0,0,0.78,0.22,0,0,0.230769231,0.676923077,0,0.092307692,0,1,0,0.018867925,0,0.924528302,0.056603774
363,1,0,0,0,0,0,0,0,0,0,0.764705882,0.215686275,0,0.019607843,0.230769231,0.676923077,0,0.092307692,0,1,0,0,0,0.943396226,0.056603774
364,1,0,0,0,0,0,0,0,0,0,0.764705882,0.215686275,0,0.019607843,0.230769231,0.676923077,0,0.092307692,0,1,0,0,0,0.943396226,0.056603774
365,1,0,0,0,0,0,0,0,0,0,0.78,0.22,0,0,0.230769231,0.676923077,0,0.092307692,0,1,0.018518519,0,0,0.925925926,0.055555556
366,1,0,0,0,0,0,0,0,0,0,0.78,0.22,0,0,0.230769231,0.676923077,0,0.092307692,0,1,0.018518519,0,0,0.925925926,0.055555556
367,1,0,0,0,1,0,0,0,0,0,0.78,0.22,0,0,0.230769231,0.676923077,0,0.092307692,0,1,0,0.018867925,0,0.924528302,0.056603774
368,1,0,0,0,0,0,0,0,0,0,0.78,0.22,0,0,0.230769231,0.676923077,0,0.092307692,0,1,0.018518519,0,0,0.925925926,0.055555556
369,1,0,0,0,0,0,0,0,0,0,0.78,0.22,0,0,0.230769231,0.676923077,0,0.092307692,0,1,0.018518519,0,0,0.925925926,0.055555556
370,1,0,0,0,0,0,0,0,0,0,0.78,0.22,0,0,0.230769231,0.676923077,0,0.092307692,0,1,0.018518519,0,0,0.925925926,0.055555556
371,1,0,0,0,0,0,0,0,0,0,0.764705882,0.215686275,0,0.019607843,0.230769231,0.676923077,0,0.092307692,0,1,0,0,0,0.943396226,0.056603774
372,1,0,0,0,0,0,0,0,0,0,0.764705882,0.215686275,0,0.019607843,0.230769231,0.676923077,0,0.092307692,0,1,0,0,0,0.943396226,0.056603774
373,1,0,0,0,0,0,0,0,0,0,0.78,0.22,0,0,0.230769231,0.676923077,0,0.092307692,0,1,0.018518519,0,0,0.925925926,0.055555556
374,1,0,0,0,0,0,0,0,0,0,0.764705882,0.215686275,0,0.019607843,0.230769231,0.676923077,0,0.092307692,0,1,0,0,0,0.943396226,0.056603774
375,1,0,0,0,0,0,0,0,0,0,0.764705882,0.215686275,0,0.019607843,0.230769231,0.676923077,0,0.092307692,0,1,0,0,0,0.943396226,0.056603774
376,1,0,0,0,0,0,0,0,0,0,0.78,0.22,0,0,0.230769231,0.676923077,0,0.092307692,0,1,0.018518519,0,0,0.925925926,0.055555556
377,1,0,0,0,0,0,0,0,0,0,0.78,0.22,0,0,0.230769231,0.676923077,0,0.092307692,0,1,0.018518519,0,0,0.925925926,0.055555556
378,1,0,0,0,0,0,0,0,0,0,0.764705882,0.215686275,0,0.019607843,0.230769231,0.676923077,0,0.092307692,0,1,0,0,0,0.943396226,0.056603774
379,1,0,0,0,0,0,0,0,0,0,0.78,0.22,0,0,0.230769231,0.676923077,0,0.092307692,0,1,0.018518519,0,0,0.925925926,0.055555556
380,1,0,0,0,0,0,0,0,0,0,0.764705882,0.215686275,0,0.019607843,0.230769231,0.676923077,0,0.092307692,0,1,0,0,0,0.943396226,0.056603774
381,1,0,0,0,0,0,0,0,0,0,0.764705882,0.215686275,0,0.019607843,0.230769231,0.676923077,0,0.092307692,0,1,0,0,0,0.943396226,0.056603774
382,1,0,0,0,0,0,0,0,0,0,0.764705882,0.215686275,0,0.019607843,0.230769231,0.676923077,0,0.092307692,0,1,0,0,0,0.943396226,0.056603774
383,1,0,0,0,0,0,0,0,0,0,0.764705882,0.215686275,0,0.019607843,0.230769231,0.676923077,0,0.092307692,0,1,0,0,0,0.943396226,0.056603774
384,1,0,0,0,0,0,0,0,0,0,0.764705882,0.215686275,0,0.019607843,0.230769231,0.676923077,0,0.092307692,0,1,0,0,0,0.943396226,0.056603774
385,1,0,0,0,0,0,0,0,0,0,0.78,0.22,0,0,0.230769231,0.676923077,0,0.092307692,0,1,0.018518519,0,0,0.925925926,0.055555556
386,1,0,0,0,0,0,0,0,0,0,0.764705882,0.215686275,0,0.019607843,0.230769231,0.676923077,0,0.092307692,0,1,0,0,0,0.943396226,0.056603774
387,1,0,0,0,1,0,0,0,0,0,0.78,0.22,0,0,0.230769231,0.676923077,0,0.092307692,0,1,0,0.018867925,0,0.924528302,0.056603774
388,1,0,0,0,0,0.709090909,0.2,0.072727273,0.018181818,1,0,0,0,0,0,0.24,0,0.04,0.72,1,0,0.88,0.12,0,0
389,1,0,0,0,0,0.684210526,0.192982456,0.105263158,0.01754386,1,0,0,0,0,0,0.2,0,0.04,0.76,1,0,0.88,0.12,0,0
390,1,0,0,0,0,0.696428571,0.196428571,0.089285714,0.017857143,1,0,0,0,0,0,0.22,0,0.04,0.74,1,0,0.88,0.12,0,0
391,1,0,0,0,0,0.6,0.169230769,0.215384615,0.015384615,1,0,0,0,0,0.038461538,0,0,0.038461538,0.923076923,1,0,0.88,0.12,0,0
392,1,0,0,0,0,0,0,0,0,0,0.764705882,0.215686275,0,0.019607843,0.230769231,0.676923077,0,0.092307692,0,1,0,0,0,0.943396226,0.056603774
393,1,0,0,0,1,0,0,0,0,0,0.78,0.22,0,0,0.230769231,0.676923077,0,0.092307692,0,1,0,0.018867925,0,0.924528302,0.056603774
394,1,0,0,0,0,0,0,0,0,0,0.764705882,0.215686275,0,0.019607843,0.230769231,0.676923077,0,0.092307692,0,1,0,0,0,0.943396226,0.056603774
395,1,0,0,0,0,0,0,0,0,0,0.78,0.22,0,0,0.230769231,0.676923077,0,0.092307692,0,1,0.018518519,0,0,0.925925926,0.055555556
396,1,0,0,0,0,0,0,0,0,0,0.764705882,0.215686275,0,0.019607843,0.230769231,0.676923077,0,0.092307692,0,1,0,0,0,0.943396226,0.056603774
397,1,0,0,0,1,0,0,0,0,0,0.78,0.22,0,0,0.230769231,0.676923077,0,0.092307692,0,1,0,0.018867925,0,0.924528302,0.056603774
398,1,0,0,0,0,0,0,0,0,0,0.764705882,0.215686275,0,0.019607843,0.230769231,0.676923077,0,0.092307692,0,1,0,0,0,0.943396226,0.056603774
399,1,0,0,0,0,0,0,0,0,0,0.78,0.22,0,0,0.230769231,0.676923077,0,0.092307692,0,1,0.018518519,0,0,0.925925926,0.055555556
400,1,0,0,0,0,0,0,0,0,0,0.78,0.22,0,0,0.230769231,0.676923077,0,0.092307692,0,1,0.018518519,0,0,0.925925926,0.055555556
401,1,0,0,0,1,0,0,0,0,0,0.78,0.22,0,0,0.230769231,0.676923077,0,0.092307692,0,1,0,0.018867925,0,0.924528302,0.056603774
402,1,0,0,0,0,0,0,0,0,0,0.78,0.22,0,0,0.230769231,0.676923077,0,0.092307692,0,1,0.018518519,0,0,0.925925926,0.055555556
403,1,0,0,0,0,0,0,0,0,0,0.764705882,0.215686275,0,0.019607843,0.230769231,0.676923077,0,0.092307692,0,1,0,0,0,0.943396226,0.056603774
404,1,0,0,0,0,0,0,0,0,0,0.78,0.22,0,0,0.230769231,0.676923077,0,0.092307692,0,1,0.018518519,0,0,0.925925926,0.055555556
405,1,0,0,0,0,0,0,0,0,0,0.764705882,0.215686275,0,0.019607843,0.230769231,0.676923077,0,0.092307692,0,1,0,0,0,0.943396226,0.056603774
406,1,0,0,0,0,0,0,0,0,0,0.764705882,0.215686275,0,0.019607843,0.230769231,0.676923077,0,0.092307692,0,1,0,0,0,0.943396226,0.056603774
407,1,0,0,0,0,0,0,0,0,0,0.764705882,0.215686275,0,0.019607843,0.230769231,0.676923077,0,0.092307692,0,1,0,0,0,0.943396226,0.056603774
408,1,0,0,0,0,0,0,0,0,0,0.764705882,0.215686275,0,0.019607843,0.230769231,0.676923077,0,0.092307692,0,1,0,0,0,0.943396226,0.056603774
409,1,0,0,0,0,0,0,0,0,0,0.78,0.22,0,0,0.230769231,0.676923077,0,0.092307692,0,1,0.018518519,0,0,0.925925926,0.055555556
410,1,0,0,0,0,0,0,0,0,0,0.78,0.22,0,0,0.21875,0.6875,0,0.09375,0,1,0.036363636,0,0,0.909090909,0.054545455
411,1,0,0,0,0,0,0,0,0,0,0.78,0.22,0,0,0.230769231,0.676923077,0,0.092307692,0,1,0.018518519,0,0,0.925925926,0.055555556
412,1,0,0,0,0,0,0,0,0,0,0.764705882,0.215686275,0,0.019607843,0.230769231,0.676923077,0,0.092307692,0,1,0,0,0,0.943396226,0.056603774
413,1,0,0,0,0,0,0,0,0,0,0.764705882,0.215686275,0,0.019607843,0.230769231,0.676923077,0,0.092307692,0,1,0,0,0,0.943396226,0.056603774
414,1,0,0,0,0,0,0,0,0,0,0.78,0.22,0,0,0.230769231,0.676923077,0,0.092307692,0,1,0.018518519,0,0,0.925925926,0.055555556
415,1,0,0,0,0,0,0,0,0,0,0.78,0.22,0,0,0.230769231,0.676923077,0,0.092307692,0,1,0.018518519,0,0,0.925925926,0.055555556
416,1,0,0,0,0,0,0,0,0,0,0.764705882,0.215686275,0,0.019607843,0.230769231,0.676923077,0,0.092307692,0,1,0,0,0,0.943396226,0.056603774
417,1,0,0,0,1,0,0,0,0,0,0.78,0.22,0,0,0.230769231,0.676923077,0,0.092307692,0,1,0,0.018867925,0,0.924528302,0.056603774
418,1,0,0,0,0,0,0,0,0,0,0.78,0.22,0,0,0.230769231,0.676923077,0,0.092307692,0,1,0.018518519,0,0,0.925925926,0.055555556
419,1,0,0,0,0,0,0,0,0,0,0.764705882,0.215686275,0,0.019607843,0.230769231,0.676923077,0,0.092307692,0,1,0,0,0,0.943396226,0.056603774
420,1,0,0,0,0,0,0,0,0,0,0.764705882,0.215686275,0,0.019607843,0.230769231,0.676923077,0,0.092307692,0,1,0,0,0,0.943396226,0.056603774
421,1,0,0,0,0,0,0,0,0,0,0.78,0.22,0,0,0.230769231,0.676923077,0,0.092307692,0,1,0.018518519,0,0,0.925925926,0.055555556
422,1,0,0,0,0,0,0,0,0,0,0.78,0.22,0,0,0.230769231,0.676923077,0,0.092307692,0,1,0.018518519,0,0,0.925925926,0.055555556
423,1,0,0,0,0,0,0,0,0,0,0.78,0.22,0,0,0.230769231,0.676923077,0,0.092307692,0,1,0.018518519,0,0,0.925925926,0.055555556
424,1,0,0,0,0,0,0,0,0,0,0.764705882,0.215686275,0,0.019607843,0.230769231,0.676923077,0,0.092307692,0,1,0,0,0,0.943396226,0.056603774
425,1,0,0,0,0,0,0,0,0,0,0.78,0.22,0,0,0.230769231,0.676923077,0,0.092307692,0,1,0.018518519,0,0,0.925925926,0.055555556
426,1,0,0,0,0,0,0,0,0,0,0.764705882,0.215686275,0,0.019607843,0.230769231,0.676923077,0,0.092307692,0,1,0,0,0,0.943396226,0.056603774
427,1,0,0,0,1,0,0,0,0,0,0.609375,0.171875,0.21875,0,0,0.88,0,0.12,0,1,0.038461538,0,0.057692308,0.903846154,0
428,1,0,0,0,1,0,0,0,0,0,0.609375,0.171875,0.21875,0,0,0.88,0,0.12,0,1,0.038461538,0,0.057692308,0.903846154,0
429,1,0,0,0,0,0,0,0,0,0,0.78,0.22,0,0,0.230769231,0.676923077,0,0.092307692,0,1,0.018518519,0,0,0.925925926,0.055555556
430,1,0,0,0,0,0,0,0,0,0,0.764705882,0.215686275,0,0.019607843,0.230769231,0.676923077,0,0.092307692,0,1,0,0,0,0.943396226,0.056603774
431,1,0,0,0,1,0,0,0,0,0,0.78,0.22,0,0,0.230769231,0.676923077,0,0.092307692,0,1,0,0.018867925,0,0.924528302,0.056603774
432,1,0,0,0,0,0,0,0,0,0,0.764705882,0.215686275,0,0.019607843,0.230769231,0.676923077,0,0.092307692,0,1,0,0,0,0.943396226,0.056603774
433,1,0,0,0,1,0,0,0,0,0,0.6,0.169230769,0.230769231,0,0,0.88,0,0.12,0,1,0.038461538,0,0.038461538,0.923076923,0
434,1,0,0,0,1,0,0,0,0,0,0.6,0.169230769,0.230769231,0,0,0.88,0,0.12,0,1,0.038461538,0,0.038461538,0.923076923,0
435,1,0,0,0,0,0,0,0,0,0,0.764705882,0.215686275,0,0.019607843,0.230769231,0.676923077,0,0.092307692,0,1,0,0,0,0.943396226,0.056603774
436,1,0,0,0,0,0,0,0,0,0,0.764705882,0.215686275,0,0.019607843,0.230769231,0.676923077,0,0.092307692,0,1,0,0,0,0.943396226,0.056603774
437,1,0,0,0,1,0,0,0,0,0,0.6,0.169230769,0.230769231,0,0,0.88,0,0.12,0,1,0.038461538,0,0.038461538,0.923076923,0
438,1,0,0,0,1,0,0,0,0,0,0.6,0.169230769,0.230769231,0,0,0.88,0,0.12,0,1,0.038461538,0,0.038461538,0.923076923,0
439,1,0,0,0,1,0,0,0,0,0,0.78,0.22,0,0,0.230769231,0.676923077,0,0.092307692,0,1,0,0.018867925,0,0.924528302,0.056603774
440,1,0,0,0,0,0,0,0,0,0,0.764705882,0.215686275,0,0.019607843,0.230769231,0.676923077,0,0.092307692,0,1,0,0,0,0.943396226,0.056603774
441,1,0,0,0,0,0,0,0,0,0,0.764705882,0.215686275,0,0.019607843,0.230769231,0.676923077,0,0.092307692,0,1,0,0,0,0.943396226,0.056603774
442,1,0,0,0,0,0,0,0,0,0,0.764705882,0.215686275,0,0.019607843,0.230769231,0.676923077,0,0.092307692,0,1,0,0,0,0.943396226,0.056603774
443,1,0,0,0,0,0,0,0,0,0,0.78,0.22,0,0,0.230769231,0.676923077,0,0.092307692,0,1,0.018518519,0,0,0.925925926,0.055555556
444,1,0,0,0,0,0,0,0,0,0,0.764705882,0.215686275,0,0.019607843,0.230769231,0.676923077,0,0.092307692,0,1,0,0,0,0.943396226,0.056603774
445,1,0,0,0,1,0,0,0,0,0,0.6,0.169230769,0.230769231,0,0,0.88,0,0.12,0,1,0.038461538,0,0.038461538,0.923076923,0
446,1,0,0,0,1,0,0,0,0,0,0.609375,0.171875,0.21875,0,0,0.88,0,0.12,0,1,0.038461538,0,0.057692308,0.903846154,0
447,1,0,0,0,1,0,0,0,0,0,0.609375,0.171875,0.21875,0,0,0.88,0,0.12,0,1,0.038461538,0,0.057692308,0.903846154,0
448,1,0,0,0,0,0,0,0,0,0,0.78,0.22,0,0,0.230769231,0.676923077,0,0.092307692,0,1,0.018518519,0,0,0.925925926,0.055555556
449,1,0,0,0,0,0,0,0,0,0,0.764705882,0.215686275,0,0.019607843,0.230769231,0.676923077,0,0.092307692,0,1,0,0,0,0.943396226,0.056603774
450,1,0,0,0,0,0,0,0,0,0,0.78,0.22,0,0,0.230769231,0.676923077,0,0.092307692,0,1,0.018518519,0,0,0.925925926,0.055555556
451,1,0,0,0,1,0,0,0,0,0,0.609375,0.171875,0.21875,0,0,0.88,0,0.12,0,1,0.038461538,0,0.057692308,0.903846154,0
452,1,0,0,0,1,0,0,0,0,0,0.609375,0.171875,0.21875,0,0,0.88,0,0.12,0,1,0.038461538,0,0.057692308,0.903846154,0
453,1,0,0,0,1,0,0,0,0,0,0.609375,0.171875,0.21875,0,0,0.88,0,0.12,0,1,0.038461538,0,0.057692308,0.903846154,0
454,1,0,0,0,0,0,0,0,0,0,0.78,0.22,0,0,0.21875,0.6875,0,0.09375,0,1,0.036363636,0,0,0.909090909,0.054545455
455,1,0,0,0,0,0,0,0,0,0,0.764705882,0.215686275,0,0.019607843,0.230769231,0.676923077,0,0.092307692,0,1,0,0,0,0.943396226,0.056603774
456,1,0,0,0,0,0.661016949,0.186440678,0.13559322,0.016949153,1,0,0,0,0,0,0.16,0,0.04,0.8,1,0,0.88,0.12,0,0
457,1,0,0,0,0,0.684210526,0.192982456,0.105263158,0.01754386,1,0,0,0,0,0,0.2,0,0.04,0.76,1,0,0.88,0.12,0,0
458,1,0,0,0,0,0,0,0,0,0,0.78,0.22,0,0,0.230769231,0.676923077,0,0.092307692,0,1,0.018518519,0,0,0.925925926,0.055555556
459,1,0,0,0,0,0,0,0,0,0,0.78,0.22,0,0,0.230769231,0.676923077,0,0.092307692,0,1,0.018518519,0,0,0.925925926,0.055555556
460,1,0,0,0,0,0,0,0,0,0,0.764705882,0.215686275,0,0.019607843,0.230769231,0.676923077,0,0.092307692,0,1,0,0,0,0.943396226,0.056603774
461,1,0,0,0,0,0,0,0,0,0,0.78,0.22,0,0,0.230769231,0.676923077,0,0.092307692,0,1,0.018518519,0,0,0.925925926,0.055555556
462,1,0,0,0,0,0,0,0,0,0,0.78,0.22,0,0,0.230769231,0.676923077,0,0.092307692,0,1,0.018518519,0,0,0.925925926,0.055555556
463,1,0,0,0,0,0,0,0,0,0,0.78,0.22,0,0,0.230769231,0.676923077,0,0.092307692,0,1,0.018518519,0,0,0.925925926,0.055555556
464,1,0,0,0,0,0,0,0,0,0,0.764705882,0.215686275,0,0.019607843,0.230769231,0.676923077,0,0.092307692,0,1,0,0,0,0.943396226,0.056603774
465,1,0,0,0,0,0,0,0,0,0,0.78,0.22,0,0,0.230769231,0.676923077,0,0.092307692,0,1,0.018518519,0,0,0.925925926,0.055555556
466,1,0,0,0,0,0,0,0,0,0,0.78,0.22,0,0,0.230769231,0.676923077,0,0.092307692,0,1,0.018518519,0,0,0.925925926,0.055555556
467,1,0,0,0,0,0,0,0,0,0,0.78,0.22,0,0,0.230769231,0.676923077,0,0.092307692,0,1,0.018518519,0,0,0.925925926,0.055555556
468,1,0,0,0,0,0,0,0,0,0,0.764705882,0.215686275,0,0.019607843,0.230769231,0.676923077,0,0.092307692,0,1,0,0,0,0.943396226,0.056603774
469,1,0,0,0,0,0,0,0,0,0,0.78,0.22,0,0,0.230769231,0.676923077,0,0.092307692,0,1,0.018518519,0,0,0.925925926,0.055555556
470,1,0,0,0,0,0,0,0,0,0,0.78,0.22,0,0,0.230769231,0.676923077,0,0.092307692,0,1,0.018518519,0,0,0.925925926,0.055555556
471,1,0,0,0,1,0,0,0,0,0,0.78,0.22,0,0,0.230769231,0.676923077,0,0.092307692,0,1,0,0.018867925,0,0.924528302,0.056603774
472,1,0,0,0,0,0,0,0,0,0,0.78,0.22,0,0,0.230769231,0.676923077,0,0.092307692,0,1,0.018518519,0,0,0.925925926,0.055555556
473,1,0,0,0,0,0,0,0,0,0,0.764705882,0.215686275,0,0.019607843,0.230769231,0.676923077,0,0.092307692,0,1,0,0,0,0.943396226,0.056603774
474,1,0,0,0,1,0,0,0,0,0,0.6,0.169230769,0.230769231,0,0,0.88,0,0.12,0,1,0.038461538,0,0.038461538,0.923076923,0
475,1,0,0,0,1,0,0,0,0,0,0.609375,0.171875,0.21875,0,0,0.88,0,0.12,0,1,0.038461538,0,0.057692308,0.903846154,0
476,1,0,0,0,1,0,0,0,0,0,0.6,0.169230769,0.230769231,0,0,0.88,0,0.12,0,1,0.038461538,0,0.038461538,0.923076923,0
477,1,0,0,0,1,0,0,0,0,0,0.6,0.169230769,0.230769231,0,0,0.88,0,0.12,0,1,0.038461538,0,0.038461538,0.923076923,0
478,1,0,0,0,1,0,0,0,0,0,0.6,0.169230769,0.230769231,0,0,0.88,0,0.12,0,1,0.038461538,0,0.038461538,0.923076923,0
479,1,0,0,0,1,0,0,0,0,0,0.6,0.169230769,0.230769231,0,0,0.88,0,0.12,0,1,0.038461538,0,0.038461538,0.923076923,0
480,1,0,0,0,1,0,0,0,0,0,0.6,0.169230769,0.230769231,0,0,0.88,0,0.12,0,1,0.038461538,0,0.038461538,0.923076923,0
481,1,0,0,0,1,0,0,0,0,0,0.6,0.169230769,0.230769231,0,0,0.88,0,0.12,0,1,0.038461538,0,0.038461538,0.923076923,0
482,1,0,0,0,1,0,0,0,0,0,0.6,0.169230769,0.230769231,0,0,0.88,0,0.12,0,1,0.038461538,0,0.038461538,0.923076923,0
483,1,0,0,0,0,0,0,0,0,0,0.78,0.22,0,0,0.230769231,0.676923077,0,0.092307692,0,1,0.018518519,0,0,0.925925926,0.055555556
484,1,0,0,0,0,0,0,0,0,0,0.764705882,0.215686275,0,0.019607843,0.230769231,0.676923077,0,0.092307692,0,1,0,0,0,0.943396226,0.056603774
485,1,0,0,0,0,0,0,0,0,0,0.764705882,0.215686275,0,0.019607843,0.230769231,0.676923077,0,0.092307692,0,1,0,0,0,0.943396226,0.056603774
486,1,0,0,0,1,0,0,0,0,0,0.78,0.22,0,0,0.230769231,0.676923077,0,0.092307692,0,1,0,0.018867925,0,0.924528302,0.056603774
487,1,0,0,0,0,0,0,0,0,0,0.764705882,0.215686275,0,0.019607843,0.230769231,0.676923077,0,0.092307692,0,1,0,0,0,0.943396226,0.056603774
488,1,0,0,0,0,0,0,0,0,0,0.78,0.22,0,0,0.230769231,0.676923077,0,0.092307692,0,1,0.018518519,0,0,0.925925926,0.055555556
489,1,0,0,0,0,0,0,0,0,0,0.764705882,0.215686275,0,0.019607843,0.230769231,0.676923077,0,0.092307692,0,1,0,0,0,0.943396226,0.056603774
490,1,0,0,0,0,0,0,0,0,0,0.764705882,0.215686275,0,0.019607843,0.230769231,0.676923077,0,0.092307692,0,1,0,0,0,0.943396226,0.056603774
491,1,0,0,0,0,0,0,0,0,0,0.78,0.22,0,0,0.230769231,0.676923077,0,0.092307692,0,1,0.018518519,0,0,0.925925926,0.055555556
492,1,0,0,0,1,0,0,0,0,0,0.6,0.169230769,0.230769231,0,0,0.88,0,0.12,0,1,0.038461538,0,0.038461538,0.923076923,0
493,1,0,0,0,1,0,0,0,0,0,0.6,0.169230769,0.230769231,0,0,0.88,0,0.12,0,1,0.038461538,0,0.038461538,0.923076923,0
494,1,0,0,0,1,0,0,0,0,0,0.609375,0.171875,0.21875,0,0,0.88,0,0.12,0,1,0.038461538,0,0.057692308,0.903846154,0
495,1,0,0,0,1,0,0,0,0,0,0.6,0.169230769,0.230769231,0,0,0.88,0,0.12,0,1,0.038461538,0,0.038461538,0.923076923,0
496,1,0,0,0,1,0,0,0,0,0,0.6,0.169230769,0.230769231,0,0,0.88,0,0.12,0,1,0.038461538,0,0.038461538,0.923076923,0
497,1,0,0,0,1,0,0,0,0,0,0.6,0.169230769,0.230769231,0,0,0.88,0,0.12,0,1,0.038461538,0,0.038461538,0.923076923,0
498,1,0,0,0,1,0,0,0,0,0,0.6,0.169230769,0.230769231,0,0,0.88,0,0.12,0,1,0.038461538,0,0.038461538,0.923076923,0
499,1,0,0,0,0,0,0,0,0,0,0.764705882,0.215686275,0,0.019607843,0.230769231,0.676923077,0,0.092307692,0,1,0,0,0,0.943396226,0.056603774
500,1,0,0,0,1,0,0,0,0,0,0.6,0.169230769,0.230769231,0,0,0.88,0,0.12,0,1,0.038461538,0,0.038461538,0.923076923,0
501,1,0,0,0,1,0,0,0,0,0,0.609375,0.171875,0.21875,0,0,0.88,0,0.12,0,1,0.038461538,0,0.057692308,0.903846154,0
502,1,0,0,0,1,0,0,0,0,0,0.609375,0.171875,0.21875,0,0,0.88,0,0.12,0,1,0.038461538,0,0.057692308,0.903846154,0
503,1,0,0,0,1,0,0,0,0,0,0.609375,0.171875,0.21875,0,0,0.88,0,0.12,0,1,0.038461538,0,0.057692308,0.903846154,0
504,1,0,0,0,1,0,0,0,0,0,0.609375,0.171875,0.21875,0,0,0.88,0,0.12,0,1,0.038461538,0,0.057692308,0.903846154,0
505,1,0,0,0,0,0,0,0,0,0,0.78,0.22,0,0,0.230769231,0.676923077,0,0.092307692,0,1,0.018518519,0,0,0.925925926,0.055555556
506,1,0,0,0,0,0,0,0,0,0,0.78,0.22,0,0,0.230769231,0.676923077,0,0.092307692,0,1,0.018518519,0,0,0.925925926,0.055555556
507,1,0,0,0,1,0,0,0,0,0,0.78,0.22,0,0,0.230769231,0.676923077,0,0.092307692,0,1,0,0.018867925,0,0.924528302,0.056603774
508,1,0,0,0,0,0,0,0,0,0,0.78,0.22,0,0,0.230769231,0.676923077,0,0.092307692,0,1,0.018518519,0,0,0.925925926,0.055555556
509,1,0,0,0,0,0,0,0,0,0,0.78,0.22,0,0,0.230769231,0.676923077,0,0.092307692,0,1,0.018518519,0,0,0.925925926,0.055555556
510,1,0,0,0,0,0,0,0,0,0,0.764705882,0.215686275,0,0.019607843,0.230769231,0.676923077,0,0.092307692,0,1,0,0,0,0.943396226,0.056603774
511,1,0,0,0,0,0,0,0,0,0,0.764705882,0.215686275,0,0.019607843,0.230769231,0.676923077,0,0.092307692,0,1,0,0,0,0.943396226,0.056603774
512,1,0,0,0,1,0,0,0,0,0,0.6,0.169230769,0.230769231,0,0,0.88,0,0.12,0,1,0.038461538,0,0.038461538,0.923076923,0
513,1,0,0,0,1,0,0,0,0,0,0.6,0.169230769,0.230769231,0,0,0.88,0,0.12,0,1,0.038461538,0,0.038461538,0.923076923,0
514,1,0,0,0,0,0,0,0,0,0,0.764705882,0.215686275,0,0.019607843,0.230769231,0.676923077,0,0.092307692,0,1,0,0,0,0.943396226,0.056603774
515,1,0,0,0,1,0,0,0,0,0,0.6,0.169230769,0.230769231,0,0,0.88,0,0.12,0,1,0.038461538,0,0.038461538,0.923076923,0
516,1,0,0,0,1,0,0,0,0,0,0.6,0.169230769,0.230769231,0,0,0.88,0,0.12,0,1,0.038461538,0,0.038461538,0.923076923,0
517,1,0,0,0,1,0,0,0,0,0,0.6,0.169230769,0.230769231,0,0,0.88,0,0.12,0,1,0.038461538,0,0.038461538,0.923076923,0
518,1,0,0,0,1,0,0,0,0,0,0.6,0.169230769,0.230769231,0,0,0.88,0,0.12,0,1,0.038461538,0,0.038461538,0.923076923,0
519,1,0,0,0,1,0,0,0,0,0,0.6,0.169230769,0.230769231,0,0,0.88,0,0.12,0,1,0.038461538,0,0.038461538,0.923076923,0
520,1,0,0,0,1,0,0,0,0,0,0.609375,0.171875,0.21875,0,0,0.88,0,0.12,0,1,0.038461538,0,0.057692308,0.903846154,0
521,1,0,0,0,0,0,0,0,0,0,0.764705882,0.215686275,0,0.019607843,0.230769231,0.676923077,0,0.092307692,0,1,0,0,0,0.943396226,0.056603774
522,1,0,0,0,0,0,0,0,0,0,0.764705882,0.215686275,0,0.019607843,0.230769231,0.676923077,0,0.092307692,0,1,0,0,0,0.943396226,0.056603774
523,1,0,0,0,1,0,0,0,0,0,0.78,0.22,0,0,0.230769231,0.676923077,0,0.092307692,0,1,0,0.018867925,0,0.924528302,0.056603774
524,1,0,0,0,0,0,0,0,0,0,0.78,0.22,0,0,0.230769231,0.676923077,0,0.092307692,0,1,0.018518519,0,0,0.925925926,0.055555556
525,1,0,0,0,0,0,0,0,0,0,0.78,0.22,0,0,0.230769231,0.676923077,0,0.092307692,0,1,0.018518519,0,0,0.925925926,0.055555556
526,1,0,0,0,0,0,0,0,0,0,0.78,0.22,0,0,0.230769231,0.676923077,0,0.092307692,0,1,0.018518519,0,0,0.925925926,0.055555556
527,1,0,0,0,0,0,0,0,0,0,0.764705882,0.215686275,0,0.019607843,0.230769231,0.676923077,0,0.092307692,0,1,0,0,0,0.943396226,0.056603774
528,1,0,0,0,1,0,0,0,0,0,0.78,0.22,0,0,0.230769231,0.676923077,0,0.092307692,0,1,0,0.018867925,0,0.924528302,0.056603774
529,1,0,0,0,0,0,0,0,0,0,0.764705882,0.215686275,0,0.019607843,0.230769231,0.676923077,0,0.092307692,0,1,0,0,0,0.943396226,0.056603774
530,1,0,0,0,0,0,0,0,0,0,0.78,0.22,0,0,0.230769231,0.676923077,0,0.092307692,0,1,0.018518519,0,0,0.925925926,0.055555556
531,1,0,0,0,0,0,0,0,0,0,0.78,0.22,0,0,0.230769231,0.676923077,0,0.092307692,0,1,0.018518519,0,0,0.925925926,0.055555556
532,1,0,0,0,0,0,0,0,0,0,0.78,0.22,0,0,0.230769231,0.676923077,0,0.092307692,0,1,0.018518519,0,0,0.925925926,0.055555556
533,1,0,0,0,0,0,0,0,0,0,0.78,0.22,0,0,0.230769231,0.676923077,0,0.092307692,0,1,0.018518519,0,0,0.925925926,0.055555556
534,1,0,0,0,0,0,0,0,0,0,0.78,0.22,0,0,0.230769231,0.676923077,0,0.092307692,0,1,0.018518519,0,0,0.925925926,0.055555556
535,1,0,0,0,0,0,0,0,0,0,0.78,0.22,0,0,0.230769231,0.676923077,0,0.092307692,0,1,0.018518519,0,0,0.925925926,0.055555556
536,1,0,0,0,0,0,0,0,0,0,0.764705882,0.215686275,0,0.019607843,0.230769231,0.676923077,0,0.092307692,0,1,0,0,0,0.943396226,0.056603774
537,1,0,0,0,1,0,0,0,0,0,0.78,0.22,0,0,0.230769231,0.676923077,0,0.092307692,0,1,0,0.018867925,0,0.924528302,0.056603774
538,1,0,0,0,1,0,0,0,0,0,0.78,0.22,0,0,0.230769231,0.676923077,0,0.092307692,0,1,0,0.018867925,0,0.924528302,0.056603774
539,1,0,0,0,0,0,0,0,0,0,0.764705882,0.215686275,0,0.019607843,0.230769231,0.676923077,0,0.092307692,0,1,0,0,0,0.943396226,0.056603774
540,1,0,0,0,0,0,0,0,0,0,0.764705882,0.215686275,0,0.019607843,0.230769231,0.676923077,0,0.092307692,0,1,0,0,0,0.943396226,0.056603774
541,1,0,0,0,0,0,0,0,0,0,0.764705882,0.215686275,0,0.019607843,0.230769231,0.676923077,0,0.092307692,0,1,0,0,0,0.943396226,0.056603774
542,1,0,0,0,0,0,0,0,0,0,0.78,0.22,0,0,0.230769231,0.676923077,0,0.092307692,0,1,0.018518519,0,0,0.925925926,0.055555556
543,1,0,0,0,0,0,0,0,0,0,0.764705882,0.215686275,0,0.019607843,0.230769231,0.676923077,0,0.092307692,0,1,0,0,0,0.943396226,0.056603774
544,1,0,0,0,0,0,0,0,0,0,0.764705882,0.215686275,0,0.019607843,0.230769231,0.676923077,0,0.092307692,0,1,0,0,0,0.943396226,0.056603774
545,1,0,0,0,1,0,0,0,0,0,0.78,0.22,0,0,0.230769231,0.676923077,0,0.092307692,0,1,0,0.018867925,0,0.924528302,0.056603774
546,1,0,0,0,1,0,0,0,0,0,0.78,0.22,0,0,0.21875,0.6875,0,0.09375,0,1,0,0.037735849,0,0.905660377,0.056603774
547,1,0,0,0,1,0,0,0,0,0,0.6,0.169230769,0.230769231,0,0,0.88,0,0.12,0,1,0.038461538,0,0.038461538,0.923076923,0
548,1,0,0,0,0,0.629032258,0.177419355,0.177419355,0.016129032,0,0,0,0,0,0,0,0.038461538,0,0.961538462,1,0.090909091,0.8,0.109090909,0,0
549,1,0,0,0,1,0,0,0,0,0,0.6,0.169230769,0.230769231,0,0,0.88,0,0.12,0,1,0.038461538,0,0.038461538,0.923076923,0
550,1,0,0,0,1,0,0,0,0,0,0.6,0.169230769,0.230769231,0,0,0.88,0,0.12,0,1,0.038461538,0,0.038461538,0.923076923,0
551,1,0,0,0,1,0,0,0,0,0,0.6,0.169230769,0.230769231,0,0,0.88,0,0.12,0,1,0.038461538,0,0.038461538,0.923076923,0
552,1,0,0,0,0,0,0,0,0,0,0.764705882,0.215686275,0,0.019607843,0.230769231,0.676923077,0,0.092307692,0,1,0,0,0,0.943396226,0.056603774
553,1,0,0,0,0,0,0,0,0,0,0.78,0.22,0,0,0.230769231,0.676923077,0,0.092307692,0,1,0.018518519,0,0,0.925925926,0.055555556
554,1,0,0,0,0,0,0,0,0,0,0.764705882,0.215686275,0,0.019607843,0.230769231,0.676923077,0,0.092307692,0,1,0,0,0,0.943396226,0.056603774
555,1,0,0,0,0,0,0,0,0,0,0.764705882,0.215686275,0,0.019607843,0.230769231,0.676923077,0,0.092307692,0,1,0,0,0,0.943396226,0.056603774
556,1,0,0,0,0,0,0,0,0,0,0.764705882,0.215686275,0,0.019607843,0.230769231,0.676923077,0,0.092307692,0,1,0,0,0,0.943396226,0.056603774
557,1,0,0,0,1,0,0,0,0,0,0.6,0.169230769,0.230769231,0,0,0.88,0,0.12,0,1,0.038461538,0,0.038461538,0.923076923,0
558,1,0,0,0,1,0,0,0,0,0,0.6,0.169230769,0.230769231,0,0,0.88,0,0.12,0,1,0.038461538,0,0.038461538,0.923076923,0
559,1,0,0,0,1,0,0,0,0,0,0.6,0.169230769,0.230769231,0,0,0.88,0,0.12,0,1,0.038461538,0,0.038461538,0.923076923,0
560,1,0,0,0,0,0,0,0,0,0,0.764705882,0.215686275,0,0.019607843,0.230769231,0.676923077,0,0.092307692,0,1,0,0,0,0.943396226,0.056603774
561,1,0,0,0,0,0,0,0,0,0,0.78,0.22,0,0,0.230769231,0.676923077,0,0.092307692,0,1,0.018518519,0,0,0.925925926,0.055555556
562,1,0,0,0,0,0,0,0,0,0,0.764705882,0.215686275,0,0.019607843,0.230769231,0.676923077,0,0.092307692,0,1,0,0,0,0.943396226,0.056603774
563,1,0,0,0,0,0,0,0,0,0,0.764705882,0.215686275,0,0.019607843,0.230769231,0.676923077,0,0.092307692,0,1,0,0,0,0.943396226,0.056603774
564,1,0,0,0,0,0,0,0,0,0,0.764705882,0.215686275,0,0.019607843,0.230769231,0.676923077,0,0.092307692,0,1,0,0,0,0.943396226,0.056603774
565,1,0,0,0,0,0,0,0,0,0,0.764705882,0.215686275,0,0.019607843,0.230769231,0.676923077,0,0.092307692,0,1,0,0,0,0.943396226,0.056603774
566,1,0,0,0,0,0,0,0,0,0,0.764705882,0.215686275,0,0.019607843,0.230769231,0.676923077,0,0.092307692,0,1,0,0,0,0.943396226,0.056603774
567,1,0,0,0,1,0,0,0,0,0,0.6,0.169230769,0.230769231,0,0,0.88,0,0.12,0,1,0.038461538,0,0.038461538,0.923076923,0
568,1,0,0,0,1,0,0,0,0,0,0.6,0.169230769,0.230769231,0,0,0.88,0,0.12,0,1,0.038461538,0,0.038461538,0.923076923,0
569,1,0,0,0,1,0,0,0,0,0,0.6,0.169230769,0.230769231,0,0,0.88,0,0.12,0,1,0.038461538,0,0.038461538,0.923076923,0
570,1,0,0,0,1,0,0,0,0,0,0.6,0.169230769,0.230769231,0,0,0.88,0,0.12,0,1,0.038461538,0,0.038461538,0.923076923,0
571,1,0,0,0,0,0,0,0,0,0,0.78,0.22,0,0,0.230769231,0.676923077,0,0.092307692,0,1,0.018518519,0,0,0.925925926,0.055555556
572,1,0,0,0,0,0,0,0,0,0,0.78,0.22,0,0,0.230769231,0.676923077,0,0.092307692,0,1,0.018518519,0,0,0.925925926,0.055555556
573,1,0,0,0,0,0,0,0,0,0,0.78,0.22,0,0,0.230769231,0.676923077,0,0.092307692,0,1,0.018518519,0,0,0.925925926,0.055555556
574,1,0,0,0,0,0,0,0,0,0,0.764705882,0.215686275,0,0.019607843,0.230769231,0.676923077,0,0.092307692,0,1,0,0,0,0.943396226,0.056603774
575,1,0,0,0,0,0,0,0,0,0,0.764705882,0.215686275,0,0.019607843,0.230769231,0.676923077,0,0.092307692,0,1,0,0,0,0.943396226,0.056603774
576,1,0,0,0,1,0,0,0,0,0,0.78,0.22,0,0,0.230769231,0.676923077,0,0.092307692,0,1,0,0.018867925,0,0.924528302,0.056603774
577,1,0,0,0,0,0,0,0,0,0,0.78,0.22,0,0,0.230769231,0.676923077,0,0.092307692,0,1,0.018518519,0,0,0.925925926,0.055555556
578,1,0,0,0,0,0,0,0,0,0,0.764705882,0.215686275,0,0.019607843,0.230769231,0.676923077,0,0.092307692,0,1,0,0,0,0.943396226,0.056603774
579,1,0,0,0,1,0,0,0,0,0,0.6,0.169230769,0.230769231,0,0,0.88,0,0.12,0,1,0.038461538,0,0.038461538,0.923076923,0
580,1,0,0,0,1,0,0,0,0,0,0.6,0.169230769,0.230769231,0,0,0.88,0,0.12,0,1,0.038461538,0,0.038461538,0.923076923,0
581,1,0,0,0,0,0,0,0,0,0,0.78,0.22,0,0,0.230769231,0.676923077,0,0.092307692,0,1,0.018518519,0,0,0.925925926,0.055555556
582,1,0,0,0,0,0,0,0,0,0,0.764705882,0.215686275,0,0.019607843,0.230769231,0.676923077,0,0.092307692,0,1,0,0,0,0.943396226,0.056603774
583,1,0,0,0,0,0,0,0,0,0,0.764705882,0.215686275,0,0.019607843,0.230769231,0.676923077,0,0.092307692,0,1,0,0,0,0.943396226,0.056603774
584,1,0,0,0,0,0,0,0,0,0,0.764705882,0.215686275,0,0.019607843,0.230769231,0.676923077,0,0.092307692,0,1,0,0,0,0.943396226,0.056603774
585,1,0,0,0,0,0,0,0,0,0,0.764705882,0.215686275,0,0.019607843,0.230769231,0.676923077,0,0.092307692,0,1,0,0,0,0.943396226,0.056603774
586,1,0,0,0,0,0,0,0,0,0,0.764705882,0.215686275,0,0.019607843,0.230769231,0.676923077,0,0.092307692,0,1,0,0,0,0.943396226,0.056603774
587,1,0,0,0,1,0,0,0,0,0,0.6,0.169230769,0.230769231,0,0,0.88,0,0.12,0,1,0.038461538,0,0.038461538,0.923076923,0
588,1,0,0,0,0,0.661016949,0.186440678,0.13559322,0.016949153,1,0,0,0,0,0,0.153846154,0.038461538,0,0.807692308,1,0,0.88,0.12,0,0
589,1,0,0,0,0,0.709090909,0.2,0.072727273,0.018181818,1,0,0,0,0,0,0.230769231,0.038461538,0,0.730769231,1,0,0.88,0.12,0,0
590,1,0,0,0,0,0,0,0,0,0,0.764705882,0.215686275,0,0.019607843,0.230769231,0.676923077,0,0.092307692,0,1,0,0,0,0.943396226,0.056603774
591,1,0,0,0,0,0,0,0,0,0,0.764705882,0.215686275,0,0.019607843,0.230769231,0.676923077,0,0.092307692,0,1,0,0,0,0.943396226,0.056603774
592,1,0,0,0,0,0,0,0,0,0,0.764705882,0.215686275,0,0.019607843,0.230769231,0.676923077,0,0.092307692,0,1,0,0,0,0.943396226,0.056603774
593,1,0,0,0,1,0,0,0,0,0,0.609375,0.171875,0.21875,0,0,0.88,0,0.12,0,1,0.038461538,0,0.057692308,0.903846154,0
594,1,0,0,0,1,0,0,0,0,0,0.6,0.169230769,0.230769231,0,0,0.88,0,0.12,0,1,0.038461538,0,0.038461538,0.923076923,0
595,1,0,0,0,1,0,0,0,0,0,0.6,0.169230769,0.230769231,0,0,0.88,0,0.12,0,1,0.038461538,0,0.038461538,0.923076923,0
596,1,0,0,0,1,0,0,0,0,0,0.609375,0.171875,0.21875,0,0,0.88,0,0.12,0,1,0.038461538,0,0.057692308,0.903846154,0
597,1,0,0,0,1,0,0,0,0,0,0.6,0.169230769,0.230769231,0,0,0.88,0,0.12,0,1,0.038461538,0,0.038461538,0.923076923,0
598,1,0,0,0,1,0,0,0,0,0,0.6,0.169230769,0.230769231,0,0,0.88,0,0.12,0,1,0.038461538,0,0.038461538,0.923076923,0
599,1,0,0,0,1,0,0,0,0,0,0.6,0.169230769,0.230769231,0,0,0.88,0,0.12,0,1,0.038461538,0,0.038461538,0.923076923,0
600,1,0,0,0,1,0,0,0,0,0,0.6,0.169230769,0.230769231,0,0,0.88,0,0.12,0,1,0.038461538,0,0.038461538,0.923076923,0
601,1,0,0,0,1,0,0,0,0,0,0.6,0.169230769,0.230769231,0,0,0.88,0,0.12,0,1,0.038461538,0,0.038461538,0.923076923,0
602,1,0,0,0,1,0,0,0,0,0,0.6,0.169230769,0.230769231,0,0,0.88,0,0.12,0,1,0.038461538,0,0.038461538,0.923076923,0
603,1,0,0,0,1,0,0,0,0,0,0.609375,0.171875,0.21875,0,0,0.88,0,0.12,0,1,0.038461538,0,0.057692308,0.903846154,0
604,1,0,0,0,1,0,0,0,0,0,0.6,0.169230769,0.230769231,0,0,0.88,0,0.12,0,1,0.038461538,0,0.038461538,0.923076923,0
605,1,0,0,0,1,0,0,0,0,0,0.6,0.169230769,0.230769231,0,0,0.88,0,0.12,0,1,0.038461538,0,0.038461538,0.923076923,0
606,1,0,0,0,1,0,0,0,0,0,0.6,0.169230769,0.230769231,0,0,0.88,0,0.12,0,1,0.038461538,0,0.038461538,0.923076923,0
607,1,0,0,0,1,0,0,0,0,0,0.6,0.169230769,0.230769231,0,0,0.88,0,0.12,0,1,0.038461538,0,0.038461538,0.923076923,0
608,1,0,0,0,1,0,0,0,0,0,0.6,0.169230769,0.230769231,0,0,0.88,0,0.12,0,1,0.038461538,0,0.038461538,0.923076923,0
609,1,0,0,0,0,0,0,0,0,0,0.764705882,0.215686275,0,0.019607843,0.230769231,0.676923077,0,0.092307692,0,1,0,0,0,0.943396226,0.056603774
610,1,0,0,0,1,0,0,0,0,0,0.78,0.22,0,0,0.230769231,0.676923077,0,0.092307692,0,1,0,0.018867925,0,0.924528302,0.056603774
611,1,0,0,0,0,0,0,0,0,0,0.78,0.22,0,0,0.230769231,0.676923077,0,0.092307692,0,1,0.018518519,0,0,0.925925926,0.055555556
612,1,0,0,0,0,0,0,0,0,0,0.764705882,0.215686275,0,0.019607843,0.230769231,0.676923077,0,0.092307692,0,1,0,0,0,0.943396226,0.056603774
613,1,0,0,0,0,0,0,0,0,0,0.764705882,0.215686275,0,0.019607843,0.230769231,0.676923077,0,0.092307692,0,1,0,0,0,0.943396226,0.056603774
614,1,0,0,0,0,0,0,0,0,0,0.764705882,0.215686275,0,0.019607843,0.230769231,0.676923077,0,0.092307692,0,1,0,0,0,0.943396226,0.056603774
615,1,0,0,0,0,0,0,0,0,0,0.764705882,0.215686275,0,0.019607843,0.230769231,0.676923077,0,0.092307692,0,1,0,0,0,0.943396226,0.056603774
616,1,0,0,0,1,0,0,0,0,0,0.6,0.169230769,0.230769231,0,0,0.88,0,0.12,0,1,0.038461538,0,0.038461538,0.923076923,0
617,1,0,0,0,1,0,0,0,0,0,0.6,0.169230769,0.230769231,0,0,0.88,0,0.12,0,1,0.038461538,0,0.038461538,0.923076923,0
618,1,0,0,0,1,0,0,0,0,0,0.6,0.169230769,0.230769231,0,0,0.88,0,0.12,0,1,0.038461538,0,0.038461538,0.923076923,0
619,1,0,0,0,1,0,0,0,0,0,0.6,0.169230769,0.230769231,0,0,0.88,0,0.12,0,1,0.038461538,0,0.038461538,0.923076923,0
620,1,0,0,0,1,0,0,0,0,0,0.6,0.169230769,0.230769231,0,0,0.88,0,0.12,0,1,0.038461538,0,0.038461538,0.923076923,0
621,1,0,0,0,1,0,0,0,0,0,0.609375,0.171875,0.21875,0,0,0.88,0,0.12,0,1,0.038461538,0,0.057692308,0.903846154,0
622,1,0,0,0,1,0,0,0,0,0,0.609375,0.171875,0.21875,0,0,0.88,0,0.12,0,1,0.038461538,0,0.057692308,0.903846154,0
623,1,0,0,0,1,0,0,0,0,0,0.6,0.169230769,0.230769231,0,0,0.88,0,0.12,0,1,0.038461538,0,0.038461538,0.923076923,0
624,1,0,0,0,1,0,0,0,0,0,0.78,0.22,0,0,0.230769231,0.676923077,0,0.092307692,0,1,0,0.018867925,0,0.924528302,0.056603774
625,1,0,0,0,0,0,0,0,0,0,0.78,0.22,0,0,0.230769231,0.676923077,0,0.092307692,0,1,0.018518519,0,0,0.925925926,0.055555556
626,1,0,0,0,0,0,0,0,0,0,0.764705882,0.215686275,0,0.019607843,0.230769231,0.676923077,0,0.092307692,0,1,0,0,0,0.943396226,0.056603774
627,1,0,0,0,0,0,0,0,0,0,0.78,0.22,0,0,0.230769231,0.676923077,0,0.092307692,0,1,0.018518519,0,0,0.925925926,0.055555556
628,1,0,0,0,0,0,0,0,0,0,0.78,0.22,0,0,0.21875,0.6875,0,0.09375,0,1,0.036363636,0,0,0.909090909,0.054545455
629,1,0,0,0,0,0,0,0,0,0,0.78,0.22,0,0,0.230769231,0.676923077,0,0.092307692,0,1,0.018518519,0,0,0.925925926,0.055555556
630,1,0,0,0,0,0,0,0,0,0,0.78,0.22,0,0,0.230769231,0.676923077,0,0.092307692,0,1,0.018518519,0,0,0.925925926,0.055555556
631,1,0,0,0,0,0,0,0,0,0,0.78,0.22,0,0,0.230769231,0.676923077,0,0.092307692,0,1,0.018518519,0,0,0.925925926,0.055555556
632,1,0,0,0,0,0,0,0,0,0,0.764705882,0.215686275,0,0.019607843,0.230769231,0.676923077,0,0.092307692,0,1,0,0,0,0.943396226,0.056603774
633,1,0,0,0,0,0,0,0,0,0,0.78,0.22,0,0,0.230769231,0.676923077,0,0.092307692,0,1,0.018518519,0,0,0.925925926,0.055555556
634,1,0,0,0,0,0,0,0,0,0,0.78,0.22,0,0,0.230769231,0.676923077,0,0.092307692,0,1,0.018518519,0,0,0.925925926,0.055555556
635,1,0,0,0,0,0,0,0,0,0,0.78,0.22,0,0,0.230769231,0.676923077,0,0.092307692,0,1,0.018518519,0,0,0.925925926,0.055555556
636,1,0,0,0,1,0,0,0,0,0,0.78,0.22,0,0,0.21875,0.6875,0,0.09375,0,1,0,0.037735849,0,0.905660377,0.056603774
637,1,0,0,0,1,0,0,0,0,0,0.6,0.169230769,0.230769231,0,0,0.88,0,0.12,0,1,0.038461538,0,0.038461538,0.923076923,0
638,1,0,0,0,1,0,0,0,0,0,0.609375,0.171875,0.21875,0,0,0.88,0,0.12,0,1,0.038461538,0,0.057692308,0.903846154,0
639,1,0,0,0,1,0,0,0,0,0,0.6,0.169230769,0.230769231,0,0,0.88,0,0.12,0,1,0.038461538,0,0.038461538,0.923076923,0
640,1,0,0,0,1,0,0,0,0,0,0.6,0.169230769,0.230769231,0,0,0.88,0,0.12,0,1,0.038461538,0,0.038461538,0.923076923,0
641,1,0,0,0,1,0,0,0,0,0,0.6,0.169230769,0.230769231,0,0,0.88,0,0.12,0,1,0.038461538,0,0.038461538,0.923076923,0
642,1,0,0,0,1,0,0,0,0,0,0.609375,0.171875,0.21875,0,0,0.88,0,0.12,0,1,0.038461538,0,0.057692308,0.903846154,0
643,1,0,0,0,1,0,0,0,0,0,0.6,0.169230769,0.230769231,0,0,0.88,0,0.12,0,1,0.038461538,0,0.038461538,0.923076923,0
644,1,0,0,0,0,0,0,0,0,0,0.764705882,0.215686275,0,0.019607843,0.230769231,0.676923077,0,0.092307692,0,1,0,0,0,0.943396226,0.056603774
645,1,0,0,0,0,0,0,0,0,0,0.764705882,0.215686275,0,0.019607843,0.230769231,0.676923077,0,0.092307692,0,1,0,0,0,0.943396226,0.056603774
646,1,0,0,0,0,0,0,0,0,0,0.78,0.22,0,0,0.230769231,0.676923077,0,0.092307692,0,1,0.018518519,0,0,0.925925926,0.055555556
647,1,0,0,0,0,0,0,0,0,0,0.764705882,0.215686275,0,0.019607843,0.230769231,0.676923077,0,0.092307692,0,1,0,0,0,0.943396226,0.056603774
648,1,0,0,0,0,0,0,0,0,0,0.78,0.22,0,0,0.230769231,0.676923077,0,0.092307692,0,1,0.018518519,0,0,0.925925926,0.055555556
649,1,0,0,0,1,0,0,0,0,0,0.78,0.22,0,0,0.230769231,0.676923077,0,0.092307692,0,1,0,0.018867925,0,0.924528302,0.056603774
650,1,0,0,0,0,0,0,0,0,0,0.764705882,0.215686275,0,0.019607843,0.230769231,0.676923077,0,0.092307692,0,1,0,0,0,0.943396226,0.056603774
651,1,0,0,0,0,0,0,0,0,0,0.764705882,0.215686275,0,0.019607843,0.230769231,0.676923077,0,0.092307692,0,1,0,0,0,0.943396226,0.056603774
652,1,0,0,0,0,0,0,0,0,0,0.764705882,0.215686275,0,0.019607843,0.230769231,0.676923077,0,0.092307692,0,1,0,0,0,0.943396226,0.056603774
653,1,0,0,0,1,0,0,0,0,0,0.6,0.169230769,0.230769231,0,0,0.88,0,0.12,0,1,0.038461538,0,0.038461538,0.923076923,0
654,1,0,0,0,1,0,0,0,0,0,0.6,0.169230769,0.230769231,0,0,0.88,0,0.12,0,1,0.038461538,0,0.038461538,0.923076923,0
655,1,0,0,0,1,0,0,0,0,0,0.6,0.169230769,0.230769231,0,0,0.88,0,0.12,0,1,0.038461538,0,0.038461538,0.923076923,0
656,1,0,0,0,1,0,0,0,0,0,0.609375,0.171875,0.21875,0,0,0.88,0,0.12,0,1,0.038461538,0,0.057692308,0.903846154,0
657,1,0,0,0,1,0,0,0,0,0,0.6,0.169230769,0.230769231,0,0,0.88,0,0.12,0,1,0.038461538,0,0.038461538,0.923076923,0
658,1,0,0,0,1,0,0,0,0,0,0.609375,0.171875,0.21875,0,0,0.88,0,0.12,0,1,0.038461538,0,0.057692308,0.903846154,0
659,1,0,0,0,0,0,0,0,0,0,0.6,0.169230769,0.230769231,0,0,0.88,0,0.12,0,1,0.037037037,0,0,0.925925926,0.037037037
660,1,0,0,0,1,0,0,0,0,0,0.6,0.169230769,0.230769231,0,0,0.88,0,0.12,0,1,0.038461538,0,0.038461538,0.923076923,0
661,1,0,0,0,1,0,0,0,0,0,0.6,0.169230769,0.230769231,0,0,0.88,0,0.12,0,1,0.038461538,0,0.038461538,0.923076923,0
662,1,0,0,0,0,0,0,0,0,0,0.78,0.22,0,0,0.21875,0.6875,0,0.09375,0,1,0.036363636,0,0,0.909090909,0.054545455
663,1,0,0,0,0,0,0,0,0,0,0.78,0.22,0,0,0.230769231,0.676923077,0,0.092307692,0,1,0.018518519,0,0,0.925925926,0.055555556
664,1,0,0,0,0,0,0,0,0,0,0.78,0.22,0,0,0.230769231,0.676923077,0,0.092307692,0,1,0.018518519,0,0,0.925925926,0.055555556
665,1,0,0,0,0,0,0,0,0,0,0.764705882,0.215686275,0,0.019607843,0.230769231,0.676923077,0,0.092307692,0,1,0,0,0,0.943396226,0.056603774
666,1,0,0,0,0,0,0,0,0,0,0.6,0.169230769,0.230769231,0,0,0.88,0,0.12,0,1,0.037037037,0,0,0.925925926,0.037037037
667,1,0,0,0,0,0,0,0,0,0,0.6,0.169230769,0.230769231,0,0,0.88,0,0.12,0,1,0.037037037,0,0,0.925925926,0.037037037
668,1,0,0,0,0,0,0,0,0,0,0.764705882,0.215686275,0,0.019607843,0.230769231,0.676923077,0,0.092307692,0,1,0,0,0,0.943396226,0.056603774
669,1,0,0,0,0,0,0,0,0,0,0.78,0.22,0,0,0.230769231,0.676923077,0,0.092307692,0,1,0.018518519,0,0,0.925925926,0.055555556
670,1,0,0,0,0,0,0,0,0,0,0.78,0.22,0,0,0.230769231,0.676923077,0,0.092307692,0,1,0.018518519,0,0,0.925925926,0.055555556
671,1,0,0,0,0,0,0,0,0,0,0.6,0.169230769,0.230769231,0,0,0.88,0,0.12,0,1,0.037037037,0,0,0.925925926,0.037037037
672,1,0,0,0,0,0,0,0,0,0,0.764705882,0.215686275,0,0.019607843,0.230769231,0.676923077,0,0.092307692,0,1,0,0,0,0.943396226,0.056603774
673,1,0,0,0,0,0,0,0,0,0,0.764705882,0.215686275,0,0.019607843,0.230769231,0.676923077,0,0.092307692,0,1,0,0,0,0.943396226,0.056603774
674,1,0,0,0,0,0,0,0,0,0,0.764705882,0.215686275,0,0.019607843,0.230769231,0.676923077,0,0.092307692,0,1,0,0,0,0.943396226,0.056603774
675,1,0,0,0,0,0,0,0,0,0,0.764705882,0.215686275,0,0.019607843,0.230769231,0.676923077,0,0.092307692,0,1,0,0,0,0.943396226,0.056603774
676,1,0,0,0,0,0,0,0,0,0,0.764705882,0.215686275,0,0.019607843,0.230769231,0.676923077,0,0.092307692,0,1,0,0,0,0.943396226,0.056603774
677,1,0,0,0,1,0,0,0,0,0,0.609375,0.171875,0.21875,0,0,0.88,0,0.12,0,1,0.038461538,0,0.057692308,0.903846154,0
678,1,0,0,0,1,0,0,0,0,0,0.6,0.169230769,0.230769231,0,0,0.88,0,0.12,0,1,0.038461538,0,0.038461538,0.923076923,0
679,1,0,0,0,0,0.722222222,0.203703704,0.055555556,0.018518519,0,0,0,0,0,0,0,0.038461538,0,0.961538462,1,0.206349206,0.698412698,0.095238095,0,0
680,1,0,0,0,0,0,0,0,0,0,0.6,0.169230769,0.230769231,0,0,0.88,0,0.12,0,1,0.037037037,0,0,0.925925926,0.037037037
681,1,0,0,0,0,0,0,0,0,0,0.764705882,0.215686275,0,0.019607843,0.230769231,0.676923077,0,0.092307692,0,1,0,0,0,0.943396226,0.056603774
682,1,0,0,0,0,0,0,0,0,0,0.78,0.22,0,0,0.230769231,0.676923077,0,0.092307692,0,1,0.018518519,0,0,0.925925926,0.055555556
683,1,0,0,0,0,0.696428571,0.196428571,0.089285714,0.017857143,0,0,0,0,0,0,0,0.038461538,0,0.961538462,1,0.180327869,0.721311475,0.098360656,0,0
684,1,0,0,0,1,0,0,0,0,0,0.6,0.169230769,0.230769231,0,0,0.88,0,0.12,0,1,0.038461538,0,0.038461538,0.923076923,0
685,1,0,0,0,1,0,0,0,0,0,0.6,0.169230769,0.230769231,0,0,0.88,0,0.12,0,1,0.038461538,0,0.038461538,0.923076923,0
686,1,0,0,0,1,0,0,0,0,0,0.6,0.169230769,0.230769231,0,0,0.88,0,0.12,0,1,0.038461538,0,0.038461538,0.923076923,0
687,1,0,0,0,0,0,0,0,0,0,0.78,0.22,0,0,0.230769231,0.676923077,0,0.092307692,0,1,0.018518519,0,0,0.925925926,0.055555556
688,1,0,0,0,1,0,0,0,0,0,0.78,0.22,0,0,0.230769231,0.676923077,0,0.092307692,0,1,0,0.018867925,0,0.924528302,0.056603774
689,1,0,0,0,0,0,0,0,0,0,0.764705882,0.215686275,0,0.019607843,0.230769231,0.676923077,0,0.092307692,0,1,0,0,0,0.943396226,0.056603774
690,1,0,0,0,1,0,0,0,0,0,0.6,0.169230769,0.230769231,0,0,0.88,0,0.12,0,1,0.038461538,0,0.038461538,0.923076923,0
691,1,0,0,0,1,0,0,0,0,0,0.6,0.169230769,0.230769231,0,0,0.88,0,0.12,0,1,0.038461538,0,0.038461538,0.923076923,0
692,1,0,0,0,0,0,0,0,0,0,0.6,0.169230769,0.230769231,0,0,0.88,0,0.12,0,1,0.037037037,0,0,0.925925926,0.037037037
693,1,0,0,0,0,0,0,0,0,0,0.6,0.169230769,0.230769231,0,0,0.88,0,0.12,0,1,0.037037037,0,0,0.925925926,0.037037037
694,1,0,0,0,0,0,0,0,0,0,0.609375,0.171875,0.21875,0,0,0.88,0,0.12,0,1,0.036363636,0,0,0.909090909,0.054545455
695,1,0,0,0,0,0,0,0,0,0,0.609375,0.171875,0.21875,0,0,0.88,0,0.12,0,1,0.036363636,0,0,0.909090909,0.054545455
696,1,0,0,0,0,0,0,0,0,0,0.764705882,0.215686275,0,0.019607843,0.230769231,0.676923077,0,0.092307692,0,1,0,0,0,0.943396226,0.056603774
697,1,0,0,0,0,0,0,0,0,0,0.6,0.169230769,0.230769231,0,0,0.88,0,0.12,0,1,0.037037037,0,0,0.925925926,0.037037037
698,1,0,0,0,1,0,0,0,0,0,0.6,0.169230769,0.230769231,0,0,0.88,0,0.12,0,1,0.038461538,0,0.038461538,0.923076923,0
699,1,0,0,0,0,0,0,0,0,0,0.6,0.169230769,0.230769231,0,0,0.88,0,0.12,0,1,0.037037037,0,0,0.925925926,0.037037037
700,1,0,0,0,0,0,0,0,0,0,0.6,0.169230769,0.230769231,0,0,0.88,0,0.12,0,1,0.037037037,0,0,0.925925926,0.037037037
701,1,0,0,0,0,0,0,0,0,0,0.6,0.169230769,0.230769231,0,0,0.88,0,0.12,0,1,0.037037037,0,0,0.925925926,0.037037037
702,1,0,0,0,0,0,0,0,0,0,0.6,0.169230769,0.230769231,0,0,0.88,0,0.12,0,1,0.037037037,0,0,0.925925926,0.037037037
703,1,0,0,0,0,0,0,0,0,0,0.6,0.169230769,0.230769231,0,0,0.88,0,0.12,0,1,0.037037037,0,0,0.925925926,0.037037037
704,1,0,0,0,0,0,0,0,0,0,0.609375,0.171875,0.21875,0,0,0.88,0,0.12,0,1,0.036363636,0,0,0.909090909,0.054545455
705,1,0,0,0,0,0,0,0,0,0,0.6,0.169230769,0.230769231,0,0,0.88,0,0.12,0,1,0.037037037,0,0,0.925925926,0.037037037
706,1,0,0,0,0,0,0,0,0,0,0.609375,0.171875,0.21875,0,0,0.88,0,0.12,0,1,0.036363636,0,0,0.909090909,0.054545455
707,1,0,0,0,0,0,0,0,0,0,0.6,0.169230769,0.230769231,0,0,0.88,0,0.12,0,1,0.037037037,0,0,0.925925926,0.037037037
708,1,0,0,0,0,0,0,0,0,0,0.6,0.169230769,0.230769231,0,0,0.88,0,0.12,0,1,0.037037037,0,0,0.925925926,0.037037037
709,1,0,0,0,0,0,0,0,0,0,0.6,0.169230769,0.230769231,0,0,0.88,0,0.12,0,1,0.037037037,0,0,0.925925926,0.037037037
710,1,0,0,0,0,0,0,0,0,0,0.6,0.169230769,0.230769231,0,0,0.88,0,0.12,0,1,0.037037037,0,0,0.925925926,0.037037037
711,1,0,0,0,1,0,0,0,0,0,0.6,0.169230769,0.230769231,0,0,0.88,0,0.12,0,1,0.038461538,0,0.038461538,0.923076923,0
712,1,0,0,0,1,0,0,0,0,0,0.6,0.169230769,0.230769231,0,0,0.88,0,0.12,0,1,0.038461538,0,0.038461538,0.923076923,0
713,1,0,0,0,0,0,0,0,0,0,0.6,0.169230769,0.230769231,0,0,0.88,0,0.12,0,1,0.037037037,0,0,0.925925926,0.037037037
714,1,0,0,0,0,0,0,0,0,0,0.609375,0.171875,0.21875,0,0,0.88,0,0.12,0,1,0.036363636,0,0,0.909090909,0.054545455
715,1,0,0,0,0,0,0,0,0,0,0.6,0.169230769,0.230769231,0,0,0.88,0,0.12,0,1,0.037037037,0,0,0.925925926,0.037037037
716,1,0,0,0,0,0,0,0,0,0,0.6,0.169230769,0.230769231,0,0,0.88,0,0.12,0,1,0.037037037,0,0,0.925925926,0.037037037
717,1,0,0,0,0,0,0,0,0,0,0.78,0.22,0,0,0.230769231,0.676923077,0,0.092307692,0,1,0.018518519,0,0,0.925925926,0.055555556
718,1,0,0,0,0,0,0,0,0,0,0.78,0.22,0,0,0.21875,0.6875,0,0.09375,0,1,0.036363636,0,0,0.909090909,0.054545455
719,1,0,0,0,0,0,0,0,0,0,0.6,0.169230769,0.230769231,0,0,0.88,0,0.12,0,1,0.037037037,0,0,0.925925926,0.037037037
720,1,0,0,0,0,0,0,0,0,0,0.6,0.169230769,0.230769231,0,0,0.88,0,0.12,0,1,0.037037037,0,0,0.925925926,0.037037037
721,1,0,0,0,0,0,0,0,0,0,0.78,0.22,0,0,0.230769231,0.676923077,0,0.092307692,0,1,0.018518519,0,0,0.925925926,0.055555556
722,1,0,0,0,0,0,0,0,0,0,0.78,0.22,0,0,0.230769231,0.676923077,0,0.092307692,0,1,0.018518519,0,0,0.925925926,0.055555556
723,1,0,0,0,0,0,0,0,0,0,0.78,0.22,0,0,0.21875,0.6875,0,0.09375,0,1,0.036363636,0,0,0.909090909,0.054545455
724,1,0,0,0,0,0,0,0,0,0,0.78,0.22,0,0,0.230769231,0.676923077,0,0.092307692,0,1,0.018518519,0,0,0.925925926,0.055555556
725,1,0,0,0,0,0,0,0,0,0,0.764705882,0.215686275,0,0.019607843,0.230769231,0.676923077,0,0.092307692,0,1,0,0,0,0.943396226,0.056603774
726,1,0,0,0,0,0,0,0,0,0,0.78,0.22,0,0,0.230769231,0.676923077,0,0.092307692,0,1,0.018518519,0,0,0.925925926,0.055555556
727,1,0,0,0,0,0,0,0,0,0,0.764705882,0.215686275,0,0.019607843,0.230769231,0.676923077,0,0.092307692,0,1,0,0,0,0.943396226,0.056603774
728,1,0,0,0,0,0,0,0,0,0,0.6,0.169230769,0.230769231,0,0,0.88,0,0.12,0,1,0.037037037,0,0,0.925925926,0.037037037
729,1,0,0,0,0,0,0,0,0,0,0.6,0.169230769,0.230769231,0,0,0.88,0,0.12,0,1,0.037037037,0,0,0.925925926,0.037037037
730,1,0,0,0,1,0,0,0,0,0,0.6,0.169230769,0.230769231,0,0,0.88,0,0.12,0,1,0.038461538,0,0.038461538,0.923076923,0
731,1,0,0,0,1,0,0,0,0,0,0.6,0.169230769,0.230769231,0,0,0.88,0,0.12,0,1,0.038461538,0,0.038461538,0.923076923,0
732,1,0,0,0,1,0,0,0,0,0,0.6,0.169230769,0.230769231,0,0,0.88,0,0.12,0,1,0.038461538,0,0.038461538,0.923076923,0
733,1,0,0,0,1,0,0,0,0,0,0.6,0.169230769,0.230769231,0,0,0.88,0,0.12,0,1,0.038461538,0,0.038461538,0.923076923,0
734,1,0,0,0,1,0,0,0,0,0,0.6,0.169230769,0.230769231,0,0,0.88,0,0.12,0,1,0.038461538,0,0.038461538,0.923076923,0
735,1,0,0,0,1,0,0,0,0,0,0.6,0.169230769,0.230769231,0,0,0.88,0,0.12,0,1,0.038461538,0,0.038461538,0.923076923,0
736,1,0,0,0,1,0,0,0,0,0,0.6,0.169230769,0.230769231,0,0,0.88,0,0.12,0,1,0.038461538,0,0.038461538,0.923076923,0
737,1,0,0,0,1,0,0,0,0,0,0.6,0.169230769,0.230769231,0,0,0.88,0,0.12,0,1,0.038461538,0,0.038461538,0.923076923,0
738,1,0,0,0,0,0,0,0,0,0,0.78,0.22,0,0,0.230769231,0.676923077,0,0.092307692,0,1,0.018518519,0,0,0.925925926,0.055555556
739,1,0,0,0,0,0,0,0,0,0,0.78,0.22,0,0,0.21875,0.6875,0,0.09375,0,1,0.036363636,0,0,0.909090909,0.054545455
740,1,0,0,0,0,0,0,0,0,0,0.6,0.169230769,0.230769231,0,0,0.88,0,0.12,0,1,0.037037037,0,0,0.925925926,0.037037037
741,1,0,0,0,0,0,0,0,0,0,0.78,0.22,0,0,0.230769231,0.676923077,0,0.092307692,0,1,0.018518519,0,0,0.925925926,0.055555556
742,1,0,0,0,0,0,0,0,0,0,0.6,0.169230769,0.230769231,0,0,0.88,0,0.12,0,1,0.037037037,0,0,0.925925926,0.037037037
743,1,0,0,0,0,0,0,0,0,0,0.6,0.169230769,0.230769231,0,0,0.88,0,0.12,0,1,0.037037037,0,0,0.925925926,0.037037037
744,1,0,0,0,0,0,0,0,0,0,0.764705882,0.215686275,0,0.019607843,0.230769231,0.676923077,0,0.092307692,0,1,0,0,0,0.943396226,0.056603774
745,1,0,0,0,1,0,0,0,0,0,0.78,0.22,0,0,0.230769231,0.676923077,0,0.092307692,0,1,0,0.018867925,0,0.924528302,0.056603774
746,1,0,0,0,0,0,0,0,0,0,0.764705882,0.215686275,0,0.019607843,0.230769231,0.676923077,0,0.092307692,0,1,0,0,0,0.943396226,0.056603774
747,1,0,0,0,0,0,0,0,0,0,0.764705882,0.215686275,0,0.019607843,0.230769231,0.676923077,0,0.092307692,0,1,0,0,0,0.943396226,0.056603774
748,1,0,0,0,0,0,0,0,0,0,0.764705882,0.215686275,0,0.019607843,0.230769231,0.676923077,0,0.092307692,0,1,0,0,0,0.943396226,0.056603774
749,1,0,0,0,0,0,0,0,0,0,0.78,0.22,0,0,0.230769231,0.676923077,0,0.092307692,0,1,0.018518519,0,0,0.925925926,0.055555556
750,1,0,0,0,1,0,0,0,0,0,0.6,0.169230769,0.230769231,0,0,0.88,0,0.12,0,1,0.038461538,0,0.038461538,0.923076923,0
751,1,0,0,0,1,0,0,0,0,0,0.6,0.169230769,0.230769231,0,0,0.88,0,0.12,0,1,0.038461538,0,0.038461538,0.923076923,0
752,1,0,0,0,1,0,0,0,0,0,0.78,0.22,0,0,0.230769231,0.676923077,0,0.092307692,0,1,0,0.018867925,0,0.924528302,0.056603774
753,1,0,0,0,0,0,0,0,0,0,0.78,0.22,0,0,0.230769231,0.676923077,0,0.092307692,0,1,0.018518519,0,0,0.925925926,0.055555556
754,1,0,0,0,1,0,0,0,0,0,0.6,0.169230769,0.230769231,0,0,0.88,0,0.12,0,1,0.038461538,0,0.038461538,0.923076923,0
755,1,0,0,0,1,0,0,0,0,0,0.609375,0.171875,0.21875,0,0,0.88,0,0.12,0,1,0.038461538,0,0.057692308,0.903846154,0
756,1,0,0,0,0,0,0,0,0,0,0.6,0.169230769,0.230769231,0,0,0.88,0,0.12,0,1,0.037037037,0,0,0.925925926,0.037037037
757,1,0,0,0,1,0,0,0,0,0,0.6,0.169230769,0.230769231,0,0,0.88,0,0.12,0,1,0.038461538,0,0.038461538,0.923076923,0
758,1,0,0,0,1,0,0,0,0,0,0.78,0.22,0,0,0.230769231,0.676923077,0,0.092307692,0,1,0,0.018867925,0,0.924528302,0.056603774
759,1,0,0,0,1,0,0,0,0,0,0.6,0.169230769,0.230769231,0,0,0.88,0,0.12,0,1,0.038461538,0,0.038461538,0.923076923,0
760,1,0,0,0,0,0,0,0,0,0,0.78,0.22,0,0,0.230769231,0.676923077,0,0.092307692,0,1,0.018518519,0,0,0.925925926,0.055555556
761,1,0,0,0,0,0,0,0,0,0,0.764705882,0.215686275,0,0.019607843,0.230769231,0.676923077,0,0.092307692,0,1,0,0,0,0.943396226,0.056603774
762,1,0,0,0,0,0,0,0,0,0,0.764705882,0.215686275,0,0.019607843,0.230769231,0.676923077,0,0.092307692,0,1,0,0,0,0.943396226,0.056603774
763,1,0,0,0,0,0,0,0,0,0,0.764705882,0.215686275,0,0.019607843,0.230769231,0.676923077,0,0.092307692,0,1,0,0,0,0.943396226,0.056603774
764,1,0,0,0,0,0,0,0,0,0,0.609375,0.171875,0.21875,0,0,0.88,0,0.12,0,1,0.036363636,0,0,0.909090909,0.054545455
765,1,0,0,0,0,0,0,0,0,0,0.6,0.169230769,0.230769231,0,0,0.88,0,0.12,0,1,0.037037037,0,0,0.925925926,0.037037037
766,1,0,0,0,0,0,0,0,0,0,0.609375,0.171875,0.21875,0,0,0.88,0,0.12,0,1,0.036363636,0,0,0.909090909,0.054545455
767,1,0,0,0,0,0,0,0,0,0,0.609375,0.171875,0.21875,0,0,0.88,0,0.12,0,1,0.036363636,0,0,0.909090909,0.054545455
768,1,0,0,0,0,0,0,0,0,0,0.609375,0.171875,0.21875,0,0,0.88,0,0.12,0,1,0.036363636,0,0,0.909090909,0.054545455
769,1,0,0,0,0,0,0,0,0,0,0.78,0.22,0,0,0.230769231,0.676923077,0,0.092307692,0,1,0.018518519,0,0,0.925925926,0.055555556
770,1,0,0,0,0,0,0,0,0,0,0.764705882,0.215686275,0,0.019607843,0.230769231,0.676923077,0,0.092307692,0,1,0,0,0,0.943396226,0.056603774
771,1,0,0,0,1,0,0,0,0,0,0.78,0.22,0,0,0.230769231,0.676923077,0,0.092307692,0,1,0,0.018867925,0,0.924528302,0.056603774
772,1,0,0,0,1,0,0,0,0,0,0.6,0.169230769,0.230769231,0,0,0.88,0,0.12,0,1,0.038461538,0,0.038461538,0.923076923,0
773,1,0,0,0,0,0,0,0,0,0,0.78,0.22,0,0,0.230769231,0.676923077,0,0.092307692,0,1,0.018518519,0,0,0.925925926,0.055555556
774,1,0,0,0,0,0,0,0,0,0,0.6,0.169230769,0.230769231,0,0,0.88,0,0.12,0,1,0.037037037,0,0,0.925925926,0.037037037
775,1,0,0,0,0,0,0,0,0,0,0.6,0.169230769,0.230769231,0,0,0.88,0,0.12,0,1,0.037037037,0,0,0.925925926,0.037037037
776,1,0,0,0,1,0,0,0,0,0,0.6,0.169230769,0.230769231,0,0,0.88,0,0.12,0,1,0.038461538,0,0.038461538,0.923076923,0
777,1,0,0,0,0,0,0,0,0,0,0.6,0.169230769,0.230769231,0,0,0.88,0,0.12,0,1,0.037037037,0,0,0.925925926,0.037037037
778,1,0,0,0,0,0,0,0,0,0,0.6,0.169230769,0.230769231,0,0,0.88,0,0.12,0,1,0.037037037,0,0,0.925925926,0.037037037
779,1,0,0,0,0,0,0,0,0,0,0.6,0.169230769,0.230769231,0,0,0.88,0,0.12,0,1,0.037037037,0,0,0.925925926,0.037037037
780,1,0,0,0,1,0,0,0,0,0,0.609375,0.171875,0.21875,0,0,0.88,0,0.12,0,1,0.038461538,0,0.057692308,0.903846154,0
781,1,0,0,0,0,0,0,0,0,0,0.609375,0.171875,0.21875,0,0,0.88,0,0.12,0,1,0.036363636,0,0,0.909090909,0.054545455
782,1,0,0,0,0,0,0,0,0,0,0.78,0.22,0,0,0.230769231,0.676923077,0,0.092307692,0,1,0.018518519,0,0,0.925925926,0.055555556
783,1,0,0,0,1,0,0,0,0,0,0.6,0.169230769,0.230769231,0,0,0.88,0,0.12,0,1,0.038461538,0,0.038461538,0.923076923,0
784,1,0,0,0,1,0,0,0,0,0,0.6,0.169230769,0.230769231,0,0,0.88,0,0.12,0,1,0.038461538,0,0.038461538,0.923076923,0
785,1,0,0,0,0,0.590909091,0.166666667,0.227272727,0.015151515,0,0,0,0,0,0,0,0.038461538,0,0.961538462,1,0.019607843,0.862745098,0.117647059,0,0
786,1,0,0,0,0,0.590909091,0.166666667,0.227272727,0.015151515,0,0,0,0,0,0,0,0.038461538,0,0.961538462,1,0.019607843,0.862745098,0.117647059,0,0
787,1,0,0,0,0,0.590909091,0.166666667,0.227272727,0.015151515,0,0,0,0,0,0.018867925,0,0.037735849,0,0.943396226,1,0,0.88,0.12,0,0
788,1,0,0,0,0,0,0,0,0,0,0.6,0.169230769,0.230769231,0,0,0.88,0,0.12,0,1,0.037037037,0,0,0.925925926,0.037037037
789,1,0,0,0,0,0,0,0,0,0,0.6,0.169230769,0.230769231,0,0,0.88,0,0.12,0,1,0.037037037,0,0,0.925925926,0.037037037
790,1,0,0,0,0,0,0,0,0,0,0.609375,0.171875,0.21875,0,0,0.88,0,0.12,0,1,0.036363636,0,0,0.909090909,0.054545455
791,1,0,0,0,0,0,0,0,0,0,0.6,0.169230769,0.230769231,0,0,0.88,0,0.12,0,1,0.037037037,0,0,0.925925926,0.037037037
792,1,0,0,0,0,0,0,0,0,0,0.6,0.169230769,0.230769231,0,0,0.88,0,0.12,0,1,0.037037037,0,0,0.925925926,0.037037037
793,1,0,0,0,0,0,0,0,0,0,0.6,0.169230769,0.230769231,0,0,0.88,0,0.12,0,1,0.037037037,0,0,0.925925926,0.037037037
794,1,0,0,0,0,0,0,0,0,0,0.6,0.169230769,0.230769231,0,0,0.88,0,0.12,0,1,0.037037037,0,0,0.925925926,0.037037037
795,1,0,0,0,0,0,0,0,0,0,0.764705882,0.215686275,0,0.019607843,0.230769231,0.676923077,0,0.092307692,0,1,0,0,0,0.943396226,0.056603774
796,1,0,0,0,0,0,0,0,0,0,0.78,0.22,0,0,0.230769231,0.676923077,0,0.092307692,0,1,0.018518519,0,0,0.925925926,0.055555556
797,1,0,0,0,1,0,0,0,0,0,0.609375,0.171875,0.21875,0,0,0.88,0,0.12,0,1,0.038461538,0,0.057692308,0.903846154,0
798,1,0,0,0,1,0,0,0,0,0,0.6,0.169230769,0.230769231,0,0,0.88,0,0.12,0,1,0.038461538,0,0.038461538,0.923076923,0
799,1,0,0,0,1,0,0,0,0,0,0.6,0.169230769,0.230769231,0,0,0.88,0,0.12,0,1,0.038461538,0,0.038461538,0.923076923,0
800,1,0,0,0,0,0,0,0,0,0,0.6,0.169230769,0.230769231,0,0,0.88,0,0.12,0,1,0.037037037,0,0,0.925925926,0.037037037
801,1,0,0,0,0,0,0,0,0,0,0.6,0.169230769,0.230769231,0,0,0.88,0,0.12,0,1,0.037037037,0,0,0.925925926,0.037037037
802,1,0,0,0,0,0,0,0,0,0,0.764705882,0.215686275,0,0.019607843,0.230769231,0.676923077,0,0.092307692,0,1,0,0,0,0.943396226,0.056603774
803,1,0,0,0,0,0,0,0,0,0,0.78,0.22,0,0,0.230769231,0.676923077,0,0.092307692,0,1,0.018518519,0,0,0.925925926,0.055555556
804,1,0,0,0,0,0,0,0,0,0,0.78,0.22,0,0,0.230769231,0.676923077,0,0.092307692,0,1,0.018518519,0,0,0.925925926,0.055555556
805,1,0,0,0,0,0,0,0,0,0,0.78,0.22,0,0,0.230769231,0.676923077,0,0.092307692,0,1,0.018518519,0,0,0.925925926,0.055555556
806,1,0,0,0,0,0,0,0,0,0,0.764705882,0.215686275,0,0.019607843,0.230769231,0.676923077,0,0.092307692,0,1,0,0,0,0.943396226,0.056603774
807,1,0,0,0,0,0,0,0,0,0,0.78,0.22,0,0,0.230769231,0.676923077,0,0.092307692,0,1,0.018518519,0,0,0.925925926,0.055555556
808,1,0,0,0,0,0.709090909,0.2,0.072727273,0.018181818,1,0,0,0,0,0,0.24,0,0.04,0.72,1,0,0.88,0.12,0,0
809,1,0,0,0,0,0,0,0,0,0,0.6,0.169230769,0.230769231,0,0,0.88,0,0.12,0,1,0.037037037,0,0,0.925925926,0.037037037
810,1,0,0,0,1,0,0,0,0,0,0.6,0.169230769,0.230769231,0,0,0.88,0,0.12,0,1,0.038461538,0,0.038461538,0.923076923,0
811,1,0,0,0,1,0,0,0,0,0,0.6,0.169230769,0.230769231,0,0,0.88,0,0.12,0,1,0.038461538,0,0.038461538,0.923076923,0
812,1,0,0,0,1,0,0,0,0,0,0.6,0.169230769,0.230769231,0,0,0.88,0,0.12,0,1,0.038461538,0,0.038461538,0.923076923,0
813,1,0,0,0,0,0,0,0,0,0,0.6,0.169230769,0.230769231,0,0,0.88,0,0.12,0,1,0.037037037,0,0,0.925925926,0.037037037
814,1,0,0,0,0,0,0,0,0,0,0.78,0.22,0,0,0.230769231,0.676923077,0,0.092307692,0,1,0.018518519,0,0,0.925925926,0.055555556
815,1,0,0,0,0,0,0,0,0,0,0.6,0.169230769,0.230769231,0,0,0.88,0,0.12,0,1,0.037037037,0,0,0.925925926,0.037037037
816,1,0,0,0,0,0,0,0,0,0,0.6,0.169230769,0.230769231,0,0,0.88,0,0.12,0,1,0.037037037,0,0,0.925925926,0.037037037
817,1,0,0,0,0,0,0,0,0,0,0.6,0.169230769,0.230769231,0,0,0.88,0,0.12,0,1,0.037037037,0,0,0.925925926,0.037037037
818,1,0,0,0,0,0,0,0,0,0,0.764705882,0.215686275,0,0.019607843,0.230769231,0.676923077,0,0.092307692,0,1,0,0,0,0.943396226,0.056603774
819,1,0,0,0,0,0,0,0,0,0,0.6,0.169230769,0.230769231,0,0,0.88,0,0.12,0,1,0.037037037,0,0,0.925925926,0.037037037
820,1,0,0,0,0,0,0,0,0,0,0.6,0.169230769,0.230769231,0,0,0.88,0,0.12,0,1,0.037037037,0,0,0.925925926,0.037037037
821,1,0,0,0,0,0,0,0,0,0,0.6,0.169230769,0.230769231,0,0,0.88,0,0.12,0,1,0.037037037,0,0,0.925925926,0.037037037
822,1,0,0,0,0,0,0,0,0,0,0.764705882,0.215686275,0,0.019607843,0.230769231,0.676923077,0,0.092307692,0,1,0,0,0,0.943396226,0.056603774
823,1,0,0,0,0,0,0,0,0,0,0.78,0.22,0,0,0.230769231,0.676923077,0,0.092307692,0,1,0.018518519,0,0,0.925925926,0.055555556
824,1,0,0,0,1,0,0,0,0,0,0.78,0.22,0,0,0.230769231,0.676923077,0,0.092307692,0,1,0,0.018867925,0,0.924528302,0.056603774
825,1,0,0,0,0,0,0,0,0,0,0.764705882,0.215686275,0,0.019607843,0.230769231,0.676923077,0,0.092307692,0,1,0,0,0,0.943396226,0.056603774
826,1,0,0,0,0,0,0,0,0,0,0.78,0.22,0,0,0.230769231,0.676923077,0,0.092307692,0,1,0.018518519,0,0,0.925925926,0.055555556
827,1,0,0,0,0,0,0,0,0,0,0.764705882,0.215686275,0,0.019607843,0.230769231,0.676923077,0,0.092307692,0,1,0,0,0,0.943396226,0.056603774
828,1,0,0,0,0,0,0,0,0,0,0.6,0.169230769,0.230769231,0,0,0.88,0,0.12,0,1,0.037037037,0,0,0.925925926,0.037037037
829,1,0,0,0,0,0,0,0,0,0,0.764705882,0.215686275,0,0.019607843,0.230769231,0.676923077,0,0.092307692,0,1,0,0,0,0.943396226,0.056603774
830,1,0,0,0,0,0,0,0,0,0,0.764705882,0.215686275,0,0.019607843,0.230769231,0.676923077,0,0.092307692,0,1,0,0,0,0.943396226,0.056603774
831,1,0,0,0,0,0,0,0,0,0,0.78,0.22,0,0,0.230769231,0.676923077,0,0.092307692,0,1,0.018518519,0,0,0.925925926,0.055555556
832,1,0,0,0,0,0,0,0,0,0,0.78,0.22,0,0,0.230769231,0.676923077,0,0.092307692,0,1,0.018518519,0,0,0.925925926,0.055555556
833,1,0,0,0,0,0,0,0,0,0,0.78,0.22,0,0,0.230769231,0.676923077,0,0.092307692,0,1,0.018518519,0,0,0.925925926,0.055555556
834,1,0,0,0,0,0,0,0,0,0,0.764705882,0.215686275,0,0.019607843,0.230769231,0.676923077,0,0.092307692,0,1,0,0,0,0.943396226,0.056603774
835,1,0,0,0,0,0,0,0,0,0,0.78,0.22,0,0,0.230769231,0.676923077,0,0.092307692,0,1,0.018518519,0,0,0.925925926,0.055555556
836,1,0,0,0,0,0.672413793,0.189655172,0.120689655,0.017241379,1,0,0,0,0,0,0.18,0,0,0.82,1,0,0.846153846,0.115384615,0,0.038461538
837,1,0,0,0,0,0.696428571,0.196428571,0.089285714,0.017857143,0,0,0,0,0,0.174603175,0,0.031746032,0,0.793650794,1,0,0.88,0.12,0,0
838,1,0,0,0,0,0.65,0.183333333,0.15,0.016666667,0,0,0,0,0,0.118644068,0,0.033898305,0,0.847457627,1,0,0.88,0.12,0,0
839,1,0,0,0,0,0,0,0,0,0,0.6,0.169230769,0.230769231,0,0,0.88,0,0.12,0,1,0.037037037,0,0,0.925925926,0.037037037
840,1,0,0,0,0,0,0,0,0,0,0.6,0.169230769,0.230769231,0,0,0.88,0,0.12,0,1,0.037037037,0,0,0.925925926,0.037037037
841,1,0,0,0,0,0,0,0,0,0,0.6,0.169230769,0.230769231,0,0,0.88,0,0.12,0,1,0.037037037,0,0,0.925925926,0.037037037
842,1,0,0,0,0,0.590909091,0.166666667,0.227272727,0.015151515,0,0,0,0,0,0.018867925,0,0.037735849,0,0.943396226,1,0,0.88,0.12,0,0
843,1,0,0,0,0,0.609375,0.171875,0.203125,0.015625,1,0,0,0,0,0,0.057692308,0.038461538,0,0.903846154,1,0,0.88,0.12,0,0
844,1,0,0,0,0,0.6,0.169230769,0.215384615,0.015384615,1,0,0,0,0,0,0.038461538,0.038461538,0,0.923076923,1,0,0.88,0.12,0,0
845,1,0,0,0,1,0,0,0,0,0,0.6,0.169230769,0.230769231,0,0,0.88,0,0.12,0,1,0.038461538,0,0.038461538,0.923076923,0
846,1,0,0,0,0,0,0,0,0,0,0.764705882,0.215686275,0,0.019607843,0.230769231,0.676923077,0,0.092307692,0,1,0,0,0,0.943396226,0.056603774
847,1,0,0,0,1,0,0,0,0,0,0.6,0.169230769,0.230769231,0,0,0.88,0,0.12,0,1,0.038461538,0,0.038461538,0.923076923,0
848,1,0,0,0,1,0,0,0,0,0,0.609375,0.171875,0.21875,0,0,0.88,0,0.12,0,1,0.038461538,0,0.057692308,0.903846154,0
849,1,0,0,0,0,0,0,0,0,0,0.6,0.169230769,0.230769231,0,0,0.88,0,0.12,0,1,0.037037037,0,0,0.925925926,0.037037037
850,1,0,0,0,0,0,0,0,0,0,0.6,0.169230769,0.230769231,0,0,0.88,0,0.12,0,1,0.037037037,0,0,0.925925926,0.037037037
851,1,0,0,0,1,0,0,0,0,0,0.6,0.169230769,0.230769231,0,0,0.88,0,0.12,0,1,0.038461538,0,0.038461538,0.923076923,0
852,1,0,0,0,0,0,0,0,0,0,0.6,0.169230769,0.230769231,0,0,0.88,0,0.12,0,1,0.037037037,0,0,0.925925926,0.037037037
853,1,0,0,0,0,0,0,0,0,0,0.6,0.169230769,0.230769231,0,0,0.88,0,0.12,0,1,0.037037037,0,0,0.925925926,0.037037037
854,1,0,0,0,0,0,0,0,0,0,0.78,0.22,0,0,0.230769231,0.676923077,0,0.092307692,0,1,0.018518519,0,0,0.925925926,0.055555556
855,1,0,0,0,0,0,0,0,0,0,0.78,0.22,0,0,0.230769231,0.676923077,0,0.092307692,0,1,0.018518519,0,0,0.925925926,0.055555556
856,1,0,0,0,1,0,0,0,0,0,0.78,0.22,0,0,0.230769231,0.676923077,0,0.092307692,0,1,0,0.018867925,0,0.924528302,0.056603774
857,1,0,0,0,0,0,0,0,0,0,0.6,0.169230769,0.230769231,0,0,0.88,0,0.12,0,1,0.037037037,0,0,0.925925926,0.037037037
858,1,0,0,0,0,0,0,0,0,0,0.78,0.22,0,0,0.230769231,0.676923077,0,0.092307692,0,1,0.018518519,0,0,0.925925926,0.055555556
859,1,0,0,0,0,0,0,0,0,0,0.609375,0.171875,0.21875,0,0,0.88,0,0.12,0,1,0.036363636,0,0,0.909090909,0.054545455
860,1,0,0,0,0,0,0,0,0,0,0.764705882,0.215686275,0,0.019607843,0.230769231,0.676923077,0,0.092307692,0,1,0,0,0,0.943396226,0.056603774
861,1,0,0,0,0,0,0,0,0,0,0.764705882,0.215686275,0,0.019607843,0.230769231,0.676923077,0,0.092307692,0,1,0,0,0,0.943396226,0.056603774
862,1,0,0,0,0,0,0,0,0,0,0.78,0.22,0,0,0.230769231,0.676923077,0,0.092307692,0,1,0.018518519,0,0,0.925925926,0.055555556
863,1,0,0,0,0,0,0,0,0,0,0.78,0.22,0,0,0.230769231,0.676923077,0,0.092307692,0,1,0.018518519,0,0,0.925925926,0.055555556
864,1,0,0,0,1,0,0,0,0,0,0.609375,0.171875,0.21875,0,0,0.88,0,0.12,0,1,0.038461538,0,0.057692308,0.903846154,0
865,1,0,0,0,1,0,0,0,0,0,0.6,0.169230769,0.230769231,0,0,0.88,0,0.12,0,1,0.038461538,0,0.038461538,0.923076923,0
866,1,0,0,0,1,0,0,0,0,0,0.6,0.169230769,0.230769231,0,0,0.88,0,0.12,0,1,0.038461538,0,0.038461538,0.923076923,0
867,1,0,0,0,1,0,0,0,0,0,0.6,0.169230769,0.230769231,0,0,0.88,0,0.12,0,1,0.038461538,0,0.038461538,0.923076923,0
868,1,0,0,0,1,0,0,0,0,0,0.6,0.169230769,0.230769231,0,0,0.88,0,0.12,0,1,0.038461538,0,0.038461538,0.923076923,0
869,1,0,0,0,1,0,0,0,0,0,0.609375,0.171875,0.21875,0,0,0.88,0,0.12,0,1,0.038461538,0,0.057692308,0.903846154,0
870,1,0,0,0,0,0,0,0,0,0,0.78,0.22,0,0,0.230769231,0.676923077,0,0.092307692,0,1,0.018518519,0,0,0.925925926,0.055555556
871,1,0,0,0,0,0,0,0,0,0,0.764705882,0.215686275,0,0.019607843,0.230769231,0.676923077,0,0.092307692,0,1,0,0,0,0.943396226,0.056603774
872,1,0,0,0,1,0,0,0,0,0,0.78,0.22,0,0,0.230769231,0.676923077,0,0.092307692,0,1,0,0.018867925,0,0.924528302,0.056603774
873,1,0,0,0,0,0,0,0,0,0,0.764705882,0.215686275,0,0.019607843,0.230769231,0.676923077,0,0.092307692,0,1,0,0,0,0.943396226,0.056603774
874,1,0,0,0,1,0,0,0,0,0,0.609375,0.171875,0.21875,0,0,0.88,0,0.12,0,1,0.038461538,0,0.057692308,0.903846154,0
875,1,0,0,0,1,0,0,0,0,0,0.6,0.169230769,0.230769231,0,0,0.88,0,0.12,0,1,0.038461538,0,0.038461538,0.923076923,0
876,1,0,0,0,0,0,0,0,0,0,0.78,0.22,0,0,0.230769231,0.676923077,0,0.092307692,0,1,0.018518519,0,0,0.925925926,0.055555556
877,1,0,0,0,0,0,0,0,0,0,0.764705882,0.215686275,0,0.019607843,0.230769231,0.676923077,0,0.092307692,0,1,0,0,0,0.943396226,0.056603774
878,1,0,0,0,0,0,0,0,0,0,0.764705882,0.215686275,0,0.019607843,0.230769231,0.676923077,0,0.092307692,0,1,0,0,0,0.943396226,0.056603774
879,1,0,0,0,0,0,0,0,0,0,0.764705882,0.215686275,0,0.019607843,0.230769231,0.676923077,0,0.092307692,0,1,0,0,0,0.943396226,0.056603774
880,1,0,0,0,0,0,0,0,0,0,0.78,0.22,0,0,0.230769231,0.676923077,0,0.092307692,0,1,0.018518519,0,0,0.925925926,0.055555556
881,1,0,0,0,0,0,0,0,0,0,0.78,0.22,0,0,0.230769231,0.676923077,0,0.092307692,0,1,0.018518519,0,0,0.925925926,0.055555556
882,1,0,0,0,0,0,0,0,0,0,0.6,0.169230769,0.230769231,0,0,0.88,0,0.12,0,1,0.037037037,0,0,0.925925926,0.037037037
883,1,0,0,0,0,0,0,0,0,0,0.764705882,0.215686275,0,0.019607843,0.230769231,0.676923077,0,0.092307692,0,1,0,0,0,0.943396226,0.056603774
884,1,0,0,0,0,0,0,0,0,0,0.609375,0.171875,0.21875,0,0,0.88,0,0.12,0,1,0.036363636,0,0,0.909090909,0.054545455
885,1,0,0,0,0,0,0,0,0,0,0.6,0.169230769,0.230769231,0,0,0.88,0,0.12,0,1,0.037037037,0,0,0.925925926,0.037037037
886,1,0,0,0,0,0,0,0,0,0,0.6,0.169230769,0.230769231,0,0,0.88,0,0.12,0,1,0.037037037,0,0,0.925925926,0.037037037
887,1,0,0,0,0,0,0,0,0,0,0.78,0.22,0,0,0.230769231,0.676923077,0,0.092307692,0,1,0.018518519,0,0,0.925925926,0.055555556
888,1,0,0,0,1,0,0,0,0,0,0.6,0.169230769,0.230769231,0,0,0.88,0,0.12,0,1,0.038461538,0,0.038461538,0.923076923,0
889,1,0,0,0,1,0,0,0,0,0,0.6,0.169230769,0.230769231,0,0,0.88,0,0.12,0,1,0.038461538,0,0.038461538,0.923076923,0
890,1,0,0,0,0,0,0,0,0,0,0.78,0.22,0,0,0.230769231,0.676923077,0,0.092307692,0,1,0.018518519,0,0,0.925925926,0.055555556
891,1,0,0,0,0,0,0,0,0,0,0.764705882,0.215686275,0,0.019607843,0.230769231,0.676923077,0,0.092307692,0,1,0,0,0,0.943396226,0.056603774
892,1,0,0,0,0,0,0,0,0,0,0.764705882,0.215686275,0,0.019607843,0.230769231,0.676923077,0,0.092307692,0,1,0,0,0,0.943396226,0.056603774
893,1,0,0,0,0,0,0,0,0,0,0.78,0.22,0,0,0.230769231,0.676923077,0,0.092307692,0,1,0.018518519,0,0,0.925925926,0.055555556
894,1,0,0,0,0,0,0,0,0,0,0.6,0.169230769,0.230769231,0,0,0.88,0,0.12,0,1,0.037037037,0,0,0.925925926,0.037037037
895,1,0,0,0,1,0,0,0,0,0,0.6,0.169230769,0.230769231,0,0,0.88,0,0.12,0,1,0.038461538,0,0.038461538,0.923076923,0
896,1,0,0,0,0,0,0,0,0,0,0.6,0.169230769,0.230769231,0,0,0.88,0,0.12,0,1,0.037037037,0,0,0.925925926,0.037037037
897,1,0,0,0,0,0,0,0,0,0,0.764705882,0.215686275,0,0.019607843,0.230769231,0.676923077,0,0.092307692,0,1,0,0,0,0.943396226,0.056603774
898,1,0,0,0,0,0,0,0,0,0,0.6,0.169230769,0.230769231,0,0,0.88,0,0.12,0,1,0.037037037,0,0,0.925925926,0.037037037
899,1,0,0,0,0,0,0,0,0,0,0.6,0.169230769,0.230769231,0,0,0.88,0,0.12,0,1,0.037037037,0,0,0.925925926,0.037037037
900,1,0,0,0,1,0,0,0,0,0,0.6,0.169230769,0.230769231,0,0,0.88,0,0.12,0,1,0.038461538,0,0.038461538,0.923076923,0
901,1,0,0,0,1,0,0,0,0,0,0.6,0.169230769,0.230769231,0,0,0.88,0,0.12,0,1,0.038461538,0,0.038461538,0.923076923,0
902,1,0,0,0,0,0,0,0,0,0,0.6,0.169230769,0.230769231,0,0,0.88,0,0.12,0,1,0.037037037,0,0,0.925925926,0.037037037
903,1,0,0,0,0,0,0,0,0,0,0.78,0.22,0,0,0.230769231,0.676923077,0,0.092307692,0,1,0.018518519,0,0,0.925925926,0.055555556
904,1,0,0,0,0,0,0,0,0,0,0.764705882,0.215686275,0,0.019607843,0.230769231,0.676923077,0,0.092307692,0,1,0,0,0,0.943396226,0.056603774
905,1,0,0,0,0,0,0,0,0,0,0.6,0.169230769,0.230769231,0,0,0.88,0,0.12,0,1,0.037037037,0,0,0.925925926,0.037037037
906,1,0,0,0,0,0,0,0,0,0,0.78,0.22,0,0,0.230769231,0.676923077,0,0.092307692,0,1,0.018518519,0,0,0.925925926,0.055555556
907,1,0,0,0,1,0,0,0,0,0,0.78,0.22,0,0,0.230769231,0.676923077,0,0.092307692,0,1,0,0.018867925,0,0.924528302,0.056603774
908,1,0,0,0,0,0,0,0,0,0,0.764705882,0.215686275,0,0.019607843,0.230769231,0.676923077,0,0.092307692,0,1,0,0,0,0.943396226,0.056603774
909,1,0,0,0,0,0,0,0,0,0,0.764705882,0.215686275,0,0.019607843,0.230769231,0.676923077,0,0.092307692,0,1,0,0,0,0.943396226,0.056603774
910,1,0,0,0,0,0,0,0,0,0,0.6,0.169230769,0.230769231,0,0,0.88,0,0.12,0,1,0.037037037,0,0,0.925925926,0.037037037
911,1,0,0,0,0,0,0,0,0,0,0.6,0.169230769,0.230769231,0,0,0.88,0,0.12,0,1,0.037037037,0,0,0.925925926,0.037037037
912,1,0,0,0,0,0,0,0,0,0,0.6,0.169230769,0.230769231,0,0,0.88,0,0.12,0,1,0.037037037,0,0,0.925925926,0.037037037
913,1,0,0,0,0,0,0,0,0,0,0.78,0.22,0,0,0.21875,0.6875,0,0.09375,0,1,0.036363636,0,0,0.909090909,0.054545455
914,1,0,0,0,1,0,0,0,0,0,0.6,0.169230769,0.230769231,0,0,0.88,0,0.12,0,1,0.038461538,0,0.038461538,0.923076923,0
915,1,0,0,0,1,0,0,0,0,0,0.6,0.169230769,0.230769231,0,0,0.88,0,0.12,0,1,0.038461538,0,0.038461538,0.923076923,0
916,1,0,0,0,1,0,0,0,0,0,0.6,0.169230769,0.230769231,0,0,0.88,0,0.12,0,1,0.038461538,0,0.038461538,0.923076923,0
917,1,0,0,0,0,0,0,0,0,0,0.78,0.22,0,0,0.230769231,0.676923077,0,0.092307692,0,1,0.018518519,0,0,0.925925926,0.055555556
918,1,0,0,0,1,0,0,0,0,0,0.6,0.169230769,0.230769231,0,0,0.88,0,0.12,0,1,0.038461538,0,0.038461538,0.923076923,0
919,1,0,0,0,0,0,0,0,0,0,0.6,0.169230769,0.230769231,0,0,0.88,0,0.12,0,1,0.037037037,0,0,0.925925926,0.037037037
920,1,0,0,0,0,0,0,0,0,0,0.78,0.22,0,0,0.230769231,0.676923077,0,0.092307692,0,1,0.018518519,0,0,0.925925926,0.055555556
921,1,0,0,0,0,0,0,0,0,0,0.78,0.22,0,0,0.230769231,0.676923077,0,0.092307692,0,1,0.018518519,0,0,0.925925926,0.055555556
922,1,0,0,0,0,0,0,0,0,0,0.78,0.22,0,0,0.230769231,0.676923077,0,0.092307692,0,1,0.018518519,0,0,0.925925926,0.055555556
923,1,0,0,0,0,0,0,0,0,0,0.764705882,0.215686275,0,0.019607843,0.230769231,0.676923077,0,0.092307692,0,1,0,0,0,0.943396226,0.056603774
924,1,0,0,0,0,0,0,0,0,0,0.764705882,0.215686275,0,0.019607843,0.230769231,0.676923077,0,0.092307692,0,1,0,0,0,0.943396226,0.056603774
925,1,0,0,0,1,0,0,0,0,0,0.6,0.169230769,0.230769231,0,0,0.88,0,0.12,0,1,0,0.04,0.04,0.92,0
926,1,0,0,0,1,0,0,0,0,0,0.6,0.169230769,0.230769231,0,0,0.88,0,0.12,0,1,0,0.04,0.04,0.92,0
927,1,0,0,0,1,0,0,0,0,0,0.609375,0.171875,0.21875,0,0,0.88,0,0.12,0,1,0,0.04,0.06,0.9,0
928,1,0,0,0,0,0,0,0,0,0,0.6,0.169230769,0.230769231,0,0,0.88,0,0.12,0,1,0.037037037,0,0,0.925925926,0.037037037
929,1,0,0,0,0,0,0,0,0,0,0.609375,0.171875,0.21875,0,0,0.88,0,0.12,0,1,0.036363636,0,0,0.909090909,0.054545455
930,1,0,0,0,0,0,0,0,0,0,0.609375,0.171875,0.21875,0,0,0.88,0,0.12,0,1,0.036363636,0,0,0.909090909,0.054545455
931,1,0,0,0,0,0,0,0,0,0,0.78,0.22,0,0,0.21875,0.6875,0,0.09375,0,1,0.036363636,0,0,0.909090909,0.054545455
932,1,0,0,0,0,0,0,0,0,0,0.78,0.22,0,0,0.230769231,0.676923077,0,0.092307692,0,1,0.018518519,0,0,0.925925926,0.055555556
933,1,0,0,0,0,0,0,0,0,0,0.78,0.22,0,0,0.230769231,0.676923077,0,0.092307692,0,1,0.018518519,0,0,0.925925926,0.055555556
934,1,0,0,0,0,0,0,0,0,0,0.78,0.22,0,0,0.230769231,0.676923077,0,0.092307692,0,1,0.018518519,0,0,0.925925926,0.055555556
935,1,0,0,0,0,0,0,0,0,0,0.78,0.22,0,0,0.230769231,0.676923077,0,0.092307692,0,1,0.018518519,0,0,0.925925926,0.055555556
936,1,0,0,0,0,0,0,0,0,0,0.764705882,0.215686275,0,0.019607843,0.230769231,0.676923077,0,0.092307692,0,1,0,0,0,0.943396226,0.056603774
937,1,0,0,0,0,0,0,0,0,0,0.609375,0.171875,0.21875,0,0,0.88,0,0.12,0,1,0.036363636,0,0,0.909090909,0.054545455
938,1,0,0,0,0,0,0,0,0,0,0.6,0.169230769,0.230769231,0,0,0.88,0,0.12,0,1,0.037037037,0,0,0.925925926,0.037037037
939,1,0,0,0,0,0,0,0,0,0,0.6,0.169230769,0.230769231,0,0,0.88,0,0.12,0,1,0.037037037,0,0,0.925925926,0.037037037
940,1,0,0,0,0,0,0,0,0,0,0.6,0.169230769,0.230769231,0,0,0.88,0,0.12,0,1,0.037037037,0,0,0.925925926,0.037037037
941,1,0,0,0,0,0,0,0,0,0,0.6,0.169230769,0.230769231,0,0,0.88,0,0.12,0,1,0.037037037,0,0,0.925925926,0.037037037
942,1,0,0,0,0,0,0,0,0,0,0.609375,0.171875,0.21875,0,0,0.88,0,0.12,0,1,0.036363636,0,0,0.909090909,0.054545455
943,1,0,0,0,0,0,0,0,0,0,0.764705882,0.215686275,0,0.019607843,0.230769231,0.676923077,0,0.092307692,0,1,0,0,0,0.943396226,0.056603774
944,1,0,0,0,0,0,0,0,0,0,0.764705882,0.215686275,0,0.019607843,0.230769231,0.676923077,0,0.092307692,0,1,0,0,0,0.943396226,0.056603774
945,1,0,0,0,1,0,0,0,0,0,0.78,0.22,0,0,0.21875,0.6875,0,0.09375,0,1,0,0.037735849,0,0.905660377,0.056603774
946,1,0,0,0,1,0,0,0,0,0,0.78,0.22,0,0,0.230769231,0.676923077,0,0.092307692,0,1,0,0.018867925,0,0.924528302,0.056603774
947,1,0,0,0,1,0,0,0,0,0,0.78,0.22,0,0,0.230769231,0.676923077,0,0.092307692,0,1,0,0.018867925,0,0.924528302,0.056603774
948,1,0,0,0,0,0,0,0,0,0,0.78,0.22,0,0,0.230769231,0.676923077,0,0.092307692,0,1,0.018518519,0,0,0.925925926,0.055555556
949,1,0,0,0,0,0,0,0,0,0,0.764705882,0.215686275,0,0.019607843,0.230769231,0.676923077,0,0.092307692,0,1,0,0,0,0.943396226,0.056603774
950,1,0,0,0,0,0,0,0,0,0,0.6,0.169230769,0.230769231,0,0,0.846153846,0.038461538,0.115384615,0,1,0.038461538,0,0,0.961538462,0
951,1,0,0,0,0,0,0,0,0,0,0.6,0.169230769,0.230769231,0,0,0.846153846,0.038461538,0.115384615,0,1,0.038461538,0,0,0.961538462,0
952,1,0,0,0,0,0,0,0,0,0,0.6,0.169230769,0.230769231,0,0,0.846153846,0.038461538,0.115384615,0,1,0.038461538,0,0,0.961538462,0
953,1,0,0,0,0,0,0,0,0,0,0.6,0.169230769,0.230769231,0,0,0.846153846,0.038461538,0.115384615,0,1,0.038461538,0,0,0.961538462,0
954,1,0,0,0,0,0,0,0,0,0,0.78,0.22,0,0,0.230769231,0.676923077,0,0.092307692,0,1,0.018518519,0,0,0.925925926,0.055555556
955,1,0,0,0,0,0,0,0,0,0,0.764705882,0.215686275,0,0.019607843,0.230769231,0.676923077,0,0.092307692,0,1,0,0,0,0.943396226,0.056603774
956,1,0,0,0,0,0,0,0,0,0,0.764705882,0.215686275,0,0.019607843,0.230769231,0.676923077,0,0.092307692,0,1,0,0,0,0.943396226,0.056603774
957,1,0,0,0,0,0,0,0,0,0,0.764705882,0.215686275,0,0.019607843,0.230769231,0.676923077,0,0.092307692,0,1,0,0,0,0.943396226,0.056603774
958,1,0,0,0,1,0,0,0,0,0,0.78,0.22,0,0,0.230769231,0.676923077,0,0.092307692,0,1,0,0.018867925,0,0.924528302,0.056603774
959,1,0,0,0,0,0,0,0,0,0,0.6,0.169230769,0.230769231,0,0,0.88,0,0.12,0,1,0.037037037,0,0,0.925925926,0.037037037
960,1,0,0,0,0,0,0,0,0,0,0.6,0.169230769,0.230769231,0,0,0.88,0,0.12,0,1,0.037037037,0,0,0.925925926,0.037037037
961,1,0,0,0,0,0,0,0,0,0,0.78,0.22,0,0,0.230769231,0.676923077,0,0.092307692,0,1,0.018518519,0,0,0.925925926,0.055555556
962,1,0,0,0,0,0,0,0,0,0,0.609375,0.171875,0.21875,0,0,0.88,0,0.12,0,1,0.036363636,0,0,0.909090909,0.054545455
963,1,0,0,0,0,0,0,0,0,0,0.609375,0.171875,0.21875,0,0,0.88,0,0.12,0,1,0.036363636,0,0,0.909090909,0.054545455
964,1,0,0,0,0,0,0,0,0,0,0.6,0.169230769,0.230769231,0,0,0.88,0,0.12,0,1,0.037037037,0,0,0.925925926,0.037037037
965,1,0,0,0,0,0,0,0,0,0,0.764705882,0.215686275,0,0.019607843,0.230769231,0.676923077,0,0.092307692,0,1,0,0,0,0.943396226,0.056603774
966,1,0,0,0,0,0,0,0,0,0,0.764705882,0.215686275,0,0.019607843,0.230769231,0.676923077,0,0.092307692,0,1,0,0,0,0.943396226,0.056603774
967,1,0,0,0,0,0,0,0,0,0,0.6,0.169230769,0.230769231,0,0,0.88,0,0.12,0,1,0.037037037,0,0,0.925925926,0.037037037
968,1,0,0,0,0,0,0,0,0,0,0.609375,0.171875,0.21875,0,0,0.88,0,0.12,0,1,0.036363636,0,0,0.909090909,0.054545455
969,1,0,0,0,0,0,0,0,0,0,0.6,0.169230769,0.230769231,0,0,0.88,0,0.12,0,1,0.037037037,0,0,0.925925926,0.037037037
970,1,0,0,0,0,0,0,0,0,0,0.6,0.169230769,0.230769231,0,0,0.88,0,0.12,0,1,0.037037037,0,0,0.925925926,0.037037037
971,1,0,0,0,0,0,0,0,0,0,0.6,0.169230769,0.230769231,0,0,0.88,0,0.12,0,1,0.037037037,0,0,0.925925926,0.037037037
972,1,0,0,0,0,0,0,0,0,0,0.6,0.169230769,0.230769231,0,0,0.88,0,0.12,0,1,0.037037037,0,0,0.925925926,0.037037037
973,1,0,0,0,0,0,0,0,0,0,0.6,0.169230769,0.230769231,0,0,0.846153846,0.038461538,0.115384615,0,1,0.038461538,0,0,0.961538462,0
974,1,0,0,0,0,0,0,0,0,0,0.78,0.22,0,0,0.230769231,0.676923077,0,0.092307692,0,1,0.018518519,0,0,0.925925926,0.055555556
975,1,0,0,0,1,0,0,0,0,0,0.78,0.22,0,0,0.230769231,0.676923077,0,0.092307692,0,1,0,0.018867925,0,0.924528302,0.056603774
976,1,0,0,0,0,0,0,0,0,0,0.609375,0.171875,0.21875,0,0,0.88,0,0.12,0,1,0.036363636,0,0,0.909090909,0.054545455
977,1,0,0,0,0,0,0,0,0,0,0.6,0.169230769,0.230769231,0,0,0.88,0,0.12,0,1,0.037037037,0,0,0.925925926,0.037037037
978,1,0,0,0,0,0,0,0,0,0,0.6,0.169230769,0.230769231,0,0,0.88,0,0.12,0,1,0.037037037,0,0,0.925925926,0.037037037
979,1,0,0,0,0,0,0,0,0,0,0.6,0.169230769,0.230769231,0,0,0.88,0,0.12,0,1,0.037037037,0,0,0.925925926,0.037037037
980,1,0,0,0,0,0,0,0,0,0,0.6,0.169230769,0.230769231,0,0,0.88,0,0.12,0,1,0.037037037,0,0,0.925925926,0.037037037
981,1,0,0,0,0,0,0,0,0,0,0.6,0.169230769,0.230769231,0,0,0.88,0,0.12,0,1,0.037037037,0,0,0.925925926,0.037037037
982,1,0,0,0,0,0,0,0,0,0,0.6,0.169230769,0.230769231,0,0,0.88,0,0.12,0,1,0.037037037,0,0,0.925925926,0.037037037
983,1,0,0,0,0,0,0,0,0,0,0.6,0.169230769,0.230769231,0,0,0.846153846,0.038461538,0.115384615,0,1,0.038461538,0,0,0.961538462,0
984,1,0,0,0,0,0,0,0,0,0,0.6,0.169230769,0.230769231,0,0,0.846153846,0.038461538,0.115384615,0,1,0.038461538,0,0,0.961538462,0
985,1,0,0,0,0,0,0,0,0,0,0.6,0.169230769,0.230769231,0,0,0.846153846,0.038461538,0.115384615,0,1,0.038461538,0,0,0.961538462,0
986,1,0,0,0,0,0,0,0,0,0,0.6,0.169230769,0.230769231,0,0,0.846153846,0.038461538,0.115384615,0,1,0.038461538,0,0,0.961538462,0
987,1,0,0,0,0,0,0,0,0,0,0.6,0.169230769,0.230769231,0,0,0.846153846,0.038461538,0.115384615,0,1,0.038461538,0,0,0.961538462,0
988,1,0,0,0,0,0,0,0,0,0,0.609375,0.171875,0.21875,0,0,0.88,0,0.12,0,1,0.036363636,0,0,0.909090909,0.054545455
989,1,0,0,0,0,0,0,0,0,0,0.6,0.169230769,0.230769231,0,0,0.88,0,0.12,0,1,0.037037037,0,0,0.925925926,0.037037037
990,1,0,0,0,0,0,0,0,0,0,0.6,0.169230769,0.230769231,0,0,0.88,0,0.12,0,1,0.037037037,0,0,0.925925926,0.037037037
991,1,0,0,0,0,0,0,0,0,0,0.6,0.169230769,0.230769231,0,0,0.88,0,0.12,0,1,0.037037037,0,0,0.925925926,0.037037037
992,1,0,0,0,0,0,0,0,0,0,0.6,0.169230769,0.230769231,0,0,0.88,0,0.12,0,1,0.037037037,0,0,0.925925926,0.037037037
993,1,0,0,0,0,0,0,0,0,0,0.6,0.169230769,0.230769231,0,0,0.88,0,0.12,0,1,0.037037037,0,0,0.925925926,0.037037037
994,1,0,0,0,0,0,0,0,0,0,0.6,0.169230769,0.230769231,0,0,0.846153846,0.038461538,0.115384615,0,1,0.038461538,0,0,0.961538462,0
995,1,0,0,0,0,0,0,0,0,0,0.78,0.22,0,0,0.230769231,0.676923077,0,0.092307692,0,1,0.018518519,0,0,0.925925926,0.055555556
996,1,0,0,0,0,0,0,0,0,0,0.764705882,0.215686275,0,0.019607843,0.230769231,0.676923077,0,0.092307692,0,1,0,0,0,0.943396226,0.056603774
997,1,0,0,0,0,0,0,0,0,0,0.78,0.22,0,0,0.230769231,0.676923077,0,0.092307692,0,1,0.018518519,0,0,0.925925926,0.055555556
998,1,0,0,0,0,0,0,0,0,0,0.6,0.169230769,0.230769231,0,0,0.846153846,0.038461538,0.115384615,0,1,0.038461538,0,0,0.961538462,0
999,1,0,0,0,0,0,0,0,0,0,0.6,0.169230769,0.230769231,0,0,0.846153846,0.038461538,0.115384615,0,1,0.038461538,0,0,0.961538462,0
1000,1,0,0,0,0,0,0,0,0,0,0.764705882,0.215686275,0,0.019607843,0.230769231,0.676923077,0,0.092307692,0,1,0,0,0,0.943396226,0.056603774
1001,1,0,0,0,0,0,0,0,0,0,0.78,0.22,0,0,0.230769231,0.676923077,0,0.092307692,0,1,0.018518519,0,0,0.925925926,0.055555556
1002,1,0,0,0,0,0,0,0,0,0,0.78,0.22,0,0,0.21875,0.6875,0,0.09375,0,1,0.036363636,0,0,0.909090909,0.054545455
1003,1,0,0,0,0,0,0,0,0,0,0.764705882,0.215686275,0,0.019607843,0.230769231,0.676923077,0,0.092307692,0,1,0,0,0,0.943396226,0.056603774
1004,1,0,0,0,0,0,0,0,0,0,0.6,0.169230769,0.230769231,0,0,0.846153846,0.038461538,0.115384615,0,1,0.038461538,0,0,0.961538462,0
1005,1,0,0,0,0,0,0,0,0,0,0.78,0.22,0,0,0.230769231,0.676923077,0,0.092307692,0,1,0.018518519,0,0,0.925925926,0.055555556
1006,1,0,0,0,0,0,0,0,0,0,0.764705882,0.215686275,0,0.019607843,0.230769231,0.676923077,0,0.092307692,0,1,0,0,0,0.943396226,0.056603774
1007,1,0,0,0,0,0,0,0,0,0,0.78,0.22,0,0,0.230769231,0.676923077,0,0.092307692,0,1,0.018518519,0,0,0.925925926,0.055555556
1008,1,0,0,0,0,0,0,0,0,0,0.764705882,0.215686275,0,0.019607843,0.230769231,0.676923077,0,0.092307692,0,1,0,0,0,0.943396226,0.056603774
1009,1,0,0,0,0,0,0,0,0,0,0.6,0.169230769,0.230769231,0,0,0.846153846,0.038461538,0.115384615,0,1,0.038461538,0,0,0.961538462,0
1010,1,0,0,0,0,0,0,0,0,0,0.6,0.169230769,0.230769231,0,0,0.846153846,0.038461538,0.115384615,0,1,0.038461538,0,0,0.961538462,0
1011,1,0,0,0,0,0,0,0,0,0,0.6,0.169230769,0.230769231,0,0,0.846153846,0.038461538,0.115384615,0,1,0.038461538,0,0,0.961538462,0
1012,1,0,0,0,0,0,0,0,0,0,0.6,0.169230769,0.230769231,0,0,0.846153846,0.038461538,0.115384615,0,1,0.038461538,0,0,0.961538462,0
1013,1,0,0,0,0,0,0,0,0,0,0.78,0.22,0,0,0.230769231,0.676923077,0,0.092307692,0,1,0.018518519,0,0,0.925925926,0.055555556
1014,1,0,0,0,0,0,0,0,0,0,0.764705882,0.215686275,0,0.019607843,0.230769231,0.676923077,0,0.092307692,0,1,0,0,0,0.943396226,0.056603774
1015,1,0,0,0,0,0,0,0,0,0,0.78,0.22,0,0,0.230769231,0.676923077,0,0.092307692,0,1,0.018518519,0,0,0.925925926,0.055555556
1016,1,0,0,0,0,0,0,0,0,0,0.78,0.22,0,0,0.21875,0.6875,0,0.09375,0,1,0.036363636,0,0,0.909090909,0.054545455
1017,1,0,0,0,0,0,0,0,0,0,0.764705882,0.215686275,0,0.019607843,0.230769231,0.676923077,0,0.092307692,0,1,0,0,0,0.943396226,0.056603774
1018,1,0,0,0,0,0,0,0,0,0,0.6,0.169230769,0.230769231,0,0,0.88,0,0.12,0,1,0.037037037,0,0,0.925925926,0.037037037
1019,1,0,0,0,0,0,0,0,0,0,0.609375,0.171875,0.21875,0,0,0.88,0,0.12,0,1,0.036363636,0,0,0.909090909,0.054545455
1020,1,0,0,0,0,0,0,0,0,0,0.78,0.22,0,0,0.230769231,0.676923077,0,0.092307692,0,1,0.018518519,0,0,0.925925926,0.055555556
1021,1,0,0,0,0,0,0,0,0,0,0.764705882,0.215686275,0,0.019607843,0.230769231,0.676923077,0,0.092307692,0,1,0,0,0,0.943396226,0.056603774
1022,1,0,0,0,0,0,0,0,0,0,0.78,0.22,0,0,0.230769231,0.676923077,0,0.092307692,0,1,0.018518519,0,0,0.925925926,0.055555556
1023,1,0,0,0,0,0,0,0,0,0,0.764705882,0.215686275,0,0.019607843,0.230769231,0.676923077,0,0.092307692,0,1,0,0,0,0.943396226,0.056603774
1024,1,0,0,0,0,0,0,0,0,0,0.764705882,0.215686275,0,0.019607843,0.230769231,0.676923077,0,0.092307692,0,1,0,0,0,0.943396226,0.056603774
1025,1,0,0,0,0,0,0,0,0,0,0.78,0.22,0,0,0.230769231,0.676923077,0,0.092307692,0,1,0.018518519,0,0,0.925925926,0.055555556
1026,1,0,0,0,0,0,0,0,0,0,0.6,0.169230769,0.230769231,0,0,0.88,0,0.12,0,1,0.037037037,0,0,0.925925926,0.037037037
1027,1,0,0,0,0,0,0,0,0,0,0.78,0.22,0,0,0.230769231,0.676923077,0,0.092307692,0,1,0.018518519,0,0,0.925925926,0.055555556
1028,1,0,0,0,0,0,0,0,0,0,0.764705882,0.215686275,0,0.019607843,0.230769231,0.676923077,0,0.092307692,0,1,0,0,0,0.943396226,0.056603774
1029,1,0,0,0,0,0,0,0,0,0,0.6,0.169230769,0.230769231,0,0,0.88,0,0.12,0,1,0.037037037,0,0,0.925925926,0.037037037
1030,1,0,0,0,0,0,0,0,0,0,0.609375,0.171875,0.21875,0,0,0.88,0,0.12,0,1,0.036363636,0,0,0.909090909,0.054545455
1031,1,0,0,0,0,0,0,0,0,0,0.6,0.169230769,0.230769231,0,0,0.88,0,0.12,0,1,0.037037037,0,0,0.925925926,0.037037037
1032,1,0,0,0,0,0,0,0,0,0,0.6,0.169230769,0.230769231,0,0,0.88,0,0.12,0,1,0.037037037,0,0,0.925925926,0.037037037
1033,1,0,0,0,0,0,0,0,0,0,0.6,0.169230769,0.230769231,0,0,0.88,0,0.12,0,1,0.037037037,0,0,0.925925926,0.037037037
1034,1,0,0,0,0,0,0,0,0,0,0.6,0.169230769,0.230769231,0,0,0.88,0,0.12,0,1,0.037037037,0,0,0.925925926,0.037037037
1035,1,0,0,0,0,0,0,0,0,0,0.6,0.169230769,0.230769231,0,0,0.88,0,0.12,0,1,0.037037037,0,0,0.925925926,0.037037037
1036,1,0,0,0,0,0,0,0,0,0,0.6,0.169230769,0.230769231,0,0,0.88,0,0.12,0,1,0.037037037,0,0,0.925925926,0.037037037
1037,1,0,0,0,1,0,0,0,0,0,0.6,0.169230769,0.230769231,0,0,0.88,0,0.12,0,1,0,0.038461538,0,0.923076923,0.038461538
1038,1,0,0,0,1,0,0,0,0,0,0.609375,0.171875,0.21875,0,0,0.88,0,0.12,0,1,0,0.037735849,0,0.905660377,0.056603774
1039,1,0,0,0,1,0,0,0,0,0,0.6,0.169230769,0.230769231,0,0,0.88,0,0.12,0,1,0,0.038461538,0,0.923076923,0.038461538
1040,1,0,0,0,1,0,0,0,0,0,0.609375,0.171875,0.21875,0,0,0.88,0,0.12,0,1,0,0.037735849,0,0.905660377,0.056603774
1041,1,0,0,0,0,0,0,0,0,0,0.6,0.169230769,0.230769231,0,0,0.88,0,0.12,0,1,0.037037037,0,0,0.925925926,0.037037037
1042,1,0,0,0,1,0,0,0,0,0,0.6,0.169230769,0.230769231,0,0,0.88,0,0.12,0,1,0,0.038461538,0,0.923076923,0.038461538
1043,1,0,0,0,1,0,0,0,0,0,0.6,0.169230769,0.230769231,0,0,0.88,0,0.12,0,1,0,0.038461538,0,0.923076923,0.038461538
1044,1,0,0,0,1,0,0,0,0,0,0.6,0.169230769,0.230769231,0,0,0.88,0,0.12,0,1,0,0.038461538,0,0.923076923,0.038461538
1045,1,0,0,0,0,0,0,0,0,0,0.78,0.22,0,0,0.230769231,0.676923077,0,0.092307692,0,1,0.018518519,0,0,0.925925926,0.055555556
1046,1,0,0,0,0,0,0,0,0,0,0.6,0.169230769,0.230769231,0,0,0.88,0,0.12,0,1,0.037037037,0,0,0.925925926,0.037037037
1047,1,0,0,0,0,0,0,0,0,0,0.6,0.169230769,0.230769231,0,0,0.88,0,0.12,0,1,0.037037037,0,0,0.925925926,0.037037037
1048,1,0,0,0,0,0,0,0,0,0,0.609375,0.171875,0.21875,0,0,0.88,0,0.12,0,1,0.036363636,0,0,0.909090909,0.054545455
1049,1,0,0,0,0,0,0,0,0,0,0.609375,0.171875,0.21875,0,0,0.88,0,0.12,0,1,0.036363636,0,0,0.909090909,0.054545455
1050,1,0,0,0,0,0,0,0,0,0,0.78,0.22,0,0,0.21875,0.6875,0,0.09375,0,1,0.036363636,0,0,0.909090909,0.054545455
1051,1,0,0,0,0,0,0,0,0,0,0.78,0.22,0,0,0.21875,0.6875,0,0.09375,0,1,0.036363636,0,0,0.909090909,0.054545455
1052,1,0,0,0,0,0,0,0,0,0,0.78,0.22,0,0,0.230769231,0.676923077,0,0.092307692,0,1,0.018518519,0,0,0.925925926,0.055555556
1053,1,0,0,0,0,0,0,0,0,0,0.78,0.22,0,0,0.230769231,0.676923077,0,0.092307692,0,1,0.018518519,0,0,0.925925926,0.055555556
1054,1,0,0,0,0,0,0,0,0,0,0.6,0.169230769,0.230769231,0,0,0.88,0,0.12,0,1,0.037037037,0,0,0.925925926,0.037037037
1055,1,0,0,0,1,0,0,0,0,0,0.6,0.169230769,0.230769231,0,0,0.88,0,0.12,0,1,0,0.038461538,0,0.923076923,0.038461538
1056,1,0,0,0,0,0,0,0,0,0,0.78,0.22,0,0,0.230769231,0.676923077,0,0.092307692,0,1,0.018518519,0,0,0.925925926,0.055555556
1057,1,0,0,0,0,0,0,0,0,0,0.764705882,0.215686275,0,0.019607843,0.230769231,0.676923077,0,0.092307692,0,1,0,0,0,0.943396226,0.056603774
1058,1,0,0,0,1,0,0,0,0,0,0.6,0.169230769,0.230769231,0,0,0.88,0,0.12,0,1,0,0.038461538,0,0.923076923,0.038461538
1059,1,0,0,0,1,0,0,0,0,0,0.6,0.169230769,0.230769231,0,0,0.88,0,0.12,0,1,0,0.038461538,0,0.923076923,0.038461538
1060,1,0,0,0,1,0,0,0,0,0,0.6,0.169230769,0.230769231,0,0,0.88,0,0.12,0,1,0,0.038461538,0,0.923076923,0.038461538
1061,1,0,0,0,1,0,0,0,0,0,0.6,0.169230769,0.230769231,0,0,0.88,0,0.12,0,1,0,0.038461538,0,0.923076923,0.038461538
1062,1,0,0,0,1,0,0,0,0,0,0.609375,0.171875,0.21875,0,0,0.88,0,0.12,0,1,0,0.037735849,0,0.905660377,0.056603774
1063,1,0,0,0,1,0,0,0,0,0,0.6,0.169230769,0.230769231,0,0,0.88,0,0.12,0,1,0,0.038461538,0,0.923076923,0.038461538
1064,1,0,0,0,0,0,0,0,0,0,0.6,0.169230769,0.230769231,0,0,0.88,0,0.12,0,1,0.037037037,0,0,0.925925926,0.037037037
1065,1,0,0,0,0,0,0,0,0,0,0.609375,0.171875,0.21875,0,0,0.88,0,0.12,0,1,0.036363636,0,0,0.909090909,0.054545455
1066,1,0,0,0,0,0,0,0,0,0,0.764705882,0.215686275,0,0.019607843,0.230769231,0.676923077,0,0.092307692,0,1,0,0,0,0.943396226,0.056603774
1067,1,0,0,0,0,0,0,0,0,0,0.764705882,0.215686275,0,0.019607843,0.230769231,0.676923077,0,0.092307692,0,1,0,0,0,0.943396226,0.056603774
1068,1,0,0,0,1,0,0,0,0,0,0.78,0.22,0,0,0.230769231,0.676923077,0,0.092307692,0,1,0,0.018867925,0,0.924528302,0.056603774
1069,1,0,0,0,0,0,0,0,0,0,0.78,0.22,0,0,0.230769231,0.676923077,0,0.092307692,0,1,0.018518519,0,0,0.925925926,0.055555556
1070,1,0,0,0,0,0,0,0,0,0,0.764705882,0.215686275,0,0.019607843,0.230769231,0.676923077,0,0.092307692,0,1,0,0,0,0.943396226,0.056603774
1071,1,0,0,0,0,0,0,0,0,0,0.764705882,0.215686275,0,0.019607843,0.230769231,0.676923077,0,0.092307692,0,1,0,0,0,0.943396226,0.056603774
1072,1,0,0,0,0,0,0,0,0,0,0.764705882,0.215686275,0,0.019607843,0.230769231,0.676923077,0,0.092307692,0,1,0,0,0,0.943396226,0.056603774
1073,1,0,0,0,0,0,0,0,0,0,0.609375,0.171875,0.21875,0,0,0.88,0,0.12,0,1,0.036363636,0,0,0.909090909,0.054545455
1074,1,0,0,0,0,0,0,0,0,0,0.6,0.169230769,0.230769231,0,0,0.88,0,0.12,0,1,0.037037037,0,0,0.925925926,0.037037037
1075,1,0,0,0,0,0,0,0,0,0,0.764705882,0.215686275,0,0.019607843,0.230769231,0.676923077,0,0.092307692,0,1,0,0,0,0.943396226,0.056603774
1076,1,0,0,0,1,0,0,0,0,0,0.6,0.169230769,0.230769231,0,0,0.88,0,0.12,0,1,0,0.038461538,0,0.923076923,0.038461538
1077,1,0,0,0,1,0,0,0,0,0,0.6,0.169230769,0.230769231,0,0,0.88,0,0.12,0,1,0,0.038461538,0,0.923076923,0.038461538
1078,1,0,0,0,1,0,0,0,0,0,0.6,0.169230769,0.230769231,0,0,0.88,0,0.12,0,1,0,0.038461538,0,0.923076923,0.038461538
1079,1,0,0,0,1,0,0,0,0,0,0.6,0.169230769,0.230769231,0,0,0.88,0,0.12,0,1,0,0.038461538,0,0.923076923,0.038461538
1080,1,0,0,0,1,0,0,0,0,0,0.6,0.169230769,0.230769231,0,0,0.88,0,0.12,0,1,0,0.038461538,0,0.923076923,0.038461538
1081,1,0,0,0,1,0,0,0,0,0,0.6,0.169230769,0.230769231,0,0,0.88,0,0.12,0,1,0,0.038461538,0,0.923076923,0.038461538
1082,1,0,0,0,1,0,0,0,0,0,0.6,0.169230769,0.230769231,0,0,0.88,0,0.12,0,1,0,0.038461538,0,0.923076923,0.038461538
1083,1,0,0,0,1,0,0,0,0,0,0.6,0.169230769,0.230769231,0,0,0.88,0,0.12,0,1,0,0.038461538,0,0.923076923,0.038461538
1084,1,0,0,0,1,0,0,0,0,0,0.6,0.169230769,0.230769231,0,0,0.88,0,0.12,0,1,0,0.038461538,0,0.923076923,0.038461538
1085,1,0,0,0,0,0.696428571,0.196428571,0.089285714,0.017857143,1,0,0,0,0,0,0.22,0,0.04,0.74,1,0,0.88,0.12,0,0
1086,1,0,0,0,0,0.696428571,0.196428571,0.089285714,0.017857143,1,0,0,0,0,0,0.22,0,0.04,0.74,1,0,0.88,0.12,0,0
1087,1,0,0,0,0,0,0,0,0,0,0.6,0.169230769,0.230769231,0,0,0.88,0,0.12,0,1,0.037037037,0,0,0.925925926,0.037037037
1088,1,0,0,0,0,0,0,0,0,0,0.6,0.169230769,0.230769231,0,0,0.88,0,0.12,0,1,0.037037037,0,0,0.925925926,0.037037037
1089,1,0,0,0,0,0,0,0,0,0,0.6,0.169230769,0.230769231,0,0,0.88,0,0.12,0,1,0.037037037,0,0,0.925925926,0.037037037
1090,1,0,0,0,1,0,0,0,0,0,0.6,0.169230769,0.230769231,0,0,0.88,0,0.12,0,1,0,0.04,0.04,0.92,0
1091,1,0,0,0,1,0,0,0,0,0,0.609375,0.171875,0.21875,0,0,0.88,0,0.12,0,1,0,0.04,0.06,0.9,0
1092,1,0,0,0,0,0,0,0,0,0,0.764705882,0.215686275,0,0.019607843,0.230769231,0.676923077,0,0.092307692,0,1,0,0,0,0.943396226,0.056603774
1093,1,0,0,0,0,0,0,0,0,0,0.78,0.22,0,0,0.230769231,0.676923077,0,0.092307692,0,1,0.018518519,0,0,0.925925926,0.055555556
1094,1,0,0,0,0,0,0,0,0,0,0.78,0.22,0,0,0.230769231,0.676923077,0,0.092307692,0,1,0.018518519,0,0,0.925925926,0.055555556
1095,1,0,0,0,0,0,0,0,0,0,0.6,0.169230769,0.230769231,0,0,0.88,0,0.12,0,1,0.037037037,0,0,0.925925926,0.037037037
1096,1,0,0,0,0,0,0,0,0,0,0.6,0.169230769,0.230769231,0,0,0.88,0,0.12,0,1,0.037037037,0,0,0.925925926,0.037037037
1097,1,0,0,0,0,0,0,0,0,0,0.6,0.169230769,0.230769231,0,0,0.88,0,0.12,0,1,0.037037037,0,0,0.925925926,0.037037037
1098,1,0,0,0,0,0,0,0,0,0,0.6,0.169230769,0.230769231,0,0,0.88,0,0.12,0,1,0.037037037,0,0,0.925925926,0.037037037
1099,1,0,0,0,1,0,0,0,0,0,0.6,0.169230769,0.230769231,0,0,0.88,0,0.12,0,1,0,0.04,0.04,0.92,0
1100,1,0,0,0,1,0,0,0,0,0,0.6,0.169230769,0.230769231,0,0,0.88,0,0.12,0,1,0,0.04,0.04,0.92,0
1101,1,0,0,0,1,0,0,0,0,0,0.6,0.169230769,0.230769231,0,0,0.88,0,0.12,0,1,0,0.04,0.04,0.92,0
1102,1,0,0,0,1,0,0,0,0,0,0.6,0.169230769,0.230769231,0,0,0.88,0,0.12,0,1,0,0.04,0.04,0.92,0
1103,1,0,0,0,1,0,0,0,0,0,0.6,0.169230769,0.230769231,0,0,0.88,0,0.12,0,1,0,0.04,0.04,0.92,0
1104,1,0,0,0,0,0,0,0,0,0,0.6,0.169230769,0.230769231,0,0,0.88,0,0.12,0,1,0.037037037,0,0,0.925925926,0.037037037
1105,1,0,0,0,1,0,0,0,0,0,0.6,0.169230769,0.230769231,0,0,0.88,0,0.12,0,1,0,0.04,0.04,0.92,0
1106,1,0,0,0,1,0,0,0,0,0,0.6,0.169230769,0.230769231,0,0,0.88,0,0.12,0,1,0,0.04,0.04,0.92,0
1107,1,0,0,0,0,0,0,0,0,0,0.6,0.169230769,0.230769231,0,0,0.88,0,0.12,0,1,0.037037037,0,0,0.925925926,0.037037037
1108,1,0,0,0,0,0,0,0,0,0,0.764705882,0.215686275,0,0.019607843,0.230769231,0.676923077,0,0.092307692,0,1,0,0,0,0.943396226,0.056603774
1109,1,0,0,0,0,0,0,0,0,0,0.78,0.22,0,0,0.230769231,0.676923077,0,0.092307692,0,1,0.018518519,0,0,0.925925926,0.055555556
1110,1,0,0,0,0,0,0,0,0,0,0.78,0.22,0,0,0.230769231,0.676923077,0,0.092307692,0,1,0.018518519,0,0,0.925925926,0.055555556
1111,1,0,0,0,0,0,0,0,0,0,0.609375,0.171875,0.21875,0,0,0.88,0,0.12,0,1,0.036363636,0,0,0.909090909,0.054545455
1112,1,0,0,0,1,0,0,0,0,0,0.6,0.169230769,0.230769231,0,0,0.88,0,0.12,0,1,0,0.04,0.04,0.92,0
1113,1,0,0,0,1,0,0,0,0,0,0.6,0.169230769,0.230769231,0,0,0.88,0,0.12,0,1,0,0.04,0.04,0.92,0
1114,1,0,0,0,1,0,0,0,0,0,0.6,0.169230769,0.230769231,0,0,0.88,0,0.12,0,1,0,0.04,0.04,0.92,0
1115,1,0,0,0,0,0,0,0,0,0,0.78,0.22,0,0,0.230769231,0.676923077,0,0.092307692,0,1,0.018518519,0,0,0.925925926,0.055555556
1116,1,0,0,0,0,0,0,0,0,0,0.78,0.22,0,0,0.230769231,0.676923077,0,0.092307692,0,1,0.018518519,0,0,0.925925926,0.055555556
1117,1,0,0,0,1,0,0,0,0,0,0.6,0.169230769,0.230769231,0,0,0.88,0,0.12,0,1,0,0.04,0.04,0.92,0
1118,1,0,0,0,1,0,0,0,0,0,0.6,0.169230769,0.230769231,0,0,0.88,0,0.12,0,1,0,0.04,0.04,0.92,0
1119,1,0,0,0,1,0,0,0,0,0,0.6,0.169230769,0.230769231,0,0,0.88,0,0.12,0,1,0,0.04,0.04,0.92,0
1120,1,0,0,0,1,0,0,0,0,0,0.6,0.169230769,0.230769231,0,0,0.88,0,0.12,0,1,0,0.04,0.04,0.92,0
1121,1,0,0,0,1,0,0,0,0,0,0.6,0.169230769,0.230769231,0,0,0.88,0,0.12,0,1,0,0.04,0.04,0.92,0
1122,1,0,0,0,0,0,0,0,0,0,0.764705882,0.215686275,0,0.019607843,0.230769231,0.676923077,0,0.092307692,0,1,0,0,0,0.943396226,0.056603774
1123,1,0,0,0,1,0,0,0,0,0,0.6,0.169230769,0.230769231,0,0,0.88,0,0.12,0,1,0,0.04,0.04,0.92,0
1124,1,0,0,0,1,0,0,0,0,0,0.6,0.169230769,0.230769231,0,0,0.88,0,0.12,0,1,0,0.04,0.04,0.92,0
1125,1,0,0,0,1,0,0,0,0,0,0.609375,0.171875,0.21875,0,0,0.88,0,0.12,0,1,0,0.04,0.06,0.9,0
1126,1,0,0,0,0,0,0,0,0,0,0.764705882,0.215686275,0,0.019607843,0.230769231,0.676923077,0,0.092307692,0,1,0,0,0,0.943396226,0.056603774
1127,1,0,0,0,0,0,0,0,0,0,0.78,0.22,0,0,0.230769231,0.676923077,0,0.092307692,0,1,0.018518519,0,0,0.925925926,0.055555556
1128,1,0,0,0,0,0,0,0,0,0,0.6,0.169230769,0.230769231,0,0,0.88,0,0.12,0,1,0.037037037,0,0,0.925925926,0.037037037
1129,1,0,0,0,0,0,0,0,0,0,0.6,0.169230769,0.230769231,0,0,0.88,0,0.12,0,1,0.037037037,0,0,0.925925926,0.037037037
1130,1,0,0,0,0,0,0,0,0,0,0.6,0.169230769,0.230769231,0,0,0.88,0,0.12,0,1,0.037037037,0,0,0.925925926,0.037037037
1131,1,0,0,0,0,0,0,0,0,0,0.6,0.169230769,0.230769231,0,0,0.88,0,0.12,0,1,0.037037037,0,0,0.925925926,0.037037037
1132,1,0,0,0,0,0,0,0,0,0,0.6,0.169230769,0.230769231,0,0,0.88,0,0.12,0,1,0.037037037,0,0,0.925925926,0.037037037
1133,1,0,0,0,1,0,0,0,0,0,0.78,0.22,0,0,0.230769231,0.676923077,0,0.092307692,0,1,0,0.018867925,0,0.924528302,0.056603774
1134,1,0,0,0,0,0,0,0,0,0,0.78,0.22,0,0,0.230769231,0.676923077,0,0.092307692,0,1,0.018518519,0,0,0.925925926,0.055555556
1135,1,0,0,0,0,0,0,0,0,0,0.78,0.22,0,0,0.230769231,0.676923077,0,0.092307692,0,1,0.018518519,0,0,0.925925926,0.055555556
1136,1,0,0,0,0,0,0,0,0,0,0.764705882,0.215686275,0,0.019607843,0.230769231,0.676923077,0,0.092307692,0,1,0,0,0,0.943396226,0.056603774
1137,1,0,0,0,0,0,0,0,0,0,0.764705882,0.215686275,0,0.019607843,0.230769231,0.676923077,0,0.092307692,0,1,0,0,0,0.943396226,0.056603774
1138,1,0,0,0,1,0,0,0,0,0,0.609375,0.171875,0.21875,0,0,0.88,0,0.12,0,1,0,0.04,0.06,0.9,0
1139,1,0,0,0,1,0,0,0,0,0,0.6,0.169230769,0.230769231,0,0,0.88,0,0.12,0,1,0,0.04,0.04,0.92,0
1140,1,0,0,0,0,0,0,0,0,0,0.6,0.169230769,0.230769231,0,0,0.88,0,0.12,0,1,0.037037037,0,0,0.925925926,0.037037037
1141,1,0,0,0,0,0,0,0,0,0,0.764705882,0.215686275,0,0.019607843,0.230769231,0.676923077,0,0.092307692,0,1,0,0,0,0.943396226,0.056603774
1142,1,0,0,0,0,0,0,0,0,0,0.78,0.22,0,0,0.230769231,0.676923077,0,0.092307692,0,1,0.018518519,0,0,0.925925926,0.055555556
1143,1,0,0,0,1,0,0,0,0,0,0.6,0.169230769,0.230769231,0,0,0.88,0,0.12,0,1,0,0.04,0.04,0.92,0
1144,1,0,0,0,1,0,0,0,0,0,0.6,0.169230769,0.230769231,0,0,0.88,0,0.12,0,1,0,0.04,0.04,0.92,0
1145,1,0,0,0,1,0,0,0,0,0,0.6,0.169230769,0.230769231,0,0,0.88,0,0.12,0,1,0,0.04,0.04,0.92,0
1146,1,0,0,0,1,0,0,0,0,0,0.6,0.169230769,0.230769231,0,0,0.88,0,0.12,0,1,0,0.04,0.04,0.92,0
1147,1,0,0,0,0,0,0,0,0,0,0.764705882,0.215686275,0,0.019607843,0.230769231,0.676923077,0,0.092307692,0,1,0,0,0,0.943396226,0.056603774
1148,1,0,0,0,0,0,0,0,0,0,0.764705882,0.215686275,0,0.019607843,0.230769231,0.676923077,0,0.092307692,0,1,0,0,0,0.943396226,0.056603774
1149,1,0,0,0,0,0,0,0,0,0,0.764705882,0.215686275,0,0.019607843,0.230769231,0.676923077,0,0.092307692,0,1,0,0,0,0.943396226,0.056603774
1150,1,0,0,0,0,0,0,0,0,0,0.764705882,0.215686275,0,0.019607843,0.230769231,0.676923077,0,0.092307692,0,1,0,0,0,0.943396226,0.056603774
1151,1,0,0,0,0,0,0,0,0,0,0.764705882,0.215686275,0,0.019607843,0.230769231,0.676923077,0,0.092307692,0,1,0,0,0,0.943396226,0.056603774
1152,1,0,0,0,1,0,0,0,0,0,0.6,0.169230769,0.230769231,0,0,0.88,0,0.12,0,1,0,0.04,0.04,0.92,0
1153,1,0,0,0,0,0,0,0,0,0,0.6,0.169230769,0.230769231,0,0,0.88,0,0.12,0,1,0.037037037,0,0,0.925925926,0.037037037
1154,1,0,0,0,1,0,0,0,0,0,0.609375,0.171875,0.21875,0,0,0.88,0,0.12,0,1,0,0.04,0.06,0.9,0
1155,1,0,0,0,1,0,0,0,0,0,0.609375,0.171875,0.21875,0,0,0.88,0,0.12,0,1,0,0.04,0.06,0.9,0
1156,1,0,0,0,0,0,0,0,0,0,0.78,0.22,0,0,0.230769231,0.676923077,0,0.092307692,0,1,0.018518519,0,0,0.925925926,0.055555556
1157,1,0,0,0,0,0,0,0,0,0,0.78,0.22,0,0,0.230769231,0.676923077,0,0.092307692,0,1,0.018518519,0,0,0.925925926,0.055555556
1158,1,0,0,0,0,0,0,0,0,0,0.609375,0.171875,0.21875,0,0,0.88,0,0.12,0,1,0.036363636,0,0,0.909090909,0.054545455
1159,1,0,0,0,0,0,0,0,0,0,0.609375,0.171875,0.21875,0,0,0.88,0,0.12,0,1,0.036363636,0,0,0.909090909,0.054545455
1160,1,0,0,0,0,0,0,0,0,0,0.6,0.169230769,0.230769231,0,0,0.88,0,0.12,0,1,0.037037037,0,0,0.925925926,0.037037037
1161,1,0,0,0,0,0,0,0,0,0,0.6,0.169230769,0.230769231,0,0,0.88,0,0.12,0,1,0.037037037,0,0,0.925925926,0.037037037
1162,1,0,0,0,1,0,0,0,0,0,0.609375,0.171875,0.21875,0,0,0.88,0,0.12,0,1,0,0.04,0.06,0.9,0
1163,1,0,0,0,1,0,0,0,0,0,0.6,0.169230769,0.230769231,0,0,0.88,0,0.12,0,1,0,0.04,0.04,0.92,0
1164,1,0,0,0,1,0,0,0,0,0,0.6,0.169230769,0.230769231,0,0,0.88,0,0.12,0,1,0,0.04,0.04,0.92,0
1165,1,0,0,0,1,0,0,0,0,0,0.6,0.169230769,0.230769231,0,0,0.88,0,0.12,0,1,0,0.04,0.04,0.92,0
1166,1,0,0,0,0,0,0,0,0,0,0.6,0.169230769,0.230769231,0,0,0.88,0,0.12,0,1,0.037037037,0,0,0.925925926,0.037037037
1167,1,0,0,0,0,0,0,0,0,0,0.6,0.169230769,0.230769231,0,0,0.88,0,0.12,0,1,0.037037037,0,0,0.925925926,0.037037037
1168,1,0,0,0,1,0,0,0,0,0,0.6,0.169230769,0.230769231,0,0,0.88,0,0.12,0,1,0,0.04,0.04,0.92,0
1169,1,0,0,0,1,0,0,0,0,0,0.6,0.169230769,0.230769231,0,0,0.88,0,0.12,0,1,0,0.04,0.04,0.92,0
1170,1,0,0,0,0,0,0,0,0,0,0.6,0.169230769,0.230769231,0,0,0.88,0,0.12,0,1,0.037037037,0,0,0.925925926,0.037037037
1171,1,0,0,0,0,0,0,0,0,0,0.6,0.169230769,0.230769231,0,0,0.88,0,0.12,0,1,0.037037037,0,0,0.925925926,0.037037037
1172,1,0,0,0,0,0,0,0,0,0,0.6,0.169230769,0.230769231,0,0,0.88,0,0.12,0,1,0.037037037,0,0,0.925925926,0.037037037
1173,1,0,0,0,0,0,0,0,0,0,0.6,0.169230769,0.230769231,0,0,0.88,0,0.12,0,1,0.037037037,0,0,0.925925926,0.037037037
1174,1,0,0,0,0,0,0,0,0,0,0.764705882,0.215686275,0,0.019607843,0.230769231,0.676923077,0,0.092307692,0,1,0,0,0,0.943396226,0.056603774
1175,1,0,0,0,1,0,0,0,0,0,0.78,0.22,0,0,0.230769231,0.676923077,0,0.092307692,0,1,0,0.018867925,0,0.924528302,0.056603774
1176,1,0,0,0,0,0,0,0,0,0,0.609375,0.171875,0.21875,0,0,0.88,0,0.12,0,1,0.036363636,0,0,0.909090909,0.054545455
1177,1,0,0,0,0,0,0,0,0,0,0.6,0.169230769,0.230769231,0,0,0.88,0,0.12,0,1,0.037037037,0,0,0.925925926,0.037037037
1178,1,0,0,0,0,0,0,0,0,0,0.6,0.169230769,0.230769231,0,0,0.88,0,0.12,0,1,0.037037037,0,0,0.925925926,0.037037037
1179,1,0,0,0,0,0,0,0,0,0,0.6,0.169230769,0.230769231,0,0,0.88,0,0.12,0,1,0.037037037,0,0,0.925925926,0.037037037
1180,1,0,0,0,0,0,0,0,0,0,0.609375,0.171875,0.21875,0,0,0.88,0,0.12,0,1,0.036363636,0,0,0.909090909,0.054545455
1181,1,0,0,0,1,0,0,0,0,0,0.6,0.169230769,0.230769231,0,0,0.88,0,0.12,0,1,0,0.04,0.04,0.92,0
1182,1,0,0,0,1,0,0,0,0,0,0.609375,0.171875,0.21875,0,0,0.88,0,0.12,0,1,0,0.04,0.06,0.9,0
1183,1,0,0,0,0,0,0,0,0,0,0.6,0.169230769,0.230769231,0,0,0.88,0,0.12,0,1,0.037037037,0,0,0.925925926,0.037037037
1184,1,0,0,0,0,0,0,0,0,0,0.609375,0.171875,0.21875,0,0,0.88,0,0.12,0,1,0.036363636,0,0,0.909090909,0.054545455
1185,1,0,0,0,0,0,0,0,0,0,0.609375,0.171875,0.21875,0,0,0.88,0,0.12,0,1,0.036363636,0,0,0.909090909,0.054545455
1186,1,0,0,0,0,0,0,0,0,0,0.609375,0.171875,0.21875,0,0,0.88,0,0.12,0,1,0.036363636,0,0,0.909090909,0.054545455
1187,1,0,0,0,0,0,0,0,0,0,0.6,0.169230769,0.230769231,0,0,0.88,0,0.12,0,1,0.037037037,0,0,0.925925926,0.037037037
1188,1,0,0,0,0,0,0,0,0,0,0.609375,0.171875,0.21875,0,0,0.88,0,0.12,0,1,0.036363636,0,0,0.909090909,0.054545455
1189,1,0,0,0,0,0,0,0,0,0,0.78,0.22,0,0,0.230769231,0.676923077,0,0.092307692,0,1,0.018518519,0,0,0.925925926,0.055555556
1190,1,0,0,0,1,0,0,0,0,0,0.6,0.169230769,0.230769231,0,0,0.88,0,0.12,0,1,0,0.038461538,0,0.923076923,0.038461538
1191,1,0,0,0,1,0,0,0,0,0,0.6,0.169230769,0.230769231,0,0,0.88,0,0.12,0,1,0,0.038461538,0,0.923076923,0.038461538
1192,1,0,0,0,1,0,0,0,0,0,0.6,0.169230769,0.230769231,0,0,0.88,0,0.12,0,1,0,0.038461538,0,0.923076923,0.038461538
1193,1,0,0,0,1,0,0,0,0,0,0.78,0.22,0,0,0.230769231,0.676923077,0,0.092307692,0,1,0,0.018867925,0,0.924528302,0.056603774
1194,1,0,0,0,0,0,0,0,0,0,0.78,0.22,0,0,0.230769231,0.676923077,0,0.092307692,0,1,0.018518519,0,0,0.925925926,0.055555556
1195,1,0,0,0,0,0,0,0,0,0,0.764705882,0.215686275,0,0.019607843,0.230769231,0.676923077,0,0.092307692,0,1,0,0,0,0.943396226,0.056603774
1196,1,0,0,0,0,0,0,0,0,0,0.78,0.22,0,0,0.230769231,0.676923077,0,0.092307692,0,1,0.018518519,0,0,0.925925926,0.055555556
1197,1,0,0,0,0,0,0,0,0,0,0.764705882,0.215686275,0,0.019607843,0.230769231,0.676923077,0,0.092307692,0,1,0,0,0,0.943396226,0.056603774
1198,1,0,0,0,1,0,0,0,0,0,0.609375,0.171875,0.21875,0,0,0.88,0,0.12,0,1,0,0.037735849,0,0.905660377,0.056603774
1199,1,0,0,0,1,0,0,0,0,0,0.6,0.169230769,0.230769231,0,0,0.88,0,0.12,0,1,0,0.038461538,0,0.923076923,0.038461538
1200,1,0,0,0,0,0,0,0,0,0,0.78,0.22,0,0,0.230769231,0.676923077,0,0.092307692,0,1,0.018518519,0,0,0.925925926,0.055555556
1201,1,0,0,0,0,0,0,0,0,0,0.6,0.169230769,0.230769231,0,0,0.88,0,0.12,0,1,0.037037037,0,0,0.925925926,0.037037037
1202,1,0,0,0,0,0,0,0,0,0,0.764705882,0.215686275,0,0.019607843,0.230769231,0.676923077,0,0.092307692,0,1,0,0,0,0.943396226,0.056603774
1203,1,0,0,0,0,0,0,0,0,0,0.6,0.169230769,0.230769231,0,0,0.88,0,0.12,0,1,0.037037037,0,0,0.925925926,0.037037037
1204,1,0,0,0,0,0,0,0,0,0,0.78,0.22,0,0,0.230769231,0.676923077,0,0.092307692,0,1,0.018518519,0,0,0.925925926,0.055555556
1205,1,0,0,0,0,0,0,0,0,0,0.78,0.22,0,0,0.230769231,0.676923077,0,0.092307692,0,1,0.018518519,0,0,0.925925926,0.055555556
1206,1,0,0,0,0,0,0,0,0,0,0.6,0.169230769,0.230769231,0,0,0.88,0,0.12,0,1,0.037037037,0,0,0.925925926,0.037037037
1207,1,0,0,0,0,0,0,0,0,0,0.6,0.169230769,0.230769231,0,0,0.88,0,0.12,0,1,0.037037037,0,0,0.925925926,0.037037037
1208,1,0,0,0,0,0,0,0,0,0,0.6,0.169230769,0.230769231,0,0,0.88,0,0.12,0,1,0.037037037,0,0,0.925925926,0.037037037
1209,1,0,0,0,1,0,0,0,0,0,0.6,0.169230769,0.230769231,0,0,0.88,0,0.12,0,1,0,0.038461538,0,0.923076923,0.038461538
1210,1,0,0,0,1,0,0,0,0,0,0.6,0.169230769,0.230769231,0,0,0.88,0,0.12,0,1,0,0.038461538,0,0.923076923,0.038461538
1211,1,0,0,0,0,0,0,0,0,0,0.6,0.169230769,0.230769231,0,0,0.88,0,0.12,0,1,0.037037037,0,0,0.925925926,0.037037037
1212,1,0,0,0,0,0,0,0,0,0,0.6,0.169230769,0.230769231,0,0,0.88,0,0.12,0,1,0.037037037,0,0,0.925925926,0.037037037
1213,1,0,0,0,0,0,0,0,0,0,0.6,0.169230769,0.230769231,0,0,0.88,0,0.12,0,1,0.037037037,0,0,0.925925926,0.037037037
1214,1,0,0,0,0,0,0,0,0,0,0.609375,0.171875,0.21875,0,0,0.88,0,0.12,0,1,0.036363636,0,0,0.909090909,0.054545455
1215,1,0,0,0,0,0,0,0,0,0,0.764705882,0.215686275,0,0.019607843,0.230769231,0.676923077,0,0.092307692,0,1,0,0,0,0.943396226,0.056603774
1216,1,0,0,0,0,0,0,0,0,0,0.764705882,0.215686275,0,0.019607843,0.230769231,0.676923077,0,0.092307692,0,1,0,0,0,0.943396226,0.056603774
1217,1,0,0,0,0,0,0,0,0,0,0.6,0.169230769,0.230769231,0,0,0.88,0,0.12,0,1,0.037037037,0,0,0.925925926,0.037037037
1218,1,0,0,0,0,0,0,0,0,0,0.609375,0.171875,0.21875,0,0,0.88,0,0.12,0,1,0.036363636,0,0,0.909090909,0.054545455
1219,1,0,0,0,0,0,0,0,0,0,0.764705882,0.215686275,0,0.019607843,0.230769231,0.676923077,0,0.092307692,0,1,0,0,0,0.943396226,0.056603774
1220,1,0,0,0,0,0,0,0,0,0,0.609375,0.171875,0.21875,0,0,0.88,0,0.12,0,1,0.036363636,0,0,0.909090909,0.054545455
1221,1,0,0,0,1,0,0,0,0,0,0.6,0.169230769,0.230769231,0,0,0.88,0,0.12,0,1,0,0.038461538,0,0.923076923,0.038461538
1222,1,0,0,0,0,0,0,0,0,0,0.6,0.169230769,0.230769231,0,0,0.88,0,0.12,0,1,0.037037037,0,0,0.925925926,0.037037037
1223,1,0,0,0,0,0,0,0,0,0,0.764705882,0.215686275,0,0.019607843,0.230769231,0.676923077,0,0.092307692,0,1,0,0,0,0.943396226,0.056603774
1224,1,0,0,0,0,0,0,0,0,0,0.6,0.169230769,0.230769231,0,0,0.88,0,0.12,0,1,0.037037037,0,0,0.925925926,0.037037037
1225,1,0,0,0,0,0,0,0,0,0,0.609375,0.171875,0.21875,0,0,0.88,0,0.12,0,1,0.036363636,0,0,0.909090909,0.054545455
1226,1,0,0,0,0,0,0,0,0,0,0.609375,0.171875,0.21875,0,0,0.88,0,0.12,0,1,0.036363636,0,0,0.909090909,0.054545455
1227,1,0,0,0,1,0,0,0,0,0,0.6,0.169230769,0.230769231,0,0,0.88,0,0.12,0,1,0,0.038461538,0,0.923076923,0.038461538
1228,1,0,0,0,1,0,0,0,0,0,0.609375,0.171875,0.21875,0,0,0.88,0,0.12,0,1,0,0.037735849,0,0.905660377,0.056603774
1229,1,0,0,0,1,0,0,0,0,0,0.609375,0.171875,0.21875,0,0,0.88,0,0.12,0,1,0,0.037735849,0,0.905660377,0.056603774
1230,1,0,0,0,1,0,0,0,0,0,0.6,0.169230769,0.230769231,0,0,0.88,0,0.12,0,1,0,0.038461538,0,0.923076923,0.038461538
1231,1,0,0,0,1,0,0,0,0,0,0.6,0.169230769,0.230769231,0,0,0.88,0,0.12,0,1,0,0.038461538,0,0.923076923,0.038461538
1232,1,0,0,0,0,0,0,0,0,0,0.78,0.22,0,0,0.230769231,0.676923077,0,0.092307692,0,1,0.018518519,0,0,0.925925926,0.055555556
1233,1,0,0,0,0,0,0,0,0,0,0.78,0.22,0,0,0.230769231,0.676923077,0,0.092307692,0,1,0.018518519,0,0,0.925925926,0.055555556
1234,1,0,0,0,0,0,0,0,0,0,0.764705882,0.215686275,0,0.019607843,0.230769231,0.676923077,0,0.092307692,0,1,0,0,0,0.943396226,0.056603774
1235,1,0,0,0,0,0,0,0,0,0,0.764705882,0.215686275,0,0.019607843,0.230769231,0.676923077,0,0.092307692,0,1,0,0,0,0.943396226,0.056603774
1236,1,0,0,0,0,0,0,0,0,0,0.6,0.169230769,0.230769231,0,0,0.88,0,0.12,0,1,0.037037037,0,0,0.925925926,0.037037037
1237,1,0,0,0,0,0,0,0,0,0,0.78,0.22,0,0,0.230769231,0.676923077,0,0.092307692,0,1,0.018518519,0,0,0.925925926,0.055555556
1238,1,0,0,0,0,0,0,0,0,0,0.78,0.22,0,0,0.230769231,0.676923077,0,0.092307692,0,1,0.018518519,0,0,0.925925926,0.055555556
1239,1,0,0,0,0,0,0,0,0,0,0.6,0.169230769,0.230769231,0,0,0.88,0,0.12,0,1,0.037037037,0,0,0.925925926,0.037037037
1240,1,0,0,0,0,0,0,0,0,0,0.609375,0.171875,0.21875,0,0,0.88,0,0.12,0,1,0.036363636,0,0,0.909090909,0.054545455
1241,1,0,0,0,0,0,0,0,0,0,0.6,0.169230769,0.230769231,0,0,0.88,0,0.12,0,1,0.037037037,0,0,0.925925926,0.037037037
1242,1,0,0,0,0,0,0,0,0,0,0.609375,0.171875,0.21875,0,0,0.88,0,0.12,0,1,0.036363636,0,0,0.909090909,0.054545455
1243,1,0,0,0,0,0,0,0,0,0,0.6,0.169230769,0.230769231,0,0,0.88,0,0.12,0,1,0.037037037,0,0,0.925925926,0.037037037
1244,1,0,0,0,0,0,0,0,0,0,0.6,0.169230769,0.230769231,0,0,0.88,0,0.12,0,1,0.037037037,0,0,0.925925926,0.037037037
1245,1,0,0,0,0,0,0,0,0,0,0.609375,0.171875,0.21875,0,0,0.88,0,0.12,0,1,0.036363636,0,0,0.909090909,0.054545455
1246,1,0,0,0,0,0,0,0,0,0,0.609375,0.171875,0.21875,0,0,0.88,0,0.12,0,1,0.036363636,0,0,0.909090909,0.054545455
1247,1,0,0,0,0,0,0,0,0,0,0.609375,0.171875,0.21875,0,0,0.88,0,0.12,0,1,0.036363636,0,0,0.909090909,0.054545455
1248,1,0,0,0,0,0,0,0,0,0,0.6,0.169230769,0.230769231,0,0,0.88,0,0.12,0,1,0.037037037,0,0,0.925925926,0.037037037
1249,1,0,0,0,1,0,0,0,0,0,0.6,0.169230769,0.230769231,0,0,0.88,0,0.12,0,1,0,0.038461538,0,0.923076923,0.038461538