"('NPA', 'np')","('NPA', 'np1')","('NPA', 'np2')","('NPA', ('NPA', 'NPA'))","('NPO', 'np')","('NPO', 'np1')","('NPO', 'np2')","('NPO', ('NPA', 'NPO'))","('NPO', ('NPO', 'NPA'))","('NPS', 'np')","('NPS', 'np1')","('NPS', 'np2')","('NPS', ('NPA', 'NPS'))","('NPS', ('NPS', 'NPA'))","('S', ('NPA', 'S'))","('S', ('NPS', 'VP'))","('S', ('S', 'NPA'))","('S', ('VP',))","('V', 'v')","('VP', ('NPA', 'VP'))","('VP', ('NPO', 'V'))","('VP', ('V',))","('VP', ('VP', 'NPA'))",
0.416666667,0.5,0.083333333,0,0,0.76744186,0.23255814,0,0,0.823529412,0,0,0.176470588,0,0,0.237288136,0.152542373,0.610169492,1,0,0.86,0.14,0,0
0.416666667,0.5,0.083333333,0,0,0.76744186,0.23255814,0,0,0.823529412,0,0,0.176470588,0,0,0.237288136,0.152542373,0.610169492,1,0,0.86,0.14,0,1
0.416666667,0.5,0.083333333,0,0,0.76744186,0.23255814,0,0,0.823529412,0,0,0.176470588,0,0,0.237288136,0.152542373,0.610169492,1,0,0.86,0.14,0,2
0.416666667,0.5,0.083333333,0,0,0.76744186,0.23255814,0,0,0.823529412,0,0,0.176470588,0,0,0.237288136,0.152542373,0.610169492,1,0,0.86,0.14,0,3
0.416666667,0.5,0.083333333,0,0,0.76744186,0.23255814,0,0,0.823529412,0,0,0.176470588,0,0,0.237288136,0.152542373,0.610169492,1,0,0.86,0.14,0,4
0.730769231,0.230769231,0.038461538,0,0,0.76744186,0.23255814,0,0,0,0,0,0,0,0.253731343,0,0,0.746268657,1,0,0.728813559,0.118644068,0.152542373,5
0.730769231,0.230769231,0.038461538,0,0,0.76744186,0.23255814,0,0,0,0,0,0,0,0.253731343,0,0,0.746268657,1,0,0.728813559,0.118644068,0.152542373,6
0.416666667,0.5,0.083333333,0,0,0.76744186,0.23255814,0,0,0.823529412,0,0,0.176470588,0,0,0.28,0,0.72,1,0,0.728813559,0.118644068,0.152542373,7
0.416666667,0.5,0.083333333,0,0,0.76744186,0.23255814,0,0,0.823529412,0,0,0.176470588,0,0,0.237288136,0.152542373,0.610169492,1,0,0.86,0.14,0,8
0.416666667,0.5,0.083333333,0,0,0.76744186,0.23255814,0,0,0.823529412,0,0,0.176470588,0,0,0.237288136,0.152542373,0.610169492,1,0,0.86,0.14,0,9
0.416666667,0.5,0.083333333,0,0,0.76744186,0.23255814,0,0,0.823529412,0,0,0.176470588,0,0,0.28,0,0.72,1,0,0.728813559,0.118644068,0.152542373,10
0.416666667,0.5,0.083333333,0,0,0.76744186,0.23255814,0,0,0.823529412,0,0,0.176470588,0,0,0.237288136,0.152542373,0.610169492,1,0,0.86,0.14,0,11
0.416666667,0.5,0.083333333,0,0,0.76744186,0.23255814,0,0,0.823529412,0,0,0.176470588,0,0,0.237288136,0.152542373,0.610169492,1,0,0.86,0.14,0,12
0.416666667,0.5,0.083333333,0,0,0.76744186,0.23255814,0,0,0.823529412,0,0,0.176470588,0,0,0.28,0,0.72,1,0,0.728813559,0.118644068,0.152542373,13
0.416666667,0.5,0.083333333,0,0,0.76744186,0.23255814,0,0,0.823529412,0,0,0.176470588,0,0,0.28,0,0.72,1,0,0.728813559,0.118644068,0.152542373,14
0.730769231,0.230769231,0.038461538,0,0,0.76744186,0.23255814,0,0,0,0,0,0,0,0.253731343,0,0,0.746268657,1,0,0.728813559,0.118644068,0.152542373,15
0.730769231,0.230769231,0.038461538,0,0,0.76744186,0.23255814,0,0,0,0,0,0,0,0.253731343,0,0,0.746268657,1,0,0.728813559,0.118644068,0.152542373,16
0.730769231,0.230769231,0.038461538,0,0,0.76744186,0.23255814,0,0,0,0,0,0,0,0.253731343,0,0,0.746268657,1,0,0.728813559,0.118644068,0.152542373,17
0.730769231,0.230769231,0.038461538,0,0,0.76744186,0.23255814,0,0,0,0,0,0,0,0.253731343,0,0,0.746268657,1,0,0.728813559,0.118644068,0.152542373,18
0.730769231,0.230769231,0.038461538,0,0,0.76744186,0.23255814,0,0,0,0,0,0,0,0.253731343,0,0,0.746268657,1,0,0.728813559,0.118644068,0.152542373,19
0.703703704,0.222222222,0.074074074,0,0,0.785714286,0.214285714,0,0,0,0,0,0,0,0.264705882,0,0,0.735294118,1,0,0.711864407,0.13559322,0.152542373,20
0.730769231,0.230769231,0.038461538,0,0,0.76744186,0.23255814,0,0,0,0,0,0,0,0.253731343,0,0,0.746268657,1,0,0.728813559,0.118644068,0.152542373,21
0.416666667,0.5,0.083333333,0,0,0.76744186,0.23255814,0,0,0.823529412,0,0,0.176470588,0,0,0.28,0,0.72,1,0,0.728813559,0.118644068,0.152542373,22
0.416666667,0.5,0.083333333,0,0,0.76744186,0.23255814,0,0,0.823529412,0,0,0.176470588,0,0,0.28,0,0.72,1,0,0.728813559,0.118644068,0.152542373,23
0.416666667,0.5,0.083333333,0,0,0.76744186,0.23255814,0,0,0.823529412,0,0,0.176470588,0,0,0.237288136,0.152542373,0.610169492,1,0,0.86,0.14,0,24
0.416666667,0.5,0.083333333,0,0,0.76744186,0.23255814,0,0,0.823529412,0,0,0.176470588,0,0,0.28,0,0.72,1,0,0.728813559,0.118644068,0.152542373,25
0.416666667,0.5,0.083333333,0,0,0.76744186,0.23255814,0,0,0.823529412,0,0,0.176470588,0,0,0.28,0,0.72,1,0,0.728813559,0.118644068,0.152542373,26
0.416666667,0.5,0.083333333,0,0,0.76744186,0.23255814,0,0,0.823529412,0,0,0.176470588,0,0,0.237288136,0.152542373,0.610169492,1,0,0.86,0.14,0,27
0.416666667,0.5,0.083333333,0,0,0.76744186,0.23255814,0,0,0.823529412,0,0,0.176470588,0,0,0.28,0,0.72,1,0,0.728813559,0.118644068,0.152542373,28
0.416666667,0.5,0.083333333,0,0,0.76744186,0.23255814,0,0,0.823529412,0,0,0.176470588,0,0,0.237288136,0.152542373,0.610169492,1,0,0.86,0.14,0,29
0.416666667,0.5,0.083333333,0,0,0.76744186,0.23255814,0,0,0.823529412,0,0,0.176470588,0,0,0.28,0,0.72,1,0,0.728813559,0.118644068,0.152542373,30
0.416666667,0.5,0.083333333,0,0,0.76744186,0.23255814,0,0,0.823529412,0,0,0.176470588,0,0,0.28,0,0.72,1,0,0.728813559,0.118644068,0.152542373,31
0.416666667,0.5,0.083333333,0,0,0.76744186,0.23255814,0,0,0.823529412,0,0,0.176470588,0,0,0.28,0,0.72,1,0,0.728813559,0.118644068,0.152542373,32
0.416666667,0.5,0.083333333,0,0,0.76744186,0.23255814,0,0,0.823529412,0,0,0.176470588,0,0,0.28,0,0.72,1,0,0.728813559,0.118644068,0.152542373,33
0.416666667,0.5,0.083333333,0,0,0.76744186,0.23255814,0,0,0.823529412,0,0,0.176470588,0,0,0.28,0,0.72,1,0,0.728813559,0.118644068,0.152542373,34
0.416666667,0.5,0.083333333,0,0,0.76744186,0.23255814,0,0,0.823529412,0,0,0.176470588,0,0,0.28,0,0.72,1,0,0.728813559,0.118644068,0.152542373,35
0.730769231,0.230769231,0.038461538,0,0,0.76744186,0.23255814,0,0,0,0,0,0,0,0.253731343,0,0,0.746268657,1,0,0.728813559,0.118644068,0.152542373,36
0.416666667,0.5,0.083333333,0,0,0.76744186,0.23255814,0,0,0.823529412,0,0,0.176470588,0,0,0.237288136,0.152542373,0.610169492,1,0,0.86,0.14,0,37
0.416666667,0.5,0.083333333,0,0,0.76744186,0.23255814,0,0,0.823529412,0,0,0.176470588,0,0,0.237288136,0.152542373,0.610169492,1,0,0.86,0.14,0,38
0.416666667,0.5,0.083333333,0,0,0.76744186,0.23255814,0,0,0.823529412,0,0,0.176470588,0,0,0.237288136,0.152542373,0.610169492,1,0,0.86,0.14,0,39
0.416666667,0.5,0.083333333,0,0,0.76744186,0.23255814,0,0,0.823529412,0,0,0.176470588,0,0,0.237288136,0.152542373,0.610169492,1,0,0.86,0.14,0,40
0.416666667,0.5,0.083333333,0,0,0.76744186,0.23255814,0,0,0.823529412,0,0,0.176470588,0,0,0.237288136,0.152542373,0.610169492,1,0,0.86,0.14,0,41
0.416666667,0.5,0.083333333,0,0,0.76744186,0.23255814,0,0,0.823529412,0,0,0.176470588,0,0,0.237288136,0.152542373,0.610169492,1,0,0.86,0.14,0,42
0.416666667,0.5,0.083333333,0,0,0.76744186,0.23255814,0,0,0.823529412,0,0,0.176470588,0,0,0.237288136,0.152542373,0.610169492,1,0,0.86,0.14,0,43
0.416666667,0.5,0.083333333,0,0,0.76744186,0.23255814,0,0,0.823529412,0,0,0.176470588,0,0,0.237288136,0.152542373,0.610169492,1,0,0.86,0.14,0,44
0.416666667,0.5,0.083333333,0,0,0.76744186,0.23255814,0,0,0.823529412,0,0,0.176470588,0,0,0.28,0,0.72,1,0,0.728813559,0.118644068,0.152542373,45
0.730769231,0.230769231,0.038461538,0,0,0.76744186,0.23255814,0,0,0,0,0,0,0,0.253731343,0,0,0.746268657,1,0,0.728813559,0.118644068,0.152542373,46
0.703703704,0.259259259,0.037037037,0,0,0.761904762,0.238095238,0,0,0,0,0,0,0,0.264705882,0,0,0.735294118,1,0,0.711864407,0.13559322,0.152542373,47
0.730769231,0.230769231,0.038461538,0,0,0.76744186,0.23255814,0,0,0,0,0,0,0,0.253731343,0,0,0.746268657,1,0,0.728813559,0.118644068,0.152542373,48
0.703703704,0.259259259,0.037037037,0,0,0.761904762,0.238095238,0,0,0,0,0,0,0,0.264705882,0,0,0.735294118,1,0,0.711864407,0.13559322,0.152542373,49
0.730769231,0.230769231,0.038461538,0,0,0.76744186,0.23255814,0,0,0,0,0,0,0,0.253731343,0,0,0.746268657,1,0,0.728813559,0.118644068,0.152542373,50
0.730769231,0.230769231,0.038461538,0,0,0,0,0,0,0,0.76744186,0.23255814,0,0,0.253731343,0.641791045,0,0.104477612,1,0,0,0.847457627,0.152542373,51
0.703703704,0.259259259,0.037037037,0,0,0,0,0,0,0,0.761904762,0.238095238,0,0,0.264705882,0.617647059,0,0.117647059,1,0,0,0.847457627,0.152542373,52
0.703703704,0.222222222,0.074074074,0,0,0,0,0,0,0,0.785714286,0.214285714,0,0,0.264705882,0.617647059,0,0.117647059,1,0,0,0.847457627,0.152542373,53
0.730769231,0.230769231,0.038461538,0,0,0,0,0,0,0,0.76744186,0.23255814,0,0,0.253731343,0.641791045,0,0.104477612,1,0,0,0.847457627,0.152542373,54
0.730769231,0.230769231,0.038461538,0,0,0.76744186,0.23255814,0,0,0,0,0,0,0,0.253731343,0,0,0.746268657,1,0,0.728813559,0.118644068,0.152542373,55
0.416666667,0.5,0.083333333,0,0,0.76744186,0.23255814,0,0,0.823529412,0,0,0.176470588,0,0,0.28,0,0.72,1,0,0.728813559,0.118644068,0.152542373,56
0.416666667,0.5,0.083333333,0,0,0.76744186,0.23255814,0,0,0.823529412,0,0,0.176470588,0,0,0.237288136,0.152542373,0.610169492,1,0,0.86,0.14,0,57
0.416666667,0.5,0.083333333,0,0,0.76744186,0.23255814,0,0,0.823529412,0,0,0.176470588,0,0,0.28,0,0.72,1,0,0.728813559,0.118644068,0.152542373,58
0.416666667,0.5,0.083333333,0,0,0.76744186,0.23255814,0,0,0.823529412,0,0,0.176470588,0,0,0.28,0,0.72,1,0,0.728813559,0.118644068,0.152542373,59
0.416666667,0.5,0.083333333,0,0,0.76744186,0.23255814,0,0,0.823529412,0,0,0.176470588,0,0,0.237288136,0.152542373,0.610169492,1,0,0.86,0.14,0,60
0.416666667,0.5,0.083333333,0,0,0.76744186,0.23255814,0,0,0.823529412,0,0,0.176470588,0,0,0.28,0,0.72,1,0,0.728813559,0.118644068,0.152542373,61
0.416666667,0.5,0.083333333,0,0,0.76744186,0.23255814,0,0,0.823529412,0,0,0.176470588,0,0,0.28,0,0.72,1,0,0.728813559,0.118644068,0.152542373,62
0.416666667,0.5,0.083333333,0,0,0.76744186,0.23255814,0,0,0.823529412,0,0,0.176470588,0,0,0.28,0,0.72,1,0,0.728813559,0.118644068,0.152542373,63
0.730769231,0.230769231,0.038461538,0,0,0.76744186,0.23255814,0,0,0,0,0,0,0,0.253731343,0,0,0.746268657,1,0,0.728813559,0.118644068,0.152542373,64
0.703703704,0.259259259,0.037037037,0,0,0.761904762,0.238095238,0,0,0,0,0,0,0,0.264705882,0,0,0.735294118,1,0,0.711864407,0.13559322,0.152542373,65
0.730769231,0.230769231,0.038461538,0,0,0.76744186,0.23255814,0,0,0,0,0,0,0,0.253731343,0,0,0.746268657,1,0,0.728813559,0.118644068,0.152542373,66
0.703703704,0.259259259,0.037037037,0,0,0.761904762,0.238095238,0,0,0,0,0,0,0,0.264705882,0,0,0.735294118,1,0,0.711864407,0.13559322,0.152542373,67
0.730769231,0.230769231,0.038461538,0,0,0.76744186,0.23255814,0,0,0,0,0,0,0,0.253731343,0,0,0.746268657,1,0,0.728813559,0.118644068,0.152542373,68
0.416666667,0.5,0.083333333,0,0,0.76744186,0.23255814,0,0,0.823529412,0,0,0.176470588,0,0,0.237288136,0.152542373,0.610169492,1,0,0.86,0.14,0,69
0.416666667,0.5,0.083333333,0,0,0.76744186,0.23255814,0,0,0.823529412,0,0,0.176470588,0,0,0.237288136,0.152542373,0.610169492,1,0,0.86,0.14,0,70
0.703703704,0.259259259,0.037037037,0,0,0,0,0,0,0,0.761904762,0.238095238,0,0,0.264705882,0.617647059,0,0.117647059,1,0,0,0.847457627,0.152542373,71
0.703703704,0.222222222,0.074074074,0,0,0,0,0,0,0,0.785714286,0.214285714,0,0,0.264705882,0.617647059,0,0.117647059,1,0,0,0.847457627,0.152542373,72
0.703703704,0.259259259,0.037037037,0,0,0,0,0,0,0,0.761904762,0.238095238,0,0,0.264705882,0.617647059,0,0.117647059,1,0,0,0.847457627,0.152542373,73
0.730769231,0.230769231,0.038461538,0,0,0,0,0,0,0,0.76744186,0.23255814,0,0,0.253731343,0.641791045,0,0.104477612,1,0,0,0.847457627,0.152542373,74
0.678571429,0.285714286,0.035714286,0,0,0,0,0,0,0,0.756097561,0.243902439,0,0,0.275362319,0.594202899,0,0.130434783,1,0,0,0.847457627,0.152542373,75
0.703703704,0.259259259,0.037037037,0,0,0,0,0,0,0,0.761904762,0.238095238,0,0,0.264705882,0.617647059,0,0.117647059,1,0,0,0.847457627,0.152542373,76
0.416666667,0.5,0.083333333,0,0,0.76744186,0.23255814,0,0,0.823529412,0,0,0.176470588,0,0,0.237288136,0.152542373,0.610169492,1,0,0.86,0.14,0,77
0.703703704,0.259259259,0.037037037,0,0,0.761904762,0.238095238,0,0,0,0,0,0,0,0.264705882,0,0,0.735294118,1,0,0.711864407,0.13559322,0.152542373,78
0.730769231,0.230769231,0.038461538,0,0,0,0,0,0,0,0.76744186,0.23255814,0,0,0.253731343,0.641791045,0,0.104477612,1,0,0,0.847457627,0.152542373,79
0.416666667,0.5,0.083333333,0,0,0.76744186,0.23255814,0,0,0.823529412,0,0,0.176470588,0,0,0.28,0,0.72,1,0,0.728813559,0.118644068,0.152542373,80
0.416666667,0.5,0.083333333,0,0,0.76744186,0.23255814,0,0,0.823529412,0,0,0.176470588,0,0,0.237288136,0.152542373,0.610169492,1,0,0.86,0.14,0,81
0.416666667,0.5,0.083333333,0,0,0.76744186,0.23255814,0,0,0.823529412,0,0,0.176470588,0,0,0.28,0,0.72,1,0,0.728813559,0.118644068,0.152542373,82
0.703703704,0.259259259,0.037037037,0,0,0.761904762,0.238095238,0,0,0,0,0,0,0,0.264705882,0,0,0.735294118,1,0,0.711864407,0.13559322,0.152542373,83
0.703703704,0.259259259,0.037037037,0,0,0.761904762,0.238095238,0,0,0,0,0,0,0,0.264705882,0,0,0.735294118,1,0,0.711864407,0.13559322,0.152542373,84
0.703703704,0.222222222,0.074074074,0,0,0.785714286,0.214285714,0,0,0,0,0,0,0,0.264705882,0,0,0.735294118,1,0,0.711864407,0.13559322,0.152542373,85
0.416666667,0.5,0.083333333,0,0,0.76744186,0.23255814,0,0,0.823529412,0,0,0.176470588,0,0,0.237288136,0.152542373,0.610169492,1,0,0.86,0.14,0,86
0.416666667,0.5,0.083333333,0,0,0.76744186,0.23255814,0,0,0.823529412,0,0,0.176470588,0,0,0.237288136,0.152542373,0.610169492,1,0,0.86,0.14,0,87
0.416666667,0.5,0.083333333,0,0,0.76744186,0.23255814,0,0,0.823529412,0,0,0.176470588,0,0,0.28,0,0.72,1,0,0.728813559,0.118644068,0.152542373,88
0.416666667,0.5,0.083333333,0,0,0.76744186,0.23255814,0,0,0.823529412,0,0,0.176470588,0,0,0.28,0,0.72,1,0,0.728813559,0.118644068,0.152542373,89
0.416666667,0.5,0.083333333,0,0,0.76744186,0.23255814,0,0,0.823529412,0,0,0.176470588,0,0,0.28,0,0.72,1,0,0.728813559,0.118644068,0.152542373,90
0.416666667,0.5,0.083333333,0,0,0.76744186,0.23255814,0,0,0.823529412,0,0,0.176470588,0,0,0.28,0,0.72,1,0,0.728813559,0.118644068,0.152542373,91
0.416666667,0.5,0.083333333,0,0,0.76744186,0.23255814,0,0,0.823529412,0,0,0.176470588,0,0,0.28,0,0.72,1,0,0.728813559,0.118644068,0.152542373,92
0.416666667,0.5,0.083333333,0,0,0.76744186,0.23255814,0,0,0.823529412,0,0,0.176470588,0,0,0.28,0,0.72,1,0,0.728813559,0.118644068,0.152542373,93
0.416666667,0.5,0.083333333,0,0,0.76744186,0.23255814,0,0,0.823529412,0,0,0.176470588,0,0,0.28,0,0.72,1,0,0.728813559,0.118644068,0.152542373,94
0.416666667,0.5,0.083333333,0,0,0.76744186,0.23255814,0,0,0.823529412,0,0,0.176470588,0,0,0.28,0,0.72,1,0,0.728813559,0.118644068,0.152542373,95
0.416666667,0.5,0.083333333,0,0,0.76744186,0.23255814,0,0,0.823529412,0,0,0.176470588,0,0,0.237288136,0.152542373,0.610169492,1,0,0.86,0.14,0,96
0.416666667,0.5,0.083333333,0,0,0.76744186,0.23255814,0,0,0.823529412,0,0,0.176470588,0,0,0.237288136,0.152542373,0.610169492,1,0,0.86,0.14,0,97
0.416666667,0.5,0.083333333,0,0,0.76744186,0.23255814,0,0,0.823529412,0,0,0.176470588,0,0,0.237288136,0.152542373,0.610169492,1,0,0.86,0.14,0,98
0.416666667,0.5,0.083333333,0,0,0.76744186,0.23255814,0,0,0.823529412,0,0,0.176470588,0,0,0.237288136,0.152542373,0.610169492,1,0,0.86,0.14,0,99
0.703703704,0.259259259,0.037037037,0,0,0.761904762,0.238095238,0,0,0,0,0,0,0,0.264705882,0,0,0.735294118,1,0,0.711864407,0.13559322,0.152542373,100
0.730769231,0.230769231,0.038461538,0,0,0.76744186,0.23255814,0,0,0,0,0,0,0,0.253731343,0,0,0.746268657,1,0,0.728813559,0.118644068,0.152542373,101
0.416666667,0.5,0.083333333,0,0,0.76744186,0.23255814,0,0,0.823529412,0,0,0.176470588,0,0,0.237288136,0.152542373,0.610169492,1,0,0.86,0.14,0,102
0.416666667,0.5,0.083333333,0,0,0.76744186,0.23255814,0,0,0.823529412,0,0,0.176470588,0,0,0.28,0,0.72,1,0,0.728813559,0.118644068,0.152542373,103
0.416666667,0.5,0.083333333,0,0,0.76744186,0.23255814,0,0,0.823529412,0,0,0.176470588,0,0,0.237288136,0.152542373,0.610169492,1,0,0.86,0.14,0,104
0.678571429,0.285714286,0.035714286,0,0,0.756097561,0.243902439,0,0,0,0,0,0,0,0.275362319,0,0,0.724637681,1,0,0.694915254,0.152542373,0.152542373,105
0.416666667,0.5,0.083333333,0,0,0.76744186,0.23255814,0,0,0.823529412,0,0,0.176470588,0,0,0.237288136,0.152542373,0.610169492,1,0,0.86,0.14,0,106
0.416666667,0.5,0.083333333,0,0,0.76744186,0.23255814,0,0,0.823529412,0,0,0.176470588,0,0,0.28,0,0.72,1,0,0.728813559,0.118644068,0.152542373,107
0.416666667,0.5,0.083333333,0,0,0.76744186,0.23255814,0,0,0.823529412,0,0,0.176470588,0,0,0.28,0,0.72,1,0,0.728813559,0.118644068,0.152542373,108
0.416666667,0.5,0.083333333,0,0,0.76744186,0.23255814,0,0,0.823529412,0,0,0.176470588,0,0,0.28,0,0.72,1,0,0.728813559,0.118644068,0.152542373,109
0.416666667,0.5,0.083333333,0,0,0.76744186,0.23255814,0,0,0.823529412,0,0,0.176470588,0,0,0.28,0,0.72,1,0,0.728813559,0.118644068,0.152542373,110
0.416666667,0.5,0.083333333,0,0,0.76744186,0.23255814,0,0,0.823529412,0,0,0.176470588,0,0,0.237288136,0.152542373,0.610169492,1,0,0.86,0.14,0,111
0.416666667,0.5,0.083333333,0,0,0.76744186,0.23255814,0,0,0.823529412,0,0,0.176470588,0,0,0.28,0,0.72,1,0,0.728813559,0.118644068,0.152542373,112
0.416666667,0.5,0.083333333,0,0,0.76744186,0.23255814,0,0,0.823529412,0,0,0.176470588,0,0,0.237288136,0.152542373,0.610169492,1,0,0.86,0.14,0,113
0.416666667,0.5,0.083333333,0,0,0.76744186,0.23255814,0,0,0.823529412,0,0,0.176470588,0,0,0.237288136,0.152542373,0.610169492,1,0,0.86,0.14,0,114
0.416666667,0.5,0.083333333,0,0,0.76744186,0.23255814,0,0,0.823529412,0,0,0.176470588,0,0,0.237288136,0.152542373,0.610169492,1,0,0.86,0.14,0,115
0.416666667,0.5,0.083333333,0,0,0.76744186,0.23255814,0,0,0.823529412,0,0,0.176470588,0,0,0.28,0,0.72,1,0,0.728813559,0.118644068,0.152542373,116
0.416666667,0.5,0.083333333,0,0,0.76744186,0.23255814,0,0,0.823529412,0,0,0.176470588,0,0,0.237288136,0.152542373,0.610169492,1,0,0.86,0.14,0,117
0.416666667,0.5,0.083333333,0,0,0.76744186,0.23255814,0,0,0.823529412,0,0,0.176470588,0,0,0.237288136,0.152542373,0.610169492,1,0,0.86,0.14,0,118
0.416666667,0.5,0.083333333,0,0,0.76744186,0.23255814,0,0,0.823529412,0,0,0.176470588,0,0,0.28,0,0.72,1,0,0.728813559,0.118644068,0.152542373,119
0.416666667,0.5,0.083333333,0,0,0.76744186,0.23255814,0,0,0.823529412,0,0,0.176470588,0,0,0.28,0,0.72,1,0,0.728813559,0.118644068,0.152542373,120
0.416666667,0.5,0.083333333,0,0,0.76744186,0.23255814,0,0,0.823529412,0,0,0.176470588,0,0,0.28,0,0.72,1,0,0.728813559,0.118644068,0.152542373,121
0.416666667,0.5,0.083333333,0,0,0.76744186,0.23255814,0,0,0.823529412,0,0,0.176470588,0,0,0.28,0,0.72,1,0,0.728813559,0.118644068,0.152542373,122
0.416666667,0.5,0.083333333,0,0,0.76744186,0.23255814,0,0,0.823529412,0,0,0.176470588,0,0,0.28,0,0.72,1,0,0.728813559,0.118644068,0.152542373,123
0.416666667,0.5,0.083333333,0,0,0.76744186,0.23255814,0,0,0.823529412,0,0,0.176470588,0,0,0.237288136,0.152542373,0.610169492,1,0,0.86,0.14,0,124
0.416666667,0.5,0.083333333,0,0,0.76744186,0.23255814,0,0,0.823529412,0,0,0.176470588,0,0,0.237288136,0.152542373,0.610169492,1,0,0.86,0.14,0,125
0.416666667,0.5,0.083333333,0,0,0.76744186,0.23255814,0,0,0.823529412,0,0,0.176470588,0,0,0.237288136,0.152542373,0.610169492,1,0,0.86,0.14,0,126
0.416666667,0.5,0.083333333,0,0,0.76744186,0.23255814,0,0,0.823529412,0,0,0.176470588,0,0,0.237288136,0.152542373,0.610169492,1,0,0.86,0.14,0,127
0.416666667,0.5,0.083333333,0,0,0.76744186,0.23255814,0,0,0.823529412,0,0,0.176470588,0,0,0.237288136,0.152542373,0.610169492,1,0,0.86,0.14,0,128
0.416666667,0.5,0.083333333,0,0,0.76744186,0.23255814,0,0,0.823529412,0,0,0.176470588,0,0,0.28,0,0.72,1,0,0.728813559,0.118644068,0.152542373,129
0.416666667,0.5,0.083333333,0,0,0.76744186,0.23255814,0,0,0.823529412,0,0,0.176470588,0,0,0.28,0,0.72,1,0,0.728813559,0.118644068,0.152542373,130
0.416666667,0.5,0.083333333,0,0,0.76744186,0.23255814,0,0,0.823529412,0,0,0.176470588,0,0,0.28,0,0.72,1,0,0.728813559,0.118644068,0.152542373,131
0.416666667,0.5,0.083333333,0,0,0.76744186,0.23255814,0,0,0.823529412,0,0,0.176470588,0,0,0.28,0,0.72,1,0,0.728813559,0.118644068,0.152542373,132
0.416666667,0.5,0.083333333,0,0,0.76744186,0.23255814,0,0,0.823529412,0,0,0.176470588,0,0,0.28,0,0.72,1,0,0.728813559,0.118644068,0.152542373,133
0.416666667,0.5,0.083333333,0,0,0.76744186,0.23255814,0,0,0.823529412,0,0,0.176470588,0,0,0.28,0,0.72,1,0,0.728813559,0.118644068,0.152542373,134
0.416666667,0.5,0.083333333,0,0,0.76744186,0.23255814,0,0,0.823529412,0,0,0.176470588,0,0,0.28,0,0.72,1,0,0.728813559,0.118644068,0.152542373,135
0.416666667,0.5,0.083333333,0,0,0.76744186,0.23255814,0,0,0.823529412,0,0,0.176470588,0,0,0.237288136,0.152542373,0.610169492,1,0,0.86,0.14,0,136
0.416666667,0.5,0.083333333,0,0,0.76744186,0.23255814,0,0,0.823529412,0,0,0.176470588,0,0,0.237288136,0.152542373,0.610169492,1,0,0.86,0.14,0,137
0.416666667,0.5,0.083333333,0,0,0.76744186,0.23255814,0,0,0.823529412,0,0,0.176470588,0,0,0.237288136,0.152542373,0.610169492,1,0,0.86,0.14,0,138
0.416666667,0.5,0.083333333,0,0,0.76744186,0.23255814,0,0,0.823529412,0,0,0.176470588,0,0,0.237288136,0.152542373,0.610169492,1,0,0.86,0.14,0,139
0.416666667,0.5,0.083333333,0,0,0.76744186,0.23255814,0,0,0.823529412,0,0,0.176470588,0,0,0.237288136,0.152542373,0.610169492,1,0,0.86,0.14,0,140
0.416666667,0.5,0.083333333,0,0,0.76744186,0.23255814,0,0,0.823529412,0,0,0.176470588,0,0,0.237288136,0.152542373,0.610169492,1,0,0.86,0.14,0,141
0.416666667,0.5,0.083333333,0,0,0.76744186,0.23255814,0,0,0.823529412,0,0,0.176470588,0,0,0.237288136,0.152542373,0.610169492,1,0,0.86,0.14,0,142
0.416666667,0.5,0.083333333,0,0,0.76744186,0.23255814,0,0,0.823529412,0,0,0.176470588,0,0,0.28,0,0.72,1,0,0.728813559,0.118644068,0.152542373,143
0.416666667,0.5,0.083333333,0,0,0.76744186,0.23255814,0,0,0.823529412,0,0,0.176470588,0,0,0.28,0,0.72,1,0,0.728813559,0.118644068,0.152542373,144
0.416666667,0.5,0.083333333,0,0,0.76744186,0.23255814,0,0,0.823529412,0,0,0.176470588,0,0,0.237288136,0.152542373,0.610169492,1,0,0.86,0.14,0,145
0.416666667,0.5,0.083333333,0,0,0.76744186,0.23255814,0,0,0.823529412,0,0,0.176470588,0,0,0.28,0,0.72,1,0,0.728813559,0.118644068,0.152542373,146
0.416666667,0.5,0.083333333,0,0,0.76744186,0.23255814,0,0,0.823529412,0,0,0.176470588,0,0,0.28,0,0.72,1,0,0.728813559,0.118644068,0.152542373,147
0.416666667,0.5,0.083333333,0,0,0.76744186,0.23255814,0,0,0.823529412,0,0,0.176470588,0,0,0.28,0,0.72,1,0,0.728813559,0.118644068,0.152542373,148
0.416666667,0.5,0.083333333,0,0,0.76744186,0.23255814,0,0,0.823529412,0,0,0.176470588,0,0,0.28,0,0.72,1,0,0.728813559,0.118644068,0.152542373,149
0.416666667,0.5,0.083333333,0,0,0.76744186,0.23255814,0,0,0.823529412,0,0,0.176470588,0,0,0.28,0,0.72,1,0,0.728813559,0.118644068,0.152542373,150
0.416666667,0.5,0.083333333,0,0,0.76744186,0.23255814,0,0,0.823529412,0,0,0.176470588,0,0,0.28,0,0.72,1,0,0.728813559,0.118644068,0.152542373,151
0.416666667,0.5,0.083333333,0,0,0.76744186,0.23255814,0,0,0.823529412,0,0,0.176470588,0,0,0.237288136,0.152542373,0.610169492,1,0,0.86,0.14,0,152
0.416666667,0.5,0.083333333,0,0,0.76744186,0.23255814,0,0,0.823529412,0,0,0.176470588,0,0,0.237288136,0.152542373,0.610169492,1,0,0.86,0.14,0,153
0.416666667,0.5,0.083333333,0,0,0.76744186,0.23255814,0,0,0.823529412,0,0,0.176470588,0,0,0.28,0,0.72,1,0,0.728813559,0.118644068,0.152542373,154
0.416666667,0.5,0.083333333,0,0,0.76744186,0.23255814,0,0,0.823529412,0,0,0.176470588,0,0,0.28,0,0.72,1,0,0.728813559,0.118644068,0.152542373,155
0.416666667,0.5,0.083333333,0,0,0.76744186,0.23255814,0,0,0.823529412,0,0,0.176470588,0,0,0.237288136,0.152542373,0.610169492,1,0,0.86,0.14,0,156
0.416666667,0.5,0.083333333,0,0,0.76744186,0.23255814,0,0,1,0,0,0,0,0.048387097,0.225806452,0.14516129,0.580645161,1,0,0.86,0.14,0,157
0.416666667,0.5,0.083333333,0,0,0.76744186,0.23255814,0,0,0.823529412,0,0,0.176470588,0,0,0.28,0,0.72,1,0,0.728813559,0.118644068,0.152542373,158
0.416666667,0.5,0.083333333,0,0,0.76744186,0.23255814,0,0,0.823529412,0,0,0.176470588,0,0,0.28,0,0.72,1,0,0.728813559,0.118644068,0.152542373,159
0.416666667,0.5,0.083333333,0,0,0.76744186,0.23255814,0,0,0.823529412,0,0,0.176470588,0,0,0.28,0,0.72,1,0,0.728813559,0.118644068,0.152542373,160
0.416666667,0.5,0.083333333,0,0,0.76744186,0.23255814,0,0,0.823529412,0,0,0.176470588,0,0,0.237288136,0.152542373,0.610169492,1,0,0.86,0.14,0,161
0.416666667,0.5,0.083333333,0,0,0.76744186,0.23255814,0,0,0.823529412,0,0,0.176470588,0,0,0.237288136,0.152542373,0.610169492,1,0,0.86,0.14,0,162
0.416666667,0.5,0.083333333,0,0,0.76744186,0.23255814,0,0,0.823529412,0,0,0.176470588,0,0,0.237288136,0.152542373,0.610169492,1,0,0.86,0.14,0,163
0.416666667,0.5,0.083333333,0,0,0.76744186,0.23255814,0,0,0.823529412,0,0,0.176470588,0,0,0.28,0,0.72,1,0,0.728813559,0.118644068,0.152542373,164
0.416666667,0.5,0.083333333,0,0,0.76744186,0.23255814,0,0,0.823529412,0,0,0.176470588,0,0,0.28,0,0.72,1,0,0.728813559,0.118644068,0.152542373,165
0.416666667,0.5,0.083333333,0,0,0.76744186,0.23255814,0,0,1,0,0,0,0,0.048387097,0.225806452,0.14516129,0.580645161,1,0,0.86,0.14,0,166
0.416666667,0.5,0.083333333,0,0,0.76744186,0.23255814,0,0,1,0,0,0,0,0.048387097,0.225806452,0.14516129,0.580645161,1,0,0.86,0.14,0,167
0.416666667,0.5,0.083333333,0,0,0.76744186,0.23255814,0,0,0.823529412,0,0,0.176470588,0,0,0.28,0,0.72,1,0,0.728813559,0.118644068,0.152542373,168
0.416666667,0.5,0.083333333,0,0,0.76744186,0.23255814,0,0,0.823529412,0,0,0.176470588,0,0,0.237288136,0.152542373,0.610169492,1,0,0.86,0.14,0,169
0.416666667,0.5,0.083333333,0,0,0.76744186,0.23255814,0,0,0.823529412,0,0,0.176470588,0,0,0.28,0,0.72,1,0,0.728813559,0.118644068,0.152542373,170
0.416666667,0.5,0.083333333,0,0,0.76744186,0.23255814,0,0,0.823529412,0,0,0.176470588,0,0,0.28,0,0.72,1,0,0.728813559,0.118644068,0.152542373,171
0.730769231,0.230769231,0.038461538,0,0,0,0,0,0,0,0.76744186,0.23255814,0,0,0.253731343,0.641791045,0,0.104477612,1,0,0,0.847457627,0.152542373,172
0.416666667,0.5,0.083333333,0,0,0.76744186,0.23255814,0,0,0.823529412,0,0,0.176470588,0,0,0.28,0,0.72,1,0,0.728813559,0.118644068,0.152542373,173
0.416666667,0.5,0.083333333,0,0,0.76744186,0.23255814,0,0,0.823529412,0,0,0.176470588,0,0,0.28,0,0.72,1,0,0.728813559,0.118644068,0.152542373,174
0.416666667,0.5,0.083333333,0,0,0.76744186,0.23255814,0,0,0.823529412,0,0,0.176470588,0,0,0.237288136,0.152542373,0.610169492,1,0,0.86,0.14,0,175
0.416666667,0.5,0.083333333,0,0,0.76744186,0.23255814,0,0,0.823529412,0,0,0.176470588,0,0,0.237288136,0.152542373,0.610169492,1,0,0.86,0.14,0,176
0.416666667,0.5,0.083333333,0,0,0.76744186,0.23255814,0,0,0.823529412,0,0,0.176470588,0,0,0.237288136,0.152542373,0.610169492,1,0,0.86,0.14,0,177
0.416666667,0.5,0.083333333,0,0,0.76744186,0.23255814,0,0,0.823529412,0,0,0.176470588,0,0,0.28,0,0.72,1,0,0.728813559,0.118644068,0.152542373,178
0.416666667,0.5,0.083333333,0,0,0.76744186,0.23255814,0,0,0.823529412,0,0,0.176470588,0,0,0.28,0,0.72,1,0,0.728813559,0.118644068,0.152542373,179
0.416666667,0.5,0.083333333,0,0,0.76744186,0.23255814,0,0,0.823529412,0,0,0.176470588,0,0,0.28,0,0.72,1,0,0.728813559,0.118644068,0.152542373,180
0.416666667,0.5,0.083333333,0,0,0.76744186,0.23255814,0,0,0.823529412,0,0,0.176470588,0,0,0.28,0,0.72,1,0,0.728813559,0.118644068,0.152542373,181
0.416666667,0.5,0.083333333,0,0,0.76744186,0.23255814,0,0,0.823529412,0,0,0.176470588,0,0,0.28,0,0.72,1,0,0.728813559,0.118644068,0.152542373,182
0.416666667,0.5,0.083333333,0,0,0.76744186,0.23255814,0,0,0.823529412,0,0,0.176470588,0,0,0.237288136,0.152542373,0.610169492,1,0,0.86,0.14,0,183
0.416666667,0.5,0.083333333,0,0,0.76744186,0.23255814,0,0,0.823529412,0,0,0.176470588,0,0,0.237288136,0.152542373,0.610169492,1,0,0.86,0.14,0,184
0.416666667,0.5,0.083333333,0,0,0.76744186,0.23255814,0,0,0.823529412,0,0,0.176470588,0,0,0.28,0,0.72,1,0,0.728813559,0.118644068,0.152542373,185
0.416666667,0.5,0.083333333,0,0,0.76744186,0.23255814,0,0,0.823529412,0,0,0.176470588,0,0,0.28,0,0.72,1,0,0.728813559,0.118644068,0.152542373,186
0.416666667,0.5,0.083333333,0,0,0.76744186,0.23255814,0,0,0.823529412,0,0,0.176470588,0,0,0.28,0,0.72,1,0,0.728813559,0.118644068,0.152542373,187
0.416666667,0.5,0.083333333,0,0,0.76744186,0.23255814,0,0,0.823529412,0,0,0.176470588,0,0,0.28,0,0.72,1,0,0.728813559,0.118644068,0.152542373,188
0.416666667,0.5,0.083333333,0,0,0.76744186,0.23255814,0,0,0.823529412,0,0,0.176470588,0,0,0.28,0,0.72,1,0,0.728813559,0.118644068,0.152542373,189
0.416666667,0.5,0.083333333,0,0,0.76744186,0.23255814,0,0,0.823529412,0,0,0.176470588,0,0,0.28,0,0.72,1,0,0.728813559,0.118644068,0.152542373,190
0.416666667,0.5,0.083333333,0,0,0.76744186,0.23255814,0,0,0.823529412,0,0,0.176470588,0,0,0.237288136,0.152542373,0.610169492,1,0,0.86,0.14,0,191
0.416666667,0.5,0.083333333,0,0,0.76744186,0.23255814,0,0,0.823529412,0,0,0.176470588,0,0,0.237288136,0.152542373,0.610169492,1,0,0.86,0.14,0,192
0.416666667,0.5,0.083333333,0,0,0.76744186,0.23255814,0,0,0.823529412,0,0,0.176470588,0,0,0.237288136,0.152542373,0.610169492,1,0,0.86,0.14,0,193
0.416666667,0.5,0.083333333,0,0,0.76744186,0.23255814,0,0,0.823529412,0,0,0.176470588,0,0,0.237288136,0.152542373,0.610169492,1,0,0.86,0.14,0,194
0.416666667,0.5,0.083333333,0,0,0.76744186,0.23255814,0,0,0.823529412,0,0,0.176470588,0,0,0.237288136,0.152542373,0.610169492,1,0,0.86,0.14,0,195
0.416666667,0.5,0.083333333,0,0,0.76744186,0.23255814,0,0,0.823529412,0,0,0.176470588,0,0,0.237288136,0.152542373,0.610169492,1,0,0.86,0.14,0,196
0.416666667,0.5,0.083333333,0,0,0.76744186,0.23255814,0,0,0.823529412,0,0,0.176470588,0,0,0.237288136,0.152542373,0.610169492,1,0,0.86,0.14,0,197
0.416666667,0.5,0.083333333,0,0,0.76744186,0.23255814,0,0,0.823529412,0,0,0.176470588,0,0,0.237288136,0.152542373,0.610169492,1,0,0.86,0.14,0,198
0.416666667,0.5,0.083333333,0,0,0.76744186,0.23255814,0,0,0.823529412,0,0,0.176470588,0,0,0.237288136,0.152542373,0.610169492,1,0,0.86,0.14,0,199
0.703703704,0.259259259,0.037037037,0,0,0,0,0,0,0,0.761904762,0.238095238,0,0,0.264705882,0.617647059,0,0.117647059,1,0,0,0.847457627,0.152542373,200
0.416666667,0.5,0.083333333,0,0,0.76744186,0.23255814,0,0,0.823529412,0,0,0.176470588,0,0,0.28,0,0.72,1,0,0.728813559,0.118644068,0.152542373,201
0.416666667,0.5,0.083333333,0,0,0.76744186,0.23255814,0,0,0.823529412,0,0,0.176470588,0,0,0.28,0,0.72,1,0,0.728813559,0.118644068,0.152542373,202
0.416666667,0.5,0.083333333,0,0,0.76744186,0.23255814,0,0,0.823529412,0,0,0.176470588,0,0,0.28,0,0.72,1,0,0.728813559,0.118644068,0.152542373,203
0.416666667,0.5,0.083333333,0,0,0.76744186,0.23255814,0,0,0.823529412,0,0,0.176470588,0,0,0.28,0,0.72,1,0,0.728813559,0.118644068,0.152542373,204
0.416666667,0.5,0.083333333,0,0,0.76744186,0.23255814,0,0,0.823529412,0,0,0.176470588,0,0,0.28,0,0.72,1,0,0.728813559,0.118644068,0.152542373,205
0.416666667,0.5,0.083333333,0,0,0.76744186,0.23255814,0,0,0.823529412,0,0,0.176470588,0,0,0.237288136,0.152542373,0.610169492,1,0,0.86,0.14,0,206
0.416666667,0.5,0.083333333,0,0,0.76744186,0.23255814,0,0,0.823529412,0,0,0.176470588,0,0,0.28,0,0.72,1,0,0.728813559,0.118644068,0.152542373,207
0.703703704,0.259259259,0.037037037,0,0,0,0,0,0,0,0.761904762,0.238095238,0,0,0.264705882,0.617647059,0,0.117647059,1,0,0,0.847457627,0.152542373,208
0.730769231,0.230769231,0.038461538,0,0,0,0,0,0,0,0.76744186,0.23255814,0,0,0.253731343,0.641791045,0,0.104477612,1,0,0,0.847457627,0.152542373,209
0.730769231,0.230769231,0.038461538,0,0,0,0,0,0,0,0.76744186,0.23255814,0,0,0.253731343,0.641791045,0,0.104477612,1,0,0,0.847457627,0.152542373,210
0.703703704,0.259259259,0.037037037,0,0,0,0,0,0,0,0.761904762,0.238095238,0,0,0.264705882,0.617647059,0,0.117647059,1,0,0,0.847457627,0.152542373,211
0.730769231,0.230769231,0.038461538,0,0,0,0,0,0,0,0.76744186,0.23255814,0,0,0.253731343,0.641791045,0,0.104477612,1,0,0,0.847457627,0.152542373,212
0.730769231,0.230769231,0.038461538,0,0,0,0,0,0,0,0.76744186,0.23255814,0,0,0.253731343,0.641791045,0,0.104477612,1,0,0,0.847457627,0.152542373,213
0.416666667,0.5,0.083333333,0,0,0.76744186,0.23255814,0,0,0.823529412,0,0,0.176470588,0,0,0.28,0,0.72,1,0,0.728813559,0.118644068,0.152542373,214
0.416666667,0.5,0.083333333,0,0,0.76744186,0.23255814,0,0,0.823529412,0,0,0.176470588,0,0,0.237288136,0.152542373,0.610169492,1,0,0.86,0.14,0,215
0.416666667,0.5,0.083333333,0,0,0.76744186,0.23255814,0,0,0.823529412,0,0,0.176470588,0,0,0.237288136,0.152542373,0.610169492,1,0,0.86,0.14,0,216
0.703703704,0.259259259,0.037037037,0,0,0,0,0,0,0,0.761904762,0.238095238,0,0,0.264705882,0.617647059,0,0.117647059,1,0,0,0.847457627,0.152542373,217
0.416666667,0.5,0.083333333,0,0,0.76744186,0.23255814,0,0,0.823529412,0,0,0.176470588,0,0,0.28,0,0.72,1,0,0.728813559,0.118644068,0.152542373,218
0.730769231,0.230769231,0.038461538,0,0,0,0,0,0,0,0.76744186,0.23255814,0,0,0.253731343,0.641791045,0,0.104477612,1,0,0,0.847457627,0.152542373,219
0.730769231,0.230769231,0.038461538,0,0,0,0,0,0,0,0.76744186,0.23255814,0,0,0.253731343,0.641791045,0,0.104477612,1,0,0,0.847457627,0.152542373,220
0.730769231,0.230769231,0.038461538,0,0,0,0,0,0,0,0.76744186,0.23255814,0,0,0.253731343,0.641791045,0,0.104477612,1,0,0,0.847457627,0.152542373,221
0.730769231,0.230769231,0.038461538,0,0,0,0,0,0,0,0.76744186,0.23255814,0,0,0.253731343,0.641791045,0,0.104477612,1,0,0,0.847457627,0.152542373,222
0.703703704,0.259259259,0.037037037,0,0,0,0,0,0,0,0.761904762,0.238095238,0,0,0.264705882,0.617647059,0,0.117647059,1,0,0,0.847457627,0.152542373,223
0.655172414,0.310344828,0.034482759,0,0,0,0,0,0,0,0.75,0.25,0,0,0.285714286,0.571428571,0,0.142857143,1,0,0,0.847457627,0.152542373,224
0.416666667,0.5,0.083333333,0,0,0.76744186,0.23255814,0,0,0.823529412,0,0,0.176470588,0,0,0.237288136,0.152542373,0.610169492,1,0,0.86,0.14,0,225
0.416666667,0.5,0.083333333,0,0,0.76744186,0.23255814,0,0,0.823529412,0,0,0.176470588,0,0,0.28,0,0.72,1,0,0.728813559,0.118644068,0.152542373,226
0.416666667,0.5,0.083333333,0,0,0.76744186,0.23255814,0,0,0.823529412,0,0,0.176470588,0,0,0.28,0,0.72,1,0,0.728813559,0.118644068,0.152542373,227
0.416666667,0.5,0.083333333,0,0,0.76744186,0.23255814,0,0,0.823529412,0,0,0.176470588,0,0,0.237288136,0.152542373,0.610169492,1,0,0.86,0.14,0,228
0.416666667,0.5,0.083333333,0,0,0.76744186,0.23255814,0,0,0.823529412,0,0,0.176470588,0,0,0.237288136,0.152542373,0.610169492,1,0,0.86,0.14,0,229
0.416666667,0.5,0.083333333,0,0,0.76744186,0.23255814,0,0,0.823529412,0,0,0.176470588,0,0,0.237288136,0.152542373,0.610169492,1,0,0.86,0.14,0,230
0.416666667,0.5,0.083333333,0,0,0.76744186,0.23255814,0,0,0.823529412,0,0,0.176470588,0,0,0.237288136,0.152542373,0.610169492,1,0,0.86,0.14,0,231
0.416666667,0.5,0.083333333,0,0,0.76744186,0.23255814,0,0,0.823529412,0,0,0.176470588,0,0,0.237288136,0.152542373,0.610169492,1,0,0.86,0.14,0,232
0.416666667,0.5,0.083333333,0,0,0.76744186,0.23255814,0,0,0.823529412,0,0,0.176470588,0,0,0.28,0,0.72,1,0,0.728813559,0.118644068,0.152542373,233
0.730769231,0.230769231,0.038461538,0,0,0,0,0,0,0,0.76744186,0.23255814,0,0,0.253731343,0.641791045,0,0.104477612,1,0,0,0.847457627,0.152542373,234
0.730769231,0.230769231,0.038461538,0,0,0,0,0,0,0,0.76744186,0.23255814,0,0,0.253731343,0.641791045,0,0.104477612,1,0,0,0.847457627,0.152542373,235
0.416666667,0.5,0.083333333,0,0,0.76744186,0.23255814,0,0,0.823529412,0,0,0.176470588,0,0,0.237288136,0.152542373,0.610169492,1,0,0.86,0.14,0,236
0.416666667,0.5,0.083333333,0,0,0.76744186,0.23255814,0,0,0.823529412,0,0,0.176470588,0,0,0.28,0,0.72,1,0,0.728813559,0.118644068,0.152542373,237
0.416666667,0.5,0.083333333,0,0,0.76744186,0.23255814,0,0,0.823529412,0,0,0.176470588,0,0,0.237288136,0.152542373,0.610169492,1,0,0.86,0.14,0,238
0.416666667,0.5,0.083333333,0,0,0.76744186,0.23255814,0,0,0.823529412,0,0,0.176470588,0,0,0.237288136,0.152542373,0.610169492,1,0,0.86,0.14,0,239
0.416666667,0.5,0.083333333,0,0,0.76744186,0.23255814,0,0,0.823529412,0,0,0.176470588,0,0,0.237288136,0.152542373,0.610169492,1,0,0.86,0.14,0,240
0.416666667,0.5,0.083333333,0,0,0.76744186,0.23255814,0,0,0.823529412,0,0,0.176470588,0,0,0.28,0,0.72,1,0,0.728813559,0.118644068,0.152542373,241
0.416666667,0.5,0.083333333,0,0,0.76744186,0.23255814,0,0,0.823529412,0,0,0.176470588,0,0,0.28,0,0.72,1,0,0.728813559,0.118644068,0.152542373,242
0.416666667,0.5,0.083333333,0,0,0.76744186,0.23255814,0,0,0.823529412,0,0,0.176470588,0,0,0.237288136,0.152542373,0.610169492,1,0,0.86,0.14,0,243
0.416666667,0.5,0.083333333,0,0,0.76744186,0.23255814,0,0,0.823529412,0,0,0.176470588,0,0,0.237288136,0.152542373,0.610169492,1,0,0.86,0.14,0,244
0.416666667,0.5,0.083333333,0,0,0.76744186,0.23255814,0,0,0.823529412,0,0,0.176470588,0,0,0.237288136,0.152542373,0.610169492,1,0,0.86,0.14,0,245
0.416666667,0.5,0.083333333,0,0,0.76744186,0.23255814,0,0,0.823529412,0,0,0.176470588,0,0,0.237288136,0.152542373,0.610169492,1,0,0.86,0.14,0,246
0.730769231,0.230769231,0.038461538,0,0,0,0,0,0,0,0.76744186,0.23255814,0,0,0.253731343,0.641791045,0,0.104477612,1,0,0,0.847457627,0.152542373,247
0.416666667,0.5,0.083333333,0,0,0.76744186,0.23255814,0,0,0.823529412,0,0,0.176470588,0,0,0.237288136,0.152542373,0.610169492,1,0,0.86,0.14,0,248
0.416666667,0.5,0.083333333,0,0,0.76744186,0.23255814,0,0,0.823529412,0,0,0.176470588,0,0,0.237288136,0.152542373,0.610169492,1,0,0.86,0.14,0,249
0.416666667,0.5,0.083333333,0,0,0.76744186,0.23255814,0,0,0.823529412,0,0,0.176470588,0,0,0.237288136,0.152542373,0.610169492,1,0,0.86,0.14,0,250
0.416666667,0.5,0.083333333,0,0,0.76744186,0.23255814,0,0,0.823529412,0,0,0.176470588,0,0,0.237288136,0.152542373,0.610169492,1,0,0.86,0.14,0,251
0.416666667,0.5,0.083333333,0,0,0.76744186,0.23255814,0,0,0.823529412,0,0,0.176470588,0,0,0.237288136,0.152542373,0.610169492,1,0,0.86,0.14,0,252
0.416666667,0.5,0.083333333,0,0,0.76744186,0.23255814,0,0,0.823529412,0,0,0.176470588,0,0,0.237288136,0.152542373,0.610169492,1,0,0.86,0.14,0,253
0.730769231,0.230769231,0.038461538,0,0,0,0,0,0,0,0.76744186,0.23255814,0,0,0.253731343,0.641791045,0,0.104477612,1,0,0,0.847457627,0.152542373,254
0.416666667,0.5,0.083333333,0,0,0.76744186,0.23255814,0,0,0.823529412,0,0,0.176470588,0,0,0.28,0,0.72,1,0,0.728813559,0.118644068,0.152542373,255
0.416666667,0.5,0.083333333,0,0,0.76744186,0.23255814,0,0,0.823529412,0,0,0.176470588,0,0,0.28,0,0.72,1,0,0.728813559,0.118644068,0.152542373,256
0.416666667,0.5,0.083333333,0,0,0.76744186,0.23255814,0,0,0.823529412,0,0,0.176470588,0,0,0.237288136,0.152542373,0.610169492,1,0,0.86,0.14,0,257
0.416666667,0.5,0.083333333,0,0,0.76744186,0.23255814,0,0,0.823529412,0,0,0.176470588,0,0,0.237288136,0.152542373,0.610169492,1,0,0.86,0.14,0,258
0.416666667,0.5,0.083333333,0,0,0.76744186,0.23255814,0,0,0.823529412,0,0,0.176470588,0,0,0.28,0,0.72,1,0,0.728813559,0.118644068,0.152542373,259
0.416666667,0.5,0.083333333,0,0,0.76744186,0.23255814,0,0,0.823529412,0,0,0.176470588,0,0,0.28,0,0.72,1,0,0.728813559,0.118644068,0.152542373,260
0.416666667,0.5,0.083333333,0,0,0.76744186,0.23255814,0,0,0.823529412,0,0,0.176470588,0,0,0.28,0,0.72,1,0,0.728813559,0.118644068,0.152542373,261
0.416666667,0.5,0.083333333,0,0,0.76744186,0.23255814,0,0,0.823529412,0,0,0.176470588,0,0,0.28,0,0.72,1,0,0.728813559,0.118644068,0.152542373,262
0.416666667,0.5,0.083333333,0,0,0.76744186,0.23255814,0,0,0.823529412,0,0,0.176470588,0,0,0.28,0,0.72,1,0,0.728813559,0.118644068,0.152542373,263
0.416666667,0.5,0.083333333,0,0,0.76744186,0.23255814,0,0,0.823529412,0,0,0.176470588,0,0,0.28,0,0.72,1,0,0.728813559,0.118644068,0.152542373,264
0.416666667,0.5,0.083333333,0,0,0.76744186,0.23255814,0,0,0.823529412,0,0,0.176470588,0,0,0.237288136,0.152542373,0.610169492,1,0,0.86,0.14,0,265
0.416666667,0.5,0.083333333,0,0,0.76744186,0.23255814,0,0,0.823529412,0,0,0.176470588,0,0,0.237288136,0.152542373,0.610169492,1,0,0.86,0.14,0,266
0.416666667,0.5,0.083333333,0,0,0.76744186,0.23255814,0,0,0.823529412,0,0,0.176470588,0,0,0.237288136,0.152542373,0.610169492,1,0,0.86,0.14,0,267
0.416666667,0.5,0.083333333,0,0,0.76744186,0.23255814,0,0,0.823529412,0,0,0.176470588,0,0,0.237288136,0.152542373,0.610169492,1,0,0.86,0.14,0,268
0.416666667,0.5,0.083333333,0,0,0.76744186,0.23255814,0,0,0.823529412,0,0,0.176470588,0,0,0.28,0,0.72,1,0,0.728813559,0.118644068,0.152542373,269
0.416666667,0.5,0.083333333,0,0,0.76744186,0.23255814,0,0,0.823529412,0,0,0.176470588,0,0,0.237288136,0.152542373,0.610169492,1,0,0.86,0.14,0,270
0.416666667,0.5,0.083333333,0,0,0.76744186,0.23255814,0,0,0.823529412,0,0,0.176470588,0,0,0.237288136,0.152542373,0.610169492,1,0,0.86,0.14,0,271
0.416666667,0.5,0.083333333,0,0,0.76744186,0.23255814,0,0,0.823529412,0,0,0.176470588,0,0,0.237288136,0.152542373,0.610169492,1,0,0.86,0.14,0,272
0.416666667,0.5,0.083333333,0,0,0.76744186,0.23255814,0,0,0.823529412,0,0,0.176470588,0,0,0.237288136,0.152542373,0.610169492,1,0,0.86,0.14,0,273
0.416666667,0.5,0.083333333,0,0,0.76744186,0.23255814,0,0,0.823529412,0,0,0.176470588,0,0,0.237288136,0.152542373,0.610169492,1,0,0.86,0.14,0,274
0.416666667,0.5,0.083333333,0,0,0.76744186,0.23255814,0,0,0.823529412,0,0,0.176470588,0,0,0.28,0,0.72,1,0,0.728813559,0.118644068,0.152542373,275
0.416666667,0.5,0.083333333,0,0,0.76744186,0.23255814,0,0,0.823529412,0,0,0.176470588,0,0,0.28,0,0.72,1,0,0.728813559,0.118644068,0.152542373,276
0.416666667,0.5,0.083333333,0,0,0.76744186,0.23255814,0,0,0.823529412,0,0,0.176470588,0,0,0.28,0,0.72,1,0,0.728813559,0.118644068,0.152542373,277
0.416666667,0.5,0.083333333,0,0,0.76744186,0.23255814,0,0,0.823529412,0,0,0.176470588,0,0,0.237288136,0.152542373,0.610169492,1,0,0.86,0.14,0,278
0.416666667,0.5,0.083333333,0,0,0.76744186,0.23255814,0,0,0.823529412,0,0,0.176470588,0,0,0.237288136,0.152542373,0.610169492,1,0,0.86,0.14,0,279
0.416666667,0.5,0.083333333,0,0,0.76744186,0.23255814,0,0,0.823529412,0,0,0.176470588,0,0,0.28,0,0.72,1,0,0.728813559,0.118644068,0.152542373,280
0.416666667,0.5,0.083333333,0,0,0.76744186,0.23255814,0,0,0.823529412,0,0,0.176470588,0,0,0.237288136,0.152542373,0.610169492,1,0,0.86,0.14,0,281
0.416666667,0.5,0.083333333,0,0,0.76744186,0.23255814,0,0,0.823529412,0,0,0.176470588,0,0,0.237288136,0.152542373,0.610169492,1,0,0.86,0.14,0,282
0.416666667,0.5,0.083333333,0,0,0.76744186,0.23255814,0,0,0.823529412,0,0,0.176470588,0,0,0.237288136,0.152542373,0.610169492,1,0,0.86,0.14,0,283
0.416666667,0.5,0.083333333,0,0,0.76744186,0.23255814,0,0,0.823529412,0,0,0.176470588,0,0,0.237288136,0.152542373,0.610169492,1,0,0.86,0.14,0,284
0.416666667,0.5,0.083333333,0,0,0.76744186,0.23255814,0,0,0.823529412,0,0,0.176470588,0,0,0.237288136,0.152542373,0.610169492,1,0,0.86,0.14,0,285
0.416666667,0.5,0.083333333,0,0,0.76744186,0.23255814,0,0,0.823529412,0,0,0.176470588,0,0,0.237288136,0.152542373,0.610169492,1,0,0.86,0.14,0,286
0.416666667,0.5,0.083333333,0,0,0.76744186,0.23255814,0,0,0.823529412,0,0,0.176470588,0,0,0.237288136,0.152542373,0.610169492,1,0,0.86,0.14,0,287
0.416666667,0.5,0.083333333,0,0,0.76744186,0.23255814,0,0,0.823529412,0,0,0.176470588,0,0,0.237288136,0.152542373,0.610169492,1,0,0.86,0.14,0,288
0.416666667,0.5,0.083333333,0,0,0.76744186,0.23255814,0,0,0.823529412,0,0,0.176470588,0,0,0.237288136,0.152542373,0.610169492,1,0,0.86,0.14,0,289
0.730769231,0.230769231,0.038461538,0,0,0,0,0,0,0,0.76744186,0.23255814,0,0,0.253731343,0.641791045,0,0.104477612,1,0,0,0.847457627,0.152542373,290
0.416666667,0.5,0.083333333,0,0,0.76744186,0.23255814,0,0,0.823529412,0,0,0.176470588,0,0,0.237288136,0.152542373,0.610169492,1,0,0.86,0.14,0,291
0.416666667,0.5,0.083333333,0,0,0.76744186,0.23255814,0,0,0.823529412,0,0,0.176470588,0,0,0.237288136,0.152542373,0.610169492,1,0,0.86,0.14,0,292
0.416666667,0.5,0.083333333,0,0,0.76744186,0.23255814,0,0,0.823529412,0,0,0.176470588,0,0,0.237288136,0.152542373,0.610169492,1,0,0.86,0.14,0,293
0.416666667,0.5,0.083333333,0,0,0.76744186,0.23255814,0,0,0.823529412,0,0,0.176470588,0,0,0.237288136,0.152542373,0.610169492,1,0,0.86,0.14,0,294
0.416666667,0.5,0.083333333,0,0,0.76744186,0.23255814,0,0,0.823529412,0,0,0.176470588,0,0,0.237288136,0.152542373,0.610169492,1,0,0.86,0.14,0,295
0.416666667,0.5,0.083333333,0,0,0.76744186,0.23255814,0,0,0.823529412,0,0,0.176470588,0,0,0.28,0,0.72,1,0,0.728813559,0.118644068,0.152542373,296
0.416666667,0.5,0.083333333,0,0,0.76744186,0.23255814,0,0,0.823529412,0,0,0.176470588,0,0,0.237288136,0.152542373,0.610169492,1,0,0.86,0.14,0,297
0.416666667,0.5,0.083333333,0,0,0.76744186,0.23255814,0,0,0.823529412,0,0,0.176470588,0,0,0.237288136,0.152542373,0.610169492,1,0,0.86,0.14,0,298
0.416666667,0.5,0.083333333,0,0,0.76744186,0.23255814,0,0,0.823529412,0,0,0.176470588,0,0,0.237288136,0.152542373,0.610169492,1,0,0.86,0.14,0,299
0.416666667,0.5,0.083333333,0,0,0.76744186,0.23255814,0,0,0.823529412,0,0,0.176470588,0,0,0.28,0,0.72,1,0,0.728813559,0.118644068,0.152542373,300
0.416666667,0.5,0.083333333,0,0,0.76744186,0.23255814,0,0,0.823529412,0,0,0.176470588,0,0,0.28,0,0.72,1,0,0.728813559,0.118644068,0.152542373,301
0.416666667,0.5,0.083333333,0,0,0.76744186,0.23255814,0,0,0.823529412,0,0,0.176470588,0,0,0.237288136,0.152542373,0.610169492,1,0,0.86,0.14,0,302
0.416666667,0.5,0.083333333,0,0,0.76744186,0.23255814,0,0,0.823529412,0,0,0.176470588,0,0,0.28,0,0.72,1,0,0.728813559,0.118644068,0.152542373,303
0.416666667,0.5,0.083333333,0,0,0.76744186,0.23255814,0,0,0.823529412,0,0,0.176470588,0,0,0.28,0,0.72,1,0,0.728813559,0.118644068,0.152542373,304
0.416666667,0.5,0.083333333,0,0,0.76744186,0.23255814,0,0,0.823529412,0,0,0.176470588,0,0,0.237288136,0.152542373,0.610169492,1,0,0.86,0.14,0,305
0.416666667,0.5,0.083333333,0,0,0.76744186,0.23255814,0,0,0.823529412,0,0,0.176470588,0,0,0.237288136,0.152542373,0.610169492,1,0,0.86,0.14,0,306
0.416666667,0.5,0.083333333,0,0,0.76744186,0.23255814,0,0,0.823529412,0,0,0.176470588,0,0,0.237288136,0.152542373,0.610169492,1,0,0.86,0.14,0,307
0.416666667,0.5,0.083333333,0,0,0.76744186,0.23255814,0,0,0.823529412,0,0,0.176470588,0,0,0.237288136,0.152542373,0.610169492,1,0,0.86,0.14,0,308
0.416666667,0.5,0.083333333,0,0,0.76744186,0.23255814,0,0,0.823529412,0,0,0.176470588,0,0,0.237288136,0.152542373,0.610169492,1,0,0.86,0.14,0,309
0.416666667,0.5,0.083333333,0,0,0.76744186,0.23255814,0,0,0.823529412,0,0,0.176470588,0,0,0.237288136,0.152542373,0.610169492,1,0,0.86,0.14,0,310
0.416666667,0.5,0.083333333,0,0,0.76744186,0.23255814,0,0,0.823529412,0,0,0.176470588,0,0,0.237288136,0.152542373,0.610169492,1,0,0.86,0.14,0,311
0.416666667,0.5,0.083333333,0,0,0.76744186,0.23255814,0,0,0.823529412,0,0,0.176470588,0,0,0.28,0,0.72,1,0,0.728813559,0.118644068,0.152542373,312
0.416666667,0.5,0.083333333,0,0,0.76744186,0.23255814,0,0,0.823529412,0,0,0.176470588,0,0,0.28,0,0.72,1,0,0.728813559,0.118644068,0.152542373,313
0.416666667,0.5,0.083333333,0,0,0.76744186,0.23255814,0,0,0.823529412,0,0,0.176470588,0,0,0.28,0,0.72,1,0,0.728813559,0.118644068,0.152542373,314
0.416666667,0.5,0.083333333,0,0,0.76744186,0.23255814,0,0,0.823529412,0,0,0.176470588,0,0,0.237288136,0.152542373,0.610169492,1,0,0.86,0.14,0,315
0.416666667,0.5,0.083333333,0,0,0.76744186,0.23255814,0,0,0.823529412,0,0,0.176470588,0,0,0.237288136,0.152542373,0.610169492,1,0,0.86,0.14,0,316
0.416666667,0.5,0.083333333,0,0,0.76744186,0.23255814,0,0,0.823529412,0,0,0.176470588,0,0,0.237288136,0.152542373,0.610169492,1,0,0.86,0.14,0,317
0.416666667,0.5,0.083333333,0,0,0.76744186,0.23255814,0,0,0.823529412,0,0,0.176470588,0,0,0.237288136,0.152542373,0.610169492,1,0,0.86,0.14,0,318
0.416666667,0.5,0.083333333,0,0,0.76744186,0.23255814,0,0,0.823529412,0,0,0.176470588,0,0,0.237288136,0.152542373,0.610169492,1,0,0.86,0.14,0,319
0.730769231,0.230769231,0.038461538,0,0,0,0,0,0,0,0.76744186,0.23255814,0,0,0.253731343,0.641791045,0,0.104477612,1,0,0,0.847457627,0.152542373,320
0.730769231,0.230769231,0.038461538,0,0,0,0,0,0,0,0.76744186,0.23255814,0,0,0.253731343,0.641791045,0,0.104477612,1,0,0,0.847457627,0.152542373,321
0.416666667,0.5,0.083333333,0,0,0.76744186,0.23255814,0,0,0.823529412,0,0,0.176470588,0,0,0.28,0,0.72,1,0,0.728813559,0.118644068,0.152542373,322
0.416666667,0.5,0.083333333,0,0,0.76744186,0.23255814,0,0,0.823529412,0,0,0.176470588,0,0,0.237288136,0.152542373,0.610169492,1,0,0.86,0.14,0,323
0.416666667,0.5,0.083333333,0,0,0.76744186,0.23255814,0,0,0.823529412,0,0,0.176470588,0,0,0.28,0,0.72,1,0,0.728813559,0.118644068,0.152542373,324
0.416666667,0.5,0.083333333,0,0,0.76744186,0.23255814,0,0,0.823529412,0,0,0.176470588,0,0,0.237288136,0.152542373,0.610169492,1,0,0.86,0.14,0,325
0.416666667,0.5,0.083333333,0,0,0.76744186,0.23255814,0,0,0.823529412,0,0,0.176470588,0,0,0.237288136,0.152542373,0.610169492,1,0,0.86,0.14,0,326
0.416666667,0.5,0.083333333,0,0,0.76744186,0.23255814,0,0,0.823529412,0,0,0.176470588,0,0,0.237288136,0.152542373,0.610169492,1,0,0.86,0.14,0,327
0.416666667,0.5,0.083333333,0,0,0.76744186,0.23255814,0,0,0.823529412,0,0,0.176470588,0,0,0.237288136,0.152542373,0.610169492,1,0,0.86,0.14,0,328
0.416666667,0.5,0.083333333,0,0,0.76744186,0.23255814,0,0,0.823529412,0,0,0.176470588,0,0,0.237288136,0.152542373,0.610169492,1,0,0.86,0.14,0,329
0.416666667,0.5,0.083333333,0,0,0.76744186,0.23255814,0,0,0.823529412,0,0,0.176470588,0,0,0.28,0,0.72,1,0,0.728813559,0.118644068,0.152542373,330
0.416666667,0.5,0.083333333,0,0,0.76744186,0.23255814,0,0,0.823529412,0,0,0.176470588,0,0,0.28,0,0.72,1,0,0.728813559,0.118644068,0.152542373,331
0.416666667,0.5,0.083333333,0,0,0.76744186,0.23255814,0,0,0.823529412,0,0,0.176470588,0,0,0.237288136,0.152542373,0.610169492,1,0,0.86,0.14,0,332
0.416666667,0.5,0.083333333,0,0,0.76744186,0.23255814,0,0,0.823529412,0,0,0.176470588,0,0,0.237288136,0.152542373,0.610169492,1,0,0.86,0.14,0,333
0.416666667,0.5,0.083333333,0,0,0.76744186,0.23255814,0,0,0.823529412,0,0,0.176470588,0,0,0.237288136,0.152542373,0.610169492,1,0,0.86,0.14,0,334
0.416666667,0.5,0.083333333,0,0,0.76744186,0.23255814,0,0,0.823529412,0,0,0.176470588,0,0,0.237288136,0.152542373,0.610169492,1,0,0.86,0.14,0,335
0.416666667,0.5,0.083333333,0,0,0.76744186,0.23255814,0,0,0.823529412,0,0,0.176470588,0,0,0.237288136,0.152542373,0.610169492,1,0,0.86,0.14,0,336
0.416666667,0.5,0.083333333,0,0,0.76744186,0.23255814,0,0,0.823529412,0,0,0.176470588,0,0,0.237288136,0.152542373,0.610169492,1,0,0.86,0.14,0,337
0.416666667,0.5,0.083333333,0,0,0.76744186,0.23255814,0,0,0.823529412,0,0,0.176470588,0,0,0.237288136,0.152542373,0.610169492,1,0,0.86,0.14,0,338
0.416666667,0.5,0.083333333,0,0,0.76744186,0.23255814,0,0,0.823529412,0,0,0.176470588,0,0,0.237288136,0.152542373,0.610169492,1,0,0.86,0.14,0,339
0.416666667,0.5,0.083333333,0,0,0.76744186,0.23255814,0,0,0.823529412,0,0,0.176470588,0,0,0.237288136,0.152542373,0.610169492,1,0,0.86,0.14,0,340
0.416666667,0.5,0.083333333,0,0,0.76744186,0.23255814,0,0,0.823529412,0,0,0.176470588,0,0,0.237288136,0.152542373,0.610169492,1,0,0.86,0.14,0,341
0.416666667,0.5,0.083333333,0,0,0.76744186,0.23255814,0,0,0.823529412,0,0,0.176470588,0,0,0.237288136,0.152542373,0.610169492,1,0,0.86,0.14,0,342
0.416666667,0.5,0.083333333,0,0,0.76744186,0.23255814,0,0,0.823529412,0,0,0.176470588,0,0,0.237288136,0.152542373,0.610169492,1,0,0.86,0.14,0,343
0.416666667,0.5,0.083333333,0,0,0.76744186,0.23255814,0,0,0.823529412,0,0,0.176470588,0,0,0.237288136,0.152542373,0.610169492,1,0,0.86,0.14,0,344
0.678571429,0.25,0.071428571,0,0,0,0,0,0,0,0.780487805,0.219512195,0,0,0.275362319,0.594202899,0,0.130434783,1,0,0,0.847457627,0.152542373,345
0.730769231,0.230769231,0.038461538,0,0,0,0,0,0,0,0.76744186,0.23255814,0,0,0.253731343,0.641791045,0,0.104477612,1,0,0,0.847457627,0.152542373,346
0.730769231,0.230769231,0.038461538,0,0,0,0,0,0,0,0.76744186,0.23255814,0,0,0.253731343,0.641791045,0,0.104477612,1,0,0,0.847457627,0.152542373,347
0.730769231,0.230769231,0.038461538,0,0,0,0,0,0,0,0.76744186,0.23255814,0,0,0.253731343,0.641791045,0,0.104477612,1,0,0,0.847457627,0.152542373,348
0.678571429,0.285714286,0.035714286,0,0,0,0,0,0,0,0.756097561,0.243902439,0,0,0.275362319,0.594202899,0,0.130434783,1,0,0,0.847457627,0.152542373,349
0.730769231,0.230769231,0.038461538,0,0,0,0,0,0,0,0.76744186,0.23255814,0,0,0.253731343,0.641791045,0,0.104477612,1,0,0,0.847457627,0.152542373,350
0.703703704,0.259259259,0.037037037,0,0,0,0,0,0,0,0.761904762,0.238095238,0,0,0.264705882,0.617647059,0,0.117647059,1,0,0,0.847457627,0.152542373,351
0.678571429,0.285714286,0.035714286,0,0,0,0,0,0,0,0.756097561,0.243902439,0,0,0.275362319,0.594202899,0,0.130434783,1,0,0,0.847457627,0.152542373,352
0.730769231,0.230769231,0.038461538,0,0,0,0,0,0,0,0.76744186,0.23255814,0,0,0.253731343,0.641791045,0,0.104477612,1,0,0,0.847457627,0.152542373,353
0.416666667,0.5,0.083333333,0,0,0.76744186,0.23255814,0,0,0.823529412,0,0,0.176470588,0,0,0.237288136,0.152542373,0.610169492,1,0,0.86,0.14,0,354
0.730769231,0.230769231,0.038461538,0,0,0,0,0,0,0,0.76744186,0.23255814,0,0,0.253731343,0.641791045,0,0.104477612,1,0,0,0.847457627,0.152542373,355
0.703703704,0.259259259,0.037037037,0,0,0,0,0,0,0,0.761904762,0.238095238,0,0,0.264705882,0.617647059,0,0.117647059,1,0,0,0.847457627,0.152542373,356
0.416666667,0.5,0.083333333,0,0,0.76744186,0.23255814,0,0,0.823529412,0,0,0.176470588,0,0,0.237288136,0.152542373,0.610169492,1,0,0.86,0.14,0,357
0.730769231,0.230769231,0.038461538,0,0,0,0,0,0,0,0.76744186,0.23255814,0,0,0.253731343,0.641791045,0,0.104477612,1,0,0,0.847457627,0.152542373,358
0.416666667,0.5,0.083333333,0,0,0.76744186,0.23255814,0,0,0.823529412,0,0,0.176470588,0,0,0.237288136,0.152542373,0.610169492,1,0,0.86,0.14,0,359
0.416666667,0.5,0.083333333,0,0,0.76744186,0.23255814,0,0,0.823529412,0,0,0.176470588,0,0,0.237288136,0.152542373,0.610169492,1,0,0.86,0.14,0,360
0.416666667,0.5,0.083333333,0,0,0.76744186,0.23255814,0,0,0.823529412,0,0,0.176470588,0,0,0.237288136,0.152542373,0.610169492,1,0,0.86,0.14,0,361
0.416666667,0.5,0.083333333,0,0,0.76744186,0.23255814,0,0,0.823529412,0,0,0.176470588,0,0,0.237288136,0.152542373,0.610169492,1,0,0.86,0.14,0,362
0.416666667,0.5,0.083333333,0,0,0.76744186,0.23255814,0,0,0.823529412,0,0,0.176470588,0,0,0.237288136,0.152542373,0.610169492,1,0,0.86,0.14,0,363
0.678571429,0.285714286,0.035714286,0,0,0.756097561,0.243902439,0,0,0,0,0,0,0,0,0,0.152542373,0.847457627,1,0.275362319,0.594202899,0.130434783,0,364
0.730769231,0.230769231,0.038461538,0,0,0.76744186,0.23255814,0,0,0,0,0,0,0,0,0,0.152542373,0.847457627,1,0.253731343,0.641791045,0.104477612,0,365
0.678571429,0.285714286,0.035714286,0,0,0.756097561,0.243902439,0,0,0,0,0,0,0,0,0,0.152542373,0.847457627,1,0.275362319,0.594202899,0.130434783,0,366
0.730769231,0.230769231,0.038461538,0,0,0.76744186,0.23255814,0,0,0,0,0,0,0,0,0,0.152542373,0.847457627,1,0.253731343,0.641791045,0.104477612,0,367
0.730769231,0.230769231,0.038461538,0,0,0,0,0,0,0,0.76744186,0.23255814,0,0,0.253731343,0.641791045,0,0.104477612,1,0,0,0.847457627,0.152542373,368
0.730769231,0.230769231,0.038461538,0,0,0,0,0,0,0,0.76744186,0.23255814,0,0,0.253731343,0.641791045,0,0.104477612,1,0,0,0.847457627,0.152542373,369
0.730769231,0.230769231,0.038461538,0,0,0,0,0,0,0,0.76744186,0.23255814,0,0,0.253731343,0.641791045,0,0.104477612,1,0,0,0.847457627,0.152542373,370
0.678571429,0.25,0.071428571,0,0,0,0,0,0,0,0.780487805,0.219512195,0,0,0.275362319,0.594202899,0,0.130434783,1,0,0,0.847457627,0.152542373,371
0.730769231,0.230769231,0.038461538,0,0,0,0,0,0,0,0.76744186,0.23255814,0,0,0.253731343,0.641791045,0,0.104477612,1,0,0,0.847457627,0.152542373,372
0.416666667,0.5,0.083333333,0,0,0.76744186,0.23255814,0,0,0.823529412,0,0,0.176470588,0,0,0.237288136,0.152542373,0.610169492,1,0,0.86,0.14,0,373
0.416666667,0.5,0.083333333,0,0,0.76744186,0.23255814,0,0,0.823529412,0,0,0.176470588,0,0,0.237288136,0.152542373,0.610169492,1,0,0.86,0.14,0,374
0.416666667,0.5,0.083333333,0,0,0.76744186,0.23255814,0,0,0.823529412,0,0,0.176470588,0,0,0.237288136,0.152542373,0.610169492,1,0,0.86,0.14,0,375
0.730769231,0.230769231,0.038461538,0,0,0.76744186,0.23255814,0,0,0,0,0,0,0,0,0,0.152542373,0.847457627,1,0.253731343,0.641791045,0.104477612,0,376
0.730769231,0.230769231,0.038461538,0,0,0.76744186,0.23255814,0,0,0,0,0,0,0,0,0,0.152542373,0.847457627,1,0.253731343,0.641791045,0.104477612,0,377
0.730769231,0.230769231,0.038461538,0,0,0.76744186,0.23255814,0,0,0,0,0,0,0,0,0,0.152542373,0.847457627,1,0.253731343,0.641791045,0.104477612,0,378
0.703703704,0.259259259,0.037037037,0,0,0.761904762,0.238095238,0,0,0,0,0,0,0,0,0,0.152542373,0.847457627,1,0.264705882,0.617647059,0.117647059,0,379
0.730769231,0.230769231,0.038461538,0,0,0.76744186,0.23255814,0,0,0,0,0,0,0,0,0,0.152542373,0.847457627,1,0.253731343,0.641791045,0.104477612,0,380
0.678571429,0.25,0.071428571,0,0,0.780487805,0.219512195,0,0,0,0,0,0,0,0,0,0.152542373,0.847457627,1,0.275362319,0.594202899,0.130434783,0,381
0.730769231,0.230769231,0.038461538,0,0,0.76744186,0.23255814,0,0,0,0,0,0,0,0,0,0.152542373,0.847457627,1,0.253731343,0.641791045,0.104477612,0,382
0.730769231,0.230769231,0.038461538,0,0,0.76744186,0.23255814,0,0,0,0,0,0,0,0,0,0.152542373,0.847457627,1,0.253731343,0.641791045,0.104477612,0,383
0.730769231,0.230769231,0.038461538,0,0,0.76744186,0.23255814,0,0,0,0,0,0,0,0,0,0.152542373,0.847457627,1,0.253731343,0.641791045,0.104477612,0,384
0.730769231,0.230769231,0.038461538,0,0,0.76744186,0.23255814,0,0,0,0,0,0,0,0,0,0.152542373,0.847457627,1,0.253731343,0.641791045,0.104477612,0,385
0.678571429,0.285714286,0.035714286,0,0,0.756097561,0.243902439,0,0,0,0,0,0,0,0,0,0.152542373,0.847457627,1,0.275362319,0.594202899,0.130434783,0,386
0.730769231,0.230769231,0.038461538,0,0,0.76744186,0.23255814,0,0,0,0,0,0,0,0,0,0.152542373,0.847457627,1,0.253731343,0.641791045,0.104477612,0,387
0.730769231,0.230769231,0.038461538,0,0,0.76744186,0.23255814,0,0,0,0,0,0,0,0,0,0.152542373,0.847457627,1,0.253731343,0.641791045,0.104477612,0,388
0.730769231,0.230769231,0.038461538,0,0,0.76744186,0.23255814,0,0,0,0,0,0,0,0,0,0.152542373,0.847457627,1,0.253731343,0.641791045,0.104477612,0,389
0.730769231,0.230769231,0.038461538,0,0,0.76744186,0.23255814,0,0,0,0,0,0,0,0,0,0.152542373,0.847457627,1,0.253731343,0.641791045,0.104477612,0,390
0.730769231,0.230769231,0.038461538,0,0,0.76744186,0.23255814,0,0,0,0,0,0,0,0,0,0.152542373,0.847457627,1,0.253731343,0.641791045,0.104477612,0,391
0.633333333,0.333333333,0.033333333,0,0,0.743589744,0.256410256,0,0,0,0,0,0,0,0,0,0.152542373,0.847457627,1,0.295774648,0.549295775,0.154929577,0,392
0.730769231,0.230769231,0.038461538,0,0,0.76744186,0.23255814,0,0,0,0,0,0,0,0,0,0.152542373,0.847457627,1,0.253731343,0.641791045,0.104477612,0,393
0.730769231,0.230769231,0.038461538,0,0,0.76744186,0.23255814,0,0,0,0,0,0,0,0,0,0.152542373,0.847457627,1,0.253731343,0.641791045,0.104477612,0,394
0.416666667,0.5,0.083333333,0,0,0.76744186,0.23255814,0,0,0.823529412,0,0,0.176470588,0,0,0.237288136,0.152542373,0.610169492,1,0,0.86,0.14,0,395
0.416666667,0.5,0.083333333,0,0,0.76744186,0.23255814,0,0,0.823529412,0,0,0.176470588,0,0,0.237288136,0.152542373,0.610169492,1,0,0.86,0.14,0,396
0.703703704,0.259259259,0.037037037,0,0,0.761904762,0.238095238,0,0,0,0,0,0,0,0,0,0.152542373,0.847457627,1,0.264705882,0.617647059,0.117647059,0,397
0.416666667,0.5,0.083333333,0,0,0.76744186,0.23255814,0,0,0.823529412,0,0,0.176470588,0,0,0.237288136,0.152542373,0.610169492,1,0,0.86,0.14,0,398
0.416666667,0.5,0.083333333,0,0,0.76744186,0.23255814,0,0,0.823529412,0,0,0.176470588,0,0,0.237288136,0.152542373,0.610169492,1,0,0.86,0.14,0,399
0.416666667,0.5,0.083333333,0,0,0.76744186,0.23255814,0,0,0.823529412,0,0,0.176470588,0,0,0.237288136,0.152542373,0.610169492,1,0,0.86,0.14,0,400
0.730769231,0.230769231,0.038461538,0,0,0,0,0,0,0,0.76744186,0.23255814,0,0,0.253731343,0.641791045,0,0.104477612,1,0,0,0.847457627,0.152542373,401
0.416666667,0.5,0.083333333,0,0,0.76744186,0.23255814,0,0,0.823529412,0,0,0.176470588,0,0,0.237288136,0.152542373,0.610169492,1,0,0.86,0.14,0,402
0.703703704,0.259259259,0.037037037,0,0,0,0,0,0,0,0.761904762,0.238095238,0,0,0.264705882,0.617647059,0,0.117647059,1,0,0,0.847457627,0.152542373,403
0.730769231,0.230769231,0.038461538,0,0,0,0,0,0,0,0.76744186,0.23255814,0,0,0.253731343,0.641791045,0,0.104477612,1,0,0,0.847457627,0.152542373,404
0.416666667,0.5,0.083333333,0,0,0.76744186,0.23255814,0,0,0.823529412,0,0,0.176470588,0,0,0.237288136,0.152542373,0.610169492,1,0,0.86,0.14,0,405
0.416666667,0.5,0.083333333,0,0,0.76744186,0.23255814,0,0,0.823529412,0,0,0.176470588,0,0,0.237288136,0.152542373,0.610169492,1,0,0.86,0.14,0,406
0.416666667,0.5,0.083333333,0,0,0.76744186,0.23255814,0,0,0.823529412,0,0,0.176470588,0,0,0.237288136,0.152542373,0.610169492,1,0,0.86,0.14,0,407
0.416666667,0.5,0.083333333,0,0,0.76744186,0.23255814,0,0,0.823529412,0,0,0.176470588,0,0,0.237288136,0.152542373,0.610169492,1,0,0.86,0.14,0,408
0.416666667,0.5,0.083333333,0,0,0.76744186,0.23255814,0,0,0.823529412,0,0,0.176470588,0,0,0.237288136,0.152542373,0.610169492,1,0,0.86,0.14,0,409
0.416666667,0.5,0.083333333,0,0,0.76744186,0.23255814,0,0,0.823529412,0,0,0.176470588,0,0,0.237288136,0.152542373,0.610169492,1,0,0.86,0.14,0,410
0.655172414,0.310344828,0.034482759,0,0,0.75,0.25,0,0,0,0,0,0,0,0,0,0.152542373,0.847457627,1,0.285714286,0.571428571,0.142857143,0,411
0.703703704,0.222222222,0.074074074,0,0,0.785714286,0.214285714,0,0,0,0,0,0,0,0,0,0.152542373,0.847457627,1,0.264705882,0.617647059,0.117647059,0,412
0.730769231,0.230769231,0.038461538,0,0,0.76744186,0.23255814,0,0,0,0,0,0,0,0,0,0.152542373,0.847457627,1,0.253731343,0.641791045,0.104477612,0,413
0.416666667,0.5,0.083333333,0,0,0.76744186,0.23255814,0,0,0.823529412,0,0,0.176470588,0,0,0.237288136,0.152542373,0.610169492,1,0,0.86,0.14,0,414
0.416666667,0.5,0.083333333,0,0,0.76744186,0.23255814,0,0,0.823529412,0,0,0.176470588,0,0,0.237288136,0.152542373,0.610169492,1,0,0.86,0.14,0,415
0.703703704,0.259259259,0.037037037,0,0,0,0,0,0,0,0.761904762,0.238095238,0,0,0.264705882,0.617647059,0,0.117647059,1,0,0,0.847457627,0.152542373,416
0.730769231,0.230769231,0.038461538,0,0,0,0,0,0,0,0.76744186,0.23255814,0,0,0.253731343,0.641791045,0,0.104477612,1,0,0,0.847457627,0.152542373,417
0.730769231,0.230769231,0.038461538,0,0,0,0,0,0,0,0.76744186,0.23255814,0,0,0.253731343,0.641791045,0,0.104477612,1,0,0,0.847457627,0.152542373,418
0.416666667,0.5,0.083333333,0,0,0.76744186,0.23255814,0,0,0.823529412,0,0,0.176470588,0,0,0.237288136,0.152542373,0.610169492,1,0,0.86,0.14,0,419
0.416666667,0.5,0.083333333,0,0,0.76744186,0.23255814,0,0,0.823529412,0,0,0.176470588,0,0,0.237288136,0.152542373,0.610169492,1,0,0.86,0.14,0,420
0.730769231,0.230769231,0.038461538,0,0,0,0,0,0,0,0.76744186,0.23255814,0,0,0.253731343,0.641791045,0,0.104477612,1,0,0,0.847457627,0.152542373,421
0.416666667,0.5,0.083333333,0,0,0.76744186,0.23255814,0,0,0.823529412,0,0,0.176470588,0,0,0.237288136,0.152542373,0.610169492,1,0,0.86,0.14,0,422
0.730769231,0.230769231,0.038461538,0,0,0,0,0,0,0,0.76744186,0.23255814,0,0,0.253731343,0.641791045,0,0.104477612,1,0,0,0.847457627,0.152542373,423
0.730769231,0.230769231,0.038461538,0,0,0,0,0,0,0,0.76744186,0.23255814,0,0,0.253731343,0.641791045,0,0.104477612,1,0,0,0.847457627,0.152542373,424
0.703703704,0.259259259,0.037037037,0,0,0,0,0,0,0,0.761904762,0.238095238,0,0,0.264705882,0.617647059,0,0.117647059,1,0,0,0.847457627,0.152542373,425
0.730769231,0.230769231,0.038461538,0,0,0.76744186,0.23255814,0,0,0,0,0,0,0,0,0,0.152542373,0.847457627,1,0.253731343,0.641791045,0.104477612,0,426
0.678571429,0.214285714,0.107142857,0,0,0.804878049,0.195121951,0,0,0,0,0,0,0,0,0,0.152542373,0.847457627,1,0.275362319,0.594202899,0.130434783,0,427
0.461538462,0.461538462,0.076923077,0,0,0.76744186,0.23255814,0,0,1,0,0,0,0,0.063492063,0.206349206,0.142857143,0.587301587,1,0,0.86,0.14,0,428
0.5,0.428571429,0.071428571,0,0,0.76744186,0.23255814,0,0,1,0,0,0,0,0,0.203389831,0.152542373,0.644067797,1,0.090909091,0.781818182,0.127272727,0,429
0.461538462,0.461538462,0.076923077,0,0,0.76744186,0.23255814,0,0,1,0,0,0,0,0,0.220338983,0.152542373,0.627118644,1,0.074074074,0.796296296,0.12962963,0,430
0.466666667,0.466666667,0.066666667,0,0,0.761904762,0.238095238,0,0,1,0,0,0,0,0,0.203389831,0.152542373,0.644067797,1,0.107142857,0.75,0.142857143,0,431
0.473684211,0.473684211,0.052631579,0,0,0.75,0.25,0,0,1,0,0,0,0,0,0.169491525,0.152542373,0.677966102,1,0.166666667,0.666666667,0.166666667,0,432
0.416666667,0.5,0.083333333,0,0,0.76744186,0.23255814,0,0,1,0,0,0,0,0.048387097,0.225806452,0.14516129,0.580645161,1,0,0.86,0.14,0,433
0.655172414,0.310344828,0.034482759,0,0,0,0,0,0,0,0.75,0.25,0,0,0.285714286,0.571428571,0,0.142857143,1,0,0,0.847457627,0.152542373,434
0.416666667,0.5,0.083333333,0,0,0.76744186,0.23255814,0,0,0.823529412,0,0,0.176470588,0,0,0.28,0,0.72,1,0,0.728813559,0.118644068,0.152542373,435
0.416666667,0.5,0.083333333,0,0,0.76744186,0.23255814,0,0,0.823529412,0,0,0.176470588,0,0,0.28,0,0.72,1,0,0.728813559,0.118644068,0.152542373,436
0.416666667,0.5,0.083333333,0,0,0.76744186,0.23255814,0,0,0.823529412,0,0,0.176470588,0,0,0.28,0,0.72,1,0,0.728813559,0.118644068,0.152542373,437
0.678571429,0.285714286,0.035714286,0,0,0,0,0,0,0,0.756097561,0.243902439,0,0,0.275362319,0.594202899,0,0.130434783,1,0,0,0.847457627,0.152542373,438
0.730769231,0.230769231,0.038461538,0,0,0.76744186,0.23255814,0,0,0,0,0,0,0,0,0,0.152542373,0.847457627,1,0.253731343,0.641791045,0.104477612,0,439
0.730769231,0.230769231,0.038461538,0,0,0.76744186,0.23255814,0,0,0,0,0,0,0,0,0,0.152542373,0.847457627,1,0.253731343,0.641791045,0.104477612,0,440
0.416666667,0.5,0.083333333,0,0,0.76744186,0.23255814,0,0,0.823529412,0,0,0.176470588,0,0,0.28,0,0.72,1,0,0.728813559,0.118644068,0.152542373,441
0.730769231,0.230769231,0.038461538,0,0,0.76744186,0.23255814,0,0,0,0,0,0,0,0,0,0.152542373,0.847457627,1,0.253731343,0.641791045,0.104477612,0,442
0.678571429,0.25,0.071428571,0,0,0.780487805,0.219512195,0,0,0,0,0,0,0,0,0,0.152542373,0.847457627,1,0.275362319,0.594202899,0.130434783,0,443
0.703703704,0.259259259,0.037037037,0,0,0.761904762,0.238095238,0,0,0,0,0,0,0,0,0,0.152542373,0.847457627,1,0.264705882,0.617647059,0.117647059,0,444
0.703703704,0.259259259,0.037037037,0,0,0.761904762,0.238095238,0,0,0,0,0,0,0,0,0,0.152542373,0.847457627,1,0.264705882,0.617647059,0.117647059,0,445
0.416666667,0.5,0.083333333,0,0,0.76744186,0.23255814,0,0,0.823529412,0,0,0.176470588,0,0,0.237288136,0.152542373,0.610169492,1,0,0.86,0.14,0,446
0.416666667,0.5,0.083333333,0,0,0.76744186,0.23255814,0,0,0.823529412,0,0,0.176470588,0,0,0.28,0,0.72,1,0,0.728813559,0.118644068,0.152542373,447
0.730769231,0.230769231,0.038461538,0,0,0,0,0,0,0,0.76744186,0.23255814,0,0,0.253731343,0.641791045,0,0.104477612,1,0,0,0.847457627,0.152542373,448
0.730769231,0.230769231,0.038461538,0,0,0,0,0,0,0,0.76744186,0.23255814,0,0,0.253731343,0.641791045,0,0.104477612,1,0,0,0.847457627,0.152542373,449
0.730769231,0.230769231,0.038461538,0,0,0,0,0,0,0,0.76744186,0.23255814,0,0,0.253731343,0.641791045,0,0.104477612,1,0,0,0.847457627,0.152542373,450
0.633333333,0.266666667,0.1,0,0,0,0,0,0,0,0.794871795,0.205128205,0,0,0.295774648,0.549295775,0,0.154929577,1,0,0,0.847457627,0.152542373,451
0.730769231,0.230769231,0.038461538,0,0,0,0,0,0,0,0.76744186,0.23255814,0,0,0.253731343,0.641791045,0,0.104477612,1,0,0,0.847457627,0.152542373,452
0.416666667,0.5,0.083333333,0,0,0.76744186,0.23255814,0,0,0.823529412,0,0,0.176470588,0,0,0.237288136,0.152542373,0.610169492,1,0,0.86,0.14,0,453
0.678571429,0.25,0.071428571,0,0,0.780487805,0.219512195,0,0,0,0,0,0,0,0,0,0.152542373,0.847457627,1,0.275362319,0.594202899,0.130434783,0,454
0.730769231,0.230769231,0.038461538,0,0,0.76744186,0.23255814,0,0,0,0,0,0,0,0,0,0.152542373,0.847457627,1,0.253731343,0.641791045,0.104477612,0,455
0.730769231,0.230769231,0.038461538,0,0,0,0,0,0,0,0.76744186,0.23255814,0,0,0.253731343,0.641791045,0,0.104477612,1,0,0,0.847457627,0.152542373,456
0.416666667,0.5,0.083333333,0,0,0.76744186,0.23255814,0,0,0.823529412,0,0,0.176470588,0,0,0.237288136,0.152542373,0.610169492,1,0,0.86,0.14,0,457
0.416666667,0.5,0.083333333,0,0,0.76744186,0.23255814,0,0,0.823529412,0,0,0.176470588,0,0,0.237288136,0.152542373,0.610169492,1,0,0.86,0.14,0,458
0.416666667,0.5,0.083333333,0,0,0.76744186,0.23255814,0,0,0.823529412,0,0,0.176470588,0,0,0.237288136,0.152542373,0.610169492,1,0,0.86,0.14,0,459
0.416666667,0.5,0.083333333,0,0,0.76744186,0.23255814,0,0,0.823529412,0,0,0.176470588,0,0,0.237288136,0.152542373,0.610169492,1,0,0.86,0.14,0,460
0.678571429,0.285714286,0.035714286,0,0,0,0,0,0,0,0.756097561,0.243902439,0,0,0.275362319,0.594202899,0,0.130434783,1,0,0,0.847457627,0.152542373,461
0.678571429,0.285714286,0.035714286,0,0,0,0,0,0,0,0.756097561,0.243902439,0,0,0.275362319,0.594202899,0,0.130434783,1,0,0,0.847457627,0.152542373,462
0.416666667,0.5,0.083333333,0,0,0.76744186,0.23255814,0,0,0.823529412,0,0,0.176470588,0,0,0.237288136,0.152542373,0.610169492,1,0,0.86,0.14,0,463
0.416666667,0.5,0.083333333,0,0,0.76744186,0.23255814,0,0,0.823529412,0,0,0.176470588,0,0,0.237288136,0.152542373,0.610169492,1,0,0.86,0.14,0,464
0.416666667,0.5,0.083333333,0,0,0.76744186,0.23255814,0,0,0.823529412,0,0,0.176470588,0,0,0.28,0,0.72,1,0,0.728813559,0.118644068,0.152542373,465
0.416666667,0.5,0.083333333,0,0,0.76744186,0.23255814,0,0,0.823529412,0,0,0.176470588,0,0,0.28,0,0.72,1,0,0.728813559,0.118644068,0.152542373,466
0.416666667,0.5,0.083333333,0,0,0.76744186,0.23255814,0,0,0.823529412,0,0,0.176470588,0,0,0.28,0,0.72,1,0,0.728813559,0.118644068,0.152542373,467
0.730769231,0.230769231,0.038461538,0,0,0,0,0,0,0,0.76744186,0.23255814,0,0,0.253731343,0.641791045,0,0.104477612,1,0,0,0.847457627,0.152542373,468
0.730769231,0.230769231,0.038461538,0,0,0,0,0,0,0,0.76744186,0.23255814,0,0,0.253731343,0.641791045,0,0.104477612,1,0,0,0.847457627,0.152542373,469
0.678571429,0.285714286,0.035714286,0,0,0,0,0,0,0,0.756097561,0.243902439,0,0,0.275362319,0.594202899,0,0.130434783,1,0,0,0.847457627,0.152542373,470
0.730769231,0.230769231,0.038461538,0,0,0,0,0,0,0,0.76744186,0.23255814,0,0,0.253731343,0.641791045,0,0.104477612,1,0,0,0.847457627,0.152542373,471
0.703703704,0.259259259,0.037037037,0,0,0,0,0,0,0,0.761904762,0.238095238,0,0,0.264705882,0.617647059,0,0.117647059,1,0,0,0.847457627,0.152542373,472
0.730769231,0.230769231,0.038461538,0,0,0.76744186,0.23255814,0,0,0,0,0,0,0,0,0,0.152542373,0.847457627,1,0.253731343,0.641791045,0.104477612,0,473
0.416666667,0.5,0.083333333,0,0,0.76744186,0.23255814,0,0,0.823529412,0,0,0.176470588,0,0,0.237288136,0.152542373,0.610169492,1,0,0.86,0.14,0,474
0.703703704,0.259259259,0.037037037,0,0,0.761904762,0.238095238,0,0,0,0,0,0,0,0,0,0.152542373,0.847457627,1,0.264705882,0.617647059,0.117647059,0,475
0.703703704,0.259259259,0.037037037,0,0,0.761904762,0.238095238,0,0,0,0,0,0,0,0,0,0.152542373,0.847457627,1,0.264705882,0.617647059,0.117647059,0,476
0.416666667,0.5,0.083333333,0,0,0.76744186,0.23255814,0,0,0.823529412,0,0,0.176470588,0,0,0.237288136,0.152542373,0.610169492,1,0,0.86,0.14,0,477
0.416666667,0.5,0.083333333,0,0,0.76744186,0.23255814,0,0,0.823529412,0,0,0.176470588,0,0,0.237288136,0.152542373,0.610169492,1,0,0.86,0.14,0,478
0.730769231,0.230769231,0.038461538,0,0,0.76744186,0.23255814,0,0,0,0,0,0,0,0,0,0.152542373,0.847457627,1,0.253731343,0.641791045,0.104477612,0,479
0.730769231,0.230769231,0.038461538,0,0,0.76744186,0.23255814,0,0,0,0,0,0,0,0,0,0.152542373,0.847457627,1,0.253731343,0.641791045,0.104477612,0,480
0.730769231,0.230769231,0.038461538,0,0,0.76744186,0.23255814,0,0,0,0,0,0,0,0,0,0.152542373,0.847457627,1,0.253731343,0.641791045,0.104477612,0,481
0.416666667,0.5,0.083333333,0,0,0.76744186,0.23255814,0,0,0.823529412,0,0,0.176470588,0,0,0.28,0,0.72,1,0,0.728813559,0.118644068,0.152542373,482
0.416666667,0.5,0.083333333,0,0,0.76744186,0.23255814,0,0,0.823529412,0,0,0.176470588,0,0,0.28,0,0.72,1,0,0.728813559,0.118644068,0.152542373,483
0.416666667,0.5,0.083333333,0,0,0.76744186,0.23255814,0,0,0.823529412,0,0,0.176470588,0,0,0.237288136,0.152542373,0.610169492,1,0,0.86,0.14,0,484
0.416666667,0.5,0.083333333,0,0,0.76744186,0.23255814,0,0,0.823529412,0,0,0.176470588,0,0,0.28,0,0.72,1,0,0.728813559,0.118644068,0.152542373,485
0.703703704,0.259259259,0.037037037,0,0,0.761904762,0.238095238,0,0,0,0,0,0,0,0,0,0.152542373,0.847457627,1,0.264705882,0.617647059,0.117647059,0,486
0.730769231,0.230769231,0.038461538,0,0,0.76744186,0.23255814,0,0,0,0,0,0,0,0,0,0.152542373,0.847457627,1,0.253731343,0.641791045,0.104477612,0,487
0.730769231,0.230769231,0.038461538,0,0,0.76744186,0.23255814,0,0,0,0,0,0,0,0,0,0.152542373,0.847457627,1,0.253731343,0.641791045,0.104477612,0,488
0.703703704,0.222222222,0.074074074,0,0,0.785714286,0.214285714,0,0,0,0,0,0,0,0,0,0.152542373,0.847457627,1,0.264705882,0.617647059,0.117647059,0,489
0.416666667,0.5,0.083333333,0,0,0.76744186,0.23255814,0,0,0.823529412,0,0,0.176470588,0,0,0.237288136,0.152542373,0.610169492,1,0,0.86,0.14,0,490
0.416666667,0.5,0.083333333,0,0,0.76744186,0.23255814,0,0,0.823529412,0,0,0.176470588,0,0,0.237288136,0.152542373,0.610169492,1,0,0.86,0.14,0,491
0.416666667,0.5,0.083333333,0,0,0.76744186,0.23255814,0,0,0.823529412,0,0,0.176470588,0,0,0.237288136,0.152542373,0.610169492,1,0,0.86,0.14,0,492
0.416666667,0.5,0.083333333,0,0,0.76744186,0.23255814,0,0,0.823529412,0,0,0.176470588,0,0,0.237288136,0.152542373,0.610169492,1,0,0.86,0.14,0,493
0.730769231,0.230769231,0.038461538,0,0,0.76744186,0.23255814,0,0,0,0,0,0,0,0,0,0.152542373,0.847457627,1,0.253731343,0.641791045,0.104477612,0,494
0.416666667,0.5,0.083333333,0,0,0.76744186,0.23255814,0,0,0.823529412,0,0,0.176470588,0,0,0.28,0,0.72,1,0,0.728813559,0.118644068,0.152542373,495
0.730769231,0.230769231,0.038461538,0,0,0.76744186,0.23255814,0,0,0,0,0,0,0,0,0,0.152542373,0.847457627,1,0.253731343,0.641791045,0.104477612,0,496
0.416666667,0.5,0.083333333,0,0,0.76744186,0.23255814,0,0,0.823529412,0,0,0.176470588,0,0,0.237288136,0.152542373,0.610169492,1,0,0.86,0.14,0,497
0.416666667,0.5,0.083333333,0,0,0.76744186,0.23255814,0,0,0.823529412,0,0,0.176470588,0,0,0.28,0,0.72,1,0,0.728813559,0.118644068,0.152542373,498
0.416666667,0.5,0.083333333,0,0,0.76744186,0.23255814,0,0,0.823529412,0,0,0.176470588,0,0,0.28,0,0.72,1,0,0.728813559,0.118644068,0.152542373,499
0.416666667,0.5,0.083333333,0,0,0.76744186,0.23255814,0,0,0.823529412,0,0,0.176470588,0,0,0.28,0,0.72,1,0,0.728813559,0.118644068,0.152542373,500
0.416666667,0.5,0.083333333,0,0,0.76744186,0.23255814,0,0,1,0,0,0,0,0.048387097,0.225806452,0.14516129,0.580645161,1,0,0.86,0.14,0,501
0.533333333,0.4,0.066666667,0,0,0.76744186,0.23255814,0,0,1,0,0,0,0,0.092307692,0.169230769,0.138461538,0.6,1,0,0.86,0.14,0,502
0.5,0.428571429,0.071428571,0,0,0.76744186,0.23255814,0,0,1,0,0,0,0,0.078125,0.1875,0.140625,0.59375,1,0,0.86,0.14,0,503
0.703703704,0.259259259,0.037037037,0,0,0.761904762,0.238095238,0,0,0,0,0,0,0,0,0,0.152542373,0.847457627,1,0.264705882,0.617647059,0.117647059,0,504
0.703703704,0.259259259,0.037037037,0,0,0.761904762,0.238095238,0,0,0,0,0,0,0,0,0,0.152542373,0.847457627,1,0.264705882,0.617647059,0.117647059,0,505
0.5,0.428571429,0.071428571,0,0,0.76744186,0.23255814,0,0,1,0,0,0,0,0.078125,0.1875,0.140625,0.59375,1,0,0.86,0.14,0,506
0.416666667,0.5,0.083333333,0,0,0.76744186,0.23255814,0,0,0.823529412,0,0,0.176470588,0,0,0.28,0,0.72,1,0,0.728813559,0.118644068,0.152542373,507
0.730769231,0.230769231,0.038461538,0,0,0.76744186,0.23255814,0,0,0,0,0,0,0,0,0,0.152542373,0.847457627,1,0.253731343,0.641791045,0.104477612,0,508
0.703703704,0.259259259,0.037037037,0,0,0.761904762,0.238095238,0,0,0,0,0,0,0,0,0,0.152542373,0.847457627,1,0.264705882,0.617647059,0.117647059,0,509
0.416666667,0.5,0.083333333,0,0,0.76744186,0.23255814,0,0,0.823529412,0,0,0.176470588,0,0,0.28,0,0.72,1,0,0.728813559,0.118644068,0.152542373,510
0.416666667,0.5,0.083333333,0,0,0.76744186,0.23255814,0,0,0.823529412,0,0,0.176470588,0,0,0.28,0,0.72,1,0,0.728813559,0.118644068,0.152542373,511
0.416666667,0.5,0.083333333,0,0,0.76744186,0.23255814,0,0,0.823529412,0,0,0.176470588,0,0,0.28,0,0.72,1,0,0.728813559,0.118644068,0.152542373,512
0.416666667,0.5,0.083333333,0,0,0.76744186,0.23255814,0,0,0.823529412,0,0,0.176470588,0,0,0.28,0,0.72,1,0,0.728813559,0.118644068,0.152542373,513
0.416666667,0.5,0.083333333,0,0,0.76744186,0.23255814,0,0,0.823529412,0,0,0.176470588,0,0,0.28,0,0.72,1,0,0.728813559,0.118644068,0.152542373,514
0.416666667,0.5,0.083333333,0,0,0.76744186,0.23255814,0,0,0.823529412,0,0,0.176470588,0,0,0.28,0,0.72,1,0,0.728813559,0.118644068,0.152542373,515
0.416666667,0.5,0.083333333,0,0,0.76744186,0.23255814,0,0,0.823529412,0,0,0.176470588,0,0,0.28,0,0.72,1,0,0.728813559,0.118644068,0.152542373,516
0.416666667,0.5,0.083333333,0,0,0.76744186,0.23255814,0,0,0.823529412,0,0,0.176470588,0,0,0.28,0,0.72,1,0,0.728813559,0.118644068,0.152542373,517
0.730769231,0.230769231,0.038461538,0,0,0,0,0,0,0,0.76744186,0.23255814,0,0,0.253731343,0.641791045,0,0.104477612,1,0,0,0.847457627,0.152542373,518
0.730769231,0.230769231,0.038461538,0,0,0,0,0,0,0,0.76744186,0.23255814,0,0,0.253731343,0.641791045,0,0.104477612,1,0,0,0.847457627,0.152542373,519
0.730769231,0.230769231,0.038461538,0,0,0,0,0,0,0,0.76744186,0.23255814,0,0,0.253731343,0.641791045,0,0.104477612,1,0,0,0.847457627,0.152542373,520
0.703703704,0.259259259,0.037037037,0,0,0,0,0,0,0,0.761904762,0.238095238,0,0,0.264705882,0.617647059,0,0.117647059,1,0,0,0.847457627,0.152542373,521
0.416666667,0.5,0.083333333,0,0,0.76744186,0.23255814,0,0,0.823529412,0,0,0.176470588,0,0,0.28,0,0.72,1,0,0.728813559,0.118644068,0.152542373,522
0.416666667,0.5,0.083333333,0,0,0.76744186,0.23255814,0,0,0.823529412,0,0,0.176470588,0,0,0.28,0,0.72,1,0,0.728813559,0.118644068,0.152542373,523
0.416666667,0.5,0.083333333,0,0,0.76744186,0.23255814,0,0,0.823529412,0,0,0.176470588,0,0,0.28,0,0.72,1,0,0.728813559,0.118644068,0.152542373,524
0.730769231,0.230769231,0.038461538,0,0,0,0,0,0,0,0.76744186,0.23255814,0,0,0.253731343,0.641791045,0,0.104477612,1,0,0,0.847457627,0.152542373,525
0.416666667,0.5,0.083333333,0,0,0.76744186,0.23255814,0,0,0.823529412,0,0,0.176470588,0,0,0.28,0,0.72,1,0,0.728813559,0.118644068,0.152542373,526
0.703703704,0.259259259,0.037037037,0,0,0,0,0,0,0,0.761904762,0.238095238,0,0,0.264705882,0.617647059,0,0.117647059,1,0,0,0.847457627,0.152542373,527
0.730769231,0.230769231,0.038461538,0,0,0,0,0,0,0,0.76744186,0.23255814,0,0,0.253731343,0.641791045,0,0.104477612,1,0,0,0.847457627,0.152542373,528
0.730769231,0.230769231,0.038461538,0,0,0,0,0,0,0,0.76744186,0.23255814,0,0,0.253731343,0.641791045,0,0.104477612,1,0,0,0.847457627,0.152542373,529
0.730769231,0.230769231,0.038461538,0,0,0,0,0,0,0,0.76744186,0.23255814,0,0,0.253731343,0.641791045,0,0.104477612,1,0,0,0.847457627,0.152542373,530
0.730769231,0.230769231,0.038461538,0,0,0.76744186,0.23255814,0,0,0,0,0,0,0,0,0,0.152542373,0.847457627,1,0.253731343,0.641791045,0.104477612,0,531
0.533333333,0.4,0.066666667,0,0,0.76744186,0.23255814,0,0,1,0,0,0,0,0.092307692,0.169230769,0.138461538,0.6,1,0,0.86,0.14,0,532
0.5,0.428571429,0.071428571,0,0,0.76744186,0.23255814,0,0,1,0,0,0,0,0.078125,0.1875,0.140625,0.59375,1,0,0.86,0.14,0,533
0.678571429,0.285714286,0.035714286,0,0,0,0,0,0,0,0.756097561,0.243902439,0,0,0.275362319,0.594202899,0,0.130434783,1,0,0,0.847457627,0.152542373,534
0.703703704,0.259259259,0.037037037,0,0,0,0,0,0,0,0.761904762,0.238095238,0,0,0.264705882,0.617647059,0,0.117647059,1,0,0,0.847457627,0.152542373,535
0.730769231,0.230769231,0.038461538,0,0,0,0,0,0,0,0.76744186,0.23255814,0,0,0.253731343,0.641791045,0,0.104477612,1,0,0,0.847457627,0.152542373,536
0.730769231,0.230769231,0.038461538,0,0,0,0,0,0,0,0.76744186,0.23255814,0,0,0.253731343,0.641791045,0,0.104477612,1,0,0,0.847457627,0.152542373,537
0.533333333,0.4,0.066666667,0,0,0.76744186,0.23255814,0,0,1,0,0,0,0,0.107142857,0.196428571,0,0.696428571,1,0,0.728813559,0.118644068,0.152542373,538
0.461538462,0.461538462,0.076923077,0,0,0.76744186,0.23255814,0,0,1,0,0,0,0,0.074074074,0.240740741,0,0.685185185,1,0,0.728813559,0.118644068,0.152542373,539
0.461538462,0.461538462,0.076923077,0,0,0.76744186,0.23255814,0,0,1,0,0,0,0,0.074074074,0.240740741,0,0.685185185,1,0,0.728813559,0.118644068,0.152542373,540
0.461538462,0.461538462,0.076923077,0,0,0.76744186,0.23255814,0,0,1,0,0,0,0,0.074074074,0.240740741,0,0.685185185,1,0,0.728813559,0.118644068,0.152542373,541
0.461538462,0.461538462,0.076923077,0,0,0.76744186,0.23255814,0,0,1,0,0,0,0,0.063492063,0.206349206,0.142857143,0.587301587,1,0,0.86,0.14,0,542
0.578947368,0.368421053,0.052631579,0,0,0.761904762,0.238095238,0,0,1,0,0,0,0,0.144927536,0.115942029,0.130434783,0.608695652,1,0,0.84,0.16,0,543
0.5,0.4375,0.0625,0,0,0.761904762,0.238095238,0,0,1,0,0,0,0,0.106060606,0.166666667,0.136363636,0.590909091,1,0,0.84,0.16,0,544
0.466666667,0.466666667,0.066666667,0,0,0.761904762,0.238095238,0,0,1,0,0,0,0,0.092307692,0.184615385,0.138461538,0.584615385,1,0,0.84,0.16,0,545
0.466666667,0.466666667,0.066666667,0,0,0.761904762,0.238095238,0,0,1,0,0,0,0,0.092307692,0.184615385,0.138461538,0.584615385,1,0,0.84,0.16,0,546
0.533333333,0.4,0.066666667,0,0,0.76744186,0.23255814,0,0,1,0,0,0,0,0.092307692,0.169230769,0.138461538,0.6,1,0,0.86,0.14,0,547
0.466666667,0.4,0.133333333,0,0,0.785714286,0.214285714,0,0,1,0,0,0,0,0.092307692,0.184615385,0.138461538,0.584615385,1,0,0.84,0.16,0,548
0.5,0.428571429,0.071428571,0,0,0.76744186,0.23255814,0,0,1,0,0,0,0,0.078125,0.1875,0.140625,0.59375,1,0,0.86,0.14,0,549
0.611111111,0.333333333,0.055555556,0,0,0.76744186,0.23255814,0,0,1,0,0,0,0,0.132352941,0.117647059,0.132352941,0.617647059,1,0,0.86,0.14,0,550
0.533333333,0.4,0.066666667,0,0,0.76744186,0.23255814,0,0,1,0,0,0,0,0.092307692,0.169230769,0.138461538,0.6,1,0,0.86,0.14,0,551
0.611111111,0.333333333,0.055555556,0,0,0.76744186,0.23255814,0,0,1,0,0,0,0,0.132352941,0.117647059,0.132352941,0.617647059,1,0,0.86,0.14,0,552
0.5,0.428571429,0.071428571,0,0,0.76744186,0.23255814,0,0,1,0,0,0,0,0.078125,0.1875,0.140625,0.59375,1,0,0.86,0.14,0,553
0.428571429,0.5,0.071428571,0,0,0.761904762,0.238095238,0,0,1,0,0,0,0,0.078125,0.203125,0.140625,0.578125,1,0,0.84,0.16,0,554
0.703703704,0.259259259,0.037037037,0,0,0,0,0,0,0,0.761904762,0.238095238,0,0,0.264705882,0.617647059,0,0.117647059,1,0,0,0.847457627,0.152542373,555
0.703703704,0.259259259,0.037037037,0,0,0,0,0,0,0,0.761904762,0.238095238,0,0,0.264705882,0.617647059,0,0.117647059,1,0,0,0.847457627,0.152542373,556
0.529411765,0.411764706,0.058823529,0,0,0.761904762,0.238095238,0,0,1,0,0,0,0,0.119402985,0.149253731,0.134328358,0.597014925,1,0,0.84,0.16,0,557
0.730769231,0.230769231,0.038461538,0,0,0.76744186,0.23255814,0,0,0,0,0,0,0,0,0,0.152542373,0.847457627,1,0.253731343,0.641791045,0.104477612,0,558
0.730769231,0.230769231,0.038461538,0,0,0.76744186,0.23255814,0,0,0,0,0,0,0,0,0,0.152542373,0.847457627,1,0.253731343,0.641791045,0.104477612,0,559
0.730769231,0.230769231,0.038461538,0,0,0.76744186,0.23255814,0,0,0,0,0,0,0,0,0,0.152542373,0.847457627,1,0.253731343,0.641791045,0.104477612,0,560
0.416666667,0.5,0.083333333,0,0,0.76744186,0.23255814,0,0,1,0,0,0,0,0.048387097,0.225806452,0.14516129,0.580645161,1,0,0.86,0.14,0,561
0.730769231,0.230769231,0.038461538,0,0,0.76744186,0.23255814,0,0,0,0,0,0,0,0,0,0.152542373,0.847457627,1,0.253731343,0.641791045,0.104477612,0,562
0.730769231,0.230769231,0.038461538,0,0,0,0,0,0,0,0.76744186,0.23255814,0,0,0.253731343,0.641791045,0,0.104477612,1,0,0,0.847457627,0.152542373,563
0.730769231,0.230769231,0.038461538,0,0,0,0,0,0,0,0.76744186,0.23255814,0,0,0.253731343,0.641791045,0,0.104477612,1,0,0,0.847457627,0.152542373,564
0.730769231,0.230769231,0.038461538,0,0,0,0,0,0,0,0.76744186,0.23255814,0,0,0.253731343,0.641791045,0,0.104477612,1,0,0,0.847457627,0.152542373,565
0.730769231,0.230769231,0.038461538,0,0,0,0,0,0,0,0.76744186,0.23255814,0,0,0.253731343,0.641791045,0,0.104477612,1,0,0,0.847457627,0.152542373,566
0.730769231,0.230769231,0.038461538,0,0,0,0,0,0,0,0.76744186,0.23255814,0,0,0.253731343,0.641791045,0,0.104477612,1,0,0,0.847457627,0.152542373,567
0.730769231,0.230769231,0.038461538,0,0,0.76744186,0.23255814,0,0,0,0,0,0,0,0,0,0.152542373,0.847457627,1,0.253731343,0.641791045,0.104477612,0,568
0.730769231,0.230769231,0.038461538,0,0,0.76744186,0.23255814,0,0,0,0,0,0,0,0,0,0.152542373,0.847457627,1,0.253731343,0.641791045,0.104477612,0,569
0.703703704,0.222222222,0.074074074,0,0,0,0,0,0,0,0.785714286,0.214285714,0,0,0.264705882,0.617647059,0,0.117647059,1,0,0,0.847457627,0.152542373,570
0.730769231,0.230769231,0.038461538,0,0,0,0,0,0,0,0.76744186,0.23255814,0,0,0.253731343,0.641791045,0,0.104477612,1,0,0,0.847457627,0.152542373,571
0.730769231,0.230769231,0.038461538,0,0,0,0,0,0,0,0.76744186,0.23255814,0,0,0.253731343,0.641791045,0,0.104477612,1,0,0,0.847457627,0.152542373,572
0.730769231,0.230769231,0.038461538,0,0,0,0,0,0,0,0.76744186,0.23255814,0,0,0.253731343,0.641791045,0,0.104477612,1,0,0,0.847457627,0.152542373,573
0.730769231,0.230769231,0.038461538,0,0,0,0,0,0,0,0.76744186,0.23255814,0,0,0.253731343,0.641791045,0,0.104477612,1,0,0,0.847457627,0.152542373,574
0.703703704,0.259259259,0.037037037,0,0,0,0,0,0,0,0.761904762,0.238095238,0,0,0.264705882,0.617647059,0,0.117647059,1,0,0,0.847457627,0.152542373,575
0.730769231,0.230769231,0.038461538,0,0,0,0,0,0,0,0.76744186,0.23255814,0,0,0.253731343,0.641791045,0,0.104477612,1,0,0,0.847457627,0.152542373,576
0.678571429,0.285714286,0.035714286,0,0,0,0,0,0,0,0.756097561,0.243902439,0,0,0.275362319,0.594202899,0,0.130434783,1,0,0,0.847457627,0.152542373,577
0.5625,0.375,0.0625,0,0,0.76744186,0.23255814,0,0,1,0,0,0,0,0.106060606,0.151515152,0.136363636,0.606060606,1,0,0.86,0.14,0,578
0.5,0.428571429,0.071428571,0,0,0.76744186,0.23255814,0,0,1,0,0,0,0,0.090909091,0.218181818,0,0.690909091,1,0,0.728813559,0.118644068,0.152542373,579
0.5,0.428571429,0.071428571,0,0,0.76744186,0.23255814,0,0,1,0,0,0,0,0.078125,0.1875,0.140625,0.59375,1,0,0.86,0.14,0,580
0.5,0.428571429,0.071428571,0,0,0.76744186,0.23255814,0,0,1,0,0,0,0,0.063492063,0.19047619,0.142857143,0.603174603,1,0.019607843,0.843137255,0.137254902,0,581
0.428571429,0.5,0.071428571,0,0,0.761904762,0.238095238,0,0,1,0,0,0,0,0.078125,0.203125,0.140625,0.578125,1,0,0.84,0.16,0,582
0.428571429,0.5,0.071428571,0,0,0.761904762,0.238095238,0,0,1,0,0,0,0,0.078125,0.203125,0.140625,0.578125,1,0,0.84,0.16,0,583
0.703703704,0.259259259,0.037037037,0,0,0,0,0,0,0,0.761904762,0.238095238,0,0,0.264705882,0.617647059,0,0.117647059,1,0,0,0.847457627,0.152542373,584
0.730769231,0.230769231,0.038461538,0,0,0,0,0,0,0,0.76744186,0.23255814,0,0,0.253731343,0.641791045,0,0.104477612,1,0,0,0.847457627,0.152542373,585
0.730769231,0.230769231,0.038461538,0,0,0,0,0,0,0,0.76744186,0.23255814,0,0,0.253731343,0.641791045,0,0.104477612,1,0,0,0.847457627,0.152542373,586
0.703703704,0.259259259,0.037037037,0,0,0,0,0,0,0,0.761904762,0.238095238,0,0,0.264705882,0.617647059,0,0.117647059,1,0,0,0.847457627,0.152542373,587
0.730769231,0.230769231,0.038461538,0,0,0,0,0,0,0,0.76744186,0.23255814,0,0,0.253731343,0.641791045,0,0.104477612,1,0,0,0.847457627,0.152542373,588
0.655172414,0.24137931,0.103448276,0,0,0,0,0,0,0,0.8,0.2,0,0,0.285714286,0.571428571,0,0.142857143,1,0,0,0.847457627,0.152542373,589
0.655172414,0.206896552,0.137931034,0,0,0,0,0,0,0,0.825,0.175,0,0,0.285714286,0.571428571,0,0.142857143,1,0,0,0.847457627,0.152542373,590
0.678571429,0.25,0.071428571,0,0,0,0,0,0,0,0.780487805,0.219512195,0,0,0.275362319,0.594202899,0,0.130434783,1,0,0,0.847457627,0.152542373,591
0.678571429,0.285714286,0.035714286,0,0,0,0,0,0,0,0.756097561,0.243902439,0,0,0.275362319,0.594202899,0,0.130434783,1,0,0,0.847457627,0.152542373,592
0.384615385,0.538461538,0.076923077,0,0,0.761904762,0.238095238,0,0,1,0,0,0,0,0.063492063,0.222222222,0.142857143,0.571428571,1,0,0.84,0.16,0,593
0.428571429,0.5,0.071428571,0,0,0.761904762,0.238095238,0,0,1,0,0,0,0,0.078125,0.203125,0.140625,0.578125,1,0,0.84,0.16,0,594
0.461538462,0.461538462,0.076923077,0,0,0.76744186,0.23255814,0,0,1,0,0,0,0,0.063492063,0.206349206,0.142857143,0.587301587,1,0,0.86,0.14,0,595
0.461538462,0.461538462,0.076923077,0,0,0.76744186,0.23255814,0,0,1,0,0,0,0,0.063492063,0.206349206,0.142857143,0.587301587,1,0,0.86,0.14,0,596
0.416666667,0.5,0.083333333,0,0,0.76744186,0.23255814,0,0,1,0,0,0,0,0.048387097,0.225806452,0.14516129,0.580645161,1,0,0.86,0.14,0,597
0.461538462,0.461538462,0.076923077,0,0,0.76744186,0.23255814,0,0,1,0,0,0,0,0.063492063,0.206349206,0.142857143,0.587301587,1,0,0.86,0.14,0,598
0.461538462,0.461538462,0.076923077,0,0,0.76744186,0.23255814,0,0,1,0,0,0,0,0.063492063,0.206349206,0.142857143,0.587301587,1,0,0.86,0.14,0,599
0.730769231,0.230769231,0.038461538,0,0,0,0,0,0,0,0.76744186,0.23255814,0,0,0.253731343,0.641791045,0,0.104477612,1,0,0,0.847457627,0.152542373,600
0.730769231,0.230769231,0.038461538,0,0,0,0,0,0,0,0.76744186,0.23255814,0,0,0.253731343,0.641791045,0,0.104477612,1,0,0,0.847457627,0.152542373,601
0.730769231,0.230769231,0.038461538,0,0,0,0,0,0,0,0.76744186,0.23255814,0,0,0.253731343,0.641791045,0,0.104477612,1,0,0,0.847457627,0.152542373,602
0.730769231,0.230769231,0.038461538,0,0,0,0,0,0,0,0.76744186,0.23255814,0,0,0.253731343,0.641791045,0,0.104477612,1,0,0,0.847457627,0.152542373,603
0.730769231,0.230769231,0.038461538,0,0,0,0,0,0,0,0.76744186,0.23255814,0,0,0.253731343,0.641791045,0,0.104477612,1,0,0,0.847457627,0.152542373,604
0.730769231,0.230769231,0.038461538,0,0,0,0,0,0,0,0.76744186,0.23255814,0,0,0.253731343,0.641791045,0,0.104477612,1,0,0,0.847457627,0.152542373,605
0.703703704,0.259259259,0.037037037,0,0,0,0,0,0,0,0.761904762,0.238095238,0,0,0.264705882,0.617647059,0,0.117647059,1,0,0,0.847457627,0.152542373,606
0.703703704,0.259259259,0.037037037,0,0,0,0,0,0,0,0.761904762,0.238095238,0,0,0.264705882,0.617647059,0,0.117647059,1,0,0,0.847457627,0.152542373,607
0.678571429,0.285714286,0.035714286,0,0,0,0,0,0,0,0.756097561,0.243902439,0,0,0.275362319,0.594202899,0,0.130434783,1,0,0,0.847457627,0.152542373,608
0.730769231,0.230769231,0.038461538,0,0,0,0,0,0,0,0.76744186,0.23255814,0,0,0.253731343,0.641791045,0,0.104477612,1,0,0,0.847457627,0.152542373,609
0.730769231,0.230769231,0.038461538,0,0,0,0,0,0,0,0.76744186,0.23255814,0,0,0.253731343,0.641791045,0,0.104477612,1,0,0,0.847457627,0.152542373,610
0.5,0.428571429,0.071428571,0,0,0.76744186,0.23255814,0,0,1,0,0,0,0,0.090909091,0.218181818,0,0.690909091,1,0,0.728813559,0.118644068,0.152542373,611
0.529411765,0.411764706,0.058823529,0,0,0.761904762,0.238095238,0,0,1,0,0,0,0,0.137931034,0.172413793,0,0.689655172,1,0,0.711864407,0.13559322,0.152542373,612
0.730769231,0.230769231,0.038461538,0,0,0,0,0,0,0,0.76744186,0.23255814,0,0,0.253731343,0.641791045,0,0.104477612,1,0,0,0.847457627,0.152542373,613
0.730769231,0.230769231,0.038461538,0,0,0,0,0,0,0,0.76744186,0.23255814,0,0,0.253731343,0.641791045,0,0.104477612,1,0,0,0.847457627,0.152542373,614
0.730769231,0.230769231,0.038461538,0,0,0,0,0,0,0,0.76744186,0.23255814,0,0,0.253731343,0.641791045,0,0.104477612,1,0,0,0.847457627,0.152542373,615
0.730769231,0.230769231,0.038461538,0,0,0,0,0,0,0,0.76744186,0.23255814,0,0,0.253731343,0.641791045,0,0.104477612,1,0,0,0.847457627,0.152542373,616
0.730769231,0.230769231,0.038461538,0,0,0,0,0,0,0,0.76744186,0.23255814,0,0,0.253731343,0.641791045,0,0.104477612,1,0,0,0.847457627,0.152542373,617
0.416666667,0.5,0.083333333,0,0,0.76744186,0.23255814,0,0,1,0,0,0,0,0.056603774,0.264150943,0,0.679245283,1,0,0.728813559,0.118644068,0.152542373,618
0.5,0.428571429,0.071428571,0,0,0.76744186,0.23255814,0,0,1,0,0,0,0,0.090909091,0.218181818,0,0.690909091,1,0,0.728813559,0.118644068,0.152542373,619
0.416666667,0.5,0.083333333,0,0,0.76744186,0.23255814,0,0,1,0,0,0,0,0.056603774,0.264150943,0,0.679245283,1,0,0.728813559,0.118644068,0.152542373,620
0.416666667,0.5,0.083333333,0,0,0.76744186,0.23255814,0,0,1,0,0,0,0,0.056603774,0.264150943,0,0.679245283,1,0,0.728813559,0.118644068,0.152542373,621
0.5,0.428571429,0.071428571,0,0,0.76744186,0.23255814,0,0,1,0,0,0,0,0.090909091,0.218181818,0,0.690909091,1,0,0.728813559,0.118644068,0.152542373,622
0.466666667,0.466666667,0.066666667,0,0,0.761904762,0.238095238,0,0,1,0,0,0,0,0.107142857,0.214285714,0,0.678571429,1,0,0.711864407,0.13559322,0.152542373,623
0.730769231,0.230769231,0.038461538,0,0,0,0,0,0,0,0.76744186,0.23255814,0,0,0.253731343,0.641791045,0,0.104477612,1,0,0,0.847457627,0.152542373,624
0.703703704,0.259259259,0.037037037,0,0,0,0,0,0,0,0.761904762,0.238095238,0,0,0.264705882,0.617647059,0,0.117647059,1,0,0,0.847457627,0.152542373,625
0.730769231,0.230769231,0.038461538,0,0,0,0,0,0,0,0.76744186,0.23255814,0,0,0.253731343,0.641791045,0,0.104477612,1,0,0,0.847457627,0.152542373,626
0.730769231,0.230769231,0.038461538,0,0,0,0,0,0,0,0.76744186,0.23255814,0,0,0.253731343,0.641791045,0,0.104477612,1,0,0,0.847457627,0.152542373,627
0.730769231,0.230769231,0.038461538,0,0,0,0,0,0,0,0.76744186,0.23255814,0,0,0.253731343,0.641791045,0,0.104477612,1,0,0,0.847457627,0.152542373,628
0.703703704,0.259259259,0.037037037,0,0,0,0,0,0,0,0.761904762,0.238095238,0,0,0.264705882,0.617647059,0,0.117647059,1,0,0,0.847457627,0.152542373,629
0.703703704,0.259259259,0.037037037,0,0,0.761904762,0.238095238,0,0,0,0,0,0,0,0,0,0,1,1,0.233766234,0.545454545,0.103896104,0.116883117,630
0.678571429,0.285714286,0.035714286,0,0,0.756097561,0.243902439,0,0,0,0,0,0,0,0,0,0,1,1,0.243589744,0.525641026,0.115384615,0.115384615,631
0.730769231,0.230769231,0.038461538,0,0,0.76744186,0.23255814,0,0,0,0,0,0,0,0,0,0,1,1,0.223684211,0.565789474,0.092105263,0.118421053,632
0.730769231,0.230769231,0.038461538,0,0,0.76744186,0.23255814,0,0,0,0,0,0,0,0,0,0,1,1,0.223684211,0.565789474,0.092105263,0.118421053,633
0.703703704,0.222222222,0.074074074,0,0,0.785714286,0.214285714,0,0,0,0,0,0,0,0,0,0,1,1,0.233766234,0.545454545,0.103896104,0.116883117,634
0.730769231,0.230769231,0.038461538,0,0,0,0,0,0,0,0.76744186,0.23255814,0,0,0.253731343,0.641791045,0,0.104477612,1,0,0,0.847457627,0.152542373,635
0.730769231,0.230769231,0.038461538,0,0,0,0,0,0,0,0.76744186,0.23255814,0,0,0.253731343,0.641791045,0,0.104477612,1,0,0,0.847457627,0.152542373,636
0.703703704,0.259259259,0.037037037,0,0,0,0,0,0,0,0.761904762,0.238095238,0,0,0.264705882,0.617647059,0,0.117647059,1,0,0,0.847457627,0.152542373,637
0.730769231,0.230769231,0.038461538,0,0,0,0,0,0,0,0.76744186,0.23255814,0,0,0.253731343,0.641791045,0,0.104477612,1,0,0,0.847457627,0.152542373,638
0.703703704,0.259259259,0.037037037,0,0,0,0,0,0,0,0.761904762,0.238095238,0,0,0.264705882,0.617647059,0,0.117647059,1,0,0,0.847457627,0.152542373,639
0.703703704,0.222222222,0.074074074,0,0,0,0,0,0,0,0.785714286,0.214285714,0,0,0.264705882,0.617647059,0,0.117647059,1,0,0,0.847457627,0.152542373,640
0.730769231,0.230769231,0.038461538,0,0,0,0,0,0,0,0.76744186,0.23255814,0,0,0.253731343,0.641791045,0,0.104477612,1,0,0,0.847457627,0.152542373,641
0.703703704,0.259259259,0.037037037,0,0,0,0,0,0,0,0.761904762,0.238095238,0,0,0.264705882,0.617647059,0,0.117647059,1,0,0,0.847457627,0.152542373,642
0.703703704,0.222222222,0.074074074,0,0,0,0,0,0,0,0.785714286,0.214285714,0,0,0.264705882,0.617647059,0,0.117647059,1,0,0,0.847457627,0.152542373,643
0.730769231,0.230769231,0.038461538,0,0,0,0,0,0,0,0.76744186,0.23255814,0,0,0.253731343,0.641791045,0,0.104477612,1,0,0,0.847457627,0.152542373,644
0.730769231,0.230769231,0.038461538,0,0,0,0,0,0,0,0.76744186,0.23255814,0,0,0.253731343,0.641791045,0,0.104477612,1,0,0,0.847457627,0.152542373,645
0.730769231,0.230769231,0.038461538,0,0,0,0,0,0,0,0.76744186,0.23255814,0,0,0.253731343,0.641791045,0,0.104477612,1,0,0,0.847457627,0.152542373,646
0.703703704,0.222222222,0.074074074,0,0,0.785714286,0.214285714,0,0,0,0,0,0,0,0,0,0,1,1,0.233766234,0.545454545,0.103896104,0.116883117,647
0.703703704,0.259259259,0.037037037,0,0,0,0,0,0,0,0.761904762,0.238095238,0,0,0.264705882,0.617647059,0,0.117647059,1,0,0,0.847457627,0.152542373,648
0.730769231,0.230769231,0.038461538,0,0,0.76744186,0.23255814,0,0,0,0,0,0,0,0,0,0,1,1,0.223684211,0.565789474,0.092105263,0.118421053,649
0.678571429,0.25,0.071428571,0,0,0.780487805,0.219512195,0,0,0,0,0,0,0,0,0,0,1,1,0.243589744,0.525641026,0.115384615,0.115384615,650
0.678571429,0.285714286,0.035714286,0,0,0.756097561,0.243902439,0,0,0,0,0,0,0,0,0,0,1,1,0.243589744,0.525641026,0.115384615,0.115384615,651
0.678571429,0.285714286,0.035714286,0,0,0.756097561,0.243902439,0,0,0,0,0,0,0,0,0,0,1,1,0.243589744,0.525641026,0.115384615,0.115384615,652
0.730769231,0.230769231,0.038461538,0,0,0.76744186,0.23255814,0,0,0,0,0,0,0,0,0,0,1,1,0.223684211,0.565789474,0.092105263,0.118421053,653
0.730769231,0.230769231,0.038461538,0,0,0.76744186,0.23255814,0,0,0,0,0,0,0,0,0,0,1,1,0.223684211,0.565789474,0.092105263,0.118421053,654
0.730769231,0.230769231,0.038461538,0,0,0.76744186,0.23255814,0,0,0,0,0,0,0,0,0,0,1,1,0.223684211,0.565789474,0.092105263,0.118421053,655
0.730769231,0.230769231,0.038461538,0,0,0.76744186,0.23255814,0,0,0,0,0,0,0,0,0,0,1,1,0.223684211,0.565789474,0.092105263,0.118421053,656
0.703703704,0.222222222,0.074074074,0,0,0,0,0,0,0,0.785714286,0.214285714,0,0,0.264705882,0.617647059,0,0.117647059,1,0,0,0.847457627,0.152542373,657
0.703703704,0.259259259,0.037037037,0,0,0,0,0,0,0,0.761904762,0.238095238,0,0,0.264705882,0.617647059,0,0.117647059,1,0,0,0.847457627,0.152542373,658
0.703703704,0.259259259,0.037037037,0,0,0,0,0,0,0,0.761904762,0.238095238,0,0,0.264705882,0.617647059,0,0.117647059,1,0,0,0.847457627,0.152542373,659
0.416666667,0.5,0.083333333,0,0,0.76744186,0.23255814,0,0,0.823529412,0,0,0.176470588,0,0,0.28,0,0.72,1,0,0.728813559,0.118644068,0.152542373,660
0.416666667,0.5,0.083333333,0,0,0.76744186,0.23255814,0,0,0.823529412,0,0,0.176470588,0,0,0.28,0,0.72,1,0,0.728813559,0.118644068,0.152542373,661
0.416666667,0.5,0.083333333,0,0,0.76744186,0.23255814,0,0,0.823529412,0,0,0.176470588,0,0,0.28,0,0.72,1,0,0.728813559,0.118644068,0.152542373,662
0.416666667,0.5,0.083333333,0,0,0.76744186,0.23255814,0,0,0.823529412,0,0,0.176470588,0,0,0.28,0,0.72,1,0,0.728813559,0.118644068,0.152542373,663
0.416666667,0.5,0.083333333,0,0,0.76744186,0.23255814,0,0,0.823529412,0,0,0.176470588,0,0,0.28,0,0.72,1,0,0.728813559,0.118644068,0.152542373,664
0.461538462,0.461538462,0.076923077,0,0,0.76744186,0.23255814,0,0,1,0,0,0,0,0.074074074,0.240740741,0,0.685185185,1,0,0.728813559,0.118644068,0.152542373,665
0.416666667,0.5,0.083333333,0,0,0.76744186,0.23255814,0,0,0.823529412,0,0,0.176470588,0,0,0.28,0,0.72,1,0,0.728813559,0.118644068,0.152542373,666
0.416666667,0.5,0.083333333,0,0,0.76744186,0.23255814,0,0,1,0,0,0,0,0.056603774,0.264150943,0,0.679245283,1,0,0.728813559,0.118644068,0.152542373,667
0.461538462,0.461538462,0.076923077,0,0,0.76744186,0.23255814,0,0,1,0,0,0,0,0.063492063,0.206349206,0.142857143,0.587301587,1,0,0.86,0.14,0,668
0.730769231,0.230769231,0.038461538,0,0,0.76744186,0.23255814,0,0,0,0,0,0,0,0,0,0,1,1,0.223684211,0.565789474,0.092105263,0.118421053,669
0.730769231,0.230769231,0.038461538,0,0,0.76744186,0.23255814,0,0,0,0,0,0,0,0,0,0,1,1,0.223684211,0.565789474,0.092105263,0.118421053,670
0.533333333,0.4,0.066666667,0,0,0.76744186,0.23255814,0,0,1,0,0,0,0,0.092307692,0.169230769,0.138461538,0.6,1,0,0.86,0.14,0,671
0.5,0.375,0.125,0,0,0.785714286,0.214285714,0,0,1,0,0,0,0,0.122807018,0.192982456,0,0.684210526,1,0,0.711864407,0.13559322,0.152542373,672
0.533333333,0.4,0.066666667,0,0,0.76744186,0.23255814,0,0,1,0,0,0,0,0.107142857,0.196428571,0,0.696428571,1,0,0.728813559,0.118644068,0.152542373,673
0.461538462,0.461538462,0.076923077,0,0,0.76744186,0.23255814,0,0,1,0,0,0,0,0.074074074,0.240740741,0,0.685185185,1,0,0.728813559,0.118644068,0.152542373,674
0.5,0.428571429,0.071428571,0,0,0.76744186,0.23255814,0,0,1,0,0,0,0,0.090909091,0.218181818,0,0.690909091,1,0,0.728813559,0.118644068,0.152542373,675
0.533333333,0.4,0.066666667,0,0,0.76744186,0.23255814,0,0,1,0,0,0,0,0.107142857,0.196428571,0,0.696428571,1,0,0.728813559,0.118644068,0.152542373,676
0.533333333,0.4,0.066666667,0,0,0.76744186,0.23255814,0,0,1,0,0,0,0,0.107142857,0.196428571,0,0.696428571,1,0,0.728813559,0.118644068,0.152542373,677
0.416666667,0.5,0.083333333,0,0,0.76744186,0.23255814,0,0,0.823529412,0,0,0.176470588,0,0,0.28,0,0.72,1,0,0.728813559,0.118644068,0.152542373,678
0.416666667,0.5,0.083333333,0,0,0.76744186,0.23255814,0,0,0.823529412,0,0,0.176470588,0,0,0.28,0,0.72,1,0,0.728813559,0.118644068,0.152542373,679
0.416666667,0.5,0.083333333,0,0,0.76744186,0.23255814,0,0,0.823529412,0,0,0.176470588,0,0,0.28,0,0.72,1,0,0.728813559,0.118644068,0.152542373,680
0.416666667,0.5,0.083333333,0,0,0.76744186,0.23255814,0,0,0.823529412,0,0,0.176470588,0,0,0.28,0,0.72,1,0,0.728813559,0.118644068,0.152542373,681
0.416666667,0.5,0.083333333,0,0,0.76744186,0.23255814,0,0,0.823529412,0,0,0.176470588,0,0,0.28,0,0.72,1,0,0.728813559,0.118644068,0.152542373,682
0.416666667,0.5,0.083333333,0,0,0.76744186,0.23255814,0,0,0.823529412,0,0,0.176470588,0,0,0.28,0,0.72,1,0,0.728813559,0.118644068,0.152542373,683
0.703703704,0.259259259,0.037037037,0,0,0.761904762,0.238095238,0,0,0,0,0,0,0,0.264705882,0,0,0.735294118,1,0,0.711864407,0.13559322,0.152542373,684
0.703703704,0.259259259,0.037037037,0,0,0.761904762,0.238095238,0,0,0,0,0,0,0,0.264705882,0,0,0.735294118,1,0,0.711864407,0.13559322,0.152542373,685
0.730769231,0.230769231,0.038461538,0,0,0.76744186,0.23255814,0,0,0,0,0,0,0,0.253731343,0,0,0.746268657,1,0,0.728813559,0.118644068,0.152542373,686
0.703703704,0.259259259,0.037037037,0,0,0.761904762,0.238095238,0,0,0,0,0,0,0,0.264705882,0,0,0.735294118,1,0,0.711864407,0.13559322,0.152542373,687
0.703703704,0.259259259,0.037037037,0,0,0.761904762,0.238095238,0,0,0,0,0,0,0,0.264705882,0,0,0.735294118,1,0,0.711864407,0.13559322,0.152542373,688
0.730769231,0.230769231,0.038461538,0,0,0.76744186,0.23255814,0,0,0,0,0,0,0,0,0,0,1,1,0.223684211,0.565789474,0.092105263,0.118421053,689
0.730769231,0.230769231,0.038461538,0,0,0.76744186,0.23255814,0,0,0,0,0,0,0,0,0,0,1,1,0.223684211,0.565789474,0.092105263,0.118421053,690
0.703703704,0.259259259,0.037037037,0,0,0.761904762,0.238095238,0,0,0,0,0,0,0,0,0,0,1,1,0.233766234,0.545454545,0.103896104,0.116883117,691
0.730769231,0.230769231,0.038461538,0,0,0.76744186,0.23255814,0,0,0,0,0,0,0,0,0,0,1,1,0.223684211,0.565789474,0.092105263,0.118421053,692
0.703703704,0.259259259,0.037037037,0,0,0.761904762,0.238095238,0,0,0,0,0,0,0,0,0,0,1,1,0.233766234,0.545454545,0.103896104,0.116883117,693
0.703703704,0.259259259,0.037037037,0,0,0.761904762,0.238095238,0,0,0,0,0,0,0,0,0,0,1,1,0.233766234,0.545454545,0.103896104,0.116883117,694
0.730769231,0.230769231,0.038461538,0,0,0.76744186,0.23255814,0,0,0,0,0,0,0,0,0,0,1,1,0.223684211,0.565789474,0.092105263,0.118421053,695
0.703703704,0.222222222,0.074074074,0,0,0.785714286,0.214285714,0,0,0,0,0,0,0,0,0,0,1,1,0.233766234,0.545454545,0.103896104,0.116883117,696
0.730769231,0.230769231,0.038461538,0,0,0.76744186,0.23255814,0,0,0,0,0,0,0,0,0,0,1,1,0.223684211,0.565789474,0.092105263,0.118421053,697
0.730769231,0.230769231,0.038461538,0,0,0.76744186,0.23255814,0,0,0,0,0,0,0,0,0,0,1,1,0.223684211,0.565789474,0.092105263,0.118421053,698
0.730769231,0.230769231,0.038461538,0,0,0.76744186,0.23255814,0,0,0,0,0,0,0,0,0,0,1,1,0.223684211,0.565789474,0.092105263,0.118421053,699
0.730769231,0.230769231,0.038461538,0,0,0.76744186,0.23255814,0,0,0,0,0,0,0,0,0,0,1,1,0.223684211,0.565789474,0.092105263,0.118421053,700
0.416666667,0.5,0.083333333,0,0,0.76744186,0.23255814,0,0,0.823529412,0,0,0.176470588,0,0,0.28,0,0.72,1,0,0.728813559,0.118644068,0.152542373,701
0.416666667,0.5,0.083333333,0,0,0.76744186,0.23255814,0,0,0.823529412,0,0,0.176470588,0,0,0.28,0,0.72,1,0,0.728813559,0.118644068,0.152542373,702
0.416666667,0.5,0.083333333,0,0,0.76744186,0.23255814,0,0,0.823529412,0,0,0.176470588,0,0,0.28,0,0.72,1,0,0.728813559,0.118644068,0.152542373,703
0.416666667,0.5,0.083333333,0,0,0.76744186,0.23255814,0,0,0.823529412,0,0,0.176470588,0,0,0.28,0,0.72,1,0,0.728813559,0.118644068,0.152542373,704
0.416666667,0.5,0.083333333,0,0,0.76744186,0.23255814,0,0,0.823529412,0,0,0.176470588,0,0,0.28,0,0.72,1,0,0.728813559,0.118644068,0.152542373,705
0.416666667,0.5,0.083333333,0,0,0.76744186,0.23255814,0,0,0.823529412,0,0,0.176470588,0,0,0.28,0,0.72,1,0,0.728813559,0.118644068,0.152542373,706
0.730769231,0.230769231,0.038461538,0,0,0.76744186,0.23255814,0,0,0,0,0,0,0,0.253731343,0,0,0.746268657,1,0,0.728813559,0.118644068,0.152542373,707
0.730769231,0.230769231,0.038461538,0,0,0.76744186,0.23255814,0,0,0,0,0,0,0,0.253731343,0,0,0.746268657,1,0,0.728813559,0.118644068,0.152542373,708
0.730769231,0.230769231,0.038461538,0,0,0.76744186,0.23255814,0,0,0,0,0,0,0,0,0,0,1,1,0.223684211,0.565789474,0.092105263,0.118421053,709
0.730769231,0.230769231,0.038461538,0,0,0.76744186,0.23255814,0,0,0,0,0,0,0,0,0,0,1,1,0.223684211,0.565789474,0.092105263,0.118421053,710
0.730769231,0.230769231,0.038461538,0,0,0.76744186,0.23255814,0,0,0,0,0,0,0,0.253731343,0,0,0.746268657,1,0,0.728813559,0.118644068,0.152542373,711
0.730769231,0.230769231,0.038461538,0,0,0.76744186,0.23255814,0,0,0,0,0,0,0,0.253731343,0,0,0.746268657,1,0,0.728813559,0.118644068,0.152542373,712
0.703703704,0.259259259,0.037037037,0,0,0.761904762,0.238095238,0,0,0,0,0,0,0,0.264705882,0,0,0.735294118,1,0,0.711864407,0.13559322,0.152542373,713
0.703703704,0.259259259,0.037037037,0,0,0.761904762,0.238095238,0,0,0,0,0,0,0,0,0,0,1,1,0.233766234,0.545454545,0.103896104,0.116883117,714
0.730769231,0.230769231,0.038461538,0,0,0.76744186,0.23255814,0,0,0,0,0,0,0,0,0,0,1,1,0.223684211,0.565789474,0.092105263,0.118421053,715
0.730769231,0.230769231,0.038461538,0,0,0.76744186,0.23255814,0,0,0,0,0,0,0,0,0,0,1,1,0.223684211,0.565789474,0.092105263,0.118421053,716
0.703703704,0.259259259,0.037037037,0,0,0.761904762,0.238095238,0,0,0,0,0,0,0,0,0,0,1,1,0.233766234,0.545454545,0.103896104,0.116883117,717
0.416666667,0.5,0.083333333,0,0,0.76744186,0.23255814,0,0,0.823529412,0,0,0.176470588,0,0,0.28,0,0.72,1,0,0.728813559,0.118644068,0.152542373,718
0.416666667,0.5,0.083333333,0,0,0.76744186,0.23255814,0,0,0.823529412,0,0,0.176470588,0,0,0.28,0,0.72,1,0,0.728813559,0.118644068,0.152542373,719
0.416666667,0.5,0.083333333,0,0,0.76744186,0.23255814,0,0,0.823529412,0,0,0.176470588,0,0,0.28,0,0.72,1,0,0.728813559,0.118644068,0.152542373,720
0.416666667,0.5,0.083333333,0,0,0.76744186,0.23255814,0,0,1,0,0,0,0,0.056603774,0.264150943,0,0.679245283,1,0,0.728813559,0.118644068,0.152542373,721
0.416666667,0.5,0.083333333,0,0,0.76744186,0.23255814,0,0,0.823529412,0,0,0.176470588,0,0,0.28,0,0.72,1,0,0.728813559,0.118644068,0.152542373,722
0.416666667,0.5,0.083333333,0,0,0.76744186,0.23255814,0,0,0.823529412,0,0,0.176470588,0,0,0.28,0,0.72,1,0,0.728813559,0.118644068,0.152542373,723
0.416666667,0.5,0.083333333,0,0,0.76744186,0.23255814,0,0,0.823529412,0,0,0.176470588,0,0,0.28,0,0.72,1,0,0.728813559,0.118644068,0.152542373,724
0.416666667,0.5,0.083333333,0,0,0.76744186,0.23255814,0,0,0.823529412,0,0,0.176470588,0,0,0.28,0,0.72,1,0,0.728813559,0.118644068,0.152542373,725
0.730769231,0.230769231,0.038461538,0,0,0.76744186,0.23255814,0,0,0,0,0,0,0,0.253731343,0,0,0.746268657,1,0,0.728813559,0.118644068,0.152542373,726
0.678571429,0.285714286,0.035714286,0,0,0.756097561,0.243902439,0,0,0,0,0,0,0,0.275362319,0,0,0.724637681,1,0,0.694915254,0.152542373,0.152542373,727
0.703703704,0.259259259,0.037037037,0,0,0.761904762,0.238095238,0,0,0,0,0,0,0,0.264705882,0,0,0.735294118,1,0,0.711864407,0.13559322,0.152542373,728
0.703703704,0.222222222,0.074074074,0,0,0.785714286,0.214285714,0,0,0,0,0,0,0,0.264705882,0,0,0.735294118,1,0,0.711864407,0.13559322,0.152542373,729
0.703703704,0.222222222,0.074074074,0,0,0.785714286,0.214285714,0,0,0,0,0,0,0,0.264705882,0,0,0.735294118,1,0,0.711864407,0.13559322,0.152542373,730
0.703703704,0.222222222,0.074074074,0,0,0.785714286,0.214285714,0,0,0,0,0,0,0,0.264705882,0,0,0.735294118,1,0,0.711864407,0.13559322,0.152542373,731
0.730769231,0.230769231,0.038461538,0,0,0.76744186,0.23255814,0,0,0,0,0,0,0,0,0,0,1,1,0.223684211,0.565789474,0.092105263,0.118421053,732
0.730769231,0.230769231,0.038461538,0,0,0.76744186,0.23255814,0,0,0,0,0,0,0,0.253731343,0,0,0.746268657,1,0,0.728813559,0.118644068,0.152542373,733
0.416666667,0.5,0.083333333,0,0,0.76744186,0.23255814,0,0,0.823529412,0,0,0.176470588,0,0,0.28,0,0.72,1,0,0.728813559,0.118644068,0.152542373,734
0.416666667,0.5,0.083333333,0,0,0.76744186,0.23255814,0,0,0.823529412,0,0,0.176470588,0,0,0.28,0,0.72,1,0,0.728813559,0.118644068,0.152542373,735
0.730769231,0.230769231,0.038461538,0,0,0.76744186,0.23255814,0,0,0,0,0,0,0,0.253731343,0,0,0.746268657,1,0,0.728813559,0.118644068,0.152542373,736
0.730769231,0.230769231,0.038461538,0,0,0.76744186,0.23255814,0,0,0,0,0,0,0,0.253731343,0,0,0.746268657,1,0,0.728813559,0.118644068,0.152542373,737
0.703703704,0.259259259,0.037037037,0,0,0.761904762,0.238095238,0,0,0,0,0,0,0,0,0,0,1,1,0.233766234,0.545454545,0.103896104,0.116883117,738
0.678571429,0.25,0.071428571,0,0,0.780487805,0.219512195,0,0,0,0,0,0,0,0,0,0,1,1,0.243589744,0.525641026,0.115384615,0.115384615,739
0.730769231,0.230769231,0.038461538,0,0,0.76744186,0.23255814,0,0,0,0,0,0,0,0.253731343,0,0,0.746268657,1,0,0.728813559,0.118644068,0.152542373,740
0.730769231,0.230769231,0.038461538,0,0,0.76744186,0.23255814,0,0,0,0,0,0,0,0.253731343,0,0,0.746268657,1,0,0.728813559,0.118644068,0.152542373,741
0.703703704,0.259259259,0.037037037,0,0,0.761904762,0.238095238,0,0,0,0,0,0,0,0.264705882,0,0,0.735294118,1,0,0.711864407,0.13559322,0.152542373,742
0.703703704,0.259259259,0.037037037,0,0,0.761904762,0.238095238,0,0,0,0,0,0,0,0.264705882,0,0,0.735294118,1,0,0.711864407,0.13559322,0.152542373,743
0.416666667,0.5,0.083333333,0,0,0.76744186,0.23255814,0,0,0.823529412,0,0,0.176470588,0,0,0.28,0,0.72,1,0,0.728813559,0.118644068,0.152542373,744
0.461538462,0.461538462,0.076923077,0,0,0.76744186,0.23255814,0,0,1,0,0,0,0,0.063492063,0.206349206,0.142857143,0.587301587,1,0,0.86,0.14,0,745
0.703703704,0.259259259,0.037037037,0,0,0.761904762,0.238095238,0,0,0,0,0,0,0,0,0,0,1,1,0.233766234,0.545454545,0.103896104,0.116883117,746
0.730769231,0.230769231,0.038461538,0,0,0.76744186,0.23255814,0,0,0,0,0,0,0,0,0,0,1,1,0.223684211,0.565789474,0.092105263,0.118421053,747
0.703703704,0.259259259,0.037037037,0,0,0.761904762,0.238095238,0,0,0,0,0,0,0,0.264705882,0,0,0.735294118,1,0,0.711864407,0.13559322,0.152542373,748
0.730769231,0.230769231,0.038461538,0,0,0.76744186,0.23255814,0,0,0,0,0,0,0,0.253731343,0,0,0.746268657,1,0,0.728813559,0.118644068,0.152542373,749
0.703703704,0.259259259,0.037037037,0,0,0.761904762,0.238095238,0,0,0,0,0,0,0,0.264705882,0,0,0.735294118,1,0,0.711864407,0.13559322,0.152542373,750
0.416666667,0.5,0.083333333,0,0,0.76744186,0.23255814,0,0,0.823529412,0,0,0.176470588,0,0,0.28,0,0.72,1,0,0.728813559,0.118644068,0.152542373,751
0.703703704,0.259259259,0.037037037,0,0,0.761904762,0.238095238,0,0,0,0,0,0,0,0.264705882,0,0,0.735294118,1,0,0.711864407,0.13559322,0.152542373,752
0.703703704,0.259259259,0.037037037,0,0,0.761904762,0.238095238,0,0,0,0,0,0,0,0.264705882,0,0,0.735294118,1,0,0.711864407,0.13559322,0.152542373,753
0.730769231,0.230769231,0.038461538,0,0,0.76744186,0.23255814,0,0,0,0,0,0,0,0.253731343,0,0,0.746268657,1,0,0.728813559,0.118644068,0.152542373,754
0.416666667,0.5,0.083333333,0,0,0.76744186,0.23255814,0,0,0.823529412,0,0,0.176470588,0,0,0.28,0,0.72,1,0,0.728813559,0.118644068,0.152542373,755
0.416666667,0.5,0.083333333,0,0,0.76744186,0.23255814,0,0,0.823529412,0,0,0.176470588,0,0,0.28,0,0.72,1,0,0.728813559,0.118644068,0.152542373,756
0.416666667,0.5,0.083333333,0,0,0.76744186,0.23255814,0,0,0.823529412,0,0,0.176470588,0,0,0.28,0,0.72,1,0,0.728813559,0.118644068,0.152542373,757
0.416666667,0.5,0.083333333,0,0,0.76744186,0.23255814,0,0,0.823529412,0,0,0.176470588,0,0,0.28,0,0.72,1,0,0.728813559,0.118644068,0.152542373,758
0.416666667,0.5,0.083333333,0,0,0.76744186,0.23255814,0,0,0.823529412,0,0,0.176470588,0,0,0.28,0,0.72,1,0,0.728813559,0.118644068,0.152542373,759
0.416666667,0.5,0.083333333,0,0,0.76744186,0.23255814,0,0,0.823529412,0,0,0.176470588,0,0,0.28,0,0.72,1,0,0.728813559,0.118644068,0.152542373,760
0.416666667,0.5,0.083333333,0,0,0.76744186,0.23255814,0,0,0.823529412,0,0,0.176470588,0,0,0.28,0,0.72,1,0,0.728813559,0.118644068,0.152542373,761
0.416666667,0.5,0.083333333,0,0,0.76744186,0.23255814,0,0,0.823529412,0,0,0.176470588,0,0,0.28,0,0.72,1,0,0.728813559,0.118644068,0.152542373,762
0.416666667,0.5,0.083333333,0,0,0.76744186,0.23255814,0,0,0.823529412,0,0,0.176470588,0,0,0.28,0,0.72,1,0,0.728813559,0.118644068,0.152542373,763
0.730769231,0.230769231,0.038461538,0,0,0.76744186,0.23255814,0,0,0,0,0,0,0,0,0,0,1,1,0.223684211,0.565789474,0.092105263,0.118421053,764
0.703703704,0.259259259,0.037037037,0,0,0.761904762,0.238095238,0,0,0,0,0,0,0,0,0,0,1,1,0.233766234,0.545454545,0.103896104,0.116883117,765
0.703703704,0.222222222,0.074074074,0,0,0.785714286,0.214285714,0,0,0,0,0,0,0,0,0,0,1,1,0.233766234,0.545454545,0.103896104,0.116883117,766
0.730769231,0.230769231,0.038461538,0,0,0.76744186,0.23255814,0,0,0,0,0,0,0,0.253731343,0,0,0.746268657,1,0,0.728813559,0.118644068,0.152542373,767
0.730769231,0.230769231,0.038461538,0,0,0.76744186,0.23255814,0,0,0,0,0,0,0,0.253731343,0,0,0.746268657,1,0,0.728813559,0.118644068,0.152542373,768
0.703703704,0.259259259,0.037037037,0,0,0.761904762,0.238095238,0,0,0,0,0,0,0,0.264705882,0,0,0.735294118,1,0,0.711864407,0.13559322,0.152542373,769
0.703703704,0.259259259,0.037037037,0,0,0.761904762,0.238095238,0,0,0,0,0,0,0,0.264705882,0,0,0.735294118,1,0,0.711864407,0.13559322,0.152542373,770
0.703703704,0.259259259,0.037037037,0,0,0.761904762,0.238095238,0,0,0,0,0,0,0,0.264705882,0,0,0.735294118,1,0,0.711864407,0.13559322,0.152542373,771
0.730769231,0.230769231,0.038461538,0,0,0.76744186,0.23255814,0,0,0,0,0,0,0,0.253731343,0,0,0.746268657,1,0,0.728813559,0.118644068,0.152542373,772
0.730769231,0.230769231,0.038461538,0,0,0.76744186,0.23255814,0,0,0,0,0,0,0,0.253731343,0,0,0.746268657,1,0,0.728813559,0.118644068,0.152542373,773
0.730769231,0.230769231,0.038461538,0,0,0.76744186,0.23255814,0,0,0,0,0,0,0,0.253731343,0,0,0.746268657,1,0,0.728813559,0.118644068,0.152542373,774
0.703703704,0.259259259,0.037037037,0,0,0.761904762,0.238095238,0,0,0,0,0,0,0,0.264705882,0,0,0.735294118,1,0,0.711864407,0.13559322,0.152542373,775
0.730769231,0.230769231,0.038461538,0,0,0.76744186,0.23255814,0,0,0,0,0,0,0,0.253731343,0,0,0.746268657,1,0,0.728813559,0.118644068,0.152542373,776
0.678571429,0.285714286,0.035714286,0,0,0.756097561,0.243902439,0,0,0,0,0,0,0,0,0,0,1,1,0.243589744,0.525641026,0.115384615,0.115384615,777
0.703703704,0.259259259,0.037037037,0,0,0.761904762,0.238095238,0,0,0,0,0,0,0,0.264705882,0,0,0.735294118,1,0,0.711864407,0.13559322,0.152542373,778
0.703703704,0.259259259,0.037037037,0,0,0.761904762,0.238095238,0,0,0,0,0,0,0,0.264705882,0,0,0.735294118,1,0,0.711864407,0.13559322,0.152542373,779
0.703703704,0.259259259,0.037037037,0,0,0.761904762,0.238095238,0,0,0,0,0,0,0,0.264705882,0,0,0.735294118,1,0,0.711864407,0.13559322,0.152542373,780
0.730769231,0.230769231,0.038461538,0,0,0.76744186,0.23255814,0,0,0,0,0,0,0,0,0,0,1,1,0.223684211,0.565789474,0.092105263,0.118421053,781
0.730769231,0.230769231,0.038461538,0,0,0.76744186,0.23255814,0,0,0,0,0,0,0,0,0,0,1,1,0.223684211,0.565789474,0.092105263,0.118421053,782
0.703703704,0.259259259,0.037037037,0,0,0.761904762,0.238095238,0,0,0,0,0,0,0,0,0,0,1,1,0.233766234,0.545454545,0.103896104,0.116883117,783
0.730769231,0.230769231,0.038461538,0,0,0.76744186,0.23255814,0,0,0,0,0,0,0,0,0,0,1,1,0.223684211,0.565789474,0.092105263,0.118421053,784
0.416666667,0.5,0.083333333,0,0,0.76744186,0.23255814,0,0,0.823529412,0,0,0.176470588,0,0,0.28,0,0.72,1,0,0.728813559,0.118644068,0.152542373,785
0.416666667,0.5,0.083333333,0,0,0.76744186,0.23255814,0,0,0.823529412,0,0,0.176470588,0,0,0.28,0,0.72,1,0,0.728813559,0.118644068,0.152542373,786
0.730769231,0.230769231,0.038461538,0,0,0.76744186,0.23255814,0,0,0,0,0,0,0,0.253731343,0,0,0.746268657,1,0,0.728813559,0.118644068,0.152542373,787
0.416666667,0.5,0.083333333,0,0,0.76744186,0.23255814,0,0,0.823529412,0,0,0.176470588,0,0,0.28,0,0.72,1,0,0.728813559,0.118644068,0.152542373,788
0.730769231,0.230769231,0.038461538,0,0,0.76744186,0.23255814,0,0,0,0,0,0,0,0.253731343,0,0,0.746268657,1,0,0.728813559,0.118644068,0.152542373,789
0.730769231,0.230769231,0.038461538,0,0,0.76744186,0.23255814,0,0,0,0,0,0,0,0.253731343,0,0,0.746268657,1,0,0.728813559,0.118644068,0.152542373,790
0.703703704,0.222222222,0.074074074,0,0,0.785714286,0.214285714,0,0,0,0,0,0,0,0.264705882,0,0,0.735294118,1,0,0.711864407,0.13559322,0.152542373,791
0.703703704,0.259259259,0.037037037,0,0,0.761904762,0.238095238,0,0,0,0,0,0,0,0.264705882,0,0,0.735294118,1,0,0.711864407,0.13559322,0.152542373,792
0.730769231,0.230769231,0.038461538,0,0,0.76744186,0.23255814,0,0,0,0,0,0,0,0.253731343,0,0,0.746268657,1,0,0.728813559,0.118644068,0.152542373,793
0.703703704,0.222222222,0.074074074,0,0,0.785714286,0.214285714,0,0,0,0,0,0,0,0.264705882,0,0,0.735294118,1,0,0.711864407,0.13559322,0.152542373,794
0.703703704,0.259259259,0.037037037,0,0,0.761904762,0.238095238,0,0,0,0,0,0,0,0.264705882,0,0,0.735294118,1,0,0.711864407,0.13559322,0.152542373,795
0.703703704,0.259259259,0.037037037,0,0,0.761904762,0.238095238,0,0,0,0,0,0,0,0.264705882,0,0,0.735294118,1,0,0.711864407,0.13559322,0.152542373,796
0.703703704,0.222222222,0.074074074,0,0,0.785714286,0.214285714,0,0,0,0,0,0,0,0.264705882,0,0,0.735294118,1,0,0.711864407,0.13559322,0.152542373,797
0.416666667,0.5,0.083333333,0,0,0.76744186,0.23255814,0,0,0.823529412,0,0,0.176470588,0,0,0.28,0,0.72,1,0,0.728813559,0.118644068,0.152542373,798
0.416666667,0.5,0.083333333,0,0,0.76744186,0.23255814,0,0,0.823529412,0,0,0.176470588,0,0,0.28,0,0.72,1,0,0.728813559,0.118644068,0.152542373,799
0.416666667,0.5,0.083333333,0,0,0.76744186,0.23255814,0,0,0.823529412,0,0,0.176470588,0,0,0.28,0,0.72,1,0,0.728813559,0.118644068,0.152542373,800
0.416666667,0.5,0.083333333,0,0,0.76744186,0.23255814,0,0,0.823529412,0,0,0.176470588,0,0,0.28,0,0.72,1,0,0.728813559,0.118644068,0.152542373,801
0.416666667,0.5,0.083333333,0,0,0.76744186,0.23255814,0,0,0.823529412,0,0,0.176470588,0,0,0.28,0,0.72,1,0,0.728813559,0.118644068,0.152542373,802
0.416666667,0.5,0.083333333,0,0,0.76744186,0.23255814,0,0,0.823529412,0,0,0.176470588,0,0,0.28,0,0.72,1,0,0.728813559,0.118644068,0.152542373,803
0.611111111,0.333333333,0.055555556,0,0,0.76744186,0.23255814,0,0,1,0,0,0,0,0.132352941,0.117647059,0.132352941,0.617647059,1,0,0.86,0.14,0,804
0.703703704,0.259259259,0.037037037,0,0,0.761904762,0.238095238,0,0,0,0,0,0,0,0.264705882,0,0,0.735294118,1,0,0.711864407,0.13559322,0.152542373,805
0.730769231,0.230769231,0.038461538,0,0,0.76744186,0.23255814,0,0,0,0,0,0,0,0.253731343,0,0,0.746268657,1,0,0.728813559,0.118644068,0.152542373,806
0.678571429,0.285714286,0.035714286,0,0,0.756097561,0.243902439,0,0,0,0,0,0,0,0.275362319,0,0,0.724637681,1,0,0.694915254,0.152542373,0.152542373,807
0.730769231,0.230769231,0.038461538,0,0,0.76744186,0.23255814,0,0,0,0,0,0,0,0.253731343,0,0,0.746268657,1,0,0.728813559,0.118644068,0.152542373,808
0.730769231,0.230769231,0.038461538,0,0,0.76744186,0.23255814,0,0,0,0,0,0,0,0.253731343,0,0,0.746268657,1,0,0.728813559,0.118644068,0.152542373,809
0.416666667,0.5,0.083333333,0,0,0.76744186,0.23255814,0,0,0.823529412,0,0,0.176470588,0,0,0.28,0,0.72,1,0,0.728813559,0.118644068,0.152542373,810
0.416666667,0.5,0.083333333,0,0,0.76744186,0.23255814,0,0,0.823529412,0,0,0.176470588,0,0,0.28,0,0.72,1,0,0.728813559,0.118644068,0.152542373,811
0.416666667,0.5,0.083333333,0,0,0.76744186,0.23255814,0,0,0.823529412,0,0,0.176470588,0,0,0.28,0,0.72,1,0,0.728813559,0.118644068,0.152542373,812
0.416666667,0.5,0.083333333,0,0,0.76744186,0.23255814,0,0,0.823529412,0,0,0.176470588,0,0,0.28,0,0.72,1,0,0.728813559,0.118644068,0.152542373,813
0.416666667,0.5,0.083333333,0,0,0.76744186,0.23255814,0,0,0.823529412,0,0,0.176470588,0,0,0.28,0,0.72,1,0,0.728813559,0.118644068,0.152542373,814
0.416666667,0.5,0.083333333,0,0,0.76744186,0.23255814,0,0,0.823529412,0,0,0.176470588,0,0,0.28,0,0.72,1,0,0.728813559,0.118644068,0.152542373,815
0.416666667,0.5,0.083333333,0,0,0.76744186,0.23255814,0,0,0.823529412,0,0,0.176470588,0,0,0.28,0,0.72,1,0,0.728813559,0.118644068,0.152542373,816
0.416666667,0.5,0.083333333,0,0,0.76744186,0.23255814,0,0,0.823529412,0,0,0.176470588,0,0,0.28,0,0.72,1,0,0.728813559,0.118644068,0.152542373,817
0.416666667,0.5,0.083333333,0,0,0.76744186,0.23255814,0,0,0.823529412,0,0,0.176470588,0,0,0.28,0,0.72,1,0,0.728813559,0.118644068,0.152542373,818
0.416666667,0.5,0.083333333,0,0,0.76744186,0.23255814,0,0,0.823529412,0,0,0.176470588,0,0,0.28,0,0.72,1,0,0.728813559,0.118644068,0.152542373,819
0.730769231,0.230769231,0.038461538,0,0,0.76744186,0.23255814,0,0,0,0,0,0,0,0,0,0.152542373,0.847457627,1,0.253731343,0.641791045,0.104477612,0,820
0.730769231,0.230769231,0.038461538,0,0,0.76744186,0.23255814,0,0,0,0,0,0,0,0,0,0.152542373,0.847457627,1,0.253731343,0.641791045,0.104477612,0,821
0.730769231,0.230769231,0.038461538,0,0,0.76744186,0.23255814,0,0,0,0,0,0,0,0,0,0.152542373,0.847457627,1,0.253731343,0.641791045,0.104477612,0,822
0.730769231,0.230769231,0.038461538,0,0,0.76744186,0.23255814,0,0,0,0,0,0,0,0,0,0.152542373,0.847457627,1,0.253731343,0.641791045,0.104477612,0,823
0.730769231,0.230769231,0.038461538,0,0,0.76744186,0.23255814,0,0,0,0,0,0,0,0,0,0.152542373,0.847457627,1,0.253731343,0.641791045,0.104477612,0,824
0.730769231,0.230769231,0.038461538,0,0,0.76744186,0.23255814,0,0,0,0,0,0,0,0,0,0.152542373,0.847457627,1,0.253731343,0.641791045,0.104477612,0,825
0.678571429,0.285714286,0.035714286,0,0,0.756097561,0.243902439,0,0,0,0,0,0,0,0,0,0.152542373,0.847457627,1,0.275362319,0.594202899,0.130434783,0,826
0.703703704,0.259259259,0.037037037,0,0,0.761904762,0.238095238,0,0,0,0,0,0,0,0,0,0.152542373,0.847457627,1,0.264705882,0.617647059,0.117647059,0,827
0.730769231,0.230769231,0.038461538,0,0,0.76744186,0.23255814,0,0,0,0,0,0,0,0,0,0.152542373,0.847457627,1,0.253731343,0.641791045,0.104477612,0,828
0.730769231,0.230769231,0.038461538,0,0,0.76744186,0.23255814,0,0,0,0,0,0,0,0,0,0.152542373,0.847457627,1,0.253731343,0.641791045,0.104477612,0,829
0.678571429,0.285714286,0.035714286,0,0,0.756097561,0.243902439,0,0,0,0,0,0,0,0,0,0.152542373,0.847457627,1,0.275362319,0.594202899,0.130434783,0,830
0.730769231,0.230769231,0.038461538,0,0,0.76744186,0.23255814,0,0,0,0,0,0,0,0.253731343,0,0,0.746268657,1,0,0.728813559,0.118644068,0.152542373,831
0.730769231,0.230769231,0.038461538,0,0,0.76744186,0.23255814,0,0,0,0,0,0,0,0.253731343,0,0,0.746268657,1,0,0.728813559,0.118644068,0.152542373,832
0.730769231,0.230769231,0.038461538,0,0,0.76744186,0.23255814,0,0,0,0,0,0,0,0.253731343,0,0,0.746268657,1,0,0.728813559,0.118644068,0.152542373,833
0.416666667,0.5,0.083333333,0,0,0.76744186,0.23255814,0,0,0.823529412,0,0,0.176470588,0,0,0.28,0,0.72,1,0,0.728813559,0.118644068,0.152542373,834
0.416666667,0.5,0.083333333,0,0,0.76744186,0.23255814,0,0,0.823529412,0,0,0.176470588,0,0,0.28,0,0.72,1,0,0.728813559,0.118644068,0.152542373,835
0.730769231,0.230769231,0.038461538,0,0,0.76744186,0.23255814,0,0,0,0,0,0,0,0,0,0.152542373,0.847457627,1,0.253731343,0.641791045,0.104477612,0,836
0.730769231,0.230769231,0.038461538,0,0,0.76744186,0.23255814,0,0,0,0,0,0,0,0,0,0.152542373,0.847457627,1,0.253731343,0.641791045,0.104477612,0,837
0.678571429,0.285714286,0.035714286,0,0,0.756097561,0.243902439,0,0,0,0,0,0,0,0,0,0.152542373,0.847457627,1,0.275362319,0.594202899,0.130434783,0,838
0.703703704,0.259259259,0.037037037,0,0,0.761904762,0.238095238,0,0,0,0,0,0,0,0.264705882,0,0,0.735294118,1,0,0.711864407,0.13559322,0.152542373,839
0.703703704,0.259259259,0.037037037,0,0,0.761904762,0.238095238,0,0,0,0,0,0,0,0,0,0.152542373,0.847457627,1,0.264705882,0.617647059,0.117647059,0,840
0.416666667,0.5,0.083333333,0,0,0.76744186,0.23255814,0,0,0.823529412,0,0,0.176470588,0,0,0.28,0,0.72,1,0,0.728813559,0.118644068,0.152542373,841
0.416666667,0.5,0.083333333,0,0,0.76744186,0.23255814,0,0,0.823529412,0,0,0.176470588,0,0,0.28,0,0.72,1,0,0.728813559,0.118644068,0.152542373,842
0.730769231,0.230769231,0.038461538,0,0,0.76744186,0.23255814,0,0,0,0,0,0,0,0,0,0.152542373,0.847457627,1,0.253731343,0.641791045,0.104477612,0,843
0.416666667,0.5,0.083333333,0,0,0.76744186,0.23255814,0,0,0.823529412,0,0,0.176470588,0,0,0.28,0,0.72,1,0,0.728813559,0.118644068,0.152542373,844
0.416666667,0.5,0.083333333,0,0,0.76744186,0.23255814,0,0,0.823529412,0,0,0.176470588,0,0,0.28,0,0.72,1,0,0.728813559,0.118644068,0.152542373,845
0.416666667,0.5,0.083333333,0,0,0.76744186,0.23255814,0,0,0.823529412,0,0,0.176470588,0,0,0.28,0,0.72,1,0,0.728813559,0.118644068,0.152542373,846
0.416666667,0.5,0.083333333,0,0,0.76744186,0.23255814,0,0,0.823529412,0,0,0.176470588,0,0,0.28,0,0.72,1,0,0.728813559,0.118644068,0.152542373,847
0.678571429,0.285714286,0.035714286,0,0,0.756097561,0.243902439,0,0,0,0,0,0,0,0.275362319,0,0,0.724637681,1,0,0.694915254,0.152542373,0.152542373,848
0.730769231,0.230769231,0.038461538,0,0,0.76744186,0.23255814,0,0,0,0,0,0,0,0.253731343,0,0,0.746268657,1,0,0.728813559,0.118644068,0.152542373,849
0.730769231,0.230769231,0.038461538,0,0,0.76744186,0.23255814,0,0,0,0,0,0,0,0.253731343,0,0,0.746268657,1,0,0.728813559,0.118644068,0.152542373,850
0.730769231,0.230769231,0.038461538,0,0,0.76744186,0.23255814,0,0,0,0,0,0,0,0.253731343,0,0,0.746268657,1,0,0.728813559,0.118644068,0.152542373,851
0.730769231,0.230769231,0.038461538,0,0,0.76744186,0.23255814,0,0,0,0,0,0,0,0,0,0.152542373,0.847457627,1,0.253731343,0.641791045,0.104477612,0,852
0.703703704,0.259259259,0.037037037,0,0,0.761904762,0.238095238,0,0,0,0,0,0,0,0,0,0.152542373,0.847457627,1,0.264705882,0.617647059,0.117647059,0,853
0.730769231,0.230769231,0.038461538,0,0,0.76744186,0.23255814,0,0,0,0,0,0,0,0,0,0.152542373,0.847457627,1,0.253731343,0.641791045,0.104477612,0,854
0.730769231,0.230769231,0.038461538,0,0,0.76744186,0.23255814,0,0,0,0,0,0,0,0,0,0.152542373,0.847457627,1,0.253731343,0.641791045,0.104477612,0,855
0.703703704,0.259259259,0.037037037,0,0,0.761904762,0.238095238,0,0,0,0,0,0,0,0,0,0.152542373,0.847457627,1,0.264705882,0.617647059,0.117647059,0,856
0.730769231,0.230769231,0.038461538,0,0,0.76744186,0.23255814,0,0,0,0,0,0,0,0.253731343,0,0,0.746268657,1,0,0.728813559,0.118644068,0.152542373,857
0.730769231,0.230769231,0.038461538,0,0,0.76744186,0.23255814,0,0,0,0,0,0,0,0.253731343,0,0,0.746268657,1,0,0.728813559,0.118644068,0.152542373,858
0.730769231,0.230769231,0.038461538,0,0,0.76744186,0.23255814,0,0,0,0,0,0,0,0.253731343,0,0,0.746268657,1,0,0.728813559,0.118644068,0.152542373,859
0.730769231,0.230769231,0.038461538,0,0,0.76744186,0.23255814,0,0,0,0,0,0,0,0.253731343,0,0,0.746268657,1,0,0.728813559,0.118644068,0.152542373,860
0.730769231,0.230769231,0.038461538,0,0,0.76744186,0.23255814,0,0,0,0,0,0,0,0.253731343,0,0,0.746268657,1,0,0.728813559,0.118644068,0.152542373,861
0.416666667,0.5,0.083333333,0,0,0.76744186,0.23255814,0,0,0.823529412,0,0,0.176470588,0,0,0.28,0,0.72,1,0,0.728813559,0.118644068,0.152542373,862
0.416666667,0.5,0.083333333,0,0,0.76744186,0.23255814,0,0,0.823529412,0,0,0.117647059,0.058823529,0,0.28,0,0.72,1,0,0.728813559,0.118644068,0.152542373,863
0.461538462,0.461538462,0.076923077,0,0,0.75,0.227272727,0.022727273,0,1,0,0,0,0,0.056603774,0.245283019,0,0.698113208,1,0,0.728813559,0.118644068,0.152542373,864
0.411764706,0.529411765,0.058823529,0,0,0.75,0.25,0,0,1,0,0,0,0,0.137931034,0.206896552,0,0.655172414,1,0,0.677966102,0.169491525,0.152542373,865
0.678571429,0.285714286,0.035714286,0,0,0.756097561,0.243902439,0,0,0,0,0,0,0,0.275362319,0,0,0.724637681,1,0,0.694915254,0.152542373,0.152542373,866
0.416666667,0.5,0.083333333,0,0,0.76744186,0.23255814,0,0,1,0,0,0,0,0.056603774,0.264150943,0,0.679245283,1,0,0.728813559,0.118644068,0.152542373,867
0.416666667,0.5,0.083333333,0,0,0.76744186,0.23255814,0,0,1,0,0,0,0,0.056603774,0.264150943,0,0.679245283,1,0,0.728813559,0.118644068,0.152542373,868
0.384615385,0.461538462,0.153846154,0,0,0.785714286,0.214285714,0,0,1,0,0,0,0,0.074074074,0.259259259,0,0.666666667,1,0,0.711864407,0.13559322,0.152542373,869
0.428571429,0.428571429,0.142857143,0,0,0.785714286,0.214285714,0,0,1,0,0,0,0,0.090909091,0.236363636,0,0.672727273,1,0,0.711864407,0.13559322,0.152542373,870
0.730769231,0.230769231,0.038461538,0,0,0.76744186,0.23255814,0,0,0,0,0,0,0,0.253731343,0,0,0.746268657,1,0,0.728813559,0.118644068,0.152542373,871
0.678571429,0.285714286,0.035714286,0,0,0.756097561,0.243902439,0,0,0,0,0,0,0,0.275362319,0,0,0.724637681,1,0,0.694915254,0.152542373,0.152542373,872
0.416666667,0.5,0.083333333,0,0,0.76744186,0.23255814,0,0,1,0,0,0,0,0.056603774,0.264150943,0,0.679245283,1,0,0.728813559,0.118644068,0.152542373,873
0.703703704,0.259259259,0.037037037,0,0,0.761904762,0.238095238,0,0,0,0,0,0,0,0.264705882,0,0,0.735294118,1,0,0.711864407,0.13559322,0.152542373,874
0.730769231,0.230769231,0.038461538,0,0,0.76744186,0.23255814,0,0,0,0,0,0,0,0.253731343,0,0,0.746268657,1,0,0.728813559,0.118644068,0.152542373,875
0.678571429,0.285714286,0.035714286,0,0,0.756097561,0.243902439,0,0,0,0,0,0,0,0.275362319,0,0,0.724637681,1,0,0.694915254,0.152542373,0.152542373,876
0.730769231,0.230769231,0.038461538,0,0,0.76744186,0.23255814,0,0,0,0,0,0,0,0.253731343,0,0,0.746268657,1,0,0.728813559,0.118644068,0.152542373,877
0.730769231,0.230769231,0.038461538,0,0,0.76744186,0.23255814,0,0,0,0,0,0,0,0,0,0.152542373,0.847457627,1,0.253731343,0.641791045,0.104477612,0,878
0.730769231,0.230769231,0.038461538,0,0,0.76744186,0.23255814,0,0,0,0,0,0,0,0,0,0.152542373,0.847457627,1,0.253731343,0.641791045,0.104477612,0,879
0.730769231,0.230769231,0.038461538,0,0,0.76744186,0.23255814,0,0,0,0,0,0,0,0,0,0.152542373,0.847457627,1,0.253731343,0.641791045,0.104477612,0,880
0.703703704,0.259259259,0.037037037,0,0,0.761904762,0.238095238,0,0,0,0,0,0,0,0,0,0.152542373,0.847457627,1,0.264705882,0.617647059,0.117647059,0,881
0.730769231,0.230769231,0.038461538,0,0,0.76744186,0.23255814,0,0,0,0,0,0,0,0,0,0.152542373,0.847457627,1,0.253731343,0.641791045,0.104477612,0,882
0.730769231,0.230769231,0.038461538,0,0,0.76744186,0.23255814,0,0,0,0,0,0,0,0,0,0.152542373,0.847457627,1,0.253731343,0.641791045,0.104477612,0,883
0.730769231,0.230769231,0.038461538,0,0,0.76744186,0.23255814,0,0,0,0,0,0,0,0,0,0.152542373,0.847457627,1,0.253731343,0.641791045,0.104477612,0,884
0.730769231,0.230769231,0.038461538,0,0,0.76744186,0.23255814,0,0,0,0,0,0,0,0,0,0.152542373,0.847457627,1,0.253731343,0.641791045,0.104477612,0,885
0.678571429,0.285714286,0.035714286,0,0,0.756097561,0.243902439,0,0,0,0,0,0,0,0,0,0.152542373,0.847457627,1,0.275362319,0.594202899,0.130434783,0,886
0.678571429,0.285714286,0.035714286,0,0,0.756097561,0.243902439,0,0,0,0,0,0,0,0,0,0.152542373,0.847457627,1,0.275362319,0.594202899,0.130434783,0,887
0.416666667,0.5,0.083333333,0,0,0.76744186,0.23255814,0,0,0.823529412,0,0,0.176470588,0,0,0.237288136,0.152542373,0.610169492,1,0,0.86,0.14,0,888
0.416666667,0.5,0.083333333,0,0,0.76744186,0.23255814,0,0,0.823529412,0,0,0.176470588,0,0,0.237288136,0.152542373,0.610169492,1,0,0.86,0.14,0,889
0.416666667,0.5,0.083333333,0,0,0.76744186,0.23255814,0,0,0.823529412,0,0,0.176470588,0,0,0.237288136,0.152542373,0.610169492,1,0,0.86,0.14,0,890
0.416666667,0.5,0.083333333,0,0,0.76744186,0.23255814,0,0,0.823529412,0,0,0.176470588,0,0,0.237288136,0.152542373,0.610169492,1,0,0.86,0.14,0,891
0.416666667,0.5,0.083333333,0,0,0.76744186,0.23255814,0,0,0.823529412,0,0,0.176470588,0,0,0.237288136,0.152542373,0.610169492,1,0,0.86,0.14,0,892
0.416666667,0.5,0.083333333,0,0,0.76744186,0.23255814,0,0,0.823529412,0,0,0.176470588,0,0,0.237288136,0.152542373,0.610169492,1,0,0.86,0.14,0,893
0.416666667,0.5,0.083333333,0,0,0.76744186,0.23255814,0,0,0.823529412,0,0,0.176470588,0,0,0.237288136,0.152542373,0.610169492,1,0,0.86,0.14,0,894
0.730769231,0.230769231,0.038461538,0,0,0.76744186,0.23255814,0,0,0,0,0,0,0,0.253731343,0,0,0.746268657,1,0,0.728813559,0.118644068,0.152542373,895
0.730769231,0.230769231,0.038461538,0,0,0.76744186,0.23255814,0,0,0,0,0,0,0,0.253731343,0,0,0.746268657,1,0,0.728813559,0.118644068,0.152542373,896
0.730769231,0.230769231,0.038461538,0,0,0.76744186,0.23255814,0,0,0,0,0,0,0,0.253731343,0,0,0.746268657,1,0,0.728813559,0.118644068,0.152542373,897
0.678571429,0.285714286,0.035714286,0,0,0.756097561,0.243902439,0,0,0,0,0,0,0,0.275362319,0,0,0.724637681,1,0,0.694915254,0.152542373,0.152542373,898
0.730769231,0.230769231,0.038461538,0,0,0.76744186,0.23255814,0,0,0,0,0,0,0,0,0,0.152542373,0.847457627,1,0.253731343,0.641791045,0.104477612,0,899
0.730769231,0.230769231,0.038461538,0,0,0.76744186,0.23255814,0,0,0,0,0,0,0,0,0,0.152542373,0.847457627,1,0.253731343,0.641791045,0.104477612,0,900
0.703703704,0.259259259,0.037037037,0,0,0.761904762,0.238095238,0,0,0,0,0,0,0,0,0,0.152542373,0.847457627,1,0.264705882,0.617647059,0.117647059,0,901
0.730769231,0.230769231,0.038461538,0,0,0.76744186,0.23255814,0,0,0,0,0,0,0,0.253731343,0,0,0.746268657,1,0,0.728813559,0.118644068,0.152542373,902
0.703703704,0.222222222,0.074074074,0,0,0.785714286,0.214285714,0,0,0,0,0,0,0,0.264705882,0,0,0.735294118,1,0,0.711864407,0.13559322,0.152542373,903
0.703703704,0.259259259,0.037037037,0,0,0.761904762,0.238095238,0,0,0,0,0,0,0,0,0,0.152542373,0.847457627,1,0.264705882,0.617647059,0.117647059,0,904
0.703703704,0.259259259,0.037037037,0,0,0.761904762,0.238095238,0,0,0,0,0,0,0,0,0,0.152542373,0.847457627,1,0.264705882,0.617647059,0.117647059,0,905
0.703703704,0.259259259,0.037037037,0,0,0.761904762,0.238095238,0,0,0,0,0,0,0,0,0,0.152542373,0.847457627,1,0.264705882,0.617647059,0.117647059,0,906
0.655172414,0.310344828,0.034482759,0,0,0.75,0.25,0,0,0,0,0,0,0,0,0,0.152542373,0.847457627,1,0.285714286,0.571428571,0.142857143,0,907
0.730769231,0.230769231,0.038461538,0,0,0.76744186,0.23255814,0,0,0,0,0,0,0,0,0,0.152542373,0.847457627,1,0.253731343,0.641791045,0.104477612,0,908
0.730769231,0.230769231,0.038461538,0,0,0.76744186,0.23255814,0,0,0,0,0,0,0,0.253731343,0,0,0.746268657,1,0,0.728813559,0.118644068,0.152542373,909
0.416666667,0.5,0.083333333,0,0,0.76744186,0.23255814,0,0,0.823529412,0,0,0.176470588,0,0,0.237288136,0.152542373,0.610169492,1,0,0.86,0.14,0,910
0.416666667,0.5,0.083333333,0,0,0.76744186,0.23255814,0,0,0.823529412,0,0,0.176470588,0,0,0.237288136,0.152542373,0.610169492,1,0,0.86,0.14,0,911
0.730769231,0.230769231,0.038461538,0,0,0.76744186,0.23255814,0,0,0,0,0,0,0,0.253731343,0,0,0.746268657,1,0,0.728813559,0.118644068,0.152542373,912
0.730769231,0.230769231,0.038461538,0,0,0.76744186,0.23255814,0,0,0,0,0,0,0,0.253731343,0,0,0.746268657,1,0,0.728813559,0.118644068,0.152542373,913
0.678571429,0.285714286,0.035714286,0,0,0.756097561,0.243902439,0,0,0,0,0,0,0,0.275362319,0,0,0.724637681,1,0,0.694915254,0.152542373,0.152542373,914
0.703703704,0.259259259,0.037037037,0,0,0.761904762,0.238095238,0,0,0,0,0,0,0,0,0,0.152542373,0.847457627,1,0.264705882,0.617647059,0.117647059,0,915
0.730769231,0.230769231,0.038461538,0,0,0.76744186,0.23255814,0,0,0,0,0,0,0,0,0,0.152542373,0.847457627,1,0.253731343,0.641791045,0.104477612,0,916
0.416666667,0.5,0.083333333,0,0,0.76744186,0.23255814,0,0,1,0,0,0,0,0.056603774,0.264150943,0,0.679245283,1,0,0.728813559,0.118644068,0.152542373,917
0.416666667,0.5,0.083333333,0,0,0.76744186,0.23255814,0,0,1,0,0,0,0,0.056603774,0.264150943,0,0.679245283,1,0,0.728813559,0.118644068,0.152542373,918
0.416666667,0.5,0.083333333,0,0,0.76744186,0.23255814,0,0,1,0,0,0,0,0.056603774,0.264150943,0,0.679245283,1,0,0.728813559,0.118644068,0.152542373,919
0.703703704,0.259259259,0.037037037,0,0,0.761904762,0.238095238,0,0,0,0,0,0,0,0.264705882,0,0,0.735294118,1,0,0.711864407,0.13559322,0.152542373,920
0.730769231,0.230769231,0.038461538,0,0,0.76744186,0.23255814,0,0,0,0,0,0,0,0,0,0.152542373,0.847457627,1,0.253731343,0.641791045,0.104477612,0,921
0.416666667,0.5,0.083333333,0,0,0.76744186,0.23255814,0,0,0.823529412,0,0,0.176470588,0,0,0.237288136,0.152542373,0.610169492,1,0,0.86,0.14,0,922
0.416666667,0.5,0.083333333,0,0,0.76744186,0.23255814,0,0,0.823529412,0,0,0.176470588,0,0,0.237288136,0.152542373,0.610169492,1,0,0.86,0.14,0,923
0.416666667,0.5,0.083333333,0,0,0.76744186,0.23255814,0,0,0.823529412,0,0,0.176470588,0,0,0.237288136,0.152542373,0.610169492,1,0,0.86,0.14,0,924
0.703703704,0.259259259,0.037037037,0,0,0.761904762,0.238095238,0,0,0,0,0,0,0,0.264705882,0,0,0.735294118,1,0,0.711864407,0.13559322,0.152542373,925
0.416666667,0.5,0.083333333,0,0,0.76744186,0.23255814,0,0,0.823529412,0,0,0.176470588,0,0,0.237288136,0.152542373,0.610169492,1,0,0.86,0.14,0,926
0.416666667,0.5,0.083333333,0,0,0.76744186,0.23255814,0,0,0.823529412,0,0,0.176470588,0,0,0.237288136,0.152542373,0.610169492,1,0,0.86,0.14,0,927
0.76,0.2,0.04,0,0,0.755555556,0.222222222,0,0.022222222,0,0,0,0,0,0.230769231,0,0,0.769230769,1,0,0.745762712,0.101694915,0.152542373,928
0.730769231,0.230769231,0.038461538,0,0,0.76744186,0.23255814,0,0,0,0,0,0,0,0.253731343,0,0,0.746268657,1,0,0.728813559,0.118644068,0.152542373,929
0.730769231,0.230769231,0.038461538,0,0,0.76744186,0.23255814,0,0,0,0,0,0,0,0,0,0.152542373,0.847457627,1,0.253731343,0.641791045,0.104477612,0,930
0.730769231,0.230769231,0.038461538,0,0,0.76744186,0.23255814,0,0,0,0,0,0,0,0,0,0.152542373,0.847457627,1,0.253731343,0.641791045,0.104477612,0,931
0.730769231,0.230769231,0.038461538,0,0,0.76744186,0.23255814,0,0,0,0,0,0,0,0,0,0.152542373,0.847457627,1,0.253731343,0.641791045,0.104477612,0,932
0.703703704,0.259259259,0.037037037,0,0,0.761904762,0.238095238,0,0,0,0,0,0,0,0,0,0.152542373,0.847457627,1,0.264705882,0.617647059,0.117647059,0,933
0.730769231,0.230769231,0.038461538,0,0,0.76744186,0.23255814,0,0,0,0,0,0,0,0,0,0.152542373,0.847457627,1,0.253731343,0.641791045,0.104477612,0,934
0.703703704,0.259259259,0.037037037,0,0,0.761904762,0.238095238,0,0,0,0,0,0,0,0.264705882,0,0,0.735294118,1,0,0.711864407,0.13559322,0.152542373,935
0.416666667,0.5,0.083333333,0,0,0.76744186,0.23255814,0,0,0.823529412,0,0,0.176470588,0,0,0.237288136,0.152542373,0.610169492,1,0,0.86,0.14,0,936
0.730769231,0.230769231,0.038461538,0,0,0.76744186,0.23255814,0,0,0,0,0,0,0,0,0,0.152542373,0.847457627,1,0.253731343,0.641791045,0.104477612,0,937
0.461538462,0.461538462,0.076923077,0,0,0.76744186,0.23255814,0,0,1,0,0,0,0,0.063492063,0.206349206,0.142857143,0.587301587,1,0,0.86,0.14,0,938
0.416666667,0.5,0.083333333,0,0,0.76744186,0.23255814,0,0,1,0,0,0,0,0.048387097,0.225806452,0.14516129,0.580645161,1,0,0.86,0.14,0,939
0.730769231,0.230769231,0.038461538,0,0,0.76744186,0.23255814,0,0,0,0,0,0,0,0,0,0.152542373,0.847457627,1,0.253731343,0.641791045,0.104477612,0,940
0.730769231,0.230769231,0.038461538,0,0,0.76744186,0.23255814,0,0,0,0,0,0,0,0,0,0.152542373,0.847457627,1,0.253731343,0.641791045,0.104477612,0,941
0.703703704,0.222222222,0.074074074,0,0,0.785714286,0.214285714,0,0,0,0,0,0,0,0,0,0.152542373,0.847457627,1,0.264705882,0.617647059,0.117647059,0,942
0.730769231,0.230769231,0.038461538,0,0,0.76744186,0.23255814,0,0,0,0,0,0,0,0,0,0.152542373,0.847457627,1,0.253731343,0.641791045,0.104477612,0,943
0.526315789,0.421052632,0.052631579,0,0,0.756097561,0.243902439,0,0,1,0,0,0,0,0.144927536,0.130434783,0.130434783,0.594202899,1,0,0.82,0.18,0,944
0.5,0.428571429,0.071428571,0,0,0.76744186,0.23255814,0,0,1,0,0,0,0,0.078125,0.1875,0.140625,0.59375,1,0,0.86,0.14,0,945
0.357142857,0.571428571,0.071428571,0,0,0.756097561,0.243902439,0,0,1,0,0,0,0,0.078125,0.21875,0.140625,0.5625,1,0,0.82,0.18,0,946
0.461538462,0.461538462,0.076923077,0,0,0.76744186,0.23255814,0,0,1,0,0,0,0,0.063492063,0.206349206,0.142857143,0.587301587,1,0,0.86,0.14,0,947
0.730769231,0.230769231,0.038461538,0,0,0.76744186,0.23255814,0,0,0,0,0,0,0,0,0,0.152542373,0.847457627,1,0.253731343,0.641791045,0.104477612,0,948
0.730769231,0.230769231,0.038461538,0,0,0.76744186,0.23255814,0,0,0,0,0,0,0,0,0,0.152542373,0.847457627,1,0.253731343,0.641791045,0.104477612,0,949
0.416666667,0.5,0.083333333,0,0,0.76744186,0.23255814,0,0,0.823529412,0,0,0.176470588,0,0,0.237288136,0.152542373,0.610169492,1,0,0.86,0.14,0,950
0.416666667,0.5,0.083333333,0,0,0.76744186,0.23255814,0,0,0.823529412,0,0,0.176470588,0,0,0.237288136,0.152542373,0.610169492,1,0,0.86,0.14,0,951
0.416666667,0.5,0.083333333,0,0,0.76744186,0.23255814,0,0,0.823529412,0,0,0.176470588,0,0,0.237288136,0.152542373,0.610169492,1,0,0.86,0.14,0,952
0.416666667,0.5,0.083333333,0,0,0.76744186,0.23255814,0,0,0.823529412,0,0,0.176470588,0,0,0.237288136,0.152542373,0.610169492,1,0,0.86,0.14,0,953
0.703703704,0.259259259,0.037037037,0,0,0.761904762,0.238095238,0,0,0,0,0,0,0,0,0,0.152542373,0.847457627,1,0.264705882,0.617647059,0.117647059,0,954
0.703703704,0.259259259,0.037037037,0,0,0.761904762,0.238095238,0,0,0,0,0,0,0,0,0,0.152542373,0.847457627,1,0.264705882,0.617647059,0.117647059,0,955
0.703703704,0.259259259,0.037037037,0,0,0.761904762,0.238095238,0,0,0,0,0,0,0,0,0,0.152542373,0.847457627,1,0.264705882,0.617647059,0.117647059,0,956
0.730769231,0.230769231,0.038461538,0,0,0.76744186,0.23255814,0,0,0,0,0,0,0,0,0,0.152542373,0.847457627,1,0.253731343,0.641791045,0.104477612,0,957
0.730769231,0.230769231,0.038461538,0,0,0.76744186,0.23255814,0,0,0,0,0,0,0,0,0,0.152542373,0.847457627,1,0.253731343,0.641791045,0.104477612,0,958
0.730769231,0.230769231,0.038461538,0,0,0.76744186,0.23255814,0,0,0,0,0,0,0,0,0,0.152542373,0.847457627,1,0.253731343,0.641791045,0.104477612,0,959
0.730769231,0.230769231,0.038461538,0,0,0.76744186,0.23255814,0,0,0,0,0,0,0,0,0,0.152542373,0.847457627,1,0.253731343,0.641791045,0.104477612,0,960
0.416666667,0.5,0.083333333,0,0,0.76744186,0.23255814,0,0,0.823529412,0,0,0.176470588,0,0,0.237288136,0.152542373,0.610169492,1,0,0.86,0.14,0,961
0.416666667,0.5,0.083333333,0,0,0.76744186,0.23255814,0,0,0.823529412,0,0,0.176470588,0,0,0.237288136,0.152542373,0.610169492,1,0,0.86,0.14,0,962
0.416666667,0.5,0.083333333,0,0,0.76744186,0.23255814,0,0,0.823529412,0,0,0.176470588,0,0,0.237288136,0.152542373,0.610169492,1,0,0.86,0.14,0,963
0.416666667,0.5,0.083333333,0,0,0.76744186,0.23255814,0,0,0.823529412,0,0,0.176470588,0,0,0.237288136,0.152542373,0.610169492,1,0,0.86,0.14,0,964
0.416666667,0.5,0.083333333,0,0,0.76744186,0.23255814,0,0,0.823529412,0,0,0.176470588,0,0,0.237288136,0.152542373,0.610169492,1,0,0.86,0.14,0,965
0.416666667,0.5,0.083333333,0,0,0.76744186,0.23255814,0,0,0.823529412,0,0,0.176470588,0,0,0.237288136,0.152542373,0.610169492,1,0,0.86,0.14,0,966
0.730769231,0.230769231,0.038461538,0,0,0.76744186,0.23255814,0,0,0,0,0,0,0,0,0,0.152542373,0.847457627,1,0.253731343,0.641791045,0.104477612,0,967
0.678571429,0.285714286,0.035714286,0,0,0.756097561,0.243902439,0,0,0,0,0,0,0,0,0,0.152542373,0.847457627,1,0.275362319,0.594202899,0.130434783,0,968
0.416666667,0.5,0.083333333,0,0,0.76744186,0.23255814,0,0,0.823529412,0,0,0.176470588,0,0,0.237288136,0.152542373,0.610169492,1,0,0.86,0.14,0,969
0.730769231,0.230769231,0.038461538,0,0,0.76744186,0.23255814,0,0,0,0,0,0,0,0,0,0.152542373,0.847457627,1,0.253731343,0.641791045,0.104477612,0,970
0.461538462,0.461538462,0.076923077,0,0,0.76744186,0.23255814,0,0,1,0,0,0,0,0.074074074,0.240740741,0,0.685185185,1,0,0.728813559,0.118644068,0.152542373,971
0.703703704,0.259259259,0.037037037,0,0,0.761904762,0.238095238,0,0,0,0,0,0,0,0,0,0.152542373,0.847457627,1,0.264705882,0.617647059,0.117647059,0,972
0.703703704,0.259259259,0.037037037,0,0,0.761904762,0.238095238,0,0,0,0,0,0,0,0,0,0.152542373,0.847457627,1,0.264705882,0.617647059,0.117647059,0,973
0.703703704,0.259259259,0.037037037,0,0,0.761904762,0.238095238,0,0,0,0,0,0,0,0,0,0.152542373,0.847457627,1,0.264705882,0.617647059,0.117647059,0,974
0.730769231,0.230769231,0.038461538,0,0,0.76744186,0.23255814,0,0,0,0,0,0,0,0,0,0.152542373,0.847457627,1,0.253731343,0.641791045,0.104477612,0,975
0.416666667,0.5,0.083333333,0,0,0.76744186,0.23255814,0,0,0.823529412,0,0,0.176470588,0,0,0.237288136,0.152542373,0.610169492,1,0,0.86,0.14,0,976
0.416666667,0.5,0.083333333,0,0,0.76744186,0.23255814,0,0,0.823529412,0,0,0.176470588,0,0,0.237288136,0.152542373,0.610169492,1,0,0.86,0.14,0,977
0.416666667,0.5,0.083333333,0,0,0.76744186,0.23255814,0,0,0.823529412,0,0,0.176470588,0,0,0.237288136,0.152542373,0.610169492,1,0,0.86,0.14,0,978
0.416666667,0.5,0.083333333,0,0,0.76744186,0.23255814,0,0,0.823529412,0,0,0.176470588,0,0,0.237288136,0.152542373,0.610169492,1,0,0.86,0.14,0,979
0.416666667,0.5,0.083333333,0,0,0.76744186,0.23255814,0,0,0.823529412,0,0,0.176470588,0,0,0.237288136,0.152542373,0.610169492,1,0,0.86,0.14,0,980
0.416666667,0.5,0.083333333,0,0,0.76744186,0.23255814,0,0,0.823529412,0,0,0.176470588,0,0,0.237288136,0.152542373,0.610169492,1,0,0.86,0.14,0,981
0.416666667,0.5,0.083333333,0,0,0.76744186,0.23255814,0,0,0.823529412,0,0,0.176470588,0,0,0.237288136,0.152542373,0.610169492,1,0,0.86,0.14,0,982
0.416666667,0.5,0.083333333,0,0,0.76744186,0.23255814,0,0,0.823529412,0,0,0.176470588,0,0,0.237288136,0.152542373,0.610169492,1,0,0.86,0.14,0,983
0.416666667,0.5,0.083333333,0,0,0.76744186,0.23255814,0,0,0.823529412,0,0,0.176470588,0,0,0.237288136,0.152542373,0.610169492,1,0,0.86,0.14,0,984
0.416666667,0.5,0.083333333,0,0,0.76744186,0.23255814,0,0,0.823529412,0,0,0.176470588,0,0,0.237288136,0.152542373,0.610169492,1,0,0.86,0.14,0,985
0.416666667,0.5,0.083333333,0,0,0.76744186,0.23255814,0,0,0.823529412,0,0,0.176470588,0,0,0.237288136,0.152542373,0.610169492,1,0,0.86,0.14,0,986
0.416666667,0.5,0.083333333,0,0,0.76744186,0.23255814,0,0,0.823529412,0,0,0.176470588,0,0,0.237288136,0.152542373,0.610169492,1,0,0.86,0.14,0,987
0.416666667,0.5,0.083333333,0,0,0.76744186,0.23255814,0,0,0.823529412,0,0,0.176470588,0,0,0.237288136,0.152542373,0.610169492,1,0,0.86,0.14,0,988
0.416666667,0.5,0.083333333,0,0,0.76744186,0.23255814,0,0,0.823529412,0,0,0.176470588,0,0,0.237288136,0.152542373,0.610169492,1,0,0.86,0.14,0,989
0.416666667,0.5,0.083333333,0,0,0.76744186,0.23255814,0,0,0.823529412,0,0,0.176470588,0,0,0.237288136,0.152542373,0.610169492,1,0,0.86,0.14,0,990
0.416666667,0.5,0.083333333,0,0,0.76744186,0.23255814,0,0,0.823529412,0,0,0.176470588,0,0,0.237288136,0.152542373,0.610169492,1,0,0.86,0.14,0,991
0.416666667,0.5,0.083333333,0,0,0.76744186,0.23255814,0,0,0.823529412,0,0,0.176470588,0,0,0.237288136,0.152542373,0.610169492,1,0,0.86,0.14,0,992
0.416666667,0.5,0.083333333,0,0,0.76744186,0.23255814,0,0,0.823529412,0,0,0.176470588,0,0,0.237288136,0.152542373,0.610169492,1,0,0.86,0.14,0,993
0.416666667,0.5,0.083333333,0,0,0.76744186,0.23255814,0,0,0.823529412,0,0,0.176470588,0,0,0.237288136,0.152542373,0.610169492,1,0,0.86,0.14,0,994
0.730769231,0.230769231,0.038461538,0,0,0.76744186,0.23255814,0,0,0,0,0,0,0,0,0,0.152542373,0.847457627,1,0.253731343,0.641791045,0.104477612,0,995
0.416666667,0.5,0.083333333,0,0,0.76744186,0.23255814,0,0,0.823529412,0,0,0.176470588,0,0,0.237288136,0.152542373,0.610169492,1,0,0.86,0.14,0,996
0.703703704,0.259259259,0.037037037,0,0,0.761904762,0.238095238,0,0,0,0,0,0,0,0,0,0.152542373,0.847457627,1,0.264705882,0.617647059,0.117647059,0,997
0.5,0.428571429,0.071428571,0,0,0.76744186,0.23255814,0,0,1,0,0,0,0,0.078125,0.1875,0.140625,0.59375,1,0,0.86,0.14,0,998
0.416666667,0.5,0.083333333,0,0,0.76744186,0.23255814,0,0,1,0,0,0,0,0.048387097,0.225806452,0.14516129,0.580645161,1,0,0.86,0.14,0,999
0.416666667,0.5,0.083333333,0,0,0.76744186,0.23255814,0,0,1,0,0,0,0,0.048387097,0.225806452,0.14516129,0.580645161,1,0,0.86,0.14,0,1000
0.416666667,0.5,0.083333333,0,0,0.76744186,0.23255814,0,0,0.823529412,0,0,0.176470588,0,0,0.237288136,0.152542373,0.610169492,1,0,0.86,0.14,0,1001
0.730769231,0.230769231,0.038461538,0,0,0.76744186,0.23255814,0,0,0,0,0,0,0,0,0,0.152542373,0.847457627,1,0.253731343,0.641791045,0.104477612,0,1002
0.730769231,0.230769231,0.038461538,0,0,0.76744186,0.23255814,0,0,0,0,0,0,0,0,0,0.152542373,0.847457627,1,0.253731343,0.641791045,0.104477612,0,1003
0.416666667,0.5,0.083333333,0,0,0.76744186,0.23255814,0,0,0.823529412,0,0,0.176470588,0,0,0.28,0,0.72,1,0,0.728813559,0.118644068,0.152542373,1004
0.416666667,0.5,0.083333333,0,0,0.76744186,0.23255814,0,0,0.823529412,0,0,0.176470588,0,0,0.28,0,0.72,1,0,0.728813559,0.118644068,0.152542373,1005
0.416666667,0.5,0.083333333,0,0,0.76744186,0.23255814,0,0,0.823529412,0,0,0.176470588,0,0,0.237288136,0.152542373,0.610169492,1,0,0.86,0.14,0,1006
0.703703704,0.259259259,0.037037037,0,0,0.761904762,0.238095238,0,0,0,0,0,0,0,0,0,0.152542373,0.847457627,1,0.264705882,0.617647059,0.117647059,0,1007
0.703703704,0.259259259,0.037037037,0,0,0.761904762,0.238095238,0,0,0,0,0,0,0,0,0,0.152542373,0.847457627,1,0.264705882,0.617647059,0.117647059,0,1008
0.416666667,0.5,0.083333333,0,0,0.76744186,0.23255814,0,0,0.823529412,0,0,0.176470588,0,0,0.28,0,0.72,1,0,0.728813559,0.118644068,0.152542373,1009
0.416666667,0.5,0.083333333,0,0,0.76744186,0.23255814,0,0,0.823529412,0,0,0.176470588,0,0,0.28,0,0.72,1,0,0.728813559,0.118644068,0.152542373,1010
0.416666667,0.5,0.083333333,0,0,0.76744186,0.23255814,0,0,0.823529412,0,0,0.176470588,0,0,0.28,0,0.72,1,0,0.728813559,0.118644068,0.152542373,1011
0.416666667,0.5,0.083333333,0,0,0.76744186,0.23255814,0,0,0.823529412,0,0,0.176470588,0,0,0.237288136,0.152542373,0.610169492,1,0,0.86,0.14,0,1012
0.416666667,0.5,0.083333333,0,0,0.76744186,0.23255814,0,0,0.823529412,0,0,0.176470588,0,0,0.237288136,0.152542373,0.610169492,1,0,0.86,0.14,0,1013
0.416666667,0.5,0.083333333,0,0,0.76744186,0.23255814,0,0,0.823529412,0,0,0.176470588,0,0,0.28,0,0.72,1,0,0.728813559,0.118644068,0.152542373,1014
0.730769231,0.230769231,0.038461538,0,0,0.76744186,0.23255814,0,0,0,0,0,0,0,0,0,0.152542373,0.847457627,1,0.253731343,0.641791045,0.104477612,0,1015
0.703703704,0.259259259,0.037037037,0,0,0.761904762,0.238095238,0,0,0,0,0,0,0,0,0,0.152542373,0.847457627,1,0.264705882,0.617647059,0.117647059,0,1016
0.703703704,0.259259259,0.037037037,0,0,0.761904762,0.238095238,0,0,0,0,0,0,0,0,0,0.152542373,0.847457627,1,0.264705882,0.617647059,0.117647059,0,1017
0.655172414,0.310344828,0.034482759,0,0,0.75,0.25,0,0,0,0,0,0,0,0,0,0.152542373,0.847457627,1,0.285714286,0.571428571,0.142857143,0,1018
0.416666667,0.5,0.083333333,0,0,0.76744186,0.23255814,0,0,0.823529412,0,0,0.176470588,0,0,0.28,0,0.72,1,0,0.728813559,0.118644068,0.152542373,1019
0.416666667,0.5,0.083333333,0,0,0.76744186,0.23255814,0,0,0.823529412,0,0,0.176470588,0,0,0.28,0,0.72,1,0,0.728813559,0.118644068,0.152542373,1020
0.730769231,0.230769231,0.038461538,0,0,0.76744186,0.23255814,0,0,0,0,0,0,0,0,0,0.152542373,0.847457627,1,0.253731343,0.641791045,0.104477612,0,1021
0.730769231,0.230769231,0.038461538,0,0,0.76744186,0.23255814,0,0,0,0,0,0,0,0,0,0.152542373,0.847457627,1,0.253731343,0.641791045,0.104477612,0,1022
0.416666667,0.5,0.083333333,0,0,0.76744186,0.23255814,0,0,0.823529412,0,0,0.176470588,0,0,0.237288136,0.152542373,0.610169492,1,0,0.86,0.14,0,1023
0.416666667,0.5,0.083333333,0,0,0.76744186,0.23255814,0,0,0.823529412,0,0,0.176470588,0,0,0.237288136,0.152542373,0.610169492,1,0,0.86,0.14,0,1024
0.416666667,0.5,0.083333333,0,0,0.76744186,0.23255814,0,0,0.823529412,0,0,0.176470588,0,0,0.237288136,0.152542373,0.610169492,1,0,0.86,0.14,0,1025
0.416666667,0.5,0.083333333,0,0,0.76744186,0.23255814,0,0,0.823529412,0,0,0.176470588,0,0,0.28,0,0.72,1,0,0.728813559,0.118644068,0.152542373,1026
0.416666667,0.5,0.083333333,0,0,0.76744186,0.23255814,0,0,0.823529412,0,0,0.176470588,0,0,0.28,0,0.72,1,0,0.728813559,0.118644068,0.152542373,1027
0.416666667,0.5,0.083333333,0,0,0.76744186,0.23255814,0,0,0.823529412,0,0,0.176470588,0,0,0.28,0,0.72,1,0,0.728813559,0.118644068,0.152542373,1028
0.416666667,0.5,0.083333333,0,0,0.76744186,0.23255814,0,0,0.823529412,0,0,0.176470588,0,0,0.28,0,0.72,1,0,0.728813559,0.118644068,0.152542373,1029
0.416666667,0.5,0.083333333,0,0,0.76744186,0.23255814,0,0,0.823529412,0,0,0.176470588,0,0,0.28,0,0.72,1,0,0.728813559,0.118644068,0.152542373,1030
0.416666667,0.5,0.083333333,0,0,0.76744186,0.23255814,0,0,0.823529412,0,0,0.176470588,0,0,0.28,0,0.72,1,0,0.728813559,0.118644068,0.152542373,1031
0.461538462,0.461538462,0.076923077,0,0,0.76744186,0.23255814,0,0,1,0,0,0,0,0.074074074,0.240740741,0,0.685185185,1,0,0.728813559,0.118644068,0.152542373,1032
0.416666667,0.5,0.083333333,0,0,0.76744186,0.23255814,0,0,0.823529412,0,0,0.176470588,0,0,0.237288136,0.152542373,0.610169492,1,0,0.86,0.14,0,1033
0.416666667,0.5,0.083333333,0,0,0.76744186,0.23255814,0,0,0.823529412,0,0,0.176470588,0,0,0.237288136,0.152542373,0.610169492,1,0,0.86,0.14,0,1034
0.416666667,0.5,0.083333333,0,0,0.76744186,0.23255814,0,0,0.823529412,0,0,0.176470588,0,0,0.237288136,0.152542373,0.610169492,1,0,0.86,0.14,0,1035
0.416666667,0.5,0.083333333,0,0,0.76744186,0.23255814,0,0,0.823529412,0,0,0.176470588,0,0,0.237288136,0.152542373,0.610169492,1,0,0.86,0.14,0,1036
0.416666667,0.5,0.083333333,0,0,0.76744186,0.23255814,0,0,0.823529412,0,0,0.176470588,0,0,0.237288136,0.152542373,0.610169492,1,0,0.86,0.14,0,1037
0.416666667,0.5,0.083333333,0,0,0.76744186,0.23255814,0,0,0.823529412,0,0,0.176470588,0,0,0.28,0,0.72,1,0,0.728813559,0.118644068,0.152542373,1038
0.730769231,0.230769231,0.038461538,0,0,0.76744186,0.23255814,0,0,0,0,0,0,0,0,0,0.152542373,0.847457627,1,0.253731343,0.641791045,0.104477612,0,1039
0.416666667,0.5,0.083333333,0,0,0.76744186,0.23255814,0,0,0.823529412,0,0,0.176470588,0,0,0.28,0,0.72,1,0,0.728813559,0.118644068,0.152542373,1040
0.416666667,0.5,0.083333333,0,0,0.76744186,0.23255814,0,0,0.823529412,0,0,0.176470588,0,0,0.28,0,0.72,1,0,0.728813559,0.118644068,0.152542373,1041
0.416666667,0.5,0.083333333,0,0,0.76744186,0.23255814,0,0,0.823529412,0,0,0.176470588,0,0,0.237288136,0.152542373,0.610169492,1,0,0.86,0.14,0,1042
0.416666667,0.5,0.083333333,0,0,0.76744186,0.23255814,0,0,0.823529412,0,0,0.176470588,0,0,0.237288136,0.152542373,0.610169492,1,0,0.86,0.14,0,1043
0.416666667,0.5,0.083333333,0,0,0.76744186,0.23255814,0,0,0.823529412,0,0,0.176470588,0,0,0.237288136,0.152542373,0.610169492,1,0,0.86,0.14,0,1044
0.416666667,0.5,0.083333333,0,0,0.76744186,0.23255814,0,0,0.823529412,0,0,0.176470588,0,0,0.237288136,0.152542373,0.610169492,1,0,0.86,0.14,0,1045
0.416666667,0.5,0.083333333,0,0,0.76744186,0.23255814,0,0,0.823529412,0,0,0.176470588,0,0,0.237288136,0.152542373,0.610169492,1,0,0.86,0.14,0,1046
0.416666667,0.5,0.083333333,0,0,0.76744186,0.23255814,0,0,0.823529412,0,0,0.176470588,0,0,0.237288136,0.152542373,0.610169492,1,0,0.86,0.14,0,1047
0.416666667,0.5,0.083333333,0,0,0.76744186,0.23255814,0,0,0.823529412,0,0,0.176470588,0,0,0.237288136,0.152542373,0.610169492,1,0,0.86,0.14,0,1048
0.416666667,0.5,0.083333333,0,0,0.76744186,0.23255814,0,0,0.823529412,0,0,0.176470588,0,0,0.237288136,0.152542373,0.610169492,1,0,0.86,0.14,0,1049
0.416666667,0.5,0.083333333,0,0,0.76744186,0.23255814,0,0,0.823529412,0,0,0.176470588,0,0,0.237288136,0.152542373,0.610169492,1,0,0.86,0.14,0,1050
0.416666667,0.5,0.083333333,0,0,0.76744186,0.23255814,0,0,0.823529412,0,0,0.176470588,0,0,0.237288136,0.152542373,0.610169492,1,0,0.86,0.14,0,1051
0.416666667,0.5,0.083333333,0,0,0.76744186,0.23255814,0,0,0.823529412,0,0,0.176470588,0,0,0.237288136,0.152542373,0.610169492,1,0,0.86,0.14,0,1052
0.416666667,0.5,0.083333333,0,0,0.76744186,0.23255814,0,0,0.823529412,0,0,0.176470588,0,0,0.237288136,0.152542373,0.610169492,1,0,0.86,0.14,0,1053
0.416666667,0.5,0.083333333,0,0,0.76744186,0.23255814,0,0,0.823529412,0,0,0.176470588,0,0,0.237288136,0.152542373,0.610169492,1,0,0.86,0.14,0,1054
0.730769231,0.230769231,0.038461538,0,0,0.76744186,0.23255814,0,0,0,0,0,0,0,0,0,0.152542373,0.847457627,1,0.253731343,0.641791045,0.104477612,0,1055
0.730769231,0.230769231,0.038461538,0,0,0.76744186,0.23255814,0,0,0,0,0,0,0,0,0,0.152542373,0.847457627,1,0.253731343,0.641791045,0.104477612,0,1056
0.416666667,0.5,0.083333333,0,0,0.76744186,0.23255814,0,0,0.823529412,0,0,0.176470588,0,0,0.28,0,0.72,1,0,0.728813559,0.118644068,0.152542373,1057
0.416666667,0.5,0.083333333,0,0,0.76744186,0.23255814,0,0,0.823529412,0,0,0.176470588,0,0,0.237288136,0.152542373,0.610169492,1,0,0.86,0.14,0,1058
0.416666667,0.5,0.083333333,0,0,0.76744186,0.23255814,0,0,0.823529412,0,0,0.176470588,0,0,0.237288136,0.152542373,0.610169492,1,0,0.86,0.14,0,1059
0.416666667,0.5,0.083333333,0,0,0.76744186,0.23255814,0,0,0.823529412,0,0,0.176470588,0,0,0.237288136,0.152542373,0.610169492,1,0,0.86,0.14,0,1060
0.416666667,0.5,0.083333333,0,0,0.76744186,0.23255814,0,0,0.823529412,0,0,0.176470588,0,0,0.237288136,0.152542373,0.610169492,1,0,0.86,0.14,0,1061
0.416666667,0.5,0.083333333,0,0,0.76744186,0.23255814,0,0,0.823529412,0,0,0.176470588,0,0,0.237288136,0.152542373,0.610169492,1,0,0.86,0.14,0,1062
0.416666667,0.5,0.083333333,0,0,0.76744186,0.23255814,0,0,0.823529412,0,0,0.176470588,0,0,0.237288136,0.152542373,0.610169492,1,0,0.86,0.14,0,1063
0.416666667,0.5,0.083333333,0,0,0.76744186,0.23255814,0,0,0.823529412,0,0,0.176470588,0,0,0.237288136,0.152542373,0.610169492,1,0,0.86,0.14,0,1064
0.416666667,0.5,0.083333333,0,0,0.76744186,0.23255814,0,0,0.823529412,0,0,0.176470588,0,0,0.237288136,0.152542373,0.610169492,1,0,0.86,0.14,0,1065
0.416666667,0.5,0.083333333,0,0,0.76744186,0.23255814,0,0,0.823529412,0,0,0.176470588,0,0,0.237288136,0.152542373,0.610169492,1,0,0.86,0.14,0,1066
0.416666667,0.5,0.083333333,0,0,0.76744186,0.23255814,0,0,0.823529412,0,0,0.176470588,0,0,0.237288136,0.152542373,0.610169492,1,0,0.86,0.14,0,1067
0.416666667,0.5,0.083333333,0,0,0.76744186,0.23255814,0,0,0.823529412,0,0,0.176470588,0,0,0.237288136,0.152542373,0.610169492,1,0,0.86,0.14,0,1068
0.416666667,0.5,0.083333333,0,0,0.76744186,0.23255814,0,0,0.823529412,0,0,0.176470588,0,0,0.237288136,0.152542373,0.610169492,1,0,0.86,0.14,0,1069
0.416666667,0.5,0.083333333,0,0,0.76744186,0.23255814,0,0,0.823529412,0,0,0.176470588,0,0,0.237288136,0.152542373,0.610169492,1,0,0.86,0.14,0,1070
0.416666667,0.5,0.083333333,0,0,0.76744186,0.23255814,0,0,0.823529412,0,0,0.176470588,0,0,0.237288136,0.152542373,0.610169492,1,0,0.86,0.14,0,1071
0.416666667,0.5,0.083333333,0,0,0.76744186,0.23255814,0,0,0.823529412,0,0,0.176470588,0,0,0.237288136,0.152542373,0.610169492,1,0,0.86,0.14,0,1072
0.533333333,0.4,0.066666667,0,0,0.76744186,0.23255814,0,0,1,0,0,0,0,0.092307692,0.169230769,0.138461538,0.6,1,0,0.86,0.14,0,1073
0.730769231,0.230769231,0.038461538,0,0,0.76744186,0.23255814,0,0,0,0,0,0,0,0,0,0,1,1,0.223684211,0.565789474,0.092105263,0.118421053,1074
0.678571429,0.285714286,0.035714286,0,0,0.756097561,0.243902439,0,0,0,0,0,0,0,0,0,0,1,1,0.243589744,0.525641026,0.115384615,0.115384615,1075
0.416666667,0.5,0.083333333,0,0,0.76744186,0.23255814,0,0,0.823529412,0,0,0.176470588,0,0,0.237288136,0.152542373,0.610169492,1,0,0.86,0.14,0,1076
0.416666667,0.5,0.083333333,0,0,0.76744186,0.23255814,0,0,0.823529412,0,0,0.176470588,0,0,0.28,0,0.72,1,0,0.728813559,0.118644068,0.152542373,1077
0.416666667,0.5,0.083333333,0,0,0.76744186,0.23255814,0,0,0.823529412,0,0,0.176470588,0,0,0.237288136,0.152542373,0.610169492,1,0,0.86,0.14,0,1078
0.416666667,0.5,0.083333333,0,0,0.76744186,0.23255814,0,0,0.823529412,0,0,0.176470588,0,0,0.237288136,0.152542373,0.610169492,1,0,0.86,0.14,0,1079
0.416666667,0.5,0.083333333,0,0,0.76744186,0.23255814,0,0,0.823529412,0,0,0.176470588,0,0,0.28,0,0.72,1,0,0.728813559,0.118644068,0.152542373,1080
0.703703704,0.259259259,0.037037037,0,0,0.761904762,0.238095238,0,0,0,0,0,0,0,0,0,0.152542373,0.847457627,1,0.264705882,0.617647059,0.117647059,0,1081
0.416666667,0.5,0.083333333,0,0,0.76744186,0.23255814,0,0,0.823529412,0,0,0.176470588,0,0,0.28,0,0.72,1,0,0.728813559,0.118644068,0.152542373,1082
0.416666667,0.5,0.083333333,0,0,0.76744186,0.23255814,0,0,0.823529412,0,0,0.176470588,0,0,0.28,0,0.72,1,0,0.728813559,0.118644068,0.152542373,1083
0.730769231,0.230769231,0.038461538,0,0,0.76744186,0.23255814,0,0,0,0,0,0,0,0,0,0,1,1,0.223684211,0.565789474,0.092105263,0.118421053,1084
0.730769231,0.230769231,0.038461538,0,0,0.76744186,0.23255814,0,0,0,0,0,0,0,0,0,0,1,1,0.223684211,0.565789474,0.092105263,0.118421053,1085
0.416666667,0.5,0.083333333,0,0,0.76744186,0.23255814,0,0,0.823529412,0,0,0.176470588,0,0,0.28,0,0.72,1,0,0.728813559,0.118644068,0.152542373,1086
0.416666667,0.5,0.083333333,0,0,0.76744186,0.23255814,0,0,0.823529412,0,0,0.176470588,0,0,0.28,0,0.72,1,0,0.728813559,0.118644068,0.152542373,1087
0.416666667,0.5,0.083333333,0,0,0.76744186,0.23255814,0,0,0.823529412,0,0,0.176470588,0,0,0.237288136,0.152542373,0.610169492,1,0,0.86,0.14,0,1088
0.416666667,0.5,0.083333333,0,0,0.76744186,0.23255814,0,0,0.823529412,0,0,0.176470588,0,0,0.237288136,0.152542373,0.610169492,1,0,0.86,0.14,0,1089
0.730769231,0.230769231,0.038461538,0,0,0.76744186,0.23255814,0,0,0,0,0,0,0,0,0,0,1,1,0.223684211,0.565789474,0.092105263,0.118421053,1090
0.730769231,0.230769231,0.038461538,0,0,0.76744186,0.23255814,0,0,0,0,0,0,0,0,0,0,1,1,0.223684211,0.565789474,0.092105263,0.118421053,1091
0.416666667,0.5,0.083333333,0,0,0.76744186,0.23255814,0,0,0.823529412,0,0,0.176470588,0,0,0.28,0,0.72,1,0,0.728813559,0.118644068,0.152542373,1092
0.730769231,0.230769231,0.038461538,0,0,0.76744186,0.23255814,0,0,0,0,0,0,0,0,0,0,1,1,0.223684211,0.565789474,0.092105263,0.118421053,1093
0.730769231,0.230769231,0.038461538,0,0,0.76744186,0.23255814,0,0,0,0,0,0,0,0,0,0,1,1,0.223684211,0.565789474,0.092105263,0.118421053,1094
0.416666667,0.5,0.083333333,0,0,0.76744186,0.23255814,0,0,0.823529412,0,0,0.176470588,0,0,0.28,0,0.72,1,0,0.728813559,0.118644068,0.152542373,1095
0.416666667,0.5,0.083333333,0,0,0.76744186,0.23255814,0,0,0.823529412,0,0,0.176470588,0,0,0.28,0,0.72,1,0,0.728813559,0.118644068,0.152542373,1096
0.416666667,0.5,0.083333333,0,0,0.76744186,0.23255814,0,0,0.823529412,0,0,0.176470588,0,0,0.28,0,0.72,1,0,0.728813559,0.118644068,0.152542373,1097
0.416666667,0.5,0.083333333,0,0,0.76744186,0.23255814,0,0,0.823529412,0,0,0.176470588,0,0,0.28,0,0.72,1,0,0.728813559,0.118644068,0.152542373,1098
0.416666667,0.5,0.083333333,0,0,0.76744186,0.23255814,0,0,0.823529412,0,0,0.176470588,0,0,0.237288136,0.152542373,0.610169492,1,0,0.86,0.14,0,1099
0.416666667,0.5,0.083333333,0,0,0.76744186,0.23255814,0,0,0.823529412,0,0,0.176470588,0,0,0.237288136,0.152542373,0.610169492,1,0,0.86,0.14,0,1100
0.416666667,0.5,0.083333333,0,0,0.76744186,0.23255814,0,0,0.823529412,0,0,0.176470588,0,0,0.28,0,0.72,1,0,0.728813559,0.118644068,0.152542373,1101
0.703703704,0.259259259,0.037037037,0,0,0.761904762,0.238095238,0,0,0,0,0,0,0,0,0,0,1,1,0.233766234,0.545454545,0.103896104,0.116883117,1102
0.461538462,0.461538462,0.076923077,0,0,0.76744186,0.23255814,0,0,1,0,0,0,0,0,0.220338983,0.152542373,0.627118644,1,0.074074074,0.796296296,0.12962963,0,1103
0.5,0.428571429,0.071428571,0,0,0.76744186,0.23255814,0,0,1,0,0,0,0,0,0.203389831,0.152542373,0.644067797,1,0.090909091,0.781818182,0.127272727,0,1104
0.416666667,0.5,0.083333333,0,0,0.76744186,0.23255814,0,0,0.823529412,0,0,0.176470588,0,0,0.28,0,0.72,1,0,0.728813559,0.118644068,0.152542373,1105
0.416666667,0.5,0.083333333,0,0,0.76744186,0.23255814,0,0,0.823529412,0,0,0.176470588,0,0,0.28,0,0.72,1,0,0.728813559,0.118644068,0.152542373,1106
0.416666667,0.5,0.083333333,0,0,0.76744186,0.23255814,0,0,0.823529412,0,0,0.176470588,0,0,0.28,0,0.72,1,0,0.728813559,0.118644068,0.152542373,1107
0.416666667,0.5,0.083333333,0,0,0.76744186,0.23255814,0,0,0.823529412,0,0,0.176470588,0,0,0.28,0,0.72,1,0,0.728813559,0.118644068,0.152542373,1108
0.416666667,0.5,0.083333333,0,0,0.76744186,0.23255814,0,0,0.823529412,0,0,0.176470588,0,0,0.28,0,0.72,1,0,0.728813559,0.118644068,0.152542373,1109
0.416666667,0.5,0.083333333,0,0,0.76744186,0.23255814,0,0,0.823529412,0,0,0.176470588,0,0,0.28,0,0.72,1,0,0.728813559,0.118644068,0.152542373,1110
0.416666667,0.5,0.083333333,0,0,0.76744186,0.23255814,0,0,0.823529412,0,0,0.176470588,0,0,0.28,0,0.72,1,0,0.728813559,0.118644068,0.152542373,1111
0.416666667,0.5,0.083333333,0,0,0.76744186,0.23255814,0,0,0.823529412,0,0,0.176470588,0,0,0.237288136,0.152542373,0.610169492,1,0,0.86,0.14,0,1112
0.416666667,0.5,0.083333333,0,0,0.76744186,0.23255814,0,0,0.823529412,0,0,0.176470588,0,0,0.28,0,0.72,1,0,0.728813559,0.118644068,0.152542373,1113
0.416666667,0.5,0.083333333,0,0,0.76744186,0.23255814,0,0,0.823529412,0,0,0.176470588,0,0,0.28,0,0.72,1,0,0.728813559,0.118644068,0.152542373,1114
0.416666667,0.5,0.083333333,0,0,0.76744186,0.23255814,0,0,0.823529412,0,0,0.176470588,0,0,0.28,0,0.72,1,0,0.728813559,0.118644068,0.152542373,1115
0.416666667,0.5,0.083333333,0,0,0.76744186,0.23255814,0,0,0.823529412,0,0,0.176470588,0,0,0.28,0,0.72,1,0,0.728813559,0.118644068,0.152542373,1116
0.416666667,0.5,0.083333333,0,0,0.76744186,0.23255814,0,0,0.823529412,0,0,0.176470588,0,0,0.237288136,0.152542373,0.610169492,1,0,0.86,0.14,0,1117
0.416666667,0.5,0.083333333,0,0,0.76744186,0.23255814,0,0,0.823529412,0,0,0.176470588,0,0,0.237288136,0.152542373,0.610169492,1,0,0.86,0.14,0,1118
0.416666667,0.5,0.083333333,0,0,0.76744186,0.23255814,0,0,0.823529412,0,0,0.176470588,0,0,0.237288136,0.152542373,0.610169492,1,0,0.86,0.14,0,1119
0.416666667,0.5,0.083333333,0,0,0.76744186,0.23255814,0,0,0.823529412,0,0,0.176470588,0,0,0.237288136,0.152542373,0.610169492,1,0,0.86,0.14,0,1120
0.416666667,0.5,0.083333333,0,0,0.76744186,0.23255814,0,0,0.823529412,0,0,0.176470588,0,0,0.28,0,0.72,1,0,0.728813559,0.118644068,0.152542373,1121
0.416666667,0.5,0.083333333,0,0,0.76744186,0.23255814,0,0,0.823529412,0,0,0.176470588,0,0,0.28,0,0.72,1,0,0.728813559,0.118644068,0.152542373,1122
0.416666667,0.5,0.083333333,0,0,0.76744186,0.23255814,0,0,0.823529412,0,0,0.176470588,0,0,0.28,0,0.72,1,0,0.728813559,0.118644068,0.152542373,1123
0.416666667,0.5,0.083333333,0,0,0.76744186,0.23255814,0,0,0.823529412,0,0,0.176470588,0,0,0.28,0,0.72,1,0,0.728813559,0.118644068,0.152542373,1124
0.416666667,0.5,0.083333333,0,0,0.76744186,0.23255814,0,0,0.823529412,0,0,0.176470588,0,0,0.237288136,0.152542373,0.610169492,1,0,0.86,0.14,0,1125
0.416666667,0.5,0.083333333,0,0,0.76744186,0.23255814,0,0,0.823529412,0,0,0.176470588,0,0,0.237288136,0.152542373,0.610169492,1,0,0.86,0.14,0,1126
0.416666667,0.5,0.083333333,0,0,0.76744186,0.23255814,0,0,0.823529412,0,0,0.176470588,0,0,0.28,0,0.72,1,0,0.728813559,0.118644068,0.152542373,1127
0.416666667,0.5,0.083333333,0,0,0.76744186,0.23255814,0,0,0.823529412,0,0,0.176470588,0,0,0.28,0,0.72,1,0,0.728813559,0.118644068,0.152542373,1128
0.416666667,0.5,0.083333333,0,0,0.76744186,0.23255814,0,0,0.823529412,0,0,0.176470588,0,0,0.237288136,0.152542373,0.610169492,1,0,0.86,0.14,0,1129
0.533333333,0.4,0.066666667,0,0,0.76744186,0.23255814,0,0,1,0,0,0,0,0.092307692,0.169230769,0.138461538,0.6,1,0,0.86,0.14,0,1130
0.416666667,0.5,0.083333333,0,0,0.76744186,0.23255814,0,0,0.823529412,0,0,0.176470588,0,0,0.28,0,0.72,1,0,0.728813559,0.118644068,0.152542373,1131
0.416666667,0.5,0.083333333,0,0,0.76744186,0.23255814,0,0,0.823529412,0,0,0.176470588,0,0,0.28,0,0.72,1,0,0.728813559,0.118644068,0.152542373,1132
0.416666667,0.5,0.083333333,0,0,0.76744186,0.23255814,0,0,0.823529412,0,0,0.176470588,0,0,0.28,0,0.72,1,0,0.728813559,0.118644068,0.152542373,1133
0.416666667,0.5,0.083333333,0,0,0.76744186,0.23255814,0,0,0.823529412,0,0,0.176470588,0,0,0.28,0,0.72,1,0,0.728813559,0.118644068,0.152542373,1134
0.416666667,0.5,0.083333333,0,0,0.76744186,0.23255814,0,0,0.823529412,0,0,0.176470588,0,0,0.28,0,0.72,1,0,0.728813559,0.118644068,0.152542373,1135
0.416666667,0.5,0.083333333,0,0,0.76744186,0.23255814,0,0,0.823529412,0,0,0.176470588,0,0,0.28,0,0.72,1,0,0.728813559,0.118644068,0.152542373,1136
0.384615385,0.461538462,0.153846154,0,0,0.785714286,0.214285714,0,0,1,0,0,0,0,0.063492063,0.222222222,0.142857143,0.571428571,1,0,0.84,0.16,0,1137
0.428571429,0.5,0.071428571,0,0,0.761904762,0.238095238,0,0,1,0,0,0,0,0.078125,0.203125,0.140625,0.578125,1,0,0.84,0.16,0,1138
0.416666667,0.5,0.083333333,0,0,0.76744186,0.23255814,0,0,1,0,0,0,0,0.048387097,0.225806452,0.14516129,0.580645161,1,0,0.86,0.14,0,1139
0.678571429,0.25,0.071428571,0,0,0.780487805,0.219512195,0,0,0,0,0,0,0,0,0,0,1,1,0.243589744,0.525641026,0.115384615,0.115384615,1140
0.416666667,0.5,0.083333333,0,0,0.76744186,0.23255814,0,0,0.823529412,0,0,0.176470588,0,0,0.28,0,0.72,1,0,0.728813559,0.118644068,0.152542373,1141
0.416666667,0.5,0.083333333,0,0,0.76744186,0.23255814,0,0,0.823529412,0,0,0.176470588,0,0,0.28,0,0.72,1,0,0.728813559,0.118644068,0.152542373,1142
0.703703704,0.259259259,0.037037037,0,0,0.761904762,0.238095238,0,0,0,0,0,0,0,0,0,0,1,1,0.233766234,0.545454545,0.103896104,0.116883117,1143
0.416666667,0.5,0.083333333,0,0,0.76744186,0.23255814,0,0,0.823529412,0,0,0.176470588,0,0,0.237288136,0.152542373,0.610169492,1,0,0.86,0.14,0,1144
0.416666667,0.5,0.083333333,0,0,0.76744186,0.23255814,0,0,0.823529412,0,0,0.176470588,0,0,0.237288136,0.152542373,0.610169492,1,0,0.86,0.14,0,1145
0.416666667,0.5,0.083333333,0,0,0.76744186,0.23255814,0,0,0.823529412,0,0,0.176470588,0,0,0.237288136,0.152542373,0.610169492,1,0,0.86,0.14,0,1146
0.416666667,0.5,0.083333333,0,0,0.76744186,0.23255814,0,0,0.823529412,0,0,0.176470588,0,0,0.237288136,0.152542373,0.610169492,1,0,0.86,0.14,0,1147
0.416666667,0.5,0.083333333,0,0,0.76744186,0.23255814,0,0,0.823529412,0,0,0.176470588,0,0,0.28,0,0.72,1,0,0.728813559,0.118644068,0.152542373,1148
0.416666667,0.5,0.083333333,0,0,0.76744186,0.23255814,0,0,0.823529412,0,0,0.176470588,0,0,0.28,0,0.72,1,0,0.728813559,0.118644068,0.152542373,1149
0.416666667,0.5,0.083333333,0,0,0.76744186,0.23255814,0,0,0.823529412,0,0,0.176470588,0,0,0.237288136,0.152542373,0.610169492,1,0,0.86,0.14,0,1150
0.416666667,0.5,0.083333333,0,0,0.76744186,0.23255814,0,0,0.823529412,0,0,0.176470588,0,0,0.237288136,0.152542373,0.610169492,1,0,0.86,0.14,0,1151
0.416666667,0.5,0.083333333,0,0,0.76744186,0.23255814,0,0,0.823529412,0,0,0.176470588,0,0,0.237288136,0.152542373,0.610169492,1,0,0.86,0.14,0,1152
0.416666667,0.5,0.083333333,0,0,0.76744186,0.23255814,0,0,0.823529412,0,0,0.176470588,0,0,0.28,0,0.72,1,0,0.728813559,0.118644068,0.152542373,1153
0.730769231,0.230769231,0.038461538,0,0,0.76744186,0.23255814,0,0,0,0,0,0,0,0,0,0,1,1,0.223684211,0.565789474,0.092105263,0.118421053,1154
0.730769231,0.230769231,0.038461538,0,0,0.76744186,0.23255814,0,0,0,0,0,0,0,0,0,0,1,1,0.223684211,0.565789474,0.092105263,0.118421053,1155
0.678571429,0.25,0.071428571,0,0,0.780487805,0.219512195,0,0,0,0,0,0,0,0,0,0,1,1,0.243589744,0.525641026,0.115384615,0.115384615,1156
0.416666667,0.5,0.083333333,0,0,0.76744186,0.23255814,0,0,0.823529412,0,0,0.176470588,0,0,0.28,0,0.72,1,0,0.728813559,0.118644068,0.152542373,1157
0.416666667,0.5,0.083333333,0,0,0.76744186,0.23255814,0,0,0.823529412,0,0,0.176470588,0,0,0.28,0,0.72,1,0,0.728813559,0.118644068,0.152542373,1158
0.416666667,0.5,0.083333333,0,0,0.76744186,0.23255814,0,0,0.823529412,0,0,0.176470588,0,0,0.28,0,0.72,1,0,0.728813559,0.118644068,0.152542373,1159
0.416666667,0.5,0.083333333,0,0,0.76744186,0.23255814,0,0,0.823529412,0,0,0.176470588,0,0,0.28,0,0.72,1,0,0.728813559,0.118644068,0.152542373,1160
0.416666667,0.5,0.083333333,0,0,0.76744186,0.23255814,0,0,0.823529412,0,0,0.176470588,0,0,0.28,0,0.72,1,0,0.728813559,0.118644068,0.152542373,1161
0.416666667,0.5,0.083333333,0,0,0.76744186,0.23255814,0,0,0.823529412,0,0,0.176470588,0,0,0.28,0,0.72,1,0,0.728813559,0.118644068,0.152542373,1162
0.416666667,0.5,0.083333333,0,0,0.76744186,0.23255814,0,0,0.823529412,0,0,0.176470588,0,0,0.28,0,0.72,1,0,0.728813559,0.118644068,0.152542373,1163
0.416666667,0.5,0.083333333,0,0,0.76744186,0.23255814,0,0,0.823529412,0,0,0.176470588,0,0,0.28,0,0.72,1,0,0.728813559,0.118644068,0.152542373,1164
0.416666667,0.5,0.083333333,0,0,0.76744186,0.23255814,0,0,0.823529412,0,0,0.176470588,0,0,0.28,0,0.72,1,0,0.728813559,0.118644068,0.152542373,1165
0.416666667,0.5,0.083333333,0,0,0.76744186,0.23255814,0,0,0.823529412,0,0,0.176470588,0,0,0.28,0,0.72,1,0,0.728813559,0.118644068,0.152542373,1166
0.416666667,0.5,0.083333333,0,0,0.76744186,0.23255814,0,0,0.823529412,0,0,0.176470588,0,0,0.28,0,0.72,1,0,0.728813559,0.118644068,0.152542373,1167
0.416666667,0.5,0.083333333,0,0,0.76744186,0.23255814,0,0,0.823529412,0,0,0.176470588,0,0,0.28,0,0.72,1,0,0.728813559,0.118644068,0.152542373,1168
0.416666667,0.5,0.083333333,0,0,0.76744186,0.23255814,0,0,0.823529412,0,0,0.176470588,0,0,0.28,0,0.72,1,0,0.728813559,0.118644068,0.152542373,1169
0.416666667,0.5,0.083333333,0,0,0.76744186,0.23255814,0,0,0.823529412,0,0,0.176470588,0,0,0.28,0,0.72,1,0,0.728813559,0.118644068,0.152542373,1170
0.416666667,0.5,0.083333333,0,0,0.76744186,0.23255814,0,0,0.823529412,0,0,0.176470588,0,0,0.28,0,0.72,1,0,0.728813559,0.118644068,0.152542373,1171
0.416666667,0.5,0.083333333,0,0,0.76744186,0.23255814,0,0,0.823529412,0,0,0.176470588,0,0,0.28,0,0.72,1,0,0.728813559,0.118644068,0.152542373,1172
0.416666667,0.5,0.083333333,0,0,0.76744186,0.23255814,0,0,0.823529412,0,0,0.176470588,0,0,0.28,0,0.72,1,0,0.728813559,0.118644068,0.152542373,1173
0.416666667,0.5,0.083333333,0,0,0.76744186,0.23255814,0,0,0.823529412,0,0,0.176470588,0,0,0.28,0,0.72,1,0,0.728813559,0.118644068,0.152542373,1174
0.416666667,0.5,0.083333333,0,0,0.76744186,0.23255814,0,0,0.823529412,0,0,0.176470588,0,0,0.28,0,0.72,1,0,0.728813559,0.118644068,0.152542373,1175
0.416666667,0.5,0.083333333,0,0,0.76744186,0.23255814,0,0,0.823529412,0,0,0.176470588,0,0,0.28,0,0.72,1,0,0.728813559,0.118644068,0.152542373,1176
0.416666667,0.5,0.083333333,0,0,0.76744186,0.23255814,0,0,0.823529412,0,0,0.176470588,0,0,0.28,0,0.72,1,0,0.728813559,0.118644068,0.152542373,1177
0.416666667,0.5,0.083333333,0,0,0.76744186,0.23255814,0,0,0.823529412,0,0,0.176470588,0,0,0.28,0,0.72,1,0,0.728813559,0.118644068,0.152542373,1178
0.416666667,0.5,0.083333333,0,0,0.76744186,0.23255814,0,0,0.823529412,0,0,0.176470588,0,0,0.237288136,0.152542373,0.610169492,1,0,0.86,0.14,0,1179
0.416666667,0.5,0.083333333,0,0,0.76744186,0.23255814,0,0,0.823529412,0,0,0.176470588,0,0,0.28,0,0.72,1,0,0.728813559,0.118644068,0.152542373,1180
0.416666667,0.5,0.083333333,0,0,0.76744186,0.23255814,0,0,0.823529412,0,0,0.176470588,0,0,0.28,0,0.72,1,0,0.728813559,0.118644068,0.152542373,1181
0.416666667,0.5,0.083333333,0,0,0.76744186,0.23255814,0,0,0.823529412,0,0,0.176470588,0,0,0.28,0,0.72,1,0,0.728813559,0.118644068,0.152542373,1182
0.416666667,0.5,0.083333333,0,0,0.76744186,0.23255814,0,0,0.823529412,0,0,0.176470588,0,0,0.28,0,0.72,1,0,0.728813559,0.118644068,0.152542373,1183
0.416666667,0.5,0.083333333,0,0,0.76744186,0.23255814,0,0,0.823529412,0,0,0.176470588,0,0,0.28,0,0.72,1,0,0.728813559,0.118644068,0.152542373,1184
0.416666667,0.5,0.083333333,0,0,0.76744186,0.23255814,0,0,0.823529412,0,0,0.176470588,0,0,0.28,0,0.72,1,0,0.728813559,0.118644068,0.152542373,1185
0.416666667,0.5,0.083333333,0,0,0.76744186,0.23255814,0,0,0.823529412,0,0,0.176470588,0,0,0.237288136,0.152542373,0.610169492,1,0,0.86,0.14,0,1186
0.416666667,0.5,0.083333333,0,0,0.76744186,0.23255814,0,0,0.823529412,0,0,0.176470588,0,0,0.237288136,0.152542373,0.610169492,1,0,0.86,0.14,0,1187
0.416666667,0.5,0.083333333,0,0,0.76744186,0.23255814,0,0,0.823529412,0,0,0.176470588,0,0,0.237288136,0.152542373,0.610169492,1,0,0.86,0.14,0,1188
0.416666667,0.5,0.083333333,0,0,0.76744186,0.23255814,0,0,0.823529412,0,0,0.176470588,0,0,0.237288136,0.152542373,0.610169492,1,0,0.86,0.14,0,1189
0.416666667,0.5,0.083333333,0,0,0.76744186,0.23255814,0,0,0.823529412,0,0,0.176470588,0,0,0.28,0,0.72,1,0,0.728813559,0.118644068,0.152542373,1190
0.416666667,0.5,0.083333333,0,0,0.76744186,0.23255814,0,0,0.823529412,0,0,0.176470588,0,0,0.28,0,0.72,1,0,0.728813559,0.118644068,0.152542373,1191
0.416666667,0.5,0.083333333,0,0,0.76744186,0.23255814,0,0,0.823529412,0,0,0.176470588,0,0,0.28,0,0.72,1,0,0.728813559,0.118644068,0.152542373,1192
0.416666667,0.5,0.083333333,0,0,0.76744186,0.23255814,0,0,0.823529412,0,0,0.176470588,0,0,0.28,0,0.72,1,0,0.728813559,0.118644068,0.152542373,1193
0.416666667,0.5,0.083333333,0,0,0.76744186,0.23255814,0,0,0.823529412,0,0,0.176470588,0,0,0.28,0,0.72,1,0,0.728813559,0.118644068,0.152542373,1194
0.416666667,0.5,0.083333333,0,0,0.76744186,0.23255814,0,0,0.823529412,0,0,0.176470588,0,0,0.28,0,0.72,1,0,0.728813559,0.118644068,0.152542373,1195
0.416666667,0.5,0.083333333,0,0,0.76744186,0.23255814,0,0,0.823529412,0,0,0.176470588,0,0,0.28,0,0.72,1,0,0.728813559,0.118644068,0.152542373,1196
0.416666667,0.5,0.083333333,0,0,0.76744186,0.23255814,0,0,0.823529412,0,0,0.176470588,0,0,0.28,0,0.72,1,0,0.728813559,0.118644068,0.152542373,1197
0.416666667,0.5,0.083333333,0,0,0.76744186,0.23255814,0,0,0.823529412,0,0,0.176470588,0,0,0.28,0,0.72,1,0,0.728813559,0.118644068,0.152542373,1198
0.416666667,0.5,0.083333333,0,0,0.76744186,0.23255814,0,0,0.823529412,0,0,0.176470588,0,0,0.28,0,0.72,1,0,0.728813559,0.118644068,0.152542373,1199
0.416666667,0.5,0.083333333,0,0,0.76744186,0.23255814,0,0,0.823529412,0,0,0.176470588,0,0,0.28,0,0.72,1,0,0.728813559,0.118644068,0.152542373,1200
0.416666667,0.5,0.083333333,0,0,0.76744186,0.23255814,0,0,0.823529412,0,0,0.176470588,0,0,0.28,0,0.72,1,0,0.728813559,0.118644068,0.152542373,1201
0.416666667,0.5,0.083333333,0,0,0.76744186,0.23255814,0,0,0.823529412,0,0,0.176470588,0,0,0.28,0,0.72,1,0,0.728813559,0.118644068,0.152542373,1202
0.461538462,0.461538462,0.076923077,0,0,0.76744186,0.23255814,0,0,1,0,0,0,0,0,0.26,0,0.74,1,0.063492063,0.682539683,0.111111111,0.142857143,1203
0.5,0.4375,0.0625,0,0,0.761904762,0.238095238,0,0,1,0,0,0,0,0,0.22,0,0.78,1,0.106060606,0.636363636,0.121212121,0.136363636,1204
0.5,0.428571429,0.071428571,0,0,0.76744186,0.23255814,0,0,1,0,0,0,0,0,0.24,0,0.76,1,0.078125,0.671875,0.109375,0.140625,1205
0.5,0.428571429,0.071428571,0,0,0.76744186,0.23255814,0,0,1,0,0,0,0,0.078125,0.1875,0.140625,0.59375,1,0,0.86,0.14,0,1206
0.416666667,0.5,0.083333333,0,0,0.76744186,0.23255814,0,0,1,0,0,0,0,0.048387097,0.225806452,0.14516129,0.580645161,1,0,0.86,0.14,0,1207
0.384615385,0.538461538,0.076923077,0,0,0.761904762,0.238095238,0,0,1,0,0,0,0,0.063492063,0.222222222,0.142857143,0.571428571,1,0,0.84,0.16,0,1208
0.5,0.428571429,0.071428571,0,0,0.76744186,0.23255814,0,0,1,0,0,0,0,0.078125,0.1875,0.140625,0.59375,1,0,0.86,0.14,0,1209
0.416666667,0.5,0.083333333,0,0,0.76744186,0.23255814,0,0,0.823529412,0,0,0.176470588,0,0,0.237288136,0.152542373,0.610169492,1,0,0.86,0.14,0,1210
0.416666667,0.5,0.083333333,0,0,0.76744186,0.23255814,0,0,0.823529412,0,0,0.176470588,0,0,0.28,0,0.72,1,0,0.728813559,0.118644068,0.152542373,1211
0.416666667,0.5,0.083333333,0,0,0.76744186,0.23255814,0,0,0.823529412,0,0,0.176470588,0,0,0.28,0,0.72,1,0,0.728813559,0.118644068,0.152542373,1212
0.416666667,0.5,0.083333333,0,0,0.76744186,0.23255814,0,0,0.823529412,0,0,0.176470588,0,0,0.28,0,0.72,1,0,0.728813559,0.118644068,0.152542373,1213
0.416666667,0.5,0.083333333,0,0,0.76744186,0.23255814,0,0,0.823529412,0,0,0.176470588,0,0,0.28,0,0.72,1,0,0.728813559,0.118644068,0.152542373,1214
0.416666667,0.5,0.083333333,0,0,0.76744186,0.23255814,0,0,0.823529412,0,0,0.176470588,0,0,0.28,0,0.72,1,0,0.728813559,0.118644068,0.152542373,1215
0.416666667,0.5,0.083333333,0,0,0.76744186,0.23255814,0,0,0.823529412,0,0,0.176470588,0,0,0.28,0,0.72,1,0,0.728813559,0.118644068,0.152542373,1216
0.416666667,0.5,0.083333333,0,0,0.76744186,0.23255814,0,0,0.823529412,0,0,0.176470588,0,0,0.28,0,0.72,1,0,0.728813559,0.118644068,0.152542373,1217
0.416666667,0.5,0.083333333,0,0,0.76744186,0.23255814,0,0,0.823529412,0,0,0.176470588,0,0,0.28,0,0.72,1,0,0.728813559,0.118644068,0.152542373,1218
0.416666667,0.5,0.083333333,0,0,0.76744186,0.23255814,0,0,0.823529412,0,0,0.176470588,0,0,0.237288136,0.152542373,0.610169492,1,0,0.86,0.14,0,1219
0.416666667,0.5,0.083333333,0,0,0.76744186,0.23255814,0,0,0.823529412,0,0,0.176470588,0,0,0.28,0,0.72,1,0,0.728813559,0.118644068,0.152542373,1220
0.416666667,0.5,0.083333333,0,0,0.76744186,0.23255814,0,0,0.823529412,0,0,0.176470588,0,0,0.28,0,0.72,1,0,0.728813559,0.118644068,0.152542373,1221
0.416666667,0.5,0.083333333,0,0,0.76744186,0.23255814,0,0,0.823529412,0,0,0.176470588,0,0,0.28,0,0.72,1,0,0.728813559,0.118644068,0.152542373,1222
0.416666667,0.5,0.083333333,0,0,0.76744186,0.23255814,0,0,0.823529412,0,0,0.176470588,0,0,0.28,0,0.72,1,0,0.728813559,0.118644068,0.152542373,1223
0.416666667,0.5,0.083333333,0,0,0.76744186,0.23255814,0,0,0.823529412,0,0,0.176470588,0,0,0.237288136,0.152542373,0.610169492,1,0,0.86,0.14,0,1224
0.416666667,0.5,0.083333333,0,0,0.76744186,0.23255814,0,0,0.823529412,0,0,0.176470588,0,0,0.237288136,0.152542373,0.610169492,1,0,0.86,0.14,0,1225
0.416666667,0.5,0.083333333,0,0,0.76744186,0.23255814,0,0,0.823529412,0,0,0.176470588,0,0,0.237288136,0.152542373,0.610169492,1,0,0.86,0.14,0,1226
0.5,0.428571429,0.071428571,0,0,0.76744186,0.23255814,0,0,1,0,0,0,0,0.078125,0.1875,0.140625,0.59375,1,0,0.86,0.14,0,1227
0.588235294,0.352941176,0.058823529,0,0,0.76744186,0.23255814,0,0,1,0,0,0,0,0.119402985,0.134328358,0.134328358,0.611940299,1,0,0.86,0.14,0,1228
0.619047619,0.333333333,0.047619048,0,0,0.761904762,0.238095238,0,0,1,0,0,0,0,0.169014085,0.084507042,0.126760563,0.61971831,1,0,0.84,0.16,0,1229
0.416666667,0.5,0.083333333,0,0,0.76744186,0.23255814,0,0,0.823529412,0,0,0.176470588,0,0,0.28,0,0.72,1,0,0.728813559,0.118644068,0.152542373,1230
0.416666667,0.5,0.083333333,0,0,0.76744186,0.23255814,0,0,0.823529412,0,0,0.176470588,0,0,0.28,0,0.72,1,0,0.728813559,0.118644068,0.152542373,1231
0.416666667,0.5,0.083333333,0,0,0.76744186,0.23255814,0,0,0.823529412,0,0,0.176470588,0,0,0.28,0,0.72,1,0,0.728813559,0.118644068,0.152542373,1232
0.416666667,0.5,0.083333333,0,0,0.76744186,0.23255814,0,0,0.823529412,0,0,0.176470588,0,0,0.28,0,0.72,1,0,0.728813559,0.118644068,0.152542373,1233
0.416666667,0.5,0.083333333,0,0,0.76744186,0.23255814,0,0,0.823529412,0,0,0.176470588,0,0,0.237288136,0.152542373,0.610169492,1,0,0.86,0.14,0,1234
0.416666667,0.5,0.083333333,0,0,0.76744186,0.23255814,0,0,0.823529412,0,0,0.176470588,0,0,0.237288136,0.152542373,0.610169492,1,0,0.86,0.14,0,1235
0.416666667,0.5,0.083333333,0,0,0.76744186,0.23255814,0,0,0.823529412,0,0,0.176470588,0,0,0.237288136,0.152542373,0.610169492,1,0,0.86,0.14,0,1236
0.416666667,0.5,0.083333333,0,0,0.76744186,0.23255814,0,0,0.823529412,0,0,0.176470588,0,0,0.237288136,0.152542373,0.610169492,1,0,0.86,0.14,0,1237
0.416666667,0.5,0.083333333,0,0,0.76744186,0.23255814,0,0,0.823529412,0,0,0.176470588,0,0,0.237288136,0.152542373,0.610169492,1,0,0.86,0.14,0,1238
0.416666667,0.5,0.083333333,0,0,0.76744186,0.23255814,0,0,0.823529412,0,0,0.176470588,0,0,0.237288136,0.152542373,0.610169492,1,0,0.86,0.14,0,1239
0.416666667,0.5,0.083333333,0,0,0.76744186,0.23255814,0,0,0.823529412,0,0,0.176470588,0,0,0.28,0,0.72,1,0,0.728813559,0.118644068,0.152542373,1240
0.416666667,0.5,0.083333333,0,0,0.76744186,0.23255814,0,0,0.823529412,0,0,0.176470588,0,0,0.28,0,0.72,1,0,0.728813559,0.118644068,0.152542373,1241
0.416666667,0.5,0.083333333,0,0,0.76744186,0.23255814,0,0,0.823529412,0,0,0.176470588,0,0,0.28,0,0.72,1,0,0.728813559,0.118644068,0.152542373,1242
0.416666667,0.5,0.083333333,0,0,0.76744186,0.23255814,0,0,0.823529412,0,0,0.176470588,0,0,0.28,0,0.72,1,0,0.728813559,0.118644068,0.152542373,1243
0.416666667,0.5,0.083333333,0,0,0.76744186,0.23255814,0,0,0.823529412,0,0,0.176470588,0,0,0.28,0,0.72,1,0,0.728813559,0.118644068,0.152542373,1244
0.416666667,0.5,0.083333333,0,0,0.76744186,0.23255814,0,0,0.823529412,0,0,0.176470588,0,0,0.28,0,0.72,1,0,0.728813559,0.118644068,0.152542373,1245
0.416666667,0.5,0.083333333,0,0,0.76744186,0.23255814,0,0,0.823529412,0,0,0.176470588,0,0,0.28,0,0.72,1,0,0.728813559,0.118644068,0.152542373,1246
0.416666667,0.5,0.083333333,0,0,0.76744186,0.23255814,0,0,0.823529412,0,0,0.176470588,0,0,0.28,0,0.72,1,0,0.728813559,0.118644068,0.152542373,1247
0.416666667,0.5,0.083333333,0,0,0.76744186,0.23255814,0,0,0.823529412,0,0,0.176470588,0,0,0.28,0,0.72,1,0,0.728813559,0.118644068,0.152542373,1248
0.416666667,0.5,0.083333333,0,0,0.76744186,0.23255814,0,0,0.823529412,0,0,0.176470588,0,0,0.28,0,0.72,1,0,0.728813559,0.118644068,0.152542373,1249