,"('NPA', 'np')","('NPA', 'np1')","('NPA', 'np2')","('NPA', ('NPA', 'NPA'))","('NPO', 'np')","('NPO', 'np1')","('NPO', 'np2')","('NPO', ('NPA', 'NPO'))","('NPO', ('NPO', 'NPA'))","('NPS', 'np')","('NPS', 'np1')","('NPS', 'np2')","('NPS', ('NPA', 'NPS'))","('NPS', ('NPS', 'NPA'))","('S', ('NPA', 'S'))","('S', ('NPS', 'VP'))","('S', ('S', 'NPA'))","('S', ('VP', 'NPS'))","('S', ('VP',))","('V', 'v')","('VP', ('NPA', 'VP'))","('VP', ('NPO', 'V'))","('VP', ('V', 'NPO'))","('VP', ('V',))","('VP', ('VP', 'NPA'))"
0,0.95,0,0,0.05,0,0.735849057,0.20754717,0.037735849,0.018867925,0,0,0,0,0,0.161290323,0,0.032258065,0,0.806451613,1,0.056603774,0.830188679,0.113207547,0,0
1,1,0,0,0,0,0.722222222,0.203703704,0.055555556,0.018518519,0,0,0,0,0,0.103448276,0,0.034482759,0,0.862068966,1,0.122807018,0.771929825,0.105263158,0,0
2,1,0,0,0,0,0.745098039,0.215686275,0.039215686,0,0.823529412,0.058823529,0,0,0.117647059,0,0.26,0,0.04,0.7,1,0.019607843,0.843137255,0.117647059,0.019607843,0
3,1,0,0,0,0,0.75,0.211538462,0.019230769,0.019230769,0.888888889,0,0,0,0.111111111,0.019607843,0.156862745,0,0,0.823529412,1,0.087719298,0.771929825,0.105263158,0,0.035087719
4,1,0,0,0,0,0.684210526,0.192982456,0.105263158,0.01754386,0.888888889,0,0,0.111111111,0,0.019607843,0.137254902,0,0.019607843,0.823529412,1,0.019230769,0.846153846,0.115384615,0,0.019230769
5,1,0,0,0,0,0.709090909,0.2,0.072727273,0.018181818,0.857142857,0,0,0.142857143,0,0.074074074,0.074074074,0,0.037037037,0.814814815,1,0.056603774,0.830188679,0.113207547,0,0
6,1,0,0,0,0,0.672413793,0.189655172,0.120689655,0.017241379,1,0,0,0,0,0.056603774,0.113207547,0,0.037735849,0.79245283,1,0,0.88,0.12,0,0
7,0.95,0,0,0.05,0,0.684210526,0.192982456,0.105263158,0.01754386,0,0,0,0,0,0.071428571,0,0.035714286,0,0.892857143,1,0.090909091,0.8,0.109090909,0,0
8,1,0,0,0,0,0.639344262,0.180327869,0.163934426,0.016393443,1,0,0,0,0,0.019230769,0.019230769,0.019230769,0,0.942307692,1,0.072727273,0.8,0.109090909,0,0.018181818
9,1,0,0,0,0,0.735849057,0.20754717,0.037735849,0.018867925,0.846153846,0,0,0.153846154,0,0.038461538,0.192307692,0,0.019230769,0.75,1,0,0.862745098,0.117647059,0,0.019607843
10,1,0,0,0,0,0.65,0.183333333,0.15,0.016666667,0,0,0,0,0,0.122807018,0,0,0,0.877192982,1,0,0.846153846,0.115384615,0,0.038461538
11,0.95,0,0,0.05,0,0.672413793,0.189655172,0.120689655,0.017241379,0,0,0,0,0,0.103448276,0,0.034482759,0,0.862068966,1,0.038461538,0.846153846,0.115384615,0,0
12,0.947368421,0,0,0.052631579,0,0.735849057,0.20754717,0.037735849,0.018867925,1,0,0,0,0,0.054545455,0.018181818,0.036363636,0,0.890909091,1,0.152542373,0.745762712,0.101694915,0,0
13,1,0,0,0,0,0.633333333,0.183333333,0.166666667,0.016666667,0.5,0.5,0,0,0,0,0,0.019607843,0.039215686,0.941176471,1,0.107142857,0.785714286,0.089285714,0.017857143,0
14,1,0,0,0,0,0.639344262,0.180327869,0.163934426,0.016393443,0,0,0,0,0,0,0,0.038461538,0,0.961538462,1,0.107142857,0.785714286,0.107142857,0,0
15,1,0,0,0,0,0.672413793,0.189655172,0.120689655,0.017241379,0,0,0,0,0,0,0,0.019607843,0,0.980392157,1,0.15,0.733333333,0.1,0,0.016666667
16,1,0,0,0,0,0.684210526,0.192982456,0.105263158,0.01754386,0,0,0,0,0,0.089285714,0,0.017857143,0,0.892857143,1,0.089285714,0.785714286,0.107142857,0,0.017857143
17,1,0,0,0,0,0.661016949,0.186440678,0.13559322,0.016949153,1,0,0,0,0,0.090909091,0,0,0.036363636,0.872727273,1,0.056603774,0.830188679,0.113207547,0,0
18,0.95,0,0,0.05,0,0.661016949,0.186440678,0.13559322,0.016949153,0,0,0,0,0,0.055555556,0,0.018518519,0,0.925925926,1,0.072727273,0.8,0.109090909,0,0.018181818
19,1,0,0,0,1,0,0,0,0,0,0.78,0.22,0,0,0.21875,0.6875,0,0.09375,0,1,0.018518519,0.018518519,0,0.907407407,0.055555556
20,1,0,0,0,1,0,0,0,0,0,0.764705882,0.215686275,0.019607843,0,0.21875,0.6875,0,0.09375,0,1,0,0.018867925,0,0.924528302,0.056603774
21,1,0,0,0,0,0,0,0,0,0,0.619047619,0.174603175,0.19047619,0.015873016,0.056603774,0.830188679,0,0.113207547,0,1,0,0,0,0.943396226,0.056603774
22,1,0,0,0,0,0,0,0,0,0,0.609375,0.171875,0.21875,0,0.037735849,0.830188679,0.018867925,0.113207547,0,1,0.019230769,0,0,0.961538462,0.019230769
23,1,0,0,0,1,0,0,0,0,0,0.65,0.183333333,0.166666667,0,0.107142857,0.785714286,0,0.107142857,0,1,0,0.019230769,0,0.942307692,0.038461538
24,1,0,0,0,1,0,0,0,0,0,0.639344262,0.180327869,0.180327869,0,0.074074074,0.814814815,0,0.111111111,0,1,0,0.018867925,0,0.924528302,0.056603774
25,1,0,0,0,0,0,0,0,0,0,0.696428571,0.196428571,0.107142857,0,0.152542373,0.745762712,0,0.101694915,0,1,0.018518519,0,0,0.925925926,0.055555556
26,1,0,0,0,1,0,0,0,0,0,0.709090909,0.2,0.072727273,0.018181818,0.177419355,0.709677419,0.016129032,0.096774194,0,1,0,0,0.019607843,0.960784314,0.019607843
27,1,0,0,0,0,0,0,0,0,0,0.672413793,0.189655172,0.120689655,0.017241379,0.15,0.733333333,0.016666667,0.1,0,1,0,0,0,0.980392157,0.019607843
28,1,0,0,0,0,0.722222222,0.203703704,0.055555556,0.018518519,1,0,0,0,0,0,0.019607843,0.019607843,0,0.960784314,1,0.19047619,0.698412698,0.095238095,0,0.015873016
29,1,0,0,0,0,0.722222222,0.203703704,0.055555556,0.018518519,0,0,0,0,0,0.018867925,0,0.037735849,0,0.943396226,1,0.193548387,0.709677419,0.096774194,0,0
30,1,0,0,0,0,0.696428571,0.196428571,0.089285714,0.017857143,1,0,0,0,0,0,0,0,0.04,0.96,1,0.180327869,0.721311475,0.098360656,0,0
31,0.947368421,0.052631579,0,0,0.018181818,0.690909091,0.2,0.090909091,0,0,0,0,0,0,0,0,0,0,1,1,0.1875,0.6875,0.09375,0,0.03125
32,1,0,0,0,1,0,0,0,0,0,0.684210526,0.192982456,0.122807018,0,0.13559322,0.745762712,0.016949153,0.101694915,0,1,0.019230769,0,0.019230769,0.942307692,0.019230769
33,1,0,0,0,0,0.629032258,0.177419355,0.177419355,0.016129032,0,0,0,0,0,0.055555556,0,0.018518519,0,0.925925926,1,0.037735849,0.830188679,0.113207547,0,0.018867925
34,1,0,0,0,0,0.65,0.183333333,0.15,0.016666667,0,0,0,0,0,0.087719298,0,0.035087719,0,0.877192982,1,0.038461538,0.846153846,0.115384615,0,0
35,0.8,0.2,0,0,0.019230769,0.692307692,0.211538462,0.076923077,0,0.769230769,0.076923077,0,0.153846154,0,0.037037037,0.203703704,0.037037037,0,0.722222222,1,0,0.84,0.12,0.04,0
36,0.95,0,0,0.05,0,0.672413793,0.189655172,0.120689655,0.017241379,0,0,0,0,0,0.107142857,0,0,0,0.892857143,1,0.037037037,0.814814815,0.111111111,0,0.037037037
37,0.947368421,0,0,0.052631579,0,0.709090909,0.2,0.072727273,0.018181818,1,0,0,0,0,0.090909091,0.018181818,0,0,0.890909091,1,0.087719298,0.771929825,0.105263158,0,0.035087719
38,1,0,0,0,0,0.619047619,0.174603175,0.19047619,0.015873016,0,0,0,0,0,0,0,0,0,1,1,0.071428571,0.785714286,0.107142857,0,0.035714286
39,1,0,0,0,0,0.672413793,0.189655172,0.120689655,0.017241379,1,0,0,0,0,0.074074074,0,0,0.037037037,0.888888889,1,0.090909091,0.8,0.109090909,0,0
40,0.944444444,0,0,0.055555556,0,0.65,0.183333333,0.15,0.016666667,1,0,0,0,0,0.019607843,0.019607843,0,0.019607843,0.941176471,1,0.072727273,0.8,0.109090909,0,0.018181818
41,1,0,0,0,0,0.709090909,0.2,0.072727273,0.018181818,0,0,0,0,0,0.193548387,0,0,0,0.806451613,1,0,0.846153846,0.115384615,0,0.038461538
42,0.95,0,0,0.05,0,0,0,0,0,0,0.629032258,0.177419355,0.193548387,0,0.038461538,0.846153846,0,0.115384615,0,1,0.037037037,0,0,0.925925926,0.037037037
43,1,0,0,0,0,0,0,0,0,0,0.629032258,0.177419355,0.193548387,0,0.055555556,0.814814815,0.018518519,0.111111111,0,1,0.037735849,0,0,0.943396226,0.018867925
44,0.95,0,0,0.05,0,0.672727273,0.2,0.127272727,0,0,0.666666667,0,0,0.333333333,0.103448276,0.034482759,0.034482759,0,0.827586207,1,0.038461538,0.807692308,0.115384615,0.038461538,0
45,0.9375,0,0,0.0625,0,0.65,0.183333333,0.15,0.016666667,1,0,0,0,0,0.055555556,0.055555556,0.018518519,0.018518519,0.851851852,1,0,0.88,0.12,0,0
46,0.875,0,0,0.125,0,0.709090909,0.2,0.072727273,0.018181818,1,0,0,0,0,0.019607843,0.196078431,0,0.039215686,0.745098039,1,0,0.88,0.12,0,0
47,1,0,0,0,0,0.722222222,0.203703704,0.055555556,0.018518519,0.916666667,0,0,0,0.083333333,0,0.18,0,0.04,0.78,1,0.056603774,0.830188679,0.113207547,0,0
48,1,0,0,0,0,0.722222222,0.203703704,0.055555556,0.018518519,0,0,0,0,0,0.174603175,0,0.031746032,0,0.793650794,1,0.038461538,0.846153846,0.115384615,0,0
49,1,0,0,0,0,0.735849057,0.20754717,0.037735849,0.018867925,0,0,0,0,0,0.103448276,0,0.034482759,0,0.862068966,1,0.137931034,0.75862069,0.103448276,0,0
50,1,0,0,0,0,0.735849057,0.20754717,0.037735849,0.018867925,1,0,0,0,0,0.137931034,0,0,0.017241379,0.844827586,1,0.105263158,0.771929825,0.105263158,0,0.01754386
51,1,0,0,0,0,0.75,0.211538462,0.019230769,0.019230769,0,0,0,0,0,0.177419355,0,0.016129032,0,0.806451613,1,0.072727273,0.8,0.109090909,0,0.018181818
52,1,0,0,0,0,0.735849057,0.20754717,0.037735849,0.018867925,1,0,0,0,0,0.122807018,0.052631579,0,0.01754386,0.807017544,1,0.072727273,0.8,0.109090909,0,0.018181818
53,0.916666667,0,0,0.083333333,0,0.722222222,0.203703704,0.055555556,0.018518519,0.888888889,0,0,0,0.111111111,0.056603774,0.113207547,0,0.037735849,0.79245283,1,0.038461538,0.846153846,0.115384615,0,0
54,0.875,0,0,0.125,0,0.709090909,0.2,0.072727273,0.018181818,1,0,0,0,0,0,0.215686275,0.019607843,0.019607843,0.745098039,1,0,0.88,0.12,0,0
55,0.857142857,0.142857143,0,0,0.019607843,0.745098039,0.215686275,0,0.019607843,0.857142857,0,0,0.071428571,0.071428571,0,0.22,0,0.02,0.76,1,0.037037037,0.814814815,0.111111111,0,0.037037037
56,0.923076923,0,0,0.076923077,0,0.684210526,0.192982456,0.105263158,0.01754386,1,0,0,0,0,0.055555556,0.111111111,0.018518519,0.018518519,0.796296296,1,0,0.88,0.12,0,0
57,0.888888889,0,0,0.111111111,0,0.629032258,0.177419355,0.177419355,0.016129032,1,0,0,0,0,0,0.06,0,0,0.94,1,0,0.846153846,0.115384615,0,0.038461538
58,0.909090909,0,0,0.090909091,0,0.722222222,0.203703704,0.055555556,0.018518519,1,0,0,0,0,0.019607843,0.156862745,0,0.019607843,0.803921569,1,0.055555556,0.814814815,0.111111111,0,0.018518519
59,1,0,0,0,0,0,0,0,0,0,0.735849057,0.20754717,0.037735849,0.018867925,0.206349206,0.698412698,0,0.095238095,0,1,0,0,0,0.943396226,0.056603774
60,1,0,0,0,1,0,0,0,0,0,0.672413793,0.189655172,0.137931034,0,0.137931034,0.75862069,0,0.103448276,0,1,0,0.019607843,0.019607843,0.941176471,0.019607843
61,1,0,0,0,1,0,0,0,0,0,0.661016949,0.186440678,0.152542373,0,0.122807018,0.771929825,0,0.105263158,0,1,0,0.02,0.04,0.94,0
62,1,0,0,0,0,0,0,0,0,0,0.639344262,0.180327869,0.180327869,0,0.090909091,0.8,0,0.109090909,0,1,0.018867925,0,0,0.943396226,0.037735849
63,1,0,0,0,1,0,0,0,0,0,0.65,0.183333333,0.166666667,0,0.090909091,0.8,0,0.109090909,0,1,0.018867925,0.018867925,0,0.924528302,0.037735849
64,1,0,0,0,0,0,0,0,0,0,0.639344262,0.180327869,0.180327869,0,0.074074074,0.814814815,0,0.111111111,0,1,0.018518519,0,0,0.925925926,0.055555556
65,0.947368421,0,0,0.052631579,0,0.684210526,0.192982456,0.105263158,0.01754386,0.5,0,0,0,0.5,0.019230769,0.019230769,0.019230769,0,0.942307692,1,0.105263158,0.771929825,0.105263158,0,0.01754386
66,1,0,0,0,0,0,0,0,0,0,0.696428571,0.196428571,0.107142857,0,0.161290323,0.709677419,0.032258065,0.096774194,0,1,0.019607843,0,0,0.980392157,0
67,1,0,0,0,0,0,0,0,0,0,0.709090909,0.2,0.090909091,0,0.177419355,0.709677419,0.016129032,0.096774194,0,1,0.019230769,0,0,0.961538462,0.019230769
68,0.95,0,0,0.05,0,0,0,0,0,0,0.709090909,0.2,0.090909091,0,0.166666667,0.733333333,0,0.1,0,1,0.018867925,0,0,0.943396226,0.037735849
69,0.947368421,0,0,0.052631579,1,0,0,0,0,0,0.709090909,0.2,0.090909091,0,0.163934426,0.721311475,0.016393443,0.098360656,0,1,0.019607843,0,0.019607843,0.960784314,0
70,0.842105263,0.052631579,0,0.105263158,0.666666667,0,0.333333333,0,0,0.020408163,0.775510204,0.204081633,0,0,0.2,0.661538462,0.030769231,0.092307692,0.015384615,1,0,0.04,0.02,0.94,0
71,1,0,0,0,0,0.709090909,0.2,0.072727273,0.018181818,0.833333333,0,0,0.166666667,0,0.105263158,0.070175439,0.01754386,0.01754386,0.789473684,1,0.019607843,0.862745098,0.117647059,0,0
72,1,0,0,0,0,0.65,0.183333333,0.15,0.016666667,1,0,0,0,0,0.071428571,0.017857143,0.035714286,0,0.875,1,0.038461538,0.846153846,0.115384615,0,0
73,0.95,0,0.05,0,0,0.684210526,0.175438596,0.122807018,0.01754386,0,0,0,0,0,0.133333333,0,0.033333333,0,0.833333333,1,0.038461538,0.826923077,0.115384615,0.019230769,0
74,1,0,0,0,0,0.735849057,0.20754717,0.037735849,0.018867925,0,0,0,0,0,0.206349206,0,0,0,0.793650794,1,0.018867925,0.830188679,0.113207547,0,0.037735849
75,1,0,0,0,0,0.696428571,0.196428571,0.089285714,0.017857143,0,0,0,0,0,0.118644068,0,0.033898305,0,0.847457627,1,0.074074074,0.814814815,0.111111111,0,0
76,1,0,0,0,0,0,0,0,0,0,0.75,0.211538462,0.038461538,0,0.212121212,0.666666667,0.03030303,0.090909091,0,1,0.019607843,0,0,0.980392157,0
77,1,0,0,0,0,0,0,0,0,0,0.722222222,0.203703704,0.055555556,0.018518519,0.2,0.676923077,0.030769231,0.092307692,0,1,0,0,0,1,0
78,0.947368421,0,0,0.052631579,1,0,0,0,0,0,0.684210526,0.192982456,0.105263158,0.01754386,0.120689655,0.75862069,0.017241379,0.103448276,0,1,0,0.019230769,0,0.942307692,0.038461538
79,0.846153846,0,0,0.153846154,0,0.709090909,0.2,0.072727273,0.018181818,1,0,0,0,0,0,0.12,0,0.04,0.84,1,0.074074074,0.814814815,0.111111111,0,0
80,0.777777778,0,0,0.222222222,0,0.709090909,0.2,0.072727273,0.018181818,1,0,0,0,0,0,0.2,0,0.04,0.76,1,0,0.88,0.12,0,0
81,0.833333333,0,0,0.166666667,0,0.709090909,0.2,0.072727273,0.018181818,1,0,0,0,0,0,0.14,0,0.04,0.82,1,0.056603774,0.830188679,0.113207547,0,0
82,0.9375,0,0,0.0625,0,0.661016949,0.186440678,0.13559322,0.016949153,1,0,0,0,0,0.037735849,0.075471698,0.018867925,0,0.867924528,1,0.019230769,0.846153846,0.115384615,0,0.019230769
83,1,0,0,0,0,0.696428571,0.196428571,0.089285714,0.017857143,1,0,0,0,0,0.038461538,0.173076923,0,0,0.788461538,1,0,0.846153846,0.115384615,0,0.038461538
84,1,0,0,0,0,0.696428571,0.196428571,0.089285714,0.017857143,1,0,0,0,0,0.037735849,0.169811321,0.018867925,0.018867925,0.754716981,1,0,0.88,0.12,0,0
85,0.9,0,0,0.1,1,0,0,0,0,0,0.75,0.211538462,0.038461538,0,0.1875,0.6875,0.03125,0.09375,0,1,0,0.02,0,0.98,0
86,0.95,0,0,0.05,0,0.696428571,0.196428571,0.089285714,0.017857143,0,0,0,0,0,0.105263158,0,0.01754386,0,0.877192982,1,0.072727273,0.8,0.109090909,0,0.018181818
87,1,0,0,0,1,0,0,0,0,0,0.696428571,0.196428571,0.107142857,0,0.166666667,0.733333333,0,0.1,0,1,0.019230769,0,0.019230769,0.942307692,0.019230769
88,1,0,0,0,1,0,0,0,0,0,0.684210526,0.192982456,0.122807018,0,0.147540984,0.721311475,0.032786885,0.098360656,0,1,0,0.02,0,0.98,0
89,0.95,0,0,0.05,0,0,0,0,0,0,0.661016949,0.186440678,0.13559322,0.016949153,0.105263158,0.771929825,0.01754386,0.105263158,0,1,0.019230769,0,0,0.961538462,0.019230769
90,1,0,0,0,0,0,0,0,0,0,0.672413793,0.189655172,0.137931034,0,0.13559322,0.745762712,0.016949153,0.101694915,0,1,0.019230769,0,0,0.961538462,0.019230769
91,1,0,0,0,1,0,0,0,0,0,0.735849057,0.20754717,0.037735849,0.018867925,0.206349206,0.698412698,0,0.095238095,0,1,0,0,0.039215686,0.941176471,0.019607843
92,0.95,0,0,0.05,0,0,0,0,0,0,0.672413793,0.189655172,0.137931034,0,0.120689655,0.75862069,0.017241379,0.103448276,0,1,0.019230769,0,0,0.961538462,0.019230769
93,1,0,0,0,0,0,0,0,0,0,0.661016949,0.186440678,0.152542373,0,0.122807018,0.771929825,0,0.105263158,0,1,0.018867925,0,0,0.943396226,0.037735849
94,0.95,0,0,0.05,0,0,0,0,0,0,0.696428571,0.196428571,0.107142857,0,0.137931034,0.75862069,0,0.103448276,0,1,0.018518519,0,0,0.925925926,0.055555556
95,0.9,0.05,0,0.05,0,0,0,0,0,0.016129032,0.612903226,0.177419355,0.193548387,0,0.074074074,0.814814815,0,0.111111111,0,1,0,0,0,0.961538462,0.038461538
96,1,0,0,0,0,0.696428571,0.196428571,0.089285714,0.017857143,1,0,0,0,0,0.038461538,0.019230769,0,0,0.942307692,1,0.133333333,0.733333333,0.1,0,0.033333333
97,1,0,0,0,0,0,0,0,0,0,0.65,0.183333333,0.166666667,0,0.089285714,0.785714286,0.017857143,0.107142857,0,1,0.018867925,0,0,0.943396226,0.037735849
98,0.904761905,0,0,0.095238095,0,0,0,0,0,0,0.75,0.211538462,0.038461538,0,0.180327869,0.721311475,0,0.098360656,0,1,0.018518519,0,0,0.925925926,0.055555556
99,0.9,0,0,0.1,1,0,0,0,0,0,0.709090909,0.2,0.090909091,0,0.152542373,0.745762712,0,0.101694915,0,1,0,0.019230769,0,0.942307692,0.038461538
100,0.9,0,0,0.1,1,0,0,0,0,0,0.722222222,0.203703704,0.074074074,0,0.137931034,0.75862069,0,0.103448276,0,1,0.018518519,0.018518519,0,0.907407407,0.055555556
101,1,0,0,0,1,0,0,0,0,0,0.722222222,0.203703704,0.074074074,0,0.193548387,0.709677419,0,0.096774194,0,1,0,0.019230769,0,0.942307692,0.038461538
102,1,0,0,0,0,0.696428571,0.196428571,0.089285714,0.017857143,1,0,0,0,0,0.038461538,0.153846154,0,0.038461538,0.769230769,1,0.019607843,0.862745098,0.117647059,0,0
103,1,0,0,0,0,0.709090909,0.2,0.072727273,0.018181818,0.846153846,0,0,0,0.153846154,0,0.196078431,0.019607843,0.019607843,0.764705882,1,0,0.88,0.12,0,0
104,1,0,0,0,0,0.696428571,0.196428571,0.089285714,0.017857143,0,0,0,0,0,0.019607843,0,0,0,0.980392157,1,0.161290323,0.709677419,0.096774194,0,0.032258065
105,0.9,0.05,0,0.05,0,0.690909091,0.2,0.090909091,0.018181818,1,0,0,0,0,0.019607843,0,0,0.019607843,0.960784314,1,0.163934426,0.704918033,0.098360656,0.016393443,0.016393443
106,1,0,0,0,0,0,0,0,0,0,0.735849057,0.20754717,0.037735849,0.018867925,0.206349206,0.698412698,0,0.095238095,0,1,0,0,0,0.943396226,0.056603774
107,1,0,0,0,0,0,0,0,0,0,0.735849057,0.20754717,0.056603774,0,0.206349206,0.698412698,0,0.095238095,0,1,0.018867925,0,0,0.943396226,0.037735849
108,0.95,0,0,0.05,0,0,0,0,0,0,0.764705882,0.215686275,0.019607843,0,0.21875,0.6875,0,0.09375,0,1,0.018867925,0,0,0.943396226,0.037735849
109,0.941176471,0,0,0.058823529,1,0,0,0,0,0,0.75,0.211538462,0.038461538,0,0.180327869,0.721311475,0,0.098360656,0,1,0.038461538,0,0.057692308,0.903846154,0
110,1,0,0,0,1,0,0,0,0,0,0.764705882,0.215686275,0.019607843,0,0.215384615,0.676923077,0.015384615,0.092307692,0,1,0,0.019607843,0.019607843,0.941176471,0.019607843
111,1,0,0,0,1,0,0,0,0,0,0.661016949,0.186440678,0.152542373,0,0.105263158,0.771929825,0.01754386,0.105263158,0,1,0,0.019607843,0.019607843,0.941176471,0.019607843
112,0.95,0,0,0.05,0,0.709090909,0.2,0.072727273,0.018181818,0,0,0,0,0,0.180327869,0,0,0,0.819672131,1,0,0.846153846,0.115384615,0,0.038461538
113,1,0,0,0,1,0,0,0,0,0,0.764705882,0.215686275,0,0.019607843,0.21875,0.6875,0,0.09375,0,1,0,0.019230769,0.019230769,0.923076923,0.038461538
114,0.95,0,0,0.05,0,0.709090909,0.2,0.072727273,0.018181818,0,0,0,0,0,0.120689655,0,0.017241379,0,0.862068966,1,0.072727273,0.8,0.109090909,0,0.018181818
115,0.95,0,0,0.05,0,0,0,0,0,0,0.65,0.183333333,0.166666667,0,0.072727273,0.8,0.018181818,0.109090909,0,1,0.037735849,0,0,0.943396226,0.018867925
116,1,0,0,0,0,0,0,0,0,0,0.709090909,0.2,0.072727273,0.018181818,0.174603175,0.698412698,0.031746032,0.095238095,0,1,0,0,0,0.980392157,0.019607843
117,1,0,0,0,0,0,0,0,0,0,0.639344262,0.180327869,0.180327869,0,0.089285714,0.785714286,0.017857143,0.107142857,0,1,0.019230769,0,0,0.961538462,0.019230769
118,0.95,0,0,0.05,0,0,0,0,0,0,0.661016949,0.186440678,0.152542373,0,0.072727273,0.8,0.018181818,0.109090909,0,1,0.037037037,0,0,0.925925926,0.037037037
119,1,0,0,0,0,0,0,0,0,0,0.6,0.169230769,0.230769231,0,0.019607843,0.862745098,0,0.117647059,0,1,0.018867925,0,0,0.943396226,0.037735849
120,0.888888889,0,0,0.111111111,0,0.722222222,0.203703704,0.055555556,0.018518519,1,0,0,0,0,0.055555556,0.055555556,0.018518519,0,0.87037037,1,0.089285714,0.785714286,0.107142857,0,0.017857143
121,1,0,0,0,1,0,0,0,0,0,0.609375,0.171875,0.203125,0.015625,0.038461538,0.846153846,0,0.115384615,0,1,0,0.019230769,0,0.942307692,0.038461538
122,1,0,0,0,0,0,0,0,0,0,0.6,0.169230769,0.215384615,0.015384615,0.019607843,0.862745098,0,0.117647059,0,1,0,0,0,0.943396226,0.056603774
123,1,0,0,0,1,0,0,0,0,0,0.6,0.169230769,0.230769231,0,0,0.88,0,0.12,0,1,0.037735849,0,0.018867925,0.924528302,0.018867925
124,1,0,0,0,0,0,0,0,0,0,0.6,0.169230769,0.230769231,0,0,0.88,0,0.12,0,1,0.037037037,0,0,0.925925926,0.037037037
125,1,0,0,0,0,0,0,0,0,0,0.6,0.169230769,0.215384615,0.015384615,0.018867925,0.830188679,0.037735849,0.113207547,0,1,0.019607843,0,0,0.980392157,0
126,0.947368421,0,0,0.052631579,1,0,0,0,0,0,0.709090909,0.2,0.090909091,0,0.161290323,0.709677419,0.032258065,0.096774194,0,1,0,0.02,0,0.98,0
127,0.95,0,0,0.05,0,0,0,0,0,0,0.672413793,0.189655172,0.137931034,0,0.118644068,0.745762712,0.033898305,0.101694915,0,1,0.019607843,0,0,0.980392157,0
128,0.9,0,0,0.1,1,0,0,0,0,0,0.696428571,0.196428571,0.107142857,0,0.13559322,0.745762712,0.016949153,0.101694915,0,1,0.019607843,0,0.019607843,0.960784314,0
129,0.95,0,0,0.05,0,0,0,0,0,0,0.619047619,0.174603175,0.206349206,0,0.037735849,0.830188679,0.018867925,0.113207547,0,1,0.019230769,0,0,0.961538462,0.019230769
130,0.947368421,0,0,0.052631579,0,1,0,0,0,0.016666667,0.633333333,0.183333333,0.166666667,0,0.071428571,0.803571429,0.035714286,0.089285714,0,1,0.019607843,0,0.019607843,0.960784314,0
131,1,0,0,0,0,0,0,0,0,0,0.661016949,0.186440678,0.152542373,0,0.103448276,0.75862069,0.034482759,0.103448276,0,1,0.038461538,0,0,0.961538462,0
132,1,0,0,0,0,0,0,0,0,0,0.672413793,0.189655172,0.120689655,0.017241379,0.15,0.733333333,0.016666667,0.1,0,1,0,0,0,0.980392157,0.019607843
133,1,0,0,0,0,0,0,0,0,0,0.661016949,0.186440678,0.13559322,0.016949153,0.13559322,0.745762712,0.016949153,0.101694915,0,1,0,0,0,0.980392157,0.019607843
134,0.941176471,0,0,0.058823529,1,0,0,0,0,0,0.722222222,0.203703704,0.074074074,0,0.166666667,0.733333333,0,0.1,0,1,0.019607843,0,0.058823529,0.921568627,0
135,1,0,0,0,0,0.722222222,0.203703704,0.055555556,0.018518519,1,0,0,0,0,0.055555556,0.037037037,0.018518519,0.018518519,0.87037037,1,0.137931034,0.75862069,0.103448276,0,0
136,0.95,0,0,0.05,0,0,0,0,0,0,0.6,0.169230769,0.215384615,0.015384615,0.019230769,0.846153846,0.019230769,0.115384615,0,1,0,0,0,0.980392157,0.019607843
137,1,0,0,0,0,0,0,0,0,0,0.722222222,0.203703704,0.055555556,0.018518519,0.203125,0.6875,0.015625,0.09375,0,1,0,0,0,0.980392157,0.019607843
138,1,0,0,0,0,0,0,0,0,0,0.696428571,0.196428571,0.107142857,0,0.15,0.733333333,0.016666667,0.1,0,1,0.018867925,0,0,0.943396226,0.037735849
139,0.95,0,0,0.05,0,0.661016949,0.186440678,0.13559322,0.016949153,0,0,0,0,0,0.105263158,0,0.01754386,0,0.877192982,1,0.019230769,0.846153846,0.115384615,0,0.019230769
140,1,0,0,0,0,0.684210526,0.192982456,0.105263158,0.01754386,0,0,0,0,0,0.161290323,0,0.032258065,0,0.806451613,1,0,0.88,0.12,0,0
141,1,0,0,0,0,0.65,0.183333333,0.15,0.016666667,0,0,0,0,0,0.072727273,0,0.018181818,0,0.909090909,1,0.055555556,0.814814815,0.111111111,0,0.018518519
142,1,0,0,0,0,0.75,0.211538462,0.019230769,0.019230769,1,0,0,0,0,0.018867925,0.018867925,0.037735849,0,0.924528302,1,0.206349206,0.698412698,0.095238095,0,0
143,1,0,0,0,0,0.722222222,0.203703704,0.055555556,0.018518519,0.866666667,0,0,0.133333333,0,0,0.22,0,0.04,0.74,1,0,0.88,0.12,0,0
144,1,0,0,0,0,0.709090909,0.2,0.072727273,0.018181818,0,0,0,0,0,0,0,0.019607843,0,0.980392157,1,0.19047619,0.698412698,0.095238095,0,0.015873016
145,1,0,0,0,0,0,0,0,0,0,0.619047619,0.174603175,0.19047619,0.015873016,0.071428571,0.785714286,0.035714286,0.107142857,0,1,0,0,0,1,0
146,1,0,0,0,1,0,0,0,0,0,0.65,0.183333333,0.15,0.016666667,0.120689655,0.75862069,0.017241379,0.103448276,0,1,0,0,0.02,0.98,0
147,1,0,0,0,0,0,0,0,0,0,0.672413793,0.189655172,0.120689655,0.017241379,0.147540984,0.721311475,0.032786885,0.098360656,0,1,0,0,0,1,0
148,1,0,0,0,0,0,0,0,0,0,0.672413793,0.189655172,0.137931034,0,0.13559322,0.745762712,0.016949153,0.101694915,0,1,0.019230769,0,0,0.961538462,0.019230769
149,0.95,0,0,0.05,0,0,0,0,0,0,0.639344262,0.180327869,0.180327869,0,0.074074074,0.814814815,0,0.111111111,0,1,0.018867925,0,0,0.943396226,0.037735849
150,0.947368421,0,0,0.052631579,0,0.672413793,0.189655172,0.120689655,0.017241379,1,0,0,0,0,0.118644068,0.016949153,0.033898305,0,0.830508475,1,0,0.88,0.12,0,0
151,0.95,0,0,0.05,0,0.65,0.183333333,0.15,0.016666667,0,0,0,0,0,0.107142857,0,0,0,0.892857143,1,0,0.846153846,0.115384615,0,0.038461538
152,0.95,0,0,0.05,0,0.639344262,0.180327869,0.163934426,0.016393443,0,0,0,0,0,0.074074074,0,0,0,0.925925926,1,0.018867925,0.830188679,0.113207547,0,0.037735849
153,0.9,0,0,0.1,0,0.672413793,0.189655172,0.120689655,0.017241379,1,0,0,0,0,0.056603774,0.018867925,0,0,0.924528302,1,0.054545455,0.8,0.109090909,0,0.036363636
154,1,0,0,0,0,0.609375,0.171875,0.203125,0.015625,0,0,0,0,0,0,0,0.038461538,0,0.961538462,1,0.056603774,0.830188679,0.113207547,0,0
155,1,0,0,0,0,0.65,0.183333333,0.15,0.016666667,1,0,0,0,0,0.055555556,0.037037037,0.018518519,0,0.888888889,1,0.037735849,0.830188679,0.113207547,0,0.018867925
156,0.947368421,0,0,0.052631579,1,0,0,0,0,0,0.629032258,0.177419355,0.193548387,0,0.037037037,0.814814815,0.037037037,0.111111111,0,1,0.019607843,0.019607843,0,0.960784314,0
157,0.95,0,0,0.05,0,0,0,0,0,0,0.6,0.169230769,0.215384615,0.015384615,0,0.862745098,0.019607843,0.117647059,0,1,0.019230769,0,0,0.961538462,0.019230769
158,1,0,0,0,0,0,0,0,0,0,0.590909091,0.166666667,0.227272727,0.015151515,0.019607843,0.862745098,0,0.117647059,0,1,0,0,0,0.961538462,0.038461538
159,0.904761905,0.047619048,0,0.047619048,0,0,0,0,0,0,0.603174603,0.174603175,0.222222222,0,0.056603774,0.811320755,0,0.113207547,0.018867925,1,0,0,0,0.961538462,0.038461538
160,1,0,0,0,0,0,0,0,0,0,0.629032258,0.177419355,0.193548387,0,0.056603774,0.830188679,0,0.113207547,0,1,0.018518519,0,0,0.925925926,0.055555556
161,0.904761905,0,0,0.095238095,0,0,0,0,0,0,0.661016949,0.186440678,0.152542373,0,0.072727273,0.8,0.018181818,0.109090909,0,1,0.037735849,0,0,0.943396226,0.018867925
162,0.944444444,0,0,0.055555556,1,0,0,0,0,0,0.639344262,0.180327869,0.180327869,0,0.055555556,0.814814815,0.018518519,0.111111111,0,1,0.019607843,0.019607843,0.019607843,0.941176471,0
163,1,0,0,0,0,0.629032258,0.177419355,0.177419355,0.016129032,0,0,0,0,0,0.090909091,0,0,0,0.909090909,1,0,0.846153846,0.115384615,0,0.038461538
164,0.9375,0,0,0.0625,0,0.639344262,0.180327869,0.163934426,0.016393443,1,0,0,0,0,0.019230769,0.057692308,0.019230769,0.019230769,0.884615385,1,0.019607843,0.862745098,0.117647059,0,0
165,1,0,0,0,0,0.661016949,0.186440678,0.13559322,0.016949153,1,0,0,0,0,0,0.12,0,0,0.88,1,0.037037037,0.814814815,0.111111111,0,0.037037037
166,1,0,0,0,0,0.672413793,0.189655172,0.120689655,0.017241379,0.6,0,0,0.4,0,0,0.057692308,0.038461538,0,0.903846154,1,0.074074074,0.814814815,0.111111111,0,0
167,1,0,0,0,1,0,0,0,0,0,0.78,0.22,0,0,0.21875,0.6875,0,0.09375,0,1,0.037037037,0,0.018518519,0.907407407,0.037037037
168,1,0,0,0,1,0,0,0,0,0,0.75,0.211538462,0.038461538,0,0.193548387,0.709677419,0,0.096774194,0,1,0.037037037,0,0.018518519,0.907407407,0.037037037
169,1,0,0,0,1,0,0,0,0,0,0.696428571,0.196428571,0.107142857,0,0.152542373,0.745762712,0,0.101694915,0,1,0.019607843,0.019607843,0.039215686,0.921568627,0
170,1,0,0,0,0,0.629032258,0.177419355,0.177419355,0.016129032,1,0,0,0,0,0,0.019607843,0.019607843,0,0.960784314,1,0.072727273,0.8,0.109090909,0,0.018181818
171,1,0,0,0,0,0.672413793,0.189655172,0.120689655,0.017241379,1,0,0,0,0,0,0,0,0.02,0.98,1,0.15,0.733333333,0.1,0,0.016666667
172,0.95,0,0,0.05,0,0.65,0.183333333,0.15,0.016666667,0,0,0,0,0,0.038461538,0,0,0,0.961538462,1,0.071428571,0.785714286,0.107142857,0,0.035714286
173,0.894736842,0,0,0.105263158,1,0,0,0,0,0,0.735849057,0.20754717,0.037735849,0.018867925,0.193548387,0.709677419,0,0.096774194,0,1,0,0,0.04,0.96,0
174,0.947368421,0,0,0.052631579,0,1,0,0,0,0.018181818,0.690909091,0.2,0.090909091,0,0.15,0.75,0.016666667,0.083333333,0,1,0.019230769,0,0.019230769,0.942307692,0.019230769
175,0.944444444,0,0,0.055555556,1,0,0,0,0,0,0.722222222,0.203703704,0.055555556,0.018518519,0.177419355,0.709677419,0.016129032,0.096774194,0,1,0,0,0.04,0.96,0
176,0.95,0,0,0.05,0,0,0,0,0,0,0.709090909,0.2,0.072727273,0.018181818,0.174603175,0.698412698,0.031746032,0.095238095,0,1,0,0,0,1,0
177,0.95,0,0,0.05,0,0,0,0,0,0,0.764705882,0.215686275,0,0.019607843,0.21875,0.6875,0,0.09375,0,1,0,0,0,0.943396226,0.056603774
178,1,0,0,0,0,0,0,0,0,0,0.75,0.211538462,0.019230769,0.019230769,0.21875,0.6875,0,0.09375,0,1,0,0,0,0.943396226,0.056603774
179,1,0,0,0,1,0,0,0,0,0,0.75,0.211538462,0.019230769,0.019230769,0.230769231,0.676923077,0,0.092307692,0,1,0,0,0.019607843,0.960784314,0.019607843
180,1,0,0,0,0,0,0,0,0,0,0.78,0.22,0,0,0.227272727,0.666666667,0.015151515,0.090909091,0,1,0.018867925,0,0,0.943396226,0.037735849
181,1,0,0,0,0,0,0,0,0,0,0.722222222,0.203703704,0.055555556,0.018518519,0.19047619,0.698412698,0.015873016,0.095238095,0,1,0,0,0,0.961538462,0.038461538
182,1,0,0,0,0,0,0,0,0,0,0.764705882,0.215686275,0,0.019607843,0.223880597,0.656716418,0.029850746,0.089552239,0,1,0,0,0,0.980392157,0.019607843
183,1,0,0,0,0,0,0,0,0,0,0.735849057,0.20754717,0.037735849,0.018867925,0.215384615,0.676923077,0.015384615,0.092307692,0,1,0,0,0,0.980392157,0.019607843
184,1,0,0,0,0,0,0,0,0,0,0.735849057,0.20754717,0.037735849,0.018867925,0.212121212,0.666666667,0.03030303,0.090909091,0,1,0,0,0,1,0
185,1,0,0,0,1,0,0,0,0,0,0.696428571,0.196428571,0.089285714,0.017857143,0.177419355,0.709677419,0.016129032,0.096774194,0,1,0,0,0.02,0.98,0
186,1,0,0,0,0,0.661016949,0.186440678,0.13559322,0.016949153,0,0,0,0,0,0.056603774,0,0,0,0.943396226,1,0.087719298,0.771929825,0.105263158,0,0.035087719
187,1,0,0,0,0,0.735849057,0.188679245,0.056603774,0.018867925,0.9,0,0.1,0,0,0,0.18,0,0.02,0.8,1,0.089285714,0.767857143,0.107142857,0.017857143,0.017857143
188,0.947368421,0,0,0.052631579,1,0,0,0,0,0,0.629032258,0.177419355,0.177419355,0.016129032,0.072727273,0.8,0.018181818,0.109090909,0,1,0,0,0.02,0.98,0
189,0.923076923,0,0,0.076923077,0,0.696428571,0.196428571,0.089285714,0.017857143,1,0,0,0,0,0,0.117647059,0.019607843,0.019607843,0.843137255,1,0.074074074,0.814814815,0.111111111,0,0
190,1,0,0,0,0,0.696428571,0.196428571,0.089285714,0.017857143,0.666666667,0,0,0,0.333333333,0.038461538,0.038461538,0,0,0.923076923,1,0.103448276,0.75862069,0.103448276,0,0.034482759
191,1,0,0,0,0,0,0,0,0,0,0.684210526,0.192982456,0.122807018,0,0.13559322,0.745762712,0.016949153,0.101694915,0,1,0.037735849,0,0,0.943396226,0.018867925
192,0.95,0,0,0.05,0,0,0,0,0,0,0.696428571,0.196428571,0.089285714,0.017857143,0.163934426,0.721311475,0.016393443,0.098360656,0,1,0,0,0,0.980392157,0.019607843
193,0.95,0,0.05,0,0,0,0,0,0,0,0.735849057,0.188679245,0.056603774,0.018867925,0.206349206,0.682539683,0,0.095238095,0.015873016,1,0,0,0,0.943396226,0.056603774
194,0.95,0,0,0.05,0,0,0,0,0,0,0.735849057,0.20754717,0.037735849,0.018867925,0.203125,0.6875,0.015625,0.09375,0,1,0,0,0,0.980392157,0.019607843
195,0.947368421,0,0,0.052631579,1,0,0,0,0,0,0.672413793,0.189655172,0.137931034,0,0.118644068,0.745762712,0.033898305,0.101694915,0,1,0,0.02,0,0.98,0
196,1,0,0,0,0,0,0,0,0,0,0.684210526,0.192982456,0.122807018,0,0.15,0.733333333,0.016666667,0.1,0,1,0.019230769,0,0,0.961538462,0.019230769
197,1,0,0,0,0,0,0,0,0,0,0.65,0.183333333,0.166666667,0,0.103448276,0.75862069,0.034482759,0.103448276,0,1,0.019607843,0,0,0.980392157,0
198,1,0,0,0,0,0.696428571,0.196428571,0.089285714,0.017857143,0,0,0,0,0,0.174603175,0,0.031746032,0,0.793650794,1,0,0.88,0.12,0,0
199,1,0,0,0,0,0.661016949,0.186440678,0.13559322,0.016949153,0,0,0,0,0,0.133333333,0,0.033333333,0,0.833333333,1,0,0.88,0.12,0,0
200,1,0,0,0,0,0.75,0.211538462,0.019230769,0.019230769,0,0,0,0,0,0.212121212,0,0.03030303,0,0.757575758,1,0.019607843,0.862745098,0.117647059,0,0
201,1,0,0,0,0,0.722222222,0.203703704,0.055555556,0.018518519,0,0,0,0,0,0.174603175,0,0.031746032,0,0.793650794,1,0.038461538,0.846153846,0.115384615,0,0
202,1,0,0,0,0,0.735849057,0.20754717,0.037735849,0.018867925,0,0,0,0,0,0.203125,0,0.015625,0,0.78125,1,0.019230769,0.846153846,0.115384615,0,0.019230769
203,1,0,0,0,0,0.709090909,0.2,0.072727273,0.018181818,0,0,0,0,0,0.15,0,0.016666667,0,0.833333333,1,0.055555556,0.814814815,0.111111111,0,0.018518519
204,0.95,0,0,0.05,0,0.709090909,0.2,0.072727273,0.018181818,0,0,0,0,0,0.038461538,0,0,0,0.961538462,1,0.147540984,0.721311475,0.098360656,0,0.032786885
205,1,0,0,0,0,1,0,0,0,0,0.612903226,0.177419355,0.209677419,0,0.037037037,0.796296296,0.037037037,0.111111111,0.018518519,1,0.038461538,0.019230769,0,0.942307692,0
206,1,0,0,0,0,0,0,0,0,0,0.609375,0.171875,0.21875,0,0.037735849,0.830188679,0.018867925,0.113207547,0,1,0.019230769,0,0,0.961538462,0.019230769
207,1,0,0,0,0,0.722222222,0.203703704,0.055555556,0.018518519,1,0,0,0,0,0.054545455,0.018181818,0.036363636,0,0.890909091,1,0.152542373,0.745762712,0.101694915,0,0
208,1,0,0,0,1,0,0,0,0,0,0.722222222,0.203703704,0.074074074,0,0.1875,0.6875,0.03125,0.09375,0,1,0,0.02,0,0.98,0
209,0.95,0,0,0.05,0,0,0,0,0,0,0.722222222,0.203703704,0.055555556,0.018518519,0.19047619,0.698412698,0.015873016,0.095238095,0,1,0,0,0,0.980392157,0.019607843
210,0.95,0,0,0.05,0,0,0,0,0,0,0.65,0.183333333,0.15,0.016666667,0.107142857,0.785714286,0,0.107142857,0,1,0,0,0,0.961538462,0.038461538
211,0.95,0,0,0.05,0,0,0,0,0,0,0.696428571,0.196428571,0.107142857,0,0.152542373,0.745762712,0,0.101694915,0,1,0.018867925,0,0,0.943396226,0.037735849
212,0.947368421,0,0,0.052631579,1,0,0,0,0,0,0.65,0.183333333,0.15,0.016666667,0.105263158,0.771929825,0.01754386,0.105263158,0,1,0,0,0.02,0.98,0
213,0.947368421,0,0,0.052631579,0,0.65,0.183333333,0.15,0.016666667,1,0,0,0,0,0.019607843,0,0,0.019607843,0.960784314,1,0.089285714,0.785714286,0.107142857,0,0.017857143
214,1,0,0,0,0,0,0,0,0,0,0.709090909,0.2,0.090909091,0,0.177419355,0.709677419,0.016129032,0.096774194,0,1,0.019230769,0,0,0.961538462,0.019230769
215,0.944444444,0,0,0.055555556,1,0,0,0,0,0,0.65,0.183333333,0.15,0.016666667,0.107142857,0.785714286,0,0.107142857,0,1,0,0,0.04,0.96,0
216,0.909090909,0,0,0.090909091,0,0.735849057,0.20754717,0.037735849,0.018867925,0.9,0,0,0,0.1,0,0.176470588,0.019607843,0,0.803921569,1,0.055555556,0.814814815,0.111111111,0,0.018518519
217,1,0,0,0,0,0.722222222,0.203703704,0.055555556,0.018518519,0.9,0,0,0.1,0,0,0.176470588,0.019607843,0,0.803921569,1,0.055555556,0.814814815,0.111111111,0,0.018518519
218,0.923076923,0,0,0.076923077,0,0.696428571,0.196428571,0.089285714,0.017857143,1,0,0,0,0,0.037037037,0.12962963,0.037037037,0,0.796296296,1,0.019607843,0.862745098,0.117647059,0,0
219,0.833333333,0,0.166666667,0,0,0.722222222,0.185185185,0.074074074,0.018518519,1,0,0,0,0,0,0.24,0,0.04,0.72,1,0,0.862745098,0.098039216,0.019607843,0.019607843
220,1,0,0,0,0,0.75,0.211538462,0.019230769,0.019230769,0,0,0,0,0,0.074074074,0,0,0,0.925925926,1,0.174603175,0.698412698,0.095238095,0,0.031746032
221,1,0,0,0,0,0.735849057,0.20754717,0.037735849,0.018867925,1,0,0,0,0,0.019607843,0,0,0.019607843,0.960784314,1,0.203125,0.6875,0.09375,0,0.015625
222,1,0,0,0,0,0.75,0.211538462,0.019230769,0.019230769,0.75,0,0,0.25,0,0,0.058823529,0.019607843,0,0.921568627,1,0.177419355,0.709677419,0.096774194,0,0.016129032
223,0.941176471,0,0,0.058823529,0,0.709090909,0.2,0.072727273,0.018181818,1,0,0,0,0,0,0.04,0,0.02,0.94,1,0.15,0.733333333,0.1,0,0.016666667
224,1,0,0,0,0,0.684210526,0.192982456,0.105263158,0.01754386,1,0,0,0,0,0.037037037,0.018518519,0.037037037,0,0.907407407,1,0.122807018,0.771929825,0.105263158,0,0
225,1,0,0,0,1,0,0,0,0,0,0.619047619,0.174603175,0.206349206,0,0.037735849,0.830188679,0.018867925,0.113207547,0,1,0.019607843,0.019607843,0.019607843,0.941176471,0
226,1,0,0,0,0,0,0,0,0,0,0.6,0.169230769,0.215384615,0.015384615,0.037735849,0.830188679,0.018867925,0.113207547,0,1,0,0,0,0.980392157,0.019607843
227,1,0,0,0,0,0.722222222,0.203703704,0.055555556,0.018518519,0.875,0,0,0.125,0,0.054545455,0.127272727,0.036363636,0,0.781818182,1,0.038461538,0.846153846,0.115384615,0,0
228,1,0,0,0,0,0.709090909,0.2,0.072727273,0.018181818,0.5,0,0,0.5,0,0.072727273,0.018181818,0.018181818,0,0.890909091,1,0.105263158,0.771929825,0.105263158,0,0.01754386
229,1,0,0,0,0,0.722222222,0.203703704,0.055555556,0.018518519,0.916666667,0,0,0,0.083333333,0,0.18,0,0.04,0.78,1,0.056603774,0.830188679,0.113207547,0,0
230,1,0,0,0,0,0.709090909,0.2,0.072727273,0.018181818,0.75,0,0,0.25,0,0.019607843,0.039215686,0,0.019607843,0.921568627,1,0.13559322,0.745762712,0.101694915,0,0.016949153
231,1,0,0,0,0,0.709090909,0.2,0.072727273,0.018181818,1,0,0,0,0,0.072727273,0.090909091,0.018181818,0.018181818,0.8,1,0.056603774,0.830188679,0.113207547,0,0
232,1,0,0,0,0,0.684210526,0.192982456,0.105263158,0.01754386,0.833333333,0,0,0.166666667,0,0.037037037,0.092592593,0.037037037,0,0.833333333,1,0.038461538,0.846153846,0.115384615,0,0
233,0.9375,0.0625,0,0,0,0.655172414,0.189655172,0.155172414,0,0.8,0,0,0.2,0,0.074074074,0.074074074,0,0,0.851851852,1,0,0.826923077,0.115384615,0.019230769,0.038461538
234,0.947368421,0,0,0.052631579,0,0.639344262,0.180327869,0.163934426,0.016393443,1,0,0,0,0,0.038461538,0.019230769,0,0,0.942307692,1,0.037037037,0.814814815,0.111111111,0,0.037037037
235,1,0,0,0,0,0.735849057,0.20754717,0.037735849,0.018867925,0,0,0,0,0,0,0,0.038461538,0,0.961538462,1,0.21875,0.6875,0.09375,0,0
236,1,0,0,0,0,0.730769231,0.211538462,0.057692308,0,0,1,0,0,0,0,0.019230769,0.038461538,0,0.942307692,1,0.21875,0.671875,0.09375,0.015625,0
237,1,0,0,0,0,0.672413793,0.189655172,0.120689655,0.017241379,0,0,0,0,0,0,0,0,0,1,1,0.147540984,0.721311475,0.098360656,0,0.032786885
238,1,0,0,0,0,0.684210526,0.192982456,0.105263158,0.01754386,0,0,0,0,0,0,0,0,0,1,1,0.161290323,0.709677419,0.096774194,0,0.032258065
239,1,0,0,0,0,0.65,0.183333333,0.15,0.016666667,0,0,0,0,0,0.037735849,0,0.018867925,0,0.943396226,1,0.089285714,0.785714286,0.107142857,0,0.017857143
240,1,0,0,0,0,0.709090909,0.2,0.072727273,0.018181818,1,0,0,0,0,0.13559322,0,0.016949153,0.016949153,0.830508475,1,0.074074074,0.814814815,0.111111111,0,0
241,1,0,0,0,0,0.696428571,0.196428571,0.089285714,0.017857143,0,0,0,0,0,0.056603774,0,0,0,0.943396226,1,0.133333333,0.733333333,0.1,0,0.033333333
242,0.95,0,0.05,0,0,0.684210526,0.175438596,0.122807018,0.01754386,0,0,0,0,0,0.089285714,0,0.017857143,0,0.892857143,1,0.071428571,0.785714286,0.089285714,0.017857143,0.035714286
243,1,0,0,0,0,0.639344262,0.180327869,0.163934426,0.016393443,1,0,0,0,0,0.072727273,0.018181818,0.018181818,0,0.890909091,1,0.019230769,0.846153846,0.115384615,0,0.019230769
244,1,0,0,0,0,0.609375,0.171875,0.203125,0.015625,0,0,0,0,0,0.037037037,0,0.037037037,0,0.925925926,1,0.019607843,0.862745098,0.117647059,0,0
245,0.95,0,0,0.05,0,0.629032258,0.177419355,0.177419355,0.016129032,0,0,0,0,0,0.074074074,0,0,0,0.925925926,1,0,0.846153846,0.115384615,0,0.038461538
246,1,0,0,0,0,0.661016949,0.186440678,0.13559322,0.016949153,1,0,0,0,0,0.122807018,0,0,0.01754386,0.859649123,1,0.019230769,0.846153846,0.115384615,0,0.019230769
247,1,0,0,0,0,0.709090909,0.2,0.072727273,0.018181818,0,0,0,0,0,0.174603175,0,0.031746032,0,0.793650794,1,0.019607843,0.862745098,0.117647059,0,0
248,0.95,0.05,0,0,0,0.745098039,0.196078431,0.039215686,0.019607843,0,0,0.5,0.5,0,0.15,0.016666667,0.016666667,0,0.816666667,1,0.089285714,0.75,0.107142857,0.035714286,0.017857143
249,1,0,0,0,0,0.629032258,0.177419355,0.177419355,0.016129032,0,0,0,0,0,0,0,0.038461538,0,0.961538462,1,0.090909091,0.8,0.109090909,0,0
250,1,0,0,0,0,0.629032258,0.177419355,0.177419355,0.016129032,0,0,0,0,0,0,0,0.038461538,0,0.961538462,1,0.090909091,0.8,0.109090909,0,0
251,0.95,0,0,0.05,0,0.65,0.183333333,0.15,0.016666667,0,0,0,0,0,0.054545455,0,0.036363636,0,0.909090909,1,0.056603774,0.830188679,0.113207547,0,0
252,0.947368421,0,0,0.052631579,0.017857143,0.678571429,0.196428571,0.089285714,0.017857143,0,1,0,0,0,0.103448276,0,0.034482759,0.017241379,0.844827586,1,0.056603774,0.849056604,0.094339623,0,0
253,1,0,0,0,0,0.722222222,0.203703704,0.055555556,0.018518519,1,0,0,0,0,0.152542373,0.033898305,0,0,0.813559322,1,0.037037037,0.814814815,0.111111111,0,0.037037037
254,1,0,0,0,0,0.722222222,0.203703704,0.055555556,0.018518519,0.857142857,0,0,0.142857143,0,0.090909091,0.109090909,0,0,0.8,1,0.018867925,0.830188679,0.113207547,0,0.037735849
255,1,0,0,0,0,0.709090909,0.2,0.072727273,0.018181818,0.875,0,0,0.125,0,0.071428571,0.125,0.035714286,0,0.767857143,1,0,0.88,0.12,0,0
256,1,0,0,0,0,0.65,0.183333333,0.15,0.016666667,0,0,0,0,0,0.118644068,0,0.033898305,0,0.847457627,1,0,0.88,0.12,0,0
257,1,0,0,0,0,0.639344262,0.180327869,0.163934426,0.016393443,0.5,0,0,0.5,0,0.019607843,0.019607843,0,0,0.960784314,1,0.054545455,0.8,0.109090909,0,0.036363636
258,1,0,0,0,0,0.696428571,0.196428571,0.089285714,0.017857143,0,0,0,0,0,0.090909091,0,0,0,0.909090909,1,0.103448276,0.75862069,0.103448276,0,0.034482759
259,1,0,0,0,0,0.661016949,0.186440678,0.13559322,0.016949153,1,0,0,0,0,0.090909091,0.018181818,0,0,0.890909091,1,0.037037037,0.814814815,0.111111111,0,0.037037037
260,1,0,0,0,0,0.722222222,0.203703704,0.055555556,0.018518519,1,0,0,0,0,0.054545455,0.018181818,0.036363636,0,0.890909091,1,0.152542373,0.745762712,0.101694915,0,0
261,1,0,0,0,0,0,0,0,0,0,0.65,0.183333333,0.15,0.016666667,0.118644068,0.745762712,0.033898305,0.101694915,0,1,0,0,0,1,0
262,1,0,0,0,0,0,0,0,0,0,0.639344262,0.180327869,0.180327869,0,0.090909091,0.8,0,0.109090909,0,1,0.018867925,0,0,0.943396226,0.037735849
263,0.947368421,0,0,0.052631579,0,1,0,0,0,0.016666667,0.633333333,0.183333333,0.15,0.016666667,0.089285714,0.803571429,0.017857143,0.089285714,0,1,0,0,0.019607843,0.960784314,0.019607843
264,1,0,0,0,0,0.696428571,0.196428571,0.089285714,0.017857143,1,0,0,0,0,0.118644068,0.033898305,0.033898305,0,0.813559322,1,0.038461538,0.846153846,0.115384615,0,0
265,0.95,0,0,0.05,0,0.696428571,0.196428571,0.089285714,0.017857143,0,0,0,0,0,0.018867925,0,0.037735849,0,0.943396226,1,0.152542373,0.745762712,0.101694915,0,0
266,1,0,0,0,0,0.672413793,0.189655172,0.120689655,0.017241379,0,0,0,0,0,0.054545455,0,0.036363636,0,0.909090909,1,0.107142857,0.785714286,0.107142857,0,0
267,1,0,0,0,0,0.639344262,0.180327869,0.163934426,0.016393443,0,0,0,0,0,0.071428571,0,0.035714286,0,0.892857143,1,0.038461538,0.846153846,0.115384615,0,0
268,1,0,0,0,0,0.735849057,0.20754717,0.037735849,0.018867925,0,0,0,0,0,0.163934426,0,0.016393443,0,0.819672131,1,0.072727273,0.8,0.109090909,0,0.018181818
269,1,0,0,0,0,0.735849057,0.20754717,0.037735849,0.018867925,0,0,0,0,0,0.147540984,0,0.032786885,0,0.819672131,1,0.090909091,0.8,0.109090909,0,0
270,1,0,0,0,0,0.672413793,0.189655172,0.120689655,0.017241379,0,0,0,0,0,0.072727273,0,0.018181818,0,0.909090909,1,0.089285714,0.785714286,0.107142857,0,0.017857143
271,1,0,0,0,0,0.709090909,0.2,0.072727273,0.018181818,1,0,0,0,0,0.038461538,0.019230769,0,0.019230769,0.923076923,1,0.15,0.733333333,0.1,0,0.016666667
272,1,0,0,0,0,0.722222222,0.203703704,0.055555556,0.018518519,0.928571429,0,0,0,0.071428571,0,0.22,0,0.04,0.74,1,0.019607843,0.862745098,0.117647059,0,0
273,1,0,0,0,0,0.696428571,0.196428571,0.089285714,0.017857143,1,0,0,0,0,0,0.192307692,0.038461538,0,0.769230769,1,0.019607843,0.862745098,0.117647059,0,0
274,1,0,0,0,0,0.609375,0.171875,0.203125,0.015625,0,0,0,0,0,0.019607843,0,0,0,0.980392157,1,0.037037037,0.814814815,0.111111111,0,0.037037037
275,0.95,0,0,0.05,0,0.65,0.183333333,0.15,0.016666667,0,0,0,0,0,0.090909091,0,0,0,0.909090909,1,0.018867925,0.830188679,0.113207547,0,0.037735849
276,1,0,0,0,0,0.619047619,0.174603175,0.19047619,0.015873016,0,0,0,0,0,0.018867925,0,0.037735849,0,0.943396226,1,0.056603774,0.830188679,0.113207547,0,0
277,1,0,0,0,0,0.639344262,0.180327869,0.163934426,0.016393443,1,0,0,0,0,0.037037037,0.055555556,0.037037037,0,0.87037037,1,0.019607843,0.862745098,0.117647059,0,0
278,1,0,0,0,0,0.696428571,0.196428571,0.089285714,0.017857143,1,0,0,0,0,0.074074074,0.018518519,0,0,0.907407407,1,0.103448276,0.75862069,0.103448276,0,0.034482759
279,1,0,0,0,0,0,0,0,0,0,0.661016949,0.186440678,0.13559322,0.016949153,0.137931034,0.75862069,0,0.103448276,0,1,0,0,0,0.961538462,0.038461538
280,1,0,0,0,0,0.722222222,0.203703704,0.055555556,0.018518519,1,0,0,0,0,0.163934426,0.016393443,0.016393443,0.016393443,0.786885246,1,0.038461538,0.846153846,0.115384615,0,0
281,1,0,0,0,0,0,0,0,0,0,0.639344262,0.180327869,0.180327869,0,0.089285714,0.785714286,0.017857143,0.107142857,0,1,0.019230769,0,0,0.961538462,0.019230769
282,1,0,0,0,0,0,0,0,0,0,0.639344262,0.180327869,0.163934426,0.016393443,0.107142857,0.785714286,0,0.107142857,0,1,0,0,0,0.961538462,0.038461538
283,1,0,0,0,0,0,0,0,0,0,0.629032258,0.177419355,0.193548387,0,0.074074074,0.814814815,0,0.111111111,0,1,0.018867925,0,0,0.943396226,0.037735849
284,1,0,0,0,0,0,0,0,0,0,0.629032258,0.177419355,0.177419355,0.016129032,0.090909091,0.8,0,0.109090909,0,1,0,0,0,0.961538462,0.038461538
285,0.947368421,0,0,0.052631579,1,0,0,0,0,0,0.639344262,0.180327869,0.163934426,0.016393443,0.074074074,0.814814815,0,0.111111111,0,1,0,0,0.019230769,0.942307692,0.038461538
286,1,0,0,0,0,0.684210526,0.192982456,0.105263158,0.01754386,1,0,0,0,0,0.055555556,0.12962963,0.018518519,0,0.796296296,1,0,0.862745098,0.117647059,0,0.019607843
287,1,0,0,0,0,0.75,0.211538462,0.019230769,0.019230769,0,0,0,0,0,0.177419355,0,0.016129032,0,0.806451613,1,0.072727273,0.8,0.109090909,0,0.018181818
288,1,0,0,0,0,0.709090909,0.2,0.072727273,0.018181818,0,0,0,0,0,0.133333333,0,0.033333333,0,0.833333333,1,0.074074074,0.814814815,0.111111111,0,0
289,0.944444444,0,0,0.055555556,0,0.696428571,0.196428571,0.089285714,0.017857143,0.666666667,0,0,0.333333333,0,0.120689655,0.017241379,0.017241379,0.017241379,0.827586207,1,0.019607843,0.862745098,0.117647059,0,0
290,0.95,0.05,0,0,0,0,0,0,0,0,0.655172414,0.189655172,0.155172414,0,0.107142857,0.785714286,0,0.089285714,0.017857143,1,0.036363636,0,0,0.909090909,0.054545455
291,1,0,0,0,0,0,0,0,0,0,0.65,0.183333333,0.166666667,0,0.089285714,0.785714286,0.017857143,0.107142857,0,1,0.037735849,0,0,0.943396226,0.018867925
292,1,0,0,0,0,0.722222222,0.203703704,0.055555556,0.018518519,1,0,0,0,0,0.054545455,0.036363636,0.036363636,0,0.872727273,1,0.137931034,0.75862069,0.103448276,0,0
293,1,0,0,0,0,0.75,0.192307692,0.038461538,0.019230769,0.866666667,0,0.066666667,0.066666667,0,0.038461538,0.230769231,0,0.038461538,0.692307692,1,0,0.86,0.12,0.02,0
294,1,0,0,0,0.018867925,0.716981132,0.20754717,0.056603774,0,0.785714286,0.071428571,0,0.142857143,0,0.019607843,0.215686275,0,0.019607843,0.745098039,1,0,0.862745098,0.117647059,0,0.019607843
295,0.928571429,0,0,0.071428571,0,0.722222222,0.203703704,0.055555556,0.018518519,0.857142857,0,0,0,0.142857143,0,0.12,0,0,0.88,1,0.087719298,0.771929825,0.105263158,0,0.035087719
296,1,0,0,0,0,0,0,0,0,0,0.735849057,0.20754717,0.056603774,0,0.203125,0.6875,0.015625,0.09375,0,1,0.019230769,0,0,0.961538462,0.019230769
297,0.95,0,0,0.05,0,0,0,0,0,0,0.709090909,0.2,0.072727273,0.018181818,0.174603175,0.698412698,0.031746032,0.095238095,0,1,0,0,0,1,0
298,0.95,0,0,0.05,0,0,0,0,0,0,0.661016949,0.186440678,0.152542373,0,0.103448276,0.75862069,0.034482759,0.103448276,0,1,0.019607843,0,0,0.980392157,0
299,1,0,0,0,0,0,0,0,0,0,0.709090909,0.2,0.072727273,0.018181818,0.177419355,0.709677419,0.016129032,0.096774194,0,1,0,0,0,0.961538462,0.038461538
300,1,0,0,0,0,0,0,0,0,0,0.735849057,0.20754717,0.056603774,0,0.180327869,0.721311475,0,0.098360656,0,1,0.036363636,0,0,0.909090909,0.054545455
301,1,0,0,0,0,0,0,0,0,0,0.639344262,0.180327869,0.163934426,0.016393443,0.103448276,0.75862069,0.034482759,0.103448276,0,1,0,0,0,1,0
302,0.947368421,0,0,0.052631579,1,0,0,0,0,0,0.696428571,0.196428571,0.089285714,0.017857143,0.15,0.733333333,0.016666667,0.1,0,1,0,0,0.019607843,0.960784314,0.019607843
303,1,0,0,0,0,0,0,0,0,0,0.65,0.183333333,0.15,0.016666667,0.120689655,0.75862069,0.017241379,0.103448276,0,1,0,0,0,0.980392157,0.019607843
304,1,0,0,0,0,0,0,0,0,0,0.639344262,0.180327869,0.180327869,0,0.074074074,0.814814815,0,0.111111111,0,1,0.018518519,0,0,0.925925926,0.055555556
305,1,0,0,0,0,0,0,0,0,0,0.661016949,0.186440678,0.13559322,0.016949153,0.13559322,0.745762712,0.016949153,0.101694915,0,1,0,0,0,0.980392157,0.019607843
306,1,0,0,0,0,0,0,0,0,0,0.629032258,0.177419355,0.193548387,0,0.071428571,0.785714286,0.035714286,0.107142857,0,1,0.019607843,0,0,0.980392157,0
307,1,0,0,0,0,0,0,0,0,0,0.609375,0.171875,0.21875,0,0.037735849,0.830188679,0.018867925,0.113207547,0,1,0.019230769,0,0,0.961538462,0.019230769
308,1,0,0,0,0,0,0,0,0,0,0.6,0.169230769,0.230769231,0,0,0.88,0,0.12,0,1,0.037037037,0,0,0.925925926,0.037037037
309,0.95,0,0,0.05,0,0,0,0,0,0,0.609375,0.171875,0.21875,0,0,0.88,0,0.12,0,1,0.037037037,0,0,0.925925926,0.037037037
310,1,0,0,0,0,0,0,0,0,0,0.639344262,0.180327869,0.180327869,0,0.087719298,0.771929825,0.035087719,0.105263158,0,1,0.019607843,0,0,0.980392157,0
311,1,0,0,0,1,0,0,0,0,0,0.639344262,0.180327869,0.180327869,0,0.090909091,0.8,0,0.109090909,0,1,0,0.019230769,0,0.942307692,0.038461538
312,0.947368421,0,0,0.052631579,1,0,0,0,0,0,0.65,0.183333333,0.166666667,0,0.090909091,0.8,0,0.109090909,0,1,0,0.019230769,0,0.942307692,0.038461538
313,0.95,0,0,0.05,0,0,0,0,0,0,0.696428571,0.196428571,0.107142857,0,0.137931034,0.75862069,0,0.103448276,0,1,0.018518519,0,0,0.925925926,0.055555556
314,1,0,0,0,1,0,0,0,0,0,0.672413793,0.189655172,0.137931034,0,0.122807018,0.771929825,0,0.105263158,0,1,0.018867925,0,0.018867925,0.924528302,0.037735849
315,1,0,0,0,0,0,0,0,0,0,0.661016949,0.186440678,0.152542373,0,0.107142857,0.785714286,0,0.107142857,0,1,0.018518519,0,0,0.925925926,0.055555556
316,1,0,0,0,1,0,0,0,0,0,0.696428571,0.196428571,0.107142857,0,0.137931034,0.75862069,0,0.103448276,0,1,0.037037037,0,0.018518519,0.907407407,0.037037037
317,1,0,0,0,1,0,0,0,0,0,0.75,0.211538462,0.038461538,0,0.215384615,0.676923077,0.015384615,0.092307692,0,1,0,0.02,0.02,0.96,0
318,1,0,0,0,1,0,0,0,0,0,0.735849057,0.20754717,0.056603774,0,0.174603175,0.698412698,0.031746032,0.095238095,0,1,0.019230769,0.019230769,0,0.942307692,0.019230769
319,1,0,0,0,0,0,0,0,0,0,0.619047619,0.174603175,0.19047619,0.015873016,0.072727273,0.8,0.018181818,0.109090909,0,1,0,0,0,0.980392157,0.019607843
320,0.904761905,0,0,0.095238095,0,0.65,0.183333333,0.15,0.016666667,0,0,0,0,0,0.072727273,0,0.018181818,0,0.909090909,1,0.019230769,0.846153846,0.115384615,0,0.019230769
321,1,0,0,0,0,0.661016949,0.186440678,0.13559322,0.016949153,1,0,0,0,0,0.019230769,0.019230769,0.019230769,0.019230769,0.923076923,1,0.107142857,0.785714286,0.107142857,0,0
322,0.947368421,0,0.052631579,0,0,0.722222222,0.185185185,0.074074074,0.018518519,0.5,0,0,0,0.5,0.070175439,0.01754386,0.052631579,0,0.859649123,1,0.107142857,0.785714286,0.089285714,0.017857143,0
323,1,0,0,0,0,0.65,0.166666667,0.166666667,0.016666667,0,0,0.5,0.5,0,0.019230769,0.019230769,0.019230769,0,0.942307692,1,0.072727273,0.781818182,0.109090909,0.018181818,0.018181818
324,0.947368421,0,0,0.052631579,0,0.661016949,0.186440678,0.13559322,0.016949153,1,0,0,0,0,0.071428571,0.017857143,0.035714286,0,0.875,1,0.038461538,0.846153846,0.115384615,0,0
325,1,0,0,0,0,0.639344262,0.180327869,0.163934426,0.016393443,1,0,0,0,0,0,0,0,0.02,0.98,1,0.105263158,0.771929825,0.105263158,0,0.01754386
326,1,0,0,0,1,0,0,0,0,0,0.609375,0.171875,0.21875,0,0.019230769,0.846153846,0.019230769,0.115384615,0,1,0,0.039215686,0,0.941176471,0.019607843
327,1,0,0,0,1,0,0,0,0,0,0.609375,0.171875,0.21875,0,0,0.88,0,0.12,0,1,0.038461538,0,0.057692308,0.903846154,0
328,1,0,0,0,0,0,0,0,0,0,0.609375,0.171875,0.21875,0,0.037037037,0.814814815,0.037037037,0.111111111,0,1,0.019607843,0,0,0.980392157,0
329,1,0,0,0,0,0,0,0,0,0,0.661016949,0.186440678,0.152542373,0,0.105263158,0.771929825,0.01754386,0.105263158,0,1,0.018867925,0,0,0.943396226,0.037735849
330,1,0,0,0,0,0,0,0,0,0,0.629032258,0.177419355,0.177419355,0.016129032,0.072727273,0.8,0.018181818,0.109090909,0,1,0,0,0,0.961538462,0.038461538
331,1,0,0,0,0,0,0,0,0,0,0.629032258,0.177419355,0.193548387,0,0.072727273,0.8,0.018181818,0.109090909,0,1,0.019230769,0,0,0.961538462,0.019230769
332,0.95,0,0,0.05,0,0.684210526,0.192982456,0.105263158,0.01754386,0,0,0,0,0,0.071428571,0,0.035714286,0,0.892857143,1,0.090909091,0.8,0.109090909,0,0
333,0.944444444,0,0,0.055555556,0,0.696428571,0.196428571,0.089285714,0.017857143,1,0,0,0,0,0.054545455,0.036363636,0.036363636,0,0.872727273,1,0.090909091,0.8,0.109090909,0,0
334,1,0,0,0,0,0.65,0.183333333,0.15,0.016666667,1,0,0,0,0,0.056603774,0.018867925,0,0.018867925,0.905660377,1,0.055555556,0.814814815,0.111111111,0,0.018518519
335,1,0,0,0,0,0.735849057,0.20754717,0.037735849,0.018867925,0.714285714,0,0,0.285714286,0,0.037037037,0.092592593,0.037037037,0,0.833333333,1,0.090909091,0.8,0.109090909,0,0
336,1,0,0,0,0,0.722222222,0.203703704,0.055555556,0.018518519,0,0,0,0,0,0.147540984,0,0.032786885,0,0.819672131,1,0.074074074,0.814814815,0.111111111,0,0
337,0.95,0,0,0.05,0,0.735849057,0.20754717,0.037735849,0.018867925,0,0,0,0,0,0.206349206,0,0,0,0.793650794,1,0,0.846153846,0.115384615,0,0.038461538
338,1,0,0,0,0,0.722222222,0.203703704,0.055555556,0.018518519,1,0,0,0,0,0.193548387,0.016129032,0,0,0.790322581,1,0,0.846153846,0.115384615,0,0.038461538
339,1,0,0,0,0,0.672413793,0.189655172,0.120689655,0.017241379,1,0,0,0,0,0.120689655,0,0.017241379,0.017241379,0.844827586,1,0.038461538,0.846153846,0.115384615,0,0
340,1,0,0,0,0,0,0,0,0,0,0.78,0.22,0,0,0.223880597,0.656716418,0.029850746,0.089552239,0,1,0.019230769,0,0,0.961538462,0.019230769
341,1,0,0,0,0,0,0,0,0,0,0.735849057,0.20754717,0.056603774,0,0.203125,0.6875,0.015625,0.09375,0,1,0.019230769,0,0,0.961538462,0.019230769
342,1,0,0,0,1,0,0,0,0,0,0.75,0.211538462,0.038461538,0,0.206349206,0.698412698,0,0.095238095,0,1,0.037735849,0,0.018867925,0.924528302,0.018867925
343,0.947368421,0,0,0.052631579,0,0.722222222,0.203703704,0.055555556,0.018518519,1,0,0,0,0,0.090909091,0.018181818,0,0,0.890909091,1,0.103448276,0.75862069,0.103448276,0,0.034482759
344,1,0,0,0,0,0.672413793,0.189655172,0.120689655,0.017241379,1,0,0,0,0,0.038461538,0.057692308,0,0.038461538,0.865384615,1,0.074074074,0.814814815,0.111111111,0,0
345,1,0,0,0,0,0.735849057,0.20754717,0.037735849,0.018867925,0,0,0,0,0,0.147540984,0,0.032786885,0,0.819672131,1,0.090909091,0.8,0.109090909,0,0
346,1,0,0,0,0,0.709090909,0.2,0.072727273,0.018181818,0,0,0,0,0,0.1875,0,0.03125,0,0.78125,1,0,0.88,0.12,0,0
347,1,0,0,0,0,0.672413793,0.172413793,0.137931034,0.017241379,0.5,0,0.5,0,0,0.122807018,0.01754386,0,0.01754386,0.842105263,1,0,0.846153846,0.096153846,0.019230769,0.038461538
348,0.95,0,0,0.05,0,0.672413793,0.189655172,0.120689655,0.017241379,0,0,0,0,0,0.071428571,0,0.035714286,0,0.892857143,1,0.074074074,0.814814815,0.111111111,0,0
349,1,0,0,0,0,0.684210526,0.192982456,0.105263158,0.01754386,1,0,0,0,0,0.089285714,0.017857143,0.017857143,0,0.875,1,0.072727273,0.8,0.109090909,0,0.018181818
350,1,0,0,0,0,0.735849057,0.20754717,0.037735849,0.018867925,0.8,0,0,0.2,0,0.107142857,0.071428571,0,0,0.821428571,1,0.054545455,0.8,0.109090909,0,0.036363636
351,0.9,0,0,0.1,0,1,0,0,0,0.018181818,0.690909091,0.2,0.090909091,0,0.122807018,0.771929825,0,0.105263158,0,1,0.018518519,0.018518519,0,0.907407407,0.055555556
352,1,0,0,0,0,0,0,0,0,0,0.65,0.183333333,0.166666667,0,0.087719298,0.771929825,0.035087719,0.105263158,0,1,0.019230769,0,0,0.961538462,0.019230769
353,1,0,0,0,0,0,0,0,0,0,0.639344262,0.180327869,0.180327869,0,0.087719298,0.771929825,0.035087719,0.105263158,0,1,0.019607843,0,0,0.980392157,0
354,1,0,0,0,0,0,0,0,0,0,0.619047619,0.174603175,0.206349206,0,0.056603774,0.830188679,0,0.113207547,0,1,0.018867925,0,0,0.943396226,0.037735849
355,0.95,0,0,0.05,0,0.65,0.183333333,0.15,0.016666667,0,0,0,0,0,0.072727273,0,0.018181818,0,0.909090909,1,0.037735849,0.830188679,0.113207547,0,0.018867925
356,0.95,0,0,0.05,0,0,0,0,0,0,0.639344262,0.180327869,0.180327869,0,0.054545455,0.8,0.036363636,0.109090909,0,1,0.038461538,0,0,0.961538462,0
357,1,0,0,0,0,0.709090909,0.2,0.072727273,0.018181818,1,0,0,0,0,0.019607843,0.156862745,0,0.019607843,0.803921569,1,0.055555556,0.814814815,0.111111111,0,0.018518519
358,1,0,0,0,0,0.75,0.211538462,0.019230769,0.019230769,0.833333333,0,0,0,0.166666667,0,0.2,0,0,0.8,1,0.054545455,0.8,0.109090909,0,0.036363636
359,0.947368421,0,0.052631579,0,0.016666667,0.65,0.166666667,0.133333333,0.033333333,0,0,0,0,0,0.074074074,0,0,0,0.925925926,1,0.054545455,0.8,0.109090909,0,0.036363636
360,1,0,0,0,0,0.75,0.211538462,0.019230769,0.019230769,1,0,0,0,0,0.122807018,0.087719298,0,0.035087719,0.754385965,1,0.056603774,0.830188679,0.113207547,0,0
361,0.904761905,0,0,0.095238095,0,0,0,0,0,0,0.629032258,0.177419355,0.193548387,0,0.019607843,0.862745098,0,0.117647059,0,1,0.037037037,0,0,0.925925926,0.037037037
362,0.95,0,0,0.05,0,0,0,0,0,0,0.639344262,0.180327869,0.180327869,0,0.055555556,0.814814815,0.018518519,0.111111111,0,1,0.037735849,0,0,0.943396226,0.018867925
363,1,0,0,0,1,0,0,0,0,0,0.661016949,0.186440678,0.152542373,0,0.107142857,0.785714286,0,0.107142857,0,1,0,0.019607843,0.039215686,0.921568627,0.019607843
364,0.947368421,0,0,0.052631579,1,0,0,0,0,0,0.684210526,0.192982456,0.122807018,0,0.13559322,0.745762712,0.016949153,0.101694915,0,1,0.019607843,0,0.019607843,0.960784314,0
365,0.95,0,0,0.05,0,0.684210526,0.192982456,0.105263158,0.01754386,0,0,0,0,0,0.090909091,0,0,0,0.909090909,1,0.071428571,0.785714286,0.107142857,0,0.035714286
366,1,0,0,0,0,0.722222222,0.203703704,0.055555556,0.018518519,0.5,0,0,0.5,0,0.166666667,0.016666667,0,0,0.816666667,1,0.018867925,0.830188679,0.113207547,0,0.037735849
367,0.947368421,0,0,0.052631579,0,0.75,0.211538462,0.019230769,0.019230769,1,0,0,0,0,0.13559322,0.016949153,0.016949153,0,0.830508475,1,0.089285714,0.785714286,0.107142857,0,0.017857143
368,0.947368421,0,0,0.052631579,0,0.684210526,0.192982456,0.105263158,0.01754386,1,0,0,0,0,0.090909091,0,0,0.018181818,0.890909091,1,0.072727273,0.8,0.109090909,0,0.018181818
369,1,0,0,0,0,0.696428571,0.196428571,0.089285714,0.017857143,0.5,0,0,0.5,0,0.054545455,0.018181818,0.036363636,0,0.890909091,1,0.107142857,0.785714286,0.107142857,0,0
370,1,0,0,0,0,0.709090909,0.2,0.072727273,0.018181818,0.666666667,0,0,0.333333333,0,0.13559322,0.016949153,0.016949153,0.016949153,0.813559322,1,0.038461538,0.846153846,0.115384615,0,0
371,1,0,0,0,0,0.684210526,0.192982456,0.105263158,0.01754386,0,0,0,0,0,0.15,0,0.016666667,0,0.833333333,1,0.019230769,0.846153846,0.115384615,0,0.019230769
372,0.95,0,0,0.05,0,0.709090909,0.2,0.072727273,0.018181818,0,0,0,0,0,0.147540984,0,0.032786885,0,0.819672131,1,0.038461538,0.846153846,0.115384615,0,0
373,1,0,0,0,0,0,0,0,0,0,0.709090909,0.2,0.090909091,0,0.166666667,0.733333333,0,0.1,0,1,0.037037037,0,0,0.925925926,0.037037037
374,0.95,0,0,0.05,0,0,0,0,0,0,0.684210526,0.192982456,0.122807018,0,0.133333333,0.733333333,0.033333333,0.1,0,1,0.019607843,0,0,0.980392157,0
375,0.904761905,0,0,0.095238095,0,0,0,0,0,0,0.639344262,0.180327869,0.163934426,0.016393443,0.074074074,0.814814815,0,0.111111111,0,1,0,0,0,0.961538462,0.038461538
376,0.95,0,0,0.05,0,0,0,0,0,0,0.619047619,0.174603175,0.19047619,0.015873016,0.055555556,0.814814815,0.018518519,0.111111111,0,1,0,0,0,0.980392157,0.019607843
377,1,0,0,0,0,0,0,0,0,0,0.629032258,0.177419355,0.177419355,0.016129032,0.072727273,0.8,0.018181818,0.109090909,0,1,0,0,0,0.961538462,0.038461538
378,1,0,0,0,1,0,0,0,0,0,0.609375,0.171875,0.21875,0,0.019607843,0.862745098,0,0.117647059,0,1,0.038461538,0,0.038461538,0.923076923,0
379,1,0,0,0,0,0,0,0,0,0,0.629032258,0.177419355,0.193548387,0,0.054545455,0.8,0.036363636,0.109090909,0,1,0.019230769,0,0,0.961538462,0.019230769
380,0.947368421,0,0,0.052631579,1,0,0,0,0,0,0.672413793,0.189655172,0.137931034,0,0.107142857,0.785714286,0,0.107142857,0,1,0,0.018867925,0,0.924528302,0.056603774
381,0.95,0,0,0.05,0,0,0,0,0,0,0.629032258,0.177419355,0.177419355,0.016129032,0.056603774,0.830188679,0,0.113207547,0,1,0.018867925,0,0,0.943396226,0.037735849
382,0.9,0,0.05,0.05,0.016393443,0.639344262,0.163934426,0.147540984,0.032786885,0,0,0,0,0,0.071428571,0,0.035714286,0,0.892857143,1,0.019607843,0.862745098,0.117647059,0,0
383,0.904761905,0,0,0.095238095,0,0.629032258,0.177419355,0.177419355,0.016129032,0,0,0,0,0,0.019230769,0,0.019230769,0,0.961538462,1,0.037735849,0.830188679,0.113207547,0,0.018867925
384,1,0,0,0,0,0.672413793,0.189655172,0.120689655,0.017241379,0.5,0,0,0.5,0,0.090909091,0.018181818,0,0,0.890909091,1,0.037037037,0.814814815,0.111111111,0,0.037037037
385,0.947368421,0,0,0.052631579,0,0.639344262,0.180327869,0.163934426,0.016393443,0.5,0,0,0.5,0,0.037735849,0.018867925,0.018867925,0,0.924528302,1,0.019230769,0.846153846,0.115384615,0,0.019230769
386,0.95,0,0,0.05,0,0.672413793,0.189655172,0.120689655,0.017241379,0,0,0,0,0,0.089285714,0,0.017857143,0,0.892857143,1,0.055555556,0.814814815,0.111111111,0,0.018518519
387,1,0,0,0,0,0,0,0,0,0,0.696428571,0.196428571,0.107142857,0,0.137931034,0.75862069,0,0.103448276,0,1,0.036363636,0,0,0.909090909,0.054545455
388,0.9,0,0,0.1,0,0.722222222,0.203703704,0.055555556,0.018518519,0.909090909,0,0,0,0.090909091,0.019607843,0.196078431,0,0,0.784313725,1,0,0.846153846,0.115384615,0,0.038461538
389,0.95,0,0,0.05,0,0,0,0,0,0,0.639344262,0.180327869,0.163934426,0.016393443,0.087719298,0.771929825,0.035087719,0.105263158,0,1,0,0,0,1,0
390,0.904761905,0,0,0.095238095,0,0,0,0,0,0,0.684210526,0.192982456,0.105263158,0.01754386,0.133333333,0.733333333,0.033333333,0.1,0,1,0,0,0,1,0
391,0.9,0.05,0,0.05,0.018867925,0.716981132,0.20754717,0.037735849,0.018867925,0,0,0,0,0,0.070175439,0,0.052631579,0,0.877192982,1,0.137931034,0.75862069,0.103448276,0,0
392,1,0,0,0,0,0.722222222,0.203703704,0.055555556,0.018518519,0.666666667,0,0,0,0.333333333,0.037735849,0.018867925,0.018867925,0.018867925,0.905660377,1,0.152542373,0.745762712,0.101694915,0,0
393,1,0,0,0,0,0.672413793,0.189655172,0.120689655,0.017241379,1,0,0,0,0,0.038461538,0.115384615,0,0.019230769,0.826923077,1,0.019230769,0.846153846,0.115384615,0,0.019230769
394,0.944444444,0,0,0.055555556,0,0.684210526,0.192982456,0.105263158,0.01754386,1,0,0,0,0,0.074074074,0,0,0.037037037,0.888888889,1,0.090909091,0.8,0.109090909,0,0
395,0.904761905,0,0,0.095238095,0,0.735849057,0.20754717,0.037735849,0.018867925,0,0,0,0,0,0.177419355,0,0.016129032,0,0.806451613,1,0.019230769,0.846153846,0.115384615,0,0.019230769
396,1,0,0,0,0,0.722222222,0.203703704,0.055555556,0.018518519,0.5,0,0,0.5,0,0.105263158,0.01754386,0.01754386,0,0.859649123,1,0.089285714,0.785714286,0.107142857,0,0.017857143
397,0.941176471,0,0,0.058823529,0,0.735849057,0.20754717,0.037735849,0.018867925,1,0,0,0,0,0.152542373,0.033898305,0,0.016949153,0.796610169,1,0.037735849,0.830188679,0.113207547,0,0.018867925
398,1,0,0,0,0,0.661016949,0.186440678,0.13559322,0.016949153,0,0,0,0,0,0.090909091,0,0,0,0.909090909,1,0.054545455,0.8,0.109090909,0,0.036363636
399,1,0,0,0,0,0.639344262,0.180327869,0.163934426,0.016393443,0,0,0,0,0,0.056603774,0,0,0,0.943396226,1,0.054545455,0.8,0.109090909,0,0.036363636
400,1,0,0,0,0,0.661016949,0.186440678,0.13559322,0.016949153,0,0,0,0,0,0,0,0.019607843,0,0.980392157,1,0.13559322,0.745762712,0.101694915,0,0.016949153
401,1,0,0,0,0,0.722222222,0.203703704,0.055555556,0.018518519,0.666666667,0,0,0,0.333333333,0.166666667,0.033333333,0,0,0.8,1,0,0.846153846,0.115384615,0,0.038461538
402,0.894736842,0,0,0.105263158,0,0.709090909,0.2,0.072727273,0.018181818,1,0,0,0,0,0.152542373,0,0,0.033898305,0.813559322,1,0.019607843,0.862745098,0.117647059,0,0
403,1,0,0,0,0,0.672413793,0.189655172,0.120689655,0.017241379,0,0,0,0,0,0.089285714,0,0.017857143,0,0.892857143,1,0.072727273,0.8,0.109090909,0,0.018181818
404,1,0,0,0,0,0.722222222,0.203703704,0.055555556,0.018518519,0,0,0,0,0,0.089285714,0,0.017857143,0,0.892857143,1,0.13559322,0.745762712,0.101694915,0,0.016949153
405,1,0,0,0,0,0.722222222,0.203703704,0.055555556,0.018518519,1,0,0,0,0,0.120689655,0.017241379,0.017241379,0,0.844827586,1,0.089285714,0.785714286,0.107142857,0,0.017857143
406,0.95,0,0,0.05,0,0.639344262,0.180327869,0.163934426,0.016393443,0,0,0,0,0,0.072727273,0,0.018181818,0,0.909090909,1,0.019230769,0.846153846,0.115384615,0,0.019230769
407,0.944444444,0,0,0.055555556,0.015873016,0.603174603,0.174603175,0.19047619,0.015873016,0.5,0.5,0,0,0,0.037735849,0.037735849,0.018867925,0,0.905660377,1,0,0.86,0.14,0,0
408,1,0,0,0,0,0.65,0.183333333,0.15,0.016666667,1,0,0,0,0,0.120689655,0,0.017241379,0.017241379,0.844827586,1,0,0.88,0.12,0,0
409,0.95,0,0,0.05,0,0.735849057,0.20754717,0.037735849,0.018867925,0,0,0,0,0,0.122807018,0,0,0,0.877192982,1,0.103448276,0.75862069,0.103448276,0,0.034482759
410,1,0,0,0,0,0.722222222,0.203703704,0.055555556,0.018518519,1,0,0,0,0,0.072727273,0.090909091,0.018181818,0,0.818181818,1,0.072727273,0.8,0.109090909,0,0.018181818
411,0.944444444,0,0,0.055555556,0,0.722222222,0.203703704,0.055555556,0.018518519,1,0,0,0,0,0.152542373,0.033898305,0,0,0.813559322,1,0.018867925,0.830188679,0.113207547,0,0.037735849
412,1,0,0,0,0,0.722222222,0.203703704,0.055555556,0.018518519,0.666666667,0,0,0,0.333333333,0.122807018,0.035087719,0,0,0.842105263,1,0.054545455,0.8,0.109090909,0,0.036363636
413,0.95,0,0,0.05,0,0.696428571,0.196428571,0.089285714,0.017857143,0,0,0,0,0,0.118644068,0,0.033898305,0,0.847457627,1,0.056603774,0.830188679,0.113207547,0,0
414,1,0,0,0,0,0.709090909,0.2,0.072727273,0.018181818,0.5,0,0,0.5,0,0.071428571,0.017857143,0.035714286,0,0.875,1,0.107142857,0.785714286,0.107142857,0,0
415,0.944444444,0,0.055555556,0,0.017857143,0.696428571,0.178571429,0.071428571,0.035714286,1,0,0,0,0,0.107142857,0,0,0.017857143,0.875,1,0.089285714,0.785714286,0.107142857,0,0.017857143
416,1,0,0,0,0,0.722222222,0.203703704,0.055555556,0.018518519,0,0,0,0,0,0.152542373,0,0,0,0.847457627,1,0.071428571,0.785714286,0.107142857,0,0.035714286
417,1,0,0,0,0,0.722222222,0.203703704,0.055555556,0.018518519,1,0,0,0,0,0.13559322,0.016949153,0.016949153,0.016949153,0.813559322,1,0.074074074,0.814814815,0.111111111,0,0
418,1,0,0,0,0,0.684210526,0.192982456,0.105263158,0.01754386,0.666666667,0,0,0,0.333333333,0.13559322,0.016949153,0.016949153,0.016949153,0.813559322,1,0,0.88,0.12,0,0
419,1,0,0,0,0,0.709090909,0.2,0.072727273,0.018181818,1,0,0,0,0,0.193548387,0,0,0.016129032,0.790322581,1,0,0.862745098,0.117647059,0,0.019607843
420,1,0,0,0,0,0.735849057,0.20754717,0.037735849,0.018867925,1,0,0,0,0,0.166666667,0.033333333,0,0,0.8,1,0.037037037,0.814814815,0.111111111,0,0.037037037
421,1,0,0,0,0,0.696428571,0.196428571,0.089285714,0.017857143,0.666666667,0,0,0.333333333,0,0.037735849,0.037735849,0.018867925,0,0.905660377,1,0.105263158,0.771929825,0.105263158,0,0.01754386
422,1,0,0,0,0,0.735849057,0.20754717,0.037735849,0.018867925,1,0,0,0,0,0.180327869,0,0,0.032786885,0.786885246,1,0.056603774,0.830188679,0.113207547,0,0
423,1,0,0,0,0,0.709090909,0.2,0.072727273,0.018181818,0,0,0,0,0,0.018867925,0,0.037735849,0,0.943396226,1,0.180327869,0.721311475,0.098360656,0,0
424,1,0,0,0,0,0.735849057,0.20754717,0.037735849,0.018867925,1,0,0,0,0,0.054545455,0.036363636,0.036363636,0,0.872727273,1,0.152542373,0.745762712,0.101694915,0,0
425,1,0,0,0,0,0.722222222,0.203703704,0.055555556,0.018518519,0,0,0,0,0,0.118644068,0,0.033898305,0,0.847457627,1,0.107142857,0.785714286,0.107142857,0,0
426,1,0,0,0,0,0.75,0.211538462,0.019230769,0.019230769,0,0,0,0,0,0.193548387,0,0,0,0.806451613,1,0.054545455,0.8,0.109090909,0,0.036363636
427,1,0,0,0,0,0.722222222,0.203703704,0.055555556,0.018518519,0,0,0,0,0,0.206349206,0,0,0,0.793650794,1,0,0.846153846,0.115384615,0,0.038461538
428,1,0,0,0,0,0.684210526,0.192982456,0.105263158,0.01754386,0.75,0,0,0.25,0,0.019607843,0.039215686,0,0.019607843,0.921568627,1,0.105263158,0.771929825,0.105263158,0,0.01754386
429,0.947368421,0,0,0.052631579,0,0.709090909,0.2,0.072727273,0.018181818,1,0,0,0,0,0.137931034,0,0,0.017241379,0.844827586,1,0.055555556,0.814814815,0.111111111,0,0.018518519
430,1,0,0,0,0,0.722222222,0.203703704,0.055555556,0.018518519,0,0,0,0,0,0.177419355,0,0.016129032,0,0.806451613,1,0.037735849,0.830188679,0.113207547,0,0.018867925
431,1,0,0,0,0,0.75,0.211538462,0.019230769,0.019230769,0.875,0,0,0.125,0,0.122807018,0.105263158,0,0.01754386,0.754385965,1,0.019230769,0.846153846,0.115384615,0,0.019230769
432,0.9375,0,0,0.0625,0,0.709090909,0.2,0.072727273,0.018181818,1,0,0,0,0,0,0.058823529,0.019607843,0.019607843,0.901960784,1,0.137931034,0.75862069,0.103448276,0,0
433,1,0,0,0,0,0.684210526,0.192982456,0.105263158,0.01754386,0,0,0,0,0,0.120689655,0,0.017241379,0,0.862068966,1,0.055555556,0.814814815,0.111111111,0,0.018518519
434,1,0,0,0,0,0.661016949,0.186440678,0.13559322,0.016949153,1,0,0,0,0,0.056603774,0.056603774,0,0,0.886792453,1,0.037037037,0.814814815,0.111111111,0,0.037037037
435,1,0,0,0,0,0.709090909,0.2,0.072727273,0.018181818,1,0,0,0,0,0.054545455,0.018181818,0.036363636,0,0.890909091,1,0.137931034,0.75862069,0.103448276,0,0
436,0.95,0,0,0.05,0,0.735849057,0.20754717,0.037735849,0.018867925,0,0,0,0,0,0.087719298,0,0.035087719,0,0.877192982,1,0.137931034,0.75862069,0.103448276,0,0
437,1,0,0,0,0,0.709090909,0.2,0.072727273,0.018181818,1,0,0,0,0,0,0.02,0,0.04,0.94,1,0.180327869,0.721311475,0.098360656,0,0
438,1,0,0,0,0,0.684210526,0.192982456,0.105263158,0.01754386,0,0,0,0,0,0.037735849,0,0.018867925,0,0.943396226,1,0.13559322,0.745762712,0.101694915,0,0.016949153
439,0.947368421,0,0,0.052631579,0,0.684210526,0.192982456,0.105263158,0.01754386,1,0,0,0,0,0.074074074,0.018518519,0,0,0.907407407,1,0.071428571,0.785714286,0.107142857,0,0.035714286
440,1,0,0,0,0,0.722222222,0.203703704,0.055555556,0.018518519,0,0,0,0,0,0.166666667,0,0,0,0.833333333,1,0.054545455,0.8,0.109090909,0,0.036363636
441,1,0,0,0,0,0.696428571,0.196428571,0.089285714,0.017857143,0.833333333,0,0,0.083333333,0.083333333,0.019607843,0.156862745,0,0.039215686,0.784313725,1,0,0.88,0.12,0,0
442,0.947368421,0.052631579,0,0,0.016393443,0.62295082,0.180327869,0.180327869,0,0,0,0,0,0,0.107142857,0,0,0,0.892857143,1,0,0.846153846,0.115384615,0,0.038461538
443,1,0,0,0,0,0.65,0.183333333,0.15,0.016666667,0,0,0,0,0,0.087719298,0,0.035087719,0,0.877192982,1,0.038461538,0.846153846,0.115384615,0,0
444,1,0,0,0,0,0.684210526,0.192982456,0.105263158,0.01754386,1,0,0,0,0,0.122807018,0,0,0.01754386,0.859649123,1,0.055555556,0.814814815,0.111111111,0,0.018518519
445,1,0,0,0,0,0.684210526,0.192982456,0.105263158,0.01754386,0,0,0,0,0,0.087719298,0,0.035087719,0,0.877192982,1,0.090909091,0.8,0.109090909,0,0
446,1,0,0,0,0,0.6,0.169230769,0.215384615,0.015384615,0,0,0,0,0,0.018867925,0,0.037735849,0,0.943396226,1,0.019607843,0.862745098,0.117647059,0,0
447,0.95,0,0,0.05,0,0.629032258,0.177419355,0.177419355,0.016129032,0,0,0,0,0,0.019230769,0,0.019230769,0,0.961538462,1,0.055555556,0.814814815,0.111111111,0,0.018518519
448,0.95,0,0,0.05,0,0.639344262,0.180327869,0.163934426,0.016393443,0,0,0,0,0,0.089285714,0,0.017857143,0,0.892857143,1,0,0.862745098,0.117647059,0,0.019607843
449,1,0,0,0,0,0.684210526,0.192982456,0.105263158,0.01754386,1,0,0,0,0,0.107142857,0.053571429,0,0.035714286,0.803571429,1,0.019607843,0.862745098,0.117647059,0,0
450,0.95,0,0,0.05,0,0.709090909,0.2,0.072727273,0.018181818,0,0,0,0,0,0.137931034,0,0,0,0.862068966,1,0.054545455,0.8,0.109090909,0,0.036363636
451,1,0,0,0,0,0.661016949,0.186440678,0.13559322,0.016949153,0,0,0,0,0,0.089285714,0,0.017857143,0,0.892857143,1,0.055555556,0.814814815,0.111111111,0,0.018518519
452,0.904761905,0,0,0.095238095,0,0.684210526,0.192982456,0.105263158,0.01754386,0,0,0,0,0,0.137931034,0,0,0,0.862068966,1,0,0.846153846,0.115384615,0,0.038461538
453,0.944444444,0,0,0.055555556,0,0.709090909,0.2,0.072727273,0.018181818,0.666666667,0,0,0.333333333,0,0.120689655,0.034482759,0.017241379,0,0.827586207,1,0.019230769,0.846153846,0.115384615,0,0.019230769
454,0.95,0,0,0.05,0,0.684210526,0.192982456,0.105263158,0.01754386,0,0,0,0,0,0.105263158,0,0.01754386,0,0.877192982,1,0.055555556,0.814814815,0.111111111,0,0.018518519
455,0.9375,0,0,0.0625,0,0.735849057,0.20754717,0.037735849,0.018867925,1,0,0,0,0,0.090909091,0.036363636,0,0.036363636,0.836363636,1,0.107142857,0.785714286,0.107142857,0,0
456,1,0,0,0,0,0.684210526,0.192982456,0.105263158,0.01754386,0,0,0,0,0,0.120689655,0,0.017241379,0,0.862068966,1,0.055555556,0.814814815,0.111111111,0,0.018518519
457,0.95,0,0.05,0,0,0.661016949,0.169491525,0.152542373,0.016949153,0,0,0,0,0,0.055555556,0,0.018518519,0,0.925925926,1,0.089285714,0.767857143,0.107142857,0.017857143,0.017857143
458,0.947368421,0.052631579,0,0,0.017857143,0.678571429,0.196428571,0.107142857,0,0,0,0,0,0,0.118644068,0,0.033898305,0,0.847457627,1,0.074074074,0.814814815,0.111111111,0,0
459,0.95,0,0,0.05,0,0.672413793,0.189655172,0.120689655,0.017241379,0,0,0,0,0,0.055555556,0,0.018518519,0,0.925925926,1,0.089285714,0.785714286,0.107142857,0,0.017857143
460,0.95,0,0,0.05,0,0.709090909,0.2,0.072727273,0.018181818,0,0,0,0,0,0,0,0.019607843,0,0.980392157,1,0.177419355,0.709677419,0.096774194,0,0.016129032
461,1,0,0,0,0.019607843,0.745098039,0.215686275,0.019607843,0,0.5,0.5,0,0,0,0,0.038461538,0.038461538,0,0.923076923,1,0.21875,0.6875,0.09375,0,0
462,1,0,0,0,0,0.629032258,0.177419355,0.177419355,0.016129032,0,0,0,0,0,0.071428571,0,0.035714286,0,0.892857143,1,0.019607843,0.862745098,0.117647059,0,0
463,1,0,0,0,0,0.709090909,0.2,0.072727273,0.018181818,1,0,0,0,0,0.019230769,0.096153846,0.019230769,0,0.865384615,1,0.105263158,0.771929825,0.105263158,0,0.01754386
464,1,0,0,0,0,0.696428571,0.196428571,0.089285714,0.017857143,1,0,0,0,0,0.038461538,0.057692308,0,0.038461538,0.865384615,1,0.107142857,0.785714286,0.107142857,0,0
465,1,0,0,0,0,0.696428571,0.196428571,0.089285714,0.017857143,0,0,0,0,0,0.107142857,0,0,0,0.892857143,1,0.087719298,0.771929825,0.105263158,0,0.035087719
466,1,0,0,0,0,0.65,0.183333333,0.15,0.016666667,0,0,0,0,0,0,0,0.038461538,0,0.961538462,1,0.122807018,0.771929825,0.105263158,0,0
467,1,0,0,0,0,0.672413793,0.189655172,0.120689655,0.017241379,0,0,0,0,0,0.037735849,0,0.018867925,0,0.943396226,1,0.120689655,0.75862069,0.103448276,0,0.017241379
468,0.947368421,0,0,0.052631579,0,0.65,0.183333333,0.15,0.016666667,1,0,0,0,0,0.074074074,0.018518519,0,0,0.907407407,1,0.018867925,0.830188679,0.113207547,0,0.037735849
469,1,0,0,0,0,0.65,0.183333333,0.15,0.016666667,1,0,0,0,0,0.056603774,0.037735849,0,0.037735849,0.867924528,1,0.038461538,0.846153846,0.115384615,0,0
470,1,0,0,0,0.017857143,0.678571429,0.196428571,0.089285714,0.017857143,0.5,0.5,0,0,0,0.15,0.016666667,0.016666667,0.016666667,0.8,1,0,0.862745098,0.117647059,0,0.019607843
471,0.95,0,0,0.05,0,0.696428571,0.196428571,0.089285714,0.017857143,0,0,0,0,0,0.163934426,0,0.016393443,0,0.819672131,1,0,0.862745098,0.117647059,0,0.019607843
472,0.95,0,0,0.05,0,0.65,0.183333333,0.15,0.016666667,0,0,0,0,0,0.054545455,0,0.036363636,0,0.909090909,1,0.056603774,0.830188679,0.113207547,0,0
473,1,0,0,0,0,0.661016949,0.186440678,0.13559322,0.016949153,0,0,0,0,0,0.055555556,0,0.018518519,0,0.925925926,1,0.089285714,0.785714286,0.107142857,0,0.017857143
474,1,0,0,0,0,0.672413793,0.189655172,0.120689655,0.017241379,1,0,0,0,0,0,0.076923077,0.038461538,0,0.884615385,1,0.090909091,0.8,0.109090909,0,0
475,0.9375,0,0,0.0625,0,0.684210526,0.192982456,0.105263158,0.01754386,1,0,0,0,0,0.056603774,0.075471698,0,0,0.867924528,1,0.037037037,0.814814815,0.111111111,0,0.037037037
476,0.95,0,0,0.05,0,0.709090909,0.2,0.072727273,0.018181818,0,0,0,0,0,0.120689655,0,0.017241379,0,0.862068966,1,0.072727273,0.8,0.109090909,0,0.018181818
477,0.947368421,0,0,0.052631579,0,0.75,0.211538462,0.019230769,0.019230769,1,0,0,0,0,0.174603175,0.015873016,0.031746032,0,0.777777778,1,0.038461538,0.846153846,0.115384615,0,0
478,0.95,0,0,0.05,0,0.722222222,0.203703704,0.055555556,0.018518519,0,0,0,0,0,0.177419355,0,0.016129032,0,0.806451613,1,0.019230769,0.846153846,0.115384615,0,0.019230769
479,0.904761905,0,0,0.095238095,0,0.661016949,0.186440678,0.13559322,0.016949153,0,0,0,0,0,0,0,0.038461538,0,0.961538462,1,0.107142857,0.785714286,0.107142857,0,0
480,0.894736842,0,0,0.105263158,0,0.672413793,0.189655172,0.120689655,0.017241379,1,0,0,0,0,0.056603774,0.037735849,0,0,0.905660377,1,0.037037037,0.814814815,0.111111111,0,0.037037037
481,1,0,0,0,0,0.678571429,0.196428571,0.107142857,0.017857143,0.7,0.1,0,0.1,0.1,0.019607843,0.137254902,0,0.019607843,0.823529412,1,0.019230769,0.826923077,0.115384615,0.019230769,0.019230769
482,1,0,0,0,0,0.639344262,0.180327869,0.163934426,0.016393443,1,0,0,0,0,0.018867925,0.056603774,0.037735849,0,0.886792453,1,0.038461538,0.846153846,0.115384615,0,0
483,1,0,0,0,0,0.672413793,0.189655172,0.120689655,0.017241379,1,0,0,0,0,0.056603774,0.018867925,0,0.018867925,0.905660377,1,0.089285714,0.785714286,0.107142857,0,0.017857143
484,1,0,0,0,0,0.672413793,0.172413793,0.137931034,0.017241379,0.5,0,0.5,0,0,0,0.02,0,0.02,0.96,1,0.13559322,0.728813559,0.101694915,0.016949153,0.016949153
485,0.904761905,0,0,0.095238095,0,0.696428571,0.196428571,0.089285714,0.017857143,0,0,0,0,0,0.072727273,0,0.018181818,0,0.909090909,1,0.089285714,0.785714286,0.107142857,0,0.017857143
486,0.941176471,0,0,0.058823529,0,0.684210526,0.192982456,0.105263158,0.01754386,1,0,0,0,0,0.056603774,0.037735849,0,0.018867925,0.886792453,1,0.072727273,0.8,0.109090909,0,0.018181818
487,1,0,0,0,0,0.709090909,0.2,0.072727273,0.018181818,0,0,0,0,0,0.089285714,0,0.017857143,0,0.892857143,1,0.120689655,0.75862069,0.103448276,0,0.017241379
488,1,0,0,0,0,0.672413793,0.189655172,0.120689655,0.017241379,0,0,0,0,0,0.037037037,0,0.037037037,0,0.925925926,1,0.122807018,0.771929825,0.105263158,0,0
489,0.888888889,0,0,0.111111111,0,0.709090909,0.2,0.072727273,0.018181818,1,0,0,0,0,0.103448276,0.051724138,0.034482759,0,0.810344828,1,0.019607843,0.862745098,0.117647059,0,0
490,0.904761905,0,0,0.095238095,0,0.696428571,0.196428571,0.089285714,0.017857143,0,0,0,0,0,0.118644068,0,0.033898305,0,0.847457627,1,0.038461538,0.846153846,0.115384615,0,0
491,1,0,0,0,0,0.735849057,0.20754717,0.037735849,0.018867925,1,0,0,0,0,0.019230769,0.096153846,0.019230769,0,0.865384615,1,0.13559322,0.745762712,0.101694915,0,0.016949153
492,0.933333333,0,0,0.066666667,0,0.722222222,0.203703704,0.055555556,0.018518519,1,0,0,0,0,0,0.08,0,0.02,0.9,1,0.13559322,0.745762712,0.101694915,0,0.016949153
493,1,0,0,0,0,0.696428571,0.196428571,0.089285714,0.017857143,0.818181818,0,0,0.090909091,0.090909091,0,0.16,0,0.02,0.82,1,0.019230769,0.846153846,0.115384615,0,0.019230769
494,1,0,0,0,0,0.75,0.211538462,0.019230769,0.019230769,0.928571429,0,0,0.071428571,0,0,0.22,0,0.04,0.74,1,0.056603774,0.830188679,0.113207547,0,0
495,1,0,0,0,0,0.696428571,0.196428571,0.089285714,0.017857143,0.833333333,0,0,0,0.166666667,0.037735849,0.094339623,0.018867925,0,0.849056604,1,0.055555556,0.814814815,0.111111111,0,0.018518519
496,1,0,0,0,0,0.722222222,0.203703704,0.055555556,0.018518519,1,0,0,0,0,0.019230769,0.153846154,0.019230769,0.019230769,0.788461538,1,0.074074074,0.814814815,0.111111111,0,0
497,1,0,0,0,0,0.684210526,0.192982456,0.105263158,0.01754386,0.857142857,0,0,0.142857143,0,0.055555556,0.111111111,0.018518519,0,0.814814815,1,0,0.862745098,0.117647059,0,0.019607843
498,1,0,0,0,0,0.684210526,0.192982456,0.105263158,0.01754386,1,0,0,0,0,0.071428571,0.017857143,0.035714286,0,0.875,1,0.090909091,0.8,0.109090909,0,0
499,0.95,0,0,0.05,0,0.722222222,0.203703704,0.055555556,0.018518519,0,0,0,0,0,0.103448276,0,0.034482759,0,0.862068966,1,0.107142857,0.785714286,0.107142857,0,0
500,1,0,0,0,0,0.672413793,0.189655172,0.120689655,0.017241379,0,0,0,0,0,0.054545455,0,0.036363636,0,0.909090909,1,0.107142857,0.785714286,0.107142857,0,0
501,1,0,0,0,0,0.672413793,0.189655172,0.120689655,0.017241379,0,0,0,0,0,0,0,0.038461538,0,0.961538462,1,0.152542373,0.745762712,0.101694915,0,0
502,1,0,0,0,0,0.709090909,0.2,0.072727273,0.018181818,0,0,0,0,0,0.071428571,0,0.035714286,0,0.892857143,1,0.137931034,0.75862069,0.103448276,0,0
503,0.947368421,0,0,0.052631579,0,0.696428571,0.196428571,0.089285714,0.017857143,1,0,0,0,0,0.019230769,0.019230769,0.019230769,0,0.942307692,1,0.13559322,0.745762712,0.101694915,0,0.016949153
504,1,0,0,0,0,0.696428571,0.196428571,0.089285714,0.017857143,1,0,0,0,0,0.107142857,0.089285714,0,0,0.803571429,1,0,0.846153846,0.115384615,0,0.038461538
505,0.941176471,0.058823529,0,0,0.016129032,0.612903226,0.177419355,0.193548387,0,0.666666667,0,0,0.333333333,0,0.019607843,0.019607843,0,0.019607843,0.941176471,1,0.037735849,0.830188679,0.113207547,0,0.018867925
506,0.947368421,0,0,0.052631579,0,0.661016949,0.186440678,0.13559322,0.016949153,1,0,0,0,0,0.038461538,0,0,0.019230769,0.942307692,1,0.089285714,0.785714286,0.107142857,0,0.017857143
507,1,0,0,0,0,0.661016949,0.186440678,0.13559322,0.016949153,0,0,0,0,0,0.122807018,0,0,0,0.877192982,1,0.018867925,0.830188679,0.113207547,0,0.037735849
508,0.95,0,0,0.05,0,0.672413793,0.189655172,0.120689655,0.017241379,0,0,0,0,0,0.137931034,0,0,0,0.862068966,1,0,0.846153846,0.115384615,0,0.038461538
509,0.95,0,0,0.05,0,0.672413793,0.189655172,0.120689655,0.017241379,0,0,0,0,0,0.137931034,0,0,0,0.862068966,1,0,0.846153846,0.115384615,0,0.038461538
510,1,0,0,0,0,0.65,0.183333333,0.15,0.016666667,0,0,0,0,0,0.054545455,0,0.036363636,0,0.909090909,1,0.074074074,0.814814815,0.111111111,0,0
511,1,0,0,0,0,0.65,0.183333333,0.15,0.016666667,1,0,0,0,0,0,0,0,0.02,0.98,1,0.120689655,0.75862069,0.103448276,0,0.017241379
512,1,0,0,0,0,0.672413793,0.189655172,0.120689655,0.017241379,0,0,0,0,0,0.019230769,0,0.019230769,0,0.961538462,1,0.13559322,0.745762712,0.101694915,0,0.016949153
513,0.947368421,0,0,0.052631579,0,0.661016949,0.186440678,0.13559322,0.016949153,1,0,0,0,0,0.056603774,0,0,0.018867925,0.924528302,1,0.072727273,0.8,0.109090909,0,0.018181818
514,1,0,0,0,0,0.722222222,0.203703704,0.055555556,0.018518519,0.8,0,0,0.2,0,0.105263158,0.052631579,0.01754386,0.01754386,0.807017544,1,0.056603774,0.830188679,0.113207547,0,0
515,1,0,0,0,0,0.722222222,0.203703704,0.055555556,0.018518519,0.818181818,0,0,0,0.181818182,0,0.16,0,0.02,0.82,1,0.055555556,0.814814815,0.111111111,0,0.018518519
516,1,0,0,0,0,0.65,0.183333333,0.15,0.016666667,1,0,0,0,0,0,0.137254902,0.019607843,0,0.843137255,1,0,0.862745098,0.117647059,0,0.019607843
517,0.916666667,0,0,0.083333333,0,0.672413793,0.189655172,0.120689655,0.017241379,1,0,0,0,0,0.019230769,0.134615385,0.019230769,0.019230769,0.807692308,1,0,0.88,0.12,0,0
518,1,0,0,0,0,0.672413793,0.189655172,0.120689655,0.017241379,0,0,0,0,0,0,0,0.038461538,0,0.961538462,1,0.152542373,0.745762712,0.101694915,0,0
519,1,0,0,0,0,0.661016949,0.186440678,0.13559322,0.016949153,1,0,0,0,0,0,0.019607843,0.019607843,0,0.960784314,1,0.120689655,0.75862069,0.103448276,0,0.017241379
520,1,0,0,0,0,0.661016949,0.186440678,0.13559322,0.016949153,1,0,0,0,0,0,0.057692308,0.038461538,0,0.903846154,1,0.090909091,0.8,0.109090909,0,0
521,1,0,0,0,0,0.619047619,0.174603175,0.19047619,0.015873016,0,0,0,0,0,0.055555556,0,0.018518519,0,0.925925926,1,0.019230769,0.846153846,0.115384615,0,0.019230769
522,1,0,0,0,0,0.639344262,0.180327869,0.163934426,0.016393443,0,0,0,0,0,0.103448276,0,0.034482759,0,0.862068966,1,0,0.88,0.12,0,0
523,1,0,0,0,0,0.65,0.183333333,0.15,0.016666667,1,0,0,0,0,0.074074074,0.018518519,0,0.037037037,0.87037037,1,0.038461538,0.846153846,0.115384615,0,0
524,1,0,0,0,0,0.696428571,0.196428571,0.089285714,0.017857143,1,0,0,0,0,0.090909091,0,0,0.018181818,0.890909091,1,0.105263158,0.771929825,0.105263158,0,0.01754386
525,1,0,0,0,0,0.684210526,0.192982456,0.105263158,0.01754386,1,0,0,0,0,0.090909091,0,0,0.018181818,0.890909091,1,0.089285714,0.785714286,0.107142857,0,0.017857143
526,0.9,0,0,0.1,0,0.696428571,0.196428571,0.089285714,0.017857143,1,0,0,0,0,0.090909091,0,0,0.018181818,0.890909091,1,0.072727273,0.8,0.109090909,0,0.018181818
527,1,0,0,0,0,0.75,0.211538462,0.019230769,0.019230769,1,0,0,0,0,0.019607843,0.156862745,0,0.039215686,0.784313725,1,0.107142857,0.785714286,0.107142857,0,0
528,1,0,0,0,0.017241379,0.655172414,0.189655172,0.137931034,0,0.714285714,0.142857143,0,0.142857143,0,0.074074074,0.074074074,0,0.037037037,0.814814815,1,0,0.88,0.12,0,0
529,1,0,0,0,0,0.672413793,0.189655172,0.120689655,0.017241379,0,0,0,0,0,0.147540984,0,0.032786885,0,0.819672131,1,0,0.88,0.12,0,0
530,1,0,0,0,0,0.735849057,0.20754717,0.037735849,0.018867925,0,0,0,0,0,0.215384615,0,0.015384615,0,0.769230769,1,0,0.862745098,0.117647059,0,0.019607843
531,1,0,0,0,0,0.684210526,0.192982456,0.105263158,0.01754386,0,0,0,0,0,0.152542373,0,0,0,0.847457627,1,0.018867925,0.830188679,0.113207547,0,0.037735849
532,1,0,0,0,0,0.696428571,0.196428571,0.089285714,0.017857143,1,0,0,0,0,0.056603774,0,0,0.018867925,0.924528302,1,0.13559322,0.745762712,0.101694915,0,0.016949153
533,1,0,0,0,0,0.709090909,0.2,0.072727273,0.018181818,1,0,0,0,0,0.074074074,0,0,0.018518519,0.907407407,1,0.13559322,0.745762712,0.101694915,0,0.016949153
534,0.95,0,0,0.05,0,0.722222222,0.203703704,0.055555556,0.018518519,0,0,0,0,0,0.147540984,0,0.032786885,0,0.819672131,1,0.056603774,0.830188679,0.113207547,0,0
535,1,0,0,0,0,0.75,0.211538462,0.019230769,0.019230769,0,0,0,0,0,0.122807018,0,0,0,0.877192982,1,0.133333333,0.733333333,0.1,0,0.033333333
536,1,0,0,0,0,0.722222222,0.203703704,0.055555556,0.018518519,1,0,0,0,0,0.055555556,0.055555556,0.018518519,0,0.87037037,1,0.120689655,0.75862069,0.103448276,0,0.017241379
537,0.95,0,0,0.05,0,0.735849057,0.20754717,0.037735849,0.018867925,0,0,0,0,0,0,0,0.019607843,0,0.980392157,1,0.203125,0.6875,0.09375,0,0.015625
538,1,0,0,0,0.019230769,0.730769231,0.211538462,0.038461538,0,0.666666667,0.333333333,0,0,0,0,0.06,0,0,0.94,1,0.1875,0.6875,0.09375,0,0.03125
539,1,0,0,0,0,0.696428571,0.196428571,0.089285714,0.017857143,0,0,0,0,0,0.107142857,0,0,0,0.892857143,1,0.087719298,0.771929825,0.105263158,0,0.035087719
540,1,0,0,0,0,0.661016949,0.186440678,0.13559322,0.016949153,0.5,0,0,0,0.5,0,0.02,0,0,0.98,1,0.103448276,0.75862069,0.103448276,0,0.034482759
541,1,0,0,0,0,0.672413793,0.189655172,0.120689655,0.017241379,0.8,0,0,0,0.2,0.019607843,0.078431373,0,0,0.901960784,1,0.054545455,0.8,0.109090909,0,0.036363636
542,1,0,0,0,0,0.684210526,0.192982456,0.105263158,0.01754386,1,0,0,0,0,0,0.058823529,0.019607843,0,0.921568627,1,0.120689655,0.75862069,0.103448276,0,0.017241379
543,1,0,0,0,0,0.709090909,0.2,0.072727273,0.018181818,1,0,0,0,0,0.019607843,0.156862745,0,0,0.823529412,1,0.054545455,0.8,0.109090909,0,0.036363636
544,1,0,0,0,0,0.709090909,0.2,0.072727273,0.018181818,0.846153846,0,0,0.076923077,0.076923077,0,0.2,0,0.02,0.78,1,0,0.862745098,0.117647059,0,0.019607843
545,1,0,0,0,0,0.75,0.211538462,0.019230769,0.019230769,0.928571429,0,0,0.071428571,0,0,0.26,0,0,0.74,1,0.018867925,0.830188679,0.113207547,0,0.037735849
546,1,0,0,0,0,0.722222222,0.203703704,0.055555556,0.018518519,0.888888889,0,0,0.111111111,0,0.019230769,0.153846154,0.019230769,0,0.807692308,1,0.055555556,0.814814815,0.111111111,0,0.018518519
547,1,0,0,0,0,0.735849057,0.20754717,0.037735849,0.018867925,1,0,0,0,0,0.074074074,0.185185185,0,0.037037037,0.703703704,1,0,0.88,0.12,0,0
548,0.947368421,0,0,0.052631579,0,0.661016949,0.186440678,0.13559322,0.016949153,1,0,0,0,0,0.056603774,0,0,0.018867925,0.924528302,1,0.072727273,0.8,0.109090909,0,0.018181818
549,1,0,0,0,0,0.735849057,0.20754717,0.037735849,0.018867925,1,0,0,0,0,0.120689655,0.017241379,0.017241379,0,0.844827586,1,0.105263158,0.771929825,0.105263158,0,0.01754386
550,1,0,0,0,0,0.661016949,0.186440678,0.13559322,0.016949153,0,0,0,0,0,0.019607843,0,0,0,0.980392157,1,0.118644068,0.745762712,0.101694915,0,0.033898305
551,0.95,0,0,0.05,0,0.709090909,0.2,0.072727273,0.018181818,0,0,0,0,0,0.120689655,0,0.017241379,0,0.862068966,1,0.072727273,0.8,0.109090909,0,0.018181818
552,1,0,0,0,0,0.709090909,0.2,0.072727273,0.018181818,0,0,0,0,0,0.147540984,0,0.032786885,0,0.819672131,1,0.056603774,0.830188679,0.113207547,0,0
553,1,0,0,0,0,0.722222222,0.203703704,0.055555556,0.018518519,1,0,0,0,0,0.090909091,0.090909091,0,0.018181818,0.8,1,0.055555556,0.814814815,0.111111111,0,0.018518519
554,0.944444444,0,0,0.055555556,0,0.722222222,0.203703704,0.055555556,0.018518519,1,0,0,0,0,0.163934426,0.032786885,0.016393443,0,0.786885246,1,0,0.862745098,0.117647059,0,0.019607843
555,0.95,0,0,0.05,0,0.661016949,0.186440678,0.13559322,0.016949153,0,0,0,0,0,0.107142857,0,0,0,0.892857143,1,0.018867925,0.830188679,0.113207547,0,0.037735849
556,0.95,0.05,0,0,0,0.745098039,0.215686275,0.019607843,0.019607843,0,0,0,0,0,0.21875,0,0,0,0.78125,1,0.037037037,0.796296296,0.111111111,0.018518519,0.037037037
557,0.95,0,0,0.05,0,0.672413793,0.189655172,0.120689655,0.017241379,0,0,0,0,0,0.137931034,0,0,0,0.862068966,1,0,0.846153846,0.115384615,0,0.038461538
558,0.95,0,0,0.05,0,0.65,0.183333333,0.15,0.016666667,0,0,0,0,0,0.087719298,0,0.035087719,0,0.877192982,1,0.019607843,0.862745098,0.117647059,0,0
559,1,0,0,0,0,0.709090909,0.2,0.072727273,0.018181818,0,0,0,0,0,0.118644068,0,0.033898305,0,0.847457627,1,0.090909091,0.8,0.109090909,0,0
560,1,0,0,0,0,0.709090909,0.2,0.072727273,0.018181818,0.666666667,0,0,0,0.333333333,0.122807018,0.01754386,0,0.01754386,0.842105263,1,0.055555556,0.814814815,0.111111111,0,0.018518519
561,1,0,0,0,0,0.65,0.183333333,0.15,0.016666667,1,0,0,0,0,0.037037037,0.018518519,0.037037037,0,0.907407407,1,0.074074074,0.814814815,0.111111111,0,0
562,1,0,0,0,0,0.722222222,0.203703704,0.055555556,0.018518519,0.9,0,0,0,0.1,0,0.176470588,0.019607843,0,0.803921569,1,0.055555556,0.814814815,0.111111111,0,0.018518519
563,0.904761905,0,0,0.095238095,0,0.696428571,0.196428571,0.089285714,0.017857143,0,0,0,0,0,0.072727273,0,0.018181818,0,0.909090909,1,0.089285714,0.785714286,0.107142857,0,0.017857143
564,1,0,0,0,0,0.661016949,0.186440678,0.13559322,0.016949153,0,0,0,0,0,0.120689655,0,0.017241379,0,0.862068966,1,0.019230769,0.846153846,0.115384615,0,0.019230769
565,1,0,0,0,0,0.722222222,0.203703704,0.055555556,0.018518519,0,0,0,0,0,0.13559322,0,0.016949153,0,0.847457627,1,0.089285714,0.785714286,0.107142857,0,0.017857143
566,1,0,0,0,0,0.65,0.183333333,0.15,0.016666667,0.5,0,0,0,0.5,0.071428571,0.017857143,0.035714286,0,0.875,1,0.019607843,0.862745098,0.117647059,0,0
567,1,0,0,0,0,0.661016949,0.186440678,0.13559322,0.016949153,0,0,0,0,0,0.137931034,0,0,0,0.862068966,1,0,0.846153846,0.115384615,0,0.038461538
568,1,0,0,0,0,0.696428571,0.196428571,0.089285714,0.017857143,0.857142857,0,0,0,0.142857143,0.056603774,0.113207547,0,0,0.830188679,1,0.018867925,0.830188679,0.113207547,0,0.037735849
569,1,0,0,0,0,0.672413793,0.189655172,0.120689655,0.017241379,1,0,0,0,0,0.055555556,0.055555556,0.018518519,0.018518519,0.851851852,1,0.056603774,0.830188679,0.113207547,0,0
570,1,0,0,0,0,0.709090909,0.2,0.072727273,0.018181818,1,0,0,0,0,0,0.098039216,0.019607843,0.019607843,0.862745098,1,0.122807018,0.771929825,0.105263158,0,0
571,1,0,0,0,0,0.709090909,0.2,0.072727273,0.018181818,0.777777778,0,0,0.222222222,0,0.074074074,0.092592593,0,0.037037037,0.796296296,1,0.019607843,0.862745098,0.117647059,0,0
572,0.941176471,0.058823529,0,0,0,0.666666667,0.192982456,0.122807018,0.01754386,1,0,0,0,0,0.107142857,0.035714286,0,0.017857143,0.839285714,1,0.037735849,0.811320755,0.113207547,0.018867925,0.018867925
573,0.9375,0,0,0.0625,0,0.65,0.183333333,0.15,0.016666667,1,0,0,0,0,0.074074074,0.037037037,0,0.037037037,0.851851852,1,0,0.88,0.12,0,0
574,1,0,0,0,0,0.722222222,0.203703704,0.055555556,0.018518519,0.857142857,0,0,0.142857143,0,0.071428571,0.107142857,0.035714286,0,0.785714286,1,0.038461538,0.846153846,0.115384615,0,0
575,0.9375,0.0625,0,0,0.016666667,0.633333333,0.183333333,0.166666667,0,1,0,0,0,0,0.089285714,0.035714286,0.017857143,0.017857143,0.839285714,1,0,0.88,0.12,0,0
576,0.894736842,0,0,0.105263158,0,0.735849057,0.20754717,0.037735849,0.018867925,1,0,0,0,0,0.107142857,0.035714286,0,0,0.857142857,1,0.071428571,0.785714286,0.107142857,0,0.035714286
577,0.95,0,0,0.05,0,0.696428571,0.196428571,0.089285714,0.017857143,0,0,0,0,0,0.15,0,0.016666667,0,0.833333333,1,0.019230769,0.846153846,0.115384615,0,0.019230769
578,1,0,0,0,0,0.672413793,0.189655172,0.120689655,0.017241379,0,0,0,0,0,0.107142857,0,0,0,0.892857143,1,0.054545455,0.8,0.109090909,0,0.036363636
579,1,0,0,0,0.016949153,0.644067797,0.186440678,0.13559322,0.016949153,0.333333333,0.333333333,0,0,0.333333333,0,0.02,0,0.02,0.96,1,0.087719298,0.789473684,0.087719298,0,0.035087719
580,1,0,0,0,0,0.696428571,0.196428571,0.089285714,0.017857143,0.8,0,0,0,0.2,0.037735849,0.132075472,0.018867925,0.018867925,0.79245283,1,0,0.88,0.12,0,0
581,1,0,0,0,0,0.735849057,0.20754717,0.037735849,0.018867925,0.866666667,0,0,0,0.133333333,0.019607843,0.215686275,0,0.039215686,0.725490196,1,0,0.88,0.12,0,0
582,1,0,0,0,0,0.735849057,0.20754717,0.037735849,0.018867925,0.923076923,0,0,0,0.076923077,0,0.215686275,0.019607843,0.019607843,0.745098039,1,0.038461538,0.846153846,0.115384615,0,0
583,1,0,0,0,0,0.722222222,0.203703704,0.055555556,0.018518519,0.9,0,0,0.1,0,0,0.16,0,0.02,0.82,1,0.072727273,0.8,0.109090909,0,0.018181818
584,0.923076923,0,0,0.076923077,0,0.709090909,0.2,0.072727273,0.018181818,1,0,0,0,0,0.071428571,0.125,0.035714286,0,0.767857143,1,0,0.88,0.12,0,0
585,0.9375,0,0,0.0625,0,0.722222222,0.203703704,0.055555556,0.018518519,1,0,0,0,0,0.054545455,0.072727273,0.036363636,0,0.836363636,1,0.090909091,0.8,0.109090909,0,0
586,0.9,0,0,0.1,0,0.639344262,0.180327869,0.163934426,0.016393443,1,0,0,0,0,0.038461538,0,0,0.019230769,0.942307692,1,0.037735849,0.830188679,0.113207547,0,0.018867925
587,0.941176471,0,0,0.058823529,0,0.735849057,0.20754717,0.037735849,0.018867925,1,0,0,0,0,0.107142857,0.053571429,0,0,0.839285714,1,0.071428571,0.785714286,0.107142857,0,0.035714286
588,1,0,0,0,0,0.696428571,0.196428571,0.089285714,0.017857143,0,0,0,0,0,0.105263158,0,0.01754386,0,0.877192982,1,0.089285714,0.785714286,0.107142857,0,0.017857143
589,1,0,0,0,0,0.696428571,0.196428571,0.089285714,0.017857143,0,0,0,0,0,0.118644068,0,0.033898305,0,0.847457627,1,0.074074074,0.814814815,0.111111111,0,0
590,0.947368421,0,0,0.052631579,0,0.672413793,0.189655172,0.120689655,0.017241379,1,0,0,0,0,0.055555556,0.018518519,0.018518519,0,0.907407407,1,0.072727273,0.8,0.109090909,0,0.018181818
591,1,0,0,0,0,0.696428571,0.196428571,0.089285714,0.017857143,0,0,0,0,0,0.105263158,0,0.01754386,0,0.877192982,1,0.089285714,0.785714286,0.107142857,0,0.017857143
592,1,0,0,0,0,0.696428571,0.196428571,0.089285714,0.017857143,0,0,0,0,0,0.105263158,0,0.01754386,0,0.877192982,1,0.089285714,0.785714286,0.107142857,0,0.017857143
593,0.95,0,0,0.05,0,0.722222222,0.203703704,0.055555556,0.018518519,0,0,0,0,0,0.133333333,0,0.033333333,0,0.833333333,1,0.074074074,0.814814815,0.111111111,0,0
594,1,0,0,0,0,0.672413793,0.189655172,0.120689655,0.017241379,1,0,0,0,0,0,0.039215686,0.019607843,0.019607843,0.921568627,1,0.122807018,0.771929825,0.105263158,0,0
595,1,0,0,0,0,0.6,0.169230769,0.215384615,0.015384615,0,0,0,0,0,0,0,0.038461538,0,0.961538462,1,0.038461538,0.846153846,0.115384615,0,0
596,1,0,0,0,0,0.672413793,0.189655172,0.120689655,0.017241379,0,0,0,0,0,0.055555556,0,0.018518519,0,0.925925926,1,0.105263158,0.771929825,0.105263158,0,0.01754386
597,1,0,0,0,0,0.629032258,0.177419355,0.177419355,0.016129032,0,0,0,0,0,0.019607843,0,0,0,0.980392157,1,0.071428571,0.785714286,0.107142857,0,0.035714286
598,1,0,0,0,0,0.639344262,0.180327869,0.163934426,0.016393443,1,0,0,0,0,0.089285714,0.017857143,0.017857143,0,0.875,1,0,0.862745098,0.117647059,0,0.019607843
599,0.95,0,0,0.05,0,0.609375,0.171875,0.203125,0.015625,0,0,0,0,0,0,0,0.038461538,0,0.961538462,1,0.038461538,0.846153846,0.115384615,0,0
600,0.95,0,0,0.05,0,0.735849057,0.20754717,0.037735849,0.018867925,0,0,0,0,0,0.089285714,0,0.017857143,0,0.892857143,1,0.13559322,0.745762712,0.101694915,0,0.016949153
601,1,0,0,0,0,0.684210526,0.192982456,0.105263158,0.01754386,0.666666667,0,0,0,0.333333333,0.038461538,0.076923077,0,0,0.884615385,1,0.037037037,0.814814815,0.111111111,0,0.037037037
602,1,0,0,0,0,0.735849057,0.20754717,0.037735849,0.018867925,0.866666667,0,0,0,0.133333333,0,0.235294118,0.019607843,0.019607843,0.725490196,1,0,0.88,0.12,0,0
603,1,0,0,0,0,0.75,0.211538462,0.019230769,0.019230769,0.857142857,0,0,0.071428571,0.071428571,0,0.235294118,0.019607843,0,0.745098039,1,0.019230769,0.846153846,0.115384615,0,0.019230769
604,1,0,0,0,0,0.722222222,0.203703704,0.055555556,0.018518519,1,0,0,0,0,0.019607843,0.196078431,0,0.039215686,0.745098039,1,0.038461538,0.846153846,0.115384615,0,0
605,1,0,0,0,0,0.722222222,0.203703704,0.055555556,0.018518519,0.857142857,0,0,0,0.142857143,0.074074074,0.092592593,0,0.018518519,0.814814815,1,0.055555556,0.814814815,0.111111111,0,0.018518519
606,0.9,0,0,0.1,0,0.709090909,0.2,0.072727273,0.018181818,1,0,0,0,0,0.037735849,0.018867925,0.018867925,0,0.924528302,1,0.120689655,0.75862069,0.103448276,0,0.017241379
607,0.947368421,0,0,0.052631579,0,0.696428571,0.196428571,0.089285714,0.017857143,1,0,0,0,0,0.019230769,0,0.019230769,0.019230769,0.942307692,1,0.152542373,0.745762712,0.101694915,0,0
608,0.95,0,0,0.05,0,0.65,0.183333333,0.15,0.016666667,0,0,0,0,0,0.019607843,0,0,0,0.980392157,1,0.087719298,0.771929825,0.105263158,0,0.035087719
609,0.95,0,0,0.05,0,0.735849057,0.20754717,0.037735849,0.018867925,0,0,0,0,0,0.180327869,0,0,0,0.819672131,1,0.037037037,0.814814815,0.111111111,0,0.037037037
610,0.95,0,0,0.05,0,0.696428571,0.196428571,0.089285714,0.017857143,0,0,0,0,0,0.137931034,0,0,0,0.862068966,1,0.037037037,0.814814815,0.111111111,0,0.037037037
611,1,0,0,0,0,0.709090909,0.2,0.072727273,0.018181818,0,0,0,0,0,0.15,0,0.016666667,0,0.833333333,1,0.055555556,0.814814815,0.111111111,0,0.018518519
612,1,0,0,0,0,0.696428571,0.196428571,0.089285714,0.017857143,1,0,0,0,0,0.107142857,0.017857143,0,0.017857143,0.857142857,1,0.072727273,0.8,0.109090909,0,0.018181818
613,1,0,0,0,0,0.722222222,0.203703704,0.055555556,0.018518519,0.75,0,0,0,0.25,0,0.12,0,0,0.88,1,0.087719298,0.771929825,0.105263158,0,0.035087719
614,1,0,0,0,0,0.672413793,0.189655172,0.120689655,0.017241379,0.833333333,0,0,0,0.166666667,0.037037037,0.092592593,0.037037037,0,0.833333333,1,0.019607843,0.862745098,0.117647059,0,0
615,0.944444444,0,0,0.055555556,0,0.696428571,0.196428571,0.089285714,0.017857143,0.666666667,0,0,0.333333333,0,0.074074074,0.018518519,0,0.018518519,0.888888889,1,0.072727273,0.8,0.109090909,0,0.018181818
616,1,0,0,0,0,0.684210526,0.192982456,0.105263158,0.01754386,1,0,0,0,0,0.037037037,0.018518519,0.037037037,0,0.907407407,1,0.122807018,0.771929825,0.105263158,0,0
617,1,0,0,0,0,0.684210526,0.192982456,0.105263158,0.01754386,1,0,0,0,0,0.137931034,0.017241379,0,0.017241379,0.827586207,1,0.019230769,0.846153846,0.115384615,0,0.019230769
618,0.933333333,0.066666667,0,0,0,0.716981132,0.20754717,0.056603774,0.018867925,1,0,0,0,0,0.137931034,0.086206897,0,0,0.775862069,1,0,0.830188679,0.094339623,0.018867925,0.056603774
619,1,0,0,0,0,0.75,0.211538462,0.019230769,0.019230769,1,0,0,0,0,0.072727273,0.036363636,0.018181818,0,0.872727273,1,0.15,0.733333333,0.1,0,0.016666667
620,1,0,0,0,0,0.722222222,0.203703704,0.055555556,0.018518519,0,0,0,0,0,0,0,0.038461538,0,0.961538462,1,0.206349206,0.698412698,0.095238095,0,0
621,1,0,0,0,0,0.661016949,0.186440678,0.13559322,0.016949153,1,0,0,0,0,0,0.019230769,0.038461538,0,0.942307692,1,0.122807018,0.771929825,0.105263158,0,0
622,0.944444444,0,0,0.055555556,0,0.684210526,0.192982456,0.105263158,0.01754386,1,0,0,0,0,0.137931034,0.017241379,0,0.017241379,0.827586207,1,0,0.862745098,0.117647059,0,0.019607843
623,1,0,0,0,0.017857143,0.678571429,0.196428571,0.107142857,0,0.5,0.5,0,0,0,0.13559322,0.033898305,0.016949153,0,0.813559322,1,0.019230769,0.846153846,0.115384615,0,0.019230769
624,1,0,0,0,0,0.609375,0.171875,0.203125,0.015625,1,0,0,0,0,0,0,0,0.02,0.98,1,0.055555556,0.814814815,0.111111111,0,0.018518519
625,1,0,0,0,0,0.619047619,0.174603175,0.19047619,0.015873016,1,0,0,0,0,0,0.039215686,0.019607843,0.019607843,0.921568627,1,0.038461538,0.846153846,0.115384615,0,0
626,1,0,0,0,0,0.65,0.183333333,0.15,0.016666667,1,0,0,0,0,0.038461538,0.076923077,0,0.019230769,0.865384615,1,0.019230769,0.846153846,0.115384615,0,0.019230769
627,0.95,0.05,0,0,0,0.633333333,0.183333333,0.166666667,0.016666667,0,0,0,0,0,0.019607843,0,0,0,0.980392157,1,0.103448276,0.74137931,0.103448276,0.017241379,0.034482759
628,0.894736842,0.052631579,0,0.052631579,0.016666667,0.633333333,0.183333333,0.166666667,0,1,0,0,0,0,0.037037037,0.018518519,0.037037037,0,0.907407407,1,0.056603774,0.830188679,0.113207547,0,0
629,1,0,0,0,0,0.684210526,0.192982456,0.105263158,0.01754386,0.833333333,0,0,0.166666667,0,0.055555556,0.074074074,0.018518519,0.018518519,0.833333333,1,0.038461538,0.846153846,0.115384615,0,0
630,1,0,0,0,0,0.696428571,0.196428571,0.089285714,0.017857143,0.8,0,0,0,0.2,0,0.06,0,0.02,0.92,1,0.120689655,0.75862069,0.103448276,0,0.017241379
631,0.894736842,0.052631579,0,0.052631579,0.033333333,0.616666667,0.183333333,0.166666667,0,0,1,0,0,0,0,0,0.038461538,0.019230769,0.942307692,1,0.090909091,0.818181818,0.090909091,0,0
632,1,0,0,0,0,0.661016949,0.186440678,0.13559322,0.016949153,1,0,0,0,0,0.019230769,0.076923077,0.019230769,0,0.884615385,1,0.055555556,0.814814815,0.111111111,0,0.018518519
633,1,0,0,0,0,0.661016949,0.186440678,0.13559322,0.016949153,0,0,0,0,0,0.105263158,0,0.01754386,0,0.877192982,1,0.037735849,0.830188679,0.113207547,0,0.018867925
634,0.9375,0,0,0.0625,0,0.684210526,0.192982456,0.105263158,0.01754386,1,0,0,0,0,0.090909091,0.036363636,0,0.036363636,0.836363636,1,0.038461538,0.846153846,0.115384615,0,0
635,1,0,0,0,0,0.684210526,0.192982456,0.105263158,0.01754386,0.8,0,0,0,0.2,0.038461538,0.076923077,0,0,0.884615385,1,0.054545455,0.8,0.109090909,0,0.036363636
636,0.947368421,0.052631579,0,0,0,0.666666667,0.192982456,0.140350877,0,0.5,0,0,0.5,0,0.071428571,0.017857143,0.035714286,0,0.875,1,0.074074074,0.796296296,0.111111111,0.018518519,0
637,1,0,0,0,0,0.696428571,0.196428571,0.089285714,0.017857143,0,0,0,0,0,0.13559322,0,0.016949153,0,0.847457627,1,0.055555556,0.814814815,0.111111111,0,0.018518519
638,0.95,0,0,0.05,0,0.709090909,0.2,0.072727273,0.018181818,0,0,0,0,0,0.163934426,0,0.016393443,0,0.819672131,1,0.019230769,0.846153846,0.115384615,0,0.019230769
639,1,0,0,0,0,0.75,0.211538462,0.019230769,0.019230769,1,0,0,0,0,0.212121212,0.015151515,0.03030303,0,0.742424242,1,0,0.88,0.12,0,0
640,1,0,0,0,0,0.684210526,0.192982456,0.105263158,0.01754386,1,0,0,0,0,0.107142857,0.017857143,0,0.035714286,0.839285714,1,0.056603774,0.830188679,0.113207547,0,0
641,0.904761905,0,0,0.095238095,0,0.672413793,0.189655172,0.120689655,0.017241379,0,0,0,0,0,0.118644068,0,0.033898305,0,0.847457627,1,0,0.88,0.12,0,0
642,0.95,0,0,0.05,0,0.684210526,0.192982456,0.105263158,0.01754386,0,0,0,0,0,0.090909091,0,0,0,0.909090909,1,0.071428571,0.785714286,0.107142857,0,0.035714286
643,0.9,0,0,0.1,0,0.684210526,0.192982456,0.105263158,0.01754386,1,0,0,0,0,0.074074074,0.018518519,0,0,0.907407407,1,0.054545455,0.8,0.109090909,0,0.036363636
644,1,0,0,0,0,0.629032258,0.177419355,0.177419355,0.016129032,0,0,0,0,0,0.054545455,0,0.036363636,0,0.909090909,1,0.038461538,0.846153846,0.115384615,0,0
645,1,0,0,0,0,0.696428571,0.196428571,0.089285714,0.017857143,1,0,0,0,0,0.019607843,0.039215686,0,0,0.941176471,1,0.133333333,0.733333333,0.1,0,0.033333333
646,1,0,0,0,0,0.684210526,0.192982456,0.105263158,0.01754386,0,0,0,0,0,0.018867925,0,0.037735849,0,0.943396226,1,0.152542373,0.745762712,0.101694915,0,0
647,1,0,0,0,0,0.696428571,0.196428571,0.089285714,0.017857143,1,0,0,0,0,0.037037037,0.018518519,0.037037037,0,0.907407407,1,0.137931034,0.75862069,0.103448276,0,0
648,0.875,0,0,0.125,0,0.75,0.211538462,0.019230769,0.019230769,1,0,0,0,0,0.074074074,0.185185185,0,0.037037037,0.703703704,1,0,0.88,0.12,0,0
649,1,0,0,0,0,0.709090909,0.2,0.072727273,0.018181818,1,0,0,0,0,0.107142857,0.107142857,0,0.017857143,0.767857143,1,0,0.862745098,0.117647059,0,0.019607843
650,0.944444444,0,0,0.055555556,0,0.65,0.183333333,0.15,0.016666667,1,0,0,0,0,0.018867925,0.037735849,0.037735849,0,0.905660377,1,0.056603774,0.830188679,0.113207547,0,0
651,1,0,0,0,0,0.684210526,0.192982456,0.105263158,0.01754386,1,0,0,0,0,0.019607843,0.098039216,0,0.039215686,0.843137255,1,0.074074074,0.814814815,0.111111111,0,0
652,1,0,0,0,0,0.703703704,0.203703704,0.092592593,0,0,1,0,0,0,0,0.019607843,0.019607843,0,0.960784314,1,0.19047619,0.682539683,0.095238095,0.015873016,0.015873016
653,1,0,0,0,0,0.722222222,0.203703704,0.055555556,0.018518519,0.5,0,0,0,0.5,0.018867925,0.018867925,0.037735849,0,0.924528302,1,0.166666667,0.733333333,0.1,0,0
654,0.95,0,0,0.05,0,0.709090909,0.2,0.072727273,0.018181818,0,0,0,0,0,0.019230769,0,0.019230769,0,0.961538462,1,0.163934426,0.721311475,0.098360656,0,0.016393443
655,1,0,0,0,0,0.684210526,0.192982456,0.105263158,0.01754386,0.5,0,0,0.5,0,0.037037037,0.018518519,0.037037037,0,0.907407407,1,0.107142857,0.785714286,0.107142857,0,0
656,0.95,0,0,0.05,0,0.661016949,0.186440678,0.13559322,0.016949153,0,0,0,0,0,0.087719298,0,0.035087719,0,0.877192982,1,0.038461538,0.846153846,0.115384615,0,0
657,0.928571429,0,0,0.071428571,0,0.684210526,0.192982456,0.105263158,0.01754386,1,0,0,0,0,0.019230769,0.096153846,0.019230769,0.019230769,0.846153846,1,0.056603774,0.830188679,0.113207547,0,0
658,1,0,0,0,0,0.619047619,0.174603175,0.19047619,0.015873016,0,0,0,0,0,0.056603774,0,0,0,0.943396226,1,0.018867925,0.830188679,0.113207547,0,0.037735849
659,1,0,0,0,0,0.639344262,0.180327869,0.163934426,0.016393443,1,0,0,0,0,0.056603774,0.056603774,0,0,0.886792453,1,0,0.846153846,0.115384615,0,0.038461538
660,1,0,0,0,0,0.696428571,0.196428571,0.089285714,0.017857143,0,0,0,0,0,0.147540984,0,0.032786885,0,0.819672131,1,0.038461538,0.846153846,0.115384615,0,0
661,1,0,0,0,0,0.709090909,0.2,0.072727273,0.018181818,1,0,0,0,0,0.087719298,0.01754386,0.035087719,0,0.859649123,1,0.107142857,0.785714286,0.107142857,0,0
662,0.95,0,0,0.05,0,0.696428571,0.196428571,0.089285714,0.017857143,0,0,0,0,0,0.054545455,0,0.036363636,0,0.909090909,1,0.122807018,0.771929825,0.105263158,0,0
663,1,0,0,0,0,0.709090909,0.2,0.072727273,0.018181818,1,0,0,0,0,0.037735849,0.018867925,0.018867925,0,0.924528302,1,0.15,0.733333333,0.1,0,0.016666667
664,1,0,0,0,0,0.75,0.211538462,0.019230769,0.019230769,0,0,0,0,0,0,0,0,0,1,1,0.223880597,0.656716418,0.089552239,0,0.029850746
665,1,0,0,0,0,0.696428571,0.196428571,0.089285714,0.017857143,1,0,0,0,0,0.074074074,0.018518519,0,0,0.907407407,1,0.103448276,0.75862069,0.103448276,0,0.034482759
666,0.947368421,0,0,0.052631579,0,0.672413793,0.189655172,0.120689655,0.017241379,0.5,0,0,0.5,0,0.090909091,0.018181818,0,0,0.890909091,1,0.018867925,0.830188679,0.113207547,0,0.037735849
667,0.947368421,0,0.052631579,0,0,0.722222222,0.185185185,0.074074074,0.018518519,1,0,0,0,0,0.074074074,0,0,0.018518519,0.907407407,1,0.15,0.716666667,0.1,0.016666667,0.016666667
668,0.95,0,0,0.05,0,0.709090909,0.2,0.072727273,0.018181818,0,0,0,0,0,0,0,0,0,1,1,0.174603175,0.698412698,0.095238095,0,0.031746032
669,0.95,0,0,0.05,0,0.639344262,0.180327869,0.163934426,0.016393443,0,0,0,0,0,0.090909091,0,0,0,0.909090909,1,0,0.846153846,0.115384615,0,0.038461538
670,0.95,0,0,0.05,0,0.65,0.183333333,0.15,0.016666667,0,0,0,0,0,0.107142857,0,0,0,0.892857143,1,0,0.846153846,0.115384615,0,0.038461538
671,1,0,0,0,0,0.629032258,0.177419355,0.177419355,0.016129032,1,0,0,0,0,0.071428571,0.017857143,0.035714286,0,0.875,1,0,0.88,0.12,0,0
672,1,0,0,0,0,0.722222222,0.203703704,0.055555556,0.018518519,0.833333333,0,0,0.166666667,0,0.019607843,0.098039216,0,0,0.882352941,1,0.103448276,0.75862069,0.103448276,0,0.034482759
673,1,0,0,0,0,0.735849057,0.20754717,0.037735849,0.018867925,1,0,0,0,0,0.122807018,0.122807018,0,0.035087719,0.719298246,1,0,0.88,0.12,0,0
674,1,0,0,0,0,0.722222222,0.203703704,0.055555556,0.018518519,1,0,0,0,0,0.074074074,0.148148148,0,0.018518519,0.759259259,1,0.019230769,0.846153846,0.115384615,0,0.019230769
675,1,0,0,0,0,0.696428571,0.196428571,0.089285714,0.017857143,0,0,0,0,0,0.180327869,0,0,0,0.819672131,1,0,0.846153846,0.115384615,0,0.038461538
676,1,0,0,0,0,0.722222222,0.203703704,0.055555556,0.018518519,0.818181818,0,0,0,0.181818182,0.019230769,0.173076923,0.019230769,0,0.788461538,1,0.019230769,0.846153846,0.115384615,0,0.019230769
677,1,0,0,0,0,0.75,0.211538462,0.019230769,0.019230769,0.846153846,0,0,0,0.153846154,0.038461538,0.192307692,0,0.019230769,0.75,1,0.019230769,0.846153846,0.115384615,0,0.019230769
678,0.928571429,0.071428571,0,0,0,0.644067797,0.186440678,0.152542373,0.016949153,1,0,0,0,0,0,0.12,0,0,0.88,1,0.018518519,0.814814815,0.092592593,0.018518519,0.055555556
679,1,0,0,0,0,0.735849057,0.20754717,0.037735849,0.018867925,0.9,0,0,0.1,0,0.038461538,0.173076923,0,0,0.788461538,1,0.037037037,0.814814815,0.111111111,0,0.037037037
680,1,0,0,0,0,0.672413793,0.189655172,0.120689655,0.017241379,0,0,0,0,0,0.019607843,0,0,0,0.980392157,1,0.133333333,0.733333333,0.1,0,0.033333333
681,0.944444444,0.055555556,0,0,0.019230769,0.730769231,0.211538462,0.038461538,0,1,0,0,0,0,0.037037037,0.018518519,0.037037037,0,0.907407407,1,0.193548387,0.709677419,0.096774194,0,0
682,0.882352941,0.058823529,0,0.058823529,0.017857143,0.678571429,0.196428571,0.107142857,0,1,0,0,0,0,0.089285714,0.035714286,0.017857143,0.017857143,0.839285714,1,0.056603774,0.830188679,0.113207547,0,0
683,1,0,0,0,0,0.696428571,0.196428571,0.089285714,0.017857143,0,0,0,0,0,0.15,0,0.016666667,0,0.833333333,1,0.037735849,0.830188679,0.113207547,0,0.018867925
684,0.95,0,0,0.05,0,0.722222222,0.203703704,0.055555556,0.018518519,0,0,0,0,0,0.166666667,0,0,0,0.833333333,1,0.037037037,0.814814815,0.111111111,0,0.037037037
685,1,0,0,0,0,0.75,0.211538462,0.019230769,0.019230769,1,0,0,0,0,0.147540984,0.081967213,0.032786885,0,0.737704918,1,0.019607843,0.862745098,0.117647059,0,0
686,0.95,0,0,0.05,0,0.639344262,0.180327869,0.163934426,0.016393443,0,0,0,0,0,0.037735849,0,0.018867925,0,0.943396226,1,0.055555556,0.814814815,0.111111111,0,0.018518519
687,1,0,0,0,0,0.684210526,0.192982456,0.105263158,0.01754386,0.5,0,0,0.5,0,0.071428571,0.017857143,0.035714286,0,0.875,1,0.074074074,0.814814815,0.111111111,0,0
688,1,0,0,0,0,0.684210526,0.192982456,0.105263158,0.01754386,0,0,0,0,0,0.072727273,0,0.018181818,0,0.909090909,1,0.105263158,0.771929825,0.105263158,0,0.01754386
689,0.944444444,0.055555556,0,0,0.017241379,0.655172414,0.189655172,0.137931034,0,1,0,0,0,0,0.107142857,0.017857143,0,0,0.875,1,0.037037037,0.814814815,0.111111111,0,0.037037037
690,0.941176471,0,0.058823529,0,0.016666667,0.633333333,0.166666667,0.166666667,0.016666667,0.5,0.25,0,0.25,0,0,0.04,0,0.02,0.94,1,0.036363636,0.818181818,0.072727273,0.018181818,0.054545455
691,1,0,0,0,0,0.661016949,0.186440678,0.13559322,0.016949153,0.5,0,0,0,0.5,0.054545455,0.018181818,0.036363636,0,0.890909091,1,0.056603774,0.830188679,0.113207547,0,0
692,1,0,0,0,0,0.735849057,0.20754717,0.037735849,0.018867925,0,0,0,0,0,0.174603175,0,0.031746032,0,0.793650794,1,0.056603774,0.830188679,0.113207547,0,0
693,1,0,0,0,0,0.75,0.211538462,0.019230769,0.019230769,0,0,0,0,0,0.177419355,0,0.016129032,0,0.806451613,1,0.072727273,0.8,0.109090909,0,0.018181818
694,0.9,0,0,0.1,0,0.709090909,0.2,0.072727273,0.018181818,1,0,0,0,0,0,0.2,0,0,0.8,1,0.018867925,0.830188679,0.113207547,0,0.037735849
695,0.9,0,0,0.1,0,0.722222222,0.203703704,0.055555556,0.018518519,0.909090909,0,0,0.090909091,0,0.038461538,0.153846154,0,0.038461538,0.769230769,1,0.019607843,0.862745098,0.117647059,0,0
696,1,0,0,0,0,0.709090909,0.2,0.072727273,0.018181818,0.909090909,0,0,0.090909091,0,0,0.2,0,0,0.8,1,0.018867925,0.830188679,0.113207547,0,0.037735849
697,1,0,0,0,0,0.672413793,0.189655172,0.120689655,0.017241379,1,0,0,0,0,0.019607843,0.019607843,0,0.019607843,0.941176471,1,0.120689655,0.75862069,0.103448276,0,0.017241379
698,1,0,0,0,0,0.684210526,0.192982456,0.105263158,0.01754386,0,0,0,0,0,0.120689655,0,0.017241379,0,0.862068966,1,0.055555556,0.814814815,0.111111111,0,0.018518519
699,0.9,0,0,0.1,0,0.672413793,0.189655172,0.120689655,0.017241379,1,0,0,0,0,0.054545455,0.018181818,0.036363636,0,0.890909091,1,0.056603774,0.830188679,0.113207547,0,0
700,0.947368421,0,0,0.052631579,0,0.672413793,0.189655172,0.120689655,0.017241379,1,0,0,0,0,0.038461538,0,0,0.019230769,0.942307692,1,0.105263158,0.771929825,0.105263158,0,0.01754386
701,1,0,0,0,0,0.619047619,0.174603175,0.19047619,0.015873016,0,0,0,0,0,0.054545455,0,0.036363636,0,0.909090909,1,0.019607843,0.862745098,0.117647059,0,0
702,1,0,0,0,0,0.709090909,0.2,0.072727273,0.018181818,0,0,0,0,0,0.090909091,0,0,0,0.909090909,1,0.118644068,0.745762712,0.101694915,0,0.033898305
703,0.944444444,0,0,0.055555556,0,0.722222222,0.203703704,0.055555556,0.018518519,1,0,0,0,0,0.161290323,0.032258065,0.032258065,0,0.774193548,1,0,0.88,0.12,0,0
704,0.95,0.05,0,0,0,0.666666667,0.192982456,0.122807018,0.01754386,0,0,0,0,0,0.133333333,0,0.033333333,0,0.833333333,1,0.038461538,0.826923077,0.115384615,0.019230769,0
705,1,0,0,0,0,0.716981132,0.20754717,0.056603774,0.018867925,0,0.5,0,0.5,0,0.174603175,0,0.031746032,0.015873016,0.777777778,1,0.019607843,0.862745098,0.098039216,0.019607843,0
706,0.9,0,0,0.1,1,0,0,0,0,0,0.661016949,0.186440678,0.152542373,0,0.072727273,0.8,0.018181818,0.109090909,0,1,0,0.019230769,0,0.942307692,0.038461538
707,0.944444444,0,0,0.055555556,0.5,0,0.5,0,0,0.018867925,0.735849057,0.188679245,0.056603774,0,0.166666667,0.733333333,0,0.1,0,1,0,0.037735849,0,0.905660377,0.056603774
708,1,0,0,0,0,0,0,0,0,0,0.735849057,0.20754717,0.056603774,0,0.193548387,0.709677419,0,0.096774194,0,1,0.018518519,0,0,0.925925926,0.055555556
709,1,0,0,0,0,0,0,0,0,0,0.75,0.211538462,0.038461538,0,0.206349206,0.698412698,0,0.095238095,0,1,0.018518519,0,0,0.925925926,0.055555556
710,1,0,0,0,0,0,0,0,0,0,0.735849057,0.20754717,0.037735849,0.018867925,0.203125,0.6875,0.015625,0.09375,0,1,0,0,0,0.961538462,0.038461538
711,1,0,0,0,0,0,0,0,0,0,0.722222222,0.203703704,0.055555556,0.018518519,0.206349206,0.698412698,0,0.095238095,0,1,0,0,0,0.961538462,0.038461538
712,1,0,0,0,1,0,0,0,0,0,0.65,0.183333333,0.15,0.016666667,0.120689655,0.75862069,0.017241379,0.103448276,0,1,0,0,0.02,0.98,0
713,1,0,0,0,0,0,0,0,0,0,0.696428571,0.196428571,0.089285714,0.017857143,0.174603175,0.698412698,0.031746032,0.095238095,0,1,0,0,0,1,0
714,0.947368421,0,0,0.052631579,1,0,0,0,0,0,0.709090909,0.2,0.090909091,0,0.147540984,0.721311475,0.032786885,0.098360656,0,1,0.019607843,0.019607843,0,0.960784314,0
715,1,0,0,0,0,0,0,0,0,0,0.661016949,0.186440678,0.152542373,0,0.120689655,0.75862069,0.017241379,0.103448276,0,1,0.019230769,0,0,0.961538462,0.019230769
716,1,0,0,0,1,0,0,0,0,0,0.696428571,0.196428571,0.107142857,0,0.161290323,0.709677419,0.032258065,0.096774194,0,1,0,0.02,0,0.98,0
717,1,0,0,0,0,0,0,0,0,0,0.696428571,0.196428571,0.107142857,0,0.166666667,0.733333333,0,0.1,0,1,0.018867925,0,0,0.943396226,0.037735849
718,1,0,0,0,0,0.629032258,0.177419355,0.177419355,0.016129032,1,0,0,0,0,0.038461538,0.038461538,0,0,0.923076923,1,0.018867925,0.830188679,0.113207547,0,0.037735849
719,1,0,0,0,0,0.684210526,0.192982456,0.105263158,0.01754386,0,0,0,0,0,0.13559322,0,0.016949153,0,0.847457627,1,0.037735849,0.830188679,0.113207547,0,0.018867925
720,1,0,0,0,0,0.684210526,0.192982456,0.105263158,0.01754386,0,0,0,0,0,0.122807018,0,0,0,0.877192982,1,0.054545455,0.8,0.109090909,0,0.036363636
721,0.941176471,0,0,0.058823529,1,0,0,0,0,0,0.735849057,0.20754717,0.056603774,0,0.163934426,0.721311475,0.016393443,0.098360656,0,1,0,0.039215686,0.019607843,0.921568627,0.019607843
722,1,0,0,0,0,0,0,0,0,0,0.684210526,0.192982456,0.105263158,0.01754386,0.152542373,0.745762712,0,0.101694915,0,1,0,0,0,0.943396226,0.056603774
723,1,0,0,0,0,0,0,0,0,0,0.619047619,0.174603175,0.206349206,0,0.056603774,0.830188679,0,0.113207547,0,1,0.018867925,0,0,0.943396226,0.037735849
724,0.95,0,0,0.05,0,0,0,0,0,0,0.609375,0.171875,0.21875,0,0.019607843,0.862745098,0,0.117647059,0,1,0.018867925,0,0,0.943396226,0.037735849
725,1,0,0,0,1,0,0,0,0,0,0.619047619,0.174603175,0.206349206,0,0.019230769,0.846153846,0.019230769,0.115384615,0,1,0.018867925,0.018867925,0,0.924528302,0.037735849
726,1,0,0,0,0,0,0,0,0,0,0.6,0.169230769,0.215384615,0.015384615,0.037037037,0.814814815,0.037037037,0.111111111,0,1,0,0,0,1,0
727,1,0,0,0,0,0,0,0,0,0,0.6,0.169230769,0.215384615,0.015384615,0.018867925,0.830188679,0.037735849,0.113207547,0,1,0.019607843,0,0,0.980392157,0
728,0.904761905,0.047619048,0.047619048,0,0,0,0,0,0,0,0.644067797,0.169491525,0.169491525,0.016949153,0.101694915,0.728813559,0.050847458,0.084745763,0.033898305,1,0.019607843,0,0,0.980392157,0
729,1,0,0,0,1,0,0,0,0,0,0.629032258,0.177419355,0.193548387,0,0.072727273,0.8,0.018181818,0.109090909,0,1,0,0.019607843,0,0.960784314,0.019607843
730,0.95,0,0,0.05,0,0,0,0,0,0,0.609375,0.171875,0.21875,0,0.019607843,0.862745098,0,0.117647059,0,1,0.018867925,0,0,0.943396226,0.037735849
731,0.904761905,0,0,0.095238095,0,0,0,0,0,0,0.629032258,0.177419355,0.193548387,0,0.019607843,0.862745098,0,0.117647059,0,1,0.037037037,0,0,0.925925926,0.037037037
732,1,0,0,0,1,0,0,0,0,0,0.619047619,0.174603175,0.206349206,0,0.037735849,0.830188679,0.018867925,0.113207547,0,1,0.038461538,0,0.019230769,0.942307692,0
733,1,0,0,0,1,0,0,0,0,0,0.672413793,0.189655172,0.137931034,0,0.118644068,0.745762712,0.033898305,0.101694915,0,1,0.019607843,0.019607843,0,0.960784314,0
734,1,0,0,0,0,0,0,0,0,0,0.619047619,0.174603175,0.19047619,0.015873016,0.074074074,0.814814815,0,0.111111111,0,1,0,0,0,0.961538462,0.038461538
735,0.95,0,0,0.05,0,0,0,0,0,0,0.639344262,0.180327869,0.163934426,0.016393443,0.072727273,0.8,0.018181818,0.109090909,0,1,0,0,0,0.961538462,0.038461538
736,0.95,0,0,0.05,0,0,0,0,0,0,0.661016949,0.186440678,0.152542373,0,0.103448276,0.75862069,0.034482759,0.103448276,0,1,0.019607843,0,0,0.980392157,0
737,1,0,0,0,1,0,0,0,0,0,0.629032258,0.177419355,0.193548387,0,0.054545455,0.8,0.036363636,0.109090909,0,1,0.019607843,0.019607843,0,0.960784314,0
738,1,0,0,0,1,0,0,0,0,0,0.684210526,0.192982456,0.122807018,0,0.137931034,0.75862069,0,0.103448276,0,1,0.037735849,0,0.018867925,0.924528302,0.018867925
739,0.904761905,0,0,0.095238095,0,0.735849057,0.20754717,0.037735849,0.018867925,0,0,0,0,0,0.174603175,0,0.031746032,0,0.793650794,1,0.019607843,0.862745098,0.117647059,0,0
740,1,0,0,0,0,0.722222222,0.203703704,0.055555556,0.018518519,0,0,0,0,0,0.203125,0,0.015625,0,0.78125,1,0,0.862745098,0.117647059,0,0.019607843
741,0.947368421,0.052631579,0,0,0.018867925,0.716981132,0.20754717,0.037735849,0.018867925,0,0,0,0,0,0.193548387,0,0,0,0.806451613,1,0.055555556,0.796296296,0.12962963,0,0.018518519
742,0.944444444,0,0,0.055555556,1,0,0,0,0,0,0.65,0.183333333,0.166666667,0,0.074074074,0.814814815,0,0.111111111,0,1,0,0.038461538,0,0.923076923,0.038461538
743,1,0,0,0,1,0,0,0,0,0,0.639344262,0.180327869,0.180327869,0,0.074074074,0.814814815,0,0.111111111,0,1,0,0.02,0.06,0.92,0
744,1,0,0,0,1,0,0,0,0,0,0.629032258,0.177419355,0.193548387,0,0.072727273,0.8,0.018181818,0.109090909,0,1,0.019607843,0,0.019607843,0.960784314,0
745,0.947368421,0,0.052631579,0,1,0,0,0,0,0,0.65,0.166666667,0.183333333,0,0.087719298,0.771929825,0.035087719,0.087719298,0.01754386,1,0,0.019607843,0,0.960784314,0.019607843
746,1,0,0,0,1,0,0,0,0,0,0.709090909,0.2,0.090909091,0,0.166666667,0.733333333,0,0.1,0,1,0.019230769,0,0.038461538,0.923076923,0.019230769
747,1,0,0,0,0,0.703703704,0.203703704,0.074074074,0.018518519,0.5,0.5,0,0,0,0.177419355,0.032258065,0.016129032,0,0.774193548,1,0,0.843137255,0.117647059,0.019607843,0.019607843
748,1,0,0,0,0,0.661016949,0.186440678,0.13559322,0.016949153,1,0,0,0,0,0.122807018,0,0,0.035087719,0.842105263,1,0.019607843,0.862745098,0.117647059,0,0
749,1,0,0,0,0,0.696428571,0.196428571,0.089285714,0.017857143,1,0,0,0,0,0.166666667,0.016666667,0,0,0.816666667,1,0,0.846153846,0.115384615,0,0.038461538
750,1,0,0,0,0,0.696428571,0.196428571,0.089285714,0.017857143,1,0,0,0,0,0.122807018,0.052631579,0,0.01754386,0.807017544,1,0.019230769,0.846153846,0.115384615,0,0.019230769
751,1,0,0,0,0,0,0,0,0,0,0.684210526,0.192982456,0.122807018,0,0.147540984,0.721311475,0.032786885,0.098360656,0,1,0.019607843,0,0,0.980392157,0
752,1,0,0,0,0,0.722222222,0.203703704,0.055555556,0.018518519,0,0,0,0,0,0.118644068,0,0.033898305,0,0.847457627,1,0.107142857,0.785714286,0.107142857,0,0
753,0.947368421,0.052631579,0,0,0.018518519,0.703703704,0.203703704,0.074074074,0,0,0,0,0,0,0.193548387,0,0,0,0.806451613,1,0.018867925,0.830188679,0.113207547,0,0.037735849
754,1,0,0,0,0,0.696428571,0.196428571,0.089285714,0.017857143,0,0,0,0,0,0.152542373,0,0,0,0.847457627,1,0.037037037,0.814814815,0.111111111,0,0.037037037
755,1,0,0,0,0,0.696428571,0.196428571,0.089285714,0.017857143,0,0,0,0,0,0.166666667,0,0,0,0.833333333,1,0.018867925,0.830188679,0.113207547,0,0.037735849
756,1,0,0,0,0,0.619047619,0.174603175,0.19047619,0.015873016,0,0,0,0,0,0.074074074,0,0,0,0.925925926,1,0,0.846153846,0.115384615,0,0.038461538
757,1,0,0,0,0,0.629032258,0.177419355,0.177419355,0.016129032,1,0,0,0,0,0.019607843,0.019607843,0,0,0.960784314,1,0.054545455,0.8,0.109090909,0,0.036363636
758,1,0,0,0,0,0.709090909,0.2,0.072727273,0.018181818,0,0,0,0,0,0.174603175,0,0.031746032,0,0.793650794,1,0.019607843,0.862745098,0.117647059,0,0
759,1,0,0,0,0,0.696428571,0.196428571,0.089285714,0.017857143,0,0,0,0,0,0.177419355,0,0.016129032,0,0.806451613,1,0,0.862745098,0.117647059,0,0.019607843
760,1,0,0,0,0,0.672413793,0.189655172,0.120689655,0.017241379,0,0,0,0,0,0.13559322,0,0.016949153,0,0.847457627,1,0.019230769,0.846153846,0.115384615,0,0.019230769
761,0.947368421,0.052631579,0,0,0.016393443,0.62295082,0.180327869,0.180327869,0,0,0,0,0,0,0.018867925,0,0.037735849,0,0.943396226,1,0.090909091,0.8,0.109090909,0,0
762,0.944444444,0.055555556,0,0,0,0.666666667,0.192982456,0.122807018,0.01754386,1,0,0,0,0,0.122807018,0.01754386,0,0.01754386,0.842105263,1,0.037735849,0.811320755,0.113207547,0.018867925,0.018867925
763,1,0,0,0,0,0.709090909,0.2,0.072727273,0.018181818,1,0,0,0,0,0.152542373,0.016949153,0,0.033898305,0.796610169,1,0.038461538,0.846153846,0.115384615,0,0
764,1,0,0,0,0,0.730769231,0.211538462,0.057692308,0,0.833333333,0.166666667,0,0,0,0.056603774,0.075471698,0,0.037735849,0.830188679,1,0.137931034,0.74137931,0.103448276,0.017241379,0
765,0.933333333,0,0,0.066666667,0,0.661016949,0.186440678,0.13559322,0.016949153,0.833333333,0,0,0.166666667,0,0.019607843,0.098039216,0,0,0.882352941,1,0,0.846153846,0.115384615,0,0.038461538
766,0.947368421,0,0,0.052631579,1,0,0,0,0,0,0.619047619,0.174603175,0.206349206,0,0,0.88,0,0.12,0,1,0.018518519,0.018518519,0,0.907407407,0.055555556
767,1,0,0,0,0,0.684210526,0.192982456,0.105263158,0.01754386,0,0,0,0,0,0.074074074,0,0,0,0.925925926,1,0.103448276,0.75862069,0.103448276,0,0.034482759
768,0.944444444,0,0,0.055555556,1,0,0,0,0,0,0.619047619,0.174603175,0.206349206,0,0.018867925,0.830188679,0.037735849,0.113207547,0,1,0,0.04,0,0.96,0
769,0.904761905,0,0,0.095238095,0,0,0,0,0,0,0.629032258,0.177419355,0.177419355,0.016129032,0.038461538,0.846153846,0,0.115384615,0,1,0.018867925,0,0,0.943396226,0.037735849
770,0.947368421,0,0,0.052631579,1,0,0,0,0,0,0.709090909,0.2,0.090909091,0,0.166666667,0.733333333,0,0.1,0,1,0.019230769,0,0.019230769,0.942307692,0.019230769
771,0.95,0,0,0.05,0,0,0,0,0,0,0.661016949,0.186440678,0.152542373,0,0.105263158,0.771929825,0.01754386,0.105263158,0,1,0.019230769,0,0,0.961538462,0.019230769
772,0.95,0,0,0.05,0,0.672413793,0.189655172,0.120689655,0.017241379,0,0,0,0,0,0.137931034,0,0,0,0.862068966,1,0,0.846153846,0.115384615,0,0.038461538
773,1,0,0,0,0,0,0,0,0,0,0.672413793,0.189655172,0.137931034,0,0.13559322,0.745762712,0.016949153,0.101694915,0,1,0.019230769,0,0,0.961538462,0.019230769
774,0.95,0,0,0.05,0,0,0,0,0,0,0.684210526,0.192982456,0.105263158,0.01754386,0.15,0.733333333,0.016666667,0.1,0,1,0,0,0,0.980392157,0.019607843
775,1,0,0,0,0,0,0,0,0,0,0.639344262,0.180327869,0.180327869,0,0.089285714,0.785714286,0.017857143,0.107142857,0,1,0.019230769,0,0,0.961538462,0.019230769
776,1,0,0,0,0,0,0,0,0,0,0.6,0.169230769,0.215384615,0.015384615,0.037735849,0.830188679,0.018867925,0.113207547,0,1,0,0,0,0.980392157,0.019607843
777,1,0,0,0,0,0,0,0,0,0,0.65,0.183333333,0.166666667,0,0.087719298,0.771929825,0.035087719,0.105263158,0,1,0.019230769,0,0,0.961538462,0.019230769
778,1,0,0,0,0,0,0,0,0,0,0.6,0.169230769,0.230769231,0,0.019230769,0.846153846,0.019230769,0.115384615,0,1,0.019230769,0,0,0.961538462,0.019230769
779,1,0,0,0,0,0,0,0,0,0,0.609375,0.171875,0.21875,0,0.019230769,0.846153846,0.019230769,0.115384615,0,1,0.037735849,0,0,0.943396226,0.018867925
780,1,0,0,0,0,0,0,0,0,0,0.6,0.169230769,0.230769231,0,0,0.88,0,0.12,0,1,0.037037037,0,0,0.925925926,0.037037037
781,1,0,0,0,0,0.639344262,0.180327869,0.163934426,0.016393443,0,0,0,0,0,0.107142857,0,0,0,0.892857143,1,0,0.846153846,0.115384615,0,0.038461538
782,1,0,0,0,0,0.639344262,0.180327869,0.163934426,0.016393443,0,0,0,0,0,0.107142857,0,0,0,0.892857143,1,0,0.846153846,0.115384615,0,0.038461538
783,1,0,0,0,0,0.696428571,0.196428571,0.089285714,0.017857143,0.666666667,0,0,0.333333333,0,0.152542373,0.016949153,0,0.016949153,0.813559322,1,0,0.862745098,0.117647059,0,0.019607843
784,1,0,0,0,0,0.696428571,0.196428571,0.089285714,0.017857143,1,0,0,0,0,0.090909091,0,0,0.018181818,0.890909091,1,0.105263158,0.771929825,0.105263158,0,0.01754386
785,0.947368421,0.052631579,0,0,0,0,0,0,0,0.016949153,0.644067797,0.186440678,0.152542373,0,0.137931034,0.75862069,0,0.103448276,0,1,0,0,0,0.961538462,0.038461538
786,1,0,0,0,0,0,0,0,0,0,0.709090909,0.2,0.090909091,0,0.180327869,0.721311475,0,0.098360656,0,1,0.018867925,0,0,0.943396226,0.037735849
787,0.95,0,0,0.05,0,0,0,0,0,0,0.639344262,0.180327869,0.163934426,0.016393443,0.090909091,0.8,0,0.109090909,0,1,0,0,0,0.961538462,0.038461538
788,1,0,0,0,1,0,0,0,0,0,0.6,0.169230769,0.230769231,0,0,0.862745098,0.019607843,0.117647059,0,1,0,0.04,0.02,0.94,0
789,0.95,0,0,0.05,0,0,0,0,0,0,0.619047619,0.174603175,0.206349206,0,0.037037037,0.814814815,0.037037037,0.111111111,0,1,0.019607843,0,0,0.980392157,0
790,0.947368421,0,0,0.052631579,0,1,0,0,0,0.015873016,0.603174603,0.174603175,0.19047619,0.015873016,0.037037037,0.833333333,0.037037037,0.092592593,0,1,0,0,0.02,0.98,0
791,1,0,0,0,0,0,0,0,0,0,0.639344262,0.180327869,0.180327869,0,0.072727273,0.8,0.018181818,0.109090909,0,1,0.037735849,0,0,0.943396226,0.018867925
792,1,0,0,0,0,0,1,0,0,0.017241379,0.672413793,0.172413793,0.120689655,0.017241379,0.133333333,0.733333333,0.033333333,0.1,0,1,0,0.02,0,0.98,0
793,1,0,0,0,0,0,0,0,0,0,0.709090909,0.2,0.090909091,0,0.180327869,0.721311475,0,0.098360656,0,1,0.018867925,0,0,0.943396226,0.037735849
794,1,0,0,0,1,0,0,0,0,0,0.709090909,0.2,0.072727273,0.018181818,0.193548387,0.709677419,0,0.096774194,0,1,0,0,0.019607843,0.960784314,0.019607843
795,0.947368421,0.052631579,0,0,0,0,0,0,0,0.017857143,0.678571429,0.196428571,0.107142857,0,0.177419355,0.709677419,0.016129032,0.096774194,0,1,0,0,0,0.980392157,0.019607843
796,1,0,0,0,0,0,0,0,0,0,0.709090909,0.2,0.090909091,0,0.177419355,0.709677419,0.016129032,0.096774194,0,1,0.019230769,0,0,0.961538462,0.019230769
797,0.904761905,0,0,0.095238095,0,0,0,0,0,0,0.696428571,0.196428571,0.107142857,0,0.133333333,0.733333333,0.033333333,0.1,0,1,0.019607843,0,0,0.980392157,0
798,0.9,0,0,0.1,1,0,0,0,0,0,0.696428571,0.196428571,0.107142857,0,0.13559322,0.745762712,0.016949153,0.101694915,0,1,0.019607843,0,0.019607843,0.960784314,0
799,1,0,0,0,0,1,0,0,0,0.018181818,0.690909091,0.2,0.072727273,0.018181818,0.163934426,0.737704918,0.016393443,0.081967213,0,1,0,0,0.019230769,0.942307692,0.038461538
800,1,0,0,0,0,0.661016949,0.186440678,0.13559322,0.016949153,1,0,0,0,0,0.072727273,0,0.018181818,0.018181818,0.890909091,1,0.074074074,0.814814815,0.111111111,0,0
801,1,0,0,0,0,0.696428571,0.196428571,0.089285714,0.017857143,1,0,0,0,0,0.019230769,0,0.019230769,0.019230769,0.942307692,1,0.166666667,0.733333333,0.1,0,0
802,0.95,0,0,0.05,0,0.65,0.183333333,0.15,0.016666667,0,0,0,0,0,0.074074074,0,0,0,0.925925926,1,0.037037037,0.814814815,0.111111111,0,0.037037037
803,1,0,0,0,0.017857143,0.678571429,0.196428571,0.107142857,0,0.666666667,0.333333333,0,0,0,0.122807018,0.035087719,0,0.01754386,0.824561404,1,0.037735849,0.830188679,0.113207547,0,0.018867925
804,0.928571429,0.071428571,0,0,0.016393443,0.62295082,0.180327869,0.180327869,0,1,0,0,0,0,0.056603774,0.056603774,0,0.037735849,0.849056604,1,0,0.88,0.12,0,0
805,1,0,0,0,0,0.639344262,0.180327869,0.163934426,0.016393443,1,0,0,0,0,0.072727273,0.018181818,0.018181818,0.018181818,0.872727273,1,0.019607843,0.862745098,0.117647059,0,0
806,1,0,0,0,0,0.684210526,0.192982456,0.105263158,0.01754386,1,0,0,0,0,0.089285714,0.035714286,0.017857143,0,0.857142857,1,0.055555556,0.814814815,0.111111111,0,0.018518519
807,1,0,0,0,0,0.65,0.183333333,0.15,0.016666667,0,0,0,0,0,0.089285714,0,0.017857143,0,0.892857143,1,0.037735849,0.830188679,0.113207547,0,0.018867925
808,1,0,0,0,0,0.661016949,0.186440678,0.13559322,0.016949153,1,0,0,0,0,0.074074074,0.055555556,0,0,0.87037037,1,0.018867925,0.830188679,0.113207547,0,0.037735849
809,0.8125,0.125,0,0.0625,0.037037037,0.685185185,0.203703704,0.055555556,0.018518519,1,0,0,0,0,0.137931034,0.068965517,0,0,0.793103448,1,0,0.846153846,0.115384615,0,0.038461538
810,1,0,0,0,0,0.75,0.211538462,0.019230769,0.019230769,1,0,0,0,0,0.193548387,0.032258065,0,0.016129032,0.758064516,1,0.019230769,0.846153846,0.115384615,0,0.019230769
811,0.894736842,0.052631579,0,0.052631579,0,0.716981132,0.20754717,0.075471698,0,1,0,0,0,0,0.206349206,0,0,0.031746032,0.761904762,1,0,0.86,0.12,0.02,0
812,1,0,0,0,1,0,0,0,0,0,0.661016949,0.186440678,0.152542373,0,0.122807018,0.771929825,0,0.105263158,0,1,0,0.02,0.04,0.94,0
813,1,0,0,0,1,0,0,0,0,0,0.672413793,0.189655172,0.137931034,0,0.137931034,0.75862069,0,0.103448276,0,1,0,0.019230769,0,0.942307692,0.038461538
814,0.95,0,0,0.05,0,0,0,0,0,0,0.722222222,0.203703704,0.074074074,0,0.177419355,0.709677419,0.016129032,0.096774194,0,1,0.019230769,0,0,0.961538462,0.019230769
815,0.904761905,0,0,0.095238095,0,0,0,0,0,0,0.735849057,0.20754717,0.037735849,0.018867925,0.180327869,0.721311475,0,0.098360656,0,1,0,0,0,0.943396226,0.056603774
816,0.904761905,0,0,0.095238095,0,0,0,0,0,0,0.735849057,0.20754717,0.037735849,0.018867925,0.180327869,0.721311475,0,0.098360656,0,1,0,0,0,0.943396226,0.056603774
817,1,0,0,0,0,0.65,0.183333333,0.15,0.016666667,1,0,0,0,0,0.054545455,0.018181818,0.036363636,0,0.890909091,1,0.056603774,0.830188679,0.113207547,0,0
818,1,0,0,0,1,0,0,0,0,0,0.696428571,0.196428571,0.107142857,0,0.163934426,0.721311475,0.016393443,0.098360656,0,1,0,0.019607843,0,0.960784314,0.019607843
819,1,0,0,0,0,0,0,0,0,0,0.629032258,0.177419355,0.177419355,0.016129032,0.087719298,0.771929825,0.035087719,0.105263158,0,1,0,0,0,1,0
820,1,0,0,0,0,0,0,0,0,0,0.619047619,0.174603175,0.19047619,0.015873016,0.074074074,0.814814815,0,0.111111111,0,1,0,0,0,0.961538462,0.038461538
821,1,0,0,0,0,1,0,0,0,0.016949153,0.644067797,0.186440678,0.13559322,0.016949153,0.120689655,0.75862069,0.017241379,0.103448276,0,1,0,0.019607843,0,0.960784314,0.019607843
822,1,0,0,0,0,0,0,0,0,0,0.709090909,0.2,0.090909091,0,0.174603175,0.698412698,0.031746032,0.095238095,0,1,0.019607843,0,0,0.980392157,0
823,1,0,0,0,1,0,0,0,0,0,0.684210526,0.192982456,0.122807018,0,0.15,0.733333333,0.016666667,0.1,0,1,0,0.019607843,0,0.960784314,0.019607843
824,1,0,0,0,0,0.672413793,0.189655172,0.120689655,0.017241379,0,0,0,0,0,0.120689655,0,0.017241379,0,0.862068966,1,0.037735849,0.830188679,0.113207547,0,0.018867925
825,0.947368421,0,0,0.052631579,1,0,0,0,0,0,0.709090909,0.2,0.090909091,0,0.163934426,0.721311475,0.016393443,0.098360656,0,1,0,0.019607843,0,0.960784314,0.019607843
826,0.944444444,0,0,0.055555556,1,0,0,0,0,0,0.684210526,0.192982456,0.122807018,0,0.120689655,0.75862069,0.017241379,0.103448276,0,1,0,0.019607843,0.019607843,0.941176471,0.019607843
827,1,0,0,0,0,0.639344262,0.180327869,0.163934426,0.016393443,0,0,0,0,0,0.087719298,0,0.035087719,0,0.877192982,1,0.019607843,0.862745098,0.117647059,0,0
828,0.888888889,0,0,0.111111111,0,0.722222222,0.203703704,0.055555556,0.018518519,0.916666667,0,0,0.083333333,0,0,0.18,0,0.04,0.78,1,0.038461538,0.846153846,0.115384615,0,0
829,1,0,0,0,0,0.735849057,0.20754717,0.037735849,0.018867925,0.9,0,0,0,0.1,0.107142857,0.125,0,0.035714286,0.732142857,1,0,0.88,0.12,0,0
830,1,0,0,0,0,0.65,0.183333333,0.15,0.016666667,1,0,0,0,0,0,0.019607843,0.019607843,0,0.960784314,1,0.105263158,0.771929825,0.105263158,0,0.01754386
831,1,0,0,0,0,0,0,0,0,0,0.722222222,0.203703704,0.074074074,0,0.177419355,0.709677419,0.016129032,0.096774194,0,1,0.018867925,0,0,0.943396226,0.037735849
832,1,0,0,0,1,0,0,0,0,0,0.65,0.183333333,0.166666667,0,0.090909091,0.8,0,0.109090909,0,1,0,0.038461538,0,0.923076923,0.038461538
833,1,0,0,0,0,0,0,0,0,0,0.6,0.169230769,0.215384615,0.015384615,0.038461538,0.846153846,0,0.115384615,0,1,0,0,0,0.961538462,0.038461538
834,1,0,0,0,0,0,0,0,0,0,0.619047619,0.174603175,0.206349206,0,0.037735849,0.830188679,0.018867925,0.113207547,0,1,0.018867925,0,0,0.943396226,0.037735849
835,1,0,0,0,0,0,0,0,0,0,0.661016949,0.186440678,0.152542373,0,0.090909091,0.8,0,0.109090909,0,1,0.036363636,0,0,0.909090909,0.054545455
836,0.904761905,0,0,0.095238095,0,0,0,0,0,0,0.684210526,0.192982456,0.122807018,0,0.105263158,0.771929825,0.01754386,0.105263158,0,1,0.037735849,0,0,0.943396226,0.018867925
837,1,0,0,0,0,0,0,0,0,0,0.619047619,0.174603175,0.206349206,0,0.037037037,0.814814815,0.037037037,0.111111111,0,1,0.038461538,0,0,0.961538462,0
838,1,0,0,0,0,0.722222222,0.203703704,0.055555556,0.018518519,1,0,0,0,0,0.118644068,0.016949153,0.033898305,0,0.830508475,1,0.090909091,0.8,0.109090909,0,0
839,1,0,0,0,0,0.65,0.183333333,0.15,0.016666667,0,0,0,0,0,0.120689655,0,0.017241379,0,0.862068966,1,0,0.862745098,0.117647059,0,0.019607843
840,1,0,0,0,0,0.619047619,0.174603175,0.19047619,0.015873016,0,0,0,0,0,0.074074074,0,0,0,0.925925926,1,0,0.846153846,0.115384615,0,0.038461538
841,1,0,0,0,0,0.661016949,0.186440678,0.13559322,0.016949153,0,0,0,0,0,0.133333333,0,0.033333333,0,0.833333333,1,0,0.88,0.12,0,0
842,1,0,0,0,0,0.75,0.211538462,0.019230769,0.019230769,0,0,0,0,0,0.19047619,0,0.015873016,0,0.793650794,1,0.055555556,0.814814815,0.111111111,0,0.018518519
843,1,0,0,0,0,0.735849057,0.20754717,0.037735849,0.018867925,0.8,0,0,0,0.2,0.163934426,0.049180328,0.016393443,0.016393443,0.754098361,1,0,0.88,0.12,0,0
844,1,0,0,0,0,0,0,0,0,0,0.661016949,0.186440678,0.13559322,0.016949153,0.133333333,0.733333333,0.033333333,0.1,0,1,0,0,0,1,0
845,0.923076923,0,0,0.076923077,0.018181818,0.690909091,0.2,0.072727273,0.018181818,0.75,0.125,0,0,0.125,0.074074074,0.12962963,0,0,0.796296296,1,0,0.843137255,0.137254902,0,0.019607843
846,1,0,0,0,0,0.722222222,0.203703704,0.055555556,0.018518519,1,0,0,0,0,0,0.192307692,0.038461538,0,0.769230769,1,0.056603774,0.830188679,0.113207547,0,0
847,1,0,0,0,0,0.65,0.183333333,0.15,0.016666667,1,0,0,0,0,0.071428571,0.017857143,0.035714286,0,0.875,1,0.038461538,0.846153846,0.115384615,0,0
848,1,0,0,0,0,0.639344262,0.180327869,0.163934426,0.016393443,0,0,0,0,0,0.018867925,0,0.037735849,0,0.943396226,1,0.090909091,0.8,0.109090909,0,0
849,1,0,0,0,0,0.629032258,0.177419355,0.177419355,0.016129032,0.8,0,0,0.2,0,0,0.08,0,0,0.92,1,0,0.846153846,0.115384615,0,0.038461538
850,0.947368421,0,0,0.052631579,0,0.65,0.183333333,0.15,0.016666667,1,0,0,0,0,0,0,0.019607843,0.019607843,0.960784314,1,0.107142857,0.785714286,0.107142857,0,0
851,1,0,0,0,0,0.672413793,0.189655172,0.120689655,0.017241379,1,0,0,0,0,0.019607843,0,0,0.019607843,0.960784314,1,0.13559322,0.745762712,0.101694915,0,0.016949153
852,0.95,0,0,0.05,0,0.661016949,0.186440678,0.13559322,0.016949153,0,0,0,0,0,0.105263158,0,0.01754386,0,0.877192982,1,0.019230769,0.846153846,0.115384615,0,0.019230769
853,0.947368421,0,0,0.052631579,0,0.639344262,0.180327869,0.163934426,0.016393443,1,0,0,0,0,0,0.019230769,0.038461538,0,0.942307692,1,0.074074074,0.814814815,0.111111111,0,0
854,0.941176471,0,0,0.058823529,0,0.65,0.183333333,0.15,0.016666667,1,0,0,0,0,0.037735849,0.037735849,0.018867925,0.018867925,0.886792453,1,0.038461538,0.846153846,0.115384615,0,0
855,0.944444444,0,0,0.055555556,0,0.639344262,0.180327869,0.163934426,0.016393443,1,0,0,0,0,0.054545455,0.036363636,0.036363636,0,0.872727273,1,0,0.88,0.12,0,0
856,0.9375,0,0,0.0625,0,0.735849057,0.20754717,0.037735849,0.018867925,1,0,0,0,0,0.089285714,0.053571429,0.017857143,0.017857143,0.821428571,1,0.090909091,0.8,0.109090909,0,0
857,0.947368421,0,0,0.052631579,0,0.661016949,0.186440678,0.13559322,0.016949153,1,0,0,0,0,0.018867925,0.018867925,0.037735849,0,0.924528302,1,0.090909091,0.8,0.109090909,0,0
858,1,0,0,0,0,0.65,0.183333333,0.15,0.016666667,1,0,0,0,0,0.055555556,0.037037037,0.018518519,0,0.888888889,1,0.037735849,0.830188679,0.113207547,0,0.018867925
859,0.941176471,0.058823529,0,0,0.018518519,0.703703704,0.203703704,0.074074074,0,0.666666667,0,0,0.333333333,0,0.037735849,0.037735849,0.018867925,0,0.905660377,1,0.13559322,0.745762712,0.101694915,0,0.016949153
860,1,0,0,0,0,0.696428571,0.196428571,0.089285714,0.017857143,0.666666667,0,0,0.333333333,0,0.120689655,0.017241379,0.017241379,0.017241379,0.827586207,1,0.038461538,0.846153846,0.115384615,0,0
861,1,0,0,0,0,0.684210526,0.192982456,0.105263158,0.01754386,1,0,0,0,0,0.087719298,0.070175439,0.035087719,0,0.807017544,1,0.019607843,0.862745098,0.117647059,0,0
862,1,0,0,0,0,0.722222222,0.203703704,0.055555556,0.018518519,1,0,0,0,0,0.072727273,0.072727273,0.018181818,0.018181818,0.818181818,1,0.090909091,0.8,0.109090909,0,0
863,0.95,0,0,0.05,0,0.672413793,0.189655172,0.120689655,0.017241379,0,0,0,0,0,0.038461538,0,0,0,0.961538462,1,0.103448276,0.75862069,0.103448276,0,0.034482759
864,1,0,0,0,0,0.709090909,0.2,0.072727273,0.018181818,0,0,0,0,0,0.019607843,0,0,0,0.980392157,1,0.174603175,0.698412698,0.095238095,0,0.031746032
865,1,0,0,0,0,0.661016949,0.186440678,0.13559322,0.016949153,0,0,0,0,0,0.037735849,0,0.018867925,0,0.943396226,1,0.105263158,0.771929825,0.105263158,0,0.01754386
866,1,0,0,0,0.01754386,0.666666667,0.192982456,0.105263158,0.01754386,0,1,0,0,0,0.019607843,0,0,0.019607843,0.960784314,1,0.133333333,0.733333333,0.1,0,0.033333333
867,0.947368421,0,0,0.052631579,0,0.65,0.183333333,0.15,0.016666667,1,0,0,0,0,0.055555556,0,0.018518519,0.018518519,0.907407407,1,0.056603774,0.830188679,0.113207547,0,0
868,1,0,0,0,0,0.639344262,0.180327869,0.163934426,0.016393443,0,0,0,0,0,0,0,0.038461538,0,0.961538462,1,0.107142857,0.785714286,0.107142857,0,0
869,1,0,0,0,0,0.65,0.183333333,0.15,0.016666667,1,0,0,0,0,0,0.019230769,0.038461538,0,0.942307692,1,0.107142857,0.785714286,0.107142857,0,0
870,1,0,0,0,0,0.696428571,0.196428571,0.089285714,0.017857143,0,0,0,0,0,0,0,0.038461538,0,0.961538462,1,0.180327869,0.721311475,0.098360656,0,0
871,1,0,0,0,0,0.619047619,0.174603175,0.19047619,0.015873016,1,0,0,0,0,0,0,0.019607843,0.019607843,0.960784314,1,0.074074074,0.814814815,0.111111111,0,0
872,1,0,0,0,0,0.619047619,0.174603175,0.19047619,0.015873016,0,0,0,0,0,0,0,0,0,1,1,0.071428571,0.785714286,0.107142857,0,0.035714286
873,0.95,0,0,0.05,0,0.639344262,0.180327869,0.163934426,0.016393443,0,0,0,0,0,0.074074074,0,0,0,0.925925926,1,0.018867925,0.830188679,0.113207547,0,0.037735849
874,1,0,0,0,0,0.709090909,0.2,0.072727273,0.018181818,0.909090909,0,0,0.090909091,0,0.038461538,0.173076923,0,0.019230769,0.769230769,1,0,0.862745098,0.117647059,0,0.019607843
875,0.947368421,0,0,0.052631579,0.016949153,0.644067797,0.186440678,0.13559322,0.016949153,0,1,0,0,0,0.037037037,0,0.037037037,0.018518519,0.907407407,1,0.074074074,0.833333333,0.092592593,0,0
876,1,0,0,0,0,0.735849057,0.20754717,0.037735849,0.018867925,1,0,0,0,0,0,0.14,0,0.04,0.82,1,0.122807018,0.771929825,0.105263158,0,0
877,0.95,0,0,0.05,0,0.735849057,0.20754717,0.037735849,0.018867925,0,0,0,0,0,0,0,0.019607843,0,0.980392157,1,0.203125,0.6875,0.09375,0,0.015625
878,1,0,0,0,0,0.696428571,0.196428571,0.089285714,0.017857143,1,0,0,0,0,0.120689655,0.068965517,0.017241379,0,0.793103448,1,0,0.862745098,0.117647059,0,0.019607843
879,1,0,0,0,0,0.619047619,0.174603175,0.19047619,0.015873016,0,0,0,0,0,0.018867925,0,0.037735849,0,0.943396226,1,0.056603774,0.830188679,0.113207547,0,0
880,0.947368421,0,0,0.052631579,0,0.65,0.183333333,0.15,0.016666667,1,0,0,0,0,0.018867925,0.018867925,0.037735849,0,0.924528302,1,0.074074074,0.814814815,0.111111111,0,0
881,0.95,0.05,0,0,0,0.655172414,0.189655172,0.137931034,0.017241379,0,0,0,0,0,0.089285714,0,0.017857143,0,0.892857143,1,0.072727273,0.781818182,0.109090909,0.018181818,0.018181818
882,1,0,0,0,0,0.684210526,0.192982456,0.105263158,0.01754386,1,0,0,0,0,0.056603774,0.075471698,0,0.037735849,0.830188679,1,0.056603774,0.830188679,0.113207547,0,0
883,1,0,0,0,0,0.709090909,0.2,0.072727273,0.018181818,0,0,0,0,0,0.152542373,0,0,0,0.847457627,1,0.054545455,0.8,0.109090909,0,0.036363636
884,1,0,0,0,0,0.672413793,0.189655172,0.120689655,0.017241379,0,0,0,0,0,0.038461538,0,0,0,0.961538462,1,0.118644068,0.745762712,0.101694915,0,0.033898305
885,1,0,0,0,0,0.75,0.211538462,0.019230769,0.019230769,1,0,0,0,0,0,0.019607843,0.019607843,0,0.960784314,1,0.215384615,0.676923077,0.092307692,0,0.015384615
886,0.95,0,0.05,0,0,0.75,0.192307692,0.038461538,0.019230769,0,0,0,0,0,0.054545455,0,0.036363636,0,0.909090909,1,0.193548387,0.693548387,0.096774194,0.016129032,0
887,1,0,0,0,0,0.709090909,0.2,0.072727273,0.018181818,0,0,0,0,0,0.056603774,0,0,0,0.943396226,1,0.147540984,0.721311475,0.098360656,0,0.032786885
888,0.95,0,0,0.05,0,0.672413793,0.189655172,0.120689655,0.017241379,0,0,0,0,0,0.019230769,0,0.019230769,0,0.961538462,1,0.120689655,0.75862069,0.103448276,0,0.017241379
889,0.95,0,0,0.05,0,0.619047619,0.174603175,0.19047619,0.015873016,0,0,0,0,0,0,0,0.019607843,0,0.980392157,1,0.055555556,0.814814815,0.111111111,0,0.018518519
890,0.947368421,0,0,0.052631579,0,0.684210526,0.192982456,0.105263158,0.01754386,1,0,0,0,0,0.122807018,0.01754386,0,0,0.859649123,1,0.018867925,0.830188679,0.113207547,0,0.037735849
891,0.95,0,0,0.05,0,0.722222222,0.203703704,0.055555556,0.018518519,0,0,0,0,0,0.037037037,0,0.037037037,0,0.925925926,1,0.166666667,0.733333333,0.1,0,0
892,1,0,0,0,0,0.709090909,0.2,0.072727273,0.018181818,1,0,0,0,0,0.071428571,0.053571429,0.035714286,0,0.839285714,1,0.090909091,0.8,0.109090909,0,0
893,0.95,0,0,0.05,0,0.696428571,0.196428571,0.089285714,0.017857143,0,0,0,0,0,0.089285714,0,0.017857143,0,0.892857143,1,0.089285714,0.785714286,0.107142857,0,0.017857143
894,0.95,0,0,0.05,0,0.65,0.183333333,0.15,0.016666667,0,0,0,0,0,0.055555556,0,0.018518519,0,0.925925926,1,0.055555556,0.814814815,0.111111111,0,0.018518519
895,0.944444444,0,0,0.055555556,0,0.661016949,0.186440678,0.13559322,0.016949153,0.666666667,0,0,0.333333333,0,0,0.038461538,0.038461538,0,0.923076923,1,0.074074074,0.814814815,0.111111111,0,0
896,0.95,0,0,0.05,0,0.672413793,0.189655172,0.120689655,0.017241379,0,0,0,0,0,0.018867925,0,0.037735849,0,0.943396226,1,0.122807018,0.771929825,0.105263158,0,0
897,0.947368421,0,0,0.052631579,0,0.684210526,0.192982456,0.105263158,0.01754386,1,0,0,0,0,0,0,0.019607843,0.019607843,0.960784314,1,0.152542373,0.745762712,0.101694915,0,0
898,1,0,0,0,0,0.672413793,0.189655172,0.120689655,0.017241379,0,0,0,0,0,0,0,0.019607843,0,0.980392157,1,0.15,0.733333333,0.1,0,0.016666667
899,0.947368421,0.052631579,0,0,0.016666667,0.633333333,0.183333333,0.166666667,0,0,0,0,0,0,0.037735849,0,0.018867925,0,0.943396226,1,0.089285714,0.785714286,0.107142857,0,0.017857143
900,0.95,0,0,0.05,0,0.696428571,0.196428571,0.089285714,0.017857143,0,0,0,0,0,0.103448276,0,0.034482759,0,0.862068966,1,0.074074074,0.814814815,0.111111111,0,0
901,1,0,0,0,0,0.722222222,0.203703704,0.055555556,0.018518519,1,0,0,0,0,0.166666667,0,0,0.016666667,0.816666667,1,0.055555556,0.814814815,0.111111111,0,0.018518519
902,1,0,0,0,0,0.696428571,0.196428571,0.089285714,0.017857143,0,0,0,0,0,0.090909091,0,0,0,0.909090909,1,0.103448276,0.75862069,0.103448276,0,0.034482759
903,0.95,0,0,0.05,0,0.639344262,0.180327869,0.163934426,0.016393443,0,0,0,0,0,0.087719298,0,0.035087719,0,0.877192982,1,0,0.88,0.12,0,0
904,1,0,0,0,0,0.661016949,0.186440678,0.13559322,0.016949153,0,0,0,0,0,0.103448276,0,0.034482759,0,0.862068966,1,0.038461538,0.846153846,0.115384615,0,0
905,1,0,0,0,0,0.709090909,0.2,0.072727273,0.018181818,0,0,0,0,0,0.019607843,0,0,0,0.980392157,1,0.174603175,0.698412698,0.095238095,0,0.031746032
906,1,0,0,0,0,0.735849057,0.20754717,0.037735849,0.018867925,0,0,0,0,0,0.055555556,0,0.018518519,0,0.925925926,1,0.177419355,0.709677419,0.096774194,0,0.016129032
907,0.947368421,0,0,0.052631579,0,0.696428571,0.196428571,0.089285714,0.017857143,1,0,0,0,0,0.019607843,0,0,0.019607843,0.960784314,1,0.15,0.733333333,0.1,0,0.016666667
908,1,0,0,0,0,0.75,0.211538462,0.019230769,0.019230769,1,0,0,0,0,0.056603774,0,0,0.018867925,0.924528302,1,0.19047619,0.698412698,0.095238095,0,0.015873016
909,1,0,0,0,0,0.709090909,0.2,0.072727273,0.018181818,0,0,0,0,0,0.037037037,0,0.037037037,0,0.925925926,1,0.166666667,0.733333333,0.1,0,0
910,1,0,0,0,0,0.735849057,0.20754717,0.037735849,0.018867925,1,0,0,0,0,0.090909091,0,0,0.018181818,0.890909091,1,0.15,0.733333333,0.1,0,0.016666667
911,1,0,0,0,0,0.735849057,0.20754717,0.037735849,0.018867925,0,0,0,0,0,0.147540984,0,0.032786885,0,0.819672131,1,0.090909091,0.8,0.109090909,0,0
912,1,0,0,0,0,0.735849057,0.20754717,0.037735849,0.018867925,0,0,0,0,0,0.090909091,0,0,0,0.909090909,1,0.147540984,0.721311475,0.098360656,0,0.032786885
913,1,0,0,0,0,0.722222222,0.203703704,0.055555556,0.018518519,1,0,0,0,0,0.19047619,0,0.015873016,0.015873016,0.777777778,1,0.019607843,0.862745098,0.117647059,0,0
914,0.95,0,0,0.05,0,0.661016949,0.186440678,0.13559322,0.016949153,0,0,0,0,0,0.054545455,0,0.036363636,0,0.909090909,1,0.074074074,0.814814815,0.111111111,0,0
915,1,0,0,0,0,0.661016949,0.186440678,0.13559322,0.016949153,1,0,0,0,0,0.019230769,0.019230769,0.019230769,0.019230769,0.923076923,1,0.107142857,0.785714286,0.107142857,0,0
916,1,0,0,0,0,0.672413793,0.189655172,0.120689655,0.017241379,0.777777778,0,0,0.222222222,0,0,0.12,0,0.02,0.86,1,0.019230769,0.846153846,0.115384615,0,0.019230769
917,1,0,0,0,0,0.696428571,0.196428571,0.089285714,0.017857143,0.916666667,0,0,0.083333333,0,0,0.18,0,0.04,0.78,1,0.019607843,0.862745098,0.117647059,0,0
918,1,0,0,0,0,0.703703704,0.203703704,0.074074074,0.018518519,0.928571429,0.071428571,0,0,0,0,0.254901961,0.019607843,0.019607843,0.705882353,1,0,0.86,0.12,0.02,0
919,1,0,0,0,0,0.684210526,0.192982456,0.105263158,0.01754386,1,0,0,0,0,0.038461538,0.134615385,0,0.038461538,0.788461538,1,0.019607843,0.862745098,0.117647059,0,0
920,1,0,0,0,0,0.709090909,0.2,0.072727273,0.018181818,0.714285714,0,0,0.285714286,0,0.074074074,0.074074074,0,0.018518519,0.833333333,1,0.037735849,0.830188679,0.113207547,0,0.018867925
921,1,0,0,0,0,0.629032258,0.177419355,0.177419355,0.016129032,1,0,0,0,0,0.037037037,0.018518519,0.037037037,0,0.907407407,1,0.038461538,0.846153846,0.115384615,0,0
922,1,0,0,0,0,0.722222222,0.203703704,0.055555556,0.018518519,0,0,0,0,0,0.071428571,0,0.035714286,0,0.892857143,1,0.152542373,0.745762712,0.101694915,0,0
923,0.888888889,0.111111111,0,0,0.06,0.72,0.22,0,0,0,1,0,0,0,0.055555556,0,0.018518519,0.018518519,0.907407407,1,0.1875,0.703125,0.078125,0,0.03125
924,0.95,0,0,0.05,0,0.696428571,0.196428571,0.089285714,0.017857143,0,0,0,0,0,0.072727273,0,0.018181818,0,0.909090909,1,0.105263158,0.771929825,0.105263158,0,0.01754386
925,1,0,0,0,0,0.722222222,0.203703704,0.055555556,0.018518519,1,0,0,0,0,0,0.137254902,0.019607843,0.019607843,0.823529412,1,0.107142857,0.785714286,0.107142857,0,0
926,1,0,0,0,0,0.672413793,0.189655172,0.120689655,0.017241379,0,0,0,0,0,0.090909091,0,0,0,0.909090909,1,0.071428571,0.785714286,0.107142857,0,0.035714286
927,0.95,0,0,0.05,0,0.629032258,0.177419355,0.177419355,0.016129032,0,0,0,0,0,0.074074074,0,0,0,0.925925926,1,0,0.846153846,0.115384615,0,0.038461538
928,0.95,0,0,0.05,0,0.65,0.183333333,0.15,0.016666667,0,0,0,0,0,0.105263158,0,0.01754386,0,0.877192982,1,0,0.862745098,0.117647059,0,0.019607843
929,0.947368421,0,0,0.052631579,0,0.65,0.183333333,0.15,0.016666667,1,0,0,0,0,0.105263158,0,0.01754386,0.01754386,0.859649123,1,0,0.88,0.12,0,0
930,1,0,0,0,0,0.672413793,0.189655172,0.120689655,0.017241379,0,0,0,0,0,0.103448276,0,0.034482759,0,0.862068966,1,0.056603774,0.830188679,0.113207547,0,0
931,1,0,0,0,0,0.65,0.183333333,0.15,0.016666667,0,0,0,0,0,0,0,0.038461538,0,0.961538462,1,0.122807018,0.771929825,0.105263158,0,0
932,0.95,0,0,0.05,0,0.639344262,0.180327869,0.163934426,0.016393443,0,0,0,0,0,0,0,0,0,1,1,0.087719298,0.771929825,0.105263158,0,0.035087719
933,1,0,0,0,0,0.696428571,0.196428571,0.089285714,0.017857143,0,0,0,0,0,0.072727273,0,0.018181818,0,0.909090909,1,0.120689655,0.75862069,0.103448276,0,0.017241379
934,0.95,0,0,0.05,0,0.684210526,0.192982456,0.105263158,0.01754386,0,0,0,0,0,0.103448276,0,0.034482759,0,0.862068966,1,0.056603774,0.830188679,0.113207547,0,0
935,1,0,0,0,0,0.609375,0.171875,0.203125,0.015625,1,0,0,0,0,0,0.019607843,0.019607843,0,0.960784314,1,0.037735849,0.830188679,0.113207547,0,0.018867925
936,1,0,0,0,0,0.639344262,0.180327869,0.163934426,0.016393443,0.75,0,0,0,0.25,0.037735849,0.056603774,0.018867925,0,0.886792453,1,0,0.862745098,0.117647059,0,0.019607843
937,1,0,0,0,0,0.639344262,0.180327869,0.163934426,0.016393443,0.8,0,0,0.2,0,0.038461538,0.057692308,0,0.019230769,0.884615385,1,0,0.862745098,0.117647059,0,0.019607843
938,1,0,0,0,0,0.684210526,0.192982456,0.105263158,0.01754386,0.8,0,0,0.2,0,0.089285714,0.071428571,0.017857143,0,0.821428571,1,0,0.862745098,0.117647059,0,0.019607843
939,1,0,0,0,0,0.666666667,0.192982456,0.122807018,0.01754386,0.571428571,0.142857143,0,0.142857143,0.142857143,0.037735849,0.094339623,0.018867925,0,0.849056604,1,0.019230769,0.826923077,0.115384615,0.019230769,0.019230769
940,0.904761905,0,0,0.095238095,0,0.629032258,0.177419355,0.177419355,0.016129032,0,0,0,0,0,0,0,0.038461538,0,0.961538462,1,0.056603774,0.830188679,0.113207547,0,0
941,1,0,0,0,0,0.629032258,0.177419355,0.177419355,0.016129032,1,0,0,0,0,0.038461538,0,0,0.019230769,0.942307692,1,0.055555556,0.814814815,0.111111111,0,0.018518519
942,1,0,0,0,0,0.639344262,0.180327869,0.163934426,0.016393443,0,0,0,0,0,0.103448276,0,0.034482759,0,0.862068966,1,0,0.88,0.12,0,0
943,1,0,0,0,0,0.639344262,0.180327869,0.163934426,0.016393443,1,0,0,0,0,0.105263158,0,0.01754386,0.01754386,0.859649123,1,0,0.88,0.12,0,0
944,1,0,0,0,0,0.745098039,0.215686275,0.019607843,0.019607843,0.769230769,0.076923077,0,0.153846154,0,0,0.22,0,0,0.78,1,0.054545455,0.781818182,0.109090909,0.018181818,0.036363636
945,1,0,0,0,0,0.735849057,0.20754717,0.037735849,0.018867925,0,0,0,0,0,0.19047619,0,0.015873016,0,0.793650794,1,0.037735849,0.830188679,0.113207547,0,0.018867925
946,0.916666667,0,0,0.083333333,0,0.672413793,0.189655172,0.120689655,0.017241379,0.888888889,0,0,0.111111111,0,0,0.14,0,0.02,0.84,1,0,0.862745098,0.117647059,0,0.019607843
947,0.928571429,0,0,0.071428571,0,0.696428571,0.196428571,0.089285714,0.017857143,1,0,0,0,0,0,0.117647059,0.019607843,0,0.862745098,1,0.072727273,0.8,0.109090909,0,0.018181818
948,1,0,0,0,0,0.684210526,0.192982456,0.105263158,0.01754386,1,0,0,0,0,0.074074074,0,0,0.018518519,0.907407407,1,0.105263158,0.771929825,0.105263158,0,0.01754386
949,1,0,0,0,0,0.709090909,0.2,0.072727273,0.018181818,1,0,0,0,0,0.019607843,0.215686275,0,0.039215686,0.725490196,1,0,0.88,0.12,0,0
950,1,0,0,0,0,0.75,0.211538462,0.019230769,0.019230769,0.857142857,0,0,0.142857143,0,0,0.22,0,0.02,0.76,1,0.037735849,0.830188679,0.113207547,0,0.018867925
951,1,0,0,0,0,0.661016949,0.186440678,0.13559322,0.016949153,0.75,0,0,0,0.25,0.090909091,0.036363636,0,0.018181818,0.854545455,1,0,0.862745098,0.117647059,0,0.019607843
952,0.95,0,0,0.05,0,0.65,0.183333333,0.15,0.016666667,0,0,0,0,0,0.019230769,0,0.019230769,0,0.961538462,1,0.089285714,0.785714286,0.107142857,0,0.017857143
953,1,0,0,0,0,0.6,0.169230769,0.215384615,0.015384615,0,0,0,0,0,0,0,0.038461538,0,0.961538462,1,0.038461538,0.846153846,0.115384615,0,0
954,0.904761905,0,0,0.095238095,0,0.709090909,0.2,0.072727273,0.018181818,0,0,0,0,0,0.038461538,0,0,0,0.961538462,1,0.133333333,0.733333333,0.1,0,0.033333333
955,1,0,0,0,0,0.75,0.211538462,0.019230769,0.019230769,0,0,0,0,0,0.177419355,0,0.016129032,0,0.806451613,1,0.072727273,0.8,0.109090909,0,0.018181818
956,1,0,0,0,0,0.75,0.211538462,0.019230769,0.019230769,0,0,0,0,0,0.19047619,0,0.015873016,0,0.793650794,1,0.055555556,0.814814815,0.111111111,0,0.018518519
957,1,0,0,0,0,0.75,0.211538462,0.019230769,0.019230769,1,0,0,0,0,0.054545455,0.090909091,0.036363636,0,0.818181818,1,0.122807018,0.771929825,0.105263158,0,0
958,1,0,0,0,0,0.722222222,0.203703704,0.055555556,0.018518519,0,0,0,0,0,0.177419355,0,0.016129032,0,0.806451613,1,0.037735849,0.830188679,0.113207547,0,0.018867925
959,1,0,0,0,0,0.629032258,0.177419355,0.177419355,0.016129032,1,0,0,0,0,0.074074074,0,0,0.018518519,0.907407407,1,0.019230769,0.846153846,0.115384615,0,0.019230769
960,1,0,0,0,0,0.609375,0.171875,0.203125,0.015625,1,0,0,0,0,0.056603774,0,0,0.037735849,0.905660377,1,0,0.88,0.12,0,0
961,1,0,0,0,0,0.696428571,0.196428571,0.089285714,0.017857143,0,0,0,0,0,0.087719298,0,0.035087719,0,0.877192982,1,0.107142857,0.785714286,0.107142857,0,0
962,1,0,0,0,0,0.619047619,0.174603175,0.19047619,0.015873016,0,0,0,0,0,0.037735849,0,0.018867925,0,0.943396226,1,0.037735849,0.830188679,0.113207547,0,0.018867925
963,0.95,0,0.05,0,0,0.709090909,0.181818182,0.090909091,0.018181818,0,0,0,0,0,0.086206897,0,0.051724138,0,0.862068966,1,0.107142857,0.785714286,0.089285714,0.017857143,0
964,0.95,0,0,0.05,0,0.696428571,0.196428571,0.089285714,0.017857143,0,0,0,0,0,0.054545455,0,0.036363636,0,0.909090909,1,0.122807018,0.771929825,0.105263158,0,0
965,1,0,0,0,0,0.629032258,0.177419355,0.177419355,0.016129032,0,0,0,0,0,0.019607843,0,0,0,0.980392157,1,0.071428571,0.785714286,0.107142857,0,0.035714286
966,0.941176471,0.058823529,0,0,0.016666667,0.633333333,0.183333333,0.166666667,0,1,0,0,0,0,0.056603774,0.037735849,0,0,0.905660377,1,0.037037037,0.814814815,0.111111111,0,0.037037037
967,0.944444444,0,0,0.055555556,0,0.661016949,0.186440678,0.13559322,0.016949153,1,0,0,0,0,0.089285714,0.035714286,0.017857143,0,0.857142857,1,0,0.862745098,0.117647059,0,0.019607843
968,0.941176471,0,0,0.058823529,0,0.722222222,0.203703704,0.055555556,0.018518519,1,0,0,0,0,0.090909091,0.018181818,0,0.036363636,0.854545455,1,0.107142857,0.785714286,0.107142857,0,0
969,1,0,0,0,0,0.696428571,0.178571429,0.107142857,0.017857143,0.5,0,0.5,0,0,0.090909091,0.036363636,0,0,0.872727273,1,0.071428571,0.767857143,0.107142857,0.017857143,0.035714286
970,1,0,0,0,0,0.661016949,0.186440678,0.13559322,0.016949153,0,0,0,0,0,0.072727273,0,0.018181818,0,0.909090909,1,0.072727273,0.8,0.109090909,0,0.018181818
971,1,0,0,0,0,0.735849057,0.20754717,0.037735849,0.018867925,1,0,0,0,0,0.147540984,0.016393443,0.032786885,0,0.803278689,1,0.074074074,0.814814815,0.111111111,0,0
972,1,0,0,0,0,0.684210526,0.192982456,0.105263158,0.01754386,0,0,0,0,0,0.089285714,0,0.017857143,0,0.892857143,1,0.089285714,0.785714286,0.107142857,0,0.017857143
973,0.95,0,0,0.05,0,0.722222222,0.203703704,0.055555556,0.018518519,0,0,0,0,0,0.180327869,0,0,0,0.819672131,1,0.018867925,0.830188679,0.113207547,0,0.037735849
974,0.941176471,0,0,0.058823529,0,0.696428571,0.196428571,0.089285714,0.017857143,1,0,0,0,0,0.105263158,0.052631579,0.01754386,0,0.824561404,1,0.019230769,0.846153846,0.115384615,0,0.019230769
975,1,0,0,0,0,0.722222222,0.203703704,0.055555556,0.018518519,0.8,0,0,0.1,0.1,0.055555556,0.148148148,0.018518519,0,0.777777778,1,0,0.862745098,0.117647059,0,0.019607843
976,1,0,0,0,0,0.722222222,0.203703704,0.055555556,0.018518519,0.714285714,0,0,0.142857143,0.142857143,0.107142857,0.089285714,0,0,0.803571429,1,0,0.846153846,0.115384615,0,0.038461538
977,0.9,0.1,0,0,0.016949153,0.627118644,0.186440678,0.152542373,0.016949153,0,0,0,0,0,0.054545455,0,0.036363636,0,0.909090909,1,0.036363636,0.818181818,0.072727273,0.018181818,0.054545455
978,1,0,0,0,0,0.65,0.183333333,0.15,0.016666667,0,0,0,0,0,0.071428571,0,0.035714286,0,0.892857143,1,0.056603774,0.830188679,0.113207547,0,0
979,1,0,0,0,0,0.709090909,0.2,0.072727273,0.018181818,0,0,0,0,0,0.118644068,0,0.033898305,0,0.847457627,1,0.090909091,0.8,0.109090909,0,0
980,1,0,0,0,0,0.75,0.211538462,0.019230769,0.019230769,0,0,0,0,0,0.177419355,0,0.016129032,0,0.806451613,1,0.072727273,0.8,0.109090909,0,0.018181818
981,1,0,0,0,0,0.735849057,0.20754717,0.037735849,0.018867925,1,0,0,0,0,0.13559322,0.033898305,0.016949153,0,0.813559322,1,0.072727273,0.8,0.109090909,0,0.018181818
982,1,0,0,0,0,0.629032258,0.177419355,0.177419355,0.016129032,1,0,0,0,0,0.038461538,0,0,0.019230769,0.942307692,1,0.055555556,0.814814815,0.111111111,0,0.018518519
983,0.95,0,0,0.05,0,0.684210526,0.192982456,0.105263158,0.01754386,0,0,0,0,0,0.133333333,0,0.033333333,0,0.833333333,1,0.019607843,0.862745098,0.117647059,0,0
984,0.95,0,0,0.05,0,0.745098039,0.215686275,0.019607843,0.019607843,0,0.5,0,0.5,0,0.1875,0,0.03125,0.015625,0.765625,1,0.019607843,0.862745098,0.098039216,0.019607843,0
985,1,0,0,0,0,0.722222222,0.203703704,0.055555556,0.018518519,0,0,0,0,0,0.103448276,0,0.034482759,0,0.862068966,1,0.122807018,0.771929825,0.105263158,0,0
986,0.95,0,0,0.05,0,0.709090909,0.2,0.072727273,0.018181818,0,0,0,0,0,0.037037037,0,0.037037037,0,0.925925926,1,0.152542373,0.745762712,0.101694915,0,0
987,0.947368421,0,0,0.052631579,0,0.709090909,0.2,0.072727273,0.018181818,1,0,0,0,0,0.089285714,0,0.017857143,0.017857143,0.875,1,0.107142857,0.785714286,0.107142857,0,0
988,1,0,0,0,0,0.65,0.183333333,0.15,0.016666667,0,0,0,0,0,0.019230769,0,0.019230769,0,0.961538462,1,0.105263158,0.771929825,0.105263158,0,0.01754386
989,1,0,0,0,0,0.75,0.211538462,0.019230769,0.019230769,0.833333333,0,0,0,0.166666667,0.137931034,0.068965517,0,0.017241379,0.775862069,1,0.037735849,0.830188679,0.113207547,0,0.018867925
990,1,0,0,0,0,0.709090909,0.2,0.072727273,0.018181818,0,0,0,0,0,0,0,0.038461538,0,0.961538462,1,0.193548387,0.709677419,0.096774194,0,0
991,1,0,0,0,0,0.684210526,0.192982456,0.105263158,0.01754386,0.5,0,0,0.5,0,0,0.019230769,0.038461538,0,0.942307692,1,0.137931034,0.75862069,0.103448276,0,0
992,1,0,0,0,0,0.684210526,0.192982456,0.105263158,0.01754386,0,0,0,0,0,0,0,0.038461538,0,0.961538462,1,0.166666667,0.733333333,0.1,0,0
993,0.95,0,0,0.05,0,0.722222222,0.203703704,0.055555556,0.018518519,0,0,0,0,0,0.055555556,0,0.018518519,0,0.925925926,1,0.15,0.733333333,0.1,0,0.016666667
994,1,0,0,0,0,0.735849057,0.20754717,0.037735849,0.018867925,0,0,0,0,0,0.118644068,0,0.033898305,0,0.847457627,1,0.122807018,0.771929825,0.105263158,0,0
995,1,0,0,0,0,0.709090909,0.2,0.072727273,0.018181818,1,0,0,0,0,0.152542373,0.033898305,0,0.016949153,0.796610169,1,0.019230769,0.846153846,0.115384615,0,0.019230769
996,0.9375,0,0,0.0625,0,0.722222222,0.203703704,0.055555556,0.018518519,1,0,0,0,0,0.055555556,0.074074074,0.018518519,0,0.851851852,1,0.089285714,0.785714286,0.107142857,0,0.017857143
997,1,0,0,0,0,0.661016949,0.186440678,0.13559322,0.016949153,1,0,0,0,0,0.019607843,0.058823529,0,0,0.921568627,1,0.071428571,0.785714286,0.107142857,0,0.035714286
998,1,0,0,0,0,0.696428571,0.196428571,0.089285714,0.017857143,0,0,0,0,0,0.074074074,0,0,0,0.925925926,1,0.118644068,0.745762712,0.101694915,0,0.033898305
999,1,0,0,0,0,0.672413793,0.189655172,0.120689655,0.017241379,1,0,0,0,0,0.018867925,0.018867925,0.037735849,0,0.924528302,1,0.122807018,0.771929825,0.105263158,0,0
1000,1,0,0,0,0,0.696428571,0.196428571,0.089285714,0.017857143,0,0,0,0,0,0.038461538,0,0,0,0.961538462,1,0.147540984,0.721311475,0.098360656,0,0.032786885
1001,1,0,0,0,0,0.661016949,0.186440678,0.13559322,0.016949153,0,0,0,0,0,0.072727273,0,0.018181818,0,0.909090909,1,0.072727273,0.8,0.109090909,0,0.018181818
1002,1,0,0,0,0.016949153,0.644067797,0.186440678,0.152542373,0,0.75,0.25,0,0,0,0.037735849,0.056603774,0.018867925,0.018867925,0.867924528,1,0.056603774,0.830188679,0.113207547,0,0
1003,1,0,0,0,0,0.709090909,0.2,0.072727273,0.018181818,0.875,0,0,0,0.125,0.055555556,0.111111111,0.018518519,0.018518519,0.796296296,1,0.038461538,0.846153846,0.115384615,0,0
1004,1,0,0,0,0,0.735849057,0.20754717,0.037735849,0.018867925,1,0,0,0,0,0.074074074,0.185185185,0,0.018518519,0.722222222,1,0,0.862745098,0.117647059,0,0.019607843
1005,0.933333333,0,0,0.066666667,0,0.696428571,0.196428571,0.089285714,0.017857143,1,0,0,0,0,0.037037037,0.092592593,0.037037037,0,0.833333333,1,0.056603774,0.830188679,0.113207547,0,0
1006,0.941176471,0,0,0.058823529,0,0.696428571,0.196428571,0.089285714,0.017857143,1,0,0,0,0,0.074074074,0.018518519,0,0.037037037,0.87037037,1,0.090909091,0.8,0.109090909,0,0
1007,0.95,0,0,0.05,0,0.696428571,0.196428571,0.089285714,0.017857143,0,0,0,0,0,0.056603774,0,0,0,0.943396226,1,0.118644068,0.745762712,0.101694915,0,0.033898305
1008,1,0,0,0,0,0.75,0.211538462,0.019230769,0.019230769,1,0,0,0,0,0.147540984,0.032786885,0.032786885,0,0.786885246,1,0.074074074,0.814814815,0.111111111,0,0
1009,1,0,0,0,0,0.709090909,0.2,0.072727273,0.018181818,0,0,0,0,0,0.15,0,0.016666667,0,0.833333333,1,0.055555556,0.814814815,0.111111111,0,0.018518519
1010,1,0,0,0,0,0.672413793,0.189655172,0.120689655,0.017241379,0,0,0,0,0,0.103448276,0,0.034482759,0,0.862068966,1,0.056603774,0.830188679,0.113207547,0,0
1011,1,0,0,0,0,0.65,0.183333333,0.15,0.016666667,1,0,0,0,0,0.056603774,0.037735849,0,0,0.905660377,1,0.037037037,0.814814815,0.111111111,0,0.037037037
1012,0.947368421,0,0,0.052631579,0,0.65,0.183333333,0.15,0.016666667,1,0,0,0,0,0.074074074,0.018518519,0,0,0.907407407,1,0.018867925,0.830188679,0.113207547,0,0.037735849
1013,0.894736842,0,0,0.105263158,0,0.696428571,0.196428571,0.089285714,0.017857143,1,0,0,0,0,0.037735849,0.037735849,0.018867925,0,0.905660377,1,0.089285714,0.785714286,0.107142857,0,0.017857143
1014,0.95,0,0,0.05,0,0.709090909,0.2,0.072727273,0.018181818,0,0,0,0,0,0,0,0,0,1,1,0.174603175,0.698412698,0.095238095,0,0.031746032
1015,1,0,0,0,0,0.709090909,0.2,0.072727273,0.018181818,1,0,0,0,0,0.137931034,0.017241379,0,0.034482759,0.810344828,1,0.056603774,0.830188679,0.113207547,0,0
1016,1,0,0,0,0,0.661016949,0.186440678,0.13559322,0.016949153,0,0,0,0,0,0.089285714,0,0.017857143,0,0.892857143,1,0.055555556,0.814814815,0.111111111,0,0.018518519
1017,0.947368421,0,0,0.052631579,0,0.661016949,0.186440678,0.13559322,0.016949153,1,0,0,0,0,0.037735849,0.018867925,0.018867925,0,0.924528302,1,0.072727273,0.8,0.109090909,0,0.018181818
1018,1,0,0,0,0,0.709090909,0.2,0.072727273,0.018181818,0.833333333,0,0,0,0.166666667,0,0.08,0,0.02,0.9,1,0.120689655,0.75862069,0.103448276,0,0.017241379
1019,1,0,0,0,0,0.672413793,0.189655172,0.120689655,0.017241379,0,0,0,0,0,0.120689655,0,0.017241379,0,0.862068966,1,0.037735849,0.830188679,0.113207547,0,0.018867925
1020,0.941176471,0,0,0.058823529,0,0.684210526,0.192982456,0.105263158,0.01754386,1,0,0,0,0,0.019607843,0.058823529,0,0,0.921568627,1,0.087719298,0.771929825,0.105263158,0,0.035087719
1021,1,0,0,0,0,0.709090909,0.2,0.072727273,0.018181818,0.8,0,0,0,0.2,0,0.08,0,0,0.92,1,0.118644068,0.745762712,0.101694915,0,0.033898305
1022,1,0,0,0,0,0.661016949,0.186440678,0.13559322,0.016949153,0.8,0,0,0,0.2,0,0.08,0,0,0.92,1,0.054545455,0.8,0.109090909,0,0.036363636
1023,1,0,0,0,0,0.661016949,0.186440678,0.13559322,0.016949153,1,0,0,0,0,0.120689655,0.017241379,0.017241379,0,0.844827586,1,0,0.862745098,0.117647059,0,0.019607843
1024,1,0,0,0,0,0.75,0.211538462,0.019230769,0.019230769,0,0,0,0,0,0.074074074,0,0,0,0.925925926,1,0.174603175,0.698412698,0.095238095,0,0.031746032
1025,0.904761905,0,0,0.095238095,0,0.696428571,0.196428571,0.089285714,0.017857143,0,0,0,0,0,0,0,0,0,1,1,0.147540984,0.721311475,0.098360656,0,0.032786885
1026,0.947368421,0,0,0.052631579,0,0.639344262,0.180327869,0.163934426,0.016393443,1,0,0,0,0,0.055555556,0.018518519,0.018518519,0,0.907407407,1,0.019230769,0.846153846,0.115384615,0,0.019230769
1027,0.944444444,0,0,0.055555556,0,0.696428571,0.196428571,0.089285714,0.017857143,1,0,0,0,0,0.090909091,0,0,0.036363636,0.872727273,1,0.090909091,0.8,0.109090909,0,0
1028,0.944444444,0,0,0.055555556,0,0.661016949,0.186440678,0.13559322,0.016949153,1,0,0,0,0,0.072727273,0.036363636,0.018181818,0,0.872727273,1,0.019230769,0.846153846,0.115384615,0,0.019230769
1029,1,0,0,0,0,0.722222222,0.203703704,0.055555556,0.018518519,0,0,0,0,0,0.193548387,0,0,0,0.806451613,1,0.018867925,0.830188679,0.113207547,0,0.037735849
1030,1,0,0,0,0,0.684210526,0.192982456,0.105263158,0.01754386,0,0,0,0,0,0.161290323,0,0.032258065,0,0.806451613,1,0,0.88,0.12,0,0
1031,1,0,0,0,0,0.672413793,0.189655172,0.120689655,0.017241379,0,0,0,0,0,0.118644068,0,0.033898305,0,0.847457627,1,0.038461538,0.846153846,0.115384615,0,0
1032,1,0,0,0,0,0.722222222,0.203703704,0.055555556,0.018518519,0,0,0,0,0,0.147540984,0,0.032786885,0,0.819672131,1,0.074074074,0.814814815,0.111111111,0,0
1033,0.95,0,0,0.05,0,0.629032258,0.177419355,0.177419355,0.016129032,0,0,0,0,0,0.037037037,0,0.037037037,0,0.925925926,1,0.038461538,0.846153846,0.115384615,0,0
1034,1,0,0,0,0,0.619047619,0.174603175,0.19047619,0.015873016,1,0,0,0,0,0.055555556,0.018518519,0.018518519,0.018518519,0.888888889,1,0,0.88,0.12,0,0
1035,0.95,0,0,0.05,0,0.619047619,0.174603175,0.19047619,0.015873016,0,0,0,0,0,0.056603774,0,0,0,0.943396226,1,0,0.846153846,0.115384615,0,0.038461538
1036,0.95,0,0.05,0,0,0.672413793,0.172413793,0.137931034,0.017241379,0,0,0,0,0,0.071428571,0,0.035714286,0,0.892857143,1,0.072727273,0.8,0.090909091,0.018181818,0.018181818
1037,1,0,0,0,0,0.639344262,0.180327869,0.163934426,0.016393443,1,0,0,0,0,0,0.019607843,0.019607843,0.019607843,0.941176471,1,0.090909091,0.8,0.109090909,0,0
1038,0.947368421,0,0,0.052631579,0,0.661016949,0.186440678,0.13559322,0.016949153,1,0,0,0,0,0.019230769,0.019230769,0.019230769,0,0.942307692,1,0.089285714,0.785714286,0.107142857,0,0.017857143
1039,1,0,0,0,0,0.672413793,0.189655172,0.120689655,0.017241379,1,0,0,0,0,0.056603774,0.018867925,0,0,0.924528302,1,0.087719298,0.771929825,0.105263158,0,0.035087719
1040,1,0,0,0,0,0.639344262,0.180327869,0.163934426,0.016393443,1,0,0,0,0,0.074074074,0.018518519,0,0,0.907407407,1,0.018867925,0.830188679,0.113207547,0,0.037735849
1041,1,0,0,0,0,0.65,0.183333333,0.15,0.016666667,0.666666667,0,0,0,0.333333333,0.037735849,0.037735849,0.018867925,0,0.905660377,1,0.037735849,0.830188679,0.113207547,0,0.018867925
1042,0.947368421,0,0,0.052631579,0,0.709090909,0.2,0.072727273,0.018181818,1,0,0,0,0,0.120689655,0,0.017241379,0.017241379,0.844827586,1,0.074074074,0.814814815,0.111111111,0,0
1043,1,0,0,0,0,0.684210526,0.192982456,0.105263158,0.01754386,0,0,0,0,0,0.122807018,0,0,0,0.877192982,1,0.054545455,0.8,0.109090909,0,0.036363636
1044,1,0,0,0,0,0.629032258,0.177419355,0.177419355,0.016129032,0,0,0,0,0,0.089285714,0,0.017857143,0,0.892857143,1,0,0.862745098,0.117647059,0,0.019607843
1045,0.941176471,0,0,0.058823529,0,0.661016949,0.186440678,0.13559322,0.016949153,1,0,0,0,0,0.090909091,0.018181818,0,0.036363636,0.854545455,1,0.019607843,0.862745098,0.117647059,0,0
1046,1,0,0,0,0,0.696428571,0.196428571,0.089285714,0.017857143,1,0,0,0,0,0.038461538,0.134615385,0,0.038461538,0.788461538,1,0.038461538,0.846153846,0.115384615,0,0
1047,0.888888889,0,0.111111111,0,0.036363636,0.690909091,0.181818182,0.072727273,0.018181818,0.9,0.1,0,0,0,0.019607843,0.176470588,0,0.019607843,0.784313725,1,0.037735849,0.830188679,0.113207547,0,0.018867925
1048,0.9375,0,0,0.0625,0,0.684210526,0.192982456,0.105263158,0.01754386,1,0,0,0,0,0.019230769,0.076923077,0.019230769,0,0.884615385,1,0.072727273,0.8,0.109090909,0,0.018181818
1049,0.947368421,0,0,0.052631579,0,0.661016949,0.186440678,0.13559322,0.016949153,1,0,0,0,0,0.107142857,0,0,0.017857143,0.875,1,0.019230769,0.846153846,0.115384615,0,0.019230769
1050,1,0,0,0,0,0.639344262,0.180327869,0.163934426,0.016393443,1,0,0,0,0,0.056603774,0.037735849,0,0,0.905660377,1,0.018867925,0.830188679,0.113207547,0,0.037735849
1051,1,0,0,0,0,0.684210526,0.192982456,0.105263158,0.01754386,0,0,0,0,0,0.090909091,0,0,0,0.909090909,1,0.087719298,0.771929825,0.105263158,0,0.035087719
1052,1,0,0,0,0,0.722222222,0.203703704,0.055555556,0.018518519,0.666666667,0,0,0.333333333,0,0.105263158,0.035087719,0.01754386,0,0.842105263,1,0.072727273,0.8,0.109090909,0,0.018181818
1053,0.944444444,0,0,0.055555556,0,0.709090909,0.2,0.072727273,0.018181818,1,0,0,0,0,0.13559322,0.033898305,0.016949153,0,0.813559322,1,0.019230769,0.846153846,0.115384615,0,0.019230769
1054,1,0,0,0,0,0.709090909,0.181818182,0.090909091,0.018181818,0.75,0,0.25,0,0,0,0.02,0,0.06,0.92,1,0.166666667,0.733333333,0.083333333,0.016666667,0
1055,1,0,0,0,0,0.709090909,0.2,0.072727273,0.018181818,0,0,0,0,0,0.089285714,0,0.017857143,0,0.892857143,1,0.120689655,0.75862069,0.103448276,0,0.017241379
1056,0.941176471,0,0,0.058823529,0,0.65,0.183333333,0.15,0.016666667,1,0,0,0,0,0.019230769,0.038461538,0.019230769,0.019230769,0.903846154,1,0.056603774,0.830188679,0.113207547,0,0
1057,1,0,0,0,0,0.65,0.183333333,0.15,0.016666667,0,0,0,0,0,0.038461538,0,0,0,0.961538462,1,0.087719298,0.771929825,0.105263158,0,0.035087719
1058,1,0,0,0,0,0.722222222,0.203703704,0.055555556,0.018518519,1,0,0,0,0,0.122807018,0.035087719,0,0,0.842105263,1,0.071428571,0.785714286,0.107142857,0,0.035714286
1059,0.95,0,0,0.05,0,0.672413793,0.189655172,0.120689655,0.017241379,0,0,0,0,0,0.037037037,0,0.037037037,0,0.925925926,1,0.107142857,0.785714286,0.107142857,0,0
1060,0.904761905,0,0,0.095238095,0,0.672413793,0.189655172,0.120689655,0.017241379,0,0,0,0,0,0.107142857,0,0,0,0.892857143,1,0.018867925,0.830188679,0.113207547,0,0.037735849
1061,0.947368421,0,0,0.052631579,0,0.696428571,0.196428571,0.089285714,0.017857143,1,0,0,0,0,0.15,0,0.016666667,0.016666667,0.816666667,1,0.019607843,0.862745098,0.117647059,0,0
1062,1,0,0,0,0,0.65,0.183333333,0.15,0.016666667,0,0,0,0,0,0.054545455,0,0.036363636,0,0.909090909,1,0.074074074,0.814814815,0.111111111,0,0
1063,0.95,0,0,0.05,0,0.661016949,0.186440678,0.13559322,0.016949153,0,0,0,0,0,0.118644068,0,0.033898305,0,0.847457627,1,0,0.88,0.12,0,0
1064,0.95,0,0,0.05,0,0.629032258,0.177419355,0.177419355,0.016129032,0,0,0,0,0,0.072727273,0,0.018181818,0,0.909090909,1,0,0.862745098,0.117647059,0,0.019607843
1065,1,0,0,0,0,0.696428571,0.196428571,0.089285714,0.017857143,0.5,0,0,0.5,0,0.019607843,0.019607843,0,0,0.960784314,1,0.133333333,0.733333333,0.1,0,0.033333333
1066,1,0,0,0,0,0.684210526,0.192982456,0.105263158,0.01754386,0.75,0,0,0,0.25,0.018867925,0.056603774,0.037735849,0,0.886792453,1,0.090909091,0.8,0.109090909,0,0
1067,1,0,0,0,0,0.619047619,0.174603175,0.19047619,0.015873016,1,0,0,0,0,0,0.019607843,0.019607843,0,0.960784314,1,0.055555556,0.814814815,0.111111111,0,0.018518519
1068,1,0,0,0,0,0.65,0.183333333,0.15,0.016666667,1,0,0,0,0,0.087719298,0.01754386,0.035087719,0,0.859649123,1,0.019607843,0.862745098,0.117647059,0,0
1069,0.95,0,0,0.05,0,0.639344262,0.180327869,0.163934426,0.016393443,0,0,0,0,0,0.071428571,0,0.035714286,0,0.892857143,1,0.019607843,0.862745098,0.117647059,0,0
1070,1,0,0,0,0,0.639344262,0.180327869,0.163934426,0.016393443,1,0,0,0,0,0.037037037,0.037037037,0.037037037,0,0.888888889,1,0.038461538,0.846153846,0.115384615,0,0
1071,0.947368421,0,0,0.052631579,0,0.684210526,0.192982456,0.105263158,0.01754386,0.5,0,0,0,0.5,0.019230769,0.019230769,0.019230769,0,0.942307692,1,0.105263158,0.771929825,0.105263158,0,0.01754386
1072,0.95,0,0,0.05,0,0.65,0.183333333,0.15,0.016666667,0,0,0,0,0,0.089285714,0,0.017857143,0,0.892857143,1,0.019230769,0.846153846,0.115384615,0,0.019230769
1073,1,0,0,0,0,0.619047619,0.174603175,0.19047619,0.015873016,1,0,0,0,0,0.074074074,0,0,0.018518519,0.907407407,1,0,0.862745098,0.117647059,0,0.019607843
1074,1,0,0,0,0,0.619047619,0.174603175,0.19047619,0.015873016,1,0,0,0,0,0.038461538,0.038461538,0,0.019230769,0.903846154,1,0,0.862745098,0.117647059,0,0.019607843
1075,1,0,0,0,0,0.609375,0.171875,0.203125,0.015625,1,0,0,0,0,0.037037037,0.018518519,0.037037037,0,0.907407407,1,0,0.88,0.12,0,0
1076,1,0,0,0,0,0.661016949,0.186440678,0.13559322,0.016949153,1,0,0,0,0,0.056603774,0.037735849,0,0.018867925,0.886792453,1,0.055555556,0.814814815,0.111111111,0,0.018518519
1077,1,0,0,0,0,0.672413793,0.189655172,0.120689655,0.017241379,1,0,0,0,0,0.074074074,0.037037037,0,0,0.888888889,1,0.054545455,0.8,0.109090909,0,0.036363636
1078,0.95,0,0,0.05,0,0.684210526,0.192982456,0.105263158,0.01754386,0,0,0,0,0,0.137931034,0,0,0,0.862068966,1,0.018867925,0.830188679,0.113207547,0,0.037735849
1079,1,0,0,0,0,0.684210526,0.192982456,0.105263158,0.01754386,0,0,0,0,0,0.122807018,0,0,0,0.877192982,1,0.054545455,0.8,0.109090909,0,0.036363636
1080,0.947368421,0,0,0.052631579,0,0.639344262,0.180327869,0.163934426,0.016393443,0.5,0,0,0,0.5,0.018867925,0.018867925,0.037735849,0,0.924528302,1,0.038461538,0.846153846,0.115384615,0,0
1081,1,0,0,0,0,0.709090909,0.2,0.072727273,0.018181818,1,0,0,0,0,0.054545455,0.018181818,0.036363636,0,0.890909091,1,0.137931034,0.75862069,0.103448276,0,0
1082,1,0,0,0,0,0.661016949,0.186440678,0.13559322,0.016949153,1,0,0,0,0,0.037735849,0.094339623,0.018867925,0.018867925,0.830188679,1,0.019607843,0.862745098,0.117647059,0,0
1083,1,0,0,0,0,0.619047619,0.174603175,0.19047619,0.015873016,1,0,0,0,0,0.019607843,0,0,0.039215686,0.941176471,1,0.056603774,0.830188679,0.113207547,0,0
1084,0.888888889,0,0,0.111111111,0,0.639344262,0.180327869,0.163934426,0.016393443,1,0,0,0,0,0.019607843,0.039215686,0,0.019607843,0.921568627,1,0.019230769,0.846153846,0.115384615,0,0.019230769
1085,0.95,0,0,0.05,0,0.672413793,0.189655172,0.120689655,0.017241379,0,0,0,0,0,0.105263158,0,0.01754386,0,0.877192982,1,0.037735849,0.830188679,0.113207547,0,0.018867925
1086,0.95,0,0,0.05,0,0.661016949,0.186440678,0.13559322,0.016949153,0,0,0,0,0,0.118644068,0,0.033898305,0,0.847457627,1,0,0.88,0.12,0,0
1087,1,0,0,0,0,0.684210526,0.192982456,0.105263158,0.01754386,1,0,0,0,0,0.15,0.016666667,0.016666667,0,0.816666667,1,0,0.862745098,0.117647059,0,0.019607843
1088,1,0,0,0,0,0.722222222,0.203703704,0.055555556,0.018518519,1,0,0,0,0,0.137931034,0.017241379,0,0.017241379,0.827586207,1,0.072727273,0.8,0.109090909,0,0.018181818
1089,1,0,0,0,0,0.709090909,0.2,0.072727273,0.018181818,0.916666667,0,0,0.083333333,0,0.019607843,0.176470588,0,0.039215686,0.764705882,1,0.019607843,0.862745098,0.117647059,0,0
1090,1,0,0,0,0,0.684210526,0.192982456,0.105263158,0.01754386,0.875,0,0,0,0.125,0,0.134615385,0.038461538,0,0.826923077,1,0.038461538,0.846153846,0.115384615,0,0
1091,1,0,0,0,0,0.672413793,0.189655172,0.120689655,0.017241379,1,0,0,0,0,0.105263158,0.01754386,0.01754386,0.01754386,0.842105263,1,0.038461538,0.846153846,0.115384615,0,0
1092,1,0,0,0,0,0.619047619,0.174603175,0.19047619,0.015873016,0,0,0,0,0,0.055555556,0,0.018518519,0,0.925925926,1,0.019230769,0.846153846,0.115384615,0,0.019230769
1093,1,0,0,0,0,0.639344262,0.180327869,0.163934426,0.016393443,0,0,0,0,0,0.071428571,0,0.035714286,0,0.892857143,1,0.038461538,0.846153846,0.115384615,0,0
1094,1,0,0,0,0,0.684210526,0.192982456,0.105263158,0.01754386,0,0,0,0,0,0.133333333,0,0.033333333,0,0.833333333,1,0.038461538,0.846153846,0.115384615,0,0
1095,1,0,0,0,0,0.696428571,0.196428571,0.089285714,0.017857143,0,0,0,0,0,0.180327869,0,0,0,0.819672131,1,0,0.846153846,0.115384615,0,0.038461538
1096,0.916666667,0,0.083333333,0,0,0.709090909,0.181818182,0.090909091,0.018181818,0.8,0,0,0,0.2,0.019607843,0.137254902,0,0.019607843,0.823529412,1,0.037735849,0.811320755,0.113207547,0.018867925,0.018867925
1097,1,0,0,0,0,0.690909091,0.2,0.090909091,0.018181818,0.769230769,0.076923077,0,0,0.153846154,0,0.18,0,0.04,0.78,1,0.019607843,0.843137255,0.117647059,0.019607843,0
1098,1,0,0,0,0,0.709090909,0.2,0.072727273,0.018181818,0.916666667,0,0,0,0.083333333,0.019607843,0.176470588,0,0.039215686,0.764705882,1,0.019607843,0.862745098,0.117647059,0,0
1099,0.8,0.1,0,0.1,0.035714286,0.660714286,0.196428571,0.089285714,0.017857143,0.9,0.1,0,0,0,0.038461538,0.153846154,0,0.038461538,0.769230769,1,0,0.88,0.12,0,0
1100,0.95,0,0,0.05,0,0.684210526,0.192982456,0.105263158,0.01754386,0,0,0,0,0,0,0,0.038461538,0,0.961538462,1,0.152542373,0.745762712,0.101694915,0,0
1101,1,0,0,0,0,0.661016949,0.186440678,0.13559322,0.016949153,0,0,0,0,0,0.122807018,0,0,0,0.877192982,1,0.018867925,0.830188679,0.113207547,0,0.037735849
1102,0.904761905,0,0,0.095238095,0,0.661016949,0.186440678,0.13559322,0.016949153,0,0,0,0,0,0.072727273,0,0.018181818,0,0.909090909,1,0.037735849,0.830188679,0.113207547,0,0.018867925
1103,0.941176471,0,0,0.058823529,0.017857143,0.678571429,0.196428571,0.107142857,0,0.666666667,0.333333333,0,0,0,0.056603774,0.037735849,0,0.018867925,0.886792453,1,0.089285714,0.785714286,0.107142857,0,0.017857143
1104,1,0,0,0,0,0.639344262,0.180327869,0.163934426,0.016393443,1,0,0,0,0,0.055555556,0,0.018518519,0.018518519,0.907407407,1,0.056603774,0.830188679,0.113207547,0,0
1105,0.928571429,0,0,0.071428571,0,0.696428571,0.196428571,0.089285714,0.017857143,1,0,0,0,0,0.074074074,0.092592593,0,0.018518519,0.814814815,1,0.019230769,0.846153846,0.115384615,0,0.019230769
1106,1,0,0,0,0,0.672413793,0.189655172,0.120689655,0.017241379,1,0,0,0,0,0.074074074,0.074074074,0,0.018518519,0.833333333,1,0.019230769,0.846153846,0.115384615,0,0.019230769
1107,0.928571429,0,0,0.071428571,0,0.672413793,0.189655172,0.120689655,0.017241379,1,0,0,0,0,0.074074074,0.074074074,0,0.037037037,0.814814815,1,0,0.88,0.12,0,0
1108,1,0,0,0,0,0.75,0.192307692,0.038461538,0.019230769,0.8,0,0.2,0,0,0.152542373,0.050847458,0,0.033898305,0.762711864,1,0.037735849,0.830188679,0.094339623,0.018867925,0.018867925
1109,0.944444444,0,0,0.055555556,0,0.696428571,0.196428571,0.089285714,0.017857143,1,0,0,0,0,0,0.038461538,0.038461538,0,0.923076923,1,0.137931034,0.75862069,0.103448276,0,0
1110,1,0,0,0,0,0.661016949,0.186440678,0.13559322,0.016949153,1,0,0,0,0,0.018867925,0.018867925,0.037735849,0,0.924528302,1,0.107142857,0.785714286,0.107142857,0,0
1111,0.923076923,0,0,0.076923077,0,0.696428571,0.196428571,0.089285714,0.017857143,1,0,0,0,0,0,0.134615385,0.038461538,0,0.826923077,1,0.056603774,0.830188679,0.113207547,0,0
1112,1,0,0,0,0,0.696428571,0.196428571,0.089285714,0.017857143,0.833333333,0,0,0,0.166666667,0.037735849,0.075471698,0.018867925,0.018867925,0.849056604,1,0.074074074,0.814814815,0.111111111,0,0
1113,1,0,0,0,0,0.65,0.183333333,0.15,0.016666667,0,0,0,0,0,0.118644068,0,0.033898305,0,0.847457627,1,0,0.88,0.12,0,0
1114,0.947368421,0,0,0.052631579,0,0.661016949,0.186440678,0.13559322,0.016949153,1,0,0,0,0,0.105263158,0,0.01754386,0.01754386,0.859649123,1,0.019607843,0.862745098,0.117647059,0,0
1115,1,0,0,0,0,0.65,0.183333333,0.15,0.016666667,0,0,0,0,0,0.122807018,0,0,0,0.877192982,1,0,0.846153846,0.115384615,0,0.038461538
1116,1,0,0,0,0.017241379,0.655172414,0.189655172,0.137931034,0,0.75,0.25,0,0,0,0.038461538,0.076923077,0,0,0.884615385,1,0.054545455,0.8,0.109090909,0,0.036363636
1117,0.944444444,0.055555556,0,0,0.018867925,0.716981132,0.20754717,0.056603774,0,1,0,0,0,0,0.054545455,0.018181818,0.036363636,0,0.890909091,1,0.166666667,0.733333333,0.1,0,0
1118,0.95,0.05,0,0,0,0.730769231,0.211538462,0.038461538,0.019230769,0,0,0,0,0,0.166666667,0,0,0,0.833333333,1,0.070175439,0.771929825,0.087719298,0.01754386,0.052631579
1119,1,0,0,0,0,0.75,0.211538462,0.019230769,0.019230769,0,0,0,0,0,0,0,0.019607843,0,0.980392157,1,0.227272727,0.666666667,0.090909091,0,0.015151515
1120,1,0,0,0,0,0.696428571,0.196428571,0.089285714,0.017857143,0,0,0,0,0,0,0,0,0,1,1,0.174603175,0.698412698,0.095238095,0,0.031746032
1121,0.944444444,0,0,0.055555556,0,0.661016949,0.186440678,0.13559322,0.016949153,1,0,0,0,0,0.019607843,0,0,0.039215686,0.941176471,1,0.107142857,0.785714286,0.107142857,0,0
1122,1,0,0,0,0,0.75,0.211538462,0.019230769,0.019230769,1,0,0,0,0,0.161290323,0.032258065,0.032258065,0,0.774193548,1,0.056603774,0.830188679,0.113207547,0,0
1123,1,0,0,0,0,0.661016949,0.186440678,0.13559322,0.016949153,1,0,0,0,0,0.037735849,0.037735849,0.018867925,0,0.905660377,1,0.072727273,0.8,0.109090909,0,0.018181818
1124,1,0,0,0,0,0.62295082,0.180327869,0.180327869,0.016393443,0.5,0.5,0,0,0,0.056603774,0.018867925,0,0.018867925,0.905660377,1,0.018867925,0.830188679,0.094339623,0.018867925,0.037735849
1125,0.944444444,0,0,0.055555556,0.017857143,0.678571429,0.196428571,0.107142857,0,0.5,0.5,0,0,0,0.137931034,0.034482759,0,0,0.827586207,1,0,0.846153846,0.115384615,0,0.038461538
1126,1,0,0,0,0,0.672413793,0.189655172,0.120689655,0.017241379,0,0,0,0,0,0.152542373,0,0,0,0.847457627,1,0,0.846153846,0.115384615,0,0.038461538
1127,0.95,0.05,0,0,0,0.678571429,0.196428571,0.107142857,0.017857143,0,0,0,0,0,0.177419355,0,0.016129032,0,0.806451613,1,0,0.843137255,0.117647059,0.019607843,0.019607843
1128,1,0,0,0,0.015873016,0.603174603,0.174603175,0.19047619,0.015873016,0,1,0,0,0,0,0,0.038461538,0.019230769,0.942307692,1,0.056603774,0.849056604,0.094339623,0,0
1129,1,0,0,0,0,0.684210526,0.192982456,0.105263158,0.01754386,0,0,0,0,0,0.071428571,0,0.035714286,0,0.892857143,1,0.107142857,0.785714286,0.107142857,0,0
1130,1,0,0,0,0,0.696428571,0.196428571,0.089285714,0.017857143,1,0,0,0,0,0.019230769,0.038461538,0.019230769,0,0.923076923,1,0.13559322,0.745762712,0.101694915,0,0.016949153
1131,1,0,0,0,0,0.684210526,0.192982456,0.105263158,0.01754386,0,0,0,0,0,0.056603774,0,0,0,0.943396226,1,0.118644068,0.745762712,0.101694915,0,0.033898305
1132,1,0,0,0,0,0.75,0.211538462,0.019230769,0.019230769,0.875,0,0,0,0.125,0,0.14,0,0,0.86,1,0.118644068,0.745762712,0.101694915,0,0.033898305
1133,1,0,0,0,0,0.696428571,0.196428571,0.089285714,0.017857143,1,0,0,0,0,0.055555556,0,0.018518519,0.018518519,0.907407407,1,0.137931034,0.75862069,0.103448276,0,0
1134,0.9,0,0,0.1,0,0.684210526,0.192982456,0.105263158,0.01754386,1,0,0,0,0,0.137931034,0,0,0.017241379,0.844827586,1,0,0.862745098,0.117647059,0,0.019607843
1135,0.95,0,0,0.05,0,0.709090909,0.2,0.072727273,0.018181818,0,0,0,0,0,0.152542373,0,0,0,0.847457627,1,0.037037037,0.814814815,0.111111111,0,0.037037037
1136,0.9,0,0,0.1,0,0.65,0.183333333,0.15,0.016666667,1,0,0,0,0,0.054545455,0.018181818,0.036363636,0,0.890909091,1,0.019607843,0.862745098,0.117647059,0,0
1137,0.95,0,0,0.05,0,0.672413793,0.189655172,0.120689655,0.017241379,0,0,0,0,0,0.107142857,0,0,0,0.892857143,1,0.037037037,0.814814815,0.111111111,0,0.037037037
1138,0.941176471,0.058823529,0,0,0,0.690909091,0.2,0.090909091,0.018181818,1,0,0,0,0,0.166666667,0.033333333,0,0.016666667,0.783333333,1,0,0.843137255,0.117647059,0.019607843,0.019607843
1139,1,0,0,0,0,0.722222222,0.203703704,0.055555556,0.018518519,0,0,0,0,0,0.13559322,0,0.016949153,0,0.847457627,1,0.089285714,0.785714286,0.107142857,0,0.017857143
1140,0.95,0,0,0.05,0,0.75,0.211538462,0.019230769,0.019230769,0,0,0,0,0,0.152542373,0,0,0,0.847457627,1,0.087719298,0.771929825,0.105263158,0,0.035087719
1141,0.944444444,0,0,0.055555556,0,0.735849057,0.20754717,0.037735849,0.018867925,1,0,0,0,0,0.107142857,0,0,0.035714286,0.857142857,1,0.122807018,0.771929825,0.105263158,0,0
1142,1,0,0,0,0,0.684210526,0.192982456,0.105263158,0.01754386,1,0,0,0,0,0.118644068,0.016949153,0.033898305,0,0.830508475,1,0.038461538,0.846153846,0.115384615,0,0
1143,1,0,0,0,0,0.672413793,0.189655172,0.120689655,0.017241379,0,0,0,0,0,0.118644068,0,0.033898305,0,0.847457627,1,0.038461538,0.846153846,0.115384615,0,0
1144,1,0,0,0,0,0.672413793,0.189655172,0.120689655,0.017241379,0,0,0,0,0,0,0,0.019607843,0,0.980392157,1,0.15,0.733333333,0.1,0,0.016666667
1145,0.894736842,0.052631579,0,0.052631579,0.016129032,0.612903226,0.177419355,0.193548387,0,1,0,0,0,0,0.019230769,0,0.019230769,0.019230769,0.942307692,1,0.056603774,0.830188679,0.113207547,0,0
1146,1,0,0,0,0,0.661016949,0.186440678,0.13559322,0.016949153,0,0,0,0,0,0.103448276,0,0.034482759,0,0.862068966,1,0.038461538,0.846153846,0.115384615,0,0
1147,0.947368421,0,0,0.052631579,0,0.629032258,0.177419355,0.177419355,0.016129032,1,0,0,0,0,0.037037037,0.018518519,0.037037037,0,0.907407407,1,0.019607843,0.862745098,0.117647059,0,0
1148,1,0,0,0,0,0.619047619,0.174603175,0.19047619,0.015873016,0,0,0,0,0,0.037735849,0,0.018867925,0,0.943396226,1,0.037735849,0.830188679,0.113207547,0,0.018867925
1149,1,0,0,0,0,0.696428571,0.196428571,0.089285714,0.017857143,1,0,0,0,0,0.107142857,0.035714286,0,0,0.857142857,1,0.054545455,0.8,0.109090909,0,0.036363636
1150,0.904761905,0,0,0.095238095,0,0.639344262,0.180327869,0.163934426,0.016393443,0,0,0,0,0,0,0,0.038461538,0,0.961538462,1,0.074074074,0.814814815,0.111111111,0,0
1151,1,0,0,0,0,0.629032258,0.177419355,0.177419355,0.016129032,0,0,0,0,0,0.089285714,0,0.017857143,0,0.892857143,1,0,0.862745098,0.117647059,0,0.019607843
1152,1,0,0,0,0,0.735849057,0.20754717,0.037735849,0.018867925,0,0,0,0,0,0.161290323,0,0.032258065,0,0.806451613,1,0.074074074,0.814814815,0.111111111,0,0
1153,0.95,0,0,0.05,0,0.672413793,0.189655172,0.120689655,0.017241379,0,0,0,0,0,0.122807018,0,0,0,0.877192982,1,0.018867925,0.830188679,0.113207547,0,0.037735849
1154,1,0,0,0,0,0.661016949,0.186440678,0.13559322,0.016949153,0,0,0,0,0,0.118644068,0,0.033898305,0,0.847457627,1,0.019607843,0.862745098,0.117647059,0,0
1155,1,0,0,0,0,0.684210526,0.192982456,0.105263158,0.01754386,0,0,0,0,0,0.147540984,0,0.032786885,0,0.819672131,1,0.019607843,0.862745098,0.117647059,0,0
1156,1,0,0,0,0,0.696428571,0.196428571,0.089285714,0.017857143,0,0,0,0,0,0.137931034,0,0,0,0.862068966,1,0.054545455,0.8,0.109090909,0,0.036363636
1157,1,0,0,0,0,0.65,0.183333333,0.15,0.016666667,0,0,0,0,0,0.089285714,0,0.017857143,0,0.892857143,1,0.037735849,0.830188679,0.113207547,0,0.018867925
1158,0.944444444,0,0,0.055555556,0,0.639344262,0.180327869,0.163934426,0.016393443,1,0,0,0,0,0.038461538,0,0,0.038461538,0.923076923,1,0.056603774,0.830188679,0.113207547,0,0
1159,1,0,0,0,0,0.629032258,0.177419355,0.177419355,0.016129032,1,0,0,0,0,0.037735849,0.037735849,0.018867925,0,0.905660377,1,0.019230769,0.846153846,0.115384615,0,0.019230769
1160,1,0,0,0,0,0.661016949,0.186440678,0.13559322,0.016949153,1,0,0,0,0,0.019607843,0.058823529,0,0,0.921568627,1,0.071428571,0.785714286,0.107142857,0,0.035714286
1161,1,0,0,0,0,0.672413793,0.189655172,0.120689655,0.017241379,1,0,0,0,0,0.019607843,0.019607843,0,0,0.960784314,1,0.118644068,0.745762712,0.101694915,0,0.033898305
1162,0.95,0,0,0.05,0,0.684210526,0.192982456,0.105263158,0.01754386,0,0,0,0,0,0.055555556,0,0.018518519,0,0.925925926,1,0.105263158,0.771929825,0.105263158,0,0.01754386
1163,1,0,0,0,0,0.639344262,0.180327869,0.163934426,0.016393443,1,0,0,0,0,0,0.02,0,0,0.98,1,0.087719298,0.771929825,0.105263158,0,0.035087719
1164,1,0,0,0,0,0.619047619,0.174603175,0.19047619,0.015873016,0,0,0,0,0,0,0,0,0,1,1,0.071428571,0.785714286,0.107142857,0,0.035714286
1165,1,0,0,0,0,0.684210526,0.192982456,0.105263158,0.01754386,0,0,0,0,0,0.133333333,0,0.033333333,0,0.833333333,1,0.038461538,0.846153846,0.115384615,0,0
1166,1,0,0,0,0,0.722222222,0.203703704,0.055555556,0.018518519,0,0,0,0,0,0.056603774,0,0,0,0.943396226,1,0.161290323,0.709677419,0.096774194,0,0.032258065
1167,1,0,0,0,0,0.684210526,0.192982456,0.105263158,0.01754386,1,0,0,0,0,0,0.019230769,0.038461538,0,0.942307692,1,0.152542373,0.745762712,0.101694915,0,0
1168,1,0,0,0,0,0.735849057,0.20754717,0.037735849,0.018867925,1,0,0,0,0,0.071428571,0.017857143,0.035714286,0,0.875,1,0.152542373,0.745762712,0.101694915,0,0
1169,1,0,0,0,0,0.672413793,0.189655172,0.120689655,0.017241379,0.8,0,0,0,0.2,0.019230769,0.076923077,0.019230769,0,0.884615385,1,0.055555556,0.814814815,0.111111111,0,0.018518519
1170,0.95,0,0,0.05,0,0.661016949,0.186440678,0.13559322,0.016949153,0,0,0,0,0,0.054545455,0,0.036363636,0,0.909090909,1,0.074074074,0.814814815,0.111111111,0,0
1171,1,0,0,0,0,0.672413793,0.189655172,0.120689655,0.017241379,0,0,0,0,0,0.018867925,0,0.037735849,0,0.943396226,1,0.137931034,0.75862069,0.103448276,0,0
1172,0.944444444,0,0,0.055555556,0,0.709090909,0.2,0.072727273,0.018181818,0.666666667,0,0,0,0.333333333,0.037735849,0.018867925,0.018867925,0.018867925,0.905660377,1,0.122807018,0.771929825,0.105263158,0,0
1173,0.941176471,0,0,0.058823529,0,0.696428571,0.196428571,0.089285714,0.017857143,1,0,0,0,0,0,0.02,0,0.04,0.94,1,0.152542373,0.745762712,0.101694915,0,0
1174,0.941176471,0,0,0.058823529,0,0.722222222,0.203703704,0.055555556,0.018518519,0.75,0,0,0,0.25,0.055555556,0.037037037,0.018518519,0.018518519,0.87037037,1,0.107142857,0.785714286,0.107142857,0,0
1175,0.95,0,0,0.05,0,0.735849057,0.20754717,0.037735849,0.018867925,0,0,0,0,0,0.071428571,0,0.035714286,0,0.892857143,1,0.152542373,0.745762712,0.101694915,0,0
1176,1,0,0,0,0,0.696428571,0.178571429,0.107142857,0.017857143,0.5,0,0.5,0,0,0.137931034,0,0,0.034482759,0.827586207,1,0.037735849,0.830188679,0.094339623,0.018867925,0.018867925
1177,1,0,0,0,0,0.661016949,0.186440678,0.13559322,0.016949153,0,0,0,0,0,0.071428571,0,0.035714286,0,0.892857143,1,0.074074074,0.814814815,0.111111111,0,0
1178,1,0,0,0,0,0.661016949,0.186440678,0.13559322,0.016949153,1,0,0,0,0,0.019607843,0.039215686,0,0.019607843,0.921568627,1,0.089285714,0.785714286,0.107142857,0,0.017857143
1179,1,0,0,0,0,0.75,0.211538462,0.019230769,0.019230769,0.777777778,0,0,0,0.222222222,0.105263158,0.105263158,0.01754386,0.01754386,0.754385965,1,0.019607843,0.862745098,0.117647059,0,0
1180,1,0,0,0,0,0.730769231,0.211538462,0.057692308,0,0.727272727,0.090909091,0,0.090909091,0.090909091,0.038461538,0.173076923,0,0,0.788461538,1,0.037037037,0.796296296,0.111111111,0.018518519,0.037037037
1181,1,0,0,0,0,0.722222222,0.203703704,0.055555556,0.018518519,0.846153846,0,0,0,0.153846154,0,0.22,0,0,0.78,1,0,0.846153846,0.115384615,0,0.038461538
1182,0.947368421,0,0,0.052631579,0,0.684210526,0.192982456,0.105263158,0.01754386,0.5,0,0,0,0.5,0.105263158,0.01754386,0.01754386,0,0.859649123,1,0.019230769,0.846153846,0.115384615,0,0.019230769
1183,0.941176471,0.058823529,0,0,0.018518519,0.703703704,0.203703704,0.055555556,0.018518519,0.666666667,0,0,0,0.333333333,0.101694915,0.033898305,0.050847458,0,0.813559322,1,0.056603774,0.849056604,0.094339623,0,0
1184,1,0,0,0,0,0.65,0.183333333,0.15,0.016666667,0,0,0,0,0,0,0,0.019607843,0,0.980392157,1,0.120689655,0.75862069,0.103448276,0,0.017241379
1185,1,0,0,0,0,0.629032258,0.177419355,0.177419355,0.016129032,0,0,0,0,0,0.037037037,0,0.037037037,0,0.925925926,1,0.056603774,0.830188679,0.113207547,0,0
1186,0.947368421,0,0,0.052631579,0,0.619047619,0.174603175,0.19047619,0.015873016,1,0,0,0,0,0,0.019607843,0.019607843,0,0.960784314,1,0.037735849,0.830188679,0.113207547,0,0.018867925
1187,1,0,0,0,0,0.609375,0.171875,0.203125,0.015625,0,0,0,0,0,0,0,0.019607843,0,0.980392157,1,0.055555556,0.814814815,0.111111111,0,0.018518519
1188,1,0,0,0,0,0.661016949,0.186440678,0.13559322,0.016949153,0,0,0,0,0,0.038461538,0,0,0,0.961538462,1,0.103448276,0.75862069,0.103448276,0,0.034482759
1189,0.947368421,0,0,0.052631579,0,0.709090909,0.181818182,0.090909091,0.018181818,0.5,0,0.5,0,0,0.019607843,0.039215686,0,0,0.941176471,1,0.133333333,0.716666667,0.1,0.016666667,0.033333333
1190,0.9,0.05,0,0.05,0.01754386,0.666666667,0.192982456,0.122807018,0,0,0,0,0,0,0,0,0,0,1,1,0.147540984,0.721311475,0.098360656,0,0.032786885
1191,0.947368421,0,0,0.052631579,0,0.672413793,0.189655172,0.120689655,0.017241379,1,0,0,0,0,0.019607843,0.019607843,0,0,0.960784314,1,0.103448276,0.75862069,0.103448276,0,0.034482759
1192,1,0,0,0,0,0.722222222,0.203703704,0.055555556,0.018518519,0,0,0,0,0,0.019607843,0,0,0,0.980392157,1,0.1875,0.6875,0.09375,0,0.03125
1193,1,0,0,0,0,0.709090909,0.2,0.072727273,0.018181818,0,0,0,0,0,0.019607843,0,0,0,0.980392157,1,0.174603175,0.698412698,0.095238095,0,0.031746032
1194,0.95,0,0,0.05,0,0.735849057,0.20754717,0.037735849,0.018867925,0,0,0,0,0,0.090909091,0,0,0,0.909090909,1,0.133333333,0.733333333,0.1,0,0.033333333
1195,0.941176471,0,0,0.058823529,0,0.696428571,0.196428571,0.089285714,0.017857143,1,0,0,0,0,0.072727273,0.054545455,0.018181818,0,0.854545455,1,0.055555556,0.814814815,0.111111111,0,0.018518519
1196,1,0,0,0,0,0.735849057,0.20754717,0.037735849,0.018867925,1,0,0,0,0,0.122807018,0.070175439,0,0.035087719,0.771929825,1,0.056603774,0.830188679,0.113207547,0,0
1197,1,0,0,0,0,0.709090909,0.2,0.072727273,0.018181818,0.857142857,0,0,0.142857143,0,0.107142857,0.089285714,0,0.017857143,0.785714286,1,0,0.862745098,0.117647059,0,0.019607843
1198,1,0,0,0,0,0.722222222,0.203703704,0.055555556,0.018518519,0,0,0,0,0,0.161290323,0,0.032258065,0,0.806451613,1,0.056603774,0.830188679,0.113207547,0,0
1199,0.95,0,0,0.05,0,0.709090909,0.2,0.072727273,0.018181818,0,0,0,0,0,0.090909091,0,0,0,0.909090909,1,0.103448276,0.75862069,0.103448276,0,0.034482759
1200,0.95,0,0,0.05,0,0.696428571,0.196428571,0.089285714,0.017857143,0,0,0,0,0,0.019230769,0,0.019230769,0,0.961538462,1,0.15,0.733333333,0.1,0,0.016666667
1201,1,0,0,0,0,0.684210526,0.192982456,0.105263158,0.01754386,0.5,0,0,0,0.5,0.019230769,0.019230769,0.019230769,0,0.942307692,1,0.120689655,0.75862069,0.103448276,0,0.017241379
1202,0.95,0,0,0.05,0,0.684210526,0.192982456,0.105263158,0.01754386,0,0,0,0,0,0.103448276,0,0.034482759,0,0.862068966,1,0.056603774,0.830188679,0.113207547,0,0
1203,0.9,0,0,0.1,0,0.696428571,0.196428571,0.089285714,0.017857143,1,0,0,0,0,0.15,0,0.016666667,0.016666667,0.816666667,1,0,0.88,0.12,0,0
1204,0.933333333,0,0,0.066666667,0,0.65,0.183333333,0.15,0.016666667,1,0,0,0,0,0,0.06,0,0.04,0.9,1,0.056603774,0.830188679,0.113207547,0,0
1205,1,0,0,0,0,0.722222222,0.203703704,0.055555556,0.018518519,0,0,0,0,0,0.137931034,0,0,0,0.862068966,1,0.087719298,0.771929825,0.105263158,0,0.035087719
1206,0.95,0,0,0.05,0,0.639344262,0.180327869,0.163934426,0.016393443,0,0,0,0,0,0.054545455,0,0.036363636,0,0.909090909,1,0.038461538,0.846153846,0.115384615,0,0
1207,1,0,0,0,0,0.639344262,0.180327869,0.163934426,0.016393443,1,0,0,0,0,0.019230769,0.038461538,0.019230769,0,0.923076923,1,0.055555556,0.814814815,0.111111111,0,0.018518519
1208,0.941176471,0,0,0.058823529,0,0.684210526,0.192982456,0.105263158,0.01754386,0.75,0,0,0.25,0,0.019230769,0.038461538,0.019230769,0.019230769,0.903846154,1,0.090909091,0.8,0.109090909,0,0
1209,1,0,0,0,0,0.684210526,0.192982456,0.105263158,0.01754386,1,0,0,0,0,0,0,0,0.02,0.98,1,0.163934426,0.721311475,0.098360656,0,0.016393443
1210,1,0,0,0,0,0.672413793,0.189655172,0.120689655,0.017241379,1,0,0,0,0,0.019607843,0,0,0.019607843,0.960784314,1,0.13559322,0.745762712,0.101694915,0,0.016949153
1211,0.95,0,0,0.05,0,0.672413793,0.189655172,0.120689655,0.017241379,0,0,0,0,0,0.107142857,0,0,0,0.892857143,1,0.037037037,0.814814815,0.111111111,0,0.037037037
1212,1,0,0,0,0,0.65,0.183333333,0.15,0.016666667,0,0,0,0,0,0.054545455,0,0.036363636,0,0.909090909,1,0.074074074,0.814814815,0.111111111,0,0
1213,0.944444444,0,0,0.055555556,0.017241379,0.655172414,0.189655172,0.120689655,0.017241379,0.5,0.5,0,0,0,0.019230769,0,0.019230769,0.038461538,0.923076923,1,0.107142857,0.803571429,0.089285714,0,0
1214,1,0,0,0,0,0.629032258,0.177419355,0.177419355,0.016129032,0,0,0,0,0,0.087719298,0,0.035087719,0,0.877192982,1,0,0.88,0.12,0,0
1215,0.941176471,0,0,0.058823529,0.017241379,0.655172414,0.189655172,0.137931034,0,0.666666667,0.333333333,0,0,0,0.054545455,0.054545455,0.036363636,0,0.854545455,1,0.038461538,0.846153846,0.115384615,0,0
1216,1,0,0,0,0,0.639344262,0.180327869,0.163934426,0.016393443,0,0,0,0,0,0.037037037,0,0.037037037,0,0.925925926,1,0.074074074,0.814814815,0.111111111,0,0
1217,1,0,0,0,0,0.75,0.211538462,0.019230769,0.019230769,0,0,0,0,0,0.071428571,0,0.035714286,0,0.892857143,1,0.180327869,0.721311475,0.098360656,0,0
1218,0.9,0,0,0.1,0,0.722222222,0.203703704,0.055555556,0.018518519,0.909090909,0,0,0,0.090909091,0.019607843,0.196078431,0,0,0.784313725,1,0,0.846153846,0.115384615,0,0.038461538
1219,1,0,0,0,0,0.709090909,0.2,0.072727273,0.018181818,1,0,0,0,0,0.038461538,0.192307692,0,0.019230769,0.75,1,0,0.862745098,0.117647059,0,0.019607843
1220,1,0,0,0,0,0.75,0.211538462,0.019230769,0.019230769,0.928571429,0,0,0,0.071428571,0,0.235294118,0.019607843,0.019607843,0.725490196,1,0.038461538,0.846153846,0.115384615,0,0
1221,0.8,0,0,0.2,0.019230769,0.730769231,0.211538462,0.038461538,0,0.875,0.0625,0,0,0.0625,0,0.26,0,0.04,0.7,1,0,0.88,0.12,0,0
1222,0.8,0.2,0,0,0.019230769,0.730769231,0.211538462,0.019230769,0.019230769,0.875,0,0,0.125,0,0,0.24,0,0.04,0.72,1,0,0.862745098,0.117647059,0,0.019607843
1223,1,0,0,0,0,0.709090909,0.2,0.072727273,0.018181818,0.857142857,0,0,0.142857143,0,0.019607843,0.117647059,0,0,0.862745098,1,0.071428571,0.785714286,0.107142857,0,0.035714286
1224,0.95,0,0,0.05,0,0.722222222,0.203703704,0.055555556,0.018518519,0,0,0,0,0,0.177419355,0,0.016129032,0,0.806451613,1,0.019230769,0.846153846,0.115384615,0,0.019230769
1225,1,0,0,0,0,0.722222222,0.203703704,0.055555556,0.018518519,0,0,0,0,0,0.163934426,0,0.016393443,0,0.819672131,1,0.055555556,0.814814815,0.111111111,0,0.018518519
1226,1,0,0,0,0,0.696428571,0.196428571,0.089285714,0.017857143,0,0,0,0,0,0.13559322,0,0.016949153,0,0.847457627,1,0.055555556,0.814814815,0.111111111,0,0.018518519
1227,1,0,0,0,0,0.722222222,0.203703704,0.055555556,0.018518519,1,0,0,0,0,0.120689655,0.017241379,0.017241379,0.017241379,0.827586207,1,0.090909091,0.8,0.109090909,0,0
1228,1,0,0,0,0,0.722222222,0.203703704,0.055555556,0.018518519,0,0,0,0,0,0.118644068,0,0.033898305,0,0.847457627,1,0.107142857,0.785714286,0.107142857,0,0
1229,0.95,0,0,0.05,0,0.65,0.183333333,0.15,0.016666667,0,0,0,0,0,0.074074074,0,0,0,0.925925926,1,0.037037037,0.814814815,0.111111111,0,0.037037037
1230,1,0,0,0,0,0.722222222,0.203703704,0.055555556,0.018518519,1,0,0,0,0,0.037735849,0.150943396,0.018867925,0,0.79245283,1,0.055555556,0.814814815,0.111111111,0,0.018518519
1231,0.95,0,0,0.05,0,0.6,0.169230769,0.215384615,0.015384615,0,0,0,0,0,0.018867925,0,0.037735849,0,0.943396226,1,0,0.88,0.12,0,0
1232,1,0,0,0,0,0.639344262,0.180327869,0.163934426,0.016393443,0,0,0,0,0,0.071428571,0,0.035714286,0,0.892857143,1,0.038461538,0.846153846,0.115384615,0,0
1233,1,0,0,0,0,0.639344262,0.180327869,0.163934426,0.016393443,1,0,0,0,0,0.019607843,0,0,0.019607843,0.960784314,1,0.089285714,0.785714286,0.107142857,0,0.017857143
1234,1,0,0,0,0,0.672413793,0.189655172,0.120689655,0.017241379,1,0,0,0,0,0.038461538,0,0,0.019230769,0.942307692,1,0.120689655,0.75862069,0.103448276,0,0.017241379
1235,1,0,0,0,0,0.672413793,0.189655172,0.120689655,0.017241379,0.75,0,0,0,0.25,0,0.039215686,0.019607843,0.019607843,0.921568627,1,0.107142857,0.785714286,0.107142857,0,0
1236,0.944444444,0,0,0.055555556,0,0.672413793,0.189655172,0.120689655,0.017241379,1,0,0,0,0,0.038461538,0.038461538,0,0,0.923076923,1,0.071428571,0.785714286,0.107142857,0,0.035714286
1237,0.95,0,0,0.05,0,0.639344262,0.180327869,0.163934426,0.016393443,0,0,0,0,0,0.019607843,0,0,0,0.980392157,1,0.071428571,0.785714286,0.107142857,0,0.035714286
1238,1,0,0,0,0,0.639344262,0.180327869,0.163934426,0.016393443,0.666666667,0,0,0.333333333,0,0.019607843,0.019607843,0,0.019607843,0.941176471,1,0.055555556,0.814814815,0.111111111,0,0.018518519
1239,0.95,0,0,0.05,0,0.735849057,0.20754717,0.037735849,0.018867925,0,0,0,0,0,0.054545455,0,0.036363636,0,0.909090909,1,0.166666667,0.733333333,0.1,0,0
1240,1,0,0,0,0,0.735849057,0.20754717,0.037735849,0.018867925,0,0,0,0,0,0.122807018,0,0,0,0.877192982,1,0.118644068,0.745762712,0.101694915,0,0.033898305
1241,0.928571429,0,0,0.071428571,0.01754386,0.666666667,0.192982456,0.122807018,0,0.833333333,0.166666667,0,0,0,0.019607843,0.098039216,0,0.019607843,0.862745098,1,0.055555556,0.814814815,0.111111111,0,0.018518519
1242,1,0,0,0,0,0.661016949,0.186440678,0.13559322,0.016949153,1,0,0,0,0,0,0.038461538,0.038461538,0,0.923076923,1,0.107142857,0.785714286,0.107142857,0,0
1243,0.95,0,0,0.05,0,0.672413793,0.189655172,0.120689655,0.017241379,0,0,0,0,0,0.019230769,0,0.019230769,0,0.961538462,1,0.120689655,0.75862069,0.103448276,0,0.017241379
1244,1,0,0,0,0,0.696428571,0.196428571,0.089285714,0.017857143,0,0,0,0,0,0.054545455,0,0.036363636,0,0.909090909,1,0.137931034,0.75862069,0.103448276,0,0
1245,1,0,0,0,0,0.684210526,0.192982456,0.105263158,0.01754386,1,0,0,0,0,0.055555556,0.018518519,0.018518519,0.018518519,0.888888889,1,0.107142857,0.785714286,0.107142857,0,0
1246,0.9375,0,0,0.0625,0,0.735849057,0.20754717,0.037735849,0.018867925,1,0,0,0,0,0.056603774,0.037735849,0,0.037735849,0.867924528,1,0.137931034,0.75862069,0.103448276,0,0
1247,0.947368421,0,0,0.052631579,0,0.684210526,0.192982456,0.105263158,0.01754386,1,0,0,0,0,0.118644068,0.016949153,0.033898305,0,0.830508475,1,0.019607843,0.862745098,0.117647059,0,0
1248,0.95,0,0,0.05,0,0.735849057,0.20754717,0.037735849,0.018867925,0,0,0,0,0,0.161290323,0,0.032258065,0,0.806451613,1,0.056603774,0.830188679,0.113207547,0,0
1249,1,0,0,0,0,0.735849057,0.20754717,0.037735849,0.018867925,0.777777778,0,0,0.111111111,0.111111111,0.018867925,0.132075472,0.037735849,0,0.811320755,1,0.074074074,0.814814815,0.111111111,0,0