,"('NPA', 'np')","('NPA', 'np1')","('NPA', 'np2')","('NPA', ('NPA', 'NPA'))","('NPO', 'np')","('NPO', 'np1')","('NPO', 'np2')","('NPO', ('NPA', 'NPO'))","('NPO', ('NPO', 'NPA'))","('NPS', 'np')","('NPS', 'np1')","('NPS', 'np2')","('NPS', ('NPA', 'NPS'))","('NPS', ('NPS', 'NPA'))","('S', ('NPA', 'S'))","('S', ('NPS', 'VP'))","('S', ('S', 'NPA'))","('S', ('VP', 'NPS'))","('S', ('VP',))","('V', 'v')","('VP', ('NPA', 'VP'))","('VP', ('NPO', 'V'))","('VP', ('V', 'NPO'))","('VP', ('V',))","('VP', ('VP', 'NPA'))"
0,0.95,0,0.05,0,0,0,0,0,0,0,0.696428571,0.178571429,0.125,0,0.133333333,0.733333333,0.033333333,0.083333333,0.016666667,1,0.037735849,0,0,0.943396226,0.018867925
1,0.947368421,0.052631579,0,0,0,0.730769231,0.211538462,0.057692308,0,1,0,0,0,0,0.147540984,0.016393443,0.032786885,0,0.803278689,1,0.090909091,0.781818182,0.109090909,0.018181818,0
2,0.95,0,0,0.05,0,0.735849057,0.20754717,0.037735849,0.018867925,0,0,0,0,0,0.137931034,0,0,0,0.862068966,1,0.087719298,0.771929825,0.105263158,0,0.035087719
3,0.95,0,0,0.05,0,0,0,0,0,0,0.696428571,0.196428571,0.089285714,0.017857143,0.161290323,0.709677419,0.032258065,0.096774194,0,1,0,0,0,1,0
4,0.947368421,0,0,0.052631579,0,0,1,0,0,0.017857143,0.696428571,0.178571429,0.107142857,0,0.137931034,0.75862069,0,0.103448276,0,1,0.018867925,0.018867925,0,0.924528302,0.037735849
5,0.95,0,0,0.05,0,0,0,0,0,0,0.661016949,0.186440678,0.13559322,0.016949153,0.118644068,0.745762712,0.033898305,0.101694915,0,1,0,0,0,1,0
6,0.95,0,0,0.05,0,0,0,0,0,0,0.629032258,0.177419355,0.177419355,0.016129032,0.071428571,0.785714286,0.035714286,0.107142857,0,1,0,0,0,1,0
7,0.904761905,0,0,0.095238095,0,0,0,0,0,0,0.639344262,0.180327869,0.163934426,0.016393443,0.071428571,0.785714286,0.035714286,0.107142857,0,1,0,0,0,1,0
8,0.95,0,0,0.05,0,0,0,0,0,0,0.609375,0.171875,0.21875,0,0.019230769,0.846153846,0.019230769,0.115384615,0,1,0.019230769,0,0,0.961538462,0.019230769
9,1,0,0,0,0,1,0,0,0,0.015384615,0.584615385,0.169230769,0.230769231,0,0,0.882352941,0.019607843,0.098039216,0,1,0.019230769,0,0.019230769,0.942307692,0.019230769
10,1,0,0,0,1,0,0,0,0,0,0.609375,0.171875,0.21875,0,0.038461538,0.846153846,0,0.115384615,0,1,0,0.019607843,0.019607843,0.941176471,0.019607843
11,1,0,0,0,0,0,0,0,0,0,0.661016949,0.186440678,0.13559322,0.016949153,0.133333333,0.733333333,0.033333333,0.1,0,1,0,0,0,1,0
12,1,0,0,0,0,0,0,0,0,0,0.661016949,0.186440678,0.152542373,0,0.118644068,0.745762712,0.033898305,0.101694915,0,1,0.019607843,0,0,0.980392157,0
13,0.95,0,0,0.05,0,0,0,0,0,0,0.696428571,0.196428571,0.089285714,0.017857143,0.161290323,0.709677419,0.032258065,0.096774194,0,1,0,0,0,1,0
14,1,0,0,0,0,0,0,0,0,0,0.696428571,0.196428571,0.089285714,0.017857143,0.163934426,0.721311475,0.016393443,0.098360656,0,1,0,0,0,0.961538462,0.038461538
15,1,0,0,0,0,0,0,0,0,0,0.735849057,0.20754717,0.037735849,0.018867925,0.21875,0.6875,0,0.09375,0,1,0,0,0,0.961538462,0.038461538
16,1,0,0,0,1,0,0,0,0,0,0.75,0.211538462,0.038461538,0,0.215384615,0.676923077,0.015384615,0.092307692,0,1,0,0.02,0.02,0.96,0
17,0.95,0.05,0,0,0,0,0,0,0,0,0.76,0.22,0,0.02,0.242424242,0.651515152,0,0.090909091,0.015151515,1,0,0,0,0.943396226,0.056603774
18,1,0,0,0,1,0,0,0,0,0,0.764705882,0.215686275,0.019607843,0,0.21875,0.6875,0,0.09375,0,1,0,0.019230769,0.019230769,0.923076923,0.038461538
19,1,0,0,0,0,0.619047619,0.174603175,0.19047619,0.015873016,0,0,0,0,0,0.019607843,0,0,0,0.980392157,1,0.054545455,0.8,0.109090909,0,0.036363636
20,1,0,0,0,0,0.65,0.183333333,0.15,0.016666667,0,0,0,0,0,0.074074074,0,0,0,0.925925926,1,0.054545455,0.8,0.109090909,0,0.036363636
21,1,0,0,0,0,0.65,0.183333333,0.15,0.016666667,0,0,0,0,0,0.120689655,0,0.017241379,0,0.862068966,1,0,0.862745098,0.117647059,0,0.019607843
22,1,0,0,0,0,0.65,0.183333333,0.15,0.016666667,1,0,0,0,0,0.054545455,0.036363636,0.036363636,0,0.872727273,1,0.038461538,0.846153846,0.115384615,0,0
23,1,0,0,0,0,0.672413793,0.189655172,0.120689655,0.017241379,1,0,0,0,0,0,0.137254902,0.019607843,0.019607843,0.823529412,1,0.038461538,0.846153846,0.115384615,0,0
24,0.9,0,0,0.1,1,0,0,0,0,0,0.661016949,0.186440678,0.152542373,0,0.089285714,0.785714286,0.017857143,0.107142857,0,1,0,0.019607843,0,0.960784314,0.019607843
25,0.904761905,0,0,0.095238095,0,0,0,0,0,0,0.639344262,0.180327869,0.180327869,0,0.055555556,0.814814815,0.018518519,0.111111111,0,1,0.019230769,0,0,0.961538462,0.019230769
26,1,0,0,0,0,0,0,0,0,0,0.672413793,0.189655172,0.120689655,0.017241379,0.152542373,0.745762712,0,0.101694915,0,1,0,0,0,0.961538462,0.038461538
27,0.95,0,0,0.05,0,0.735849057,0.20754717,0.037735849,0.018867925,0,0,0,0,0,0.071428571,0,0.035714286,0,0.892857143,1,0.152542373,0.745762712,0.101694915,0,0
28,1,0,0,0,0,0.696428571,0.196428571,0.089285714,0.017857143,1,0,0,0,0,0.037735849,0.018867925,0.018867925,0,0.924528302,1,0.13559322,0.745762712,0.101694915,0,0.016949153
29,1,0,0,0,1,0,0,0,0,0,0.709090909,0.2,0.072727273,0.018181818,0.19047619,0.698412698,0.015873016,0.095238095,0,1,0,0,0.02,0.98,0
30,1,0,0,0,1,0,0,0,0,0,0.684210526,0.192982456,0.122807018,0,0.152542373,0.745762712,0,0.101694915,0,1,0.019607843,0,0.039215686,0.941176471,0
31,1,0,0,0,0,0,0,0,0,0,0.661016949,0.186440678,0.152542373,0,0.122807018,0.771929825,0,0.105263158,0,1,0.018867925,0,0,0.943396226,0.037735849
32,1,0,0,0,1,0,0,0,0,0,0.696428571,0.196428571,0.107142857,0,0.137931034,0.75862069,0,0.103448276,0,1,0.018518519,0.018518519,0,0.907407407,0.055555556
33,0.95,0,0,0.05,0,0,0,0,0,0,0.639344262,0.180327869,0.163934426,0.016393443,0.074074074,0.814814815,0,0.111111111,0,1,0,0,0,0.943396226,0.056603774
34,0.95,0,0,0.05,0,0,1,0,0,0,0.619047619,0.158730159,0.206349206,0.015873016,0.037735849,0.830188679,0.018867925,0.094339623,0.018867925,1,0,0,0.019607843,0.960784314,0.019607843
35,0.818181818,0.090909091,0,0.090909091,0.019607843,0.745098039,0.215686275,0.019607843,0,1,0,0,0,0,0.018867925,0.169811321,0.037735849,0,0.773584906,1,0.090909091,0.8,0.109090909,0,0
36,0.95,0,0,0.05,0,0.735849057,0.20754717,0.037735849,0.018867925,0,0,0,0,0,0.055555556,0,0.018518519,0,0.925925926,1,0.163934426,0.721311475,0.098360656,0,0.016393443
37,1,0,0,0,0,0.684210526,0.192982456,0.105263158,0.01754386,0,0,0,0,0,0.122807018,0,0,0,0.877192982,1,0.054545455,0.8,0.109090909,0,0.036363636
38,1,0,0,0,1,0,0,0,0,0,0.722222222,0.203703704,0.074074074,0,0.163934426,0.721311475,0.016393443,0.098360656,0,1,0.037735849,0,0.018867925,0.924528302,0.018867925
39,0.818181818,0,0,0.181818182,0.018518519,0.703703704,0.203703704,0.074074074,0,0.9,0.1,0,0,0,0,0.16,0,0.04,0.8,1,0.056603774,0.830188679,0.113207547,0,0
40,1,0,0,0,0,0.735849057,0.20754717,0.037735849,0.018867925,0.909090909,0,0,0,0.090909091,0.055555556,0.185185185,0.018518519,0,0.740740741,1,0,0.862745098,0.117647059,0,0.019607843
41,0.944444444,0,0,0.055555556,0,0.65,0.183333333,0.15,0.016666667,1,0,0,0,0,0.074074074,0,0,0.037037037,0.888888889,1,0.038461538,0.846153846,0.115384615,0,0
42,1,0,0,0,0,0.65,0.183333333,0.15,0.016666667,1,0,0,0,0,0.071428571,0.017857143,0.035714286,0,0.875,1,0.038461538,0.846153846,0.115384615,0,0
43,0.95,0,0,0.05,0,0.672413793,0.189655172,0.120689655,0.017241379,0,0,0,0,0,0.018867925,0,0.037735849,0,0.943396226,1,0.122807018,0.771929825,0.105263158,0,0
44,0.95,0,0,0.05,0,0,0,0,0,0,0.639344262,0.180327869,0.163934426,0.016393443,0.071428571,0.785714286,0.035714286,0.107142857,0,1,0.019607843,0,0,0.980392157,0
45,1,0,0,0,0,0.639344262,0.180327869,0.163934426,0.016393443,1,0,0,0,0,0.055555556,0,0.018518519,0.018518519,0.907407407,1,0.056603774,0.830188679,0.113207547,0,0
46,0.95,0,0,0.05,0,0.696428571,0.196428571,0.089285714,0.017857143,0,0,0,0,0,0.120689655,0,0.017241379,0,0.862068966,1,0.055555556,0.814814815,0.111111111,0,0.018518519
47,1,0,0,0,0,0.722222222,0.203703704,0.055555556,0.018518519,0.666666667,0,0,0.333333333,0,0.071428571,0.035714286,0.035714286,0,0.857142857,1,0.107142857,0.785714286,0.107142857,0,0
48,1,0,0,0,0,0.735849057,0.20754717,0.037735849,0.018867925,0,0,0,0,0,0.203125,0,0.015625,0,0.78125,1,0.019230769,0.846153846,0.115384615,0,0.019230769
49,1,0,0,0,0,0.722222222,0.203703704,0.055555556,0.018518519,0,0,0,0,0,0.1875,0,0.03125,0,0.78125,1,0.019607843,0.862745098,0.117647059,0,0
50,0.944444444,0,0,0.055555556,1,0,0,0,0,0,0.639344262,0.180327869,0.180327869,0,0.056603774,0.830188679,0,0.113207547,0,1,0.019230769,0.019230769,0.019230769,0.923076923,0.019230769
51,0.95,0.05,0,0,0,0,0,0,0,0,0.655172414,0.189655172,0.155172414,0,0.122807018,0.754385965,0,0.105263158,0.01754386,1,0.037037037,0,0,0.925925926,0.037037037
52,1,0,0,0,0,0,0,0,0,0,0.609375,0.171875,0.21875,0,0.018867925,0.830188679,0.037735849,0.113207547,0,1,0.038461538,0,0,0.961538462,0
53,0.95,0,0,0.05,0,0,0,0,0,0,0.65,0.183333333,0.166666667,0,0.087719298,0.771929825,0.035087719,0.105263158,0,1,0.019607843,0,0,0.980392157,0
54,0.95,0,0,0.05,0,0,0,0,0,0,0.619047619,0.174603175,0.19047619,0.015873016,0.037735849,0.830188679,0.018867925,0.113207547,0,1,0.019230769,0,0,0.961538462,0.019230769
55,0.941176471,0.058823529,0,0,0.01754386,0.666666667,0.192982456,0.122807018,0,1,0,0,0,0,0.019607843,0.019607843,0,0.019607843,0.941176471,1,0.13559322,0.745762712,0.101694915,0,0.016949153
56,1,0,0,0,0,0,0,0,0,0,0.65,0.183333333,0.166666667,0,0.105263158,0.771929825,0.01754386,0.105263158,0,1,0.019230769,0,0,0.961538462,0.019230769
57,0.944444444,0.055555556,0,0,1,0,0,0,0,0.01754386,0.666666667,0.192982456,0.122807018,0,0.163934426,0.721311475,0.016393443,0.098360656,0,1,0,0,0.02,0.98,0
58,0.944444444,0,0,0.055555556,1,0,0,0,0,0,0.672413793,0.189655172,0.137931034,0,0.122807018,0.771929825,0,0.105263158,0,1,0,0.019607843,0.019607843,0.941176471,0.019607843
59,1,0,0,0,0,0.6,0.169230769,0.215384615,0.015384615,0,0,0,0,0,0,0,0.038461538,0,0.961538462,1,0.038461538,0.846153846,0.115384615,0,0
60,0.944444444,0,0,0.055555556,0,0.639344262,0.180327869,0.163934426,0.016393443,1,0,0,0,0,0.054545455,0.036363636,0.036363636,0,0.872727273,1,0,0.88,0.12,0,0
61,0.9,0.05,0,0.05,0.015625,0.59375,0.171875,0.1875,0.03125,0,0,0,0,0,0.019607843,0,0,0,0.980392157,1,0.018867925,0.830188679,0.113207547,0,0.037735849
62,1,0,0,0,0,0.65,0.183333333,0.15,0.016666667,0,0,0,0,0,0.072727273,0,0.018181818,0,0.909090909,1,0.055555556,0.814814815,0.111111111,0,0.018518519
63,1,0,0,0,0,0,0,0,0,0,0.661016949,0.186440678,0.13559322,0.016949153,0.133333333,0.733333333,0.033333333,0.1,0,1,0,0,0,1,0
64,1,0,0,0,0,0.661016949,0.186440678,0.13559322,0.016949153,0,0,0,0,0,0.019230769,0,0.019230769,0,0.961538462,1,0.120689655,0.75862069,0.103448276,0,0.017241379
65,0.947368421,0.052631579,0,0,0,0.612903226,0.177419355,0.193548387,0.016129032,1,0,0,0,0,0,0,0.019607843,0.019607843,0.960784314,1,0.090909091,0.781818182,0.109090909,0.018181818,0
66,0.95,0,0,0.05,0,0.684210526,0.192982456,0.105263158,0.01754386,0,0,0,0,0,0.037735849,0,0.018867925,0,0.943396226,1,0.120689655,0.75862069,0.103448276,0,0.017241379
67,1,0,0,0,0,0,0,0,0,0,0.722222222,0.203703704,0.055555556,0.018518519,0.19047619,0.698412698,0.015873016,0.095238095,0,1,0,0,0,0.961538462,0.038461538
68,1,0,0,0,0,0,0,0,0,0,0.735849057,0.20754717,0.056603774,0,0.2,0.676923077,0.030769231,0.092307692,0,1,0.019607843,0,0,0.980392157,0
69,0.95,0,0,0.05,0,0,0,0,0,0,0.709090909,0.2,0.090909091,0,0.166666667,0.733333333,0,0.1,0,1,0.018867925,0,0,0.943396226,0.037735849
70,1,0,0,0,0,0,0,0,0,0,0.709090909,0.2,0.090909091,0,0.177419355,0.709677419,0.016129032,0.096774194,0,1,0.019230769,0,0,0.961538462,0.019230769
71,1,0,0,0,0,0.696428571,0.196428571,0.089285714,0.017857143,0,0,0,0,0,0.180327869,0,0,0,0.819672131,1,0,0.846153846,0.115384615,0,0.038461538
72,0.95,0,0,0.05,0,0.75,0.211538462,0.019230769,0.019230769,0,0,0,0,0,0.203125,0,0.015625,0,0.78125,1,0.019230769,0.846153846,0.115384615,0,0.019230769
73,1,0,0,0,0,0.722222222,0.203703704,0.055555556,0.018518519,0,0,0,0,0,0.2,0,0.030769231,0,0.769230769,1,0,0.88,0.12,0,0
74,1,0,0,0,0,0.722222222,0.203703704,0.055555556,0.018518519,0,0,0,0,0,0.118644068,0,0.033898305,0,0.847457627,1,0.107142857,0.785714286,0.107142857,0,0
75,1,0,0,0,0,0.735849057,0.20754717,0.037735849,0.018867925,0,0,0,0,0,0.122807018,0,0,0,0.877192982,1,0.118644068,0.745762712,0.101694915,0,0.033898305
76,0.916666667,0,0,0.083333333,0,0.722222222,0.203703704,0.055555556,0.018518519,0.888888889,0,0,0.111111111,0,0.038461538,0.134615385,0,0.019230769,0.807692308,1,0.037735849,0.830188679,0.113207547,0,0.018867925
77,0.941176471,0,0,0.058823529,0,0.684210526,0.192982456,0.105263158,0.01754386,1,0,0,0,0,0.019607843,0.058823529,0,0,0.921568627,1,0.087719298,0.771929825,0.105263158,0,0.035087719
78,1,0,0,0,0,0.661016949,0.186440678,0.13559322,0.016949153,0.75,0,0,0.25,0,0,0.04,0,0.02,0.94,1,0.089285714,0.785714286,0.107142857,0,0.017857143
79,1,0,0,0,0,0.722222222,0.203703704,0.055555556,0.018518519,0,0,0,0,0,0.174603175,0,0.031746032,0,0.793650794,1,0.038461538,0.846153846,0.115384615,0,0
80,1,0,0,0,0,0.661016949,0.186440678,0.13559322,0.016949153,0,0,0,0,0,0.118644068,0,0.033898305,0,0.847457627,1,0.019607843,0.862745098,0.117647059,0,0
81,0.95,0,0,0.05,0,0.709090909,0.2,0.072727273,0.018181818,0,0,0,0,0,0.180327869,0,0,0,0.819672131,1,0,0.846153846,0.115384615,0,0.038461538
82,0.944444444,0,0,0.055555556,0,0.709090909,0.2,0.072727273,0.018181818,1,0,0,0,0,0.122807018,0.01754386,0,0.01754386,0.842105263,1,0.055555556,0.814814815,0.111111111,0,0.018518519
83,1,0,0,0,0,0.696428571,0.196428571,0.089285714,0.017857143,0.5,0,0,0,0.5,0.074074074,0.018518519,0,0,0.907407407,1,0.087719298,0.771929825,0.105263158,0,0.035087719
84,1,0,0,0,0,0.684210526,0.192982456,0.105263158,0.01754386,0,0,0,0,0,0.105263158,0,0.01754386,0,0.877192982,1,0.072727273,0.8,0.109090909,0,0.018181818
85,1,0,0,0,0,0.661016949,0.186440678,0.13559322,0.016949153,1,0,0,0,0,0.089285714,0,0.017857143,0.017857143,0.875,1,0.056603774,0.830188679,0.113207547,0,0
86,1,0,0,0,0,0.696428571,0.196428571,0.089285714,0.017857143,0.666666667,0,0,0.333333333,0,0.090909091,0.018181818,0,0.018181818,0.872727273,1,0.072727273,0.8,0.109090909,0,0.018181818
87,1,0,0,0,0,0.639344262,0.180327869,0.163934426,0.016393443,0.75,0,0,0.25,0,0,0.057692308,0.038461538,0,0.903846154,1,0.038461538,0.846153846,0.115384615,0,0
88,1,0,0,0,0,0.639344262,0.180327869,0.163934426,0.016393443,0,0,0,0,0,0.019607843,0,0,0,0.980392157,1,0.087719298,0.771929825,0.105263158,0,0.035087719
89,1,0,0,0,0,0.735849057,0.20754717,0.037735849,0.018867925,0.833333333,0,0,0.083333333,0.083333333,0.056603774,0.169811321,0,0.018867925,0.754716981,1,0,0.862745098,0.117647059,0,0.019607843
90,1,0,0,0,0,0.639344262,0.180327869,0.163934426,0.016393443,0.666666667,0,0,0,0.333333333,0.072727273,0.018181818,0.018181818,0.018181818,0.872727273,1,0,0.88,0.12,0,0
91,0.904761905,0,0,0.095238095,0,0.696428571,0.196428571,0.089285714,0.017857143,0,0,0,0,0,0.147540984,0,0.032786885,0,0.819672131,1,0,0.88,0.12,0,0
92,0.904761905,0,0,0.095238095,0,0.709090909,0.2,0.072727273,0.018181818,0,0,0,0,0,0.147540984,0,0.032786885,0,0.819672131,1,0.019607843,0.862745098,0.117647059,0,0
93,0.944444444,0.055555556,0,0,0.01754386,0.666666667,0.192982456,0.122807018,0,1,0,0,0,0,0.166666667,0,0,0.016666667,0.816666667,1,0,0.862745098,0.117647059,0,0.019607843
94,1,0,0,0,0,0.684210526,0.192982456,0.105263158,0.01754386,1,0,0,0,0,0.118644068,0.016949153,0.033898305,0,0.830508475,1,0.038461538,0.846153846,0.115384615,0,0
95,0.947368421,0,0,0.052631579,0,0.696428571,0.196428571,0.089285714,0.017857143,0.5,0,0,0.5,0,0.120689655,0.017241379,0.017241379,0,0.844827586,1,0.019230769,0.846153846,0.115384615,0,0.019230769
96,1,0,0,0,0,0.696428571,0.196428571,0.089285714,0.017857143,1,0,0,0,0,0.072727273,0.054545455,0.018181818,0.018181818,0.836363636,1,0.074074074,0.814814815,0.111111111,0,0
97,1,0,0,0,0,0.684210526,0.192982456,0.105263158,0.01754386,0.75,0,0,0.25,0,0.090909091,0.054545455,0,0,0.854545455,1,0.018867925,0.830188679,0.113207547,0,0.037735849
98,1,0,0,0,0,0.639344262,0.180327869,0.163934426,0.016393443,1,0,0,0,0,0.019230769,0,0.019230769,0.019230769,0.942307692,1,0.090909091,0.8,0.109090909,0,0
99,0.947368421,0,0,0.052631579,0.016666667,0.633333333,0.183333333,0.166666667,0,0,1,0,0,0,0.019230769,0.019230769,0.019230769,0,0.942307692,1,0.072727273,0.8,0.109090909,0,0.018181818
100,0.947368421,0,0,0.052631579,0,0.629032258,0.177419355,0.177419355,0.016129032,0.5,0,0,0.5,0,0.018867925,0.018867925,0.037735849,0,0.924528302,1,0.019607843,0.862745098,0.117647059,0,0
101,0.95,0,0,0.05,0,0.661016949,0.186440678,0.13559322,0.016949153,0,0,0,0,0,0,0,0.038461538,0,0.961538462,1,0.122807018,0.771929825,0.105263158,0,0
102,1,0,0,0,0,0.65,0.183333333,0.15,0.016666667,1,0,0,0,0,0.018867925,0.018867925,0.037735849,0,0.924528302,1,0.090909091,0.8,0.109090909,0,0
103,1,0,0,0,0,0.639344262,0.180327869,0.163934426,0.016393443,1,0,0,0,0,0,0.057692308,0.038461538,0,0.903846154,1,0.056603774,0.830188679,0.113207547,0,0
104,1,0,0,0,0,0.672413793,0.189655172,0.120689655,0.017241379,1,0,0,0,0,0.072727273,0.036363636,0.018181818,0,0.872727273,1,0.055555556,0.814814815,0.111111111,0,0.018518519
105,1,0,0,0,0.016393443,0.62295082,0.180327869,0.163934426,0.016393443,0,1,0,0,0,0.089285714,0.017857143,0.017857143,0,0.875,1,0.019607843,0.843137255,0.137254902,0,0
106,1,0,0,0,0,0.709090909,0.2,0.072727273,0.018181818,1,0,0,0,0,0.166666667,0.016666667,0,0.016666667,0.8,1,0.019230769,0.846153846,0.115384615,0,0.019230769
107,1,0,0,0,0,0.696428571,0.196428571,0.089285714,0.017857143,0,0,0,0,0,0.137931034,0,0,0,0.862068966,1,0.054545455,0.8,0.109090909,0,0.036363636
108,1,0,0,0,0,0.75,0.211538462,0.019230769,0.019230769,0.833333333,0,0,0.083333333,0.083333333,0,0.176470588,0.019607843,0.019607843,0.784313725,1,0.074074074,0.814814815,0.111111111,0,0
109,1,0,0,0,0,0.696428571,0.196428571,0.089285714,0.017857143,1,0,0,0,0,0.038461538,0.076923077,0,0.038461538,0.846153846,1,0.090909091,0.8,0.109090909,0,0
110,1,0,0,0,0,0.684210526,0.192982456,0.105263158,0.01754386,1,0,0,0,0,0.019607843,0.019607843,0,0.039215686,0.921568627,1,0.137931034,0.75862069,0.103448276,0,0
111,1,0,0,0,0,0.709090909,0.2,0.072727273,0.018181818,0.75,0,0,0,0.25,0.019230769,0.038461538,0.019230769,0.019230769,0.903846154,1,0.137931034,0.75862069,0.103448276,0,0
112,1,0,0,0,0,0.696428571,0.196428571,0.089285714,0.017857143,1,0,0,0,0,0.055555556,0.074074074,0.018518519,0.018518519,0.833333333,1,0.074074074,0.814814815,0.111111111,0,0
113,1,0,0,0,0,0.722222222,0.203703704,0.055555556,0.018518519,0.75,0,0,0,0.25,0.019607843,0.039215686,0,0.019607843,0.921568627,1,0.15,0.733333333,0.1,0,0.016666667
114,1,0,0,0,0,0.722222222,0.203703704,0.055555556,0.018518519,0.833333333,0,0,0.166666667,0,0.103448276,0.086206897,0.034482759,0,0.775862069,1,0.019607843,0.862745098,0.117647059,0,0
115,1,0,0,0,0,0.696428571,0.196428571,0.089285714,0.017857143,0.857142857,0,0,0,0.142857143,0.037735849,0.113207547,0.018867925,0,0.830188679,1,0.037735849,0.830188679,0.113207547,0,0.018867925
116,0.944444444,0,0,0.055555556,0,0.684210526,0.192982456,0.105263158,0.01754386,1,0,0,0,0,0.122807018,0,0,0.035087719,0.842105263,1,0.038461538,0.846153846,0.115384615,0,0
117,1,0,0,0,0,0.722222222,0.203703704,0.055555556,0.018518519,0,0,0,0,0,0.13559322,0,0.016949153,0,0.847457627,1,0.089285714,0.785714286,0.107142857,0,0.017857143
118,0.95,0,0,0.05,0,0.696428571,0.196428571,0.089285714,0.017857143,0,0,0,0,0,0.118644068,0,0.033898305,0,0.847457627,1,0.056603774,0.830188679,0.113207547,0,0
119,0.947368421,0,0,0.052631579,0,0.672413793,0.189655172,0.120689655,0.017241379,1,0,0,0,0,0.090909091,0,0,0.018181818,0.890909091,1,0.055555556,0.814814815,0.111111111,0,0.018518519
120,1,0,0,0,0,0.709090909,0.2,0.072727273,0.018181818,0,0,0,0,0,0.019607843,0,0,0,0.980392157,1,0.174603175,0.698412698,0.095238095,0,0.031746032
121,1,0,0,0,0,0.65,0.183333333,0.15,0.016666667,0,0,0,0,0,0.074074074,0,0,0,0.925925926,1,0.054545455,0.8,0.109090909,0,0.036363636
122,0.882352941,0.117647059,0,0,0.01754386,0.649122807,0.192982456,0.140350877,0,1,0,0,0,0,0.137931034,0.017241379,0,0.034482759,0.810344828,1,0.019607843,0.843137255,0.117647059,0.019607843,0
123,1,0,0,0,0,0.709090909,0.2,0.072727273,0.018181818,1,0,0,0,0,0.137931034,0,0,0.017241379,0.844827586,1,0.072727273,0.8,0.109090909,0,0.018181818
124,1,0,0,0,0,0.709090909,0.2,0.072727273,0.018181818,1,0,0,0,0,0.089285714,0.071428571,0.017857143,0,0.821428571,1,0.055555556,0.814814815,0.111111111,0,0.018518519
125,0.95,0,0,0.05,0,0.690909091,0.2,0.090909091,0.018181818,0,1,0,0,0,0.15,0.016666667,0.016666667,0,0.816666667,1,0.019230769,0.826923077,0.115384615,0.019230769,0.019230769
126,0.882352941,0,0,0.117647059,0,0.735849057,0.20754717,0.037735849,0.018867925,1,0,0,0,0,0.122807018,0.035087719,0,0.035087719,0.807017544,1,0.056603774,0.830188679,0.113207547,0,0
127,0.857142857,0,0,0.142857143,0,0.735849057,0.20754717,0.037735849,0.018867925,0.928571429,0,0,0.071428571,0,0.019607843,0.215686275,0,0.039215686,0.725490196,1,0,0.88,0.12,0,0
128,1,0,0,0,0,0.709090909,0.2,0.072727273,0.018181818,0.818181818,0,0,0.090909091,0.090909091,0,0.176470588,0.019607843,0,0.803921569,1,0.019230769,0.846153846,0.115384615,0,0.019230769
129,0.9375,0,0,0.0625,0,0.684210526,0.192982456,0.105263158,0.01754386,1,0,0,0,0,0.089285714,0.053571429,0.017857143,0.017857143,0.821428571,1,0.019607843,0.862745098,0.117647059,0,0
130,1,0,0,0,0,0.735849057,0.20754717,0.037735849,0.018867925,1,0,0,0,0,0.177419355,0.048387097,0.016129032,0.016129032,0.741935484,1,0,0.88,0.12,0,0
131,0.95,0,0,0.05,0,0.661016949,0.186440678,0.13559322,0.016949153,0,0,0,0,0,0.038461538,0,0,0,0.961538462,1,0.087719298,0.771929825,0.105263158,0,0.035087719
132,1,0,0,0,0,0.661016949,0.186440678,0.13559322,0.016949153,0,0,0,0,0,0.105263158,0,0.01754386,0,0.877192982,1,0.037735849,0.830188679,0.113207547,0,0.018867925
133,1,0,0,0,0,0.696428571,0.196428571,0.089285714,0.017857143,1,0,0,0,0,0.089285714,0.035714286,0.017857143,0.017857143,0.839285714,1,0.074074074,0.814814815,0.111111111,0,0
134,1,0,0,0,0,0.722222222,0.203703704,0.055555556,0.018518519,0.75,0,0,0.25,0,0.122807018,0.01754386,0,0.035087719,0.824561404,1,0.074074074,0.814814815,0.111111111,0,0
135,0.95,0,0,0.05,0,0.672413793,0.189655172,0.120689655,0.017241379,0,0,0,0,0,0.019230769,0,0.019230769,0,0.961538462,1,0.120689655,0.75862069,0.103448276,0,0.017241379
136,1,0,0,0,0,0.672413793,0.189655172,0.120689655,0.017241379,0,0,0,0,0,0.072727273,0,0.018181818,0,0.909090909,1,0.089285714,0.785714286,0.107142857,0,0.017857143
137,1,0,0,0,0,0.696428571,0.196428571,0.089285714,0.017857143,1,0,0,0,0,0.055555556,0,0.018518519,0.018518519,0.907407407,1,0.137931034,0.75862069,0.103448276,0,0
138,1,0,0,0,0,0.629032258,0.177419355,0.177419355,0.016129032,0,0,0,0,0,0.019607843,0,0,0,0.980392157,1,0.071428571,0.785714286,0.107142857,0,0.035714286
139,1,0,0,0,0,0.644067797,0.186440678,0.152542373,0.016949153,0.8,0.2,0,0,0,0,0.06,0,0.04,0.9,1,0.072727273,0.8,0.090909091,0.018181818,0.018181818
140,0.9375,0.0625,0,0,0.016666667,0.633333333,0.183333333,0.166666667,0,1,0,0,0,0,0.037037037,0.055555556,0.037037037,0,0.87037037,1,0.038461538,0.846153846,0.115384615,0,0
141,0.947368421,0,0,0.052631579,0,0.672413793,0.189655172,0.120689655,0.017241379,1,0,0,0,0,0.103448276,0.017241379,0.034482759,0,0.844827586,1,0.019607843,0.862745098,0.117647059,0,0
142,0.947368421,0,0,0.052631579,0,0.722222222,0.203703704,0.055555556,0.018518519,0.5,0,0,0.5,0,0.13559322,0.016949153,0.016949153,0,0.830508475,1,0.037735849,0.830188679,0.113207547,0,0.018867925
143,1,0,0,0,0,0.696428571,0.196428571,0.089285714,0.017857143,1,0,0,0,0,0.107142857,0,0,0.035714286,0.857142857,1,0.090909091,0.8,0.109090909,0,0
144,0.947368421,0,0,0.052631579,0,0.735849057,0.20754717,0.037735849,0.018867925,1,0,0,0,0,0.180327869,0.016393443,0,0,0.803278689,1,0.018867925,0.830188679,0.113207547,0,0.037735849
145,0.95,0,0,0.05,0,0.684210526,0.192982456,0.105263158,0.01754386,0,0,0,0,0,0.105263158,0,0.01754386,0,0.877192982,1,0.055555556,0.814814815,0.111111111,0,0.018518519
146,0.95,0.05,0,0,0,0.678571429,0.196428571,0.107142857,0.017857143,0,0,0,0,0,0.177419355,0,0.016129032,0,0.806451613,1,0,0.843137255,0.117647059,0.019607843,0.019607843
147,1,0,0,0,0,0.684210526,0.192982456,0.105263158,0.01754386,0,0,0,0,0,0.089285714,0,0.017857143,0,0.892857143,1,0.089285714,0.785714286,0.107142857,0,0.017857143
148,1,0,0,0,0,0.661016949,0.186440678,0.13559322,0.016949153,0,0,0,0,0,0.071428571,0,0.035714286,0,0.892857143,1,0.074074074,0.814814815,0.111111111,0,0
149,1,0,0,0,0,0.709090909,0.2,0.072727273,0.018181818,0,0,0,0,0,0.122807018,0,0,0,0.877192982,1,0.087719298,0.771929825,0.105263158,0,0.035087719
150,0.95,0,0,0.05,0,0.661016949,0.186440678,0.13559322,0.016949153,0,0,0,0,0,0.103448276,0,0.034482759,0,0.862068966,1,0.019607843,0.862745098,0.117647059,0,0
151,0.944444444,0,0,0.055555556,0,0.684210526,0.192982456,0.105263158,0.01754386,1,0,0,0,0,0.13559322,0.016949153,0.016949153,0.016949153,0.813559322,1,0,0.88,0.12,0,0
152,1,0,0,0,0,0.709090909,0.2,0.072727273,0.018181818,0,0,0,0,0,0.105263158,0,0.01754386,0,0.877192982,1,0.105263158,0.771929825,0.105263158,0,0.01754386
153,1,0,0,0,0,0.696428571,0.196428571,0.089285714,0.017857143,1,0,0,0,0,0.122807018,0.01754386,0,0,0.859649123,1,0.054545455,0.8,0.109090909,0,0.036363636
154,0.95,0,0,0.05,0,0.629032258,0.177419355,0.177419355,0.016129032,0,0,0,0,0,0.056603774,0,0,0,0.943396226,1,0.018867925,0.830188679,0.113207547,0,0.037735849
155,1,0,0,0,0,0.609375,0.171875,0.203125,0.015625,1,0,0,0,0,0.019230769,0.019230769,0.019230769,0,0.942307692,1,0.019230769,0.846153846,0.115384615,0,0.019230769
156,1,0,0,0,0,0.639344262,0.180327869,0.163934426,0.016393443,0,0,0,0,0,0.018867925,0,0.037735849,0,0.943396226,1,0.090909091,0.8,0.109090909,0,0
157,1,0,0,0,0,0.696428571,0.196428571,0.089285714,0.017857143,1,0,0,0,0,0.054545455,0.018181818,0.036363636,0,0.890909091,1,0.122807018,0.771929825,0.105263158,0,0
158,1,0,0,0,0,0.6,0.169230769,0.215384615,0.015384615,0,0,0,0,0,0.019230769,0,0.019230769,0,0.961538462,1,0.019230769,0.846153846,0.115384615,0,0.019230769
159,1,0,0,0,0,0.696428571,0.196428571,0.089285714,0.017857143,0.909090909,0,0,0,0.090909091,0,0.18,0,0.02,0.8,1,0.019230769,0.846153846,0.115384615,0,0.019230769
160,1,0,0,0,0,0.709090909,0.2,0.072727273,0.018181818,1,0,0,0,0,0.018867925,0.188679245,0.037735849,0,0.754716981,1,0.019607843,0.862745098,0.117647059,0,0
161,1,0,0,0,0,0.709090909,0.2,0.072727273,0.018181818,1,0,0,0,0,0.071428571,0.107142857,0.035714286,0,0.785714286,1,0.038461538,0.846153846,0.115384615,0,0
162,1,0,0,0,0,0.639344262,0.180327869,0.163934426,0.016393443,0,0,0,0,0,0.019607843,0,0,0,0.980392157,1,0.087719298,0.771929825,0.105263158,0,0.035087719
163,0.916666667,0,0,0.083333333,0,0.75,0.211538462,0.019230769,0.019230769,1,0,0,0,0,0.074074074,0.12962963,0,0.018518519,0.777777778,1,0.055555556,0.814814815,0.111111111,0,0.018518519
164,1,0,0,0,0,0.722222222,0.203703704,0.055555556,0.018518519,0.875,0,0,0.125,0,0.019607843,0.137254902,0,0,0.843137255,1,0.071428571,0.785714286,0.107142857,0,0.035714286
165,1,0,0,0,0,0.709090909,0.2,0.072727273,0.018181818,0.6,0,0,0.4,0,0.090909091,0.054545455,0,0,0.854545455,1,0.037037037,0.814814815,0.111111111,0,0.037037037
166,1,0,0,0,0,0.65,0.183333333,0.15,0.016666667,1,0,0,0,0,0.090909091,0.018181818,0,0,0.890909091,1,0.018867925,0.830188679,0.113207547,0,0.037735849
167,0.933333333,0,0,0.066666667,0,0.661016949,0.186440678,0.13559322,0.016949153,1,0,0,0,0,0,0.1,0,0,0.9,1,0.037037037,0.814814815,0.111111111,0,0.037037037
168,1,0,0,0,0,0.703703704,0.203703704,0.074074074,0.018518519,0.6,0.2,0,0,0.2,0.120689655,0.068965517,0.017241379,0,0.793103448,1,0.019230769,0.826923077,0.115384615,0.019230769,0.019230769
169,1,0,0,0,0,0.696428571,0.196428571,0.089285714,0.017857143,0.833333333,0,0,0,0.166666667,0.038461538,0.076923077,0,0.019230769,0.865384615,1,0.072727273,0.8,0.109090909,0,0.018181818
170,0.933333333,0,0,0.066666667,0,0.722222222,0.203703704,0.055555556,0.018518519,1,0,0,0,0,0.090909091,0.072727273,0,0.018181818,0.818181818,1,0.055555556,0.814814815,0.111111111,0,0.018518519
171,1,0,0,0,0,0.661016949,0.186440678,0.13559322,0.016949153,1,0,0,0,0,0.019607843,0.058823529,0,0.019607843,0.901960784,1,0.072727273,0.8,0.109090909,0,0.018181818
172,1,0,0,0,0,0.65,0.183333333,0.15,0.016666667,0,0,0,0,0,0,0,0.038461538,0,0.961538462,1,0.122807018,0.771929825,0.105263158,0,0
173,0.947368421,0.052631579,0,0,0.016129032,0.612903226,0.177419355,0.193548387,0,0,0,0,0,0,0.038461538,0,0,0,0.961538462,1,0.054545455,0.8,0.109090909,0,0.036363636
174,0.904761905,0,0,0.095238095,0,0.661016949,0.186440678,0.13559322,0.016949153,0,0,0,0,0,0.089285714,0,0.017857143,0,0.892857143,1,0.019230769,0.846153846,0.115384615,0,0.019230769
175,0.95,0,0,0.05,0,0.722222222,0.203703704,0.055555556,0.018518519,0,0,0,0,0,0.120689655,0,0.017241379,0,0.862068966,1,0.089285714,0.785714286,0.107142857,0,0.017857143
176,1,0,0,0,0,0.684210526,0.192982456,0.105263158,0.01754386,0.666666667,0,0,0.333333333,0,0.037735849,0.037735849,0.018867925,0,0.905660377,1,0.089285714,0.785714286,0.107142857,0,0.017857143
177,0.904761905,0,0,0.095238095,0,0.709090909,0.2,0.072727273,0.018181818,0,0,0,0,0,0.037735849,0,0.018867925,0,0.943396226,1,0.13559322,0.745762712,0.101694915,0,0.016949153
178,1,0,0,0,0,0.684210526,0.192982456,0.105263158,0.01754386,1,0,0,0,0,0.019607843,0.058823529,0,0.019607843,0.901960784,1,0.105263158,0.771929825,0.105263158,0,0.01754386
179,1,0,0,0,0,0.65,0.183333333,0.15,0.016666667,1,0,0,0,0,0.019607843,0.058823529,0,0.039215686,0.882352941,1,0.056603774,0.830188679,0.113207547,0,0
180,1,0,0,0,0,0.629032258,0.177419355,0.177419355,0.016129032,0,0,0,0,0,0.056603774,0,0,0,0.943396226,1,0.037037037,0.814814815,0.111111111,0,0.037037037
181,1,0,0,0,0,0.709090909,0.2,0.072727273,0.018181818,0,0,0,0,0,0.122807018,0,0,0,0.877192982,1,0.087719298,0.771929825,0.105263158,0,0.035087719
182,1,0,0,0,0,0.684210526,0.192982456,0.105263158,0.01754386,0,0,0,0,0,0.15,0,0.016666667,0,0.833333333,1,0.019230769,0.846153846,0.115384615,0,0.019230769
183,0.95,0,0,0.05,0,0.722222222,0.203703704,0.055555556,0.018518519,0,0,0,0,0,0.193548387,0,0,0,0.806451613,1,0,0.846153846,0.115384615,0,0.038461538
184,1,0,0,0,0,0.684210526,0.192982456,0.105263158,0.01754386,1,0,0,0,0,0.152542373,0.016949153,0,0.016949153,0.813559322,1,0,0.862745098,0.117647059,0,0.019607843
185,1,0,0,0,0,0.709090909,0.181818182,0.090909091,0.018181818,0.666666667,0,0.333333333,0,0,0.120689655,0.051724138,0.017241379,0,0.810344828,1,0.037735849,0.811320755,0.113207547,0.018867925,0.018867925
186,1,0,0,0,0,0.696428571,0.196428571,0.089285714,0.017857143,0.75,0,0,0.25,0,0.072727273,0.054545455,0.018181818,0,0.854545455,1,0.055555556,0.814814815,0.111111111,0,0.018518519
187,1,0,0,0,0,0.661016949,0.186440678,0.13559322,0.016949153,0,0,0,0,0,0.037735849,0,0.018867925,0,0.943396226,1,0.105263158,0.771929825,0.105263158,0,0.01754386
188,1,0,0,0,0,0.661016949,0.186440678,0.13559322,0.016949153,0,0,0,0,0,0.019230769,0,0.019230769,0,0.961538462,1,0.120689655,0.75862069,0.103448276,0,0.017241379
189,1,0,0,0,0,0.639344262,0.180327869,0.163934426,0.016393443,0,0,0,0,0,0.037037037,0,0.037037037,0,0.925925926,1,0.074074074,0.814814815,0.111111111,0,0
190,1,0,0,0,0,0.639344262,0.180327869,0.163934426,0.016393443,0,0,0,0,0,0,0,0,0,1,1,0.103448276,0.75862069,0.103448276,0,0.034482759
191,1,0,0,0,0,0.629032258,0.177419355,0.177419355,0.016129032,0,0,0,0,0,0.019607843,0,0,0,0.980392157,1,0.071428571,0.785714286,0.107142857,0,0.035714286
192,0.95,0,0.05,0,0,0.709090909,0.181818182,0.090909091,0.018181818,0,0,0,0,0,0.054545455,0,0.036363636,0,0.909090909,1,0.13559322,0.745762712,0.084745763,0.016949153,0.016949153
193,1,0,0,0,0,0.684210526,0.192982456,0.105263158,0.01754386,0,0,0,0,0,0,0,0.038461538,0,0.961538462,1,0.166666667,0.733333333,0.1,0,0
194,0.894736842,0,0,0.105263158,0.018867925,0.716981132,0.20754717,0.056603774,0,0.5,0.5,0,0,0,0.152542373,0.033898305,0,0,0.813559322,1,0.018867925,0.830188679,0.113207547,0,0.037735849
195,0.95,0,0,0.05,0,0.696428571,0.196428571,0.089285714,0.017857143,0,0,0,0,0,0.074074074,0,0,0,0.925925926,1,0.103448276,0.75862069,0.103448276,0,0.034482759
196,1,0,0,0,0,0.735849057,0.20754717,0.037735849,0.018867925,1,0,0,0,0,0.019230769,0.038461538,0.019230769,0.019230769,0.903846154,1,0.180327869,0.721311475,0.098360656,0,0
197,1,0,0,0,0,0.696428571,0.178571429,0.107142857,0.017857143,0.857142857,0,0.142857143,0,0,0,0.08,0,0.06,0.86,1,0.107142857,0.785714286,0.089285714,0.017857143,0
198,1,0,0,0,0,0.684210526,0.192982456,0.105263158,0.01754386,0,0,0,0,0,0,0,0.038461538,0,0.961538462,1,0.166666667,0.733333333,0.1,0,0
199,1,0,0,0,0,0.696428571,0.196428571,0.089285714,0.017857143,0,0,0,0,0,0,0,0.038461538,0,0.961538462,1,0.180327869,0.721311475,0.098360656,0,0
200,1,0,0,0,0,0.672413793,0.189655172,0.120689655,0.017241379,0,0,0,0,0,0.018867925,0,0.037735849,0,0.943396226,1,0.137931034,0.75862069,0.103448276,0,0
201,1,0,0,0,0,0.661016949,0.186440678,0.13559322,0.016949153,0,0,0,0,0,0.018867925,0,0.037735849,0,0.943396226,1,0.122807018,0.771929825,0.105263158,0,0
202,1,0,0,0,0,0.672413793,0.189655172,0.120689655,0.017241379,1,0,0,0,0,0.118644068,0.033898305,0.033898305,0,0.813559322,1,0,0.88,0.12,0,0
203,0.947368421,0.052631579,0,0,0.018518519,0.703703704,0.203703704,0.055555556,0.018518519,0,0,0,0,0,0.036363636,0,0.054545455,0,0.909090909,1,0.166666667,0.733333333,0.1,0,0
204,1,0,0,0,0,0.672413793,0.189655172,0.120689655,0.017241379,0.5,0,0,0.5,0,0.019230769,0.019230769,0.019230769,0,0.942307692,1,0.105263158,0.771929825,0.105263158,0,0.01754386
205,1,0,0,0,0,0.696428571,0.196428571,0.089285714,0.017857143,0,0,0,0,0,0.038461538,0,0,0,0.961538462,1,0.147540984,0.721311475,0.098360656,0,0.032786885
206,0.95,0,0,0.05,0,0.65,0.183333333,0.15,0.016666667,0,0,0,0,0,0.071428571,0,0.035714286,0,0.892857143,1,0.038461538,0.846153846,0.115384615,0,0
207,1,0,0,0,0,0.590909091,0.166666667,0.227272727,0.015151515,0,0,0,0,0,0.018867925,0,0.037735849,0,0.943396226,1,0,0.88,0.12,0,0
208,1,0,0,0,0,0.629032258,0.177419355,0.177419355,0.016129032,0,0,0,0,0,0,0,0.019607843,0,0.980392157,1,0.089285714,0.785714286,0.107142857,0,0.017857143
209,0.944444444,0,0,0.055555556,0,0.6,0.169230769,0.215384615,0.015384615,1,0,0,0,0,0.019607843,0,0,0.039215686,0.941176471,1,0,0.88,0.12,0,0
210,1,0,0,0,0,0.684210526,0.192982456,0.105263158,0.01754386,1,0,0,0,0,0.120689655,0,0.017241379,0.017241379,0.844827586,1,0.056603774,0.830188679,0.113207547,0,0
211,0.95,0,0,0.05,0,0.684210526,0.192982456,0.105263158,0.01754386,0,0,0,0,0,0.054545455,0,0.036363636,0,0.909090909,1,0.107142857,0.785714286,0.107142857,0,0
212,0.947368421,0,0,0.052631579,0,0.735849057,0.20754717,0.037735849,0.018867925,0.5,0,0,0.5,0,0.103448276,0.017241379,0.034482759,0,0.844827586,1,0.090909091,0.8,0.109090909,0,0
213,0.95,0,0,0.05,0,0.639344262,0.180327869,0.163934426,0.016393443,0,0,0,0,0,0.090909091,0,0,0,0.909090909,1,0,0.846153846,0.115384615,0,0.038461538
214,1,0,0,0,0,0.672413793,0.189655172,0.120689655,0.017241379,0,0,0,0,0,0.107142857,0,0,0,0.892857143,1,0.054545455,0.8,0.109090909,0,0.036363636
215,1,0,0,0,0,0.722222222,0.203703704,0.055555556,0.018518519,1,0,0,0,0,0.206349206,0,0,0.015873016,0.777777778,1,0,0.862745098,0.117647059,0,0.019607843
216,1,0,0,0,0,0.722222222,0.203703704,0.055555556,0.018518519,1,0,0,0,0,0.193548387,0.016129032,0,0,0.790322581,1,0,0.846153846,0.115384615,0,0.038461538
217,1,0,0,0,0,0.735849057,0.20754717,0.037735849,0.018867925,0.833333333,0,0,0.083333333,0.083333333,0,0.192307692,0.038461538,0,0.769230769,1,0.038461538,0.846153846,0.115384615,0,0
218,0.95,0,0.05,0,0,0.684210526,0.175438596,0.122807018,0.01754386,0,0,0,0,0,0.13559322,0,0.016949153,0,0.847457627,1,0.037735849,0.811320755,0.113207547,0.018867925,0.018867925
219,1,0,0,0,0,0.639344262,0.180327869,0.163934426,0.016393443,1,0,0,0,0,0.072727273,0.018181818,0.018181818,0,0.890909091,1,0.019230769,0.846153846,0.115384615,0,0.019230769
220,0.95,0,0,0.05,0,0.661016949,0.186440678,0.13559322,0.016949153,0,0,0,0,0,0.103448276,0,0.034482759,0,0.862068966,1,0.019607843,0.862745098,0.117647059,0,0
221,1,0,0,0,0,0.684210526,0.192982456,0.105263158,0.01754386,0,0,0,0,0,0,0,0.038461538,0,0.961538462,1,0.166666667,0.733333333,0.1,0,0
222,1,0,0,0,0,0.661016949,0.186440678,0.13559322,0.016949153,1,0,0,0,0,0,0.038461538,0.038461538,0,0.923076923,1,0.107142857,0.785714286,0.107142857,0,0
223,0.944444444,0.055555556,0,0,0.031746032,0.587301587,0.174603175,0.206349206,0,0,1,0,0,0,0,0,0.038461538,0.019230769,0.942307692,1,0.056603774,0.849056604,0.094339623,0,0
224,1,0,0,0,0,0.629032258,0.177419355,0.177419355,0.016129032,0,0,0,0,0,0.054545455,0,0.036363636,0,0.909090909,1,0.038461538,0.846153846,0.115384615,0,0
225,0.904761905,0,0,0.095238095,0,0.684210526,0.192982456,0.105263158,0.01754386,0,0,0,0,0,0.074074074,0,0,0,0.925925926,1,0.071428571,0.785714286,0.107142857,0,0.035714286
226,1,0,0,0,0,0.65,0.183333333,0.15,0.016666667,0,0,0,0,0,0.037735849,0,0.018867925,0,0.943396226,1,0.089285714,0.785714286,0.107142857,0,0.017857143
227,0.95,0.05,0,0,0,0.633333333,0.183333333,0.166666667,0.016666667,0,0,0,0,0,0.056603774,0,0,0,0.943396226,1,0.071428571,0.767857143,0.107142857,0.017857143,0.035714286
228,1,0,0,0,0,0.672413793,0.189655172,0.120689655,0.017241379,1,0,0,0,0,0.056603774,0,0,0.018867925,0.924528302,1,0.105263158,0.771929825,0.105263158,0,0.01754386
229,1,0,0,0,0,0.661016949,0.186440678,0.13559322,0.016949153,0,0,0,0,0,0.13559322,0,0.016949153,0,0.847457627,1,0,0.862745098,0.117647059,0,0.019607843
230,0.95,0,0,0.05,0,0.629032258,0.177419355,0.177419355,0.016129032,0,0,0,0,0,0.072727273,0,0.018181818,0,0.909090909,1,0,0.862745098,0.117647059,0,0.019607843
231,1,0,0,0,0,0.639344262,0.180327869,0.163934426,0.016393443,0,0,0,0,0,0.105263158,0,0.01754386,0,0.877192982,1,0,0.862745098,0.117647059,0,0.019607843
232,1,0,0,0,0,0.639344262,0.180327869,0.163934426,0.016393443,1,0,0,0,0,0.071428571,0.017857143,0.035714286,0,0.875,1,0.019607843,0.862745098,0.117647059,0,0
233,0.95,0,0,0.05,0,0.672413793,0.189655172,0.120689655,0.017241379,0,0,0,0,0,0.072727273,0,0.018181818,0,0.909090909,1,0.072727273,0.8,0.109090909,0,0.018181818
234,1,0,0,0,0,0.672413793,0.189655172,0.120689655,0.017241379,1,0,0,0,0,0.090909091,0,0,0.018181818,0.890909091,1,0.072727273,0.8,0.109090909,0,0.018181818
235,1,0,0,0,0,0.696428571,0.196428571,0.089285714,0.017857143,1,0,0,0,0,0.089285714,0.017857143,0.017857143,0.017857143,0.857142857,1,0.090909091,0.8,0.109090909,0,0
236,1,0,0,0,0,0.629032258,0.177419355,0.177419355,0.016129032,0,0,0,0,0,0.019607843,0,0,0,0.980392157,1,0.071428571,0.785714286,0.107142857,0,0.035714286
237,1,0,0,0,0,0.661016949,0.169491525,0.152542373,0.016949153,0.666666667,0,0.333333333,0,0,0,0.038461538,0.038461538,0.019230769,0.903846154,1,0.090909091,0.8,0.090909091,0.018181818,0
238,0.95,0,0,0.05,0,0.696428571,0.196428571,0.089285714,0.017857143,0,0,0,0,0,0.019607843,0,0,0,0.980392157,1,0.147540984,0.721311475,0.098360656,0,0.032786885
239,0.947368421,0.052631579,0,0,0.018181818,0.690909091,0.2,0.090909091,0,0,0,0,0,0,0.055555556,0,0.018518519,0,0.925925926,1,0.15,0.733333333,0.1,0,0.016666667
240,1,0,0,0,0,0.735849057,0.20754717,0.037735849,0.018867925,0,0,0,0,0,0.152542373,0,0,0,0.847457627,1,0.087719298,0.771929825,0.105263158,0,0.035087719
241,1,0,0,0,0,0.684210526,0.192982456,0.105263158,0.01754386,0,0,0,0,0,0.163934426,0,0.016393443,0,0.819672131,1,0,0.862745098,0.117647059,0,0.019607843
242,1,0,0,0,0,0.696428571,0.196428571,0.089285714,0.017857143,0,0,0,0,0,0.161290323,0,0.032258065,0,0.806451613,1,0.019607843,0.862745098,0.117647059,0,0
243,1,0,0,0,0,0.696428571,0.196428571,0.089285714,0.017857143,1,0,0,0,0,0.166666667,0.016666667,0,0,0.816666667,1,0,0.846153846,0.115384615,0,0.038461538
244,1,0,0,0,0,0.722222222,0.203703704,0.055555556,0.018518519,1,0,0,0,0,0.152542373,0.016949153,0,0.016949153,0.813559322,1,0.055555556,0.814814815,0.111111111,0,0.018518519
245,0.916666667,0,0,0.083333333,0,0.696428571,0.196428571,0.089285714,0.017857143,1,0,0,0,0,0.037735849,0.132075472,0.018867925,0.018867925,0.79245283,1,0.019607843,0.862745098,0.117647059,0,0
246,0.95,0,0,0.05,0,0.696428571,0.196428571,0.089285714,0.017857143,0,0,0,0,0,0.019230769,0,0.019230769,0,0.961538462,1,0.15,0.733333333,0.1,0,0.016666667
247,1,0,0,0,0,0.672413793,0.189655172,0.120689655,0.017241379,0,0,0,0,0,0.037037037,0,0.037037037,0,0.925925926,1,0.122807018,0.771929825,0.105263158,0,0
248,1,0,0,0,0,0.735849057,0.20754717,0.037735849,0.018867925,0.75,0,0,0,0.25,0.15,0.033333333,0.016666667,0.016666667,0.783333333,1,0.038461538,0.846153846,0.115384615,0,0
249,1,0,0,0,0,0.661016949,0.186440678,0.13559322,0.016949153,0,0,0,0,0,0.137931034,0,0,0,0.862068966,1,0,0.846153846,0.115384615,0,0.038461538
250,1,0,0,0,0,0.709090909,0.2,0.072727273,0.018181818,1,0,0,0,0,0.122807018,0.01754386,0,0,0.859649123,1,0.071428571,0.785714286,0.107142857,0,0.035714286
251,1,0,0,0,0,0.65,0.183333333,0.15,0.016666667,0,0,0,0,0,0.122807018,0,0,0,0.877192982,1,0,0.846153846,0.115384615,0,0.038461538
252,1,0,0,0,0,0.672413793,0.189655172,0.120689655,0.017241379,0,0,0,0,0,0.122807018,0,0,0,0.877192982,1,0.037037037,0.814814815,0.111111111,0,0.037037037
253,1,0,0,0,0,0.696428571,0.196428571,0.089285714,0.017857143,0,0,0,0,0,0.177419355,0,0.016129032,0,0.806451613,1,0,0.862745098,0.117647059,0,0.019607843
254,1,0,0,0,0,0.722222222,0.203703704,0.055555556,0.018518519,1,0,0,0,0,0.120689655,0.017241379,0.017241379,0,0.844827586,1,0.089285714,0.785714286,0.107142857,0,0.017857143
255,1,0,0,0,0,0.696428571,0.196428571,0.089285714,0.017857143,0,0,0,0,0,0.019230769,0,0.019230769,0,0.961538462,1,0.163934426,0.721311475,0.098360656,0,0.016393443
256,0.9,0.1,0,0,0.019607843,0.725490196,0.215686275,0.039215686,0,0,0,0,0,0,0.019230769,0,0.019230769,0,0.961538462,1,0.227272727,0.651515152,0.090909091,0.015151515,0.015151515
257,0.9,0.05,0,0.05,0.019230769,0.730769231,0.211538462,0.038461538,0,0,0,0,0,0,0,0,0.038461538,0,0.961538462,1,0.21875,0.6875,0.09375,0,0
258,1,0,0,0,0,0.735849057,0.20754717,0.037735849,0.018867925,1,0,0,0,0,0.107142857,0.017857143,0,0,0.875,1,0.118644068,0.745762712,0.101694915,0,0.033898305
259,1,0,0,0,0,0.684210526,0.192982456,0.105263158,0.01754386,1,0,0,0,0,0.107142857,0,0,0.035714286,0.857142857,1,0.074074074,0.814814815,0.111111111,0,0
260,1,0,0,0,0,0.722222222,0.203703704,0.055555556,0.018518519,0,0,0,0,0,0.087719298,0,0.035087719,0,0.877192982,1,0.137931034,0.75862069,0.103448276,0,0
261,1,0,0,0,0,0.75,0.211538462,0.019230769,0.019230769,0,0,0,0,0,0.177419355,0,0.016129032,0,0.806451613,1,0.072727273,0.8,0.109090909,0,0.018181818
262,1,0,0,0,0,0.75,0.211538462,0.019230769,0.019230769,0,0,0,0,0,0.118644068,0,0.033898305,0,0.847457627,1,0.137931034,0.75862069,0.103448276,0,0
263,0.947368421,0,0,0.052631579,0,0.735849057,0.20754717,0.037735849,0.018867925,1,0,0,0,0,0.13559322,0.016949153,0.016949153,0,0.830508475,1,0.072727273,0.8,0.109090909,0,0.018181818
264,1,0,0,0,0,0.696428571,0.196428571,0.089285714,0.017857143,1,0,0,0,0,0.072727273,0.018181818,0.018181818,0,0.890909091,1,0.105263158,0.771929825,0.105263158,0,0.01754386
265,0.95,0,0.05,0,0,0.709090909,0.181818182,0.090909091,0.018181818,0,0,0,0,0,0.037037037,0,0.037037037,0,0.925925926,1,0.166666667,0.716666667,0.1,0.016666667,0
266,1,0,0,0,0,0.629032258,0.177419355,0.177419355,0.016129032,1,0,0,0,0,0.019230769,0.019230769,0.019230769,0.019230769,0.923076923,1,0.056603774,0.830188679,0.113207547,0,0
267,1,0,0,0,0,0.629032258,0.177419355,0.177419355,0.016129032,0,0,0,0,0,0.037735849,0,0.018867925,0,0.943396226,1,0.055555556,0.814814815,0.111111111,0,0.018518519
268,0.95,0,0,0.05,0,0.629032258,0.177419355,0.177419355,0.016129032,0,0,0,0,0,0.054545455,0,0.036363636,0,0.909090909,1,0.019607843,0.862745098,0.117647059,0,0
269,1,0,0,0,0,0.672413793,0.172413793,0.137931034,0.017241379,0,0,1,0,0,0.037037037,0,0.037037037,0.018518519,0.907407407,1,0.107142857,0.785714286,0.089285714,0.017857143,0
270,0.95,0,0.05,0,0,0.735849057,0.188679245,0.056603774,0.018867925,0,0,0,0,0,0.120689655,0,0.017241379,0,0.862068966,1,0.120689655,0.74137931,0.103448276,0.017241379,0.017241379
271,0.947368421,0,0,0.052631579,0,0.75,0.211538462,0.019230769,0.019230769,1,0,0,0,0,0.1875,0.015625,0.03125,0,0.765625,1,0.019607843,0.862745098,0.117647059,0,0
272,1,0,0,0,0,0.696428571,0.196428571,0.089285714,0.017857143,1,0,0,0,0,0.122807018,0,0,0.01754386,0.859649123,1,0.072727273,0.8,0.109090909,0,0.018181818
273,1,0,0,0,0,0.75,0.211538462,0.019230769,0.019230769,0.875,0,0,0.125,0,0,0.26,0,0.02,0.72,1,0,0.862745098,0.117647059,0,0.019607843
274,1,0,0,0,0,0.709090909,0.2,0.072727273,0.018181818,1,0,0,0,0,0.105263158,0.105263158,0.01754386,0,0.771929825,1,0,0.862745098,0.117647059,0,0.019607843
275,1,0,0,0,0,0.684210526,0.192982456,0.105263158,0.01754386,1,0,0,0,0,0.071428571,0.107142857,0.035714286,0,0.785714286,1,0,0.88,0.12,0,0
276,0.947368421,0,0,0.052631579,0,0.65,0.183333333,0.15,0.016666667,1,0,0,0,0,0.072727273,0.018181818,0.018181818,0,0.890909091,1,0.019230769,0.846153846,0.115384615,0,0.019230769
277,0.95,0,0,0.05,0,0.629032258,0.177419355,0.177419355,0.016129032,0,0,0,0,0,0,0,0.019607843,0,0.980392157,1,0.072727273,0.8,0.109090909,0,0.018181818
278,0.863636364,0,0.045454545,0.090909091,0,0.722222222,0.185185185,0.074074074,0.018518519,0,0,0,0,0,0.163934426,0,0.016393443,0,0.819672131,1,0.019230769,0.826923077,0.115384615,0.019230769,0.019230769
279,1,0,0,0,0,0.684210526,0.192982456,0.105263158,0.01754386,1,0,0,0,0,0.107142857,0.017857143,0,0,0.875,1,0.054545455,0.8,0.109090909,0,0.036363636
280,0.95,0,0.05,0,0,0.722222222,0.185185185,0.074074074,0.018518519,0,0,0,0,0,0.018867925,0,0.037735849,0,0.943396226,1,0.193548387,0.693548387,0.096774194,0.016129032,0
281,1,0,0,0,0,0.672413793,0.189655172,0.120689655,0.017241379,0.5,0,0,0.5,0,0.118644068,0.016949153,0.033898305,0,0.830508475,1,0,0.88,0.12,0,0
282,1,0,0,0,0,0.672413793,0.189655172,0.120689655,0.017241379,1,0,0,0,0,0.120689655,0.034482759,0.017241379,0.017241379,0.810344828,1,0,0.88,0.12,0,0
283,1,0,0,0,0,0.735849057,0.188679245,0.056603774,0.018867925,0.571428571,0,0.142857143,0.142857143,0.142857143,0.072727273,0.090909091,0.018181818,0,0.818181818,1,0.055555556,0.796296296,0.111111111,0.018518519,0.018518519
284,1,0,0,0,0,0.696428571,0.196428571,0.089285714,0.017857143,0.666666667,0,0,0,0.333333333,0.019230769,0.038461538,0.019230769,0,0.923076923,1,0.120689655,0.75862069,0.103448276,0,0.017241379
285,1,0,0,0,0,0.629032258,0.177419355,0.177419355,0.016129032,0,0,0,0,0,0.074074074,0,0,0,0.925925926,1,0.018867925,0.830188679,0.113207547,0,0.037735849
286,1,0,0,0,0,0.639344262,0.180327869,0.163934426,0.016393443,0,0,0,0,0,0,0,0,0,1,1,0.103448276,0.75862069,0.103448276,0,0.034482759
287,1,0,0,0,0,0.661016949,0.186440678,0.13559322,0.016949153,1,0,0,0,0,0.019607843,0,0,0.019607843,0.960784314,1,0.120689655,0.75862069,0.103448276,0,0.017241379
288,1,0,0,0,0,0.65,0.183333333,0.15,0.016666667,1,0,0,0,0,0.019230769,0.019230769,0.019230769,0,0.942307692,1,0.089285714,0.785714286,0.107142857,0,0.017857143
289,1,0,0,0,0,0.661016949,0.186440678,0.13559322,0.016949153,1,0,0,0,0,0.037037037,0.018518519,0.037037037,0,0.907407407,1,0.090909091,0.8,0.109090909,0,0
290,1,0,0,0,0,0.696428571,0.196428571,0.089285714,0.017857143,0,0,0,0,0,0,0,0.038461538,0,0.961538462,1,0.180327869,0.721311475,0.098360656,0,0
291,1,0,0,0,0,0.661016949,0.186440678,0.13559322,0.016949153,1,0,0,0,0,0.072727273,0.018181818,0.018181818,0,0.890909091,1,0.055555556,0.814814815,0.111111111,0,0.018518519
292,0.947368421,0,0,0.052631579,0,0.639344262,0.180327869,0.163934426,0.016393443,1,0,0,0,0,0.074074074,0,0,0.018518519,0.907407407,1,0.019230769,0.846153846,0.115384615,0,0.019230769
293,1,0,0,0,0,0.65,0.183333333,0.15,0.016666667,0,0,0,0,0,0.087719298,0,0.035087719,0,0.877192982,1,0.038461538,0.846153846,0.115384615,0,0
294,0.95,0,0,0.05,0,0.65,0.183333333,0.15,0.016666667,0,0,0,0,0,0.038461538,0,0,0,0.961538462,1,0.071428571,0.785714286,0.107142857,0,0.035714286
295,1,0,0,0,0,0.696428571,0.196428571,0.089285714,0.017857143,0,0,0,0,0,0.019230769,0,0.019230769,0,0.961538462,1,0.163934426,0.721311475,0.098360656,0,0.016393443
296,1,0,0,0,0,0.730769231,0.211538462,0.057692308,0,0.846153846,0.076923077,0,0,0.076923077,0,0.22,0,0.02,0.76,1,0.055555556,0.796296296,0.111111111,0.018518519,0.018518519
297,1,0,0,0,0,0.722222222,0.203703704,0.055555556,0.018518519,0.833333333,0,0,0,0.166666667,0.019607843,0.196078431,0,0,0.784313725,1,0,0.846153846,0.115384615,0,0.038461538
298,1,0,0,0,0,0.696428571,0.196428571,0.089285714,0.017857143,1,0,0,0,0,0.089285714,0.107142857,0.017857143,0,0.785714286,1,0,0.862745098,0.117647059,0,0.019607843
299,1,0,0,0,0,0.661016949,0.186440678,0.13559322,0.016949153,1,0,0,0,0,0.105263158,0.01754386,0.01754386,0,0.859649123,1,0.019230769,0.846153846,0.115384615,0,0.019230769
300,1,0,0,0,0,0.619047619,0.174603175,0.19047619,0.015873016,1,0,0,0,0,0.019607843,0,0,0.019607843,0.960784314,1,0.055555556,0.814814815,0.111111111,0,0.018518519
301,0.947368421,0,0,0.052631579,0,0.703703704,0.203703704,0.092592593,0,0.333333333,0.333333333,0,0,0.333333333,0.105263158,0.01754386,0.01754386,0.01754386,0.842105263,1,0.074074074,0.796296296,0.111111111,0.018518519,0
302,1,0,0,0,0,0.661016949,0.186440678,0.13559322,0.016949153,0.75,0,0,0.25,0,0.055555556,0.037037037,0.018518519,0.018518519,0.87037037,1,0.038461538,0.846153846,0.115384615,0,0
303,0.95,0,0,0.05,0,0.709090909,0.2,0.072727273,0.018181818,0,0,0,0,0,0.103448276,0,0.034482759,0,0.862068966,1,0.090909091,0.8,0.109090909,0,0
304,0.928571429,0,0,0.071428571,0,0.684210526,0.192982456,0.105263158,0.01754386,1,0,0,0,0,0.019607843,0.078431373,0,0.039215686,0.862745098,1,0.074074074,0.814814815,0.111111111,0,0
305,1,0,0,0,0,0.696428571,0.196428571,0.089285714,0.017857143,1,0,0,0,0,0.054545455,0.018181818,0.036363636,0,0.890909091,1,0.122807018,0.771929825,0.105263158,0,0
306,1,0,0,0,0,0.684210526,0.192982456,0.105263158,0.01754386,0.666666667,0,0,0.333333333,0,0.087719298,0.035087719,0.035087719,0,0.842105263,1,0.038461538,0.846153846,0.115384615,0,0
307,1,0,0,0,0,0.75,0.211538462,0.019230769,0.019230769,0,0,0,0,0,0.166666667,0,0,0,0.833333333,1,0.087719298,0.771929825,0.105263158,0,0.035087719
308,0.947368421,0,0,0.052631579,0,0.65,0.183333333,0.15,0.016666667,1,0,0,0,0,0,0,0.019607843,0.019607843,0.960784314,1,0.107142857,0.785714286,0.107142857,0,0
309,0.95,0,0,0.05,0,0.696428571,0.196428571,0.089285714,0.017857143,0,0,0,0,0,0.037735849,0,0.018867925,0,0.943396226,1,0.13559322,0.745762712,0.101694915,0,0.016949153
310,0.904761905,0,0,0.095238095,0,0.684210526,0.192982456,0.105263158,0.01754386,0,0,0,0,0,0.089285714,0,0.017857143,0,0.892857143,1,0.055555556,0.814814815,0.111111111,0,0.018518519
311,1,0,0,0,0,0.661016949,0.186440678,0.13559322,0.016949153,0,0,0,0,0,0.074074074,0,0,0,0.925925926,1,0.071428571,0.785714286,0.107142857,0,0.035714286
312,1,0,0,0,0,0.65,0.183333333,0.15,0.016666667,0,0,0,0,0,0.120689655,0,0.017241379,0,0.862068966,1,0,0.862745098,0.117647059,0,0.019607843
313,0.947368421,0.052631579,0,0,0.016666667,0.633333333,0.183333333,0.166666667,0,0,0,0,0,0,0.103448276,0,0.034482759,0,0.862068966,1,0.019607843,0.862745098,0.117647059,0,0
314,1,0,0,0,0,0.709090909,0.2,0.072727273,0.018181818,0,0,0,0,0,0.166666667,0,0,0,0.833333333,1,0.037037037,0.814814815,0.111111111,0,0.037037037
315,1,0,0,0,0,0.709090909,0.2,0.072727273,0.018181818,1,0,0,0,0,0.137931034,0,0,0.034482759,0.827586207,1,0.074074074,0.814814815,0.111111111,0,0
316,1,0,0,0,0,0.684210526,0.192982456,0.105263158,0.01754386,1,0,0,0,0,0.056603774,0.037735849,0,0.018867925,0.886792453,1,0.089285714,0.785714286,0.107142857,0,0.017857143
317,0.947368421,0.052631579,0,0,0.016666667,0.633333333,0.183333333,0.166666667,0,0,0,0,0,0,0.037037037,0,0.037037037,0,0.925925926,1,0.090909091,0.8,0.109090909,0,0
318,0.947368421,0.052631579,0,0,0.017241379,0.655172414,0.189655172,0.137931034,0,0,0,0,0,0,0,0,0.019607843,0,0.980392157,1,0.15,0.733333333,0.1,0,0.016666667
319,0.888888889,0.055555556,0,0.055555556,0.035087719,0.649122807,0.192982456,0.122807018,0,0.5,0.5,0,0,0,0,0.038461538,0.038461538,0,0.923076923,1,0.105263158,0.789473684,0.087719298,0,0.01754386
320,1,0,0,0,0,0.684210526,0.192982456,0.105263158,0.01754386,1,0,0,0,0,0.074074074,0.037037037,0,0,0.888888889,1,0.071428571,0.785714286,0.107142857,0,0.035714286
321,0.95,0,0,0.05,0,0.629032258,0.177419355,0.177419355,0.016129032,0,0,0,0,0,0.037037037,0,0.037037037,0,0.925925926,1,0.038461538,0.846153846,0.115384615,0,0
322,0.95,0,0,0.05,0,0.75,0.211538462,0.019230769,0.019230769,0,0,0,0,0,0.071428571,0,0.035714286,0,0.892857143,1,0.166666667,0.733333333,0.1,0,0
323,0.947368421,0,0,0.052631579,0,0.730769231,0.211538462,0.038461538,0.019230769,0.5,0.5,0,0,0,0.090909091,0,0,0.036363636,0.872727273,1,0.118644068,0.745762712,0.084745763,0.016949153,0.033898305
324,0.95,0,0,0.05,0,0.709090909,0.2,0.072727273,0.018181818,0,0,0,0,0,0,0,0.038461538,0,0.961538462,1,0.180327869,0.721311475,0.098360656,0,0
325,0.933333333,0,0,0.066666667,0,0.722222222,0.203703704,0.055555556,0.018518519,1,0,0,0,0,0,0.078431373,0.019607843,0.019607843,0.882352941,1,0.137931034,0.75862069,0.103448276,0,0
326,0.904761905,0,0,0.095238095,0,0.684210526,0.192982456,0.105263158,0.01754386,0,0,0,0,0,0,0,0.019607843,0,0.980392157,1,0.13559322,0.745762712,0.101694915,0,0.016949153
327,0.95,0,0,0.05,0,0.684210526,0.192982456,0.105263158,0.01754386,0,0,0,0,0,0.122807018,0,0,0,0.877192982,1,0.037037037,0.814814815,0.111111111,0,0.037037037
328,0.944444444,0,0,0.055555556,0.016393443,0.62295082,0.180327869,0.163934426,0.016393443,0.5,0.5,0,0,0,0.090909091,0.018181818,0,0.018181818,0.872727273,1,0,0.86,0.14,0,0
329,0.95,0,0,0.05,0,0.65,0.183333333,0.15,0.016666667,0,0,0,0,0,0.054545455,0,0.036363636,0,0.909090909,1,0.056603774,0.830188679,0.113207547,0,0
330,0.95,0,0,0.05,0,0.639344262,0.180327869,0.163934426,0.016393443,0,0,0,0,0,0.019607843,0,0,0,0.980392157,1,0.071428571,0.785714286,0.107142857,0,0.035714286
331,0.944444444,0,0,0.055555556,0,0.696428571,0.196428571,0.089285714,0.017857143,1,0,0,0,0,0,0.02,0,0.02,0.96,1,0.15,0.733333333,0.1,0,0.016666667
332,1,0,0,0,0,0.709090909,0.2,0.072727273,0.018181818,0.875,0,0,0,0.125,0,0.1,0,0.04,0.86,1,0.107142857,0.785714286,0.107142857,0,0
333,1,0,0,0,0,0.735849057,0.20754717,0.037735849,0.018867925,0.888888889,0,0,0,0.111111111,0.107142857,0.107142857,0,0.035714286,0.75,1,0.019607843,0.862745098,0.117647059,0,0
334,0.947368421,0,0,0.052631579,0,0.709090909,0.2,0.072727273,0.018181818,1,0,0,0,0,0.120689655,0,0.017241379,0.017241379,0.844827586,1,0.074074074,0.814814815,0.111111111,0,0
335,1,0,0,0,0,0.684210526,0.192982456,0.105263158,0.01754386,1,0,0,0,0,0.152542373,0.016949153,0,0,0.830508475,1,0,0.846153846,0.115384615,0,0.038461538
336,1,0,0,0,0,0.722222222,0.203703704,0.055555556,0.018518519,0,0,0,0,0,0.2,0,0.030769231,0,0.769230769,1,0,0.88,0.12,0,0
337,0.944444444,0,0,0.055555556,0,0.639344262,0.180327869,0.163934426,0.016393443,1,0,0,0,0,0.019607843,0.019607843,0,0.019607843,0.941176471,1,0.055555556,0.814814815,0.111111111,0,0.018518519
338,0.9,0,0,0.1,0,0.65,0.183333333,0.15,0.016666667,1,0,0,0,0,0.038461538,0,0,0.019230769,0.942307692,1,0.055555556,0.814814815,0.111111111,0,0.018518519
339,0.95,0,0,0.05,0,0.661016949,0.186440678,0.13559322,0.016949153,0,0,0,0,0,0.055555556,0,0.018518519,0,0.925925926,1,0.072727273,0.8,0.109090909,0,0.018181818
340,0.95,0,0,0.05,0,0.65,0.183333333,0.15,0.016666667,0,0,0,0,0,0.038461538,0,0,0,0.961538462,1,0.071428571,0.785714286,0.107142857,0,0.035714286
341,0.875,0.125,0,0,0,0.730769231,0.211538462,0.038461538,0.019230769,1,0,0,0,0,0.074074074,0.185185185,0,0.037037037,0.703703704,1,0.019607843,0.843137255,0.117647059,0.019607843,0
342,0.923076923,0,0,0.076923077,0,0.75,0.211538462,0.019230769,0.019230769,1,0,0,0,0,0.074074074,0.111111111,0,0.018518519,0.796296296,1,0.072727273,0.8,0.109090909,0,0.018181818
343,0.9,0,0.05,0.05,0.018181818,0.690909091,0.181818182,0.090909091,0.018181818,0,1,0,0,0,0.071428571,0,0.035714286,0.017857143,0.875,1,0.107142857,0.785714286,0.089285714,0.017857143,0
344,0.941176471,0,0,0.058823529,0,0.696428571,0.196428571,0.089285714,0.017857143,1,0,0,0,0,0.019607843,0.039215686,0,0.019607843,0.921568627,1,0.120689655,0.75862069,0.103448276,0,0.017241379
345,0.894736842,0,0,0.105263158,0,0.690909091,0.2,0.109090909,0,0.5,0.25,0,0,0.25,0.038461538,0.019230769,0,0.038461538,0.903846154,1,0.107142857,0.767857143,0.107142857,0.017857143,0
346,0.947368421,0,0,0.052631579,0,0.684210526,0.192982456,0.105263158,0.01754386,1,0,0,0,0,0.038461538,0.019230769,0,0,0.942307692,1,0.103448276,0.75862069,0.103448276,0,0.034482759
347,0.95,0,0,0.05,0,0.709090909,0.2,0.072727273,0.018181818,0,0,0,0,0,0.090909091,0,0,0,0.909090909,1,0.103448276,0.75862069,0.103448276,0,0.034482759
348,0.947368421,0,0,0.052631579,0,0.709090909,0.2,0.072727273,0.018181818,1,0,0,0,0,0.019607843,0,0,0.019607843,0.960784314,1,0.163934426,0.721311475,0.098360656,0,0.016393443
349,1,0,0,0,0,0.722222222,0.203703704,0.055555556,0.018518519,0.928571429,0,0,0.071428571,0,0.019607843,0.215686275,0,0.039215686,0.725490196,1,0,0.88,0.12,0,0
350,1,0,0,0,0,0.661016949,0.186440678,0.13559322,0.016949153,0.857142857,0,0,0,0.142857143,0.019230769,0.115384615,0.019230769,0,0.846153846,1,0,0.862745098,0.117647059,0,0.019607843
351,0.941176471,0,0,0.058823529,0,0.696428571,0.196428571,0.089285714,0.017857143,0.75,0,0,0.25,0,0.087719298,0.052631579,0.035087719,0,0.824561404,1,0.019607843,0.862745098,0.117647059,0,0
352,1,0,0,0,0,0.661016949,0.186440678,0.13559322,0.016949153,1,0,0,0,0,0.122807018,0.01754386,0,0,0.859649123,1,0,0.846153846,0.115384615,0,0.038461538
353,1,0,0,0,0,0.65,0.183333333,0.15,0.016666667,0,0,0,0,0,0.019230769,0,0.019230769,0,0.961538462,1,0.105263158,0.771929825,0.105263158,0,0.01754386
354,0.904761905,0,0,0.095238095,0,0.709090909,0.2,0.072727273,0.018181818,0,0,0,0,0,0,0,0,0,1,1,0.161290323,0.709677419,0.096774194,0,0.032258065
355,0.95,0,0,0.05,0,0.684210526,0.192982456,0.105263158,0.01754386,0,0,0,0,0,0,0,0.019607843,0,0.980392157,1,0.15,0.733333333,0.1,0,0.016666667
356,0.947368421,0,0,0.052631579,0,0.696428571,0.196428571,0.089285714,0.017857143,1,0,0,0,0,0.019230769,0.019230769,0.019230769,0,0.942307692,1,0.13559322,0.745762712,0.101694915,0,0.016949153
357,1,0,0,0,0,0.696428571,0.196428571,0.089285714,0.017857143,0,0,0,0,0,0.152542373,0,0,0,0.847457627,1,0.037037037,0.814814815,0.111111111,0,0.037037037
358,0.944444444,0,0.055555556,0,0.01754386,0.684210526,0.175438596,0.087719298,0.035087719,0.5,0,0,0,0.5,0.137931034,0.017241379,0,0,0.844827586,1,0,0.846153846,0.115384615,0,0.038461538
359,0.857142857,0,0,0.142857143,0.038461538,0.711538462,0.211538462,0.038461538,0,0.714285714,0.285714286,0,0,0,0.019607843,0.078431373,0,0.058823529,0.843137255,1,0.122807018,0.789473684,0.087719298,0,0
360,1,0,0,0,0,0.661016949,0.186440678,0.13559322,0.016949153,0,0,0,0,0,0.074074074,0,0,0,0.925925926,1,0.071428571,0.785714286,0.107142857,0,0.035714286
361,1,0,0,0,0,0.684210526,0.192982456,0.105263158,0.01754386,1,0,0,0,0,0.071428571,0.017857143,0.035714286,0,0.875,1,0.090909091,0.8,0.109090909,0,0
362,1,0,0,0,0,0.735849057,0.20754717,0.037735849,0.018867925,0.5,0,0,0,0.5,0.090909091,0.018181818,0,0,0.890909091,1,0.118644068,0.745762712,0.101694915,0,0.033898305
363,0.85,0.1,0,0.05,0.037037037,0.685185185,0.203703704,0.074074074,0,0,0,0,0,0,0.105263158,0,0.01754386,0,0.877192982,1,0.122807018,0.754385965,0.122807018,0,0
364,1,0,0,0,0,0.709090909,0.2,0.072727273,0.018181818,0,0,0,0,0,0,0,0,0,1,1,0.1875,0.6875,0.09375,0,0.03125
365,1,0,0,0,0,0.696428571,0.196428571,0.089285714,0.017857143,1,0,0,0,0,0.056603774,0.018867925,0,0,0.924528302,1,0.118644068,0.745762712,0.101694915,0,0.033898305
366,1,0,0,0,0,0.75,0.211538462,0.019230769,0.019230769,0.8,0,0,0.2,0,0.105263158,0.070175439,0.01754386,0,0.807017544,1,0.072727273,0.8,0.109090909,0,0.018181818
367,1,0,0,0,0,0.722222222,0.203703704,0.055555556,0.018518519,0.833333333,0,0,0.083333333,0.083333333,0,0.192307692,0.038461538,0,0.769230769,1,0.019607843,0.862745098,0.117647059,0,0
368,1,0,0,0,0,0.684210526,0.192982456,0.105263158,0.01754386,0.75,0,0,0.25,0,0.037037037,0.055555556,0.037037037,0,0.87037037,1,0.074074074,0.814814815,0.111111111,0,0
369,1,0,0,0,0,0.661016949,0.186440678,0.13559322,0.016949153,1,0,0,0,0,0.122807018,0.01754386,0,0,0.859649123,1,0,0.846153846,0.115384615,0,0.038461538
370,1,0,0,0,0,0.684210526,0.192982456,0.105263158,0.01754386,0,0,0,0,0,0.137931034,0,0,0,0.862068966,1,0.037037037,0.814814815,0.111111111,0,0.037037037
371,1,0,0,0,0,0.722222222,0.203703704,0.055555556,0.018518519,0.5,0,0,0.5,0,0.090909091,0.018181818,0,0,0.890909091,1,0.103448276,0.75862069,0.103448276,0,0.034482759
372,1,0,0,0,0,0.722222222,0.203703704,0.055555556,0.018518519,0,0,0,0,0,0.019607843,0,0,0,0.980392157,1,0.1875,0.6875,0.09375,0,0.03125
373,1,0,0,0,0,0.722222222,0.203703704,0.055555556,0.018518519,0,0,0,0,0,0,0,0,0,1,1,0.2,0.676923077,0.092307692,0,0.030769231
374,1,0,0,0,0,0.709090909,0.2,0.072727273,0.018181818,0,0,0,0,0,0.019607843,0,0,0,0.980392157,1,0.174603175,0.698412698,0.095238095,0,0.031746032
375,1,0,0,0,0,0.75,0.211538462,0.019230769,0.019230769,0,0,0,0,0,0.087719298,0,0.035087719,0,0.877192982,1,0.166666667,0.733333333,0.1,0,0
376,1,0,0,0,0,0.722222222,0.203703704,0.055555556,0.018518519,0,0,0,0,0,0.087719298,0,0.035087719,0,0.877192982,1,0.137931034,0.75862069,0.103448276,0,0
377,0.95,0,0,0.05,0,0.65,0.183333333,0.15,0.016666667,0,0,0,0,0,0.054545455,0,0.036363636,0,0.909090909,1,0.056603774,0.830188679,0.113207547,0,0
378,1,0,0,0,0,0.684210526,0.192982456,0.105263158,0.01754386,0,0,0,0,0,0.120689655,0,0.017241379,0,0.862068966,1,0.055555556,0.814814815,0.111111111,0,0.018518519
379,0.947368421,0,0,0.052631579,0,0.672413793,0.189655172,0.120689655,0.017241379,1,0,0,0,0,0,0,0.019607843,0.019607843,0.960784314,1,0.137931034,0.75862069,0.103448276,0,0
380,1,0,0,0,0,0.696428571,0.196428571,0.089285714,0.017857143,1,0,0,0,0,0.019230769,0,0.019230769,0.019230769,0.942307692,1,0.166666667,0.733333333,0.1,0,0
381,1,0,0,0,0,0.722222222,0.203703704,0.055555556,0.018518519,0.8,0,0,0,0.2,0,0.04,0,0.04,0.92,1,0.166666667,0.733333333,0.1,0,0
382,0.9375,0.0625,0,0,0,0.730769231,0.211538462,0.038461538,0.019230769,1,0,0,0,0,0.1,0.066666667,0.066666667,0,0.766666667,1,0.056603774,0.830188679,0.094339623,0.018867925,0
383,0.95,0,0,0.05,0,0.735849057,0.20754717,0.037735849,0.018867925,0,0,0,0,0,0.133333333,0,0.033333333,0,0.833333333,1,0.090909091,0.8,0.109090909,0,0
384,1,0,0,0,0,0.75,0.211538462,0.019230769,0.019230769,0,0,0,0,0,0.090909091,0,0,0,0.909090909,1,0.161290323,0.709677419,0.096774194,0,0.032258065
385,1,0,0,0,0,0.684210526,0.192982456,0.105263158,0.01754386,0,0,0,0,0,0.056603774,0,0,0,0.943396226,1,0.118644068,0.745762712,0.101694915,0,0.033898305
386,1,0,0,0,0,0.672413793,0.189655172,0.120689655,0.017241379,0,0,0,0,0,0.087719298,0,0.035087719,0,0.877192982,1,0.074074074,0.814814815,0.111111111,0,0
387,1,0,0,0,0,0.75,0.211538462,0.019230769,0.019230769,1,0,0,0,0,0.103448276,0.034482759,0.034482759,0,0.827586207,1,0.122807018,0.771929825,0.105263158,0,0
388,1,0,0,0,0,0.684210526,0.192982456,0.105263158,0.01754386,0.9,0,0,0,0.1,0,0.176470588,0.019607843,0,0.803921569,1,0,0.862745098,0.117647059,0,0.019607843
389,1,0,0,0,0,0.629032258,0.177419355,0.177419355,0.016129032,1,0,0,0,0,0.038461538,0.038461538,0,0.019230769,0.903846154,1,0.019230769,0.846153846,0.115384615,0,0.019230769
390,0.944444444,0,0,0.055555556,0,0.661016949,0.186440678,0.13559322,0.016949153,1,0,0,0,0,0.038461538,0,0,0.038461538,0.923076923,1,0.090909091,0.8,0.109090909,0,0
391,1,0,0,0,0,0.735849057,0.20754717,0.037735849,0.018867925,0.923076923,0,0,0,0.076923077,0.019607843,0.196078431,0,0.039215686,0.745098039,1,0.038461538,0.846153846,0.115384615,0,0
392,1,0,0,0,0,0.684210526,0.192982456,0.105263158,0.01754386,1,0,0,0,0,0.019607843,0.058823529,0,0.019607843,0.901960784,1,0.105263158,0.771929825,0.105263158,0,0.01754386
393,1,0,0,0,0,0.639344262,0.180327869,0.163934426,0.016393443,0,0,0,0,0,0.018867925,0,0.037735849,0,0.943396226,1,0.090909091,0.8,0.109090909,0,0
394,0.904761905,0,0,0.095238095,0,0.684210526,0.192982456,0.105263158,0.01754386,0,0,0,0,0,0,0,0.019607843,0,0.980392157,1,0.13559322,0.745762712,0.101694915,0,0.016949153
395,0.909090909,0,0,0.090909091,0,0.722222222,0.203703704,0.055555556,0.018518519,0.9,0,0,0.1,0,0,0.173076923,0.038461538,0,0.788461538,1,0.038461538,0.846153846,0.115384615,0,0
396,0.888888889,0,0,0.111111111,0,0.735849057,0.20754717,0.037735849,0.018867925,0.916666667,0,0,0,0.083333333,0,0.22,0,0,0.78,1,0.018867925,0.830188679,0.113207547,0,0.037735849
397,1,0,0,0,0,0.722222222,0.185185185,0.074074074,0.018518519,0.8,0,0.066666667,0.133333333,0,0,0.22,0,0.04,0.74,1,0,0.86,0.12,0.02,0
398,1,0,0,0,0,0.65,0.183333333,0.15,0.016666667,0.833333333,0,0,0.166666667,0,0.019607843,0.098039216,0,0,0.882352941,1,0,0.846153846,0.115384615,0,0.038461538
399,0.882352941,0,0,0.117647059,0,0.619047619,0.174603175,0.19047619,0.015873016,1,0,0,0,0,0,0.04,0,0.04,0.92,1,0,0.88,0.12,0,0
400,1,0,0,0,0,0.672413793,0.189655172,0.120689655,0.017241379,1,0,0,0,0,0.122807018,0,0,0.01754386,0.859649123,1,0.037735849,0.830188679,0.113207547,0,0.018867925
401,1,0,0,0,0,0.696428571,0.196428571,0.089285714,0.017857143,0.75,0,0,0.25,0,0.071428571,0.053571429,0.035714286,0,0.839285714,1,0.056603774,0.830188679,0.113207547,0,0
402,1,0,0,0,0,0.696428571,0.196428571,0.089285714,0.017857143,1,0,0,0,0,0.072727273,0.090909091,0.018181818,0.018181818,0.8,1,0.038461538,0.846153846,0.115384615,0,0
403,0.95,0,0,0.05,0,0.684210526,0.192982456,0.105263158,0.01754386,0,0,0,0,0,0.055555556,0,0.018518519,0,0.925925926,1,0.105263158,0.771929825,0.105263158,0,0.01754386
404,1,0,0,0,0,0.684210526,0.192982456,0.105263158,0.01754386,1,0,0,0,0,0.089285714,0.017857143,0.017857143,0,0.875,1,0.072727273,0.8,0.109090909,0,0.018181818
405,1,0,0,0,0,0.639344262,0.180327869,0.163934426,0.016393443,1,0,0,0,0,0,0.019607843,0.019607843,0,0.960784314,1,0.089285714,0.785714286,0.107142857,0,0.017857143
406,0.947368421,0,0,0.052631579,0,0.684210526,0.192982456,0.105263158,0.01754386,1,0,0,0,0,0.105263158,0.01754386,0.01754386,0,0.859649123,1,0.037735849,0.830188679,0.113207547,0,0.018867925
407,1,0,0,0,0,0.709090909,0.2,0.072727273,0.018181818,0.8,0,0,0,0.2,0.137931034,0.034482759,0,0.034482759,0.793103448,1,0.019607843,0.862745098,0.117647059,0,0
408,1,0,0,0,0,0.709090909,0.2,0.072727273,0.018181818,1,0,0,0,0,0.166666667,0.033333333,0,0.016666667,0.783333333,1,0,0.862745098,0.117647059,0,0.019607843
409,0.947368421,0,0,0.052631579,0,0.661016949,0.186440678,0.13559322,0.016949153,1,0,0,0,0,0.107142857,0,0,0.017857143,0.875,1,0.019230769,0.846153846,0.115384615,0,0.019230769
410,0.944444444,0.055555556,0,0,0,0.703703704,0.203703704,0.074074074,0.018518519,0.666666667,0,0,0.333333333,0,0,0.039215686,0.019607843,0,0.941176471,1,0.163934426,0.704918033,0.098360656,0.016393443,0.016393443
411,1,0,0,0,0,0.722222222,0.203703704,0.055555556,0.018518519,0.5,0,0,0,0.5,0.019230769,0.019230769,0.019230769,0,0.942307692,1,0.163934426,0.721311475,0.098360656,0,0.016393443
412,1,0,0,0,0,0.735849057,0.20754717,0.037735849,0.018867925,0,0,0,0,0,0.037735849,0,0.018867925,0,0.943396226,1,0.19047619,0.698412698,0.095238095,0,0.015873016
413,1,0,0,0,0,0.722222222,0.203703704,0.055555556,0.018518519,1,0,0,0,0,0.089285714,0.017857143,0.017857143,0,0.875,1,0.120689655,0.75862069,0.103448276,0,0.017241379
414,1,0,0,0,0.018518519,0.703703704,0.203703704,0.055555556,0.018518519,0.5,0.5,0,0,0,0.089285714,0,0.017857143,0.035714286,0.857142857,1,0.122807018,0.789473684,0.087719298,0,0
415,0.941176471,0.058823529,0,0,0.017857143,0.678571429,0.196428571,0.107142857,0,1,0,0,0,0,0.103448276,0.034482759,0.034482759,0,0.827586207,1,0.056603774,0.830188679,0.113207547,0,0
416,0.888888889,0.111111111,0,0,0.039215686,0.725490196,0.215686275,0.019607843,0,0.9,0.1,0,0,0,0.056603774,0.150943396,0,0.037735849,0.754716981,1,0.072727273,0.8,0.109090909,0,0.018181818
417,1,0,0,0,0,0.684210526,0.192982456,0.105263158,0.01754386,0.888888889,0,0,0.111111111,0,0.019230769,0.134615385,0.019230769,0.019230769,0.807692308,1,0.019607843,0.862745098,0.117647059,0,0
418,1,0,0,0,0,0.639344262,0.180327869,0.163934426,0.016393443,0,0,0,0,0,0.090909091,0,0,0,0.909090909,1,0.018867925,0.830188679,0.113207547,0,0.037735849
419,0.95,0,0,0.05,0,0.709090909,0.2,0.072727273,0.018181818,0,0,0,0,0,0.103448276,0,0.034482759,0,0.862068966,1,0.090909091,0.8,0.109090909,0,0
420,0.947368421,0,0,0.052631579,0,0.65,0.183333333,0.15,0.016666667,1,0,0,0,0,0.089285714,0.017857143,0.017857143,0,0.875,1,0,0.862745098,0.117647059,0,0.019607843
421,0.95,0,0,0.05,0,0.672413793,0.189655172,0.120689655,0.017241379,0,0,0,0,0,0.037735849,0,0.018867925,0,0.943396226,1,0.105263158,0.771929825,0.105263158,0,0.01754386
422,0.904761905,0,0,0.095238095,0,0.696428571,0.196428571,0.089285714,0.017857143,0,0,0,0,0,0.071428571,0,0.035714286,0,0.892857143,1,0.090909091,0.8,0.109090909,0,0
423,0.9375,0,0,0.0625,0,0.709090909,0.2,0.072727273,0.018181818,1,0,0,0,0,0.018867925,0.075471698,0.037735849,0,0.867924528,1,0.107142857,0.785714286,0.107142857,0,0
424,0.95,0,0,0.05,0,0.722222222,0.203703704,0.055555556,0.018518519,0,0,0,0,0,0.019607843,0,0,0,0.980392157,1,0.174603175,0.698412698,0.095238095,0,0.031746032
425,1,0,0,0,0,0.735849057,0.20754717,0.037735849,0.018867925,0.8,0,0,0,0.2,0.037735849,0.056603774,0.018867925,0.018867925,0.867924528,1,0.137931034,0.75862069,0.103448276,0,0
426,1,0,0,0,0,0.65,0.183333333,0.15,0.016666667,0,0,0,0,0,0.018867925,0,0.037735849,0,0.943396226,1,0.107142857,0.785714286,0.107142857,0,0
427,0.947368421,0,0,0.052631579,0,0.672413793,0.189655172,0.120689655,0.017241379,1,0,0,0,0,0.019230769,0,0.019230769,0.019230769,0.942307692,1,0.122807018,0.771929825,0.105263158,0,0
428,1,0,0,0,0,0.639344262,0.180327869,0.163934426,0.016393443,0,0,0,0,0,0.019230769,0,0.019230769,0,0.961538462,1,0.089285714,0.785714286,0.107142857,0,0.017857143
429,0.95,0,0,0.05,0,0.722222222,0.203703704,0.055555556,0.018518519,0,0,0,0,0,0.133333333,0,0.033333333,0,0.833333333,1,0.074074074,0.814814815,0.111111111,0,0
430,1,0,0,0,0,0.661016949,0.186440678,0.13559322,0.016949153,1,0,0,0,0,0.037037037,0.018518519,0.037037037,0,0.907407407,1,0.090909091,0.8,0.109090909,0,0
431,1,0,0,0,0,0.661016949,0.186440678,0.13559322,0.016949153,1,0,0,0,0,0.122807018,0,0,0.035087719,0.842105263,1,0.019607843,0.862745098,0.117647059,0,0
432,1,0,0,0,0,0.709090909,0.2,0.072727273,0.018181818,1,0,0,0,0,0.120689655,0.017241379,0.017241379,0.017241379,0.827586207,1,0.074074074,0.814814815,0.111111111,0,0
433,1,0,0,0,0,0.735849057,0.20754717,0.037735849,0.018867925,0,0,0,0,0,0.152542373,0,0,0,0.847457627,1,0.087719298,0.771929825,0.105263158,0,0.035087719
434,0.95,0,0,0.05,0,0.735849057,0.20754717,0.037735849,0.018867925,0,0,0,0,0,0.137931034,0,0,0,0.862068966,1,0.087719298,0.771929825,0.105263158,0,0.035087719
435,1,0,0,0,0,0.709090909,0.2,0.072727273,0.018181818,0,0,0,0,0,0.161290323,0,0.032258065,0,0.806451613,1,0.038461538,0.846153846,0.115384615,0,0
436,1,0,0,0,0,0.722222222,0.203703704,0.055555556,0.018518519,0,0,0,0,0,0.180327869,0,0,0,0.819672131,1,0.037037037,0.814814815,0.111111111,0,0.037037037
437,1,0,0,0,0,0.619047619,0.174603175,0.19047619,0.015873016,1,0,0,0,0,0,0,0.019607843,0.019607843,0.960784314,1,0.074074074,0.814814815,0.111111111,0,0
438,1,0,0,0,0,0.639344262,0.180327869,0.163934426,0.016393443,1,0,0,0,0,0.019607843,0.019607843,0,0,0.960784314,1,0.071428571,0.785714286,0.107142857,0,0.035714286
439,1,0,0,0,0,0.709090909,0.2,0.072727273,0.018181818,1,0,0,0,0,0.107142857,0.017857143,0,0,0.875,1,0.087719298,0.771929825,0.105263158,0,0.035087719
440,1,0,0,0,0.017857143,0.678571429,0.196428571,0.107142857,0,0.666666667,0.333333333,0,0,0,0.120689655,0.051724138,0.017241379,0,0.810344828,1,0.019230769,0.846153846,0.115384615,0,0.019230769
441,0.95,0,0,0.05,0,0.672413793,0.189655172,0.120689655,0.017241379,0,0,0,0,0,0.107142857,0,0,0,0.892857143,1,0.037037037,0.814814815,0.111111111,0,0.037037037
442,0.95,0,0,0.05,0,0.722222222,0.203703704,0.055555556,0.018518519,0,0,0,0,0,0.163934426,0,0.016393443,0,0.819672131,1,0.037735849,0.830188679,0.113207547,0,0.018867925
443,1,0,0,0,0,0.696428571,0.196428571,0.089285714,0.017857143,0,0,0,0,0,0.152542373,0,0,0,0.847457627,1,0.037037037,0.814814815,0.111111111,0,0.037037037
444,0.95,0,0,0.05,0,0.672413793,0.189655172,0.120689655,0.017241379,0,0,0,0,0,0.120689655,0,0.017241379,0,0.862068966,1,0.019230769,0.846153846,0.115384615,0,0.019230769
445,1,0,0,0,0,0.629032258,0.177419355,0.177419355,0.016129032,1,0,0,0,0,0.038461538,0,0,0.038461538,0.923076923,1,0.056603774,0.830188679,0.113207547,0,0
446,1,0,0,0,0,0.684210526,0.192982456,0.105263158,0.01754386,1,0,0,0,0,0,0.096153846,0.038461538,0,0.865384615,1,0.090909091,0.8,0.109090909,0,0
447,1,0,0,0,0,0.684210526,0.192982456,0.105263158,0.01754386,0.666666667,0,0,0.333333333,0,0.037735849,0.037735849,0.018867925,0,0.905660377,1,0.089285714,0.785714286,0.107142857,0,0.017857143
448,1,0,0,0,0,0.661016949,0.186440678,0.13559322,0.016949153,0,0,0,0,0,0.072727273,0,0.018181818,0,0.909090909,1,0.072727273,0.8,0.109090909,0,0.018181818
449,1,0,0,0,0,0.639344262,0.180327869,0.163934426,0.016393443,0,0,0,0,0,0.071428571,0,0.035714286,0,0.892857143,1,0.038461538,0.846153846,0.115384615,0,0
450,0.95,0,0,0.05,0,0.629032258,0.177419355,0.177419355,0.016129032,0,0,0,0,0,0.037037037,0,0.037037037,0,0.925925926,1,0.038461538,0.846153846,0.115384615,0,0
451,1,0,0,0,0,0.65,0.183333333,0.15,0.016666667,1,0,0,0,0,0.105263158,0,0.01754386,0.01754386,0.859649123,1,0.019607843,0.862745098,0.117647059,0,0
452,0.944444444,0,0,0.055555556,0,0.629032258,0.177419355,0.177419355,0.016129032,1,0,0,0,0,0.037735849,0.037735849,0.018867925,0,0.905660377,1,0,0.862745098,0.117647059,0,0.019607843
453,1,0,0,0,0,0.672413793,0.189655172,0.120689655,0.017241379,1,0,0,0,0,0.019607843,0.039215686,0,0.019607843,0.921568627,1,0.105263158,0.771929825,0.105263158,0,0.01754386
454,1,0,0,0,0,0.764705882,0.196078431,0.019607843,0.019607843,0.75,0,0.25,0,0,0.072727273,0.072727273,0.018181818,0,0.836363636,1,0.13559322,0.728813559,0.101694915,0.016949153,0.016949153
455,1,0,0,0,0,0.639344262,0.180327869,0.163934426,0.016393443,1,0,0,0,0,0,0.039215686,0.019607843,0.019607843,0.921568627,1,0.074074074,0.814814815,0.111111111,0,0
456,0.9,0.05,0,0.05,0.017241379,0.655172414,0.189655172,0.137931034,0,0,0,0,0,0,0.087719298,0,0.035087719,0,0.877192982,1,0.056603774,0.830188679,0.113207547,0,0
457,1,0,0,0,0,0.619047619,0.174603175,0.19047619,0.015873016,0,0,0,0,0,0.072727273,0,0.018181818,0,0.909090909,1,0,0.862745098,0.117647059,0,0.019607843
458,1,0,0,0,0,0.672413793,0.189655172,0.120689655,0.017241379,1,0,0,0,0,0.074074074,0,0,0.037037037,0.888888889,1,0.090909091,0.8,0.109090909,0,0
459,1,0,0,0,0,0.684210526,0.192982456,0.105263158,0.01754386,1,0,0,0,0,0.166666667,0,0,0.016666667,0.816666667,1,0,0.862745098,0.117647059,0,0.019607843
460,1,0,0,0,0,0.661016949,0.186440678,0.13559322,0.016949153,1,0,0,0,0,0.137931034,0,0,0.034482759,0.827586207,1,0,0.88,0.12,0,0
461,1,0,0,0,0,0.672413793,0.189655172,0.120689655,0.017241379,0,0,0,0,0,0.122807018,0,0,0,0.877192982,1,0.037037037,0.814814815,0.111111111,0,0.037037037
462,1,0,0,0,0,0.684210526,0.192982456,0.105263158,0.01754386,0,0,0,0,0,0.090909091,0,0,0,0.909090909,1,0.087719298,0.771929825,0.105263158,0,0.035087719
463,1,0,0,0,0,0.619047619,0.174603175,0.19047619,0.015873016,1,0,0,0,0,0.019607843,0.019607843,0,0,0.960784314,1,0.037037037,0.814814815,0.111111111,0,0.037037037
464,0.95,0,0,0.05,0,0.629032258,0.177419355,0.177419355,0.016129032,0,0,0,0,0,0.018867925,0,0.037735849,0,0.943396226,1,0.056603774,0.830188679,0.113207547,0,0
465,0.95,0,0,0.05,0,0.65,0.183333333,0.15,0.016666667,0,0,0,0,0,0.018867925,0,0.037735849,0,0.943396226,1,0.090909091,0.8,0.109090909,0,0
466,1,0,0,0,0,0.696428571,0.196428571,0.089285714,0.017857143,1,0,0,0,0,0.019230769,0.076923077,0.019230769,0.019230769,0.865384615,1,0.107142857,0.785714286,0.107142857,0,0
467,0.904761905,0,0,0.095238095,0,0.696428571,0.196428571,0.089285714,0.017857143,0,0,0,0,0,0.038461538,0,0,0,0.961538462,1,0.118644068,0.745762712,0.101694915,0,0.033898305
468,1,0,0,0,0,0.696428571,0.196428571,0.089285714,0.017857143,0,0,0,0,0,0.018867925,0,0.037735849,0,0.943396226,1,0.166666667,0.733333333,0.1,0,0
469,1,0,0,0,0,0.735849057,0.20754717,0.037735849,0.018867925,0,0,0,0,0,0.120689655,0,0.017241379,0,0.862068966,1,0.120689655,0.75862069,0.103448276,0,0.017241379
470,1,0,0,0,0,0.75,0.211538462,0.019230769,0.019230769,0.714285714,0,0,0.285714286,0,0.107142857,0.089285714,0,0,0.803571429,1,0.037037037,0.814814815,0.111111111,0,0.037037037
471,1,0,0,0,0,0.696428571,0.196428571,0.089285714,0.017857143,1,0,0,0,0,0.038461538,0,0,0.019230769,0.942307692,1,0.15,0.733333333,0.1,0,0.016666667
472,0.9375,0,0,0.0625,0,0.709090909,0.2,0.072727273,0.018181818,0.8,0,0,0.2,0,0.105263158,0.070175439,0.01754386,0,0.807017544,1,0,0.862745098,0.117647059,0,0.019607843
473,0.95,0,0,0.05,0,0.722222222,0.203703704,0.055555556,0.018518519,0,0,0,0,0,0.161290323,0,0.032258065,0,0.806451613,1,0.038461538,0.846153846,0.115384615,0,0
474,0.941176471,0,0,0.058823529,0,0.684210526,0.192982456,0.105263158,0.01754386,1,0,0,0,0,0.072727273,0.054545455,0.018181818,0,0.854545455,1,0.037735849,0.830188679,0.113207547,0,0.018867925
475,0.9375,0,0,0.0625,0,0.696428571,0.196428571,0.089285714,0.017857143,1,0,0,0,0,0.056603774,0.037735849,0,0.037735849,0.867924528,1,0.090909091,0.8,0.109090909,0,0
476,0.947368421,0,0,0.052631579,0,0.709090909,0.2,0.072727273,0.018181818,1,0,0,0,0,0.072727273,0.018181818,0.018181818,0,0.890909091,1,0.105263158,0.771929825,0.105263158,0,0.01754386
477,1,0,0,0,0,0.75,0.211538462,0.019230769,0.019230769,0,0,0,0,0,0.206349206,0,0,0,0.793650794,1,0.037037037,0.814814815,0.111111111,0,0.037037037
478,1,0,0,0,0,0.722222222,0.203703704,0.055555556,0.018518519,1,0,0,0,0,0.137931034,0.017241379,0,0,0.844827586,1,0.071428571,0.785714286,0.107142857,0,0.035714286
479,1,0,0,0,0,0.65,0.183333333,0.15,0.016666667,0,0,0,0,0,0.037037037,0,0.037037037,0,0.925925926,1,0.090909091,0.8,0.109090909,0,0
480,1,0,0,0,0,0.709090909,0.2,0.072727273,0.018181818,0.857142857,0,0,0,0.142857143,0.018867925,0.113207547,0.037735849,0,0.830188679,1,0.074074074,0.814814815,0.111111111,0,0
481,1,0,0,0,0,0.684210526,0.192982456,0.105263158,0.01754386,0.75,0,0,0.25,0,0.120689655,0.034482759,0.017241379,0.017241379,0.810344828,1,0,0.88,0.12,0,0
482,1,0,0,0,0,0.684210526,0.192982456,0.105263158,0.01754386,0.8,0,0,0.2,0,0.122807018,0.035087719,0,0.035087719,0.807017544,1,0,0.88,0.12,0,0
483,1,0,0,0,0,0.75,0.211538462,0.019230769,0.019230769,0,0,0,0,0,0.166666667,0,0,0,0.833333333,1,0.087719298,0.771929825,0.105263158,0,0.035087719
484,1,0,0,0,0,0.678571429,0.196428571,0.107142857,0.017857143,0.333333333,0.333333333,0,0.333333333,0,0.107142857,0,0,0.035714286,0.857142857,1,0.055555556,0.814814815,0.092592593,0.018518519,0.018518519
485,1,0,0,0,0,0.639344262,0.180327869,0.163934426,0.016393443,0.5,0,0,0.5,0,0.037037037,0.018518519,0.037037037,0,0.907407407,1,0.038461538,0.846153846,0.115384615,0,0
486,1,0,0,0,0,0.661016949,0.186440678,0.13559322,0.016949153,0.833333333,0,0,0,0.166666667,0.018867925,0.094339623,0.037735849,0,0.849056604,1,0.019607843,0.862745098,0.117647059,0,0
487,1,0,0,0,0,0.65,0.183333333,0.15,0.016666667,0.666666667,0,0,0,0.333333333,0,0.038461538,0.038461538,0,0.923076923,1,0.074074074,0.814814815,0.111111111,0,0
488,0.933333333,0.066666667,0,0,0.018867925,0.698113208,0.20754717,0.075471698,0,0.666666667,0.166666667,0,0,0.166666667,0.019230769,0.057692308,0.019230769,0.038461538,0.865384615,1,0.137931034,0.75862069,0.086206897,0.017241379,0
489,1,0,0,0,0,0.709090909,0.2,0.072727273,0.018181818,0.714285714,0,0,0.285714286,0,0,0.06,0,0.04,0.9,1,0.122807018,0.771929825,0.105263158,0,0
490,1,0,0,0,0,0.722222222,0.203703704,0.055555556,0.018518519,1,0,0,0,0,0.037735849,0,0.018867925,0.018867925,0.924528302,1,0.180327869,0.721311475,0.098360656,0,0
491,0.9,0,0,0.1,0.018518519,0.703703704,0.203703704,0.074074074,0,0,1,0,0,0,0.105263158,0.01754386,0.01754386,0,0.859649123,1,0.072727273,0.8,0.109090909,0,0.018181818
492,0.882352941,0,0,0.117647059,0,0.755102041,0.224489796,0,0.020408163,0.571428571,0.285714286,0,0.142857143,0,0.152542373,0.033898305,0,0.06779661,0.745762712,1,0.038461538,0.846153846,0.076923077,0.038461538,0
493,1,0,0,0,0,0.735849057,0.20754717,0.037735849,0.018867925,1,0,0,0,0,0.174603175,0.031746032,0.031746032,0,0.761904762,1,0.019607843,0.862745098,0.117647059,0,0
494,0.947368421,0.052631579,0,0,0,0.711538462,0.211538462,0.057692308,0.019230769,0.5,0.5,0,0,0,0.177419355,0.032258065,0.016129032,0,0.774193548,1,0.018867925,0.811320755,0.094339623,0.037735849,0.037735849
495,1,0,0,0,0,0.639344262,0.180327869,0.163934426,0.016393443,0,0,0,0,0,0.072727273,0,0.018181818,0,0.909090909,1,0.037735849,0.830188679,0.113207547,0,0.018867925
496,0.904761905,0,0,0.095238095,0,0.696428571,0.196428571,0.089285714,0.017857143,0,0,0,0,0,0.018867925,0,0.037735849,0,0.943396226,1,0.137931034,0.75862069,0.103448276,0,0
497,1,0,0,0,0,0.666666667,0.192982456,0.122807018,0.01754386,0.333333333,0.333333333,0,0.333333333,0,0.105263158,0.01754386,0.01754386,0.01754386,0.842105263,1,0.019230769,0.846153846,0.096153846,0.019230769,0.019230769
498,1,0,0,0,0,0.709090909,0.2,0.072727273,0.018181818,0.888888889,0,0,0,0.111111111,0.037037037,0.148148148,0.037037037,0,0.777777778,1,0.019607843,0.862745098,0.117647059,0,0
499,1,0,0,0,0,0.709090909,0.2,0.072727273,0.018181818,0.888888889,0,0,0.111111111,0,0.037735849,0.132075472,0.018867925,0.018867925,0.79245283,1,0.038461538,0.846153846,0.115384615,0,0
500,1,0,0,0,0,0.722222222,0.203703704,0.055555556,0.018518519,0.923076923,0,0,0.076923077,0,0,0.215686275,0.019607843,0.019607843,0.745098039,1,0.019607843,0.862745098,0.117647059,0,0
501,0.894736842,0,0,0.105263158,0,0.661016949,0.186440678,0.13559322,0.016949153,1,0,0,0,0,0.071428571,0.035714286,0.035714286,0,0.857142857,1,0,0.88,0.12,0,0
502,0.941176471,0,0,0.058823529,0,0.696428571,0.196428571,0.089285714,0.017857143,0.75,0,0,0,0.25,0,0.058823529,0.019607843,0,0.921568627,1,0.105263158,0.771929825,0.105263158,0,0.01754386
503,1,0,0,0,0,0.661016949,0.186440678,0.13559322,0.016949153,0,0,0,0,0,0.087719298,0,0.035087719,0,0.877192982,1,0.056603774,0.830188679,0.113207547,0,0
504,1,0,0,0,0,0.629032258,0.177419355,0.177419355,0.016129032,0,0,0,0,0,0.018867925,0,0.037735849,0,0.943396226,1,0.074074074,0.814814815,0.111111111,0,0
505,0.904761905,0,0,0.095238095,0,0.672413793,0.189655172,0.120689655,0.017241379,0,0,0,0,0,0.087719298,0,0.035087719,0,0.877192982,1,0.038461538,0.846153846,0.115384615,0,0
506,0.894736842,0,0,0.105263158,0,0.672413793,0.189655172,0.120689655,0.017241379,1,0,0,0,0,0.019230769,0.019230769,0.019230769,0.019230769,0.923076923,1,0.090909091,0.8,0.109090909,0,0
507,0.933333333,0,0,0.066666667,0,0.75,0.211538462,0.019230769,0.019230769,1,0,0,0,0,0.074074074,0.055555556,0,0.037037037,0.833333333,1,0.122807018,0.771929825,0.105263158,0,0
508,0.9375,0,0,0.0625,0,0.735849057,0.20754717,0.037735849,0.018867925,1,0,0,0,0,0.166666667,0.033333333,0,0.033333333,0.766666667,1,0.019607843,0.862745098,0.117647059,0,0
509,1,0,0,0,0,0.661016949,0.186440678,0.13559322,0.016949153,1,0,0,0,0,0.090909091,0,0,0.018181818,0.890909091,1,0.055555556,0.814814815,0.111111111,0,0.018518519
510,1,0,0,0,0,0.661016949,0.186440678,0.13559322,0.016949153,1,0,0,0,0,0.037735849,0,0.018867925,0.018867925,0.924528302,1,0.107142857,0.785714286,0.107142857,0,0
511,0.95,0,0,0.05,0,0.678571429,0.196428571,0.107142857,0.017857143,0,1,0,0,0,0.089285714,0,0.017857143,0.017857143,0.875,1,0.072727273,0.8,0.090909091,0.018181818,0.018181818
512,0.947368421,0,0,0.052631579,0,0.722222222,0.203703704,0.055555556,0.018518519,1,0,0,0,0,0.019230769,0.019230769,0.019230769,0,0.942307692,1,0.163934426,0.721311475,0.098360656,0,0.016393443
513,1,0,0,0,0,0.709090909,0.2,0.072727273,0.018181818,0,0,0,0,0,0.107142857,0,0,0,0.892857143,1,0.103448276,0.75862069,0.103448276,0,0.034482759
514,0.95,0,0,0.05,0,0.696428571,0.196428571,0.089285714,0.017857143,0,0,0,0,0,0.074074074,0,0,0,0.925925926,1,0.103448276,0.75862069,0.103448276,0,0.034482759
515,1,0,0,0,0,0.612903226,0.177419355,0.193548387,0.016129032,0,1,0,0,0,0,0.019607843,0.019607843,0,0.960784314,1,0.072727273,0.781818182,0.109090909,0.018181818,0.018181818
516,1,0,0,0,0,0.709090909,0.2,0.072727273,0.018181818,1,0,0,0,0,0.038461538,0.076923077,0,0,0.884615385,1,0.103448276,0.75862069,0.103448276,0,0.034482759
517,0.95,0,0,0.05,0,0.684210526,0.192982456,0.105263158,0.01754386,0,0,0,0,0,0.018867925,0,0.037735849,0,0.943396226,1,0.137931034,0.75862069,0.103448276,0,0
518,1,0,0,0,0,0.709090909,0.2,0.072727273,0.018181818,0.5,0,0,0,0.5,0.037037037,0.018518519,0.037037037,0,0.907407407,1,0.137931034,0.75862069,0.103448276,0,0
519,0.941176471,0,0,0.058823529,0,0.722222222,0.203703704,0.055555556,0.018518519,1,0,0,0,0,0,0.039215686,0.019607843,0.019607843,0.921568627,1,0.166666667,0.733333333,0.1,0,0
520,0.95,0,0,0.05,0,0.709090909,0.2,0.072727273,0.018181818,0,0,0,0,0,0.038461538,0,0,0,0.961538462,1,0.147540984,0.721311475,0.098360656,0,0.032786885
521,1,0,0,0,0,0.661016949,0.186440678,0.13559322,0.016949153,1,0,0,0,0,0.120689655,0.017241379,0.017241379,0,0.844827586,1,0,0.862745098,0.117647059,0,0.019607843
522,0.904761905,0,0,0.095238095,0,0.65,0.183333333,0.15,0.016666667,0,0,0,0,0,0.071428571,0,0.035714286,0,0.892857143,1,0.019607843,0.862745098,0.117647059,0,0
523,0.894736842,0,0,0.105263158,0,0.619047619,0.174603175,0.19047619,0.015873016,1,0,0,0,0,0.019607843,0.019607843,0,0.019607843,0.941176471,1,0,0.862745098,0.117647059,0,0.019607843
524,0.95,0,0,0.05,0,0.619047619,0.174603175,0.19047619,0.015873016,0,0,0,0,0,0.019607843,0,0,0,0.980392157,1,0.037037037,0.814814815,0.111111111,0,0.037037037
525,0.95,0,0,0.05,0,0.661016949,0.186440678,0.13559322,0.016949153,0,0,0,0,0,0,0,0.019607843,0,0.980392157,1,0.120689655,0.75862069,0.103448276,0,0.017241379
526,0.941176471,0,0,0.058823529,0,0.684210526,0.175438596,0.122807018,0.01754386,0.6,0,0.2,0.2,0,0.019230769,0.057692308,0.019230769,0.019230769,0.884615385,1,0.074074074,0.796296296,0.111111111,0.018518519,0
527,0.944444444,0,0,0.055555556,0,0.639344262,0.180327869,0.163934426,0.016393443,1,0,0,0,0,0.037735849,0.037735849,0.018867925,0,0.905660377,1,0.019230769,0.846153846,0.115384615,0,0.019230769
528,0.928571429,0.071428571,0,0,0.01754386,0.666666667,0.192982456,0.122807018,0,1,0,0,0,0,0.019230769,0.076923077,0.019230769,0.019230769,0.865384615,1,0.090909091,0.8,0.109090909,0,0
529,1,0,0,0,0,0.672413793,0.189655172,0.120689655,0.017241379,1,0,0,0,0,0.056603774,0,0,0.037735849,0.905660377,1,0.107142857,0.785714286,0.107142857,0,0
530,1,0,0,0,0,0.722222222,0.203703704,0.055555556,0.018518519,0.875,0,0,0,0.125,0.074074074,0.092592593,0,0.037037037,0.796296296,1,0.056603774,0.830188679,0.113207547,0,0
531,0.95,0,0,0.05,0,0.672413793,0.189655172,0.120689655,0.017241379,0,0,0,0,0,0,0,0.038461538,0,0.961538462,1,0.137931034,0.75862069,0.103448276,0,0
532,1,0,0,0,0,0.661016949,0.186440678,0.13559322,0.016949153,1,0,0,0,0,0.019230769,0.019230769,0.019230769,0,0.942307692,1,0.105263158,0.771929825,0.105263158,0,0.01754386
533,0.941176471,0.058823529,0,0,0.016129032,0.612903226,0.177419355,0.193548387,0,1,0,0,0,0,0.019607843,0.039215686,0,0,0.941176471,1,0.037037037,0.814814815,0.111111111,0,0.037037037
534,0.944444444,0.055555556,0,0,0.016393443,0.62295082,0.180327869,0.180327869,0,1,0,0,0,0,0.019230769,0,0.019230769,0.019230769,0.942307692,1,0.090909091,0.8,0.109090909,0,0
535,0.9,0,0,0.1,0,0.684210526,0.192982456,0.105263158,0.01754386,1,0,0,0,0,0.037735849,0.018867925,0.018867925,0,0.924528302,1,0.089285714,0.785714286,0.107142857,0,0.017857143
536,1,0,0,0,0,0.672727273,0.2,0.127272727,0,0.75,0.25,0,0,0,0,0.16,0,0,0.84,1,0.071428571,0.75,0.107142857,0.035714286,0.035714286
537,1,0,0,0,0,0.639344262,0.180327869,0.163934426,0.016393443,0,0,0,0,0,0.055555556,0,0.018518519,0,0.925925926,1,0.055555556,0.814814815,0.111111111,0,0.018518519
538,1,0,0,0,0,0.684210526,0.192982456,0.105263158,0.01754386,0,0,0,0,0,0.037037037,0,0.037037037,0,0.925925926,1,0.137931034,0.75862069,0.103448276,0,0
539,1,0,0,0,0,0.661016949,0.186440678,0.13559322,0.016949153,0,0,0,0,0,0.055555556,0,0.018518519,0,0.925925926,1,0.089285714,0.785714286,0.107142857,0,0.017857143
540,1,0,0,0,0,0.722222222,0.203703704,0.055555556,0.018518519,0.5,0,0,0.5,0,0.019607843,0.019607843,0,0,0.960784314,1,0.161290323,0.709677419,0.096774194,0,0.032258065
541,1,0,0,0,0,0.722222222,0.203703704,0.055555556,0.018518519,1,0,0,0,0,0.019230769,0.019230769,0.019230769,0,0.942307692,1,0.177419355,0.709677419,0.096774194,0,0.016129032
542,0.941176471,0.058823529,0,0,0.018867925,0.716981132,0.20754717,0.037735849,0.018867925,1,0,0,0,0,0.071428571,0.035714286,0.035714286,0,0.857142857,1,0.120689655,0.75862069,0.103448276,0,0.017241379
543,1,0,0,0,0,0.696428571,0.196428571,0.089285714,0.017857143,0.75,0,0,0,0.25,0.089285714,0.053571429,0.017857143,0,0.839285714,1,0.037735849,0.830188679,0.113207547,0,0.018867925
544,1,0,0,0,0,0.709090909,0.2,0.072727273,0.018181818,0.9,0,0,0,0.1,0.038461538,0.173076923,0,0,0.788461538,1,0,0.846153846,0.115384615,0,0.038461538
545,1,0,0,0,0,0.684210526,0.192982456,0.105263158,0.01754386,0.888888889,0,0,0,0.111111111,0.019230769,0.134615385,0.019230769,0.019230769,0.807692308,1,0.019607843,0.862745098,0.117647059,0,0
546,1,0,0,0,0,0.709090909,0.2,0.072727273,0.018181818,0.875,0,0,0.125,0,0,0.117647059,0.019607843,0.019607843,0.843137255,1,0.090909091,0.8,0.109090909,0,0
547,0.944444444,0,0,0.055555556,0,0.661016949,0.186440678,0.13559322,0.016949153,1,0,0,0,0,0,0.039215686,0.019607843,0,0.941176471,1,0.089285714,0.785714286,0.107142857,0,0.017857143
548,0.9,0,0,0.1,0,0.696428571,0.196428571,0.089285714,0.017857143,1,0,0,0,0,0.089285714,0,0.017857143,0.017857143,0.875,1,0.074074074,0.814814815,0.111111111,0,0
549,1,0,0,0,0,0.709090909,0.2,0.072727273,0.018181818,0,0,0,0,0,0.137931034,0,0,0,0.862068966,1,0.071428571,0.785714286,0.107142857,0,0.035714286
550,0.9,0,0.05,0.05,0,0.661016949,0.169491525,0.152542373,0.016949153,1,0,0,0,0,0.037037037,0.018518519,0.037037037,0,0.907407407,1,0.074074074,0.796296296,0.111111111,0.018518519,0
551,0.95,0,0,0.05,0,0.709090909,0.2,0.072727273,0.018181818,0,0,0,0,0,0.174603175,0,0.031746032,0,0.793650794,1,0,0.88,0.12,0,0
552,0.904761905,0,0.047619048,0.047619048,0,0.722222222,0.185185185,0.074074074,0.018518519,0,0,0,0,0,0.133333333,0,0.033333333,0,0.833333333,1,0.074074074,0.796296296,0.111111111,0.018518519,0
553,1,0,0,0,0,0.661016949,0.186440678,0.13559322,0.016949153,0,0,0,0,0,0.074074074,0,0,0,0.925925926,1,0.071428571,0.785714286,0.107142857,0,0.035714286
554,1,0,0,0,0,0.629032258,0.177419355,0.177419355,0.016129032,0,0,0,0,0,0.074074074,0,0,0,0.925925926,1,0.018867925,0.830188679,0.113207547,0,0.037735849
555,1,0,0,0,0,0.609375,0.171875,0.203125,0.015625,1,0,0,0,0,0,0.039215686,0.019607843,0,0.941176471,1,0.019230769,0.846153846,0.115384615,0,0.019230769
556,1,0,0,0,0,0.629032258,0.177419355,0.177419355,0.016129032,1,0,0,0,0,0.071428571,0.017857143,0.035714286,0,0.875,1,0,0.88,0.12,0,0
557,1,0,0,0,0,0.709090909,0.181818182,0.090909091,0.018181818,0.75,0,0.083333333,0,0.166666667,0.019607843,0.156862745,0,0.039215686,0.784313725,1,0.019607843,0.843137255,0.117647059,0.019607843,0
558,1,0,0,0,0,0.661016949,0.186440678,0.13559322,0.016949153,1,0,0,0,0,0.103448276,0.017241379,0.034482759,0,0.844827586,1,0.019607843,0.862745098,0.117647059,0,0
559,1,0,0,0,0,0.672413793,0.189655172,0.120689655,0.017241379,1,0,0,0,0,0.105263158,0.01754386,0.01754386,0.01754386,0.842105263,1,0.038461538,0.846153846,0.115384615,0,0
560,1,0,0,0,0,0.684210526,0.192982456,0.105263158,0.01754386,0,0,0,0,0,0.118644068,0,0.033898305,0,0.847457627,1,0.056603774,0.830188679,0.113207547,0,0
561,0.95,0,0,0.05,0,0.696428571,0.196428571,0.089285714,0.017857143,0,0,0,0,0,0.107142857,0,0,0,0.892857143,1,0.071428571,0.785714286,0.107142857,0,0.035714286
562,1,0,0,0,0,0.709090909,0.2,0.072727273,0.018181818,1,0,0,0,0,0.019607843,0,0,0.019607843,0.960784314,1,0.177419355,0.709677419,0.096774194,0,0.016129032
563,1,0,0,0,0,0.722222222,0.203703704,0.055555556,0.018518519,1,0,0,0,0,0,0.096153846,0.038461538,0,0.865384615,1,0.137931034,0.75862069,0.103448276,0,0
564,1,0,0,0,0,0.709090909,0.2,0.072727273,0.018181818,0,0,0,0,0,0.161290323,0,0.032258065,0,0.806451613,1,0.038461538,0.846153846,0.115384615,0,0
565,0.95,0,0,0.05,0,0.696428571,0.196428571,0.089285714,0.017857143,0,0,0,0,0,0,0,0.019607843,0,0.980392157,1,0.163934426,0.721311475,0.098360656,0,0.016393443
566,0.95,0,0,0.05,0,0.65,0.183333333,0.15,0.016666667,0,0,0,0,0,0.074074074,0,0,0,0.925925926,1,0.037037037,0.814814815,0.111111111,0,0.037037037
567,1,0,0,0,0,0.65,0.183333333,0.15,0.016666667,0,0,0,0,0,0.072727273,0,0.018181818,0,0.909090909,1,0.055555556,0.814814815,0.111111111,0,0.018518519
568,1,0,0,0,0,0.661016949,0.186440678,0.13559322,0.016949153,0,0,0,0,0,0.054545455,0,0.036363636,0,0.909090909,1,0.090909091,0.8,0.109090909,0,0
569,1,0,0,0,0,0.735849057,0.20754717,0.037735849,0.018867925,1,0,0,0,0,0.137931034,0,0,0.034482759,0.827586207,1,0.107142857,0.785714286,0.107142857,0,0
570,0.95,0,0,0.05,0,0.672413793,0.189655172,0.120689655,0.017241379,0,0,0,0,0,0.089285714,0,0.017857143,0,0.892857143,1,0.055555556,0.814814815,0.111111111,0,0.018518519
571,1,0,0,0,0,0.696428571,0.196428571,0.089285714,0.017857143,0,0,0,0,0,0.152542373,0,0,0,0.847457627,1,0.037037037,0.814814815,0.111111111,0,0.037037037
572,0.95,0,0,0.05,0,0.639344262,0.180327869,0.163934426,0.016393443,0,0,0,0,0,0.038461538,0,0,0,0.961538462,1,0.054545455,0.8,0.109090909,0,0.036363636
573,0.947368421,0,0,0.052631579,0,0.696428571,0.196428571,0.089285714,0.017857143,1,0,0,0,0,0.072727273,0.018181818,0.018181818,0,0.890909091,1,0.089285714,0.785714286,0.107142857,0,0.017857143
574,1,0,0,0,0,0.672413793,0.189655172,0.120689655,0.017241379,1,0,0,0,0,0.090909091,0.018181818,0,0,0.890909091,1,0.054545455,0.8,0.109090909,0,0.036363636
575,0.95,0,0,0.05,0,0.639344262,0.180327869,0.163934426,0.016393443,0,0,0,0,0,0.090909091,0,0,0,0.909090909,1,0,0.846153846,0.115384615,0,0.038461538
576,1,0,0,0,0,0.684210526,0.192982456,0.105263158,0.01754386,0,0,0,0,0,0.137931034,0,0,0,0.862068966,1,0.037037037,0.814814815,0.111111111,0,0.037037037
577,0.95,0,0,0.05,0,0.639344262,0.180327869,0.163934426,0.016393443,0,0,0,0,0,0.056603774,0,0,0,0.943396226,1,0.037037037,0.814814815,0.111111111,0,0.037037037
578,1,0,0,0,0,0.709090909,0.2,0.072727273,0.018181818,0,0,0,0,0,0.089285714,0,0.017857143,0,0.892857143,1,0.120689655,0.75862069,0.103448276,0,0.017241379
579,1,0,0,0,0,0.672413793,0.189655172,0.120689655,0.017241379,0,0,0,0,0,0.071428571,0,0.035714286,0,0.892857143,1,0.090909091,0.8,0.109090909,0,0
580,1,0,0,0,0,0.684210526,0.192982456,0.105263158,0.01754386,0,0,0,0,0,0.019230769,0,0.019230769,0,0.961538462,1,0.15,0.733333333,0.1,0,0.016666667
581,1,0,0,0,0,0.672413793,0.189655172,0.120689655,0.017241379,1,0,0,0,0,0.019607843,0.019607843,0,0.019607843,0.941176471,1,0.120689655,0.75862069,0.103448276,0,0.017241379
582,0.928571429,0,0,0.071428571,0,0.709090909,0.2,0.072727273,0.018181818,1,0,0,0,0,0,0.08,0,0.04,0.88,1,0.122807018,0.771929825,0.105263158,0,0
583,1,0,0,0,0,0.661016949,0.186440678,0.13559322,0.016949153,1,0,0,0,0,0.056603774,0.056603774,0,0.018867925,0.867924528,1,0.037735849,0.830188679,0.113207547,0,0.018867925
584,0.947368421,0.052631579,0,0,0.016666667,0.633333333,0.183333333,0.166666667,0,0,0,0,0,0,0.122807018,0,0,0,0.877192982,1,0,0.846153846,0.115384615,0,0.038461538
585,1,0,0,0,0,0.639344262,0.180327869,0.163934426,0.016393443,1,0,0,0,0,0.072727273,0,0.018181818,0.018181818,0.890909091,1,0.038461538,0.846153846,0.115384615,0,0
586,0.944444444,0.055555556,0,0,0.018181818,0.690909091,0.2,0.090909091,0,1,0,0,0,0,0.180327869,0,0,0.016393443,0.803278689,1,0.019230769,0.846153846,0.115384615,0,0.019230769
587,0.933333333,0.066666667,0,0,0.018518519,0.703703704,0.203703704,0.074074074,0,0.8,0,0,0.2,0,0.13559322,0.06779661,0.016949153,0,0.779661017,1,0,0.862745098,0.117647059,0,0.019607843
588,1,0,0,0,0,0.661016949,0.186440678,0.13559322,0.016949153,0,0,0,0,0,0.071428571,0,0.035714286,0,0.892857143,1,0.074074074,0.814814815,0.111111111,0,0
589,0.95,0,0,0.05,0,0.609375,0.171875,0.203125,0.015625,0,0,0,0,0,0,0,0,0,1,1,0.037037037,0.814814815,0.111111111,0,0.037037037
590,0.947368421,0,0,0.052631579,0,0.644067797,0.186440678,0.152542373,0.016949153,0.333333333,0.333333333,0,0.333333333,0,0.019607843,0.019607843,0,0.019607843,0.941176471,1,0.072727273,0.781818182,0.109090909,0.018181818,0.018181818
591,0.95,0,0,0.05,0,0.629032258,0.177419355,0.177419355,0.016129032,0,0,0,0,0,0,0,0,0,1,1,0.071428571,0.785714286,0.107142857,0,0.035714286
592,0.95,0,0,0.05,0,0.639344262,0.180327869,0.163934426,0.016393443,0,0,0,0,0,0.038461538,0,0,0,0.961538462,1,0.054545455,0.8,0.109090909,0,0.036363636
593,1,0,0,0,0,0.722222222,0.203703704,0.055555556,0.018518519,0,0,0,0,0,0.090909091,0,0,0,0.909090909,1,0.133333333,0.733333333,0.1,0,0.033333333
594,0.947368421,0,0,0.052631579,0,0.672413793,0.189655172,0.120689655,0.017241379,0.5,0,0,0.5,0,0.089285714,0.017857143,0.017857143,0,0.875,1,0.019230769,0.846153846,0.115384615,0,0.019230769
595,1,0,0,0,0,0.661016949,0.186440678,0.13559322,0.016949153,0.833333333,0,0,0.166666667,0,0.056603774,0.056603774,0,0.037735849,0.849056604,1,0.019607843,0.862745098,0.117647059,0,0
596,1,0,0,0,0,0.684210526,0.192982456,0.105263158,0.01754386,0.857142857,0,0,0.142857143,0,0.056603774,0.094339623,0,0.018867925,0.830188679,1,0.019230769,0.846153846,0.115384615,0,0.019230769
597,1,0,0,0,0,0.672413793,0.189655172,0.120689655,0.017241379,1,0,0,0,0,0.122807018,0.01754386,0,0,0.859649123,1,0.018867925,0.830188679,0.113207547,0,0.037735849
598,1,0,0,0,0,0.661016949,0.186440678,0.13559322,0.016949153,1,0,0,0,0,0.13559322,0,0.016949153,0.016949153,0.830508475,1,0,0.88,0.12,0,0
599,0.944444444,0.055555556,0,0,0.016393443,0.62295082,0.180327869,0.180327869,0,1,0,0,0,0,0.037037037,0.018518519,0.037037037,0,0.907407407,1,0.056603774,0.830188679,0.113207547,0,0
600,1,0,0,0,0,0.6,0.169230769,0.215384615,0.015384615,1,0,0,0,0,0.037735849,0,0.018867925,0.018867925,0.924528302,1,0,0.88,0.12,0,0
601,1,0,0,0,0,0.696428571,0.196428571,0.089285714,0.017857143,0,0,0,0,0,0.147540984,0,0.032786885,0,0.819672131,1,0.038461538,0.846153846,0.115384615,0,0
602,0.947368421,0,0,0.052631579,0,0.684210526,0.192982456,0.105263158,0.01754386,1,0,0,0,0,0.120689655,0.017241379,0.017241379,0,0.844827586,1,0.019230769,0.846153846,0.115384615,0,0.019230769
603,1,0,0,0,0,0.722222222,0.203703704,0.055555556,0.018518519,0,0,0,0,0,0.074074074,0,0,0,0.925925926,1,0.147540984,0.721311475,0.098360656,0,0.032786885
604,0.95,0,0,0.05,0,0.709090909,0.2,0.072727273,0.018181818,0,0,0,0,0,0.089285714,0,0.017857143,0,0.892857143,1,0.105263158,0.771929825,0.105263158,0,0.01754386
605,1,0,0,0,0,0.684210526,0.192982456,0.105263158,0.01754386,1,0,0,0,0,0.122807018,0.035087719,0,0.035087719,0.807017544,1,0.019607843,0.862745098,0.117647059,0,0
606,0.9,0,0,0.1,0,0.735849057,0.20754717,0.037735849,0.018867925,1,0,0,0,0,0.163934426,0,0.016393443,0.016393443,0.803278689,1,0.038461538,0.846153846,0.115384615,0,0
607,1,0,0,0,0.019607843,0.745098039,0.196078431,0.039215686,0,0.764705882,0.058823529,0.058823529,0.117647059,0,0,0.28,0,0.02,0.7,1,0,0.843137255,0.117647059,0.019607843,0.019607843
608,1,0,0,0,0.01754386,0.666666667,0.192982456,0.122807018,0,0.75,0.125,0,0.125,0,0,0.134615385,0.038461538,0,0.826923077,1,0.038461538,0.846153846,0.115384615,0,0
609,1,0,0,0,0.016949153,0.627118644,0.186440678,0.169491525,0,0.6,0.4,0,0,0,0.019607843,0.098039216,0,0,0.882352941,1,0.037037037,0.796296296,0.111111111,0.018518519,0.037037037
610,0.944444444,0.055555556,0,0,0.017857143,0.678571429,0.196428571,0.107142857,0,0.5,0,0,0,0.5,0.037037037,0.018518519,0.037037037,0,0.907407407,1,0.122807018,0.771929825,0.105263158,0,0
611,1,0,0,0,0,0.696428571,0.196428571,0.089285714,0.017857143,1,0,0,0,0,0.037735849,0,0.018867925,0.018867925,0.924528302,1,0.152542373,0.745762712,0.101694915,0,0
612,1,0,0,0,0,0.684210526,0.192982456,0.105263158,0.01754386,0,0,0,0,0,0,0,0.038461538,0,0.961538462,1,0.166666667,0.733333333,0.1,0,0
613,1,0,0,0,0,0.65,0.183333333,0.15,0.016666667,0,0,0,0,0,0,0,0.038461538,0,0.961538462,1,0.122807018,0.771929825,0.105263158,0,0
614,1,0,0,0,0,0.684210526,0.192982456,0.105263158,0.01754386,0,0,0,0,0,0,0,0.038461538,0,0.961538462,1,0.166666667,0.733333333,0.1,0,0
615,1,0,0,0,0,0.684210526,0.192982456,0.105263158,0.01754386,0,0,0,0,0,0.037037037,0,0.037037037,0,0.925925926,1,0.137931034,0.75862069,0.103448276,0,0
616,1,0,0,0,0,0.661016949,0.186440678,0.13559322,0.016949153,0,0,0,0,0,0.037735849,0,0.018867925,0,0.943396226,1,0.105263158,0.771929825,0.105263158,0,0.01754386
617,0.95,0,0,0.05,0,0.684210526,0.192982456,0.105263158,0.01754386,0,0,0,0,0,0.120689655,0,0.017241379,0,0.862068966,1,0.037735849,0.830188679,0.113207547,0,0.018867925
618,0.95,0,0,0.05,0,0.709090909,0.2,0.072727273,0.018181818,0,0,0,0,0,0.166666667,0,0,0,0.833333333,1,0.018867925,0.830188679,0.113207547,0,0.037735849
619,1,0,0,0,0,0.709090909,0.2,0.072727273,0.018181818,1,0,0,0,0,0,0.04,0,0.02,0.94,1,0.163934426,0.721311475,0.098360656,0,0.016393443
620,0.944444444,0,0,0.055555556,0,0.684210526,0.192982456,0.105263158,0.01754386,1,0,0,0,0,0.122807018,0.01754386,0,0.01754386,0.842105263,1,0.019230769,0.846153846,0.115384615,0,0.019230769
621,0.95,0,0,0.05,0,0.696428571,0.196428571,0.089285714,0.017857143,0,0,0,0,0,0.122807018,0,0,0,0.877192982,1,0.054545455,0.8,0.109090909,0,0.036363636
622,0.947368421,0,0,0.052631579,0,0.696428571,0.196428571,0.089285714,0.017857143,1,0,0,0,0,0.147540984,0.016393443,0.032786885,0,0.803278689,1,0,0.88,0.12,0,0
623,1,0,0,0,0,0.709090909,0.2,0.072727273,0.018181818,1,0,0,0,0,0.090909091,0,0,0.036363636,0.872727273,1,0.122807018,0.771929825,0.105263158,0,0
624,0.9,0,0,0.1,0,0.619047619,0.174603175,0.19047619,0.015873016,1,0,0,0,0,0.019607843,0,0,0.019607843,0.960784314,1,0.019230769,0.846153846,0.115384615,0,0.019230769
625,0.944444444,0,0,0.055555556,0,0.672413793,0.189655172,0.120689655,0.017241379,1,0,0,0,0,0.107142857,0,0,0.035714286,0.857142857,1,0.038461538,0.846153846,0.115384615,0,0
626,0.95,0,0,0.05,0,0.65,0.183333333,0.15,0.016666667,0,0,0,0,0,0.089285714,0,0.017857143,0,0.892857143,1,0.019230769,0.846153846,0.115384615,0,0.019230769
627,1,0,0,0,0,0.696428571,0.196428571,0.089285714,0.017857143,0,0,0,0,0,0.166666667,0,0,0,0.833333333,1,0.018867925,0.830188679,0.113207547,0,0.037735849
628,1,0,0,0,0,0.65,0.183333333,0.15,0.016666667,0,0,0,0,0,0.107142857,0,0,0,0.892857143,1,0.018867925,0.830188679,0.113207547,0,0.037735849
629,1,0,0,0,0,0.696428571,0.196428571,0.089285714,0.017857143,0,0,0,0,0,0.056603774,0,0,0,0.943396226,1,0.133333333,0.733333333,0.1,0,0.033333333
630,0.95,0,0,0.05,0,0.696428571,0.196428571,0.089285714,0.017857143,0,0,0,0,0,0.105263158,0,0.01754386,0,0.877192982,1,0.072727273,0.8,0.109090909,0,0.018181818
631,0.95,0,0,0.05,0,0.696428571,0.196428571,0.089285714,0.017857143,0,0,0,0,0,0.107142857,0,0,0,0.892857143,1,0.071428571,0.785714286,0.107142857,0,0.035714286
632,0.947368421,0.052631579,0,0,0.01754386,0.666666667,0.192982456,0.122807018,0,0,0,0,0,0,0.163934426,0,0.016393443,0,0.819672131,1,0,0.862745098,0.117647059,0,0.019607843
633,0.95,0,0,0.05,0,0.639344262,0.180327869,0.163934426,0.016393443,0,0,0,0,0,0.018867925,0,0.037735849,0,0.943396226,1,0.074074074,0.814814815,0.111111111,0,0
634,1,0,0,0,0,0.619047619,0.174603175,0.19047619,0.015873016,0,0,0,0,0,0.074074074,0,0,0,0.925925926,1,0,0.846153846,0.115384615,0,0.038461538
635,1,0,0,0,0,0.75,0.211538462,0.019230769,0.019230769,0,0,0,0,0,0.038461538,0,0,0,0.961538462,1,0.2,0.676923077,0.092307692,0,0.030769231
636,1,0,0,0,0,0.735849057,0.20754717,0.037735849,0.018867925,1,0,0,0,0,0.122807018,0.01754386,0,0,0.859649123,1,0.103448276,0.75862069,0.103448276,0,0.034482759
637,0.95,0,0,0.05,0,0.684210526,0.192982456,0.105263158,0.01754386,0,0,0,0,0,0.152542373,0,0,0,0.847457627,1,0,0.846153846,0.115384615,0,0.038461538
638,0.95,0,0,0.05,0,0.672413793,0.189655172,0.120689655,0.017241379,0,0,0,0,0,0.13559322,0,0.016949153,0,0.847457627,1,0,0.862745098,0.117647059,0,0.019607843
639,0.947368421,0,0,0.052631579,0,0.735849057,0.20754717,0.037735849,0.018867925,1,0,0,0,0,0.19047619,0.015873016,0.015873016,0,0.777777778,1,0,0.862745098,0.117647059,0,0.019607843
640,0.904761905,0,0,0.095238095,0,0.684210526,0.192982456,0.105263158,0.01754386,0,0,0,0,0,0.103448276,0,0.034482759,0,0.862068966,1,0.038461538,0.846153846,0.115384615,0,0
641,0.947368421,0,0,0.052631579,0,0.672413793,0.189655172,0.120689655,0.017241379,1,0,0,0,0,0.071428571,0.017857143,0.035714286,0,0.875,1,0.056603774,0.830188679,0.113207547,0,0
642,1,0,0,0,0,0.661016949,0.186440678,0.13559322,0.016949153,0,0,0,0,0,0.118644068,0,0.033898305,0,0.847457627,1,0.019607843,0.862745098,0.117647059,0,0
643,1,0,0,0,0,0.696428571,0.196428571,0.089285714,0.017857143,0,0,0,0,0,0.103448276,0,0.034482759,0,0.862068966,1,0.090909091,0.8,0.109090909,0,0
644,1,0,0,0,0,0.684210526,0.192982456,0.105263158,0.01754386,0,0,0,0,0,0.120689655,0,0.017241379,0,0.862068966,1,0.055555556,0.814814815,0.111111111,0,0.018518519
645,1,0,0,0,0,0.639344262,0.163934426,0.180327869,0.016393443,0.666666667,0,0.333333333,0,0,0.072727273,0.018181818,0.018181818,0.036363636,0.854545455,1,0,0.88,0.1,0.02,0
646,1,0,0,0,0,0.684210526,0.192982456,0.105263158,0.01754386,1,0,0,0,0,0.120689655,0,0.017241379,0.017241379,0.844827586,1,0.056603774,0.830188679,0.113207547,0,0
647,1,0,0,0,0.018867925,0.716981132,0.20754717,0.056603774,0,0.857142857,0.142857143,0,0,0,0.090909091,0.090909091,0,0.036363636,0.781818182,1,0.074074074,0.814814815,0.111111111,0,0
648,0.9375,0,0,0.0625,0,0.722222222,0.203703704,0.055555556,0.018518519,0.8,0,0,0.2,0,0.137931034,0.034482759,0,0.034482759,0.793103448,1,0.019607843,0.862745098,0.117647059,0,0
649,0.933333333,0,0,0.066666667,0,0.672413793,0.189655172,0.120689655,0.017241379,1,0,0,0,0,0.018867925,0.094339623,0.037735849,0,0.849056604,1,0.038461538,0.846153846,0.115384615,0,0
650,0.95,0,0,0.05,0,0.672413793,0.189655172,0.120689655,0.017241379,0,0,0,0,0,0.087719298,0,0.035087719,0,0.877192982,1,0.056603774,0.830188679,0.113207547,0,0
651,1,0,0,0,0,0.65,0.183333333,0.15,0.016666667,1,0,0,0,0,0,0.04,0,0.02,0.94,1,0.089285714,0.785714286,0.107142857,0,0.017857143
652,1,0,0,0,0,0.75,0.211538462,0.019230769,0.019230769,0.833333333,0,0,0,0.166666667,0.037037037,0.092592593,0.037037037,0,0.833333333,1,0.122807018,0.771929825,0.105263158,0,0
653,0.909090909,0,0,0.090909091,0,0.722222222,0.203703704,0.055555556,0.018518519,0.9,0,0,0,0.1,0.019607843,0.156862745,0,0.019607843,0.803921569,1,0.037735849,0.830188679,0.113207547,0,0.018867925
654,0.95,0,0,0.05,0,0.629032258,0.177419355,0.177419355,0.016129032,0,0,0,0,0,0.037037037,0,0.037037037,0,0.925925926,1,0.038461538,0.846153846,0.115384615,0,0
655,1,0,0,0,0,0.65,0.183333333,0.15,0.016666667,0,0,0,0,0,0.072727273,0,0.018181818,0,0.909090909,1,0.055555556,0.814814815,0.111111111,0,0.018518519
656,0.95,0,0,0.05,0,0.722222222,0.203703704,0.055555556,0.018518519,0,0,0,0,0,0.072727273,0,0.018181818,0,0.909090909,1,0.13559322,0.745762712,0.101694915,0,0.016949153
657,1,0,0,0,0,0.709090909,0.2,0.072727273,0.018181818,1,0,0,0,0,0.118644068,0.016949153,0.033898305,0,0.830508475,1,0.074074074,0.814814815,0.111111111,0,0
658,0.916666667,0.083333333,0,0,0.018518519,0.703703704,0.203703704,0.074074074,0,0.777777778,0,0,0.111111111,0.111111111,0.055555556,0.111111111,0.018518519,0.018518519,0.796296296,1,0.038461538,0.846153846,0.115384615,0,0
659,1,0,0,0,0,0.661016949,0.186440678,0.13559322,0.016949153,0.888888889,0,0,0,0.111111111,0.019607843,0.117647059,0,0.039215686,0.823529412,1,0,0.88,0.12,0,0
660,0.894736842,0,0,0.105263158,0,0.661016949,0.186440678,0.13559322,0.016949153,1,0,0,0,0,0.090909091,0,0,0.036363636,0.872727273,1,0.019607843,0.862745098,0.117647059,0,0
661,0.944444444,0,0,0.055555556,0,0.609375,0.171875,0.203125,0.015625,1,0,0,0,0,0,0.02,0,0.02,0.96,1,0.019230769,0.846153846,0.115384615,0,0.019230769
662,0.95,0,0,0.05,0,0.639344262,0.180327869,0.163934426,0.016393443,0,0,0,0,0,0.089285714,0,0.017857143,0,0.892857143,1,0,0.862745098,0.117647059,0,0.019607843
663,1,0,0,0,0,0.65,0.183333333,0.15,0.016666667,1,0,0,0,0,0.055555556,0.037037037,0.018518519,0.018518519,0.87037037,1,0.038461538,0.846153846,0.115384615,0,0
664,1,0,0,0,0,0.672413793,0.189655172,0.120689655,0.017241379,1,0,0,0,0,0.019607843,0.137254902,0,0.039215686,0.803921569,1,0.019607843,0.862745098,0.117647059,0,0
665,1,0,0,0,0,0.709090909,0.2,0.072727273,0.018181818,1,0,0,0,0,0.089285714,0.035714286,0.017857143,0,0.857142857,1,0.089285714,0.785714286,0.107142857,0,0.017857143
666,1,0,0,0,0,0.684210526,0.192982456,0.105263158,0.01754386,0,0,0,0,0,0.037735849,0,0.018867925,0,0.943396226,1,0.13559322,0.745762712,0.101694915,0,0.016949153
667,1,0,0,0,0,0.661016949,0.186440678,0.13559322,0.016949153,0,0,0,0,0,0.071428571,0,0.035714286,0,0.892857143,1,0.074074074,0.814814815,0.111111111,0,0
668,1,0,0,0,0,0.709090909,0.2,0.072727273,0.018181818,0,0,0,0,0,0.072727273,0,0.018181818,0,0.909090909,1,0.13559322,0.745762712,0.101694915,0,0.016949153
669,1,0,0,0,0,0.722222222,0.203703704,0.055555556,0.018518519,1,0,0,0,0,0,0.04,0,0,0.96,1,0.174603175,0.698412698,0.095238095,0,0.031746032
670,0.9,0,0,0.1,0,0.661016949,0.186440678,0.13559322,0.016949153,1,0,0,0,0,0.037735849,0.018867925,0.018867925,0,0.924528302,1,0.055555556,0.814814815,0.111111111,0,0.018518519
671,0.9,0,0,0.1,0,0.661016949,0.186440678,0.13559322,0.016949153,1,0,0,0,0,0.089285714,0,0.017857143,0.017857143,0.875,1,0.019607843,0.862745098,0.117647059,0,0
672,0.923076923,0,0,0.076923077,0,0.672413793,0.189655172,0.120689655,0.017241379,1,0,0,0,0,0.019607843,0.117647059,0,0.019607843,0.843137255,1,0.019230769,0.846153846,0.115384615,0,0.019230769
673,0.95,0,0,0.05,0,0.684210526,0.192982456,0.105263158,0.01754386,0,0,0,0,0,0.087719298,0,0.035087719,0,0.877192982,1,0.074074074,0.814814815,0.111111111,0,0
674,1,0,0,0,0,0.709090909,0.2,0.072727273,0.018181818,1,0,0,0,0,0.103448276,0.017241379,0.034482759,0,0.844827586,1,0.090909091,0.8,0.109090909,0,0
675,1,0,0,0,0.018518519,0.703703704,0.203703704,0.074074074,0,0.75,0.125,0,0,0.125,0,0.117647059,0.019607843,0.019607843,0.843137255,1,0.107142857,0.785714286,0.107142857,0,0
676,1,0,0,0,0,0.696428571,0.196428571,0.089285714,0.017857143,0.888888889,0,0,0,0.111111111,0.019607843,0.137254902,0,0.019607843,0.823529412,1,0.037735849,0.830188679,0.113207547,0,0.018867925
677,0.888888889,0,0.111111111,0,0,0.75,0.192307692,0.038461538,0.019230769,1,0,0,0,0,0.090909091,0.163636364,0,0.036363636,0.709090909,1,0.019607843,0.843137255,0.117647059,0.019607843,0
678,0.947368421,0,0,0.052631579,0,0.74,0.22,0.02,0.02,0.25,0.5,0,0.25,0,0.105263158,0,0.01754386,0.052631579,0.824561404,1,0.122807018,0.771929825,0.070175439,0.035087719,0
679,1,0,0,0,0,0.735849057,0.20754717,0.037735849,0.018867925,1,0,0,0,0,0.074074074,0.018518519,0,0.018518519,0.888888889,1,0.15,0.733333333,0.1,0,0.016666667
680,1,0,0,0,0,0.619047619,0.174603175,0.19047619,0.015873016,1,0,0,0,0,0.038461538,0,0,0.038461538,0.923076923,1,0.038461538,0.846153846,0.115384615,0,0
681,1,0,0,0,0,0.639344262,0.180327869,0.163934426,0.016393443,0,0,0,0,0,0,0,0,0,1,1,0.103448276,0.75862069,0.103448276,0,0.034482759
682,1,0,0,0,0,0.639344262,0.180327869,0.163934426,0.016393443,1,0,0,0,0,0,0.02,0,0,0.98,1,0.087719298,0.771929825,0.105263158,0,0.035087719
683,1,0,0,0,0,0.661016949,0.186440678,0.13559322,0.016949153,0,0,0,0,0,0.018867925,0,0.037735849,0,0.943396226,1,0.122807018,0.771929825,0.105263158,0,0
684,0.947368421,0,0,0.052631579,0,0.696428571,0.196428571,0.089285714,0.017857143,0.5,0,0,0.5,0,0.037735849,0.018867925,0.018867925,0,0.924528302,1,0.105263158,0.771929825,0.105263158,0,0.01754386
685,0.95,0,0,0.05,0,0.672413793,0.189655172,0.120689655,0.017241379,0,0,0,0,0,0.019230769,0,0.019230769,0,0.961538462,1,0.120689655,0.75862069,0.103448276,0,0.017241379
686,0.904761905,0,0,0.095238095,0,0.684210526,0.192982456,0.105263158,0.01754386,0,0,0,0,0,0.037735849,0,0.018867925,0,0.943396226,1,0.105263158,0.771929825,0.105263158,0,0.01754386
687,0.95,0,0,0.05,0,0.661016949,0.186440678,0.13559322,0.016949153,0,0,0,0,0,0.105263158,0,0.01754386,0,0.877192982,1,0.019230769,0.846153846,0.115384615,0,0.019230769
688,0.95,0,0,0.05,0,0.672413793,0.189655172,0.120689655,0.017241379,0,0,0,0,0,0.037735849,0,0.018867925,0,0.943396226,1,0.105263158,0.771929825,0.105263158,0,0.01754386
689,0.882352941,0,0,0.117647059,0,0.684210526,0.192982456,0.105263158,0.01754386,1,0,0,0,0,0.055555556,0.055555556,0.018518519,0.018518519,0.851851852,1,0.038461538,0.846153846,0.115384615,0,0
690,0.928571429,0,0,0.071428571,0,0.722222222,0.203703704,0.055555556,0.018518519,1,0,0,0,0,0.122807018,0.087719298,0,0.01754386,0.771929825,1,0,0.862745098,0.117647059,0,0.019607843
691,1,0,0,0,0,0,0,0,0,0,0.722222222,0.203703704,0.074074074,0,0.174603175,0.698412698,0.031746032,0.095238095,0,1,0.019230769,0,0,0.961538462,0.019230769
692,1,0,0,0,1,0,0,0,0,0,0.672413793,0.189655172,0.137931034,0,0.137931034,0.75862069,0,0.103448276,0,1,0,0.02,0.04,0.94,0
693,0.904761905,0,0,0.095238095,0,0,0,0,0,0,0.735849057,0.20754717,0.056603774,0,0.161290323,0.709677419,0.032258065,0.096774194,0,1,0.019230769,0,0,0.961538462,0.019230769
694,0.904761905,0,0,0.095238095,0,0,0,0,0,0,0.722222222,0.203703704,0.074074074,0,0.152542373,0.745762712,0,0.101694915,0,1,0.018518519,0,0,0.925925926,0.055555556
695,1,0,0,0,0,0,0,0,0,0,0.696428571,0.196428571,0.107142857,0,0.166666667,0.733333333,0,0.1,0,1,0.018867925,0,0,0.943396226,0.037735849
696,0.95,0,0,0.05,0,0,0,0,0,0,0.639344262,0.180327869,0.163934426,0.016393443,0.087719298,0.771929825,0.035087719,0.105263158,0,1,0,0,0,1,0
697,1,0,0,0,0,0,0,0,0,0,0.65,0.183333333,0.166666667,0,0.105263158,0.771929825,0.01754386,0.105263158,0,1,0.019230769,0,0,0.961538462,0.019230769
698,1,0,0,0,0,0.684210526,0.192982456,0.105263158,0.01754386,1,0,0,0,0,0.037037037,0.018518519,0.037037037,0,0.907407407,1,0.122807018,0.771929825,0.105263158,0,0
699,1,0,0,0,0,0.684210526,0.192982456,0.105263158,0.01754386,1,0,0,0,0,0.037735849,0.094339623,0.018867925,0,0.849056604,1,0.055555556,0.814814815,0.111111111,0,0.018518519
700,1,0,0,0,0,0.672413793,0.189655172,0.120689655,0.017241379,0,0,0,0,0,0.120689655,0,0.017241379,0,0.862068966,1,0.037735849,0.830188679,0.113207547,0,0.018867925
701,0.947368421,0.052631579,0,0,0.016129032,0.612903226,0.177419355,0.193548387,0,0,0,0,0,0,0.056603774,0,0,0,0.943396226,1,0.037037037,0.814814815,0.111111111,0,0.037037037
702,1,0,0,0,0,0.629032258,0.177419355,0.177419355,0.016129032,1,0,0,0,0,0.090909091,0,0,0.018181818,0.890909091,1,0,0.862745098,0.117647059,0,0.019607843
703,1,0,0,0,0,0.684210526,0.192982456,0.105263158,0.01754386,1,0,0,0,0,0.089285714,0.035714286,0.017857143,0,0.857142857,1,0.055555556,0.814814815,0.111111111,0,0.018518519
704,0.947368421,0,0,0.052631579,1,0,0,0,0,0,0.609375,0.171875,0.21875,0,0,0.862745098,0.019607843,0.117647059,0,1,0.038461538,0,0.019230769,0.942307692,0
705,0.95,0,0,0.05,0,0.696428571,0.196428571,0.089285714,0.017857143,0,0,0,0,0,0.087719298,0,0.035087719,0,0.877192982,1,0.090909091,0.8,0.109090909,0,0
706,1,0,0,0,0,0.709090909,0.2,0.072727273,0.018181818,1,0,0,0,0,0.056603774,0,0,0.037735849,0.905660377,1,0.152542373,0.745762712,0.101694915,0,0
707,1,0,0,0,0,0.65,0.183333333,0.15,0.016666667,0,0,0,0,0,0.072727273,0,0.018181818,0,0.909090909,1,0.055555556,0.814814815,0.111111111,0,0.018518519
708,0.95,0,0,0.05,0,0.672413793,0.189655172,0.120689655,0.017241379,0,0,0,0,0,0.105263158,0,0.01754386,0,0.877192982,1,0.037735849,0.830188679,0.113207547,0,0.018867925
709,1,0,0,0,0,0.722222222,0.203703704,0.055555556,0.018518519,0.833333333,0,0,0,0.166666667,0.089285714,0.071428571,0.017857143,0.017857143,0.803571429,1,0.056603774,0.830188679,0.113207547,0,0
710,1,0,0,0,0,0.684210526,0.192982456,0.105263158,0.01754386,0.5,0,0,0,0.5,0,0.038461538,0.038461538,0,0.923076923,1,0.107142857,0.785714286,0.107142857,0,0
711,1,0,0,0,0,0.696428571,0.196428571,0.089285714,0.017857143,1,0,0,0,0,0.038461538,0.057692308,0,0.038461538,0.865384615,1,0.107142857,0.785714286,0.107142857,0,0
712,1,0,0,0,0,0.722222222,0.203703704,0.055555556,0.018518519,1,0,0,0,0,0.056603774,0.169811321,0,0.018867925,0.754716981,1,0.019230769,0.846153846,0.115384615,0,0.019230769
713,1,0,0,0,0,0.709090909,0.2,0.072727273,0.018181818,1,0,0,0,0,0.090909091,0.018181818,0,0.018181818,0.872727273,1,0.105263158,0.771929825,0.105263158,0,0.01754386
714,0.95,0,0.05,0,0,0.696428571,0.178571429,0.107142857,0.017857143,0,0,0,0,0,0.14516129,0,0.048387097,0,0.806451613,1,0.019607843,0.862745098,0.098039216,0.019607843,0
715,0.944444444,0,0,0.055555556,0,0.661016949,0.186440678,0.13559322,0.016949153,1,0,0,0,0,0.087719298,0.035087719,0.035087719,0,0.842105263,1,0,0.88,0.12,0,0
716,1,0,0,0,0,0.661016949,0.186440678,0.13559322,0.016949153,1,0,0,0,0,0.13559322,0,0.016949153,0.016949153,0.830508475,1,0,0.88,0.12,0,0
717,1,0,0,0,0,0.696428571,0.196428571,0.089285714,0.017857143,1,0,0,0,0,0.137931034,0.051724138,0,0.017241379,0.793103448,1,0,0.862745098,0.117647059,0,0.019607843
718,0.9,0,0,0.1,0,0.722222222,0.203703704,0.055555556,0.018518519,1,0,0,0,0,0.105263158,0.01754386,0.01754386,0,0.859649123,1,0.072727273,0.8,0.109090909,0,0.018181818
719,0.909090909,0,0,0.090909091,0,0.722222222,0.203703704,0.055555556,0.018518519,0.9,0,0,0,0.1,0.019607843,0.137254902,0,0.039215686,0.803921569,1,0.056603774,0.830188679,0.113207547,0,0
720,0.923076923,0,0,0.076923077,0,0.709090909,0.2,0.072727273,0.018181818,1,0,0,0,0,0.037735849,0.113207547,0.018867925,0.018867925,0.811320755,1,0.056603774,0.830188679,0.113207547,0,0
721,1,0,0,0,0,0.696428571,0.196428571,0.089285714,0.017857143,1,0,0,0,0,0.13559322,0.016949153,0.016949153,0.016949153,0.813559322,1,0.038461538,0.846153846,0.115384615,0,0
722,1,0,0,0,0,0.709090909,0.2,0.072727273,0.018181818,1,0,0,0,0,0.090909091,0.109090909,0,0.018181818,0.781818182,1,0.019230769,0.846153846,0.115384615,0,0.019230769
723,1,0,0,0,0,0.661016949,0.186440678,0.13559322,0.016949153,1,0,0,0,0,0,0.16,0,0.04,0.8,1,0,0.88,0.12,0,0
724,1,0,0,0,0.015873016,0.603174603,0.174603175,0.206349206,0,0.5,0.5,0,0,0,0,0.02,0,0.02,0.96,1,0.055555556,0.814814815,0.111111111,0,0.018518519
725,1,0,0,0,0,0.696428571,0.196428571,0.089285714,0.017857143,1,0,0,0,0,0.090909091,0.054545455,0,0.036363636,0.818181818,1,0.056603774,0.830188679,0.113207547,0,0
726,1,0,0,0,0,0.65,0.183333333,0.15,0.016666667,1,0,0,0,0,0.037735849,0.056603774,0.018867925,0.018867925,0.867924528,1,0.038461538,0.846153846,0.115384615,0,0
727,1,0,0,0,0,0.696428571,0.196428571,0.089285714,0.017857143,1,0,0,0,0,0.122807018,0,0,0.01754386,0.859649123,1,0.072727273,0.8,0.109090909,0,0.018181818
728,0.904761905,0,0,0.095238095,0,0.75,0.211538462,0.019230769,0.019230769,0,0,0,0,0,0.152542373,0,0,0,0.847457627,1,0.071428571,0.785714286,0.107142857,0,0.035714286
729,0.947368421,0,0,0.052631579,0,0.722222222,0.203703704,0.055555556,0.018518519,1,0,0,0,0,0.15,0,0.016666667,0.016666667,0.816666667,1,0.056603774,0.830188679,0.113207547,0,0
730,1,0,0,0,0,0.709090909,0.2,0.072727273,0.018181818,0,0,0,0,0,0.133333333,0,0.033333333,0,0.833333333,1,0.074074074,0.814814815,0.111111111,0,0
731,1,0,0,0,0,0.672413793,0.189655172,0.120689655,0.017241379,1,0,0,0,0,0.054545455,0.090909091,0.036363636,0,0.818181818,1,0.019607843,0.862745098,0.117647059,0,0
732,1,0,0,0,0,0.619047619,0.174603175,0.19047619,0.015873016,0,0,0,0,0,0.074074074,0,0,0,0.925925926,1,0,0.846153846,0.115384615,0,0.038461538
733,1,0,0,0,0,0.709090909,0.2,0.072727273,0.018181818,1,0,0,0,0,0.037735849,0,0.018867925,0.018867925,0.924528302,1,0.166666667,0.733333333,0.1,0,0
734,0.95,0,0,0.05,0,0.684210526,0.192982456,0.105263158,0.01754386,0,0,0,0,0,0.019230769,0,0.019230769,0,0.961538462,1,0.13559322,0.745762712,0.101694915,0,0.016949153
735,1,0,0,0,0,0.709090909,0.2,0.072727273,0.018181818,0.75,0,0,0.25,0,0.105263158,0.052631579,0.01754386,0,0.824561404,1,0.037735849,0.830188679,0.113207547,0,0.018867925
736,1,0,0,0,0,0.709090909,0.2,0.072727273,0.018181818,1,0,0,0,0,0.120689655,0.068965517,0.017241379,0,0.793103448,1,0.019230769,0.846153846,0.115384615,0,0.019230769
737,1,0,0,0,0,0.75,0.211538462,0.019230769,0.019230769,1,0,0,0,0,0.074074074,0.166666667,0,0,0.759259259,1,0.037037037,0.814814815,0.111111111,0,0.037037037
738,1,0,0,0,0,0.722222222,0.203703704,0.055555556,0.018518519,0.5,0,0,0.5,0,0.037037037,0.018518519,0.037037037,0,0.907407407,1,0.152542373,0.745762712,0.101694915,0,0
739,1,0,0,0,0,0.735849057,0.20754717,0.037735849,0.018867925,1,0,0,0,0,0.072727273,0,0.018181818,0.018181818,0.890909091,1,0.166666667,0.733333333,0.1,0,0
740,1,0,0,0,0,0.696428571,0.196428571,0.089285714,0.017857143,0,0,0,0,0,0.074074074,0,0,0,0.925925926,1,0.118644068,0.745762712,0.101694915,0,0.033898305
741,1,0,0,0,0,0.735849057,0.20754717,0.037735849,0.018867925,1,0,0,0,0,0.037037037,0.055555556,0.037037037,0,0.87037037,1,0.152542373,0.745762712,0.101694915,0,0
742,0.904761905,0,0,0.095238095,0,0.672413793,0.189655172,0.120689655,0.017241379,0,0,0,0,0,0.056603774,0,0,0,0.943396226,1,0.071428571,0.785714286,0.107142857,0,0.035714286
743,1,0,0,0,0,0.684210526,0.192982456,0.105263158,0.01754386,0,0,0,0,0,0.120689655,0,0.017241379,0,0.862068966,1,0.055555556,0.814814815,0.111111111,0,0.018518519
744,1,0,0,0,0,0.672413793,0.189655172,0.120689655,0.017241379,0,0,0,0,0,0.018867925,0,0.037735849,0,0.943396226,1,0.137931034,0.75862069,0.103448276,0,0
745,0.947368421,0,0,0.052631579,0,0.619047619,0.174603175,0.19047619,0.015873016,1,0,0,0,0,0.019230769,0,0.019230769,0.019230769,0.942307692,1,0.038461538,0.846153846,0.115384615,0,0
746,1,0,0,0,0,0.619047619,0.174603175,0.19047619,0.015873016,0,0,0,0,0,0.038461538,0,0,0,0.961538462,1,0.037037037,0.814814815,0.111111111,0,0.037037037
747,1,0,0,0,0,0.609375,0.171875,0.203125,0.015625,0,0,0,0,0,0.037735849,0,0.018867925,0,0.943396226,1,0.019230769,0.846153846,0.115384615,0,0.019230769
748,1,0,0,0,0,0.629032258,0.177419355,0.177419355,0.016129032,1,0,0,0,0,0.055555556,0.037037037,0.018518519,0,0.888888889,1,0,0.862745098,0.117647059,0,0.019607843
749,1,0,0,0,0,0.6,0.169230769,0.215384615,0.015384615,1,0,0,0,0,0.019230769,0.019230769,0.019230769,0,0.942307692,1,0,0.862745098,0.117647059,0,0.019607843
750,0.9375,0.0625,0,0,0.015873016,0.587301587,0.174603175,0.222222222,0,0.75,0.25,0,0,0,0,0.076923077,0.038461538,0,0.884615385,1,0,0.86,0.12,0.02,0
751,1,0,0,0,0,0.661016949,0.186440678,0.13559322,0.016949153,1,0,0,0,0,0.105263158,0.035087719,0.01754386,0,0.842105263,1,0,0.862745098,0.117647059,0,0.019607843
752,1,0,0,0,0,0.709090909,0.2,0.072727273,0.018181818,0,0,0,0,0,0.161290323,0,0.032258065,0,0.806451613,1,0.038461538,0.846153846,0.115384615,0,0
753,0.947368421,0,0,0.052631579,0,0.709090909,0.2,0.072727273,0.018181818,1,0,0,0,0,0.161290323,0.016129032,0.032258065,0,0.790322581,1,0,0.88,0.12,0,0
754,0.944444444,0,0,0.055555556,0,0.75,0.211538462,0.019230769,0.019230769,1,0,0,0,0,0.193548387,0.016129032,0,0.016129032,0.774193548,1,0.019230769,0.846153846,0.115384615,0,0.019230769
755,0.944444444,0,0,0.055555556,0,0.722222222,0.203703704,0.055555556,0.018518519,0.666666667,0,0,0.333333333,0,0.13559322,0.016949153,0.016949153,0.016949153,0.813559322,1,0.038461538,0.846153846,0.115384615,0,0
756,1,0,0,0,0,0.65,0.183333333,0.15,0.016666667,0,0,0,0,0,0.054545455,0,0.036363636,0,0.909090909,1,0.074074074,0.814814815,0.111111111,0,0
757,0.947368421,0.052631579,0,0,0.01754386,0.666666667,0.192982456,0.105263158,0.01754386,0,0,0,0,0,0.072727273,0,0.018181818,0,0.909090909,1,0.122807018,0.754385965,0.122807018,0,0
758,1,0,0,0,0,0.75,0.211538462,0.019230769,0.019230769,1,0,0,0,0,0.13559322,0.033898305,0.016949153,0.016949153,0.796610169,1,0.090909091,0.8,0.109090909,0,0
759,1,0,0,0,0,0.661016949,0.186440678,0.13559322,0.016949153,0,0,0,0,0,0.103448276,0,0.034482759,0,0.862068966,1,0.038461538,0.846153846,0.115384615,0,0
760,1,0,0,0,0.018867925,0.716981132,0.20754717,0.037735849,0.018867925,0.928571429,0.071428571,0,0,0,0.038461538,0.211538462,0,0.057692308,0.692307692,1,0,0.88,0.12,0,0
761,1,0,0,0,0,0.684210526,0.192982456,0.105263158,0.01754386,0,0,0,0,0,0.105263158,0,0.01754386,0,0.877192982,1,0.072727273,0.8,0.109090909,0,0.018181818
762,1,0,0,0,0,0.684210526,0.192982456,0.105263158,0.01754386,1,0,0,0,0,0.056603774,0.056603774,0,0.037735849,0.849056604,1,0.074074074,0.814814815,0.111111111,0,0
763,0.894736842,0,0,0.105263158,0,0.696428571,0.196428571,0.089285714,0.017857143,1,0,0,0,0,0.038461538,0.019230769,0,0.019230769,0.923076923,1,0.105263158,0.771929825,0.105263158,0,0.01754386
764,0.904761905,0,0,0.095238095,0,0.661016949,0.186440678,0.13559322,0.016949153,0,0,0,0,0,0,0,0,0,1,1,0.103448276,0.75862069,0.103448276,0,0.034482759
765,1,0,0,0,0,0.684210526,0.192982456,0.105263158,0.01754386,1,0,0,0,0,0,0,0,0.02,0.98,1,0.163934426,0.721311475,0.098360656,0,0.016393443
766,1,0,0,0,0,0.75,0.211538462,0.019230769,0.019230769,0,0,0,0,0,0.118644068,0,0.033898305,0,0.847457627,1,0.137931034,0.75862069,0.103448276,0,0
767,1,0,0,0,0,0.629032258,0.177419355,0.177419355,0.016129032,1,0,0,0,0,0.074074074,0.018518519,0,0,0.907407407,1,0,0.846153846,0.115384615,0,0.038461538
768,1,0,0,0,0,0.629032258,0.177419355,0.177419355,0.016129032,0,0,0,0,0,0.074074074,0,0,0,0.925925926,1,0.018867925,0.830188679,0.113207547,0,0.037735849
769,1,0,0,0,0,0.672413793,0.189655172,0.120689655,0.017241379,1,0,0,0,0,0.019607843,0.078431373,0,0.019607843,0.882352941,1,0.072727273,0.8,0.109090909,0,0.018181818
770,0.95,0,0,0.05,0,0.65,0.183333333,0.15,0.016666667,0,0,0,0,0,0.056603774,0,0,0,0.943396226,1,0.054545455,0.8,0.109090909,0,0.036363636
771,1,0,0,0,0,0.672413793,0.189655172,0.120689655,0.017241379,1,0,0,0,0,0.072727273,0.054545455,0.018181818,0,0.854545455,1,0.037735849,0.830188679,0.113207547,0,0.018867925
772,1,0,0,0,0,0.65,0.183333333,0.15,0.016666667,1,0,0,0,0,0.018867925,0.056603774,0.037735849,0,0.886792453,1,0.056603774,0.830188679,0.113207547,0,0
773,1,0,0,0,0,0.609375,0.171875,0.203125,0.015625,0.5,0,0,0,0.5,0,0.019607843,0.019607843,0,0.960784314,1,0.019230769,0.846153846,0.115384615,0,0.019230769
774,1,0,0,0,0,0.629032258,0.177419355,0.177419355,0.016129032,1,0,0,0,0,0.072727273,0,0.018181818,0.018181818,0.890909091,1,0.019607843,0.862745098,0.117647059,0,0
775,1,0,0,0,0,0.65,0.183333333,0.15,0.016666667,1,0,0,0,0,0.038461538,0.019230769,0,0,0.942307692,1,0.071428571,0.785714286,0.107142857,0,0.035714286
776,1,0,0,0,0.032786885,0.606557377,0.180327869,0.180327869,0,0.5,0.5,0,0,0,0.019230769,0.038461538,0.019230769,0.038461538,0.884615385,1,0.038461538,0.865384615,0.096153846,0,0
777,1,0,0,0,0,0.672413793,0.189655172,0.120689655,0.017241379,1,0,0,0,0,0.019230769,0.153846154,0.019230769,0,0.807692308,1,0,0.862745098,0.117647059,0,0.019607843
778,1,0,0,0,0,0.684210526,0.192982456,0.105263158,0.01754386,1,0,0,0,0,0.019230769,0.038461538,0.019230769,0,0.923076923,1,0.120689655,0.75862069,0.103448276,0,0.017241379
779,1,0,0,0,0,0.661016949,0.186440678,0.13559322,0.016949153,0,0,0,0,0,0.019607843,0,0,0,0.980392157,1,0.118644068,0.745762712,0.101694915,0,0.033898305
780,1,0,0,0,0,0.65,0.183333333,0.15,0.016666667,0,0,0,0,0,0,0,0,0,1,1,0.118644068,0.745762712,0.101694915,0,0.033898305
781,1,0,0,0,0,0.619047619,0.174603175,0.19047619,0.015873016,1,0,0,0,0,0,0.02,0,0,0.98,1,0.054545455,0.8,0.109090909,0,0.036363636
782,1,0,0,0,0,0.65,0.183333333,0.15,0.016666667,0,0,0,0,0,0.038461538,0,0,0,0.961538462,1,0.087719298,0.771929825,0.105263158,0,0.035087719
783,1,0,0,0,0,0.639344262,0.180327869,0.163934426,0.016393443,0,0,0,0,0,0.019607843,0,0,0,0.980392157,1,0.087719298,0.771929825,0.105263158,0,0.035087719
784,1,0,0,0,0,0.684210526,0.192982456,0.105263158,0.01754386,1,0,0,0,0,0.056603774,0.075471698,0,0.037735849,0.830188679,1,0.056603774,0.830188679,0.113207547,0,0
785,0.933333333,0,0,0.066666667,0.019230769,0.730769231,0.211538462,0.019230769,0.019230769,0.8,0.2,0,0,0,0.122807018,0.035087719,0,0.052631579,0.789473684,1,0.074074074,0.814814815,0.111111111,0,0
786,0.95,0,0,0.05,0,0.735849057,0.20754717,0.037735849,0.018867925,0,0,0,0,0,0.193548387,0,0,0,0.806451613,1,0.018867925,0.830188679,0.113207547,0,0.037735849
787,0.928571429,0,0,0.071428571,0,0.684210526,0.192982456,0.105263158,0.01754386,1,0,0,0,0,0.055555556,0.111111111,0.018518519,0,0.814814815,1,0,0.862745098,0.117647059,0,0.019607843
788,0.941176471,0,0,0.058823529,0,0.684210526,0.192982456,0.105263158,0.01754386,1,0,0,0,0,0.105263158,0.035087719,0.01754386,0.01754386,0.824561404,1,0.019607843,0.862745098,0.117647059,0,0
789,0.95,0,0,0.05,0,0.661016949,0.186440678,0.13559322,0.016949153,0,0,0,0,0,0.087719298,0,0.035087719,0,0.877192982,1,0.038461538,0.846153846,0.115384615,0,0
790,0.947368421,0,0,0.052631579,0,0.684210526,0.192982456,0.105263158,0.01754386,1,0,0,0,0,0,0,0,0.02,0.98,1,0.15,0.733333333,0.1,0,0.016666667
791,0.9,0.05,0,0.05,0.017241379,0.655172414,0.189655172,0.137931034,0,0,0,0,0,0,0,0,0,0,1,1,0.133333333,0.733333333,0.1,0,0.033333333
792,1,0,0,0,0,0.661016949,0.186440678,0.13559322,0.016949153,0,0,0,0,0,0.074074074,0,0,0,0.925925926,1,0.071428571,0.785714286,0.107142857,0,0.035714286
793,1,0,0,0,0,0.639344262,0.180327869,0.163934426,0.016393443,0,0,0,0,0,0.018867925,0,0.037735849,0,0.943396226,1,0.090909091,0.8,0.109090909,0,0
794,1,0,0,0,0.017857143,0.678571429,0.196428571,0.107142857,0,0.666666667,0.333333333,0,0,0,0.056603774,0.056603774,0,0,0.886792453,1,0.087719298,0.771929825,0.105263158,0,0.035087719
795,0.9375,0,0,0.0625,0,0.75,0.211538462,0.019230769,0.019230769,1,0,0,0,0,0.056603774,0.075471698,0,0,0.867924528,1,0.118644068,0.745762712,0.101694915,0,0.033898305
796,1,0,0,0,0,0.735849057,0.20754717,0.037735849,0.018867925,1,0,0,0,0,0.019230769,0.096153846,0.019230769,0,0.865384615,1,0.13559322,0.745762712,0.101694915,0,0.016949153
797,1,0,0,0,0,0.696428571,0.196428571,0.089285714,0.017857143,0,0,0,0,0,0.118644068,0,0.033898305,0,0.847457627,1,0.074074074,0.814814815,0.111111111,0,0
798,1,0,0,0,0,0.65,0.183333333,0.15,0.016666667,0,0,0,0,0,0.107142857,0,0,0,0.892857143,1,0.018867925,0.830188679,0.113207547,0,0.037735849
799,0.95,0,0,0.05,0,0.735849057,0.20754717,0.037735849,0.018867925,0,0,0,0,0,0.137931034,0,0,0,0.862068966,1,0.087719298,0.771929825,0.105263158,0,0.035087719
800,0.947368421,0,0,0.052631579,0,0.619047619,0.174603175,0.19047619,0.015873016,1,0,0,0,0,0.038461538,0.019230769,0,0,0.942307692,1,0,0.846153846,0.115384615,0,0.038461538
801,0.95,0,0,0.05,0,0.684210526,0.192982456,0.105263158,0.01754386,0,0,0,0,0,0.120689655,0,0.017241379,0,0.862068966,1,0.037735849,0.830188679,0.113207547,0,0.018867925
802,1,0,0,0,0,0.75,0.211538462,0.019230769,0.019230769,0.9,0,0,0,0.1,0.087719298,0.157894737,0.035087719,0,0.719298246,1,0,0.88,0.12,0,0
803,1,0,0,0,0,0.735849057,0.20754717,0.037735849,0.018867925,0.909090909,0,0,0,0.090909091,0.056603774,0.188679245,0,0,0.754716981,1,0,0.846153846,0.115384615,0,0.038461538
804,0.944444444,0,0,0.055555556,0,0.709090909,0.2,0.072727273,0.018181818,1,0,0,0,0,0.037037037,0.037037037,0.037037037,0,0.888888889,1,0.122807018,0.771929825,0.105263158,0,0
805,1,0,0,0,0,0.735849057,0.20754717,0.037735849,0.018867925,0.833333333,0,0,0.166666667,0,0,0.078431373,0.019607843,0.019607843,0.882352941,1,0.152542373,0.745762712,0.101694915,0,0
806,1,0,0,0,0,0.666666667,0.192982456,0.122807018,0.01754386,0.666666667,0.333333333,0,0,0,0.037037037,0.037037037,0.037037037,0.018518519,0.87037037,1,0.090909091,0.8,0.090909091,0.018181818,0
807,1,0,0,0,0,0.696428571,0.196428571,0.089285714,0.017857143,0,0,0,0,0,0.122807018,0,0,0,0.877192982,1,0.071428571,0.785714286,0.107142857,0,0.035714286
808,0.941176471,0,0,0.058823529,0,0.684210526,0.192982456,0.105263158,0.01754386,1,0,0,0,0,0.054545455,0.054545455,0.036363636,0,0.854545455,1,0.056603774,0.830188679,0.113207547,0,0
809,1,0,0,0,0,0.722222222,0.203703704,0.055555556,0.018518519,0.928571429,0,0,0.071428571,0,0,0.235294118,0.019607843,0.019607843,0.725490196,1,0,0.88,0.12,0,0
810,0.916666667,0,0,0.083333333,0,0.672413793,0.189655172,0.120689655,0.017241379,1,0,0,0,0,0,0.137254902,0.019607843,0.019607843,0.823529412,1,0.019607843,0.862745098,0.117647059,0,0
811,1,0,0,0,0,0.709090909,0.2,0.072727273,0.018181818,0.9,0,0,0.1,0,0,0.173076923,0.038461538,0,0.788461538,1,0.038461538,0.846153846,0.115384615,0,0
812,1,0,0,0,0,0.684210526,0.192982456,0.105263158,0.01754386,1,0,0,0,0,0,0.02,0,0.02,0.96,1,0.15,0.733333333,0.1,0,0.016666667
813,1,0,0,0,0,0.709090909,0.2,0.072727273,0.018181818,0.75,0,0,0.25,0,0,0.039215686,0.019607843,0.019607843,0.921568627,1,0.152542373,0.745762712,0.101694915,0,0
814,1,0,0,0,0,0.75,0.211538462,0.019230769,0.019230769,1,0,0,0,0,0.019607843,0.215686275,0,0,0.764705882,1,0.054545455,0.8,0.109090909,0,0.036363636
815,0.95,0,0,0.05,0,0.696428571,0.196428571,0.089285714,0.017857143,0,0,0,0,0,0.105263158,0,0.01754386,0,0.877192982,1,0.072727273,0.8,0.109090909,0,0.018181818
816,1,0,0,0,0,0.661016949,0.186440678,0.13559322,0.016949153,0,0,0,0,0,0.105263158,0,0.01754386,0,0.877192982,1,0.037735849,0.830188679,0.113207547,0,0.018867925
817,1,0,0,0,0,0.661016949,0.186440678,0.13559322,0.016949153,1,0,0,0,0,0.137931034,0,0,0.034482759,0.827586207,1,0,0.88,0.12,0,0
818,1,0,0,0,0,0.696428571,0.196428571,0.089285714,0.017857143,0,0,0,0,0,0.180327869,0,0,0,0.819672131,1,0,0.846153846,0.115384615,0,0.038461538
819,0.941176471,0,0,0.058823529,0,0.684210526,0.192982456,0.105263158,0.01754386,1,0,0,0,0,0.072727273,0.036363636,0.018181818,0.018181818,0.854545455,1,0.056603774,0.830188679,0.113207547,0,0
820,0.947368421,0,0,0.052631579,0,0.65,0.183333333,0.15,0.016666667,1,0,0,0,0,0.087719298,0.01754386,0.035087719,0,0.859649123,1,0,0.88,0.12,0,0
821,0.95,0,0,0.05,0,0.684210526,0.192982456,0.105263158,0.01754386,0,0,0,0,0,0.072727273,0,0.018181818,0,0.909090909,1,0.089285714,0.785714286,0.107142857,0,0.017857143
822,1,0,0,0,0,0.684210526,0.192982456,0.105263158,0.01754386,0,0,0,0,0,0.147540984,0,0.032786885,0,0.819672131,1,0.019607843,0.862745098,0.117647059,0,0
823,0.947368421,0,0,0.052631579,0,0.735849057,0.20754717,0.037735849,0.018867925,1,0,0,0,0,0.122807018,0.01754386,0,0,0.859649123,1,0.087719298,0.771929825,0.105263158,0,0.035087719
824,0.941176471,0,0,0.058823529,0,0.722222222,0.203703704,0.055555556,0.018518519,1,0,0,0,0,0.133333333,0.05,0.033333333,0,0.783333333,1,0.019607843,0.862745098,0.117647059,0,0
825,0.944444444,0,0,0.055555556,0,0.75,0.211538462,0.019230769,0.019230769,1,0,0,0,0,0.018867925,0.037735849,0.037735849,0,0.905660377,1,0.180327869,0.721311475,0.098360656,0,0
826,0.944444444,0.055555556,0,0,0.016129032,0.612903226,0.177419355,0.193548387,0,1,0,0,0,0,0.019607843,0,0,0.019607843,0.960784314,1,0.072727273,0.8,0.109090909,0,0.018181818
827,0.95,0,0,0.05,0,0.661016949,0.186440678,0.13559322,0.016949153,0,0,0,0,0,0.122807018,0,0,0,0.877192982,1,0,0.846153846,0.115384615,0,0.038461538
828,0.894736842,0.052631579,0,0.052631579,0.016666667,0.633333333,0.183333333,0.166666667,0,1,0,0,0,0,0.090909091,0,0,0.018181818,0.890909091,1,0.019230769,0.846153846,0.115384615,0,0.019230769
829,1,0,0,0,0,0.639344262,0.180327869,0.163934426,0.016393443,1,0,0,0,0,0.038461538,0.019230769,0,0.019230769,0.923076923,1,0.055555556,0.814814815,0.111111111,0,0.018518519
830,1,0,0,0,0,0.672413793,0.189655172,0.120689655,0.017241379,0.875,0,0,0,0.125,0.038461538,0.115384615,0,0.019230769,0.826923077,1,0,0.862745098,0.117647059,0,0.019607843
831,0.941176471,0,0,0.058823529,0,0.639344262,0.180327869,0.163934426,0.016393443,1,0,0,0,0,0.056603774,0.037735849,0,0.018867925,0.886792453,1,0,0.862745098,0.117647059,0,0.019607843
832,1,0,0,0,0,0.65,0.183333333,0.15,0.016666667,0,0,0,0,0,0.118644068,0,0.033898305,0,0.847457627,1,0,0.88,0.12,0,0
833,1,0,0,0,0,0.696428571,0.196428571,0.089285714,0.017857143,0.666666667,0,0,0,0.333333333,0.122807018,0.035087719,0,0,0.842105263,1,0.018867925,0.830188679,0.113207547,0,0.037735849
834,0.95,0,0,0.05,0,0.722222222,0.203703704,0.055555556,0.018518519,0,0,0,0,0,0.177419355,0,0.016129032,0,0.806451613,1,0.019230769,0.846153846,0.115384615,0,0.019230769
835,0.947368421,0,0,0.052631579,0,0.722222222,0.203703704,0.055555556,0.018518519,1,0,0,0,0,0.152542373,0,0,0.016949153,0.830508475,1,0.055555556,0.814814815,0.111111111,0,0.018518519
836,1,0,0,0,0,0.629032258,0.177419355,0.177419355,0.016129032,1,0,0,0,0,0.072727273,0,0.018181818,0.018181818,0.890909091,1,0.019607843,0.862745098,0.117647059,0,0
837,1,0,0,0,0,0.6,0.169230769,0.215384615,0.015384615,0,0,0,0,0,0.019607843,0,0,0,0.980392157,1,0.018867925,0.830188679,0.113207547,0,0.037735849
838,0.95,0,0,0.05,0,0.619047619,0.174603175,0.19047619,0.015873016,0,0,0,0,0,0.019230769,0,0.019230769,0,0.961538462,1,0.037735849,0.830188679,0.113207547,0,0.018867925
839,1,0,0,0,0,0.65,0.183333333,0.15,0.016666667,0,0,0,0,0,0.038461538,0,0,0,0.961538462,1,0.087719298,0.771929825,0.105263158,0,0.035087719
840,0.95,0,0,0.05,0,0.672413793,0.189655172,0.120689655,0.017241379,0,0,0,0,0,0.105263158,0,0.01754386,0,0.877192982,1,0.037735849,0.830188679,0.113207547,0,0.018867925
841,0.95,0,0.05,0,0,0.661016949,0.169491525,0.152542373,0.016949153,0,0,0,0,0,0.13559322,0,0.016949153,0,0.847457627,1,0,0.843137255,0.117647059,0.019607843,0.019607843
842,1,0,0,0,0,0.639344262,0.180327869,0.163934426,0.016393443,1,0,0,0,0,0.090909091,0.018181818,0,0.018181818,0.872727273,1,0,0.862745098,0.117647059,0,0.019607843
843,1,0,0,0,0,0.684210526,0.192982456,0.105263158,0.01754386,0,0,0,0,0,0.074074074,0,0,0,0.925925926,1,0.103448276,0.75862069,0.103448276,0,0.034482759
844,1,0,0,0,0,0.709090909,0.2,0.072727273,0.018181818,0,0,0,0,0,0.122807018,0,0,0,0.877192982,1,0.087719298,0.771929825,0.105263158,0,0.035087719
845,1,0,0,0,0,0.684210526,0.192982456,0.105263158,0.01754386,0,0,0,0,0,0.13559322,0,0.016949153,0,0.847457627,1,0.037735849,0.830188679,0.113207547,0,0.018867925
846,1,0,0,0,0,0.709090909,0.2,0.072727273,0.018181818,0,0,0,0,0,0.122807018,0,0,0,0.877192982,1,0.087719298,0.771929825,0.105263158,0,0.035087719
847,0.95,0,0,0.05,0,0.696428571,0.196428571,0.089285714,0.017857143,0,0,0,0,0,0.037735849,0,0.018867925,0,0.943396226,1,0.13559322,0.745762712,0.101694915,0,0.016949153
848,1,0,0,0,0,0.672413793,0.189655172,0.120689655,0.017241379,1,0,0,0,0,0,0.02,0,0,0.98,1,0.133333333,0.733333333,0.1,0,0.033333333
849,1,0,0,0,0,0.722222222,0.203703704,0.055555556,0.018518519,0,0,0,0,0,0.071428571,0,0.035714286,0,0.892857143,1,0.152542373,0.745762712,0.101694915,0,0
850,1,0,0,0,0,0.684210526,0.192982456,0.105263158,0.01754386,1,0,0,0,0,0.055555556,0.037037037,0.018518519,0.018518519,0.87037037,1,0.090909091,0.8,0.109090909,0,0
851,1,0,0,0,0,0.684210526,0.192982456,0.105263158,0.01754386,0.666666667,0,0,0,0.333333333,0.019607843,0.019607843,0,0.019607843,0.941176471,1,0.120689655,0.75862069,0.103448276,0,0.017241379
852,0.941176471,0,0,0.058823529,0,0.709090909,0.2,0.072727273,0.018181818,1,0,0,0,0,0.019607843,0.019607843,0,0.039215686,0.921568627,1,0.152542373,0.745762712,0.101694915,0,0
853,1,0,0,0,0,0.639344262,0.180327869,0.163934426,0.016393443,0,0,0,0,0,0.038461538,0,0,0,0.961538462,1,0.071428571,0.785714286,0.107142857,0,0.035714286
854,0.947368421,0.052631579,0,0,0.01754386,0.666666667,0.192982456,0.087719298,0.035087719,0,0,0,0,0,0.103448276,0,0.034482759,0,0.862068966,1,0.074074074,0.814814815,0.111111111,0,0
855,1,0,0,0,0,0.709090909,0.2,0.072727273,0.018181818,0,0,0,0,0,0.166666667,0,0,0,0.833333333,1,0.037037037,0.814814815,0.111111111,0,0.037037037
856,1,0,0,0,0,0.661016949,0.186440678,0.13559322,0.016949153,0,0,0,0,0,0.074074074,0,0,0,0.925925926,1,0.071428571,0.785714286,0.107142857,0,0.035714286
857,0.95,0,0,0.05,0,0.661016949,0.186440678,0.13559322,0.016949153,0,0,0,0,0,0.074074074,0,0,0,0.925925926,1,0.054545455,0.8,0.109090909,0,0.036363636
858,1,0,0,0,0,0.65,0.183333333,0.15,0.016666667,1,0,0,0,0,0.074074074,0.018518519,0,0,0.907407407,1,0.037037037,0.814814815,0.111111111,0,0.037037037
859,1,0,0,0,0,0.639344262,0.180327869,0.163934426,0.016393443,0,0,0,0,0,0.018867925,0,0.037735849,0,0.943396226,1,0.090909091,0.8,0.109090909,0,0
860,0.95,0,0,0.05,0,0.735849057,0.20754717,0.037735849,0.018867925,0,0,0,0,0,0.037735849,0,0.018867925,0,0.943396226,1,0.177419355,0.709677419,0.096774194,0,0.016129032
861,0.95,0,0,0.05,0,0.75,0.211538462,0.019230769,0.019230769,0,0,0,0,0,0.038461538,0,0,0,0.961538462,1,0.1875,0.6875,0.09375,0,0.03125
862,1,0,0,0,0,0.696428571,0.196428571,0.089285714,0.017857143,0,0,0,0,0,0.120689655,0,0.017241379,0,0.862068966,1,0.072727273,0.8,0.109090909,0,0.018181818
863,0.95,0,0.05,0,0,0.722222222,0.185185185,0.074074074,0.018518519,0,0,0,0,0,0.089285714,0,0.017857143,0,0.892857143,1,0.13559322,0.728813559,0.101694915,0.016949153,0.016949153
864,0.95,0,0,0.05,0,0.672413793,0.189655172,0.120689655,0.017241379,0,0,0,0,0,0.105263158,0,0.01754386,0,0.877192982,1,0.037735849,0.830188679,0.113207547,0,0.018867925
865,1,0,0,0,0,0.684210526,0.192982456,0.105263158,0.01754386,0,0,0,0,0,0.166666667,0,0,0,0.833333333,1,0,0.846153846,0.115384615,0,0.038461538
866,1,0,0,0,0,0.696428571,0.196428571,0.089285714,0.017857143,1,0,0,0,0,0.122807018,0.01754386,0,0,0.859649123,1,0.054545455,0.8,0.109090909,0,0.036363636
867,1,0,0,0,0,0.722222222,0.203703704,0.055555556,0.018518519,0,0,0,0,0,0.180327869,0,0,0,0.819672131,1,0.037037037,0.814814815,0.111111111,0,0.037037037
868,0.9375,0,0,0.0625,0,0.722222222,0.203703704,0.055555556,0.018518519,0.8,0,0,0.2,0,0.105263158,0.052631579,0.01754386,0.01754386,0.807017544,1,0.038461538,0.846153846,0.115384615,0,0
869,1,0,0,0,0,0.629032258,0.177419355,0.177419355,0.016129032,0,0,0,0,0,0,0,0,0,1,1,0.087719298,0.771929825,0.105263158,0,0.035087719
870,0.95,0,0,0.05,0,0.661016949,0.186440678,0.13559322,0.016949153,0,0,0,0,0,0,0,0.019607843,0,0.980392157,1,0.120689655,0.75862069,0.103448276,0,0.017241379
871,1,0,0,0,0,0.735849057,0.20754717,0.037735849,0.018867925,0,0,0,0,0,0.1875,0,0.03125,0,0.78125,1,0.038461538,0.846153846,0.115384615,0,0
872,1,0,0,0,0,0.672413793,0.189655172,0.120689655,0.017241379,1,0,0,0,0,0.122807018,0,0,0.01754386,0.859649123,1,0.037735849,0.830188679,0.113207547,0,0.018867925
873,1,0,0,0,0,0.609375,0.171875,0.203125,0.015625,0,0,0,0,0,0.018867925,0,0.037735849,0,0.943396226,1,0.038461538,0.846153846,0.115384615,0,0
874,1,0,0,0,0,0.661016949,0.186440678,0.13559322,0.016949153,1,0,0,0,0,0.019230769,0.019230769,0.019230769,0,0.942307692,1,0.105263158,0.771929825,0.105263158,0,0.01754386
875,0.9,0,0,0.1,0,0.735849057,0.20754717,0.037735849,0.018867925,1,0,0,0,0,0.13559322,0.016949153,0.016949153,0,0.830508475,1,0.055555556,0.814814815,0.111111111,0,0.018518519
876,1,0,0,0,0,0.65,0.183333333,0.15,0.016666667,0.5,0,0,0,0.5,0.087719298,0.01754386,0.035087719,0,0.859649123,1,0,0.88,0.12,0,0
877,1,0,0,0,0,0.639344262,0.180327869,0.163934426,0.016393443,0.8,0,0,0,0.2,0.038461538,0.057692308,0,0.019230769,0.884615385,1,0,0.862745098,0.117647059,0,0.019607843
878,1,0,0,0,0,0.639344262,0.180327869,0.163934426,0.016393443,1,0,0,0,0,0.019230769,0.096153846,0.019230769,0.019230769,0.846153846,1,0,0.88,0.12,0,0
879,1,0,0,0,0,0.661016949,0.186440678,0.13559322,0.016949153,1,0,0,0,0,0.089285714,0.035714286,0.017857143,0,0.857142857,1,0.019230769,0.846153846,0.115384615,0,0.019230769
880,1,0,0,0,0,0.696428571,0.196428571,0.089285714,0.017857143,0.666666667,0,0,0,0.333333333,0.15,0.016666667,0.016666667,0.016666667,0.8,1,0,0.88,0.12,0,0
881,1,0,0,0,0,0.684210526,0.192982456,0.105263158,0.01754386,0,0,0,0,0,0.054545455,0,0.036363636,0,0.909090909,1,0.122807018,0.771929825,0.105263158,0,0
882,1,0,0,0,0,0.735849057,0.20754717,0.037735849,0.018867925,0.923076923,0,0,0.076923077,0,0,0.24,0,0,0.76,1,0.018867925,0.830188679,0.113207547,0,0.037735849
883,1,0,0,0,0,0.735849057,0.20754717,0.037735849,0.018867925,0.714285714,0,0,0.285714286,0,0.074074074,0.092592593,0,0,0.833333333,1,0.054545455,0.8,0.109090909,0,0.036363636
884,1,0,0,0,0,0.65,0.183333333,0.15,0.016666667,0.666666667,0,0,0,0.333333333,0.090909091,0.018181818,0,0.018181818,0.872727273,1,0,0.862745098,0.117647059,0,0.019607843
885,1,0,0,0,0,0.65,0.183333333,0.15,0.016666667,1,0,0,0,0,0.122807018,0,0,0.035087719,0.842105263,1,0,0.88,0.12,0,0
886,1,0,0,0,0,0.709090909,0.2,0.072727273,0.018181818,0.5,0,0,0,0.5,0.13559322,0.016949153,0.016949153,0,0.830508475,1,0.037735849,0.830188679,0.113207547,0,0.018867925
887,0.95,0,0,0.05,0,0.696428571,0.196428571,0.089285714,0.017857143,0,0,0,0,0,0.118644068,0,0.033898305,0,0.847457627,1,0.056603774,0.830188679,0.113207547,0,0
888,1,0,0,0,0,0.684210526,0.192982456,0.105263158,0.01754386,1,0,0,0,0,0.037735849,0.056603774,0.018867925,0,0.886792453,1,0.089285714,0.785714286,0.107142857,0,0.017857143
889,0.95,0,0,0.05,0,0.684210526,0.192982456,0.105263158,0.01754386,0,0,0,0,0,0.018867925,0,0.037735849,0,0.943396226,1,0.137931034,0.75862069,0.103448276,0,0
890,0.947368421,0,0,0.052631579,0,0.696428571,0.196428571,0.089285714,0.017857143,0.5,0,0,0,0.5,0.056603774,0.018867925,0,0,0.924528302,1,0.087719298,0.771929825,0.105263158,0,0.035087719
891,0.95,0,0,0.05,0,0.709090909,0.2,0.072727273,0.018181818,0,0,0,0,0,0.177419355,0,0.016129032,0,0.806451613,1,0,0.862745098,0.117647059,0,0.019607843
892,0.894736842,0.052631579,0,0.052631579,0.018518519,0.703703704,0.203703704,0.074074074,0,0.5,0,0,0,0.5,0.147540984,0.016393443,0.032786885,0,0.803278689,1,0.019607843,0.862745098,0.117647059,0,0
893,1,0,0,0,0,0.619047619,0.174603175,0.19047619,0.015873016,1,0,0,0,0,0.056603774,0,0,0.018867925,0.924528302,1,0.019230769,0.846153846,0.115384615,0,0.019230769
894,1,0,0,0,0,0.6,0.169230769,0.215384615,0.015384615,0,0,0,0,0,0.038461538,0,0,0,0.961538462,1,0,0.846153846,0.115384615,0,0.038461538
895,1,0,0,0,0,0.629032258,0.177419355,0.177419355,0.016129032,1,0,0,0,0,0.037037037,0.018518519,0.037037037,0,0.907407407,1,0.038461538,0.846153846,0.115384615,0,0
896,0.947368421,0.052631579,0,0,0.016666667,0.633333333,0.183333333,0.166666667,0,0,0,0,0,0,0.037735849,0,0.018867925,0,0.943396226,1,0.089285714,0.785714286,0.107142857,0,0.017857143
897,0.941176471,0,0,0.058823529,0,0.65,0.183333333,0.15,0.016666667,1,0,0,0,0,0,0.058823529,0.019607843,0,0.921568627,1,0.055555556,0.814814815,0.111111111,0,0.018518519
898,1,0,0,0,0,0.672413793,0.189655172,0.120689655,0.017241379,0,0,0,0,0,0.087719298,0,0.035087719,0,0.877192982,1,0.074074074,0.814814815,0.111111111,0,0
899,1,0,0,0,0,0.661016949,0.186440678,0.13559322,0.016949153,1,0,0,0,0,0.019607843,0,0,0.039215686,0.941176471,1,0.122807018,0.771929825,0.105263158,0,0
900,1,0,0,0,0,0.619047619,0.174603175,0.19047619,0.015873016,1,0,0,0,0,0.056603774,0,0,0.018867925,0.924528302,1,0.019230769,0.846153846,0.115384615,0,0.019230769
901,0.9375,0,0,0.0625,0,0.65,0.183333333,0.15,0.016666667,1,0,0,0,0,0,0.078431373,0.019607843,0,0.901960784,1,0.037735849,0.830188679,0.113207547,0,0.018867925
902,0.904761905,0,0,0.095238095,0,0.661016949,0.186440678,0.13559322,0.016949153,0,0,0,0,0,0.056603774,0,0,0,0.943396226,1,0.054545455,0.8,0.109090909,0,0.036363636
903,1,0,0,0,0,0.639344262,0.180327869,0.163934426,0.016393443,1,0,0,0,0,0.090909091,0,0,0.018181818,0.890909091,1,0.019230769,0.846153846,0.115384615,0,0.019230769
904,1,0,0,0,0,0.696428571,0.196428571,0.089285714,0.017857143,1,0,0,0,0,0.122807018,0.070175439,0,0.01754386,0.789473684,1,0,0.862745098,0.117647059,0,0.019607843
905,1,0,0,0,0,0.75,0.211538462,0.019230769,0.019230769,0.875,0,0,0,0.125,0.107142857,0.125,0,0,0.767857143,1,0.018867925,0.830188679,0.113207547,0,0.037735849
906,1,0,0,0,0,0.735849057,0.20754717,0.037735849,0.018867925,0,0,0,0,0,0.152542373,0,0,0,0.847457627,1,0.087719298,0.771929825,0.105263158,0,0.035087719
907,1,0,0,0,0,0.672413793,0.189655172,0.120689655,0.017241379,0,0,0,0,0,0.122807018,0,0,0,0.877192982,1,0.037037037,0.814814815,0.111111111,0,0.037037037
908,0.933333333,0,0,0.066666667,0,0.661016949,0.186440678,0.13559322,0.016949153,1,0,0,0,0,0,0.078431373,0.019607843,0.019607843,0.882352941,1,0.056603774,0.830188679,0.113207547,0,0
909,1,0,0,0,0,0.696428571,0.196428571,0.089285714,0.017857143,0.5,0,0,0,0.5,0.089285714,0.017857143,0.017857143,0,0.875,1,0.072727273,0.8,0.109090909,0,0.018181818
910,1,0,0,0,0,0.735849057,0.20754717,0.037735849,0.018867925,1,0,0,0,0,0.037037037,0.055555556,0.037037037,0,0.87037037,1,0.152542373,0.745762712,0.101694915,0,0
911,1,0,0,0,0,0.722222222,0.203703704,0.055555556,0.018518519,0,0,0,0,0,0.103448276,0,0.034482759,0,0.862068966,1,0.122807018,0.771929825,0.105263158,0,0
912,0.95,0,0,0.05,0,0.672413793,0.189655172,0.120689655,0.017241379,0,0,0,0,0,0.037037037,0,0.037037037,0,0.925925926,1,0.107142857,0.785714286,0.107142857,0,0
913,1,0,0,0,0,0.709090909,0.2,0.072727273,0.018181818,1,0,0,0,0,0,0.04,0,0.04,0.92,1,0.166666667,0.733333333,0.1,0,0
914,1,0,0,0,0,0.735849057,0.20754717,0.037735849,0.018867925,1,0,0,0,0,0.074074074,0.092592593,0,0.037037037,0.796296296,1,0.090909091,0.8,0.109090909,0,0
915,1,0,0,0,0,0.709090909,0.2,0.072727273,0.018181818,1,0,0,0,0,0.122807018,0.052631579,0,0,0.824561404,1,0.037037037,0.814814815,0.111111111,0,0.037037037
916,0.944444444,0,0,0.055555556,0,0.722222222,0.203703704,0.055555556,0.018518519,1,0,0,0,0,0.019230769,0.038461538,0.019230769,0,0.923076923,1,0.15,0.733333333,0.1,0,0.016666667
917,1,0,0,0,0,0.684210526,0.192982456,0.105263158,0.01754386,1,0,0,0,0,0.071428571,0.053571429,0.035714286,0,0.839285714,1,0.056603774,0.830188679,0.113207547,0,0
918,0.846153846,0,0,0.153846154,0,0.75,0.211538462,0.019230769,0.019230769,1,0,0,0,0,0.107142857,0.107142857,0,0.035714286,0.75,1,0.019607843,0.862745098,0.117647059,0,0
919,0.875,0,0,0.125,0,0.735849057,0.20754717,0.037735849,0.018867925,1,0,0,0,0,0.038461538,0.211538462,0,0.019230769,0.730769231,1,0,0.862745098,0.117647059,0,0.019607843
920,1,0,0,0,0,0.696428571,0.196428571,0.089285714,0.017857143,0.8,0,0,0,0.2,0,0.16,0,0,0.84,1,0.018867925,0.830188679,0.113207547,0,0.037735849
921,0.947368421,0,0,0.052631579,0,0.661016949,0.186440678,0.13559322,0.016949153,1,0,0,0,0,0.122807018,0,0,0.01754386,0.859649123,1,0,0.862745098,0.117647059,0,0.019607843
922,1,0,0,0,0,0.629032258,0.177419355,0.177419355,0.016129032,1,0,0,0,0,0,0.08,0,0.04,0.88,1,0.019607843,0.862745098,0.117647059,0,0
923,1,0,0,0,0,0.696428571,0.196428571,0.089285714,0.017857143,1,0,0,0,0,0.056603774,0.094339623,0,0.037735849,0.811320755,1,0.056603774,0.830188679,0.113207547,0,0
924,1,0,0,0,0,0.696428571,0.196428571,0.089285714,0.017857143,1,0,0,0,0,0.038461538,0.038461538,0,0.019230769,0.903846154,1,0.120689655,0.75862069,0.103448276,0,0.017241379
925,0.947368421,0,0,0.052631579,0,0.709090909,0.2,0.072727273,0.018181818,1,0,0,0,0,0.166666667,0,0,0.016666667,0.816666667,1,0.019230769,0.846153846,0.115384615,0,0.019230769
926,1,0,0,0,0,0.672413793,0.189655172,0.120689655,0.017241379,1,0,0,0,0,0.107142857,0,0,0.035714286,0.857142857,1,0.056603774,0.830188679,0.113207547,0,0
927,0.9,0,0,0.1,0,0.709090909,0.2,0.072727273,0.018181818,1,0,0,0,0,0.054545455,0.018181818,0.036363636,0,0.890909091,1,0.107142857,0.785714286,0.107142857,0,0
928,0.95,0.05,0,0,0,0.655172414,0.189655172,0.137931034,0.017241379,0,0,0,0,0,0.152542373,0,0,0,0.847457627,1,0,0.826923077,0.115384615,0.019230769,0.038461538
929,0.941176471,0,0,0.058823529,0,0.722222222,0.203703704,0.055555556,0.018518519,1,0,0,0,0,0.074074074,0.055555556,0,0,0.87037037,1,0.087719298,0.771929825,0.105263158,0,0.035087719
930,1,0,0,0,0,0.684210526,0.192982456,0.105263158,0.01754386,1,0,0,0,0,0.072727273,0.090909091,0.018181818,0,0.818181818,1,0.019230769,0.846153846,0.115384615,0,0.019230769
931,1,0,0,0,0,0.696428571,0.196428571,0.089285714,0.017857143,1,0,0,0,0,0.089285714,0.071428571,0.017857143,0,0.821428571,1,0.037735849,0.830188679,0.113207547,0,0.018867925
932,0.947368421,0,0,0.052631579,0,0.730769231,0.211538462,0.038461538,0.019230769,0.5,0.5,0,0,0,0.055555556,0,0.018518519,0.037037037,0.888888889,1,0.166666667,0.733333333,0.083333333,0.016666667,0
933,1,0,0,0,0,0.696428571,0.196428571,0.089285714,0.017857143,1,0,0,0,0,0.074074074,0,0,0.018518519,0.907407407,1,0.120689655,0.75862069,0.103448276,0,0.017241379
934,0.928571429,0,0,0.071428571,0,0.684210526,0.192982456,0.105263158,0.01754386,1,0,0,0,0,0,0.115384615,0.038461538,0,0.846153846,1,0.056603774,0.830188679,0.113207547,0,0
935,1,0,0,0,0,0.639344262,0.180327869,0.163934426,0.016393443,0,0,0,0,0,0,0,0.019607843,0,0.980392157,1,0.105263158,0.771929825,0.105263158,0,0.01754386
936,1,0,0,0,0,0.619047619,0.174603175,0.19047619,0.015873016,0,0,0,0,0,0.019230769,0,0.019230769,0,0.961538462,1,0.055555556,0.814814815,0.111111111,0,0.018518519
937,1,0,0,0,0,0.639344262,0.180327869,0.163934426,0.016393443,1,0,0,0,0,0.037735849,0,0.018867925,0.018867925,0.924528302,1,0.074074074,0.814814815,0.111111111,0,0
938,1,0,0,0,0,0.661016949,0.186440678,0.13559322,0.016949153,0,0,0,0,0,0.071428571,0,0.035714286,0,0.892857143,1,0.074074074,0.814814815,0.111111111,0,0
939,1,0,0,0,0,0.639344262,0.180327869,0.163934426,0.016393443,0,0,0,0,0,0.018867925,0,0.037735849,0,0.943396226,1,0.090909091,0.8,0.109090909,0,0
940,1,0,0,0,0,0.690909091,0.2,0.109090909,0,0.5,0.5,0,0,0,0,0.039215686,0.019607843,0,0.941176471,1,0.163934426,0.704918033,0.098360656,0.016393443,0.016393443
941,0.95,0,0,0.05,0,0.672413793,0.189655172,0.120689655,0.017241379,0,0,0,0,0,0.037735849,0,0.018867925,0,0.943396226,1,0.105263158,0.771929825,0.105263158,0,0.01754386
942,0.95,0,0,0.05,0,0.65,0.183333333,0.15,0.016666667,0,0,0,0,0,0.038461538,0,0,0,0.961538462,1,0.071428571,0.785714286,0.107142857,0,0.035714286
943,1,0,0,0,0,0.75,0.211538462,0.019230769,0.019230769,1,0,0,0,0,0.137931034,0.017241379,0,0,0.844827586,1,0.103448276,0.75862069,0.103448276,0,0.034482759
944,1,0,0,0,0,0.709090909,0.2,0.072727273,0.018181818,0,0,0,0,0,0.107142857,0,0,0,0.892857143,1,0.103448276,0.75862069,0.103448276,0,0.034482759
945,1,0,0,0,0,0.735849057,0.20754717,0.037735849,0.018867925,0,0,0,0,0,0.120689655,0,0.017241379,0,0.862068966,1,0.120689655,0.75862069,0.103448276,0,0.017241379
946,1,0,0,0,0,0.696428571,0.196428571,0.089285714,0.017857143,1,0,0,0,0,0.056603774,0.037735849,0,0,0.905660377,1,0.103448276,0.75862069,0.103448276,0,0.034482759
947,1,0,0,0,0,0.65,0.183333333,0.15,0.016666667,0,0,0,0,0,0.038461538,0,0,0,0.961538462,1,0.087719298,0.771929825,0.105263158,0,0.035087719
948,0.904761905,0,0,0.095238095,0,0.735849057,0.20754717,0.037735849,0.018867925,0,0,0,0,0,0.056603774,0,0,0,0.943396226,1,0.147540984,0.721311475,0.098360656,0,0.032786885
949,0.944444444,0,0,0.055555556,0,0.696428571,0.196428571,0.089285714,0.017857143,1,0,0,0,0,0.090909091,0.018181818,0,0.018181818,0.872727273,1,0.072727273,0.8,0.109090909,0,0.018181818
950,1,0,0,0,0,0.696428571,0.196428571,0.089285714,0.017857143,1,0,0,0,0,0.177419355,0,0.016129032,0.016129032,0.790322581,1,0,0.88,0.12,0,0
951,1,0,0,0,0,0.696428571,0.196428571,0.089285714,0.017857143,0,0,0,0,0,0.054545455,0,0.036363636,0,0.909090909,1,0.137931034,0.75862069,0.103448276,0,0
952,0.947368421,0,0,0.052631579,0,0.65,0.183333333,0.15,0.016666667,1,0,0,0,0,0.072727273,0,0.018181818,0.018181818,0.890909091,1,0.038461538,0.846153846,0.115384615,0,0
953,0.9,0,0,0.1,0,0.684210526,0.192982456,0.105263158,0.01754386,1,0,0,0,0,0.019230769,0.019230769,0.019230769,0,0.942307692,1,0.105263158,0.771929825,0.105263158,0,0.01754386
954,1,0,0,0,0,0.75,0.211538462,0.019230769,0.019230769,0.846153846,0,0,0,0.153846154,0,0.211538462,0.038461538,0,0.75,1,0.038461538,0.846153846,0.115384615,0,0
955,0.888888889,0.111111111,0,0,0.018518519,0.703703704,0.203703704,0.074074074,0,0.909090909,0,0,0.090909091,0,0.019607843,0.156862745,0,0.039215686,0.784313725,1,0.056603774,0.830188679,0.113207547,0,0
956,1,0,0,0,0,0.735849057,0.20754717,0.037735849,0.018867925,0.833333333,0,0,0,0.166666667,0.122807018,0.087719298,0,0,0.789473684,1,0.018867925,0.830188679,0.113207547,0,0.037735849
957,0.947368421,0,0,0.052631579,0,0.672413793,0.189655172,0.120689655,0.017241379,1,0,0,0,0,0.103448276,0.017241379,0.034482759,0,0.844827586,1,0.019607843,0.862745098,0.117647059,0,0
958,1,0,0,0,0,0.619047619,0.174603175,0.19047619,0.015873016,0.75,0,0,0,0.25,0,0.057692308,0.038461538,0,0.903846154,1,0,0.88,0.12,0,0
959,0.944444444,0,0,0.055555556,0,0.609375,0.171875,0.203125,0.015625,1,0,0,0,0,0,0.019607843,0.019607843,0.019607843,0.941176471,1,0.019607843,0.862745098,0.117647059,0,0
960,1,0,0,0,0,0.672413793,0.189655172,0.120689655,0.017241379,0,0,0,0,0,0.054545455,0,0.036363636,0,0.909090909,1,0.107142857,0.785714286,0.107142857,0,0
961,1,0,0,0,0,0.722222222,0.203703704,0.055555556,0.018518519,1,0,0,0,0,0,0.019607843,0.019607843,0,0.960784314,1,0.19047619,0.698412698,0.095238095,0,0.015873016
962,1,0,0,0,0,0.735849057,0.20754717,0.037735849,0.018867925,0,0,0,0,0,0.037735849,0,0.018867925,0,0.943396226,1,0.19047619,0.698412698,0.095238095,0,0.015873016
963,1,0,0,0,0,0.684210526,0.192982456,0.105263158,0.01754386,1,0,0,0,0,0.038461538,0.019230769,0,0,0.942307692,1,0.118644068,0.745762712,0.101694915,0,0.033898305
964,0.947368421,0.052631579,0,0,0,0.612903226,0.177419355,0.193548387,0.016129032,0.5,0,0,0,0.5,0.055555556,0.018518519,0.018518519,0,0.907407407,1,0,0.843137255,0.117647059,0.019607843,0.019607843
965,1,0,0,0,0,0.672413793,0.189655172,0.120689655,0.017241379,1,0,0,0,0,0.038461538,0,0,0.019230769,0.942307692,1,0.120689655,0.75862069,0.103448276,0,0.017241379
966,1,0,0,0,0,0.65,0.183333333,0.15,0.016666667,0,0,0,0,0,0.054545455,0,0.036363636,0,0.909090909,1,0.074074074,0.814814815,0.111111111,0,0
967,1,0,0,0,0,0.722222222,0.203703704,0.055555556,0.018518519,1,0,0,0,0,0.071428571,0.017857143,0.035714286,0,0.875,1,0.137931034,0.75862069,0.103448276,0,0
968,1,0,0,0,0.018181818,0.690909091,0.2,0.090909091,0,0.666666667,0.333333333,0,0,0,0.120689655,0.034482759,0.017241379,0.017241379,0.810344828,1,0.056603774,0.830188679,0.113207547,0,0
969,1,0,0,0,0.01754386,0.666666667,0.192982456,0.122807018,0,0.8,0.2,0,0,0,0.056603774,0.056603774,0,0.037735849,0.849056604,1,0.074074074,0.814814815,0.111111111,0,0
970,0.909090909,0.090909091,0,0,0.018867925,0.716981132,0.20754717,0.056603774,0,1,0,0,0,0,0.019607843,0.117647059,0,0.039215686,0.823529412,1,0.122807018,0.771929825,0.105263158,0,0
971,1,0,0,0,0,0.735849057,0.20754717,0.037735849,0.018867925,1,0,0,0,0,0,0.12,0,0,0.88,1,0.133333333,0.733333333,0.1,0,0.033333333
972,1,0,0,0,0,0.629032258,0.177419355,0.177419355,0.016129032,0,0,0,0,0,0.056603774,0,0,0,0.943396226,1,0.037037037,0.814814815,0.111111111,0,0.037037037
973,1,0,0,0,0,0.672413793,0.189655172,0.120689655,0.017241379,0,0,0,0,0,0.019607843,0,0,0,0.980392157,1,0.133333333,0.733333333,0.1,0,0.033333333
974,1,0,0,0,0,0.709090909,0.2,0.072727273,0.018181818,1,0,0,0,0,0.056603774,0,0,0.037735849,0.905660377,1,0.152542373,0.745762712,0.101694915,0,0
975,1,0,0,0,0,0.696428571,0.196428571,0.089285714,0.017857143,0,0,0,0,0,0,0,0,0,1,1,0.174603175,0.698412698,0.095238095,0,0.031746032
976,1,0,0,0,0,0.684210526,0.192982456,0.105263158,0.01754386,1,0,0,0,0,0.074074074,0.055555556,0,0.018518519,0.851851852,1,0.055555556,0.814814815,0.111111111,0,0.018518519
977,1,0,0,0,0,0.75,0.211538462,0.019230769,0.019230769,0,0,0,0,0,0.163934426,0,0.016393443,0,0.819672131,1,0.089285714,0.785714286,0.107142857,0,0.017857143
978,1,0,0,0,0,0.722222222,0.203703704,0.055555556,0.018518519,1,0,0,0,0,0.074074074,0,0,0.037037037,0.888888889,1,0.152542373,0.745762712,0.101694915,0,0
979,1,0,0,0,0,0.639344262,0.180327869,0.163934426,0.016393443,1,0,0,0,0,0.037735849,0.018867925,0.018867925,0,0.924528302,1,0.055555556,0.814814815,0.111111111,0,0.018518519
980,0.95,0,0,0.05,0,0.684210526,0.192982456,0.105263158,0.01754386,0,0,0,0,0,0,0,0,0,1,1,0.147540984,0.721311475,0.098360656,0,0.032786885
981,1,0,0,0,0,0.661016949,0.186440678,0.13559322,0.016949153,1,0,0,0,0,0.105263158,0.01754386,0.01754386,0.01754386,0.842105263,1,0.019607843,0.862745098,0.117647059,0,0
982,1,0,0,0,0,0.696428571,0.196428571,0.089285714,0.017857143,1,0,0,0,0,0.037037037,0.074074074,0.037037037,0,0.851851852,1,0.090909091,0.8,0.109090909,0,0
983,0.944444444,0,0,0.055555556,0,0.684210526,0.192982456,0.105263158,0.01754386,1,0,0,0,0,0.019607843,0.019607843,0,0.019607843,0.941176471,1,0.120689655,0.75862069,0.103448276,0,0.017241379
984,0.947368421,0,0,0.052631579,0,0.696428571,0.196428571,0.089285714,0.017857143,1,0,0,0,0,0.019607843,0,0,0.019607843,0.960784314,1,0.15,0.733333333,0.1,0,0.016666667
985,0.947368421,0,0,0.052631579,0.018518519,0.703703704,0.203703704,0.055555556,0.018518519,0,1,0,0,0,0,0,0.038461538,0.019230769,0.942307692,1,0.180327869,0.737704918,0.081967213,0,0
986,0.947368421,0,0,0.052631579,0,0.684210526,0.192982456,0.105263158,0.01754386,1,0,0,0,0,0,0.019230769,0.038461538,0,0.942307692,1,0.137931034,0.75862069,0.103448276,0,0
987,1,0,0,0,0,0.735849057,0.20754717,0.037735849,0.018867925,0,0,0,0,0,0.147540984,0,0.032786885,0,0.819672131,1,0.090909091,0.8,0.109090909,0,0
988,1,0,0,0,0,0.65,0.183333333,0.15,0.016666667,0,0,0,0,0,0.103448276,0,0.034482759,0,0.862068966,1,0.019607843,0.862745098,0.117647059,0,0
989,1,0,0,0,0,0.722222222,0.203703704,0.055555556,0.018518519,0,0,0,0,0,0.180327869,0,0,0,0.819672131,1,0.037037037,0.814814815,0.111111111,0,0.037037037
990,1,0,0,0,0,0.672413793,0.189655172,0.120689655,0.017241379,0,0,0,0,0,0.089285714,0,0.017857143,0,0.892857143,1,0.072727273,0.8,0.109090909,0,0.018181818
991,1,0,0,0,0,0.661016949,0.186440678,0.13559322,0.016949153,0,0,0,0,0,0.037037037,0,0.037037037,0,0.925925926,1,0.107142857,0.785714286,0.107142857,0,0
992,1,0,0,0,0,0.696428571,0.196428571,0.089285714,0.017857143,0,0,0,0,0,0.087719298,0,0.035087719,0,0.877192982,1,0.107142857,0.785714286,0.107142857,0,0
993,0.904761905,0,0,0.095238095,0,0.696428571,0.196428571,0.089285714,0.017857143,0,0,0,0,0,0,0,0.038461538,0,0.961538462,1,0.152542373,0.745762712,0.101694915,0,0
994,0.95,0,0,0.05,0,0.722222222,0.203703704,0.055555556,0.018518519,0,0,0,0,0,0,0,0.019607843,0,0.980392157,1,0.19047619,0.698412698,0.095238095,0,0.015873016
995,0.95,0,0,0.05,0,0.696428571,0.196428571,0.089285714,0.017857143,0,0,0,0,0,0.055555556,0,0.018518519,0,0.925925926,1,0.120689655,0.75862069,0.103448276,0,0.017241379
996,1,0,0,0,0,0.672413793,0.189655172,0.120689655,0.017241379,0,0,0,0,0,0,0,0.019607843,0,0.980392157,1,0.15,0.733333333,0.1,0,0.016666667
997,1,0,0,0,0,0.629032258,0.177419355,0.177419355,0.016129032,0,0,0,0,0,0,0,0.019607843,0,0.980392157,1,0.089285714,0.785714286,0.107142857,0,0.017857143
998,1,0,0,0,0,0.684210526,0.192982456,0.105263158,0.01754386,1,0,0,0,0,0,0.18,0,0,0.82,1,0.018867925,0.830188679,0.113207547,0,0.037735849
999,0.904761905,0,0,0.095238095,0,0.722222222,0.203703704,0.055555556,0.018518519,0,0,0,0,0,0.152542373,0,0,0,0.847457627,1,0.037037037,0.814814815,0.111111111,0,0.037037037
1000,0.904761905,0,0,0.095238095,0,0.722222222,0.203703704,0.055555556,0.018518519,0,0,0,0,0,0.152542373,0,0,0,0.847457627,1,0.037037037,0.814814815,0.111111111,0,0.037037037
1001,0.95,0,0,0.05,0,0.629032258,0.177419355,0.177419355,0.016129032,0,0,0,0,0,0.019230769,0,0.019230769,0,0.961538462,1,0.055555556,0.814814815,0.111111111,0,0.018518519
1002,0.95,0,0,0.05,0,0.619047619,0.174603175,0.19047619,0.015873016,0,0,0,0,0,0.038461538,0,0,0,0.961538462,1,0.018867925,0.830188679,0.113207547,0,0.037735849
1003,0.95,0,0,0.05,0,0.639344262,0.180327869,0.163934426,0.016393443,0,0,0,0,0,0.087719298,0,0.035087719,0,0.877192982,1,0,0.88,0.12,0,0
1004,1,0,0,0,0,0.661016949,0.186440678,0.13559322,0.016949153,0,0,0,0,0,0.118644068,0,0.033898305,0,0.847457627,1,0.019607843,0.862745098,0.117647059,0,0
1005,0.95,0,0,0.05,0,0.684210526,0.192982456,0.105263158,0.01754386,0,0,0,0,0,0.118644068,0,0.033898305,0,0.847457627,1,0.038461538,0.846153846,0.115384615,0,0
1006,0.894736842,0,0,0.105263158,0.017857143,0.678571429,0.196428571,0.107142857,0,0.5,0.5,0,0,0,0.089285714,0.035714286,0.017857143,0,0.857142857,1,0.037735849,0.830188679,0.113207547,0,0.018867925
1007,0.95,0,0,0.05,0,0.629032258,0.177419355,0.177419355,0.016129032,0,0,0,0,0,0.037037037,0,0.037037037,0,0.925925926,1,0.038461538,0.846153846,0.115384615,0,0
1008,0.947368421,0,0,0.052631579,0,0.639344262,0.180327869,0.163934426,0.016393443,1,0,0,0,0,0.037735849,0,0.018867925,0.018867925,0.924528302,1,0.056603774,0.830188679,0.113207547,0,0
1009,0.95,0,0,0.05,0,0.661016949,0.186440678,0.13559322,0.016949153,0,0,0,0,0,0,0,0.038461538,0,0.961538462,1,0.122807018,0.771929825,0.105263158,0,0
1010,1,0,0,0,0,0.639344262,0.180327869,0.163934426,0.016393443,0,0,0,0,0,0,0,0.019607843,0,0.980392157,1,0.105263158,0.771929825,0.105263158,0,0.01754386
1011,0.95,0,0,0.05,0,0.684210526,0.192982456,0.105263158,0.01754386,0,0,0,0,0,0,0,0.038461538,0,0.961538462,1,0.152542373,0.745762712,0.101694915,0,0
1012,1,0,0,0,0,0.722222222,0.203703704,0.055555556,0.018518519,1,0,0,0,0,0.054545455,0.072727273,0.036363636,0,0.836363636,1,0.107142857,0.785714286,0.107142857,0,0
1013,0.909090909,0,0,0.090909091,0.019230769,0.730769231,0.211538462,0.038461538,0,0.888888889,0.111111111,0,0,0,0.089285714,0.160714286,0.017857143,0,0.732142857,1,0,0.862745098,0.117647059,0,0.019607843
1014,0.947368421,0,0,0.052631579,0,0.735849057,0.20754717,0.037735849,0.018867925,1,0,0,0,0,0.019607843,0.019607843,0,0,0.960784314,1,0.174603175,0.698412698,0.095238095,0,0.031746032
1015,1,0,0,0,0,0.722222222,0.203703704,0.055555556,0.018518519,1,0,0,0,0,0.037735849,0,0.018867925,0.018867925,0.924528302,1,0.180327869,0.721311475,0.098360656,0,0
1016,1,0,0,0,0,0.684210526,0.192982456,0.105263158,0.01754386,0,0,0,0,0,0.019230769,0,0.019230769,0,0.961538462,1,0.15,0.733333333,0.1,0,0.016666667
1017,0.947368421,0,0,0.052631579,0,0.639344262,0.180327869,0.163934426,0.016393443,1,0,0,0,0,0.055555556,0,0.018518519,0.018518519,0.907407407,1,0.038461538,0.846153846,0.115384615,0,0
1018,1,0,0,0,0,0.672413793,0.189655172,0.120689655,0.017241379,0,0,0,0,0,0.118644068,0,0.033898305,0,0.847457627,1,0.038461538,0.846153846,0.115384615,0,0
1019,1,0,0,0,0,0.722222222,0.203703704,0.055555556,0.018518519,1,0,0,0,0,0,0.235294118,0.019607843,0.019607843,0.725490196,1,0.019607843,0.862745098,0.117647059,0,0
1020,1,0,0,0,0,0.684210526,0.192982456,0.105263158,0.01754386,0.888888889,0,0,0.111111111,0,0.019607843,0.137254902,0,0.019607843,0.823529412,1,0.019230769,0.846153846,0.115384615,0,0.019230769
1021,1,0,0,0,0,0.661016949,0.186440678,0.13559322,0.016949153,0.666666667,0,0,0,0.333333333,0.056603774,0.037735849,0,0,0.905660377,1,0.037037037,0.814814815,0.111111111,0,0.037037037
1022,1,0,0,0,0,0.65,0.183333333,0.15,0.016666667,0,0,0,0,0,0.120689655,0,0.017241379,0,0.862068966,1,0,0.862745098,0.117647059,0,0.019607843
1023,0.941176471,0.058823529,0,0,0.01754386,0.666666667,0.192982456,0.105263158,0.01754386,1,0,0,0,0,0.090909091,0.018181818,0,0.018181818,0.872727273,1,0.090909091,0.781818182,0.127272727,0,0
1024,1,0,0,0,0,0.684210526,0.192982456,0.105263158,0.01754386,0.666666667,0,0,0,0.333333333,0.056603774,0.037735849,0,0,0.905660377,1,0.071428571,0.785714286,0.107142857,0,0.035714286
1025,1,0,0,0,0,0.684210526,0.192982456,0.105263158,0.01754386,0,0,0,0,0,0.152542373,0,0,0,0.847457627,1,0.018867925,0.830188679,0.113207547,0,0.037735849
1026,1,0,0,0,0,0.661016949,0.186440678,0.13559322,0.016949153,1,0,0,0,0,0.056603774,0,0,0.018867925,0.924528302,1,0.089285714,0.785714286,0.107142857,0,0.017857143
1027,1,0,0,0,0,0.696428571,0.196428571,0.089285714,0.017857143,1,0,0,0,0,0.105263158,0,0.01754386,0.01754386,0.859649123,1,0.090909091,0.8,0.109090909,0,0
1028,1,0,0,0,0.019607843,0.745098039,0.215686275,0,0.019607843,0.6,0.2,0,0.2,0,0.120689655,0.034482759,0.017241379,0.034482759,0.793103448,1,0.090909091,0.8,0.109090909,0,0
1029,0.947368421,0,0.052631579,0,0,0.684210526,0.175438596,0.122807018,0.01754386,1,0,0,0,0,0.118644068,0.016949153,0.033898305,0,0.830508475,1,0.038461538,0.826923077,0.115384615,0.019230769,0
1030,1,0,0,0,0,0.672413793,0.189655172,0.120689655,0.017241379,0,0,0,0,0,0.13559322,0,0.016949153,0,0.847457627,1,0.019230769,0.846153846,0.115384615,0,0.019230769
1031,0.947368421,0,0,0.052631579,0,0.722222222,0.203703704,0.055555556,0.018518519,1,0,0,0,0,0.038461538,0,0,0.019230769,0.942307692,1,0.163934426,0.721311475,0.098360656,0,0.016393443
1032,1,0,0,0,0,0.75,0.211538462,0.019230769,0.019230769,1,0,0,0,0,0.038461538,0.019230769,0,0.038461538,0.903846154,1,0.193548387,0.709677419,0.096774194,0,0
1033,0.944444444,0,0,0.055555556,0,0.696428571,0.196428571,0.089285714,0.017857143,1,0,0,0,0,0.037037037,0.037037037,0.037037037,0,0.888888889,1,0.107142857,0.785714286,0.107142857,0,0
1034,1,0,0,0,0,0.684210526,0.192982456,0.105263158,0.01754386,1,0,0,0,0,0.056603774,0.018867925,0,0,0.924528302,1,0.103448276,0.75862069,0.103448276,0,0.034482759
1035,1,0,0,0,0,0.684210526,0.192982456,0.105263158,0.01754386,0.5,0,0,0.5,0,0.071428571,0.017857143,0.035714286,0,0.875,1,0.074074074,0.814814815,0.111111111,0,0
1036,1,0,0,0,0,0.672413793,0.189655172,0.120689655,0.017241379,1,0,0,0,0,0,0.06,0,0.04,0.9,1,0.107142857,0.785714286,0.107142857,0,0
1037,1,0,0,0,0,0.629032258,0.177419355,0.177419355,0.016129032,1,0,0,0,0,0,0,0.019607843,0.019607843,0.960784314,1,0.090909091,0.8,0.109090909,0,0
1038,1,0,0,0,0,0.709090909,0.2,0.072727273,0.018181818,1,0,0,0,0,0,0.06,0,0.02,0.92,1,0.15,0.733333333,0.1,0,0.016666667
1039,1,0,0,0,0,0.684210526,0.192982456,0.105263158,0.01754386,0.75,0,0,0.25,0,0.019230769,0.057692308,0.019230769,0,0.903846154,1,0.089285714,0.785714286,0.107142857,0,0.017857143
1040,1,0,0,0,0,0.684210526,0.192982456,0.105263158,0.01754386,1,0,0,0,0,0.038461538,0.038461538,0,0,0.923076923,1,0.103448276,0.75862069,0.103448276,0,0.034482759
1041,1,0,0,0,0,0.709090909,0.2,0.072727273,0.018181818,0,0,0,0,0,0.089285714,0,0.017857143,0,0.892857143,1,0.120689655,0.75862069,0.103448276,0,0.017241379
1042,0.944444444,0.055555556,0,0,0.016949153,0.644067797,0.186440678,0.152542373,0,1,0,0,0,0,0,0,0.019607843,0.019607843,0.960784314,1,0.137931034,0.75862069,0.103448276,0,0
1043,0.947368421,0,0,0.052631579,0,0.709090909,0.2,0.072727273,0.018181818,1,0,0,0,0,0.105263158,0,0.01754386,0.01754386,0.859649123,1,0.090909091,0.8,0.109090909,0,0
1044,0.947368421,0,0,0.052631579,0,0.722222222,0.203703704,0.055555556,0.018518519,1,0,0,0,0,0.147540984,0.016393443,0.032786885,0,0.803278689,1,0.038461538,0.846153846,0.115384615,0,0
1045,0.95,0,0,0.05,0,0.684210526,0.192982456,0.105263158,0.01754386,0,0,0,0,0,0.037735849,0,0.018867925,0,0.943396226,1,0.120689655,0.75862069,0.103448276,0,0.017241379
1046,0.944444444,0,0,0.055555556,0,0.65,0.183333333,0.15,0.016666667,1,0,0,0,0,0.056603774,0.018867925,0,0.018867925,0.905660377,1,0.037735849,0.830188679,0.113207547,0,0.018867925
1047,1,0,0,0,0,0.65,0.183333333,0.15,0.016666667,1,0,0,0,0,0,0.02,0,0,0.98,1,0.103448276,0.75862069,0.103448276,0,0.034482759
1048,0.95,0,0,0.05,0,0.65,0.183333333,0.15,0.016666667,0,0,0,0,0,0.074074074,0,0,0,0.925925926,1,0.037037037,0.814814815,0.111111111,0,0.037037037
1049,0.95,0,0,0.05,0,0.696428571,0.196428571,0.089285714,0.017857143,0,0,0,0,0,0.122807018,0,0,0,0.877192982,1,0.054545455,0.8,0.109090909,0,0.036363636
1050,1,0,0,0,0,0.722222222,0.203703704,0.055555556,0.018518519,1,0,0,0,0,0.074074074,0,0,0.018518519,0.907407407,1,0.15,0.733333333,0.1,0,0.016666667
1051,1,0,0,0,0,0.722222222,0.203703704,0.055555556,0.018518519,0,0,0,0,0,0.090909091,0,0,0,0.909090909,1,0.133333333,0.733333333,0.1,0,0.033333333
1052,0.95,0,0,0.05,0,0.75,0.211538462,0.019230769,0.019230769,0,0,0,0,0,0.133333333,0,0.033333333,0,0.833333333,1,0.107142857,0.785714286,0.107142857,0,0
1053,0.95,0,0,0.05,0,0.722222222,0.203703704,0.055555556,0.018518519,0,0,0,0,0,0.107142857,0,0,0,0.892857143,1,0.103448276,0.75862069,0.103448276,0,0.034482759
1054,1,0,0,0,0,0.684210526,0.192982456,0.105263158,0.01754386,1,0,0,0,0,0.019607843,0,0,0.039215686,0.941176471,1,0.152542373,0.745762712,0.101694915,0,0
1055,0.9375,0.0625,0,0,0,0.745098039,0.215686275,0.039215686,0,0.8,0,0,0.2,0,0.071428571,0.071428571,0.035714286,0,0.821428571,1,0.122807018,0.754385965,0.105263158,0.01754386,0
1056,1,0,0,0,0,0.75,0.211538462,0.019230769,0.019230769,1,0,0,0,0,0.056603774,0.094339623,0,0.037735849,0.811320755,1,0.122807018,0.771929825,0.105263158,0,0
1057,1,0,0,0,0,0.684210526,0.192982456,0.105263158,0.01754386,0,0,0,0,0,0.118644068,0,0.033898305,0,0.847457627,1,0.056603774,0.830188679,0.113207547,0,0
1058,1,0,0,0,0,0.735849057,0.20754717,0.037735849,0.018867925,0,0,0,0,0,0.212121212,0,0.03030303,0,0.757575758,1,0,0.88,0.12,0,0
1059,0.95,0,0,0.05,0,0.75,0.211538462,0.019230769,0.019230769,0,0,0,0,0,0.1875,0,0.03125,0,0.78125,1,0.038461538,0.846153846,0.115384615,0,0
1060,1,0,0,0,0,0.684210526,0.192982456,0.105263158,0.01754386,0,0,0,0,0,0.163934426,0,0.016393443,0,0.819672131,1,0,0.862745098,0.117647059,0,0.019607843
1061,1,0,0,0,0,0.684210526,0.192982456,0.105263158,0.01754386,1,0,0,0,0,0,0.1,0,0,0.9,1,0.087719298,0.771929825,0.105263158,0,0.035087719
1062,0.894736842,0,0,0.105263158,0,0.678571429,0.196428571,0.125,0,0.666666667,0.333333333,0,0,0,0.019230769,0.057692308,0.019230769,0,0.903846154,1,0.089285714,0.767857143,0.107142857,0.017857143,0.017857143
1063,1,0,0,0,0,0.735849057,0.20754717,0.037735849,0.018867925,1,0,0,0,0,0,0.08,0,0.04,0.88,1,0.166666667,0.733333333,0.1,0,0
1064,1,0,0,0,0,0.722222222,0.203703704,0.055555556,0.018518519,1,0,0,0,0,0,0.078431373,0.019607843,0,0.901960784,1,0.15,0.733333333,0.1,0,0.016666667
1065,1,0,0,0,0,0.661016949,0.186440678,0.13559322,0.016949153,0.75,0,0,0.25,0,0.018867925,0.056603774,0.037735849,0,0.886792453,1,0.056603774,0.830188679,0.113207547,0,0
1066,1,0,0,0,0,0.672413793,0.189655172,0.120689655,0.017241379,0,0,0,0,0,0.147540984,0,0.032786885,0,0.819672131,1,0,0.88,0.12,0,0
1067,1,0,0,0,0,0.672413793,0.189655172,0.120689655,0.017241379,1,0,0,0,0,0.038461538,0.019230769,0,0.038461538,0.903846154,1,0.107142857,0.785714286,0.107142857,0,0
1068,0.95,0,0,0.05,0,0.661016949,0.186440678,0.13559322,0.016949153,0,0,0,0,0,0.037735849,0,0.018867925,0,0.943396226,1,0.089285714,0.785714286,0.107142857,0,0.017857143
1069,0.95,0,0,0.05,0,0.696428571,0.196428571,0.089285714,0.017857143,0,0,0,0,0,0.055555556,0,0.018518519,0,0.925925926,1,0.120689655,0.75862069,0.103448276,0,0.017241379
1070,0.9375,0,0,0.0625,0,0.709090909,0.2,0.072727273,0.018181818,1,0,0,0,0,0.074074074,0.074074074,0,0,0.851851852,1,0.054545455,0.8,0.109090909,0,0.036363636
1071,1,0,0,0,0,0.735849057,0.20754717,0.037735849,0.018867925,0,0,0,0,0,0.105263158,0,0.01754386,0,0.877192982,1,0.13559322,0.745762712,0.101694915,0,0.016949153
1072,1,0,0,0,0,0.703703704,0.203703704,0.074074074,0.018518519,0.5,0.5,0,0,0,0.055555556,0.037037037,0.018518519,0,0.888888889,1,0.13559322,0.728813559,0.101694915,0.016949153,0.016949153
1073,1,0,0,0,0,0.684210526,0.192982456,0.105263158,0.01754386,0,0,0,0,0,0.072727273,0,0.018181818,0,0.909090909,1,0.105263158,0.771929825,0.105263158,0,0.01754386
1074,1,0,0,0,0,0.722222222,0.203703704,0.055555556,0.018518519,1,0,0,0,0,0.072727273,0.145454545,0.018181818,0,0.763636364,1,0.019230769,0.846153846,0.115384615,0,0.019230769
1075,1,0,0,0,0,0.709090909,0.2,0.072727273,0.018181818,0,0,0,0,0,0.174603175,0,0.031746032,0,0.793650794,1,0.019607843,0.862745098,0.117647059,0,0
1076,0.947368421,0,0,0.052631579,0,0.735849057,0.20754717,0.037735849,0.018867925,1,0,0,0,0,0.087719298,0.01754386,0.035087719,0,0.859649123,1,0.122807018,0.771929825,0.105263158,0,0
1077,0.944444444,0,0,0.055555556,0,0.722222222,0.203703704,0.055555556,0.018518519,1,0,0,0,0,0.072727273,0.018181818,0.018181818,0.018181818,0.872727273,1,0.122807018,0.771929825,0.105263158,0,0
1078,0.947368421,0,0,0.052631579,0,0.722222222,0.203703704,0.055555556,0.018518519,1,0,0,0,0,0.072727273,0.018181818,0.018181818,0,0.890909091,1,0.120689655,0.75862069,0.103448276,0,0.017241379
1079,1,0,0,0,0,0.709090909,0.2,0.072727273,0.018181818,0,0,0,0,0,0.074074074,0,0,0,0.925925926,1,0.133333333,0.733333333,0.1,0,0.033333333
1080,1,0,0,0,0,0.619047619,0.174603175,0.19047619,0.015873016,0,0,0,0,0,0.018867925,0,0.037735849,0,0.943396226,1,0.056603774,0.830188679,0.113207547,0,0
1081,0.95,0,0,0.05,0,0.639344262,0.180327869,0.163934426,0.016393443,0,0,0,0,0,0.018867925,0,0.037735849,0,0.943396226,1,0.074074074,0.814814815,0.111111111,0,0
1082,1,0,0,0,0,0.65,0.183333333,0.15,0.016666667,0,0,0,0,0,0,0,0.038461538,0,0.961538462,1,0.122807018,0.771929825,0.105263158,0,0
1083,1,0,0,0,0,0.696428571,0.196428571,0.089285714,0.017857143,1,0,0,0,0,0.038461538,0.057692308,0,0.038461538,0.865384615,1,0.107142857,0.785714286,0.107142857,0,0
1084,1,0,0,0,0,0.696428571,0.196428571,0.089285714,0.017857143,0,0,0,0,0,0.133333333,0,0.033333333,0,0.833333333,1,0.056603774,0.830188679,0.113207547,0,0
1085,1,0,0,0,0,0.65,0.183333333,0.15,0.016666667,0,0,0,0,0,0.105263158,0,0.01754386,0,0.877192982,1,0.019230769,0.846153846,0.115384615,0,0.019230769
1086,1,0,0,0,0,0.684210526,0.192982456,0.105263158,0.01754386,0,0,0,0,0,0.018867925,0,0.037735849,0,0.943396226,1,0.152542373,0.745762712,0.101694915,0,0
1087,1,0,0,0,0,0.735849057,0.20754717,0.037735849,0.018867925,1,0,0,0,0,0.180327869,0.016393443,0,0.016393443,0.786885246,1,0.037735849,0.830188679,0.113207547,0,0.018867925
1088,0.95,0,0,0.05,0,0.629032258,0.161290323,0.193548387,0.016129032,0,0,1,0,0,0.037037037,0,0.037037037,0.018518519,0.907407407,1,0.019607843,0.862745098,0.098039216,0.019607843,0
1089,0.904761905,0,0,0.095238095,0,0.65,0.183333333,0.15,0.016666667,0,0,0,0,0,0.074074074,0,0,0,0.925925926,1,0.018867925,0.830188679,0.113207547,0,0.037735849
1090,1,0,0,0,0,0.672413793,0.189655172,0.120689655,0.017241379,1,0,0,0,0,0.118644068,0.016949153,0.033898305,0,0.830508475,1,0.019607843,0.862745098,0.117647059,0,0
1091,0.95,0,0,0.05,0,0.619047619,0.174603175,0.19047619,0.015873016,0,0,0,0,0,0.054545455,0,0.036363636,0,0.909090909,1,0,0.88,0.12,0,0
1092,1,0,0,0,0,0.65,0.183333333,0.15,0.016666667,1,0,0,0,0,0.054545455,0.018181818,0.036363636,0,0.890909091,1,0.056603774,0.830188679,0.113207547,0,0
1093,0.944444444,0,0,0.055555556,0,0.722222222,0.203703704,0.055555556,0.018518519,1,0,0,0,0,0.152542373,0.016949153,0,0.016949153,0.813559322,1,0.037735849,0.830188679,0.113207547,0,0.018867925
1094,1,0,0,0,0,0.709090909,0.2,0.072727273,0.018181818,1,0,0,0,0,0.074074074,0.018518519,0,0,0.907407407,1,0.118644068,0.745762712,0.101694915,0,0.033898305
1095,1,0,0,0,0,0.696428571,0.196428571,0.089285714,0.017857143,1,0,0,0,0,0.038461538,0.115384615,0,0,0.846153846,1,0.054545455,0.8,0.109090909,0,0.036363636
1096,1,0,0,0,0,0.6,0.169230769,0.215384615,0.015384615,1,0,0,0,0,0.019607843,0.019607843,0,0.019607843,0.941176471,1,0,0.862745098,0.117647059,0,0.019607843
1097,1,0,0,0,0,0.735849057,0.20754717,0.037735849,0.018867925,0,0,0,0,0,0.122807018,0,0,0,0.877192982,1,0.118644068,0.745762712,0.101694915,0,0.033898305
1098,1,0,0,0,0,0.75,0.211538462,0.019230769,0.019230769,0,0,0,0,0,0.177419355,0,0.016129032,0,0.806451613,1,0.072727273,0.8,0.109090909,0,0.018181818
1099,0.95,0,0,0.05,0,0.672413793,0.189655172,0.120689655,0.017241379,0,0,0,0,0,0.038461538,0,0,0,0.961538462,1,0.103448276,0.75862069,0.103448276,0,0.034482759
1100,1,0,0,0,0,0.639344262,0.180327869,0.163934426,0.016393443,0,0,0,0,0,0.037735849,0,0.018867925,0,0.943396226,1,0.072727273,0.8,0.109090909,0,0.018181818
1101,1,0,0,0,0,0.735849057,0.20754717,0.037735849,0.018867925,1,0,0,0,0,0.180327869,0,0,0.016393443,0.803278689,1,0.055555556,0.814814815,0.111111111,0,0.018518519
1102,1,0,0,0,0,0.696428571,0.196428571,0.089285714,0.017857143,0.833333333,0,0,0.166666667,0,0.071428571,0.089285714,0.035714286,0,0.803571429,1,0.019607843,0.862745098,0.117647059,0,0
1103,1,0,0,0,0,0.65,0.183333333,0.15,0.016666667,1,0,0,0,0,0.072727273,0.018181818,0.018181818,0,0.890909091,1,0.037735849,0.830188679,0.113207547,0,0.018867925
1104,1,0,0,0,0,0.672413793,0.189655172,0.120689655,0.017241379,0.666666667,0,0,0.333333333,0,0.074074074,0.037037037,0,0,0.888888889,1,0.037037037,0.814814815,0.111111111,0,0.037037037
1105,0.833333333,0.111111111,0,0.055555556,0.036363636,0.672727273,0.2,0.036363636,0.054545455,1,0,0,0,0,0.056603774,0.018867925,0,0.018867925,0.905660377,1,0.120689655,0.75862069,0.103448276,0,0.017241379
1106,1,0,0,0,0.02,0.76,0.2,0.02,0,0,0.333333333,0.333333333,0.333333333,0,0.161290323,0.032258065,0.032258065,0,0.774193548,1,0.074074074,0.796296296,0.111111111,0.018518519,0
1107,0.941176471,0,0,0.058823529,0.01754386,0.666666667,0.192982456,0.122807018,0,0.666666667,0.333333333,0,0,0,0.037037037,0.055555556,0.037037037,0,0.87037037,1,0.074074074,0.814814815,0.111111111,0,0
1108,0.933333333,0,0,0.066666667,0,0.722222222,0.203703704,0.055555556,0.018518519,1,0,0,0,0,0.105263158,0.070175439,0.01754386,0.01754386,0.789473684,1,0.038461538,0.846153846,0.115384615,0,0
1109,1,0,0,0,0,0.65,0.183333333,0.15,0.016666667,0.75,0,0,0,0.25,0.038461538,0.057692308,0,0,0.903846154,1,0.018867925,0.830188679,0.113207547,0,0.037735849
1110,0.95,0,0,0.05,0,0.6,0.169230769,0.215384615,0.015384615,0,0,0,0,0,0,0,0.038461538,0,0.961538462,1,0.019607843,0.862745098,0.117647059,0,0
1111,0.95,0,0,0.05,0,0.661016949,0.186440678,0.13559322,0.016949153,0,0,0,0,0,0,0,0.038461538,0,0.961538462,1,0.122807018,0.771929825,0.105263158,0,0
1112,1,0,0,0,0,0.619047619,0.174603175,0.19047619,0.015873016,1,0,0,0,0,0.019230769,0,0.019230769,0.019230769,0.942307692,1,0.056603774,0.830188679,0.113207547,0,0
1113,0.9,0,0,0.1,0,0.684210526,0.192982456,0.105263158,0.01754386,1,0,0,0,0,0.056603774,0,0,0.018867925,0.924528302,1,0.089285714,0.785714286,0.107142857,0,0.017857143
1114,0.944444444,0.055555556,0,0,0.01754386,0.666666667,0.192982456,0.122807018,0,1,0,0,0,0,0.152542373,0.016949153,0,0,0.830508475,1,0,0.846153846,0.115384615,0,0.038461538
1115,0.95,0,0,0.05,0,0.709090909,0.2,0.072727273,0.018181818,0,0,0,0,0,0.107142857,0,0,0,0.892857143,1,0.087719298,0.771929825,0.105263158,0,0.035087719
1116,0.947368421,0,0,0.052631579,0,0.75,0.211538462,0.019230769,0.019230769,1,0,0,0,0,0.090909091,0.018181818,0,0,0.890909091,1,0.133333333,0.733333333,0.1,0,0.033333333
1117,0.9375,0,0,0.0625,0,0.696428571,0.196428571,0.089285714,0.017857143,0.8,0,0,0.2,0,0.055555556,0.055555556,0.018518519,0.018518519,0.851851852,1,0.056603774,0.830188679,0.113207547,0,0
1118,0.941176471,0,0,0.058823529,0,0.65,0.183333333,0.15,0.016666667,0.75,0,0,0.25,0,0.019230769,0.057692308,0.019230769,0,0.903846154,1,0.019230769,0.846153846,0.115384615,0,0.019230769
1119,0.923076923,0.076923077,0,0,0,0.703703704,0.203703704,0.074074074,0.018518519,1,0,0,0,0,0.107142857,0.089285714,0,0.035714286,0.767857143,1,0.038461538,0.826923077,0.115384615,0.019230769,0
1120,1,0,0,0,0,0.75,0.211538462,0.019230769,0.019230769,1,0,0,0,0,0.074074074,0.185185185,0,0,0.740740741,1,0.018867925,0.830188679,0.113207547,0,0.037735849
1121,1,0,0,0,0.019230769,0.730769231,0.211538462,0.038461538,0,0.9,0.1,0,0,0,0,0.16,0,0.04,0.8,1,0.122807018,0.771929825,0.105263158,0,0
1122,0.888888889,0,0,0.111111111,0,0.722222222,0.203703704,0.055555556,0.018518519,1,0,0,0,0,0,0.18,0,0.04,0.78,1,0.056603774,0.830188679,0.113207547,0,0
1123,1,0,0,0,0,0.672413793,0.189655172,0.120689655,0.017241379,1,0,0,0,0,0,0.08,0,0,0.92,1,0.087719298,0.771929825,0.105263158,0,0.035087719
1124,0.947368421,0,0,0.052631579,0,0.696428571,0.196428571,0.089285714,0.017857143,1,0,0,0,0,0.037735849,0,0.018867925,0.018867925,0.924528302,1,0.137931034,0.75862069,0.103448276,0,0
1125,1,0,0,0,0,0.696428571,0.196428571,0.089285714,0.017857143,1,0,0,0,0,0,0.04,0,0,0.96,1,0.147540984,0.721311475,0.098360656,0,0.032786885
1126,1,0,0,0,0,0.696428571,0.196428571,0.089285714,0.017857143,0.8,0,0,0,0.2,0,0.08,0,0,0.92,1,0.103448276,0.75862069,0.103448276,0,0.034482759
1127,0.95,0,0,0.05,0,0.65,0.183333333,0.15,0.016666667,0,0,0,0,0,0.038461538,0,0,0,0.961538462,1,0.071428571,0.785714286,0.107142857,0,0.035714286
1128,1,0,0,0,0,0.661016949,0.186440678,0.13559322,0.016949153,0,0,0,0,0,0.105263158,0,0.01754386,0,0.877192982,1,0.037735849,0.830188679,0.113207547,0,0.018867925
1129,1,0,0,0,0,0.696428571,0.196428571,0.089285714,0.017857143,0,0,0,0,0,0.087719298,0,0.035087719,0,0.877192982,1,0.107142857,0.785714286,0.107142857,0,0
1130,0.947368421,0,0,0.052631579,0,0.709090909,0.2,0.072727273,0.018181818,1,0,0,0,0,0.055555556,0.018518519,0.018518519,0,0.907407407,1,0.120689655,0.75862069,0.103448276,0,0.017241379
1131,0.947368421,0,0,0.052631579,0,0.661016949,0.186440678,0.13559322,0.016949153,1,0,0,0,0,0.072727273,0.018181818,0.018181818,0,0.890909091,1,0.037735849,0.830188679,0.113207547,0,0.018867925
1132,0.947368421,0,0,0.052631579,0,0.629032258,0.177419355,0.177419355,0.016129032,1,0,0,0,0,0.055555556,0.018518519,0.018518519,0,0.907407407,1,0,0.862745098,0.117647059,0,0.019607843
1133,0.944444444,0.055555556,0,0,0.016129032,0.612903226,0.177419355,0.193548387,0,1,0,0,0,0,0.038461538,0.019230769,0,0,0.942307692,1,0.037037037,0.814814815,0.111111111,0,0.037037037
1134,0.947368421,0,0,0.052631579,0,0.629032258,0.177419355,0.177419355,0.016129032,1,0,0,0,0,0.056603774,0,0,0.018867925,0.924528302,1,0.019230769,0.846153846,0.115384615,0,0.019230769
1135,0.95,0,0,0.05,0,0.672413793,0.189655172,0.120689655,0.017241379,0,0,0,0,0,0.089285714,0,0.017857143,0,0.892857143,1,0.055555556,0.814814815,0.111111111,0,0.018518519
1136,0.95,0,0,0.05,0,0.722222222,0.203703704,0.055555556,0.018518519,0,0,0,0,0,0.054545455,0,0.036363636,0,0.909090909,1,0.152542373,0.745762712,0.101694915,0,0
1137,0.944444444,0.055555556,0,0,0.018518519,0.703703704,0.203703704,0.074074074,0,1,0,0,0,0,0,0.019607843,0.019607843,0,0.960784314,1,0.19047619,0.698412698,0.095238095,0,0.015873016
1138,1,0,0,0,0,0.684210526,0.192982456,0.105263158,0.01754386,1,0,0,0,0,0.118644068,0.016949153,0.033898305,0,0.830508475,1,0.038461538,0.846153846,0.115384615,0,0
1139,1,0,0,0,0,0.661016949,0.186440678,0.13559322,0.016949153,0,0,0,0,0,0.054545455,0,0.036363636,0,0.909090909,1,0.090909091,0.8,0.109090909,0,0
1140,0.904761905,0,0,0.095238095,0,0.696428571,0.196428571,0.089285714,0.017857143,0,0,0,0,0,0.087719298,0,0.035087719,0,0.877192982,1,0.074074074,0.814814815,0.111111111,0,0
1141,1,0,0,0,0,0.696428571,0.196428571,0.089285714,0.017857143,0,0,0,0,0,0.13559322,0,0.016949153,0,0.847457627,1,0.055555556,0.814814815,0.111111111,0,0.018518519
1142,0.944444444,0,0,0.055555556,0,0.722222222,0.203703704,0.055555556,0.018518519,1,0,0,0,0,0.090909091,0,0,0.036363636,0.872727273,1,0.122807018,0.771929825,0.105263158,0,0
1143,0.944444444,0,0,0.055555556,0,0.672413793,0.189655172,0.120689655,0.017241379,1,0,0,0,0,0.071428571,0.035714286,0.035714286,0,0.857142857,1,0.038461538,0.846153846,0.115384615,0,0
1144,1,0,0,0,0,0.6,0.169230769,0.215384615,0.015384615,1,0,0,0,0,0,0.039215686,0.019607843,0,0.941176471,1,0,0.862745098,0.117647059,0,0.019607843
1145,1,0,0,0,0,0.722222222,0.203703704,0.055555556,0.018518519,1,0,0,0,0,0.055555556,0.018518519,0.018518519,0,0.907407407,1,0.15,0.733333333,0.1,0,0.016666667
1146,0.933333333,0,0,0.066666667,0,0.661016949,0.186440678,0.13559322,0.016949153,1,0,0,0,0,0.037735849,0.094339623,0.018867925,0,0.849056604,1,0,0.862745098,0.117647059,0,0.019607843
1147,0.9375,0,0,0.0625,0,0.696428571,0.196428571,0.089285714,0.017857143,0.8,0,0,0.2,0,0.090909091,0.054545455,0,0.018181818,0.836363636,1,0.019230769,0.846153846,0.115384615,0,0.019230769
1148,0.894736842,0,0,0.105263158,0,0.696428571,0.196428571,0.089285714,0.017857143,1,0,0,0,0,0.087719298,0.035087719,0.035087719,0,0.842105263,1,0.038461538,0.846153846,0.115384615,0,0
1149,1,0,0,0,0,0.696428571,0.196428571,0.089285714,0.017857143,1,0,0,0,0,0.089285714,0.107142857,0.017857143,0.017857143,0.767857143,1,0,0.88,0.12,0,0
1150,0.904761905,0,0,0.095238095,0,0.672413793,0.189655172,0.120689655,0.017241379,0,0,0,0,0,0.105263158,0,0.01754386,0,0.877192982,1,0.019230769,0.846153846,0.115384615,0,0.019230769
1151,0.9375,0,0,0.0625,0,0.661016949,0.186440678,0.13559322,0.016949153,1,0,0,0,0,0,0.058823529,0.019607843,0.019607843,0.901960784,1,0.074074074,0.814814815,0.111111111,0,0
1152,0.95,0,0,0.05,0,0.684210526,0.192982456,0.105263158,0.01754386,0,0,0,0,0,0.089285714,0,0.017857143,0,0.892857143,1,0.072727273,0.8,0.109090909,0,0.018181818
1153,0.9375,0,0,0.0625,0,0.696428571,0.196428571,0.089285714,0.017857143,1,0,0,0,0,0,0.06,0,0.02,0.92,1,0.120689655,0.75862069,0.103448276,0,0.017241379
1154,1,0,0,0,0,0.672413793,0.189655172,0.120689655,0.017241379,0,0,0,0,0,0.122807018,0,0,0,0.877192982,1,0.037037037,0.814814815,0.111111111,0,0.037037037
1155,1,0,0,0,0,0.722222222,0.203703704,0.055555556,0.018518519,0.888888889,0,0,0,0.111111111,0.019607843,0.156862745,0,0,0.823529412,1,0.054545455,0.8,0.109090909,0,0.036363636
1156,1,0,0,0,0,0.661016949,0.186440678,0.13559322,0.016949153,0.5,0,0,0.5,0,0.055555556,0.018518519,0.018518519,0,0.907407407,1,0.055555556,0.814814815,0.111111111,0,0.018518519
1157,0.944444444,0,0,0.055555556,0,0.684210526,0.192982456,0.105263158,0.01754386,1,0,0,0,0,0,0.02,0,0.02,0.96,1,0.13559322,0.745762712,0.101694915,0,0.016949153
1158,1,0,0,0,0,0.709090909,0.2,0.072727273,0.018181818,1,0,0,0,0,0.074074074,0.037037037,0,0,0.888888889,1,0.103448276,0.75862069,0.103448276,0,0.034482759
1159,1,0,0,0,0,0.65,0.183333333,0.15,0.016666667,0,0,0,0,0,0.055555556,0,0.018518519,0,0.925925926,1,0.072727273,0.8,0.109090909,0,0.018181818
1160,0.95,0,0,0.05,0,0.639344262,0.180327869,0.163934426,0.016393443,0,0,0,0,0,0.054545455,0,0.036363636,0,0.909090909,1,0.038461538,0.846153846,0.115384615,0,0
1161,1,0,0,0,0,0.672413793,0.189655172,0.120689655,0.017241379,0,0,0,0,0,0.018867925,0,0.037735849,0,0.943396226,1,0.137931034,0.75862069,0.103448276,0,0
1162,1,0,0,0,0,0.661016949,0.186440678,0.13559322,0.016949153,0,0,0,0,0,0.087719298,0,0.035087719,0,0.877192982,1,0.056603774,0.830188679,0.113207547,0,0
1163,1,0,0,0,0,0.735849057,0.20754717,0.037735849,0.018867925,0,0,0,0,0,0.152542373,0,0,0,0.847457627,1,0.087719298,0.771929825,0.105263158,0,0.035087719
1164,1,0,0,0,0,0.709090909,0.2,0.072727273,0.018181818,1,0,0,0,0,0.074074074,0.037037037,0,0,0.888888889,1,0.103448276,0.75862069,0.103448276,0,0.034482759
1165,1,0,0,0,0,0.672413793,0.189655172,0.120689655,0.017241379,1,0,0,0,0,0.118644068,0.016949153,0.033898305,0,0.830508475,1,0.019607843,0.862745098,0.117647059,0,0
1166,1,0,0,0,0.016666667,0.633333333,0.183333333,0.15,0.016666667,0.75,0.25,0,0,0,0.056603774,0.056603774,0,0.018867925,0.867924528,1,0,0.865384615,0.096153846,0,0.038461538
1167,1,0,0,0,0,0.684210526,0.192982456,0.105263158,0.01754386,0.833333333,0,0,0.166666667,0,0.055555556,0.074074074,0.018518519,0.018518519,0.833333333,1,0.038461538,0.846153846,0.115384615,0,0
1168,1,0,0,0,0,0.609375,0.171875,0.203125,0.015625,0,0,0,0,0,0,0,0.038461538,0,0.961538462,1,0.056603774,0.830188679,0.113207547,0,0
1169,1,0,0,0,0,0.639344262,0.180327869,0.163934426,0.016393443,0,0,0,0,0,0,0,0.038461538,0,0.961538462,1,0.107142857,0.785714286,0.107142857,0,0
1170,1,0,0,0,0,0.65,0.183333333,0.15,0.016666667,0,0,0,0,0,0.018867925,0,0.037735849,0,0.943396226,1,0.107142857,0.785714286,0.107142857,0,0
1171,1,0,0,0,0,0.696428571,0.196428571,0.089285714,0.017857143,0,0,0,0,0,0.107142857,0,0,0,0.892857143,1,0.087719298,0.771929825,0.105263158,0,0.035087719
1172,1,0,0,0,0,0.65,0.183333333,0.15,0.016666667,0,0,0,0,0,0,0,0.019607843,0,0.980392157,1,0.120689655,0.75862069,0.103448276,0,0.017241379
1173,1,0,0,0,0,0.661016949,0.186440678,0.13559322,0.016949153,1,0,0,0,0,0.072727273,0.018181818,0.018181818,0,0.890909091,1,0.055555556,0.814814815,0.111111111,0,0.018518519
1174,1,0,0,0,0,0.672413793,0.189655172,0.120689655,0.017241379,0.8,0,0,0,0.2,0.055555556,0.074074074,0.018518519,0,0.851851852,1,0.019230769,0.846153846,0.115384615,0,0.019230769
1175,0.916666667,0,0,0.083333333,0,0.696428571,0.196428571,0.089285714,0.017857143,0.888888889,0,0,0,0.111111111,0.019607843,0.117647059,0,0.039215686,0.823529412,1,0.038461538,0.846153846,0.115384615,0,0
1176,1,0,0,0,0,0.75,0.211538462,0.019230769,0.019230769,0.857142857,0,0,0.142857143,0,0.019230769,0.096153846,0.019230769,0.019230769,0.846153846,1,0.137931034,0.75862069,0.103448276,0,0
1177,1,0,0,0,0,0.684210526,0.192982456,0.105263158,0.01754386,1,0,0,0,0,0.038461538,0.038461538,0,0,0.923076923,1,0.103448276,0.75862069,0.103448276,0,0.034482759
1178,1,0,0,0,0,0.672413793,0.189655172,0.120689655,0.017241379,0,0,0,0,0,0.133333333,0,0.033333333,0,0.833333333,1,0.019607843,0.862745098,0.117647059,0,0
1179,1,0,0,0,0,0.684210526,0.192982456,0.105263158,0.01754386,0,0,0,0,0,0.133333333,0,0.033333333,0,0.833333333,1,0.038461538,0.846153846,0.115384615,0,0
1180,1,0,0,0,0,0.735849057,0.20754717,0.037735849,0.018867925,1,0,0,0,0,0.107142857,0.125,0,0,0.767857143,1,0.018867925,0.830188679,0.113207547,0,0.037735849
1181,1,0,0,0,0,0.696428571,0.196428571,0.089285714,0.017857143,1,0,0,0,0,0.089285714,0.017857143,0.017857143,0.017857143,0.857142857,1,0.090909091,0.8,0.109090909,0,0
1182,1,0,0,0,0,0.672413793,0.189655172,0.120689655,0.017241379,1,0,0,0,0,0,0.098039216,0.019607843,0,0.882352941,1,0.072727273,0.8,0.109090909,0,0.018181818
1183,0.944444444,0,0,0.055555556,0,0.661016949,0.186440678,0.13559322,0.016949153,1,0,0,0,0,0.019607843,0.039215686,0,0,0.941176471,1,0.071428571,0.785714286,0.107142857,0,0.035714286
1184,0.947368421,0,0,0.052631579,0,0.661016949,0.186440678,0.13559322,0.016949153,1,0,0,0,0,0,0,0,0.02,0.98,1,0.120689655,0.75862069,0.103448276,0,0.017241379
1185,1,0,0,0,0,0.672413793,0.189655172,0.120689655,0.017241379,1,0,0,0,0,0.055555556,0.018518519,0.018518519,0,0.907407407,1,0.089285714,0.785714286,0.107142857,0,0.017857143
1186,1,0,0,0,0,0.735849057,0.20754717,0.037735849,0.018867925,0.75,0,0,0,0.25,0.054545455,0.054545455,0.036363636,0,0.854545455,1,0.122807018,0.771929825,0.105263158,0,0
1187,1,0,0,0,0,0.672413793,0.189655172,0.120689655,0.017241379,1,0,0,0,0,0.038461538,0.019230769,0,0,0.942307692,1,0.103448276,0.75862069,0.103448276,0,0.034482759
1188,1,0,0,0,0,0.709090909,0.2,0.072727273,0.018181818,1,0,0,0,0,0.019607843,0.019607843,0,0,0.960784314,1,0.161290323,0.709677419,0.096774194,0,0.032258065
1189,1,0,0,0,0,0.722222222,0.203703704,0.055555556,0.018518519,1,0,0,0,0,0.018867925,0.018867925,0.037735849,0,0.924528302,1,0.180327869,0.721311475,0.098360656,0,0
1190,1,0,0,0,0,0.709090909,0.2,0.072727273,0.018181818,0,0,0,0,0,0.071428571,0,0.035714286,0,0.892857143,1,0.137931034,0.75862069,0.103448276,0,0
1191,1,0,0,0,0,0.722222222,0.203703704,0.055555556,0.018518519,0,0,0,0,0,0.120689655,0,0.017241379,0,0.862068966,1,0.105263158,0.771929825,0.105263158,0,0.01754386
1192,0.947368421,0,0,0.052631579,0,0.75,0.211538462,0.019230769,0.019230769,1,0,0,0,0,0.15,0.016666667,0.016666667,0,0.816666667,1,0.072727273,0.8,0.109090909,0,0.018181818
1193,0.944444444,0,0,0.055555556,0,0.75,0.211538462,0.019230769,0.019230769,1,0,0,0,0,0.180327869,0.032786885,0,0,0.786885246,1,0.018867925,0.830188679,0.113207547,0,0.037735849
1194,0.95,0,0,0.05,0,0.735849057,0.20754717,0.037735849,0.018867925,0,0,0,0,0,0.2,0,0.030769231,0,0.769230769,1,0,0.88,0.12,0,0
1195,0.95,0,0,0.05,0,0.722222222,0.203703704,0.055555556,0.018518519,0,0,0,0,0,0.177419355,0,0.016129032,0,0.806451613,1,0.019230769,0.846153846,0.115384615,0,0.019230769
1196,1,0,0,0,0,0.735849057,0.20754717,0.037735849,0.018867925,0.8,0,0,0,0.2,0.087719298,0.070175439,0.035087719,0,0.807017544,1,0.074074074,0.814814815,0.111111111,0,0
1197,1,0,0,0,0,0.709090909,0.2,0.072727273,0.018181818,0,0,0,0,0,0.120689655,0,0.017241379,0,0.862068966,1,0.089285714,0.785714286,0.107142857,0,0.017857143
1198,0.875,0,0,0.125,0,0.672413793,0.189655172,0.120689655,0.017241379,1,0,0,0,0,0,0.06,0,0.04,0.9,1,0.074074074,0.814814815,0.111111111,0,0
1199,0.904761905,0,0,0.095238095,0,0.730769231,0.211538462,0.038461538,0.019230769,0,1,0,0,0,0.118644068,0,0.033898305,0.016949153,0.830508475,1,0.090909091,0.8,0.090909091,0.018181818,0
1200,0.894736842,0,0.052631579,0.052631579,0,0.722222222,0.185185185,0.074074074,0.018518519,1,0,0,0,0,0.105263158,0.01754386,0.01754386,0.01754386,0.842105263,1,0.090909091,0.781818182,0.109090909,0.018181818,0
1201,1,0,0,0,0,0.684210526,0.192982456,0.105263158,0.01754386,0.75,0,0,0,0.25,0.054545455,0.054545455,0.036363636,0,0.854545455,1,0.056603774,0.830188679,0.113207547,0,0
1202,1,0,0,0,0,0.661016949,0.186440678,0.13559322,0.016949153,0,0,0,0,0,0.072727273,0,0.018181818,0,0.909090909,1,0.072727273,0.8,0.109090909,0,0.018181818
1203,1,0,0,0,0,0.65,0.183333333,0.15,0.016666667,0,0,0,0,0,0.105263158,0,0.01754386,0,0.877192982,1,0.019230769,0.846153846,0.115384615,0,0.019230769
1204,1,0,0,0,0,0.709090909,0.2,0.072727273,0.018181818,1,0,0,0,0,0.177419355,0.016129032,0.016129032,0.016129032,0.774193548,1,0,0.88,0.12,0,0
1205,1,0,0,0,0,0.75,0.211538462,0.019230769,0.019230769,0,0,0,0,0,0.107142857,0,0,0,0.892857143,1,0.147540984,0.721311475,0.098360656,0,0.032786885
1206,0.944444444,0,0,0.055555556,0,0.709090909,0.2,0.072727273,0.018181818,1,0,0,0,0,0.107142857,0.035714286,0,0,0.857142857,1,0.054545455,0.8,0.109090909,0,0.036363636
1207,1,0,0,0,0,0.696428571,0.196428571,0.089285714,0.017857143,0.75,0,0,0,0.25,0.074074074,0.055555556,0,0,0.87037037,1,0.054545455,0.8,0.109090909,0,0.036363636
1208,1,0,0,0,0,0.696428571,0.196428571,0.089285714,0.017857143,0.833333333,0,0,0.166666667,0,0,0.098039216,0.019607843,0,0.882352941,1,0.089285714,0.785714286,0.107142857,0,0.017857143
1209,1,0,0,0,0,0.661016949,0.186440678,0.13559322,0.016949153,0,0,0,0,0,0.056603774,0,0,0,0.943396226,1,0.087719298,0.771929825,0.105263158,0,0.035087719
1210,0.944444444,0,0,0.055555556,0,0.696428571,0.196428571,0.089285714,0.017857143,1,0,0,0,0,0.133333333,0.033333333,0.033333333,0,0.8,1,0,0.88,0.12,0,0
1211,0.9,0,0,0.1,0,0.672413793,0.189655172,0.120689655,0.017241379,1,0,0,0,0,0.072727273,0,0.018181818,0.018181818,0.890909091,1,0.056603774,0.830188679,0.113207547,0,0
1212,1,0,0,0,0,0.672413793,0.189655172,0.120689655,0.017241379,1,0,0,0,0,0,0.019607843,0.019607843,0,0.960784314,1,0.13559322,0.745762712,0.101694915,0,0.016949153
1213,0.916666667,0,0,0.083333333,0,0.696428571,0.196428571,0.089285714,0.017857143,1,0,0,0,0,0,0.12,0,0.04,0.84,1,0.074074074,0.814814815,0.111111111,0,0
1214,1,0,0,0,0,0.696428571,0.196428571,0.089285714,0.017857143,1,0,0,0,0,0.037735849,0,0.018867925,0.018867925,0.924528302,1,0.152542373,0.745762712,0.101694915,0,0
1215,1,0,0,0,0,0.612903226,0.177419355,0.193548387,0.016129032,0,1,0,0,0,0.019230769,0,0.019230769,0.019230769,0.942307692,1,0.055555556,0.814814815,0.092592593,0.018518519,0.018518519
1216,1,0,0,0,0,0.672413793,0.189655172,0.120689655,0.017241379,1,0,0,0,0,0.074074074,0.018518519,0,0,0.907407407,1,0.071428571,0.785714286,0.107142857,0,0.035714286
1217,0.857142857,0.095238095,0,0.047619048,0.018867925,0.698113208,0.20754717,0.075471698,0,0,0,0,0,0,0.074074074,0,0,0,0.925925926,1,0.147540984,0.704918033,0.098360656,0.016393443,0.032786885
1218,1,0,0,0,0,0.684210526,0.192982456,0.105263158,0.01754386,1,0,0,0,0,0.090909091,0,0,0.036363636,0.872727273,1,0.090909091,0.8,0.109090909,0,0
1219,1,0,0,0,0,0.709090909,0.2,0.072727273,0.018181818,1,0,0,0,0,0.019230769,0.019230769,0.019230769,0,0.942307692,1,0.163934426,0.721311475,0.098360656,0,0.016393443
1220,0.947368421,0,0,0.052631579,0,0.696428571,0.196428571,0.089285714,0.017857143,1,0,0,0,0,0.055555556,0.018518519,0.018518519,0,0.907407407,1,0.105263158,0.771929825,0.105263158,0,0.01754386
1221,1,0,0,0,0,0.672413793,0.189655172,0.120689655,0.017241379,0,0,0,0,0,0,0,0.019607843,0,0.980392157,1,0.15,0.733333333,0.1,0,0.016666667
1222,1,0,0,0,0,0.639344262,0.180327869,0.163934426,0.016393443,0,0,0,0,0,0,0,0,0,1,1,0.103448276,0.75862069,0.103448276,0,0.034482759
1223,1,0,0,0,0,0.684210526,0.192982456,0.105263158,0.01754386,0,0,0,0,0,0,0,0,0,1,1,0.161290323,0.709677419,0.096774194,0,0.032258065
1224,0.95,0,0,0.05,0,0.672413793,0.189655172,0.120689655,0.017241379,0,0,0,0,0,0,0,0,0,1,1,0.133333333,0.733333333,0.1,0,0.033333333
1225,0.894736842,0.052631579,0.052631579,0,0.035087719,0.666666667,0.175438596,0.087719298,0.035087719,0,0,0,0,0,0.13559322,0,0.016949153,0,0.847457627,1,0.018867925,0.830188679,0.113207547,0,0.037735849
1226,0.9,0,0,0.1,0,0.672413793,0.189655172,0.120689655,0.017241379,1,0,0,0,0,0,0,0.019607843,0.019607843,0.960784314,1,0.122807018,0.771929825,0.105263158,0,0
1227,0.947368421,0,0,0.052631579,0,0.722222222,0.203703704,0.055555556,0.018518519,1,0,0,0,0,0.019230769,0,0.019230769,0.019230769,0.942307692,1,0.180327869,0.721311475,0.098360656,0,0
1228,0.904761905,0,0,0.095238095,0,0.722222222,0.203703704,0.055555556,0.018518519,0,0,0,0,0,0.071428571,0,0.035714286,0,0.892857143,1,0.122807018,0.771929825,0.105263158,0,0
1229,1,0,0,0,0,0.684210526,0.192982456,0.105263158,0.01754386,0,0,0,0,0,0.103448276,0,0.034482759,0,0.862068966,1,0.074074074,0.814814815,0.111111111,0,0
1230,1,0,0,0,0,0.661016949,0.186440678,0.13559322,0.016949153,0.666666667,0,0,0.333333333,0,0.019607843,0.039215686,0,0.039215686,0.901960784,1,0.056603774,0.830188679,0.113207547,0,0
1231,1,0,0,0,0,0.75,0.211538462,0.019230769,0.019230769,1,0,0,0,0,0.122807018,0.01754386,0,0,0.859649123,1,0.118644068,0.745762712,0.101694915,0,0.033898305
1232,0.944444444,0,0,0.055555556,0,0.696428571,0.196428571,0.089285714,0.017857143,1,0,0,0,0,0.105263158,0.01754386,0.01754386,0.01754386,0.842105263,1,0.056603774,0.830188679,0.113207547,0,0
1233,1,0,0,0,0,0.661016949,0.186440678,0.13559322,0.016949153,0.5,0,0,0.5,0,0.054545455,0.018181818,0.036363636,0,0.890909091,1,0.056603774,0.830188679,0.113207547,0,0
1234,0.947368421,0,0,0.052631579,0,0.709090909,0.2,0.072727273,0.018181818,1,0,0,0,0,0.152542373,0.016949153,0,0,0.830508475,1,0.018867925,0.830188679,0.113207547,0,0.037735849
1235,0.944444444,0,0,0.055555556,0,0.672413793,0.189655172,0.120689655,0.017241379,1,0,0,0,0,0.072727273,0.018181818,0.018181818,0.018181818,0.872727273,1,0.056603774,0.830188679,0.113207547,0,0
1236,1,0,0,0,0,0.672413793,0.189655172,0.120689655,0.017241379,0,0,0,0,0,0.072727273,0,0.018181818,0,0.909090909,1,0.089285714,0.785714286,0.107142857,0,0.017857143
1237,1,0,0,0,0,0.684210526,0.192982456,0.105263158,0.01754386,0,0,0,0,0,0.089285714,0,0.017857143,0,0.892857143,1,0.089285714,0.785714286,0.107142857,0,0.017857143
1238,1,0,0,0,0,0.639344262,0.180327869,0.163934426,0.016393443,0,0,0,0,0,0.072727273,0,0.018181818,0,0.909090909,1,0.037735849,0.830188679,0.113207547,0,0.018867925
1239,0.947368421,0,0,0.052631579,0,0.696428571,0.196428571,0.089285714,0.017857143,1,0,0,0,0,0.107142857,0,0,0.017857143,0.875,1,0.072727273,0.8,0.109090909,0,0.018181818
1240,1,0,0,0,0,0.639344262,0.180327869,0.163934426,0.016393443,0,0,0,0,0,0.105263158,0,0.01754386,0,0.877192982,1,0,0.862745098,0.117647059,0,0.019607843
1241,1,0,0,0,0,0.619047619,0.174603175,0.19047619,0.015873016,1,0,0,0,0,0.038461538,0.038461538,0,0.038461538,0.884615385,1,0,0.88,0.12,0,0
1242,1,0,0,0,0,0.629032258,0.177419355,0.177419355,0.016129032,0,0,0,0,0,0.019230769,0,0.019230769,0,0.961538462,1,0.072727273,0.8,0.109090909,0,0.018181818
1243,1,0,0,0,0,0.684210526,0.192982456,0.105263158,0.01754386,0,0,0,0,0,0.133333333,0,0.033333333,0,0.833333333,1,0.038461538,0.846153846,0.115384615,0,0
1244,1,0,0,0,0,0.661016949,0.186440678,0.13559322,0.016949153,0,0,0,0,0,0.133333333,0,0.033333333,0,0.833333333,1,0,0.88,0.12,0,0
1245,1,0,0,0,0,0.619047619,0.174603175,0.19047619,0.015873016,0,0,0,0,0,0.054545455,0,0.036363636,0,0.909090909,1,0.019607843,0.862745098,0.117647059,0,0
1246,1,0,0,0,0,0.639344262,0.180327869,0.163934426,0.016393443,0.8,0,0,0,0.2,0.019607843,0.058823529,0,0.019607843,0.901960784,1,0.019230769,0.846153846,0.115384615,0,0.019230769
1247,1,0,0,0,0,0.639344262,0.180327869,0.163934426,0.016393443,0,0,0,0,0,0.074074074,0,0,0,0.925925926,1,0.037037037,0.814814815,0.111111111,0,0.037037037
1248,1,0,0,0,0,0.75,0.211538462,0.019230769,0.019230769,0.909090909,0,0,0,0.090909091,0.072727273,0.163636364,0.018181818,0.018181818,0.727272727,1,0.019607843,0.862745098,0.117647059,0,0
1249,1,0,0,0,0,0.735849057,0.188679245,0.056603774,0.018867925,0.714285714,0,0.142857143,0.142857143,0,0.105263158,0.105263158,0.01754386,0,0.771929825,1,0.019230769,0.826923077,0.115384615,0.019230769,0.019230769