,"('NPA', 'np')","('NPA', 'np1')","('NPA', 'np2')","('NPA', ('NPA', 'NPA'))","('NPO', 'np')","('NPO', 'np1')","('NPO', 'np2')","('NPO', ('NPA', 'NPO'))","('NPO', ('NPO', 'NPA'))","('NPS', 'np')","('NPS', 'np1')","('NPS', 'np2')","('NPS', ('NPA', 'NPS'))","('NPS', ('NPS', 'NPA'))","('S', ('NPA', 'S'))","('S', ('NPS', 'VP'))","('S', ('S', 'NPA'))","('S', ('VP', 'NPS'))","('S', ('VP',))","('V', 'v')","('VP', ('NPA', 'VP'))","('VP', ('NPO', 'V'))","('VP', ('V', 'NPO'))","('VP', ('V',))","('VP', ('VP', 'NPA'))"
0,0.894736842,0.105263158,0,0,0.035714286,0.660714286,0.196428571,0.107142857,0,0,0,0,0,0,0.161290323,0,0.032258065,0,0.806451613,1,0,0.882352941,0.098039216,0,0.019607843
1,1,0,0,0,0,0.709090909,0.2,0.072727273,0.018181818,1,0,0,0,0,0.107142857,0,0,0.017857143,0.875,1,0.105263158,0.771929825,0.105263158,0,0.01754386
2,1,0,0,0,0,0.629032258,0.177419355,0.177419355,0.016129032,1,0,0,0,0,0.038461538,0,0,0.038461538,0.923076923,1,0.056603774,0.830188679,0.113207547,0,0
3,1,0,0,0,0,0.696428571,0.196428571,0.089285714,0.017857143,1,0,0,0,0,0.089285714,0.089285714,0.017857143,0.017857143,0.785714286,1,0.019607843,0.862745098,0.117647059,0,0
4,1,0,0,0,0,0.661016949,0.186440678,0.13559322,0.016949153,0,0,0,0,0,0.087719298,0,0.035087719,0,0.877192982,1,0.056603774,0.830188679,0.113207547,0,0
5,1,0,0,0,0,0.709090909,0.2,0.072727273,0.018181818,0,0,0,0,0,0.037037037,0,0.037037037,0,0.925925926,1,0.166666667,0.733333333,0.1,0,0
6,1,0,0,0,0,0.684210526,0.192982456,0.105263158,0.01754386,1,0,0,0,0,0.019607843,0.019607843,0,0.019607843,0.941176471,1,0.13559322,0.745762712,0.101694915,0,0.016949153
7,0.947368421,0,0,0.052631579,0,0.696428571,0.196428571,0.089285714,0.017857143,1,0,0,0,0,0.038461538,0.019230769,0,0,0.942307692,1,0.118644068,0.745762712,0.101694915,0,0.033898305
8,1,0,0,0,0,0.639344262,0.180327869,0.163934426,0.016393443,1,0,0,0,0,0.037735849,0.018867925,0.018867925,0.018867925,0.905660377,1,0.056603774,0.830188679,0.113207547,0,0
9,1,0,0,0,0,0.629032258,0.177419355,0.177419355,0.016129032,0,0,0,0,0,0.037735849,0,0.018867925,0,0.943396226,1,0.055555556,0.814814815,0.111111111,0,0.018518519
10,1,0,0,0,0,0.619047619,0.174603175,0.19047619,0.015873016,0,0,0,0,0,0,0,0.038461538,0,0.961538462,1,0.074074074,0.814814815,0.111111111,0,0
11,1,0,0,0,0,0.639344262,0.180327869,0.163934426,0.016393443,1,0,0,0,0,0,0.039215686,0.019607843,0,0.941176471,1,0.072727273,0.8,0.109090909,0,0.018181818
12,0.95,0,0,0.05,0,0.696428571,0.196428571,0.089285714,0.017857143,0,0,0,0,0,0,0,0.019607843,0,0.980392157,1,0.163934426,0.721311475,0.098360656,0,0.016393443
13,1,0,0,0,0,0.75,0.211538462,0.019230769,0.019230769,0.833333333,0,0,0.166666667,0,0,0.098039216,0.019607843,0,0.882352941,1,0.15,0.733333333,0.1,0,0.016666667
14,0.95,0,0,0.05,0,0.661016949,0.186440678,0.13559322,0.016949153,0,0,0,0,0,0.037037037,0,0.037037037,0,0.925925926,1,0.090909091,0.8,0.109090909,0,0
15,1,0,0,0,0,0.703703704,0.203703704,0.074074074,0.018518519,0.333333333,0.333333333,0,0.333333333,0,0.122807018,0,0,0.035087719,0.842105263,1,0.072727273,0.8,0.090909091,0.018181818,0.018181818
16,0.904761905,0,0,0.095238095,0,0.709090909,0.2,0.072727273,0.018181818,0,0,0,0,0,0.105263158,0,0.01754386,0,0.877192982,1,0.072727273,0.8,0.109090909,0,0.018181818
17,0.95,0,0,0.05,0,0.672413793,0.189655172,0.120689655,0.017241379,0,0,0,0,0,0.056603774,0,0,0,0.943396226,1,0.087719298,0.771929825,0.105263158,0,0.035087719
18,1,0,0,0,0,0.672413793,0.189655172,0.120689655,0.017241379,0,0,0,0,0,0.038461538,0,0,0,0.961538462,1,0.118644068,0.745762712,0.101694915,0,0.033898305
19,1,0,0,0,0,0.619047619,0.174603175,0.19047619,0.015873016,0,0,0,0,0,0,0,0.038461538,0,0.961538462,1,0.074074074,0.814814815,0.111111111,0,0
20,1,0,0,0,0,0.684210526,0.192982456,0.105263158,0.01754386,0,0,0,0,0,0.038461538,0,0,0,0.961538462,1,0.133333333,0.733333333,0.1,0,0.033333333
21,1,0,0,0,0,0.639344262,0.180327869,0.163934426,0.016393443,0,0,0,0,0,0.090909091,0,0,0,0.909090909,1,0.018867925,0.830188679,0.113207547,0,0.037735849
22,1,0,0,0,0,0.684210526,0.192982456,0.105263158,0.01754386,1,0,0,0,0,0.056603774,0,0,0.037735849,0.905660377,1,0.122807018,0.771929825,0.105263158,0,0
23,0.95,0.05,0,0,0,0.745098039,0.215686275,0.019607843,0.019607843,0,0,0,0,0,0.163934426,0,0.016393443,0,0.819672131,1,0.087719298,0.771929825,0.087719298,0.01754386,0.035087719
24,1,0,0,0,0,0.709090909,0.2,0.072727273,0.018181818,1,0,0,0,0,0.174603175,0.015873016,0.031746032,0,0.777777778,1,0,0.88,0.12,0,0
25,1,0,0,0,0,0.696428571,0.196428571,0.089285714,0.017857143,1,0,0,0,0,0.13559322,0,0.016949153,0.016949153,0.830508475,1,0.056603774,0.830188679,0.113207547,0,0
26,1,0,0,0,0,0.684210526,0.192982456,0.105263158,0.01754386,1,0,0,0,0,0.122807018,0,0,0.01754386,0.859649123,1,0.055555556,0.814814815,0.111111111,0,0.018518519
27,0.95,0,0,0.05,0,0.684210526,0.192982456,0.105263158,0.01754386,0,0,0,0,0,0.054545455,0,0.036363636,0,0.909090909,1,0.107142857,0.785714286,0.107142857,0,0
28,1,0,0,0,0,0.672413793,0.189655172,0.120689655,0.017241379,0,0,0,0,0,0.137931034,0,0,0,0.862068966,1,0.018867925,0.830188679,0.113207547,0,0.037735849
29,0.944444444,0,0,0.055555556,0,0.639344262,0.180327869,0.163934426,0.016393443,1,0,0,0,0,0.074074074,0,0,0.037037037,0.888888889,1,0.019607843,0.862745098,0.117647059,0,0
30,1,0,0,0,0,0.684210526,0.192982456,0.105263158,0.01754386,0,0,0,0,0,0,0,0.019607843,0,0.980392157,1,0.163934426,0.721311475,0.098360656,0,0.016393443
31,1,0,0,0,0,0.709090909,0.2,0.072727273,0.018181818,0.666666667,0,0,0.333333333,0,0.056603774,0.037735849,0,0,0.905660377,1,0.103448276,0.75862069,0.103448276,0,0.034482759
32,1,0,0,0,0,0.709090909,0.2,0.072727273,0.018181818,0,0,0,0,0,0.122807018,0,0,0,0.877192982,1,0.087719298,0.771929825,0.105263158,0,0.035087719
33,1,0,0,0,0,0.629032258,0.177419355,0.177419355,0.016129032,0,0,0,0,0,0.019230769,0,0.019230769,0,0.961538462,1,0.072727273,0.8,0.109090909,0,0.018181818
34,1,0,0,0,0,0.629032258,0.177419355,0.177419355,0.016129032,0,0,0,0,0,0.055555556,0,0.018518519,0,0.925925926,1,0.037735849,0.830188679,0.113207547,0,0.018867925
35,0.95,0,0,0.05,0,0.684210526,0.192982456,0.105263158,0.01754386,0,0,0,0,0,0.152542373,0,0,0,0.847457627,1,0,0.846153846,0.115384615,0,0.038461538
36,1,0,0,0,0,0.696428571,0.196428571,0.089285714,0.017857143,0.666666667,0,0,0,0.333333333,0.103448276,0.034482759,0.034482759,0,0.827586207,1,0.038461538,0.846153846,0.115384615,0,0
37,1,0,0,0,0,0.684210526,0.192982456,0.105263158,0.01754386,0.5,0,0,0,0.5,0.018867925,0.018867925,0.037735849,0,0.924528302,1,0.122807018,0.771929825,0.105263158,0,0
38,1,0,0,0,0.018518519,0.703703704,0.203703704,0.074074074,0,0.666666667,0.166666667,0,0.166666667,0,0.122807018,0.087719298,0,0,0.789473684,1,0,0.846153846,0.115384615,0,0.038461538
39,1,0,0,0,0,0.722222222,0.203703704,0.055555556,0.018518519,0,0,0,0,0,0.193548387,0,0,0,0.806451613,1,0.018867925,0.830188679,0.113207547,0,0.037735849
40,0.95,0,0,0.05,0,0.722222222,0.203703704,0.055555556,0.018518519,0,0,0,0,0,0.122807018,0,0,0,0.877192982,1,0.087719298,0.771929825,0.105263158,0,0.035087719
41,1,0,0,0,0,0.722222222,0.203703704,0.055555556,0.018518519,1,0,0,0,0,0.089285714,0.017857143,0.017857143,0,0.875,1,0.120689655,0.75862069,0.103448276,0,0.017241379
42,1,0,0,0,0,0.735849057,0.20754717,0.037735849,0.018867925,0.666666667,0,0,0,0.333333333,0.118644068,0.033898305,0.033898305,0,0.813559322,1,0.074074074,0.814814815,0.111111111,0,0
43,0.95,0,0,0.05,0,0.672413793,0.189655172,0.120689655,0.017241379,0,0,0,0,0,0.056603774,0,0,0,0.943396226,1,0.087719298,0.771929825,0.105263158,0,0.035087719
44,1,0,0,0,0,0.709090909,0.2,0.072727273,0.018181818,0.666666667,0,0,0.333333333,0,0.089285714,0.071428571,0.017857143,0,0.821428571,1,0.019230769,0.846153846,0.115384615,0,0.019230769
45,1,0,0,0,0,0.75,0.211538462,0.019230769,0.019230769,1,0,0,0,0,0.074074074,0.148148148,0,0,0.777777778,1,0.054545455,0.8,0.109090909,0,0.036363636
46,0.95,0,0,0.05,0,0.672413793,0.189655172,0.120689655,0.017241379,0,0,0,0,0,0.071428571,0,0.035714286,0,0.892857143,1,0.074074074,0.814814815,0.111111111,0,0
47,0.944444444,0,0,0.055555556,0,0.709090909,0.2,0.072727273,0.018181818,1,0,0,0,0,0.107142857,0.017857143,0,0.017857143,0.857142857,1,0.072727273,0.8,0.109090909,0,0.018181818
48,0.947368421,0,0,0.052631579,0,0.639344262,0.180327869,0.163934426,0.016393443,1,0,0,0,0,0,0.019607843,0.019607843,0,0.960784314,1,0.072727273,0.8,0.109090909,0,0.018181818
49,0.944444444,0,0,0.055555556,0,0.661016949,0.186440678,0.13559322,0.016949153,1,0,0,0,0,0.019607843,0,0,0.039215686,0.941176471,1,0.107142857,0.785714286,0.107142857,0,0
50,1,0,0,0,0,0.684210526,0.192982456,0.105263158,0.01754386,1,0,0,0,0,0.019607843,0.078431373,0,0.039215686,0.862745098,1,0.090909091,0.8,0.109090909,0,0
51,0.894736842,0,0,0.105263158,0.017241379,0.655172414,0.189655172,0.137931034,0,0.5,0.5,0,0,0,0.019230769,0.019230769,0.019230769,0.019230769,0.923076923,1,0.090909091,0.8,0.109090909,0,0
52,0.928571429,0,0,0.071428571,0,0.709090909,0.2,0.072727273,0.018181818,1,0,0,0,0,0.090909091,0.109090909,0,0,0.8,1,0,0.846153846,0.115384615,0,0.038461538
53,1,0,0,0,0,0.709090909,0.2,0.072727273,0.018181818,1,0,0,0,0,0.056603774,0.037735849,0,0.018867925,0.886792453,1,0.120689655,0.75862069,0.103448276,0,0.017241379
54,1,0,0,0,0,0.696428571,0.196428571,0.089285714,0.017857143,0,0,0,0,0,0.072727273,0,0.018181818,0,0.909090909,1,0.120689655,0.75862069,0.103448276,0,0.017241379
55,0.923076923,0.076923077,0,0,0.019230769,0.730769231,0.211538462,0.019230769,0.019230769,0.857142857,0,0,0,0.142857143,0.071428571,0.107142857,0.035714286,0,0.785714286,1,0.055555556,0.833333333,0.092592593,0,0.018518519
56,1,0,0,0,0,0.672413793,0.189655172,0.120689655,0.017241379,0.8,0,0,0.2,0,0.090909091,0.036363636,0,0.036363636,0.836363636,1,0.019607843,0.862745098,0.117647059,0,0
57,1,0,0,0,0,0.735849057,0.20754717,0.037735849,0.018867925,0.714285714,0,0,0.142857143,0.142857143,0.019230769,0.096153846,0.019230769,0,0.865384615,1,0.105263158,0.771929825,0.105263158,0,0.01754386
58,1,0,0,0,0,0.75,0.211538462,0.019230769,0.019230769,1,0,0,0,0,0.120689655,0.103448276,0.017241379,0,0.75862069,1,0.037735849,0.830188679,0.113207547,0,0.018867925
59,0.947368421,0,0,0.052631579,0,0.709090909,0.2,0.072727273,0.018181818,1,0,0,0,0,0.055555556,0.018518519,0.018518519,0,0.907407407,1,0.120689655,0.75862069,0.103448276,0,0.017241379
60,0.95,0,0,0.05,0,0.684210526,0.192982456,0.105263158,0.01754386,0,0,0,0,0,0,0,0.038461538,0,0.961538462,1,0.152542373,0.745762712,0.101694915,0,0
61,1,0,0,0,0,0.696428571,0.196428571,0.089285714,0.017857143,0,0,0,0,0,0.037037037,0,0.037037037,0,0.925925926,1,0.152542373,0.745762712,0.101694915,0,0
62,1,0,0,0,0,0.735849057,0.20754717,0.037735849,0.018867925,1,0,0,0,0,0.019607843,0.019607843,0,0.019607843,0.941176471,1,0.19047619,0.698412698,0.095238095,0,0.015873016
63,1,0,0,0,0,0.709090909,0.2,0.072727273,0.018181818,1,0,0,0,0,0.055555556,0.111111111,0.018518519,0.018518519,0.796296296,1,0.056603774,0.830188679,0.113207547,0,0
64,1,0,0,0,0,0.696428571,0.196428571,0.089285714,0.017857143,0.857142857,0,0,0.142857143,0,0.037735849,0.113207547,0.018867925,0,0.830188679,1,0.037735849,0.830188679,0.113207547,0,0.018867925
65,1,0,0,0,0,0.735849057,0.20754717,0.037735849,0.018867925,0.846153846,0,0,0.153846154,0,0.019607843,0.215686275,0,0,0.764705882,1,0,0.846153846,0.115384615,0,0.038461538
66,1,0,0,0,0,0.735849057,0.20754717,0.037735849,0.018867925,0.916666667,0,0,0.083333333,0,0,0.22,0,0,0.78,1,0.037037037,0.814814815,0.111111111,0,0.037037037
67,1,0,0,0,0,0.639344262,0.180327869,0.163934426,0.016393443,0,0,0,0,0,0.054545455,0,0.036363636,0,0.909090909,1,0.056603774,0.830188679,0.113207547,0,0
68,0.95,0,0,0.05,0,0.661016949,0.186440678,0.13559322,0.016949153,0,0,0,0,0,0.074074074,0,0,0,0.925925926,1,0.054545455,0.8,0.109090909,0,0.036363636
69,1,0,0,0,0,0.639344262,0.180327869,0.163934426,0.016393443,0,0,0,0,0,0.072727273,0,0.018181818,0,0.909090909,1,0.037735849,0.830188679,0.113207547,0,0.018867925
70,0.833333333,0.166666667,0,0,0.019607843,0.745098039,0.215686275,0.019607843,0,0.928571429,0,0,0.071428571,0,0.038461538,0.211538462,0,0.038461538,0.711538462,1,0.038461538,0.846153846,0.115384615,0,0
71,0.857142857,0,0,0.142857143,0,0.745098039,0.215686275,0.019607843,0.019607843,0.8125,0.0625,0,0.125,0,0.019607843,0.215686275,0,0.058823529,0.705882353,1,0,0.88,0.1,0.02,0
72,1,0,0,0,0,0.672413793,0.189655172,0.120689655,0.017241379,1,0,0,0,0,0,0.156862745,0.019607843,0.019607843,0.803921569,1,0.019607843,0.862745098,0.117647059,0,0
73,1,0,0,0,0,0.696428571,0.196428571,0.089285714,0.017857143,1,0,0,0,0,0.019607843,0.196078431,0,0,0.784313725,1,0,0.846153846,0.115384615,0,0.038461538
74,0.95,0,0,0.05,0,0.65,0.183333333,0.15,0.016666667,0,0,0,0,0,0,0,0,0,1,1,0.103448276,0.75862069,0.103448276,0,0.034482759
75,1,0,0,0,0,0.672413793,0.189655172,0.120689655,0.017241379,0,0,0,0,0,0.037735849,0,0.018867925,0,0.943396226,1,0.120689655,0.75862069,0.103448276,0,0.017241379
76,1,0,0,0,0,0.65,0.183333333,0.15,0.016666667,0,0,0,0,0,0,0,0,0,1,1,0.118644068,0.745762712,0.101694915,0,0.033898305
77,0.9,0,0,0.1,0,0.709090909,0.2,0.072727273,0.018181818,1,0,0,0,0,0.019607843,0.019607843,0,0,0.960784314,1,0.133333333,0.733333333,0.1,0,0.033333333
78,1,0,0,0,0,0.722222222,0.203703704,0.055555556,0.018518519,0,0,0,0,0,0.074074074,0,0,0,0.925925926,1,0.147540984,0.721311475,0.098360656,0,0.032786885
79,1,0,0,0,0,0.735849057,0.20754717,0.037735849,0.018867925,1,0,0,0,0,0.071428571,0.017857143,0.035714286,0,0.875,1,0.152542373,0.745762712,0.101694915,0,0
80,1,0,0,0,0,0.722222222,0.203703704,0.055555556,0.018518519,0,0,0,0,0,0.177419355,0,0.016129032,0,0.806451613,1,0.037735849,0.830188679,0.113207547,0,0.018867925
81,0.95,0,0,0.05,0,0.735849057,0.20754717,0.037735849,0.018867925,0,0,0,0,0,0.166666667,0,0,0,0.833333333,1,0.054545455,0.8,0.109090909,0,0.036363636
82,0.933333333,0,0,0.066666667,0,0.661016949,0.186440678,0.13559322,0.016949153,1,0,0,0,0,0.074074074,0.055555556,0,0.037037037,0.833333333,1,0,0.88,0.12,0,0
83,0.947368421,0,0,0.052631579,0,0.65,0.183333333,0.15,0.016666667,1,0,0,0,0,0.072727273,0.018181818,0.018181818,0,0.890909091,1,0.019230769,0.846153846,0.115384615,0,0.019230769
84,1,0,0,0,0,0.709090909,0.2,0.072727273,0.018181818,0,0,0,0,0,0.074074074,0,0,0,0.925925926,1,0.133333333,0.733333333,0.1,0,0.033333333
85,1,0,0,0,0,0.722222222,0.203703704,0.055555556,0.018518519,0.714285714,0,0,0.285714286,0,0.074074074,0.055555556,0,0.037037037,0.833333333,1,0.074074074,0.814814815,0.111111111,0,0
86,1,0,0,0,0,0.735849057,0.20754717,0.037735849,0.018867925,0.8,0,0,0.2,0,0.056603774,0.150943396,0,0,0.79245283,1,0.018867925,0.830188679,0.113207547,0,0.037735849
87,0.916666667,0,0,0.083333333,0,0.722222222,0.203703704,0.055555556,0.018518519,0.888888889,0,0,0.111111111,0,0.019607843,0.137254902,0,0.019607843,0.823529412,1,0.055555556,0.814814815,0.111111111,0,0.018518519
88,1,0,0,0,0,0.696428571,0.196428571,0.089285714,0.017857143,1,0,0,0,0,0.019230769,0.057692308,0.019230769,0.019230769,0.884615385,1,0.122807018,0.771929825,0.105263158,0,0
89,0.947368421,0,0,0.052631579,0,0.696428571,0.196428571,0.089285714,0.017857143,1,0,0,0,0,0,0.019607843,0.019607843,0,0.960784314,1,0.15,0.733333333,0.1,0,0.016666667
90,1,0,0,0,0,0.735849057,0.20754717,0.037735849,0.018867925,0.75,0,0,0.25,0,0.107142857,0.053571429,0,0,0.839285714,1,0.071428571,0.785714286,0.107142857,0,0.035714286
91,0.904761905,0,0,0.095238095,0,0.709090909,0.2,0.072727273,0.018181818,0,0,0,0,0,0.118644068,0,0.033898305,0,0.847457627,1,0.056603774,0.830188679,0.113207547,0,0
92,0.947368421,0,0,0.052631579,0,0.709090909,0.2,0.072727273,0.018181818,1,0,0,0,0,0.090909091,0,0,0.018181818,0.890909091,1,0.105263158,0.771929825,0.105263158,0,0.01754386
93,0.95,0,0,0.05,0,0.661016949,0.186440678,0.13559322,0.016949153,0,0,0,0,0,0.074074074,0,0,0,0.925925926,1,0.054545455,0.8,0.109090909,0,0.036363636
94,1,0,0,0,0,0.672413793,0.189655172,0.120689655,0.017241379,0,0,0,0,0,0.018867925,0,0.037735849,0,0.943396226,1,0.137931034,0.75862069,0.103448276,0,0
95,1,0,0,0,0.018181818,0.690909091,0.2,0.090909091,0,0.5,0.5,0,0,0,0.147540984,0.032786885,0.032786885,0,0.786885246,1,0.019607843,0.862745098,0.117647059,0,0
96,1,0,0,0,0,0.661016949,0.186440678,0.13559322,0.016949153,1,0,0,0,0,0,0.039215686,0.019607843,0,0.941176471,1,0.105263158,0.771929825,0.105263158,0,0.01754386
97,1,0,0,0,0,0.65,0.183333333,0.15,0.016666667,1,0,0,0,0,0,0.019607843,0.019607843,0.019607843,0.941176471,1,0.107142857,0.785714286,0.107142857,0,0
98,0.944444444,0.055555556,0,0,0.016949153,0.644067797,0.186440678,0.152542373,0,1,0,0,0,0,0.037037037,0.018518519,0.037037037,0,0.907407407,1,0.090909091,0.8,0.109090909,0,0
99,1,0,0,0,0,0.709090909,0.2,0.072727273,0.018181818,0,0,0,0,0,0.019230769,0,0.019230769,0,0.961538462,1,0.177419355,0.709677419,0.096774194,0,0.016129032
100,1,0,0,0,0,0.696428571,0.196428571,0.089285714,0.017857143,1,0,0,0,0,0.019230769,0.115384615,0.019230769,0,0.846153846,1,0.072727273,0.8,0.109090909,0,0.018181818
101,0.888888889,0.055555556,0,0.055555556,0,0.690909091,0.2,0.090909091,0.018181818,1,0,0,0,0,0.105263158,0.052631579,0.01754386,0,0.824561404,1,0.018867925,0.830188679,0.094339623,0.018867925,0.037735849
102,0.95,0,0,0.05,0,0.722222222,0.203703704,0.055555556,0.018518519,0,0,0,0,0,0.166666667,0,0,0,0.833333333,1,0.037037037,0.814814815,0.111111111,0,0.037037037
103,0.947368421,0.052631579,0,0,0.018867925,0.716981132,0.20754717,0.056603774,0,0,0,0,0,0,0.177419355,0,0.016129032,0,0.806451613,1,0.055555556,0.814814815,0.111111111,0,0.018518519
104,1,0,0,0,0,0.661016949,0.186440678,0.13559322,0.016949153,0,0,0,0,0,0,0,0.038461538,0,0.961538462,1,0.137931034,0.75862069,0.103448276,0,0
105,1,0,0,0,0,0.696428571,0.196428571,0.089285714,0.017857143,0,0,0,0,0,0,0,0.038461538,0,0.961538462,1,0.180327869,0.721311475,0.098360656,0,0
106,1,0,0,0,0,0.75,0.211538462,0.019230769,0.019230769,0,0,0,0,0,0.019230769,0,0.019230769,0,0.961538462,1,0.215384615,0.676923077,0.092307692,0,0.015384615
107,1,0,0,0,0,0.709090909,0.2,0.072727273,0.018181818,0,0,0,0,0,0.019607843,0,0,0,0.980392157,1,0.174603175,0.698412698,0.095238095,0,0.031746032
108,1,0,0,0,0,0.722222222,0.203703704,0.055555556,0.018518519,0,0,0,0,0,0,0,0.019607843,0,0.980392157,1,0.203125,0.6875,0.09375,0,0.015625
109,1,0,0,0,0,0.75,0.211538462,0.019230769,0.019230769,0.666666667,0,0,0,0.333333333,0.019230769,0.038461538,0.019230769,0,0.923076923,1,0.177419355,0.709677419,0.096774194,0,0.016129032
110,0.95,0,0,0.05,0,0.722222222,0.203703704,0.055555556,0.018518519,0,0,0,0,0,0,0,0,0,1,1,0.1875,0.6875,0.09375,0,0.03125
111,1,0,0,0,0,0.696428571,0.196428571,0.089285714,0.017857143,0.75,0,0,0,0.25,0,0.02,0,0.04,0.94,1,0.152542373,0.745762712,0.101694915,0,0
112,1,0,0,0,0,0.672413793,0.189655172,0.120689655,0.017241379,1,0,0,0,0,0.019230769,0,0.019230769,0.019230769,0.942307692,1,0.137931034,0.75862069,0.103448276,0,0
113,1,0,0,0,0,0.672413793,0.189655172,0.120689655,0.017241379,1,0,0,0,0,0.019230769,0.057692308,0.019230769,0,0.903846154,1,0.089285714,0.785714286,0.107142857,0,0.017857143
114,1,0,0,0,0,0.629032258,0.177419355,0.177419355,0.016129032,0,0,0,0,0,0.055555556,0,0.018518519,0,0.925925926,1,0.037735849,0.830188679,0.113207547,0,0.018867925
115,1,0,0,0,0,0.661016949,0.186440678,0.13559322,0.016949153,1,0,0,0,0,0.055555556,0.018518519,0.018518519,0,0.907407407,1,0.072727273,0.8,0.109090909,0,0.018181818
116,0.944444444,0,0,0.055555556,0,0.684210526,0.192982456,0.105263158,0.01754386,1,0,0,0,0,0.105263158,0.035087719,0.01754386,0,0.842105263,1,0.019230769,0.846153846,0.115384615,0,0.019230769
117,1,0,0,0,0,0.661016949,0.186440678,0.13559322,0.016949153,1,0,0,0,0,0.055555556,0,0.018518519,0.018518519,0.907407407,1,0.090909091,0.8,0.109090909,0,0
118,0.944444444,0,0,0.055555556,0,0.696428571,0.196428571,0.089285714,0.017857143,1,0,0,0,0,0.15,0.016666667,0.016666667,0.016666667,0.8,1,0,0.88,0.12,0,0
119,1,0,0,0,0,0.672413793,0.189655172,0.120689655,0.017241379,0,0,0,0,0,0.15,0,0.016666667,0,0.833333333,1,0,0.862745098,0.117647059,0,0.019607843
120,1,0,0,0,0,0.639344262,0.180327869,0.163934426,0.016393443,0,0,0,0,0,0.105263158,0,0.01754386,0,0.877192982,1,0,0.862745098,0.117647059,0,0.019607843
121,1,0,0,0,0,0.709090909,0.2,0.072727273,0.018181818,1,0,0,0,0,0.193548387,0,0,0.016129032,0.790322581,1,0,0.862745098,0.117647059,0,0.019607843
122,1,0,0,0,0,0.672413793,0.189655172,0.120689655,0.017241379,0,0,0,0,0,0.133333333,0,0.033333333,0,0.833333333,1,0.019607843,0.862745098,0.117647059,0,0
123,1,0,0,0,0,0.684210526,0.192982456,0.105263158,0.01754386,0,0,0,0,0,0.118644068,0,0.033898305,0,0.847457627,1,0.056603774,0.830188679,0.113207547,0,0
124,0.95,0.05,0,0,0,0.703703704,0.203703704,0.074074074,0.018518519,0,0,0,0,0,0.118644068,0,0.033898305,0,0.847457627,1,0.107142857,0.767857143,0.107142857,0.017857143,0
125,1,0,0,0,0,0.661016949,0.186440678,0.13559322,0.016949153,1,0,0,0,0,0.105263158,0.01754386,0.01754386,0,0.859649123,1,0.019230769,0.846153846,0.115384615,0,0.019230769
126,1,0,0,0,0,0.684210526,0.192982456,0.105263158,0.01754386,0,0,0,0,0,0.105263158,0,0.01754386,0,0.877192982,1,0.072727273,0.8,0.109090909,0,0.018181818
127,1,0,0,0,0,0.722222222,0.203703704,0.055555556,0.018518519,1,0,0,0,0,0,0.134615385,0.038461538,0,0.826923077,1,0.107142857,0.785714286,0.107142857,0,0
128,1,0,0,0,0,0.696428571,0.196428571,0.089285714,0.017857143,0,0,0,0,0,0.056603774,0,0,0,0.943396226,1,0.133333333,0.733333333,0.1,0,0.033333333
129,1,0,0,0,0,0.639344262,0.180327869,0.163934426,0.016393443,0,0,0,0,0,0.037037037,0,0.037037037,0,0.925925926,1,0.074074074,0.814814815,0.111111111,0,0
130,1,0,0,0,0,0.696428571,0.196428571,0.089285714,0.017857143,0.9,0,0,0,0.1,0.018867925,0.169811321,0.037735849,0,0.773584906,1,0,0.88,0.12,0,0
131,0.941176471,0,0,0.058823529,0,0.722222222,0.203703704,0.055555556,0.018518519,1,0,0,0,0,0.019230769,0.038461538,0.019230769,0.019230769,0.903846154,1,0.152542373,0.745762712,0.101694915,0,0
132,0.923076923,0,0,0.076923077,0,0.709090909,0.2,0.072727273,0.018181818,0.875,0,0,0,0.125,0,0.1,0,0.04,0.86,1,0.090909091,0.8,0.109090909,0,0
133,1,0,0,0,0,0.684210526,0.192982456,0.105263158,0.01754386,1,0,0,0,0,0.038461538,0.153846154,0,0.019230769,0.788461538,1,0,0.862745098,0.117647059,0,0.019607843
134,0.882352941,0,0,0.117647059,0,0.629032258,0.177419355,0.177419355,0.016129032,1,0,0,0,0,0,0.04,0,0.04,0.92,1,0.019607843,0.862745098,0.117647059,0,0
135,1,0,0,0,0,0.639344262,0.180327869,0.163934426,0.016393443,0,0,0,0,0,0.037037037,0,0.037037037,0,0.925925926,1,0.074074074,0.814814815,0.111111111,0,0
136,1,0,0,0,0,0.65,0.183333333,0.15,0.016666667,0,0,0,0,0,0,0,0.038461538,0,0.961538462,1,0.122807018,0.771929825,0.105263158,0,0
137,1,0,0,0,0,0.696428571,0.196428571,0.089285714,0.017857143,0,0,0,0,0,0.018867925,0,0.037735849,0,0.943396226,1,0.166666667,0.733333333,0.1,0,0
138,1,0,0,0,0,0.672413793,0.189655172,0.120689655,0.017241379,1,0,0,0,0,0.019230769,0.038461538,0.019230769,0,0.923076923,1,0.105263158,0.771929825,0.105263158,0,0.01754386
139,0.95,0,0,0.05,0,0.684210526,0.192982456,0.105263158,0.01754386,0,0,0,0,0,0.037037037,0,0.037037037,0,0.925925926,1,0.122807018,0.771929825,0.105263158,0,0
140,0.888888889,0.055555556,0,0.055555556,0,0.678571429,0.196428571,0.107142857,0.017857143,0.75,0,0,0,0.25,0.089285714,0.053571429,0.017857143,0,0.839285714,1,0.019230769,0.826923077,0.115384615,0.019230769,0.019230769
141,1,0,0,0,0,0.709090909,0.2,0.072727273,0.018181818,0.5,0,0,0.5,0,0.071428571,0.017857143,0.035714286,0,0.875,1,0.107142857,0.785714286,0.107142857,0,0
142,0.933333333,0,0,0.066666667,0,0.696428571,0.196428571,0.089285714,0.017857143,1,0,0,0,0,0.018867925,0.094339623,0.037735849,0,0.849056604,1,0.074074074,0.814814815,0.111111111,0,0
143,1,0,0,0,0,0.696428571,0.196428571,0.089285714,0.017857143,0.875,0,0,0,0.125,0.019230769,0.115384615,0.019230769,0.019230769,0.826923077,1,0.056603774,0.830188679,0.113207547,0,0
144,1,0,0,0,0,0.696428571,0.196428571,0.089285714,0.017857143,1,0,0,0,0,0.056603774,0,0,0.018867925,0.924528302,1,0.13559322,0.745762712,0.101694915,0,0.016949153
145,1,0,0,0,0,0.65,0.183333333,0.15,0.016666667,1,0,0,0,0,0,0,0,0.02,0.98,1,0.120689655,0.75862069,0.103448276,0,0.017241379
146,1,0,0,0,0,0.672413793,0.189655172,0.120689655,0.017241379,1,0,0,0,0,0.019607843,0.019607843,0,0,0.960784314,1,0.118644068,0.745762712,0.101694915,0,0.033898305
147,0.894736842,0,0,0.105263158,0,0.672413793,0.189655172,0.120689655,0.017241379,1,0,0,0,0,0,0.019607843,0.019607843,0.019607843,0.941176471,1,0.107142857,0.785714286,0.107142857,0,0
148,1,0,0,0,0,0.735849057,0.20754717,0.037735849,0.018867925,0.875,0,0,0.125,0,0.038461538,0.115384615,0,0.019230769,0.826923077,1,0.089285714,0.785714286,0.107142857,0,0.017857143
149,0.894736842,0,0,0.105263158,0,0.672413793,0.189655172,0.120689655,0.017241379,1,0,0,0,0,0.056603774,0.037735849,0,0,0.905660377,1,0.037037037,0.814814815,0.111111111,0,0.037037037
150,0.95,0,0,0.05,0,0.609375,0.171875,0.203125,0.015625,0,0,0,0,0,0.037735849,0,0.018867925,0,0.943396226,1,0,0.862745098,0.117647059,0,0.019607843
151,0.928571429,0.071428571,0,0,0.017857143,0.678571429,0.196428571,0.053571429,0.053571429,1,0,0,0,0,0.019230769,0.096153846,0.019230769,0,0.865384615,1,0.089285714,0.785714286,0.107142857,0,0.017857143
152,1,0,0,0,0,0.735849057,0.20754717,0.037735849,0.018867925,0.888888889,0,0,0,0.111111111,0.019607843,0.137254902,0,0.019607843,0.823529412,1,0.089285714,0.785714286,0.107142857,0,0.017857143
153,0.95,0,0,0.05,0,0.735849057,0.20754717,0.037735849,0.018867925,0,0,0,0,0,0.087719298,0,0.035087719,0,0.877192982,1,0.137931034,0.75862069,0.103448276,0,0
154,1,0,0,0,0,0.709090909,0.2,0.072727273,0.018181818,0,0,0,0,0,0.087719298,0,0.035087719,0,0.877192982,1,0.122807018,0.771929825,0.105263158,0,0
155,0.95,0,0,0.05,0,0.65,0.183333333,0.15,0.016666667,0,0,0,0,0,0.038461538,0,0,0,0.961538462,1,0.071428571,0.785714286,0.107142857,0,0.035714286
156,1,0,0,0,0,0.672413793,0.189655172,0.120689655,0.017241379,0,0,0,0,0,0.054545455,0,0.036363636,0,0.909090909,1,0.107142857,0.785714286,0.107142857,0,0
157,1,0,0,0,0,0.672413793,0.189655172,0.120689655,0.017241379,1,0,0,0,0,0.118644068,0.016949153,0.033898305,0,0.830508475,1,0.019607843,0.862745098,0.117647059,0,0
158,1,0,0,0,0,0.609375,0.171875,0.203125,0.015625,0,0,0,0,0,0.055555556,0,0.018518519,0,0.925925926,1,0,0.862745098,0.117647059,0,0.019607843
159,1,0,0,0,0,0.65,0.183333333,0.15,0.016666667,0,0,0,0,0,0.087719298,0,0.035087719,0,0.877192982,1,0.038461538,0.846153846,0.115384615,0,0
160,1,0,0,0,0,0.735849057,0.20754717,0.037735849,0.018867925,0,0,0,0,0,0.166666667,0,0,0,0.833333333,1,0.071428571,0.785714286,0.107142857,0,0.035714286
161,0.947368421,0,0,0.052631579,0,0.75,0.211538462,0.019230769,0.019230769,1,0,0,0,0,0.193548387,0.016129032,0,0,0.790322581,1,0.018867925,0.830188679,0.113207547,0,0.037735849
162,0.947368421,0,0,0.052631579,0,0.672413793,0.189655172,0.120689655,0.017241379,1,0,0,0,0,0.037037037,0.018518519,0.037037037,0,0.907407407,1,0.090909091,0.8,0.109090909,0,0
163,0.933333333,0,0,0.066666667,0,0.672413793,0.189655172,0.120689655,0.017241379,1,0,0,0,0,0,0.08,0,0.02,0.9,1,0.072727273,0.8,0.109090909,0,0.018181818
164,1,0,0,0,0.018181818,0.690909091,0.2,0.090909091,0,0.714285714,0.142857143,0,0.142857143,0,0.019230769,0.115384615,0.019230769,0,0.846153846,1,0.072727273,0.8,0.109090909,0,0.018181818
165,0.95,0,0,0.05,0,0.696428571,0.196428571,0.089285714,0.017857143,0,0,0,0,0,0.120689655,0,0.017241379,0,0.862068966,1,0.055555556,0.814814815,0.111111111,0,0.018518519
166,0.9,0,0,0.1,0,0.709090909,0.2,0.072727273,0.018181818,1,0,0,0,0,0.13559322,0,0.016949153,0.016949153,0.830508475,1,0.038461538,0.846153846,0.115384615,0,0
167,1,0,0,0,0,0.684210526,0.192982456,0.105263158,0.01754386,0,0,0,0,0,0.118644068,0,0.033898305,0,0.847457627,1,0.056603774,0.830188679,0.113207547,0,0
168,0.944444444,0,0,0.055555556,0,0.722222222,0.203703704,0.055555556,0.018518519,1,0,0,0,0,0.089285714,0.017857143,0.017857143,0.017857143,0.857142857,1,0.107142857,0.785714286,0.107142857,0,0
169,1,0,0,0,0,0.65,0.183333333,0.15,0.016666667,0.75,0,0,0,0.25,0.037735849,0.056603774,0.018867925,0,0.886792453,1,0.019230769,0.846153846,0.115384615,0,0.019230769
170,1,0,0,0,0,0.639344262,0.180327869,0.163934426,0.016393443,1,0,0,0,0,0.105263158,0,0.01754386,0.01754386,0.859649123,1,0,0.88,0.12,0,0
171,0.95,0,0,0.05,0,0.672413793,0.172413793,0.137931034,0.017241379,0,0,1,0,0,0.018867925,0,0.037735849,0.018867925,0.924528302,1,0.107142857,0.785714286,0.089285714,0.017857143,0
172,1,0,0,0,0,0.696428571,0.196428571,0.089285714,0.017857143,0,0,0,0,0,0.038461538,0,0,0,0.961538462,1,0.147540984,0.721311475,0.098360656,0,0.032786885
173,1,0,0,0,0,0.722222222,0.203703704,0.055555556,0.018518519,1,0,0,0,0,0.072727273,0.072727273,0.018181818,0.018181818,0.818181818,1,0.090909091,0.8,0.109090909,0,0
174,0.928571429,0,0,0.071428571,0.017857143,0.678571429,0.196428571,0.107142857,0,0.833333333,0.166666667,0,0,0,0.054545455,0.109090909,0.036363636,0,0.8,1,0.019607843,0.862745098,0.117647059,0,0
175,1,0,0,0,0,0.684210526,0.192982456,0.105263158,0.01754386,1,0,0,0,0,0,0,0,0.02,0.98,1,0.163934426,0.721311475,0.098360656,0,0.016393443
176,1,0,0,0,0,0.709090909,0.2,0.072727273,0.018181818,1,0,0,0,0,0,0.019607843,0.019607843,0.019607843,0.941176471,1,0.180327869,0.721311475,0.098360656,0,0
177,1,0,0,0,0,0.735849057,0.20754717,0.037735849,0.018867925,0.5,0,0,0.5,0,0.037037037,0.018518519,0.037037037,0,0.907407407,1,0.166666667,0.733333333,0.1,0,0
178,0.95,0,0,0.05,0,0.684210526,0.192982456,0.105263158,0.01754386,0,0,0,0,0,0.018867925,0,0.037735849,0,0.943396226,1,0.137931034,0.75862069,0.103448276,0,0
179,1,0,0,0,0,0.722222222,0.203703704,0.055555556,0.018518519,0,0,0,0,0,0.056603774,0,0,0,0.943396226,1,0.161290323,0.709677419,0.096774194,0,0.032258065
180,0.95,0,0,0.05,0,0.722222222,0.203703704,0.055555556,0.018518519,0,0,0,0,0,0.018867925,0,0.037735849,0,0.943396226,1,0.180327869,0.721311475,0.098360656,0,0
181,1,0,0,0,0,0.735849057,0.20754717,0.037735849,0.018867925,0,0,0,0,0,0.018867925,0,0.037735849,0,0.943396226,1,0.206349206,0.698412698,0.095238095,0,0
182,1,0,0,0,0,0.75,0.211538462,0.019230769,0.019230769,0,0,0,0,0,0.018867925,0,0.037735849,0,0.943396226,1,0.21875,0.6875,0.09375,0,0
183,0.9,0,0,0.1,0,0.709090909,0.2,0.072727273,0.018181818,1,0,0,0,0,0.074074074,0,0,0.018518519,0.907407407,1,0.105263158,0.771929825,0.105263158,0,0.01754386
184,1,0,0,0,0,0.709090909,0.2,0.072727273,0.018181818,1,0,0,0,0,0.038461538,0.019230769,0,0.019230769,0.923076923,1,0.15,0.733333333,0.1,0,0.016666667
185,0.857142857,0,0.047619048,0.095238095,0,0.709090909,0.181818182,0.090909091,0.018181818,1,0,0,0,0,0.166666667,0,0,0.016666667,0.816666667,1,0,0.843137255,0.117647059,0.019607843,0.019607843
186,1,0,0,0,0,0.696428571,0.196428571,0.089285714,0.017857143,0,0,0,0,0,0.118644068,0,0.033898305,0,0.847457627,1,0.074074074,0.814814815,0.111111111,0,0
187,1,0,0,0,0,0.65,0.183333333,0.15,0.016666667,0,0,0,0,0,0.105263158,0,0.01754386,0,0.877192982,1,0.019230769,0.846153846,0.115384615,0,0.019230769
188,0.904761905,0,0,0.095238095,0,0.639344262,0.180327869,0.163934426,0.016393443,0,0,0,0,0,0.071428571,0,0.035714286,0,0.892857143,1,0,0.88,0.12,0,0
189,1,0,0,0,0,0.639344262,0.180327869,0.163934426,0.016393443,0,0,0,0,0,0.071428571,0,0.035714286,0,0.892857143,1,0.038461538,0.846153846,0.115384615,0,0
190,1,0,0,0,0,0.661016949,0.186440678,0.13559322,0.016949153,1,0,0,0,0,0.089285714,0.017857143,0.017857143,0,0.875,1,0.037735849,0.830188679,0.113207547,0,0.018867925
191,1,0,0,0,0,0.661016949,0.186440678,0.13559322,0.016949153,0,0,0,0,0,0.072727273,0,0.018181818,0,0.909090909,1,0.072727273,0.8,0.109090909,0,0.018181818
192,1,0,0,0,0,0.672413793,0.189655172,0.120689655,0.017241379,1,0,0,0,0,0.019230769,0.153846154,0.019230769,0.019230769,0.788461538,1,0,0.88,0.12,0,0
193,1,0,0,0,0,0.735849057,0.20754717,0.037735849,0.018867925,1,0,0,0,0,0.019607843,0,0,0.019607843,0.960784314,1,0.203125,0.6875,0.09375,0,0.015625
194,0.95,0,0,0.05,0,0.65,0.183333333,0.15,0.016666667,0,0,0,0,0,0.105263158,0,0.01754386,0,0.877192982,1,0,0.862745098,0.117647059,0,0.019607843
195,0.9375,0,0,0.0625,0,0.722222222,0.203703704,0.055555556,0.018518519,1,0,0,0,0,0.107142857,0.035714286,0,0.035714286,0.821428571,1,0.074074074,0.814814815,0.111111111,0,0
196,0.95,0,0,0.05,0,0.709090909,0.2,0.072727273,0.018181818,0,0,0,0,0,0.122807018,0,0,0,0.877192982,1,0.071428571,0.785714286,0.107142857,0,0.035714286
197,0.95,0,0,0.05,0,0.684210526,0.192982456,0.105263158,0.01754386,0,0,0,0,0,0.120689655,0,0.017241379,0,0.862068966,1,0.037735849,0.830188679,0.113207547,0,0.018867925
198,0.947368421,0,0,0.052631579,0,0.75,0.211538462,0.019230769,0.019230769,1,0,0,0,0,0.177419355,0.016129032,0.016129032,0,0.790322581,1,0.037735849,0.830188679,0.113207547,0,0.018867925
199,0.944444444,0,0,0.055555556,0,0.75,0.211538462,0.019230769,0.019230769,1,0,0,0,0,0.19047619,0.031746032,0.015873016,0,0.761904762,1,0,0.862745098,0.117647059,0,0.019607843
200,0.95,0,0,0.05,0,0.709090909,0.2,0.072727273,0.018181818,0,0,0,0,0,0.177419355,0,0.016129032,0,0.806451613,1,0,0.862745098,0.117647059,0,0.019607843
201,1,0,0,0,0,0.709090909,0.2,0.072727273,0.018181818,0,0,0,0,0,0.1875,0,0.03125,0,0.78125,1,0,0.88,0.12,0,0
202,1,0,0,0,0,0.722222222,0.203703704,0.055555556,0.018518519,0,0,0,0,0,0.163934426,0,0.016393443,0,0.819672131,1,0.055555556,0.814814815,0.111111111,0,0.018518519
203,1,0,0,0,0,0.696428571,0.196428571,0.089285714,0.017857143,0.75,0,0,0.25,0,0.037735849,0.037735849,0.018867925,0.018867925,0.886792453,1,0.107142857,0.785714286,0.107142857,0,0
204,1,0,0,0,0,0.661016949,0.186440678,0.13559322,0.016949153,0,0,0,0,0,0.037735849,0,0.018867925,0,0.943396226,1,0.105263158,0.771929825,0.105263158,0,0.01754386
205,0.944444444,0.055555556,0,0,0.017241379,0.655172414,0.189655172,0.137931034,0,1,0,0,0,0,0,0,0,0.02,0.98,1,0.15,0.733333333,0.1,0,0.016666667
206,1,0,0,0,0,0.672413793,0.189655172,0.120689655,0.017241379,0,0,0,0,0,0.019607843,0,0,0,0.980392157,1,0.133333333,0.733333333,0.1,0,0.033333333
207,0.9375,0,0,0.0625,0,0.735849057,0.20754717,0.037735849,0.018867925,1,0,0,0,0,0.037735849,0.056603774,0.018867925,0.018867925,0.867924528,1,0.137931034,0.75862069,0.103448276,0,0
208,1,0,0,0,0,0.696428571,0.196428571,0.089285714,0.017857143,1,0,0,0,0,0.107142857,0.071428571,0,0.035714286,0.785714286,1,0.019607843,0.862745098,0.117647059,0,0
209,1,0,0,0,0,0.696428571,0.196428571,0.089285714,0.017857143,1,0,0,0,0,0.090909091,0.036363636,0,0.036363636,0.836363636,1,0.074074074,0.814814815,0.111111111,0,0
210,1,0,0,0,0,0.65,0.183333333,0.15,0.016666667,1,0,0,0,0,0.019607843,0.058823529,0,0,0.921568627,1,0.054545455,0.8,0.109090909,0,0.036363636
211,0.95,0,0,0.05,0,0.684210526,0.192982456,0.105263158,0.01754386,0,0,0,0,0,0.107142857,0,0,0,0.892857143,1,0.054545455,0.8,0.109090909,0,0.036363636
212,1,0,0,0,0,0.722222222,0.203703704,0.055555556,0.018518519,1,0,0,0,0,0.166666667,0.033333333,0,0.016666667,0.783333333,1,0.019230769,0.846153846,0.115384615,0,0.019230769
213,0.95,0,0,0.05,0,0.629032258,0.177419355,0.177419355,0.016129032,0,0,0,0,0,0.056603774,0,0,0,0.943396226,1,0.018867925,0.830188679,0.113207547,0,0.037735849
214,1,0,0,0,0,0.672413793,0.189655172,0.120689655,0.017241379,0,0,0,0,0,0.120689655,0,0.017241379,0,0.862068966,1,0.037735849,0.830188679,0.113207547,0,0.018867925
215,1,0,0,0,0,0.696428571,0.196428571,0.089285714,0.017857143,0,0,0,0,0,0.13559322,0,0.016949153,0,0.847457627,1,0.055555556,0.814814815,0.111111111,0,0.018518519
216,1,0,0,0,0,0.709090909,0.2,0.072727273,0.018181818,1,0,0,0,0,0.13559322,0.016949153,0.016949153,0,0.830508475,1,0.055555556,0.814814815,0.111111111,0,0.018518519
217,0.95,0,0,0.05,0,0.684210526,0.192982456,0.105263158,0.01754386,0,0,0,0,0,0.038461538,0,0,0,0.961538462,1,0.118644068,0.745762712,0.101694915,0,0.033898305
218,0.916666667,0,0,0.083333333,0,0.75,0.211538462,0.019230769,0.019230769,1,0,0,0,0,0.056603774,0.113207547,0,0.037735849,0.79245283,1,0.090909091,0.8,0.109090909,0,0
219,0.846153846,0.076923077,0,0.076923077,0,0.716981132,0.20754717,0.056603774,0.018867925,1,0,0,0,0,0.055555556,0.148148148,0.018518519,0,0.777777778,1,0.037735849,0.811320755,0.113207547,0.018867925,0.018867925
220,1,0,0,0,0,0.735849057,0.20754717,0.037735849,0.018867925,1,0,0,0,0,0,0.235294118,0.019607843,0,0.745098039,1,0.037735849,0.830188679,0.113207547,0,0.018867925
221,1,0,0,0,0,0.75,0.211538462,0.019230769,0.019230769,0.9,0,0,0,0.1,0.056603774,0.169811321,0,0,0.773584906,1,0.037037037,0.814814815,0.111111111,0,0.037037037
222,0.916666667,0,0,0.083333333,0,0.696428571,0.196428571,0.089285714,0.017857143,0.888888889,0,0,0,0.111111111,0.038461538,0.134615385,0,0.019230769,0.807692308,1,0,0.862745098,0.117647059,0,0.019607843
223,0.944444444,0,0,0.055555556,0,0.672413793,0.189655172,0.120689655,0.017241379,1,0,0,0,0,0.019607843,0.039215686,0,0,0.941176471,1,0.087719298,0.771929825,0.105263158,0,0.035087719
224,1,0,0,0,0,0.629032258,0.177419355,0.177419355,0.016129032,0,0,0,0,0,0.056603774,0,0,0,0.943396226,1,0.037037037,0.814814815,0.111111111,0,0.037037037
225,1,0,0,0,0,0.629032258,0.177419355,0.177419355,0.016129032,0,0,0,0,0,0.056603774,0,0,0,0.943396226,1,0.037037037,0.814814815,0.111111111,0,0.037037037
226,1,0,0,0,0,0.709090909,0.2,0.072727273,0.018181818,1,0,0,0,0,0,0.078431373,0.019607843,0.019607843,0.882352941,1,0.137931034,0.75862069,0.103448276,0,0
227,1,0,0,0,0,0.696428571,0.196428571,0.089285714,0.017857143,1,0,0,0,0,0.019230769,0.038461538,0.019230769,0,0.923076923,1,0.13559322,0.745762712,0.101694915,0,0.016949153
228,1,0,0,0,0,0.684210526,0.192982456,0.105263158,0.01754386,0,0,0,0,0,0.071428571,0,0.035714286,0,0.892857143,1,0.107142857,0.785714286,0.107142857,0,0
229,1,0,0,0,0,0.672413793,0.189655172,0.120689655,0.017241379,0,0,0,0,0,0.071428571,0,0.035714286,0,0.892857143,1,0.090909091,0.8,0.109090909,0,0
230,1,0,0,0,0,0.684210526,0.192982456,0.105263158,0.01754386,1,0,0,0,0,0.087719298,0.01754386,0.035087719,0,0.859649123,1,0.074074074,0.814814815,0.111111111,0,0
231,1,0,0,0,0,0.709090909,0.2,0.072727273,0.018181818,0,0,0,0,0,0.133333333,0,0.033333333,0,0.833333333,1,0.074074074,0.814814815,0.111111111,0,0
232,0.95,0,0,0.05,0,0.684210526,0.192982456,0.105263158,0.01754386,0,0,0,0,0,0.038461538,0,0,0,0.961538462,1,0.118644068,0.745762712,0.101694915,0,0.033898305
233,1,0,0,0,0,0.722222222,0.203703704,0.055555556,0.018518519,0,0,0,0,0,0.074074074,0,0,0,0.925925926,1,0.147540984,0.721311475,0.098360656,0,0.032786885
234,0.947368421,0,0,0.052631579,0,0.75,0.211538462,0.019230769,0.019230769,1,0,0,0,0,0.018867925,0.018867925,0.037735849,0,0.924528302,1,0.193548387,0.709677419,0.096774194,0,0
235,0.947368421,0,0,0.052631579,0,0.75,0.211538462,0.019230769,0.019230769,1,0,0,0,0,0.177419355,0,0.016129032,0.016129032,0.790322581,1,0.056603774,0.830188679,0.113207547,0,0
236,1,0,0,0,0,0.684210526,0.192982456,0.105263158,0.01754386,1,0,0,0,0,0.019607843,0.039215686,0,0.039215686,0.901960784,1,0.122807018,0.771929825,0.105263158,0,0
237,1,0,0,0,0,0.722222222,0.203703704,0.055555556,0.018518519,1,0,0,0,0,0.105263158,0.01754386,0.01754386,0.01754386,0.842105263,1,0.107142857,0.785714286,0.107142857,0,0
238,0.8,0,0,0.2,0,0.709090909,0.2,0.072727273,0.018181818,1,0,0,0,0,0,0.2,0,0.02,0.78,1,0,0.862745098,0.117647059,0,0.019607843
239,0.916666667,0,0,0.083333333,0,0.709090909,0.2,0.072727273,0.018181818,1,0,0,0,0,0.056603774,0.150943396,0,0,0.79245283,1,0,0.846153846,0.115384615,0,0.038461538
240,0.916666667,0.083333333,0,0,0.016949153,0.644067797,0.186440678,0.13559322,0.016949153,1,0,0,0,0,0,0.132075472,0.056603774,0,0.811320755,1,0,0.9,0.1,0,0
241,0.947368421,0.052631579,0,0,0.018181818,0.690909091,0.2,0.090909091,0,0,0,0,0,0,0.105263158,0,0.01754386,0,0.877192982,1,0.105263158,0.771929825,0.105263158,0,0.01754386
242,1,0,0,0,0,0.672413793,0.189655172,0.120689655,0.017241379,0,0,0,0,0,0.038461538,0,0,0,0.961538462,1,0.118644068,0.745762712,0.101694915,0,0.033898305
243,1,0,0,0,0,0.709090909,0.2,0.072727273,0.018181818,0,0,0,0,0,0.018867925,0,0.037735849,0,0.943396226,1,0.180327869,0.721311475,0.098360656,0,0
244,0.95,0,0.05,0,0,0.672413793,0.172413793,0.137931034,0.017241379,0,0,0,0,0,0.071428571,0,0.035714286,0,0.892857143,1,0.090909091,0.781818182,0.109090909,0.018181818,0
245,1,0,0,0,0,0.629032258,0.177419355,0.177419355,0.016129032,0,0,0,0,0,0.071428571,0,0.035714286,0,0.892857143,1,0.019607843,0.862745098,0.117647059,0,0
246,0.95,0,0.05,0,0,0.644067797,0.169491525,0.169491525,0.016949153,0,1,0,0,0,0.071428571,0.017857143,0.035714286,0,0.875,1,0.056603774,0.79245283,0.113207547,0.037735849,0
247,0.95,0,0,0.05,0,0.629032258,0.177419355,0.177419355,0.016129032,0,0,0,0,0,0,0,0.038461538,0,0.961538462,1,0.074074074,0.814814815,0.111111111,0,0
248,0.944444444,0,0,0.055555556,0.017857143,0.660714286,0.196428571,0.125,0,0.333333333,0.666666667,0,0,0,0.037735849,0.056603774,0.018867925,0,0.886792453,1,0.089285714,0.767857143,0.107142857,0.017857143,0.017857143
249,1,0,0,0,0,0.629032258,0.177419355,0.177419355,0.016129032,1,0,0,0,0,0.038461538,0.019230769,0,0.019230769,0.923076923,1,0.037735849,0.830188679,0.113207547,0,0.018867925
250,1,0,0,0,0,0.684210526,0.192982456,0.105263158,0.01754386,1,0,0,0,0,0.103448276,0.051724138,0.034482759,0,0.810344828,1,0.019607843,0.862745098,0.117647059,0,0
251,1,0,0,0,0,0.709090909,0.181818182,0.090909091,0.018181818,0.666666667,0,0.333333333,0,0,0.152542373,0.033898305,0,0.016949153,0.796610169,1,0.019230769,0.826923077,0.115384615,0.019230769,0.019230769
252,1,0,0,0,0,0.696428571,0.196428571,0.089285714,0.017857143,0,0,0,0,0,0.072727273,0,0.018181818,0,0.909090909,1,0.120689655,0.75862069,0.103448276,0,0.017241379
253,1,0,0,0,0,0.709090909,0.2,0.072727273,0.018181818,1,0,0,0,0,0.105263158,0.01754386,0.01754386,0.01754386,0.842105263,1,0.090909091,0.8,0.109090909,0,0
254,1,0,0,0,0,0.65,0.183333333,0.15,0.016666667,1,0,0,0,0,0.087719298,0.01754386,0.035087719,0,0.859649123,1,0.019607843,0.862745098,0.117647059,0,0
255,0.947368421,0,0,0.052631579,0,0.672413793,0.189655172,0.120689655,0.017241379,1,0,0,0,0,0.090909091,0.018181818,0,0,0.890909091,1,0.037037037,0.814814815,0.111111111,0,0.037037037
256,1,0,0,0,0,0.684210526,0.192982456,0.105263158,0.01754386,0,0,0,0,0,0.163934426,0,0.016393443,0,0.819672131,1,0,0.862745098,0.117647059,0,0.019607843
257,1,0,0,0,0,0.65,0.183333333,0.15,0.016666667,0,0,0,0,0,0.018867925,0,0.037735849,0,0.943396226,1,0.107142857,0.785714286,0.107142857,0,0
258,1,0,0,0,0,0.722222222,0.203703704,0.055555556,0.018518519,1,0,0,0,0,0.019230769,0.076923077,0.019230769,0,0.884615385,1,0.13559322,0.745762712,0.101694915,0,0.016949153
259,0.95,0,0,0.05,0,0.696428571,0.196428571,0.089285714,0.017857143,0,0,0,0,0,0.074074074,0,0,0,0.925925926,1,0.103448276,0.75862069,0.103448276,0,0.034482759
260,0.9,0.1,0,0,0.018867925,0.716981132,0.20754717,0.056603774,0,0.818181818,0,0,0.181818182,0,0.019607843,0.176470588,0,0,0.803921569,1,0.037037037,0.814814815,0.111111111,0,0.037037037
261,0.904761905,0,0,0.095238095,0,0.709090909,0.2,0.072727273,0.018181818,0,0,0,0,0,0.056603774,0,0,0,0.943396226,1,0.118644068,0.745762712,0.101694915,0,0.033898305
262,0.947368421,0,0,0.052631579,0,0.672413793,0.189655172,0.120689655,0.017241379,0.5,0,0,0,0.5,0.056603774,0.018867925,0,0,0.924528302,1,0.054545455,0.8,0.109090909,0,0.036363636
263,1,0,0,0,0,0.684210526,0.192982456,0.105263158,0.01754386,0,0,0,0,0,0.090909091,0,0,0,0.909090909,1,0.087719298,0.771929825,0.105263158,0,0.035087719
264,1,0,0,0,0,0.684210526,0.192982456,0.105263158,0.01754386,0.857142857,0,0,0,0.142857143,0,0.115384615,0.038461538,0,0.846153846,1,0.056603774,0.830188679,0.113207547,0,0
265,0.923076923,0.076923077,0,0,0.018518519,0.703703704,0.203703704,0.074074074,0,1,0,0,0,0,0,0.08,0,0.04,0.88,1,0.152542373,0.745762712,0.101694915,0,0
266,1,0,0,0,0,0.696428571,0.196428571,0.089285714,0.017857143,0.5,0,0,0.5,0,0.038461538,0.019230769,0,0,0.942307692,1,0.118644068,0.745762712,0.101694915,0,0.033898305
267,1,0,0,0,0,0.75,0.211538462,0.019230769,0.019230769,0,0,0,0,0,0,0,0,0,1,1,0.223880597,0.656716418,0.089552239,0,0.029850746
268,1,0,0,0,0,0.684210526,0.192982456,0.105263158,0.01754386,0,0,0,0,0,0,0,0.038461538,0,0.961538462,1,0.166666667,0.733333333,0.1,0,0
269,1,0,0,0,0,0.735849057,0.20754717,0.037735849,0.018867925,0,0,0,0,0,0.037037037,0,0.037037037,0,0.925925926,1,0.193548387,0.709677419,0.096774194,0,0
270,1,0,0,0,0,0.709090909,0.2,0.072727273,0.018181818,0,0,0,0,0,0.018867925,0,0.037735849,0,0.943396226,1,0.180327869,0.721311475,0.098360656,0,0
271,1,0,0,0,0,0.722222222,0.203703704,0.055555556,0.018518519,0.5,0,0,0.5,0,0,0.02,0,0,0.98,1,0.174603175,0.698412698,0.095238095,0,0.031746032
272,1,0,0,0,0,0.722222222,0.203703704,0.055555556,0.018518519,0,0,0,0,0,0.072727273,0,0.018181818,0,0.909090909,1,0.15,0.733333333,0.1,0,0.016666667
273,1,0,0,0,0,0.661016949,0.186440678,0.13559322,0.016949153,1,0,0,0,0,0.056603774,0.018867925,0,0,0.924528302,1,0.071428571,0.785714286,0.107142857,0,0.035714286
274,0.95,0,0,0.05,0,0.65,0.183333333,0.15,0.016666667,0,0,0,0,0,0,0,0,0,1,1,0.103448276,0.75862069,0.103448276,0,0.034482759
275,1,0,0,0,0,0.722222222,0.203703704,0.055555556,0.018518519,0.909090909,0,0,0,0.090909091,0,0.18,0,0.02,0.8,1,0.055555556,0.814814815,0.111111111,0,0.018518519
276,1,0,0,0,0,0.735849057,0.20754717,0.037735849,0.018867925,1,0,0,0,0,0.074074074,0.074074074,0,0,0.851851852,1,0.103448276,0.75862069,0.103448276,0,0.034482759
277,0.857142857,0.071428571,0,0.071428571,0.017857143,0.678571429,0.196428571,0.107142857,0,1,0,0,0,0,0.056603774,0.113207547,0,0,0.830188679,1,0.018867925,0.830188679,0.113207547,0,0.037735849
278,0.894736842,0,0,0.105263158,0,0.709090909,0.2,0.072727273,0.018181818,1,0,0,0,0,0,0.038461538,0.038461538,0,0.923076923,1,0.137931034,0.75862069,0.103448276,0,0
279,0.95,0,0,0.05,0,0.672413793,0.189655172,0.120689655,0.017241379,0,0,0,0,0,0.072727273,0,0.018181818,0,0.909090909,1,0.072727273,0.8,0.109090909,0,0.018181818
280,0.947368421,0,0,0.052631579,0,0.672413793,0.189655172,0.120689655,0.017241379,1,0,0,0,0,0.090909091,0.018181818,0,0,0.890909091,1,0.037037037,0.814814815,0.111111111,0,0.037037037
281,0.947368421,0,0,0.052631579,0,0.722222222,0.203703704,0.055555556,0.018518519,1,0,0,0,0,0.090909091,0,0,0.018181818,0.890909091,1,0.120689655,0.75862069,0.103448276,0,0.017241379
282,1,0,0,0,0,0.722222222,0.203703704,0.055555556,0.018518519,1,0,0,0,0,0.072727273,0.018181818,0.018181818,0.018181818,0.872727273,1,0.137931034,0.75862069,0.103448276,0,0
283,1,0,0,0,0,0.722222222,0.203703704,0.055555556,0.018518519,1,0,0,0,0,0.074074074,0,0,0.018518519,0.907407407,1,0.15,0.733333333,0.1,0,0.016666667
284,0.894736842,0,0,0.105263158,0,0.735849057,0.20754717,0.037735849,0.018867925,1,0,0,0,0,0.019607843,0.019607843,0,0.019607843,0.941176471,1,0.163934426,0.721311475,0.098360656,0,0.016393443
285,0.904761905,0,0,0.095238095,0,0.696428571,0.196428571,0.089285714,0.017857143,0,0,0,0,0,0.018867925,0,0.037735849,0,0.943396226,1,0.137931034,0.75862069,0.103448276,0,0
286,1,0,0,0,0,0.709090909,0.2,0.072727273,0.018181818,0.666666667,0,0,0.333333333,0,0.133333333,0.033333333,0.033333333,0,0.8,1,0.019607843,0.862745098,0.117647059,0,0
287,1,0,0,0,0,0.696428571,0.196428571,0.089285714,0.017857143,1,0,0,0,0,0.107142857,0,0,0.017857143,0.875,1,0.089285714,0.785714286,0.107142857,0,0.017857143
288,1,0,0,0,0,0.65,0.183333333,0.15,0.016666667,0,0,0,0,0,0.107142857,0,0,0,0.892857143,1,0.018867925,0.830188679,0.113207547,0,0.037735849
289,1,0,0,0,0,0.672413793,0.189655172,0.120689655,0.017241379,0.5,0,0,0,0.5,0.122807018,0.01754386,0,0,0.859649123,1,0,0.846153846,0.115384615,0,0.038461538
290,1,0,0,0,0,0.65,0.183333333,0.15,0.016666667,1,0,0,0,0,0.019607843,0.019607843,0,0,0.960784314,1,0.087719298,0.771929825,0.105263158,0,0.035087719
291,1,0,0,0,0,0.672413793,0.189655172,0.120689655,0.017241379,0.5,0,0,0.25,0.25,0.037735849,0.037735849,0.018867925,0,0.905660377,1,0.055555556,0.814814815,0.111111111,0,0.018518519
292,0.9,0,0,0.1,0,0.672413793,0.189655172,0.120689655,0.017241379,1,0,0,0,0,0.055555556,0,0.018518519,0.018518519,0.907407407,1,0.074074074,0.814814815,0.111111111,0,0
293,1,0,0,0,0,0.639344262,0.180327869,0.163934426,0.016393443,1,0,0,0,0,0.019230769,0.019230769,0.019230769,0,0.942307692,1,0.072727273,0.8,0.109090909,0,0.018181818
294,1,0,0,0,0,0.629032258,0.177419355,0.177419355,0.016129032,1,0,0,0,0,0.089285714,0,0.017857143,0.017857143,0.875,1,0,0.88,0.12,0,0
295,1,0,0,0,0,0.629032258,0.177419355,0.177419355,0.016129032,1,0,0,0,0,0.037037037,0.055555556,0.037037037,0,0.87037037,1,0,0.88,0.12,0,0
296,1,0,0,0,0,0.639344262,0.180327869,0.163934426,0.016393443,1,0,0,0,0,0.018867925,0.037735849,0.037735849,0,0.905660377,1,0.056603774,0.830188679,0.113207547,0,0
297,0.95,0,0,0.05,0,0.684210526,0.192982456,0.105263158,0.01754386,0,0,0,0,0,0.037735849,0,0.018867925,0,0.943396226,1,0.120689655,0.75862069,0.103448276,0,0.017241379
298,1,0,0,0,0,0.672413793,0.189655172,0.120689655,0.017241379,0.5,0,0,0,0.5,0.071428571,0.017857143,0.035714286,0,0.875,1,0.056603774,0.830188679,0.113207547,0,0
299,0.9,0,0,0.1,0,0.696428571,0.196428571,0.089285714,0.017857143,1,0,0,0,0,0,0,0.019607843,0.019607843,0.960784314,1,0.152542373,0.745762712,0.101694915,0,0
300,0.95,0,0,0.05,0,0.65,0.183333333,0.15,0.016666667,0,0,0,0,0,0.105263158,0,0.01754386,0,0.877192982,1,0,0.862745098,0.117647059,0,0.019607843
301,1,0,0,0,0,0.619047619,0.174603175,0.19047619,0.015873016,0,0,0,0,0,0.056603774,0,0,0,0.943396226,1,0.018867925,0.830188679,0.113207547,0,0.037735849
302,1,0,0,0,0,0.6,0.169230769,0.215384615,0.015384615,0,0,0,0,0,0.019230769,0,0.019230769,0,0.961538462,1,0.019230769,0.846153846,0.115384615,0,0.019230769
303,1,0,0,0,0,0.672413793,0.189655172,0.120689655,0.017241379,0.833333333,0,0,0,0.166666667,0,0.098039216,0.019607843,0,0.882352941,1,0.055555556,0.814814815,0.111111111,0,0.018518519
304,1,0,0,0,0,0.672413793,0.189655172,0.120689655,0.017241379,0.909090909,0,0,0.090909091,0,0,0.16,0,0.04,0.8,1,0,0.88,0.12,0,0
305,1,0,0,0,0,0.696428571,0.196428571,0.089285714,0.017857143,0.5,0,0,0,0.5,0.103448276,0.017241379,0.034482759,0,0.844827586,1,0.056603774,0.830188679,0.113207547,0,0
306,0.95,0,0,0.05,0,0.709090909,0.2,0.072727273,0.018181818,0,0,0,0,0,0.152542373,0,0,0,0.847457627,1,0.037037037,0.814814815,0.111111111,0,0.037037037
307,1,0,0,0,0,0.661016949,0.186440678,0.13559322,0.016949153,0,0,0,0,0,0.133333333,0,0.033333333,0,0.833333333,1,0,0.88,0.12,0,0
308,0.947368421,0,0,0.052631579,0,0.684210526,0.192982456,0.105263158,0.01754386,1,0,0,0,0,0.13559322,0,0.016949153,0.016949153,0.830508475,1,0.019607843,0.862745098,0.117647059,0,0
309,0.894736842,0,0,0.105263158,0,0.75,0.211538462,0.019230769,0.019230769,1,0,0,0,0,0.120689655,0.034482759,0.017241379,0,0.827586207,1,0.072727273,0.8,0.109090909,0,0.018181818
310,1,0,0,0,0,0.666666667,0.192982456,0.122807018,0.01754386,0,1,0,0,0,0.120689655,0.017241379,0.017241379,0,0.844827586,1,0.037735849,0.811320755,0.113207547,0.018867925,0.018867925
311,0.95,0,0,0.05,0,0.709090909,0.2,0.072727273,0.018181818,0,0,0,0,0,0.074074074,0,0,0,0.925925926,1,0.118644068,0.745762712,0.101694915,0,0.033898305
312,1,0,0,0,0,0.65,0.183333333,0.15,0.016666667,0,0,0,0,0,0.118644068,0,0.033898305,0,0.847457627,1,0,0.88,0.12,0,0
313,1,0,0,0,0,0.672413793,0.189655172,0.120689655,0.017241379,0.5,0,0,0,0.5,0.090909091,0.018181818,0,0,0.890909091,1,0.037037037,0.814814815,0.111111111,0,0.037037037
314,0.947368421,0.052631579,0,0,0.018181818,0.690909091,0.2,0.072727273,0.018181818,0,0,0,0,0,0.019230769,0,0.019230769,0,0.961538462,1,0.161290323,0.725806452,0.080645161,0,0.032258065
315,1,0,0,0,0,0.672413793,0.189655172,0.120689655,0.017241379,0,0,0,0,0,0.103448276,0,0.034482759,0,0.862068966,1,0.056603774,0.830188679,0.113207547,0,0
316,1,0,0,0,0,0.696428571,0.196428571,0.089285714,0.017857143,0,0,0,0,0,0.166666667,0,0,0,0.833333333,1,0.018867925,0.830188679,0.113207547,0,0.037735849
317,1,0,0,0,0,0.684210526,0.192982456,0.105263158,0.01754386,0,0,0,0,0,0.166666667,0,0,0,0.833333333,1,0,0.846153846,0.115384615,0,0.038461538
318,1,0,0,0,0,0.709090909,0.2,0.072727273,0.018181818,0,0,0,0,0,0.15,0,0.016666667,0,0.833333333,1,0.055555556,0.814814815,0.111111111,0,0.018518519
319,0.923076923,0,0,0.076923077,0,0.684210526,0.192982456,0.105263158,0.01754386,1,0,0,0,0,0.055555556,0.111111111,0.018518519,0.018518519,0.796296296,1,0,0.88,0.12,0,0
320,1,0,0,0,0,0.735849057,0.20754717,0.037735849,0.018867925,0.818181818,0,0,0.090909091,0.090909091,0.019607843,0.156862745,0,0.019607843,0.803921569,1,0.055555556,0.814814815,0.111111111,0,0.018518519
321,1,0,0,0,0,0.672413793,0.189655172,0.120689655,0.017241379,0.888888889,0,0,0,0.111111111,0,0.153846154,0.038461538,0,0.807692308,1,0,0.88,0.12,0,0
322,1,0,0,0,0,0.672413793,0.189655172,0.120689655,0.017241379,0,0,0,0,0,0.107142857,0,0,0,0.892857143,1,0.054545455,0.8,0.109090909,0,0.036363636
323,1,0,0,0,0,0.639344262,0.180327869,0.163934426,0.016393443,0,0,0,0,0,0.087719298,0,0.035087719,0,0.877192982,1,0.019607843,0.862745098,0.117647059,0,0
324,0.947368421,0,0,0.052631579,0,0.672413793,0.189655172,0.120689655,0.017241379,1,0,0,0,0,0.107142857,0.017857143,0,0,0.875,1,0.018867925,0.830188679,0.113207547,0,0.037735849
325,1,0,0,0,0,0.684210526,0.192982456,0.105263158,0.01754386,1,0,0,0,0,0.15,0,0.016666667,0.016666667,0.816666667,1,0.019607843,0.862745098,0.117647059,0,0
326,1,0,0,0,0,0.696428571,0.196428571,0.089285714,0.017857143,0.8,0,0,0.2,0,0,0.076923077,0.038461538,0,0.884615385,1,0.107142857,0.785714286,0.107142857,0,0
327,1,0,0,0,0,0.722222222,0.203703704,0.055555556,0.018518519,1,0,0,0,0,0.071428571,0.125,0.035714286,0,0.767857143,1,0.038461538,0.846153846,0.115384615,0,0
328,1,0,0,0,0,0.696428571,0.196428571,0.089285714,0.017857143,1,0,0,0,0,0.090909091,0.072727273,0,0,0.836363636,1,0.037037037,0.814814815,0.111111111,0,0.037037037
329,1,0,0,0,0,0.709090909,0.2,0.072727273,0.018181818,0.9,0,0,0,0.1,0,0.176470588,0.019607843,0,0.803921569,1,0.037735849,0.830188679,0.113207547,0,0.018867925
330,1,0,0,0,0,0.735849057,0.20754717,0.037735849,0.018867925,0.846153846,0,0,0,0.153846154,0.038461538,0.192307692,0,0.019230769,0.75,1,0,0.862745098,0.117647059,0,0.019607843
331,1,0,0,0,0,0.735849057,0.20754717,0.037735849,0.018867925,0.923076923,0,0,0.076923077,0,0,0.2,0,0.04,0.76,1,0.056603774,0.830188679,0.113207547,0,0
332,1,0,0,0,0,0.639344262,0.180327869,0.163934426,0.016393443,0,0,0,0,0,0.072727273,0,0.018181818,0,0.909090909,1,0.037735849,0.830188679,0.113207547,0,0.018867925
333,0.944444444,0,0,0.055555556,0.017241379,0.655172414,0.189655172,0.120689655,0.017241379,0.5,0.5,0,0,0,0.107142857,0,0,0.035714286,0.857142857,1,0.019230769,0.865384615,0.096153846,0,0.019230769
334,1,0,0,0,0,0.709090909,0.2,0.072727273,0.018181818,0,0,0,0,0,0.056603774,0,0,0,0.943396226,1,0.147540984,0.721311475,0.098360656,0,0.032786885
335,0.95,0,0,0.05,0,0.735849057,0.20754717,0.037735849,0.018867925,0,0,0,0,0,0.019230769,0,0.019230769,0,0.961538462,1,0.19047619,0.698412698,0.095238095,0,0.015873016
336,1,0,0,0,0,0.639344262,0.180327869,0.163934426,0.016393443,1,0,0,0,0,0.090909091,0,0,0.018181818,0.890909091,1,0.019230769,0.846153846,0.115384615,0,0.019230769
337,1,0,0,0,0,0.696428571,0.196428571,0.089285714,0.017857143,0.916666667,0,0,0,0.083333333,0.019607843,0.176470588,0,0.039215686,0.764705882,1,0,0.88,0.12,0,0
338,1,0,0,0,0,0.629032258,0.177419355,0.177419355,0.016129032,1,0,0,0,0,0,0.1,0,0.04,0.86,1,0,0.88,0.12,0,0
339,1,0,0,0,0,0.709090909,0.2,0.072727273,0.018181818,0,0,0,0,0,0.19047619,0,0.015873016,0,0.793650794,1,0,0.862745098,0.117647059,0,0.019607843
340,1,0,0,0,0,0.709090909,0.2,0.072727273,0.018181818,0,0,0,0,0,0.122807018,0,0,0,0.877192982,1,0.087719298,0.771929825,0.105263158,0,0.035087719
341,1,0,0,0,0,0.709090909,0.2,0.072727273,0.018181818,0.666666667,0,0,0.333333333,0,0.019607843,0.019607843,0,0.019607843,0.941176471,1,0.15,0.733333333,0.1,0,0.016666667
342,1,0,0,0,0,0.619047619,0.174603175,0.19047619,0.015873016,0,0,0,0,0,0,0,0.019607843,0,0.980392157,1,0.072727273,0.8,0.109090909,0,0.018181818
343,1,0,0,0,0,0.65,0.183333333,0.15,0.016666667,1,0,0,0,0,0.089285714,0.017857143,0.017857143,0.017857143,0.857142857,1,0.019607843,0.862745098,0.117647059,0,0
344,0.933333333,0,0,0.066666667,0,0.709090909,0.2,0.072727273,0.018181818,0.833333333,0,0,0,0.166666667,0,0.078431373,0.019607843,0.019607843,0.882352941,1,0.107142857,0.785714286,0.107142857,0,0
345,1,0,0,0,0,0.75,0.211538462,0.019230769,0.019230769,0.666666667,0,0,0,0.333333333,0.056603774,0.018867925,0,0.018867925,0.905660377,1,0.163934426,0.721311475,0.098360656,0,0.016393443
346,1,0,0,0,0,0.709090909,0.2,0.072727273,0.018181818,0.75,0,0,0.125,0.125,0.037037037,0.111111111,0.037037037,0,0.814814815,1,0.038461538,0.846153846,0.115384615,0,0
347,1,0,0,0,0,0.722222222,0.203703704,0.055555556,0.018518519,1,0,0,0,0,0.166666667,0.033333333,0,0,0.8,1,0.018867925,0.830188679,0.113207547,0,0.037735849
348,1,0,0,0,0,0.735849057,0.20754717,0.037735849,0.018867925,1,0,0,0,0,0.206349206,0.015873016,0,0.015873016,0.761904762,1,0,0.862745098,0.117647059,0,0.019607843
349,1,0,0,0,0,0.696428571,0.196428571,0.089285714,0.017857143,0,0,0,0,0,0.090909091,0,0,0,0.909090909,1,0.103448276,0.75862069,0.103448276,0,0.034482759
350,0.904761905,0,0,0.095238095,0,0.684210526,0.175438596,0.122807018,0.01754386,0,0,1,0,0,0.089285714,0,0.017857143,0.017857143,0.875,1,0.037735849,0.830188679,0.094339623,0.018867925,0.018867925
351,1,0,0,0,0,0.629032258,0.177419355,0.177419355,0.016129032,0,0,0,0,0,0.072727273,0,0.018181818,0,0.909090909,1,0.019230769,0.846153846,0.115384615,0,0.019230769
352,1,0,0,0,0,0.684210526,0.192982456,0.105263158,0.01754386,0.666666667,0,0,0,0.333333333,0.037735849,0.018867925,0.018867925,0.018867925,0.905660377,1,0.107142857,0.785714286,0.107142857,0,0
353,1,0,0,0,0,0.672413793,0.189655172,0.120689655,0.017241379,0,0,0,0,0,0.133333333,0,0.033333333,0,0.833333333,1,0.019607843,0.862745098,0.117647059,0,0
354,1,0,0,0,0,0.672413793,0.189655172,0.120689655,0.017241379,1,0,0,0,0,0.122807018,0,0,0.01754386,0.859649123,1,0.037735849,0.830188679,0.113207547,0,0.018867925
355,0.95,0,0,0.05,0,0.629032258,0.177419355,0.177419355,0.016129032,0,0,0,0,0,0.037037037,0,0.037037037,0,0.925925926,1,0.038461538,0.846153846,0.115384615,0,0
356,1,0,0,0,0,0.661016949,0.186440678,0.13559322,0.016949153,1,0,0,0,0,0.120689655,0,0.017241379,0.017241379,0.844827586,1,0.019607843,0.862745098,0.117647059,0,0
357,1,0,0,0,0,0.696428571,0.196428571,0.089285714,0.017857143,1,0,0,0,0,0.15,0.016666667,0.016666667,0.016666667,0.8,1,0.019607843,0.862745098,0.117647059,0,0
358,1,0,0,0,0,0.709090909,0.2,0.072727273,0.018181818,0,0,0,0,0,0.19047619,0,0.015873016,0,0.793650794,1,0,0.862745098,0.117647059,0,0.019607843
359,1,0,0,0,0,0.629032258,0.177419355,0.177419355,0.016129032,0,0,0,0,0,0.037037037,0,0.037037037,0,0.925925926,1,0.056603774,0.830188679,0.113207547,0,0
360,1,0,0,0,0,0.65,0.183333333,0.15,0.016666667,0.8,0,0,0.2,0,0.037735849,0.075471698,0.018867925,0,0.867924528,1,0,0.862745098,0.117647059,0,0.019607843
361,1,0,0,0,0,0.75,0.211538462,0.019230769,0.019230769,1,0,0,0,0,0.037735849,0.113207547,0.018867925,0,0.830188679,1,0.120689655,0.75862069,0.103448276,0,0.017241379
362,1,0,0,0,0,0.661016949,0.186440678,0.13559322,0.016949153,1,0,0,0,0,0.072727273,0.036363636,0.018181818,0,0.872727273,1,0.037735849,0.830188679,0.113207547,0,0.018867925
363,0.944444444,0,0,0.055555556,0,0.722222222,0.203703704,0.055555556,0.018518519,1,0,0,0,0,0.13559322,0.033898305,0.016949153,0,0.813559322,1,0.037735849,0.830188679,0.113207547,0,0.018867925
364,1,0,0,0,0,0.75,0.211538462,0.019230769,0.019230769,1,0,0,0,0,0.090909091,0.018181818,0,0.036363636,0.854545455,1,0.152542373,0.745762712,0.101694915,0,0
365,1,0,0,0,0,0.709090909,0.2,0.072727273,0.018181818,0,0,0,0,0,0.133333333,0,0.033333333,0,0.833333333,1,0.074074074,0.814814815,0.111111111,0,0
366,1,0,0,0,0,0.722222222,0.203703704,0.055555556,0.018518519,0.833333333,0,0,0.083333333,0.083333333,0.018867925,0.188679245,0.037735849,0,0.754716981,1,0,0.88,0.12,0,0
367,0.947368421,0,0,0.052631579,0,0.672413793,0.189655172,0.120689655,0.017241379,1,0,0,0,0,0.089285714,0.017857143,0.017857143,0,0.875,1,0.037735849,0.830188679,0.113207547,0,0.018867925
368,1,0,0,0,0,0.65,0.183333333,0.15,0.016666667,1,0,0,0,0,0.054545455,0.036363636,0.036363636,0,0.872727273,1,0.038461538,0.846153846,0.115384615,0,0
369,1,0,0,0,0,0.661016949,0.186440678,0.13559322,0.016949153,0,0,0,0,0,0.107142857,0,0,0,0.892857143,1,0.037037037,0.814814815,0.111111111,0,0.037037037
370,1,0,0,0,0,0.639344262,0.180327869,0.163934426,0.016393443,0,0,0,0,0,0.105263158,0,0.01754386,0,0.877192982,1,0,0.862745098,0.117647059,0,0.019607843
371,0.947368421,0,0,0.052631579,0,0.722222222,0.203703704,0.055555556,0.018518519,0.5,0,0,0.5,0,0.071428571,0.017857143,0.035714286,0,0.875,1,0.107142857,0.785714286,0.107142857,0,0
372,1,0,0,0,0,0.735849057,0.20754717,0.037735849,0.018867925,0.666666667,0,0,0.333333333,0,0.120689655,0.034482759,0.017241379,0,0.827586207,1,0.072727273,0.8,0.109090909,0,0.018181818
373,0.95,0,0,0.05,0,0.65,0.183333333,0.15,0.016666667,0,0,0,0,0,0.090909091,0,0,0,0.909090909,1,0.018867925,0.830188679,0.113207547,0,0.037735849
374,0.95,0,0,0.05,0,0.684210526,0.192982456,0.105263158,0.01754386,0,0,0,0,0,0.122807018,0,0,0,0.877192982,1,0.037037037,0.814814815,0.111111111,0,0.037037037
375,1,0,0,0,0,0.672413793,0.189655172,0.120689655,0.017241379,1,0,0,0,0,0.137931034,0,0,0.017241379,0.844827586,1,0.019230769,0.846153846,0.115384615,0,0.019230769
376,0.904761905,0,0,0.095238095,0,0.65,0.183333333,0.15,0.016666667,0,0,0,0,0,0.090909091,0,0,0,0.909090909,1,0,0.846153846,0.115384615,0,0.038461538
377,0.904761905,0,0,0.095238095,0,0.672413793,0.189655172,0.120689655,0.017241379,0,0,0,0,0,0.103448276,0,0.034482759,0,0.862068966,1,0.019607843,0.862745098,0.117647059,0,0
378,1,0,0,0,0,0.65,0.183333333,0.15,0.016666667,0,0,0,0,0,0.037037037,0,0.037037037,0,0.925925926,1,0.090909091,0.8,0.109090909,0,0
379,0.95,0,0,0.05,0,0.722222222,0.203703704,0.055555556,0.018518519,0,0,0,0,0,0.133333333,0,0.033333333,0,0.833333333,1,0.074074074,0.814814815,0.111111111,0,0
380,0.941176471,0,0,0.058823529,0,0.684210526,0.192982456,0.105263158,0.01754386,1,0,0,0,0,0.019607843,0.058823529,0,0,0.921568627,1,0.087719298,0.771929825,0.105263158,0,0.035087719
381,0.904761905,0,0,0.095238095,0,0.65,0.183333333,0.15,0.016666667,0,0,0,0,0,0.037037037,0,0.037037037,0,0.925925926,1,0.056603774,0.830188679,0.113207547,0,0
382,1,0,0,0,0,0.696428571,0.196428571,0.089285714,0.017857143,1,0,0,0,0,0.054545455,0.018181818,0.036363636,0,0.890909091,1,0.122807018,0.771929825,0.105263158,0,0
383,0.904761905,0,0,0.095238095,0,0.696428571,0.196428571,0.089285714,0.017857143,0,0,0,0,0,0.13559322,0,0.016949153,0,0.847457627,1,0.019230769,0.846153846,0.115384615,0,0.019230769
384,0.904761905,0,0,0.095238095,0,0.684210526,0.192982456,0.105263158,0.01754386,0,0,0,0,0,0.089285714,0,0.017857143,0,0.892857143,1,0.055555556,0.814814815,0.111111111,0,0.018518519
385,0.95,0,0,0.05,0,0.661016949,0.186440678,0.13559322,0.016949153,0,0,0,0,0,0.118644068,0,0.033898305,0,0.847457627,1,0,0.88,0.12,0,0
386,1,0,0,0,0,0.75,0.211538462,0.019230769,0.019230769,1,0,0,0,0,0.074074074,0.166666667,0,0.037037037,0.722222222,1,0.038461538,0.846153846,0.115384615,0,0
387,1,0,0,0,0,0.75,0.211538462,0.019230769,0.019230769,0.888888889,0,0,0.111111111,0,0.107142857,0.107142857,0,0.035714286,0.75,1,0.038461538,0.846153846,0.115384615,0,0
388,1,0,0,0,0,0.709090909,0.2,0.072727273,0.018181818,1,0,0,0,0,0.072727273,0.018181818,0.018181818,0,0.890909091,1,0.120689655,0.75862069,0.103448276,0,0.017241379
389,1,0,0,0,0,0.639344262,0.180327869,0.163934426,0.016393443,0,0,0,0,0,0.089285714,0,0.017857143,0,0.892857143,1,0.019230769,0.846153846,0.115384615,0,0.019230769
390,0.941176471,0,0,0.058823529,0,0.684210526,0.192982456,0.105263158,0.01754386,1,0,0,0,0,0.105263158,0.052631579,0.01754386,0,0.824561404,1,0,0.862745098,0.117647059,0,0.019607843
391,1,0,0,0,0,0.639344262,0.180327869,0.163934426,0.016393443,0,0,0,0,0,0.072727273,0,0.018181818,0,0.909090909,1,0.037735849,0.830188679,0.113207547,0,0.018867925
392,1,0,0,0,0,0.709090909,0.2,0.072727273,0.018181818,0,0,0,0,0,0,0,0.019607843,0,0.980392157,1,0.19047619,0.698412698,0.095238095,0,0.015873016
393,0.947368421,0,0,0.052631579,0,0.735849057,0.20754717,0.037735849,0.018867925,1,0,0,0,0,0.038461538,0.019230769,0,0,0.942307692,1,0.161290323,0.709677419,0.096774194,0,0.032258065
394,1,0,0,0,0,0.696428571,0.196428571,0.089285714,0.017857143,0,0,0,0,0,0.019607843,0,0,0,0.980392157,1,0.161290323,0.709677419,0.096774194,0,0.032258065
395,0.95,0,0,0.05,0,0.661016949,0.186440678,0.13559322,0.016949153,0,0,0,0,0,0.019230769,0,0.019230769,0,0.961538462,1,0.105263158,0.771929825,0.105263158,0,0.01754386
396,1,0,0,0,0,0.65,0.183333333,0.15,0.016666667,0,0,0,0,0,0.019230769,0,0.019230769,0,0.961538462,1,0.105263158,0.771929825,0.105263158,0,0.01754386
397,1,0,0,0,0,0.639344262,0.180327869,0.163934426,0.016393443,0,0,0,0,0,0.074074074,0,0,0,0.925925926,1,0.037037037,0.814814815,0.111111111,0,0.037037037
398,1,0,0,0,0,0.722222222,0.203703704,0.055555556,0.018518519,0.5,0,0,0,0.5,0.019607843,0.019607843,0,0,0.960784314,1,0.161290323,0.709677419,0.096774194,0,0.032258065
399,1,0,0,0,0,0.722222222,0.203703704,0.055555556,0.018518519,0,0,0,0,0,0,0,0.019607843,0,0.980392157,1,0.203125,0.6875,0.09375,0,0.015625
400,1,0,0,0,0,0.75,0.211538462,0.019230769,0.019230769,1,0,0,0,0,0.038461538,0.019230769,0,0,0.942307692,1,0.1875,0.6875,0.09375,0,0.03125
401,0.947368421,0,0,0.052631579,0,0.709090909,0.2,0.072727273,0.018181818,1,0,0,0,0,0.037735849,0,0.018867925,0.018867925,0.924528302,1,0.152542373,0.745762712,0.101694915,0,0
402,1,0,0,0,0,0.696428571,0.196428571,0.089285714,0.017857143,0,0,0,0,0,0.074074074,0,0,0,0.925925926,1,0.118644068,0.745762712,0.101694915,0,0.033898305
403,0.947368421,0.052631579,0,0,0.016129032,0.612903226,0.177419355,0.177419355,0.016129032,0,0,0,0,0,0,0,0.019607843,0,0.980392157,1,0.071428571,0.785714286,0.107142857,0,0.035714286
404,1,0,0,0,0,0.75,0.211538462,0.019230769,0.019230769,0.818181818,0,0,0.090909091,0.090909091,0.090909091,0.127272727,0,0.036363636,0.745454545,1,0.019607843,0.862745098,0.117647059,0,0
405,1,0,0,0,0,0.672413793,0.189655172,0.120689655,0.017241379,1,0,0,0,0,0.107142857,0.017857143,0,0,0.875,1,0.037037037,0.814814815,0.111111111,0,0.037037037
406,1,0,0,0,0,0.709090909,0.2,0.072727273,0.018181818,1,0,0,0,0,0.105263158,0,0.01754386,0.01754386,0.859649123,1,0.107142857,0.785714286,0.107142857,0,0
407,0.944444444,0,0.055555556,0,0.036363636,0.690909091,0.181818182,0.072727273,0.018181818,0,1,0,0,0,0.137931034,0.017241379,0,0,0.844827586,1,0.054545455,0.8,0.109090909,0,0.036363636
408,1,0,0,0,0,0.661016949,0.186440678,0.13559322,0.016949153,0,0,0,0,0,0.037735849,0,0.018867925,0,0.943396226,1,0.105263158,0.771929825,0.105263158,0,0.01754386
409,1,0,0,0,0,0.629032258,0.177419355,0.177419355,0.016129032,0,0,0,0,0,0.071428571,0,0.035714286,0,0.892857143,1,0.019607843,0.862745098,0.117647059,0,0
410,1,0,0,0,0,0.619047619,0.174603175,0.19047619,0.015873016,0,0,0,0,0,0.018867925,0,0.037735849,0,0.943396226,1,0.056603774,0.830188679,0.113207547,0,0
411,1,0,0,0,0,0.639344262,0.180327869,0.163934426,0.016393443,0,0,0,0,0,0,0,0.038461538,0,0.961538462,1,0.107142857,0.785714286,0.107142857,0,0
412,1,0,0,0,0,0.684210526,0.192982456,0.105263158,0.01754386,0,0,0,0,0,0.107142857,0,0,0,0.892857143,1,0.071428571,0.785714286,0.107142857,0,0.035714286
413,1,0,0,0,0,0.684210526,0.192982456,0.105263158,0.01754386,0,0,0,0,0,0.122807018,0,0,0,0.877192982,1,0.054545455,0.8,0.109090909,0,0.036363636
414,1,0,0,0,0,0.661016949,0.186440678,0.13559322,0.016949153,0,0,0,0,0,0.038461538,0,0,0,0.961538462,1,0.103448276,0.75862069,0.103448276,0,0.034482759
415,1,0,0,0,0,0.709090909,0.2,0.072727273,0.018181818,0,0,0,0,0,0.019230769,0,0.019230769,0,0.961538462,1,0.177419355,0.709677419,0.096774194,0,0.016129032
416,0.95,0,0.05,0,0,0.75,0.192307692,0.038461538,0.019230769,0,0,0,0,0,0.018867925,0,0.037735849,0,0.943396226,1,0.21875,0.671875,0.09375,0.015625,0
417,0.944444444,0,0,0.055555556,0,0.709090909,0.2,0.072727273,0.018181818,1,0,0,0,0,0.056603774,0,0,0.037735849,0.905660377,1,0.137931034,0.75862069,0.103448276,0,0
418,0.947368421,0,0,0.052631579,0,0.735849057,0.20754717,0.037735849,0.018867925,1,0,0,0,0,0.133333333,0.016666667,0.033333333,0,0.816666667,1,0.074074074,0.814814815,0.111111111,0,0
419,0.944444444,0,0,0.055555556,0,0.709090909,0.2,0.072727273,0.018181818,1,0,0,0,0,0.105263158,0.035087719,0.01754386,0,0.842105263,1,0.055555556,0.814814815,0.111111111,0,0.018518519
420,0.95,0,0,0.05,0,0.722222222,0.203703704,0.055555556,0.018518519,0,0,0,0,0,0.089285714,0,0.017857143,0,0.892857143,1,0.120689655,0.75862069,0.103448276,0,0.017241379
421,1,0,0,0,0,0.709090909,0.2,0.072727273,0.018181818,0,0,0,0,0,0.105263158,0,0.01754386,0,0.877192982,1,0.105263158,0.771929825,0.105263158,0,0.01754386
422,1,0,0,0,0,0.661016949,0.186440678,0.13559322,0.016949153,0,0,0,0,0,0.090909091,0,0,0,0.909090909,1,0.054545455,0.8,0.109090909,0,0.036363636
423,1,0,0,0,0,0.709090909,0.2,0.072727273,0.018181818,1,0,0,0,0,0.120689655,0.017241379,0.017241379,0,0.844827586,1,0.072727273,0.8,0.109090909,0,0.018181818
424,0.941176471,0,0,0.058823529,0,0.709090909,0.2,0.072727273,0.018181818,1,0,0,0,0,0.055555556,0.055555556,0.018518519,0,0.87037037,1,0.089285714,0.785714286,0.107142857,0,0.017857143
425,0.95,0,0,0.05,0,0.709090909,0.2,0.072727273,0.018181818,0,0,0,0,0,0.166666667,0,0,0,0.833333333,1,0.018867925,0.830188679,0.113207547,0,0.037735849
426,0.947368421,0,0,0.052631579,0,0.661016949,0.186440678,0.13559322,0.016949153,1,0,0,0,0,0.122807018,0,0,0.01754386,0.859649123,1,0,0.862745098,0.117647059,0,0.019607843
427,1,0,0,0,0,0.709090909,0.2,0.072727273,0.018181818,1,0,0,0,0,0.180327869,0.016393443,0,0.016393443,0.786885246,1,0,0.862745098,0.117647059,0,0.019607843
428,1,0,0,0,0,0.619047619,0.174603175,0.19047619,0.015873016,0,0,0,0,0,0.056603774,0,0,0,0.943396226,1,0.018867925,0.830188679,0.113207547,0,0.037735849
429,1,0,0,0,0,0.639344262,0.180327869,0.163934426,0.016393443,1,0,0,0,0,0.019607843,0.058823529,0,0,0.921568627,1,0.037037037,0.814814815,0.111111111,0,0.037037037
430,1,0,0,0,0,0.696428571,0.196428571,0.089285714,0.017857143,0,0,0,0,0,0.122807018,0,0,0,0.877192982,1,0.071428571,0.785714286,0.107142857,0,0.035714286
431,0.95,0,0,0.05,0,0.661016949,0.186440678,0.13559322,0.016949153,0,0,0,0,0,0.018867925,0,0.037735849,0,0.943396226,1,0.107142857,0.785714286,0.107142857,0,0
432,1,0,0,0,0,0.672413793,0.189655172,0.120689655,0.017241379,0.75,0,0,0,0.25,0.090909091,0.054545455,0,0,0.854545455,1,0,0.846153846,0.115384615,0,0.038461538
433,0.947368421,0,0,0.052631579,0,0.661016949,0.186440678,0.13559322,0.016949153,1,0,0,0,0,0.055555556,0.018518519,0.018518519,0,0.907407407,1,0.055555556,0.814814815,0.111111111,0,0.018518519
434,1,0,0,0,0,0.722222222,0.203703704,0.055555556,0.018518519,0.666666667,0,0,0.333333333,0,0.055555556,0.018518519,0.018518519,0.018518519,0.888888889,1,0.137931034,0.75862069,0.103448276,0,0
435,0.95,0,0,0.05,0,0.684210526,0.192982456,0.105263158,0.01754386,0,0,0,0,0,0.089285714,0,0.017857143,0,0.892857143,1,0.072727273,0.8,0.109090909,0,0.018181818
436,1,0,0,0,0,0.65,0.183333333,0.15,0.016666667,0,0,0,0,0,0.090909091,0,0,0,0.909090909,1,0.037037037,0.814814815,0.111111111,0,0.037037037
437,1,0,0,0,0,0.619047619,0.174603175,0.19047619,0.015873016,1,0,0,0,0,0,0.06,0,0,0.94,1,0.018867925,0.830188679,0.113207547,0,0.037735849
438,1,0,0,0,0,0.696428571,0.196428571,0.089285714,0.017857143,0.909090909,0,0,0,0.090909091,0,0.196078431,0.019607843,0,0.784313725,1,0,0.862745098,0.117647059,0,0.019607843
439,1,0,0,0,0,0.709090909,0.2,0.072727273,0.018181818,0.9,0,0,0,0.1,0,0.173076923,0.038461538,0,0.788461538,1,0.038461538,0.846153846,0.115384615,0,0
440,0.875,0.125,0,0,0.019230769,0.730769231,0.211538462,0.019230769,0.019230769,0.916666667,0,0,0,0.083333333,0,0.20754717,0.056603774,0,0.735849057,1,0.038461538,0.846153846,0.115384615,0,0
441,1,0,0,0,0,0.684210526,0.192982456,0.105263158,0.01754386,1,0,0,0,0,0.054545455,0.090909091,0.036363636,0,0.818181818,1,0.038461538,0.846153846,0.115384615,0,0
442,1,0,0,0,0,0.722222222,0.203703704,0.055555556,0.018518519,1,0,0,0,0,0.089285714,0.017857143,0.017857143,0.017857143,0.857142857,1,0.122807018,0.771929825,0.105263158,0,0
443,0.95,0,0,0.05,0,0.709090909,0.2,0.072727273,0.018181818,0,0,0,0,0,0.180327869,0,0,0,0.819672131,1,0,0.846153846,0.115384615,0,0.038461538
444,0.916666667,0.083333333,0,0,0.018518519,0.703703704,0.203703704,0.055555556,0.018518519,1,0,0,0,0,0.072727273,0.127272727,0.018181818,0,0.781818182,1,0.056603774,0.811320755,0.132075472,0,0
445,0.9375,0,0,0.0625,0,0.696428571,0.196428571,0.089285714,0.017857143,1,0,0,0,0,0.019230769,0.057692308,0.019230769,0.019230769,0.884615385,1,0.107142857,0.785714286,0.107142857,0,0
446,0.909090909,0,0,0.090909091,0,0.735849057,0.20754717,0.037735849,0.018867925,0.9,0,0,0,0.1,0.038461538,0.134615385,0,0.038461538,0.788461538,1,0.056603774,0.830188679,0.113207547,0,0
447,1,0,0,0,0.018867925,0.716981132,0.20754717,0.056603774,0,0.846153846,0.076923077,0,0.076923077,0,0,0.24,0,0,0.76,1,0.018867925,0.830188679,0.113207547,0,0.037735849
448,1,0,0,0,0,0.684210526,0.192982456,0.105263158,0.01754386,0.6,0,0,0.4,0,0.090909091,0.054545455,0,0,0.854545455,1,0,0.846153846,0.115384615,0,0.038461538
449,0.916666667,0.083333333,0,0,0,0.76,0.22,0.02,0,1,0,0,0,0,0.074074074,0.111111111,0,0.037037037,0.777777778,1,0.122807018,0.754385965,0.105263158,0.01754386,0
450,0.941176471,0,0,0.058823529,0,0.722222222,0.203703704,0.055555556,0.018518519,1,0,0,0,0,0.137931034,0.017241379,0,0.034482759,0.810344828,1,0.056603774,0.830188679,0.113207547,0,0
451,0.888888889,0,0,0.111111111,0,0.75,0.211538462,0.019230769,0.019230769,1,0,0,0,0,0.166666667,0.05,0,0,0.783333333,1,0,0.846153846,0.115384615,0,0.038461538
452,0.875,0,0,0.125,0,0.722222222,0.203703704,0.055555556,0.018518519,1,0,0,0,0,0.107142857,0.071428571,0,0.017857143,0.803571429,1,0.019230769,0.846153846,0.115384615,0,0.019230769
453,1,0,0,0,0,0.709090909,0.2,0.072727273,0.018181818,1,0,0,0,0,0.152542373,0.016949153,0,0,0.830508475,1,0.037037037,0.814814815,0.111111111,0,0.037037037
454,1,0,0,0,0.018181818,0.690909091,0.2,0.090909091,0,0.666666667,0.333333333,0,0,0,0.122807018,0.035087719,0,0.01754386,0.824561404,1,0.055555556,0.814814815,0.111111111,0,0.018518519
455,0.933333333,0,0.066666667,0,0,0.75,0.192307692,0.038461538,0.019230769,0.625,0,0,0.125,0.25,0,0.1,0,0,0.9,1,0.118644068,0.728813559,0.101694915,0.016949153,0.033898305
456,1,0,0,0,0,0.696428571,0.196428571,0.089285714,0.017857143,1,0,0,0,0,0.018867925,0.037735849,0.037735849,0,0.905660377,1,0.137931034,0.75862069,0.103448276,0,0
457,0.894736842,0.052631579,0.052631579,0,0.019230769,0.730769231,0.192307692,0.038461538,0.019230769,1,0,0,0,0,0,0,0,0.02,0.98,1,0.212121212,0.651515152,0.090909091,0.015151515,0.03030303
458,1,0,0,0,0,0.745098039,0.215686275,0.019607843,0.019607843,0.333333333,0.333333333,0,0.333333333,0,0.074074074,0,0,0.037037037,0.888888889,1,0.163934426,0.721311475,0.081967213,0.016393443,0.016393443
459,1,0,0,0,0,0.709090909,0.2,0.072727273,0.018181818,1,0,0,0,0,0.107142857,0,0,0.035714286,0.857142857,1,0.107142857,0.785714286,0.107142857,0,0
460,1,0,0,0,0,0.735849057,0.20754717,0.037735849,0.018867925,0,0,0,0,0,0.074074074,0,0,0,0.925925926,1,0.161290323,0.709677419,0.096774194,0,0.032258065
461,1,0,0,0,0,0.65,0.183333333,0.15,0.016666667,0,0,0,0,0,0.019230769,0,0.019230769,0,0.961538462,1,0.105263158,0.771929825,0.105263158,0,0.01754386
462,0.95,0,0,0.05,0,0.684210526,0.192982456,0.105263158,0.01754386,0,0,0,0,0,0,0,0.019607843,0,0.980392157,1,0.15,0.733333333,0.1,0,0.016666667
463,1,0,0,0,0,0.684210526,0.192982456,0.105263158,0.01754386,1,0,0,0,0,0.13559322,0,0.016949153,0.016949153,0.830508475,1,0.038461538,0.846153846,0.115384615,0,0
464,1,0,0,0,0,0.672413793,0.189655172,0.120689655,0.017241379,1,0,0,0,0,0.118644068,0.033898305,0.033898305,0,0.813559322,1,0,0.88,0.12,0,0
465,1,0,0,0,0,0.709090909,0.2,0.072727273,0.018181818,0.818181818,0,0,0.090909091,0.090909091,0.019607843,0.176470588,0,0,0.803921569,1,0,0.846153846,0.115384615,0,0.038461538
466,1,0,0,0,0,0.722222222,0.203703704,0.055555556,0.018518519,1,0,0,0,0,0.055555556,0.185185185,0.018518519,0,0.740740741,1,0,0.862745098,0.117647059,0,0.019607843
467,1,0,0,0,0,0.684210526,0.192982456,0.105263158,0.01754386,0.9,0,0,0,0.1,0.038461538,0.134615385,0,0.038461538,0.788461538,1,0,0.88,0.12,0,0
468,0.9375,0,0,0.0625,0,0.65,0.183333333,0.15,0.016666667,1,0,0,0,0,0,0.058823529,0.019607843,0.019607843,0.901960784,1,0.056603774,0.830188679,0.113207547,0,0
469,0.95,0,0,0.05,0,0.696428571,0.196428571,0.089285714,0.017857143,0,0,0,0,0,0.103448276,0,0.034482759,0,0.862068966,1,0.074074074,0.814814815,0.111111111,0,0
470,1,0,0,0,0,0.709090909,0.2,0.072727273,0.018181818,0.75,0,0,0,0.25,0.120689655,0.051724138,0.017241379,0,0.810344828,1,0.019230769,0.846153846,0.115384615,0,0.019230769
471,1,0,0,0,0,0.75,0.211538462,0.019230769,0.019230769,1,0,0,0,0,0.089285714,0,0.017857143,0.017857143,0.875,1,0.166666667,0.733333333,0.1,0,0
472,1,0,0,0,0,0.722222222,0.203703704,0.055555556,0.018518519,1,0,0,0,0,0.118644068,0.016949153,0.033898305,0,0.830508475,1,0.090909091,0.8,0.109090909,0,0
473,1,0,0,0,0,0.722222222,0.203703704,0.055555556,0.018518519,0,0,0,0,0,0.137931034,0,0,0,0.862068966,1,0.087719298,0.771929825,0.105263158,0,0.035087719
474,1,0,0,0,0,0.684210526,0.192982456,0.105263158,0.01754386,0.666666667,0,0,0,0.333333333,0.103448276,0.034482759,0.034482759,0,0.827586207,1,0.019607843,0.862745098,0.117647059,0,0
475,1,0,0,0,0,0.735849057,0.20754717,0.037735849,0.018867925,0.857142857,0,0,0.142857143,0,0.056603774,0.075471698,0,0.037735849,0.830188679,1,0.107142857,0.785714286,0.107142857,0,0
476,0.9,0,0,0.1,0,0.722222222,0.203703704,0.055555556,0.018518519,1,0,0,0,0,0.037735849,0.018867925,0.018867925,0,0.924528302,1,0.13559322,0.745762712,0.101694915,0,0.016949153
477,1,0,0,0,0,0.684210526,0.192982456,0.105263158,0.01754386,0,0,0,0,0,0.103448276,0,0.034482759,0,0.862068966,1,0.074074074,0.814814815,0.111111111,0,0
478,0.944444444,0,0,0.055555556,0,0.696428571,0.196428571,0.089285714,0.017857143,1,0,0,0,0,0.120689655,0.034482759,0.017241379,0,0.827586207,1,0.019230769,0.846153846,0.115384615,0,0.019230769
479,0.894736842,0,0,0.105263158,0,0.75,0.211538462,0.019230769,0.019230769,1,0,0,0,0,0.105263158,0.035087719,0.01754386,0,0.842105263,1,0.089285714,0.785714286,0.107142857,0,0.017857143
480,1,0,0,0,0,0.672413793,0.189655172,0.120689655,0.017241379,1,0,0,0,0,0.107142857,0,0,0.017857143,0.875,1,0.055555556,0.814814815,0.111111111,0,0.018518519
481,0.947368421,0,0,0.052631579,0,0.696428571,0.196428571,0.089285714,0.017857143,1,0,0,0,0,0.019607843,0.019607843,0,0,0.960784314,1,0.133333333,0.733333333,0.1,0,0.033333333
482,1,0,0,0,0,0.696428571,0.196428571,0.089285714,0.017857143,0,0,0,0,0,0.055555556,0,0.018518519,0,0.925925926,1,0.13559322,0.745762712,0.101694915,0,0.016949153
483,0.904761905,0.047619048,0,0.047619048,0,0.716981132,0.20754717,0.075471698,0,0,0,0,0,0,0.037735849,0,0.018867925,0,0.943396226,1,0.177419355,0.693548387,0.096774194,0.016129032,0.016129032
484,1,0,0,0,0,0.661016949,0.186440678,0.13559322,0.016949153,0.8,0,0,0,0.2,0,0.076923077,0.038461538,0,0.884615385,1,0.056603774,0.830188679,0.113207547,0,0
485,1,0,0,0,0,0.709090909,0.2,0.072727273,0.018181818,1,0,0,0,0,0.019607843,0.019607843,0,0.019607843,0.941176471,1,0.163934426,0.721311475,0.098360656,0,0.016393443
486,1,0,0,0,0,0.709090909,0.2,0.072727273,0.018181818,0.666666667,0,0,0,0.333333333,0.090909091,0.036363636,0,0,0.872727273,1,0.071428571,0.785714286,0.107142857,0,0.035714286
487,0.923076923,0,0,0.076923077,0,0.735849057,0.20754717,0.037735849,0.018867925,1,0,0,0,0,0.090909091,0.090909091,0,0.036363636,0.781818182,1,0.056603774,0.830188679,0.113207547,0,0
488,1,0,0,0,0,0.735849057,0.20754717,0.037735849,0.018867925,1,0,0,0,0,0.090909091,0.072727273,0,0,0.836363636,1,0.087719298,0.771929825,0.105263158,0,0.035087719
489,1,0,0,0,0,0.672413793,0.189655172,0.120689655,0.017241379,0.5,0,0,0,0.5,0.038461538,0.019230769,0,0,0.942307692,1,0.087719298,0.771929825,0.105263158,0,0.035087719
490,1,0,0,0,0,0.735849057,0.20754717,0.037735849,0.018867925,1,0,0,0,0,0.13559322,0.050847458,0.016949153,0.016949153,0.779661017,1,0.056603774,0.830188679,0.113207547,0,0
491,0.944444444,0,0,0.055555556,0,0.709090909,0.2,0.072727273,0.018181818,0.666666667,0,0,0.333333333,0,0.118644068,0.033898305,0.033898305,0,0.813559322,1,0.019607843,0.862745098,0.117647059,0,0
492,0.947368421,0,0,0.052631579,0,0.684210526,0.192982456,0.105263158,0.01754386,1,0,0,0,0,0.018867925,0.018867925,0.037735849,0,0.924528302,1,0.122807018,0.771929825,0.105263158,0,0
493,1,0,0,0,0,0.696428571,0.196428571,0.089285714,0.017857143,0,0,0,0,0,0.118644068,0,0.033898305,0,0.847457627,1,0.074074074,0.814814815,0.111111111,0,0
494,0.95,0,0,0.05,0,0.735849057,0.20754717,0.037735849,0.018867925,0,0,0,0,0,0.147540984,0,0.032786885,0,0.819672131,1,0.074074074,0.814814815,0.111111111,0,0
495,0.95,0,0,0.05,0,0.75,0.211538462,0.019230769,0.019230769,0,0,0,0,0,0.147540984,0,0.032786885,0,0.819672131,1,0.090909091,0.8,0.109090909,0,0
496,0.95,0,0,0.05,0,0.684210526,0.192982456,0.105263158,0.01754386,0,0,0,0,0,0.13559322,0,0.016949153,0,0.847457627,1,0.019230769,0.846153846,0.115384615,0,0.019230769
497,0.916666667,0,0.083333333,0,0,0.722222222,0.185185185,0.074074074,0.018518519,1,0,0,0,0,0.105263158,0.122807018,0.01754386,0.01754386,0.736842105,1,0,0.86,0.12,0.02,0
498,1,0,0,0,0,0.672413793,0.172413793,0.137931034,0.017241379,0.666666667,0,0.333333333,0,0,0.090909091,0.054545455,0,0,0.854545455,1,0.018867925,0.811320755,0.113207547,0.018867925,0.037735849
499,1,0,0,0,0,0.735849057,0.20754717,0.037735849,0.018867925,1,0,0,0,0,0.163934426,0.016393443,0.016393443,0,0.803278689,1,0.055555556,0.814814815,0.111111111,0,0.018518519
500,0.947368421,0.052631579,0,0,0,0.716981132,0.20754717,0.056603774,0.018867925,1,0,0,0,0,0.180327869,0,0,0.016393443,0.803278689,1,0.055555556,0.796296296,0.111111111,0.018518519,0.018518519
501,0.933333333,0,0,0.066666667,0,0.722222222,0.203703704,0.055555556,0.018518519,1,0,0,0,0,0.152542373,0.050847458,0,0.033898305,0.762711864,1,0,0.88,0.12,0,0
502,0.947368421,0,0,0.052631579,0,0.75,0.211538462,0.019230769,0.019230769,1,0,0,0,0,0.2,0.015384615,0.030769231,0,0.753846154,1,0,0.88,0.12,0,0
503,1,0,0,0,0,0.75,0.211538462,0.019230769,0.019230769,0,0,0,0,0,0.163934426,0,0.016393443,0,0.819672131,1,0.089285714,0.785714286,0.107142857,0,0.017857143
504,1,0,0,0,0,0.709090909,0.2,0.072727273,0.018181818,1,0,0,0,0,0.15,0,0.016666667,0.016666667,0.816666667,1,0.056603774,0.830188679,0.113207547,0,0
505,0.928571429,0,0.071428571,0,0.01754386,0.684210526,0.175438596,0.087719298,0.035087719,0.833333333,0,0,0.166666667,0,0.037037037,0.092592593,0.037037037,0,0.833333333,1,0.038461538,0.846153846,0.115384615,0,0
506,1,0,0,0,0.018518519,0.703703704,0.203703704,0.074074074,0,0.818181818,0.090909091,0,0.090909091,0,0.038461538,0.173076923,0,0.019230769,0.769230769,1,0.019230769,0.846153846,0.115384615,0,0.019230769
507,1,0,0,0,0,0.75,0.211538462,0.019230769,0.019230769,0,0,0,0,0,0.072727273,0,0.018181818,0,0.909090909,1,0.177419355,0.709677419,0.096774194,0,0.016129032
508,1,0,0,0,0,0.696428571,0.196428571,0.089285714,0.017857143,0.666666667,0,0,0,0.333333333,0.074074074,0.037037037,0,0,0.888888889,1,0.071428571,0.785714286,0.107142857,0,0.035714286
509,1,0,0,0,0,0.639344262,0.180327869,0.163934426,0.016393443,0,0,0,0,0,0.038461538,0,0,0,0.961538462,1,0.071428571,0.785714286,0.107142857,0,0.035714286
510,0.947368421,0,0,0.052631579,0,0.672413793,0.189655172,0.120689655,0.017241379,1,0,0,0,0,0.038461538,0.019230769,0,0,0.942307692,1,0.087719298,0.771929825,0.105263158,0,0.035087719
511,0.9375,0,0,0.0625,0,0.722222222,0.203703704,0.055555556,0.018518519,1,0,0,0,0,0,0.06,0,0.02,0.92,1,0.15,0.733333333,0.1,0,0.016666667
512,1,0,0,0,0,0.75,0.211538462,0.019230769,0.019230769,0.777777778,0,0,0,0.222222222,0.037037037,0.12962963,0.037037037,0,0.796296296,1,0.074074074,0.814814815,0.111111111,0,0
513,1,0,0,0,0,0.709090909,0.2,0.072727273,0.018181818,1,0,0,0,0,0.038461538,0.038461538,0,0.038461538,0.884615385,1,0.137931034,0.75862069,0.103448276,0,0
514,1,0,0,0,0,0.722222222,0.203703704,0.055555556,0.018518519,0,0,0,0,0,0.122807018,0,0,0,0.877192982,1,0.103448276,0.75862069,0.103448276,0,0.034482759
515,0.95,0,0,0.05,0,0.696428571,0.196428571,0.089285714,0.017857143,0,0,0,0,0,0.15,0,0.016666667,0,0.833333333,1,0.019230769,0.846153846,0.115384615,0,0.019230769
516,0.9,0.05,0,0.05,0.016666667,0.633333333,0.183333333,0.166666667,0,0,0,0,0,0,0.103448276,0,0.034482759,0,0.862068966,1,0,0.88,0.12,0,0
517,0.95,0,0.05,0,0,0.661016949,0.169491525,0.152542373,0.016949153,0,0,0,0,0,0.054545455,0,0.036363636,0,0.909090909,1,0.090909091,0.781818182,0.109090909,0.018181818,0
518,1,0,0,0,0,0.65,0.183333333,0.15,0.016666667,0,0,0,0,0,0.038461538,0,0,0,0.961538462,1,0.087719298,0.771929825,0.105263158,0,0.035087719
519,0.95,0,0,0.05,0,0.696428571,0.196428571,0.089285714,0.017857143,0,0,0,0,0,0.120689655,0,0.017241379,0,0.862068966,1,0.055555556,0.814814815,0.111111111,0,0.018518519
520,1,0,0,0,0,0.696428571,0.196428571,0.089285714,0.017857143,1,0,0,0,0,0,0.02,0,0.04,0.94,1,0.166666667,0.733333333,0.1,0,0
521,0.95,0,0,0.05,0,0.696428571,0.196428571,0.089285714,0.017857143,0,0,0,0,0,0.103448276,0,0.034482759,0,0.862068966,1,0.074074074,0.814814815,0.111111111,0,0
522,1,0,0,0,0,0.722222222,0.203703704,0.055555556,0.018518519,1,0,0,0,0,0.089285714,0.017857143,0.017857143,0,0.875,1,0.120689655,0.75862069,0.103448276,0,0.017241379
523,0.947368421,0,0,0.052631579,0,0.735849057,0.20754717,0.037735849,0.018867925,1,0,0,0,0,0.122807018,0.01754386,0,0,0.859649123,1,0.087719298,0.771929825,0.105263158,0,0.035087719
524,1,0,0,0,0,0.709090909,0.2,0.072727273,0.018181818,0,0,0,0,0,0.107142857,0,0,0,0.892857143,1,0.103448276,0.75862069,0.103448276,0,0.034482759
525,1,0,0,0,0,0.709090909,0.2,0.072727273,0.018181818,0,0,0,0,0,0.090909091,0,0,0,0.909090909,1,0.118644068,0.745762712,0.101694915,0,0.033898305
526,1,0,0,0,0,0.75,0.211538462,0.019230769,0.019230769,1,0,0,0,0,0.137931034,0.017241379,0,0.034482759,0.810344828,1,0.107142857,0.785714286,0.107142857,0,0
527,1,0,0,0,0,0.661016949,0.186440678,0.13559322,0.016949153,0,0,0,0,0,0.056603774,0,0,0,0.943396226,1,0.087719298,0.771929825,0.105263158,0,0.035087719
528,1,0,0,0,0,0.684210526,0.192982456,0.105263158,0.01754386,1,0,0,0,0,0.037037037,0.055555556,0.037037037,0,0.87037037,1,0.090909091,0.8,0.109090909,0,0
529,1,0,0,0,0,0.696428571,0.196428571,0.089285714,0.017857143,0.777777778,0,0,0,0.222222222,0,0.137254902,0.019607843,0,0.843137255,1,0.037735849,0.830188679,0.113207547,0,0.018867925
530,1,0,0,0,0,0.735849057,0.20754717,0.037735849,0.018867925,0.6,0,0,0.4,0,0.018867925,0.056603774,0.037735849,0,0.886792453,1,0.137931034,0.75862069,0.103448276,0,0
531,1,0,0,0,0,0.65,0.183333333,0.15,0.016666667,0,0,0,0,0,0.071428571,0,0.035714286,0,0.892857143,1,0.056603774,0.830188679,0.113207547,0,0
532,1,0,0,0,0,0.684210526,0.192982456,0.105263158,0.01754386,0.75,0,0,0,0.25,0.019230769,0.057692308,0.019230769,0,0.903846154,1,0.089285714,0.785714286,0.107142857,0,0.017857143
533,1,0,0,0,0,0.709090909,0.2,0.072727273,0.018181818,0.666666667,0,0,0.333333333,0,0.019230769,0.038461538,0.019230769,0,0.923076923,1,0.13559322,0.745762712,0.101694915,0,0.016949153
534,1,0,0,0,0,0.619047619,0.174603175,0.19047619,0.015873016,0,0,0,0,0,0,0,0.019607843,0,0.980392157,1,0.072727273,0.8,0.109090909,0,0.018181818
535,0.95,0,0,0.05,0,0.661016949,0.186440678,0.13559322,0.016949153,0,0,0,0,0,0.090909091,0,0,0,0.909090909,1,0.037037037,0.814814815,0.111111111,0,0.037037037
536,1,0,0,0,0,0.639344262,0.180327869,0.163934426,0.016393443,1,0,0,0,0,0.019230769,0.057692308,0.019230769,0,0.903846154,1,0.037735849,0.830188679,0.113207547,0,0.018867925
537,0.95,0,0,0.05,0,0.672413793,0.189655172,0.120689655,0.017241379,0,0,0,0,0,0.054545455,0,0.036363636,0,0.909090909,1,0.090909091,0.8,0.109090909,0,0
538,0.95,0,0,0.05,0,0.684210526,0.192982456,0.105263158,0.01754386,0,0,0,0,0,0.087719298,0,0.035087719,0,0.877192982,1,0.074074074,0.814814815,0.111111111,0,0
539,0.95,0,0,0.05,0,0.709090909,0.2,0.072727273,0.018181818,0,0,0,0,0,0.072727273,0,0.018181818,0,0.909090909,1,0.120689655,0.75862069,0.103448276,0,0.017241379
540,1,0,0,0,0,0.672413793,0.189655172,0.120689655,0.017241379,1,0,0,0,0,0.103448276,0.051724138,0.034482759,0,0.810344828,1,0,0.88,0.12,0,0
541,1,0,0,0,0,0.696428571,0.196428571,0.089285714,0.017857143,1,0,0,0,0,0.103448276,0.034482759,0.034482759,0,0.827586207,1,0.056603774,0.830188679,0.113207547,0,0
542,0.95,0,0,0.05,0,0.609375,0.171875,0.203125,0.015625,0,0,0,0,0,0.037735849,0,0.018867925,0,0.943396226,1,0,0.862745098,0.117647059,0,0.019607843
543,1,0,0,0,0,0.661016949,0.186440678,0.13559322,0.016949153,0,0,0,0,0,0.071428571,0,0.035714286,0,0.892857143,1,0.074074074,0.814814815,0.111111111,0,0
544,0.947368421,0,0.052631579,0,0.016949153,0.661016949,0.169491525,0.118644068,0.033898305,0,0,0,0,0,0.019230769,0,0.019230769,0,0.961538462,1,0.120689655,0.75862069,0.103448276,0,0.017241379
545,0.95,0.05,0,0,0,0.711538462,0.211538462,0.057692308,0.019230769,0,1,0,0,0,0.180327869,0,0,0.016393443,0.803278689,1,0.036363636,0.8,0.072727273,0.036363636,0.054545455
546,1,0,0,0,0,0.709090909,0.2,0.072727273,0.018181818,0,0,0,0,0,0.180327869,0,0,0,0.819672131,1,0.018867925,0.830188679,0.113207547,0,0.037735849
547,1,0,0,0,0,0.696428571,0.196428571,0.089285714,0.017857143,1,0,0,0,0,0.163934426,0,0.016393443,0.016393443,0.803278689,1,0.019607843,0.862745098,0.117647059,0,0
548,1,0,0,0,0,0.709090909,0.2,0.072727273,0.018181818,1,0,0,0,0,0.174603175,0.015873016,0.031746032,0,0.777777778,1,0,0.88,0.12,0,0
549,1,0,0,0,0,0.709090909,0.2,0.072727273,0.018181818,1,0,0,0,0,0.019607843,0.137254902,0,0.019607843,0.823529412,1,0.072727273,0.8,0.109090909,0,0.018181818
550,1,0,0,0,0,0.65,0.183333333,0.15,0.016666667,1,0,0,0,0,0.072727273,0.018181818,0.018181818,0,0.890909091,1,0.037735849,0.830188679,0.113207547,0,0.018867925
551,1,0,0,0,0,0.684210526,0.192982456,0.105263158,0.01754386,0,0,0,0,0,0.118644068,0,0.033898305,0,0.847457627,1,0.056603774,0.830188679,0.113207547,0,0
552,1,0,0,0,0,0.684210526,0.192982456,0.105263158,0.01754386,0,0,0,0,0,0.122807018,0,0,0,0.877192982,1,0.054545455,0.8,0.109090909,0,0.036363636
553,1,0,0,0,0,0.672413793,0.189655172,0.120689655,0.017241379,1,0,0,0,0,0.120689655,0.034482759,0.017241379,0,0.827586207,1,0,0.862745098,0.117647059,0,0.019607843
554,0.95,0,0,0.05,0,0.639344262,0.180327869,0.163934426,0.016393443,0,0,0,0,0,0.018867925,0,0.037735849,0,0.943396226,1,0.074074074,0.814814815,0.111111111,0,0
555,1,0,0,0,0,0.629032258,0.177419355,0.177419355,0.016129032,1,0,0,0,0,0,0.039215686,0.019607843,0,0.941176471,1,0.055555556,0.814814815,0.111111111,0,0.018518519
556,1,0,0,0,0,0.684210526,0.192982456,0.105263158,0.01754386,1,0,0,0,0,0.019607843,0.078431373,0,0.039215686,0.862745098,1,0.090909091,0.8,0.109090909,0,0
557,0.944444444,0,0,0.055555556,0,0.696428571,0.196428571,0.089285714,0.017857143,1,0,0,0,0,0.090909091,0,0,0.036363636,0.872727273,1,0.090909091,0.8,0.109090909,0,0
558,0.947368421,0.052631579,0,0,0.017857143,0.678571429,0.196428571,0.107142857,0,0,0,0,0,0,0.019230769,0,0.019230769,0,0.961538462,1,0.163934426,0.721311475,0.098360656,0,0.016393443
559,1,0,0,0,0,0.696428571,0.196428571,0.089285714,0.017857143,0,0,0,0,0,0.103448276,0,0.034482759,0,0.862068966,1,0.090909091,0.8,0.109090909,0,0
560,1,0,0,0,0,0.722222222,0.203703704,0.055555556,0.018518519,1,0,0,0,0,0.037735849,0.094339623,0.018867925,0.018867925,0.830188679,1,0.107142857,0.785714286,0.107142857,0,0
561,1,0,0,0,0,0.709090909,0.2,0.072727273,0.018181818,1,0,0,0,0,0.071428571,0.142857143,0.035714286,0,0.75,1,0,0.88,0.12,0,0
562,0.95,0,0,0.05,0,0.684210526,0.192982456,0.105263158,0.01754386,0,0,0,0,0,0.054545455,0,0.036363636,0,0.909090909,1,0.107142857,0.785714286,0.107142857,0,0
563,1,0,0,0,0,0.661016949,0.186440678,0.13559322,0.016949153,0.5,0,0,0,0.5,0.107142857,0.017857143,0,0,0.875,1,0,0.846153846,0.115384615,0,0.038461538
564,1,0,0,0,0,0.639344262,0.180327869,0.163934426,0.016393443,0,0,0,0,0,0,0,0.019607843,0,0.980392157,1,0.105263158,0.771929825,0.105263158,0,0.01754386
565,1,0,0,0,0,0.696428571,0.196428571,0.089285714,0.017857143,0.777777778,0,0,0.111111111,0.111111111,0,0.117647059,0.019607843,0.019607843,0.843137255,1,0.056603774,0.830188679,0.113207547,0,0
566,0.941176471,0,0,0.058823529,0,0.735849057,0.20754717,0.037735849,0.018867925,0.75,0,0,0,0.25,0.13559322,0.033898305,0.016949153,0.016949153,0.796610169,1,0.038461538,0.846153846,0.115384615,0,0
567,1,0,0,0,0,0.684210526,0.192982456,0.105263158,0.01754386,0,0,0,0,0,0.133333333,0,0.033333333,0,0.833333333,1,0.038461538,0.846153846,0.115384615,0,0
568,1,0,0,0,0,0.639344262,0.180327869,0.163934426,0.016393443,0,0,0,0,0,0.087719298,0,0.035087719,0,0.877192982,1,0.019607843,0.862745098,0.117647059,0,0
569,0.904761905,0,0,0.095238095,0,0.65,0.183333333,0.15,0.016666667,0,0,0,0,0,0.074074074,0,0,0,0.925925926,1,0.018867925,0.830188679,0.113207547,0,0.037735849
570,0.944444444,0,0,0.055555556,0,0.661016949,0.186440678,0.13559322,0.016949153,1,0,0,0,0,0,0.038461538,0.038461538,0,0.923076923,1,0.090909091,0.8,0.109090909,0,0
571,1,0,0,0,0,0.709090909,0.2,0.072727273,0.018181818,1,0,0,0,0,0.118644068,0.016949153,0.033898305,0,0.830508475,1,0.074074074,0.814814815,0.111111111,0,0
572,1,0,0,0,0,0.660714286,0.196428571,0.125,0.017857143,0.5,0.5,0,0,0,0.13559322,0.033898305,0.016949153,0.033898305,0.779661017,1,0,0.86,0.1,0.04,0
573,0.95,0,0,0.05,0,0.639344262,0.180327869,0.163934426,0.016393443,0,0,0,0,0,0,0,0.038461538,0,0.961538462,1,0.090909091,0.8,0.109090909,0,0
574,1,0,0,0,0,0.722222222,0.203703704,0.055555556,0.018518519,1,0,0,0,0,0.056603774,0.113207547,0,0.018867925,0.811320755,1,0.072727273,0.8,0.109090909,0,0.018181818
575,1,0,0,0,0,0.709090909,0.2,0.072727273,0.018181818,1,0,0,0,0,0.054545455,0.036363636,0.036363636,0,0.872727273,1,0.122807018,0.771929825,0.105263158,0,0
576,1,0,0,0,0,0.661016949,0.186440678,0.13559322,0.016949153,1,0,0,0,0,0.13559322,0,0.016949153,0.016949153,0.830508475,1,0,0.88,0.12,0,0
577,1,0,0,0,0,0.709090909,0.2,0.072727273,0.018181818,1,0,0,0,0,0.166666667,0,0,0.016666667,0.816666667,1,0.037735849,0.830188679,0.113207547,0,0.018867925
578,1,0,0,0,0,0.696428571,0.196428571,0.089285714,0.017857143,1,0,0,0,0,0.13559322,0.033898305,0.016949153,0.016949153,0.796610169,1,0.019607843,0.862745098,0.117647059,0,0
579,1,0,0,0,0,0.684210526,0.192982456,0.105263158,0.01754386,0,0,0,0,0,0.137931034,0,0,0,0.862068966,1,0.037037037,0.814814815,0.111111111,0,0.037037037
580,1,0,0,0,0,0.639344262,0.180327869,0.163934426,0.016393443,0,0,0,0,0,0.055555556,0,0.018518519,0,0.925925926,1,0.055555556,0.814814815,0.111111111,0,0.018518519
581,1,0,0,0,0,0.722222222,0.203703704,0.055555556,0.018518519,0,0,0,0,0,0.161290323,0,0.032258065,0,0.806451613,1,0.056603774,0.830188679,0.113207547,0,0
582,1,0,0,0,0,0.672413793,0.189655172,0.120689655,0.017241379,1,0,0,0,0,0.089285714,0,0.017857143,0.017857143,0.875,1,0.074074074,0.814814815,0.111111111,0,0
583,1,0,0,0,0,0.75,0.211538462,0.019230769,0.019230769,0.875,0,0,0,0.125,0.056603774,0.113207547,0,0.018867925,0.811320755,1,0.089285714,0.785714286,0.107142857,0,0.017857143
584,1,0,0,0,0,0.709090909,0.2,0.072727273,0.018181818,0.666666667,0,0,0,0.333333333,0.15,0.033333333,0.016666667,0,0.8,1,0,0.862745098,0.117647059,0,0.019607843
585,0.944444444,0,0,0.055555556,0,0.709090909,0.2,0.072727273,0.018181818,0.666666667,0,0,0.333333333,0,0.055555556,0.037037037,0.018518519,0,0.888888889,1,0.089285714,0.785714286,0.107142857,0,0.017857143
586,1,0,0,0,0,0.672413793,0.189655172,0.120689655,0.017241379,0.666666667,0,0,0.333333333,0,0.107142857,0.017857143,0,0.017857143,0.857142857,1,0.019230769,0.846153846,0.115384615,0,0.019230769
587,1,0,0,0,0,0.75,0.211538462,0.019230769,0.019230769,1,0,0,0,0,0.180327869,0.049180328,0,0.032786885,0.737704918,1,0.019607843,0.862745098,0.117647059,0,0
588,0.888888889,0.055555556,0,0.055555556,0,0.690909091,0.2,0.109090909,0,1,0,0,0,0,0.120689655,0.034482759,0.017241379,0.017241379,0.810344828,1,0.038461538,0.826923077,0.115384615,0.019230769,0
589,1,0,0,0,0,0.62295082,0.180327869,0.180327869,0.016393443,0,1,0,0,0,0,0,0,0.02,0.98,1,0.087719298,0.771929825,0.087719298,0.01754386,0.035087719
590,1,0,0,0,0,0.65,0.183333333,0.15,0.016666667,1,0,0,0,0,0.038461538,0.019230769,0,0,0.942307692,1,0.071428571,0.785714286,0.107142857,0,0.035714286
591,1,0,0,0,0,0.684210526,0.192982456,0.105263158,0.01754386,0,0,0,0,0,0.019607843,0,0,0,0.980392157,1,0.147540984,0.721311475,0.098360656,0,0.032786885
592,0.941176471,0,0,0.058823529,0,0.684210526,0.192982456,0.105263158,0.01754386,1,0,0,0,0,0.054545455,0.054545455,0.036363636,0,0.854545455,1,0.056603774,0.830188679,0.113207547,0,0
593,1,0,0,0,0,0.684210526,0.192982456,0.105263158,0.01754386,1,0,0,0,0,0.087719298,0.070175439,0.035087719,0,0.807017544,1,0.019607843,0.862745098,0.117647059,0,0
594,1,0,0,0,0,0.629032258,0.177419355,0.177419355,0.016129032,0,0,0,0,0,0.054545455,0,0.036363636,0,0.909090909,1,0.038461538,0.846153846,0.115384615,0,0
595,1,0,0,0,0,0.629032258,0.177419355,0.177419355,0.016129032,0,0,0,0,0,0.054545455,0,0.036363636,0,0.909090909,1,0.038461538,0.846153846,0.115384615,0,0
596,0.947368421,0,0,0.052631579,0,0.696428571,0.196428571,0.089285714,0.017857143,1,0,0,0,0,0.071428571,0.017857143,0.035714286,0,0.875,1,0.090909091,0.8,0.109090909,0,0
597,1,0,0,0,0,0.639344262,0.180327869,0.163934426,0.016393443,0,0,0,0,0,0.054545455,0,0.036363636,0,0.909090909,1,0.056603774,0.830188679,0.113207547,0,0
598,1,0,0,0,0,0.684210526,0.192982456,0.105263158,0.01754386,1,0,0,0,0,0.056603774,0.037735849,0,0.037735849,0.867924528,1,0.090909091,0.8,0.109090909,0,0
599,0.95,0,0,0.05,0,0.672413793,0.189655172,0.120689655,0.017241379,0,0,0,0,0,0.019607843,0,0,0,0.980392157,1,0.118644068,0.745762712,0.101694915,0,0.033898305
600,1,0,0,0,0,0.684210526,0.192982456,0.105263158,0.01754386,0.5,0,0,0,0.5,0.071428571,0.017857143,0.035714286,0,0.875,1,0.074074074,0.814814815,0.111111111,0,0
601,0.95,0,0,0.05,0,0.65,0.183333333,0.15,0.016666667,0,0,0,0,0,0.019230769,0,0.019230769,0,0.961538462,1,0.089285714,0.785714286,0.107142857,0,0.017857143
602,1,0,0,0,0,0.65,0.183333333,0.15,0.016666667,0,0,0,0,0,0.105263158,0,0.01754386,0,0.877192982,1,0.019230769,0.846153846,0.115384615,0,0.019230769
603,1,0,0,0,0,0.629032258,0.177419355,0.177419355,0.016129032,0,0,0,0,0,0.087719298,0,0.035087719,0,0.877192982,1,0,0.88,0.12,0,0
604,1,0,0,0,0,0.684210526,0.192982456,0.105263158,0.01754386,1,0,0,0,0,0.074074074,0.055555556,0,0.018518519,0.851851852,1,0.055555556,0.814814815,0.111111111,0,0.018518519
605,0.95,0,0,0.05,0,0.639344262,0.180327869,0.163934426,0.016393443,0,0,0,0,0,0.074074074,0,0,0,0.925925926,1,0.018867925,0.830188679,0.113207547,0,0.037735849
606,0.947368421,0,0,0.052631579,0,0.722222222,0.203703704,0.055555556,0.018518519,0.5,0,0,0,0.5,0.019607843,0.019607843,0,0,0.960784314,1,0.147540984,0.721311475,0.098360656,0,0.032786885
607,1,0,0,0,0,0.709090909,0.2,0.072727273,0.018181818,0.666666667,0,0,0,0.333333333,0.019607843,0.019607843,0,0.019607843,0.941176471,1,0.15,0.733333333,0.1,0,0.016666667
608,0.944444444,0,0,0.055555556,0,0.639344262,0.180327869,0.163934426,0.016393443,1,0,0,0,0,0,0,0,0.04,0.96,1,0.090909091,0.8,0.109090909,0,0
609,0.947368421,0,0,0.052631579,0,0.661016949,0.186440678,0.13559322,0.016949153,1,0,0,0,0,0.054545455,0.018181818,0.036363636,0,0.890909091,1,0.056603774,0.830188679,0.113207547,0,0
610,0.9,0,0,0.1,0,0.696428571,0.196428571,0.089285714,0.017857143,1,0,0,0,0,0.055555556,0.018518519,0.018518519,0,0.907407407,1,0.089285714,0.785714286,0.107142857,0,0.017857143
611,1,0,0,0,0,0.722222222,0.203703704,0.055555556,0.018518519,0,0,0,0,0,0.120689655,0,0.017241379,0,0.862068966,1,0.105263158,0.771929825,0.105263158,0,0.01754386
612,1,0,0,0,0,0.684210526,0.192982456,0.105263158,0.01754386,0,0,0,0,0,0,0,0.038461538,0,0.961538462,1,0.166666667,0.733333333,0.1,0,0
613,0.9,0,0,0.1,0,0.672413793,0.189655172,0.120689655,0.017241379,1,0,0,0,0,0.103448276,0.017241379,0.034482759,0,0.844827586,1,0,0.88,0.12,0,0
614,1,0,0,0,0,0.661016949,0.186440678,0.13559322,0.016949153,1,0,0,0,0,0.054545455,0.090909091,0.036363636,0,0.818181818,1,0,0.88,0.12,0,0
615,1,0,0,0,0,0.735849057,0.20754717,0.037735849,0.018867925,0.909090909,0,0,0,0.090909091,0.054545455,0.181818182,0.036363636,0,0.727272727,1,0,0.88,0.12,0,0
616,0.904761905,0,0,0.095238095,0,0.672413793,0.189655172,0.120689655,0.017241379,0,0,0,0,0,0.105263158,0,0.01754386,0,0.877192982,1,0.019230769,0.846153846,0.115384615,0,0.019230769
617,1,0,0,0,0,0.639344262,0.180327869,0.163934426,0.016393443,0,0,0,0,0,0.089285714,0,0.017857143,0,0.892857143,1,0.019230769,0.846153846,0.115384615,0,0.019230769
618,1,0,0,0,0,0.629032258,0.177419355,0.177419355,0.016129032,1,0,0,0,0,0.054545455,0.018181818,0.036363636,0,0.890909091,1,0.019607843,0.862745098,0.117647059,0,0
619,1,0,0,0,0,0.65,0.183333333,0.15,0.016666667,1,0,0,0,0,0,0.04,0,0.02,0.94,1,0.089285714,0.785714286,0.107142857,0,0.017857143
620,0.95,0,0,0.05,0,0.684210526,0.192982456,0.105263158,0.01754386,0,0,0,0,0,0.090909091,0,0,0,0.909090909,1,0.071428571,0.785714286,0.107142857,0,0.035714286
621,0.9,0,0,0.1,0,0.672413793,0.189655172,0.120689655,0.017241379,1,0,0,0,0,0.074074074,0.018518519,0,0,0.907407407,1,0.037037037,0.814814815,0.111111111,0,0.037037037
622,0.904761905,0,0,0.095238095,0,0.696428571,0.196428571,0.089285714,0.017857143,0,0,0,0,0,0.137931034,0,0,0,0.862068966,1,0.018867925,0.830188679,0.113207547,0,0.037735849
623,1,0,0,0,0,0.696428571,0.196428571,0.089285714,0.017857143,0,0,0,0,0,0.177419355,0,0.016129032,0,0.806451613,1,0,0.862745098,0.117647059,0,0.019607843
624,1,0,0,0,0,0.75,0.211538462,0.019230769,0.019230769,1,0,0,0,0,0.137931034,0.034482759,0,0.017241379,0.810344828,1,0.089285714,0.785714286,0.107142857,0,0.017857143
625,1,0,0,0,0,0.672413793,0.189655172,0.120689655,0.017241379,1,0,0,0,0,0.055555556,0,0.018518519,0.018518519,0.907407407,1,0.107142857,0.785714286,0.107142857,0,0
626,1,0,0,0,0,0.696428571,0.196428571,0.089285714,0.017857143,0,0,0,0,0,0.147540984,0,0.032786885,0,0.819672131,1,0.038461538,0.846153846,0.115384615,0,0
627,0.928571429,0.071428571,0,0,0,0.730769231,0.211538462,0.057692308,0,1,0,0,0,0,0.13559322,0.101694915,0.016949153,0,0.745762712,1,0.019230769,0.826923077,0.115384615,0.019230769,0.019230769
628,1,0,0,0,0,0.735849057,0.20754717,0.037735849,0.018867925,1,0,0,0,0,0.152542373,0,0,0.033898305,0.813559322,1,0.090909091,0.8,0.109090909,0,0
629,0.95,0,0,0.05,0,0.639344262,0.180327869,0.163934426,0.016393443,0,0,0,0,0,0.071428571,0,0.035714286,0,0.892857143,1,0.019607843,0.862745098,0.117647059,0,0
630,0.833333333,0,0.083333333,0.083333333,0,0.75,0.192307692,0.038461538,0.019230769,1,0,0,0,0,0.107142857,0.125,0,0.035714286,0.732142857,1,0,0.862745098,0.098039216,0.019607843,0.019607843
631,1,0,0,0,0,0.75,0.211538462,0.019230769,0.019230769,1,0,0,0,0,0.166666667,0.033333333,0,0.016666667,0.783333333,1,0.055555556,0.814814815,0.111111111,0,0.018518519
632,1,0,0,0,0,0.672413793,0.189655172,0.120689655,0.017241379,0,0,0,0,0,0.074074074,0,0,0,0.925925926,1,0.087719298,0.771929825,0.105263158,0,0.035087719
633,1,0,0,0,0,0.709090909,0.2,0.072727273,0.018181818,1,0,0,0,0,0.074074074,0.018518519,0,0,0.907407407,1,0.118644068,0.745762712,0.101694915,0,0.033898305
634,1,0,0,0,0,0.672413793,0.189655172,0.120689655,0.017241379,0,0,0,0,0,0,0,0,0,1,1,0.147540984,0.721311475,0.098360656,0,0.032786885
635,0.95,0,0.05,0,0,0.65,0.166666667,0.166666667,0.016666667,0,0,0,0,0,0.103448276,0,0.034482759,0,0.862068966,1,0.019607843,0.843137255,0.117647059,0.019607843,0
636,1,0,0,0,0,0.684210526,0.192982456,0.105263158,0.01754386,0,0,0,0,0,0.074074074,0,0,0,0.925925926,1,0.103448276,0.75862069,0.103448276,0,0.034482759
637,1,0,0,0,0,0.672413793,0.189655172,0.120689655,0.017241379,0,0,0,0,0,0.087719298,0,0.035087719,0,0.877192982,1,0.074074074,0.814814815,0.111111111,0,0
638,1,0,0,0,0,0.75,0.211538462,0.019230769,0.019230769,1,0,0,0,0,0.227272727,0,0.015151515,0.015151515,0.742424242,1,0,0.88,0.12,0,0
639,0.947368421,0,0,0.052631579,0,0.661016949,0.186440678,0.13559322,0.016949153,1,0,0,0,0,0.105263158,0,0.01754386,0.01754386,0.859649123,1,0.019607843,0.862745098,0.117647059,0,0
640,1,0,0,0,0,0.639344262,0.180327869,0.163934426,0.016393443,0.5,0,0,0,0.5,0.054545455,0.018181818,0.036363636,0,0.890909091,1,0.019607843,0.862745098,0.117647059,0,0
641,1,0,0,0,0,0.684210526,0.192982456,0.105263158,0.01754386,0,0,0,0,0,0.133333333,0,0.033333333,0,0.833333333,1,0.038461538,0.846153846,0.115384615,0,0
642,1,0,0,0,0,0.709090909,0.2,0.072727273,0.018181818,1,0,0,0,0,0.19047619,0,0.015873016,0.015873016,0.777777778,1,0,0.88,0.12,0,0
643,1,0,0,0,0,0.709090909,0.2,0.072727273,0.018181818,0,0,0,0,0,0.166666667,0,0,0,0.833333333,1,0.037037037,0.814814815,0.111111111,0,0.037037037
644,0.95,0,0,0.05,0,0.703703704,0.203703704,0.074074074,0.018518519,0,0.5,0,0.5,0,0.137931034,0,0,0.017241379,0.844827586,1,0.037037037,0.814814815,0.092592593,0.018518519,0.037037037
645,1,0,0,0,0,0.709090909,0.2,0.072727273,0.018181818,0,0,0,0,0,0.15,0,0.016666667,0,0.833333333,1,0.055555556,0.814814815,0.111111111,0,0.018518519
646,1,0,0,0,0,0.75,0.211538462,0.019230769,0.019230769,0,0,0,0,0,0.13559322,0,0.016949153,0,0.847457627,1,0.120689655,0.75862069,0.103448276,0,0.017241379
647,1,0,0,0,0,0.65,0.183333333,0.15,0.016666667,0,0,0,0,0,0.056603774,0,0,0,0.943396226,1,0.071428571,0.785714286,0.107142857,0,0.035714286
648,1,0,0,0,0,0.629032258,0.177419355,0.177419355,0.016129032,0,0,0,0,0,0,0,0.019607843,0,0.980392157,1,0.089285714,0.785714286,0.107142857,0,0.017857143
649,1,0,0,0,0,0.639344262,0.180327869,0.163934426,0.016393443,0,0,0,0,0,0.072727273,0,0.018181818,0,0.909090909,1,0.037735849,0.830188679,0.113207547,0,0.018867925
650,0.95,0,0,0.05,0,0.684210526,0.192982456,0.105263158,0.01754386,0,0,0,0,0,0.103448276,0,0.034482759,0,0.862068966,1,0.056603774,0.830188679,0.113207547,0,0
651,0.941176471,0,0,0.058823529,0,0.696428571,0.196428571,0.089285714,0.017857143,1,0,0,0,0,0.105263158,0.052631579,0.01754386,0,0.824561404,1,0.019230769,0.846153846,0.115384615,0,0.019230769
652,0.882352941,0.058823529,0,0.058823529,0,0.690909091,0.2,0.090909091,0.018181818,0.8,0,0,0.2,0,0.074074074,0.055555556,0,0.018518519,0.851851852,1,0.055555556,0.796296296,0.111111111,0.018518519,0.018518519
653,1,0,0,0,0,0.684210526,0.192982456,0.105263158,0.01754386,1,0,0,0,0,0.037735849,0.018867925,0.018867925,0.018867925,0.905660377,1,0.122807018,0.771929825,0.105263158,0,0
654,1,0,0,0,0,0.639344262,0.180327869,0.163934426,0.016393443,0,0,0,0,0,0.056603774,0,0,0,0.943396226,1,0.054545455,0.8,0.109090909,0,0.036363636
655,0.95,0,0,0.05,0,0.629032258,0.177419355,0.177419355,0.016129032,0,0,0,0,0,0.037735849,0,0.018867925,0,0.943396226,1,0.037735849,0.830188679,0.113207547,0,0.018867925
656,1,0,0,0,0,0.639344262,0.180327869,0.163934426,0.016393443,1,0,0,0,0,0.038461538,0.057692308,0,0,0.903846154,1,0.018867925,0.830188679,0.113207547,0,0.037735849
657,1,0,0,0,0,0.696428571,0.196428571,0.089285714,0.017857143,1,0,0,0,0,0.037037037,0.037037037,0.037037037,0,0.888888889,1,0.122807018,0.771929825,0.105263158,0,0
658,1,0,0,0,0,0.612903226,0.177419355,0.193548387,0.016129032,0,1,0,0,0,0.074074074,0,0,0.018518519,0.907407407,1,0,0.846153846,0.096153846,0.019230769,0.038461538
659,1,0,0,0,0,0.661016949,0.186440678,0.13559322,0.016949153,1,0,0,0,0,0.089285714,0.017857143,0.017857143,0,0.875,1,0.037735849,0.830188679,0.113207547,0,0.018867925
660,1,0,0,0,0,0.684210526,0.192982456,0.105263158,0.01754386,0,0,0,0,0,0,0,0.019607843,0,0.980392157,1,0.163934426,0.721311475,0.098360656,0,0.016393443
661,1,0,0,0,0,0.629032258,0.177419355,0.177419355,0.016129032,1,0,0,0,0,0,0.057692308,0.038461538,0,0.903846154,1,0.038461538,0.846153846,0.115384615,0,0
662,0.875,0,0,0.125,0,0.709090909,0.2,0.072727273,0.018181818,1,0,0,0,0,0.090909091,0.054545455,0,0.036363636,0.818181818,1,0.038461538,0.846153846,0.115384615,0,0
663,0.842105263,0,0.052631579,0.105263158,0,0.735849057,0.188679245,0.056603774,0.018867925,1,0,0,0,0,0.037037037,0.055555556,0.037037037,0,0.87037037,1,0.122807018,0.754385965,0.105263158,0.01754386,0
664,0.947368421,0,0,0.052631579,0,0.709090909,0.2,0.072727273,0.018181818,1,0,0,0,0,0.090909091,0.018181818,0,0,0.890909091,1,0.087719298,0.771929825,0.105263158,0,0.035087719
665,0.9,0.1,0,0,0.019230769,0.711538462,0.211538462,0.057692308,0,0,0,0,0,0,0.131147541,0,0.049180328,0,0.819672131,1,0.107142857,0.785714286,0.089285714,0.017857143,0
666,0.904761905,0,0,0.095238095,0,0.696428571,0.196428571,0.089285714,0.017857143,0,0,0,0,0,0.122807018,0,0,0,0.877192982,1,0.037037037,0.814814815,0.111111111,0,0.037037037
667,0.947368421,0,0,0.052631579,0,0.696428571,0.196428571,0.089285714,0.017857143,1,0,0,0,0,0.13559322,0,0.016949153,0.016949153,0.830508475,1,0.038461538,0.846153846,0.115384615,0,0
668,0.944444444,0,0,0.055555556,0,0.672413793,0.189655172,0.120689655,0.017241379,1,0,0,0,0,0.019607843,0.039215686,0,0,0.941176471,1,0.087719298,0.771929825,0.105263158,0,0.035087719
669,1,0,0,0,0,0.684210526,0.192982456,0.105263158,0.01754386,0,0,0,0,0,0.133333333,0,0.033333333,0,0.833333333,1,0.038461538,0.846153846,0.115384615,0,0
670,0.944444444,0,0,0.055555556,0,0.684210526,0.192982456,0.105263158,0.01754386,1,0,0,0,0,0.137931034,0,0,0.034482759,0.827586207,1,0.019607843,0.862745098,0.117647059,0,0
671,1,0,0,0,0,0.709090909,0.2,0.072727273,0.018181818,0,0,0,0,0,0.054545455,0,0.036363636,0,0.909090909,1,0.152542373,0.745762712,0.101694915,0,0
672,1,0,0,0,0,0.672413793,0.189655172,0.120689655,0.017241379,1,0,0,0,0,0.019607843,0.019607843,0,0,0.960784314,1,0.118644068,0.745762712,0.101694915,0,0.033898305
673,0.904761905,0,0,0.095238095,0,0.703703704,0.203703704,0.074074074,0.018518519,0,1,0,0,0,0.074074074,0,0,0.018518519,0.907407407,1,0.103448276,0.75862069,0.086206897,0.017241379,0.034482759
674,0.9,0,0,0.1,0,0.735849057,0.20754717,0.037735849,0.018867925,1,0,0,0,0,0.072727273,0.018181818,0.018181818,0,0.890909091,1,0.120689655,0.75862069,0.103448276,0,0.017241379
675,1,0,0,0,0,0.65,0.183333333,0.15,0.016666667,1,0,0,0,0,0,0.06,0,0,0.94,1,0.071428571,0.785714286,0.107142857,0,0.035714286
676,1,0,0,0,0,0.722222222,0.203703704,0.055555556,0.018518519,1,0,0,0,0,0.107142857,0.017857143,0,0,0.875,1,0.103448276,0.75862069,0.103448276,0,0.034482759
677,0.95,0,0,0.05,0,0.735849057,0.20754717,0.037735849,0.018867925,0,0,0,0,0,0.072727273,0,0.018181818,0,0.909090909,1,0.15,0.733333333,0.1,0,0.016666667
678,1,0,0,0,0,0.75,0.211538462,0.019230769,0.019230769,0.8,0,0,0,0.2,0.166666667,0.05,0,0.016666667,0.766666667,1,0.019230769,0.846153846,0.115384615,0,0.019230769
679,0.95,0,0,0.05,0,0.619047619,0.174603175,0.19047619,0.015873016,0,0,0,0,0,0.037037037,0,0.037037037,0,0.925925926,1,0.019607843,0.862745098,0.117647059,0,0
680,1,0,0,0,0,0.661016949,0.186440678,0.13559322,0.016949153,0,0,0,0,0,0.054545455,0,0.036363636,0,0.909090909,1,0.090909091,0.8,0.109090909,0,0
681,0.944444444,0,0,0.055555556,0,0.696428571,0.196428571,0.089285714,0.017857143,0.666666667,0,0,0.333333333,0,0.054545455,0.036363636,0.036363636,0,0.872727273,1,0.074074074,0.814814815,0.111111111,0,0
682,1,0,0,0,0,0.696428571,0.196428571,0.089285714,0.017857143,1,0,0,0,0,0.018867925,0.018867925,0.037735849,0,0.924528302,1,0.152542373,0.745762712,0.101694915,0,0
683,0.95,0,0,0.05,0,0.709090909,0.2,0.072727273,0.018181818,0,0,0,0,0,0,0,0.019607843,0,0.980392157,1,0.177419355,0.709677419,0.096774194,0,0.016129032
684,1,0,0,0,0,0.619047619,0.174603175,0.19047619,0.015873016,0,0,0,0,0,0.055555556,0,0.018518519,0,0.925925926,1,0.019230769,0.846153846,0.115384615,0,0.019230769
685,1,0,0,0,0,0.722222222,0.203703704,0.055555556,0.018518519,1,0,0,0,0,0.090909091,0.018181818,0,0.036363636,0.854545455,1,0.122807018,0.771929825,0.105263158,0,0
686,1,0,0,0,0,0.735849057,0.20754717,0.037735849,0.018867925,0.928571429,0,0,0,0.071428571,0.019607843,0.235294118,0,0.019607843,0.725490196,1,0,0.862745098,0.117647059,0,0.019607843
687,1,0,0,0,0,0.684210526,0.192982456,0.105263158,0.01754386,0.875,0,0,0.125,0,0,0.134615385,0.038461538,0,0.826923077,1,0.038461538,0.846153846,0.115384615,0,0
688,1,0,0,0,0,0.735849057,0.20754717,0.037735849,0.018867925,0.933333333,0,0,0.066666667,0,0,0.26,0,0.02,0.72,1,0,0.862745098,0.117647059,0,0.019607843
689,1,0,0,0,0,0.722222222,0.203703704,0.055555556,0.018518519,1,0,0,0,0,0,0.2,0,0.04,0.76,1,0.056603774,0.830188679,0.113207547,0,0
690,1,0,0,0,0,0.672413793,0.189655172,0.120689655,0.017241379,1,0,0,0,0,0,0.02,0,0,0.98,1,0.133333333,0.733333333,0.1,0,0.033333333
691,1,0,0,0,0,0.672413793,0.189655172,0.120689655,0.017241379,0,0,0,0,0,0.103448276,0,0.034482759,0,0.862068966,1,0.056603774,0.830188679,0.113207547,0,0
692,0.95,0,0,0.05,0,0.709090909,0.2,0.072727273,0.018181818,0,0,0,0,0,0.120689655,0,0.017241379,0,0.862068966,1,0.072727273,0.8,0.109090909,0,0.018181818
693,1,0,0,0,0,0.672413793,0.189655172,0.120689655,0.017241379,0,0,0,0,0,0.037037037,0,0.037037037,0,0.925925926,1,0.122807018,0.771929825,0.105263158,0,0
694,1,0,0,0,0,0.735849057,0.20754717,0.037735849,0.018867925,1,0,0,0,0,0,0.254901961,0.019607843,0.019607843,0.705882353,1,0.019607843,0.862745098,0.117647059,0,0
695,1,0,0,0,0,0.75,0.211538462,0.019230769,0.019230769,1,0,0,0,0,0.019230769,0.192307692,0.019230769,0.019230769,0.75,1,0.074074074,0.814814815,0.111111111,0,0
696,1,0,0,0,0.019230769,0.730769231,0.192307692,0.057692308,0,0.692307692,0.076923077,0.076923077,0.076923077,0.076923077,0.019230769,0.211538462,0.019230769,0,0.75,1,0.019230769,0.826923077,0.115384615,0.019230769,0.019230769
697,1,0,0,0,0,0.639344262,0.180327869,0.163934426,0.016393443,1,0,0,0,0,0.038461538,0.076923077,0,0.019230769,0.865384615,1,0,0.862745098,0.117647059,0,0.019607843
698,1,0,0,0,0.016949153,0.644067797,0.186440678,0.152542373,0,0,1,0,0,0,0.107142857,0.017857143,0,0,0.875,1,0.018867925,0.830188679,0.113207547,0,0.037735849
699,0.947368421,0.052631579,0,0,0,0.633333333,0.183333333,0.183333333,0,1,0,0,0,0,0.120689655,0,0.017241379,0.017241379,0.844827586,1,0,0.86,0.12,0.02,0
700,0.894736842,0.052631579,0,0.052631579,0.01754386,0.666666667,0.192982456,0.122807018,0,1,0,0,0,0,0.152542373,0,0,0.016949153,0.830508475,1,0,0.862745098,0.117647059,0,0.019607843
701,0.944444444,0.055555556,0,0,0.01754386,0.666666667,0.192982456,0.122807018,0,1,0,0,0,0,0.163934426,0,0.016393443,0.016393443,0.803278689,1,0,0.88,0.12,0,0
702,1,0,0,0,0,0.661016949,0.186440678,0.13559322,0.016949153,0,0,0,0,0,0.089285714,0,0.017857143,0,0.892857143,1,0.055555556,0.814814815,0.111111111,0,0.018518519
703,1,0,0,0,0,0.639344262,0.180327869,0.163934426,0.016393443,0.75,0,0,0,0.25,0.037037037,0.055555556,0.037037037,0,0.87037037,1,0,0.88,0.12,0,0
704,0.95,0,0,0.05,0,0.65,0.183333333,0.15,0.016666667,0,0,0,0,0,0.037735849,0,0.018867925,0,0.943396226,1,0.072727273,0.8,0.109090909,0,0.018181818
705,0.944444444,0,0,0.055555556,0,0.672413793,0.189655172,0.120689655,0.017241379,1,0,0,0,0,0.105263158,0.01754386,0.01754386,0.01754386,0.842105263,1,0.019607843,0.862745098,0.117647059,0,0
706,1,0,0,0,0,0.735849057,0.20754717,0.037735849,0.018867925,0.666666667,0,0,0.333333333,0,0.037735849,0.018867925,0.018867925,0.018867925,0.905660377,1,0.166666667,0.733333333,0.1,0,0
707,1,0,0,0,0,0.672413793,0.189655172,0.120689655,0.017241379,0,0,0,0,0,0.019607843,0,0,0,0.980392157,1,0.133333333,0.733333333,0.1,0,0.033333333
708,1,0,0,0,0,0.672413793,0.189655172,0.120689655,0.017241379,0,0,0,0,0,0.055555556,0,0.018518519,0,0.925925926,1,0.105263158,0.771929825,0.105263158,0,0.01754386
709,0.947368421,0,0,0.052631579,0,0.709090909,0.2,0.072727273,0.018181818,1,0,0,0,0,0.018867925,0.018867925,0.037735849,0,0.924528302,1,0.152542373,0.745762712,0.101694915,0,0
710,0.9,0,0,0.1,0,0.696428571,0.196428571,0.089285714,0.017857143,1,0,0,0,0,0,0.019607843,0.019607843,0,0.960784314,1,0.13559322,0.745762712,0.101694915,0,0.016949153
711,1,0,0,0,0,0.655172414,0.189655172,0.155172414,0,0.333333333,0.333333333,0,0,0.333333333,0.037735849,0.037735849,0.018867925,0,0.905660377,1,0.072727273,0.781818182,0.109090909,0.018181818,0.018181818
712,1,0,0,0,0,0.722222222,0.203703704,0.055555556,0.018518519,1,0,0,0,0,0.071428571,0.017857143,0.035714286,0,0.875,1,0.137931034,0.75862069,0.103448276,0,0
713,1,0,0,0,0,0.696428571,0.196428571,0.089285714,0.017857143,1,0,0,0,0,0,0.06,0,0.02,0.92,1,0.13559322,0.745762712,0.101694915,0,0.016949153
714,1,0,0,0,0,0.735849057,0.20754717,0.037735849,0.018867925,0,0,0,0,0,0.163934426,0,0.016393443,0,0.819672131,1,0.072727273,0.8,0.109090909,0,0.018181818
715,1,0,0,0,0,0.684210526,0.192982456,0.105263158,0.01754386,0.666666667,0,0,0,0.333333333,0,0.019607843,0.019607843,0.019607843,0.941176471,1,0.137931034,0.75862069,0.103448276,0,0
716,1,0,0,0,0,0.709090909,0.2,0.072727273,0.018181818,1,0,0,0,0,0.090909091,0,0,0.036363636,0.872727273,1,0.122807018,0.771929825,0.105263158,0,0
717,1,0,0,0,0,0.735849057,0.20754717,0.037735849,0.018867925,0,0,0,0,0,0.089285714,0,0.017857143,0,0.892857143,1,0.15,0.733333333,0.1,0,0.016666667
718,1,0,0,0,0,0.684210526,0.192982456,0.105263158,0.01754386,1,0,0,0,0,0,0.019607843,0.019607843,0,0.960784314,1,0.15,0.733333333,0.1,0,0.016666667
719,1,0,0,0,0,0.696428571,0.196428571,0.089285714,0.017857143,0,0,0,0,0,0.056603774,0,0,0,0.943396226,1,0.133333333,0.733333333,0.1,0,0.033333333
720,1,0,0,0,0,0.661016949,0.186440678,0.13559322,0.016949153,0,0,0,0,0,0.118644068,0,0.033898305,0,0.847457627,1,0.019607843,0.862745098,0.117647059,0,0
721,1,0,0,0,0,0.609375,0.171875,0.203125,0.015625,1,0,0,0,0,0.019607843,0.039215686,0,0,0.941176471,1,0,0.846153846,0.115384615,0,0.038461538
722,1,0,0,0,0,0.609375,0.171875,0.203125,0.015625,0,0,0,0,0,0.019607843,0,0,0,0.980392157,1,0.037037037,0.814814815,0.111111111,0,0.037037037
723,1,0,0,0,0,0.619047619,0.174603175,0.19047619,0.015873016,0,0,0,0,0,0.037037037,0,0.037037037,0,0.925925926,1,0.038461538,0.846153846,0.115384615,0,0
724,0.947368421,0,0,0.052631579,0,0.629032258,0.177419355,0.177419355,0.016129032,1,0,0,0,0,0,0.019607843,0.019607843,0,0.960784314,1,0.055555556,0.814814815,0.111111111,0,0.018518519
725,1,0,0,0,0,0.661016949,0.186440678,0.13559322,0.016949153,1,0,0,0,0,0.056603774,0,0,0.018867925,0.924528302,1,0.089285714,0.785714286,0.107142857,0,0.017857143
726,1,0,0,0,0,0.696428571,0.196428571,0.089285714,0.017857143,0.75,0,0,0,0.25,0.120689655,0.051724138,0.017241379,0,0.810344828,1,0,0.862745098,0.117647059,0,0.019607843
727,1,0,0,0,0,0.661016949,0.186440678,0.13559322,0.016949153,1,0,0,0,0,0,0.019230769,0.038461538,0,0.942307692,1,0.122807018,0.771929825,0.105263158,0,0
728,1,0,0,0,0,0.75,0.211538462,0.019230769,0.019230769,1,0,0,0,0,0.103448276,0.017241379,0.034482759,0,0.844827586,1,0.137931034,0.75862069,0.103448276,0,0
729,1,0,0,0,0,0.696428571,0.196428571,0.089285714,0.017857143,0,0,0,0,0,0.074074074,0,0,0,0.925925926,1,0.118644068,0.745762712,0.101694915,0,0.033898305
730,1,0,0,0,0,0.709090909,0.2,0.072727273,0.018181818,0,0,0,0,0,0.152542373,0,0,0,0.847457627,1,0.054545455,0.8,0.109090909,0,0.036363636
731,1,0,0,0,0,0.684210526,0.192982456,0.105263158,0.01754386,1,0,0,0,0,0.13559322,0.016949153,0.016949153,0,0.830508475,1,0.019230769,0.846153846,0.115384615,0,0.019230769
732,1,0,0,0,0,0.629032258,0.177419355,0.177419355,0.016129032,0,0,0,0,0,0.072727273,0,0.018181818,0,0.909090909,1,0.019230769,0.846153846,0.115384615,0,0.019230769
733,1,0,0,0,0,0.65,0.183333333,0.15,0.016666667,0,0,0,0,0,0,0,0.019607843,0,0.980392157,1,0.120689655,0.75862069,0.103448276,0,0.017241379
734,1,0,0,0,0,0.619047619,0.174603175,0.19047619,0.015873016,1,0,0,0,0,0,0,0.019607843,0.019607843,0.960784314,1,0.074074074,0.814814815,0.111111111,0,0
735,1,0,0,0,0,0.65,0.183333333,0.15,0.016666667,1,0,0,0,0,0,0.06,0,0.04,0.9,1,0.074074074,0.814814815,0.111111111,0,0
736,1,0,0,0,0,0.672413793,0.189655172,0.120689655,0.017241379,0,0,0,0,0,0.019230769,0,0.019230769,0,0.961538462,1,0.13559322,0.745762712,0.101694915,0,0.016949153
737,1,0,0,0,0,0.696428571,0.196428571,0.089285714,0.017857143,0,0,0,0,0,0.019230769,0,0.019230769,0,0.961538462,1,0.163934426,0.721311475,0.098360656,0,0.016393443
738,1,0,0,0,0,0.65,0.183333333,0.15,0.016666667,1,0,0,0,0,0.019607843,0.039215686,0,0,0.941176471,1,0.071428571,0.785714286,0.107142857,0,0.035714286
739,1,0,0,0,0,0.661016949,0.186440678,0.13559322,0.016949153,0,0,0,0,0,0.038461538,0,0,0,0.961538462,1,0.103448276,0.75862069,0.103448276,0,0.034482759
740,1,0,0,0,0,0.672413793,0.189655172,0.120689655,0.017241379,0.75,0,0,0,0.25,0.019230769,0.038461538,0.019230769,0.019230769,0.903846154,1,0.090909091,0.8,0.109090909,0,0
741,1,0,0,0,0,0.722222222,0.203703704,0.055555556,0.018518519,0.888888889,0,0,0,0.111111111,0.038461538,0.153846154,0,0,0.807692308,1,0.037037037,0.814814815,0.111111111,0,0.037037037
742,1,0,0,0,0,0.722222222,0.203703704,0.055555556,0.018518519,1,0,0,0,0,0.038461538,0.192307692,0,0,0.769230769,1,0.018867925,0.830188679,0.113207547,0,0.037735849
743,1,0,0,0,0,0.75,0.211538462,0.019230769,0.019230769,1,0,0,0,0,0.037037037,0.203703704,0.037037037,0,0.722222222,1,0.038461538,0.846153846,0.115384615,0,0
744,1,0,0,0,0,0.722222222,0.203703704,0.055555556,0.018518519,0.923076923,0,0,0.076923077,0,0,0.215686275,0.019607843,0.019607843,0.745098039,1,0.019607843,0.862745098,0.117647059,0,0
745,1,0,0,0,0,0.696428571,0.196428571,0.089285714,0.017857143,1,0,0,0,0,0.038461538,0.134615385,0,0.019230769,0.807692308,1,0.037735849,0.830188679,0.113207547,0,0.018867925
746,0.944444444,0,0,0.055555556,0,0.672413793,0.189655172,0.120689655,0.017241379,1,0,0,0,0,0.105263158,0.035087719,0.01754386,0,0.842105263,1,0,0.862745098,0.117647059,0,0.019607843
747,0.947368421,0,0,0.052631579,0,0.722222222,0.203703704,0.055555556,0.018518519,1,0,0,0,0,0.074074074,0,0,0.018518519,0.907407407,1,0.13559322,0.745762712,0.101694915,0,0.016949153
748,1,0,0,0,0,0.735849057,0.20754717,0.037735849,0.018867925,0.875,0,0,0,0.125,0,0.137254902,0.019607843,0,0.843137255,1,0.105263158,0.771929825,0.105263158,0,0.01754386
749,1,0,0,0,0,0.722222222,0.203703704,0.055555556,0.018518519,0.833333333,0,0,0.166666667,0,0.054545455,0.090909091,0.036363636,0,0.818181818,1,0.074074074,0.814814815,0.111111111,0,0
750,1,0,0,0,0,0.696428571,0.196428571,0.089285714,0.017857143,0.666666667,0,0,0.166666667,0.166666667,0.019607843,0.078431373,0,0,0.901960784,1,0.071428571,0.785714286,0.107142857,0,0.035714286
751,1,0,0,0,0,0.75,0.211538462,0.019230769,0.019230769,0.666666667,0,0,0,0.333333333,0.137931034,0.034482759,0,0,0.827586207,1,0.071428571,0.785714286,0.107142857,0,0.035714286
752,1,0,0,0,0,0.672413793,0.189655172,0.120689655,0.017241379,0.5,0,0,0,0.5,0.019230769,0.019230769,0.019230769,0,0.942307692,1,0.105263158,0.771929825,0.105263158,0,0.01754386
753,1,0,0,0,0,0.684210526,0.192982456,0.105263158,0.01754386,0.8,0,0,0.2,0,0.019230769,0.057692308,0.019230769,0.019230769,0.884615385,1,0.090909091,0.8,0.109090909,0,0
754,0.904761905,0,0,0.095238095,0,0.684210526,0.192982456,0.105263158,0.01754386,0,0,0,0,0,0.137931034,0,0,0,0.862068966,1,0,0.846153846,0.115384615,0,0.038461538
755,1,0,0,0,0,0.639344262,0.180327869,0.163934426,0.016393443,1,0,0,0,0,0.074074074,0,0,0.018518519,0.907407407,1,0.037735849,0.830188679,0.113207547,0,0.018867925
756,0.928571429,0,0,0.071428571,0,0.696428571,0.196428571,0.089285714,0.017857143,0.857142857,0,0,0,0.142857143,0.019607843,0.078431373,0,0.039215686,0.862745098,1,0.074074074,0.814814815,0.111111111,0,0
757,0.9,0,0,0.1,0,0.722222222,0.203703704,0.055555556,0.018518519,1,0,0,0,0,0.118644068,0.016949153,0.033898305,0,0.830508475,1,0.056603774,0.830188679,0.113207547,0,0
758,1,0,0,0,0,0.722222222,0.203703704,0.055555556,0.018518519,1,0,0,0,0,0.019607843,0.019607843,0,0,0.960784314,1,0.174603175,0.698412698,0.095238095,0,0.031746032
759,0.944444444,0,0,0.055555556,0,0.722222222,0.203703704,0.055555556,0.018518519,1,0,0,0,0,0.107142857,0.035714286,0,0,0.857142857,1,0.071428571,0.785714286,0.107142857,0,0.035714286
760,1,0,0,0,0,0.709090909,0.2,0.072727273,0.018181818,0,0,0,0,0,0.166666667,0,0,0,0.833333333,1,0.037037037,0.814814815,0.111111111,0,0.037037037
761,1,0,0,0,0,0.722222222,0.203703704,0.055555556,0.018518519,1,0,0,0,0,0.180327869,0.016393443,0,0.032786885,0.770491803,1,0.019607843,0.862745098,0.117647059,0,0
762,0.947368421,0.052631579,0,0,0.017241379,0.655172414,0.189655172,0.137931034,0,0,0,0,0,0,0.147540984,0,0.032786885,0,0.819672131,1,0,0.88,0.12,0,0
763,0.95,0,0,0.05,0,0.661016949,0.186440678,0.13559322,0.016949153,0,0,0,0,0,0.090909091,0,0,0,0.909090909,1,0.037037037,0.814814815,0.111111111,0,0.037037037
764,1,0,0,0,0,0.722222222,0.203703704,0.055555556,0.018518519,0.714285714,0,0,0.285714286,0,0.019230769,0.076923077,0.019230769,0.019230769,0.865384615,1,0.107142857,0.785714286,0.107142857,0,0
765,1,0,0,0,0,0.661016949,0.186440678,0.13559322,0.016949153,0,0,0,0,0,0.074074074,0,0,0,0.925925926,1,0.071428571,0.785714286,0.107142857,0,0.035714286
766,1,0,0,0,0,0.639344262,0.180327869,0.163934426,0.016393443,1,0,0,0,0,0.107142857,0,0,0.035714286,0.857142857,1,0,0.88,0.12,0,0
767,1,0,0,0,0,0.672413793,0.189655172,0.120689655,0.017241379,0,0,0,0,0,0.089285714,0,0.017857143,0,0.892857143,1,0.072727273,0.8,0.109090909,0,0.018181818
768,1,0,0,0,0,0.609375,0.171875,0.203125,0.015625,0,0,0,0,0,0,0,0,0,1,1,0.054545455,0.8,0.109090909,0,0.036363636
769,1,0,0,0,0,0.619047619,0.174603175,0.19047619,0.015873016,0,0,0,0,0,0.019607843,0,0,0,0.980392157,1,0.054545455,0.8,0.109090909,0,0.036363636
770,1,0,0,0,0,0.661016949,0.186440678,0.13559322,0.016949153,0,0,0,0,0,0.038461538,0,0,0,0.961538462,1,0.103448276,0.75862069,0.103448276,0,0.034482759
771,1,0,0,0,0,0.696428571,0.196428571,0.089285714,0.017857143,0,0,0,0,0,0.019607843,0,0,0,0.980392157,1,0.161290323,0.709677419,0.096774194,0,0.032258065
772,1,0,0,0,0,0.696428571,0.196428571,0.089285714,0.017857143,0.8,0,0,0,0.2,0,0.078431373,0.019607843,0,0.901960784,1,0.105263158,0.771929825,0.105263158,0,0.01754386
773,1,0,0,0,0,0.696428571,0.196428571,0.089285714,0.017857143,1,0,0,0,0,0.090909091,0.036363636,0,0.036363636,0.836363636,1,0.074074074,0.814814815,0.111111111,0,0
774,1,0,0,0,0,0.639344262,0.180327869,0.163934426,0.016393443,1,0,0,0,0,0,0.08,0,0.02,0.9,1,0.037735849,0.830188679,0.113207547,0,0.018867925
775,1,0,0,0,0,0.684210526,0.192982456,0.105263158,0.01754386,0.857142857,0,0,0,0.142857143,0.090909091,0.072727273,0,0.036363636,0.8,1,0,0.88,0.12,0,0
776,1,0,0,0,0,0.696428571,0.196428571,0.089285714,0.017857143,0,0,0,0,0,0.090909091,0,0,0,0.909090909,1,0.103448276,0.75862069,0.103448276,0,0.034482759
777,0.95,0,0,0.05,0,0.735849057,0.20754717,0.037735849,0.018867925,0,0,0,0,0,0.087719298,0,0.035087719,0,0.877192982,1,0.137931034,0.75862069,0.103448276,0,0
778,1,0,0,0,0,0.661016949,0.186440678,0.13559322,0.016949153,0,0,0,0,0,0.087719298,0,0.035087719,0,0.877192982,1,0.056603774,0.830188679,0.113207547,0,0
779,1,0,0,0,0.016949153,0.644067797,0.186440678,0.152542373,0,0.5,0.5,0,0,0,0.105263158,0.01754386,0.01754386,0.01754386,0.842105263,1,0.019607843,0.862745098,0.117647059,0,0
780,0.9,0.05,0,0.05,0.016949153,0.644067797,0.186440678,0.152542373,0,0,0,0,0,0,0.087719298,0,0.035087719,0,0.877192982,1,0.038461538,0.846153846,0.115384615,0,0
781,0.944444444,0,0,0.055555556,0,0.684210526,0.192982456,0.105263158,0.01754386,1,0,0,0,0,0.071428571,0.035714286,0.035714286,0,0.857142857,1,0.056603774,0.830188679,0.113207547,0,0
782,0.894736842,0.052631579,0,0.052631579,0.017241379,0.655172414,0.189655172,0.137931034,0,1,0,0,0,0,0.120689655,0.017241379,0.017241379,0,0.844827586,1,0,0.862745098,0.117647059,0,0.019607843
783,1,0,0,0,0,0.735849057,0.20754717,0.037735849,0.018867925,0,0,0,0,0,0.133333333,0,0.033333333,0,0.833333333,1,0.107142857,0.785714286,0.107142857,0,0
784,1,0,0,0,0,0.75,0.211538462,0.019230769,0.019230769,0.5,0,0,0.5,0,0.152542373,0.016949153,0,0,0.830508475,1,0.071428571,0.785714286,0.107142857,0,0.035714286
785,0.944444444,0,0,0.055555556,0,0.65,0.183333333,0.15,0.016666667,1,0,0,0,0,0.056603774,0.018867925,0,0.018867925,0.905660377,1,0.037735849,0.830188679,0.113207547,0,0.018867925
786,0.904761905,0,0,0.095238095,0,0.639344262,0.180327869,0.163934426,0.016393443,0,0,0,0,0,0.071428571,0,0.035714286,0,0.892857143,1,0,0.88,0.12,0,0
787,1,0,0,0,0,0.672413793,0.189655172,0.120689655,0.017241379,0,0,0,0,0,0.074074074,0,0,0,0.925925926,1,0.087719298,0.771929825,0.105263158,0,0.035087719
788,1,0,0,0,0,0.684210526,0.192982456,0.105263158,0.01754386,1,0,0,0,0,0.13559322,0,0.016949153,0.016949153,0.830508475,1,0.038461538,0.846153846,0.115384615,0,0
789,0.95,0.05,0,0,0,0.666666667,0.192982456,0.122807018,0.01754386,0,0,0,0,0,0.071428571,0,0.035714286,0,0.892857143,1,0.107142857,0.767857143,0.107142857,0.017857143,0
790,0.95,0,0,0.05,0,0.696428571,0.196428571,0.089285714,0.017857143,0,0,0,0,0,0.071428571,0,0.035714286,0,0.892857143,1,0.107142857,0.785714286,0.107142857,0,0
791,1,0,0,0,0,0.709090909,0.2,0.072727273,0.018181818,0,0,0,0,0,0.087719298,0,0.035087719,0,0.877192982,1,0.122807018,0.771929825,0.105263158,0,0
792,1,0,0,0,0,0.684210526,0.192982456,0.105263158,0.01754386,1,0,0,0,0,0.120689655,0,0.017241379,0.017241379,0.844827586,1,0.056603774,0.830188679,0.113207547,0,0
793,1,0,0,0,0,0.684210526,0.192982456,0.105263158,0.01754386,0,0,0,0,0,0,0,0.038461538,0,0.961538462,1,0.166666667,0.733333333,0.1,0,0
794,1,0,0,0,0,0.684210526,0.192982456,0.105263158,0.01754386,1,0,0,0,0,0.152542373,0.016949153,0,0,0.830508475,1,0,0.846153846,0.115384615,0,0.038461538
795,1,0,0,0,0,0.672413793,0.189655172,0.120689655,0.017241379,0.8,0,0,0.2,0,0.054545455,0.072727273,0.036363636,0,0.836363636,1,0.019607843,0.862745098,0.117647059,0,0
796,1,0,0,0,0,0.672413793,0.189655172,0.120689655,0.017241379,1,0,0,0,0,0.055555556,0.055555556,0.018518519,0,0.87037037,1,0.055555556,0.814814815,0.111111111,0,0.018518519
797,0.947368421,0,0,0.052631579,0,0.672413793,0.189655172,0.120689655,0.017241379,1,0,0,0,0,0.037735849,0,0.018867925,0.018867925,0.924528302,1,0.107142857,0.785714286,0.107142857,0,0
798,1,0,0,0,0,0.661016949,0.186440678,0.13559322,0.016949153,1,0,0,0,0,0.072727273,0,0.018181818,0.018181818,0.890909091,1,0.074074074,0.814814815,0.111111111,0,0
799,0.95,0,0.05,0,0,0.696428571,0.178571429,0.107142857,0.017857143,0,0,0,0,0,0.037037037,0,0.037037037,0,0.925925926,1,0.13559322,0.745762712,0.084745763,0.016949153,0.016949153
800,0.846153846,0.076923077,0,0.076923077,0,0.703703704,0.203703704,0.074074074,0.018518519,0.888888889,0,0,0,0.111111111,0.019607843,0.137254902,0,0.019607843,0.823529412,1,0.037037037,0.814814815,0.092592593,0.018518519,0.037037037
801,1,0,0,0,0,0.696428571,0.196428571,0.089285714,0.017857143,0.909090909,0,0,0,0.090909091,0.019607843,0.156862745,0,0.039215686,0.784313725,1,0.019607843,0.862745098,0.117647059,0,0
802,1,0,0,0,0,0.639344262,0.180327869,0.163934426,0.016393443,1,0,0,0,0,0.038461538,0.019230769,0,0,0.942307692,1,0.054545455,0.8,0.109090909,0,0.036363636
803,1,0,0,0,0,0.661016949,0.186440678,0.13559322,0.016949153,1,0,0,0,0,0.089285714,0,0.017857143,0.017857143,0.875,1,0.056603774,0.830188679,0.113207547,0,0
804,1,0,0,0,0,0.696428571,0.196428571,0.089285714,0.017857143,0,0,0,0,0,0.071428571,0,0.035714286,0,0.892857143,1,0.122807018,0.771929825,0.105263158,0,0
805,0.947368421,0,0,0.052631579,0,0.735849057,0.20754717,0.037735849,0.018867925,1,0,0,0,0,0.055555556,0,0.018518519,0.018518519,0.907407407,1,0.166666667,0.733333333,0.1,0,0
806,0.947368421,0,0,0.052631579,0,0.672413793,0.189655172,0.120689655,0.017241379,1,0,0,0,0,0.054545455,0.018181818,0.036363636,0,0.890909091,1,0.074074074,0.814814815,0.111111111,0,0
807,1,0,0,0,0,0.722222222,0.203703704,0.055555556,0.018518519,1,0,0,0,0,0.152542373,0,0,0.033898305,0.813559322,1,0.074074074,0.814814815,0.111111111,0,0
808,1,0,0,0,0,0.684210526,0.192982456,0.105263158,0.01754386,0,0,0,0,0,0.107142857,0,0,0,0.892857143,1,0.071428571,0.785714286,0.107142857,0,0.035714286
809,1,0,0,0,0,0.661016949,0.186440678,0.13559322,0.016949153,0,0,0,0,0,0.055555556,0,0.018518519,0,0.925925926,1,0.089285714,0.785714286,0.107142857,0,0.017857143
810,1,0,0,0,0,0.684210526,0.192982456,0.105263158,0.01754386,0,0,0,0,0,0.074074074,0,0,0,0.925925926,1,0.103448276,0.75862069,0.103448276,0,0.034482759
811,0.947368421,0,0,0.052631579,0,0.75,0.211538462,0.019230769,0.019230769,1,0,0,0,0,0.177419355,0,0.016129032,0.016129032,0.790322581,1,0.056603774,0.830188679,0.113207547,0,0
812,1,0,0,0,0,0.735849057,0.20754717,0.037735849,0.018867925,0,0,0,0,0,0.177419355,0,0.016129032,0,0.806451613,1,0.055555556,0.814814815,0.111111111,0,0.018518519
813,1,0,0,0,0,0.730769231,0.211538462,0.038461538,0.019230769,0.5,0.25,0,0.25,0,0.038461538,0,0,0.057692308,0.903846154,1,0.180327869,0.721311475,0.081967213,0.016393443,0
814,0.95,0,0,0.05,0,0.684210526,0.192982456,0.105263158,0.01754386,0,0,0,0,0,0.055555556,0,0.018518519,0,0.925925926,1,0.105263158,0.771929825,0.105263158,0,0.01754386
815,1,0,0,0,0,0.696428571,0.196428571,0.089285714,0.017857143,1,0,0,0,0,0.089285714,0,0.017857143,0.017857143,0.875,1,0.107142857,0.785714286,0.107142857,0,0
816,1,0,0,0,0,0.684210526,0.192982456,0.105263158,0.01754386,1,0,0,0,0,0.120689655,0.051724138,0.017241379,0.017241379,0.793103448,1,0,0.88,0.12,0,0
817,0.95,0,0,0.05,0,0.696428571,0.196428571,0.089285714,0.017857143,0,0,0,0,0,0.118644068,0,0.033898305,0,0.847457627,1,0.056603774,0.830188679,0.113207547,0,0
818,0.95,0,0,0.05,0,0.722222222,0.203703704,0.055555556,0.018518519,0,0,0,0,0,0.019230769,0,0.019230769,0,0.961538462,1,0.177419355,0.709677419,0.096774194,0,0.016129032
819,0.941176471,0,0,0.058823529,0,0.696428571,0.196428571,0.089285714,0.017857143,1,0,0,0,0,0,0.02,0,0.04,0.94,1,0.152542373,0.745762712,0.101694915,0,0
820,1,0,0,0,0,0.684210526,0.192982456,0.105263158,0.01754386,0,0,0,0,0,0,0,0,0,1,1,0.161290323,0.709677419,0.096774194,0,0.032258065
821,1,0,0,0,0,0.735849057,0.20754717,0.037735849,0.018867925,1,0,0,0,0,0,0.02,0,0,0.98,1,0.2,0.676923077,0.092307692,0,0.030769231
822,1,0,0,0,0,0.735849057,0.20754717,0.037735849,0.018867925,0,0,0,0,0,0.074074074,0,0,0,0.925925926,1,0.161290323,0.709677419,0.096774194,0,0.032258065
823,1,0,0,0,0,0.735849057,0.20754717,0.037735849,0.018867925,1,0,0,0,0,0.074074074,0.037037037,0,0.037037037,0.851851852,1,0.137931034,0.75862069,0.103448276,0,0
824,1,0,0,0,0,0.639344262,0.180327869,0.163934426,0.016393443,0,0,0,0,0,0.072727273,0,0.018181818,0,0.909090909,1,0.037735849,0.830188679,0.113207547,0,0.018867925
825,0.9,0,0,0.1,0,0.639344262,0.180327869,0.163934426,0.016393443,1,0,0,0,0,0.037735849,0,0.018867925,0.018867925,0.924528302,1,0.038461538,0.846153846,0.115384615,0,0
826,1,0,0,0,0,0.735849057,0.20754717,0.037735849,0.018867925,1,0,0,0,0,0.137931034,0.017241379,0,0.017241379,0.827586207,1,0.089285714,0.785714286,0.107142857,0,0.017857143
827,1,0,0,0,0,0.75,0.211538462,0.019230769,0.019230769,1,0,0,0,0,0.103448276,0.034482759,0.034482759,0,0.827586207,1,0.122807018,0.771929825,0.105263158,0,0
828,1,0,0,0,0,0.696428571,0.196428571,0.089285714,0.017857143,0,0,0,0,0,0.037735849,0,0.018867925,0,0.943396226,1,0.15,0.733333333,0.1,0,0.016666667
829,0.95,0,0,0.05,0,0.661016949,0.186440678,0.13559322,0.016949153,0,0,0,0,0,0.037735849,0,0.018867925,0,0.943396226,1,0.089285714,0.785714286,0.107142857,0,0.017857143
830,0.947368421,0.052631579,0,0,0.01754386,0.666666667,0.192982456,0.122807018,0,0,0,0,0,0,0.037037037,0,0.037037037,0,0.925925926,1,0.137931034,0.75862069,0.103448276,0,0
831,0.95,0,0,0.05,0,0.735849057,0.20754717,0.037735849,0.018867925,0,0,0,0,0,0.056603774,0,0,0,0.943396226,1,0.161290323,0.709677419,0.096774194,0,0.032258065
832,1,0,0,0,0,0.735849057,0.20754717,0.037735849,0.018867925,0,0,0,0,0,0.074074074,0,0,0,0.925925926,1,0.161290323,0.709677419,0.096774194,0,0.032258065
833,1,0,0,0,0,0.735849057,0.20754717,0.037735849,0.018867925,0,0,0,0,0,0.180327869,0,0,0,0.819672131,1,0.054545455,0.8,0.109090909,0,0.036363636
834,1,0,0,0,0,0.709090909,0.2,0.072727273,0.018181818,1,0,0,0,0,0,0.019607843,0.019607843,0.019607843,0.941176471,1,0.180327869,0.721311475,0.098360656,0,0
835,0.95,0,0,0.05,0,0.65,0.183333333,0.15,0.016666667,0,0,0,0,0,0.090909091,0,0,0,0.909090909,1,0.018867925,0.830188679,0.113207547,0,0.037735849
836,0.894736842,0,0.052631579,0.052631579,0,0.75,0.192307692,0.038461538,0.019230769,0.666666667,0,0,0,0.333333333,0.087719298,0.035087719,0.035087719,0,0.842105263,1,0.107142857,0.767857143,0.107142857,0.017857143,0
837,1,0,0,0,0,0.696428571,0.196428571,0.089285714,0.017857143,1,0,0,0,0,0,0.176470588,0.019607843,0.019607843,0.784313725,1,0.038461538,0.846153846,0.115384615,0,0
838,1,0,0,0,0,0.709090909,0.2,0.072727273,0.018181818,0.75,0,0,0,0.25,0.074074074,0.055555556,0,0,0.87037037,1,0.071428571,0.785714286,0.107142857,0,0.035714286
839,1,0,0,0,0,0.661016949,0.186440678,0.13559322,0.016949153,0.8,0,0,0,0.2,0.019607843,0.078431373,0,0,0.901960784,1,0.037037037,0.814814815,0.111111111,0,0.037037037
840,1,0,0,0,0,0.684210526,0.192982456,0.105263158,0.01754386,0.857142857,0,0,0.142857143,0,0.019607843,0.117647059,0,0,0.862745098,1,0.037037037,0.814814815,0.111111111,0,0.037037037
841,1,0,0,0,0,0.684210526,0.192982456,0.105263158,0.01754386,0,0,0,0,0,0.15,0,0.016666667,0,0.833333333,1,0.019230769,0.846153846,0.115384615,0,0.019230769
842,1,0,0,0,0,0.722222222,0.203703704,0.055555556,0.018518519,0,0,0,0,0,0.174603175,0,0.031746032,0,0.793650794,1,0.038461538,0.846153846,0.115384615,0,0
843,1,0,0,0,0,0.709090909,0.2,0.072727273,0.018181818,0,0,0,0,0,0.089285714,0,0.017857143,0,0.892857143,1,0.120689655,0.75862069,0.103448276,0,0.017241379
844,1,0,0,0,0,0.672413793,0.189655172,0.120689655,0.017241379,0,0,0,0,0,0.107142857,0,0,0,0.892857143,1,0.054545455,0.8,0.109090909,0,0.036363636
845,1,0,0,0,0,0.696428571,0.196428571,0.089285714,0.017857143,1,0,0,0,0,0.037735849,0.037735849,0.018867925,0.018867925,0.886792453,1,0.122807018,0.771929825,0.105263158,0,0
846,1,0,0,0,0,0.684210526,0.192982456,0.105263158,0.01754386,0.5,0,0,0,0.5,0.054545455,0.018181818,0.036363636,0,0.890909091,1,0.090909091,0.8,0.109090909,0,0
847,1,0,0,0,0,0.684210526,0.192982456,0.105263158,0.01754386,0,0,0,0,0,0.118644068,0,0.033898305,0,0.847457627,1,0.056603774,0.830188679,0.113207547,0,0
848,0.95,0,0,0.05,0,0.696428571,0.196428571,0.089285714,0.017857143,0,0,0,0,0,0.15,0,0.016666667,0,0.833333333,1,0.019230769,0.846153846,0.115384615,0,0.019230769
849,1,0,0,0,0,0.684210526,0.192982456,0.105263158,0.01754386,0,0,0,0,0,0.054545455,0,0.036363636,0,0.909090909,1,0.122807018,0.771929825,0.105263158,0,0
850,0.95,0,0,0.05,0,0.709090909,0.2,0.072727273,0.018181818,0,0,0,0,0,0.118644068,0,0.033898305,0,0.847457627,1,0.074074074,0.814814815,0.111111111,0,0
851,1,0,0,0,0,0.639344262,0.180327869,0.163934426,0.016393443,0,0,0,0,0,0.103448276,0,0.034482759,0,0.862068966,1,0,0.88,0.12,0,0
852,1,0,0,0,0,0.661016949,0.186440678,0.13559322,0.016949153,1,0,0,0,0,0.122807018,0,0,0.01754386,0.859649123,1,0.019230769,0.846153846,0.115384615,0,0.019230769
853,1,0,0,0,0,0.672413793,0.189655172,0.120689655,0.017241379,0,0,0,0,0,0.152542373,0,0,0,0.847457627,1,0,0.846153846,0.115384615,0,0.038461538
854,1,0,0,0,0,0.722222222,0.203703704,0.055555556,0.018518519,0,0,0,0,0,0.193548387,0,0,0,0.806451613,1,0.018867925,0.830188679,0.113207547,0,0.037735849
855,0.947368421,0,0,0.052631579,0,0.696428571,0.196428571,0.089285714,0.017857143,1,0,0,0,0,0.137931034,0,0,0.017241379,0.844827586,1,0.037735849,0.830188679,0.113207547,0,0.018867925
856,1,0,0,0,0,0.722222222,0.203703704,0.055555556,0.018518519,1,0,0,0,0,0.166666667,0.033333333,0,0.016666667,0.783333333,1,0.019230769,0.846153846,0.115384615,0,0.019230769
857,0.944444444,0,0,0.055555556,0,0.696428571,0.196428571,0.089285714,0.017857143,1,0,0,0,0,0.152542373,0,0,0.033898305,0.813559322,1,0.019607843,0.862745098,0.117647059,0,0
858,1,0,0,0,0,0.722222222,0.203703704,0.055555556,0.018518519,1,0,0,0,0,0.163934426,0.032786885,0.016393443,0,0.786885246,1,0.019230769,0.846153846,0.115384615,0,0.019230769
859,1,0,0,0,0,0.76,0.22,0.02,0,0.823529412,0.058823529,0,0,0.117647059,0.019607843,0.254901961,0,0.039215686,0.68627451,1,0.019607843,0.843137255,0.117647059,0.019607843,0
860,1,0,0,0,0,0.75,0.211538462,0.019230769,0.019230769,0.909090909,0,0,0,0.090909091,0,0.18,0,0.02,0.8,1,0.089285714,0.785714286,0.107142857,0,0.017857143
861,0.888888889,0.111111111,0,0,0,0.716981132,0.20754717,0.056603774,0.018867925,0.785714286,0,0,0.071428571,0.142857143,0,0.22,0,0,0.78,1,0,0.826923077,0.115384615,0.019230769,0.038461538
862,0.95,0,0,0.05,0,0.639344262,0.180327869,0.163934426,0.016393443,0,0,0,0,0,0,0,0.019607843,0,0.980392157,1,0.089285714,0.785714286,0.107142857,0,0.017857143
863,0.947368421,0,0,0.052631579,0,0.672413793,0.189655172,0.120689655,0.017241379,1,0,0,0,0,0.037037037,0.018518519,0.037037037,0,0.907407407,1,0.090909091,0.8,0.109090909,0,0
864,0.947368421,0,0,0.052631579,0,0.684210526,0.192982456,0.105263158,0.01754386,1,0,0,0,0,0,0,0.019607843,0.019607843,0.960784314,1,0.152542373,0.745762712,0.101694915,0,0
865,0.95,0.05,0,0,0,0.716981132,0.20754717,0.056603774,0.018867925,0,0,0,0,0,0.087719298,0,0.035087719,0,0.877192982,1,0.152542373,0.728813559,0.101694915,0.016949153,0
866,0.95,0,0,0.05,0,0.709090909,0.2,0.072727273,0.018181818,0,0,0,0,0,0.056603774,0,0,0,0.943396226,1,0.133333333,0.733333333,0.1,0,0.033333333
867,1,0,0,0,0,0.709090909,0.2,0.072727273,0.018181818,0.75,0,0,0,0.25,0.056603774,0.037735849,0,0.018867925,0.886792453,1,0.105263158,0.771929825,0.105263158,0,0.01754386
868,0.95,0,0,0.05,0,0.65,0.183333333,0.15,0.016666667,0,0,0,0,0,0.037735849,0,0.018867925,0,0.943396226,1,0.072727273,0.8,0.109090909,0,0.018181818
869,0.95,0,0,0.05,0,0.619047619,0.174603175,0.19047619,0.015873016,0,0,0,0,0,0.037037037,0,0.037037037,0,0.925925926,1,0.019607843,0.862745098,0.117647059,0,0
870,1,0,0,0,0,0.639344262,0.180327869,0.163934426,0.016393443,0,0,0,0,0,0.019607843,0,0,0,0.980392157,1,0.087719298,0.771929825,0.105263158,0,0.035087719
871,1,0,0,0,0,0.684210526,0.192982456,0.105263158,0.01754386,0.75,0,0,0,0.25,0.137931034,0.017241379,0,0.034482759,0.810344828,1,0,0.88,0.12,0,0
872,1,0,0,0,0,0.684210526,0.192982456,0.105263158,0.01754386,0,0,0,0,0,0.15,0,0.016666667,0,0.833333333,1,0.019230769,0.846153846,0.115384615,0,0.019230769
873,1,0,0,0,0,0.65,0.183333333,0.15,0.016666667,0,0,0,0,0,0.018867925,0,0.037735849,0,0.943396226,1,0.107142857,0.785714286,0.107142857,0,0
874,1,0,0,0,0,0.722222222,0.203703704,0.055555556,0.018518519,0,0,0,0,0,0.019230769,0,0.019230769,0,0.961538462,1,0.19047619,0.698412698,0.095238095,0,0.015873016
875,1,0,0,0,0,0.666666667,0.192982456,0.122807018,0.01754386,0,1,0,0,0,0.037037037,0,0.037037037,0.018518519,0.907407407,1,0.122807018,0.771929825,0.087719298,0.01754386,0
876,0.947368421,0.052631579,0,0,0.01754386,0.666666667,0.192982456,0.122807018,0,0,0,0,0,0,0.037037037,0,0.037037037,0,0.925925926,1,0.137931034,0.75862069,0.103448276,0,0
877,1,0,0,0,0,0.684210526,0.192982456,0.105263158,0.01754386,0,0,0,0,0,0.072727273,0,0.018181818,0,0.909090909,1,0.105263158,0.771929825,0.105263158,0,0.01754386
878,0.944444444,0,0,0.055555556,0,0.661016949,0.186440678,0.13559322,0.016949153,0.666666667,0,0,0,0.333333333,0,0.04,0,0,0.96,1,0.071428571,0.785714286,0.107142857,0,0.035714286
879,0.944444444,0,0,0.055555556,0,0.709090909,0.2,0.072727273,0.018181818,1,0,0,0,0,0,0.04,0,0,0.96,1,0.147540984,0.721311475,0.098360656,0,0.032786885
880,1,0,0,0,0,0.709090909,0.2,0.072727273,0.018181818,0.5,0,0,0,0.5,0.037037037,0.018518519,0.037037037,0,0.907407407,1,0.137931034,0.75862069,0.103448276,0,0
881,0.95,0,0,0.05,0,0.661016949,0.186440678,0.13559322,0.016949153,0,0,0,0,0,0.089285714,0,0.017857143,0,0.892857143,1,0.037735849,0.830188679,0.113207547,0,0.018867925
882,1,0,0,0,0,0.722222222,0.203703704,0.055555556,0.018518519,1,0,0,0,0,0.087719298,0.01754386,0.035087719,0,0.859649123,1,0.122807018,0.771929825,0.105263158,0,0
883,1,0,0,0,0,0.722222222,0.203703704,0.055555556,0.018518519,0,0,0,0,0,0.071428571,0,0.035714286,0,0.892857143,1,0.152542373,0.745762712,0.101694915,0,0
884,1,0,0,0,0,0.696428571,0.196428571,0.089285714,0.017857143,0,0,0,0,0,0.090909091,0,0,0,0.909090909,1,0.103448276,0.75862069,0.103448276,0,0.034482759
885,1,0,0,0,0,0.696428571,0.196428571,0.089285714,0.017857143,1,0,0,0,0,0.090909091,0,0,0.018181818,0.890909091,1,0.105263158,0.771929825,0.105263158,0,0.01754386
886,1,0,0,0,0,0.745098039,0.215686275,0.019607843,0.019607843,0.666666667,0.333333333,0,0,0,0.019607843,0.019607843,0,0.039215686,0.921568627,1,0.203125,0.6875,0.078125,0.015625,0.015625
887,1,0,0,0,0,0.709090909,0.2,0.072727273,0.018181818,0,0,0,0,0,0.071428571,0,0.035714286,0,0.892857143,1,0.137931034,0.75862069,0.103448276,0,0
888,1,0,0,0,0,0.722222222,0.203703704,0.055555556,0.018518519,1,0,0,0,0,0.019607843,0.058823529,0,0,0.921568627,1,0.147540984,0.721311475,0.098360656,0,0.032786885
889,1,0,0,0,0,0.696428571,0.196428571,0.089285714,0.017857143,1,0,0,0,0,0.090909091,0.036363636,0,0,0.872727273,1,0.071428571,0.785714286,0.107142857,0,0.035714286
890,1,0,0,0,0,0.722222222,0.203703704,0.055555556,0.018518519,0,0,0,0,0,0.019607843,0,0,0,0.980392157,1,0.1875,0.6875,0.09375,0,0.03125
891,1,0,0,0,0,0.709090909,0.2,0.072727273,0.018181818,0,0,0,0,0,0.074074074,0,0,0,0.925925926,1,0.133333333,0.733333333,0.1,0,0.033333333
892,1,0,0,0,0,0.684210526,0.192982456,0.105263158,0.01754386,0,0,0,0,0,0.105263158,0,0.01754386,0,0.877192982,1,0.072727273,0.8,0.109090909,0,0.018181818
893,1,0,0,0,0,0.609375,0.171875,0.203125,0.015625,1,0,0,0,0,0.037037037,0.018518519,0.037037037,0,0.907407407,1,0,0.88,0.12,0,0
894,1,0,0,0,0,0.639344262,0.180327869,0.163934426,0.016393443,1,0,0,0,0,0.037037037,0.018518519,0.037037037,0,0.907407407,1,0.056603774,0.830188679,0.113207547,0,0
895,0.95,0,0,0.05,0,0.696428571,0.196428571,0.089285714,0.017857143,0,0,0,0,0,0,0,0.019607843,0,0.980392157,1,0.163934426,0.721311475,0.098360656,0,0.016393443
896,0.941176471,0,0,0.058823529,0,0.619047619,0.174603175,0.19047619,0.015873016,1,0,0,0,0,0.019607843,0.039215686,0,0.019607843,0.921568627,1,0,0.862745098,0.117647059,0,0.019607843
897,1,0,0,0,0,0.629032258,0.177419355,0.177419355,0.016129032,0,0,0,0,0,0,0,0.038461538,0,0.961538462,1,0.090909091,0.8,0.109090909,0,0
898,1,0,0,0,0,0.696428571,0.196428571,0.089285714,0.017857143,0,0,0,0,0,0,0,0.038461538,0,0.961538462,1,0.180327869,0.721311475,0.098360656,0,0
899,1,0,0,0,0,0.75,0.211538462,0.019230769,0.019230769,0,0,0,0,0,0,0,0.038461538,0,0.961538462,1,0.230769231,0.676923077,0.092307692,0,0
900,1,0,0,0,0,0.730769231,0.211538462,0.038461538,0.019230769,0,0.5,0,0.5,0,0,0,0.038461538,0.019230769,0.942307692,1,0.206349206,0.698412698,0.079365079,0.015873016,0
901,1,0,0,0,0,0.684210526,0.192982456,0.105263158,0.01754386,1,0,0,0,0,0.037735849,0.018867925,0.018867925,0,0.924528302,1,0.120689655,0.75862069,0.103448276,0,0.017241379
902,0.947368421,0,0,0.052631579,0,0.722222222,0.203703704,0.055555556,0.018518519,1,0,0,0,0,0.018867925,0.018867925,0.037735849,0,0.924528302,1,0.166666667,0.733333333,0.1,0,0
903,1,0,0,0,0,0.684210526,0.192982456,0.105263158,0.01754386,0,0,0,0,0,0,0,0.038461538,0,0.961538462,1,0.166666667,0.733333333,0.1,0,0
904,1,0,0,0,0,0.661016949,0.186440678,0.13559322,0.016949153,0,0,0,0,0,0.019230769,0,0.019230769,0,0.961538462,1,0.120689655,0.75862069,0.103448276,0,0.017241379
905,0.947368421,0,0,0.052631579,0,0.696428571,0.196428571,0.089285714,0.017857143,1,0,0,0,0,0.089285714,0,0.017857143,0.017857143,0.875,1,0.090909091,0.8,0.109090909,0,0
906,1,0,0,0,0,0.722222222,0.203703704,0.055555556,0.018518519,0.666666667,0,0,0.333333333,0,0.056603774,0.037735849,0,0,0.905660377,1,0.118644068,0.745762712,0.101694915,0,0.033898305
907,1,0,0,0,0,0.684210526,0.192982456,0.105263158,0.01754386,1,0,0,0,0,0.018867925,0.018867925,0.037735849,0,0.924528302,1,0.137931034,0.75862069,0.103448276,0,0
908,1,0,0,0,0,0.696428571,0.196428571,0.089285714,0.017857143,0,0,0,0,0,0.019607843,0,0,0,0.980392157,1,0.161290323,0.709677419,0.096774194,0,0.032258065
909,1,0,0,0,0,0.735849057,0.20754717,0.037735849,0.018867925,1,0,0,0,0,0.152542373,0,0,0.016949153,0.830508475,1,0.089285714,0.785714286,0.107142857,0,0.017857143
910,1,0,0,0,0,0.722222222,0.203703704,0.055555556,0.018518519,1,0,0,0,0,0.089285714,0.035714286,0.017857143,0.017857143,0.839285714,1,0.107142857,0.785714286,0.107142857,0,0
911,0.9,0,0,0.1,0,0.709090909,0.2,0.072727273,0.018181818,1,0,0,0,0,0.055555556,0.018518519,0.018518519,0,0.907407407,1,0.105263158,0.771929825,0.105263158,0,0.01754386
912,1,0,0,0,0,0.629032258,0.177419355,0.177419355,0.016129032,0,0,0,0,0,0.019607843,0,0,0,0.980392157,1,0.071428571,0.785714286,0.107142857,0,0.035714286
913,1,0,0,0,0,0.696428571,0.196428571,0.089285714,0.017857143,0.888888889,0,0,0,0.111111111,0.019607843,0.137254902,0,0.019607843,0.823529412,1,0.037735849,0.830188679,0.113207547,0,0.018867925
914,0.944444444,0.055555556,0,0,0.017857143,0.678571429,0.196428571,0.107142857,0,1,0,0,0,0,0.163934426,0.016393443,0.016393443,0,0.803278689,1,0,0.862745098,0.117647059,0,0.019607843
915,0.95,0,0,0.05,0,0.696428571,0.196428571,0.089285714,0.017857143,0,0,0,0,0,0.107142857,0,0,0,0.892857143,1,0.071428571,0.785714286,0.107142857,0,0.035714286
916,0.95,0,0,0.05,0,0.672413793,0.189655172,0.120689655,0.017241379,0,0,0,0,0,0.019607843,0,0,0,0.980392157,1,0.118644068,0.745762712,0.101694915,0,0.033898305
917,1,0,0,0,0,0.735849057,0.20754717,0.037735849,0.018867925,1,0,0,0,0,0.089285714,0.017857143,0.017857143,0.017857143,0.857142857,1,0.137931034,0.75862069,0.103448276,0,0
918,1,0,0,0,0,0.709090909,0.2,0.072727273,0.018181818,1,0,0,0,0,0.193548387,0,0,0.016129032,0.790322581,1,0,0.862745098,0.117647059,0,0.019607843
919,1,0,0,0,0,0.709090909,0.2,0.072727273,0.018181818,1,0,0,0,0,0.122807018,0.052631579,0,0,0.824561404,1,0.037037037,0.814814815,0.111111111,0,0.037037037
920,1,0,0,0,0,0.629032258,0.177419355,0.177419355,0.016129032,0,0,0,0,0,0.074074074,0,0,0,0.925925926,1,0.018867925,0.830188679,0.113207547,0,0.037735849
921,0.95,0,0,0.05,0,0.661016949,0.186440678,0.13559322,0.016949153,0,0,0,0,0,0.090909091,0,0,0,0.909090909,1,0.037037037,0.814814815,0.111111111,0,0.037037037
922,1,0,0,0,0,0.75,0.211538462,0.019230769,0.019230769,0.75,0,0,0,0.25,0,0.098039216,0.019607843,0.019607843,0.862745098,1,0.137931034,0.75862069,0.103448276,0,0
923,1,0,0,0,0,0.735849057,0.20754717,0.037735849,0.018867925,0.5,0,0,0,0.5,0.089285714,0.017857143,0.017857143,0,0.875,1,0.120689655,0.75862069,0.103448276,0,0.017241379
924,0.904761905,0,0,0.095238095,0,0.735849057,0.20754717,0.037735849,0.018867925,0,0,0,0,0,0.174603175,0,0.031746032,0,0.793650794,1,0.019607843,0.862745098,0.117647059,0,0
925,0.947368421,0.052631579,0,0,0.018518519,0.703703704,0.203703704,0.074074074,0,0,0,0,0,0,0.122807018,0,0,0,0.877192982,1,0.103448276,0.75862069,0.103448276,0,0.034482759
926,1,0,0,0,0,0.709090909,0.2,0.072727273,0.018181818,1,0,0,0,0,0,0.02,0,0,0.98,1,0.174603175,0.698412698,0.095238095,0,0.031746032
927,0.95,0,0,0.05,0,0.722222222,0.203703704,0.055555556,0.018518519,0,0,0,0,0,0.072727273,0,0.018181818,0,0.909090909,1,0.13559322,0.745762712,0.101694915,0,0.016949153
928,1,0,0,0,0,0.661016949,0.186440678,0.13559322,0.016949153,1,0,0,0,0,0,0.16,0,0,0.84,1,0,0.846153846,0.115384615,0,0.038461538
929,1,0,0,0,0.016666667,0.633333333,0.183333333,0.166666667,0,0.888888889,0.111111111,0,0,0,0,0.14,0,0.04,0.82,1,0,0.88,0.12,0,0
930,1,0,0,0,0,0.75,0.211538462,0.019230769,0.019230769,0,0,0,0,0,0.037037037,0,0.037037037,0,0.925925926,1,0.206349206,0.698412698,0.095238095,0,0
931,0.95,0,0,0.05,0,0.735849057,0.20754717,0.037735849,0.018867925,0,0,0,0,0,0.071428571,0,0.035714286,0,0.892857143,1,0.152542373,0.745762712,0.101694915,0,0
932,0.944444444,0,0,0.055555556,0,0.722222222,0.203703704,0.055555556,0.018518519,1,0,0,0,0,0.122807018,0.01754386,0,0.01754386,0.842105263,1,0.072727273,0.8,0.109090909,0,0.018181818
933,1,0,0,0,0,0.735849057,0.20754717,0.037735849,0.018867925,1,0,0,0,0,0.037037037,0.055555556,0.037037037,0,0.87037037,1,0.152542373,0.745762712,0.101694915,0,0
934,0.95,0,0,0.05,0,0.684210526,0.192982456,0.105263158,0.01754386,0,0,0,0,0,0.072727273,0,0.018181818,0,0.909090909,1,0.089285714,0.785714286,0.107142857,0,0.017857143
935,1,0,0,0,0,0.684210526,0.192982456,0.105263158,0.01754386,0,0,0,0,0,0.087719298,0,0.035087719,0,0.877192982,1,0.090909091,0.8,0.109090909,0,0
936,0.904761905,0,0,0.095238095,0,0.722222222,0.203703704,0.055555556,0.018518519,0,0,0,0,0,0.019607843,0,0,0,0.980392157,1,0.161290323,0.709677419,0.096774194,0,0.032258065
937,1,0,0,0,0,0.709090909,0.2,0.072727273,0.018181818,1,0,0,0,0,0,0.019607843,0.019607843,0,0.960784314,1,0.177419355,0.709677419,0.096774194,0,0.016129032
938,1,0,0,0,0,0.709090909,0.2,0.072727273,0.018181818,0,0,0,0,0,0.090909091,0,0,0,0.909090909,1,0.118644068,0.745762712,0.101694915,0,0.033898305
939,1,0,0,0,0,0.672413793,0.189655172,0.120689655,0.017241379,0,0,0,0,0,0,0,0.019607843,0,0.980392157,1,0.15,0.733333333,0.1,0,0.016666667
940,1,0,0,0,0,0.684210526,0.192982456,0.105263158,0.01754386,0,0,0,0,0,0,0,0,0,1,1,0.161290323,0.709677419,0.096774194,0,0.032258065
941,1,0,0,0,0,0.696428571,0.196428571,0.089285714,0.017857143,0,0,0,0,0,0.019607843,0,0,0,0.980392157,1,0.161290323,0.709677419,0.096774194,0,0.032258065
942,1,0,0,0,0,0.735849057,0.20754717,0.037735849,0.018867925,0,0,0,0,0,0,0,0.038461538,0,0.961538462,1,0.21875,0.6875,0.09375,0,0
943,1,0,0,0,0,0.709090909,0.2,0.072727273,0.018181818,0,0,0,0,0,0.054545455,0,0.036363636,0,0.909090909,1,0.152542373,0.745762712,0.101694915,0,0
944,1,0,0,0,0,0.75,0.211538462,0.019230769,0.019230769,0,0,0,0,0,0.152542373,0,0,0,0.847457627,1,0.103448276,0.75862069,0.103448276,0,0.034482759
945,1,0,0,0,0,0.709090909,0.2,0.072727273,0.018181818,0,0,0,0,0,0.180327869,0,0,0,0.819672131,1,0.018867925,0.830188679,0.113207547,0,0.037735849
946,1,0,0,0,0,0.722222222,0.203703704,0.055555556,0.018518519,0,0,0,0,0,0.163934426,0,0.016393443,0,0.819672131,1,0.055555556,0.814814815,0.111111111,0,0.018518519
947,1,0,0,0,0,0.684210526,0.175438596,0.122807018,0.01754386,0,0,1,0,0,0.087719298,0.01754386,0.035087719,0,0.859649123,1,0.074074074,0.796296296,0.111111111,0.018518519,0
948,1,0,0,0,0,0.619047619,0.174603175,0.19047619,0.015873016,1,0,0,0,0,0,0.04,0,0.02,0.94,1,0.037735849,0.830188679,0.113207547,0,0.018867925
949,1,0,0,0,0,0.684210526,0.192982456,0.105263158,0.01754386,0,0,0,0,0,0,0,0.038461538,0,0.961538462,1,0.166666667,0.733333333,0.1,0,0
950,1,0,0,0,0,0.696428571,0.196428571,0.089285714,0.017857143,1,0,0,0,0,0.133333333,0.016666667,0.033333333,0,0.816666667,1,0.038461538,0.846153846,0.115384615,0,0
951,1,0,0,0,0,0.609375,0.171875,0.203125,0.015625,0,0,0,0,0,0.055555556,0,0.018518519,0,0.925925926,1,0,0.862745098,0.117647059,0,0.019607843
952,1,0,0,0,0,0.684210526,0.192982456,0.105263158,0.01754386,0,0,0,0,0,0.090909091,0,0,0,0.909090909,1,0.087719298,0.771929825,0.105263158,0,0.035087719
953,1,0,0,0,0,0.684210526,0.192982456,0.105263158,0.01754386,0,0,0,0,0,0.072727273,0,0.018181818,0,0.909090909,1,0.105263158,0.771929825,0.105263158,0,0.01754386
954,1,0,0,0,0,0.672413793,0.189655172,0.120689655,0.017241379,0,0,0,0,0,0.107142857,0,0,0,0.892857143,1,0.054545455,0.8,0.109090909,0,0.036363636
955,0.944444444,0,0,0.055555556,0,0.639344262,0.180327869,0.163934426,0.016393443,1,0,0,0,0,0.019607843,0.039215686,0,0,0.941176471,1,0.037037037,0.814814815,0.111111111,0,0.037037037
956,1,0,0,0,0,0.722222222,0.203703704,0.055555556,0.018518519,0,0,0,0,0,0.15,0,0.016666667,0,0.833333333,1,0.072727273,0.8,0.109090909,0,0.018181818
957,0.95,0,0,0.05,0,0.722222222,0.203703704,0.055555556,0.018518519,0,0,0,0,0,0.13559322,0,0.016949153,0,0.847457627,1,0.072727273,0.8,0.109090909,0,0.018181818
958,1,0,0,0,0,0.735849057,0.20754717,0.037735849,0.018867925,0,0,0,0,0,0.137931034,0,0,0,0.862068966,1,0.103448276,0.75862069,0.103448276,0,0.034482759
959,1,0,0,0,0,0.661016949,0.186440678,0.13559322,0.016949153,0,0,0,0,0,0.055555556,0,0.018518519,0,0.925925926,1,0.089285714,0.785714286,0.107142857,0,0.017857143
960,0.909090909,0,0,0.090909091,0,0.709090909,0.2,0.072727273,0.018181818,1,0,0,0,0,0.018867925,0.169811321,0.037735849,0,0.773584906,1,0.019607843,0.862745098,0.117647059,0,0
961,1,0,0,0,0,0.709090909,0.2,0.072727273,0.018181818,0.818181818,0,0,0,0.181818182,0,0.173076923,0.038461538,0,0.788461538,1,0.019607843,0.862745098,0.117647059,0,0
962,1,0,0,0,0,0.735849057,0.20754717,0.037735849,0.018867925,1,0,0,0,0,0.072727273,0.163636364,0.018181818,0,0.745454545,1,0.019230769,0.846153846,0.115384615,0,0.019230769
963,1,0,0,0,0,0.722222222,0.203703704,0.055555556,0.018518519,0.928571429,0,0,0,0.071428571,0,0.22,0,0.04,0.74,1,0.019607843,0.862745098,0.117647059,0,0
964,1,0,0,0,0,0.722222222,0.203703704,0.055555556,0.018518519,1,0,0,0,0,0.038461538,0.038461538,0,0.038461538,0.884615385,1,0.152542373,0.745762712,0.101694915,0,0
965,0.944444444,0,0,0.055555556,0,0.735849057,0.20754717,0.037735849,0.018867925,1,0,0,0,0,0.037735849,0.018867925,0.018867925,0.018867925,0.905660377,1,0.166666667,0.733333333,0.1,0,0
966,0.904761905,0,0,0.095238095,0,0.661016949,0.186440678,0.13559322,0.016949153,0,0,0,0,0,0.019607843,0,0,0,0.980392157,1,0.087719298,0.771929825,0.105263158,0,0.035087719
967,0.95,0,0,0.05,0,0.696428571,0.196428571,0.089285714,0.017857143,0,0,0,0,0,0.054545455,0,0.036363636,0,0.909090909,1,0.122807018,0.771929825,0.105263158,0,0
968,1,0,0,0,0,0.696428571,0.196428571,0.089285714,0.017857143,1,0,0,0,0,0.019607843,0,0,0.039215686,0.941176471,1,0.166666667,0.733333333,0.1,0,0
969,1,0,0,0,0,0.709090909,0.2,0.072727273,0.018181818,1,0,0,0,0,0.13559322,0.033898305,0.016949153,0.016949153,0.796610169,1,0.038461538,0.846153846,0.115384615,0,0
970,1,0,0,0,0,0.709090909,0.2,0.072727273,0.018181818,1,0,0,0,0,0.152542373,0,0,0.016949153,0.830508475,1,0.055555556,0.814814815,0.111111111,0,0.018518519
971,1,0,0,0,0,0.629032258,0.177419355,0.177419355,0.016129032,0,0,0,0,0,0.019607843,0,0,0,0.980392157,1,0.071428571,0.785714286,0.107142857,0,0.035714286
972,1,0,0,0,0,0.619047619,0.174603175,0.19047619,0.015873016,1,0,0,0,0,0.055555556,0,0.018518519,0.018518519,0.907407407,1,0.019607843,0.862745098,0.117647059,0,0
973,1,0,0,0,0,0.722222222,0.203703704,0.055555556,0.018518519,0,0,0,0,0,0.137931034,0,0,0,0.862068966,1,0.087719298,0.771929825,0.105263158,0,0.035087719
974,1,0,0,0,0,0.735849057,0.20754717,0.037735849,0.018867925,0,0,0,0,0,0.166666667,0,0,0,0.833333333,1,0.071428571,0.785714286,0.107142857,0,0.035714286
975,0.904761905,0,0,0.095238095,0,0.65,0.183333333,0.15,0.016666667,0,0,0,0,0,0,0,0.038461538,0,0.961538462,1,0.090909091,0.8,0.109090909,0,0
976,0.95,0,0,0.05,0,0.75,0.211538462,0.019230769,0.019230769,0,0,0,0,0,0.038461538,0,0,0,0.961538462,1,0.1875,0.6875,0.09375,0,0.03125
977,1,0,0,0,0,0.672413793,0.189655172,0.120689655,0.017241379,1,0,0,0,0,0.019607843,0.019607843,0,0,0.960784314,1,0.118644068,0.745762712,0.101694915,0,0.033898305
978,1,0,0,0,0,0.709090909,0.2,0.072727273,0.018181818,0,0,0,0,0,0.037037037,0,0.037037037,0,0.925925926,1,0.166666667,0.733333333,0.1,0,0
979,1,0,0,0,0,0.65,0.183333333,0.15,0.016666667,0,0,0,0,0,0.037735849,0,0.018867925,0,0.943396226,1,0.089285714,0.785714286,0.107142857,0,0.017857143
980,0.9,0,0,0.1,0,0.75,0.211538462,0.019230769,0.019230769,1,0,0,0,0,0,0.196078431,0.019607843,0,0.784313725,1,0.072727273,0.8,0.109090909,0,0.018181818
981,1,0,0,0,0,0.65,0.183333333,0.15,0.016666667,0,0,0,0,0,0.122807018,0,0,0,0.877192982,1,0,0.846153846,0.115384615,0,0.038461538
982,1,0,0,0,0,0.672413793,0.189655172,0.120689655,0.017241379,0,0,0,0,0,0.090909091,0,0,0,0.909090909,1,0.071428571,0.785714286,0.107142857,0,0.035714286
983,0.947368421,0,0,0.052631579,0,0.709090909,0.2,0.072727273,0.018181818,1,0,0,0,0,0.166666667,0,0,0.016666667,0.816666667,1,0.019230769,0.846153846,0.115384615,0,0.019230769
984,1,0,0,0,0,0.661016949,0.186440678,0.13559322,0.016949153,0,0,0,0,0,0.056603774,0,0,0,0.943396226,1,0.087719298,0.771929825,0.105263158,0,0.035087719
985,1,0,0,0,0,0.722222222,0.203703704,0.055555556,0.018518519,0,0,0,0,0,0.019607843,0,0,0,0.980392157,1,0.1875,0.6875,0.09375,0,0.03125
986,1,0,0,0,0,0.735849057,0.20754717,0.037735849,0.018867925,0,0,0,0,0,0.13559322,0,0.016949153,0,0.847457627,1,0.105263158,0.771929825,0.105263158,0,0.01754386
987,1,0,0,0,0,0.65,0.183333333,0.15,0.016666667,0,0,0,0,0,0.103448276,0,0.034482759,0,0.862068966,1,0.019607843,0.862745098,0.117647059,0,0
988,1,0,0,0,0,0.661016949,0.186440678,0.13559322,0.016949153,0.833333333,0,0,0,0.166666667,0.019230769,0.076923077,0.019230769,0.019230769,0.865384615,1,0.038461538,0.846153846,0.115384615,0,0
989,1,0,0,0,0,0.672413793,0.189655172,0.120689655,0.017241379,0.8,0,0,0,0.2,0.056603774,0.037735849,0,0.037735849,0.867924528,1,0.056603774,0.830188679,0.113207547,0,0
990,0.9,0.1,0,0,0.016949153,0.627118644,0.186440678,0.13559322,0.033898305,0,0,0,0,0,0.037735849,0,0.018867925,0,0.943396226,1,0.105263158,0.754385965,0.105263158,0.01754386,0.01754386
991,0.95,0,0,0.05,0,0.672413793,0.189655172,0.120689655,0.017241379,0,0,0,0,0,0.038461538,0,0,0,0.961538462,1,0.103448276,0.75862069,0.103448276,0,0.034482759
992,1,0,0,0,0,0.639344262,0.180327869,0.163934426,0.016393443,1,0,0,0,0,0.037735849,0.018867925,0.018867925,0,0.924528302,1,0.055555556,0.814814815,0.111111111,0,0.018518519
993,1,0,0,0,0,0.65,0.183333333,0.15,0.016666667,0,0,0,0,0,0.056603774,0,0,0,0.943396226,1,0.071428571,0.785714286,0.107142857,0,0.035714286
994,1,0,0,0,0,0.619047619,0.174603175,0.19047619,0.015873016,1,0,0,0,0,0.019607843,0.058823529,0,0.019607843,0.901960784,1,0,0.862745098,0.117647059,0,0.019607843
995,0.9375,0,0,0.0625,0,0.672413793,0.189655172,0.120689655,0.017241379,0.8,0,0,0.2,0,0.074074074,0.055555556,0,0.018518519,0.851851852,1,0,0.862745098,0.117647059,0,0.019607843
996,1,0,0,0,0,0.619047619,0.174603175,0.19047619,0.015873016,1,0,0,0,0,0,0.08,0,0,0.92,1,0,0.846153846,0.115384615,0,0.038461538
997,0.95,0,0,0.05,0,0.639344262,0.180327869,0.163934426,0.016393443,0,0,0,0,0,0.056603774,0,0,0,0.943396226,1,0.037037037,0.814814815,0.111111111,0,0.037037037
998,0.944444444,0.055555556,0,0,0.015151515,0.575757576,0.166666667,0.242424242,0,1,0,0,0,0,0,0.02,0,0,0.98,1,0,0.846153846,0.115384615,0,0.038461538
999,1,0,0,0,0,0.590909091,0.166666667,0.227272727,0.015151515,0,0,0,0,0,0.019607843,0,0,0,0.980392157,1,0,0.846153846,0.115384615,0,0.038461538
1000,1,0,0,0,0,0.609375,0.171875,0.203125,0.015625,1,0,0,0,0,0.056603774,0,0,0.018867925,0.924528302,1,0,0.862745098,0.117647059,0,0.019607843
1001,1,0,0,0,0,0.722222222,0.203703704,0.055555556,0.018518519,0.5,0,0,0.5,0,0.074074074,0.018518519,0,0,0.907407407,1,0.118644068,0.745762712,0.101694915,0,0.033898305
1002,0.95,0,0,0.05,0,0.696428571,0.196428571,0.089285714,0.017857143,0,0,0,0,0,0.122807018,0,0,0,0.877192982,1,0.054545455,0.8,0.109090909,0,0.036363636
1003,0.947368421,0,0,0.052631579,0,0.629032258,0.177419355,0.177419355,0.016129032,1,0,0,0,0,0.019607843,0,0,0.019607843,0.960784314,1,0.055555556,0.814814815,0.111111111,0,0.018518519
1004,0.9375,0,0,0.0625,0,0.709090909,0.2,0.072727273,0.018181818,1,0,0,0,0,0.019230769,0.076923077,0.019230769,0,0.884615385,1,0.105263158,0.771929825,0.105263158,0,0.01754386
1005,1,0,0,0,0,0.709090909,0.2,0.072727273,0.018181818,0,0,0,0,0,0.054545455,0,0.036363636,0,0.909090909,1,0.152542373,0.745762712,0.101694915,0,0
1006,1,0,0,0,0,0.684210526,0.192982456,0.105263158,0.01754386,1,0,0,0,0,0,0,0,0.04,0.96,1,0.166666667,0.733333333,0.1,0,0
1007,0.944444444,0,0,0.055555556,0,0.672413793,0.189655172,0.120689655,0.017241379,1,0,0,0,0,0.074074074,0.037037037,0,0,0.888888889,1,0.037037037,0.814814815,0.111111111,0,0.037037037
1008,1,0,0,0,0,0.639344262,0.180327869,0.163934426,0.016393443,0,0,0,0,0,0.105263158,0,0.01754386,0,0.877192982,1,0,0.862745098,0.117647059,0,0.019607843
1009,1,0,0,0,0,0.709090909,0.2,0.072727273,0.018181818,1,0,0,0,0,0.120689655,0,0.017241379,0.017241379,0.844827586,1,0.090909091,0.8,0.109090909,0,0
1010,0.933333333,0,0,0.066666667,0,0.735849057,0.20754717,0.037735849,0.018867925,1,0,0,0,0,0.137931034,0.051724138,0,0.034482759,0.775862069,1,0.038461538,0.846153846,0.115384615,0,0
1011,0.95,0.05,0,0,0,0.703703704,0.203703704,0.074074074,0.018518519,0,0,0,0,0,0.152542373,0,0,0,0.847457627,1,0.071428571,0.767857143,0.107142857,0.017857143,0.035714286
1012,1,0,0,0,0,0.661016949,0.186440678,0.13559322,0.016949153,0,0,0,0,0,0.107142857,0,0,0,0.892857143,1,0.037037037,0.814814815,0.111111111,0,0.037037037
1013,1,0,0,0,0,0.684210526,0.192982456,0.105263158,0.01754386,1,0,0,0,0,0.15,0.016666667,0.016666667,0,0.816666667,1,0,0.862745098,0.117647059,0,0.019607843
1014,1,0,0,0,0,0.75,0.211538462,0.019230769,0.019230769,1,0,0,0,0,0.177419355,0.032258065,0.016129032,0.016129032,0.758064516,1,0.038461538,0.846153846,0.115384615,0,0
1015,1,0,0,0,0,0.696428571,0.196428571,0.089285714,0.017857143,1,0,0,0,0,0.15,0,0.016666667,0.016666667,0.816666667,1,0.038461538,0.846153846,0.115384615,0,0
1016,1,0,0,0,0,0.722222222,0.203703704,0.055555556,0.018518519,1,0,0,0,0,0.147540984,0.032786885,0.032786885,0,0.786885246,1,0.038461538,0.846153846,0.115384615,0,0
1017,1,0,0,0,0,0.722222222,0.203703704,0.055555556,0.018518519,1,0,0,0,0,0.163934426,0.016393443,0.016393443,0,0.803278689,1,0.037735849,0.830188679,0.113207547,0,0.018867925
1018,1,0,0,0,0,0.722222222,0.203703704,0.055555556,0.018518519,0.6,0,0,0.4,0,0.037037037,0.055555556,0.037037037,0,0.87037037,1,0.107142857,0.785714286,0.107142857,0,0
1019,1,0,0,0,0,0.735849057,0.20754717,0.037735849,0.018867925,1,0,0,0,0,0.071428571,0.071428571,0.035714286,0,0.821428571,1,0.107142857,0.785714286,0.107142857,0,0
1020,1,0,0,0,0,0.75,0.211538462,0.019230769,0.019230769,0.833333333,0,0,0.083333333,0.083333333,0,0.18,0,0.02,0.8,1,0.072727273,0.8,0.109090909,0,0.018181818
1021,1,0,0,0,0,0.65,0.183333333,0.15,0.016666667,0,0,0,0,0,0.074074074,0,0,0,0.925925926,1,0.054545455,0.8,0.109090909,0,0.036363636
1022,1,0,0,0,0,0.684210526,0.192982456,0.105263158,0.01754386,0,0,0,0,0,0.147540984,0,0.032786885,0,0.819672131,1,0.019607843,0.862745098,0.117647059,0,0
1023,1,0,0,0,0,0.709090909,0.2,0.072727273,0.018181818,1,0,0,0,0,0.180327869,0.016393443,0,0.032786885,0.770491803,1,0,0.88,0.12,0,0
1024,1,0,0,0,0,0.684210526,0.192982456,0.105263158,0.01754386,1,0,0,0,0,0.163934426,0,0.016393443,0.016393443,0.803278689,1,0,0.88,0.12,0,0
1025,0.947368421,0,0,0.052631579,0,0.661016949,0.186440678,0.13559322,0.016949153,1,0,0,0,0,0.107142857,0,0,0.017857143,0.875,1,0.019230769,0.846153846,0.115384615,0,0.019230769
1026,0.95,0,0,0.05,0,0.696428571,0.196428571,0.089285714,0.017857143,0,0,0,0,0,0.118644068,0,0.033898305,0,0.847457627,1,0.056603774,0.830188679,0.113207547,0,0
1027,1,0,0,0,0,0.696428571,0.196428571,0.089285714,0.017857143,0,0,0,0,0,0.105263158,0,0.01754386,0,0.877192982,1,0.089285714,0.785714286,0.107142857,0,0.017857143
1028,1,0,0,0,0,0.722222222,0.203703704,0.055555556,0.018518519,0,0,0,0,0,0.087719298,0,0.035087719,0,0.877192982,1,0.137931034,0.75862069,0.103448276,0,0
1029,0.947368421,0,0,0.052631579,0,0.696428571,0.196428571,0.089285714,0.017857143,1,0,0,0,0,0.054545455,0.018181818,0.036363636,0,0.890909091,1,0.107142857,0.785714286,0.107142857,0,0
1030,1,0,0,0,0,0.696428571,0.196428571,0.089285714,0.017857143,0,0,0,0,0,0.105263158,0,0.01754386,0,0.877192982,1,0.089285714,0.785714286,0.107142857,0,0.017857143
1031,1,0,0,0,0,0.735849057,0.20754717,0.037735849,0.018867925,1,0,0,0,0,0.037735849,0,0.018867925,0.018867925,0.924528302,1,0.193548387,0.709677419,0.096774194,0,0
1032,1,0,0,0,0,0.709090909,0.2,0.072727273,0.018181818,0,0,0,0,0,0.018867925,0,0.037735849,0,0.943396226,1,0.180327869,0.721311475,0.098360656,0,0
1033,1,0,0,0,0,0.709090909,0.2,0.072727273,0.018181818,1,0,0,0,0,0.107142857,0.089285714,0,0.035714286,0.767857143,1,0.019607843,0.862745098,0.117647059,0,0
1034,0.947368421,0,0,0.052631579,0,0.684210526,0.192982456,0.105263158,0.01754386,1,0,0,0,0,0.15,0,0.016666667,0.016666667,0.816666667,1,0,0.88,0.12,0,0
1035,0.947368421,0.052631579,0,0,0,0.703703704,0.203703704,0.074074074,0.018518519,1,0,0,0,0,0.118644068,0.016949153,0.033898305,0,0.830508475,1,0.090909091,0.781818182,0.109090909,0.018181818,0
1036,1,0,0,0,0,0.639344262,0.180327869,0.163934426,0.016393443,1,0,0,0,0,0.038461538,0.057692308,0,0,0.903846154,1,0.018867925,0.830188679,0.113207547,0,0.037735849
1037,1,0,0,0,0,0.696428571,0.196428571,0.089285714,0.017857143,1,0,0,0,0,0.089285714,0.053571429,0.017857143,0.017857143,0.821428571,1,0.056603774,0.830188679,0.113207547,0,0
1038,1,0,0,0,0,0.696428571,0.196428571,0.089285714,0.017857143,0,0,0,0,0,0.152542373,0,0,0,0.847457627,1,0.037037037,0.814814815,0.111111111,0,0.037037037
1039,0.95,0,0,0.05,0,0.696428571,0.196428571,0.089285714,0.017857143,0,0,0,0,0,0.152542373,0,0,0,0.847457627,1,0.018867925,0.830188679,0.113207547,0,0.037735849
1040,1,0,0,0,0,0.722222222,0.203703704,0.055555556,0.018518519,1,0,0,0,0,0.180327869,0.032786885,0,0,0.786885246,1,0,0.846153846,0.115384615,0,0.038461538
1041,1,0,0,0,0,0.75,0.192307692,0.038461538,0.019230769,0.333333333,0,0.333333333,0.333333333,0,0.177419355,0.016129032,0.016129032,0.016129032,0.774193548,1,0.019230769,0.846153846,0.096153846,0.019230769,0.019230769
1042,0.941176471,0,0,0.058823529,0,0.735849057,0.20754717,0.037735849,0.018867925,1,0,0,0,0,0.038461538,0.038461538,0,0.019230769,0.903846154,1,0.15,0.733333333,0.1,0,0.016666667
1043,0.947368421,0,0,0.052631579,0,0.672413793,0.189655172,0.120689655,0.017241379,1,0,0,0,0,0.056603774,0.018867925,0,0,0.924528302,1,0.071428571,0.785714286,0.107142857,0,0.035714286
1044,1,0,0,0,0,0.672413793,0.189655172,0.120689655,0.017241379,0,0,0,0,0,0.037735849,0,0.018867925,0,0.943396226,1,0.120689655,0.75862069,0.103448276,0,0.017241379
1045,1,0,0,0,0,0.722222222,0.203703704,0.055555556,0.018518519,0.833333333,0,0,0.166666667,0,0.074074074,0.055555556,0,0.037037037,0.833333333,1,0.090909091,0.8,0.109090909,0,0
1046,0.916666667,0,0,0.083333333,0,0.684210526,0.192982456,0.105263158,0.01754386,1,0,0,0,0,0.018867925,0.150943396,0.037735849,0,0.79245283,1,0,0.88,0.12,0,0
1047,1,0,0,0,0,0.709090909,0.2,0.072727273,0.018181818,0.8,0,0,0,0.2,0,0.16,0,0,0.84,1,0.037037037,0.814814815,0.111111111,0,0.037037037
1048,1,0,0,0,0,0.735849057,0.20754717,0.037735849,0.018867925,0.857142857,0,0,0.142857143,0,0,0.235294118,0.019607843,0,0.745098039,1,0,0.862745098,0.117647059,0,0.019607843
1049,1,0,0,0,0,0.629032258,0.177419355,0.177419355,0.016129032,1,0,0,0,0,0.018867925,0.075471698,0.037735849,0,0.867924528,1,0,0.88,0.12,0,0
1050,1,0,0,0,0,0.639344262,0.180327869,0.163934426,0.016393443,0,0,0,0,0,0.037735849,0,0.018867925,0,0.943396226,1,0.072727273,0.8,0.109090909,0,0.018181818
1051,1,0,0,0,0,0.735849057,0.20754717,0.037735849,0.018867925,0,0,0,0,0,0.193548387,0,0,0,0.806451613,1,0.037037037,0.814814815,0.111111111,0,0.037037037
1052,1,0,0,0,0,0.722222222,0.203703704,0.055555556,0.018518519,0,0,0,0,0,0.203125,0,0.015625,0,0.78125,1,0,0.862745098,0.117647059,0,0.019607843
1053,0.944444444,0,0.055555556,0,0,0.672413793,0.172413793,0.137931034,0.017241379,1,0,0,0,0,0.122807018,0.035087719,0,0,0.842105263,1,0,0.826923077,0.115384615,0.019230769,0.038461538
1054,0.894736842,0.105263158,0,0,0.017241379,0.637931034,0.189655172,0.155172414,0,1,0,0,0,0,0.15,0,0.016666667,0.016666667,0.816666667,1,0,0.86,0.12,0.02,0
1055,1,0,0,0,0,0.709090909,0.2,0.072727273,0.018181818,1,0,0,0,0,0.055555556,0.055555556,0.018518519,0,0.87037037,1,0.105263158,0.771929825,0.105263158,0,0.01754386
1056,1,0,0,0,0,0.709090909,0.2,0.072727273,0.018181818,0.833333333,0,0,0,0.166666667,0.122807018,0.052631579,0,0.035087719,0.789473684,1,0.019607843,0.862745098,0.117647059,0,0
1057,0.894736842,0,0,0.105263158,0,0.684210526,0.192982456,0.105263158,0.01754386,1,0,0,0,0,0.137931034,0,0,0.034482759,0.827586207,1,0,0.88,0.12,0,0
1058,1,0,0,0,0,0.65,0.183333333,0.15,0.016666667,1,0,0,0,0,0.019230769,0,0.019230769,0.019230769,0.942307692,1,0.107142857,0.785714286,0.107142857,0,0
1059,1,0,0,0,0,0.639344262,0.180327869,0.163934426,0.016393443,0,0,0,0,0,0.107142857,0,0,0,0.892857143,1,0,0.846153846,0.115384615,0,0.038461538
1060,0.95,0,0,0.05,0,0.696428571,0.196428571,0.089285714,0.017857143,0,0,0,0,0,0.037037037,0,0.037037037,0,0.925925926,1,0.137931034,0.75862069,0.103448276,0,0
1061,0.95,0,0,0.05,0,0.684210526,0.192982456,0.105263158,0.01754386,0,0,0,0,0,0.090909091,0,0,0,0.909090909,1,0.071428571,0.785714286,0.107142857,0,0.035714286
1062,0.947368421,0,0,0.052631579,0,0.75,0.211538462,0.019230769,0.019230769,1,0,0,0,0,0.090909091,0.018181818,0,0,0.890909091,1,0.133333333,0.733333333,0.1,0,0.033333333
1063,0.95,0,0,0.05,0,0.709090909,0.2,0.072727273,0.018181818,0,0,0,0,0,0.054545455,0,0.036363636,0,0.909090909,1,0.137931034,0.75862069,0.103448276,0,0
1064,0.904761905,0,0,0.095238095,0,0.722222222,0.203703704,0.055555556,0.018518519,0,0,0,0,0,0.087719298,0,0.035087719,0,0.877192982,1,0.107142857,0.785714286,0.107142857,0,0
1065,0.95,0,0,0.05,0,0.696428571,0.196428571,0.089285714,0.017857143,0,0,0,0,0,0.120689655,0,0.017241379,0,0.862068966,1,0.055555556,0.814814815,0.111111111,0,0.018518519
1066,1,0,0,0,0,0.709090909,0.2,0.072727273,0.018181818,0,0,0,0,0,0.174603175,0,0.031746032,0,0.793650794,1,0.019607843,0.862745098,0.117647059,0,0
1067,1,0,0,0,0,0.661016949,0.186440678,0.13559322,0.016949153,0,0,0,0,0,0.103448276,0,0.034482759,0,0.862068966,1,0.038461538,0.846153846,0.115384615,0,0
1068,0.95,0,0,0.05,0,0.619047619,0.174603175,0.19047619,0.015873016,0,0,0,0,0,0.037037037,0,0.037037037,0,0.925925926,1,0.019607843,0.862745098,0.117647059,0,0
1069,1,0,0,0,0,0.672413793,0.189655172,0.120689655,0.017241379,1,0,0,0,0,0.13559322,0.016949153,0.016949153,0,0.830508475,1,0,0.862745098,0.117647059,0,0.019607843
1070,1,0,0,0,0,0.661016949,0.186440678,0.13559322,0.016949153,0,0,0,0,0,0.103448276,0,0.034482759,0,0.862068966,1,0.038461538,0.846153846,0.115384615,0,0
1071,1,0,0,0,0,0.629032258,0.177419355,0.177419355,0.016129032,0,0,0,0,0,0.074074074,0,0,0,0.925925926,1,0.018867925,0.830188679,0.113207547,0,0.037735849
1072,1,0,0,0,0,0.696428571,0.196428571,0.089285714,0.017857143,1,0,0,0,0,0.071428571,0.035714286,0.035714286,0,0.857142857,1,0.090909091,0.8,0.109090909,0,0
1073,1,0,0,0,0,0.672413793,0.189655172,0.120689655,0.017241379,0,0,0,0,0,0.074074074,0,0,0,0.925925926,1,0.087719298,0.771929825,0.105263158,0,0.035087719
1074,1,0,0,0,0,0.609375,0.171875,0.203125,0.015625,1,0,0,0,0,0.037735849,0,0.018867925,0.018867925,0.924528302,1,0.019607843,0.862745098,0.117647059,0,0
1075,1,0,0,0,0,0.684210526,0.192982456,0.105263158,0.01754386,1,0,0,0,0,0.107142857,0.035714286,0,0.035714286,0.821428571,1,0.038461538,0.846153846,0.115384615,0,0
1076,1,0,0,0,0,0.722222222,0.203703704,0.055555556,0.018518519,0,0,0,0,0,0.105263158,0,0.01754386,0,0.877192982,1,0.120689655,0.75862069,0.103448276,0,0.017241379
1077,1,0,0,0,0,0.629032258,0.177419355,0.177419355,0.016129032,1,0,0,0,0,0.019607843,0,0,0.039215686,0.941176471,1,0.074074074,0.814814815,0.111111111,0,0
1078,1,0,0,0,0,0.661016949,0.186440678,0.13559322,0.016949153,0.833333333,0,0,0.166666667,0,0.038461538,0.057692308,0,0.038461538,0.865384615,1,0.038461538,0.846153846,0.115384615,0,0
1079,1,0,0,0,0,0.661016949,0.186440678,0.13559322,0.016949153,0.857142857,0,0,0.142857143,0,0,0.08,0,0.04,0.88,1,0.056603774,0.830188679,0.113207547,0,0
1080,1,0,0,0,0,0.722222222,0.203703704,0.055555556,0.018518519,1,0,0,0,0,0.019230769,0.076923077,0.019230769,0,0.884615385,1,0.13559322,0.745762712,0.101694915,0,0.016949153
1081,1,0,0,0,0,0.722222222,0.203703704,0.055555556,0.018518519,0.666666667,0,0,0.333333333,0,0.019230769,0.038461538,0.019230769,0,0.923076923,1,0.15,0.733333333,0.1,0,0.016666667
1082,0.95,0,0,0.05,0,0.65,0.183333333,0.15,0.016666667,0,0,0,0,0,0.019607843,0,0,0,0.980392157,1,0.087719298,0.771929825,0.105263158,0,0.035087719
1083,0.95,0,0,0.05,0,0.629032258,0.177419355,0.177419355,0.016129032,0,0,0,0,0,0.074074074,0,0,0,0.925925926,1,0,0.846153846,0.115384615,0,0.038461538
1084,1,0,0,0,0,0.619047619,0.174603175,0.19047619,0.015873016,0,0,0,0,0,0.019230769,0,0.019230769,0,0.961538462,1,0.055555556,0.814814815,0.111111111,0,0.018518519
1085,1,0,0,0,0,0.619047619,0.174603175,0.19047619,0.015873016,1,0,0,0,0,0,0.019607843,0.019607843,0,0.960784314,1,0.055555556,0.814814815,0.111111111,0,0.018518519
1086,1,0,0,0,0,0.629032258,0.177419355,0.177419355,0.016129032,1,0,0,0,0,0,0.04,0,0.02,0.94,1,0.055555556,0.814814815,0.111111111,0,0.018518519
1087,0.944444444,0,0,0.055555556,0,0.6,0.169230769,0.215384615,0.015384615,1,0,0,0,0,0.019607843,0,0,0.039215686,0.941176471,1,0,0.88,0.12,0,0
1088,1,0,0,0,0,0.661016949,0.186440678,0.13559322,0.016949153,0,0,0,0,0,0.071428571,0,0.035714286,0,0.892857143,1,0.074074074,0.814814815,0.111111111,0,0
1089,1,0,0,0,0,0.696428571,0.196428571,0.089285714,0.017857143,1,0,0,0,0,0.072727273,0.018181818,0.018181818,0,0.890909091,1,0.105263158,0.771929825,0.105263158,0,0.01754386
1090,0.894736842,0,0,0.105263158,0,0.75,0.211538462,0.019230769,0.019230769,1,0,0,0,0,0.071428571,0.035714286,0.035714286,0,0.857142857,1,0.122807018,0.771929825,0.105263158,0,0
1091,1,0,0,0,0,0.709090909,0.2,0.072727273,0.018181818,1,0,0,0,0,0.122807018,0.01754386,0,0,0.859649123,1,0.071428571,0.785714286,0.107142857,0,0.035714286
1092,1,0,0,0,0,0.684210526,0.192982456,0.105263158,0.01754386,1,0,0,0,0,0.072727273,0.018181818,0.018181818,0,0.890909091,1,0.089285714,0.785714286,0.107142857,0,0.017857143
1093,1,0,0,0,0,0.590909091,0.166666667,0.227272727,0.015151515,0,0,0,0,0,0.019230769,0,0.019230769,0,0.961538462,1,0,0.862745098,0.117647059,0,0.019607843
1094,1,0,0,0,0,0.619047619,0.174603175,0.19047619,0.015873016,1,0,0,0,0,0,0.02,0,0,0.98,1,0.054545455,0.8,0.109090909,0,0.036363636
1095,1,0,0,0,0,0.65,0.183333333,0.15,0.016666667,0,0,0,0,0,0.019230769,0,0.019230769,0,0.961538462,1,0.105263158,0.771929825,0.105263158,0,0.01754386
1096,1,0,0,0,0,0.661016949,0.186440678,0.13559322,0.016949153,1,0,0,0,0,0.055555556,0.018518519,0.018518519,0,0.907407407,1,0.072727273,0.8,0.109090909,0,0.018181818
1097,1,0,0,0,0,0.629032258,0.177419355,0.177419355,0.016129032,0,0,0,0,0,0.090909091,0,0,0,0.909090909,1,0,0.846153846,0.115384615,0,0.038461538
1098,1,0,0,0,0,0.684210526,0.192982456,0.105263158,0.01754386,1,0,0,0,0,0.074074074,0.074074074,0,0.018518519,0.833333333,1,0.037735849,0.830188679,0.113207547,0,0.018867925
1099,1,0,0,0,0,0.722222222,0.203703704,0.055555556,0.018518519,0,0,0,0,0,0.037735849,0,0.018867925,0,0.943396226,1,0.177419355,0.709677419,0.096774194,0,0.016129032
1100,1,0,0,0,0,0.65,0.183333333,0.15,0.016666667,0,0,0,0,0,0.087719298,0,0.035087719,0,0.877192982,1,0.038461538,0.846153846,0.115384615,0,0
1101,1,0,0,0,0,0.609375,0.171875,0.203125,0.015625,0,0,0,0,0,0.037037037,0,0.037037037,0,0.925925926,1,0.019607843,0.862745098,0.117647059,0,0
1102,0.95,0,0,0.05,0,0.672413793,0.189655172,0.120689655,0.017241379,0,0,0,0,0,0.019230769,0,0.019230769,0,0.961538462,1,0.120689655,0.75862069,0.103448276,0,0.017241379
1103,0.944444444,0,0,0.055555556,0,0.65,0.183333333,0.15,0.016666667,1,0,0,0,0,0.038461538,0,0,0.038461538,0.923076923,1,0.074074074,0.814814815,0.111111111,0,0
1104,0.95,0,0.05,0,0,0.709090909,0.181818182,0.090909091,0.018181818,0,0,0,0,0,0.147540984,0,0.032786885,0,0.819672131,1,0.056603774,0.811320755,0.113207547,0.018867925,0
1105,1,0,0,0,0,0.709090909,0.2,0.072727273,0.018181818,0,0,0,0,0,0.018867925,0,0.037735849,0,0.943396226,1,0.180327869,0.721311475,0.098360656,0,0
1106,0.95,0,0,0.05,0,0.661016949,0.186440678,0.13559322,0.016949153,0,0,0,0,0,0,0,0.038461538,0,0.961538462,1,0.122807018,0.771929825,0.105263158,0,0
1107,0.944444444,0.055555556,0,0,0.017241379,0.655172414,0.189655172,0.137931034,0,0.5,0,0,0.5,0,0.056603774,0.018867925,0,0,0.924528302,1,0.071428571,0.785714286,0.107142857,0,0.035714286
1108,1,0,0,0,0,0.672413793,0.189655172,0.120689655,0.017241379,1,0,0,0,0,0.087719298,0.01754386,0.035087719,0,0.859649123,1,0.056603774,0.830188679,0.113207547,0,0
1109,0.888888889,0.111111111,0,0,0.035714286,0.660714286,0.196428571,0.107142857,0,1,0,0,0,0,0.133333333,0,0.033333333,0.016666667,0.816666667,1,0.038461538,0.865384615,0.096153846,0,0
1110,1,0,0,0,0,0.684210526,0.192982456,0.105263158,0.01754386,1,0,0,0,0,0.122807018,0,0,0.01754386,0.859649123,1,0.055555556,0.814814815,0.111111111,0,0.018518519
1111,1,0,0,0,0,0.639344262,0.180327869,0.163934426,0.016393443,0,0,0,0,0,0.105263158,0,0.01754386,0,0.877192982,1,0,0.862745098,0.117647059,0,0.019607843
1112,0.95,0,0,0.05,0,0.639344262,0.180327869,0.163934426,0.016393443,0,0,0,0,0,0.072727273,0,0.018181818,0,0.909090909,1,0.019230769,0.846153846,0.115384615,0,0.019230769
1113,1,0,0,0,0,0.696428571,0.196428571,0.089285714,0.017857143,0,0,0,0,0,0.133333333,0,0.033333333,0,0.833333333,1,0.056603774,0.830188679,0.113207547,0,0
1114,1,0,0,0,0,0.709090909,0.2,0.072727273,0.018181818,1,0,0,0,0,0.161290323,0.032258065,0.032258065,0,0.774193548,1,0,0.88,0.12,0,0
1115,1,0,0,0,0,0.661016949,0.186440678,0.13559322,0.016949153,1,0,0,0,0,0.120689655,0.017241379,0.017241379,0,0.844827586,1,0,0.862745098,0.117647059,0,0.019607843
1116,0.941176471,0,0,0.058823529,0,0.672413793,0.189655172,0.120689655,0.017241379,1,0,0,0,0,0.090909091,0.036363636,0,0.018181818,0.854545455,1,0.019230769,0.846153846,0.115384615,0,0.019230769
1117,0.944444444,0,0,0.055555556,0,0.639344262,0.180327869,0.163934426,0.016393443,1,0,0,0,0,0.038461538,0,0,0.038461538,0.923076923,1,0.056603774,0.830188679,0.113207547,0,0
1118,1,0,0,0,0,0.696428571,0.196428571,0.089285714,0.017857143,0,0,0,0,0,0.087719298,0,0.035087719,0,0.877192982,1,0.107142857,0.785714286,0.107142857,0,0
1119,1,0,0,0,0,0.735849057,0.20754717,0.037735849,0.018867925,0,0,0,0,0,0.107142857,0,0,0,0.892857143,1,0.133333333,0.733333333,0.1,0,0.033333333
1120,1,0,0,0,0,0.75,0.211538462,0.019230769,0.019230769,0,0,0,0,0,0.1875,0,0.03125,0,0.78125,1,0.056603774,0.830188679,0.113207547,0,0
1121,0.95,0,0,0.05,0,0.735849057,0.20754717,0.037735849,0.018867925,0,0,0,0,0,0.161290323,0,0.032258065,0,0.806451613,1,0.056603774,0.830188679,0.113207547,0,0
1122,0.95,0,0,0.05,0,0.684210526,0.192982456,0.105263158,0.01754386,0,0,0,0,0,0.103448276,0,0.034482759,0,0.862068966,1,0.056603774,0.830188679,0.113207547,0,0
1123,0.904761905,0,0,0.095238095,0,0.661016949,0.186440678,0.13559322,0.016949153,0,0,0,0,0,0.087719298,0,0.035087719,0,0.877192982,1,0.019607843,0.862745098,0.117647059,0,0
1124,0.9375,0,0,0.0625,0,0.684210526,0.192982456,0.105263158,0.01754386,1,0,0,0,0,0.019230769,0.057692308,0.019230769,0.019230769,0.884615385,1,0.090909091,0.8,0.109090909,0,0
1125,1,0,0,0,0,0.725490196,0.215686275,0.039215686,0.019607843,0.714285714,0.285714286,0,0,0,0.055555556,0.111111111,0.018518519,0.018518519,0.796296296,1,0.122807018,0.736842105,0.105263158,0.035087719,0
1126,0.882352941,0,0.117647059,0,0,0.78,0.18,0.02,0.02,1,0,0,0,0,0,0.058823529,0.019607843,0.019607843,0.901960784,1,0.21875,0.65625,0.09375,0.03125,0
1127,1,0,0,0,0,0.735849057,0.20754717,0.037735849,0.018867925,1,0,0,0,0,0.037735849,0.075471698,0.018867925,0.018867925,0.849056604,1,0.137931034,0.75862069,0.103448276,0,0
1128,0.947368421,0.052631579,0,0,0.01754386,0.666666667,0.192982456,0.122807018,0,0,0,0,0,0,0,0,0.019607843,0,0.980392157,1,0.163934426,0.721311475,0.098360656,0,0.016393443
1129,0.95,0,0,0.05,0,0.684210526,0.192982456,0.105263158,0.01754386,0,0,0,0,0,0.055555556,0,0.018518519,0,0.925925926,1,0.105263158,0.771929825,0.105263158,0,0.01754386
1130,1,0,0,0,0,0.672413793,0.189655172,0.120689655,0.017241379,0,0,0,0,0,0.090909091,0,0,0,0.909090909,1,0.071428571,0.785714286,0.107142857,0,0.035714286
1131,0.95,0,0,0.05,0,0.735849057,0.20754717,0.037735849,0.018867925,0,0,0,0,0,0.054545455,0,0.036363636,0,0.909090909,1,0.166666667,0.733333333,0.1,0,0
1132,0.947368421,0.052631579,0,0,0,0.703703704,0.203703704,0.074074074,0.018518519,1,0,0,0,0,0.055555556,0,0.018518519,0.018518519,0.907407407,1,0.166666667,0.716666667,0.1,0.016666667,0
1133,0.95,0,0,0.05,0,0.722222222,0.203703704,0.055555556,0.018518519,0,0,0,0,0,0.087719298,0,0.035087719,0,0.877192982,1,0.122807018,0.771929825,0.105263158,0,0
1134,0.95,0,0,0.05,0,0.722222222,0.203703704,0.055555556,0.018518519,0,0,0,0,0,0.074074074,0,0,0,0.925925926,1,0.133333333,0.733333333,0.1,0,0.033333333
1135,1,0,0,0,0,0.722222222,0.203703704,0.055555556,0.018518519,0,0,0,0,0,0.15,0,0.016666667,0,0.833333333,1,0.072727273,0.8,0.109090909,0,0.018181818
1136,1,0,0,0,0,0.722222222,0.203703704,0.055555556,0.018518519,1,0,0,0,0,0.133333333,0.05,0.033333333,0,0.783333333,1,0.038461538,0.846153846,0.115384615,0,0
1137,1,0,0,0,0,0.672413793,0.189655172,0.120689655,0.017241379,1,0,0,0,0,0.019607843,0.019607843,0,0,0.960784314,1,0.118644068,0.745762712,0.101694915,0,0.033898305
1138,1,0,0,0,0,0.696428571,0.196428571,0.089285714,0.017857143,1,0,0,0,0,0.037735849,0.018867925,0.018867925,0,0.924528302,1,0.13559322,0.745762712,0.101694915,0,0.016949153
1139,1,0,0,0,0,0.661016949,0.186440678,0.13559322,0.016949153,0,0,0,0,0,0.019607843,0,0,0,0.980392157,1,0.118644068,0.745762712,0.101694915,0,0.033898305
1140,1,0,0,0,0,0.629032258,0.177419355,0.177419355,0.016129032,0,0,0,0,0,0,0,0.038461538,0,0.961538462,1,0.090909091,0.8,0.109090909,0,0
1141,1,0,0,0,0,0.703703704,0.203703704,0.074074074,0.018518519,0,1,0,0,0,0.089285714,0,0.017857143,0.017857143,0.875,1,0.120689655,0.75862069,0.086206897,0.017241379,0.017241379
1142,0.95,0,0,0.05,0,0.709090909,0.2,0.072727273,0.018181818,0,0,0,0,0,0.103448276,0,0.034482759,0,0.862068966,1,0.090909091,0.8,0.109090909,0,0
1143,1,0,0,0,0,0.672413793,0.189655172,0.120689655,0.017241379,0,0,0,0,0,0.055555556,0,0.018518519,0,0.925925926,1,0.105263158,0.771929825,0.105263158,0,0.01754386
1144,1,0,0,0,0,0.696428571,0.196428571,0.089285714,0.017857143,1,0,0,0,0,0.038461538,0.134615385,0,0.038461538,0.788461538,1,0.038461538,0.846153846,0.115384615,0,0
1145,0.923076923,0,0,0.076923077,0,0.735849057,0.20754717,0.037735849,0.018867925,1,0,0,0,0,0.019607843,0.098039216,0,0.039215686,0.843137255,1,0.122807018,0.771929825,0.105263158,0,0
1146,1,0,0,0,0,0.639344262,0.180327869,0.163934426,0.016393443,0,0,0,0,0,0.090909091,0,0,0,0.909090909,1,0.018867925,0.830188679,0.113207547,0,0.037735849
1147,1,0,0,0,0,0.65,0.183333333,0.15,0.016666667,1,0,0,0,0,0.037735849,0.018867925,0.018867925,0,0.924528302,1,0.072727273,0.8,0.109090909,0,0.018181818
1148,0.95,0,0,0.05,0,0.735849057,0.20754717,0.037735849,0.018867925,0,0,0,0,0,0.161290323,0,0.032258065,0,0.806451613,1,0.056603774,0.830188679,0.113207547,0,0
1149,1,0,0,0,0,0.672413793,0.189655172,0.120689655,0.017241379,0.5,0,0,0,0.5,0.107142857,0.017857143,0,0,0.875,1,0.018867925,0.830188679,0.113207547,0,0.037735849
1150,1,0,0,0,0,0.672413793,0.189655172,0.120689655,0.017241379,1,0,0,0,0,0.122807018,0.01754386,0,0.01754386,0.842105263,1,0.019230769,0.846153846,0.115384615,0,0.019230769
1151,0.941176471,0,0,0.058823529,0,0.639344262,0.180327869,0.163934426,0.016393443,1,0,0,0,0,0.018867925,0.056603774,0.037735849,0,0.886792453,1,0.019607843,0.862745098,0.117647059,0,0
1152,1,0,0,0,0,0.639344262,0.180327869,0.163934426,0.016393443,1,0,0,0,0,0.018867925,0.018867925,0.037735849,0,0.924528302,1,0.074074074,0.814814815,0.111111111,0,0
1153,1,0,0,0,0,0.6,0.169230769,0.215384615,0.015384615,1,0,0,0,0,0,0.02,0,0,0.98,1,0.018867925,0.830188679,0.113207547,0,0.037735849
1154,0.95,0,0,0.05,0,0.65,0.183333333,0.15,0.016666667,0,0,0,0,0,0,0,0.019607843,0,0.980392157,1,0.105263158,0.771929825,0.105263158,0,0.01754386
1155,1,0,0,0,0,0.684210526,0.192982456,0.105263158,0.01754386,0,0,0,0,0,0.105263158,0,0.01754386,0,0.877192982,1,0.072727273,0.8,0.109090909,0,0.018181818
1156,1,0,0,0,0,0.696428571,0.196428571,0.089285714,0.017857143,1,0,0,0,0,0.037735849,0.075471698,0.018867925,0,0.867924528,1,0.089285714,0.785714286,0.107142857,0,0.017857143
1157,1,0,0,0,0,0.639344262,0.180327869,0.163934426,0.016393443,1,0,0,0,0,0.071428571,0.017857143,0.035714286,0,0.875,1,0.019607843,0.862745098,0.117647059,0,0
1158,1,0,0,0,0,0.639344262,0.180327869,0.163934426,0.016393443,0,0,0,0,0,0.074074074,0,0,0,0.925925926,1,0.037037037,0.814814815,0.111111111,0,0.037037037
1159,1,0,0,0,0,0.65,0.183333333,0.15,0.016666667,1,0,0,0,0,0.089285714,0.035714286,0.017857143,0,0.857142857,1,0,0.862745098,0.117647059,0,0.019607843
1160,1,0,0,0,0,0.672413793,0.189655172,0.120689655,0.017241379,0,0,0,0,0,0.089285714,0,0.017857143,0,0.892857143,1,0.072727273,0.8,0.109090909,0,0.018181818
1161,1,0,0,0,0,0.661016949,0.186440678,0.13559322,0.016949153,1,0,0,0,0,0.120689655,0.017241379,0.017241379,0.017241379,0.827586207,1,0,0.88,0.12,0,0
1162,1,0,0,0,0,0.722222222,0.203703704,0.055555556,0.018518519,1,0,0,0,0,0.090909091,0.090909091,0,0.018181818,0.8,1,0.055555556,0.814814815,0.111111111,0,0.018518519
1163,1,0,0,0,0,0.696428571,0.196428571,0.089285714,0.017857143,1,0,0,0,0,0.056603774,0.132075472,0,0,0.811320755,1,0.018867925,0.830188679,0.113207547,0,0.037735849
1164,0.947368421,0,0,0.052631579,0,0.735849057,0.20754717,0.037735849,0.018867925,1,0,0,0,0,0.056603774,0.018867925,0,0,0.924528302,1,0.147540984,0.721311475,0.098360656,0,0.032786885
1165,1,0,0,0,0,0.722222222,0.203703704,0.055555556,0.018518519,0,0,0,0,0,0.163934426,0,0.016393443,0,0.819672131,1,0.055555556,0.814814815,0.111111111,0,0.018518519
1166,0.95,0,0,0.05,0,0.722222222,0.203703704,0.055555556,0.018518519,0,0,0,0,0,0.177419355,0,0.016129032,0,0.806451613,1,0.019230769,0.846153846,0.115384615,0,0.019230769
1167,1,0,0,0,0,0.709090909,0.2,0.072727273,0.018181818,1,0,0,0,0,0.137931034,0.017241379,0,0.034482759,0.810344828,1,0.056603774,0.830188679,0.113207547,0,0
1168,1,0,0,0,0,0.722222222,0.203703704,0.055555556,0.018518519,1,0,0,0,0,0.090909091,0.109090909,0,0.036363636,0.763636364,1,0.038461538,0.846153846,0.115384615,0,0
1169,0.95,0,0,0.05,0,0.722222222,0.203703704,0.055555556,0.018518519,0,0,0,0,0,0.152542373,0,0,0,0.847457627,1,0.054545455,0.8,0.109090909,0,0.036363636
1170,0.947368421,0,0,0.052631579,0,0.672413793,0.189655172,0.120689655,0.017241379,1,0,0,0,0,0.107142857,0,0,0.017857143,0.875,1,0.037735849,0.830188679,0.113207547,0,0.018867925
1171,0.95,0,0,0.05,0,0.639344262,0.180327869,0.163934426,0.016393443,0,0,0,0,0,0.018867925,0,0.037735849,0,0.943396226,1,0.074074074,0.814814815,0.111111111,0,0
1172,0.904761905,0,0,0.095238095,0,0.709090909,0.2,0.072727273,0.018181818,0,0,0,0,0,0.072727273,0,0.018181818,0,0.909090909,1,0.105263158,0.771929825,0.105263158,0,0.01754386
1173,1,0,0,0,0,0.629032258,0.177419355,0.177419355,0.016129032,1,0,0,0,0,0.019230769,0.019230769,0.019230769,0,0.942307692,1,0.055555556,0.814814815,0.111111111,0,0.018518519
1174,1,0,0,0,0,0.590909091,0.166666667,0.227272727,0.015151515,1,0,0,0,0,0.019607843,0,0,0.019607843,0.960784314,1,0,0.862745098,0.117647059,0,0.019607843
1175,1,0,0,0,0,0.684210526,0.192982456,0.105263158,0.01754386,0.5,0,0,0.5,0,0.054545455,0.018181818,0.036363636,0,0.890909091,1,0.090909091,0.8,0.109090909,0,0
1176,1,0,0,0,0,0.672413793,0.189655172,0.120689655,0.017241379,0,0,0,0,0,0.019607843,0,0,0,0.980392157,1,0.133333333,0.733333333,0.1,0,0.033333333
1177,1,0,0,0,0,0.672413793,0.189655172,0.120689655,0.017241379,0,0,0,0,0,0.090909091,0,0,0,0.909090909,1,0.071428571,0.785714286,0.107142857,0,0.035714286
1178,0.941176471,0,0.058823529,0,0,0.684210526,0.175438596,0.122807018,0.01754386,1,0,0,0,0,0.13559322,0.033898305,0.016949153,0.016949153,0.796610169,1,0,0.86,0.12,0.02,0
1179,1,0,0,0,0,0.722222222,0.203703704,0.055555556,0.018518519,0.857142857,0,0,0,0.142857143,0.056603774,0.113207547,0,0,0.830188679,1,0.054545455,0.8,0.109090909,0,0.036363636
1180,1,0,0,0,0,0.709090909,0.2,0.072727273,0.018181818,1,0,0,0,0,0,0.12,0,0,0.88,1,0.103448276,0.75862069,0.103448276,0,0.034482759
1181,0.947368421,0,0,0.052631579,0,0.735849057,0.20754717,0.037735849,0.018867925,0.5,0,0,0,0.5,0.089285714,0.017857143,0.017857143,0,0.875,1,0.105263158,0.771929825,0.105263158,0,0.01754386
1182,0.95,0,0,0.05,0,0.696428571,0.196428571,0.089285714,0.017857143,0,0,0,0,0,0.107142857,0,0,0,0.892857143,1,0.071428571,0.785714286,0.107142857,0,0.035714286
1183,1,0,0,0,0,0.619047619,0.174603175,0.19047619,0.015873016,0,0,0,0,0,0.072727273,0,0.018181818,0,0.909090909,1,0,0.862745098,0.117647059,0,0.019607843
1184,1,0,0,0,0,0.75,0.211538462,0.019230769,0.019230769,0,0,0,0,0,0.215384615,0,0.015384615,0,0.769230769,1,0.019230769,0.846153846,0.115384615,0,0.019230769
1185,1,0,0,0,0,0.735849057,0.20754717,0.037735849,0.018867925,1,0,0,0,0,0.19047619,0.015873016,0.015873016,0,0.777777778,1,0.019230769,0.846153846,0.115384615,0,0.019230769
1186,1,0,0,0,0,0.709090909,0.2,0.072727273,0.018181818,1,0,0,0,0,0.105263158,0.01754386,0.01754386,0,0.859649123,1,0.089285714,0.785714286,0.107142857,0,0.017857143
1187,1,0,0,0,0,0.722222222,0.203703704,0.055555556,0.018518519,0,0,0,0,0,0.054545455,0,0.036363636,0,0.909090909,1,0.166666667,0.733333333,0.1,0,0
1188,0.904761905,0,0,0.095238095,0,0.696428571,0.196428571,0.089285714,0.017857143,0,0,0,0,0,0.087719298,0,0.035087719,0,0.877192982,1,0.074074074,0.814814815,0.111111111,0,0
1189,1,0,0,0,0,0.696428571,0.196428571,0.089285714,0.017857143,1,0,0,0,0,0,0.019607843,0.019607843,0,0.960784314,1,0.163934426,0.721311475,0.098360656,0,0.016393443
1190,0.941176471,0,0,0.058823529,0,0.709090909,0.2,0.072727273,0.018181818,0.75,0,0,0.25,0,0.038461538,0.057692308,0,0,0.903846154,1,0.087719298,0.771929825,0.105263158,0,0.035087719
1191,0.941176471,0,0,0.058823529,0,0.684210526,0.192982456,0.105263158,0.01754386,0.75,0,0,0,0.25,0.019230769,0.057692308,0.019230769,0,0.903846154,1,0.072727273,0.8,0.109090909,0,0.018181818
1192,1,0,0,0,0,0.672413793,0.189655172,0.120689655,0.017241379,0,0,0,0,0,0.071428571,0,0.035714286,0,0.892857143,1,0.090909091,0.8,0.109090909,0,0
1193,1,0,0,0,0,0.684210526,0.192982456,0.105263158,0.01754386,1,0,0,0,0,0.072727273,0,0.018181818,0.018181818,0.890909091,1,0.107142857,0.785714286,0.107142857,0,0
1194,0.944444444,0,0,0.055555556,0,0.672413793,0.189655172,0.120689655,0.017241379,1,0,0,0,0,0.056603774,0,0,0.037735849,0.905660377,1,0.090909091,0.8,0.109090909,0,0
1195,0.9375,0,0,0.0625,0,0.65,0.183333333,0.15,0.016666667,1,0,0,0,0,0.037735849,0.056603774,0.018867925,0.018867925,0.867924528,1,0.019607843,0.862745098,0.117647059,0,0
1196,0.95,0,0,0.05,0,0.696428571,0.196428571,0.089285714,0.017857143,0,0,0,0,0,0.163934426,0,0.016393443,0,0.819672131,1,0,0.862745098,0.117647059,0,0.019607843
1197,1,0,0,0,0,0.75,0.211538462,0.019230769,0.019230769,1,0,0,0,0,0.137931034,0.034482759,0,0.034482759,0.793103448,1,0.090909091,0.8,0.109090909,0,0
1198,1,0,0,0,0,0.684210526,0.192982456,0.105263158,0.01754386,0.666666667,0,0,0,0.333333333,0.090909091,0.036363636,0,0,0.872727273,1,0.037037037,0.814814815,0.111111111,0,0.037037037
1199,0.904761905,0,0,0.095238095,0,0.696428571,0.196428571,0.089285714,0.017857143,0,0,0,0,0,0.089285714,0,0.017857143,0,0.892857143,1,0.072727273,0.8,0.109090909,0,0.018181818
1200,0.95,0.05,0,0,0,0.633333333,0.183333333,0.166666667,0.016666667,0,0,0,0,0,0,0,0,0,1,1,0.118644068,0.728813559,0.101694915,0.016949153,0.033898305
1201,0.947368421,0.052631579,0,0,0.016129032,0.612903226,0.177419355,0.193548387,0,0,0,0,0,0,0.019607843,0,0,0,0.980392157,1,0.071428571,0.785714286,0.107142857,0,0.035714286
1202,1,0,0,0,0,0.75,0.211538462,0.019230769,0.019230769,0.75,0,0,0,0.25,0.072727273,0.036363636,0.018181818,0.018181818,0.854545455,1,0.137931034,0.75862069,0.103448276,0,0
1203,0.909090909,0,0,0.090909091,0,0.722222222,0.203703704,0.055555556,0.018518519,1,0,0,0,0,0,0.14,0,0.04,0.82,1,0.090909091,0.8,0.109090909,0,0
1204,1,0,0,0,0,0.65,0.183333333,0.15,0.016666667,0.75,0,0,0.25,0,0.056603774,0.056603774,0,0,0.886792453,1,0,0.846153846,0.115384615,0,0.038461538
1205,0.95,0,0,0.05,0,0.661016949,0.186440678,0.13559322,0.016949153,0,0,0,0,0,0.019230769,0,0.019230769,0,0.961538462,1,0.105263158,0.771929825,0.105263158,0,0.01754386
1206,1,0,0,0,0,0.709090909,0.2,0.072727273,0.018181818,0,0,0,0,0,0.018867925,0,0.037735849,0,0.943396226,1,0.180327869,0.721311475,0.098360656,0,0
1207,1,0,0,0,0,0.639344262,0.180327869,0.163934426,0.016393443,0,0,0,0,0,0.105263158,0,0.01754386,0,0.877192982,1,0,0.862745098,0.117647059,0,0.019607843
1208,0.9,0,0,0.1,0,0.619047619,0.174603175,0.19047619,0.015873016,1,0,0,0,0,0.038461538,0,0,0.019230769,0.942307692,1,0,0.862745098,0.117647059,0,0.019607843
1209,1,0,0,0,0,0.75,0.211538462,0.019230769,0.019230769,1,0,0,0,0,0.166666667,0.016666667,0,0,0.816666667,1,0.071428571,0.785714286,0.107142857,0,0.035714286
1210,0.95,0,0,0.05,0,0.639344262,0.180327869,0.163934426,0.016393443,0,0,0,0,0,0.038461538,0,0,0,0.961538462,1,0.054545455,0.8,0.109090909,0,0.036363636
1211,1,0,0,0,0,0.619047619,0.174603175,0.19047619,0.015873016,0,0,0,0,0,0.019230769,0,0.019230769,0,0.961538462,1,0.055555556,0.814814815,0.111111111,0,0.018518519
1212,1,0,0,0,0,0.65,0.183333333,0.15,0.016666667,0,0,0,0,0,0.105263158,0,0.01754386,0,0.877192982,1,0.019230769,0.846153846,0.115384615,0,0.019230769
1213,1,0,0,0,0,0.672413793,0.189655172,0.120689655,0.017241379,0,0,0,0,0,0.152542373,0,0,0,0.847457627,1,0,0.846153846,0.115384615,0,0.038461538
1214,1,0,0,0,0,0.696428571,0.196428571,0.089285714,0.017857143,0,0,0,0,0,0.118644068,0,0.033898305,0,0.847457627,1,0.074074074,0.814814815,0.111111111,0,0
1215,1,0,0,0,0,0.709090909,0.2,0.072727273,0.018181818,0.8,0,0,0.2,0,0.090909091,0.072727273,0,0,0.836363636,1,0.037037037,0.814814815,0.111111111,0,0.037037037
1216,0.95,0,0,0.05,0,0.709090909,0.2,0.072727273,0.018181818,0,0,0,0,0,0.103448276,0,0.034482759,0,0.862068966,1,0.090909091,0.8,0.109090909,0,0
1217,1,0,0,0,0,0.75,0.211538462,0.019230769,0.019230769,0.8,0,0,0.2,0,0.120689655,0.051724138,0.017241379,0.017241379,0.793103448,1,0.074074074,0.814814815,0.111111111,0,0
1218,1,0,0,0,0.018518519,0.703703704,0.203703704,0.055555556,0.018518519,0,1,0,0,0,0.19047619,0,0.015873016,0.015873016,0.777777778,1,0,0.882352941,0.098039216,0,0.019607843
1219,0.95,0,0,0.05,0,0.709090909,0.2,0.072727273,0.018181818,0,0,0,0,0,0.103448276,0,0.034482759,0,0.862068966,1,0.090909091,0.8,0.109090909,0,0
1220,1,0,0,0,0,0.709090909,0.2,0.072727273,0.018181818,0,0,0,0,0,0.105263158,0,0.01754386,0,0.877192982,1,0.105263158,0.771929825,0.105263158,0,0.01754386
1221,1,0,0,0,0,0.619047619,0.174603175,0.19047619,0.015873016,0,0,0,0,0,0.072727273,0,0.018181818,0,0.909090909,1,0,0.862745098,0.117647059,0,0.019607843
1222,1,0,0,0,0,0.609375,0.171875,0.203125,0.015625,0,0,0,0,0,0.038461538,0,0,0,0.961538462,1,0.018867925,0.830188679,0.113207547,0,0.037735849
1223,1,0,0,0,0,0.639344262,0.180327869,0.163934426,0.016393443,0.5,0,0,0.5,0,0.019607843,0.019607843,0,0,0.960784314,1,0.054545455,0.8,0.109090909,0,0.036363636
1224,0.9375,0,0,0.0625,0,0.672413793,0.189655172,0.120689655,0.017241379,1,0,0,0,0,0.037037037,0.074074074,0.037037037,0,0.851851852,1,0.038461538,0.846153846,0.115384615,0,0
1225,0.9,0,0,0.1,0,0.672413793,0.189655172,0.120689655,0.017241379,1,0,0,0,0,0.107142857,0,0,0.017857143,0.875,1,0.019230769,0.846153846,0.115384615,0,0.019230769
1226,0.944444444,0,0,0.055555556,0,0.709090909,0.2,0.072727273,0.018181818,0.666666667,0,0,0.333333333,0,0.072727273,0.036363636,0.018181818,0,0.872727273,1,0.072727273,0.8,0.109090909,0,0.018181818
1227,1,0,0,0,0,0.672413793,0.189655172,0.120689655,0.017241379,1,0,0,0,0,0.152542373,0,0,0.016949153,0.830508475,1,0,0.862745098,0.117647059,0,0.019607843
1228,1,0,0,0,0,0.722222222,0.203703704,0.055555556,0.018518519,0,0,0,0,0,0.152542373,0,0,0,0.847457627,1,0.071428571,0.785714286,0.107142857,0,0.035714286
1229,0.9,0.05,0.05,0,0.018867925,0.716981132,0.188679245,0.075471698,0,0,0,0,0,0,0.118644068,0,0.033898305,0,0.847457627,1,0.105263158,0.771929825,0.087719298,0.01754386,0.01754386
1230,1,0,0,0,0,0.639344262,0.180327869,0.163934426,0.016393443,0,0,0,0,0,0.037037037,0,0.037037037,0,0.925925926,1,0.074074074,0.814814815,0.111111111,0,0
1231,1,0,0,0,0,0.661016949,0.186440678,0.13559322,0.016949153,0,0,0,0,0,0.090909091,0,0,0,0.909090909,1,0.054545455,0.8,0.109090909,0,0.036363636
1232,1,0,0,0,0,0.75,0.211538462,0.019230769,0.019230769,0.8,0,0,0,0.2,0,0.078431373,0.019607843,0,0.901960784,1,0.163934426,0.721311475,0.098360656,0,0.016393443
1233,0.928571429,0,0,0.071428571,0,0.709090909,0.2,0.072727273,0.018181818,1,0,0,0,0,0.037037037,0.111111111,0.037037037,0,0.814814815,1,0.056603774,0.830188679,0.113207547,0,0
1234,1,0,0,0,0,0.696428571,0.196428571,0.089285714,0.017857143,1,0,0,0,0,0,0.098039216,0.019607843,0,0.882352941,1,0.105263158,0.771929825,0.105263158,0,0.01754386
1235,1,0,0,0,0,0.661016949,0.186440678,0.13559322,0.016949153,1,0,0,0,0,0,0.1,0,0.04,0.86,1,0.056603774,0.830188679,0.113207547,0,0
1236,1,0,0,0,0,0.722222222,0.203703704,0.055555556,0.018518519,1,0,0,0,0,0,0.019230769,0.038461538,0,0.942307692,1,0.193548387,0.709677419,0.096774194,0,0
1237,1,0,0,0,0,0.75,0.211538462,0.019230769,0.019230769,0,0,0,0,0,0,0,0.038461538,0,0.961538462,1,0.230769231,0.676923077,0.092307692,0,0
1238,1,0,0,0,0,0.745098039,0.215686275,0.019607843,0.019607843,0.25,0.25,0,0.5,0,0.13559322,0.016949153,0.016949153,0.016949153,0.813559322,1,0.072727273,0.8,0.090909091,0.018181818,0.018181818
1239,1,0,0,0,0,0.661016949,0.186440678,0.13559322,0.016949153,1,0,0,0,0,0.019230769,0.038461538,0.019230769,0,0.923076923,1,0.089285714,0.785714286,0.107142857,0,0.017857143
1240,1,0,0,0,0,0.661016949,0.186440678,0.13559322,0.016949153,1,0,0,0,0,0.019607843,0.039215686,0,0.039215686,0.901960784,1,0.090909091,0.8,0.109090909,0,0
1241,0.888888889,0,0.055555556,0.055555556,0,0.672413793,0.172413793,0.137931034,0.017241379,1,0,0,0,0,0,0.06,0,0,0.94,1,0.070175439,0.771929825,0.087719298,0.01754386,0.052631579
1242,0.916666667,0,0,0.083333333,0,0.75,0.211538462,0.019230769,0.019230769,1,0,0,0,0,0.019230769,0.153846154,0.019230769,0,0.807692308,1,0.089285714,0.785714286,0.107142857,0,0.017857143
1243,1,0,0,0,0,0.75,0.211538462,0.019230769,0.019230769,0.857142857,0,0,0,0.142857143,0.018867925,0.113207547,0.037735849,0,0.830188679,1,0.122807018,0.771929825,0.105263158,0,0
1244,0.95,0,0,0.05,0,0.672413793,0.189655172,0.120689655,0.017241379,0,0,0,0,0,0.105263158,0,0.01754386,0,0.877192982,1,0.037735849,0.830188679,0.113207547,0,0.018867925
1245,1,0,0,0,0,0.696428571,0.196428571,0.089285714,0.017857143,0,0,0,0,0,0.090909091,0,0,0,0.909090909,1,0.103448276,0.75862069,0.103448276,0,0.034482759
1246,1,0,0,0,0,0.75,0.211538462,0.019230769,0.019230769,0.9,0,0,0,0.1,0.055555556,0.148148148,0.018518519,0.018518519,0.759259259,1,0.056603774,0.830188679,0.113207547,0,0
1247,1,0,0,0,0,0.75,0.211538462,0.019230769,0.019230769,0,0,0,0,0,0.087719298,0,0.035087719,0,0.877192982,1,0.166666667,0.733333333,0.1,0,0
1248,0.947368421,0,0,0.052631579,0,0.672413793,0.189655172,0.120689655,0.017241379,1,0,0,0,0,0.054545455,0.018181818,0.036363636,0,0.890909091,1,0.074074074,0.814814815,0.111111111,0,0
1249,0.9,0,0,0.1,0,0.639344262,0.180327869,0.163934426,0.016393443,1,0,0,0,0,0.055555556,0,0.018518519,0.018518519,0.907407407,1,0.019607843,0.862745098,0.117647059,0,0