,"('NPA', 'np')","('NPA', 'np1')","('NPA', 'np2')","('NPA', ('NPA', 'NPA'))","('NPO', 'np')","('NPO', 'np1')","('NPO', 'np2')","('NPO', ('NPA', 'NPO'))","('NPO', ('NPO', 'NPA'))","('NPS', 'np')","('NPS', 'np1')","('NPS', 'np2')","('NPS', ('NPA', 'NPS'))","('NPS', ('NPS', 'NPA'))","('S', ('NPA', 'S'))","('S', ('NPS', 'VP'))","('S', ('S', 'NPA'))","('S', ('VP',))","('V', 'v')","('VP', ('NPA', 'VP'))","('VP', ('NPO', 'V'))","('VP', ('V',))","('VP', ('VP', 'NPA'))"
0,0.72,0.2,0.04,0.04,0.020833333,0.708333333,0.208333333,0.041666667,0.020833333,0,0,0,0,0,0.122807018,0,0,0.877192982,1,0.079365079,0.714285714,0.079365079,0.126984127
1,0.666666667,0.259259259,0.037037037,0.037037037,0.021276596,0.680851064,0.212765957,0.063829787,0.021276596,0,0,0,0,0,0.053571429,0,0.053571429,0.892857143,1,0.153846154,0.661538462,0.107692308,0.076923077
2,0.590909091,0.272727273,0.090909091,0.045454545,0.039215686,0.647058824,0.176470588,0.098039216,0.039215686,1,0,0,0,0,0.063492063,0.063492063,0.142857143,0.73015873,1,0,0.88,0.12,0
3,0.470588235,0.411764706,0.058823529,0.058823529,0.042553191,0.680851064,0.212765957,0.042553191,0.021276596,0.9,0,0,0,0.1,0.037037037,0.166666667,0.037037037,0.759259259,1,0.01754386,0.771929825,0.105263158,0.105263158
4,0.588235294,0.352941176,0.058823529,0,0,0.75,0.227272727,0,0.022727273,0.75,0,0,0,0.25,0.063492063,0.142857143,0.142857143,0.650793651,1,0,0.86,0.14,0
5,0.65,0.25,0.05,0.05,0,0.755555556,0.222222222,0,0.022222222,0.75,0,0,0.125,0.125,0.086206897,0.103448276,0.051724138,0.75862069,1,0.035087719,0.771929825,0.105263158,0.087719298
6,0.466666667,0.4,0.066666667,0.066666667,0,0.76744186,0.23255814,0,0,0.923076923,0,0,0,0.076923077,0.054545455,0.218181818,0.036363636,0.690909091,1,0.01754386,0.754385965,0.122807018,0.105263158
7,0.708333333,0.25,0.041666667,0,0.044444444,0.733333333,0.222222222,0,0,0,0,0,0,0,0.147540984,0,0.032786885,0.819672131,1,0.095238095,0.714285714,0.079365079,0.111111111
8,0.5625,0.375,0.0625,0,0.042553191,0.70212766,0.212765957,0.042553191,0,0.888888889,0,0,0,0.111111111,0.037037037,0.148148148,0.037037037,0.777777778,1,0.033898305,0.762711864,0.084745763,0.118644068
9,0.5,0.333333333,0.055555556,0.111111111,0.022727273,0.75,0.227272727,0,0,0.9,0,0,0,0.1,0,0.173076923,0.038461538,0.788461538,1,0.081967213,0.721311475,0.098360656,0.098360656
10,0.533333333,0.4,0.066666667,0,0,0.761904762,0.238095238,0,0,0.785714286,0.071428571,0,0.071428571,0.071428571,0.06779661,0.203389831,0.084745763,0.644067797,1,0,0.777777778,0.148148148,0.074074074
11,0.461538462,0.461538462,0.076923077,0,0,0.76744186,0.23255814,0,0,0.928571429,0,0,0.071428571,0,0.05,0.216666667,0.116666667,0.616666667,1,0,0.826923077,0.134615385,0.038461538
12,0.5,0.416666667,0.083333333,0,0,0.755555556,0.222222222,0,0.022222222,0.928571429,0,0,0,0.071428571,0.018518519,0.240740741,0.055555556,0.685185185,1,0,0.785714286,0.107142857,0.107142857
13,0.529411765,0.294117647,0.058823529,0.117647059,0,0.723404255,0.212765957,0.042553191,0.021276596,1,0,0,0,0,0.018867925,0.188679245,0.037735849,0.754716981,1,0.01754386,0.771929825,0.105263158,0.105263158
14,0.571428571,0.357142857,0.071428571,0,0,0.70212766,0.212765957,0.085106383,0,0.916666667,0.083333333,0,0,0,0,0.226415094,0.056603774,0.716981132,1,0.01754386,0.754385965,0.122807018,0.105263158
15,0.5,0.357142857,0.071428571,0.071428571,0.022222222,0.733333333,0.222222222,0.022222222,0,0.916666667,0.083333333,0,0,0,0,0.222222222,0.074074074,0.703703704,1,0.052631579,0.771929825,0.105263158,0.070175439
16,0.5,0.357142857,0.071428571,0.071428571,0,0.772727273,0.204545455,0,0.022727273,0.923076923,0,0.076923077,0,0,0,0.236363636,0.090909091,0.672727273,1,0.053571429,0.767857143,0.125,0.053571429
17,0.4,0.466666667,0.066666667,0.066666667,0.023255814,0.744186047,0.23255814,0,0,0.923076923,0,0,0.076923077,0,0.06779661,0.203389831,0.084745763,0.644067797,1,0,0.811320755,0.132075472,0.056603774
18,0.529411765,0.352941176,0.058823529,0.058823529,0,0.727272727,0.227272727,0.022727273,0.022727273,0.833333333,0.083333333,0,0.083333333,0,0.034482759,0.189655172,0.103448276,0.672413793,1,0.037037037,0.777777778,0.148148148,0.037037037
19,0.416666667,0.5,0.083333333,0,0.022222222,0.733333333,0.222222222,0.022222222,0,0.928571429,0,0,0.071428571,0,0.016949153,0.220338983,0.13559322,0.627118644,1,0,0.862745098,0.117647059,0.019607843
20,0.529411765,0.411764706,0.058823529,0,0.043478261,0.695652174,0.217391304,0.043478261,0,0.888888889,0,0,0,0.111111111,0.089285714,0.142857143,0.017857143,0.75,1,0,0.75862069,0.103448276,0.137931034
21,0.615384615,0.307692308,0.038461538,0.038461538,0.041666667,0.645833333,0.208333333,0.104166667,0,1,0,0,0,0,0.180327869,0.016393443,0,0.803278689,1,0,0.74137931,0.120689655,0.137931034
22,0.72,0.2,0.04,0.04,0.019607843,0.666666667,0.196078431,0.098039216,0.019607843,0,0,0,0,0,0.142857143,0,0.063492063,0.793650794,1,0,0.833333333,0.092592593,0.074074074
23,0.678571429,0.214285714,0.035714286,0.071428571,0,0.647058824,0.196078431,0.156862745,0,0,0,0,0,0,0.112903226,0,0.080645161,0.806451613,1,0.018518519,0.796296296,0.12962963,0.055555556
24,0.727272727,0.227272727,0.045454545,0,0.018181818,0.618181818,0.181818182,0.163636364,0.018181818,1,0,0,0,0,0.038461538,0.038461538,0,0.923076923,1,0.016666667,0.75,0.083333333,0.15
25,0.652173913,0.260869565,0.043478261,0.043478261,0.037037037,0.611111111,0.185185185,0.166666667,0,1,0,0,0,0,0.036363636,0.036363636,0.054545455,0.872727273,1,0.01754386,0.789473684,0.087719298,0.105263158
26,0.72,0.2,0.04,0.04,0.018181818,0.618181818,0.181818182,0.163636364,0.018181818,0,0,0,0,0,0.033898305,0,0.118644068,0.847457627,1,0.055555556,0.833333333,0.092592593,0.018518519
27,0.7,0.25,0.05,0,0.021276596,0.723404255,0.212765957,0.021276596,0.021276596,1,0,0,0,0,0,0.068965517,0.137931034,0.793103448,1,0.15,0.75,0.083333333,0.016666667
28,0.708333333,0.208333333,0.083333333,0,0.022222222,0.755555556,0.2,0,0.022222222,1,0,0,0,0,0.019230769,0.019230769,0.019230769,0.942307692,1,0.183098592,0.61971831,0.084507042,0.112676056
29,0.625,0.208333333,0.083333333,0.083333333,0.022222222,0.755555556,0.2,0,0.022222222,0.75,0,0,0,0.25,0.066666667,0.05,0.1,0.783333333,1,0.103448276,0.75862069,0.103448276,0.034482759
30,0.714285714,0.238095238,0.047619048,0,0.042553191,0.70212766,0.212765957,0.042553191,0,0.5,0.25,0,0.25,0,0.09375,0.046875,0.125,0.734375,1,0.055555556,0.833333333,0.092592593,0.018518519
31,0.647058824,0.294117647,0.058823529,0,0,0.723404255,0.212765957,0.042553191,0.021276596,0.888888889,0,0,0.111111111,0,0,0.156862745,0.019607843,0.823529412,1,0.064516129,0.709677419,0.096774194,0.129032258
32,0.565217391,0.304347826,0.043478261,0.086956522,0,0.761904762,0.238095238,0,0,1,0,0,0,0,0.14516129,0.096774194,0.048387097,0.709677419,1,0.035087719,0.736842105,0.140350877,0.087719298
33,0.6,0.333333333,0.066666667,0,0.022727273,0.727272727,0.227272727,0,0.022727273,0.75,0.166666667,0,0,0.083333333,0.035714286,0.196428571,0.071428571,0.696428571,1,0.035087719,0.754385965,0.122807018,0.087719298
34,0.625,0.3125,0.0625,0,0.02173913,0.739130435,0.217391304,0,0.02173913,0.888888889,0,0,0.111111111,0,0,0.140350877,0.122807018,0.736842105,1,0.087719298,0.789473684,0.087719298,0.035087719
35,0.5625,0.375,0.0625,0,0,0.717391304,0.217391304,0.043478261,0.02173913,0.833333333,0,0,0.166666667,0,0,0.178571429,0.107142857,0.714285714,1,0.036363636,0.781818182,0.127272727,0.054545455
36,0.647058824,0.294117647,0.058823529,0,0.019607843,0.666666667,0.196078431,0.098039216,0.019607843,0.777777778,0,0,0.222222222,0,0,0.120689655,0.137931034,0.74137931,1,0,0.882352941,0.098039216,0.019607843
37,0.5,0.416666667,0.083333333,0,0.02173913,0.739130435,0.217391304,0,0.02173913,0.857142857,0,0,0,0.142857143,0,0.206896552,0.137931034,0.655172414,1,0,0.882352941,0.098039216,0.019607843
38,0.384615385,0.461538462,0.076923077,0.076923077,0.043478261,0.717391304,0.217391304,0.02173913,0,0.857142857,0,0,0,0.142857143,0,0.214285714,0.107142857,0.678571429,1,0,0.865384615,0.096153846,0.038461538
39,0.5,0.375,0.0625,0.0625,0,0.76744186,0.23255814,0,0,0.916666667,0,0,0,0.083333333,0.070175439,0.192982456,0.052631579,0.684210526,1,0.017857143,0.767857143,0.125,0.089285714
40,0.68,0.24,0.04,0.04,0.02173913,0.717391304,0.195652174,0.065217391,0,0.5,0,0.5,0,0,0,0.037037037,0.074074074,0.888888889,1,0.166666667,0.651515152,0.106060606,0.075757576
41,0.730769231,0.192307692,0.038461538,0.038461538,0,0.739130435,0.217391304,0.02173913,0.02173913,0,0,0,0,0,0.083333333,0,0.083333333,0.833333333,1,0.129032258,0.709677419,0.096774194,0.064516129
42,0.625,0.3125,0.0625,0,0.021276596,0.723404255,0.212765957,0.021276596,0.021276596,0.8,0,0,0.1,0.1,0.017241379,0.137931034,0.120689655,0.724137931,1,0.037037037,0.833333333,0.092592593,0.037037037
43,0.5625,0.375,0.0625,0,0.022727273,0.75,0.227272727,0,0,1,0,0,0,0,0.018867925,0.169811321,0.037735849,0.773584906,1,0.095238095,0.698412698,0.095238095,0.111111111
44,0.538461538,0.384615385,0.076923077,0,0,0.755555556,0.222222222,0,0.022222222,0.857142857,0,0,0,0.142857143,0.018181818,0.218181818,0.072727273,0.690909091,1,0,0.8,0.109090909,0.090909091
45,0.5625,0.3125,0.0625,0.0625,0,0.755555556,0.222222222,0,0.022222222,0.833333333,0,0,0,0.166666667,0.019230769,0.192307692,0.019230769,0.769230769,1,0.033898305,0.745762712,0.101694915,0.118644068
46,0.5,0.416666667,0.083333333,0,0,0.755555556,0.222222222,0,0.022222222,0.866666667,0,0,0,0.133333333,0,0.232142857,0.107142857,0.660714286,1,0,0.830188679,0.113207547,0.056603774
47,0.466666667,0.4,0.066666667,0.066666667,0,0.744186047,0.23255814,0,0.023255814,0.857142857,0.071428571,0,0,0.071428571,0.01754386,0.228070175,0.105263158,0.649122807,1,0.037037037,0.777777778,0.148148148,0.037037037
48,0.588235294,0.294117647,0.117647059,0,0.022727273,0.772727273,0.181818182,0,0.022727273,0.8,0,0.1,0,0.1,0.072727273,0.163636364,0.018181818,0.745454545,1,0.033333333,0.716666667,0.116666667,0.133333333
49,0.533333333,0.333333333,0.066666667,0.066666667,0,0.739130435,0.217391304,0.02173913,0.02173913,0.916666667,0,0,0,0.083333333,0.019230769,0.211538462,0.019230769,0.75,1,0.017241379,0.75862069,0.103448276,0.120689655
50,0.384615385,0.461538462,0.076923077,0.076923077,0.023255814,0.744186047,0.23255814,0,0,0.8125,0.0625,0,0.0625,0.0625,0,0.28,0,0.72,1,0.016949153,0.728813559,0.118644068,0.13559322
51,0.684210526,0.263157895,0.052631579,0,0.018181818,0.618181818,0.181818182,0.163636364,0.018181818,1,0,0,0,0,0,0.098039216,0.019607843,0.882352941,1,0,0.775862069,0.086206897,0.137931034
52,0.55,0.3,0.05,0.1,0,0.717391304,0.217391304,0.043478261,0.02173913,1,0,0,0,0,0.074074074,0.148148148,0,0.777777778,1,0.016949153,0.728813559,0.118644068,0.13559322
53,0.714285714,0.238095238,0.047619048,0,0.018518519,0.62962963,0.185185185,0.148148148,0.018518519,1,0,0,0,0,0.035087719,0.052631579,0.087719298,0.824561404,1,0.018181818,0.818181818,0.090909091,0.072727273
54,0.695652174,0.217391304,0.086956522,0,0,0.708333333,0.1875,0.083333333,0.020833333,0.75,0,0,0,0.25,0.037037037,0.055555556,0.037037037,0.87037037,1,0.095238095,0.682539683,0.111111111,0.111111111
55,0.625,0.25,0.041666667,0.083333333,0,0.717391304,0.217391304,0.065217391,0,1,0,0,0,0,0,0.078431373,0.019607843,0.901960784,1,0.121212121,0.651515152,0.106060606,0.121212121
56,0.666666667,0.277777778,0.055555556,0,0,0.755555556,0.222222222,0,0.022222222,0.875,0,0,0,0.125,0,0.120689655,0.137931034,0.74137931,1,0.120689655,0.75862069,0.103448276,0.017241379
57,0.571428571,0.357142857,0.071428571,0,0,0.739130435,0.217391304,0.02173913,0.02173913,0.916666667,0,0,0.083333333,0,0.034482759,0.189655172,0.103448276,0.672413793,1,0,0.830188679,0.113207547,0.056603774
58,0.666666667,0.238095238,0.047619048,0.047619048,0.021276596,0.723404255,0.212765957,0.021276596,0.021276596,1,0,0,0,0,0,0.072727273,0.090909091,0.836363636,1,0.129032258,0.725806452,0.080645161,0.064516129
59,0.75,0.208333333,0.041666667,0,0.018867925,0.641509434,0.188679245,0.132075472,0.018867925,0,0,0,0,0,0.050847458,0,0.101694915,0.847457627,1,0.070175439,0.789473684,0.087719298,0.052631579
60,0.75,0.208333333,0.041666667,0,0.021276596,0.723404255,0.212765957,0.021276596,0.021276596,0,0,0,0,0,0.112903226,0,0.080645161,0.806451613,1,0.1,0.75,0.083333333,0.066666667
61,0.647058824,0.294117647,0.058823529,0,0,0.739130435,0.217391304,0.02173913,0.02173913,0.8,0,0,0.1,0.1,0.053571429,0.142857143,0.053571429,0.75,1,0.01754386,0.771929825,0.105263158,0.105263158
62,0.75,0.208333333,0.041666667,0,0.019607843,0.666666667,0.196078431,0.098039216,0.019607843,0,0,0,0,0,0.118644068,0,0.033898305,0.847457627,1,0.033898305,0.762711864,0.084745763,0.118644068
63,0.75,0.208333333,0.041666667,0,0.018181818,0.618181818,0.181818182,0.163636364,0.018181818,0,0,0,0,0,0.032786885,0,0.147540984,0.819672131,1,0.056603774,0.849056604,0.094339623,0
64,0.580645161,0.290322581,0.032258065,0.096774194,0.023255814,0.697674419,0.23255814,0.046511628,0,0,0,0,0,0,0,0,0.056603774,0.943396226,1,0.214285714,0.585714286,0.128571429,0.071428571
65,0.72,0.24,0.04,0,0,0.673469388,0.204081633,0.12244898,0,1,0,0,0,0,0.019607843,0.019607843,0,0.960784314,1,0.132352941,0.632352941,0.102941176,0.132352941
66,0.681818182,0.227272727,0.045454545,0.045454545,0,0.717391304,0.217391304,0.043478261,0.02173913,0.8,0.2,0,0,0,0,0.086206897,0.137931034,0.775862069,1,0.152542373,0.728813559,0.118644068,0
67,0.5625,0.375,0.0625,0,0.021276596,0.70212766,0.212765957,0.042553191,0.021276596,0.9,0,0,0,0.1,0,0.176470588,0.019607843,0.803921569,1,0.049180328,0.721311475,0.098360656,0.131147541
68,0.5,0.357142857,0.142857143,0,0.02173913,0.739130435,0.195652174,0.02173913,0.02173913,1,0,0,0,0,0.054545455,0.2,0.036363636,0.709090909,1,0,0.771929825,0.105263158,0.122807018
69,0.631578947,0.263157895,0.052631579,0.052631579,0,0.68,0.2,0.1,0.02,1,0,0,0,0,0.019607843,0.137254902,0,0.843137255,1,0.033333333,0.733333333,0.1,0.133333333
70,0.75,0.208333333,0.041666667,0,0.02,0.68,0.2,0.08,0.02,0,0,0,0,0,0.089285714,0,0.017857143,0.892857143,1,0.079365079,0.714285714,0.079365079,0.126984127
71,0.631578947,0.263157895,0.105263158,0,0,0.755555556,0.2,0.022222222,0.022222222,0.777777778,0,0,0,0.222222222,0.070175439,0.122807018,0.052631579,0.754385965,1,0.034482759,0.74137931,0.120689655,0.103448276
72,0.695652174,0.217391304,0.043478261,0.043478261,0,0.739130435,0.217391304,0.02173913,0.02173913,1,0,0,0,0,0.15,0.05,0.016666667,0.783333333,1,0.033898305,0.745762712,0.101694915,0.118644068
73,0.681818182,0.272727273,0.045454545,0,0,0.75,0.227272727,0,0.022727273,1,0,0,0,0,0.13559322,0.06779661,0.016949153,0.779661017,1,0.064516129,0.693548387,0.112903226,0.129032258
74,0.708333333,0.208333333,0.041666667,0.041666667,0.02173913,0.739130435,0.217391304,0,0.02173913,1,0,0,0,0,0.152542373,0.016949153,0,0.830508475,1,0.048387097,0.725806452,0.080645161,0.14516129
75,0.72,0.2,0.04,0.04,0.020833333,0.6875,0.208333333,0.0625,0.020833333,0,0.5,0,0.5,0,0.147540984,0.016393443,0.032786885,0.803278689,1,0,0.771929825,0.105263158,0.122807018
76,0.708333333,0.25,0.041666667,0,0.037735849,0.622641509,0.188679245,0.150943396,0,0,0,0,0,0,0.037735849,0,0.018867925,0.943396226,1,0.079365079,0.714285714,0.079365079,0.126984127
77,0.6,0.24,0.08,0.08,0.019607843,0.647058824,0.176470588,0.137254902,0.019607843,1,0,0,0,0,0.074074074,0.055555556,0,0.87037037,1,0.016949153,0.728813559,0.118644068,0.13559322
78,0.666666667,0.238095238,0.047619048,0.047619048,0,0.75,0.204545455,0.022727273,0.022727273,0.714285714,0.142857143,0.142857143,0,0,0.107692308,0.107692308,0.123076923,0.661538462,1,0.019230769,0.807692308,0.153846154,0.019230769
79,0.5,0.428571429,0.071428571,0,0.046511628,0.720930233,0.23255814,0,0,0.833333333,0.166666667,0,0,0,0.01754386,0.210526316,0.105263158,0.666666667,1,0.070175439,0.754385965,0.122807018,0.052631579
80,0.72,0.2,0.04,0.04,0.018181818,0.618181818,0.181818182,0.163636364,0.018181818,0,0,0,0,0,0.064516129,0,0.129032258,0.806451613,1,0.019607843,0.882352941,0.098039216,0
81,0.730769231,0.230769231,0.038461538,0,0,0.647058824,0.196078431,0.137254902,0.019607843,0,0,0,0,0,0.111111111,0,0.095238095,0.793650794,1,0.036363636,0.781818182,0.127272727,0.054545455
82,0.666666667,0.185185185,0.037037037,0.111111111,0,0.62962963,0.185185185,0.166666667,0.018518519,1,0,0,0,0,0,0.01754386,0.122807018,0.859649123,1,0.055555556,0.814814815,0.111111111,0.018518519
83,0.692307692,0.230769231,0.038461538,0.038461538,0.02,0.66,0.2,0.1,0.02,0,0,0,0,0,0,0,0.090909091,0.909090909,1,0.142857143,0.698412698,0.095238095,0.063492063
84,0.75,0.208333333,0.041666667,0,0,0.723404255,0.212765957,0.042553191,0.021276596,1,0,0,0,0,0.171875,0.015625,0.046875,0.765625,1,0.01754386,0.771929825,0.105263158,0.105263158
85,0.708333333,0.208333333,0.041666667,0.041666667,0,0.739130435,0.217391304,0.02173913,0.02173913,1,0,0,0,0,0.1875,0.03125,0.03125,0.75,1,0,0.785714286,0.107142857,0.107142857
86,0.678571429,0.214285714,0.035714286,0.071428571,0,0.76744186,0.23255814,0,0,0,0,0,0,0,0.197183099,0,0.098591549,0.704225352,1,0.018867925,0.811320755,0.132075472,0.037735849
87,0.642857143,0.321428571,0.035714286,0,0.025,0.75,0.225,0,0,0,0,1,0,0,0.246753247,0.012987013,0.103896104,0.636363636,1,0,0.784313725,0.196078431,0.019607843
88,0.653846154,0.269230769,0.038461538,0.038461538,0.042553191,0.680851064,0.212765957,0.063829787,0,0,0,0,0,0,0.15942029,0,0.115942029,0.724637681,1,0.019230769,0.846153846,0.115384615,0.019230769
89,0.72,0.2,0.04,0.04,0.021276596,0.723404255,0.212765957,0.021276596,0.021276596,0,0,0,0,0,0.050847458,0,0.101694915,0.847457627,1,0.161290323,0.725806452,0.080645161,0.032258065
90,0.653846154,0.307692308,0.038461538,0,0.023809524,0.738095238,0.238095238,0,0,1,0,0,0,0,0.169230769,0.015384615,0.061538462,0.753846154,1,0.098360656,0.68852459,0.131147541,0.081967213
91,0.75,0.208333333,0.041666667,0,0,0.68,0.2,0.1,0.02,1,0,0,0,0,0.083333333,0.016666667,0.083333333,0.816666667,1,0.068965517,0.75862069,0.103448276,0.068965517
92,0.416666667,0.5,0.083333333,0,0.022222222,0.733333333,0.222222222,0.022222222,0,1,0,0,0,0,0.033898305,0.220338983,0.118644068,0.627118644,1,0,0.846153846,0.115384615,0.038461538
93,0.538461538,0.384615385,0.076923077,0,0,0.772727273,0.204545455,0,0.022727273,0.923076923,0,0.076923077,0,0,0.016949153,0.220338983,0.13559322,0.627118644,1,0.037735849,0.811320755,0.132075472,0.018867925
94,0.611111111,0.277777778,0.055555556,0.055555556,0.019607843,0.666666667,0.196078431,0.098039216,0.019607843,0.875,0,0,0,0.125,0.017857143,0.125,0.089285714,0.767857143,1,0,0.849056604,0.094339623,0.056603774
95,0.571428571,0.357142857,0.071428571,0,0,0.739130435,0.217391304,0.02173913,0.02173913,0.846153846,0,0,0.153846154,0,0,0.186440678,0.152542373,0.661016949,1,0.019607843,0.862745098,0.117647059,0
96,0.6,0.333333333,0.066666667,0,0,0.772727273,0.204545455,0,0.022727273,0.909090909,0,0.090909091,0,0,0.064516129,0.177419355,0.129032258,0.629032258,1,0.019230769,0.826923077,0.134615385,0.019230769
97,0.461538462,0.384615385,0.076923077,0.076923077,0.02173913,0.739130435,0.217391304,0,0.02173913,0.857142857,0,0,0,0.142857143,0,0.210526316,0.122807018,0.666666667,1,0,0.882352941,0.098039216,0.019607843
98,0.466666667,0.466666667,0.066666667,0,0.023255814,0.720930233,0.23255814,0.023255814,0,0.846153846,0.076923077,0,0,0.076923077,0.037735849,0.226415094,0.018867925,0.716981132,1,0.033333333,0.7,0.133333333,0.133333333
99,0.533333333,0.333333333,0.066666667,0.066666667,0.042553191,0.70212766,0.212765957,0.042553191,0,0.9,0.1,0,0,0,0.017241379,0.172413793,0.120689655,0.689655172,1,0.037735849,0.849056604,0.094339623,0.018867925
100,0.625,0.3125,0.0625,0,0.022222222,0.755555556,0.2,0,0.022222222,0.727272727,0,0.090909091,0.090909091,0.090909091,0.016666667,0.15,0.15,0.683333333,1,0.056603774,0.830188679,0.113207547,0
101,0.538461538,0.384615385,0.076923077,0,0,0.755555556,0.222222222,0,0.022222222,0.857142857,0,0,0.142857143,0,0.017857143,0.214285714,0.089285714,0.678571429,1,0,0.814814815,0.111111111,0.074074074
102,0.428571429,0.357142857,0.142857143,0.071428571,0.02173913,0.739130435,0.195652174,0,0.043478261,0.857142857,0,0,0.071428571,0.071428571,0,0.218181818,0.090909091,0.690909091,1,0,0.830188679,0.113207547,0.056603774
103,0.571428571,0.357142857,0.071428571,0,0,0.755555556,0.177777778,0.044444444,0.022222222,0.785714286,0,0.142857143,0.071428571,0,0,0.224137931,0.137931034,0.637931034,1,0.019230769,0.807692308,0.153846154,0.019230769
104,0.5625,0.3125,0.0625,0.0625,0.02173913,0.739130435,0.195652174,0.02173913,0.02173913,0.75,0,0.083333333,0,0.166666667,0.017241379,0.172413793,0.120689655,0.689655172,1,0.019230769,0.846153846,0.115384615,0.019230769
105,0.5625,0.3125,0.0625,0.0625,0.020833333,0.708333333,0.208333333,0.041666667,0.020833333,1,0,0,0,0,0.033898305,0.152542373,0.118644068,0.694915254,1,0,0.865384615,0.096153846,0.038461538
106,0.4,0.466666667,0.066666667,0.066666667,0,0.744186047,0.23255814,0,0.023255814,0.866666667,0,0,0.066666667,0.066666667,0.018518519,0.240740741,0.055555556,0.685185185,1,0.017857143,0.75,0.142857143,0.089285714
107,0.538461538,0.384615385,0.076923077,0,0.02173913,0.739130435,0.217391304,0,0.02173913,0.846153846,0,0,0.076923077,0.076923077,0.018867925,0.20754717,0.037735849,0.735849057,1,0,0.789473684,0.087719298,0.122807018
108,0.5,0.4375,0.0625,0,0,0.756097561,0.243902439,0,0,0.6875,0.0625,0,0,0.25,0.017241379,0.206896552,0.120689655,0.655172414,1,0.037037037,0.759259259,0.166666667,0.037037037
109,0.5,0.3125,0.125,0.0625,0,0.772727273,0.204545455,0,0.022727273,0.846153846,0,0,0,0.153846154,0.017241379,0.189655172,0.120689655,0.672413793,1,0.018867925,0.811320755,0.132075472,0.037735849
110,0.461538462,0.461538462,0.076923077,0,0,0.785714286,0.214285714,0,0,0.866666667,0,0.066666667,0.066666667,0,0,0.254545455,0.090909091,0.654545455,1,0.052631579,0.736842105,0.140350877,0.070175439
111,0.684210526,0.263157895,0.052631579,0,0.019230769,0.653846154,0.192307692,0.115384615,0.019230769,0.714285714,0,0,0.285714286,0,0.01754386,0.087719298,0.105263158,0.789473684,1,0,0.849056604,0.094339623,0.056603774
112,0.666666667,0.277777778,0.055555556,0,0.020833333,0.6875,0.208333333,0.0625,0.020833333,0.75,0.125,0,0.125,0,0.035714286,0.125,0.071428571,0.767857143,1,0.035087719,0.771929825,0.105263158,0.087719298
113,0.5,0.333333333,0.055555556,0.111111111,0.020833333,0.6875,0.208333333,0.083333333,0,0.818181818,0,0,0.181818182,0,0,0.155172414,0.137931034,0.706896552,1,0,0.88,0.12,0
114,0.56,0.28,0.08,0.08,0.042553191,0.680851064,0.191489362,0.085106383,0,1,0,0,0,0,0.054545455,0.054545455,0.036363636,0.854545455,1,0.080645161,0.693548387,0.112903226,0.112903226
115,0.428571429,0.428571429,0.071428571,0.071428571,0,0.744186047,0.23255814,0,0.023255814,0.866666667,0.066666667,0,0.066666667,0,0.038461538,0.269230769,0,0.692307692,1,0,0.724137931,0.137931034,0.137931034
116,0.75,0.208333333,0.041666667,0,0.018867925,0.641509434,0.188679245,0.132075472,0.018867925,0,0,0,0,0,0.107142857,0,0,0.892857143,1,0.016666667,0.75,0.083333333,0.15
117,0.730769231,0.230769231,0.038461538,0,0,0.717391304,0.217391304,0.043478261,0.02173913,0,0,0,0,0,0.137931034,0,0,0.862068966,1,0.092307692,0.661538462,0.107692308,0.138461538
118,0.625,0.25,0.041666667,0.083333333,0,0.70212766,0.212765957,0.085106383,0,0.8,0,0,0.2,0,0,0.08,0,0.92,1,0.092307692,0.661538462,0.107692308,0.138461538
119,0.571428571,0.238095238,0.047619048,0.142857143,0.02,0.68,0.2,0.08,0.02,1,0,0,0,0,0.018518519,0.111111111,0.055555556,0.814814815,1,0.017857143,0.803571429,0.089285714,0.089285714
120,0.466666667,0.333333333,0.066666667,0.133333333,0,0.739130435,0.217391304,0.02173913,0.02173913,0.923076923,0,0,0,0.076923077,0,0.214285714,0.107142857,0.678571429,1,0,0.846153846,0.115384615,0.038461538
121,0.6,0.333333333,0.066666667,0,0,0.739130435,0.217391304,0.02173913,0.02173913,1,0,0,0,0,0.018518519,0.185185185,0.055555556,0.740740741,1,0.050847458,0.745762712,0.101694915,0.101694915
122,0.461538462,0.384615385,0.076923077,0.076923077,0.02173913,0.739130435,0.217391304,0,0.02173913,0.857142857,0,0,0.071428571,0.071428571,0,0.206896552,0.137931034,0.655172414,1,0,0.9,0.1,0
123,0.461538462,0.461538462,0.076923077,0,0,0.75,0.227272727,0,0.022727273,0.866666667,0,0,0,0.133333333,0,0.254901961,0.019607843,0.725490196,1,0.016949153,0.728813559,0.118644068,0.13559322
124,0.533333333,0.333333333,0.066666667,0.066666667,0.024390244,0.756097561,0.219512195,0,0,0.666666667,0.2,0.066666667,0.066666667,0,0,0.254545455,0.090909091,0.654545455,1,0.052631579,0.719298246,0.157894737,0.070175439
125,0.714285714,0.238095238,0.047619048,0,0.021276596,0.723404255,0.212765957,0.021276596,0.021276596,1,0,0,0,0,0.01754386,0.052631579,0.105263158,0.824561404,1,0.14516129,0.725806452,0.080645161,0.048387097
126,0.678571429,0.25,0.071428571,0,0,0.727272727,0.204545455,0.045454545,0.022727273,0,0,0,0,0,0.116666667,0,0.05,0.833333333,1,0.138461538,0.630769231,0.138461538,0.092307692
127,0.692307692,0.192307692,0.038461538,0.076923077,0.02173913,0.739130435,0.217391304,0,0.02173913,0,0,0,0,0,0.112903226,0,0.080645161,0.806451613,1,0.101694915,0.762711864,0.084745763,0.050847458
128,0.72,0.2,0.04,0.04,0.020408163,0.693877551,0.204081633,0.06122449,0.020408163,0,0,0,0,0,0.13559322,0,0.016949153,0.847457627,1,0.033333333,0.75,0.083333333,0.133333333
129,0.678571429,0.178571429,0.035714286,0.107142857,0,0.755555556,0.222222222,0,0.022222222,0,0,0,0,0,0.163934426,0,0.016393443,0.819672131,1,0.05,0.733333333,0.1,0.116666667
130,0.75,0.208333333,0.041666667,0,0.019607843,0.666666667,0.196078431,0.098039216,0.019607843,0,0,0,0,0,0.132352941,0,0.132352941,0.735294118,1,0,0.9,0.1,0
131,0.631578947,0.315789474,0.052631579,0,0.02173913,0.717391304,0.217391304,0.02173913,0.02173913,0.75,0,0,0.25,0,0.054545455,0.109090909,0.036363636,0.8,1,0.05,0.733333333,0.1,0.116666667
132,0.5,0.3125,0.0625,0.125,0.022727273,0.75,0.227272727,0,0,0.833333333,0.083333333,0,0.083333333,0,0.050847458,0.186440678,0.101694915,0.661016949,1,0,0.846153846,0.115384615,0.038461538
133,0.619047619,0.333333333,0.047619048,0,0,0.653061224,0.204081633,0.12244898,0.020408163,0.857142857,0,0,0,0.142857143,0.019607843,0.117647059,0,0.862745098,1,0.048387097,0.677419355,0.129032258,0.14516129
134,0.5625,0.375,0.0625,0,0,0.733333333,0.222222222,0.022222222,0.022222222,0.909090909,0,0,0,0.090909091,0.035714286,0.178571429,0.071428571,0.714285714,1,0.035087719,0.754385965,0.122807018,0.087719298
135,0.4,0.4,0.066666667,0.133333333,0.022222222,0.733333333,0.222222222,0.022222222,0,1,0,0,0,0,0.037735849,0.226415094,0.018867925,0.716981132,1,0,0.771929825,0.105263158,0.122807018
136,0.461538462,0.384615385,0.076923077,0.076923077,0,0.755555556,0.222222222,0,0.022222222,0.866666667,0,0,0.066666667,0.066666667,0,0.245283019,0.056603774,0.698113208,1,0,0.8,0.109090909,0.090909091
137,0.625,0.3125,0.0625,0,0,0.68,0.2,0.1,0.02,1,0,0,0,0,0,0.173076923,0.038461538,0.788461538,1,0.017241379,0.75862069,0.103448276,0.120689655
138,0.611111111,0.277777778,0.055555556,0.055555556,0,0.723404255,0.212765957,0.042553191,0.021276596,0.888888889,0,0,0,0.111111111,0,0.156862745,0.019607843,0.823529412,1,0.06557377,0.721311475,0.098360656,0.114754098
139,0.666666667,0.285714286,0.047619048,0,0,0.673469388,0.204081633,0.12244898,0,0.714285714,0,0,0.285714286,0,0.071428571,0.089285714,0.035714286,0.803571429,1,0,0.754385965,0.122807018,0.122807018
140,0.666666667,0.25,0.041666667,0.041666667,0.02,0.66,0.2,0.1,0.02,0.5,0,0,0.5,0,0.071428571,0.035714286,0.035714286,0.857142857,1,0.034482759,0.75862069,0.103448276,0.103448276
141,0.4,0.466666667,0.066666667,0.066666667,0,0.75,0.25,0,0,0.722222222,0.111111111,0,0.055555556,0.111111111,0,0.25862069,0.137931034,0.603448276,1,0.038461538,0.769230769,0.192307692,0
142,0.533333333,0.4,0.066666667,0,0.021276596,0.70212766,0.212765957,0.063829787,0,1,0,0,0,0,0.01754386,0.175438596,0.105263158,0.701754386,1,0.036363636,0.8,0.109090909,0.054545455
143,0.5,0.416666667,0.083333333,0,0.021276596,0.723404255,0.212765957,0.021276596,0.021276596,0.923076923,0,0,0.076923077,0,0,0.203389831,0.152542373,0.644067797,1,0,0.9,0.1,0
144,0.538461538,0.384615385,0.076923077,0,0,0.755555556,0.222222222,0,0.022222222,0.857142857,0,0,0,0.142857143,0.016666667,0.2,0.15,0.633333333,1,0,0.88,0.12,0
145,0.631578947,0.315789474,0.052631579,0,0,0.717391304,0.217391304,0.043478261,0.02173913,0.7,0,0,0.1,0.2,0.018867925,0.132075472,0.037735849,0.811320755,1,0.05,0.716666667,0.116666667,0.116666667
146,0.652173913,0.260869565,0.043478261,0.043478261,0.022222222,0.733333333,0.222222222,0,0.022222222,1,0,0,0,0,0.050847458,0.050847458,0.101694915,0.796610169,1,0.131147541,0.721311475,0.098360656,0.049180328
147,0.555555556,0.277777778,0.055555556,0.111111111,0.040816327,0.673469388,0.204081633,0.081632653,0,0.777777778,0.111111111,0,0.111111111,0,0.017857143,0.142857143,0.089285714,0.75,1,0,0.849056604,0.094339623,0.056603774
148,0.6,0.25,0.05,0.1,0,0.733333333,0.2,0.044444444,0.022222222,0.777777778,0.111111111,0.111111111,0,0,0.049180328,0.147540984,0.131147541,0.672131148,1,0.038461538,0.807692308,0.153846154,0
149,0.647058824,0.294117647,0.058823529,0,0.020833333,0.708333333,0.208333333,0.041666667,0.020833333,1,0,0,0,0,0,0.137254902,0.019607843,0.843137255,1,0.079365079,0.714285714,0.079365079,0.126984127
150,0.625,0.3125,0.0625,0,0.02173913,0.739130435,0.217391304,0,0.02173913,0.888888889,0,0,0.111111111,0,0.051724138,0.137931034,0.086206897,0.724137931,1,0.035714286,0.803571429,0.089285714,0.071428571
151,0.461538462,0.461538462,0.076923077,0,0,0.76744186,0.23255814,0,0,0.866666667,0,0,0.133333333,0,0.034482759,0.224137931,0.103448276,0.637931034,1,0,0.811320755,0.132075472,0.056603774
152,0.666666667,0.285714286,0.047619048,0,0.02173913,0.717391304,0.217391304,0.043478261,0,0.8,0,0,0,0.2,0.114754098,0.06557377,0.06557377,0.754098361,1,0.035087719,0.771929825,0.105263158,0.087719298
153,0.684210526,0.263157895,0.052631579,0,0,0.75,0.227272727,0,0.022727273,0.75,0.125,0,0.125,0,0.035087719,0.122807018,0.087719298,0.754385965,1,0.1,0.716666667,0.116666667,0.066666667
154,0.647058824,0.294117647,0.058823529,0,0,0.739130435,0.217391304,0.02173913,0.02173913,0.8,0,0,0.2,0,0,0.16,0,0.84,1,0.063492063,0.698412698,0.095238095,0.142857143
155,0.76,0.2,0.04,0,0,0.653846154,0.192307692,0.134615385,0.019230769,0,0,0,0,0,0.078125,0,0.140625,0.78125,1,0.056603774,0.830188679,0.113207547,0
156,0.692307692,0.192307692,0.038461538,0.076923077,0.020408163,0.693877551,0.204081633,0.06122449,0.020408163,0,0,0,0,0,0.103448276,0,0.034482759,0.862068966,1,0.066666667,0.75,0.083333333,0.1
157,0.65,0.25,0.05,0.05,0.019607843,0.647058824,0.176470588,0.156862745,0,0.625,0.125,0.125,0,0.125,0,0.127272727,0.090909091,0.781818182,1,0,0.796296296,0.12962963,0.074074074
158,0.533333333,0.333333333,0.066666667,0.066666667,0,0.739130435,0.217391304,0.02173913,0.02173913,0.916666667,0,0,0,0.083333333,0,0.2,0.090909091,0.709090909,1,0.018181818,0.8,0.109090909,0.072727273
159,0.611111111,0.277777778,0.111111111,0,0.021276596,0.723404255,0.191489362,0.042553191,0.021276596,0.875,0,0,0,0.125,0.01754386,0.122807018,0.105263158,0.754385965,1,0.070175439,0.771929825,0.105263158,0.052631579
160,0.631578947,0.315789474,0.052631579,0,0.043478261,0.717391304,0.195652174,0.043478261,0,0.714285714,0,0.142857143,0,0.142857143,0.05,0.1,0.116666667,0.733333333,1,0.071428571,0.785714286,0.107142857,0.035714286
161,0.653846154,0.269230769,0.076923077,0,0.042553191,0.680851064,0.191489362,0.042553191,0.042553191,0,0,0,0,0,0.054545455,0,0.036363636,0.909090909,1,0.149253731,0.641791045,0.104477612,0.104477612
162,0.730769231,0.230769231,0.038461538,0,0,0.75,0.227272727,0.022727273,0,0,0,0,0,0,0.018518519,0,0.055555556,0.925925926,1,0.211267606,0.605633803,0.098591549,0.084507042
163,0.666666667,0.277777778,0.055555556,0,0,0.755555556,0.222222222,0,0.022222222,0.875,0,0,0,0.125,0.06557377,0.114754098,0.114754098,0.704918033,1,0.054545455,0.8,0.109090909,0.036363636
164,0.466666667,0.466666667,0.066666667,0,0.023255814,0.697674419,0.23255814,0,0.046511628,0.733333333,0.133333333,0,0.066666667,0.066666667,0.016666667,0.216666667,0.15,0.616666667,1,0.019607843,0.803921569,0.176470588,0
165,0.555555556,0.277777778,0.055555556,0.111111111,0.022222222,0.733333333,0.222222222,0,0.022222222,0.8,0.1,0,0,0.1,0,0.169811321,0.056603774,0.773584906,1,0.06779661,0.745762712,0.101694915,0.084745763
166,0.652173913,0.217391304,0.043478261,0.086956522,0,0.755555556,0.222222222,0,0.022222222,0.8,0,0,0,0.2,0.035087719,0.070175439,0.087719298,0.807017544,1,0.116666667,0.733333333,0.1,0.05
167,0.461538462,0.461538462,0.076923077,0,0,0.76744186,0.23255814,0,0,0.866666667,0,0,0.133333333,0,0.034482759,0.224137931,0.103448276,0.637931034,1,0,0.811320755,0.132075472,0.056603774
168,0.5,0.416666667,0.083333333,0,0,0.755555556,0.222222222,0,0.022222222,0.866666667,0,0,0.133333333,0,0,0.228070175,0.122807018,0.649122807,1,0,0.846153846,0.115384615,0.038461538
169,0.666666667,0.222222222,0.037037037,0.074074074,0.02,0.66,0.2,0.1,0.02,0,0,0,0,0,0.055555556,0,0.018518519,0.925925926,1,0.095238095,0.698412698,0.095238095,0.111111111
170,0.5,0.375,0.0625,0.0625,0,0.733333333,0.222222222,0.022222222,0.022222222,0.785714286,0,0,0,0.214285714,0,0.192982456,0.122807018,0.684210526,1,0.019230769,0.826923077,0.134615385,0.019230769
171,0.5,0.416666667,0.083333333,0,0,0.755555556,0.222222222,0,0.022222222,0.866666667,0,0,0.066666667,0.066666667,0,0.240740741,0.074074074,0.685185185,1,0,0.8,0.109090909,0.090909091
172,0.5,0.416666667,0.083333333,0,0.02173913,0.739130435,0.217391304,0,0.02173913,0.923076923,0,0,0.076923077,0,0,0.210526316,0.122807018,0.666666667,1,0.018867925,0.849056604,0.094339623,0.037735849
173,0.533333333,0.333333333,0.066666667,0.066666667,0.02173913,0.739130435,0.217391304,0,0.02173913,0.833333333,0,0,0.083333333,0.083333333,0.036363636,0.181818182,0.054545455,0.727272727,1,0,0.818181818,0.090909091,0.090909091
174,0.466666667,0.333333333,0.066666667,0.133333333,0.021276596,0.723404255,0.212765957,0.021276596,0.021276596,0.916666667,0,0,0.083333333,0,0,0.2,0.090909091,0.709090909,1,0,0.849056604,0.094339623,0.056603774
175,0.65,0.3,0.05,0,0.020408163,0.673469388,0.204081633,0.102040816,0,0.833333333,0,0,0.166666667,0,0.071428571,0.089285714,0.035714286,0.803571429,1,0.017241379,0.75862069,0.103448276,0.120689655
176,0.384615385,0.461538462,0.076923077,0.076923077,0.023809524,0.761904762,0.214285714,0,0,0.764705882,0.058823529,0.058823529,0.058823529,0.058823529,0,0.288461538,0.038461538,0.673076923,1,0,0.736842105,0.140350877,0.122807018
177,0.529411765,0.352941176,0.058823529,0.058823529,0,0.717391304,0.217391304,0.065217391,0,0.833333333,0,0,0.166666667,0,0.016666667,0.166666667,0.15,0.666666667,1,0,0.86,0.14,0
178,0.65,0.3,0.05,0,0.04,0.66,0.2,0.1,0,0.8,0,0,0.2,0,0,0.072727273,0.090909091,0.836363636,1,0.084745763,0.762711864,0.084745763,0.06779661
179,0.461538462,0.461538462,0.076923077,0,0.022727273,0.75,0.227272727,0,0,0.8,0,0,0.2,0,0,0.24,0,0.76,1,0.016666667,0.733333333,0.1,0.15
180,0.571428571,0.357142857,0.071428571,0,0.022727273,0.75,0.227272727,0,0,0.909090909,0.090909091,0,0,0,0.037735849,0.20754717,0.018867925,0.735849057,1,0.049180328,0.721311475,0.098360656,0.131147541
181,0.5,0.416666667,0.083333333,0,0.043478261,0.717391304,0.217391304,0.02173913,0,0.846153846,0.076923077,0,0,0.076923077,0.019607843,0.235294118,0,0.745098039,1,0,0.762711864,0.084745763,0.152542373
182,0.533333333,0.4,0.066666667,0,0,0.744186047,0.23255814,0,0.023255814,0.846153846,0.076923077,0,0,0.076923077,0.048387097,0.193548387,0.14516129,0.612903226,1,0.019607843,0.823529412,0.156862745,0
183,0.5,0.375,0.0625,0.0625,0.020408163,0.673469388,0.204081633,0.102040816,0,0.909090909,0,0,0.090909091,0,0,0.2,0,0.8,1,0,0.75862069,0.103448276,0.137931034
184,0.538461538,0.384615385,0.076923077,0,0,0.75,0.227272727,0.022727273,0,0.8,0.066666667,0,0,0.133333333,0,0.254901961,0.019607843,0.725490196,1,0.016949153,0.728813559,0.118644068,0.13559322
185,0.571428571,0.357142857,0.071428571,0,0.02173913,0.717391304,0.217391304,0.043478261,0,0.909090909,0.090909091,0,0,0,0.048387097,0.177419355,0.14516129,0.629032258,1,0,0.88,0.12,0
186,0.588235294,0.294117647,0.058823529,0.058823529,0,0.693877551,0.204081633,0.081632653,0.020408163,0.9,0,0,0,0.1,0.019607843,0.176470588,0,0.803921569,1,0,0.75862069,0.103448276,0.137931034
187,0.5,0.428571429,0.071428571,0,0,0.76744186,0.23255814,0,0,0.857142857,0,0,0.142857143,0,0.038461538,0.230769231,0,0.730769231,1,0.016666667,0.716666667,0.116666667,0.15
188,0.5,0.416666667,0.083333333,0,0,0.755555556,0.222222222,0,0.022222222,0.866666667,0,0,0.133333333,0,0,0.245283019,0.056603774,0.698113208,1,0,0.785714286,0.107142857,0.107142857
189,0.6,0.333333333,0.066666667,0,0,0.755555556,0.222222222,0,0.022222222,0.833333333,0,0,0,0.166666667,0,0.188679245,0.056603774,0.754716981,1,0.050847458,0.745762712,0.101694915,0.101694915
190,0.72,0.24,0.04,0,0,0.673469388,0.204081633,0.102040816,0.020408163,0.5,0,0,0.5,0,0.05,0.016666667,0.116666667,0.816666667,1,0.103448276,0.74137931,0.120689655,0.034482759
191,0.76,0.2,0.04,0,0,0.68,0.2,0.1,0.02,0,0,0,0,0,0.064516129,0,0.129032258,0.806451613,1,0.105263158,0.771929825,0.105263158,0.01754386
192,0.72,0.24,0.04,0,0.02,0.66,0.2,0.1,0.02,0,0,0,0,0,0.134328358,0,0.119402985,0.746268657,1,0.019230769,0.846153846,0.115384615,0.019230769
193,0.68,0.24,0.04,0.04,0.039215686,0.647058824,0.196078431,0.117647059,0,0,0,0,0,0,0.107142857,0,0,0.892857143,1,0.032786885,0.737704918,0.081967213,0.147540984
194,0.695652174,0.260869565,0.043478261,0,0.021276596,0.70212766,0.212765957,0.063829787,0,1,0,0,0,0,0.153846154,0.030769231,0.076923077,0.738461538,1,0.018181818,0.8,0.109090909,0.072727273
195,0.666666667,0.277777778,0.055555556,0,0,0.739130435,0.217391304,0.02173913,0.02173913,0.777777778,0,0,0.222222222,0,0.036363636,0.127272727,0.054545455,0.781818182,1,0.050847458,0.745762712,0.101694915,0.101694915
196,0.470588235,0.294117647,0.117647059,0.117647059,0.022727273,0.772727273,0.181818182,0,0.022727273,0.833333333,0,0.083333333,0,0.083333333,0.018518519,0.203703704,0.055555556,0.722222222,1,0.035087719,0.754385965,0.122807018,0.087719298
197,0.529411765,0.352941176,0.117647059,0,0.039215686,0.647058824,0.176470588,0.078431373,0.058823529,0.888888889,0,0,0.111111111,0,0,0.150943396,0.056603774,0.79245283,1,0,0.785714286,0.107142857,0.107142857
198,0.555555556,0.333333333,0.055555556,0.055555556,0.022222222,0.733333333,0.222222222,0.022222222,0,1,0,0,0,0,0.078125,0.125,0.140625,0.65625,1,0.019607843,0.862745098,0.117647059,0
199,0.684210526,0.263157895,0.052631579,0,0,0.68,0.2,0.1,0.02,1,0,0,0,0,0.068965517,0.103448276,0.068965517,0.75862069,1,0,0.8,0.109090909,0.090909091
200,0.647058824,0.294117647,0.058823529,0,0.02,0.66,0.2,0.1,0.02,0.777777778,0.111111111,0,0.111111111,0,0.017857143,0.142857143,0.089285714,0.75,1,0,0.814814815,0.111111111,0.074074074
201,0.538461538,0.384615385,0.076923077,0,0,0.755555556,0.222222222,0,0.022222222,1,0,0,0,0,0,0.203389831,0.152542373,0.644067797,1,0.056603774,0.830188679,0.113207547,0
202,0.571428571,0.357142857,0.071428571,0,0,0.755555556,0.222222222,0,0.022222222,0.916666667,0,0,0.083333333,0,0.037735849,0.20754717,0.018867925,0.735849057,1,0.016949153,0.745762712,0.101694915,0.13559322
203,0.555555556,0.388888889,0.055555556,0,0,0.680851064,0.212765957,0.106382979,0,0.818181818,0,0,0.181818182,0,0,0.169811321,0.056603774,0.773584906,1,0.034482759,0.724137931,0.137931034,0.103448276
204,0.72,0.24,0.04,0,0.020833333,0.6875,0.208333333,0.083333333,0,0,0,0,0,0,0.01754386,0,0.105263158,0.877192982,1,0.171875,0.6875,0.09375,0.046875
205,0.72,0.2,0.04,0.04,0.020408163,0.693877551,0.204081633,0.06122449,0.020408163,0,0,0,0,0,0,0,0.056603774,0.943396226,1,0.166666667,0.681818182,0.075757576,0.075757576
206,0.730769231,0.230769231,0.038461538,0,0,0.70212766,0.212765957,0.063829787,0.021276596,0,0,0,0,0,0.035087719,0,0.087719298,0.877192982,1,0.169230769,0.661538462,0.107692308,0.061538462
207,0.631578947,0.315789474,0.052631579,0,0.02173913,0.717391304,0.217391304,0,0.043478261,0.857142857,0,0,0,0.142857143,0.018181818,0.109090909,0.072727273,0.8,1,0.098360656,0.721311475,0.098360656,0.081967213
208,0.55,0.3,0.15,0,0,0.76744186,0.186046512,0.023255814,0.023255814,0.8,0,0,0,0.2,0.018181818,0.145454545,0.072727273,0.763636364,1,0.098360656,0.672131148,0.147540984,0.081967213
209,0.625,0.3125,0.0625,0,0.020833333,0.708333333,0.208333333,0.041666667,0.020833333,0.888888889,0,0,0,0.111111111,0.018867925,0.150943396,0.037735849,0.79245283,1,0.033898305,0.762711864,0.084745763,0.118644068
210,0.5,0.416666667,0.083333333,0,0,0.755555556,0.222222222,0,0.022222222,0.866666667,0,0,0,0.133333333,0,0.220338983,0.152542373,0.627118644,1,0,0.88,0.12,0
211,0.5,0.416666667,0.083333333,0,0,0.755555556,0.222222222,0,0.022222222,0.866666667,0,0,0,0.133333333,0,0.240740741,0.074074074,0.685185185,1,0,0.8,0.109090909,0.090909091
212,0.571428571,0.357142857,0.071428571,0,0,0.739130435,0.217391304,0.02173913,0.02173913,0.846153846,0,0,0,0.153846154,0.018518519,0.203703704,0.055555556,0.722222222,1,0,0.785714286,0.107142857,0.107142857
213,0.588235294,0.294117647,0.117647059,0,0.022222222,0.755555556,0.2,0,0.022222222,0.888888889,0,0,0,0.111111111,0.064516129,0.129032258,0.129032258,0.677419355,1,0.037735849,0.830188679,0.113207547,0.018867925
214,0.72,0.24,0.04,0,0.019607843,0.647058824,0.196078431,0.117647059,0.019607843,0,0,0,0,0,0.129032258,0,0.064516129,0.806451613,1,0.017857143,0.785714286,0.107142857,0.089285714
215,0.695652174,0.260869565,0.043478261,0,0.020833333,0.6875,0.208333333,0.083333333,0,0.666666667,0,0,0,0.333333333,0.086206897,0.034482759,0.051724138,0.827586207,1,0.066666667,0.733333333,0.1,0.1
216,0.714285714,0.238095238,0.047619048,0,0.019230769,0.653846154,0.192307692,0.115384615,0.019230769,1,0,0,0,0,0.066666667,0.05,0.1,0.783333333,1,0.018518519,0.833333333,0.092592593,0.055555556
217,0.619047619,0.333333333,0.047619048,0,0.02173913,0.695652174,0.217391304,0.043478261,0.02173913,0.714285714,0,0,0.142857143,0.142857143,0,0.087719298,0.122807018,0.789473684,1,0.118644068,0.728813559,0.118644068,0.033898305
218,0.684210526,0.263157895,0.052631579,0,0,0.666666667,0.196078431,0.117647059,0.019607843,0.75,0,0,0.125,0.125,0,0.113207547,0.056603774,0.830188679,1,0.01754386,0.771929825,0.105263158,0.105263158
219,0.625,0.3125,0.0625,0,0,0.723404255,0.212765957,0.042553191,0.021276596,1,0,0,0,0,0.016949153,0.152542373,0.13559322,0.694915254,1,0.055555556,0.814814815,0.111111111,0.018518519
220,0.538461538,0.384615385,0.076923077,0,0.02173913,0.739130435,0.217391304,0,0.02173913,0.916666667,0,0,0.083333333,0,0.032786885,0.180327869,0.147540984,0.639344262,1,0,0.9,0.1,0
221,0.529411765,0.352941176,0.058823529,0.058823529,0,0.76744186,0.209302326,0,0.023255814,0.833333333,0,0.083333333,0,0.083333333,0.035087719,0.192982456,0.087719298,0.684210526,1,0.053571429,0.75,0.142857143,0.053571429
222,0.571428571,0.357142857,0.071428571,0,0,0.755555556,0.222222222,0,0.022222222,1,0,0,0,0,0.018518519,0.203703704,0.055555556,0.722222222,1,0.050847458,0.745762712,0.101694915,0.101694915
223,0.461538462,0.384615385,0.076923077,0.076923077,0.045454545,0.75,0.204545455,0,0,0.846153846,0.076923077,0.076923077,0,0,0.019230769,0.25,0.019230769,0.711538462,1,0.016949153,0.745762712,0.101694915,0.13559322
224,0.5,0.357142857,0.071428571,0.071428571,0,0.755555556,0.222222222,0,0.022222222,0.923076923,0,0,0,0.076923077,0,0.230769231,0.038461538,0.730769231,1,0.034482759,0.75862069,0.103448276,0.103448276
225,0.5,0.357142857,0.071428571,0.071428571,0.022222222,0.733333333,0.222222222,0.022222222,0,0.733333333,0.066666667,0,0.133333333,0.066666667,0,0.235294118,0.019607843,0.745098039,1,0,0.771929825,0.105263158,0.122807018
226,0.571428571,0.357142857,0.071428571,0,0,0.723404255,0.212765957,0.042553191,0.021276596,0.916666667,0,0,0.083333333,0,0,0.203703704,0.074074074,0.722222222,1,0.017857143,0.785714286,0.107142857,0.089285714
227,0.625,0.3125,0.0625,0,0,0.68,0.2,0.1,0.02,1,0,0,0,0,0,0.166666667,0.074074074,0.759259259,1,0.017857143,0.785714286,0.107142857,0.089285714
228,0.6,0.333333333,0.066666667,0,0,0.739130435,0.195652174,0.043478261,0.02173913,0.909090909,0,0.090909091,0,0,0,0.211538462,0.038461538,0.75,1,0.05,0.716666667,0.116666667,0.116666667
229,0.631578947,0.263157895,0.052631579,0.052631579,0.022222222,0.733333333,0.222222222,0,0.022222222,0.666666667,0.111111111,0,0.222222222,0,0.018181818,0.127272727,0.072727273,0.781818182,1,0.06779661,0.745762712,0.101694915,0.084745763
230,0.55,0.25,0.1,0.1,0.02173913,0.739130435,0.195652174,0.02173913,0.02173913,1,0,0,0,0,0.055555556,0.12962963,0.018518519,0.796296296,1,0.05,0.733333333,0.1,0.116666667
231,0.611111111,0.277777778,0.055555556,0.055555556,0,0.739130435,0.217391304,0.02173913,0.02173913,1,0,0,0,0,0,0.16,0,0.84,1,0.078125,0.6875,0.09375,0.140625
232,0.5,0.416666667,0.083333333,0,0.02173913,0.717391304,0.217391304,0.043478261,0,0.857142857,0.071428571,0,0.071428571,0,0,0.232142857,0.107142857,0.660714286,1,0,0.830188679,0.113207547,0.056603774
233,0.461538462,0.461538462,0.076923077,0,0,0.744186047,0.23255814,0.023255814,0,0.764705882,0.058823529,0,0.176470588,0,0,0.24137931,0.137931034,0.620689655,1,0,0.823529412,0.156862745,0.019607843
234,0.5,0.4375,0.0625,0,0,0.727272727,0.204545455,0.068181818,0,0.785714286,0,0.071428571,0.142857143,0,0,0.203389831,0.152542373,0.644067797,1,0.038461538,0.788461538,0.173076923,0
235,0.466666667,0.4,0.066666667,0.066666667,0.022727273,0.75,0.227272727,0,0,0.846153846,0,0,0.153846154,0,0.017857143,0.196428571,0.089285714,0.696428571,1,0.018181818,0.8,0.109090909,0.072727273
236,0.428571429,0.357142857,0.071428571,0.142857143,0.022222222,0.733333333,0.222222222,0.022222222,0,0.857142857,0.071428571,0,0,0.071428571,0,0.232142857,0.107142857,0.660714286,1,0,0.846153846,0.115384615,0.038461538
237,0.5,0.416666667,0.083333333,0,0,0.755555556,0.222222222,0,0.022222222,0.928571429,0,0,0,0.071428571,0.016949153,0.220338983,0.13559322,0.627118644,1,0,0.862745098,0.117647059,0.019607843
238,0.466666667,0.4,0.066666667,0.066666667,0.042553191,0.70212766,0.212765957,0.042553191,0,0.909090909,0,0,0,0.090909091,0.018867925,0.188679245,0.037735849,0.754716981,1,0.01754386,0.789473684,0.087719298,0.105263158
239,0.384615385,0.461538462,0.076923077,0.076923077,0,0.76744186,0.23255814,0,0,0.875,0,0,0.0625,0.0625,0,0.259259259,0.074074074,0.666666667,1,0.018181818,0.781818182,0.127272727,0.072727273
240,0.4,0.533333333,0.066666667,0,0,0.738095238,0.238095238,0.023809524,0,0.866666667,0,0,0.066666667,0.066666667,0.019230769,0.25,0.019230769,0.711538462,1,0.033333333,0.683333333,0.15,0.133333333
241,0.5,0.428571429,0.071428571,0,0.022727273,0.75,0.227272727,0,0,0.916666667,0,0,0.083333333,0,0.034482759,0.189655172,0.103448276,0.672413793,1,0.036363636,0.8,0.109090909,0.054545455
242,0.625,0.3125,0.0625,0,0.021276596,0.70212766,0.212765957,0.042553191,0.021276596,0.727272727,0.090909091,0,0,0.181818182,0.019607843,0.176470588,0,0.803921569,1,0.016666667,0.733333333,0.1,0.15
243,0.6,0.333333333,0.066666667,0,0.021276596,0.723404255,0.212765957,0.021276596,0.021276596,0.9,0,0,0,0.1,0.019230769,0.173076923,0.019230769,0.788461538,1,0.033333333,0.75,0.083333333,0.133333333
244,0.647058824,0.294117647,0.058823529,0,0.021276596,0.723404255,0.212765957,0.021276596,0.021276596,0.875,0,0,0,0.125,0,0.118644068,0.152542373,0.728813559,1,0.090909091,0.818181818,0.090909091,0
245,0.470588235,0.352941176,0.058823529,0.117647059,0.023809524,0.738095238,0.238095238,0,0,0.769230769,0.153846154,0,0.076923077,0,0.033333333,0.2,0.133333333,0.633333333,1,0.019230769,0.807692308,0.153846154,0.019230769
246,0.5,0.375,0.0625,0.0625,0.02173913,0.717391304,0.217391304,0.043478261,0,1,0,0,0,0,0.056603774,0.188679245,0,0.754716981,1,0,0.745762712,0.101694915,0.152542373
247,0.416666667,0.5,0.083333333,0,0.022727273,0.75,0.227272727,0,0,0.928571429,0,0,0,0.071428571,0.019230769,0.25,0.019230769,0.711538462,1,0.016949153,0.745762712,0.101694915,0.13559322
248,0.76,0.2,0.04,0,0,0.641509434,0.169811321,0.169811321,0.018867925,0,0,1,0,0,0.081967213,0.016393443,0.098360656,0.803278689,1,0.018518519,0.796296296,0.12962963,0.055555556
249,0.571428571,0.25,0.035714286,0.142857143,0.02,0.64,0.2,0.14,0,1,0,0,0,0,0.066666667,0.033333333,0.1,0.8,1,0.018867925,0.811320755,0.132075472,0.037735849
250,0.730769231,0.192307692,0.038461538,0.038461538,0,0.641509434,0.188679245,0.150943396,0.018867925,0,0,0,0,0,0.087719298,0,0.035087719,0.877192982,1,0.017241379,0.75862069,0.103448276,0.120689655
251,0.72,0.2,0.04,0.04,0,0.739130435,0.217391304,0.02173913,0.02173913,1,0,0,0,0,0.074074074,0.018518519,0,0.907407407,1,0.119402985,0.656716418,0.089552239,0.134328358
252,0.62962963,0.259259259,0.037037037,0.074074074,0.039215686,0.62745098,0.196078431,0.137254902,0,0,0,0,0,0,0.05,0,0.116666667,0.833333333,1,0.089285714,0.785714286,0.107142857,0.017857143
253,0.588235294,0.352941176,0.058823529,0,0,0.733333333,0.222222222,0.022222222,0.022222222,0.818181818,0,0,0,0.181818182,0,0.176470588,0.019607843,0.803921569,1,0.064516129,0.693548387,0.112903226,0.129032258
254,0.571428571,0.357142857,0.071428571,0,0,0.708333333,0.208333333,0.0625,0.020833333,1,0,0,0,0,0.018181818,0.2,0.072727273,0.709090909,1,0,0.8,0.109090909,0.090909091
255,0.384615385,0.461538462,0.153846154,0,0,0.8,0.2,0,0,0.823529412,0.058823529,0.058823529,0.058823529,0,0.033333333,0.266666667,0.133333333,0.566666667,1,0.019230769,0.769230769,0.192307692,0.019230769
256,0.416666667,0.416666667,0.083333333,0.083333333,0.023255814,0.744186047,0.23255814,0,0,0.866666667,0.133333333,0,0,0,0,0.25862069,0.137931034,0.603448276,1,0.038461538,0.826923077,0.134615385,0
257,0.5,0.416666667,0.083333333,0,0,0.755555556,0.222222222,0,0.022222222,0.866666667,0,0,0,0.133333333,0,0.220338983,0.152542373,0.627118644,1,0,0.88,0.12,0
258,0.571428571,0.357142857,0.071428571,0,0.020833333,0.708333333,0.208333333,0.041666667,0.020833333,0.833333333,0,0,0,0.166666667,0,0.196078431,0.019607843,0.784313725,1,0,0.775862069,0.086206897,0.137931034
259,0.619047619,0.285714286,0.095238095,0,0.04,0.66,0.18,0.12,0,0.666666667,0,0,0.333333333,0,0,0.071428571,0.107142857,0.821428571,1,0.070175439,0.771929825,0.105263158,0.052631579
260,0.695652174,0.260869565,0.043478261,0,0.039215686,0.647058824,0.196078431,0.117647059,0,0.5,0,0,0.5,0,0,0.019607843,0.019607843,0.960784314,1,0.107692308,0.692307692,0.076923077,0.123076923
261,0.703703704,0.259259259,0.037037037,0,0,0.711111111,0.222222222,0.066666667,0,0,0,0,0,0,0,0,0.090909091,0.909090909,1,0.217391304,0.608695652,0.115942029,0.057971014
262,0.727272727,0.227272727,0.045454545,0,0,0.723404255,0.212765957,0.042553191,0.021276596,1,0,0,0,0,0.018867925,0.056603774,0.037735849,0.886792453,1,0.136363636,0.666666667,0.090909091,0.106060606
263,0.631578947,0.315789474,0.052631579,0,0,0.717391304,0.217391304,0.065217391,0,0.875,0,0,0.125,0,0,0.120689655,0.137931034,0.74137931,1,0.105263158,0.754385965,0.122807018,0.01754386
264,0.7,0.25,0.05,0,0,0.723404255,0.212765957,0.042553191,0.021276596,1,0,0,0,0,0,0.084745763,0.152542373,0.762711864,1,0.137931034,0.75862069,0.103448276,0
265,0.5625,0.3125,0.125,0,0,0.739130435,0.195652174,0.043478261,0.02173913,0.909090909,0,0,0,0.090909091,0.037735849,0.188679245,0.018867925,0.754716981,1,0.016949153,0.728813559,0.118644068,0.13559322
266,0.5,0.416666667,0.083333333,0,0,0.75,0.227272727,0,0.022727273,0.8125,0.0625,0,0.125,0,0,0.259259259,0.074074074,0.666666667,1,0,0.781818182,0.127272727,0.090909091
267,0.5,0.357142857,0.071428571,0.071428571,0.02173913,0.739130435,0.217391304,0,0.02173913,0.916666667,0,0,0.083333333,0,0,0.186440678,0.152542373,0.661016949,1,0.019607843,0.882352941,0.098039216,0
268,0.428571429,0.428571429,0.142857143,0,0.045454545,0.75,0.204545455,0,0,0.846153846,0,0,0.153846154,0,0,0.2,0.090909091,0.709090909,1,0.052631579,0.771929825,0.105263158,0.070175439
269,0.647058824,0.294117647,0.058823529,0,0.043478261,0.717391304,0.217391304,0.02173913,0,0.857142857,0.142857143,0,0,0,0.074074074,0.12962963,0,0.796296296,1,0.048387097,0.725806452,0.080645161,0.14516129
270,0.739130435,0.217391304,0.043478261,0,0,0.755555556,0.222222222,0,0.022222222,1,0,0,0,0,0.174603175,0.031746032,0.031746032,0.761904762,1,0.033898305,0.745762712,0.101694915,0.118644068
271,0.625,0.333333333,0.041666667,0,0,0.720930233,0.23255814,0.023255814,0.023255814,0.666666667,0,0,0.166666667,0.166666667,0.103448276,0.068965517,0.034482759,0.793103448,1,0.080645161,0.661290323,0.14516129,0.112903226
272,0.647058824,0.294117647,0.058823529,0,0,0.739130435,0.217391304,0.02173913,0.02173913,1,0,0,0,0,0.033898305,0.13559322,0.118644068,0.711864407,1,0.071428571,0.785714286,0.107142857,0.035714286
273,0.5,0.428571429,0.071428571,0,0.041666667,0.6875,0.208333333,0.0625,0,0.833333333,0,0,0.083333333,0.083333333,0,0.178571429,0.107142857,0.714285714,1,0,0.849056604,0.094339623,0.056603774
274,0.444444444,0.333333333,0.055555556,0.166666667,0,0.75,0.227272727,0.022727273,0,0.916666667,0,0,0.083333333,0,0.038461538,0.211538462,0,0.75,1,0,0.74137931,0.120689655,0.137931034
275,0.533333333,0.4,0.066666667,0,0,0.75,0.227272727,0,0.022727273,0.846153846,0,0,0.076923077,0.076923077,0.018518519,0.203703704,0.055555556,0.722222222,1,0.034482759,0.74137931,0.120689655,0.103448276
276,0.466666667,0.466666667,0.066666667,0,0.022727273,0.727272727,0.227272727,0,0.022727273,0.785714286,0,0,0.071428571,0.142857143,0.035087719,0.192982456,0.087719298,0.684210526,1,0,0.796296296,0.12962963,0.074074074
277,0.5,0.375,0.125,0,0,0.717391304,0.195652174,0.065217391,0.02173913,0.916666667,0,0,0,0.083333333,0.016949153,0.186440678,0.13559322,0.661016949,1,0.019230769,0.807692308,0.153846154,0.019230769
278,0.6,0.333333333,0.066666667,0,0.021276596,0.70212766,0.212765957,0.042553191,0.021276596,0.9,0.1,0,0,0,0,0.181818182,0.090909091,0.727272727,1,0.052631579,0.771929825,0.105263158,0.070175439
279,0.647058824,0.294117647,0.058823529,0,0,0.68,0.2,0.1,0.02,0.888888889,0,0,0,0.111111111,0.017241379,0.137931034,0.120689655,0.724137931,1,0,0.846153846,0.115384615,0.038461538
280,0.416666667,0.416666667,0.083333333,0.083333333,0.044444444,0.733333333,0.222222222,0,0,0.857142857,0.071428571,0,0,0.071428571,0,0.236363636,0.090909091,0.672727273,1,0.018518519,0.833333333,0.092592593,0.055555556
281,0.571428571,0.357142857,0.071428571,0,0.022222222,0.755555556,0.177777778,0.022222222,0.022222222,0.769230769,0,0.153846154,0,0.076923077,0.016949153,0.203389831,0.13559322,0.644067797,1,0.019230769,0.826923077,0.134615385,0.019230769
282,0.538461538,0.384615385,0.076923077,0,0,0.755555556,0.222222222,0,0.022222222,0.857142857,0,0,0.142857143,0,0,0.235294118,0.019607843,0.745098039,1,0.016949153,0.745762712,0.101694915,0.13559322
283,0.5,0.416666667,0.083333333,0,0.02173913,0.739130435,0.217391304,0,0.02173913,0.923076923,0,0,0.076923077,0,0.018518519,0.222222222,0.055555556,0.703703704,1,0,0.803571429,0.089285714,0.107142857
284,0.5,0.375,0.0625,0.0625,0.042553191,0.70212766,0.212765957,0,0.042553191,1,0,0,0,0,0.070175439,0.157894737,0.052631579,0.719298246,1,0,0.818181818,0.090909091,0.090909091
285,0.75,0.208333333,0.041666667,0,0.020408163,0.693877551,0.204081633,0.06122449,0.020408163,0,0,0,0,0,0.180327869,0,0,0.819672131,1,0,0.762711864,0.084745763,0.152542373
286,0.708333333,0.25,0.041666667,0,0.039215686,0.647058824,0.196078431,0.078431373,0.039215686,0,0,0,0,0,0.086206897,0,0.051724138,0.862068966,1,0.066666667,0.75,0.083333333,0.1
287,0.703703704,0.222222222,0.037037037,0.037037037,0,0.66,0.2,0.14,0,0,0,0,0,0,0.13559322,0,0.016949153,0.847457627,1,0.033898305,0.728813559,0.118644068,0.118644068
288,0.708333333,0.25,0.041666667,0,0.037037037,0.611111111,0.185185185,0.166666667,0,0,0,0,0,0,0,0,0.137931034,0.862068966,1,0.105263158,0.789473684,0.087719298,0.01754386
289,0.75,0.208333333,0.041666667,0,0.017857143,0.607142857,0.178571429,0.178571429,0.017857143,0,0,0,0,0,0.051724138,0,0.086206897,0.862068966,1,0.018181818,0.818181818,0.090909091,0.072727273
290,0.72,0.2,0.04,0.04,0.018518519,0.62962963,0.185185185,0.148148148,0.018518519,0,0,0,0,0,0.089285714,0,0.017857143,0.892857143,1,0,0.775862069,0.086206897,0.137931034
291,0.72,0.2,0.04,0.04,0.017857143,0.607142857,0.178571429,0.178571429,0.017857143,0,0,0,0,0,0.071428571,0,0.035714286,0.892857143,1,0,0.803571429,0.089285714,0.107142857
292,0.703703704,0.259259259,0.037037037,0,0,0.64,0.2,0.14,0.02,0,0,0,0,0,0.122807018,0,0,0.877192982,1,0.048387097,0.677419355,0.129032258,0.14516129
293,0.692307692,0.269230769,0.038461538,0,0.020833333,0.666666667,0.208333333,0.104166667,0,0,0,0,0,0,0.152542373,0,0,0.847457627,1,0.048387097,0.693548387,0.112903226,0.14516129
294,0.590909091,0.318181818,0.045454545,0.045454545,0,0.727272727,0.227272727,0.022727273,0.022727273,0.666666667,0,0,0.222222222,0.111111111,0,0.105263158,0.122807018,0.771929825,1,0.120689655,0.724137931,0.137931034,0.017241379
295,0.727272727,0.227272727,0.045454545,0,0.021276596,0.723404255,0.212765957,0.021276596,0.021276596,0.666666667,0,0,0,0.333333333,0.019607843,0.039215686,0,0.941176471,1,0.132352941,0.661764706,0.073529412,0.132352941
296,0.7,0.25,0.05,0,0,0.739130435,0.217391304,0.02173913,0.02173913,0.833333333,0,0,0,0.166666667,0,0.098039216,0.019607843,0.882352941,1,0.121212121,0.666666667,0.090909091,0.121212121
297,0.461538462,0.384615385,0.076923077,0.076923077,0,0.755555556,0.222222222,0,0.022222222,0.866666667,0,0,0.133333333,0,0,0.224137931,0.137931034,0.637931034,1,0,0.88,0.12,0
298,0.533333333,0.333333333,0.066666667,0.066666667,0,0.708333333,0.208333333,0.0625,0.020833333,1,0,0,0,0,0.016949153,0.186440678,0.13559322,0.661016949,1,0,0.88,0.12,0
299,0.611111111,0.333333333,0.055555556,0,0.037735849,0.622641509,0.188679245,0.113207547,0.037735849,1,0,0,0,0,0,0.101694915,0.152542373,0.745762712,1,0.019607843,0.882352941,0.098039216,0
300,0.75,0.208333333,0.041666667,0,0,0.66,0.2,0.12,0.02,0.5,0.5,0,0,0,0.092307692,0.030769231,0.138461538,0.738461538,1,0.038461538,0.826923077,0.134615385,0
301,0.5625,0.3125,0.0625,0.0625,0,0.68,0.2,0.1,0.02,1,0,0,0,0,0,0.175438596,0.122807018,0.701754386,1,0,0.862745098,0.117647059,0.019607843
302,0.739130435,0.217391304,0.043478261,0,0,0.723404255,0.212765957,0.042553191,0.021276596,1,0,0,0,0,0.133333333,0.033333333,0.033333333,0.8,1,0.05,0.733333333,0.1,0.116666667
303,0.72,0.24,0.04,0,0,0,0,0,0,0.018518519,0.611111111,0.185185185,0.185185185,0,0.089285714,0.785714286,0.017857143,0.107142857,1,0.016949153,0,0.847457627,0.13559322
304,0.416666667,0.5,0.083333333,0,0,0.75,0.227272727,0.022727273,0,0.875,0,0,0.125,0,0,0.269230769,0.038461538,0.692307692,1,0,0.754385965,0.122807018,0.122807018
305,0.62962963,0.259259259,0.037037037,0.074074074,0,0,0,0,0,0.035087719,0.561403509,0.175438596,0.192982456,0.035087719,0.017857143,0.785714286,0.089285714,0.107142857,1,0,0,0.925925926,0.074074074
306,0.75,0.208333333,0.041666667,0,0,0,1,0,0,0.01754386,0.596491228,0.157894737,0.210526316,0.01754386,0.034482759,0.75862069,0.103448276,0.103448276,1,0,0.018867925,0.924528302,0.056603774
307,0.75,0.208333333,0.041666667,0,0,0,0,0,0,0.01754386,0.596491228,0.175438596,0.210526316,0,0.037735849,0.849056604,0.018867925,0.094339623,1,0.016949153,0,0.847457627,0.13559322
308,0.692307692,0.192307692,0.038461538,0.076923077,0,0,0,0,0,0.017857143,0.607142857,0.178571429,0.196428571,0,0.036363636,0.818181818,0.054545455,0.090909091,1,0.017857143,0,0.892857143,0.089285714
309,0.692307692,0.192307692,0.038461538,0.076923077,0,0,0,0,0,0.016949153,0.576271186,0.169491525,0.220338983,0.016949153,0,0.9,0,0.1,1,0,0,0.862068966,0.137931034
310,0.75,0.208333333,0.041666667,0,0.02,0.68,0.2,0.08,0.02,0,0,0,0,0,0.080645161,0,0.112903226,0.806451613,1,0.087719298,0.789473684,0.087719298,0.035087719
311,0.636363636,0.318181818,0.045454545,0,0.020408163,0.653061224,0.204081633,0.12244898,0,0.666666667,0,0,0.166666667,0.166666667,0.018518519,0.074074074,0.055555556,0.851851852,1,0.066666667,0.716666667,0.116666667,0.1
312,0.714285714,0.238095238,0.047619048,0,0.042553191,0.70212766,0.212765957,0.042553191,0,0.666666667,0.333333333,0,0,0,0.147058824,0.044117647,0.117647059,0.691176471,1,0,0.882352941,0.098039216,0.019607843
313,0.76,0.2,0.04,0,0,0.739130435,0.217391304,0.02173913,0.02173913,0,0,0,0,0,0.191176471,0,0.073529412,0.735294118,1,0.018181818,0.8,0.109090909,0.072727273
314,0.636363636,0.272727273,0.090909091,0,0.022222222,0.733333333,0.2,0.022222222,0.022222222,1,0,0,0,0,0.142857143,0.063492063,0.063492063,0.73015873,1,0.035087719,0.754385965,0.122807018,0.087719298
315,0.529411765,0.294117647,0.117647059,0.058823529,0.021276596,0.723404255,0.191489362,0.042553191,0.021276596,1,0,0,0,0,0.05,0.15,0.116666667,0.683333333,1,0.019230769,0.846153846,0.115384615,0.019230769
316,0.666666667,0.238095238,0.047619048,0.047619048,0.021276596,0.723404255,0.212765957,0.021276596,0.021276596,0.8,0,0,0,0.2,0.123076923,0.061538462,0.107692308,0.707692308,1,0,0.882352941,0.098039216,0.019607843
317,0.611111111,0.277777778,0.055555556,0.055555556,0,0.755555556,0.177777778,0.044444444,0.022222222,0.8,0,0.2,0,0,0,0.178571429,0.107142857,0.714285714,1,0.070175439,0.736842105,0.140350877,0.052631579
318,0.619047619,0.285714286,0.047619048,0.047619048,0.022222222,0.733333333,0.2,0.022222222,0.022222222,0.833333333,0,0.166666667,0,0,0,0.105263158,0.122807018,0.771929825,1,0.133333333,0.716666667,0.116666667,0.033333333
319,0.708333333,0.208333333,0.041666667,0.041666667,0,0.68,0.2,0.1,0.02,1,0,0,0,0,0,0.036363636,0.090909091,0.872727273,1,0.114754098,0.721311475,0.098360656,0.06557377
320,0.72,0.2,0.04,0.04,0.333333333,0,0.333333333,0.333333333,0,0,0.641509434,0.169811321,0.188679245,0,0.056603774,0.811320755,0,0.132075472,1,0,0.033898305,0.813559322,0.152542373
321,0.68,0.24,0.04,0.04,1,0,0,0,0,0.018867925,0.622641509,0.188679245,0.169811321,0,0.103448276,0.75862069,0.034482759,0.103448276,1,0,0.017857143,0.875,0.107142857
322,0.76,0.2,0.04,0,0,0,0,0,0,0,0.618181818,0.181818182,0.181818182,0.018181818,0.081967213,0.721311475,0.098360656,0.098360656,1,0,0,0.943396226,0.056603774
323,0.75,0.208333333,0.041666667,0,0,0,0.5,0.5,0,0.01754386,0.596491228,0.157894737,0.228070175,0,0,0.8,0.090909091,0.109090909,1,0.018181818,0.018181818,0.890909091,0.072727273
324,0.678571429,0.178571429,0.107142857,0.035714286,0,0.75,0.181818182,0.045454545,0.022727273,0,0.5,0,0.5,0,0.095238095,0.015873016,0.111111111,0.777777778,1,0.118644068,0.694915254,0.152542373,0.033898305
325,0.75,0.208333333,0.041666667,0,0,0,0,0,0,0.016949153,0.576271186,0.169491525,0.237288136,0,0,0.789473684,0.122807018,0.087719298,1,0.018867925,0,0.943396226,0.037735849
326,0.76,0.2,0.04,0,0,0,0,0,0,0,0.596491228,0.175438596,0.210526316,0.01754386,0.035714286,0.785714286,0.071428571,0.107142857,1,0.017857143,0,0.892857143,0.089285714
327,0.72,0.2,0.04,0.04,0,0,0,0,0,0.018518519,0.62962963,0.185185185,0.148148148,0.018518519,0.103448276,0.775862069,0.034482759,0.086206897,1,0,0,0.892857143,0.107142857
328,0.678571429,0.214285714,0.035714286,0.071428571,0,0,1,0,0,0,0.70212766,0.191489362,0.106382979,0,0.149253731,0.626865672,0.104477612,0.119402985,1,0.019230769,0.019230769,0.942307692,0.019230769
329,0.75,0.208333333,0.041666667,0,0.018181818,0.618181818,0.181818182,0.163636364,0.018181818,0,0,0,0,0,0.049180328,0,0.131147541,0.819672131,1,0.037735849,0.849056604,0.094339623,0.018867925
330,0.76,0.2,0.04,0,0,0.708333333,0.208333333,0.0625,0.020833333,0,0,0,0,0,0.15,0,0.016666667,0.833333333,1,0.049180328,0.721311475,0.098360656,0.131147541
331,0.75,0.208333333,0.041666667,0,0.020833333,0.708333333,0.208333333,0.041666667,0.020833333,0,0,0,0,0,0.138461538,0,0.092307692,0.769230769,1,0.053571429,0.803571429,0.089285714,0.053571429
332,0.571428571,0.357142857,0.071428571,0,0,0.80952381,0.166666667,0,0.023809524,0.733333333,0,0.2,0,0.066666667,0.017857143,0.25,0.089285714,0.642857143,1,0.035714286,0.732142857,0.160714286,0.071428571
333,0.5625,0.3125,0.0625,0.0625,0,0.739130435,0.195652174,0.043478261,0.02173913,0.833333333,0,0.083333333,0,0.083333333,0.017241379,0.189655172,0.120689655,0.672413793,1,0.019230769,0.826923077,0.134615385,0.019230769
334,0.666666667,0.222222222,0.074074074,0.037037037,0,0,0,0,0,0.02,0.66,0.18,0.12,0.02,0.15,0.716666667,0.016666667,0.116666667,1,0,0,0.862068966,0.137931034
335,0.692307692,0.192307692,0.038461538,0.076923077,0,0,0,0,0,0.020833333,0.708333333,0.208333333,0.0625,0,0.163934426,0.737704918,0.016393443,0.081967213,1,0.017241379,0,0.862068966,0.120689655
336,0.454545455,0.454545455,0.090909091,0,0.044444444,0.733333333,0.222222222,0,0,0.8,0.066666667,0,0.066666667,0.066666667,0,0.228070175,0.122807018,0.649122807,1,0,0.865384615,0.096153846,0.038461538
337,0.473684211,0.421052632,0.052631579,0.052631579,0,0.688888889,0.222222222,0.066666667,0.022222222,1,0,0,0,0,0.016666667,0.166666667,0.15,0.666666667,1,0.056603774,0.773584906,0.169811321,0
338,0.65,0.25,0.05,0.05,0.020833333,0.708333333,0.208333333,0.041666667,0.020833333,1,0,0,0,0,0.056603774,0.094339623,0,0.849056604,1,0.048387097,0.725806452,0.080645161,0.14516129
339,0.681818182,0.272727273,0.045454545,0,0.020408163,0.673469388,0.204081633,0.081632653,0.020408163,0.75,0,0,0,0.25,0,0.055555556,0.074074074,0.87037037,1,0.112903226,0.709677419,0.096774194,0.080645161
340,0.588235294,0.294117647,0.058823529,0.058823529,0,0.723404255,0.212765957,0.042553191,0.021276596,1,0,0,0,0,0,0.169811321,0.056603774,0.773584906,1,0.06779661,0.745762712,0.101694915,0.084745763
341,0.363636364,0.545454545,0.090909091,0,0.066666667,0.711111111,0.2,0,0.022222222,0.8,0.066666667,0.066666667,0.066666667,0,0,0.264150943,0.056603774,0.679245283,1,0,0.785714286,0.107142857,0.107142857
342,0.5,0.428571429,0.071428571,0,0.044444444,0.733333333,0.222222222,0,0,0.909090909,0,0,0.090909091,0,0.037037037,0.185185185,0.037037037,0.740740741,1,0.033898305,0.762711864,0.084745763,0.118644068
343,0.466666667,0.333333333,0.066666667,0.133333333,0.021276596,0.723404255,0.212765957,0.021276596,0.021276596,0.916666667,0,0,0,0.083333333,0,0.196428571,0.107142857,0.696428571,1,0,0.865384615,0.096153846,0.038461538
344,0.466666667,0.4,0.066666667,0.066666667,0,0.75,0.227272727,0,0.022727273,1,0,0,0,0,0.037037037,0.222222222,0.037037037,0.703703704,1,0.034482759,0.74137931,0.120689655,0.103448276
345,0.5,0.357142857,0.071428571,0.071428571,0.02173913,0.739130435,0.217391304,0,0.02173913,0.916666667,0,0,0.083333333,0,0.035714286,0.196428571,0.071428571,0.696428571,1,0,0.833333333,0.092592593,0.074074074
346,0.526315789,0.368421053,0.052631579,0.052631579,0,0.744186047,0.23255814,0.023255814,0,0.9,0,0,0.1,0,0,0.157894737,0.122807018,0.719298246,1,0.103448276,0.724137931,0.137931034,0.034482759
347,0.666666667,0.277777778,0.055555556,0,0.019230769,0.653846154,0.192307692,0.115384615,0.019230769,1,0,0,0,0,0,0.103448276,0.137931034,0.75862069,1,0.037735849,0.849056604,0.094339623,0.018867925
348,0.695652174,0.217391304,0.043478261,0.043478261,0,0.641509434,0.188679245,0.150943396,0.018867925,1,0,0,0,0,0.066666667,0.05,0.1,0.783333333,1,0,0.846153846,0.115384615,0.038461538
349,0.666666667,0.259259259,0.037037037,0.037037037,1,0,0,0,0,0,0.695652174,0.217391304,0.086956522,0,0.179104478,0.626865672,0.074626866,0.119402985,1,0.018518519,0.018518519,0.907407407,0.055555556
350,0.68,0.24,0.04,0.04,0,0,0,0,0,0.04,0.66,0.2,0.1,0,0.129032258,0.725806452,0.064516129,0.080645161,1,0.035714286,0,0.892857143,0.071428571
351,0.703703704,0.222222222,0.037037037,0.037037037,0,0.75,0.227272727,0,0.022727273,0,0,0,0,0,0.017241379,0,0.120689655,0.862068966,1,0.227272727,0.651515152,0.106060606,0.015151515
352,0.739130435,0.217391304,0.043478261,0,0,0.708333333,0.208333333,0.0625,0.020833333,1,0,0,0,0,0.016949153,0.033898305,0.13559322,0.813559322,1,0.15,0.733333333,0.1,0.016666667
353,0.75,0.208333333,0.041666667,0,0,0,0,0,0,0.018518519,0.62962963,0.185185185,0.166666667,0,0.083333333,0.75,0.083333333,0.083333333,1,0.018181818,0,0.909090909,0.072727273
354,0.75,0.208333333,0.041666667,0,1,0,0,0,0,0,0.62962963,0.185185185,0.185185185,0,0.081967213,0.721311475,0.098360656,0.098360656,1,0,0.018867925,0.924528302,0.056603774
355,0.730769231,0.230769231,0.038461538,0,0,0,0,0,0,0,0.589285714,0.178571429,0.232142857,0,0.01754386,0.754385965,0.105263158,0.122807018,1,0.053571429,0,0.892857143,0.053571429
356,0.65,0.3,0.05,0,0.037037037,0.611111111,0.185185185,0.166666667,0,1,0,0,0,0,0.037037037,0.074074074,0.037037037,0.851851852,1,0,0.789473684,0.087719298,0.122807018
357,0.730769231,0.192307692,0.038461538,0.038461538,0,0.68,0.2,0.1,0.02,0,0,0,0,0,0.01754386,0,0.105263158,0.877192982,1,0.131147541,0.721311475,0.098360656,0.049180328
358,0.76,0.2,0.04,0,0,0.618181818,0.181818182,0.181818182,0.018181818,0,0,0,0,0,0.017241379,0,0.120689655,0.862068966,1,0.071428571,0.785714286,0.107142857,0.035714286
359,0.76,0.2,0.04,0,0,0.666666667,0.196078431,0.117647059,0.019607843,0,0,0,0,0,0.018867925,0,0.037735849,0.943396226,1,0.123076923,0.676923077,0.092307692,0.107692308
360,0.68,0.28,0.04,0,0.037037037,0.592592593,0.185185185,0.185185185,0,0,0,0,0,0,0.017241379,0,0.120689655,0.862068966,1,0.087719298,0.771929825,0.105263158,0.035087719
361,0.72,0.2,0.04,0.04,0,0,0,0,0,0.020833333,0.708333333,0.208333333,0.041666667,0.020833333,0.171875,0.703125,0.046875,0.078125,1,0,0,0.892857143,0.107142857
362,0.692307692,0.192307692,0.038461538,0.076923077,0.5,0.5,0,0,0,0,0.75,0.227272727,0.022727273,0,0.196969697,0.651515152,0.045454545,0.106060606,1,0,0.036363636,0.872727273,0.090909091
363,0.76,0.2,0.04,0,0,0,0,0,0,0,0.708333333,0.208333333,0.0625,0.020833333,0.176470588,0.647058824,0.088235294,0.088235294,1,0,0,0.943396226,0.056603774
364,0.65,0.25,0.1,0,0.020833333,0.708333333,0.1875,0.041666667,0.041666667,0.833333333,0,0,0.166666667,0,0.087719298,0.087719298,0.035087719,0.789473684,1,0.017241379,0.75862069,0.103448276,0.120689655
365,0.684210526,0.263157895,0.052631579,0,0,0.6875,0.208333333,0.083333333,0.020833333,0.857142857,0.142857143,0,0,0,0.090909091,0.127272727,0,0.781818182,1,0,0.728813559,0.118644068,0.152542373
366,0.636363636,0.272727273,0.045454545,0.045454545,0,0.744186047,0.23255814,0.023255814,0,0.555555556,0.111111111,0,0.333333333,0,0.053571429,0.107142857,0.053571429,0.785714286,1,0.066666667,0.7,0.133333333,0.1
367,0.714285714,0.238095238,0.047619048,0,0.021276596,0.70212766,0.212765957,0.063829787,0,0.75,0.25,0,0,0,0.034482759,0.068965517,0.103448276,0.793103448,1,0.116666667,0.733333333,0.1,0.05
368,0.666666667,0.296296296,0.037037037,0,0.021276596,0.659574468,0.212765957,0.106382979,0,0,0,0,0,0,0.036363636,0,0.054545455,0.909090909,1,0.164179104,0.626865672,0.119402985,0.089552239
369,0.730769231,0.192307692,0.038461538,0.038461538,0,0.68,0.2,0.1,0.02,0,0,0,0,0,0.066666667,0,0.1,0.833333333,1,0.103448276,0.75862069,0.103448276,0.034482759
370,0.730769231,0.192307692,0.038461538,0.038461538,0,0.68,0.2,0.1,0.02,0,0,0,0,0,0.070175439,0,0.052631579,0.877192982,1,0.098360656,0.721311475,0.098360656,0.081967213
371,0.571428571,0.357142857,0.071428571,0,0,0.755555556,0.222222222,0,0.022222222,0.846153846,0,0,0,0.153846154,0.033898305,0.186440678,0.118644068,0.661016949,1,0,0.846153846,0.115384615,0.038461538
372,0.538461538,0.384615385,0.076923077,0,0.022222222,0.755555556,0.2,0,0.022222222,0.785714286,0,0.071428571,0.142857143,0,0,0.218181818,0.090909091,0.690909091,1,0.018181818,0.8,0.109090909,0.072727273
373,0.5,0.416666667,0.083333333,0,0.022222222,0.755555556,0.2,0,0.022222222,0.857142857,0,0.071428571,0.071428571,0,0,0.224137931,0.137931034,0.637931034,1,0.019230769,0.846153846,0.115384615,0.019230769
374,0.625,0.3125,0.0625,0,0,0.70212766,0.212765957,0.063829787,0.021276596,0.9,0.1,0,0,0,0.035087719,0.175438596,0.087719298,0.701754386,1,0.018181818,0.781818182,0.127272727,0.072727273
375,0.533333333,0.333333333,0.066666667,0.066666667,0.02173913,0.739130435,0.217391304,0,0.02173913,0.909090909,0,0,0,0.090909091,0.05,0.166666667,0.116666667,0.666666667,1,0,0.882352941,0.098039216,0.019607843
376,0.461538462,0.384615385,0.076923077,0.076923077,0,0.755555556,0.222222222,0,0.022222222,0.928571429,0,0,0,0.071428571,0,0.240740741,0.074074074,0.685185185,1,0.018181818,0.8,0.109090909,0.072727273
377,0.692307692,0.192307692,0.038461538,0.076923077,0,0,0,0,0,0.020408163,0.693877551,0.204081633,0.081632653,0,0.14516129,0.725806452,0.048387097,0.080645161,1,0.017857143,0,0.892857143,0.089285714
378,0.703703704,0.185185185,0.037037037,0.074074074,0,0,0,0,0,0,0.772727273,0.227272727,0,0,0.181818182,0.666666667,0.060606061,0.090909091,1,0.035087719,0,0.877192982,0.087719298
379,0.692307692,0.192307692,0.038461538,0.076923077,0,0,0,0,0,0.021276596,0.723404255,0.212765957,0.042553191,0,0.169230769,0.692307692,0.061538462,0.076923077,1,0.018181818,0,0.909090909,0.072727273
380,0.72,0.2,0.04,0.04,0,0,0,0,0,0.02173913,0.739130435,0.217391304,0.02173913,0,0.181818182,0.681818182,0.060606061,0.075757576,1,0.017857143,0,0.892857143,0.089285714
381,0.62962963,0.296296296,0.037037037,0.037037037,0,0,0,0,0,0.043478261,0.673913043,0.217391304,0.043478261,0.02173913,0.174603175,0.682539683,0.031746032,0.111111111,1,0.033898305,0,0.847457627,0.118644068
382,0.692307692,0.192307692,0.038461538,0.076923077,0,0,0,0,0,0.018518519,0.62962963,0.185185185,0.148148148,0.018518519,0.071428571,0.803571429,0.035714286,0.089285714,1,0,0,0.877192982,0.122807018
383,0.703703704,0.185185185,0.037037037,0.074074074,0,0,0,0,0,0,0.68,0.2,0.12,0,0.129032258,0.709677419,0.064516129,0.096774194,1,0.018181818,0,0.909090909,0.072727273
384,0.75,0.208333333,0.041666667,0,0,0,0,0,0,0.016949153,0.576271186,0.169491525,0.220338983,0.016949153,0.01754386,0.789473684,0.105263158,0.087719298,1,0,0,0.943396226,0.056603774
385,0.703703704,0.185185185,0.037037037,0.074074074,0,0,0,0,0,0,0.596491228,0.175438596,0.210526316,0.01754386,0.017857143,0.785714286,0.089285714,0.107142857,1,0.018518519,0,0.925925926,0.055555556
386,0.76,0.2,0.04,0,0,0,0,0,0,0,0.586206897,0.172413793,0.24137931,0,0,0.8,0.090909091,0.109090909,1,0.035714286,0,0.892857143,0.071428571
387,0.695652174,0.260869565,0.043478261,0,0.666666667,0,0,0,0.333333333,0.01754386,0.578947368,0.175438596,0.228070175,0,0,0.745762712,0.152542373,0.101694915,1,0,0.04,0.96,0
388,0.68,0.28,0.04,0,0,1,0,0,0,0.035714286,0.553571429,0.178571429,0.232142857,0,0.048387097,0.693548387,0.14516129,0.112903226,1,0,0.02,0.98,0
389,0.692307692,0.192307692,0.038461538,0.076923077,0,1,0,0,0,0.01754386,0.578947368,0.175438596,0.210526316,0.01754386,0.017857143,0.785714286,0.089285714,0.107142857,1,0,0.018867925,0.924528302,0.056603774
390,0.75,0.208333333,0.041666667,0,0,0,0,0,0,0.016949153,0.576271186,0.169491525,0.220338983,0.016949153,0.017857143,0.803571429,0.089285714,0.089285714,1,0,0,0.925925926,0.074074074
391,0.692307692,0.230769231,0.038461538,0.038461538,0,0,0,0,0,0.018518519,0.611111111,0.185185185,0.185185185,0,0.095238095,0.698412698,0.111111111,0.095238095,1,0,0,0.980392157,0.019607843
392,0.75,0.208333333,0.041666667,0,0,0,0,0,0,0.01754386,0.596491228,0.175438596,0.192982456,0.01754386,0.055555556,0.833333333,0.018518519,0.092592593,1,0,0,0.862068966,0.137931034
393,0.739130435,0.217391304,0.043478261,0,1,0,0,0,0,0.016949153,0.576271186,0.169491525,0.237288136,0,0,0.833333333,0.074074074,0.092592593,1,0,0.018181818,0.890909091,0.090909091
394,0.75,0.208333333,0.041666667,0,0,0,0,0,0,0.016949153,0.576271186,0.169491525,0.220338983,0.016949153,0.019607843,0.882352941,0,0.098039216,1,0,0,0.847457627,0.152542373
395,0.75,0.208333333,0.041666667,0,0,0,0,0,0,0.016666667,0.566666667,0.166666667,0.233333333,0.016666667,0,0.9,0,0.1,1,0,0,0.847457627,0.152542373
396,0.75,0.208333333,0.041666667,0,0,0,0,0,0,0.016666667,0.566666667,0.166666667,0.233333333,0.016666667,0,0.865384615,0.038461538,0.096153846,1,0,0,0.877192982,0.122807018
397,0.708333333,0.208333333,0.041666667,0.041666667,1,0,0,0,0,0.017241379,0.586206897,0.172413793,0.224137931,0,0.017857143,0.803571429,0.089285714,0.089285714,1,0,0.018867925,0.924528302,0.056603774
398,0.76,0.2,0.04,0,0,0,0.5,0.5,0,0,0.618181818,0.163636364,0.2,0.018181818,0.033898305,0.728813559,0.118644068,0.118644068,1,0.018867925,0.018867925,0.924528302,0.037735849
399,0.76,0.2,0.04,0,0,0,0,0,0,0,0.596491228,0.175438596,0.228070175,0,0.032786885,0.721311475,0.147540984,0.098360656,1,0.019607843,0,0.980392157,0
400,0.76,0.2,0.04,0,0,0,0,0,0,0,0.586206897,0.172413793,0.24137931,0,0,0.846153846,0.038461538,0.115384615,1,0.033898305,0,0.847457627,0.118644068
401,0.75,0.208333333,0.041666667,0,0.5,0,0.5,0,0,0,0.641509434,0.169811321,0.169811321,0.018867925,0.087719298,0.754385965,0.035087719,0.122807018,1,0,0.035087719,0.842105263,0.122807018
402,0.5,0.416666667,0.083333333,0,0,0.75,0.227272727,0,0.022727273,0.8125,0.0625,0,0,0.125,0,0.269230769,0.038461538,0.692307692,1,0,0.754385965,0.122807018,0.122807018
403,0.5,0.416666667,0.083333333,0,0,0.739130435,0.217391304,0.02173913,0.02173913,0.928571429,0,0,0,0.071428571,0,0.26,0,0.74,1,0,0.745762712,0.101694915,0.152542373
404,0.466666667,0.4,0.066666667,0.066666667,0.021276596,0.70212766,0.212765957,0.063829787,0,0.916666667,0,0,0.083333333,0,0.018518519,0.203703704,0.055555556,0.722222222,1,0,0.8,0.109090909,0.090909091
405,0.571428571,0.357142857,0.071428571,0,0.02173913,0.739130435,0.217391304,0,0.02173913,0.833333333,0,0,0,0.166666667,0.035087719,0.175438596,0.087719298,0.701754386,1,0,0.833333333,0.092592593,0.074074074
406,0.533333333,0.4,0.066666667,0,0.02173913,0.717391304,0.217391304,0.02173913,0.02173913,0.909090909,0,0,0.090909091,0,0.018518519,0.185185185,0.055555556,0.740740741,1,0.034482759,0.75862069,0.103448276,0.103448276
407,0.75,0.208333333,0.041666667,0,0,0,0,0,0,0.018518519,0.62962963,0.185185185,0.166666667,0,0.089285714,0.803571429,0.017857143,0.089285714,1,0.016949153,0,0.847457627,0.13559322
408,0.739130435,0.217391304,0.043478261,0,1,0,0,0,0,0.01754386,0.596491228,0.175438596,0.210526316,0,0.036363636,0.818181818,0.054545455,0.090909091,1,0,0.017857143,0.875,0.107142857
409,0.75,0.208333333,0.041666667,0,0,0,0,0,0,0.016949153,0.576271186,0.169491525,0.220338983,0.016949153,0.018867925,0.849056604,0.037735849,0.094339623,1,0,0,0.877192982,0.122807018
410,0.590909091,0.272727273,0.045454545,0.090909091,0,0.75,0.204545455,0.045454545,0,0.75,0,0.125,0.125,0,0.079365079,0.111111111,0.126984127,0.682539683,1,0.019230769,0.807692308,0.153846154,0.019230769
411,0.571428571,0.357142857,0.071428571,0,0,0.723404255,0.212765957,0.042553191,0.021276596,1,0,0,0,0,0,0.186440678,0.152542373,0.661016949,1,0.038461538,0.846153846,0.115384615,0
412,0.75,0.208333333,0.041666667,0,1,0,0,0,0,0,0.62962963,0.185185185,0.185185185,0,0.079365079,0.698412698,0.126984127,0.095238095,1,0,0.019607843,0.960784314,0.019607843
413,0.666666667,0.185185185,0.111111111,0.037037037,0,0,0,0,0,0.018518519,0.62962963,0.148148148,0.203703704,0,0.034482759,0.74137931,0.103448276,0.120689655,1,0.071428571,0,0.892857143,0.035714286
414,0.76,0.2,0.04,0,0,0,0,0,0,0,0.653846154,0.192307692,0.153846154,0,0.118644068,0.745762712,0.033898305,0.101694915,1,0.017241379,0,0.862068966,0.120689655
415,0.72,0.2,0.04,0.04,0,0,0,0,0,0.018867925,0.641509434,0.188679245,0.150943396,0,0.101694915,0.762711864,0.050847458,0.084745763,1,0.017857143,0,0.892857143,0.089285714
416,0.681818182,0.272727273,0.045454545,0,0.035087719,0.578947368,0.175438596,0.210526316,0,1,0,0,0,0,0.019607843,0.039215686,0,0.941176471,1,0,0.762711864,0.084745763,0.152542373
417,0.684210526,0.263157895,0.052631579,0,0.018867925,0.641509434,0.188679245,0.132075472,0.018867925,1,0,0,0,0,0,0.092592593,0.074074074,0.833333333,1,0.035087719,0.789473684,0.087719298,0.087719298
418,0.75,0.208333333,0.041666667,0,0.017241379,0.586206897,0.172413793,0.206896552,0.017241379,0,0,0,0,0,0.038461538,0,0,0.961538462,1,0,0.762711864,0.084745763,0.152542373
419,0.730769231,0.230769231,0.038461538,0,0,0,0,0,0,0,0.70212766,0.212765957,0.085106383,0,0.180555556,0.597222222,0.125,0.097222222,1,0,0,1,0
420,0.708333333,0.208333333,0.041666667,0.041666667,1,0,0,0,0,0.020833333,0.708333333,0.208333333,0.0625,0,0.15942029,0.652173913,0.115942029,0.072463768,1,0,0.02,0.98,0
421,0.730769231,0.192307692,0.038461538,0.038461538,0,0,0,0,0,0,0.666666667,0.196078431,0.137254902,0,0.109375,0.6875,0.109375,0.09375,1,0.037735849,0,0.943396226,0.018867925
422,0.692307692,0.230769231,0.038461538,0.038461538,0,0.66,0.2,0.12,0.02,1,0,0,0,0,0.070175439,0.01754386,0.052631579,0.859649123,1,0.083333333,0.716666667,0.116666667,0.083333333
423,0.666666667,0.208333333,0.041666667,0.083333333,0.019607843,0.666666667,0.196078431,0.098039216,0.019607843,1,0,0,0,0,0.034482759,0.034482759,0.103448276,0.827586207,1,0.053571429,0.803571429,0.089285714,0.053571429
424,0.678571429,0.214285714,0.035714286,0.071428571,0,0.6875,0.208333333,0.083333333,0.020833333,0,0,0,0,0,0,0,0.074074074,0.925925926,1,0.153846154,0.661538462,0.107692308,0.076923077
425,0.739130435,0.217391304,0.043478261,0,0,0.755555556,0.222222222,0,0.022222222,0.666666667,0,0,0.333333333,0,0.017241379,0.034482759,0.120689655,0.827586207,1,0.174603175,0.698412698,0.095238095,0.031746032
426,0.75,0.208333333,0.041666667,0,0.02173913,0.739130435,0.217391304,0,0.02173913,0,0,0,0,0,0.079365079,0,0.126984127,0.793650794,1,0.15,0.75,0.083333333,0.016666667
427,0.692307692,0.192307692,0.038461538,0.076923077,0.021276596,0.70212766,0.212765957,0.042553191,0.021276596,0,1,0,0,0,0.081967213,0.016393443,0.098360656,0.803278689,1,0.103448276,0.75862069,0.103448276,0.034482759
428,0.666666667,0.285714286,0.047619048,0,0,0.6875,0.208333333,0.104166667,0,1,0,0,0,0,0.016666667,0.083333333,0.15,0.75,1,0.107142857,0.767857143,0.125,0
429,0.703703704,0.222222222,0.037037037,0.037037037,0,0.717391304,0.217391304,0.043478261,0.02173913,0,0,0,0,0,0.016949153,0,0.13559322,0.847457627,1,0.19047619,0.682539683,0.111111111,0.015873016
430,0.461538462,0.461538462,0.076923077,0,0,0.731707317,0.243902439,0.024390244,0,0.684210526,0.157894737,0,0.157894737,0,0,0.32,0,0.68,1,0,0.677966102,0.169491525,0.152542373
431,0.578947368,0.315789474,0.052631579,0.052631579,0,0.70212766,0.212765957,0.063829787,0.021276596,0.888888889,0,0,0.111111111,0,0.019607843,0.156862745,0,0.823529412,1,0.049180328,0.704918033,0.114754098,0.131147541
432,0.571428571,0.357142857,0.071428571,0,0.020833333,0.708333333,0.208333333,0.041666667,0.020833333,0.909090909,0,0,0,0.090909091,0.018867925,0.188679245,0.037735849,0.754716981,1,0,0.789473684,0.087719298,0.122807018
433,0.6,0.333333333,0.066666667,0,0.020833333,0.708333333,0.208333333,0.041666667,0.020833333,0.818181818,0,0,0.181818182,0,0.018867925,0.169811321,0.037735849,0.773584906,1,0,0.789473684,0.087719298,0.122807018
434,0.571428571,0.357142857,0.071428571,0,0,0.723404255,0.212765957,0.042553191,0.021276596,0.846153846,0,0,0.153846154,0,0,0.192982456,0.122807018,0.684210526,1,0,0.846153846,0.115384615,0.038461538
435,0.384615385,0.538461538,0.076923077,0,0.023809524,0.761904762,0.214285714,0,0,0.764705882,0,0.058823529,0.117647059,0.058823529,0.019230769,0.269230769,0.019230769,0.692307692,1,0,0.724137931,0.137931034,0.137931034
436,0.4,0.4,0.066666667,0.133333333,0,0.75,0.227272727,0.022727273,0,0.866666667,0,0,0.133333333,0,0,0.26,0,0.74,1,0,0.74137931,0.120689655,0.137931034
437,0.75,0.208333333,0.041666667,0,0.021276596,0.723404255,0.212765957,0.021276596,0.021276596,0,0,0,0,0,0.132352941,0,0.132352941,0.735294118,1,0.074074074,0.833333333,0.092592593,0
438,0.5,0.428571429,0.071428571,0,0.022222222,0.733333333,0.222222222,0.022222222,0,0.916666667,0,0,0.083333333,0,0.018181818,0.2,0.072727273,0.709090909,1,0.035087719,0.771929825,0.105263158,0.087719298
439,0.4375,0.5,0.0625,0,0.046511628,0.720930233,0.23255814,0,0,0.909090909,0,0,0,0.090909091,0.036363636,0.181818182,0.054545455,0.727272727,1,0.066666667,0.716666667,0.116666667,0.1
440,0.5,0.416666667,0.083333333,0,0,0.733333333,0.222222222,0.022222222,0.022222222,0.928571429,0.071428571,0,0,0,0.018181818,0.254545455,0.072727273,0.654545455,1,0,0.781818182,0.127272727,0.090909091
441,0.461538462,0.461538462,0.076923077,0,0,0.780487805,0.219512195,0,0,0.684210526,0.052631579,0.052631579,0.052631579,0.157894737,0,0.288461538,0.038461538,0.673076923,1,0,0.719298246,0.157894737,0.122807018
442,0.384615385,0.461538462,0.076923077,0.076923077,0.02173913,0.717391304,0.217391304,0.043478261,0,0.928571429,0,0,0.071428571,0,0,0.254901961,0.019607843,0.725490196,1,0,0.771929825,0.105263158,0.122807018
443,0.75,0.208333333,0.041666667,0,0,0,0,0,0,0.017241379,0.586206897,0.172413793,0.224137931,0,0.017241379,0.775862069,0.120689655,0.086206897,1,0.018867925,0,0.943396226,0.037735849
444,0.5,0.416666667,0.083333333,0,0.02173913,0.717391304,0.217391304,0.043478261,0,0.857142857,0.071428571,0,0,0.071428571,0,0.228070175,0.122807018,0.649122807,1,0,0.846153846,0.115384615,0.038461538
445,0.526315789,0.368421053,0.052631579,0.052631579,0,0.756097561,0.243902439,0,0,0.9,0.1,0,0,0,0.019230769,0.192307692,0.019230769,0.769230769,1,0.107692308,0.630769231,0.138461538,0.123076923
446,0.703703704,0.185185185,0.037037037,0.074074074,0,0.641509434,0.188679245,0.150943396,0.018867925,0,0,0,0,0,0.06779661,0,0.084745763,0.847457627,1,0.036363636,0.8,0.109090909,0.054545455
447,0.739130435,0.217391304,0.043478261,0,0.018181818,0.618181818,0.163636364,0.181818182,0.018181818,0.5,0,0.5,0,0,0,0.034482759,0.137931034,0.827586207,1,0.055555556,0.814814815,0.111111111,0.018518519
448,0.72,0.24,0.04,0,0,0.634615385,0.192307692,0.173076923,0,1,0,0,0,0,0,0.018867925,0.056603774,0.924528302,1,0.111111111,0.682539683,0.111111111,0.095238095
449,0.730769231,0.230769231,0.038461538,0,0,0,0,0,0,0,0.76744186,0.23255814,0,0,0.220588235,0.632352941,0.044117647,0.102941176,1,0.034482759,0,0.862068966,0.103448276
450,0.692307692,0.192307692,0.038461538,0.076923077,0,0,1,0,0,0.020408163,0.693877551,0.183673469,0.081632653,0.020408163,0.147540984,0.721311475,0.032786885,0.098360656,1,0,0.017857143,0.875,0.107142857
451,0.76,0.2,0.04,0,0,0,0,0,0,0,0.693877551,0.204081633,0.081632653,0.020408163,0.180327869,0.721311475,0,0.098360656,1,0,0,0.847457627,0.152542373
452,0.631578947,0.263157895,0.052631579,0.052631579,0,0.755555556,0.222222222,0,0.022222222,0.875,0,0,0,0.125,0.118644068,0.118644068,0.033898305,0.728813559,1,0,0.785714286,0.107142857,0.107142857
453,0.555555556,0.333333333,0.055555556,0.055555556,0,0.75,0.227272727,0,0.022727273,0.9,0,0,0.1,0,0,0.18,0,0.82,1,0.078125,0.671875,0.109375,0.140625
454,0.529411765,0.352941176,0.058823529,0.058823529,0.044444444,0.733333333,0.222222222,0,0,1,0,0,0,0,0.036363636,0.145454545,0.054545455,0.763636364,1,0.083333333,0.75,0.083333333,0.083333333
455,0.578947368,0.368421053,0.052631579,0,0.024390244,0.780487805,0.195121951,0,0,0.7,0,0.2,0.1,0,0,0.18,0,0.82,1,0.132352941,0.602941176,0.132352941,0.132352941
456,0.714285714,0.238095238,0.047619048,0,0.021276596,0.723404255,0.212765957,0.021276596,0.021276596,1,0,0,0,0,0.089285714,0.053571429,0.017857143,0.839285714,1,0.079365079,0.714285714,0.079365079,0.126984127
457,0.692307692,0.192307692,0.115384615,0,0.020833333,0.708333333,0.166666667,0.0625,0.041666667,0,0,0,0,0,0.149253731,0,0.104477612,0.746268657,1,0.037037037,0.796296296,0.12962963,0.037037037
458,0.75,0.208333333,0.041666667,0,0,0.755555556,0.222222222,0,0.022222222,1,0,0,0,0,0.184615385,0.015384615,0.046153846,0.753846154,1,0.034482759,0.75862069,0.103448276,0.103448276
459,0.703703704,0.185185185,0.037037037,0.074074074,0,1,0,0,0,0,0.611111111,0.185185185,0.203703704,0,0.035714286,0.767857143,0.071428571,0.125,1,0.035714286,0.017857143,0.875,0.071428571
460,0.666666667,0.25,0.041666667,0.041666667,0,0.70212766,0.212765957,0.063829787,0.021276596,1,0,0,0,0,0.092307692,0.046153846,0.138461538,0.723076923,1,0.056603774,0.811320755,0.132075472,0
461,0.72,0.2,0.04,0.04,0.019607843,0.666666667,0.196078431,0.098039216,0.019607843,0,0,0,0,0,0.090909091,0,0,0.909090909,1,0.048387097,0.725806452,0.080645161,0.14516129
462,0.678571429,0.178571429,0.035714286,0.107142857,0,0.607142857,0.178571429,0.196428571,0.017857143,0,0,0,0,0,0.017241379,0,0.120689655,0.862068966,1,0.019230769,0.846153846,0.115384615,0.019230769
463,0.68,0.2,0.04,0.08,0,0.596491228,0.175438596,0.210526316,0.01754386,1,0,0,0,0,0,0.035087719,0.122807018,0.842105263,1,0,0.862745098,0.117647059,0.019607843
464,0.692307692,0.192307692,0.038461538,0.076923077,0.01754386,0.596491228,0.175438596,0.192982456,0.01754386,0,0,0,0,0,0.017857143,0,0.089285714,0.892857143,1,0.018518519,0.833333333,0.092592593,0.055555556
465,0.75,0.208333333,0.041666667,0,0.018867925,0.641509434,0.188679245,0.132075472,0.018867925,0,0,0,0,0,0,0,0.137931034,0.862068966,1,0.120689655,0.775862069,0.086206897,0.017241379
466,0.64,0.2,0.04,0.12,0.02,0.68,0.2,0.08,0.02,1,0,0,0,0,0.06557377,0.032786885,0.114754098,0.786885246,1,0.037735849,0.849056604,0.094339623,0.018867925
467,0.555555556,0.333333333,0.055555556,0.055555556,0.044444444,0.733333333,0.222222222,0,0,0.875,0,0,0,0.125,0.032786885,0.114754098,0.147540984,0.704918033,1,0.074074074,0.833333333,0.092592593,0
468,0.647058824,0.294117647,0.058823529,0,0,0.772727273,0.204545455,0,0.022727273,0.888888889,0,0.111111111,0,0,0.071428571,0.160714286,0.035714286,0.732142857,1,0.05,0.716666667,0.116666667,0.116666667
469,0.714285714,0.238095238,0.047619048,0,0.020408163,0.693877551,0.204081633,0.06122449,0.020408163,1,0,0,0,0,0.032786885,0.049180328,0.147540984,0.770491803,1,0.107142857,0.803571429,0.089285714,0
470,0.5625,0.375,0.0625,0,0,0.75,0.227272727,0,0.022727273,1,0,0,0,0,0.078125,0.15625,0.140625,0.625,1,0.019607843,0.843137255,0.137254902,0
471,0.625,0.3125,0.0625,0,0.044444444,0.733333333,0.222222222,0,0,0.875,0.125,0,0,0,0.048387097,0.129032258,0.14516129,0.677419355,1,0.074074074,0.833333333,0.092592593,0
472,0.708333333,0.25,0.041666667,0,0.021276596,0.70212766,0.212765957,0.063829787,0,1,0,0,0,0,0.053571429,0.017857143,0.053571429,0.875,1,0.138461538,0.676923077,0.092307692,0.092307692
473,0.75,0.208333333,0.041666667,0,0,0,0,0,0,0.02,0.68,0.2,0.1,0,0.134328358,0.671641791,0.119402985,0.074626866,1,0.019230769,0,0.961538462,0.019230769
474,0.730769231,0.192307692,0.038461538,0.038461538,0,0,0,0,0,0,0.693877551,0.204081633,0.081632653,0.020408163,0.147058824,0.647058824,0.117647059,0.088235294,1,0,0,0.980392157,0.019607843
475,0.72,0.24,0.04,0,0,0,0,0,0,0.019230769,0.634615385,0.192307692,0.153846154,0,0.106060606,0.666666667,0.136363636,0.090909091,1,0.019607843,0,0.980392157,0
476,0.7,0.25,0.05,0,0,0.733333333,0.222222222,0.022222222,0.022222222,0.714285714,0.142857143,0,0,0.142857143,0.05,0.1,0.116666667,0.733333333,1,0.087719298,0.754385965,0.122807018,0.035087719
477,0.65,0.25,0.05,0.05,0,0.723404255,0.212765957,0.042553191,0.021276596,1,0,0,0,0,0.035087719,0.105263158,0.087719298,0.771929825,1,0.086206897,0.75862069,0.103448276,0.051724138
478,0.72,0.24,0.04,0,0.018867925,0.622641509,0.188679245,0.150943396,0.018867925,0,0,0,0,0,0.033333333,0,0.133333333,0.833333333,1,0.089285714,0.785714286,0.107142857,0.017857143
479,0.6,0.333333333,0.066666667,0,0,0.772727273,0.204545455,0,0.022727273,0.769230769,0,0.076923077,0.153846154,0,0.018518519,0.203703704,0.055555556,0.722222222,1,0.034482759,0.74137931,0.120689655,0.103448276
480,0.428571429,0.428571429,0.071428571,0.071428571,0.022727273,0.75,0.204545455,0.022727273,0,0.8,0,0.066666667,0.066666667,0.066666667,0.019607843,0.254901961,0,0.725490196,1,0,0.74137931,0.120689655,0.137931034
481,0.461538462,0.384615385,0.076923077,0.076923077,0.022222222,0.733333333,0.222222222,0,0.022222222,0.857142857,0.071428571,0,0.071428571,0,0.018518519,0.240740741,0.055555556,0.685185185,1,0,0.8,0.109090909,0.090909091
482,0.461538462,0.384615385,0.076923077,0.076923077,0.02173913,0.739130435,0.217391304,0,0.02173913,0.923076923,0,0,0.076923077,0,0.016949153,0.203389831,0.13559322,0.644067797,1,0,0.9,0.1,0
483,0.647058824,0.294117647,0.058823529,0,0,0.693877551,0.204081633,0.081632653,0.020408163,1,0,0,0,0,0.016666667,0.133333333,0.15,0.7,1,0.038461538,0.846153846,0.115384615,0
484,0.5,0.428571429,0.071428571,0,0.02173913,0.717391304,0.217391304,0,0.043478261,1,0,0,0,0,0,0.186440678,0.152542373,0.661016949,1,0.056603774,0.830188679,0.113207547,0
485,0.461538462,0.461538462,0.076923077,0,0,0.75,0.227272727,0,0.022727273,0.866666667,0,0,0.066666667,0.066666667,0,0.220338983,0.152542373,0.627118644,1,0.019607843,0.843137255,0.137254902,0
486,0.5625,0.375,0.0625,0,0.020833333,0.6875,0.208333333,0.041666667,0.041666667,1,0,0,0,0,0.032786885,0.147540984,0.147540984,0.672131148,1,0.019607843,0.862745098,0.117647059,0
487,0.666666667,0.277777778,0.055555556,0,0.02,0.68,0.2,0.08,0.02,1,0,0,0,0,0.034482759,0.103448276,0.103448276,0.75862069,1,0.036363636,0.818181818,0.090909091,0.054545455
488,0.533333333,0.4,0.066666667,0,0.02173913,0.717391304,0.217391304,0.02173913,0.02173913,0.833333333,0,0,0,0.166666667,0.037735849,0.188679245,0.018867925,0.754716981,1,0,0.75862069,0.103448276,0.137931034
489,0.6,0.3,0.05,0.05,0.021276596,0.70212766,0.212765957,0.021276596,0.042553191,0.857142857,0,0,0.142857143,0,0.063492063,0.095238095,0.142857143,0.698412698,1,0.019607843,0.862745098,0.117647059,0
490,0.75,0.208333333,0.041666667,0,0.017857143,0.607142857,0.178571429,0.178571429,0.017857143,0,0,0,0,0,0.034482759,0,0.103448276,0.862068966,1,0.036363636,0.818181818,0.090909091,0.054545455
491,0.72,0.2,0.04,0.04,0.018181818,0.618181818,0.181818182,0.163636364,0.018181818,0,0,0,0,0,0.017241379,0,0.120689655,0.862068966,1,0.072727273,0.818181818,0.090909091,0.018181818
492,0.631578947,0.263157895,0.052631579,0.052631579,0,0.75,0.227272727,0,0.022727273,0.875,0.125,0,0,0,0.111111111,0.126984127,0.095238095,0.666666667,1,0,0.811320755,0.132075472,0.056603774
493,0.466666667,0.466666667,0.066666667,0,0.023809524,0.761904762,0.19047619,0,0.023809524,0.733333333,0,0.133333333,0,0.133333333,0.018181818,0.236363636,0.072727273,0.672727273,1,0.035087719,0.719298246,0.157894737,0.087719298
494,0.384615385,0.538461538,0.076923077,0,0.023809524,0.738095238,0.238095238,0,0,0.722222222,0.055555556,0,0.055555556,0.166666667,0,0.269230769,0.038461538,0.692307692,1,0,0.736842105,0.140350877,0.122807018
495,0.6,0.333333333,0.066666667,0,0,0.739130435,0.217391304,0.02173913,0.02173913,0.833333333,0,0,0,0.166666667,0.016666667,0.166666667,0.15,0.666666667,1,0.019607843,0.862745098,0.117647059,0
496,0.470588235,0.470588235,0.058823529,0,0,0.763157895,0.236842105,0,0,0.6875,0.125,0.0625,0.0625,0.0625,0.087719298,0.245614035,0.035087719,0.631578947,1,0.017241379,0.655172414,0.206896552,0.120689655
497,0.526315789,0.315789474,0.052631579,0.105263158,0,0.76744186,0.23255814,0,0,0.9,0,0,0.1,0,0.103448276,0.155172414,0.034482759,0.706896552,1,0,0.767857143,0.125,0.107142857
498,0.65,0.3,0.05,0,0,0.6875,0.208333333,0.083333333,0.020833333,1,0,0,0,0,0.036363636,0.109090909,0.054545455,0.8,1,0.066666667,0.716666667,0.116666667,0.1
499,0.588235294,0.352941176,0.058823529,0,0,0.733333333,0.222222222,0.022222222,0.022222222,1,0,0,0,0,0.032786885,0.147540984,0.147540984,0.672131148,1,0.074074074,0.796296296,0.12962963,0
500,0.555555556,0.333333333,0.111111111,0,0.044444444,0.733333333,0.2,0.022222222,0,0.777777778,0,0,0.222222222,0,0.037037037,0.12962963,0.037037037,0.796296296,1,0.06557377,0.721311475,0.098360656,0.114754098
501,0.5,0.357142857,0.071428571,0.071428571,0.020833333,0.708333333,0.208333333,0.041666667,0.020833333,0.916666667,0,0,0.083333333,0,0,0.196428571,0.107142857,0.696428571,1,0,0.865384615,0.096153846,0.038461538
502,0.533333333,0.333333333,0.066666667,0.066666667,0.020833333,0.708333333,0.208333333,0.041666667,0.020833333,0.833333333,0,0,0,0.166666667,0,0.172413793,0.137931034,0.689655172,1,0,0.9,0.1,0
503,0.428571429,0.428571429,0.071428571,0.071428571,0,0.75,0.227272727,0,0.022727273,0.866666667,0,0,0.133333333,0,0,0.228070175,0.122807018,0.649122807,1,0.019230769,0.826923077,0.134615385,0.019230769
504,0.428571429,0.428571429,0.071428571,0.071428571,0.023809524,0.761904762,0.214285714,0,0,0.75,0.0625,0.0625,0.125,0,0.035714286,0.25,0.071428571,0.642857143,1,0,0.777777778,0.148148148,0.074074074
505,0.4375,0.4375,0.0625,0.0625,0.023809524,0.738095238,0.238095238,0,0,0.785714286,0.071428571,0,0.142857143,0,0.036363636,0.218181818,0.054545455,0.690909091,1,0.035087719,0.736842105,0.140350877,0.087719298
506,0.5,0.4375,0.0625,0,0.045454545,0.727272727,0.227272727,0,0,0.9,0,0,0.1,0,0.068965517,0.155172414,0.068965517,0.706896552,1,0.035087719,0.771929825,0.105263158,0.087719298
507,0.590909091,0.272727273,0.045454545,0.090909091,0.023255814,0.76744186,0.186046512,0,0.023255814,0.625,0,0.25,0,0.125,0.06557377,0.114754098,0.114754098,0.704918033,1,0.054545455,0.763636364,0.145454545,0.036363636
508,0.703703704,0.185185185,0.111111111,0,0,0.739130435,0.173913043,0.065217391,0.02173913,0,0,0,0,0,0.06779661,0,0.084745763,0.847457627,1,0.15625,0.65625,0.125,0.0625
509,0.72,0.2,0.08,0,0.018867925,0.641509434,0.169811321,0.150943396,0.018867925,0,0,0,0,0,0.116666667,0,0.05,0.833333333,1,0,0.785714286,0.107142857,0.107142857
510,0.5,0.357142857,0.071428571,0.071428571,0,0.708333333,0.208333333,0.0625,0.020833333,1,0,0,0,0,0,0.235294118,0.019607843,0.745098039,1,0,0.771929825,0.105263158,0.122807018
511,0.68,0.24,0.04,0.04,0.035714286,0.589285714,0.178571429,0.196428571,0,0,0,0,0,0,0.019607843,0,0,0.980392157,1,0.032786885,0.737704918,0.081967213,0.147540984
512,0.6,0.333333333,0.066666667,0,0.02173913,0.739130435,0.217391304,0,0.02173913,0.818181818,0,0,0,0.181818182,0.019230769,0.173076923,0.019230769,0.788461538,1,0.033333333,0.75,0.083333333,0.133333333
513,0.666666667,0.238095238,0.095238095,0,0,0.708333333,0.1875,0.083333333,0.020833333,0.833333333,0,0,0.166666667,0,0.086206897,0.086206897,0.051724138,0.775862069,1,0.01754386,0.754385965,0.122807018,0.105263158
514,0.76,0.2,0.04,0,0,0.723404255,0.212765957,0.042553191,0.021276596,0,0,0,0,0,0.1875,0,0.03125,0.78125,1,0.017241379,0.75862069,0.103448276,0.120689655
515,0.681818182,0.227272727,0.045454545,0.045454545,0.02173913,0.739130435,0.217391304,0,0.02173913,1,0,0,0,0,0.074074074,0.055555556,0,0.87037037,1,0.092307692,0.692307692,0.076923077,0.138461538
516,0.6,0.28,0.12,0,0.047619048,0.761904762,0.19047619,0,0,1,0,0,0,0,0.072727273,0.036363636,0.018181818,0.872727273,1,0.171428571,0.6,0.114285714,0.114285714
517,0.72,0.2,0.04,0.04,0.020408163,0.693877551,0.204081633,0.06122449,0.020408163,0,0,0,0,0,0.037735849,0,0.018867925,0.943396226,1,0.136363636,0.681818182,0.075757576,0.106060606
518,0.739130435,0.217391304,0.043478261,0,0.019607843,0.666666667,0.196078431,0.098039216,0.019607843,1,0,0,0,0,0.056603774,0.018867925,0,0.924528302,1,0.078125,0.703125,0.078125,0.140625
519,0.681818182,0.272727273,0.045454545,0,0.038461538,0.634615385,0.192307692,0.134615385,0,0.666666667,0,0,0.333333333,0,0.019607843,0.039215686,0,0.941176471,1,0.063492063,0.714285714,0.079365079,0.142857143
520,0.470588235,0.411764706,0.117647059,0,0.024390244,0.780487805,0.195121951,0,0,0.666666667,0,0.066666667,0.066666667,0.2,0.038461538,0.211538462,0,0.75,1,0.032786885,0.672131148,0.147540984,0.147540984
521,0.466666667,0.4,0.066666667,0.066666667,0,0.75,0.227272727,0,0.022727273,0.8,0,0,0,0.2,0.019230769,0.230769231,0.019230769,0.730769231,1,0,0.754385965,0.122807018,0.122807018
522,0.5,0.416666667,0.083333333,0,0,0.755555556,0.222222222,0,0.022222222,0.928571429,0,0,0.071428571,0,0.01754386,0.228070175,0.105263158,0.649122807,1,0,0.830188679,0.113207547,0.056603774
523,0.5625,0.375,0.0625,0,0,0.76744186,0.209302326,0,0.023255814,0.769230769,0,0.076923077,0.153846154,0,0.049180328,0.180327869,0.131147541,0.639344262,1,0.019230769,0.807692308,0.153846154,0.019230769
524,0.5,0.416666667,0.083333333,0,0,0.755555556,0.222222222,0,0.022222222,0.866666667,0,0,0.133333333,0,0,0.224137931,0.137931034,0.637931034,1,0,0.862745098,0.117647059,0.019607843
525,0.65,0.3,0.05,0,0,0.711111111,0.2,0.088888889,0,0.75,0.125,0.125,0,0,0.051724138,0.137931034,0.086206897,0.724137931,1,0.068965517,0.706896552,0.155172414,0.068965517
526,0.75,0.208333333,0.041666667,0,0,0.693877551,0.204081633,0.081632653,0.020408163,1,0,0,0,0,0.112903226,0.016129032,0.080645161,0.790322581,1,0.052631579,0.771929825,0.105263158,0.070175439
527,0.65,0.3,0.05,0,0.022222222,0.711111111,0.222222222,0.044444444,0,0.625,0.125,0,0.25,0,0,0.113207547,0.056603774,0.830188679,1,0.111111111,0.682539683,0.111111111,0.095238095
528,0.5,0.416666667,0.083333333,0,0,0.755555556,0.222222222,0,0.022222222,0.866666667,0,0,0.133333333,0,0,0.254901961,0.019607843,0.725490196,1,0,0.75862069,0.103448276,0.137931034
529,0.428571429,0.428571429,0.142857143,0,0.023255814,0.76744186,0.186046512,0,0.023255814,0.75,0,0.0625,0.0625,0.125,0.016666667,0.216666667,0.15,0.616666667,1,0,0.84,0.16,0
530,0.5625,0.3125,0.0625,0.0625,0.021276596,0.723404255,0.212765957,0.021276596,0.021276596,0.818181818,0,0,0,0.181818182,0.01754386,0.157894737,0.105263158,0.719298246,1,0.018867925,0.849056604,0.094339623,0.037735849
531,0.647058824,0.294117647,0.058823529,0,0.021276596,0.723404255,0.212765957,0.021276596,0.021276596,1,0,0,0,0,0.084745763,0.118644068,0.06779661,0.728813559,1,0.017857143,0.803571429,0.089285714,0.089285714
532,0.647058824,0.294117647,0.058823529,0,0.02,0.68,0.2,0.08,0.02,0.777777778,0,0,0.111111111,0.111111111,0,0.125,0.107142857,0.767857143,1,0.018518519,0.833333333,0.092592593,0.055555556
533,0.6,0.333333333,0.066666667,0,0,0.708333333,0.208333333,0.0625,0.020833333,0.909090909,0,0,0,0.090909091,0.019230769,0.192307692,0.019230769,0.769230769,1,0,0.75862069,0.103448276,0.137931034
534,0.55,0.25,0.1,0.1,0.020833333,0.6875,0.1875,0.083333333,0.020833333,0.875,0.125,0,0,0,0.01754386,0.140350877,0.105263158,0.736842105,1,0.037037037,0.796296296,0.12962963,0.037037037
535,0.64,0.2,0.08,0.08,0.04,0.68,0.18,0.06,0.04,1,0,0,0,0,0.053571429,0.017857143,0.053571429,0.875,1,0.083333333,0.75,0.083333333,0.083333333
536,0.65,0.25,0.1,0,0,0.739130435,0.195652174,0.043478261,0.02173913,1,0,0,0,0,0.090909091,0.109090909,0,0.8,1,0.048387097,0.693548387,0.112903226,0.14516129
537,0.708333333,0.25,0.041666667,0,0.037735849,0.622641509,0.169811321,0.169811321,0,0,0,0.5,0.5,0,0.055555556,0.018518519,0.018518519,0.907407407,1,0.033333333,0.733333333,0.1,0.133333333
538,0.695652174,0.260869565,0.043478261,0,0.035087719,0.578947368,0.175438596,0.210526316,0,1,0,0,0,0,0.035714286,0.017857143,0.071428571,0.875,1,0,0.818181818,0.090909091,0.090909091
539,0.714285714,0.238095238,0.047619048,0,0.017857143,0.607142857,0.178571429,0.178571429,0.017857143,1,0,0,0,0,0,0.055555556,0.074074074,0.87037037,1,0.017857143,0.803571429,0.089285714,0.089285714
540,0.64,0.24,0.04,0.08,0.019607843,0.62745098,0.196078431,0.156862745,0,0.666666667,0.333333333,0,0,0,0.01754386,0.052631579,0.105263158,0.824561404,1,0.071428571,0.767857143,0.125,0.035714286
541,0.611111111,0.277777778,0.055555556,0.055555556,0.020833333,0.708333333,0.1875,0.0625,0.020833333,0.777777778,0,0.111111111,0,0.111111111,0,0.145454545,0.090909091,0.763636364,1,0.053571429,0.785714286,0.107142857,0.053571429
542,0.538461538,0.384615385,0.076923077,0,0,0.755555556,0.222222222,0,0.022222222,0.923076923,0,0,0,0.076923077,0.033333333,0.2,0.133333333,0.633333333,1,0,0.862745098,0.117647059,0.019607843
543,0.65,0.25,0.05,0.05,0,0.739130435,0.217391304,0.02173913,0.02173913,0.857142857,0,0,0,0.142857143,0.087719298,0.105263158,0.035087719,0.771929825,1,0.017241379,0.75862069,0.103448276,0.120689655
544,0.681818182,0.272727273,0.045454545,0,0.021276596,0.680851064,0.212765957,0.085106383,0,0.6,0.2,0,0.2,0,0.105263158,0.070175439,0.01754386,0.807017544,1,0.033333333,0.716666667,0.116666667,0.133333333
545,0.75,0.208333333,0.041666667,0,0.020833333,0.708333333,0.208333333,0.041666667,0.020833333,0,0,0,0,0,0.074074074,0,0,0.925925926,1,0.119402985,0.671641791,0.074626866,0.134328358
546,0.666666667,0.291666667,0.041666667,0,0.023255814,0.744186047,0.209302326,0.023255814,0,0.5,0,0.25,0.25,0,0.121212121,0.045454545,0.121212121,0.712121212,1,0.089285714,0.75,0.142857143,0.017857143
547,0.72,0.2,0.04,0.04,0.019230769,0.653846154,0.192307692,0.115384615,0.019230769,0,0,0,0,0,0.111111111,0,0.095238095,0.793650794,1,0.018867925,0.849056604,0.094339623,0.037735849
548,0.730769231,0.192307692,0.038461538,0.038461538,0,0.717391304,0.217391304,0.043478261,0.02173913,0,1,0,0,0,0.1875,0.015625,0.03125,0.765625,1,0.01754386,0.754385965,0.122807018,0.105263158
549,0.730769231,0.230769231,0.038461538,0,0,0.744186047,0.23255814,0,0.023255814,0,1,0,0,0,0.122807018,0.01754386,0,0.859649123,1,0.132352941,0.617647059,0.117647059,0.132352941
550,0.68,0.2,0.04,0.08,0.018518519,0.62962963,0.185185185,0.148148148,0.018518519,1,0,0,0,0,0,0.018181818,0.090909091,0.890909091,1,0.070175439,0.789473684,0.087719298,0.052631579
551,0.739130435,0.217391304,0.043478261,0,0.01754386,0.596491228,0.175438596,0.192982456,0.01754386,1,0,0,0,0,0.032786885,0.016393443,0.147540984,0.803278689,1,0,0.9,0.1,0
552,0.5625,0.375,0.0625,0,0,0.733333333,0.222222222,0.022222222,0.022222222,0.769230769,0,0,0.076923077,0.153846154,0.037735849,0.188679245,0.018867925,0.754716981,1,0,0.74137931,0.120689655,0.137931034
553,0.695652174,0.260869565,0.043478261,0,0.042553191,0.70212766,0.212765957,0.042553191,0,0.5,0,0,0,0.5,0.118644068,0.016949153,0.033898305,0.830508475,1,0.06557377,0.737704918,0.081967213,0.114754098
554,0.538461538,0.384615385,0.076923077,0,0,0.727272727,0.227272727,0.022727273,0.022727273,0.75,0.125,0,0.125,0,0,0.24137931,0.137931034,0.620689655,1,0,0.823529412,0.156862745,0.019607843
555,0.461538462,0.461538462,0.076923077,0,0,0.75,0.227272727,0,0.022727273,0.928571429,0,0,0,0.071428571,0.017857143,0.232142857,0.089285714,0.660714286,1,0.018181818,0.781818182,0.127272727,0.072727273
556,0.428571429,0.357142857,0.142857143,0.071428571,0,0.772727273,0.204545455,0,0.022727273,0.928571429,0,0,0.071428571,0,0.01754386,0.228070175,0.105263158,0.649122807,1,0.018867925,0.811320755,0.132075472,0.037735849
557,0.461538462,0.384615385,0.076923077,0.076923077,0,0.80952381,0.166666667,0,0.023809524,0.722222222,0,0.166666667,0,0.111111111,0,0.280701754,0.122807018,0.596491228,1,0,0.803921569,0.176470588,0.019607843
558,0.461538462,0.384615385,0.076923077,0.076923077,0,0.75,0.227272727,0,0.022727273,0.8125,0.0625,0,0.0625,0.0625,0,0.269230769,0.038461538,0.692307692,1,0,0.767857143,0.125,0.107142857
559,0.538461538,0.384615385,0.076923077,0,0.040816327,0.673469388,0.204081633,0.081632653,0,0.909090909,0.090909091,0,0,0,0,0.189655172,0.137931034,0.672413793,1,0,0.882352941,0.098039216,0.019607843
560,0.5,0.416666667,0.083333333,0,0,0.755555556,0.222222222,0,0.022222222,0.866666667,0,0,0.133333333,0,0,0.220338983,0.152542373,0.627118644,1,0,0.88,0.12,0
561,0.428571429,0.428571429,0.071428571,0.071428571,0.022222222,0.733333333,0.222222222,0,0.022222222,0.923076923,0,0,0,0.076923077,0,0.218181818,0.090909091,0.690909091,1,0.036363636,0.8,0.109090909,0.054545455
562,0.529411765,0.411764706,0.058823529,0,0.022727273,0.704545455,0.227272727,0.045454545,0,0.818181818,0.090909091,0,0.090909091,0,0,0.169491525,0.152542373,0.677966102,1,0.090909091,0.763636364,0.145454545,0
563,0.5,0.428571429,0.071428571,0,0,0.76744186,0.23255814,0,0,0.8,0,0,0.2,0,0.017857143,0.214285714,0.089285714,0.678571429,1,0.018181818,0.781818182,0.127272727,0.072727273
564,0.533333333,0.4,0.066666667,0,0,0.756097561,0.219512195,0.024390244,0,0.611111111,0.111111111,0.055555556,0.166666667,0.055555556,0.017857143,0.25,0.089285714,0.642857143,1,0,0.740740741,0.185185185,0.074074074
565,0.588235294,0.294117647,0.058823529,0.058823529,0,0.693877551,0.204081633,0.081632653,0.020408163,0.818181818,0,0,0.181818182,0,0,0.160714286,0.107142857,0.732142857,1,0,0.846153846,0.115384615,0.038461538
566,0.533333333,0.333333333,0.066666667,0.066666667,0,0.708333333,0.208333333,0.0625,0.020833333,0.916666667,0,0,0.083333333,0,0,0.192982456,0.122807018,0.684210526,1,0,0.862745098,0.117647059,0.019607843
567,0.571428571,0.357142857,0.071428571,0,0.04,0.66,0.2,0.1,0,0.9,0.1,0,0,0,0,0.172413793,0.137931034,0.689655172,1,0,0.882352941,0.098039216,0.019607843
568,0.5,0.357142857,0.071428571,0.071428571,0,0.739130435,0.217391304,0.02173913,0.02173913,0.857142857,0,0,0,0.142857143,0,0.218181818,0.090909091,0.690909091,1,0,0.830188679,0.113207547,0.056603774
569,0.5,0.428571429,0.071428571,0,0.044444444,0.733333333,0.222222222,0,0,0.833333333,0,0,0.083333333,0.083333333,0,0.192307692,0.038461538,0.769230769,1,0.05,0.75,0.083333333,0.116666667
570,0.5625,0.3125,0.0625,0.0625,0,0.723404255,0.212765957,0.042553191,0.021276596,0.909090909,0,0,0,0.090909091,0.018181818,0.181818182,0.072727273,0.727272727,1,0.018181818,0.8,0.109090909,0.072727273
571,0.529411765,0.352941176,0.058823529,0.058823529,0.022727273,0.75,0.227272727,0,0,1,0,0,0,0,0.053571429,0.160714286,0.053571429,0.732142857,1,0.06779661,0.745762712,0.101694915,0.084745763
572,0.55,0.3,0.05,0.1,0.022727273,0.704545455,0.227272727,0.022727273,0.022727273,0.636363636,0.181818182,0,0.181818182,0,0.01754386,0.157894737,0.105263158,0.719298246,1,0.054545455,0.763636364,0.145454545,0.036363636
573,0.538461538,0.384615385,0.076923077,0,0.021276596,0.723404255,0.212765957,0.021276596,0.021276596,0.846153846,0,0,0.153846154,0,0,0.2,0.090909091,0.709090909,1,0,0.833333333,0.092592593,0.074074074
574,0.5,0.416666667,0.083333333,0,0,0.75,0.227272727,0,0.022727273,0.866666667,0.066666667,0,0,0.066666667,0,0.264150943,0.056603774,0.679245283,1,0.01754386,0.754385965,0.122807018,0.105263158
575,0.466666667,0.466666667,0.066666667,0,0.02173913,0.673913043,0.217391304,0.086956522,0,0.846153846,0.076923077,0,0.076923077,0,0,0.230769231,0.038461538,0.730769231,1,0.017241379,0.724137931,0.137931034,0.120689655
576,0.538461538,0.384615385,0.076923077,0,0,0.755555556,0.222222222,0,0.022222222,0.857142857,0,0,0.071428571,0.071428571,0,0.230769231,0.038461538,0.730769231,1,0.017241379,0.75862069,0.103448276,0.120689655
577,0.708333333,0.208333333,0.041666667,0.041666667,0.019607843,0.666666667,0.196078431,0.098039216,0.019607843,0.5,0,0,0,0.5,0.087719298,0.01754386,0.035087719,0.859649123,1,0.017241379,0.775862069,0.086206897,0.120689655
578,0.5,0.416666667,0.083333333,0,0.022222222,0.733333333,0.222222222,0.022222222,0,0.8,0.066666667,0,0,0.133333333,0,0.245283019,0.056603774,0.698113208,1,0,0.785714286,0.107142857,0.107142857
579,0.647058824,0.294117647,0.058823529,0,0,0.755555556,0.222222222,0,0.022222222,0.888888889,0,0,0,0.111111111,0.072727273,0.145454545,0.018181818,0.763636364,1,0.033333333,0.733333333,0.1,0.133333333
580,0.533333333,0.333333333,0.066666667,0.066666667,0,0.755555556,0.222222222,0,0.022222222,1,0,0,0,0,0,0.20754717,0.056603774,0.735849057,1,0.06779661,0.745762712,0.101694915,0.084745763
581,0.555555556,0.333333333,0.111111111,0,0,0.75,0.204545455,0.022727273,0.022727273,0.818181818,0,0,0,0.181818182,0.071428571,0.160714286,0.035714286,0.732142857,1,0.017241379,0.724137931,0.137931034,0.120689655
582,0.571428571,0.357142857,0.071428571,0,0,0.772727273,0.204545455,0,0.022727273,0.846153846,0,0.076923077,0.076923077,0,0.016666667,0.2,0.15,0.633333333,1,0.038461538,0.826923077,0.134615385,0
583,0.6,0.333333333,0.066666667,0,0,0.739130435,0.217391304,0.02173913,0.02173913,0.909090909,0,0,0,0.090909091,0.016666667,0.166666667,0.15,0.666666667,1,0.038461538,0.846153846,0.115384615,0
584,0.681818182,0.227272727,0.045454545,0.045454545,0.018181818,0.618181818,0.181818182,0.163636364,0.018181818,1,0,0,0,0,0,0.051724138,0.137931034,0.810344828,1,0.019230769,0.865384615,0.096153846,0.019230769
585,0.533333333,0.333333333,0.066666667,0.066666667,0,0.755555556,0.222222222,0,0.022222222,0.846153846,0,0,0.076923077,0.076923077,0.018518519,0.203703704,0.055555556,0.722222222,1,0.017857143,0.785714286,0.107142857,0.089285714
586,0.611111111,0.277777778,0.111111111,0,0.021276596,0.723404255,0.191489362,0.042553191,0.021276596,0.777777778,0,0,0.222222222,0,0.035087719,0.122807018,0.087719298,0.754385965,1,0.035714286,0.785714286,0.107142857,0.071428571
587,0.526315789,0.421052632,0.052631579,0,0,0.720930233,0.23255814,0.023255814,0.023255814,0.9,0,0,0.1,0,0.122807018,0.157894737,0,0.719298246,1,0,0.694915254,0.152542373,0.152542373
588,0.65,0.3,0.05,0,0.021276596,0.70212766,0.212765957,0.042553191,0.021276596,0.833333333,0,0,0.166666667,0,0.090909091,0.090909091,0,0.818181818,1,0.032786885,0.721311475,0.098360656,0.147540984
589,0.529411765,0.352941176,0.058823529,0.058823529,0,0.717391304,0.217391304,0.043478261,0.02173913,0.909090909,0,0,0,0.090909091,0,0.188679245,0.056603774,0.754716981,1,0.034482759,0.74137931,0.120689655,0.103448276
590,0.526315789,0.368421053,0.052631579,0.052631579,0,0.761904762,0.214285714,0,0.023809524,0.75,0,0.083333333,0,0.166666667,0.017241379,0.172413793,0.120689655,0.689655172,1,0.089285714,0.732142857,0.160714286,0.017857143
591,0.739130435,0.217391304,0.043478261,0,0.021276596,0.723404255,0.212765957,0.021276596,0.021276596,1,0,0,0,0,0.055555556,0.018518519,0.018518519,0.907407407,1,0.134328358,0.671641791,0.074626866,0.119402985
592,0.708333333,0.208333333,0.041666667,0.041666667,0.020833333,0.708333333,0.208333333,0.041666667,0.020833333,0.5,0,0,0,0.5,0.070175439,0.01754386,0.052631579,0.859649123,1,0.098360656,0.737704918,0.081967213,0.081967213
593,0.666666667,0.222222222,0.037037037,0.074074074,0.020833333,0.6875,0.208333333,0.0625,0.020833333,0,0,0,0,0,0.034482759,0,0.103448276,0.862068966,1,0.131147541,0.721311475,0.098360656,0.049180328
594,0.68,0.2,0.04,0.08,0.018867925,0.641509434,0.188679245,0.132075472,0.018867925,1,0,0,0,0,0.084745763,0.016949153,0.06779661,0.830508475,1,0,0.833333333,0.092592593,0.074074074
595,0.739130435,0.217391304,0.043478261,0,0.02,0.68,0.2,0.08,0.02,1,0,0,0,0,0,0.016949153,0.152542373,0.830508475,1,0.152542373,0.762711864,0.084745763,0
596,0.708333333,0.25,0.041666667,0,0.02173913,0.717391304,0.217391304,0.043478261,0,0.5,0,0,0,0.5,0.064516129,0.016129032,0.129032258,0.790322581,1,0.13559322,0.745762712,0.101694915,0.016949153
597,0.692307692,0.192307692,0.038461538,0.076923077,0.020408163,0.693877551,0.204081633,0.06122449,0.020408163,0,0,0,0,0,0.152542373,0,0,0.847457627,1,0.016949153,0.762711864,0.084745763,0.13559322
598,0.703703704,0.185185185,0.037037037,0.074074074,0,0.693877551,0.204081633,0.081632653,0.020408163,0,0,0,0,0,0.149253731,0,0.104477612,0.746268657,1,0,0.862745098,0.117647059,0.019607843
599,0.727272727,0.227272727,0.045454545,0,0,0.755555556,0.222222222,0,0.022222222,1,0,0,0,0,0.032786885,0.049180328,0.147540984,0.770491803,1,0.166666667,0.733333333,0.1,0
600,0.666666667,0.25,0.083333333,0,0,0.680851064,0.191489362,0.106382979,0.021276596,0.75,0.25,0,0,0,0,0.071428571,0.107142857,0.821428571,1,0.14516129,0.661290323,0.14516129,0.048387097
601,0.727272727,0.227272727,0.045454545,0,0.020408163,0.693877551,0.204081633,0.06122449,0.020408163,1,0,0,0,0,0,0.034482759,0.137931034,0.827586207,1,0.15,0.75,0.083333333,0.016666667
602,0.75,0.208333333,0.041666667,0,0,0.723404255,0.212765957,0.042553191,0.021276596,1,0,0,0,0,0.078125,0.015625,0.140625,0.765625,1,0.122807018,0.771929825,0.105263158,0
603,0.75,0.208333333,0.041666667,0,0.021276596,0.723404255,0.212765957,0.021276596,0.021276596,0,0,0,0,0,0.149253731,0,0.104477612,0.746268657,1,0.054545455,0.818181818,0.090909091,0.036363636
604,0.473684211,0.473684211,0.052631579,0,0.023809524,0.714285714,0.238095238,0.023809524,0,0.9,0,0,0,0.1,0.137931034,0.155172414,0,0.706896552,1,0,0.694915254,0.152542373,0.152542373
605,0.611111111,0.277777778,0.055555556,0.055555556,0,0.708333333,0.208333333,0.0625,0.020833333,1,0,0,0,0,0.056603774,0.150943396,0,0.79245283,1,0,0.745762712,0.101694915,0.152542373
606,0.739130435,0.217391304,0.043478261,0,0.020408163,0.693877551,0.163265306,0.102040816,0.020408163,0.333333333,0,0.666666667,0,0,0.107142857,0.053571429,0,0.839285714,1,0.032786885,0.704918033,0.114754098,0.147540984
607,0.684210526,0.263157895,0.052631579,0,0,0.641509434,0.188679245,0.150943396,0.018867925,0.857142857,0,0,0.142857143,0,0,0.109090909,0.090909091,0.8,1,0,0.814814815,0.111111111,0.074074074
608,0.64,0.2,0.12,0.04,0,0.708333333,0.166666667,0.104166667,0.020833333,0.75,0,0,0.25,0,0,0.056603774,0.056603774,0.886792453,1,0.111111111,0.666666667,0.126984127,0.095238095
609,0.611111111,0.333333333,0.055555556,0,0.041666667,0.6875,0.208333333,0.0625,0,0.857142857,0,0,0,0.142857143,0.064516129,0.096774194,0.129032258,0.709677419,1,0.019230769,0.865384615,0.096153846,0.019230769
610,0.681818182,0.272727273,0.045454545,0,0.040816327,0.673469388,0.204081633,0.081632653,0,0.666666667,0,0,0.333333333,0,0.056603774,0.037735849,0,0.905660377,1,0.078125,0.703125,0.078125,0.140625
611,0.730769231,0.230769231,0.038461538,0,0,0.70212766,0.212765957,0.063829787,0.021276596,0,0,0,0,0,0.15,0,0.016666667,0.833333333,1,0.064516129,0.693548387,0.112903226,0.129032258
612,0.72,0.2,0.04,0.04,0.02173913,0.739130435,0.217391304,0,0.02173913,0,0,0,0,0,0.203125,0,0.015625,0.78125,1,0,0.775862069,0.086206897,0.137931034
613,0.647058824,0.294117647,0.058823529,0,0.02,0.68,0.2,0.08,0.02,0.875,0,0,0,0.125,0.038461538,0.134615385,0,0.826923077,1,0,0.762711864,0.084745763,0.152542373
614,0.625,0.3125,0.0625,0,0,0.723404255,0.212765957,0.042553191,0.021276596,1,0,0,0,0,0.072727273,0.163636364,0.018181818,0.745454545,1,0,0.75862069,0.103448276,0.137931034
615,0.6,0.35,0.05,0,0.022727273,0.727272727,0.227272727,0.022727273,0,0.857142857,0,0,0,0.142857143,0,0.109090909,0.090909091,0.8,1,0.142857143,0.682539683,0.111111111,0.063492063
616,0.666666667,0.25,0.041666667,0.041666667,0.019607843,0.647058824,0.196078431,0.137254902,0,0.666666667,0,0,0.333333333,0,0.017241379,0.034482759,0.120689655,0.827586207,1,0.089285714,0.785714286,0.107142857,0.017857143
617,0.5,0.357142857,0.142857143,0,0.021276596,0.723404255,0.170212766,0.042553191,0.042553191,0.846153846,0,0.076923077,0.076923077,0,0,0.206896552,0.137931034,0.655172414,1,0,0.843137255,0.137254902,0.019607843
618,0.692307692,0.230769231,0.038461538,0.038461538,0.021276596,0.70212766,0.212765957,0.042553191,0.021276596,0,0,0,0,0,0.166666667,0,0,0.833333333,1,0.049180328,0.721311475,0.098360656,0.131147541
619,0.739130435,0.217391304,0.043478261,0,0.02173913,0.739130435,0.217391304,0,0.02173913,1,0,0,0,0,0.180327869,0.016393443,0,0.803278689,1,0.032786885,0.737704918,0.081967213,0.147540984
620,0.72,0.24,0.04,0,0,0.727272727,0.227272727,0.022727273,0.022727273,0.5,0.5,0,0,0,0.191176471,0.029411765,0.073529412,0.705882353,1,0.018181818,0.763636364,0.145454545,0.072727273
621,0.642857143,0.214285714,0.107142857,0.035714286,0,0.76744186,0.186046512,0.023255814,0.023255814,1,0,0,0,0,0.169230769,0.015384615,0.061538462,0.753846154,1,0.06779661,0.694915254,0.152542373,0.084745763
622,0.466666667,0.466666667,0.066666667,0,0.042553191,0.680851064,0.212765957,0.063829787,0,0.833333333,0,0,0.166666667,0,0,0.185185185,0.074074074,0.740740741,1,0.017857143,0.785714286,0.107142857,0.089285714
623,0.6,0.333333333,0.066666667,0,0.022222222,0.733333333,0.222222222,0,0.022222222,0.75,0.083333333,0,0,0.166666667,0.056603774,0.188679245,0,0.754716981,1,0,0.745762712,0.101694915,0.152542373
624,0.76,0.2,0.04,0,0,0.586206897,0.172413793,0.224137931,0.017241379,0,0,0,0,0,0.018518519,0,0.055555556,0.925925926,1,0.01754386,0.771929825,0.105263158,0.105263158
625,0.75,0.208333333,0.041666667,0,0.01754386,0.596491228,0.175438596,0.192982456,0.01754386,0,0,0,0,0,0,0,0.137931034,0.862068966,1,0.055555556,0.833333333,0.092592593,0.018518519
626,0.75,0.208333333,0.041666667,0,0.018518519,0.62962963,0.185185185,0.148148148,0.018518519,0,0,0,0,0,0.033898305,0,0.118644068,0.847457627,1,0.071428571,0.803571429,0.089285714,0.035714286
627,0.708333333,0.25,0.041666667,0,0.036363636,0.6,0.181818182,0.181818182,0,0,0,0,0,0,0,0,0.038461538,0.961538462,1,0.080645161,0.725806452,0.080645161,0.112903226
628,0.65,0.3,0.05,0,0.036363636,0.6,0.181818182,0.181818182,0,1,0,0,0,0,0,0.078431373,0.019607843,0.901960784,1,0.016949153,0.762711864,0.084745763,0.13559322
629,0.6,0.333333333,0.066666667,0,0.02173913,0.739130435,0.217391304,0,0.02173913,1,0,0,0,0,0.089285714,0.160714286,0.017857143,0.732142857,1,0,0.775862069,0.086206897,0.137931034
630,0.466666667,0.466666667,0.066666667,0,0.022222222,0.711111111,0.222222222,0.044444444,0,0.785714286,0,0,0.071428571,0.142857143,0.018867925,0.20754717,0.037735849,0.735849057,1,0,0.754385965,0.122807018,0.122807018
631,0.625,0.3125,0.0625,0,0,0.739130435,0.217391304,0.02173913,0.02173913,0.818181818,0,0,0.181818182,0,0,0.176470588,0.019607843,0.803921569,1,0.049180328,0.721311475,0.098360656,0.131147541
632,0.5,0.416666667,0.083333333,0,0.02173913,0.739130435,0.217391304,0,0.02173913,0.857142857,0,0,0.142857143,0,0,0.226415094,0.056603774,0.716981132,1,0,0.803571429,0.089285714,0.107142857
633,0.526315789,0.315789474,0.052631579,0.105263158,0,0.717391304,0.217391304,0.043478261,0.02173913,0.9,0,0,0,0.1,0.054545455,0.163636364,0.036363636,0.745454545,1,0,0.767857143,0.125,0.107142857
634,0.529411765,0.294117647,0.117647059,0.058823529,0,0.755555556,0.2,0.022222222,0.022222222,1,0,0,0,0,0.019607843,0.196078431,0,0.784313725,1,0.064516129,0.693548387,0.112903226,0.129032258
635,0.5625,0.375,0.0625,0,0.04,0.66,0.2,0.06,0.04,0.888888889,0,0,0,0.111111111,0.017857143,0.142857143,0.089285714,0.75,1,0,0.833333333,0.092592593,0.074074074
636,0.4375,0.375,0.0625,0.125,0.045454545,0.727272727,0.227272727,0,0,0.833333333,0.083333333,0,0,0.083333333,0,0.189655172,0.137931034,0.672413793,1,0.056603774,0.830188679,0.113207547,0
637,0.708333333,0.208333333,0.041666667,0.041666667,0.019607843,0.666666667,0.196078431,0.098039216,0.019607843,1,0,0,0,0,0,0.019607843,0.019607843,0.960784314,1,0.107692308,0.692307692,0.076923077,0.123076923
638,0.538461538,0.384615385,0.076923077,0,0.02173913,0.739130435,0.217391304,0,0.02173913,0.916666667,0,0,0.083333333,0,0.035714286,0.196428571,0.071428571,0.696428571,1,0,0.818181818,0.090909091,0.090909091
639,0.538461538,0.384615385,0.076923077,0,0.021276596,0.723404255,0.212765957,0.021276596,0.021276596,0.916666667,0,0,0,0.083333333,0.019230769,0.211538462,0.019230769,0.75,1,0,0.775862069,0.086206897,0.137931034
640,0.588235294,0.294117647,0.058823529,0.058823529,0.019607843,0.666666667,0.196078431,0.098039216,0.019607843,0.888888889,0,0,0,0.111111111,0,0.16,0,0.84,1,0,0.775862069,0.086206897,0.137931034
641,0.684210526,0.263157895,0.052631579,0,0.020833333,0.708333333,0.208333333,0.041666667,0.020833333,0.833333333,0,0,0,0.166666667,0.080645161,0.080645161,0.112903226,0.725806452,1,0.018867925,0.849056604,0.094339623,0.037735849
642,0.625,0.25,0.041666667,0.083333333,0.021276596,0.70212766,0.191489362,0.085106383,0,0.75,0,0.25,0,0,0.084745763,0.06779661,0.06779661,0.779661017,1,0.052631579,0.754385965,0.122807018,0.070175439
643,0.727272727,0.227272727,0.045454545,0,0,0.693877551,0.204081633,0.081632653,0.020408163,1,0,0,0,0,0.033898305,0.050847458,0.118644068,0.796610169,1,0.103448276,0.75862069,0.103448276,0.034482759
644,0.6,0.25,0.1,0.05,0,0.68,0.18,0.12,0.02,1,0,0,0,0,0,0.132075472,0.056603774,0.811320755,1,0.051724138,0.74137931,0.120689655,0.086206897
645,0.65,0.25,0.1,0,0,0.723404255,0.191489362,0.063829787,0.021276596,1,0,0,0,0,0.068965517,0.103448276,0.068965517,0.75862069,1,0.051724138,0.74137931,0.120689655,0.086206897
646,0.666666667,0.208333333,0.041666667,0.083333333,0.018867925,0.641509434,0.188679245,0.132075472,0.018867925,1,0,0,0,0,0.053571429,0.035714286,0.053571429,0.857142857,1,0.017857143,0.803571429,0.089285714,0.089285714
647,0.666666667,0.277777778,0.055555556,0,0,0.666666667,0.196078431,0.117647059,0.019607843,1,0,0,0,0,0.038461538,0.134615385,0,0.826923077,1,0,0.745762712,0.101694915,0.152542373
648,0.684210526,0.263157895,0.052631579,0,0.02,0.68,0.2,0.08,0.02,0.714285714,0,0,0.285714286,0,0,0.1,0,0.9,1,0.048387097,0.725806452,0.080645161,0.14516129
649,0.6,0.333333333,0.066666667,0,0,0.733333333,0.222222222,0.022222222,0.022222222,0.909090909,0.090909091,0,0,0,0.018867925,0.20754717,0.037735849,0.735849057,1,0.05,0.716666667,0.116666667,0.116666667
650,0.5,0.375,0.0625,0.0625,0,0.75,0.227272727,0.022727273,0,0.916666667,0,0,0.083333333,0,0.049180328,0.180327869,0.131147541,0.639344262,1,0,0.843137255,0.137254902,0.019607843
651,0.5,0.416666667,0.083333333,0,0.02173913,0.739130435,0.217391304,0,0.02173913,0.923076923,0,0,0.076923077,0,0.017241379,0.206896552,0.120689655,0.655172414,1,0,0.865384615,0.096153846,0.038461538
652,0.533333333,0.333333333,0.066666667,0.066666667,0,0.739130435,0.217391304,0.02173913,0.02173913,0.846153846,0,0,0,0.153846154,0.018518519,0.203703704,0.055555556,0.722222222,1,0,0.8,0.109090909,0.090909091
653,0.684210526,0.263157895,0.052631579,0,0,0.641509434,0.188679245,0.150943396,0.018867925,1,0,0,0,0,0.017857143,0.107142857,0.089285714,0.785714286,1,0,0.814814815,0.111111111,0.074074074
654,0.6,0.266666667,0.033333333,0.1,0.020833333,0.645833333,0.208333333,0.125,0,0,0,0,0,0,0.096774194,0,0.096774194,0.806451613,1,0.071428571,0.75,0.142857143,0.035714286
655,0.68,0.2,0.08,0.04,0.020833333,0.708333333,0.1875,0.0625,0.020833333,1,0,0,0,0,0.054545455,0.018181818,0.036363636,0.890909091,1,0.125,0.6875,0.09375,0.09375
656,0.76,0.2,0.04,0,0,0.723404255,0.212765957,0.042553191,0.021276596,0,0,0,0,0,0.147058824,0,0.117647059,0.735294118,1,0.055555556,0.814814815,0.111111111,0.018518519
657,0.642857143,0.25,0.107142857,0,0.023255814,0.744186047,0.186046512,0.023255814,0.023255814,0,0,0,0,0,0.235294118,0,0.029411765,0.735294118,1,0.017241379,0.706896552,0.155172414,0.120689655
658,0.72,0.24,0.04,0,0.022727273,0.75,0.227272727,0,0,0,0,0,0,0,0.23880597,0,0.014925373,0.746268657,1,0,0.75862069,0.103448276,0.137931034
659,0.620689655,0.24137931,0.068965517,0.068965517,0,0.761904762,0.214285714,0,0.023809524,1,0,0,0,0,0.212121212,0.015151515,0.03030303,0.742424242,1,0.034482759,0.706896552,0.155172414,0.103448276
660,0.666666667,0.208333333,0.041666667,0.083333333,0,0.733333333,0.222222222,0.022222222,0.022222222,0.6,0.2,0,0.2,0,0.109375,0.0625,0.109375,0.71875,1,0.018867925,0.811320755,0.132075472,0.037735849
661,0.5625,0.375,0.0625,0,0,0.76744186,0.23255814,0,0,1,0,0,0,0,0.072727273,0.181818182,0.018181818,0.727272727,1,0.049180328,0.704918033,0.114754098,0.131147541
662,0.428571429,0.5,0.071428571,0,0.06122449,0.653061224,0.204081633,0.06122449,0.020408163,0.909090909,0,0,0.090909091,0,0,0.196078431,0.019607843,0.784313725,1,0,0.775862069,0.086206897,0.137931034
663,0.571428571,0.357142857,0.071428571,0,0.022727273,0.75,0.204545455,0.022727273,0,0.714285714,0.071428571,0.071428571,0.142857143,0,0,0.210526316,0.122807018,0.666666667,1,0.037037037,0.796296296,0.12962963,0.037037037
664,0.526315789,0.368421053,0.105263158,0,0.023809524,0.761904762,0.214285714,0,0,1,0,0,0,0,0.158730159,0.126984127,0.047619048,0.666666667,1,0,0.75,0.142857143,0.107142857
665,0.5,0.4,0.05,0.05,0,0.756097561,0.243902439,0,0,0.75,0,0,0.166666667,0.083333333,0.083333333,0.15,0.083333333,0.683333333,1,0.036363636,0.745454545,0.163636364,0.054545455
666,0.5,0.35,0.1,0.05,0,0.780487805,0.195121951,0.024390244,0,0.692307692,0,0.076923077,0.230769231,0,0.084745763,0.169491525,0.06779661,0.677966102,1,0.018181818,0.727272727,0.181818182,0.072727273
667,0.647058824,0.294117647,0.058823529,0,0.02173913,0.739130435,0.217391304,0,0.02173913,0.875,0,0,0,0.125,0.078125,0.109375,0.140625,0.671875,1,0.019607843,0.882352941,0.098039216,0
668,0.529411765,0.411764706,0.058823529,0,0,0.761904762,0.238095238,0,0,0.833333333,0,0,0,0.166666667,0.098360656,0.163934426,0.081967213,0.655737705,1,0,0.777777778,0.148148148,0.074074074
669,0.625,0.3125,0.0625,0,0.021276596,0.723404255,0.212765957,0.021276596,0.021276596,0.8,0,0,0,0.2,0.035714286,0.142857143,0.071428571,0.75,1,0.017857143,0.803571429,0.089285714,0.089285714
670,0.6,0.333333333,0.066666667,0,0,0.755555556,0.222222222,0,0.022222222,0.833333333,0,0,0,0.166666667,0.054545455,0.181818182,0.036363636,0.727272727,1,0,0.771929825,0.105263158,0.122807018
671,0.631578947,0.263157895,0.052631579,0.052631579,0.021276596,0.723404255,0.212765957,0.021276596,0.021276596,0.75,0,0,0.25,0,0.033333333,0.1,0.133333333,0.733333333,1,0.056603774,0.849056604,0.094339623,0
672,0.631578947,0.263157895,0.052631579,0.052631579,0,0.755555556,0.222222222,0,0.022222222,1,0,0,0,0,0,0.132075472,0.056603774,0.811320755,1,0.126984127,0.698412698,0.095238095,0.079365079
673,0.714285714,0.238095238,0.047619048,0,0.021276596,0.723404255,0.212765957,0.021276596,0.021276596,0.6,0,0,0,0.4,0.050847458,0.050847458,0.101694915,0.796610169,1,0.086206897,0.775862069,0.086206897,0.051724138
674,0.7,0.25,0.05,0,0,0.723404255,0.212765957,0.042553191,0.021276596,0.714285714,0,0,0.142857143,0.142857143,0.064516129,0.080645161,0.129032258,0.725806452,1,0.037735849,0.830188679,0.113207547,0.018867925
675,0.631578947,0.263157895,0.105263158,0,0,0.733333333,0.2,0.044444444,0.022222222,0.777777778,0.111111111,0,0.111111111,0,0.016666667,0.133333333,0.15,0.7,1,0.090909091,0.763636364,0.145454545,0
676,0.666666667,0.291666667,0.041666667,0,0.022727273,0.727272727,0.227272727,0.022727273,0,0.666666667,0,0,0.333333333,0,0.051724138,0.034482759,0.086206897,0.827586207,1,0.15625,0.671875,0.109375,0.0625
677,0.68,0.28,0.04,0,0.045454545,0.727272727,0.204545455,0.022727273,0,0,0,1,0,0,0.158730159,0.015873016,0.047619048,0.777777778,1,0.081967213,0.704918033,0.114754098,0.098360656
678,0.68,0.24,0.04,0.04,0.037735849,0.622641509,0.188679245,0.150943396,0,0,0,0,0,0,0.084745763,0,0.06779661,0.847457627,1,0.017857143,0.803571429,0.089285714,0.089285714
679,0.739130435,0.217391304,0.043478261,0,0.017857143,0.607142857,0.178571429,0.178571429,0.017857143,1,0,0,0,0,0.049180328,0.016393443,0.131147541,0.803278689,1,0,0.882352941,0.098039216,0.019607843
680,0.56,0.32,0.04,0.08,0,0.731707317,0.243902439,0,0.024390244,0.625,0.125,0,0.125,0.125,0.070175439,0.105263158,0.052631579,0.771929825,1,0.098360656,0.655737705,0.163934426,0.081967213
681,0.681818182,0.272727273,0.045454545,0,0,0.647058824,0.196078431,0.137254902,0.019607843,0.8,0,0,0,0.2,0.051724138,0.068965517,0.086206897,0.793103448,1,0.018181818,0.781818182,0.127272727,0.072727273
682,0.681818182,0.227272727,0.045454545,0.045454545,0,0.693877551,0.163265306,0.12244898,0.020408163,0.666666667,0,0.333333333,0,0,0.01754386,0.105263158,0.105263158,0.771929825,1,0.071428571,0.75,0.142857143,0.035714286
683,0.631578947,0.315789474,0.052631579,0,0.020833333,0.6875,0.208333333,0.0625,0.020833333,1,0,0,0,0,0.035087719,0.105263158,0.087719298,0.771929825,1,0.068965517,0.75862069,0.103448276,0.068965517
684,0.620689655,0.275862069,0.034482759,0.068965517,0.023255814,0.697674419,0.209302326,0.046511628,0.023255814,0,0.333333333,0.333333333,0.333333333,0,0.016949153,0.033898305,0.13559322,0.813559322,1,0.177419355,0.64516129,0.161290323,0.016129032
685,0.708333333,0.208333333,0.041666667,0.041666667,0,0.739130435,0.217391304,0.02173913,0.02173913,0.666666667,0,0,0.333333333,0,0.080645161,0.032258065,0.112903226,0.774193548,1,0.105263158,0.771929825,0.105263158,0.01754386
686,0.75,0.208333333,0.041666667,0,0.017241379,0.586206897,0.172413793,0.206896552,0.017241379,0,0,0,0,0,0.01754386,0,0.105263158,0.877192982,1,0.018518519,0.833333333,0.092592593,0.055555556
687,0.708333333,0.25,0.041666667,0,0.018181818,0.6,0.181818182,0.181818182,0.018181818,0.5,0,0,0,0.5,0.016666667,0.016666667,0.15,0.816666667,1,0.038461538,0.846153846,0.115384615,0
688,0.692307692,0.192307692,0.038461538,0.076923077,0,0.653846154,0.192307692,0.134615385,0.019230769,1,0,0,0,0,0,0.01754386,0.122807018,0.859649123,1,0.105263158,0.771929825,0.105263158,0.01754386
689,0.72,0.2,0.04,0.04,0.017241379,0.586206897,0.172413793,0.206896552,0.017241379,0,0,0,0,0,0.019607843,0,0,0.980392157,1,0.016949153,0.762711864,0.084745763,0.13559322
690,0.703703704,0.222222222,0.037037037,0.037037037,0,0.66,0.2,0.14,0,0,0,0,0,0,0.018867925,0,0.037735849,0.943396226,1,0.123076923,0.661538462,0.107692308,0.107692308
691,0.588235294,0.294117647,0.058823529,0.058823529,0,0.708333333,0.208333333,0.0625,0.020833333,1,0,0,0,0,0.052631579,0.157894737,0.070175439,0.719298246,1,0,0.814814815,0.111111111,0.074074074
692,0.647058824,0.294117647,0.058823529,0,0,0.739130435,0.217391304,0.02173913,0.02173913,1,0,0,0,0,0.084745763,0.13559322,0.06779661,0.711864407,1,0.017857143,0.785714286,0.107142857,0.089285714
693,0.619047619,0.238095238,0.047619048,0.095238095,0,0.723404255,0.212765957,0.042553191,0.021276596,1,0,0,0,0,0.049180328,0.098360656,0.131147541,0.721311475,1,0.056603774,0.830188679,0.113207547,0
694,0.461538462,0.384615385,0.076923077,0.076923077,0,0.76744186,0.23255814,0,0,0.764705882,0.058823529,0,0.058823529,0.117647059,0,0.254545455,0.090909091,0.654545455,1,0,0.811320755,0.132075472,0.056603774
695,0.533333333,0.333333333,0.066666667,0.066666667,0,0.723404255,0.212765957,0.042553191,0.021276596,0.916666667,0,0,0.083333333,0,0.016949153,0.186440678,0.13559322,0.661016949,1,0,0.88,0.12,0
696,0.730769231,0.192307692,0.038461538,0.038461538,0,0.68,0.2,0.1,0.02,0,0,0,0,0,0,0,0.038461538,0.961538462,1,0.151515152,0.666666667,0.090909091,0.090909091
697,0.681818182,0.272727273,0.045454545,0,0.035714286,0.589285714,0.178571429,0.196428571,0,1,0,0,0,0,0.033333333,0.033333333,0.133333333,0.8,1,0,0.882352941,0.098039216,0.019607843
698,0.730769231,0.192307692,0.038461538,0.038461538,0,0.641509434,0.188679245,0.150943396,0.018867925,0,0,0,0,0,0,0,0.090909091,0.909090909,1,0.1,0.733333333,0.1,0.066666667
699,0.727272727,0.227272727,0.045454545,0,0,0.62962963,0.185185185,0.166666667,0.018518519,1,0,0,0,0,0,0.054545455,0.090909091,0.854545455,1,0.052631579,0.771929825,0.105263158,0.070175439
700,0.703703704,0.185185185,0.037037037,0.074074074,0,0.607142857,0.178571429,0.196428571,0.017857143,0,0,0,0,0,0.037735849,0,0.018867925,0.943396226,1,0.017241379,0.75862069,0.103448276,0.120689655
701,0.72,0.2,0.04,0.04,0.01754386,0.596491228,0.175438596,0.192982456,0.01754386,0,0,0,0,0,0.016949153,0,0.13559322,0.847457627,1,0.019230769,0.865384615,0.096153846,0.019230769
702,0.730769231,0.192307692,0.038461538,0.038461538,0,0.666666667,0.196078431,0.117647059,0.019607843,0,0,0,0,0,0.01754386,0,0.105263158,0.877192982,1,0.116666667,0.733333333,0.1,0.05
703,0.692307692,0.269230769,0.038461538,0,0.02173913,0.695652174,0.217391304,0.065217391,0,0,0,0,0,0,0.070175439,0,0.052631579,0.877192982,1,0.151515152,0.651515152,0.106060606,0.090909091
704,0.666666667,0.25,0.083333333,0,0,0.76744186,0.209302326,0,0.023255814,1,0,0,0,0,0.035087719,0.052631579,0.087719298,0.824561404,1,0.181818182,0.636363636,0.121212121,0.060606061
705,0.681818182,0.272727273,0.045454545,0,0.020833333,0.6875,0.208333333,0.0625,0.020833333,1,0,0,0,0,0.033333333,0.05,0.133333333,0.783333333,1,0.120689655,0.75862069,0.103448276,0.017241379
706,0.666666667,0.277777778,0.055555556,0,0.019607843,0.647058824,0.196078431,0.117647059,0.019607843,0.75,0.125,0,0.125,0,0.018181818,0.127272727,0.072727273,0.781818182,1,0,0.8,0.109090909,0.090909091
707,0.631578947,0.315789474,0.052631579,0,0.039215686,0.647058824,0.196078431,0.117647059,0,0.833333333,0,0,0.166666667,0,0.018518519,0.092592593,0.055555556,0.833333333,1,0.034482759,0.775862069,0.086206897,0.103448276
708,0.652173913,0.304347826,0.043478261,0,0.06,0.64,0.2,0.08,0.02,1,0,0,0,0,0.15,0.016666667,0.016666667,0.816666667,1,0,0.775862069,0.086206897,0.137931034
709,0.678571429,0.178571429,0.035714286,0.107142857,0,0.739130435,0.217391304,0.02173913,0.02173913,0,0,0,0,0,0.1,0,0.066666667,0.833333333,1,0.1,0.733333333,0.1,0.066666667
710,0.703703704,0.185185185,0.037037037,0.074074074,0,0.708333333,0.208333333,0.0625,0.020833333,0,0,0,0,0,0.105263158,0,0.01754386,0.877192982,1,0.064516129,0.709677419,0.096774194,0.129032258
711,0.620689655,0.206896552,0.034482759,0.137931034,0,0.75,0.227272727,0.022727273,0,1,0,0,0,0,0.036363636,0.018181818,0.054545455,0.890909091,1,0.153846154,0.661538462,0.107692308,0.076923077
712,0.703703704,0.222222222,0.037037037,0.037037037,0,0.6875,0.1875,0.104166667,0.020833333,0,0,1,0,0,0.06557377,0.016393443,0.114754098,0.803278689,1,0.103448276,0.724137931,0.137931034,0.034482759
713,0.727272727,0.227272727,0.045454545,0,0.020408163,0.693877551,0.204081633,0.06122449,0.020408163,0.666666667,0,0,0,0.333333333,0.092307692,0.030769231,0.138461538,0.738461538,1,0.038461538,0.865384615,0.096153846,0
714,0.739130435,0.217391304,0.043478261,0,0,0.666666667,0.196078431,0.117647059,0.019607843,1,0,0,0,0,0.019230769,0.038461538,0.019230769,0.923076923,1,0.09375,0.6875,0.09375,0.125
715,0.72,0.2,0.04,0.04,0.020833333,0.708333333,0.208333333,0.041666667,0.020833333,0,0,0,0,0,0.14516129,0,0.048387097,0.806451613,1,0.034482759,0.775862069,0.086206897,0.103448276
716,0.7,0.25,0.05,0,0.018518519,0.611111111,0.185185185,0.166666667,0.018518519,0.8,0.2,0,0,0,0.017241379,0.086206897,0.120689655,0.775862069,1,0,0.846153846,0.115384615,0.038461538
717,0.7,0.25,0.05,0,0,0.693877551,0.183673469,0.102040816,0.020408163,0.625,0,0.125,0.125,0.125,0,0.101694915,0.152542373,0.745762712,1,0.056603774,0.811320755,0.132075472,0
718,0.578947368,0.368421053,0.052631579,0,0.021276596,0.680851064,0.212765957,0.085106383,0,0.875,0,0,0.125,0,0.068965517,0.120689655,0.068965517,0.74137931,1,0.017857143,0.767857143,0.125,0.089285714
719,0.588235294,0.294117647,0.058823529,0.058823529,0.021276596,0.723404255,0.212765957,0.021276596,0.021276596,0.888888889,0,0,0,0.111111111,0.049180328,0.131147541,0.131147541,0.68852459,1,0,0.882352941,0.098039216,0.019607843
720,0.666666667,0.185185185,0.037037037,0.111111111,0.020833333,0.708333333,0.1875,0.0625,0.020833333,0,0,1,0,0,0.107142857,0.017857143,0,0.875,1,0.049180328,0.721311475,0.098360656,0.131147541
721,0.5625,0.3125,0.0625,0.0625,0.021276596,0.723404255,0.212765957,0.021276596,0.021276596,1,0,0,0,0,0.054545455,0.163636364,0.036363636,0.745454545,1,0.01754386,0.789473684,0.087719298,0.105263158
722,0.428571429,0.428571429,0.071428571,0.071428571,0.022222222,0.733333333,0.222222222,0.022222222,0,0.857142857,0,0,0.071428571,0.071428571,0.018518519,0.222222222,0.055555556,0.703703704,1,0,0.8,0.109090909,0.090909091
723,0.5,0.416666667,0.083333333,0,0,0.755555556,0.222222222,0,0.022222222,0.866666667,0,0,0.133333333,0,0,0.26,0,0.74,1,0,0.745762712,0.101694915,0.152542373
724,0.636363636,0.318181818,0.045454545,0,0.022222222,0.711111111,0.222222222,0.022222222,0.022222222,0.8,0,0,0.2,0,0.071428571,0.071428571,0.035714286,0.821428571,1,0.095238095,0.682539683,0.111111111,0.111111111
725,0.5,0.416666667,0.083333333,0,0.044444444,0.733333333,0.222222222,0,0,0.846153846,0.076923077,0,0,0.076923077,0.038461538,0.230769231,0,0.730769231,1,0,0.762711864,0.084745763,0.152542373
726,0.461538462,0.461538462,0.076923077,0,0,0.76744186,0.23255814,0,0,0.8125,0,0,0.0625,0.125,0,0.26,0,0.74,1,0.016666667,0.716666667,0.116666667,0.15
727,0.5625,0.3125,0.0625,0.0625,0.044444444,0.711111111,0.222222222,0.022222222,0,0.8,0.2,0,0,0,0.01754386,0.175438596,0.105263158,0.701754386,1,0.071428571,0.785714286,0.107142857,0.035714286
728,0.466666667,0.333333333,0.066666667,0.133333333,0,0.755555556,0.222222222,0,0.022222222,1,0,0,0,0,0,0.230769231,0.038461538,0.730769231,1,0.034482759,0.75862069,0.103448276,0.103448276
729,0.461538462,0.384615385,0.076923077,0.076923077,0,0.755555556,0.222222222,0,0.022222222,1,0,0,0,0,0,0.25,0.038461538,0.711538462,1,0.034482759,0.75862069,0.103448276,0.103448276
730,0.571428571,0.357142857,0.071428571,0,0.020408163,0.693877551,0.204081633,0.06122449,0.020408163,1,0,0,0,0,0,0.196078431,0.019607843,0.784313725,1,0.016949153,0.762711864,0.084745763,0.13559322
731,0.5,0.416666667,0.083333333,0,0,0.755555556,0.222222222,0,0.022222222,0.928571429,0,0,0.071428571,0,0,0.26,0,0.74,1,0.016666667,0.733333333,0.1,0.15
732,0.461538462,0.384615385,0.076923077,0.076923077,0,0.755555556,0.222222222,0,0.022222222,0.866666667,0,0,0.133333333,0,0,0.26,0,0.74,1,0,0.75862069,0.103448276,0.137931034
733,0.578947368,0.315789474,0.052631579,0.052631579,0,0.733333333,0.2,0.044444444,0.022222222,0.888888889,0,0.111111111,0,0,0.038461538,0.173076923,0,0.788461538,1,0.064516129,0.677419355,0.129032258,0.129032258
734,0.65,0.3,0.05,0,0,0.6875,0.208333333,0.083333333,0.020833333,0.75,0,0,0.125,0.125,0,0.103448276,0.137931034,0.75862069,1,0.072727273,0.781818182,0.127272727,0.018181818
735,0.68,0.24,0.04,0.04,0.035714286,0.589285714,0.178571429,0.196428571,0,0,0,0,0,0,0.054545455,0,0.036363636,0.909090909,1,0,0.789473684,0.087719298,0.122807018
736,0.68,0.24,0.04,0.04,0.04,0.66,0.2,0.1,0,0,0,0,0,0,0.080645161,0,0.112903226,0.806451613,1,0.071428571,0.803571429,0.089285714,0.035714286
737,0.692307692,0.230769231,0.038461538,0.038461538,0.023255814,0.76744186,0.186046512,0.023255814,0,0,0,1,0,0,0.1875,0.03125,0.03125,0.75,1,0.050847458,0.711864407,0.13559322,0.101694915
738,0.652173913,0.260869565,0.043478261,0.043478261,0,0.76744186,0.23255814,0,0,1,0,0,0,0,0.15625,0.0625,0.0625,0.71875,1,0.035087719,0.754385965,0.122807018,0.087719298
739,0.652173913,0.304347826,0.043478261,0,0.065217391,0.695652174,0.217391304,0,0.02173913,1,0,0,0,0,0.084745763,0.016949153,0.06779661,0.830508475,1,0.126984127,0.714285714,0.079365079,0.079365079
740,0.727272727,0.227272727,0.045454545,0,0,0.6875,0.208333333,0.083333333,0.020833333,0.75,0.25,0,0,0,0.103448276,0.068965517,0.034482759,0.793103448,1,0.033898305,0.728813559,0.118644068,0.118644068
741,0.647058824,0.294117647,0.058823529,0,0.020408163,0.693877551,0.204081633,0.06122449,0.020408163,0.875,0,0,0,0.125,0.017241379,0.120689655,0.120689655,0.74137931,1,0.037037037,0.833333333,0.092592593,0.037037037
742,0.571428571,0.357142857,0.071428571,0,0,0.708333333,0.208333333,0.0625,0.020833333,0.916666667,0,0,0,0.083333333,0,0.22,0,0.78,1,0,0.745762712,0.101694915,0.152542373
743,0.416666667,0.5,0.083333333,0,0.022727273,0.75,0.227272727,0,0,0.866666667,0,0,0.133333333,0,0,0.25,0.038461538,0.711538462,1,0.017241379,0.75862069,0.103448276,0.120689655
744,0.416666667,0.416666667,0.083333333,0.083333333,0.022727273,0.75,0.227272727,0,0,0.8125,0.0625,0,0.125,0,0,0.28,0,0.72,1,0,0.75862069,0.103448276,0.137931034
745,0.5,0.3,0.1,0.1,0,0.76744186,0.186046512,0.023255814,0.023255814,0.818181818,0,0.090909091,0.090909091,0,0.019230769,0.192307692,0.019230769,0.769230769,1,0.06557377,0.672131148,0.147540984,0.114754098
746,0.6,0.3,0.05,0.05,0.040816327,0.673469388,0.204081633,0.040816327,0.040816327,1,0,0,0,0,0.019230769,0.096153846,0.019230769,0.865384615,1,0.064516129,0.725806452,0.080645161,0.129032258
747,0.75,0.208333333,0.041666667,0,0.020833333,0.708333333,0.208333333,0.041666667,0.020833333,0,0,0,0,0,0,0,0.056603774,0.943396226,1,0.176470588,0.661764706,0.073529412,0.088235294
748,0.72,0.2,0.04,0.04,0.020833333,0.708333333,0.208333333,0.041666667,0.020833333,0,0,0,0,0,0.035087719,0,0.087719298,0.877192982,1,0.158730159,0.714285714,0.079365079,0.047619048
749,0.72,0.2,0.04,0.04,0.018518519,0.62962963,0.185185185,0.148148148,0.018518519,0,0,0,0,0,0.032786885,0,0.147540984,0.819672131,1,0.056603774,0.849056604,0.094339623,0
750,0.72,0.2,0.04,0.04,0.02173913,0.739130435,0.217391304,0,0.02173913,0,0,0,0,0,0.086206897,0,0.051724138,0.862068966,1,0.125,0.703125,0.078125,0.09375
751,0.730769231,0.192307692,0.038461538,0.038461538,0,0.680851064,0.212765957,0.106382979,0,0,1,0,0,0,0,0.04,0,0.96,1,0.15942029,0.608695652,0.115942029,0.115942029
752,0.730769231,0.192307692,0.038461538,0.038461538,0,0.62962963,0.185185185,0.166666667,0.018518519,0,0,0,0,0,0.036363636,0,0.054545455,0.909090909,1,0.06779661,0.745762712,0.101694915,0.084745763
753,0.708333333,0.25,0.041666667,0,0.035714286,0.589285714,0.160714286,0.214285714,0,0,0,1,0,0,0,0.019230769,0.038461538,0.942307692,1,0.05,0.733333333,0.1,0.116666667
754,0.681818182,0.272727273,0.045454545,0,0.042553191,0.70212766,0.212765957,0.042553191,0,0.666666667,0,0,0.333333333,0,0.018867925,0.037735849,0.037735849,0.905660377,1,0.136363636,0.681818182,0.075757576,0.106060606
755,0.538461538,0.384615385,0.076923077,0,0.02173913,0.717391304,0.217391304,0.02173913,0.02173913,0.785714286,0.071428571,0,0,0.142857143,0,0.214285714,0.107142857,0.678571429,1,0,0.830188679,0.113207547,0.056603774
756,0.533333333,0.333333333,0.066666667,0.066666667,0,0.739130435,0.217391304,0.02173913,0.02173913,0.916666667,0,0,0,0.083333333,0,0.20754717,0.056603774,0.735849057,1,0.035087719,0.771929825,0.105263158,0.087719298
757,0.5625,0.375,0.0625,0,0,0.738095238,0.238095238,0.023809524,0,0.833333333,0.166666667,0,0,0,0.038461538,0.230769231,0,0.730769231,1,0.063492063,0.650793651,0.142857143,0.142857143
758,0.615384615,0.346153846,0.038461538,0,0.04,0.6,0.2,0.16,0,0.5,0,0,0.5,0,0.111111111,0.015873016,0.095238095,0.777777778,1,0.018518519,0.777777778,0.148148148,0.055555556
759,0.631578947,0.263157895,0.052631579,0.052631579,0,0.727272727,0.227272727,0.045454545,0,0.636363636,0.181818182,0,0,0.181818182,0.087719298,0.157894737,0.035087719,0.719298246,1,0,0.75,0.142857143,0.107142857
760,0.5,0.416666667,0.083333333,0,0.021276596,0.723404255,0.212765957,0.021276596,0.021276596,1,0,0,0,0,0,0.226415094,0.056603774,0.716981132,1,0.01754386,0.789473684,0.087719298,0.105263158
761,0.5,0.375,0.0625,0.0625,0,0.75,0.227272727,0.022727273,0,0.916666667,0,0,0.083333333,0,0,0.189655172,0.137931034,0.672413793,1,0.074074074,0.796296296,0.12962963,0
762,0.578947368,0.263157895,0.105263158,0.052631579,0,0.717391304,0.195652174,0.065217391,0.02173913,0.8,0.1,0,0.1,0,0.036363636,0.163636364,0.054545455,0.745454545,1,0.035087719,0.736842105,0.140350877,0.087719298
763,0.5,0.357142857,0.071428571,0.071428571,0.02173913,0.739130435,0.217391304,0,0.02173913,0.916666667,0,0,0.083333333,0,0.017857143,0.196428571,0.089285714,0.696428571,1,0.018518519,0.833333333,0.092592593,0.055555556
764,0.571428571,0.357142857,0.071428571,0,0.022727273,0.727272727,0.227272727,0,0.022727273,0.833333333,0.166666667,0,0,0,0,0.203389831,0.152542373,0.644067797,1,0.074074074,0.796296296,0.12962963,0
765,0.611111111,0.277777778,0.055555556,0.055555556,0,0.68,0.2,0.1,0.02,0.888888889,0,0,0,0.111111111,0,0.140350877,0.122807018,0.736842105,1,0.019230769,0.846153846,0.115384615,0.019230769
766,0.7,0.25,0.05,0,0,0.708333333,0.208333333,0.0625,0.020833333,0.833333333,0,0,0,0.166666667,0,0.084745763,0.152542373,0.762711864,1,0.107142857,0.785714286,0.107142857,0
767,0.666666667,0.291666667,0.041666667,0,0.039215686,0.62745098,0.196078431,0.117647059,0.019607843,0.5,0,0,0.5,0,0.048387097,0.016129032,0.14516129,0.790322581,1,0.074074074,0.814814815,0.111111111,0
768,0.666666667,0.277777778,0.055555556,0,0,0.755555556,0.222222222,0,0.022222222,0.875,0,0,0.125,0,0.048387097,0.112903226,0.14516129,0.693548387,1,0.074074074,0.814814815,0.111111111,0
769,0.76,0.2,0.04,0,0,0.666666667,0.196078431,0.117647059,0.019607843,0,0,0,0,0,0.01754386,0,0.105263158,0.877192982,1,0.131147541,0.721311475,0.098360656,0.049180328
770,0.6,0.35,0.05,0,0.043478261,0.695652174,0.217391304,0.043478261,0,1,0,0,0,0,0.01754386,0.087719298,0.105263158,0.789473684,1,0.131147541,0.721311475,0.098360656,0.049180328
771,0.5625,0.3125,0.0625,0.0625,0.02173913,0.739130435,0.217391304,0,0.02173913,1,0,0,0,0,0.033333333,0.15,0.133333333,0.683333333,1,0.056603774,0.849056604,0.094339623,0
772,0.5,0.333333333,0.055555556,0.111111111,0,0.717391304,0.217391304,0.043478261,0.02173913,0.909090909,0,0,0,0.090909091,0,0.172413793,0.137931034,0.689655172,1,0.038461538,0.826923077,0.134615385,0
773,0.5,0.3125,0.125,0.0625,0.022222222,0.755555556,0.2,0,0.022222222,1,0,0,0,0,0.035087719,0.175438596,0.087719298,0.701754386,1,0.035714286,0.785714286,0.107142857,0.071428571
774,0.461538462,0.461538462,0.076923077,0,0.043478261,0.717391304,0.217391304,0.02173913,0,0.916666667,0,0,0,0.083333333,0.038461538,0.211538462,0,0.75,1,0,0.762711864,0.084745763,0.152542373
775,0.6,0.333333333,0.066666667,0,0.020408163,0.693877551,0.204081633,0.06122449,0.020408163,0.818181818,0,0,0.090909091,0.090909091,0,0.173076923,0.038461538,0.788461538,1,0,0.789473684,0.087719298,0.122807018
776,0.588235294,0.352941176,0.058823529,0,0,0.70212766,0.212765957,0.085106383,0,0.9,0,0,0,0.1,0.056603774,0.169811321,0,0.773584906,1,0,0.728813559,0.118644068,0.152542373
777,0.5,0.428571429,0.071428571,0,0.022727273,0.75,0.204545455,0.022727273,0,0.846153846,0,0.076923077,0,0.076923077,0.055555556,0.222222222,0.018518519,0.703703704,1,0,0.74137931,0.120689655,0.137931034
778,0.5,0.375,0.0625,0.0625,0.023255814,0.744186047,0.23255814,0,0,0.769230769,0.076923077,0,0.076923077,0.076923077,0.072727273,0.2,0.018181818,0.709090909,1,0,0.754385965,0.122807018,0.122807018
779,0.6,0.333333333,0.066666667,0,0,0.739130435,0.217391304,0.02173913,0.02173913,0.909090909,0,0,0.090909091,0,0.01754386,0.175438596,0.105263158,0.701754386,1,0.036363636,0.8,0.109090909,0.054545455
780,0.55,0.3,0.05,0.1,0.020833333,0.6875,0.208333333,0.083333333,0,1,0,0,0,0,0.05,0.116666667,0.116666667,0.716666667,1,0,0.846153846,0.115384615,0.038461538
781,0.466666667,0.4,0.066666667,0.066666667,0,0.75,0.227272727,0.022727273,0,0.857142857,0,0,0.142857143,0,0.035714286,0.214285714,0.071428571,0.678571429,1,0,0.796296296,0.12962963,0.074074074
782,0.5,0.357142857,0.071428571,0.071428571,0,0.755555556,0.222222222,0,0.022222222,0.857142857,0,0,0.071428571,0.071428571,0.017857143,0.214285714,0.089285714,0.678571429,1,0,0.830188679,0.113207547,0.056603774
783,0.611111111,0.333333333,0.055555556,0,0,0.673469388,0.204081633,0.12244898,0,0.727272727,0,0,0.272727273,0,0,0.16,0,0.84,1,0,0.728813559,0.118644068,0.152542373
784,0.730769231,0.192307692,0.038461538,0.038461538,0,0.717391304,0.217391304,0.065217391,0,0,1,0,0,0,0.087719298,0.01754386,0.035087719,0.859649123,1,0.125,0.671875,0.109375,0.09375
785,0.68,0.28,0.04,0,0.023255814,0.744186047,0.209302326,0.023255814,0,0.333333333,0,0.333333333,0.333333333,0,0.166666667,0.03030303,0.075757576,0.727272727,1,0.052631579,0.736842105,0.140350877,0.070175439
786,0.6,0.333333333,0.066666667,0,0,0.739130435,0.217391304,0.02173913,0.02173913,1,0,0,0,0,0,0.172413793,0.137931034,0.689655172,1,0.072727273,0.8,0.109090909,0.018181818
787,0.470588235,0.352941176,0.058823529,0.117647059,0.023255814,0.744186047,0.23255814,0,0,0.909090909,0.090909091,0,0,0,0,0.192982456,0.122807018,0.684210526,1,0.089285714,0.767857143,0.125,0.017857143
788,0.538461538,0.384615385,0.076923077,0,0.022727273,0.75,0.227272727,0,0,0.785714286,0.071428571,0,0.142857143,0,0,0.218181818,0.090909091,0.690909091,1,0.035714286,0.785714286,0.107142857,0.071428571
789,0.75,0.208333333,0.041666667,0,0.018867925,0.641509434,0.188679245,0.132075472,0.018867925,0,0,0,0,0,0.01754386,0,0.105263158,0.877192982,1,0.101694915,0.762711864,0.084745763,0.050847458
790,0.730769231,0.230769231,0.038461538,0,0,0.634615385,0.192307692,0.153846154,0.019230769,0,0,0,0,0,0.016666667,0,0.15,0.833333333,1,0.122807018,0.754385965,0.122807018,0
791,0.533333333,0.333333333,0.066666667,0.066666667,0,0.790697674,0.186046512,0,0.023255814,0.733333333,0,0.133333333,0.066666667,0.066666667,0.018867925,0.245283019,0.037735849,0.698113208,1,0.01754386,0.736842105,0.140350877,0.105263158
792,0.571428571,0.357142857,0.071428571,0,0.02173913,0.739130435,0.217391304,0,0.02173913,0.833333333,0,0,0.166666667,0,0.034482759,0.172413793,0.103448276,0.689655172,1,0,0.849056604,0.094339623,0.056603774
793,0.538461538,0.384615385,0.076923077,0,0,0.755555556,0.222222222,0,0.022222222,0.923076923,0,0,0.076923077,0,0.018867925,0.226415094,0.037735849,0.716981132,1,0.017241379,0.75862069,0.103448276,0.120689655
794,0.571428571,0.357142857,0.071428571,0,0.02173913,0.739130435,0.217391304,0,0.02173913,0.833333333,0,0,0.166666667,0,0.019607843,0.196078431,0,0.784313725,1,0.016666667,0.75,0.083333333,0.15
795,0.5,0.416666667,0.083333333,0,0,0.755555556,0.222222222,0,0.022222222,0.866666667,0,0,0.133333333,0,0,0.254901961,0.019607843,0.725490196,1,0,0.75862069,0.103448276,0.137931034
796,0.470588235,0.294117647,0.176470588,0.058823529,0.046511628,0.76744186,0.186046512,0,0,0.818181818,0.090909091,0,0.090909091,0,0,0.2,0,0.8,1,0.078125,0.671875,0.109375,0.140625
797,0.4,0.466666667,0.066666667,0.066666667,0.042553191,0.680851064,0.212765957,0,0.063829787,1,0,0,0,0,0,0.196428571,0.107142857,0.696428571,1,0.018518519,0.814814815,0.111111111,0.055555556
798,0.5,0.416666667,0.083333333,0,0.02173913,0.739130435,0.217391304,0,0.02173913,0.923076923,0,0,0.076923077,0,0.01754386,0.210526316,0.105263158,0.666666667,1,0,0.849056604,0.094339623,0.056603774
799,0.4,0.466666667,0.066666667,0.066666667,0.023255814,0.744186047,0.23255814,0,0,0.923076923,0,0,0,0.076923077,0.017857143,0.214285714,0.089285714,0.678571429,1,0.053571429,0.767857143,0.125,0.053571429
800,0.428571429,0.428571429,0.071428571,0.071428571,0.022222222,0.711111111,0.222222222,0.044444444,0,0.923076923,0.076923077,0,0,0,0.016949153,0.220338983,0.13559322,0.627118644,1,0.019607843,0.843137255,0.137254902,0
801,0.647058824,0.294117647,0.058823529,0,0,0.739130435,0.217391304,0.02173913,0.02173913,0.8,0,0,0.2,0,0.053571429,0.142857143,0.053571429,0.75,1,0.01754386,0.771929825,0.105263158,0.105263158
802,0.65,0.25,0.05,0.05,0,0.693877551,0.204081633,0.081632653,0.020408163,0.857142857,0,0,0,0.142857143,0.054545455,0.109090909,0.036363636,0.8,1,0.01754386,0.771929825,0.105263158,0.105263158
803,0.590909091,0.363636364,0.045454545,0,0.023255814,0.720930233,0.23255814,0.023255814,0,0.833333333,0,0,0.166666667,0,0.169230769,0.076923077,0.061538462,0.692307692,1,0,0.763636364,0.145454545,0.090909091
804,0.5,0.333333333,0.111111111,0.055555556,0,0.785714286,0.214285714,0,0,0.833333333,0,0,0,0.166666667,0.048387097,0.161290323,0.14516129,0.64516129,1,0.038461538,0.807692308,0.153846154,0
805,0.684210526,0.263157895,0.052631579,0,0.019607843,0.647058824,0.196078431,0.137254902,0,0.714285714,0.142857143,0,0,0.142857143,0,0.109090909,0.090909091,0.8,1,0.035714286,0.785714286,0.107142857,0.071428571
806,0.6,0.25,0.05,0.1,0,0.755555556,0.222222222,0,0.022222222,1,0,0,0,0,0.112903226,0.112903226,0.080645161,0.693548387,1,0,0.830188679,0.113207547,0.056603774
807,0.588235294,0.352941176,0.058823529,0,0.023809524,0.761904762,0.214285714,0,0,0.727272727,0.090909091,0.090909091,0,0.090909091,0.084745763,0.169491525,0.06779661,0.677966102,1,0.035087719,0.736842105,0.140350877,0.087719298
808,0.590909091,0.272727273,0.045454545,0.090909091,0.020833333,0.6875,0.208333333,0.083333333,0,0.833333333,0,0,0.166666667,0,0.051724138,0.086206897,0.086206897,0.775862069,1,0.036363636,0.8,0.109090909,0.054545455
809,0.529411765,0.352941176,0.058823529,0.058823529,0.020833333,0.6875,0.208333333,0.0625,0.020833333,0.9,0,0,0.1,0,0.017857143,0.160714286,0.089285714,0.732142857,1,0,0.814814815,0.111111111,0.074074074
810,0.708333333,0.25,0.041666667,0,0.036363636,0.6,0.181818182,0.181818182,0,0,0,0,0,0,0.052631579,0,0.070175439,0.877192982,1,0.035087719,0.789473684,0.087719298,0.087719298
811,0.714285714,0.238095238,0.047619048,0,0.035087719,0.578947368,0.175438596,0.210526316,0,0.666666667,0.333333333,0,0,0,0,0.053571429,0.107142857,0.839285714,1,0,0.849056604,0.094339623,0.056603774
812,0.631578947,0.315789474,0.052631579,0,0,0.75,0.204545455,0.045454545,0,0.777777778,0,0.111111111,0,0.111111111,0.048387097,0.129032258,0.14516129,0.677419355,1,0.074074074,0.777777778,0.148148148,0
813,0.571428571,0.357142857,0.071428571,0,0,0.739130435,0.217391304,0.02173913,0.02173913,1,0,0,0,0,0.048387097,0.177419355,0.14516129,0.629032258,1,0,0.88,0.12,0
814,0.5,0.357142857,0.071428571,0.071428571,0.02173913,0.739130435,0.217391304,0,0.02173913,0.916666667,0,0,0,0.083333333,0.017241379,0.189655172,0.120689655,0.672413793,1,0.019230769,0.865384615,0.096153846,0.019230769
815,0.466666667,0.4,0.066666667,0.066666667,0,0.75,0.227272727,0,0.022727273,0.8,0,0,0.066666667,0.133333333,0,0.214285714,0.107142857,0.678571429,1,0.018867925,0.811320755,0.132075472,0.037735849
816,0.6,0.333333333,0.066666667,0,0,0.723404255,0.212765957,0.042553191,0.021276596,0.833333333,0,0,0.083333333,0.083333333,0.017241379,0.172413793,0.120689655,0.689655172,1,0,0.846153846,0.115384615,0.038461538
817,0.666666667,0.238095238,0.047619048,0.047619048,0.036363636,0.6,0.181818182,0.181818182,0,0.75,0.25,0,0,0,0,0.070175439,0.122807018,0.807017544,1,0,0.865384615,0.096153846,0.038461538
818,0.692307692,0.192307692,0.038461538,0.076923077,0.01754386,0.596491228,0.175438596,0.192982456,0.01754386,0,0,0,0,0,0,0,0.107142857,0.892857143,1,0.037037037,0.833333333,0.092592593,0.037037037
819,0.739130435,0.217391304,0.043478261,0,0.01754386,0.596491228,0.175438596,0.192982456,0.01754386,0.5,0,0,0,0.5,0.016666667,0.016666667,0.15,0.816666667,1,0,0.9,0.1,0
820,0.608695652,0.260869565,0.086956522,0.043478261,0.037735849,0.622641509,0.169811321,0.169811321,0,0.75,0,0,0,0.25,0.017241379,0.051724138,0.120689655,0.810344828,1,0.018867925,0.830188679,0.113207547,0.037735849
821,0.466666667,0.4,0.133333333,0,0.022727273,0.75,0.204545455,0,0.022727273,0.916666667,0,0,0.083333333,0,0.016666667,0.183333333,0.15,0.65,1,0.056603774,0.811320755,0.132075472,0
822,0.6,0.333333333,0.066666667,0,0,0.723404255,0.212765957,0.042553191,0.021276596,0.909090909,0,0,0.090909091,0,0,0.185185185,0.074074074,0.740740741,1,0.035087719,0.771929825,0.105263158,0.087719298
823,0.5,0.428571429,0.071428571,0,0,0.75,0.227272727,0.022727273,0,0.8,0,0,0.133333333,0.066666667,0.016666667,0.2,0.15,0.633333333,1,0,0.86,0.14,0
824,0.428571429,0.5,0.071428571,0,0.042553191,0.680851064,0.212765957,0.063829787,0,0.846153846,0,0,0,0.153846154,0,0.186440678,0.152542373,0.661016949,1,0,0.88,0.12,0
825,0.6,0.333333333,0.066666667,0,0,0.693877551,0.204081633,0.081632653,0.020408163,1,0,0,0,0,0,0.178571429,0.107142857,0.714285714,1,0.018518519,0.814814815,0.111111111,0.055555556
826,0.647058824,0.294117647,0.058823529,0,0,0.755555556,0.222222222,0,0.022222222,1,0,0,0,0,0.033333333,0.133333333,0.133333333,0.7,1,0.089285714,0.785714286,0.107142857,0.017857143
827,0.730769231,0.192307692,0.038461538,0.038461538,0,0.693877551,0.204081633,0.081632653,0.020408163,0,0,0,0,0,0.01754386,0,0.105263158,0.877192982,1,0.14516129,0.709677419,0.096774194,0.048387097
828,0.5,0.357142857,0.071428571,0.071428571,0.02173913,0.739130435,0.217391304,0,0.02173913,0.916666667,0,0,0,0.083333333,0.037037037,0.203703704,0.037037037,0.722222222,1,0,0.803571429,0.089285714,0.107142857
829,0.529411765,0.352941176,0.058823529,0.058823529,0.022727273,0.75,0.227272727,0,0,0.818181818,0,0,0.181818182,0,0.089285714,0.160714286,0.017857143,0.732142857,1,0,0.771929825,0.105263158,0.122807018
830,0.5,0.357142857,0.142857143,0,0,0.772727273,0.204545455,0,0.022727273,0.923076923,0,0,0.076923077,0,0.053571429,0.214285714,0.053571429,0.678571429,1,0,0.767857143,0.125,0.107142857
831,0.5,0.3,0.1,0.1,0.022222222,0.733333333,0.177777778,0.044444444,0.022222222,0.888888889,0,0.111111111,0,0,0.017857143,0.160714286,0.089285714,0.732142857,1,0.070175439,0.736842105,0.140350877,0.052631579
832,0.625,0.3125,0.0625,0,0,0.68,0.2,0.1,0.02,0.9,0,0,0.1,0,0,0.18,0,0.82,1,0,0.745762712,0.101694915,0.152542373
833,0.5,0.3125,0.0625,0.125,0,0.723404255,0.212765957,0.042553191,0.021276596,1,0,0,0,0,0,0.22,0,0.78,1,0.016949153,0.745762712,0.101694915,0.13559322
834,0.666666667,0.25,0.041666667,0.041666667,0.020408163,0.673469388,0.204081633,0.102040816,0,1,0,0,0,0,0.083333333,0.033333333,0.083333333,0.8,1,0.070175439,0.771929825,0.105263158,0.052631579
835,0.590909091,0.272727273,0.045454545,0.090909091,0,0.653061224,0.204081633,0.142857143,0,0.857142857,0.142857143,0,0,0,0,0.12962963,0.074074074,0.796296296,1,0.035087719,0.736842105,0.140350877,0.087719298
836,0.652173913,0.217391304,0.043478261,0.086956522,0.020833333,0.708333333,0.208333333,0.041666667,0.020833333,0.75,0,0,0,0.25,0.053571429,0.053571429,0.053571429,0.839285714,1,0.06779661,0.762711864,0.084745763,0.084745763
837,0.666666667,0.238095238,0.095238095,0,0.02,0.68,0.18,0.1,0.02,0.666666667,0,0,0.166666667,0.166666667,0.06557377,0.06557377,0.114754098,0.754098361,1,0,0.846153846,0.115384615,0.038461538
838,0.708333333,0.208333333,0.041666667,0.041666667,0.02,0.64,0.2,0.12,0.02,0.2,0.4,0,0.4,0,0.051724138,0.051724138,0.086206897,0.810344828,1,0.036363636,0.781818182,0.127272727,0.054545455
839,0.571428571,0.25,0.071428571,0.107142857,0.042553191,0.659574468,0.191489362,0.106382979,0,0.5,0.5,0,0,0,0.05,0.033333333,0.116666667,0.8,1,0.105263158,0.736842105,0.140350877,0.01754386
840,0.72,0.2,0.04,0.04,0.021276596,0.723404255,0.212765957,0.021276596,0.021276596,0,0,0,0,0,0.095238095,0,0.111111111,0.793650794,1,0.120689655,0.775862069,0.086206897,0.017241379
841,0.64,0.24,0.04,0.08,0.02173913,0.717391304,0.217391304,0.043478261,0,0.666666667,0,0,0,0.333333333,0,0.033898305,0.152542373,0.813559322,1,0.152542373,0.745762712,0.101694915,0
842,0.666666667,0.25,0.041666667,0.041666667,0.037037037,0.611111111,0.185185185,0.166666667,0,0.5,0,0,0.5,0,0.049180328,0.016393443,0.131147541,0.803278689,1,0.019607843,0.882352941,0.098039216,0
843,0.708333333,0.25,0.041666667,0,0.033333333,0.55,0.166666667,0.25,0,0,0,0,0,0,0,0,0.074074074,0.925925926,1,0,0.818181818,0.090909091,0.090909091
844,0.692307692,0.230769231,0.038461538,0.038461538,0.01754386,0.578947368,0.175438596,0.228070175,0,0,0,0,0,0,0.017857143,0,0.089285714,0.892857143,1,0.036363636,0.8,0.109090909,0.054545455
845,0.529411765,0.294117647,0.058823529,0.117647059,0,0.739130435,0.217391304,0.02173913,0.02173913,0.909090909,0,0,0.090909091,0,0.033898305,0.169491525,0.118644068,0.677966102,1,0,0.862745098,0.117647059,0.019607843
846,0.5,0.428571429,0.071428571,0,0.02173913,0.717391304,0.217391304,0,0.043478261,0.846153846,0,0,0.153846154,0,0.017241379,0.189655172,0.120689655,0.672413793,1,0,0.846153846,0.115384615,0.038461538
847,0.652173913,0.260869565,0.043478261,0.043478261,0,0.6875,0.208333333,0.104166667,0,1,0,0,0,0,0.109375,0.0625,0.109375,0.71875,1,0,0.826923077,0.134615385,0.038461538
848,0.625,0.3125,0.0625,0,0,0.693877551,0.204081633,0.081632653,0.020408163,0.9,0,0,0,0.1,0,0.160714286,0.107142857,0.732142857,1,0.018518519,0.814814815,0.111111111,0.055555556
849,0.533333333,0.333333333,0.066666667,0.066666667,0,0.739130435,0.217391304,0.02173913,0.02173913,0.916666667,0,0,0,0.083333333,0,0.189655172,0.137931034,0.672413793,1,0.019230769,0.846153846,0.115384615,0.019230769
850,0.538461538,0.384615385,0.076923077,0,0,0.755555556,0.222222222,0,0.022222222,0.857142857,0,0,0.071428571,0.071428571,0.017241379,0.206896552,0.120689655,0.655172414,1,0,0.846153846,0.115384615,0.038461538
851,0.444444444,0.333333333,0.111111111,0.111111111,0,0.785714286,0.214285714,0,0,0.846153846,0,0,0,0.153846154,0,0.2,0.090909091,0.709090909,1,0.070175439,0.736842105,0.140350877,0.052631579
852,0.461538462,0.461538462,0.076923077,0,0.022222222,0.733333333,0.222222222,0,0.022222222,0.8,0,0,0,0.2,0,0.230769231,0.038461538,0.730769231,1,0,0.771929825,0.105263158,0.122807018
853,0.461538462,0.384615385,0.076923077,0.076923077,0.022222222,0.733333333,0.222222222,0,0.022222222,0.8,0.066666667,0,0,0.133333333,0,0.236363636,0.090909091,0.672727273,1,0,0.830188679,0.113207547,0.056603774
854,0.466666667,0.4,0.066666667,0.066666667,0,0.717391304,0.217391304,0.043478261,0.02173913,0.923076923,0,0,0,0.076923077,0,0.218181818,0.090909091,0.690909091,1,0,0.796296296,0.12962963,0.074074074
855,0.681818182,0.227272727,0.090909091,0,0.037735849,0.641509434,0.169811321,0.113207547,0.037735849,1,0,0,0,0,0.018181818,0.036363636,0.072727273,0.872727273,1,0.06779661,0.762711864,0.084745763,0.084745763
856,0.578947368,0.263157895,0.105263158,0.052631579,0,0.755555556,0.2,0.022222222,0.022222222,0.888888889,0,0,0,0.111111111,0,0.148148148,0.074074074,0.777777778,1,0.083333333,0.716666667,0.116666667,0.083333333
857,0.666666667,0.277777778,0.055555556,0,0,0.723404255,0.212765957,0.042553191,0.021276596,1,0,0,0,0,0.083333333,0.116666667,0.083333333,0.716666667,1,0.018181818,0.8,0.109090909,0.072727273
858,0.730769231,0.192307692,0.038461538,0.038461538,0,0.653846154,0.192307692,0.134615385,0.019230769,0,0,0,0,0,0.049180328,0,0.131147541,0.819672131,1,0.072727273,0.8,0.109090909,0.018181818
859,0.72,0.24,0.04,0,0.021276596,0.70212766,0.212765957,0.042553191,0.021276596,0,0,0,0,0,0.106060606,0,0.136363636,0.757575758,1,0.107142857,0.785714286,0.107142857,0
860,0.692307692,0.230769231,0.038461538,0.038461538,0,0.75,0.204545455,0.022727273,0.022727273,0.333333333,0,0.333333333,0,0.333333333,0.119402985,0.029850746,0.134328358,0.71641791,1,0.074074074,0.777777778,0.148148148,0
861,0.666666667,0.222222222,0.037037037,0.074074074,0,0.653061224,0.204081633,0.12244898,0.020408163,0.5,0.5,0,0,0,0.036363636,0.036363636,0.054545455,0.872727273,1,0.081967213,0.68852459,0.131147541,0.098360656
862,0.692307692,0.192307692,0.038461538,0.076923077,0,0.68,0.2,0.1,0.02,1,0,0,0,0,0.111111111,0.015873016,0.095238095,0.777777778,1,0.018867925,0.830188679,0.113207547,0.037735849
863,0.692307692,0.192307692,0.038461538,0.076923077,0.02,0.68,0.2,0.08,0.02,0,0,0,0,0,0.129032258,0,0.064516129,0.806451613,1,0.018181818,0.818181818,0.090909091,0.072727273
864,0.72,0.24,0.04,0,0,0.666666667,0.208333333,0.104166667,0.020833333,0.333333333,0.333333333,0,0.333333333,0,0.133333333,0.033333333,0.033333333,0.8,1,0.017241379,0.724137931,0.137931034,0.120689655
865,0.68,0.2,0.04,0.08,0,0.666666667,0.176470588,0.137254902,0.019607843,0.5,0,0.25,0.25,0,0.051724138,0.051724138,0.086206897,0.810344828,1,0.018518519,0.796296296,0.12962963,0.055555556
866,0.5,0.428571429,0.071428571,0,0.020833333,0.6875,0.208333333,0.041666667,0.041666667,0.916666667,0,0,0,0.083333333,0,0.20754717,0.056603774,0.735849057,1,0,0.785714286,0.107142857,0.107142857
867,0.636363636,0.227272727,0.045454545,0.090909091,0.019607843,0.666666667,0.196078431,0.098039216,0.019607843,1,0,0,0,0,0,0.070175439,0.122807018,0.807017544,1,0.054545455,0.818181818,0.090909091,0.036363636
868,0.681818182,0.227272727,0.045454545,0.045454545,0.018518519,0.62962963,0.185185185,0.148148148,0.018518519,1,0,0,0,0,0,0.053571429,0.107142857,0.839285714,1,0.054545455,0.818181818,0.090909091,0.036363636
869,0.72,0.2,0.04,0.04,0.019607843,0.647058824,0.196078431,0.117647059,0.019607843,0,1,0,0,0,0.018181818,0.018181818,0.072727273,0.890909091,1,0.098360656,0.721311475,0.098360656,0.081967213
870,0.72,0.24,0.04,0,0,0.647058824,0.196078431,0.137254902,0.019607843,0.5,0,0,0,0.5,0.105263158,0.01754386,0.01754386,0.859649123,1,0.016949153,0.728813559,0.118644068,0.13559322
871,0.72,0.2,0.04,0.04,0.018867925,0.641509434,0.188679245,0.132075472,0.018867925,0,0,0,0,0,0.071428571,0,0.035714286,0.892857143,1,0.050847458,0.762711864,0.084745763,0.101694915
872,0.68,0.24,0.04,0.04,0.035087719,0.578947368,0.175438596,0.210526316,0,0,0,0,0,0,0,0,0.152542373,0.847457627,1,0.038461538,0.865384615,0.096153846,0
873,0.652173913,0.217391304,0.043478261,0.086956522,0,0.666666667,0.196078431,0.117647059,0.019607843,1,0,0,0,0,0.064516129,0.064516129,0.129032258,0.741935484,1,0,0.88,0.12,0
874,0.708333333,0.25,0.041666667,0,0.037735849,0.622641509,0.188679245,0.150943396,0,0,0,0,0,0,0.089285714,0,0.017857143,0.892857143,1,0.033333333,0.75,0.083333333,0.133333333
875,0.68,0.24,0.04,0.04,0.038461538,0.634615385,0.192307692,0.134615385,0,0,0,0,0,0,0.038461538,0,0,0.961538462,1,0.078125,0.703125,0.078125,0.140625
876,0.619047619,0.285714286,0.095238095,0,0.042553191,0.70212766,0.191489362,0.021276596,0.042553191,0.8,0,0,0,0.2,0.079365079,0.063492063,0.126984127,0.73015873,1,0.055555556,0.814814815,0.111111111,0.018518519
877,0.571428571,0.357142857,0.071428571,0,0,0.723404255,0.212765957,0.042553191,0.021276596,0.846153846,0,0,0.153846154,0,0,0.186440678,0.152542373,0.661016949,1,0,0.88,0.12,0
878,0.647058824,0.294117647,0.058823529,0,0,0.733333333,0.222222222,0.022222222,0.022222222,0.727272727,0.090909091,0,0,0.181818182,0.068965517,0.155172414,0.068965517,0.706896552,1,0,0.781818182,0.127272727,0.090909091
879,0.5625,0.3125,0.125,0,0,0.76744186,0.209302326,0,0.023255814,0.714285714,0.071428571,0,0.142857143,0.071428571,0.017857143,0.196428571,0.089285714,0.696428571,1,0.035714286,0.75,0.142857143,0.071428571
880,0.631578947,0.263157895,0.052631579,0.052631579,0,0.708333333,0.208333333,0.0625,0.020833333,0.777777778,0,0,0.111111111,0.111111111,0.033333333,0.116666667,0.133333333,0.716666667,1,0.019607843,0.862745098,0.117647059,0
881,0.692307692,0.269230769,0.038461538,0,0,0.727272727,0.227272727,0.045454545,0,1,0,0,0,0,0.092307692,0.015384615,0.138461538,0.753846154,1,0.152542373,0.711864407,0.13559322,0
882,0.708333333,0.25,0.041666667,0,0.043478261,0.717391304,0.217391304,0.02173913,0,0,0,0,0,0,0.017241379,0,0.120689655,0.862068966,1,0.2,0.692307692,0.076923077,0.030769231
883,0.708333333,0.208333333,0.041666667,0.041666667,0.02173913,0.739130435,0.217391304,0,0.02173913,1,0,0,0,0,0,0.01754386,0.122807018,0.859649123,1,0.1875,0.703125,0.078125,0.03125
884,0.76,0.2,0.04,0,0,0.755555556,0.222222222,0,0.022222222,0,0,0,0,0,0.05,0,0.116666667,0.833333333,1,0.1875,0.6875,0.09375,0.03125
885,0.625,0.3125,0.0625,0,0.02173913,0.717391304,0.217391304,0.02173913,0.02173913,0.888888889,0.111111111,0,0,0,0.090909091,0.163636364,0,0.745454545,1,0,0.745762712,0.101694915,0.152542373
886,0.428571429,0.428571429,0.071428571,0.071428571,0.02173913,0.717391304,0.217391304,0,0.043478261,0.923076923,0,0,0,0.076923077,0.019230769,0.230769231,0.019230769,0.730769231,1,0,0.771929825,0.105263158,0.122807018
887,0.533333333,0.4,0.066666667,0,0,0.75,0.227272727,0.022727273,0,0.785714286,0,0,0.214285714,0,0,0.189655172,0.137931034,0.672413793,1,0.037735849,0.811320755,0.132075472,0.018867925
888,0.55,0.3,0.1,0.05,0.041666667,0.6875,0.1875,0.041666667,0.041666667,0.857142857,0,0,0.142857143,0,0.032786885,0.098360656,0.147540984,0.721311475,1,0.038461538,0.846153846,0.115384615,0
889,0.583333333,0.333333333,0.041666667,0.041666667,0.042553191,0.659574468,0.212765957,0.042553191,0.042553191,0.75,0,0,0,0.25,0.126984127,0.047619048,0.079365079,0.746031746,1,0.018518519,0.796296296,0.12962963,0.055555556
890,0.590909091,0.272727273,0.136363636,0,0.023255814,0.76744186,0.186046512,0.023255814,0,0.833333333,0,0,0,0.166666667,0.152542373,0.084745763,0,0.762711864,1,0.032786885,0.68852459,0.131147541,0.147540984
891,0.684210526,0.263157895,0.052631579,0,0.018867925,0.641509434,0.169811321,0.150943396,0.018867925,0.833333333,0,0.166666667,0,0,0,0.111111111,0.074074074,0.814814815,1,0.017857143,0.785714286,0.107142857,0.089285714
892,0.72,0.2,0.04,0.04,0.021276596,0.723404255,0.212765957,0.021276596,0.021276596,0,0,0,0,0,0.01754386,0,0.105263158,0.877192982,1,0.1875,0.703125,0.078125,0.03125
893,0.692307692,0.269230769,0.038461538,0,0.021276596,0.680851064,0.212765957,0.042553191,0.042553191,0,0,0,0,0,0.033333333,0,0.133333333,0.833333333,1,0.177419355,0.693548387,0.112903226,0.016129032
894,0.652173913,0.260869565,0.043478261,0.043478261,0.02173913,0.717391304,0.217391304,0.02173913,0.02173913,1,0,0,0,0,0.049180328,0.049180328,0.131147541,0.770491803,1,0.120689655,0.75862069,0.103448276,0.017241379
895,0.619047619,0.285714286,0.095238095,0,0.022727273,0.75,0.204545455,0,0.022727273,0.833333333,0,0,0,0.166666667,0.01754386,0.087719298,0.105263158,0.789473684,1,0.14516129,0.693548387,0.112903226,0.048387097
896,0.5625,0.375,0.0625,0,0,0.727272727,0.227272727,0.022727273,0.022727273,0.769230769,0.076923077,0,0.153846154,0,0.017857143,0.196428571,0.089285714,0.696428571,1,0.035714286,0.75,0.142857143,0.071428571
897,0.65,0.3,0.05,0,0,0.76744186,0.23255814,0,0,0.857142857,0,0,0.142857143,0,0.15,0.1,0.016666667,0.733333333,1,0.016949153,0.728813559,0.118644068,0.13559322
898,0.75,0.208333333,0.041666667,0,0.020833333,0.708333333,0.208333333,0.041666667,0.020833333,0,0,0,0,0,0.053571429,0,0.053571429,0.892857143,1,0.138461538,0.692307692,0.076923077,0.092307692
899,0.5,0.416666667,0.083333333,0,0.022222222,0.733333333,0.222222222,0.022222222,0,0.8,0.066666667,0,0,0.133333333,0,0.220338983,0.152542373,0.627118644,1,0,0.88,0.12,0
900,0.538461538,0.384615385,0.076923077,0,0.02173913,0.739130435,0.195652174,0.02173913,0.02173913,0.785714286,0,0.071428571,0,0.142857143,0,0.206896552,0.137931034,0.655172414,1,0,0.862745098,0.117647059,0.019607843
901,0.416666667,0.5,0.083333333,0,0.045454545,0.75,0.204545455,0,0,0.8,0,0.066666667,0.133333333,0,0.018867925,0.245283019,0.037735849,0.698113208,1,0,0.771929825,0.105263158,0.122807018
902,0.461538462,0.461538462,0.076923077,0,0,0.75,0.227272727,0,0.022727273,0.8125,0,0,0.0625,0.125,0,0.240740741,0.074074074,0.685185185,1,0,0.781818182,0.127272727,0.090909091
903,0.533333333,0.333333333,0.066666667,0.066666667,0.02173913,0.739130435,0.195652174,0.02173913,0.02173913,0.769230769,0,0.076923077,0,0.153846154,0.018518519,0.203703704,0.055555556,0.722222222,1,0,0.8,0.109090909,0.090909091
904,0.6,0.3,0.05,0.05,0.043478261,0.717391304,0.217391304,0.02173913,0,0.714285714,0,0,0,0.285714286,0.09375,0.078125,0.125,0.703125,1,0.019607843,0.882352941,0.098039216,0
905,0.466666667,0.4,0.066666667,0.066666667,0,0.76744186,0.23255814,0,0,0.923076923,0,0,0,0.076923077,0.06557377,0.196721311,0.114754098,0.62295082,1,0,0.843137255,0.137254902,0.019607843
906,0.647058824,0.294117647,0.058823529,0,0,0.717391304,0.217391304,0.043478261,0.02173913,0.8,0.1,0,0.1,0,0.05,0.15,0.116666667,0.683333333,1,0.018867925,0.811320755,0.132075472,0.037735849
907,0.7,0.25,0.05,0,0,0.68,0.2,0.1,0.02,0.833333333,0,0,0.166666667,0,0.053571429,0.089285714,0.053571429,0.803571429,1,0.01754386,0.771929825,0.105263158,0.105263158
908,0.625,0.291666667,0.041666667,0.041666667,0.022222222,0.688888889,0.222222222,0.044444444,0.022222222,0.75,0.25,0,0,0,0.038461538,0.076923077,0,0.884615385,1,0.119402985,0.626865672,0.119402985,0.134328358
909,0.714285714,0.238095238,0.047619048,0,0,0.723404255,0.212765957,0.042553191,0.021276596,1,0,0,0,0,0.072727273,0.072727273,0.018181818,0.836363636,1,0.079365079,0.698412698,0.095238095,0.126984127
910,0.461538462,0.384615385,0.076923077,0.076923077,0.02173913,0.739130435,0.195652174,0.02173913,0.02173913,0.923076923,0,0.076923077,0,0,0,0.25,0.038461538,0.711538462,1,0.01754386,0.771929825,0.105263158,0.105263158
911,0.533333333,0.4,0.066666667,0,0,0.733333333,0.222222222,0.022222222,0.022222222,0.916666667,0,0,0,0.083333333,0,0.20754717,0.056603774,0.735849057,1,0.050847458,0.728813559,0.118644068,0.101694915
912,0.6,0.3,0.05,0.05,0.020408163,0.653061224,0.204081633,0.102040816,0.020408163,0.75,0.125,0,0,0.125,0.036363636,0.127272727,0.054545455,0.781818182,1,0.017857143,0.767857143,0.125,0.089285714
913,0.666666667,0.25,0.041666667,0.041666667,0,0.6875,0.208333333,0.083333333,0.020833333,1,0,0,0,0,0.114754098,0.049180328,0.06557377,0.770491803,1,0.035714286,0.767857143,0.125,0.071428571
914,0.666666667,0.25,0.083333333,0,0,0.673469388,0.183673469,0.142857143,0,1,0,0,0,0,0.070175439,0.052631579,0.052631579,0.824561404,1,0.066666667,0.7,0.133333333,0.1
915,0.466666667,0.4,0.066666667,0.066666667,0.02173913,0.717391304,0.217391304,0.043478261,0,0.916666667,0,0,0.083333333,0,0,0.203703704,0.074074074,0.722222222,1,0.035714286,0.785714286,0.107142857,0.071428571
916,0.454545455,0.454545455,0.090909091,0,0.044444444,0.733333333,0.222222222,0,0,0.8,0.066666667,0,0.066666667,0.066666667,0,0.26,0,0.74,1,0,0.762711864,0.084745763,0.152542373
917,0.5625,0.375,0.0625,0,0,0.744186047,0.23255814,0,0.023255814,0.833333333,0.083333333,0,0.083333333,0,0.06557377,0.180327869,0.114754098,0.639344262,1,0.018867925,0.79245283,0.150943396,0.037735849
918,0.64,0.24,0.04,0.08,0,0.717391304,0.217391304,0.043478261,0.02173913,1,0,0,0,0,0.121212121,0.045454545,0.121212121,0.712121212,1,0.019230769,0.826923077,0.134615385,0.019230769
919,0.655172414,0.206896552,0.034482759,0.103448276,0,0.75,0.227272727,0.022727273,0,0,0,0,0,0,0.15942029,0,0.115942029,0.724637681,1,0.056603774,0.811320755,0.132075472,0
920,0.461538462,0.461538462,0.076923077,0,0,0.727272727,0.227272727,0.045454545,0,0.928571429,0.071428571,0,0,0,0.033333333,0.233333333,0.133333333,0.6,1,0,0.823529412,0.156862745,0.019607843
921,0.357142857,0.571428571,0.071428571,0,0,0.756097561,0.243902439,0,0,0.933333333,0,0,0.066666667,0,0.033333333,0.233333333,0.133333333,0.6,1,0.037735849,0.773584906,0.169811321,0.018867925
922,0.681818182,0.272727273,0.045454545,0,0.022727273,0.75,0.227272727,0,0,0.6,0,0,0,0.4,0.049180328,0.049180328,0.131147541,0.770491803,1,0.13559322,0.745762712,0.101694915,0.016949153
923,0.538461538,0.384615385,0.076923077,0,0.022222222,0.733333333,0.222222222,0.022222222,0,0.846153846,0.076923077,0,0.076923077,0,0,0.206896552,0.137931034,0.655172414,1,0.037735849,0.830188679,0.113207547,0.018867925
924,0.6,0.333333333,0.066666667,0,0.02173913,0.739130435,0.195652174,0.02173913,0.02173913,0.818181818,0,0.090909091,0.090909091,0,0.050847458,0.169491525,0.101694915,0.677966102,1,0,0.830188679,0.113207547,0.056603774
925,0.571428571,0.357142857,0.071428571,0,0.02173913,0.739130435,0.217391304,0,0.02173913,1,0,0,0,0,0.074074074,0.185185185,0,0.740740741,1,0,0.762711864,0.084745763,0.152542373
926,0.588235294,0.294117647,0.058823529,0.058823529,0,0.708333333,0.208333333,0.0625,0.020833333,0.9,0,0,0.1,0,0,0.173076923,0.038461538,0.788461538,1,0.034482759,0.75862069,0.103448276,0.103448276
927,0.625,0.3125,0.0625,0,0,0.739130435,0.217391304,0.02173913,0.02173913,0.818181818,0,0,0,0.181818182,0.036363636,0.163636364,0.054545455,0.745454545,1,0.01754386,0.771929825,0.105263158,0.105263158
928,0.708333333,0.25,0.041666667,0,0.042553191,0.70212766,0.212765957,0,0.042553191,0,0,0,0,0,0.157142857,0,0.128571429,0.714285714,1,0.038461538,0.865384615,0.096153846,0
929,0.72,0.24,0.04,0,0,0.717391304,0.217391304,0.065217391,0,1,0,0,0,0,0.191176471,0.014705882,0.073529412,0.720588235,1,0,0.796296296,0.12962963,0.074074074
930,0.68,0.24,0.04,0.04,0,0.638297872,0.212765957,0.127659574,0.021276596,0.333333333,0.5,0,0.166666667,0,0.120689655,0.086206897,0.017241379,0.775862069,1,0,0.701754386,0.175438596,0.122807018
931,0.727272727,0.227272727,0.045454545,0,0.019230769,0.653846154,0.192307692,0.115384615,0.019230769,1,0,0,0,0,0.037037037,0.037037037,0.037037037,0.888888889,1,0.06557377,0.737704918,0.081967213,0.114754098
932,0.681818182,0.272727273,0.045454545,0,0.038461538,0.634615385,0.192307692,0.134615385,0,0.666666667,0,0,0,0.333333333,0,0.037037037,0.074074074,0.888888889,1,0.083333333,0.75,0.083333333,0.083333333
933,0.538461538,0.384615385,0.076923077,0,0.02173913,0.739130435,0.217391304,0,0.02173913,0.916666667,0,0,0.083333333,0,0.017857143,0.196428571,0.089285714,0.696428571,1,0.018181818,0.818181818,0.090909091,0.072727273
934,0.333333333,0.583333333,0.083333333,0,0.022727273,0.727272727,0.227272727,0,0.022727273,0.933333333,0,0,0.066666667,0,0.017241379,0.24137931,0.120689655,0.620689655,1,0,0.826923077,0.134615385,0.038461538
935,0.461538462,0.461538462,0.076923077,0,0,0.76744186,0.209302326,0,0.023255814,0.8125,0,0.0625,0,0.125,0,0.24137931,0.137931034,0.620689655,1,0.019230769,0.807692308,0.153846154,0.019230769
936,0.5,0.4375,0.0625,0,0.022727273,0.727272727,0.227272727,0,0.022727273,0.833333333,0,0,0,0.166666667,0.070175439,0.175438596,0.052631579,0.701754386,1,0,0.767857143,0.125,0.107142857
937,0.5,0.416666667,0.083333333,0,0,0.739130435,0.217391304,0.02173913,0.02173913,0.928571429,0,0,0.071428571,0,0,0.240740741,0.074074074,0.685185185,1,0,0.8,0.109090909,0.090909091
938,0.625,0.3125,0.0625,0,0.02,0.68,0.2,0.08,0.02,1,0,0,0,0,0.017241379,0.137931034,0.120689655,0.724137931,1,0.018867925,0.849056604,0.094339623,0.037735849
939,0.6,0.333333333,0.066666667,0,0.022727273,0.704545455,0.227272727,0.045454545,0,0.75,0.25,0,0,0,0.016666667,0.2,0.15,0.633333333,1,0.056603774,0.79245283,0.150943396,0
940,0.428571429,0.428571429,0.071428571,0.071428571,0.022727273,0.75,0.227272727,0,0,0.8,0,0,0.133333333,0.066666667,0,0.206896552,0.137931034,0.655172414,1,0.019607843,0.862745098,0.117647059,0
941,0.5,0.416666667,0.083333333,0,0.02173913,0.739130435,0.217391304,0,0.02173913,0.857142857,0,0,0.142857143,0,0,0.203389831,0.152542373,0.644067797,1,0,0.9,0.1,0
942,0.5625,0.3125,0.0625,0.0625,0.043478261,0.695652174,0.217391304,0.043478261,0,0.727272727,0.181818182,0,0.090909091,0,0,0.192307692,0.038461538,0.769230769,1,0.050847458,0.745762712,0.101694915,0.101694915
943,0.533333333,0.4,0.066666667,0,0.043478261,0.652173913,0.217391304,0.086956522,0,0.692307692,0.230769231,0,0,0.076923077,0.019607843,0.235294118,0,0.745098039,1,0,0.711864407,0.13559322,0.152542373
944,0.5,0.357142857,0.071428571,0.071428571,0,0.739130435,0.217391304,0.02173913,0.02173913,0.857142857,0,0,0.142857143,0,0,0.230769231,0.038461538,0.730769231,1,0,0.785714286,0.107142857,0.107142857
945,0.4375,0.375,0.125,0.0625,0,0.76744186,0.209302326,0,0.023255814,0.857142857,0,0,0.142857143,0,0,0.230769231,0.038461538,0.730769231,1,0.050847458,0.711864407,0.13559322,0.101694915
946,0.538461538,0.384615385,0.076923077,0,0.044444444,0.733333333,0.222222222,0,0,0.833333333,0.083333333,0,0.083333333,0,0.037735849,0.20754717,0.018867925,0.735849057,1,0.016949153,0.762711864,0.084745763,0.13559322
947,0.5,0.388888889,0.055555556,0.055555556,0.06122449,0.653061224,0.204081633,0.020408163,0.06122449,0.875,0,0,0,0.125,0.017857143,0.125,0.089285714,0.767857143,1,0.036363636,0.818181818,0.090909091,0.054545455
948,0.55,0.3,0.05,0.1,0.022222222,0.733333333,0.222222222,0,0.022222222,0.777777778,0,0,0.111111111,0.111111111,0.016949153,0.118644068,0.13559322,0.728813559,1,0.074074074,0.814814815,0.111111111,0
949,0.5,0.357142857,0.071428571,0.071428571,0.02173913,0.717391304,0.217391304,0.02173913,0.02173913,0.785714286,0.071428571,0,0.071428571,0.071428571,0,0.210526316,0.122807018,0.666666667,1,0,0.862745098,0.117647059,0.019607843
950,0.684210526,0.263157895,0.052631579,0,0,0.708333333,0.208333333,0.0625,0.020833333,0.75,0,0,0.125,0.125,0.05,0.1,0.116666667,0.733333333,1,0.018867925,0.830188679,0.113207547,0.037735849
951,0.466666667,0.4,0.066666667,0.066666667,0,0.744186047,0.23255814,0,0.023255814,0.75,0.0625,0,0.125,0.0625,0,0.232142857,0.107142857,0.660714286,1,0.018867925,0.79245283,0.150943396,0.037735849
952,0.533333333,0.4,0.066666667,0,0,0.733333333,0.2,0.066666667,0,0.785714286,0,0.071428571,0.142857143,0,0.017241379,0.206896552,0.120689655,0.655172414,1,0,0.807692308,0.153846154,0.038461538
953,0.5625,0.3125,0.0625,0.0625,0.041666667,0.6875,0.1875,0.083333333,0,0.727272727,0.090909091,0.090909091,0,0.090909091,0,0.178571429,0.107142857,0.714285714,1,0,0.830188679,0.113207547,0.056603774
954,0.571428571,0.357142857,0.071428571,0,0.043478261,0.717391304,0.217391304,0.02173913,0,0.818181818,0.090909091,0,0.090909091,0,0.053571429,0.178571429,0.053571429,0.714285714,1,0,0.803571429,0.089285714,0.107142857
955,0.631578947,0.315789474,0.052631579,0,0,0.70212766,0.212765957,0.063829787,0.021276596,0.875,0,0,0,0.125,0.049180328,0.114754098,0.131147541,0.704918033,1,0.037735849,0.811320755,0.132075472,0.018867925
956,0.76,0.2,0.04,0,0,0.723404255,0.212765957,0.042553191,0.021276596,0,0,0,0,0,0.185714286,0,0.1,0.714285714,1,0,0.846153846,0.115384615,0.038461538
957,0.678571429,0.25,0.035714286,0.035714286,0,0.704545455,0.227272727,0.068181818,0,0,0.333333333,0,0.666666667,0,0.112903226,0.016129032,0.080645161,0.790322581,1,0.084745763,0.694915254,0.152542373,0.06779661
958,0.72,0.24,0.04,0,0.018518519,0.611111111,0.185185185,0.185185185,0,0,0,0,0,0,0.056603774,0,0,0.943396226,1,0.048387097,0.709677419,0.096774194,0.14516129
959,0.703703704,0.222222222,0.074074074,0,0,0.717391304,0.195652174,0.086956522,0,0,0,0,0,0,0.152542373,0,0,0.847457627,1,0.078125,0.65625,0.125,0.140625
960,0.653846154,0.230769231,0.038461538,0.076923077,0.042553191,0.70212766,0.212765957,0.042553191,0,0,0,0,0,0,0.15,0,0.016666667,0.833333333,1,0.033333333,0.75,0.083333333,0.133333333
961,0.541666667,0.25,0.083333333,0.125,0,0.785714286,0.214285714,0,0,0.857142857,0,0,0.142857143,0,0.123076923,0.092307692,0.107692308,0.676923077,1,0.019230769,0.807692308,0.153846154,0.019230769
962,0.571428571,0.333333333,0.047619048,0.047619048,0.023255814,0.697674419,0.23255814,0.046511628,0,0.6,0.2,0,0.1,0.1,0.037037037,0.148148148,0.037037037,0.777777778,1,0.081967213,0.672131148,0.147540984,0.098360656
963,0.652173913,0.260869565,0.043478261,0.043478261,0.020408163,0.673469388,0.204081633,0.102040816,0,1,0,0,0,0,0.06779661,0.050847458,0.084745763,0.796610169,1,0.070175439,0.771929825,0.105263158,0.052631579
964,0.588235294,0.352941176,0.058823529,0,0.020833333,0.6875,0.208333333,0.083333333,0,0.8,0,0,0,0.2,0.036363636,0.145454545,0.054545455,0.763636364,1,0,0.785714286,0.107142857,0.107142857
965,0.647058824,0.294117647,0.058823529,0,0,0.76744186,0.23255814,0,0,0.727272727,0.090909091,0,0,0.181818182,0.052631579,0.157894737,0.070175439,0.719298246,1,0.051724138,0.74137931,0.120689655,0.086206897
966,0.571428571,0.357142857,0.071428571,0,0,0.723404255,0.212765957,0.042553191,0.021276596,1,0,0,0,0,0.016949153,0.186440678,0.13559322,0.661016949,1,0.019230769,0.846153846,0.115384615,0.019230769
967,0.666666667,0.277777778,0.055555556,0,0,0.755555556,0.222222222,0,0.022222222,1,0,0,0,0,0.106060606,0.106060606,0.136363636,0.651515152,1,0.019607843,0.862745098,0.117647059,0
968,0.666666667,0.238095238,0.047619048,0.047619048,0.021276596,0.723404255,0.212765957,0.021276596,0.021276596,1,0,0,0,0,0.109375,0.0625,0.109375,0.71875,1,0.018867925,0.849056604,0.094339623,0.037735849
969,0.5,0.375,0.0625,0.0625,0.023255814,0.744186047,0.23255814,0,0,0.769230769,0.076923077,0,0,0.153846154,0.05,0.183333333,0.116666667,0.65,1,0.019230769,0.826923077,0.134615385,0.019230769
970,0.473684211,0.263157895,0.210526316,0.052631579,0,0.80952381,0.166666667,0,0.023809524,0.833333333,0,0,0,0.166666667,0.033333333,0.166666667,0.133333333,0.666666667,1,0.055555556,0.759259259,0.166666667,0.018518519
971,0.4375,0.375,0.0625,0.125,0.044444444,0.733333333,0.222222222,0,0,0.909090909,0,0,0,0.090909091,0,0.172413793,0.137931034,0.689655172,1,0.056603774,0.849056604,0.094339623,0
972,0.529411765,0.294117647,0.058823529,0.117647059,0,0.755555556,0.222222222,0,0.022222222,1,0,0,0,0,0.033898305,0.169491525,0.118644068,0.677966102,1,0.037735849,0.830188679,0.113207547,0.018867925
973,0.684210526,0.263157895,0.052631579,0,0,0.723404255,0.212765957,0.042553191,0.021276596,1,0,0,0,0,0,0.103448276,0.137931034,0.75862069,1,0.120689655,0.75862069,0.103448276,0.017241379
974,0.642857143,0.25,0.035714286,0.071428571,0.02173913,0.695652174,0.217391304,0.065217391,0,0,0,0,0,0,0.13559322,0,0.016949153,0.847457627,1,0.080645161,0.693548387,0.112903226,0.112903226
975,0.647058824,0.294117647,0.058823529,0,0,0.68,0.2,0.1,0.02,0.8,0,0,0.2,0,0,0.140350877,0.122807018,0.736842105,1,0,0.846153846,0.115384615,0.038461538
976,0.681818182,0.227272727,0.090909091,0,0.041666667,0.708333333,0.1875,0.020833333,0.041666667,0.666666667,0,0,0,0.333333333,0.090909091,0.036363636,0,0.872727273,1,0.063492063,0.714285714,0.079365079,0.142857143
977,0.76,0.2,0.04,0,0,0.666666667,0.196078431,0.117647059,0.019607843,0,0,0,0,0,0.090909091,0,0,0.909090909,1,0.063492063,0.698412698,0.095238095,0.142857143
978,0.695652174,0.260869565,0.043478261,0,0.02173913,0.717391304,0.195652174,0.043478261,0.02173913,0.666666667,0,0.333333333,0,0,0.116666667,0.05,0.05,0.783333333,1,0.066666667,0.716666667,0.116666667,0.1
979,0.65,0.25,0.05,0.05,0.02,0.68,0.2,0.08,0.02,1,0,0,0,0,0.037735849,0.094339623,0.018867925,0.849056604,1,0.05,0.75,0.083333333,0.116666667
980,0.652173913,0.217391304,0.086956522,0.043478261,0,0.666666667,0.176470588,0.137254902,0.019607843,0.8,0,0,0,0.2,0.038461538,0.076923077,0,0.884615385,1,0.016666667,0.716666667,0.116666667,0.15
981,0.470588235,0.352941176,0.117647059,0.058823529,0.045454545,0.75,0.204545455,0,0,1,0,0,0,0,0.018181818,0.163636364,0.072727273,0.745454545,1,0.1,0.733333333,0.1,0.066666667
982,0.6,0.3,0.05,0.05,0.020833333,0.6875,0.208333333,0.083333333,0,0.857142857,0,0,0.142857143,0,0.037037037,0.111111111,0.037037037,0.814814815,1,0.050847458,0.745762712,0.101694915,0.101694915
983,0.608695652,0.304347826,0.043478261,0.043478261,0.020408163,0.653061224,0.204081633,0.12244898,0,0.8,0,0,0.2,0,0.018518519,0.074074074,0.055555556,0.851851852,1,0.083333333,0.716666667,0.116666667,0.083333333
984,0.708333333,0.208333333,0.083333333,0,0,0.739130435,0.195652174,0.043478261,0.02173913,0.5,0,0,0.5,0,0.142857143,0.031746032,0.063492063,0.761904762,1,0.017857143,0.767857143,0.125,0.089285714
985,0.695652174,0.260869565,0.043478261,0,0,0.733333333,0.2,0.044444444,0.022222222,0.6,0,0.2,0.2,0,0.133333333,0.066666667,0.033333333,0.766666667,1,0.033898305,0.711864407,0.13559322,0.118644068
986,0.533333333,0.4,0.066666667,0,0.022727273,0.75,0.227272727,0,0,1,0,0,0,0,0.016949153,0.169491525,0.13559322,0.677966102,1,0.089285714,0.785714286,0.107142857,0.017857143
987,0.5,0.3125,0.0625,0.125,0.044444444,0.733333333,0.222222222,0,0,0.9,0.1,0,0,0,0,0.172413793,0.137931034,0.689655172,1,0.055555556,0.833333333,0.092592593,0.018518519
988,0.538461538,0.384615385,0.076923077,0,0,0.739130435,0.217391304,0.02173913,0.02173913,1,0,0,0,0,0.038461538,0.230769231,0,0.730769231,1,0,0.745762712,0.101694915,0.152542373
989,0.538461538,0.384615385,0.076923077,0,0,0.739130435,0.217391304,0.02173913,0.02173913,0.923076923,0,0,0.076923077,0,0,0.230769231,0.038461538,0.730769231,1,0.017241379,0.75862069,0.103448276,0.120689655
990,0.5625,0.3125,0.0625,0.0625,0,0.739130435,0.217391304,0.02173913,0.02173913,0.833333333,0,0,0,0.166666667,0.034482759,0.172413793,0.103448276,0.689655172,1,0,0.846153846,0.115384615,0.038461538
991,0.384615385,0.461538462,0.076923077,0.076923077,0.022727273,0.75,0.227272727,0,0,0.8125,0,0,0.125,0.0625,0,0.240740741,0.074074074,0.685185185,1,0,0.814814815,0.111111111,0.074074074
992,0.555555556,0.333333333,0.055555556,0.055555556,0.040816327,0.673469388,0.204081633,0.081632653,0,1,0,0,0,0,0.048387097,0.112903226,0.14516129,0.693548387,1,0,0.9,0.1,0
993,0.739130435,0.217391304,0.043478261,0,0.02173913,0.739130435,0.217391304,0,0.02173913,1,0,0,0,0,0.149253731,0.014925373,0.104477612,0.731343284,1,0.054545455,0.818181818,0.090909091,0.036363636
994,0.5625,0.375,0.0625,0,0.045454545,0.727272727,0.227272727,0,0,0.888888889,0.111111111,0,0,0,0.016949153,0.152542373,0.13559322,0.694915254,1,0.105263158,0.771929825,0.105263158,0.01754386
995,0.470588235,0.352941176,0.058823529,0.117647059,0,0.75,0.227272727,0,0.022727273,1,0,0,0,0,0.054545455,0.2,0.036363636,0.709090909,1,0.01754386,0.754385965,0.122807018,0.105263158
996,0.65,0.25,0.05,0.05,0,0.785714286,0.214285714,0,0,0.6,0.1,0.1,0,0.2,0.103448276,0.137931034,0.034482759,0.724137931,1,0.034482759,0.724137931,0.137931034,0.103448276
997,0.703703704,0.222222222,0.037037037,0.037037037,0,0.717391304,0.195652174,0.086956522,0,0,0,1,0,0,0.153846154,0.015384615,0.076923077,0.753846154,1,0.035714286,0.75,0.142857143,0.071428571
998,0.678571429,0.178571429,0.035714286,0.107142857,0,0.723404255,0.212765957,0.042553191,0.021276596,0,0,0,0,0,0.164179104,0,0.089552239,0.746268657,1,0,0.846153846,0.115384615,0.038461538
999,0.692307692,0.192307692,0.038461538,0.076923077,0,0.708333333,0.208333333,0.0625,0.020833333,1,0,0,0,0,0.118644068,0.016949153,0.033898305,0.830508475,1,0.050847458,0.745762712,0.101694915,0.101694915
1000,0.666666667,0.277777778,0.055555556,0,0.020408163,0.693877551,0.204081633,0.06122449,0.020408163,0.857142857,0,0,0.142857143,0,0.072727273,0.109090909,0.018181818,0.8,1,0,0.775862069,0.086206897,0.137931034
1001,0.727272727,0.227272727,0.045454545,0,0.018181818,0.618181818,0.181818182,0.163636364,0.018181818,0.666666667,0,0,0,0.333333333,0.019230769,0.038461538,0.019230769,0.923076923,1,0.016949153,0.762711864,0.084745763,0.13559322
1002,0.75,0.208333333,0.041666667,0,0.017857143,0.607142857,0.178571429,0.178571429,0.017857143,0,0,0,0,0,0,0,0.019607843,0.980392157,1,0.064516129,0.725806452,0.080645161,0.129032258
1003,0.692307692,0.192307692,0.038461538,0.076923077,0.019230769,0.653846154,0.192307692,0.115384615,0.019230769,0,0,0,0,0,0.052631579,0,0.070175439,0.877192982,1,0.068965517,0.775862069,0.086206897,0.068965517
1004,0.681818182,0.227272727,0.045454545,0.045454545,0.020408163,0.693877551,0.204081633,0.06122449,0.020408163,1,0,0,0,0,0.083333333,0.05,0.083333333,0.783333333,1,0.035714286,0.803571429,0.089285714,0.071428571
1005,0.7,0.25,0.05,0,0,0.755555556,0.222222222,0,0.022222222,0.833333333,0,0,0,0.166666667,0.116666667,0.083333333,0.05,0.75,1,0.034482759,0.75862069,0.103448276,0.103448276
1006,0.571428571,0.357142857,0.071428571,0,0.02173913,0.739130435,0.217391304,0,0.02173913,0.833333333,0,0,0.083333333,0.083333333,0,0.175438596,0.122807018,0.701754386,1,0.037037037,0.833333333,0.092592593,0.037037037
1007,0.416666667,0.5,0.083333333,0,0,0.761904762,0.238095238,0,0,0.823529412,0.058823529,0,0,0.117647059,0.016949153,0.254237288,0.13559322,0.593220339,1,0,0.823529412,0.156862745,0.019607843
1008,0.533333333,0.333333333,0.066666667,0.066666667,0,0.755555556,0.222222222,0,0.022222222,0.846153846,0,0,0,0.153846154,0.016949153,0.186440678,0.13559322,0.661016949,1,0.019607843,0.862745098,0.117647059,0
1009,0.5,0.416666667,0.083333333,0,0,0.755555556,0.222222222,0,0.022222222,0.866666667,0,0,0,0.133333333,0,0.232142857,0.107142857,0.660714286,1,0,0.830188679,0.113207547,0.056603774
1010,0.461538462,0.384615385,0.076923077,0.076923077,0.02173913,0.739130435,0.217391304,0,0.02173913,0.923076923,0,0,0,0.076923077,0,0.218181818,0.090909091,0.690909091,1,0.018518519,0.833333333,0.092592593,0.055555556
1011,0.533333333,0.4,0.066666667,0,0.040816327,0.673469388,0.204081633,0.081632653,0,0.9,0,0,0.1,0,0.016666667,0.15,0.15,0.683333333,1,0,0.9,0.1,0
1012,0.619047619,0.333333333,0.047619048,0,0,0.727272727,0.227272727,0.045454545,0,0.857142857,0,0,0,0.142857143,0.096774194,0.096774194,0.096774194,0.709677419,1,0.053571429,0.75,0.142857143,0.053571429
1013,0.727272727,0.227272727,0.045454545,0,0,0.75,0.204545455,0.022727273,0.022727273,0.6,0.2,0.2,0,0,0.098360656,0.081967213,0.081967213,0.737704918,1,0.084745763,0.711864407,0.13559322,0.06779661
1014,0.631578947,0.315789474,0.052631579,0,0.043478261,0.717391304,0.217391304,0.02173913,0,0.833333333,0,0,0,0.166666667,0.103448276,0.086206897,0.034482759,0.775862069,1,0.033898305,0.762711864,0.084745763,0.118644068
1015,0.5,0.388888889,0.055555556,0.055555556,0.045454545,0.727272727,0.227272727,0,0,1,0,0,0,0,0.018867925,0.150943396,0.037735849,0.79245283,1,0.111111111,0.698412698,0.095238095,0.095238095
1016,0.695652174,0.217391304,0.043478261,0.043478261,0.02,0.68,0.2,0.08,0.02,0.666666667,0,0,0,0.333333333,0.018867925,0.037735849,0.037735849,0.905660377,1,0.096774194,0.725806452,0.080645161,0.096774194
1017,0.75,0.208333333,0.041666667,0,0.018518519,0.62962963,0.185185185,0.148148148,0.018518519,0,0,0,0,0,0.1,0,0.066666667,0.833333333,1,0,0.818181818,0.090909091,0.090909091
1018,0.692307692,0.192307692,0.038461538,0.076923077,0,0.693877551,0.204081633,0.081632653,0.020408163,0.5,0,0,0,0.5,0.126984127,0.015873016,0.079365079,0.777777778,1,0,0.830188679,0.113207547,0.056603774
1019,0.619047619,0.285714286,0.047619048,0.047619048,0.04,0.66,0.16,0.14,0,0.666666667,0,0.333333333,0,0,0.068965517,0.103448276,0.068965517,0.75862069,1,0,0.796296296,0.12962963,0.074074074
1020,0.461538462,0.461538462,0.076923077,0,0,0.727272727,0.227272727,0.022727273,0.022727273,0.866666667,0.066666667,0,0.066666667,0,0.01754386,0.245614035,0.105263158,0.631578947,1,0,0.79245283,0.150943396,0.056603774
1021,0.5,0.357142857,0.142857143,0,0,0.739130435,0.195652174,0.043478261,0.02173913,1,0,0,0,0,0.019230769,0.230769231,0.019230769,0.730769231,1,0.016949153,0.728813559,0.118644068,0.13559322
1022,0.588235294,0.352941176,0.058823529,0,0.023255814,0.76744186,0.209302326,0,0,0.8,0,0.1,0,0.1,0.033898305,0.152542373,0.118644068,0.694915254,1,0.087719298,0.754385965,0.122807018,0.035087719
1023,0.5,0.428571429,0.071428571,0,0.022222222,0.733333333,0.222222222,0,0.022222222,0.846153846,0,0,0,0.153846154,0.016666667,0.183333333,0.15,0.65,1,0.019607843,0.862745098,0.117647059,0
1024,0.72,0.24,0.04,0,0.020833333,0.6875,0.208333333,0.083333333,0,0,0,0,0,0,0.19047619,0,0.015873016,0.793650794,1,0,0.75862069,0.103448276,0.137931034
1025,0.714285714,0.238095238,0.047619048,0,0,0.693877551,0.204081633,0.081632653,0.020408163,1,0,0,0,0,0.116666667,0.066666667,0.05,0.766666667,1,0,0.785714286,0.107142857,0.107142857
1026,0.692307692,0.230769231,0.076923077,0,0.022222222,0.733333333,0.2,0.044444444,0,0,0,0,0,0,0.196969697,0,0.045454545,0.757575758,1,0.034482759,0.74137931,0.120689655,0.103448276
1027,0.64,0.28,0.04,0.04,0,0.744186047,0.23255814,0,0.023255814,0.75,0,0,0,0.25,0.018867925,0.056603774,0.037735849,0.886792453,1,0.176470588,0.617647059,0.117647059,0.088235294
1028,0.64,0.28,0.04,0.04,0.022222222,0.711111111,0.222222222,0.044444444,0,0.666666667,0,0,0.333333333,0,0.103448276,0.034482759,0.034482759,0.827586207,1,0.096774194,0.693548387,0.112903226,0.096774194
1029,0.75,0.208333333,0.041666667,0,0.018181818,0.618181818,0.181818182,0.163636364,0.018181818,0,0,0,0,0,0.054545455,0,0.036363636,0.909090909,1,0.033898305,0.762711864,0.084745763,0.118644068
1030,0.75,0.208333333,0.041666667,0,0.02,0.68,0.2,0.08,0.02,0,0,0,0,0,0.140625,0,0.078125,0.78125,1,0.018181818,0.818181818,0.090909091,0.072727273
1031,0.538461538,0.384615385,0.076923077,0,0,0.739130435,0.217391304,0.02173913,0.02173913,0.923076923,0,0,0,0.076923077,0,0.235294118,0.019607843,0.745098039,1,0.016949153,0.745762712,0.101694915,0.13559322
1032,0.428571429,0.380952381,0.142857143,0.047619048,0,0.775,0.2,0.025,0,1,0,0,0,0,0.053571429,0.178571429,0.053571429,0.714285714,1,0.096774194,0.629032258,0.177419355,0.096774194
1033,0.7,0.25,0.05,0,0.020833333,0.708333333,0.208333333,0.041666667,0.020833333,0.8,0,0,0,0.2,0.018181818,0.072727273,0.072727273,0.836363636,1,0.098360656,0.737704918,0.081967213,0.081967213
1034,0.533333333,0.4,0.066666667,0,0.044444444,0.733333333,0.222222222,0,0,0.9,0,0,0.1,0,0.019607843,0.176470588,0,0.803921569,1,0.063492063,0.714285714,0.079365079,0.142857143
1035,0.5,0.357142857,0.071428571,0.071428571,0,0.739130435,0.217391304,0.02173913,0.02173913,0.923076923,0,0,0.076923077,0,0,0.235294118,0.019607843,0.745098039,1,0.017241379,0.75862069,0.103448276,0.120689655
1036,0.461538462,0.384615385,0.076923077,0.076923077,0.043478261,0.717391304,0.217391304,0.02173913,0,0.785714286,0.071428571,0,0.071428571,0.071428571,0,0.235294118,0.019607843,0.745098039,1,0,0.789473684,0.087719298,0.122807018
1037,0.461538462,0.461538462,0.076923077,0,0.044444444,0.733333333,0.2,0.022222222,0,0.785714286,0,0.071428571,0.071428571,0.071428571,0,0.218181818,0.090909091,0.690909091,1,0.018181818,0.8,0.109090909,0.072727273
1038,0.666666667,0.277777778,0.055555556,0,0,0.723404255,0.212765957,0.042553191,0.021276596,0.875,0,0,0.125,0,0.066666667,0.116666667,0.1,0.716666667,1,0.018518519,0.814814815,0.111111111,0.055555556
1039,0.68,0.24,0.04,0.04,0.044444444,0.733333333,0.222222222,0,0,0,0,0,0,0,0.123076923,0,0.107692308,0.769230769,1,0.120689655,0.775862069,0.086206897,0.017241379
1040,0.739130435,0.217391304,0.043478261,0,0.018181818,0.618181818,0.181818182,0.163636364,0.018181818,1,0,0,0,0,0,0.01754386,0.122807018,0.859649123,1,0.071428571,0.803571429,0.089285714,0.035714286
1041,0.5,0.416666667,0.083333333,0,0,0.739130435,0.217391304,0.02173913,0.02173913,0.928571429,0,0,0.071428571,0,0,0.25,0.038461538,0.711538462,1,0,0.771929825,0.105263158,0.122807018
1042,0.529411765,0.352941176,0.058823529,0.058823529,0.043478261,0.717391304,0.217391304,0.02173913,0,0.888888889,0,0,0.111111111,0,0.050847458,0.13559322,0.101694915,0.711864407,1,0.018518519,0.833333333,0.092592593,0.055555556
1043,0.578947368,0.263157895,0.052631579,0.105263158,0.020408163,0.693877551,0.204081633,0.06122449,0.020408163,0.875,0,0,0,0.125,0.017857143,0.125,0.089285714,0.767857143,1,0.018518519,0.833333333,0.092592593,0.055555556
1044,0.703703704,0.222222222,0.037037037,0.037037037,0,0.673469388,0.204081633,0.102040816,0.020408163,0,0,0,0,0,0.152542373,0,0,0.847457627,1,0.016666667,0.716666667,0.116666667,0.15
1045,0.72,0.24,0.04,0,0.020408163,0.673469388,0.204081633,0.081632653,0.020408163,0,0,0,0,0,0.158730159,0,0.047619048,0.793650794,1,0.01754386,0.771929825,0.105263158,0.105263158
1046,0.55,0.35,0.05,0.05,0,0.761904762,0.238095238,0,0,1,0,0,0,0,0.137931034,0.137931034,0,0.724137931,1,0.033333333,0.7,0.133333333,0.133333333
1047,0.578947368,0.315789474,0.052631579,0.052631579,0.02173913,0.717391304,0.217391304,0.02173913,0.02173913,0.875,0,0,0,0.125,0.06557377,0.114754098,0.114754098,0.704918033,1,0.037735849,0.830188679,0.113207547,0.018867925
1048,0.5,0.428571429,0.071428571,0,0,0.733333333,0.222222222,0.022222222,0.022222222,1,0,0,0,0,0.049180328,0.196721311,0.131147541,0.62295082,1,0,0.843137255,0.137254902,0.019607843
1049,0.461538462,0.384615385,0.076923077,0.076923077,0.02173913,0.739130435,0.217391304,0,0.02173913,0.857142857,0,0,0,0.142857143,0,0.210526316,0.122807018,0.666666667,1,0,0.882352941,0.098039216,0.019607843
1050,0.533333333,0.333333333,0.066666667,0.066666667,0,0.755555556,0.222222222,0,0.022222222,0.846153846,0,0,0,0.153846154,0.035714286,0.196428571,0.071428571,0.696428571,1,0,0.814814815,0.111111111,0.074074074
1051,0.666666667,0.238095238,0.095238095,0,0,0.755555556,0.2,0.022222222,0.022222222,0.833333333,0,0,0,0.166666667,0.072727273,0.090909091,0.018181818,0.818181818,1,0.079365079,0.682539683,0.111111111,0.126984127
1052,0.681818182,0.272727273,0.045454545,0,0.019607843,0.647058824,0.196078431,0.137254902,0,1,0,0,0,0,0.078125,0.046875,0.140625,0.734375,1,0.019607843,0.862745098,0.117647059,0
1053,0.6,0.3,0.1,0,0.021276596,0.70212766,0.191489362,0.063829787,0.021276596,0.666666667,0,0,0,0.333333333,0.05,0.1,0.116666667,0.733333333,1,0.018867925,0.811320755,0.132075472,0.037735849
1054,0.619047619,0.285714286,0.095238095,0,0.021276596,0.70212766,0.191489362,0.085106383,0,0.714285714,0,0,0.142857143,0.142857143,0,0.086206897,0.137931034,0.775862069,1,0.105263158,0.754385965,0.122807018,0.01754386
1055,0.75,0.208333333,0.041666667,0,0,0.68,0.2,0.1,0.02,1,0,0,0,0,0.142857143,0.015873016,0.063492063,0.777777778,1,0,0.8,0.109090909,0.090909091
1056,0.68,0.2,0.08,0.04,0.04,0.68,0.18,0.06,0.04,0,0,0,0,0,0.15,0,0.016666667,0.833333333,1,0,0.775862069,0.086206897,0.137931034
1057,0.75,0.208333333,0.041666667,0,0.020833333,0.708333333,0.208333333,0.041666667,0.020833333,0,0,0,0,0,0.118644068,0,0.033898305,0.847457627,1,0.080645161,0.725806452,0.080645161,0.112903226
1058,0.65,0.25,0.05,0.05,0,0.66,0.2,0.12,0.02,0.857142857,0.142857143,0,0,0,0.033333333,0.116666667,0.133333333,0.716666667,1,0,0.843137255,0.137254902,0.019607843
1059,0.55,0.25,0.15,0.05,0,0.790697674,0.162790698,0.023255814,0.023255814,0.727272727,0,0.090909091,0,0.181818182,0.05,0.15,0.116666667,0.683333333,1,0.037037037,0.759259259,0.166666667,0.037037037
1060,0.461538462,0.461538462,0.076923077,0,0.043478261,0.717391304,0.217391304,0.02173913,0,0.846153846,0,0,0,0.153846154,0,0.2,0.090909091,0.709090909,1,0.018181818,0.818181818,0.090909091,0.072727273
1061,0.526315789,0.315789474,0.052631579,0.105263158,0,0.75,0.227272727,0,0.022727273,0.9,0,0,0,0.1,0.035087719,0.157894737,0.087719298,0.719298246,1,0.053571429,0.767857143,0.125,0.053571429
1062,0.5,0.416666667,0.083333333,0,0,0.739130435,0.217391304,0.02173913,0.02173913,1,0,0,0,0,0.018181818,0.236363636,0.072727273,0.672727273,1,0,0.8,0.109090909,0.090909091
1063,0.5,0.4375,0.0625,0,0,0.780487805,0.219512195,0,0,0.733333333,0,0.066666667,0.2,0,0.018181818,0.218181818,0.072727273,0.690909091,1,0.051724138,0.706896552,0.155172414,0.086206897
1064,0.461538462,0.384615385,0.153846154,0,0,0.755555556,0.2,0.022222222,0.022222222,0.928571429,0,0,0.071428571,0,0,0.228070175,0.122807018,0.649122807,1,0.018867925,0.811320755,0.132075472,0.037735849
1065,0.461538462,0.461538462,0.076923077,0,0.042553191,0.680851064,0.212765957,0,0.063829787,0.846153846,0.076923077,0,0.076923077,0,0,0.235294118,0.019607843,0.745098039,1,0,0.75862069,0.103448276,0.137931034
1066,0.454545455,0.454545455,0.090909091,0,0.044444444,0.733333333,0.222222222,0,0,0.8,0.066666667,0,0.133333333,0,0,0.254901961,0.019607843,0.725490196,1,0,0.775862069,0.086206897,0.137931034
1067,0.538461538,0.384615385,0.076923077,0,0.022222222,0.755555556,0.2,0,0.022222222,0.785714286,0,0.071428571,0.071428571,0.071428571,0,0.214285714,0.107142857,0.678571429,1,0.018518519,0.814814815,0.111111111,0.055555556
1068,0.5625,0.3125,0.0625,0.0625,0.02173913,0.739130435,0.217391304,0,0.02173913,0.818181818,0,0,0,0.181818182,0,0.157894737,0.122807018,0.719298246,1,0.055555556,0.833333333,0.092592593,0.018518519
1069,0.538461538,0.384615385,0.076923077,0,0,0.755555556,0.222222222,0,0.022222222,0.923076923,0,0,0,0.076923077,0,0.206896552,0.137931034,0.655172414,1,0.037735849,0.830188679,0.113207547,0.018867925
1070,0.5,0.357142857,0.071428571,0.071428571,0,0.723404255,0.212765957,0.042553191,0.021276596,1,0,0,0,0,0.018181818,0.218181818,0.072727273,0.690909091,1,0,0.814814815,0.111111111,0.074074074
1071,0.5,0.3125,0.0625,0.125,0.021276596,0.723404255,0.212765957,0.021276596,0.021276596,0.909090909,0,0,0,0.090909091,0.019230769,0.192307692,0.019230769,0.769230769,1,0,0.789473684,0.087719298,0.122807018
1072,0.523809524,0.380952381,0.047619048,0.047619048,0,0.756097561,0.243902439,0,0,0.888888889,0,0,0,0.111111111,0.056603774,0.150943396,0,0.79245283,1,0.107692308,0.630769231,0.138461538,0.123076923
1073,0.588235294,0.352941176,0.058823529,0,0.023255814,0.76744186,0.209302326,0,0,0.8,0,0.1,0,0.1,0.036363636,0.163636364,0.054545455,0.745454545,1,0.081967213,0.704918033,0.114754098,0.098360656
1074,0.466666667,0.4,0.066666667,0.066666667,0.022727273,0.75,0.227272727,0,0,0.785714286,0,0,0.071428571,0.142857143,0.017857143,0.196428571,0.089285714,0.696428571,1,0.018518519,0.814814815,0.111111111,0.055555556
1075,0.529411765,0.411764706,0.058823529,0,0.021276596,0.680851064,0.212765957,0.042553191,0.042553191,1,0,0,0,0,0.018867925,0.169811321,0.037735849,0.773584906,1,0.05,0.716666667,0.116666667,0.116666667
1076,0.611111111,0.277777778,0.055555556,0.055555556,0.02,0.68,0.2,0.08,0.02,1,0,0,0,0,0.018181818,0.127272727,0.072727273,0.781818182,1,0.017857143,0.803571429,0.089285714,0.089285714
1077,0.703703704,0.185185185,0.037037037,0.074074074,0,0.739130435,0.217391304,0.02173913,0.02173913,0,0,0,0,0,0.112903226,0,0.080645161,0.806451613,1,0.084745763,0.745762712,0.101694915,0.06779661
1078,0.730769231,0.230769231,0.038461538,0,0,0.634615385,0.192307692,0.153846154,0.019230769,0,0,0,0,0,0,0,0.122807018,0.877192982,1,0.133333333,0.716666667,0.116666667,0.033333333
1079,0.730769231,0.192307692,0.038461538,0.038461538,0,0.708333333,0.208333333,0.0625,0.020833333,0,0,0,0,0,0.032786885,0,0.147540984,0.819672131,1,0.152542373,0.745762712,0.101694915,0
1080,0.72,0.2,0.04,0.04,0.019607843,0.666666667,0.196078431,0.098039216,0.019607843,0,0,0,0,0,0,0,0.137931034,0.862068966,1,0.13559322,0.762711864,0.084745763,0.016949153
1081,0.76,0.2,0.04,0,0,0.755555556,0.222222222,0,0.022222222,0,0,0,0,0,0.033333333,0,0.133333333,0.833333333,1,0.203125,0.6875,0.09375,0.015625
1082,0.75,0.208333333,0.041666667,0,0.018181818,0.618181818,0.181818182,0.163636364,0.018181818,0,0,0,0,0,0.070175439,0,0.052631579,0.877192982,1,0.01754386,0.789473684,0.087719298,0.105263158
1083,0.75,0.208333333,0.041666667,0,0,0.75,0.227272727,0,0.022727273,0.333333333,0.333333333,0,0.333333333,0,0.06557377,0.032786885,0.114754098,0.786885246,1,0.147540984,0.704918033,0.114754098,0.032786885
1084,0.68,0.24,0.04,0.04,0.042553191,0.70212766,0.212765957,0.042553191,0,0,0,0,0,0,0.051724138,0,0.086206897,0.862068966,1,0.158730159,0.714285714,0.079365079,0.047619048
1085,0.75,0.208333333,0.041666667,0,0.02,0.68,0.2,0.08,0.02,0,0,0,0,0,0.032786885,0,0.147540984,0.819672131,1,0.137931034,0.775862069,0.086206897,0
1086,0.76,0.2,0.04,0,0,0.723404255,0.212765957,0.042553191,0.021276596,0,0,0,0,0,0,0,0.090909091,0.909090909,1,0.194029851,0.656716418,0.089552239,0.059701493
1087,0.75,0.208333333,0.041666667,0,0.02,0.68,0.2,0.08,0.02,0,0,0,0,0,0.158730159,0,0.047619048,0.793650794,1,0,0.803571429,0.089285714,0.107142857
1088,0.708333333,0.208333333,0.041666667,0.041666667,0.021276596,0.723404255,0.212765957,0.021276596,0.021276596,0.5,0,0,0,0.5,0.120689655,0.017241379,0.017241379,0.844827586,1,0.049180328,0.737704918,0.081967213,0.131147541
1089,0.68,0.24,0.04,0.04,0.038461538,0.634615385,0.192307692,0.134615385,0,0,0,0,0,0,0.072727273,0,0.018181818,0.909090909,1,0.049180328,0.737704918,0.081967213,0.131147541
1090,0.739130435,0.217391304,0.043478261,0,0,0.618181818,0.181818182,0.181818182,0.018181818,1,0,0,0,0,0,0.038461538,0.038461538,0.923076923,1,0.05,0.733333333,0.1,0.116666667
1091,0.75,0.208333333,0.041666667,0,0,0.618181818,0.181818182,0.181818182,0.018181818,1,0,0,0,0,0,0.017857143,0.107142857,0.875,1,0.070175439,0.771929825,0.105263158,0.052631579
1092,0.636363636,0.272727273,0.045454545,0.045454545,0.020833333,0.6875,0.208333333,0.0625,0.020833333,1,0,0,0,0,0.016949153,0.06779661,0.13559322,0.779661017,1,0.122807018,0.771929825,0.105263158,0
1093,0.631578947,0.315789474,0.052631579,0,0.041666667,0.6875,0.208333333,0.0625,0,0.833333333,0,0,0,0.166666667,0.016949153,0.084745763,0.13559322,0.762711864,1,0.089285714,0.803571429,0.089285714,0.017857143
1094,0.76,0.2,0.04,0,0,0.666666667,0.196078431,0.117647059,0.019607843,0,0,0,0,0,0,0,0.152542373,0.847457627,1,0.152542373,0.745762712,0.101694915,0
1095,0.692307692,0.230769231,0.038461538,0.038461538,0.019607843,0.647058824,0.196078431,0.137254902,0,0,0,0,0,0,0.017857143,0,0.089285714,0.892857143,1,0.131147541,0.721311475,0.098360656,0.049180328
1096,0.7,0.25,0.05,0,0.018867925,0.641509434,0.188679245,0.132075472,0.018867925,1,0,0,0,0,0.018518519,0.074074074,0.055555556,0.851851852,1,0.034482759,0.775862069,0.086206897,0.103448276
1097,0.681818182,0.272727273,0.045454545,0,0,0.6875,0.208333333,0.083333333,0.020833333,1,0,0,0,0,0.087719298,0.070175439,0.035087719,0.807017544,1,0.05,0.716666667,0.116666667,0.116666667
1098,0.730769231,0.192307692,0.038461538,0.038461538,0,0.755555556,0.222222222,0,0.022222222,0,0,0,0,0,0.105263158,0,0.01754386,0.877192982,1,0.136363636,0.666666667,0.090909091,0.106060606
1099,0.529411765,0.352941176,0.058823529,0.058823529,0.02173913,0.695652174,0.217391304,0.065217391,0,0.692307692,0.076923077,0,0.076923077,0.153846154,0,0.2,0,0.8,1,0.016949153,0.728813559,0.118644068,0.13559322
1100,0.533333333,0.333333333,0.066666667,0.066666667,0.02173913,0.739130435,0.217391304,0,0.02173913,0.833333333,0,0,0.083333333,0.083333333,0.035714286,0.178571429,0.071428571,0.714285714,1,0,0.833333333,0.092592593,0.074074074
1101,0.375,0.5,0.0625,0.0625,0.023255814,0.720930233,0.23255814,0,0.023255814,0.8,0,0,0,0.2,0.018867925,0.226415094,0.037735849,0.716981132,1,0.01754386,0.736842105,0.140350877,0.105263158
1102,0.611111111,0.333333333,0.055555556,0,0,0.688888889,0.2,0.088888889,0.022222222,0.615384615,0.153846154,0.076923077,0,0.153846154,0.036363636,0.2,0.054545455,0.709090909,1,0,0.714285714,0.178571429,0.107142857
1103,0.647058824,0.294117647,0.058823529,0,0,0.723404255,0.212765957,0.042553191,0.021276596,0.8,0,0,0.2,0,0.053571429,0.142857143,0.053571429,0.75,1,0,0.785714286,0.107142857,0.107142857
1104,0.666666667,0.25,0.041666667,0.041666667,0.022222222,0.733333333,0.222222222,0,0.022222222,1,0,0,0,0,0.180327869,0.032786885,0,0.786885246,1,0.033333333,0.733333333,0.1,0.133333333
1105,0.703703704,0.185185185,0.037037037,0.074074074,0,0.693877551,0.204081633,0.081632653,0.020408163,0,0,0,0,0,0.019230769,0,0.019230769,0.961538462,1,0.136363636,0.666666667,0.090909091,0.106060606
1106,0.695652174,0.217391304,0.043478261,0.043478261,0.021276596,0.723404255,0.212765957,0.021276596,0.021276596,0.666666667,0,0,0,0.333333333,0.081967213,0.032786885,0.098360656,0.786885246,1,0.070175439,0.789473684,0.087719298,0.052631579
1107,0.708333333,0.25,0.041666667,0,0.04,0.66,0.2,0.1,0,0,0,0,0,0,0.055555556,0,0.018518519,0.925925926,1,0.107692308,0.692307692,0.076923077,0.123076923
1108,0.727272727,0.227272727,0.045454545,0,0.02,0.68,0.2,0.08,0.02,1,0,0,0,0,0.090909091,0.036363636,0,0.872727273,1,0.048387097,0.725806452,0.080645161,0.14516129
1109,0.666666667,0.185185185,0.037037037,0.111111111,0.021276596,0.723404255,0.212765957,0.021276596,0.021276596,0,0,0,0,0,0.086206897,0,0.051724138,0.862068966,1,0.098360656,0.737704918,0.081967213,0.081967213
1110,0.72,0.2,0.04,0.04,0.021276596,0.723404255,0.212765957,0.021276596,0.021276596,0,0,0,0,0,0.13559322,0,0.016949153,0.847457627,1,0.064516129,0.725806452,0.080645161,0.129032258
1111,0.695652174,0.260869565,0.043478261,0,0.043478261,0.717391304,0.217391304,0.02173913,0,1,0,0,0,0,0.19047619,0.015873016,0.015873016,0.777777778,1,0.016949153,0.762711864,0.084745763,0.13559322
1112,0.730769231,0.230769231,0.038461538,0,0,0.75,0.227272727,0,0.022727273,0,0,0,0,0,0.21875,0,0,0.78125,1,0.032786885,0.704918033,0.114754098,0.147540984
1113,0.655172414,0.24137931,0.068965517,0.034482759,0,0.780487805,0.219512195,0,0,0,0,0,0,0,0.223880597,0,0.029850746,0.746268657,1,0.066666667,0.683333333,0.15,0.1
1114,0.6,0.28,0.04,0.08,0,0.744186047,0.23255814,0,0.023255814,1,0,0,0,0,0.114754098,0.06557377,0.06557377,0.754098361,1,0.06779661,0.711864407,0.13559322,0.084745763
1115,0.533333333,0.333333333,0.066666667,0.066666667,0.020833333,0.708333333,0.208333333,0.041666667,0.020833333,1,0,0,0,0,0.035714286,0.178571429,0.071428571,0.714285714,1,0,0.833333333,0.092592593,0.074074074
1116,0.533333333,0.4,0.066666667,0,0.040816327,0.673469388,0.204081633,0.081632653,0,1,0,0,0,0,0.036363636,0.163636364,0.054545455,0.745454545,1,0,0.803571429,0.089285714,0.107142857
1117,0.357142857,0.357142857,0.214285714,0.071428571,0.045454545,0.75,0.181818182,0,0.022727273,0.857142857,0.071428571,0,0,0.071428571,0,0.232142857,0.107142857,0.660714286,1,0.037037037,0.796296296,0.12962963,0.037037037
1118,0.5625,0.3125,0.125,0,0.022727273,0.75,0.204545455,0.022727273,0,0.642857143,0.071428571,0,0,0.285714286,0,0.175438596,0.122807018,0.701754386,1,0.037037037,0.796296296,0.12962963,0.037037037
1119,0.5,0.375,0.0625,0.0625,0.043478261,0.717391304,0.217391304,0.02173913,0,0.9,0,0,0.1,0,0.05,0.15,0.116666667,0.683333333,1,0,0.865384615,0.096153846,0.038461538
1120,0.473684211,0.421052632,0.052631579,0.052631579,0,0.756097561,0.243902439,0,0,0.909090909,0,0,0.090909091,0,0.052631579,0.175438596,0.070175439,0.701754386,1,0.06779661,0.694915254,0.152542373,0.084745763
1121,0.571428571,0.357142857,0.071428571,0,0.022727273,0.75,0.227272727,0,0,0.769230769,0.076923077,0,0.076923077,0.076923077,0.018181818,0.2,0.072727273,0.709090909,1,0.035087719,0.771929825,0.105263158,0.087719298
1122,0.647058824,0.294117647,0.058823529,0,0.02173913,0.717391304,0.217391304,0.02173913,0.02173913,0.7,0.1,0,0,0.2,0,0.142857143,0.107142857,0.75,1,0.070175439,0.771929825,0.105263158,0.052631579
1123,0.695652174,0.217391304,0.043478261,0.043478261,0,0.666666667,0.196078431,0.117647059,0.019607843,1,0,0,0,0,0.049180328,0.049180328,0.131147541,0.770491803,1,0.056603774,0.830188679,0.113207547,0
1124,0.583333333,0.291666667,0.041666667,0.083333333,0.020833333,0.666666667,0.208333333,0.083333333,0.020833333,1,0,0,0,0,0.081967213,0.06557377,0.098360656,0.754098361,1,0.018518519,0.796296296,0.12962963,0.055555556
1125,0.653846154,0.269230769,0.038461538,0.038461538,0,0.727272727,0.227272727,0.045454545,0,1,0,0,0,0,0.188405797,0.028985507,0.086956522,0.695652174,1,0,0.79245283,0.150943396,0.056603774
1126,0.571428571,0.380952381,0.047619048,0,0.024390244,0.756097561,0.195121951,0.024390244,0,0.666666667,0,0.222222222,0.111111111,0,0.092307692,0.123076923,0.138461538,0.646153846,1,0.074074074,0.740740741,0.185185185,0
1127,0.647058824,0.294117647,0.058823529,0,0,0.708333333,0.208333333,0.0625,0.020833333,1,0,0,0,0,0.017857143,0.142857143,0.089285714,0.75,1,0.052631579,0.771929825,0.105263158,0.070175439
1128,0.538461538,0.384615385,0.076923077,0,0.02173913,0.739130435,0.217391304,0,0.02173913,0.846153846,0,0,0.076923077,0.076923077,0.017241379,0.189655172,0.120689655,0.672413793,1,0,0.865384615,0.096153846,0.038461538
1129,0.5,0.428571429,0.071428571,0,0.045454545,0.727272727,0.204545455,0.022727273,0,0.833333333,0.083333333,0.083333333,0,0,0,0.206896552,0.137931034,0.655172414,1,0.072727273,0.781818182,0.127272727,0.018181818
1130,0.666666667,0.277777778,0.055555556,0,0,0.723404255,0.212765957,0.042553191,0.021276596,1,0,0,0,0,0,0.132075472,0.056603774,0.811320755,1,0.096774194,0.709677419,0.096774194,0.096774194
1131,0.588235294,0.294117647,0.058823529,0.058823529,0,0.755555556,0.222222222,0,0.022222222,1,0,0,0,0,0.018518519,0.166666667,0.055555556,0.759259259,1,0.083333333,0.733333333,0.1,0.083333333
1132,0.428571429,0.428571429,0.071428571,0.071428571,0.044444444,0.733333333,0.222222222,0,0,0.846153846,0,0,0.153846154,0,0.017241379,0.189655172,0.120689655,0.672413793,1,0.019230769,0.865384615,0.096153846,0.019230769
1133,0.466666667,0.4,0.066666667,0.066666667,0.021276596,0.70212766,0.212765957,0.063829787,0,0.916666667,0,0,0.083333333,0,0.019230769,0.211538462,0.019230769,0.75,1,0,0.771929825,0.105263158,0.122807018
1134,0.416666667,0.5,0.083333333,0,0,0.76744186,0.23255814,0,0,0.823529412,0,0,0.176470588,0,0,0.24137931,0.137931034,0.620689655,1,0,0.843137255,0.137254902,0.019607843
1135,0.428571429,0.5,0.071428571,0,0,0.761904762,0.238095238,0,0,0.8125,0,0,0.125,0.0625,0,0.220338983,0.152542373,0.627118644,1,0.038461538,0.807692308,0.153846154,0
1136,0.538461538,0.384615385,0.076923077,0,0,0.772727273,0.204545455,0,0.022727273,0.857142857,0,0.071428571,0.071428571,0,0.037037037,0.240740741,0.037037037,0.685185185,1,0,0.754385965,0.122807018,0.122807018
1137,0.611111111,0.277777778,0.111111111,0,0,0.708333333,0.1875,0.083333333,0.020833333,0.8,0,0,0,0.2,0.016949153,0.13559322,0.13559322,0.711864407,1,0.019230769,0.826923077,0.134615385,0.019230769
1138,0.538461538,0.384615385,0.076923077,0,0,0.755555556,0.222222222,0,0.022222222,0.923076923,0,0,0,0.076923077,0.01754386,0.210526316,0.105263158,0.666666667,1,0.018518519,0.814814815,0.111111111,0.055555556
1139,0.578947368,0.315789474,0.052631579,0.052631579,0.019607843,0.647058824,0.196078431,0.137254902,0,0.875,0,0,0.125,0,0,0.118644068,0.152542373,0.728813559,1,0,0.88,0.12,0
1140,0.590909091,0.272727273,0.045454545,0.090909091,0.020833333,0.6875,0.208333333,0.083333333,0,1,0,0,0,0,0.064516129,0.080645161,0.129032258,0.725806452,1,0.019230769,0.846153846,0.115384615,0.019230769
1141,0.571428571,0.285714286,0.047619048,0.095238095,0.044444444,0.733333333,0.222222222,0,0,1,0,0,0,0,0.051724138,0.086206897,0.086206897,0.775862069,1,0.084745763,0.762711864,0.084745763,0.06779661
1142,0.708333333,0.208333333,0.083333333,0,0.02173913,0.739130435,0.173913043,0.043478261,0.02173913,0.5,0,0.5,0,0,0.068965517,0.034482759,0.068965517,0.827586207,1,0.126984127,0.682539683,0.111111111,0.079365079
1143,0.75,0.208333333,0.041666667,0,0,0.70212766,0.212765957,0.085106383,0,0.333333333,0.333333333,0,0,0.333333333,0.103448276,0.034482759,0.034482759,0.827586207,1,0.06557377,0.704918033,0.114754098,0.114754098
1144,0.64,0.24,0.04,0.08,0.041666667,0.6875,0.1875,0.083333333,0,0.5,0,0.5,0,0,0.120689655,0.034482759,0.017241379,0.827586207,1,0.033898305,0.745762712,0.101694915,0.118644068
1145,0.55,0.25,0.05,0.15,0,0.723404255,0.212765957,0.042553191,0.021276596,1,0,0,0,0,0,0.145454545,0.090909091,0.763636364,1,0.053571429,0.785714286,0.107142857,0.053571429
1146,0.611111111,0.333333333,0.055555556,0,0,0.6875,0.208333333,0.083333333,0.020833333,0.727272727,0,0,0,0.272727273,0,0.140350877,0.122807018,0.736842105,1,0.018867925,0.811320755,0.132075472,0.037735849
1147,0.666666667,0.208333333,0.041666667,0.083333333,0.035714286,0.589285714,0.178571429,0.196428571,0,0.5,0.5,0,0,0,0.017241379,0.034482759,0.120689655,0.827586207,1,0,0.882352941,0.098039216,0.019607843
1148,0.708333333,0.208333333,0.041666667,0.041666667,0.039215686,0.647058824,0.196078431,0.117647059,0,0,1,0,0,0,0.033333333,0.016666667,0.133333333,0.816666667,1,0.089285714,0.803571429,0.089285714,0.017857143
1149,0.571428571,0.357142857,0.071428571,0,0.021276596,0.723404255,0.212765957,0.021276596,0.021276596,0.909090909,0,0,0.090909091,0,0.018181818,0.181818182,0.072727273,0.727272727,1,0.017857143,0.803571429,0.089285714,0.089285714
1150,0.666666667,0.277777778,0.055555556,0,0.021276596,0.723404255,0.212765957,0.021276596,0.021276596,0.75,0,0,0,0.25,0.050847458,0.101694915,0.101694915,0.745762712,1,0.036363636,0.818181818,0.090909091,0.054545455
1151,0.708333333,0.25,0.041666667,0,0.02,0.66,0.18,0.1,0.04,0.5,0,0.5,0,0,0.087719298,0.035087719,0.035087719,0.842105263,1,0.05,0.716666667,0.116666667,0.116666667
1152,0.7,0.25,0.05,0,0,0.755555556,0.222222222,0,0.022222222,1,0,0,0,0,0.120689655,0.086206897,0.017241379,0.775862069,1,0.049180328,0.721311475,0.098360656,0.131147541
1153,0.730769231,0.192307692,0.038461538,0.038461538,0,0.739130435,0.217391304,0.02173913,0.02173913,0,0,0,0,0,0.194029851,0,0.059701493,0.746268657,1,0,0.8,0.109090909,0.090909091
1154,0.708333333,0.25,0.041666667,0,0.044444444,0.733333333,0.222222222,0,0,0,0,0,0,0,0.197183099,0,0.098591549,0.704225352,1,0.018867925,0.849056604,0.094339623,0.037735849
1155,0.75,0.208333333,0.041666667,0,0,0.755555556,0.222222222,0,0.022222222,1,0,0,0,0,0.194029851,0.014925373,0.059701493,0.731343284,1,0.017857143,0.785714286,0.107142857,0.089285714
1156,0.75,0.208333333,0.041666667,0,0.02,0.68,0.2,0.08,0.02,0,0,0,0,0,0.153846154,0,0.076923077,0.769230769,1,0,0.833333333,0.092592593,0.074074074
1157,0.730769231,0.230769231,0.038461538,0,0,0.634615385,0.192307692,0.153846154,0.019230769,0,0,0,0,0,0.131147541,0,0.049180328,0.819672131,1,0,0.767857143,0.125,0.107142857
1158,0.466666667,0.466666667,0.066666667,0,0,0.744186047,0.23255814,0.023255814,0,1,0,0,0,0,0.06779661,0.203389831,0.084745763,0.644067797,1,0.018181818,0.763636364,0.145454545,0.072727273
1159,0.695652174,0.217391304,0.043478261,0.043478261,0,0.739130435,0.217391304,0.02173913,0.02173913,1,0,0,0,0,0.087719298,0.052631579,0.035087719,0.824561404,1,0.080645161,0.709677419,0.096774194,0.112903226
1160,0.708333333,0.208333333,0.041666667,0.041666667,0,0.634615385,0.192307692,0.153846154,0.019230769,0.666666667,0.333333333,0,0,0,0.056603774,0.056603774,0,0.886792453,1,0.033333333,0.716666667,0.116666667,0.133333333
1161,0.6,0.25,0.05,0.1,0.019230769,0.653846154,0.192307692,0.115384615,0.019230769,1,0,0,0,0,0.018181818,0.109090909,0.072727273,0.8,1,0,0.833333333,0.092592593,0.074074074
1162,0.647058824,0.294117647,0.058823529,0,0.019607843,0.666666667,0.196078431,0.098039216,0.019607843,0.875,0,0,0.125,0,0,0.122807018,0.122807018,0.754385965,1,0.018867925,0.849056604,0.094339623,0.037735849
1163,0.666666667,0.285714286,0.047619048,0,0.02,0.66,0.2,0.1,0.02,0.8,0,0,0,0.2,0,0.078431373,0.019607843,0.901960784,1,0.079365079,0.698412698,0.095238095,0.126984127
1164,0.5,0.357142857,0.071428571,0.071428571,0.021276596,0.723404255,0.212765957,0.021276596,0.021276596,0.846153846,0,0,0,0.153846154,0,0.192982456,0.122807018,0.684210526,1,0,0.882352941,0.098039216,0.019607843
1165,0.470588235,0.411764706,0.058823529,0.058823529,0,0.727272727,0.227272727,0.022727273,0.022727273,1,0,0,0,0,0,0.211538462,0.038461538,0.75,1,0.081967213,0.68852459,0.131147541,0.098360656
1166,0.538461538,0.384615385,0.076923077,0,0,0.75,0.227272727,0,0.022727273,0.75,0.0625,0,0.125,0.0625,0,0.232142857,0.107142857,0.660714286,1,0,0.811320755,0.132075472,0.056603774
1167,0.636363636,0.272727273,0.045454545,0.045454545,0,0.733333333,0.222222222,0.022222222,0.022222222,0.833333333,0,0,0,0.166666667,0.095238095,0.079365079,0.111111111,0.714285714,1,0.037037037,0.796296296,0.12962963,0.037037037
1168,0.578947368,0.368421053,0.052631579,0,0.022727273,0.727272727,0.227272727,0,0.022727273,0.777777778,0,0,0.111111111,0.111111111,0.064516129,0.112903226,0.129032258,0.693548387,1,0.055555556,0.796296296,0.12962963,0.018518519
1169,0.72,0.2,0.04,0.04,0.020408163,0.693877551,0.204081633,0.06122449,0.020408163,0,0,0,0,0,0.017241379,0,0.120689655,0.862068966,1,0.163934426,0.737704918,0.081967213,0.016393443
1170,0.695652174,0.217391304,0.043478261,0.043478261,0.019607843,0.647058824,0.196078431,0.117647059,0.019607843,0.666666667,0.333333333,0,0,0,0.053571429,0.053571429,0.053571429,0.839285714,1,0.034482759,0.75862069,0.103448276,0.103448276
1171,0.6,0.333333333,0.066666667,0,0.020408163,0.693877551,0.204081633,0.06122449,0.020408163,1,0,0,0,0,0.01754386,0.157894737,0.105263158,0.719298246,1,0.018518519,0.833333333,0.092592593,0.055555556
1172,0.571428571,0.357142857,0.071428571,0,0,0.723404255,0.212765957,0.042553191,0.021276596,1,0,0,0,0,0.016666667,0.183333333,0.15,0.65,1,0.019607843,0.862745098,0.117647059,0
1173,0.461538462,0.384615385,0.153846154,0,0.042553191,0.723404255,0.191489362,0,0.042553191,0.846153846,0,0,0,0.153846154,0,0.20754717,0.056603774,0.735849057,1,0,0.803571429,0.089285714,0.107142857
1174,0.571428571,0.357142857,0.071428571,0,0,0.755555556,0.222222222,0,0.022222222,0.846153846,0,0,0.076923077,0.076923077,0.034482759,0.189655172,0.103448276,0.672413793,1,0,0.830188679,0.113207547,0.056603774
1175,0.533333333,0.4,0.066666667,0,0.022222222,0.733333333,0.222222222,0.022222222,0,0.909090909,0,0,0,0.090909091,0.070175439,0.175438596,0.052631579,0.701754386,1,0,0.785714286,0.107142857,0.107142857
1176,0.571428571,0.357142857,0.071428571,0,0.022727273,0.727272727,0.227272727,0,0.022727273,0.769230769,0.153846154,0,0,0.076923077,0.017241379,0.206896552,0.120689655,0.655172414,1,0.037037037,0.796296296,0.12962963,0.037037037
1177,0.5,0.416666667,0.083333333,0,0,0.755555556,0.222222222,0,0.022222222,0.928571429,0,0,0,0.071428571,0,0.236363636,0.090909091,0.672727273,1,0.018181818,0.8,0.109090909,0.072727273
1178,0.5,0.416666667,0.083333333,0,0,0.772727273,0.204545455,0,0.022727273,0.8125,0,0.0625,0.125,0,0,0.24137931,0.137931034,0.620689655,1,0,0.843137255,0.137254902,0.019607843
1179,0.4375,0.4375,0.0625,0.0625,0.063829787,0.680851064,0.212765957,0.021276596,0.021276596,1,0,0,0,0,0.074074074,0.166666667,0,0.759259259,1,0,0.775862069,0.086206897,0.137931034
1180,0.5,0.416666667,0.083333333,0,0,0.755555556,0.222222222,0,0.022222222,0.866666667,0,0,0,0.133333333,0,0.25,0.038461538,0.711538462,1,0,0.771929825,0.105263158,0.122807018
1181,0.4,0.4,0.133333333,0.066666667,0.022727273,0.727272727,0.181818182,0.045454545,0.022727273,0.75,0.0625,0.0625,0.0625,0.0625,0,0.259259259,0.074074074,0.666666667,1,0,0.759259259,0.166666667,0.074074074
1182,0.461538462,0.384615385,0.076923077,0.076923077,0.045454545,0.75,0.204545455,0,0,0.733333333,0.066666667,0.066666667,0,0.133333333,0,0.236363636,0.090909091,0.672727273,1,0.018518519,0.814814815,0.111111111,0.055555556
1183,0.5,0.428571429,0.071428571,0,0,0.75,0.227272727,0.022727273,0,0.8,0,0,0.133333333,0.066666667,0,0.214285714,0.107142857,0.678571429,1,0.018518519,0.796296296,0.12962963,0.055555556
1184,0.652173913,0.260869565,0.086956522,0,0.044444444,0.711111111,0.2,0.044444444,0,0.5,0.25,0,0.25,0,0.048387097,0.048387097,0.14516129,0.758064516,1,0.137931034,0.74137931,0.120689655,0
1185,0.692307692,0.269230769,0.038461538,0,0,0.711111111,0.222222222,0.066666667,0,1,0,0,0,0,0.048387097,0.016129032,0.14516129,0.790322581,1,0.180327869,0.68852459,0.131147541,0
1186,0.72,0.24,0.04,0,0.020833333,0.6875,0.208333333,0.083333333,0,0,0,0,0,0,0.112903226,0,0.080645161,0.806451613,1,0.084745763,0.745762712,0.101694915,0.06779661
1187,0.730769231,0.192307692,0.038461538,0.038461538,0,0.68,0.2,0.1,0.02,0,0,0,0,0,0.054545455,0,0.036363636,0.909090909,1,0.111111111,0.698412698,0.095238095,0.095238095
1188,0.571428571,0.357142857,0.071428571,0,0.021276596,0.723404255,0.212765957,0.021276596,0.021276596,0.833333333,0,0,0.166666667,0,0.019230769,0.192307692,0.019230769,0.769230769,1,0,0.775862069,0.086206897,0.137931034
1189,0.461538462,0.384615385,0.076923077,0.076923077,0,0.755555556,0.222222222,0,0.022222222,0.928571429,0,0,0.071428571,0,0.01754386,0.228070175,0.105263158,0.649122807,1,0,0.846153846,0.115384615,0.038461538
1190,0.65,0.25,0.05,0.05,0,0.723404255,0.212765957,0.042553191,0.021276596,0.75,0,0,0.25,0,0.086206897,0.103448276,0.051724138,0.75862069,1,0,0.8,0.109090909,0.090909091
1191,0.555555556,0.277777778,0.055555556,0.111111111,0.02,0.68,0.2,0.08,0.02,1,0,0,0,0,0.017241379,0.137931034,0.120689655,0.724137931,1,0,0.882352941,0.098039216,0.019607843
1192,0.588235294,0.294117647,0.058823529,0.058823529,0,0.723404255,0.212765957,0.042553191,0.021276596,0.9,0,0,0.1,0,0,0.157894737,0.122807018,0.719298246,1,0.037037037,0.814814815,0.111111111,0.037037037
1193,0.461538462,0.384615385,0.076923077,0.076923077,0.02173913,0.739130435,0.217391304,0,0.02173913,0.923076923,0,0,0.076923077,0,0.016949153,0.203389831,0.13559322,0.644067797,1,0,0.9,0.1,0
1194,0.428571429,0.428571429,0.071428571,0.071428571,0,0.75,0.227272727,0,0.022727273,0.866666667,0,0,0.066666667,0.066666667,0,0.240740741,0.074074074,0.685185185,1,0.018181818,0.781818182,0.127272727,0.072727273
1195,0.588235294,0.352941176,0.058823529,0,0,0.76744186,0.209302326,0,0.023255814,0.75,0,0.083333333,0,0.166666667,0.01754386,0.175438596,0.105263158,0.701754386,1,0.070175439,0.736842105,0.140350877,0.052631579
1196,0.5625,0.3125,0.125,0,0,0.772727273,0.181818182,0.022727273,0.022727273,0.714285714,0,0.071428571,0,0.214285714,0,0.2,0.090909091,0.709090909,1,0.035714286,0.75,0.142857143,0.071428571
1197,0.538461538,0.384615385,0.076923077,0,0.044444444,0.733333333,0.222222222,0,0,0.833333333,0.083333333,0,0.083333333,0,0,0.20754717,0.056603774,0.735849057,1,0.050847458,0.762711864,0.084745763,0.101694915
1198,0.666666667,0.285714286,0.047619048,0,0,0.622641509,0.188679245,0.169811321,0.018867925,0.714285714,0,0,0,0.285714286,0,0.089285714,0.107142857,0.803571429,1,0,0.811320755,0.132075472,0.056603774
1199,0.692307692,0.269230769,0.038461538,0,0.019607843,0.62745098,0.196078431,0.137254902,0.019607843,0,0,0,0,0,0,0,0.137931034,0.862068966,1,0.15,0.716666667,0.116666667,0.016666667
1200,0.652173913,0.217391304,0.043478261,0.086956522,0,0.653846154,0.192307692,0.134615385,0.019230769,1,0,0,0,0,0.018867925,0.075471698,0.037735849,0.867924528,1,0.034482759,0.75862069,0.103448276,0.103448276
1201,0.538461538,0.384615385,0.076923077,0,0,0.723404255,0.212765957,0.042553191,0.021276596,1,0,0,0,0,0,0.222222222,0.074074074,0.703703704,1,0.017857143,0.785714286,0.107142857,0.089285714
1202,0.583333333,0.25,0.041666667,0.125,0,0.75,0.227272727,0.022727273,0,1,0,0,0,0,0.138461538,0.076923077,0.092307692,0.692307692,1,0,0.826923077,0.134615385,0.038461538
1203,0.678571429,0.25,0.035714286,0.035714286,0,0.680851064,0.212765957,0.085106383,0.021276596,0,0,0,0,0,0.1875,0,0.03125,0.78125,1,0.01754386,0.736842105,0.140350877,0.105263158
1204,0.681818182,0.272727273,0.045454545,0,0.020833333,0.6875,0.208333333,0.0625,0.020833333,0.6,0,0,0.4,0,0.084745763,0.050847458,0.06779661,0.796610169,1,0.035087719,0.771929825,0.105263158,0.087719298
1205,0.64,0.28,0.04,0.04,0.021276596,0.680851064,0.212765957,0.085106383,0,1,0,0,0,0,0.050847458,0.033898305,0.101694915,0.813559322,1,0.133333333,0.716666667,0.116666667,0.033333333
1206,0.633333333,0.2,0.066666667,0.1,0,0.6875,0.1875,0.104166667,0.020833333,0,0,0,0,0,0.122807018,0,0,0.877192982,1,0.032786885,0.68852459,0.131147541,0.147540984
1207,0.6,0.24,0.04,0.12,0,0.717391304,0.217391304,0.065217391,0,1,0,0,0,0,0.122807018,0.070175439,0,0.807017544,1,0.016949153,0.728813559,0.118644068,0.13559322
1208,0.695652174,0.260869565,0.043478261,0,0,0.76744186,0.23255814,0,0,1,0,0,0,0,0.191176471,0.044117647,0.073529412,0.691176471,1,0.018181818,0.781818182,0.127272727,0.072727273
1209,0.739130435,0.217391304,0.043478261,0,0.019230769,0.653846154,0.192307692,0.115384615,0.019230769,0.5,0,0,0,0.5,0.107142857,0.017857143,0,0.875,1,0,0.762711864,0.084745763,0.152542373
1210,0.684210526,0.263157895,0.052631579,0,0,0.723404255,0.212765957,0.042553191,0.021276596,1,0,0,0,0,0.081967213,0.098360656,0.098360656,0.721311475,1,0.036363636,0.8,0.109090909,0.054545455
1211,0.555555556,0.277777778,0.055555556,0.111111111,0.02,0.68,0.2,0.08,0.02,1,0,0,0,0,0.017241379,0.137931034,0.120689655,0.724137931,1,0,0.882352941,0.098039216,0.019607843
1212,0.619047619,0.238095238,0.047619048,0.095238095,0.018867925,0.641509434,0.188679245,0.132075472,0.018867925,1,0,0,0,0,0,0.086206897,0.137931034,0.775862069,1,0.019607843,0.882352941,0.098039216,0
1213,0.625,0.3125,0.0625,0,0,0.739130435,0.195652174,0.043478261,0.02173913,0.818181818,0,0.090909091,0,0.090909091,0.016949153,0.169491525,0.13559322,0.677966102,1,0.037735849,0.811320755,0.132075472,0.018867925
1214,0.75,0.208333333,0.041666667,0,0,0.618181818,0.181818182,0.181818182,0.018181818,1,0,0,0,0,0.035087719,0.01754386,0.087719298,0.859649123,1,0.035714286,0.785714286,0.107142857,0.071428571
1215,0.692307692,0.192307692,0.038461538,0.076923077,0.018518519,0.62962963,0.185185185,0.148148148,0.018518519,0,0,0,0,0,0.033333333,0,0.133333333,0.833333333,1,0.056603774,0.849056604,0.094339623,0
1216,0.538461538,0.384615385,0.076923077,0,0,0.739130435,0.217391304,0.02173913,0.02173913,0.923076923,0,0,0.076923077,0,0,0.203389831,0.152542373,0.644067797,1,0.019607843,0.862745098,0.117647059,0
1217,0.416666667,0.5,0.083333333,0,0,0.76744186,0.23255814,0,0,0.823529412,0,0,0.176470588,0,0,0.25,0.107142857,0.642857143,1,0,0.811320755,0.132075472,0.056603774
1218,0.461538462,0.461538462,0.076923077,0,0,0.775,0.225,0,0,0.684210526,0.105263158,0.052631579,0.157894737,0,0.018867925,0.301886792,0.037735849,0.641509434,1,0,0.701754386,0.175438596,0.122807018
1219,0.461538462,0.461538462,0.076923077,0,0.042553191,0.70212766,0.212765957,0.042553191,0,0.846153846,0,0,0.076923077,0.076923077,0,0.20754717,0.056603774,0.735849057,1,0,0.803571429,0.089285714,0.107142857
1220,0.5,0.375,0.0625,0.0625,0,0.75,0.227272727,0.022727273,0,0.916666667,0,0,0.083333333,0,0.035714286,0.196428571,0.071428571,0.696428571,1,0.035714286,0.767857143,0.125,0.071428571
1221,0.647058824,0.294117647,0.058823529,0,0,0.755555556,0.222222222,0,0.022222222,0.888888889,0,0,0.111111111,0,0.018181818,0.145454545,0.072727273,0.763636364,1,0.083333333,0.733333333,0.1,0.083333333
1222,0.75,0.208333333,0.041666667,0,0,0.723404255,0.212765957,0.042553191,0.021276596,0.5,0,0,0.5,0,0.037735849,0.018867925,0.018867925,0.924528302,1,0.134328358,0.656716418,0.089552239,0.119402985
1223,0.695652174,0.217391304,0.043478261,0.043478261,0.020408163,0.693877551,0.204081633,0.06122449,0.020408163,1,0,0,0,0,0.079365079,0.031746032,0.126984127,0.761904762,1,0.055555556,0.833333333,0.092592593,0.018518519
1224,0.65,0.25,0.05,0.05,0.019607843,0.647058824,0.196078431,0.117647059,0.019607843,0.714285714,0.142857143,0,0,0.142857143,0.038461538,0.115384615,0,0.846153846,1,0,0.75862069,0.103448276,0.137931034
1225,0.714285714,0.238095238,0.047619048,0,0.019230769,0.653846154,0.192307692,0.115384615,0.019230769,0.75,0,0,0,0.25,0.018867925,0.056603774,0.037735849,0.886792453,1,0.05,0.75,0.083333333,0.116666667
1226,0.72,0.2,0.04,0.04,0.02,0.68,0.2,0.08,0.02,0,0,0,0,0,0.016949153,0,0.13559322,0.847457627,1,0.13559322,0.762711864,0.084745763,0.016949153
1227,0.695652174,0.260869565,0.043478261,0,0.018867925,0.622641509,0.188679245,0.150943396,0.018867925,0.666666667,0,0,0.333333333,0,0,0.036363636,0.090909091,0.872727273,1,0.068965517,0.75862069,0.103448276,0.068965517
1228,0.5,0.388888889,0.111111111,0,0,0.775,0.225,0,0,0.833333333,0.083333333,0,0.083333333,0,0.052631579,0.192982456,0.070175439,0.684210526,1,0.083333333,0.666666667,0.166666667,0.083333333
1229,0.708333333,0.208333333,0.041666667,0.041666667,0.019607843,0.666666667,0.196078431,0.098039216,0.019607843,1,0,0,0,0,0,0.019607843,0.019607843,0.960784314,1,0.123076923,0.692307692,0.076923077,0.107692308
1230,0.647058824,0.294117647,0.058823529,0,0,0.723404255,0.212765957,0.042553191,0.021276596,1,0,0,0,0,0.087719298,0.140350877,0.035087719,0.736842105,1,0,0.771929825,0.105263158,0.122807018
1231,0.592592593,0.259259259,0.111111111,0.037037037,0.02173913,0.695652174,0.173913043,0.065217391,0.043478261,1,0,0,0,0,0.101694915,0.033898305,0.050847458,0.813559322,1,0.098360656,0.672131148,0.147540984,0.081967213
1232,0.5,0.428571429,0.071428571,0,0.022222222,0.733333333,0.222222222,0.022222222,0,0.916666667,0,0,0,0.083333333,0.016949153,0.186440678,0.13559322,0.661016949,1,0.037735849,0.830188679,0.113207547,0.018867925
1233,0.428571429,0.428571429,0.071428571,0.071428571,0,0.76744186,0.23255814,0,0,0.866666667,0,0,0.066666667,0.066666667,0.033333333,0.216666667,0.133333333,0.616666667,1,0,0.86,0.14,0
1234,0.578947368,0.315789474,0.052631579,0.052631579,0,0.75,0.227272727,0,0.022727273,0.888888889,0,0,0,0.111111111,0,0.137931034,0.137931034,0.724137931,1,0.122807018,0.754385965,0.122807018,0
1235,0.666666667,0.285714286,0.047619048,0,0,0.717391304,0.217391304,0.065217391,0,0.714285714,0,0,0.285714286,0,0,0.084745763,0.152542373,0.762711864,1,0.122807018,0.754385965,0.122807018,0
1236,0.692307692,0.192307692,0.038461538,0.076923077,0.019230769,0.653846154,0.192307692,0.115384615,0.019230769,0,0,0,0,0,0.016949153,0,0.13559322,0.847457627,1,0.107142857,0.803571429,0.089285714,0
1237,0.730769231,0.192307692,0.076923077,0,0,0.693877551,0.183673469,0.102040816,0.020408163,0,0,0,0,0,0.101694915,0,0.050847458,0.847457627,1,0.081967213,0.704918033,0.114754098,0.098360656
1238,0.75,0.208333333,0.041666667,0,0,0.68,0.2,0.1,0.02,1,0,0,0,0,0.071428571,0.017857143,0.035714286,0.875,1,0.080645161,0.709677419,0.096774194,0.112903226
1239,0.730769231,0.230769231,0.038461538,0,0,0.717391304,0.217391304,0.043478261,0.02173913,0,0,0,0,0,0.106060606,0,0.136363636,0.757575758,1,0.122807018,0.754385965,0.122807018,0
1240,0.555555556,0.388888889,0.055555556,0,0.022222222,0.711111111,0.222222222,0.044444444,0,0.888888889,0,0,0.111111111,0,0.035087719,0.140350877,0.087719298,0.736842105,1,0.068965517,0.74137931,0.120689655,0.068965517
1241,0.62962963,0.296296296,0.074074074,0,0.042553191,0.659574468,0.170212766,0.127659574,0,0,0,1,0,0,0,0.016949153,0.152542373,0.830508475,1,0.193548387,0.661290323,0.14516129,0
1242,0.76,0.2,0.04,0,0,0.68,0.2,0.1,0.02,0,0,0,0,0,0.049180328,0,0.131147541,0.819672131,1,0.120689655,0.75862069,0.103448276,0.017241379
1243,0.666666667,0.291666667,0.041666667,0,0.036363636,0.581818182,0.181818182,0.2,0,1,0,0,0,0,0.068965517,0.017241379,0.068965517,0.844827586,1,0,0.8,0.109090909,0.090909091
1244,0.76,0.2,0.04,0,0,0.653846154,0.192307692,0.134615385,0.019230769,0,0,0,0,0,0.052631579,0,0.070175439,0.877192982,1,0.083333333,0.733333333,0.1,0.083333333
1245,0.703703704,0.185185185,0.037037037,0.074074074,0,0.68,0.2,0.1,0.02,0,0,0,0,0,0.087719298,0,0.035087719,0.877192982,1,0.066666667,0.733333333,0.1,0.1
1246,0.555555556,0.333333333,0.055555556,0.055555556,0,0.75,0.227272727,0,0.022727273,0.9,0,0,0.1,0,0.01754386,0.157894737,0.105263158,0.719298246,1,0.087719298,0.754385965,0.122807018,0.035087719
1247,0.523809524,0.285714286,0.047619048,0.142857143,0.022222222,0.733333333,0.222222222,0,0.022222222,1,0,0,0,0,0.017857143,0.125,0.089285714,0.767857143,1,0.086206897,0.75862069,0.103448276,0.051724138
1248,0.5,0.3125,0.125,0.0625,0.022222222,0.733333333,0.2,0.022222222,0.022222222,0.714285714,0.071428571,0,0,0.214285714,0,0.196428571,0.107142857,0.696428571,1,0.018867925,0.811320755,0.132075472,0.037735849
1249,0.55,0.35,0.05,0.05,0,0.680851064,0.212765957,0.085106383,0.021276596,0.888888889,0,0,0,0.111111111,0.016949153,0.13559322,0.13559322,0.711864407,1,0.056603774,0.79245283,0.150943396,0