"('NPA', 'np')","('NPA', 'np1')","('NPA', 'np2')","('NPA', ('NPA', 'NPA'))","('NPO', 'np')","('NPO', 'np1')","('NPO', 'np2')","('NPO', ('NPA', 'NPO'))","('NPO', ('NPO', 'NPA'))","('NPS', 'np')","('NPS', 'np1')","('NPS', 'np2')","('NPS', ('NPA', 'NPS'))","('NPS', ('NPS', 'NPA'))","('S', ('NPA', 'S'))","('S', ('NPS', 'VP'))","('S', ('S', 'NPA'))","('S', ('VP',))","('V', 'v')","('VP', ('NPA', 'VP'))","('VP', ('NPO', 'V'))","('VP', ('V',))","('VP', ('VP', 'NPA'))",
0.730769231,0.230769231,0.038461538,0,0,0.76744186,0.23255814,0,0,0,0,0,0,0,0,0,0,1,1,0.223684211,0.565789474,0.092105263,0.118421053,0
0.730769231,0.230769231,0.038461538,0,0,0.76744186,0.23255814,0,0,0,0,0,0,0,0,0,0,1,1,0.223684211,0.565789474,0.092105263,0.118421053,1
0.416666667,0.5,0.083333333,0,0,0.76744186,0.23255814,0,0,0.823529412,0,0,0.176470588,0,0,0.28,0,0.72,1,0,0.728813559,0.118644068,0.152542373,2
0.416666667,0.5,0.083333333,0,0,0.76744186,0.23255814,0,0,0.823529412,0,0,0.176470588,0,0,0.28,0,0.72,1,0,0.728813559,0.118644068,0.152542373,3
0.416666667,0.5,0.083333333,0,0,0.76744186,0.23255814,0,0,0.823529412,0,0,0.176470588,0,0,0.28,0,0.72,1,0,0.728813559,0.118644068,0.152542373,4
0.416666667,0.5,0.083333333,0,0,0.76744186,0.23255814,0,0,0.823529412,0,0,0.176470588,0,0,0.237288136,0.152542373,0.610169492,1,0,0.86,0.14,0,5
0.416666667,0.5,0.083333333,0,0,0.76744186,0.23255814,0,0,0.823529412,0,0,0.176470588,0,0,0.237288136,0.152542373,0.610169492,1,0,0.86,0.14,0,6
0.416666667,0.5,0.083333333,0,0,0.76744186,0.23255814,0,0,0.823529412,0,0,0.176470588,0,0,0.237288136,0.152542373,0.610169492,1,0,0.86,0.14,0,7
0.416666667,0.5,0.083333333,0,0,0.76744186,0.23255814,0,0,0.823529412,0,0,0.176470588,0,0,0.237288136,0.152542373,0.610169492,1,0,0.86,0.14,0,8
0.416666667,0.5,0.083333333,0,0,0.76744186,0.23255814,0,0,0.823529412,0,0,0.176470588,0,0,0.237288136,0.152542373,0.610169492,1,0,0.86,0.14,0,9
0.416666667,0.5,0.083333333,0,0,0.76744186,0.23255814,0,0,0.823529412,0,0,0.176470588,0,0,0.237288136,0.152542373,0.610169492,1,0,0.86,0.14,0,10
0.416666667,0.5,0.083333333,0,0,0.76744186,0.23255814,0,0,0.823529412,0,0,0.176470588,0,0,0.28,0,0.72,1,0,0.728813559,0.118644068,0.152542373,11
0.416666667,0.5,0.083333333,0,0,0.76744186,0.23255814,0,0,0.823529412,0,0,0.176470588,0,0,0.28,0,0.72,1,0,0.728813559,0.118644068,0.152542373,12
0.416666667,0.5,0.083333333,0,0,0.76744186,0.23255814,0,0,0.823529412,0,0,0.176470588,0,0,0.237288136,0.152542373,0.610169492,1,0,0.86,0.14,0,13
0.416666667,0.5,0.083333333,0,0,0.76744186,0.23255814,0,0,0.823529412,0,0,0.176470588,0,0,0.237288136,0.152542373,0.610169492,1,0,0.86,0.14,0,14
0.416666667,0.5,0.083333333,0,0,0.76744186,0.23255814,0,0,0.823529412,0,0,0.176470588,0,0,0.28,0,0.72,1,0,0.728813559,0.118644068,0.152542373,15
0.416666667,0.5,0.083333333,0,0,0.76744186,0.23255814,0,0,0.823529412,0,0,0.176470588,0,0,0.28,0,0.72,1,0,0.728813559,0.118644068,0.152542373,16
0.416666667,0.5,0.083333333,0,0,0.76744186,0.23255814,0,0,0.823529412,0,0,0.176470588,0,0,0.28,0,0.72,1,0,0.728813559,0.118644068,0.152542373,17
0.416666667,0.5,0.083333333,0,0,0.76744186,0.23255814,0,0,0.823529412,0,0,0.176470588,0,0,0.28,0,0.72,1,0,0.728813559,0.118644068,0.152542373,18
0.416666667,0.5,0.083333333,0,0,0.76744186,0.23255814,0,0,0.823529412,0,0,0.176470588,0,0,0.28,0,0.72,1,0,0.728813559,0.118644068,0.152542373,19
0.461538462,0.461538462,0.076923077,0,0,0.76744186,0.23255814,0,0,1,0,0,0,0,0.074074074,0.240740741,0,0.685185185,1,0,0.728813559,0.118644068,0.152542373,20
0.416666667,0.5,0.083333333,0,0,0.76744186,0.23255814,0,0,0.823529412,0,0,0.176470588,0,0,0.237288136,0.152542373,0.610169492,1,0,0.86,0.14,0,21
0.416666667,0.5,0.083333333,0,0,0.76744186,0.23255814,0,0,0.823529412,0,0,0.176470588,0,0,0.237288136,0.152542373,0.610169492,1,0,0.86,0.14,0,22
0.416666667,0.5,0.083333333,0,0,0.76744186,0.23255814,0,0,0.823529412,0,0,0.176470588,0,0,0.237288136,0.152542373,0.610169492,1,0,0.86,0.14,0,23
0.416666667,0.5,0.083333333,0,0,0.76744186,0.23255814,0,0,0.823529412,0,0,0.176470588,0,0,0.237288136,0.152542373,0.610169492,1,0,0.86,0.14,0,24
0.416666667,0.5,0.083333333,0,0,0.76744186,0.23255814,0,0,0.823529412,0,0,0.176470588,0,0,0.237288136,0.152542373,0.610169492,1,0,0.86,0.14,0,25
0.416666667,0.5,0.083333333,0,0,0.76744186,0.23255814,0,0,0.823529412,0,0,0.176470588,0,0,0.237288136,0.152542373,0.610169492,1,0,0.86,0.14,0,26
0.416666667,0.5,0.083333333,0,0,0.76744186,0.23255814,0,0,0.823529412,0,0,0.176470588,0,0,0.28,0,0.72,1,0,0.728813559,0.118644068,0.152542373,27
0.416666667,0.5,0.083333333,0,0,0.76744186,0.23255814,0,0,0.823529412,0,0,0.176470588,0,0,0.28,0,0.72,1,0,0.728813559,0.118644068,0.152542373,28
0.416666667,0.5,0.083333333,0,0,0.76744186,0.23255814,0,0,0.823529412,0,0,0.176470588,0,0,0.237288136,0.152542373,0.610169492,1,0,0.86,0.14,0,29
0.416666667,0.5,0.083333333,0,0,0.76744186,0.23255814,0,0,0.823529412,0,0,0.176470588,0,0,0.237288136,0.152542373,0.610169492,1,0,0.86,0.14,0,30
0.416666667,0.5,0.083333333,0,0,0.76744186,0.23255814,0,0,0.823529412,0,0,0.176470588,0,0,0.237288136,0.152542373,0.610169492,1,0,0.86,0.14,0,31
0.416666667,0.5,0.083333333,0,0,0.76744186,0.23255814,0,0,0.823529412,0,0,0.176470588,0,0,0.237288136,0.152542373,0.610169492,1,0,0.86,0.14,0,32
0.416666667,0.5,0.083333333,0,0,0.76744186,0.23255814,0,0,0.823529412,0,0,0.176470588,0,0,0.237288136,0.152542373,0.610169492,1,0,0.86,0.14,0,33
0.416666667,0.5,0.083333333,0,0,0.76744186,0.23255814,0,0,0.823529412,0,0,0.176470588,0,0,0.237288136,0.152542373,0.610169492,1,0,0.86,0.14,0,34
0.416666667,0.5,0.083333333,0,0,0.76744186,0.23255814,0,0,0.823529412,0,0,0.176470588,0,0,0.237288136,0.152542373,0.610169492,1,0,0.86,0.14,0,35
0.416666667,0.5,0.083333333,0,0,0.76744186,0.23255814,0,0,0.823529412,0,0,0.176470588,0,0,0.237288136,0.152542373,0.610169492,1,0,0.86,0.14,0,36
0.416666667,0.5,0.083333333,0,0,0.76744186,0.23255814,0,0,0.823529412,0,0,0.176470588,0,0,0.237288136,0.152542373,0.610169492,1,0,0.86,0.14,0,37
0.416666667,0.5,0.083333333,0,0,0.76744186,0.23255814,0,0,0.823529412,0,0,0.176470588,0,0,0.28,0,0.72,1,0,0.728813559,0.118644068,0.152542373,38
0.416666667,0.5,0.083333333,0,0,0.76744186,0.23255814,0,0,0.823529412,0,0,0.176470588,0,0,0.237288136,0.152542373,0.610169492,1,0,0.86,0.14,0,39
0.416666667,0.5,0.083333333,0,0,0.76744186,0.23255814,0,0,0.823529412,0,0,0.176470588,0,0,0.237288136,0.152542373,0.610169492,1,0,0.86,0.14,0,40
0.416666667,0.5,0.083333333,0,0,0.76744186,0.23255814,0,0,0.823529412,0,0,0.176470588,0,0,0.237288136,0.152542373,0.610169492,1,0,0.86,0.14,0,41
0.416666667,0.5,0.083333333,0,0,0.76744186,0.23255814,0,0,0.823529412,0,0,0.176470588,0,0,0.237288136,0.152542373,0.610169492,1,0,0.86,0.14,0,42
0.416666667,0.5,0.083333333,0,0,0.76744186,0.23255814,0,0,0.823529412,0,0,0.176470588,0,0,0.237288136,0.152542373,0.610169492,1,0,0.86,0.14,0,43
0.416666667,0.5,0.083333333,0,0,0.76744186,0.23255814,0,0,0.823529412,0,0,0.176470588,0,0,0.237288136,0.152542373,0.610169492,1,0,0.86,0.14,0,44
0.416666667,0.5,0.083333333,0,0,0.76744186,0.23255814,0,0,0.823529412,0,0,0.176470588,0,0,0.237288136,0.152542373,0.610169492,1,0,0.86,0.14,0,45
0.416666667,0.5,0.083333333,0,0,0.76744186,0.23255814,0,0,0.823529412,0,0,0.176470588,0,0,0.237288136,0.152542373,0.610169492,1,0,0.86,0.14,0,46
0.416666667,0.5,0.083333333,0,0,0.76744186,0.23255814,0,0,0.823529412,0,0,0.176470588,0,0,0.28,0,0.72,1,0,0.728813559,0.118644068,0.152542373,47
0.416666667,0.5,0.083333333,0,0,0.76744186,0.23255814,0,0,0.823529412,0,0,0.176470588,0,0,0.28,0,0.72,1,0,0.728813559,0.118644068,0.152542373,48
0.416666667,0.5,0.083333333,0,0,0.76744186,0.23255814,0,0,0.823529412,0,0,0.176470588,0,0,0.237288136,0.152542373,0.610169492,1,0,0.86,0.14,0,49
0.416666667,0.5,0.083333333,0,0,0.76744186,0.23255814,0,0,0.823529412,0,0,0.176470588,0,0,0.237288136,0.152542373,0.610169492,1,0,0.86,0.14,0,50
0.416666667,0.5,0.083333333,0,0,0.76744186,0.23255814,0,0,0.823529412,0,0,0.176470588,0,0,0.237288136,0.152542373,0.610169492,1,0,0.86,0.14,0,51
0.416666667,0.5,0.083333333,0,0,0.76744186,0.23255814,0,0,1,0,0,0,0,0.056603774,0.264150943,0,0.679245283,1,0,0.728813559,0.118644068,0.152542373,52
0.416666667,0.5,0.083333333,0,0,0.76744186,0.23255814,0,0,0.823529412,0,0,0.176470588,0,0,0.28,0,0.72,1,0,0.728813559,0.118644068,0.152542373,53
0.416666667,0.5,0.083333333,0,0,0.76744186,0.23255814,0,0,0.823529412,0,0,0.176470588,0,0,0.28,0,0.72,1,0,0.728813559,0.118644068,0.152542373,54
0.416666667,0.5,0.083333333,0,0,0.76744186,0.23255814,0,0,0.823529412,0,0,0.176470588,0,0,0.237288136,0.152542373,0.610169492,1,0,0.86,0.14,0,55
0.416666667,0.5,0.083333333,0,0,0.76744186,0.23255814,0,0,0.823529412,0,0,0.176470588,0,0,0.237288136,0.152542373,0.610169492,1,0,0.86,0.14,0,56
0.416666667,0.5,0.083333333,0,0,0.76744186,0.23255814,0,0,0.823529412,0,0,0.176470588,0,0,0.237288136,0.152542373,0.610169492,1,0,0.86,0.14,0,57
0.416666667,0.5,0.083333333,0,0,0.76744186,0.23255814,0,0,0.823529412,0,0,0.176470588,0,0,0.237288136,0.152542373,0.610169492,1,0,0.86,0.14,0,58
0.416666667,0.5,0.083333333,0,0,0.76744186,0.23255814,0,0,0.823529412,0,0,0.176470588,0,0,0.237288136,0.152542373,0.610169492,1,0,0.86,0.14,0,59
0.416666667,0.5,0.083333333,0,0,0.76744186,0.23255814,0,0,0.823529412,0,0,0.176470588,0,0,0.237288136,0.152542373,0.610169492,1,0,0.86,0.14,0,60
0.416666667,0.5,0.083333333,0,0,0.76744186,0.23255814,0,0,0.823529412,0,0,0.176470588,0,0,0.237288136,0.152542373,0.610169492,1,0,0.86,0.14,0,61
0.416666667,0.5,0.083333333,0,0,0.76744186,0.23255814,0,0,0.823529412,0,0,0.176470588,0,0,0.237288136,0.152542373,0.610169492,1,0,0.86,0.14,0,62
0.416666667,0.5,0.083333333,0,0,0.76744186,0.23255814,0,0,0.823529412,0,0,0.176470588,0,0,0.237288136,0.152542373,0.610169492,1,0,0.86,0.14,0,63
0.416666667,0.5,0.083333333,0,0,0.76744186,0.23255814,0,0,0.823529412,0,0,0.176470588,0,0,0.28,0,0.72,1,0,0.728813559,0.118644068,0.152542373,64
0.416666667,0.5,0.083333333,0,0,0.76744186,0.23255814,0,0,0.823529412,0,0,0.176470588,0,0,0.28,0,0.72,1,0,0.728813559,0.118644068,0.152542373,65
0.416666667,0.5,0.083333333,0,0,0.76744186,0.23255814,0,0,0.823529412,0,0,0.176470588,0,0,0.28,0,0.72,1,0,0.728813559,0.118644068,0.152542373,66
0.416666667,0.5,0.083333333,0,0,0.76744186,0.23255814,0,0,0.823529412,0,0,0.176470588,0,0,0.28,0,0.72,1,0,0.728813559,0.118644068,0.152542373,67
0.416666667,0.5,0.083333333,0,0,0.76744186,0.23255814,0,0,0.823529412,0,0,0.176470588,0,0,0.28,0,0.72,1,0,0.728813559,0.118644068,0.152542373,68
0.416666667,0.5,0.083333333,0,0,0.76744186,0.23255814,0,0,0.823529412,0,0,0.176470588,0,0,0.28,0,0.72,1,0,0.728813559,0.118644068,0.152542373,69
0.416666667,0.5,0.083333333,0,0,0.76744186,0.23255814,0,0,0.823529412,0,0,0.176470588,0,0,0.28,0,0.72,1,0,0.728813559,0.118644068,0.152542373,70
0.416666667,0.5,0.083333333,0,0,0.76744186,0.23255814,0,0,0.823529412,0,0,0.176470588,0,0,0.237288136,0.152542373,0.610169492,1,0,0.86,0.14,0,71
0.416666667,0.5,0.083333333,0,0,0.76744186,0.23255814,0,0,0.823529412,0,0,0.176470588,0,0,0.237288136,0.152542373,0.610169492,1,0,0.86,0.14,0,72
0.416666667,0.5,0.083333333,0,0,0.76744186,0.23255814,0,0,0.823529412,0,0,0.176470588,0,0,0.237288136,0.152542373,0.610169492,1,0,0.86,0.14,0,73
0.416666667,0.5,0.083333333,0,0,0.76744186,0.23255814,0,0,0.823529412,0,0,0.176470588,0,0,0.28,0,0.72,1,0,0.728813559,0.118644068,0.152542373,74
0.416666667,0.5,0.083333333,0,0,0.76744186,0.23255814,0,0,0.823529412,0,0,0.176470588,0,0,0.237288136,0.152542373,0.610169492,1,0,0.86,0.14,0,75
0.416666667,0.5,0.083333333,0,0,0.76744186,0.23255814,0,0,0.823529412,0,0,0.176470588,0,0,0.28,0,0.72,1,0,0.728813559,0.118644068,0.152542373,76
0.416666667,0.5,0.083333333,0,0,0.76744186,0.23255814,0,0,0.823529412,0,0,0.176470588,0,0,0.28,0,0.72,1,0,0.728813559,0.118644068,0.152542373,77
0.416666667,0.5,0.083333333,0,0,0.76744186,0.23255814,0,0,0.823529412,0,0,0.176470588,0,0,0.28,0,0.72,1,0,0.728813559,0.118644068,0.152542373,78
0.416666667,0.5,0.083333333,0,0,0.76744186,0.23255814,0,0,0.823529412,0,0,0.176470588,0,0,0.28,0,0.72,1,0,0.728813559,0.118644068,0.152542373,79
0.416666667,0.5,0.083333333,0,0,0.76744186,0.23255814,0,0,0.823529412,0,0,0.176470588,0,0,0.28,0,0.72,1,0,0.728813559,0.118644068,0.152542373,80
0.416666667,0.5,0.083333333,0,0,0.76744186,0.23255814,0,0,0.823529412,0,0,0.176470588,0,0,0.28,0,0.72,1,0,0.728813559,0.118644068,0.152542373,81
0.416666667,0.5,0.083333333,0,0,0.76744186,0.23255814,0,0,0.823529412,0,0,0.176470588,0,0,0.237288136,0.152542373,0.610169492,1,0,0.86,0.14,0,82
0.416666667,0.5,0.083333333,0,0,0.76744186,0.23255814,0,0,0.823529412,0,0,0.176470588,0,0,0.237288136,0.152542373,0.610169492,1,0,0.86,0.14,0,83
0.416666667,0.5,0.083333333,0,0,0.76744186,0.23255814,0,0,0.823529412,0,0,0.176470588,0,0,0.237288136,0.152542373,0.610169492,1,0,0.86,0.14,0,84
0.416666667,0.5,0.083333333,0,0,0.76744186,0.23255814,0,0,0.823529412,0,0,0.176470588,0,0,0.237288136,0.152542373,0.610169492,1,0,0.86,0.14,0,85
0.416666667,0.5,0.083333333,0,0,0.76744186,0.23255814,0,0,0.823529412,0,0,0.176470588,0,0,0.237288136,0.152542373,0.610169492,1,0,0.86,0.14,0,86
0.416666667,0.5,0.083333333,0,0,0.76744186,0.23255814,0,0,0.823529412,0,0,0.176470588,0,0,0.237288136,0.152542373,0.610169492,1,0,0.86,0.14,0,87
0.416666667,0.5,0.083333333,0,0,0.76744186,0.23255814,0,0,0.823529412,0,0,0.176470588,0,0,0.237288136,0.152542373,0.610169492,1,0,0.86,0.14,0,88
0.416666667,0.5,0.083333333,0,0,0.76744186,0.23255814,0,0,0.823529412,0,0,0.176470588,0,0,0.237288136,0.152542373,0.610169492,1,0,0.86,0.14,0,89
0.416666667,0.5,0.083333333,0,0,0.76744186,0.23255814,0,0,0.823529412,0,0,0.176470588,0,0,0.237288136,0.152542373,0.610169492,1,0,0.86,0.14,0,90
0.416666667,0.5,0.083333333,0,0,0.76744186,0.23255814,0,0,0.823529412,0,0,0.176470588,0,0,0.237288136,0.152542373,0.610169492,1,0,0.86,0.14,0,91
0.416666667,0.5,0.083333333,0,0,0.76744186,0.23255814,0,0,0.823529412,0,0,0.176470588,0,0,0.237288136,0.152542373,0.610169492,1,0,0.86,0.14,0,92
0.416666667,0.5,0.083333333,0,0,0.76744186,0.23255814,0,0,0.823529412,0,0,0.176470588,0,0,0.28,0,0.72,1,0,0.728813559,0.118644068,0.152542373,93
0.416666667,0.5,0.083333333,0,0,0.76744186,0.23255814,0,0,0.823529412,0,0,0.176470588,0,0,0.28,0,0.72,1,0,0.728813559,0.118644068,0.152542373,94
0.5,0.428571429,0.071428571,0,0,0.76744186,0.23255814,0,0,1,0,0,0,0,0.090909091,0.218181818,0,0.690909091,1,0,0.728813559,0.118644068,0.152542373,95
0.416666667,0.5,0.083333333,0,0,0.76744186,0.23255814,0,0,0.823529412,0,0,0.176470588,0,0,0.237288136,0.152542373,0.610169492,1,0,0.86,0.14,0,96
0.416666667,0.5,0.083333333,0,0,0.76744186,0.23255814,0,0,0.823529412,0,0,0.176470588,0,0,0.237288136,0.152542373,0.610169492,1,0,0.86,0.14,0,97
0.416666667,0.5,0.083333333,0,0,0.76744186,0.23255814,0,0,0.823529412,0,0,0.176470588,0,0,0.237288136,0.152542373,0.610169492,1,0,0.86,0.14,0,98
0.416666667,0.5,0.083333333,0,0,0.76744186,0.23255814,0,0,0.823529412,0,0,0.176470588,0,0,0.237288136,0.152542373,0.610169492,1,0,0.86,0.14,0,99
0.416666667,0.5,0.083333333,0,0,0.76744186,0.23255814,0,0,0.823529412,0,0,0.176470588,0,0,0.28,0,0.72,1,0,0.728813559,0.118644068,0.152542373,100
0.416666667,0.5,0.083333333,0,0,0.76744186,0.23255814,0,0,0.823529412,0,0,0.176470588,0,0,0.237288136,0.152542373,0.610169492,1,0,0.86,0.14,0,101
0.416666667,0.5,0.083333333,0,0,0.76744186,0.23255814,0,0,0.823529412,0,0,0.176470588,0,0,0.28,0,0.72,1,0,0.728813559,0.118644068,0.152542373,102
0.416666667,0.5,0.083333333,0,0,0.76744186,0.23255814,0,0,0.823529412,0,0,0.176470588,0,0,0.28,0,0.72,1,0,0.728813559,0.118644068,0.152542373,103
0.416666667,0.5,0.083333333,0,0,0.76744186,0.23255814,0,0,0.823529412,0,0,0.176470588,0,0,0.28,0,0.72,1,0,0.728813559,0.118644068,0.152542373,104
0.416666667,0.5,0.083333333,0,0,0.76744186,0.23255814,0,0,0.823529412,0,0,0.176470588,0,0,0.28,0,0.72,1,0,0.728813559,0.118644068,0.152542373,105
0.416666667,0.5,0.083333333,0,0,0.76744186,0.23255814,0,0,0.823529412,0,0,0.176470588,0,0,0.28,0,0.72,1,0,0.728813559,0.118644068,0.152542373,106
0.416666667,0.5,0.083333333,0,0,0.76744186,0.23255814,0,0,0.823529412,0,0,0.176470588,0,0,0.28,0,0.72,1,0,0.728813559,0.118644068,0.152542373,107
0.416666667,0.5,0.083333333,0,0,0.76744186,0.23255814,0,0,0.823529412,0,0,0.176470588,0,0,0.28,0,0.72,1,0,0.728813559,0.118644068,0.152542373,108
0.416666667,0.5,0.083333333,0,0,0.76744186,0.23255814,0,0,0.823529412,0,0,0.176470588,0,0,0.28,0,0.72,1,0,0.728813559,0.118644068,0.152542373,109
0.416666667,0.5,0.083333333,0,0,0.76744186,0.23255814,0,0,0.823529412,0,0,0.176470588,0,0,0.28,0,0.72,1,0,0.728813559,0.118644068,0.152542373,110
0.416666667,0.5,0.083333333,0,0,0.76744186,0.23255814,0,0,0.823529412,0,0,0.176470588,0,0,0.28,0,0.72,1,0,0.728813559,0.118644068,0.152542373,111
0.416666667,0.5,0.083333333,0,0,0.76744186,0.23255814,0,0,0.823529412,0,0,0.176470588,0,0,0.237288136,0.152542373,0.610169492,1,0,0.86,0.14,0,112
0.416666667,0.5,0.083333333,0,0,0.76744186,0.23255814,0,0,0.823529412,0,0,0.176470588,0,0,0.237288136,0.152542373,0.610169492,1,0,0.86,0.14,0,113
0.416666667,0.5,0.083333333,0,0,0.76744186,0.23255814,0,0,0.823529412,0,0,0.176470588,0,0,0.237288136,0.152542373,0.610169492,1,0,0.86,0.14,0,114
0.416666667,0.5,0.083333333,0,0,0.76744186,0.23255814,0,0,0.823529412,0,0,0.176470588,0,0,0.28,0,0.72,1,0,0.728813559,0.118644068,0.152542373,115
0.416666667,0.5,0.083333333,0,0,0.76744186,0.23255814,0,0,0.823529412,0,0,0.176470588,0,0,0.28,0,0.72,1,0,0.728813559,0.118644068,0.152542373,116
0.416666667,0.5,0.083333333,0,0,0.76744186,0.23255814,0,0,0.823529412,0,0,0.176470588,0,0,0.28,0,0.72,1,0,0.728813559,0.118644068,0.152542373,117
0.416666667,0.5,0.083333333,0,0,0.76744186,0.23255814,0,0,0.823529412,0,0,0.176470588,0,0,0.237288136,0.152542373,0.610169492,1,0,0.86,0.14,0,118
0.416666667,0.5,0.083333333,0,0,0.76744186,0.23255814,0,0,0.823529412,0,0,0.176470588,0,0,0.237288136,0.152542373,0.610169492,1,0,0.86,0.14,0,119
0.416666667,0.5,0.083333333,0,0,0.76744186,0.23255814,0,0,0.823529412,0,0,0.176470588,0,0,0.237288136,0.152542373,0.610169492,1,0,0.86,0.14,0,120
0.416666667,0.5,0.083333333,0,0,0.76744186,0.23255814,0,0,0.823529412,0,0,0.176470588,0,0,0.237288136,0.152542373,0.610169492,1,0,0.86,0.14,0,121
0.416666667,0.5,0.083333333,0,0,0.76744186,0.23255814,0,0,0.823529412,0,0,0.176470588,0,0,0.237288136,0.152542373,0.610169492,1,0,0.86,0.14,0,122
0.416666667,0.5,0.083333333,0,0,0.76744186,0.23255814,0,0,0.823529412,0,0,0.176470588,0,0,0.237288136,0.152542373,0.610169492,1,0,0.86,0.14,0,123
0.416666667,0.5,0.083333333,0,0,0.76744186,0.23255814,0,0,0.823529412,0,0,0.176470588,0,0,0.237288136,0.152542373,0.610169492,1,0,0.86,0.14,0,124
0.416666667,0.5,0.083333333,0,0,0.76744186,0.23255814,0,0,0.823529412,0,0,0.176470588,0,0,0.237288136,0.152542373,0.610169492,1,0,0.86,0.14,0,125
0.416666667,0.5,0.083333333,0,0,0.76744186,0.23255814,0,0,0.823529412,0,0,0.176470588,0,0,0.28,0,0.72,1,0,0.728813559,0.118644068,0.152542373,126
0.416666667,0.5,0.083333333,0,0,0.76744186,0.23255814,0,0,0.823529412,0,0,0.176470588,0,0,0.237288136,0.152542373,0.610169492,1,0,0.86,0.14,0,127
0.416666667,0.5,0.083333333,0,0,0.76744186,0.23255814,0,0,0.823529412,0,0,0.176470588,0,0,0.237288136,0.152542373,0.610169492,1,0,0.86,0.14,0,128
0.416666667,0.5,0.083333333,0,0,0.76744186,0.23255814,0,0,0.823529412,0,0,0.176470588,0,0,0.237288136,0.152542373,0.610169492,1,0,0.86,0.14,0,129
0.416666667,0.5,0.083333333,0,0,0.76744186,0.23255814,0,0,0.823529412,0,0,0.176470588,0,0,0.237288136,0.152542373,0.610169492,1,0,0.86,0.14,0,130
0.416666667,0.5,0.083333333,0,0,0.76744186,0.23255814,0,0,0.823529412,0,0,0.176470588,0,0,0.28,0,0.72,1,0,0.728813559,0.118644068,0.152542373,131
0.416666667,0.5,0.083333333,0,0,0.76744186,0.23255814,0,0,0.823529412,0,0,0.176470588,0,0,0.28,0,0.72,1,0,0.728813559,0.118644068,0.152542373,132
0.416666667,0.5,0.083333333,0,0,0.76744186,0.23255814,0,0,0.823529412,0,0,0.176470588,0,0,0.237288136,0.152542373,0.610169492,1,0,0.86,0.14,0,133
0.416666667,0.5,0.083333333,0,0,0.76744186,0.23255814,0,0,0.823529412,0,0,0.176470588,0,0,0.237288136,0.152542373,0.610169492,1,0,0.86,0.14,0,134
0.416666667,0.5,0.083333333,0,0,0.76744186,0.23255814,0,0,0.823529412,0,0,0.176470588,0,0,0.237288136,0.152542373,0.610169492,1,0,0.86,0.14,0,135
0.416666667,0.5,0.083333333,0,0,0.76744186,0.23255814,0,0,0.823529412,0,0,0.176470588,0,0,0.237288136,0.152542373,0.610169492,1,0,0.86,0.14,0,136
0.416666667,0.5,0.083333333,0,0,0.76744186,0.23255814,0,0,0.823529412,0,0,0.176470588,0,0,0.237288136,0.152542373,0.610169492,1,0,0.86,0.14,0,137
0.5,0.428571429,0.071428571,0,0,0.76744186,0.23255814,0,0,1,0,0,0,0,0,0.24,0,0.76,1,0.078125,0.671875,0.109375,0.140625,138
0.461538462,0.461538462,0.076923077,0,0,0.76744186,0.23255814,0,0,1,0,0,0,0,0,0.26,0,0.74,1,0.063492063,0.682539683,0.111111111,0.142857143,139
0.65,0.3,0.05,0,0,0.76744186,0.23255814,0,0,1,0,0,0,0,0,0.12,0,0.88,1,0.157142857,0.614285714,0.1,0.128571429,140
0.529411765,0.411764706,0.058823529,0,0,0.761904762,0.238095238,0,0,1,0,0,0,0,0,0.2,0,0.8,1,0.119402985,0.626865672,0.119402985,0.134328358,141
0.466666667,0.466666667,0.066666667,0,0,0.761904762,0.238095238,0,0,1,0,0,0,0,0,0.24,0,0.76,1,0.092307692,0.646153846,0.123076923,0.138461538,142
0.416666667,0.5,0.083333333,0,0,0.76744186,0.23255814,0,0,0.823529412,0,0,0.176470588,0,0,0.237288136,0.152542373,0.610169492,1,0,0.86,0.14,0,143
0.416666667,0.5,0.083333333,0,0,0.76744186,0.23255814,0,0,0.823529412,0,0,0.176470588,0,0,0.28,0,0.72,1,0,0.728813559,0.118644068,0.152542373,144
0.416666667,0.5,0.083333333,0,0,0.76744186,0.23255814,0,0,0.823529412,0,0,0.176470588,0,0,0.28,0,0.72,1,0,0.728813559,0.118644068,0.152542373,145
0.416666667,0.5,0.083333333,0,0,0.76744186,0.23255814,0,0,0.823529412,0,0,0.176470588,0,0,0.28,0,0.72,1,0,0.728813559,0.118644068,0.152542373,146
0.416666667,0.5,0.083333333,0,0,0.76744186,0.23255814,0,0,0.823529412,0,0,0.176470588,0,0,0.237288136,0.152542373,0.610169492,1,0,0.86,0.14,0,147
0.416666667,0.5,0.083333333,0,0,0.76744186,0.23255814,0,0,0.823529412,0,0,0.176470588,0,0,0.237288136,0.152542373,0.610169492,1,0,0.86,0.14,0,148
0.416666667,0.5,0.083333333,0,0,0.76744186,0.23255814,0,0,0.823529412,0,0,0.176470588,0,0,0.237288136,0.152542373,0.610169492,1,0,0.86,0.14,0,149
0.416666667,0.5,0.083333333,0,0,0.76744186,0.23255814,0,0,0.823529412,0,0,0.176470588,0,0,0.237288136,0.152542373,0.610169492,1,0,0.86,0.14,0,150
0.416666667,0.5,0.083333333,0,0,0.76744186,0.23255814,0,0,0.823529412,0,0,0.176470588,0,0,0.237288136,0.152542373,0.610169492,1,0,0.86,0.14,0,151
0.416666667,0.5,0.083333333,0,0,0.76744186,0.23255814,0,0,0.823529412,0,0,0.176470588,0,0,0.237288136,0.152542373,0.610169492,1,0,0.86,0.14,0,152
0.416666667,0.5,0.083333333,0,0,0.76744186,0.23255814,0,0,0.823529412,0,0,0.176470588,0,0,0.237288136,0.152542373,0.610169492,1,0,0.86,0.14,0,153
0.416666667,0.5,0.083333333,0,0,0.76744186,0.23255814,0,0,0.823529412,0,0,0.176470588,0,0,0.237288136,0.152542373,0.610169492,1,0,0.86,0.14,0,154
0.416666667,0.5,0.083333333,0,0,0.76744186,0.23255814,0,0,0.823529412,0,0,0.176470588,0,0,0.28,0,0.72,1,0,0.728813559,0.118644068,0.152542373,155
0.416666667,0.5,0.083333333,0,0,0.76744186,0.23255814,0,0,0.823529412,0,0,0.176470588,0,0,0.237288136,0.152542373,0.610169492,1,0,0.86,0.14,0,156
0.416666667,0.5,0.083333333,0,0,0.76744186,0.23255814,0,0,0.823529412,0,0,0.176470588,0,0,0.237288136,0.152542373,0.610169492,1,0,0.86,0.14,0,157
0.416666667,0.5,0.083333333,0,0,0.76744186,0.23255814,0,0,0.823529412,0,0,0.176470588,0,0,0.237288136,0.152542373,0.610169492,1,0,0.86,0.14,0,158
0.416666667,0.5,0.083333333,0,0,0.76744186,0.23255814,0,0,0.823529412,0,0,0.176470588,0,0,0.237288136,0.152542373,0.610169492,1,0,0.86,0.14,0,159
0.416666667,0.5,0.083333333,0,0,0.76744186,0.23255814,0,0,0.823529412,0,0,0.176470588,0,0,0.237288136,0.152542373,0.610169492,1,0,0.86,0.14,0,160
0.416666667,0.5,0.083333333,0,0,0.76744186,0.23255814,0,0,0.823529412,0,0,0.176470588,0,0,0.28,0,0.72,1,0,0.728813559,0.118644068,0.152542373,161
0.416666667,0.5,0.083333333,0,0,0.76744186,0.23255814,0,0,0.823529412,0,0,0.176470588,0,0,0.28,0,0.72,1,0,0.728813559,0.118644068,0.152542373,162
0.384615385,0.538461538,0.076923077,0,0,0.761904762,0.238095238,0,0,1,0,0,0,0,0.063492063,0.222222222,0.142857143,0.571428571,1,0,0.84,0.16,0,163
0.416666667,0.5,0.083333333,0,0,0.76744186,0.23255814,0,0,0.823529412,0,0,0.176470588,0,0,0.237288136,0.152542373,0.610169492,1,0,0.86,0.14,0,164
0.416666667,0.5,0.083333333,0,0,0.76744186,0.23255814,0,0,0.823529412,0,0,0.176470588,0,0,0.28,0,0.72,1,0,0.728813559,0.118644068,0.152542373,165
0.416666667,0.5,0.083333333,0,0,0.76744186,0.23255814,0,0,0.823529412,0,0,0.176470588,0,0,0.28,0,0.72,1,0,0.728813559,0.118644068,0.152542373,166
0.416666667,0.5,0.083333333,0,0,0.76744186,0.23255814,0,0,0.823529412,0,0,0.176470588,0,0,0.28,0,0.72,1,0,0.728813559,0.118644068,0.152542373,167
0.416666667,0.5,0.083333333,0,0,0.76744186,0.23255814,0,0,0.823529412,0,0,0.176470588,0,0,0.237288136,0.152542373,0.610169492,1,0,0.86,0.14,0,168
0.416666667,0.5,0.083333333,0,0,0.76744186,0.23255814,0,0,0.823529412,0,0,0.176470588,0,0,0.237288136,0.152542373,0.610169492,1,0,0.86,0.14,0,169
0.416666667,0.5,0.083333333,0,0,0.76744186,0.23255814,0,0,0.823529412,0,0,0.176470588,0,0,0.28,0,0.72,1,0,0.728813559,0.118644068,0.152542373,170
0.416666667,0.5,0.083333333,0,0,0.76744186,0.23255814,0,0,0.823529412,0,0,0.176470588,0,0,0.28,0,0.72,1,0,0.728813559,0.118644068,0.152542373,171
0.461538462,0.461538462,0.076923077,0,0,0.76744186,0.23255814,0,0,1,0,0,0,0,0.063492063,0.206349206,0.142857143,0.587301587,1,0,0.86,0.14,0,172
0.416666667,0.5,0.083333333,0,0,0.76744186,0.23255814,0,0,0.823529412,0,0,0.176470588,0,0,0.237288136,0.152542373,0.610169492,1,0,0.86,0.14,0,173
0.416666667,0.5,0.083333333,0,0,0.76744186,0.23255814,0,0,0.823529412,0,0,0.176470588,0,0,0.237288136,0.152542373,0.610169492,1,0,0.86,0.14,0,174
0.416666667,0.5,0.083333333,0,0,0.76744186,0.23255814,0,0,0.823529412,0,0,0.176470588,0,0,0.237288136,0.152542373,0.610169492,1,0,0.86,0.14,0,175
0.416666667,0.5,0.083333333,0,0,0.76744186,0.23255814,0,0,0.823529412,0,0,0.176470588,0,0,0.237288136,0.152542373,0.610169492,1,0,0.86,0.14,0,176
0.416666667,0.5,0.083333333,0,0,0.76744186,0.23255814,0,0,0.823529412,0,0,0.176470588,0,0,0.237288136,0.152542373,0.610169492,1,0,0.86,0.14,0,177
0.416666667,0.5,0.083333333,0,0,0.76744186,0.23255814,0,0,0.823529412,0,0,0.176470588,0,0,0.237288136,0.152542373,0.610169492,1,0,0.86,0.14,0,178
0.416666667,0.5,0.083333333,0,0,0.76744186,0.23255814,0,0,0.823529412,0,0,0.176470588,0,0,0.237288136,0.152542373,0.610169492,1,0,0.86,0.14,0,179
0.416666667,0.5,0.083333333,0,0,0.76744186,0.23255814,0,0,0.823529412,0,0,0.176470588,0,0,0.237288136,0.152542373,0.610169492,1,0,0.86,0.14,0,180
0.416666667,0.5,0.083333333,0,0,0.76744186,0.23255814,0,0,0.823529412,0,0,0.176470588,0,0,0.237288136,0.152542373,0.610169492,1,0,0.86,0.14,0,181
0.416666667,0.5,0.083333333,0,0,0.76744186,0.23255814,0,0,0.823529412,0,0,0.176470588,0,0,0.28,0,0.72,1,0,0.728813559,0.118644068,0.152542373,182
0.416666667,0.5,0.083333333,0,0,0.76744186,0.23255814,0,0,0.823529412,0,0,0.176470588,0,0,0.28,0,0.72,1,0,0.728813559,0.118644068,0.152542373,183
0.416666667,0.5,0.083333333,0,0,0.76744186,0.23255814,0,0,0.823529412,0,0,0.176470588,0,0,0.28,0,0.72,1,0,0.728813559,0.118644068,0.152542373,184
0.416666667,0.5,0.083333333,0,0,0.76744186,0.23255814,0,0,0.823529412,0,0,0.176470588,0,0,0.28,0,0.72,1,0,0.728813559,0.118644068,0.152542373,185
0.416666667,0.5,0.083333333,0,0,0.76744186,0.23255814,0,0,0.823529412,0,0,0.176470588,0,0,0.28,0,0.72,1,0,0.728813559,0.118644068,0.152542373,186
0.416666667,0.5,0.083333333,0,0,0.76744186,0.23255814,0,0,0.823529412,0,0,0.176470588,0,0,0.28,0,0.72,1,0,0.728813559,0.118644068,0.152542373,187
0.416666667,0.5,0.083333333,0,0,0.76744186,0.23255814,0,0,0.823529412,0,0,0.176470588,0,0,0.237288136,0.152542373,0.610169492,1,0,0.86,0.14,0,188
0.416666667,0.5,0.083333333,0,0,0.76744186,0.23255814,0,0,0.823529412,0,0,0.176470588,0,0,0.237288136,0.152542373,0.610169492,1,0,0.86,0.14,0,189
0.416666667,0.5,0.083333333,0,0,0.76744186,0.23255814,0,0,0.823529412,0,0,0.176470588,0,0,0.237288136,0.152542373,0.610169492,1,0,0.86,0.14,0,190
0.416666667,0.5,0.083333333,0,0,0.76744186,0.23255814,0,0,0.823529412,0,0,0.176470588,0,0,0.237288136,0.152542373,0.610169492,1,0,0.86,0.14,0,191
0.416666667,0.5,0.083333333,0,0,0.76744186,0.23255814,0,0,0.823529412,0,0,0.176470588,0,0,0.237288136,0.152542373,0.610169492,1,0,0.86,0.14,0,192
0.416666667,0.5,0.083333333,0,0,0.76744186,0.23255814,0,0,0.823529412,0,0,0.176470588,0,0,0.237288136,0.152542373,0.610169492,1,0,0.86,0.14,0,193
0.416666667,0.5,0.083333333,0,0,0.76744186,0.23255814,0,0,0.823529412,0,0,0.176470588,0,0,0.28,0,0.72,1,0,0.728813559,0.118644068,0.152542373,194
0.416666667,0.5,0.083333333,0,0,0.76744186,0.23255814,0,0,0.823529412,0,0,0.176470588,0,0,0.28,0,0.72,1,0,0.728813559,0.118644068,0.152542373,195
0.416666667,0.5,0.083333333,0,0,0.76744186,0.23255814,0,0,0.823529412,0,0,0.176470588,0,0,0.28,0,0.72,1,0,0.728813559,0.118644068,0.152542373,196
0.416666667,0.5,0.083333333,0,0,0.76744186,0.23255814,0,0,0.823529412,0,0,0.176470588,0,0,0.28,0,0.72,1,0,0.728813559,0.118644068,0.152542373,197
0.416666667,0.5,0.083333333,0,0,0.76744186,0.23255814,0,0,0.823529412,0,0,0.176470588,0,0,0.28,0,0.72,1,0,0.728813559,0.118644068,0.152542373,198
0.416666667,0.5,0.083333333,0,0,0.76744186,0.23255814,0,0,0.823529412,0,0,0.176470588,0,0,0.28,0,0.72,1,0,0.728813559,0.118644068,0.152542373,199
0.5,0.428571429,0.071428571,0,0,0.76744186,0.23255814,0,0,1,0,0,0,0,0.090909091,0.218181818,0,0.690909091,1,0,0.728813559,0.118644068,0.152542373,200
0.5625,0.375,0.0625,0,0,0.76744186,0.23255814,0,0,1,0,0,0,0,0.122807018,0.175438596,0,0.701754386,1,0,0.728813559,0.118644068,0.152542373,201
0.466666667,0.466666667,0.066666667,0,0,0.761904762,0.238095238,0,0,1,0,0,0,0,0.107142857,0.214285714,0,0.678571429,1,0,0.711864407,0.13559322,0.152542373,202
0.416666667,0.5,0.083333333,0,0,0.76744186,0.23255814,0,0,0.823529412,0,0,0.176470588,0,0,0.28,0,0.72,1,0,0.728813559,0.118644068,0.152542373,203
0.416666667,0.5,0.083333333,0,0,0.76744186,0.23255814,0,0,0.823529412,0,0,0.176470588,0,0,0.28,0,0.72,1,0,0.728813559,0.118644068,0.152542373,204
0.416666667,0.5,0.083333333,0,0,0.76744186,0.23255814,0,0,0.823529412,0,0,0.176470588,0,0,0.28,0,0.72,1,0,0.728813559,0.118644068,0.152542373,205
0.416666667,0.5,0.083333333,0,0,0.76744186,0.23255814,0,0,0.823529412,0,0,0.176470588,0,0,0.28,0,0.72,1,0,0.728813559,0.118644068,0.152542373,206
0.416666667,0.5,0.083333333,0,0,0.76744186,0.23255814,0,0,0.823529412,0,0,0.176470588,0,0,0.28,0,0.72,1,0,0.728813559,0.118644068,0.152542373,207
0.416666667,0.5,0.083333333,0,0,0.76744186,0.23255814,0,0,0.823529412,0,0,0.176470588,0,0,0.28,0,0.72,1,0,0.728813559,0.118644068,0.152542373,208
0.416666667,0.5,0.083333333,0,0,0.76744186,0.23255814,0,0,0.823529412,0,0,0.176470588,0,0,0.28,0,0.72,1,0,0.728813559,0.118644068,0.152542373,209
0.416666667,0.5,0.083333333,0,0,0.76744186,0.23255814,0,0,0.823529412,0,0,0.176470588,0,0,0.28,0,0.72,1,0,0.728813559,0.118644068,0.152542373,210
0.416666667,0.5,0.083333333,0,0,0.76744186,0.23255814,0,0,0.823529412,0,0,0.176470588,0,0,0.237288136,0.152542373,0.610169492,1,0,0.86,0.14,0,211
0.416666667,0.5,0.083333333,0,0,0.76744186,0.23255814,0,0,0.823529412,0,0,0.176470588,0,0,0.28,0,0.72,1,0,0.728813559,0.118644068,0.152542373,212
0.416666667,0.5,0.083333333,0,0,0.76744186,0.23255814,0,0,0.823529412,0,0,0.176470588,0,0,0.28,0,0.72,1,0,0.728813559,0.118644068,0.152542373,213
0.416666667,0.5,0.083333333,0,0,0.76744186,0.23255814,0,0,0.823529412,0,0,0.176470588,0,0,0.28,0,0.72,1,0,0.728813559,0.118644068,0.152542373,214
0.416666667,0.5,0.083333333,0,0,0.76744186,0.23255814,0,0,0.823529412,0,0,0.176470588,0,0,0.28,0,0.72,1,0,0.728813559,0.118644068,0.152542373,215
0.416666667,0.5,0.083333333,0,0,0.76744186,0.23255814,0,0,0.823529412,0,0,0.176470588,0,0,0.237288136,0.152542373,0.610169492,1,0,0.86,0.14,0,216
0.416666667,0.5,0.083333333,0,0,0.76744186,0.23255814,0,0,0.823529412,0,0,0.176470588,0,0,0.237288136,0.152542373,0.610169492,1,0,0.86,0.14,0,217
0.416666667,0.5,0.083333333,0,0,0.76744186,0.23255814,0,0,0.823529412,0,0,0.176470588,0,0,0.237288136,0.152542373,0.610169492,1,0,0.86,0.14,0,218
0.5,0.428571429,0.071428571,0,0,0.76744186,0.23255814,0,0,1,0,0,0,0,0.090909091,0.218181818,0,0.690909091,1,0,0.728813559,0.118644068,0.152542373,219
0.461538462,0.461538462,0.076923077,0,0,0.76744186,0.23255814,0,0,1,0,0,0,0,0.074074074,0.240740741,0,0.685185185,1,0,0.728813559,0.118644068,0.152542373,220
0.416666667,0.5,0.083333333,0,0,0.76744186,0.23255814,0,0,1,0,0,0,0,0.056603774,0.264150943,0,0.679245283,1,0,0.728813559,0.118644068,0.152542373,221
0.416666667,0.5,0.083333333,0,0,0.76744186,0.23255814,0,0,0.823529412,0,0,0.176470588,0,0,0.28,0,0.72,1,0,0.728813559,0.118644068,0.152542373,222
0.416666667,0.5,0.083333333,0,0,0.76744186,0.23255814,0,0,0.823529412,0,0,0.176470588,0,0,0.28,0,0.72,1,0,0.728813559,0.118644068,0.152542373,223
0.416666667,0.5,0.083333333,0,0,0.76744186,0.23255814,0,0,0.823529412,0,0,0.176470588,0,0,0.237288136,0.152542373,0.610169492,1,0,0.86,0.14,0,224
0.416666667,0.5,0.083333333,0,0,0.76744186,0.23255814,0,0,0.823529412,0,0,0.176470588,0,0,0.237288136,0.152542373,0.610169492,1,0,0.86,0.14,0,225
0.461538462,0.461538462,0.076923077,0,0,0.76744186,0.23255814,0,0,1,0,0,0,0,0.074074074,0.240740741,0,0.685185185,1,0,0.728813559,0.118644068,0.152542373,226
0.416666667,0.5,0.083333333,0,0,0.76744186,0.23255814,0,0,0.823529412,0,0,0.176470588,0,0,0.237288136,0.152542373,0.610169492,1,0,0.86,0.14,0,227
0.416666667,0.5,0.083333333,0,0,0.76744186,0.23255814,0,0,0.823529412,0,0,0.176470588,0,0,0.28,0,0.72,1,0,0.728813559,0.118644068,0.152542373,228
0.416666667,0.5,0.083333333,0,0,0.76744186,0.23255814,0,0,0.823529412,0,0,0.176470588,0,0,0.28,0,0.72,1,0,0.728813559,0.118644068,0.152542373,229
0.416666667,0.5,0.083333333,0,0,0.76744186,0.23255814,0,0,0.823529412,0,0,0.176470588,0,0,0.28,0,0.72,1,0,0.728813559,0.118644068,0.152542373,230
0.416666667,0.5,0.083333333,0,0,0.76744186,0.23255814,0,0,0.823529412,0,0,0.176470588,0,0,0.28,0,0.72,1,0,0.728813559,0.118644068,0.152542373,231
0.416666667,0.5,0.083333333,0,0,0.76744186,0.23255814,0,0,1,0,0,0,0,0.056603774,0.264150943,0,0.679245283,1,0,0.728813559,0.118644068,0.152542373,232
0.461538462,0.461538462,0.076923077,0,0,0.76744186,0.23255814,0,0,1,0,0,0,0,0.074074074,0.240740741,0,0.685185185,1,0,0.728813559,0.118644068,0.152542373,233
0.428571429,0.5,0.071428571,0,0,0.761904762,0.238095238,0,0,1,0,0,0,0,0.090909091,0.236363636,0,0.672727273,1,0,0.711864407,0.13559322,0.152542373,234
0.461538462,0.461538462,0.076923077,0,0,0.76744186,0.23255814,0,0,1,0,0,0,0,0.074074074,0.240740741,0,0.685185185,1,0,0.728813559,0.118644068,0.152542373,235
0.416666667,0.5,0.083333333,0,0,0.76744186,0.23255814,0,0,0.823529412,0,0,0.176470588,0,0,0.28,0,0.72,1,0,0.728813559,0.118644068,0.152542373,236
0.416666667,0.5,0.083333333,0,0,0.76744186,0.23255814,0,0,0.823529412,0,0,0.176470588,0,0,0.28,0,0.72,1,0,0.728813559,0.118644068,0.152542373,237
0.416666667,0.5,0.083333333,0,0,0.76744186,0.23255814,0,0,0.823529412,0,0,0.176470588,0,0,0.28,0,0.72,1,0,0.728813559,0.118644068,0.152542373,238
0.416666667,0.5,0.083333333,0,0,0.76744186,0.23255814,0,0,0.823529412,0,0,0.176470588,0,0,0.28,0,0.72,1,0,0.728813559,0.118644068,0.152542373,239
0.416666667,0.5,0.083333333,0,0,0.76744186,0.23255814,0,0,0.823529412,0,0,0.176470588,0,0,0.28,0,0.72,1,0,0.728813559,0.118644068,0.152542373,240
0.416666667,0.5,0.083333333,0,0,0.76744186,0.23255814,0,0,0.823529412,0,0,0.176470588,0,0,0.28,0,0.72,1,0,0.728813559,0.118644068,0.152542373,241
0.416666667,0.5,0.083333333,0,0,0.76744186,0.23255814,0,0,0.823529412,0,0,0.176470588,0,0,0.28,0,0.72,1,0,0.728813559,0.118644068,0.152542373,242
0.461538462,0.461538462,0.076923077,0,0,0.76744186,0.23255814,0,0,1,0,0,0,0,0.074074074,0.240740741,0,0.685185185,1,0,0.728813559,0.118644068,0.152542373,243
0.416666667,0.5,0.083333333,0,0,0.76744186,0.23255814,0,0,1,0,0,0,0,0.056603774,0.264150943,0,0.679245283,1,0,0.728813559,0.118644068,0.152542373,244
0.466666667,0.4,0.133333333,0,0,0.785714286,0.214285714,0,0,1,0,0,0,0,0.107142857,0.214285714,0,0.678571429,1,0,0.711864407,0.13559322,0.152542373,245
0.416666667,0.5,0.083333333,0,0,0.76744186,0.23255814,0,0,0.823529412,0,0,0.176470588,0,0,0.28,0,0.72,1,0,0.728813559,0.118644068,0.152542373,246
0.416666667,0.5,0.083333333,0,0,0.76744186,0.23255814,0,0,0.823529412,0,0,0.176470588,0,0,0.28,0,0.72,1,0,0.728813559,0.118644068,0.152542373,247
0.416666667,0.5,0.083333333,0,0,0.76744186,0.23255814,0,0,0.823529412,0,0,0.176470588,0,0,0.28,0,0.72,1,0,0.728813559,0.118644068,0.152542373,248
0.416666667,0.5,0.083333333,0,0,0.76744186,0.23255814,0,0,0.823529412,0,0,0.176470588,0,0,0.28,0,0.72,1,0,0.728813559,0.118644068,0.152542373,249
0.416666667,0.5,0.083333333,0,0,0.76744186,0.23255814,0,0,0.823529412,0,0,0.176470588,0,0,0.28,0,0.72,1,0,0.728813559,0.118644068,0.152542373,250
0.416666667,0.5,0.083333333,0,0,0.76744186,0.23255814,0,0,0.823529412,0,0,0.176470588,0,0,0.28,0,0.72,1,0,0.728813559,0.118644068,0.152542373,251
0.416666667,0.5,0.083333333,0,0,0.76744186,0.23255814,0,0,0.823529412,0,0,0.176470588,0,0,0.28,0,0.72,1,0,0.728813559,0.118644068,0.152542373,252
0.416666667,0.5,0.083333333,0,0,0.76744186,0.23255814,0,0,0.823529412,0,0,0.176470588,0,0,0.28,0,0.72,1,0,0.728813559,0.118644068,0.152542373,253
0.416666667,0.5,0.083333333,0,0,0.76744186,0.23255814,0,0,0.823529412,0,0,0.176470588,0,0,0.28,0,0.72,1,0,0.728813559,0.118644068,0.152542373,254
0.416666667,0.5,0.083333333,0,0,0.76744186,0.23255814,0,0,0.823529412,0,0,0.176470588,0,0,0.28,0,0.72,1,0,0.728813559,0.118644068,0.152542373,255
0.416666667,0.5,0.083333333,0,0,0.76744186,0.23255814,0,0,0.823529412,0,0,0.176470588,0,0,0.28,0,0.72,1,0,0.728813559,0.118644068,0.152542373,256
0.416666667,0.5,0.083333333,0,0,0.76744186,0.23255814,0,0,0.823529412,0,0,0.176470588,0,0,0.28,0,0.72,1,0,0.728813559,0.118644068,0.152542373,257
0.416666667,0.5,0.083333333,0,0,0.76744186,0.23255814,0,0,0.823529412,0,0,0.176470588,0,0,0.28,0,0.72,1,0,0.728813559,0.118644068,0.152542373,258
0.416666667,0.5,0.083333333,0,0,0.76744186,0.23255814,0,0,0.823529412,0,0,0.176470588,0,0,0.28,0,0.72,1,0,0.728813559,0.118644068,0.152542373,259
0.416666667,0.5,0.083333333,0,0,0.76744186,0.23255814,0,0,0.823529412,0,0,0.176470588,0,0,0.28,0,0.72,1,0,0.728813559,0.118644068,0.152542373,260
0.416666667,0.5,0.083333333,0,0,0.76744186,0.23255814,0,0,0.823529412,0,0,0.176470588,0,0,0.28,0,0.72,1,0,0.728813559,0.118644068,0.152542373,261
0.416666667,0.5,0.083333333,0,0,0.76744186,0.23255814,0,0,0.823529412,0,0,0.176470588,0,0,0.28,0,0.72,1,0,0.728813559,0.118644068,0.152542373,262
0.416666667,0.5,0.083333333,0,0,0.76744186,0.23255814,0,0,0.823529412,0,0,0.176470588,0,0,0.28,0,0.72,1,0,0.728813559,0.118644068,0.152542373,263
0.416666667,0.5,0.083333333,0,0,0.76744186,0.23255814,0,0,0.823529412,0,0,0.176470588,0,0,0.28,0,0.72,1,0,0.728813559,0.118644068,0.152542373,264
0.416666667,0.5,0.083333333,0,0,0.76744186,0.23255814,0,0,0.823529412,0,0,0.176470588,0,0,0.28,0,0.72,1,0,0.728813559,0.118644068,0.152542373,265
0.416666667,0.5,0.083333333,0,0,0.76744186,0.23255814,0,0,0.823529412,0,0,0.176470588,0,0,0.28,0,0.72,1,0,0.728813559,0.118644068,0.152542373,266
0.416666667,0.5,0.083333333,0,0,0.76744186,0.23255814,0,0,0.823529412,0,0,0.176470588,0,0,0.28,0,0.72,1,0,0.728813559,0.118644068,0.152542373,267
0.416666667,0.5,0.083333333,0,0,0.76744186,0.23255814,0,0,0.823529412,0,0,0.176470588,0,0,0.28,0,0.72,1,0,0.728813559,0.118644068,0.152542373,268
0.416666667,0.5,0.083333333,0,0,0.76744186,0.23255814,0,0,0.823529412,0,0,0.176470588,0,0,0.28,0,0.72,1,0,0.728813559,0.118644068,0.152542373,269
0.416666667,0.5,0.083333333,0,0,0.76744186,0.23255814,0,0,0.823529412,0,0,0.176470588,0,0,0.28,0,0.72,1,0,0.728813559,0.118644068,0.152542373,270
0.416666667,0.5,0.083333333,0,0,0.76744186,0.23255814,0,0,0.823529412,0,0,0.176470588,0,0,0.28,0,0.72,1,0,0.728813559,0.118644068,0.152542373,271
0.416666667,0.5,0.083333333,0,0,0.76744186,0.23255814,0,0,0.823529412,0,0,0.176470588,0,0,0.28,0,0.72,1,0,0.728813559,0.118644068,0.152542373,272
0.416666667,0.5,0.083333333,0,0,0.76744186,0.23255814,0,0,0.823529412,0,0,0.176470588,0,0,0.28,0,0.72,1,0,0.728813559,0.118644068,0.152542373,273
0.416666667,0.5,0.083333333,0,0,0.76744186,0.23255814,0,0,0.823529412,0,0,0.176470588,0,0,0.28,0,0.72,1,0,0.728813559,0.118644068,0.152542373,274
0.416666667,0.5,0.083333333,0,0,0.76744186,0.23255814,0,0,0.823529412,0,0,0.176470588,0,0,0.28,0,0.72,1,0,0.728813559,0.118644068,0.152542373,275
0.416666667,0.5,0.083333333,0,0,0.76744186,0.23255814,0,0,0.823529412,0,0,0.176470588,0,0,0.28,0,0.72,1,0,0.728813559,0.118644068,0.152542373,276
0.416666667,0.5,0.083333333,0,0,0.76744186,0.23255814,0,0,0.823529412,0,0,0.176470588,0,0,0.28,0,0.72,1,0,0.728813559,0.118644068,0.152542373,277
0.416666667,0.5,0.083333333,0,0,0.76744186,0.23255814,0,0,0.823529412,0,0,0.176470588,0,0,0.28,0,0.72,1,0,0.728813559,0.118644068,0.152542373,278
0.416666667,0.5,0.083333333,0,0,0.76744186,0.23255814,0,0,0.823529412,0,0,0.176470588,0,0,0.28,0,0.72,1,0,0.728813559,0.118644068,0.152542373,279
0.416666667,0.5,0.083333333,0,0,0.76744186,0.23255814,0,0,0.823529412,0,0,0.176470588,0,0,0.28,0,0.72,1,0,0.728813559,0.118644068,0.152542373,280
0.416666667,0.5,0.083333333,0,0,0.76744186,0.23255814,0,0,0.823529412,0,0,0.176470588,0,0,0.28,0,0.72,1,0,0.728813559,0.118644068,0.152542373,281
0.416666667,0.5,0.083333333,0,0,0.76744186,0.23255814,0,0,0.823529412,0,0,0.176470588,0,0,0.28,0,0.72,1,0,0.728813559,0.118644068,0.152542373,282
0.416666667,0.5,0.083333333,0,0,0.76744186,0.23255814,0,0,0.823529412,0,0,0.176470588,0,0,0.28,0,0.72,1,0,0.728813559,0.118644068,0.152542373,283
0.416666667,0.5,0.083333333,0,0,0.76744186,0.23255814,0,0,0.823529412,0,0,0.176470588,0,0,0.28,0,0.72,1,0,0.728813559,0.118644068,0.152542373,284
0.416666667,0.5,0.083333333,0,0,0.76744186,0.23255814,0,0,0.823529412,0,0,0.176470588,0,0,0.28,0,0.72,1,0,0.728813559,0.118644068,0.152542373,285
0.416666667,0.5,0.083333333,0,0,0.76744186,0.23255814,0,0,0.823529412,0,0,0.176470588,0,0,0.28,0,0.72,1,0,0.728813559,0.118644068,0.152542373,286
0.416666667,0.5,0.083333333,0,0,0.76744186,0.23255814,0,0,0.823529412,0,0,0.176470588,0,0,0.28,0,0.72,1,0,0.728813559,0.118644068,0.152542373,287
0.416666667,0.5,0.083333333,0,0,0.76744186,0.23255814,0,0,0.823529412,0,0,0.176470588,0,0,0.28,0,0.72,1,0,0.728813559,0.118644068,0.152542373,288
0.416666667,0.5,0.083333333,0,0,0.76744186,0.23255814,0,0,0.823529412,0,0,0.176470588,0,0,0.28,0,0.72,1,0,0.728813559,0.118644068,0.152542373,289
0.416666667,0.5,0.083333333,0,0,0.76744186,0.23255814,0,0,0.823529412,0,0,0.176470588,0,0,0.28,0,0.72,1,0,0.728813559,0.118644068,0.152542373,290
0.416666667,0.5,0.083333333,0,0,0.76744186,0.23255814,0,0,0.823529412,0,0,0.176470588,0,0,0.28,0,0.72,1,0,0.728813559,0.118644068,0.152542373,291
0.416666667,0.5,0.083333333,0,0,0.76744186,0.23255814,0,0,0.823529412,0,0,0.176470588,0,0,0.28,0,0.72,1,0,0.728813559,0.118644068,0.152542373,292
0.416666667,0.5,0.083333333,0,0,0.76744186,0.23255814,0,0,0.823529412,0,0,0.176470588,0,0,0.28,0,0.72,1,0,0.728813559,0.118644068,0.152542373,293
0.416666667,0.5,0.083333333,0,0,0.76744186,0.23255814,0,0,0.823529412,0,0,0.176470588,0,0,0.28,0,0.72,1,0,0.728813559,0.118644068,0.152542373,294
0.416666667,0.5,0.083333333,0,0,0.76744186,0.23255814,0,0,0.823529412,0,0,0.176470588,0,0,0.28,0,0.72,1,0,0.728813559,0.118644068,0.152542373,295
0.416666667,0.5,0.083333333,0,0,0.76744186,0.23255814,0,0,0.823529412,0,0,0.176470588,0,0,0.28,0,0.72,1,0,0.728813559,0.118644068,0.152542373,296
0.416666667,0.5,0.083333333,0,0,0.76744186,0.23255814,0,0,0.823529412,0,0,0.176470588,0,0,0.28,0,0.72,1,0,0.728813559,0.118644068,0.152542373,297
0.416666667,0.5,0.083333333,0,0,0.76744186,0.23255814,0,0,0.823529412,0,0,0.176470588,0,0,0.28,0,0.72,1,0,0.728813559,0.118644068,0.152542373,298
0.416666667,0.5,0.083333333,0,0,0.76744186,0.23255814,0,0,0.823529412,0,0,0.176470588,0,0,0.28,0,0.72,1,0,0.728813559,0.118644068,0.152542373,299
0.416666667,0.5,0.083333333,0,0,0.76744186,0.23255814,0,0,0.823529412,0,0,0.176470588,0,0,0.28,0,0.72,1,0,0.728813559,0.118644068,0.152542373,300
0.416666667,0.5,0.083333333,0,0,0.76744186,0.23255814,0,0,0.823529412,0,0,0.176470588,0,0,0.28,0,0.72,1,0,0.728813559,0.118644068,0.152542373,301
0.416666667,0.5,0.083333333,0,0,0.76744186,0.23255814,0,0,0.823529412,0,0,0.176470588,0,0,0.28,0,0.72,1,0,0.728813559,0.118644068,0.152542373,302
0.416666667,0.5,0.083333333,0,0,0.76744186,0.23255814,0,0,0.823529412,0,0,0.176470588,0,0,0.28,0,0.72,1,0,0.728813559,0.118644068,0.152542373,303
0.416666667,0.5,0.083333333,0,0,0.76744186,0.23255814,0,0,0.823529412,0,0,0.176470588,0,0,0.28,0,0.72,1,0,0.728813559,0.118644068,0.152542373,304
0.416666667,0.5,0.083333333,0,0,0.76744186,0.23255814,0,0,0.823529412,0,0,0.176470588,0,0,0.28,0,0.72,1,0,0.728813559,0.118644068,0.152542373,305
0.416666667,0.5,0.083333333,0,0,0.76744186,0.23255814,0,0,0.823529412,0,0,0.176470588,0,0,0.28,0,0.72,1,0,0.728813559,0.118644068,0.152542373,306
0.416666667,0.5,0.083333333,0,0,0.76744186,0.23255814,0,0,0.823529412,0,0,0.176470588,0,0,0.28,0,0.72,1,0,0.728813559,0.118644068,0.152542373,307
0.416666667,0.5,0.083333333,0,0,0.76744186,0.23255814,0,0,0.823529412,0,0,0.176470588,0,0,0.28,0,0.72,1,0,0.728813559,0.118644068,0.152542373,308
0.416666667,0.5,0.083333333,0,0,0.76744186,0.23255814,0,0,0.823529412,0,0,0.176470588,0,0,0.28,0,0.72,1,0,0.728813559,0.118644068,0.152542373,309
0.416666667,0.5,0.083333333,0,0,0.76744186,0.23255814,0,0,0.823529412,0,0,0.176470588,0,0,0.28,0,0.72,1,0,0.728813559,0.118644068,0.152542373,310
0.416666667,0.5,0.083333333,0,0,0.76744186,0.23255814,0,0,0.823529412,0,0,0.176470588,0,0,0.28,0,0.72,1,0,0.728813559,0.118644068,0.152542373,311
0.416666667,0.5,0.083333333,0,0,0.76744186,0.23255814,0,0,0.823529412,0,0,0.176470588,0,0,0.28,0,0.72,1,0,0.728813559,0.118644068,0.152542373,312
0.416666667,0.5,0.083333333,0,0,0.76744186,0.23255814,0,0,0.823529412,0,0,0.176470588,0,0,0.28,0,0.72,1,0,0.728813559,0.118644068,0.152542373,313
0.416666667,0.5,0.083333333,0,0,0.76744186,0.23255814,0,0,0.823529412,0,0,0.176470588,0,0,0.28,0,0.72,1,0,0.728813559,0.118644068,0.152542373,314
0.416666667,0.5,0.083333333,0,0,0.76744186,0.23255814,0,0,0.823529412,0,0,0.176470588,0,0,0.28,0,0.72,1,0,0.728813559,0.118644068,0.152542373,315
0.416666667,0.5,0.083333333,0,0,0.76744186,0.23255814,0,0,0.823529412,0,0,0.176470588,0,0,0.28,0,0.72,1,0,0.728813559,0.118644068,0.152542373,316
0.416666667,0.5,0.083333333,0,0,0.76744186,0.23255814,0,0,0.823529412,0,0,0.176470588,0,0,0.28,0,0.72,1,0,0.728813559,0.118644068,0.152542373,317
0.416666667,0.5,0.083333333,0,0,0.76744186,0.23255814,0,0,0.823529412,0,0,0.176470588,0,0,0.28,0,0.72,1,0,0.728813559,0.118644068,0.152542373,318
0.416666667,0.5,0.083333333,0,0,0.76744186,0.23255814,0,0,0.823529412,0,0,0.176470588,0,0,0.28,0,0.72,1,0,0.728813559,0.118644068,0.152542373,319
0.416666667,0.5,0.083333333,0,0,0.76744186,0.23255814,0,0,0.823529412,0,0,0.176470588,0,0,0.28,0,0.72,1,0,0.728813559,0.118644068,0.152542373,320
0.416666667,0.5,0.083333333,0,0,0.76744186,0.23255814,0,0,0.823529412,0,0,0.176470588,0,0,0.28,0,0.72,1,0,0.728813559,0.118644068,0.152542373,321
0.416666667,0.5,0.083333333,0,0,0.76744186,0.23255814,0,0,0.823529412,0,0,0.176470588,0,0,0.28,0,0.72,1,0,0.728813559,0.118644068,0.152542373,322
0.416666667,0.5,0.083333333,0,0,0.76744186,0.23255814,0,0,0.823529412,0,0,0.176470588,0,0,0.28,0,0.72,1,0,0.728813559,0.118644068,0.152542373,323
0.416666667,0.5,0.083333333,0,0,0.76744186,0.23255814,0,0,0.823529412,0,0,0.176470588,0,0,0.28,0,0.72,1,0,0.728813559,0.118644068,0.152542373,324
0.416666667,0.5,0.083333333,0,0,0.76744186,0.23255814,0,0,0.823529412,0,0,0.176470588,0,0,0.28,0,0.72,1,0,0.728813559,0.118644068,0.152542373,325
0.416666667,0.5,0.083333333,0,0,0.76744186,0.23255814,0,0,0.823529412,0,0,0.176470588,0,0,0.28,0,0.72,1,0,0.728813559,0.118644068,0.152542373,326
0.416666667,0.5,0.083333333,0,0,0.76744186,0.23255814,0,0,0.823529412,0,0,0.176470588,0,0,0.28,0,0.72,1,0,0.728813559,0.118644068,0.152542373,327
0.416666667,0.5,0.083333333,0,0,0.76744186,0.23255814,0,0,0.823529412,0,0,0.176470588,0,0,0.28,0,0.72,1,0,0.728813559,0.118644068,0.152542373,328
0.416666667,0.5,0.083333333,0,0,0.76744186,0.23255814,0,0,0.823529412,0,0,0.176470588,0,0,0.237288136,0.152542373,0.610169492,1,0,0.86,0.14,0,329
0.416666667,0.5,0.083333333,0,0,0.76744186,0.23255814,0,0,0.823529412,0,0,0.176470588,0,0,0.28,0,0.72,1,0,0.728813559,0.118644068,0.152542373,330
0.416666667,0.5,0.083333333,0,0,0.76744186,0.23255814,0,0,0.823529412,0,0,0.176470588,0,0,0.28,0,0.72,1,0,0.728813559,0.118644068,0.152542373,331
0.416666667,0.5,0.083333333,0,0,0.76744186,0.23255814,0,0,0.823529412,0,0,0.176470588,0,0,0.28,0,0.72,1,0,0.728813559,0.118644068,0.152542373,332
0.416666667,0.5,0.083333333,0,0,0.76744186,0.23255814,0,0,0.823529412,0,0,0.176470588,0,0,0.28,0,0.72,1,0,0.728813559,0.118644068,0.152542373,333
0.416666667,0.5,0.083333333,0,0,0.76744186,0.23255814,0,0,0.823529412,0,0,0.176470588,0,0,0.28,0,0.72,1,0,0.728813559,0.118644068,0.152542373,334
0.416666667,0.5,0.083333333,0,0,0.76744186,0.23255814,0,0,0.823529412,0,0,0.176470588,0,0,0.28,0,0.72,1,0,0.728813559,0.118644068,0.152542373,335
0.416666667,0.5,0.083333333,0,0,0.76744186,0.23255814,0,0,0.823529412,0,0,0.176470588,0,0,0.237288136,0.152542373,0.610169492,1,0,0.86,0.14,0,336
0.416666667,0.5,0.083333333,0,0,0.76744186,0.23255814,0,0,0.823529412,0,0,0.176470588,0,0,0.237288136,0.152542373,0.610169492,1,0,0.86,0.14,0,337
0.416666667,0.5,0.083333333,0,0,0.76744186,0.23255814,0,0,0.823529412,0,0,0.176470588,0,0,0.237288136,0.152542373,0.610169492,1,0,0.86,0.14,0,338
0.416666667,0.5,0.083333333,0,0,0.76744186,0.23255814,0,0,0.823529412,0,0,0.176470588,0,0,0.28,0,0.72,1,0,0.728813559,0.118644068,0.152542373,339
0.416666667,0.5,0.083333333,0,0,0.76744186,0.23255814,0,0,0.823529412,0,0,0.176470588,0,0,0.28,0,0.72,1,0,0.728813559,0.118644068,0.152542373,340
0.416666667,0.5,0.083333333,0,0,0.76744186,0.23255814,0,0,0.823529412,0,0,0.176470588,0,0,0.28,0,0.72,1,0,0.728813559,0.118644068,0.152542373,341
0.416666667,0.5,0.083333333,0,0,0.76744186,0.23255814,0,0,0.823529412,0,0,0.176470588,0,0,0.28,0,0.72,1,0,0.728813559,0.118644068,0.152542373,342
0.416666667,0.5,0.083333333,0,0,0.76744186,0.23255814,0,0,0.823529412,0,0,0.176470588,0,0,0.28,0,0.72,1,0,0.728813559,0.118644068,0.152542373,343
0.416666667,0.5,0.083333333,0,0,0.76744186,0.23255814,0,0,0.823529412,0,0,0.176470588,0,0,0.28,0,0.72,1,0,0.728813559,0.118644068,0.152542373,344
0.416666667,0.5,0.083333333,0,0,0.76744186,0.23255814,0,0,0.823529412,0,0,0.176470588,0,0,0.28,0,0.72,1,0,0.728813559,0.118644068,0.152542373,345
0.416666667,0.5,0.083333333,0,0,0.76744186,0.23255814,0,0,0.823529412,0,0,0.176470588,0,0,0.28,0,0.72,1,0,0.728813559,0.118644068,0.152542373,346
0.416666667,0.5,0.083333333,0,0,0.76744186,0.23255814,0,0,0.823529412,0,0,0.176470588,0,0,0.28,0,0.72,1,0,0.728813559,0.118644068,0.152542373,347
0.416666667,0.5,0.083333333,0,0,0.76744186,0.23255814,0,0,0.823529412,0,0,0.176470588,0,0,0.28,0,0.72,1,0,0.728813559,0.118644068,0.152542373,348
0.416666667,0.5,0.083333333,0,0,0.76744186,0.23255814,0,0,0.823529412,0,0,0.176470588,0,0,0.28,0,0.72,1,0,0.728813559,0.118644068,0.152542373,349
0.416666667,0.5,0.083333333,0,0,0.76744186,0.23255814,0,0,0.823529412,0,0,0.176470588,0,0,0.28,0,0.72,1,0,0.728813559,0.118644068,0.152542373,350
0.416666667,0.5,0.083333333,0,0,0.76744186,0.23255814,0,0,0.823529412,0,0,0.176470588,0,0,0.28,0,0.72,1,0,0.728813559,0.118644068,0.152542373,351
0.416666667,0.5,0.083333333,0,0,0.76744186,0.23255814,0,0,0.823529412,0,0,0.176470588,0,0,0.237288136,0.152542373,0.610169492,1,0,0.86,0.14,0,352
0.416666667,0.5,0.083333333,0,0,0.76744186,0.23255814,0,0,0.823529412,0,0,0.176470588,0,0,0.237288136,0.152542373,0.610169492,1,0,0.86,0.14,0,353
0.416666667,0.5,0.083333333,0,0,0.76744186,0.23255814,0,0,0.823529412,0,0,0.176470588,0,0,0.237288136,0.152542373,0.610169492,1,0,0.86,0.14,0,354
0.416666667,0.5,0.083333333,0,0,0.76744186,0.23255814,0,0,0.823529412,0,0,0.176470588,0,0,0.237288136,0.152542373,0.610169492,1,0,0.86,0.14,0,355
0.416666667,0.5,0.083333333,0,0,0.76744186,0.23255814,0,0,0.823529412,0,0,0.176470588,0,0,0.237288136,0.152542373,0.610169492,1,0,0.86,0.14,0,356
0.416666667,0.5,0.083333333,0,0,0.76744186,0.23255814,0,0,0.823529412,0,0,0.176470588,0,0,0.237288136,0.152542373,0.610169492,1,0,0.86,0.14,0,357
0.416666667,0.5,0.083333333,0,0,0.76744186,0.23255814,0,0,0.823529412,0,0,0.176470588,0,0,0.237288136,0.152542373,0.610169492,1,0,0.86,0.14,0,358
0.416666667,0.5,0.083333333,0,0,0.76744186,0.23255814,0,0,0.823529412,0,0,0.176470588,0,0,0.237288136,0.152542373,0.610169492,1,0,0.86,0.14,0,359
0.416666667,0.5,0.083333333,0,0,0.76744186,0.23255814,0,0,0.823529412,0,0,0.176470588,0,0,0.28,0,0.72,1,0,0.728813559,0.118644068,0.152542373,360
0.416666667,0.5,0.083333333,0,0,0.76744186,0.23255814,0,0,0.823529412,0,0,0.176470588,0,0,0.28,0,0.72,1,0,0.728813559,0.118644068,0.152542373,361
0.416666667,0.5,0.083333333,0,0,0.76744186,0.23255814,0,0,0.823529412,0,0,0.176470588,0,0,0.237288136,0.152542373,0.610169492,1,0,0.86,0.14,0,362
0.416666667,0.5,0.083333333,0,0,0.76744186,0.23255814,0,0,0.823529412,0,0,0.176470588,0,0,0.237288136,0.152542373,0.610169492,1,0,0.86,0.14,0,363
0.416666667,0.5,0.083333333,0,0,0.76744186,0.23255814,0,0,0.823529412,0,0,0.176470588,0,0,0.28,0,0.72,1,0,0.728813559,0.118644068,0.152542373,364
0.416666667,0.5,0.083333333,0,0,0.76744186,0.23255814,0,0,0.823529412,0,0,0.176470588,0,0,0.28,0,0.72,1,0,0.728813559,0.118644068,0.152542373,365
0.416666667,0.5,0.083333333,0,0,0.76744186,0.23255814,0,0,0.823529412,0,0,0.176470588,0,0,0.237288136,0.152542373,0.610169492,1,0,0.86,0.14,0,366
0.416666667,0.5,0.083333333,0,0,0.76744186,0.23255814,0,0,0.823529412,0,0,0.176470588,0,0,0.237288136,0.152542373,0.610169492,1,0,0.86,0.14,0,367
0.416666667,0.5,0.083333333,0,0,0.76744186,0.23255814,0,0,0.823529412,0,0,0.176470588,0,0,0.28,0,0.72,1,0,0.728813559,0.118644068,0.152542373,368
0.416666667,0.5,0.083333333,0,0,0.76744186,0.23255814,0,0,0.823529412,0,0,0.176470588,0,0,0.237288136,0.152542373,0.610169492,1,0,0.86,0.14,0,369
0.416666667,0.5,0.083333333,0,0,0.76744186,0.23255814,0,0,0.823529412,0,0,0.176470588,0,0,0.28,0,0.72,1,0,0.728813559,0.118644068,0.152542373,370
0.416666667,0.5,0.083333333,0,0,0.76744186,0.23255814,0,0,0.823529412,0,0,0.176470588,0,0,0.28,0,0.72,1,0,0.728813559,0.118644068,0.152542373,371
0.416666667,0.5,0.083333333,0,0,0.76744186,0.23255814,0,0,0.823529412,0,0,0.176470588,0,0,0.28,0,0.72,1,0,0.728813559,0.118644068,0.152542373,372
0.416666667,0.5,0.083333333,0,0,0.76744186,0.23255814,0,0,0.823529412,0,0,0.176470588,0,0,0.237288136,0.152542373,0.610169492,1,0,0.86,0.14,0,373
0.416666667,0.5,0.083333333,0,0,0.76744186,0.23255814,0,0,0.823529412,0,0,0.176470588,0,0,0.237288136,0.152542373,0.610169492,1,0,0.86,0.14,0,374
0.416666667,0.5,0.083333333,0,0,0.76744186,0.23255814,0,0,0.823529412,0,0,0.176470588,0,0,0.237288136,0.152542373,0.610169492,1,0,0.86,0.14,0,375
0.416666667,0.5,0.083333333,0,0,0.76744186,0.23255814,0,0,0.823529412,0,0,0.176470588,0,0,0.28,0,0.72,1,0,0.728813559,0.118644068,0.152542373,376
0.416666667,0.5,0.083333333,0,0,0.76744186,0.23255814,0,0,0.823529412,0,0,0.176470588,0,0,0.237288136,0.152542373,0.610169492,1,0,0.86,0.14,0,377
0.416666667,0.5,0.083333333,0,0,0.76744186,0.23255814,0,0,0.823529412,0,0,0.176470588,0,0,0.237288136,0.152542373,0.610169492,1,0,0.86,0.14,0,378
0.416666667,0.5,0.083333333,0,0,0.76744186,0.23255814,0,0,0.823529412,0,0,0.176470588,0,0,0.237288136,0.152542373,0.610169492,1,0,0.86,0.14,0,379
0.416666667,0.5,0.083333333,0,0,0.76744186,0.23255814,0,0,0.823529412,0,0,0.176470588,0,0,0.237288136,0.152542373,0.610169492,1,0,0.86,0.14,0,380
0.416666667,0.5,0.083333333,0,0,0.76744186,0.23255814,0,0,0.823529412,0,0,0.176470588,0,0,0.28,0,0.72,1,0,0.728813559,0.118644068,0.152542373,381
0.416666667,0.5,0.083333333,0,0,0.76744186,0.23255814,0,0,0.823529412,0,0,0.176470588,0,0,0.237288136,0.152542373,0.610169492,1,0,0.86,0.14,0,382
0.416666667,0.5,0.083333333,0,0,0.76744186,0.23255814,0,0,0.823529412,0,0,0.176470588,0,0,0.237288136,0.152542373,0.610169492,1,0,0.86,0.14,0,383
0.416666667,0.5,0.083333333,0,0,0.76744186,0.23255814,0,0,0.823529412,0,0,0.176470588,0,0,0.237288136,0.152542373,0.610169492,1,0,0.86,0.14,0,384
0.416666667,0.5,0.083333333,0,0,0.76744186,0.23255814,0,0,0.823529412,0,0,0.176470588,0,0,0.237288136,0.152542373,0.610169492,1,0,0.86,0.14,0,385
0.416666667,0.5,0.083333333,0,0,0.76744186,0.23255814,0,0,0.823529412,0,0,0.176470588,0,0,0.28,0,0.72,1,0,0.728813559,0.118644068,0.152542373,386
0.416666667,0.5,0.083333333,0,0,0.76744186,0.23255814,0,0,0.823529412,0,0,0.176470588,0,0,0.28,0,0.72,1,0,0.728813559,0.118644068,0.152542373,387
0.416666667,0.5,0.083333333,0,0,0.76744186,0.23255814,0,0,0.823529412,0,0,0.176470588,0,0,0.237288136,0.152542373,0.610169492,1,0,0.86,0.14,0,388
0.416666667,0.5,0.083333333,0,0,0.76744186,0.23255814,0,0,0.823529412,0,0,0.176470588,0,0,0.28,0,0.72,1,0,0.728813559,0.118644068,0.152542373,389
0.416666667,0.5,0.083333333,0,0,0.76744186,0.23255814,0,0,0.823529412,0,0,0.176470588,0,0,0.237288136,0.152542373,0.610169492,1,0,0.86,0.14,0,390
0.416666667,0.5,0.083333333,0,0,0.76744186,0.23255814,0,0,0.823529412,0,0,0.176470588,0,0,0.237288136,0.152542373,0.610169492,1,0,0.86,0.14,0,391
0.416666667,0.5,0.083333333,0,0,0.76744186,0.23255814,0,0,0.823529412,0,0,0.176470588,0,0,0.28,0,0.72,1,0,0.728813559,0.118644068,0.152542373,392
0.416666667,0.5,0.083333333,0,0,0.76744186,0.23255814,0,0,0.823529412,0,0,0.176470588,0,0,0.237288136,0.152542373,0.610169492,1,0,0.86,0.14,0,393
0.416666667,0.5,0.083333333,0,0,0.76744186,0.23255814,0,0,0.823529412,0,0,0.176470588,0,0,0.237288136,0.152542373,0.610169492,1,0,0.86,0.14,0,394
0.416666667,0.5,0.083333333,0,0,0.76744186,0.23255814,0,0,0.823529412,0,0,0.176470588,0,0,0.237288136,0.152542373,0.610169492,1,0,0.86,0.14,0,395
0.416666667,0.5,0.083333333,0,0,0.76744186,0.23255814,0,0,0.823529412,0,0,0.176470588,0,0,0.237288136,0.152542373,0.610169492,1,0,0.86,0.14,0,396
0.416666667,0.5,0.083333333,0,0,0.76744186,0.23255814,0,0,0.823529412,0,0,0.176470588,0,0,0.28,0,0.72,1,0,0.728813559,0.118644068,0.152542373,397
0.416666667,0.5,0.083333333,0,0,0.76744186,0.23255814,0,0,0.823529412,0,0,0.176470588,0,0,0.28,0,0.72,1,0,0.728813559,0.118644068,0.152542373,398
0.416666667,0.5,0.083333333,0,0,0.76744186,0.23255814,0,0,0.823529412,0,0,0.176470588,0,0,0.237288136,0.152542373,0.610169492,1,0,0.86,0.14,0,399
0.416666667,0.5,0.083333333,0,0,0.76744186,0.23255814,0,0,0.823529412,0,0,0.176470588,0,0,0.237288136,0.152542373,0.610169492,1,0,0.86,0.14,0,400
0.416666667,0.5,0.083333333,0,0,0.76744186,0.23255814,0,0,0.823529412,0,0,0.176470588,0,0,0.237288136,0.152542373,0.610169492,1,0,0.86,0.14,0,401
0.416666667,0.5,0.083333333,0,0,0.76744186,0.23255814,0,0,0.823529412,0,0,0.176470588,0,0,0.237288136,0.152542373,0.610169492,1,0,0.86,0.14,0,402
0.416666667,0.5,0.083333333,0,0,0.76744186,0.23255814,0,0,0.823529412,0,0,0.176470588,0,0,0.237288136,0.152542373,0.610169492,1,0,0.86,0.14,0,403
0.416666667,0.5,0.083333333,0,0,0.76744186,0.23255814,0,0,0.823529412,0,0,0.176470588,0,0,0.237288136,0.152542373,0.610169492,1,0,0.86,0.14,0,404
0.416666667,0.5,0.083333333,0,0,0.76744186,0.23255814,0,0,0.823529412,0,0,0.176470588,0,0,0.237288136,0.152542373,0.610169492,1,0,0.86,0.14,0,405
0.416666667,0.5,0.083333333,0,0,0.76744186,0.23255814,0,0,0.823529412,0,0,0.176470588,0,0,0.28,0,0.72,1,0,0.728813559,0.118644068,0.152542373,406
0.416666667,0.5,0.083333333,0,0,0.76744186,0.23255814,0,0,0.823529412,0,0,0.176470588,0,0,0.28,0,0.72,1,0,0.728813559,0.118644068,0.152542373,407
0.416666667,0.5,0.083333333,0,0,0.76744186,0.23255814,0,0,0.823529412,0,0,0.176470588,0,0,0.237288136,0.152542373,0.610169492,1,0,0.86,0.14,0,408
0.416666667,0.5,0.083333333,0,0,0.76744186,0.23255814,0,0,0.823529412,0,0,0.176470588,0,0,0.237288136,0.152542373,0.610169492,1,0,0.86,0.14,0,409
0.416666667,0.5,0.083333333,0,0,0.76744186,0.23255814,0,0,0.823529412,0,0,0.176470588,0,0,0.237288136,0.152542373,0.610169492,1,0,0.86,0.14,0,410
0.416666667,0.5,0.083333333,0,0,0.76744186,0.23255814,0,0,0.823529412,0,0,0.176470588,0,0,0.28,0,0.72,1,0,0.728813559,0.118644068,0.152542373,411
0.416666667,0.5,0.083333333,0,0,0.76744186,0.23255814,0,0,0.823529412,0,0,0.176470588,0,0,0.237288136,0.152542373,0.610169492,1,0,0.86,0.14,0,412
0.416666667,0.5,0.083333333,0,0,0.76744186,0.23255814,0,0,0.823529412,0,0,0.176470588,0,0,0.237288136,0.152542373,0.610169492,1,0,0.86,0.14,0,413
0.416666667,0.5,0.083333333,0,0,0.76744186,0.23255814,0,0,0.823529412,0,0,0.176470588,0,0,0.237288136,0.152542373,0.610169492,1,0,0.86,0.14,0,414
0.416666667,0.5,0.083333333,0,0,0.76744186,0.23255814,0,0,0.823529412,0,0,0.176470588,0,0,0.237288136,0.152542373,0.610169492,1,0,0.86,0.14,0,415
0.416666667,0.5,0.083333333,0,0,0.76744186,0.23255814,0,0,0.823529412,0,0,0.176470588,0,0,0.28,0,0.72,1,0,0.728813559,0.118644068,0.152542373,416
0.416666667,0.5,0.083333333,0,0,0.76744186,0.23255814,0,0,0.823529412,0,0,0.176470588,0,0,0.237288136,0.152542373,0.610169492,1,0,0.86,0.14,0,417
0.416666667,0.5,0.083333333,0,0,0.76744186,0.23255814,0,0,0.823529412,0,0,0.176470588,0,0,0.237288136,0.152542373,0.610169492,1,0,0.86,0.14,0,418
0.416666667,0.5,0.083333333,0,0,0.76744186,0.23255814,0,0,0.823529412,0,0,0.176470588,0,0,0.237288136,0.152542373,0.610169492,1,0,0.86,0.14,0,419
0.416666667,0.5,0.083333333,0,0,0.76744186,0.23255814,0,0,0.823529412,0,0,0.176470588,0,0,0.237288136,0.152542373,0.610169492,1,0,0.86,0.14,0,420
0.416666667,0.5,0.083333333,0,0,0.76744186,0.23255814,0,0,0.823529412,0,0,0.176470588,0,0,0.237288136,0.152542373,0.610169492,1,0,0.86,0.14,0,421
0.416666667,0.5,0.083333333,0,0,0.76744186,0.23255814,0,0,0.823529412,0,0,0.176470588,0,0,0.237288136,0.152542373,0.610169492,1,0,0.86,0.14,0,422
0.416666667,0.5,0.083333333,0,0,0.76744186,0.23255814,0,0,0.823529412,0,0,0.176470588,0,0,0.237288136,0.152542373,0.610169492,1,0,0.86,0.14,0,423
0.416666667,0.5,0.083333333,0,0,0.76744186,0.23255814,0,0,0.823529412,0,0,0.176470588,0,0,0.28,0,0.72,1,0,0.728813559,0.118644068,0.152542373,424
0.416666667,0.5,0.083333333,0,0,0.76744186,0.23255814,0,0,0.823529412,0,0,0.176470588,0,0,0.237288136,0.152542373,0.610169492,1,0,0.86,0.14,0,425
0.416666667,0.5,0.083333333,0,0,0.76744186,0.23255814,0,0,0.823529412,0,0,0.176470588,0,0,0.28,0,0.72,1,0,0.728813559,0.118644068,0.152542373,426
0.416666667,0.5,0.083333333,0,0,0.76744186,0.23255814,0,0,0.823529412,0,0,0.176470588,0,0,0.28,0,0.72,1,0,0.728813559,0.118644068,0.152542373,427
0.416666667,0.5,0.083333333,0,0,0.76744186,0.23255814,0,0,0.823529412,0,0,0.176470588,0,0,0.28,0,0.72,1,0,0.728813559,0.118644068,0.152542373,428
0.416666667,0.5,0.083333333,0,0,0.76744186,0.23255814,0,0,0.823529412,0,0,0.176470588,0,0,0.28,0,0.72,1,0,0.728813559,0.118644068,0.152542373,429
0.416666667,0.5,0.083333333,0,0,0.76744186,0.23255814,0,0,0.823529412,0,0,0.176470588,0,0,0.28,0,0.72,1,0,0.728813559,0.118644068,0.152542373,430
0.416666667,0.5,0.083333333,0,0,0.76744186,0.23255814,0,0,0.823529412,0,0,0.176470588,0,0,0.237288136,0.152542373,0.610169492,1,0,0.86,0.14,0,431
0.416666667,0.5,0.083333333,0,0,0.76744186,0.23255814,0,0,0.823529412,0,0,0.176470588,0,0,0.28,0,0.72,1,0,0.728813559,0.118644068,0.152542373,432
0.416666667,0.5,0.083333333,0,0,0.76744186,0.23255814,0,0,0.823529412,0,0,0.176470588,0,0,0.237288136,0.152542373,0.610169492,1,0,0.86,0.14,0,433
0.416666667,0.5,0.083333333,0,0,0.76744186,0.23255814,0,0,0.823529412,0,0,0.176470588,0,0,0.237288136,0.152542373,0.610169492,1,0,0.86,0.14,0,434
0.416666667,0.5,0.083333333,0,0,0.76744186,0.23255814,0,0,0.823529412,0,0,0.176470588,0,0,0.237288136,0.152542373,0.610169492,1,0,0.86,0.14,0,435
0.416666667,0.5,0.083333333,0,0,0.76744186,0.23255814,0,0,0.823529412,0,0,0.176470588,0,0,0.28,0,0.72,1,0,0.728813559,0.118644068,0.152542373,436
0.416666667,0.5,0.083333333,0,0,0.76744186,0.23255814,0,0,0.823529412,0,0,0.176470588,0,0,0.28,0,0.72,1,0,0.728813559,0.118644068,0.152542373,437
0.416666667,0.5,0.083333333,0,0,0.76744186,0.23255814,0,0,0.823529412,0,0,0.176470588,0,0,0.28,0,0.72,1,0,0.728813559,0.118644068,0.152542373,438
0.416666667,0.5,0.083333333,0,0,0.76744186,0.23255814,0,0,0.823529412,0,0,0.176470588,0,0,0.28,0,0.72,1,0,0.728813559,0.118644068,0.152542373,439
0.416666667,0.5,0.083333333,0,0,0.76744186,0.23255814,0,0,0.823529412,0,0,0.176470588,0,0,0.28,0,0.72,1,0,0.728813559,0.118644068,0.152542373,440
0.416666667,0.5,0.083333333,0,0,0.76744186,0.23255814,0,0,0.823529412,0,0,0.176470588,0,0,0.28,0,0.72,1,0,0.728813559,0.118644068,0.152542373,441
0.416666667,0.5,0.083333333,0,0,0.76744186,0.23255814,0,0,0.823529412,0,0,0.176470588,0,0,0.28,0,0.72,1,0,0.728813559,0.118644068,0.152542373,442
0.416666667,0.5,0.083333333,0,0,0.76744186,0.23255814,0,0,0.823529412,0,0,0.176470588,0,0,0.28,0,0.72,1,0,0.728813559,0.118644068,0.152542373,443
0.416666667,0.5,0.083333333,0,0,0.76744186,0.23255814,0,0,0.823529412,0,0,0.176470588,0,0,0.237288136,0.152542373,0.610169492,1,0,0.86,0.14,0,444
0.416666667,0.5,0.083333333,0,0,0.76744186,0.23255814,0,0,0.823529412,0,0,0.176470588,0,0,0.237288136,0.152542373,0.610169492,1,0,0.86,0.14,0,445
0.416666667,0.5,0.083333333,0,0,0.76744186,0.23255814,0,0,0.823529412,0,0,0.176470588,0,0,0.237288136,0.152542373,0.610169492,1,0,0.86,0.14,0,446
0.416666667,0.5,0.083333333,0,0,0.76744186,0.23255814,0,0,0.823529412,0,0,0.176470588,0,0,0.237288136,0.152542373,0.610169492,1,0,0.86,0.14,0,447
0.416666667,0.5,0.083333333,0,0,0.76744186,0.23255814,0,0,0.823529412,0,0,0.176470588,0,0,0.237288136,0.152542373,0.610169492,1,0,0.86,0.14,0,448
0.416666667,0.5,0.083333333,0,0,0.76744186,0.23255814,0,0,0.823529412,0,0,0.176470588,0,0,0.28,0,0.72,1,0,0.728813559,0.118644068,0.152542373,449
0.416666667,0.5,0.083333333,0,0,0.76744186,0.23255814,0,0,0.823529412,0,0,0.176470588,0,0,0.28,0,0.72,1,0,0.728813559,0.118644068,0.152542373,450
0.416666667,0.5,0.083333333,0,0,0.76744186,0.23255814,0,0,0.823529412,0,0,0.176470588,0,0,0.237288136,0.152542373,0.610169492,1,0,0.86,0.14,0,451
0.416666667,0.5,0.083333333,0,0,0.76744186,0.23255814,0,0,0.823529412,0,0,0.176470588,0,0,0.237288136,0.152542373,0.610169492,1,0,0.86,0.14,0,452
0.416666667,0.5,0.083333333,0,0,0.76744186,0.23255814,0,0,0.823529412,0,0,0.176470588,0,0,0.237288136,0.152542373,0.610169492,1,0,0.86,0.14,0,453
0.416666667,0.5,0.083333333,0,0,0.76744186,0.23255814,0,0,0.823529412,0,0,0.176470588,0,0,0.237288136,0.152542373,0.610169492,1,0,0.86,0.14,0,454
0.416666667,0.5,0.083333333,0,0,0.76744186,0.23255814,0,0,0.823529412,0,0,0.176470588,0,0,0.237288136,0.152542373,0.610169492,1,0,0.86,0.14,0,455
0.416666667,0.5,0.083333333,0,0,0.76744186,0.23255814,0,0,0.823529412,0,0,0.176470588,0,0,0.237288136,0.152542373,0.610169492,1,0,0.86,0.14,0,456
0.416666667,0.5,0.083333333,0,0,0.76744186,0.23255814,0,0,0.823529412,0,0,0.176470588,0,0,0.237288136,0.152542373,0.610169492,1,0,0.86,0.14,0,457
0.416666667,0.5,0.083333333,0,0,0.76744186,0.23255814,0,0,0.823529412,0,0,0.176470588,0,0,0.237288136,0.152542373,0.610169492,1,0,0.86,0.14,0,458
0.416666667,0.5,0.083333333,0,0,0.76744186,0.23255814,0,0,0.823529412,0,0,0.176470588,0,0,0.237288136,0.152542373,0.610169492,1,0,0.86,0.14,0,459
0.416666667,0.5,0.083333333,0,0,0.76744186,0.23255814,0,0,0.823529412,0,0,0.176470588,0,0,0.237288136,0.152542373,0.610169492,1,0,0.86,0.14,0,460
0.416666667,0.5,0.083333333,0,0,0.76744186,0.23255814,0,0,0.823529412,0,0,0.176470588,0,0,0.28,0,0.72,1,0,0.728813559,0.118644068,0.152542373,461
0.416666667,0.5,0.083333333,0,0,0.76744186,0.23255814,0,0,0.823529412,0,0,0.176470588,0,0,0.237288136,0.152542373,0.610169492,1,0,0.86,0.14,0,462
0.416666667,0.5,0.083333333,0,0,0.76744186,0.23255814,0,0,0.823529412,0,0,0.176470588,0,0,0.28,0,0.72,1,0,0.728813559,0.118644068,0.152542373,463
0.416666667,0.5,0.083333333,0,0,0.76744186,0.23255814,0,0,0.823529412,0,0,0.176470588,0,0,0.237288136,0.152542373,0.610169492,1,0,0.86,0.14,0,464
0.416666667,0.5,0.083333333,0,0,0.76744186,0.23255814,0,0,0.823529412,0,0,0.176470588,0,0,0.28,0,0.72,1,0,0.728813559,0.118644068,0.152542373,465
0.416666667,0.5,0.083333333,0,0,0.76744186,0.23255814,0,0,0.823529412,0,0,0.176470588,0,0,0.28,0,0.72,1,0,0.728813559,0.118644068,0.152542373,466
0.416666667,0.5,0.083333333,0,0,0.76744186,0.23255814,0,0,0.823529412,0,0,0.176470588,0,0,0.237288136,0.152542373,0.610169492,1,0,0.86,0.14,0,467
0.416666667,0.5,0.083333333,0,0,0.76744186,0.23255814,0,0,0.823529412,0,0,0.176470588,0,0,0.237288136,0.152542373,0.610169492,1,0,0.86,0.14,0,468
0.416666667,0.5,0.083333333,0,0,0.76744186,0.23255814,0,0,0.823529412,0,0,0.176470588,0,0,0.237288136,0.152542373,0.610169492,1,0,0.86,0.14,0,469
0.416666667,0.5,0.083333333,0,0,0.76744186,0.23255814,0,0,0.823529412,0,0,0.176470588,0,0,0.237288136,0.152542373,0.610169492,1,0,0.86,0.14,0,470
0.416666667,0.5,0.083333333,0,0,0.76744186,0.23255814,0,0,0.823529412,0,0,0.176470588,0,0,0.237288136,0.152542373,0.610169492,1,0,0.86,0.14,0,471
0.416666667,0.5,0.083333333,0,0,0.76744186,0.23255814,0,0,0.823529412,0,0,0.176470588,0,0,0.28,0,0.72,1,0,0.728813559,0.118644068,0.152542373,472
0.416666667,0.5,0.083333333,0,0,0.76744186,0.23255814,0,0,0.823529412,0,0,0.176470588,0,0,0.28,0,0.72,1,0,0.728813559,0.118644068,0.152542373,473
0.416666667,0.5,0.083333333,0,0,0.76744186,0.23255814,0,0,0.823529412,0,0,0.176470588,0,0,0.28,0,0.72,1,0,0.728813559,0.118644068,0.152542373,474
0.416666667,0.5,0.083333333,0,0,0.76744186,0.23255814,0,0,0.823529412,0,0,0.176470588,0,0,0.28,0,0.72,1,0,0.728813559,0.118644068,0.152542373,475
0.416666667,0.5,0.083333333,0,0,0.76744186,0.23255814,0,0,0.823529412,0,0,0.176470588,0,0,0.28,0,0.72,1,0,0.728813559,0.118644068,0.152542373,476
0.416666667,0.5,0.083333333,0,0,0.76744186,0.23255814,0,0,0.823529412,0,0,0.176470588,0,0,0.28,0,0.72,1,0,0.728813559,0.118644068,0.152542373,477
0.416666667,0.5,0.083333333,0,0,0.76744186,0.23255814,0,0,0.823529412,0,0,0.176470588,0,0,0.28,0,0.72,1,0,0.728813559,0.118644068,0.152542373,478
0.416666667,0.5,0.083333333,0,0,0.76744186,0.23255814,0,0,0.823529412,0,0,0.176470588,0,0,0.28,0,0.72,1,0,0.728813559,0.118644068,0.152542373,479
0.416666667,0.5,0.083333333,0,0,0.76744186,0.23255814,0,0,0.823529412,0,0,0.176470588,0,0,0.28,0,0.72,1,0,0.728813559,0.118644068,0.152542373,480
0.416666667,0.5,0.083333333,0,0,0.76744186,0.23255814,0,0,0.823529412,0,0,0.176470588,0,0,0.237288136,0.152542373,0.610169492,1,0,0.86,0.14,0,481
0.416666667,0.5,0.083333333,0,0,0.76744186,0.23255814,0,0,0.823529412,0,0,0.176470588,0,0,0.28,0,0.72,1,0,0.728813559,0.118644068,0.152542373,482
0.416666667,0.5,0.083333333,0,0,0.76744186,0.23255814,0,0,0.823529412,0,0,0.176470588,0,0,0.28,0,0.72,1,0,0.728813559,0.118644068,0.152542373,483
0.416666667,0.5,0.083333333,0,0,0.76744186,0.23255814,0,0,0.823529412,0,0,0.176470588,0,0,0.28,0,0.72,1,0,0.728813559,0.118644068,0.152542373,484
0.416666667,0.5,0.083333333,0,0,0.76744186,0.23255814,0,0,0.823529412,0,0,0.176470588,0,0,0.28,0,0.72,1,0,0.728813559,0.118644068,0.152542373,485
0.416666667,0.5,0.083333333,0,0,0.76744186,0.23255814,0,0,0.823529412,0,0,0.176470588,0,0,0.28,0,0.72,1,0,0.728813559,0.118644068,0.152542373,486
0.416666667,0.5,0.083333333,0,0,0.76744186,0.23255814,0,0,0.823529412,0,0,0.176470588,0,0,0.28,0,0.72,1,0,0.728813559,0.118644068,0.152542373,487
0.416666667,0.5,0.083333333,0,0,0.76744186,0.23255814,0,0,0.823529412,0,0,0.176470588,0,0,0.237288136,0.152542373,0.610169492,1,0,0.86,0.14,0,488
0.416666667,0.5,0.083333333,0,0,0.76744186,0.23255814,0,0,0.823529412,0,0,0.176470588,0,0,0.28,0,0.72,1,0,0.728813559,0.118644068,0.152542373,489
0.678571429,0.285714286,0.035714286,0,0,0.756097561,0.243902439,0,0,0,0,0,0,0,0,0,0.152542373,0.847457627,1,0.275362319,0.594202899,0.130434783,0,490
0.416666667,0.5,0.083333333,0,0,0.76744186,0.23255814,0,0,0.823529412,0,0,0.176470588,0,0,0.28,0,0.72,1,0,0.728813559,0.118644068,0.152542373,491
0.416666667,0.5,0.083333333,0,0,0.76744186,0.23255814,0,0,0.823529412,0,0,0.176470588,0,0,0.28,0,0.72,1,0,0.728813559,0.118644068,0.152542373,492
0.416666667,0.5,0.083333333,0,0,0.76744186,0.23255814,0,0,0.823529412,0,0,0.176470588,0,0,0.28,0,0.72,1,0,0.728813559,0.118644068,0.152542373,493
0.416666667,0.5,0.083333333,0,0,0.76744186,0.23255814,0,0,0.823529412,0,0,0.176470588,0,0,0.28,0,0.72,1,0,0.728813559,0.118644068,0.152542373,494
0.416666667,0.5,0.083333333,0,0,0.76744186,0.23255814,0,0,0.823529412,0,0,0.176470588,0,0,0.237288136,0.152542373,0.610169492,1,0,0.86,0.14,0,495
0.416666667,0.5,0.083333333,0,0,0.76744186,0.23255814,0,0,0.823529412,0,0,0.176470588,0,0,0.237288136,0.152542373,0.610169492,1,0,0.86,0.14,0,496
0.416666667,0.5,0.083333333,0,0,0.76744186,0.23255814,0,0,0.823529412,0,0,0.176470588,0,0,0.237288136,0.152542373,0.610169492,1,0,0.86,0.14,0,497
0.416666667,0.5,0.083333333,0,0,0.76744186,0.23255814,0,0,0.823529412,0,0,0.176470588,0,0,0.237288136,0.152542373,0.610169492,1,0,0.86,0.14,0,498
0.416666667,0.5,0.083333333,0,0,0.76744186,0.23255814,0,0,0.823529412,0,0,0.176470588,0,0,0.237288136,0.152542373,0.610169492,1,0,0.86,0.14,0,499
0.416666667,0.5,0.083333333,0,0,0.76744186,0.23255814,0,0,0.823529412,0,0,0.176470588,0,0,0.237288136,0.152542373,0.610169492,1,0,0.86,0.14,0,500
0.416666667,0.5,0.083333333,0,0,0.76744186,0.23255814,0,0,0.823529412,0,0,0.176470588,0,0,0.237288136,0.152542373,0.610169492,1,0,0.86,0.14,0,501
0.416666667,0.5,0.083333333,0,0,0.76744186,0.23255814,0,0,0.823529412,0,0,0.176470588,0,0,0.237288136,0.152542373,0.610169492,1,0,0.86,0.14,0,502
0.416666667,0.5,0.083333333,0,0,0.76744186,0.23255814,0,0,0.823529412,0,0,0.176470588,0,0,0.237288136,0.152542373,0.610169492,1,0,0.86,0.14,0,503
0.730769231,0.230769231,0.038461538,0,0,0.76744186,0.23255814,0,0,0,0,0,0,0,0,0,0.152542373,0.847457627,1,0.253731343,0.641791045,0.104477612,0,504
0.416666667,0.5,0.083333333,0,0,0.76744186,0.23255814,0,0,0.823529412,0,0,0.176470588,0,0,0.237288136,0.152542373,0.610169492,1,0,0.86,0.14,0,505
0.416666667,0.5,0.083333333,0,0,0.76744186,0.23255814,0,0,0.823529412,0,0,0.176470588,0,0,0.237288136,0.152542373,0.610169492,1,0,0.86,0.14,0,506
0.678571429,0.25,0.071428571,0,0,0.780487805,0.219512195,0,0,0,0,0,0,0,0,0,0.152542373,0.847457627,1,0.275362319,0.594202899,0.130434783,0,507
0.416666667,0.5,0.083333333,0,0,0.76744186,0.23255814,0,0,0.823529412,0,0,0.176470588,0,0,0.28,0,0.72,1,0,0.728813559,0.118644068,0.152542373,508
0.416666667,0.5,0.083333333,0,0,0.76744186,0.23255814,0,0,0.823529412,0,0,0.176470588,0,0,0.237288136,0.152542373,0.610169492,1,0,0.86,0.14,0,509
0.416666667,0.5,0.083333333,0,0,0.76744186,0.23255814,0,0,0.823529412,0,0,0.176470588,0,0,0.237288136,0.152542373,0.610169492,1,0,0.86,0.14,0,510
0.416666667,0.5,0.083333333,0,0,0.76744186,0.23255814,0,0,0.823529412,0,0,0.176470588,0,0,0.237288136,0.152542373,0.610169492,1,0,0.86,0.14,0,511
0.416666667,0.5,0.083333333,0,0,0.76744186,0.23255814,0,0,0.823529412,0,0,0.176470588,0,0,0.237288136,0.152542373,0.610169492,1,0,0.86,0.14,0,512
0.416666667,0.5,0.083333333,0,0,0.76744186,0.23255814,0,0,0.823529412,0,0,0.176470588,0,0,0.237288136,0.152542373,0.610169492,1,0,0.86,0.14,0,513
0.416666667,0.5,0.083333333,0,0,0.76744186,0.23255814,0,0,0.823529412,0,0,0.176470588,0,0,0.28,0,0.72,1,0,0.728813559,0.118644068,0.152542373,514
0.416666667,0.5,0.083333333,0,0,0.76744186,0.23255814,0,0,0.823529412,0,0,0.176470588,0,0,0.264150943,0.056603774,0.679245283,1,0,0.767857143,0.125,0.107142857,515
0.416666667,0.5,0.083333333,0,0,0.76744186,0.23255814,0,0,0.823529412,0,0,0.176470588,0,0,0.28,0,0.72,1,0,0.728813559,0.118644068,0.152542373,516
0.416666667,0.5,0.083333333,0,0,0.76744186,0.23255814,0,0,0.823529412,0,0,0.176470588,0,0,0.28,0,0.72,1,0,0.728813559,0.118644068,0.152542373,517
0.416666667,0.5,0.083333333,0,0,0.76744186,0.23255814,0,0,0.823529412,0,0,0.176470588,0,0,0.28,0,0.72,1,0,0.728813559,0.118644068,0.152542373,518
0.416666667,0.5,0.083333333,0,0,0.76744186,0.23255814,0,0,0.823529412,0,0,0.176470588,0,0,0.237288136,0.152542373,0.610169492,1,0,0.86,0.14,0,519
0.416666667,0.5,0.083333333,0,0,0.76744186,0.23255814,0,0,0.823529412,0,0,0.176470588,0,0,0.237288136,0.152542373,0.610169492,1,0,0.86,0.14,0,520
0.416666667,0.5,0.083333333,0,0,0.76744186,0.23255814,0,0,0.823529412,0,0,0.176470588,0,0,0.28,0,0.72,1,0,0.728813559,0.118644068,0.152542373,521
0.416666667,0.5,0.083333333,0,0,0.76744186,0.23255814,0,0,0.823529412,0,0,0.176470588,0,0,0.28,0,0.72,1,0,0.728813559,0.118644068,0.152542373,522
0.416666667,0.5,0.083333333,0,0,0.76744186,0.23255814,0,0,0.823529412,0,0,0.176470588,0,0,0.28,0,0.72,1,0,0.728813559,0.118644068,0.152542373,523
0.416666667,0.5,0.083333333,0,0,0.76744186,0.23255814,0,0,0.823529412,0,0,0.176470588,0,0,0.28,0,0.72,1,0,0.728813559,0.118644068,0.152542373,524
0.416666667,0.5,0.083333333,0,0,0.76744186,0.23255814,0,0,0.823529412,0,0,0.176470588,0,0,0.28,0,0.72,1,0,0.728813559,0.118644068,0.152542373,525
0.416666667,0.5,0.083333333,0,0,0.76744186,0.23255814,0,0,0.823529412,0,0,0.176470588,0,0,0.28,0,0.72,1,0,0.728813559,0.118644068,0.152542373,526
0.416666667,0.5,0.083333333,0,0,0.76744186,0.23255814,0,0,0.823529412,0,0,0.176470588,0,0,0.28,0,0.72,1,0,0.728813559,0.118644068,0.152542373,527
0.416666667,0.5,0.083333333,0,0,0.76744186,0.23255814,0,0,0.823529412,0,0,0.176470588,0,0,0.28,0,0.72,1,0,0.728813559,0.118644068,0.152542373,528
0.416666667,0.5,0.083333333,0,0,0.76744186,0.23255814,0,0,0.823529412,0,0,0.176470588,0,0,0.28,0,0.72,1,0,0.728813559,0.118644068,0.152542373,529
0.416666667,0.5,0.083333333,0,0,0.76744186,0.23255814,0,0,0.823529412,0,0,0.176470588,0,0,0.28,0,0.72,1,0,0.728813559,0.118644068,0.152542373,530
0.416666667,0.5,0.083333333,0,0,0.76744186,0.23255814,0,0,0.823529412,0,0,0.176470588,0,0,0.28,0,0.72,1,0,0.728813559,0.118644068,0.152542373,531
0.416666667,0.5,0.083333333,0,0,0.76744186,0.23255814,0,0,0.823529412,0,0,0.176470588,0,0,0.237288136,0.152542373,0.610169492,1,0,0.86,0.14,0,532
0.416666667,0.5,0.083333333,0,0,0.76744186,0.23255814,0,0,0.823529412,0,0,0.176470588,0,0,0.237288136,0.152542373,0.610169492,1,0,0.86,0.14,0,533
0.416666667,0.5,0.083333333,0,0,0.76744186,0.23255814,0,0,0.823529412,0,0,0.176470588,0,0,0.28,0,0.72,1,0,0.728813559,0.118644068,0.152542373,534
0.416666667,0.5,0.083333333,0,0,0.76744186,0.23255814,0,0,0.823529412,0,0,0.176470588,0,0,0.28,0,0.72,1,0,0.728813559,0.118644068,0.152542373,535
0.416666667,0.5,0.083333333,0,0,0.76744186,0.23255814,0,0,0.823529412,0,0,0.176470588,0,0,0.237288136,0.152542373,0.610169492,1,0,0.86,0.14,0,536
0.416666667,0.5,0.083333333,0,0,0.76744186,0.23255814,0,0,0.823529412,0,0,0.176470588,0,0,0.237288136,0.152542373,0.610169492,1,0,0.86,0.14,0,537
0.416666667,0.5,0.083333333,0,0,0.76744186,0.23255814,0,0,0.823529412,0,0,0.176470588,0,0,0.237288136,0.152542373,0.610169492,1,0,0.86,0.14,0,538
0.416666667,0.5,0.083333333,0,0,0.76744186,0.23255814,0,0,0.823529412,0,0,0.176470588,0,0,0.28,0,0.72,1,0,0.728813559,0.118644068,0.152542373,539
0.416666667,0.5,0.083333333,0,0,0.76744186,0.23255814,0,0,0.823529412,0,0,0.176470588,0,0,0.28,0,0.72,1,0,0.728813559,0.118644068,0.152542373,540
0.416666667,0.5,0.083333333,0,0,0.76744186,0.23255814,0,0,0.823529412,0,0,0.176470588,0,0,0.28,0,0.72,1,0,0.728813559,0.118644068,0.152542373,541
0.416666667,0.5,0.083333333,0,0,0.76744186,0.23255814,0,0,0.823529412,0,0,0.176470588,0,0,0.28,0,0.72,1,0,0.728813559,0.118644068,0.152542373,542
0.416666667,0.5,0.083333333,0,0,0.76744186,0.23255814,0,0,0.823529412,0,0,0.176470588,0,0,0.28,0,0.72,1,0,0.728813559,0.118644068,0.152542373,543
0.416666667,0.5,0.083333333,0,0,0.76744186,0.23255814,0,0,0.823529412,0,0,0.176470588,0,0,0.28,0,0.72,1,0,0.728813559,0.118644068,0.152542373,544
0.703703704,0.259259259,0.037037037,0,0,0.761904762,0.238095238,0,0,0,0,0,0,0,0,0,0.152542373,0.847457627,1,0.264705882,0.617647059,0.117647059,0,545
0.416666667,0.5,0.083333333,0,0,0.76744186,0.23255814,0,0,0.823529412,0,0,0.176470588,0,0,0.237288136,0.152542373,0.610169492,1,0,0.86,0.14,0,546
0.416666667,0.5,0.083333333,0,0,0.76744186,0.23255814,0,0,0.823529412,0,0,0.176470588,0,0,0.237288136,0.152542373,0.610169492,1,0,0.86,0.14,0,547
0.416666667,0.5,0.083333333,0,0,0.76744186,0.23255814,0,0,0.823529412,0,0,0.176470588,0,0,0.237288136,0.152542373,0.610169492,1,0,0.86,0.14,0,548
0.416666667,0.5,0.083333333,0,0,0.76744186,0.23255814,0,0,0.823529412,0,0,0.176470588,0,0,0.28,0,0.72,1,0,0.728813559,0.118644068,0.152542373,549
0.416666667,0.5,0.083333333,0,0,0.76744186,0.23255814,0,0,0.823529412,0,0,0.176470588,0,0,0.28,0,0.72,1,0,0.728813559,0.118644068,0.152542373,550
0.416666667,0.5,0.083333333,0,0,0.76744186,0.23255814,0,0,0.823529412,0,0,0.176470588,0,0,0.28,0,0.72,1,0,0.728813559,0.118644068,0.152542373,551
0.416666667,0.5,0.083333333,0,0,0.76744186,0.23255814,0,0,0.823529412,0,0,0.176470588,0,0,0.237288136,0.152542373,0.610169492,1,0,0.86,0.14,0,552
0.416666667,0.5,0.083333333,0,0,0.76744186,0.23255814,0,0,0.823529412,0,0,0.176470588,0,0,0.28,0,0.72,1,0,0.728813559,0.118644068,0.152542373,553
0.416666667,0.5,0.083333333,0,0,0.76744186,0.23255814,0,0,0.823529412,0,0,0.176470588,0,0,0.28,0,0.72,1,0,0.728813559,0.118644068,0.152542373,554
0.416666667,0.5,0.083333333,0,0,0.76744186,0.23255814,0,0,0.823529412,0,0,0.176470588,0,0,0.28,0,0.72,1,0,0.728813559,0.118644068,0.152542373,555
0.416666667,0.5,0.083333333,0,0,0.76744186,0.23255814,0,0,0.823529412,0,0,0.176470588,0,0,0.28,0,0.72,1,0,0.728813559,0.118644068,0.152542373,556
0.416666667,0.5,0.083333333,0,0,0.76744186,0.23255814,0,0,0.823529412,0,0,0.176470588,0,0,0.28,0,0.72,1,0,0.728813559,0.118644068,0.152542373,557
0.678571429,0.285714286,0.035714286,0,0,0.756097561,0.243902439,0,0,0,0,0,0,0,0,0,0.152542373,0.847457627,1,0.275362319,0.594202899,0.130434783,0,558
0.678571429,0.285714286,0.035714286,0,0,0.756097561,0.243902439,0,0,0,0,0,0,0,0,0,0.152542373,0.847457627,1,0.275362319,0.594202899,0.130434783,0,559
0.416666667,0.5,0.083333333,0,0,0.76744186,0.23255814,0,0,0.823529412,0,0,0.176470588,0,0,0.237288136,0.152542373,0.610169492,1,0,0.86,0.14,0,560
0.416666667,0.5,0.083333333,0,0,0.76744186,0.23255814,0,0,0.823529412,0,0,0.176470588,0,0,0.28,0,0.72,1,0,0.728813559,0.118644068,0.152542373,561
0.416666667,0.5,0.083333333,0,0,0.76744186,0.23255814,0,0,0.823529412,0,0,0.176470588,0,0,0.237288136,0.152542373,0.610169492,1,0,0.86,0.14,0,562
0.416666667,0.5,0.083333333,0,0,0.76744186,0.23255814,0,0,0.823529412,0,0,0.176470588,0,0,0.237288136,0.152542373,0.610169492,1,0,0.86,0.14,0,563
0.416666667,0.5,0.083333333,0,0,0.76744186,0.23255814,0,0,0.823529412,0,0,0.176470588,0,0,0.28,0,0.72,1,0,0.728813559,0.118644068,0.152542373,564
0.416666667,0.5,0.083333333,0,0,0.76744186,0.23255814,0,0,0.823529412,0,0,0.176470588,0,0,0.28,0,0.72,1,0,0.728813559,0.118644068,0.152542373,565
0.416666667,0.5,0.083333333,0,0,0.76744186,0.23255814,0,0,0.823529412,0,0,0.176470588,0,0,0.28,0,0.72,1,0,0.728813559,0.118644068,0.152542373,566
0.730769231,0.230769231,0.038461538,0,0,0.76744186,0.23255814,0,0,0,0,0,0,0,0,0,0.152542373,0.847457627,1,0.253731343,0.641791045,0.104477612,0,567
0.633333333,0.333333333,0.033333333,0,0,0.743589744,0.256410256,0,0,0,0,0,0,0,0,0,0.152542373,0.847457627,1,0.295774648,0.549295775,0.154929577,0,568
0.703703704,0.259259259,0.037037037,0,0,0.761904762,0.238095238,0,0,0,0,0,0,0,0,0,0.152542373,0.847457627,1,0.264705882,0.617647059,0.117647059,0,569
0.730769231,0.230769231,0.038461538,0,0,0.76744186,0.23255814,0,0,0,0,0,0,0,0,0,0.152542373,0.847457627,1,0.253731343,0.641791045,0.104477612,0,570
0.416666667,0.5,0.083333333,0,0,0.76744186,0.23255814,0,0,0.823529412,0,0,0.176470588,0,0,0.28,0,0.72,1,0,0.728813559,0.118644068,0.152542373,571
0.416666667,0.5,0.083333333,0,0,0.76744186,0.23255814,0,0,0.823529412,0,0,0.176470588,0,0,0.28,0,0.72,1,0,0.728813559,0.118644068,0.152542373,572
0.416666667,0.5,0.083333333,0,0,0.76744186,0.23255814,0,0,0.823529412,0,0,0.176470588,0,0,0.28,0,0.72,1,0,0.728813559,0.118644068,0.152542373,573
0.416666667,0.5,0.083333333,0,0,0.76744186,0.23255814,0,0,0.823529412,0,0,0.176470588,0,0,0.28,0,0.72,1,0,0.728813559,0.118644068,0.152542373,574
0.416666667,0.5,0.083333333,0,0,0.76744186,0.23255814,0,0,0.823529412,0,0,0.176470588,0,0,0.28,0,0.72,1,0,0.728813559,0.118644068,0.152542373,575
0.416666667,0.5,0.083333333,0,0,0.76744186,0.23255814,0,0,0.823529412,0,0,0.176470588,0,0,0.28,0,0.72,1,0,0.728813559,0.118644068,0.152542373,576
0.416666667,0.5,0.083333333,0,0,0.76744186,0.23255814,0,0,0.823529412,0,0,0.176470588,0,0,0.28,0,0.72,1,0,0.728813559,0.118644068,0.152542373,577
0.416666667,0.5,0.083333333,0,0,0.76744186,0.23255814,0,0,0.823529412,0,0,0.176470588,0,0,0.28,0,0.72,1,0,0.728813559,0.118644068,0.152542373,578
0.416666667,0.5,0.083333333,0,0,0.76744186,0.23255814,0,0,0.823529412,0,0,0.176470588,0,0,0.28,0,0.72,1,0,0.728813559,0.118644068,0.152542373,579
0.416666667,0.5,0.083333333,0,0,0.76744186,0.23255814,0,0,0.823529412,0,0,0.176470588,0,0,0.28,0,0.72,1,0,0.728813559,0.118644068,0.152542373,580
0.416666667,0.5,0.083333333,0,0,0.76744186,0.23255814,0,0,0.823529412,0,0,0.176470588,0,0,0.28,0,0.72,1,0,0.728813559,0.118644068,0.152542373,581
0.416666667,0.5,0.083333333,0,0,0.76744186,0.23255814,0,0,0.823529412,0,0,0.176470588,0,0,0.28,0,0.72,1,0,0.728813559,0.118644068,0.152542373,582
0.416666667,0.5,0.083333333,0,0,0.76744186,0.23255814,0,0,0.823529412,0,0,0.176470588,0,0,0.28,0,0.72,1,0,0.728813559,0.118644068,0.152542373,583
0.416666667,0.5,0.083333333,0,0,0.76744186,0.23255814,0,0,0.823529412,0,0,0.176470588,0,0,0.28,0,0.72,1,0,0.728813559,0.118644068,0.152542373,584
0.416666667,0.5,0.083333333,0,0,0.76744186,0.23255814,0,0,0.823529412,0,0,0.176470588,0,0,0.28,0,0.72,1,0,0.728813559,0.118644068,0.152542373,585
0.416666667,0.5,0.083333333,0,0,0.76744186,0.23255814,0,0,0.823529412,0,0,0.176470588,0,0,0.28,0,0.72,1,0,0.728813559,0.118644068,0.152542373,586
0.416666667,0.5,0.083333333,0,0,0.76744186,0.23255814,0,0,0.823529412,0,0,0.176470588,0,0,0.28,0,0.72,1,0,0.728813559,0.118644068,0.152542373,587
0.416666667,0.5,0.083333333,0,0,0.76744186,0.23255814,0,0,0.823529412,0,0,0.176470588,0,0,0.28,0,0.72,1,0,0.728813559,0.118644068,0.152542373,588
0.416666667,0.5,0.083333333,0,0,0.76744186,0.23255814,0,0,0.823529412,0,0,0.176470588,0,0,0.28,0,0.72,1,0,0.728813559,0.118644068,0.152542373,589
0.416666667,0.5,0.083333333,0,0,0.76744186,0.23255814,0,0,0.823529412,0,0,0.176470588,0,0,0.28,0,0.72,1,0,0.728813559,0.118644068,0.152542373,590
0.416666667,0.5,0.083333333,0,0,0.76744186,0.23255814,0,0,0.823529412,0,0,0.176470588,0,0,0.28,0,0.72,1,0,0.728813559,0.118644068,0.152542373,591
0.416666667,0.5,0.083333333,0,0,0.76744186,0.23255814,0,0,0.823529412,0,0,0.176470588,0,0,0.28,0,0.72,1,0,0.728813559,0.118644068,0.152542373,592
0.416666667,0.5,0.083333333,0,0,0.76744186,0.23255814,0,0,0.823529412,0,0,0.176470588,0,0,0.28,0,0.72,1,0,0.728813559,0.118644068,0.152542373,593
0.416666667,0.5,0.083333333,0,0,0.76744186,0.23255814,0,0,0.823529412,0,0,0.176470588,0,0,0.28,0,0.72,1,0,0.728813559,0.118644068,0.152542373,594
0.416666667,0.5,0.083333333,0,0,0.76744186,0.23255814,0,0,0.823529412,0,0,0.176470588,0,0,0.28,0,0.72,1,0,0.728813559,0.118644068,0.152542373,595
0.416666667,0.5,0.083333333,0,0,0.76744186,0.23255814,0,0,0.823529412,0,0,0.176470588,0,0,0.28,0,0.72,1,0,0.728813559,0.118644068,0.152542373,596
0.416666667,0.5,0.083333333,0,0,0.76744186,0.23255814,0,0,0.823529412,0,0,0.176470588,0,0,0.28,0,0.72,1,0,0.728813559,0.118644068,0.152542373,597
0.416666667,0.5,0.083333333,0,0,0.76744186,0.23255814,0,0,0.823529412,0,0,0.176470588,0,0,0.28,0,0.72,1,0,0.728813559,0.118644068,0.152542373,598
0.416666667,0.5,0.083333333,0,0,0.76744186,0.23255814,0,0,0.823529412,0,0,0.176470588,0,0,0.28,0,0.72,1,0,0.728813559,0.118644068,0.152542373,599
0.416666667,0.5,0.083333333,0,0,0.76744186,0.23255814,0,0,0.823529412,0,0,0.176470588,0,0,0.28,0,0.72,1,0,0.728813559,0.118644068,0.152542373,600
0.416666667,0.5,0.083333333,0,0,0.76744186,0.23255814,0,0,0.823529412,0,0,0.176470588,0,0,0.28,0,0.72,1,0,0.728813559,0.118644068,0.152542373,601
0.416666667,0.5,0.083333333,0,0,0.76744186,0.23255814,0,0,0.823529412,0,0,0.176470588,0,0,0.28,0,0.72,1,0,0.728813559,0.118644068,0.152542373,602
0.416666667,0.5,0.083333333,0,0,0.76744186,0.23255814,0,0,0.823529412,0,0,0.176470588,0,0,0.28,0,0.72,1,0,0.728813559,0.118644068,0.152542373,603
0.416666667,0.5,0.083333333,0,0,0.76744186,0.23255814,0,0,0.823529412,0,0,0.176470588,0,0,0.28,0,0.72,1,0,0.728813559,0.118644068,0.152542373,604
0.416666667,0.5,0.083333333,0,0,0.76744186,0.23255814,0,0,0.823529412,0,0,0.176470588,0,0,0.28,0,0.72,1,0,0.728813559,0.118644068,0.152542373,605
0.416666667,0.5,0.083333333,0,0,0.76744186,0.23255814,0,0,0.823529412,0,0,0.176470588,0,0,0.28,0,0.72,1,0,0.728813559,0.118644068,0.152542373,606
0.416666667,0.5,0.083333333,0,0,0.76744186,0.23255814,0,0,0.823529412,0,0,0.176470588,0,0,0.28,0,0.72,1,0,0.728813559,0.118644068,0.152542373,607
0.416666667,0.5,0.083333333,0,0,0.76744186,0.23255814,0,0,0.823529412,0,0,0.176470588,0,0,0.28,0,0.72,1,0,0.728813559,0.118644068,0.152542373,608
0.416666667,0.5,0.083333333,0,0,0.76744186,0.23255814,0,0,0.823529412,0,0,0.176470588,0,0,0.28,0,0.72,1,0,0.728813559,0.118644068,0.152542373,609
0.416666667,0.5,0.083333333,0,0,0.76744186,0.23255814,0,0,0.823529412,0,0,0.176470588,0,0,0.28,0,0.72,1,0,0.728813559,0.118644068,0.152542373,610
0.416666667,0.5,0.083333333,0,0,0.76744186,0.23255814,0,0,0.823529412,0,0,0.176470588,0,0,0.28,0,0.72,1,0,0.728813559,0.118644068,0.152542373,611
0.416666667,0.5,0.083333333,0,0,0.76744186,0.23255814,0,0,0.823529412,0,0,0.176470588,0,0,0.28,0,0.72,1,0,0.728813559,0.118644068,0.152542373,612
0.416666667,0.5,0.083333333,0,0,0.76744186,0.23255814,0,0,0.823529412,0,0,0.176470588,0,0,0.28,0,0.72,1,0,0.728813559,0.118644068,0.152542373,613
0.416666667,0.5,0.083333333,0,0,0.76744186,0.23255814,0,0,0.823529412,0,0,0.176470588,0,0,0.28,0,0.72,1,0,0.728813559,0.118644068,0.152542373,614
0.416666667,0.5,0.083333333,0,0,0.76744186,0.23255814,0,0,1,0,0,0,0,0.056603774,0.264150943,0,0.679245283,1,0,0.728813559,0.118644068,0.152542373,615
0.416666667,0.5,0.083333333,0,0,0.76744186,0.23255814,0,0,1,0,0,0,0,0.056603774,0.264150943,0,0.679245283,1,0,0.728813559,0.118644068,0.152542373,616
0.416666667,0.5,0.083333333,0,0,0.76744186,0.23255814,0,0,1,0,0,0,0,0.056603774,0.264150943,0,0.679245283,1,0,0.728813559,0.118644068,0.152542373,617
0.416666667,0.5,0.083333333,0,0,0.76744186,0.23255814,0,0,0.823529412,0,0,0.176470588,0,0,0.28,0,0.72,1,0,0.728813559,0.118644068,0.152542373,618
0.703703704,0.259259259,0.037037037,0,0,0.761904762,0.238095238,0,0,0,0,0,0,0,0,0,0.152542373,0.847457627,1,0.264705882,0.617647059,0.117647059,0,619
0.730769231,0.230769231,0.038461538,0,0,0.76744186,0.23255814,0,0,0,0,0,0,0,0,0,0.152542373,0.847457627,1,0.253731343,0.641791045,0.104477612,0,620
0.730769231,0.230769231,0.038461538,0,0,0.76744186,0.23255814,0,0,0,0,0,0,0,0,0,0.152542373,0.847457627,1,0.253731343,0.641791045,0.104477612,0,621
0.416666667,0.5,0.083333333,0,0,0.76744186,0.23255814,0,0,1,0,0,0,0,0.056603774,0.264150943,0,0.679245283,1,0,0.728813559,0.118644068,0.152542373,622
0.461538462,0.461538462,0.076923077,0,0,0.76744186,0.23255814,0,0,1,0,0,0,0,0.074074074,0.240740741,0,0.685185185,1,0,0.728813559,0.118644068,0.152542373,623
0.416666667,0.5,0.083333333,0,0,0.76744186,0.23255814,0,0,0.823529412,0,0,0.176470588,0,0,0.28,0,0.72,1,0,0.728813559,0.118644068,0.152542373,624
0.416666667,0.5,0.083333333,0,0,0.76744186,0.23255814,0,0,0.823529412,0,0,0.176470588,0,0,0.28,0,0.72,1,0,0.728813559,0.118644068,0.152542373,625
0.416666667,0.5,0.083333333,0,0,0.76744186,0.23255814,0,0,0.823529412,0,0,0.176470588,0,0,0.28,0,0.72,1,0,0.728813559,0.118644068,0.152542373,626
0.416666667,0.5,0.083333333,0,0,0.76744186,0.23255814,0,0,0.823529412,0,0,0.176470588,0,0,0.28,0,0.72,1,0,0.728813559,0.118644068,0.152542373,627
0.730769231,0.230769231,0.038461538,0,0,0.76744186,0.23255814,0,0,0,0,0,0,0,0,0,0.152542373,0.847457627,1,0.253731343,0.641791045,0.104477612,0,628
0.416666667,0.5,0.083333333,0,0,0.76744186,0.23255814,0,0,0.823529412,0,0,0.176470588,0,0,0.28,0,0.72,1,0,0.728813559,0.118644068,0.152542373,629
0.416666667,0.5,0.083333333,0,0,0.76744186,0.23255814,0,0,0.823529412,0,0,0.176470588,0,0,0.28,0,0.72,1,0,0.728813559,0.118644068,0.152542373,630
0.416666667,0.5,0.083333333,0,0,0.76744186,0.23255814,0,0,0.823529412,0,0,0.176470588,0,0,0.28,0,0.72,1,0,0.728813559,0.118644068,0.152542373,631
0.416666667,0.5,0.083333333,0,0,0.76744186,0.23255814,0,0,0.823529412,0,0,0.176470588,0,0,0.28,0,0.72,1,0,0.728813559,0.118644068,0.152542373,632
0.416666667,0.5,0.083333333,0,0,0.76744186,0.23255814,0,0,0.823529412,0,0,0.176470588,0,0,0.28,0,0.72,1,0,0.728813559,0.118644068,0.152542373,633
0.416666667,0.5,0.083333333,0,0,0.76744186,0.23255814,0,0,0.823529412,0,0,0.176470588,0,0,0.28,0,0.72,1,0,0.728813559,0.118644068,0.152542373,634
0.416666667,0.5,0.083333333,0,0,0.76744186,0.23255814,0,0,0.823529412,0,0,0.176470588,0,0,0.28,0,0.72,1,0,0.728813559,0.118644068,0.152542373,635
0.416666667,0.5,0.083333333,0,0,0.76744186,0.23255814,0,0,0.823529412,0,0,0.176470588,0,0,0.28,0,0.72,1,0,0.728813559,0.118644068,0.152542373,636
0.416666667,0.5,0.083333333,0,0,0.76744186,0.23255814,0,0,0.823529412,0,0,0.176470588,0,0,0.28,0,0.72,1,0,0.728813559,0.118644068,0.152542373,637
0.416666667,0.5,0.083333333,0,0,0.76744186,0.23255814,0,0,0.823529412,0,0,0.176470588,0,0,0.28,0,0.72,1,0,0.728813559,0.118644068,0.152542373,638
0.416666667,0.5,0.083333333,0,0,0.76744186,0.23255814,0,0,0.823529412,0,0,0.176470588,0,0,0.28,0,0.72,1,0,0.728813559,0.118644068,0.152542373,639
0.416666667,0.5,0.083333333,0,0,0.76744186,0.23255814,0,0,0.823529412,0,0,0.176470588,0,0,0.28,0,0.72,1,0,0.728813559,0.118644068,0.152542373,640
0.416666667,0.5,0.083333333,0,0,0.76744186,0.23255814,0,0,0.823529412,0,0,0.176470588,0,0,0.28,0,0.72,1,0,0.728813559,0.118644068,0.152542373,641
0.416666667,0.5,0.083333333,0,0,0.76744186,0.23255814,0,0,0.823529412,0,0,0.176470588,0,0,0.28,0,0.72,1,0,0.728813559,0.118644068,0.152542373,642
0.416666667,0.5,0.083333333,0,0,0.76744186,0.23255814,0,0,0.823529412,0,0,0.176470588,0,0,0.28,0,0.72,1,0,0.728813559,0.118644068,0.152542373,643
0.416666667,0.5,0.083333333,0,0,0.76744186,0.23255814,0,0,0.823529412,0,0,0.176470588,0,0,0.28,0,0.72,1,0,0.728813559,0.118644068,0.152542373,644
0.416666667,0.5,0.083333333,0,0,0.76744186,0.23255814,0,0,0.823529412,0,0,0.176470588,0,0,0.28,0,0.72,1,0,0.728813559,0.118644068,0.152542373,645
0.5,0.428571429,0.071428571,0,0,0.76744186,0.23255814,0,0,1,0,0,0,0,0.078125,0.1875,0.140625,0.59375,1,0,0.86,0.14,0,646
0.416666667,0.5,0.083333333,0,0,0.76744186,0.23255814,0,0,0.823529412,0,0,0.176470588,0,0,0.28,0,0.72,1,0,0.728813559,0.118644068,0.152542373,647
0.416666667,0.5,0.083333333,0,0,0.76744186,0.23255814,0,0,0.823529412,0,0,0.176470588,0,0,0.28,0,0.72,1,0,0.728813559,0.118644068,0.152542373,648
0.703703704,0.259259259,0.037037037,0,0,0.761904762,0.238095238,0,0,0,0,0,0,0,0,0,0.152542373,0.847457627,1,0.264705882,0.617647059,0.117647059,0,649
0.678571429,0.285714286,0.035714286,0,0,0.756097561,0.243902439,0,0,0,0,0,0,0,0,0,0.152542373,0.847457627,1,0.275362319,0.594202899,0.130434783,0,650
0.730769231,0.230769231,0.038461538,0,0,0.76744186,0.23255814,0,0,0,0,0,0,0,0,0,0.152542373,0.847457627,1,0.253731343,0.641791045,0.104477612,0,651
0.730769231,0.230769231,0.038461538,0,0,0.76744186,0.23255814,0,0,0,0,0,0,0,0,0,0.152542373,0.847457627,1,0.253731343,0.641791045,0.104477612,0,652
0.730769231,0.230769231,0.038461538,0,0,0.76744186,0.23255814,0,0,0,0,0,0,0,0,0,0.152542373,0.847457627,1,0.253731343,0.641791045,0.104477612,0,653
0.703703704,0.259259259,0.037037037,0,0,0.761904762,0.238095238,0,0,0,0,0,0,0,0,0,0.152542373,0.847457627,1,0.264705882,0.617647059,0.117647059,0,654
0.416666667,0.5,0.083333333,0,0,0.76744186,0.23255814,0,0,0.823529412,0,0,0.176470588,0,0,0.28,0,0.72,1,0,0.728813559,0.118644068,0.152542373,655
0.416666667,0.5,0.083333333,0,0,0.76744186,0.23255814,0,0,0.823529412,0,0,0.176470588,0,0,0.28,0,0.72,1,0,0.728813559,0.118644068,0.152542373,656
0.416666667,0.5,0.083333333,0,0,0.76744186,0.23255814,0,0,0.823529412,0,0,0.176470588,0,0,0.28,0,0.72,1,0,0.728813559,0.118644068,0.152542373,657
0.416666667,0.5,0.083333333,0,0,0.76744186,0.23255814,0,0,0.823529412,0,0,0.176470588,0,0,0.28,0,0.72,1,0,0.728813559,0.118644068,0.152542373,658
0.416666667,0.5,0.083333333,0,0,0.76744186,0.23255814,0,0,0.823529412,0,0,0.176470588,0,0,0.28,0,0.72,1,0,0.728813559,0.118644068,0.152542373,659
0.703703704,0.259259259,0.037037037,0,0,0.761904762,0.238095238,0,0,0,0,0,0,0,0,0,0.152542373,0.847457627,1,0.264705882,0.617647059,0.117647059,0,660
0.703703704,0.259259259,0.037037037,0,0,0.761904762,0.238095238,0,0,0,0,0,0,0,0,0,0.152542373,0.847457627,1,0.264705882,0.617647059,0.117647059,0,661
0.703703704,0.259259259,0.037037037,0,0,0.761904762,0.238095238,0,0,0,0,0,0,0,0,0,0.152542373,0.847457627,1,0.264705882,0.617647059,0.117647059,0,662
0.730769231,0.230769231,0.038461538,0,0,0.76744186,0.23255814,0,0,0,0,0,0,0,0,0,0.152542373,0.847457627,1,0.253731343,0.641791045,0.104477612,0,663
0.703703704,0.259259259,0.037037037,0,0,0.761904762,0.238095238,0,0,0,0,0,0,0,0,0,0.152542373,0.847457627,1,0.264705882,0.617647059,0.117647059,0,664
0.703703704,0.259259259,0.037037037,0,0,0.761904762,0.238095238,0,0,0,0,0,0,0,0,0,0.152542373,0.847457627,1,0.264705882,0.617647059,0.117647059,0,665
0.730769231,0.230769231,0.038461538,0,0,0.76744186,0.23255814,0,0,0,0,0,0,0,0,0,0.152542373,0.847457627,1,0.253731343,0.641791045,0.104477612,0,666
0.416666667,0.5,0.083333333,0,0,0.76744186,0.23255814,0,0,0.823529412,0,0,0.176470588,0,0,0.237288136,0.152542373,0.610169492,1,0,0.86,0.14,0,667
0.730769231,0.230769231,0.038461538,0,0,0.76744186,0.23255814,0,0,0,0,0,0,0,0,0,0.152542373,0.847457627,1,0.253731343,0.641791045,0.104477612,0,668
0.703703704,0.259259259,0.037037037,0,0,0.761904762,0.238095238,0,0,0,0,0,0,0,0,0,0.152542373,0.847457627,1,0.264705882,0.617647059,0.117647059,0,669
0.730769231,0.230769231,0.038461538,0,0,0.76744186,0.23255814,0,0,0,0,0,0,0,0,0,0.152542373,0.847457627,1,0.253731343,0.641791045,0.104477612,0,670
0.730769231,0.230769231,0.038461538,0,0,0.76744186,0.23255814,0,0,0,0,0,0,0,0,0,0.152542373,0.847457627,1,0.253731343,0.641791045,0.104477612,0,671
0.730769231,0.230769231,0.038461538,0,0,0.76744186,0.23255814,0,0,0,0,0,0,0,0,0,0.152542373,0.847457627,1,0.253731343,0.641791045,0.104477612,0,672
0.730769231,0.230769231,0.038461538,0,0,0.76744186,0.23255814,0,0,0,0,0,0,0,0,0,0.152542373,0.847457627,1,0.253731343,0.641791045,0.104477612,0,673
0.730769231,0.230769231,0.038461538,0,0,0.76744186,0.23255814,0,0,0,0,0,0,0,0,0,0.152542373,0.847457627,1,0.253731343,0.641791045,0.104477612,0,674
0.416666667,0.5,0.083333333,0,0,0.76744186,0.23255814,0,0,0.823529412,0,0,0.176470588,0,0,0.28,0,0.72,1,0,0.728813559,0.118644068,0.152542373,675
0.416666667,0.5,0.083333333,0,0,0.76744186,0.23255814,0,0,0.823529412,0,0,0.176470588,0,0,0.28,0,0.72,1,0,0.728813559,0.118644068,0.152542373,676
0.416666667,0.5,0.083333333,0,0,0.76744186,0.23255814,0,0,0.823529412,0,0,0.176470588,0,0,0.28,0,0.72,1,0,0.728813559,0.118644068,0.152542373,677
0.416666667,0.5,0.083333333,0,0,0.76744186,0.23255814,0,0,0.823529412,0,0,0.176470588,0,0,0.28,0,0.72,1,0,0.728813559,0.118644068,0.152542373,678
0.730769231,0.230769231,0.038461538,0,0,0.76744186,0.23255814,0,0,0,0,0,0,0,0,0,0.152542373,0.847457627,1,0.253731343,0.641791045,0.104477612,0,679
0.730769231,0.230769231,0.038461538,0,0,0.76744186,0.23255814,0,0,0,0,0,0,0,0,0,0.152542373,0.847457627,1,0.253731343,0.641791045,0.104477612,0,680
0.416666667,0.5,0.083333333,0,0,0.76744186,0.23255814,0,0,0.823529412,0,0,0.176470588,0,0,0.237288136,0.152542373,0.610169492,1,0,0.86,0.14,0,681
0.416666667,0.5,0.083333333,0,0,0.76744186,0.23255814,0,0,0.823529412,0,0,0.176470588,0,0,0.28,0,0.72,1,0,0.728813559,0.118644068,0.152542373,682
0.416666667,0.5,0.083333333,0,0,0.76744186,0.23255814,0,0,0.823529412,0,0,0.176470588,0,0,0.28,0,0.72,1,0,0.728813559,0.118644068,0.152542373,683
0.416666667,0.5,0.083333333,0,0,0.76744186,0.23255814,0,0,0.823529412,0,0,0.176470588,0,0,0.28,0,0.72,1,0,0.728813559,0.118644068,0.152542373,684
0.416666667,0.5,0.083333333,0,0,0.76744186,0.23255814,0,0,0.823529412,0,0,0.176470588,0,0,0.28,0,0.72,1,0,0.728813559,0.118644068,0.152542373,685
0.416666667,0.5,0.083333333,0,0,0.76744186,0.23255814,0,0,0.823529412,0,0,0.176470588,0,0,0.28,0,0.72,1,0,0.728813559,0.118644068,0.152542373,686
0.416666667,0.5,0.083333333,0,0,0.76744186,0.23255814,0,0,0.823529412,0,0,0.176470588,0,0,0.28,0,0.72,1,0,0.728813559,0.118644068,0.152542373,687
0.416666667,0.5,0.083333333,0,0,0.76744186,0.23255814,0,0,0.823529412,0,0,0.176470588,0,0,0.28,0,0.72,1,0,0.728813559,0.118644068,0.152542373,688
0.416666667,0.5,0.083333333,0,0,0.76744186,0.23255814,0,0,0.823529412,0,0,0.176470588,0,0,0.28,0,0.72,1,0,0.728813559,0.118644068,0.152542373,689
0.730769231,0.230769231,0.038461538,0,0,0.76744186,0.23255814,0,0,0,0,0,0,0,0,0,0.152542373,0.847457627,1,0.253731343,0.641791045,0.104477612,0,690
0.730769231,0.230769231,0.038461538,0,0,0.76744186,0.23255814,0,0,0,0,0,0,0,0,0,0.152542373,0.847457627,1,0.253731343,0.641791045,0.104477612,0,691
0.416666667,0.5,0.083333333,0,0,0.76744186,0.23255814,0,0,0.823529412,0,0,0.176470588,0,0,0.28,0,0.72,1,0,0.728813559,0.118644068,0.152542373,692
0.416666667,0.5,0.083333333,0,0,0.76744186,0.23255814,0,0,0.823529412,0,0,0.176470588,0,0,0.237288136,0.152542373,0.610169492,1,0,0.86,0.14,0,693
0.416666667,0.5,0.083333333,0,0,0.76744186,0.23255814,0,0,0.823529412,0,0,0.176470588,0,0,0.237288136,0.152542373,0.610169492,1,0,0.86,0.14,0,694
0.416666667,0.5,0.083333333,0,0,0.76744186,0.23255814,0,0,0.823529412,0,0,0.176470588,0,0,0.237288136,0.152542373,0.610169492,1,0,0.86,0.14,0,695
0.416666667,0.5,0.083333333,0,0,0.76744186,0.23255814,0,0,0.823529412,0,0,0.176470588,0,0,0.28,0,0.72,1,0,0.728813559,0.118644068,0.152542373,696
0.416666667,0.5,0.083333333,0,0,0.76744186,0.23255814,0,0,0.823529412,0,0,0.176470588,0,0,0.28,0,0.72,1,0,0.728813559,0.118644068,0.152542373,697
0.416666667,0.5,0.083333333,0,0,0.76744186,0.23255814,0,0,0.823529412,0,0,0.176470588,0,0,0.237288136,0.152542373,0.610169492,1,0,0.86,0.14,0,698
0.416666667,0.5,0.083333333,0,0,0.76744186,0.23255814,0,0,0.823529412,0,0,0.176470588,0,0,0.237288136,0.152542373,0.610169492,1,0,0.86,0.14,0,699
0.416666667,0.5,0.083333333,0,0,0.76744186,0.23255814,0,0,0.823529412,0,0,0.176470588,0,0,0.237288136,0.152542373,0.610169492,1,0,0.86,0.14,0,700
0.416666667,0.5,0.083333333,0,0,0.76744186,0.23255814,0,0,0.823529412,0,0,0.176470588,0,0,0.237288136,0.152542373,0.610169492,1,0,0.86,0.14,0,701
0.416666667,0.5,0.083333333,0,0,0.76744186,0.23255814,0,0,0.823529412,0,0,0.176470588,0,0,0.28,0,0.72,1,0,0.728813559,0.118644068,0.152542373,702
0.416666667,0.5,0.083333333,0,0,0.76744186,0.23255814,0,0,0.823529412,0,0,0.176470588,0,0,0.28,0,0.72,1,0,0.728813559,0.118644068,0.152542373,703
0.416666667,0.5,0.083333333,0,0,0.76744186,0.23255814,0,0,0.823529412,0,0,0.176470588,0,0,0.28,0,0.72,1,0,0.728813559,0.118644068,0.152542373,704
0.416666667,0.5,0.083333333,0,0,0.76744186,0.23255814,0,0,0.823529412,0,0,0.176470588,0,0,0.28,0,0.72,1,0,0.728813559,0.118644068,0.152542373,705
0.416666667,0.5,0.083333333,0,0,0.76744186,0.23255814,0,0,0.823529412,0,0,0.176470588,0,0,0.28,0,0.72,1,0,0.728813559,0.118644068,0.152542373,706
0.416666667,0.5,0.083333333,0,0,0.76744186,0.23255814,0,0,0.823529412,0,0,0.176470588,0,0,0.237288136,0.152542373,0.610169492,1,0,0.86,0.14,0,707
0.5,0.428571429,0.071428571,0,0,0.76744186,0.23255814,0,0,1,0,0,0,0,0.078125,0.1875,0.140625,0.59375,1,0,0.86,0.14,0,708
0.416666667,0.5,0.083333333,0,0,0.76744186,0.23255814,0,0,0.823529412,0,0,0.176470588,0,0,0.28,0,0.72,1,0,0.728813559,0.118644068,0.152542373,709
0.416666667,0.5,0.083333333,0,0,0.76744186,0.23255814,0,0,0.823529412,0,0,0.176470588,0,0,0.28,0,0.72,1,0,0.728813559,0.118644068,0.152542373,710
0.416666667,0.5,0.083333333,0,0,0.76744186,0.23255814,0,0,0.823529412,0,0,0.176470588,0,0,0.237288136,0.152542373,0.610169492,1,0,0.86,0.14,0,711
0.416666667,0.5,0.083333333,0,0,0.76744186,0.23255814,0,0,0.823529412,0,0,0.176470588,0,0,0.28,0,0.72,1,0,0.728813559,0.118644068,0.152542373,712
0.416666667,0.5,0.083333333,0,0,0.76744186,0.23255814,0,0,0.823529412,0,0,0.176470588,0,0,0.28,0,0.72,1,0,0.728813559,0.118644068,0.152542373,713
0.416666667,0.5,0.083333333,0,0,0.76744186,0.23255814,0,0,0.823529412,0,0,0.176470588,0,0,0.28,0,0.72,1,0,0.728813559,0.118644068,0.152542373,714
0.416666667,0.5,0.083333333,0,0,0.76744186,0.23255814,0,0,0.823529412,0,0,0.176470588,0,0,0.237288136,0.152542373,0.610169492,1,0,0.86,0.14,0,715
0.416666667,0.5,0.083333333,0,0,0.76744186,0.23255814,0,0,0.823529412,0,0,0.176470588,0,0,0.237288136,0.152542373,0.610169492,1,0,0.86,0.14,0,716
0.416666667,0.5,0.083333333,0,0,0.76744186,0.23255814,0,0,0.823529412,0,0,0.176470588,0,0,0.28,0,0.72,1,0,0.728813559,0.118644068,0.152542373,717
0.416666667,0.5,0.083333333,0,0,0.76744186,0.23255814,0,0,0.823529412,0,0,0.176470588,0,0,0.28,0,0.72,1,0,0.728813559,0.118644068,0.152542373,718
0.678571429,0.285714286,0.035714286,0,0,0.756097561,0.243902439,0,0,0,0,0,0,0,0,0,0.152542373,0.847457627,1,0.275362319,0.594202899,0.130434783,0,719
0.730769231,0.230769231,0.038461538,0,0,0.76744186,0.23255814,0,0,0,0,0,0,0,0,0,0.152542373,0.847457627,1,0.253731343,0.641791045,0.104477612,0,720
0.416666667,0.5,0.083333333,0,0,0.76744186,0.23255814,0,0,0.823529412,0,0,0.176470588,0,0,0.28,0,0.72,1,0,0.728813559,0.118644068,0.152542373,721
0.416666667,0.5,0.083333333,0,0,0.76744186,0.23255814,0,0,0.823529412,0,0,0.176470588,0,0,0.28,0,0.72,1,0,0.728813559,0.118644068,0.152542373,722
0.416666667,0.5,0.083333333,0,0,0.76744186,0.23255814,0,0,0.823529412,0,0,0.176470588,0,0,0.28,0,0.72,1,0,0.728813559,0.118644068,0.152542373,723
0.416666667,0.5,0.083333333,0,0,0.76744186,0.23255814,0,0,0.823529412,0,0,0.176470588,0,0,0.237288136,0.152542373,0.610169492,1,0,0.86,0.14,0,724
0.416666667,0.5,0.083333333,0,0,0.76744186,0.23255814,0,0,0.823529412,0,0,0.176470588,0,0,0.237288136,0.152542373,0.610169492,1,0,0.86,0.14,0,725
0.416666667,0.5,0.083333333,0,0,0.76744186,0.23255814,0,0,0.823529412,0,0,0.176470588,0,0,0.28,0,0.72,1,0,0.728813559,0.118644068,0.152542373,726
0.416666667,0.5,0.083333333,0,0,0.76744186,0.23255814,0,0,0.823529412,0,0,0.176470588,0,0,0.28,0,0.72,1,0,0.728813559,0.118644068,0.152542373,727
0.416666667,0.5,0.083333333,0,0,0.76744186,0.23255814,0,0,0.823529412,0,0,0.176470588,0,0,0.28,0,0.72,1,0,0.728813559,0.118644068,0.152542373,728
0.416666667,0.5,0.083333333,0,0,0.76744186,0.23255814,0,0,0.823529412,0,0,0.176470588,0,0,0.28,0,0.72,1,0,0.728813559,0.118644068,0.152542373,729
0.416666667,0.5,0.083333333,0,0,0.76744186,0.23255814,0,0,0.823529412,0,0,0.176470588,0,0,0.28,0,0.72,1,0,0.728813559,0.118644068,0.152542373,730
0.416666667,0.5,0.083333333,0,0,0.76744186,0.23255814,0,0,0.823529412,0,0,0.176470588,0,0,0.28,0,0.72,1,0,0.728813559,0.118644068,0.152542373,731
0.678571429,0.285714286,0.035714286,0,0,0.756097561,0.243902439,0,0,0,0,0,0,0,0,0,0.152542373,0.847457627,1,0.275362319,0.594202899,0.130434783,0,732
0.730769231,0.230769231,0.038461538,0,0,0.76744186,0.23255814,0,0,0,0,0,0,0,0,0,0.152542373,0.847457627,1,0.253731343,0.641791045,0.104477612,0,733
0.416666667,0.5,0.083333333,0,0,0.76744186,0.23255814,0,0,0.823529412,0,0,0.176470588,0,0,0.28,0,0.72,1,0,0.728813559,0.118644068,0.152542373,734
0.416666667,0.5,0.083333333,0,0,0.76744186,0.23255814,0,0,0.823529412,0,0,0.176470588,0,0,0.28,0,0.72,1,0,0.728813559,0.118644068,0.152542373,735
0.416666667,0.5,0.083333333,0,0,0.76744186,0.23255814,0,0,0.823529412,0,0,0.176470588,0,0,0.28,0,0.72,1,0,0.728813559,0.118644068,0.152542373,736
0.416666667,0.5,0.083333333,0,0,0.76744186,0.23255814,0,0,0.823529412,0,0,0.176470588,0,0,0.28,0,0.72,1,0,0.728813559,0.118644068,0.152542373,737
0.416666667,0.5,0.083333333,0,0,0.76744186,0.23255814,0,0,0.823529412,0,0,0.176470588,0,0,0.28,0,0.72,1,0,0.728813559,0.118644068,0.152542373,738
0.416666667,0.5,0.083333333,0,0,0.76744186,0.23255814,0,0,0.823529412,0,0,0.176470588,0,0,0.28,0,0.72,1,0,0.728813559,0.118644068,0.152542373,739
0.416666667,0.5,0.083333333,0,0,0.76744186,0.23255814,0,0,0.823529412,0,0,0.176470588,0,0,0.28,0,0.72,1,0,0.728813559,0.118644068,0.152542373,740
0.703703704,0.259259259,0.037037037,0,0,0.761904762,0.238095238,0,0,0,0,0,0,0,0,0,0.152542373,0.847457627,1,0.264705882,0.617647059,0.117647059,0,741
0.730769231,0.230769231,0.038461538,0,0,0.76744186,0.23255814,0,0,0,0,0,0,0,0,0,0.152542373,0.847457627,1,0.253731343,0.641791045,0.104477612,0,742
0.730769231,0.230769231,0.038461538,0,0,0.76744186,0.23255814,0,0,0,0,0,0,0,0,0,0.152542373,0.847457627,1,0.253731343,0.641791045,0.104477612,0,743
0.703703704,0.259259259,0.037037037,0,0,0.761904762,0.238095238,0,0,0,0,0,0,0,0,0,0.152542373,0.847457627,1,0.264705882,0.617647059,0.117647059,0,744
0.730769231,0.230769231,0.038461538,0,0,0.76744186,0.23255814,0,0,0,0,0,0,0,0,0,0.152542373,0.847457627,1,0.253731343,0.641791045,0.104477612,0,745
0.730769231,0.230769231,0.038461538,0,0,0.76744186,0.23255814,0,0,0,0,0,0,0,0,0,0.152542373,0.847457627,1,0.253731343,0.641791045,0.104477612,0,746
0.730769231,0.230769231,0.038461538,0,0,0.76744186,0.23255814,0,0,0,0,0,0,0,0,0,0.152542373,0.847457627,1,0.253731343,0.641791045,0.104477612,0,747
0.416666667,0.5,0.083333333,0,0,0.76744186,0.23255814,0,0,0.823529412,0,0,0.176470588,0,0,0.237288136,0.152542373,0.610169492,1,0,0.86,0.14,0,748
0.416666667,0.5,0.083333333,0,0,0.76744186,0.23255814,0,0,0.823529412,0,0,0.176470588,0,0,0.28,0,0.72,1,0,0.728813559,0.118644068,0.152542373,749
0.416666667,0.5,0.083333333,0,0,0.76744186,0.23255814,0,0,0.823529412,0,0,0.176470588,0,0,0.237288136,0.152542373,0.610169492,1,0,0.86,0.14,0,750
0.416666667,0.5,0.083333333,0,0,0.76744186,0.23255814,0,0,0.823529412,0,0,0.176470588,0,0,0.237288136,0.152542373,0.610169492,1,0,0.86,0.14,0,751
0.416666667,0.5,0.083333333,0,0,0.76744186,0.23255814,0,0,0.823529412,0,0,0.176470588,0,0,0.28,0,0.72,1,0,0.728813559,0.118644068,0.152542373,752
0.416666667,0.5,0.083333333,0,0,0.76744186,0.23255814,0,0,0.823529412,0,0,0.176470588,0,0,0.237288136,0.152542373,0.610169492,1,0,0.86,0.14,0,753
0.416666667,0.5,0.083333333,0,0,0.76744186,0.23255814,0,0,0.823529412,0,0,0.176470588,0,0,0.237288136,0.152542373,0.610169492,1,0,0.86,0.14,0,754
0.416666667,0.5,0.083333333,0,0,0.76744186,0.23255814,0,0,0.823529412,0,0,0.176470588,0,0,0.237288136,0.152542373,0.610169492,1,0,0.86,0.14,0,755
0.416666667,0.5,0.083333333,0,0,0.76744186,0.23255814,0,0,0.823529412,0,0,0.176470588,0,0,0.237288136,0.152542373,0.610169492,1,0,0.86,0.14,0,756
0.416666667,0.5,0.083333333,0,0,0.76744186,0.23255814,0,0,0.823529412,0,0,0.176470588,0,0,0.237288136,0.152542373,0.610169492,1,0,0.86,0.14,0,757
0.730769231,0.230769231,0.038461538,0,0,0.76744186,0.23255814,0,0,0,0,0,0,0,0,0,0.152542373,0.847457627,1,0.253731343,0.641791045,0.104477612,0,758
0.703703704,0.222222222,0.074074074,0,0,0.785714286,0.214285714,0,0,0,0,0,0,0,0,0,0.152542373,0.847457627,1,0.264705882,0.617647059,0.117647059,0,759
0.416666667,0.5,0.083333333,0,0,0.76744186,0.23255814,0,0,0.823529412,0,0,0.176470588,0,0,0.28,0,0.72,1,0,0.728813559,0.118644068,0.152542373,760
0.416666667,0.5,0.083333333,0,0,0.76744186,0.23255814,0,0,0.823529412,0,0,0.176470588,0,0,0.28,0,0.72,1,0,0.728813559,0.118644068,0.152542373,761
0.416666667,0.5,0.083333333,0,0,0.76744186,0.23255814,0,0,0.823529412,0,0,0.176470588,0,0,0.28,0,0.72,1,0,0.728813559,0.118644068,0.152542373,762
0.416666667,0.5,0.083333333,0,0,0.76744186,0.23255814,0,0,0.823529412,0,0,0.176470588,0,0,0.28,0,0.72,1,0,0.728813559,0.118644068,0.152542373,763
0.416666667,0.5,0.083333333,0,0,0.76744186,0.23255814,0,0,0.823529412,0,0,0.176470588,0,0,0.237288136,0.152542373,0.610169492,1,0,0.86,0.14,0,764
0.416666667,0.5,0.083333333,0,0,0.76744186,0.23255814,0,0,0.823529412,0,0,0.176470588,0,0,0.237288136,0.152542373,0.610169492,1,0,0.86,0.14,0,765
0.416666667,0.5,0.083333333,0,0,0.76744186,0.23255814,0,0,0.823529412,0,0,0.176470588,0,0,0.28,0,0.72,1,0,0.728813559,0.118644068,0.152542373,766
0.416666667,0.5,0.083333333,0,0,0.76744186,0.23255814,0,0,0.823529412,0,0,0.176470588,0,0,0.28,0,0.72,1,0,0.728813559,0.118644068,0.152542373,767
0.416666667,0.5,0.083333333,0,0,0.76744186,0.23255814,0,0,0.823529412,0,0,0.176470588,0,0,0.28,0,0.72,1,0,0.728813559,0.118644068,0.152542373,768
0.416666667,0.5,0.083333333,0,0,0.76744186,0.23255814,0,0,0.823529412,0,0,0.176470588,0,0,0.237288136,0.152542373,0.610169492,1,0,0.86,0.14,0,769
0.416666667,0.5,0.083333333,0,0,0.76744186,0.23255814,0,0,0.823529412,0,0,0.176470588,0,0,0.237288136,0.152542373,0.610169492,1,0,0.86,0.14,0,770
0.416666667,0.5,0.083333333,0,0,0.76744186,0.23255814,0,0,0.823529412,0,0,0.176470588,0,0,0.28,0,0.72,1,0,0.728813559,0.118644068,0.152542373,771
0.416666667,0.5,0.083333333,0,0,0.76744186,0.23255814,0,0,0.823529412,0,0,0.176470588,0,0,0.28,0,0.72,1,0,0.728813559,0.118644068,0.152542373,772
0.416666667,0.5,0.083333333,0,0,0.76744186,0.23255814,0,0,0.823529412,0,0,0.176470588,0,0,0.28,0,0.72,1,0,0.728813559,0.118644068,0.152542373,773
0.416666667,0.5,0.083333333,0,0,0.76744186,0.23255814,0,0,0.823529412,0,0,0.176470588,0,0,0.28,0,0.72,1,0,0.728813559,0.118644068,0.152542373,774
0.416666667,0.5,0.083333333,0,0,0.76744186,0.23255814,0,0,0.823529412,0,0,0.176470588,0,0,0.28,0,0.72,1,0,0.728813559,0.118644068,0.152542373,775
0.730769231,0.230769231,0.038461538,0,0,0.76744186,0.23255814,0,0,0,0,0,0,0,0,0,0.152542373,0.847457627,1,0.253731343,0.641791045,0.104477612,0,776
0.678571429,0.285714286,0.035714286,0,0,0.756097561,0.243902439,0,0,0,0,0,0,0,0,0,0.152542373,0.847457627,1,0.275362319,0.594202899,0.130434783,0,777
0.703703704,0.259259259,0.037037037,0,0,0.761904762,0.238095238,0,0,0,0,0,0,0,0,0,0.152542373,0.847457627,1,0.264705882,0.617647059,0.117647059,0,778
0.416666667,0.5,0.083333333,0,0,0.76744186,0.23255814,0,0,0.823529412,0,0,0.176470588,0,0,0.28,0,0.72,1,0,0.728813559,0.118644068,0.152542373,779
0.416666667,0.5,0.083333333,0,0,0.76744186,0.23255814,0,0,0.823529412,0,0,0.176470588,0,0,0.28,0,0.72,1,0,0.728813559,0.118644068,0.152542373,780
0.416666667,0.5,0.083333333,0,0,0.76744186,0.23255814,0,0,0.823529412,0,0,0.176470588,0,0,0.28,0,0.72,1,0,0.728813559,0.118644068,0.152542373,781
0.416666667,0.5,0.083333333,0,0,0.76744186,0.23255814,0,0,0.823529412,0,0,0.176470588,0,0,0.237288136,0.152542373,0.610169492,1,0,0.86,0.14,0,782
0.416666667,0.5,0.083333333,0,0,0.76744186,0.23255814,0,0,0.823529412,0,0,0.176470588,0,0,0.237288136,0.152542373,0.610169492,1,0,0.86,0.14,0,783
0.730769231,0.230769231,0.038461538,0,0,0.76744186,0.23255814,0,0,0,0,0,0,0,0,0,0.152542373,0.847457627,1,0.253731343,0.641791045,0.104477612,0,784
0.730769231,0.230769231,0.038461538,0,0,0.76744186,0.23255814,0,0,0,0,0,0,0,0,0,0.152542373,0.847457627,1,0.253731343,0.641791045,0.104477612,0,785
0.730769231,0.230769231,0.038461538,0,0,0.76744186,0.23255814,0,0,0,0,0,0,0,0,0,0.152542373,0.847457627,1,0.253731343,0.641791045,0.104477612,0,786
0.416666667,0.5,0.083333333,0,0,0.76744186,0.23255814,0,0,0.823529412,0,0,0.176470588,0,0,0.28,0,0.72,1,0,0.728813559,0.118644068,0.152542373,787
0.416666667,0.5,0.083333333,0,0,0.76744186,0.23255814,0,0,0.823529412,0,0,0.176470588,0,0,0.28,0,0.72,1,0,0.728813559,0.118644068,0.152542373,788
0.416666667,0.5,0.083333333,0,0,0.76744186,0.23255814,0,0,0.823529412,0,0,0.176470588,0,0,0.28,0,0.72,1,0,0.728813559,0.118644068,0.152542373,789
0.416666667,0.5,0.083333333,0,0,0.76744186,0.23255814,0,0,0.823529412,0,0,0.176470588,0,0,0.28,0,0.72,1,0,0.728813559,0.118644068,0.152542373,790
0.416666667,0.5,0.083333333,0,0,0.76744186,0.23255814,0,0,0.823529412,0,0,0.176470588,0,0,0.28,0,0.72,1,0,0.728813559,0.118644068,0.152542373,791
0.416666667,0.5,0.083333333,0,0,0.76744186,0.23255814,0,0,0.823529412,0,0,0.176470588,0,0,0.28,0,0.72,1,0,0.728813559,0.118644068,0.152542373,792
0.416666667,0.5,0.083333333,0,0,0.76744186,0.23255814,0,0,0.823529412,0,0,0.176470588,0,0,0.28,0,0.72,1,0,0.728813559,0.118644068,0.152542373,793
0.416666667,0.5,0.083333333,0,0,0.76744186,0.23255814,0,0,0.823529412,0,0,0.176470588,0,0,0.28,0,0.72,1,0,0.728813559,0.118644068,0.152542373,794
0.416666667,0.5,0.083333333,0,0,0.76744186,0.23255814,0,0,0.823529412,0,0,0.176470588,0,0,0.28,0,0.72,1,0,0.728813559,0.118644068,0.152542373,795
0.416666667,0.5,0.083333333,0,0,0.76744186,0.23255814,0,0,0.823529412,0,0,0.176470588,0,0,0.28,0,0.72,1,0,0.728813559,0.118644068,0.152542373,796
0.416666667,0.5,0.083333333,0,0,0.76744186,0.23255814,0,0,0.823529412,0,0,0.176470588,0,0,0.28,0,0.72,1,0,0.728813559,0.118644068,0.152542373,797
0.416666667,0.5,0.083333333,0,0,0.76744186,0.23255814,0,0,0.823529412,0,0,0.176470588,0,0,0.28,0,0.72,1,0,0.728813559,0.118644068,0.152542373,798
0.416666667,0.5,0.083333333,0,0,0.76744186,0.23255814,0,0,0.823529412,0,0,0.176470588,0,0,0.28,0,0.72,1,0,0.728813559,0.118644068,0.152542373,799
0.703703704,0.259259259,0.037037037,0,0,0.761904762,0.238095238,0,0,0,0,0,0,0,0,0,0.152542373,0.847457627,1,0.264705882,0.617647059,0.117647059,0,800
0.416666667,0.5,0.083333333,0,0,0.76744186,0.23255814,0,0,0.823529412,0,0,0.176470588,0,0,0.237288136,0.152542373,0.610169492,1,0,0.86,0.14,0,801
0.416666667,0.5,0.083333333,0,0,0.76744186,0.23255814,0,0,0.823529412,0,0,0.176470588,0,0,0.237288136,0.152542373,0.610169492,1,0,0.86,0.14,0,802
0.416666667,0.5,0.083333333,0,0,0.76744186,0.23255814,0,0,0.823529412,0,0,0.176470588,0,0,0.28,0,0.72,1,0,0.728813559,0.118644068,0.152542373,803
0.416666667,0.5,0.083333333,0,0,0.76744186,0.23255814,0,0,0.823529412,0,0,0.176470588,0,0,0.28,0,0.72,1,0,0.728813559,0.118644068,0.152542373,804
0.416666667,0.5,0.083333333,0,0,0.76744186,0.23255814,0,0,0.823529412,0,0,0.176470588,0,0,0.28,0,0.72,1,0,0.728813559,0.118644068,0.152542373,805
0.416666667,0.5,0.083333333,0,0,0.76744186,0.23255814,0,0,0.823529412,0,0,0.176470588,0,0,0.28,0,0.72,1,0,0.728813559,0.118644068,0.152542373,806
0.416666667,0.5,0.083333333,0,0,0.76744186,0.23255814,0,0,0.823529412,0,0,0.176470588,0,0,0.28,0,0.72,1,0,0.728813559,0.118644068,0.152542373,807
0.416666667,0.5,0.083333333,0,0,0.76744186,0.23255814,0,0,0.823529412,0,0,0.176470588,0,0,0.28,0,0.72,1,0,0.728813559,0.118644068,0.152542373,808
0.416666667,0.5,0.083333333,0,0,0.76744186,0.23255814,0,0,0.823529412,0,0,0.176470588,0,0,0.28,0,0.72,1,0,0.728813559,0.118644068,0.152542373,809
0.416666667,0.5,0.083333333,0,0,0.76744186,0.23255814,0,0,0.823529412,0,0,0.176470588,0,0,0.28,0,0.72,1,0,0.728813559,0.118644068,0.152542373,810
0.416666667,0.5,0.083333333,0,0,0.76744186,0.23255814,0,0,0.823529412,0,0,0.176470588,0,0,0.28,0,0.72,1,0,0.728813559,0.118644068,0.152542373,811
0.416666667,0.5,0.083333333,0,0,0.76744186,0.23255814,0,0,0.823529412,0,0,0.176470588,0,0,0.28,0,0.72,1,0,0.728813559,0.118644068,0.152542373,812
0.416666667,0.5,0.083333333,0,0,0.76744186,0.23255814,0,0,0.823529412,0,0,0.176470588,0,0,0.28,0,0.72,1,0,0.728813559,0.118644068,0.152542373,813
0.416666667,0.5,0.083333333,0,0,0.76744186,0.23255814,0,0,0.823529412,0,0,0.176470588,0,0,0.28,0,0.72,1,0,0.728813559,0.118644068,0.152542373,814
0.703703704,0.259259259,0.037037037,0,0,0.761904762,0.238095238,0,0,0,0,0,0,0,0,0,0.152542373,0.847457627,1,0.264705882,0.617647059,0.117647059,0,815
0.416666667,0.5,0.083333333,0,0,0.76744186,0.23255814,0,0,0.823529412,0,0,0.176470588,0,0,0.237288136,0.152542373,0.610169492,1,0,0.86,0.14,0,816
0.416666667,0.5,0.083333333,0,0,0.76744186,0.23255814,0,0,0.823529412,0,0,0.176470588,0,0,0.237288136,0.152542373,0.610169492,1,0,0.86,0.14,0,817
0.416666667,0.5,0.083333333,0,0,0.76744186,0.23255814,0,0,0.823529412,0,0,0.176470588,0,0,0.237288136,0.152542373,0.610169492,1,0,0.86,0.14,0,818
0.416666667,0.5,0.083333333,0,0,0.76744186,0.23255814,0,0,0.823529412,0,0,0.176470588,0,0,0.237288136,0.152542373,0.610169492,1,0,0.86,0.14,0,819
0.416666667,0.5,0.083333333,0,0,0.76744186,0.23255814,0,0,0.823529412,0,0,0.176470588,0,0,0.237288136,0.152542373,0.610169492,1,0,0.86,0.14,0,820
0.416666667,0.5,0.083333333,0,0,0.76744186,0.23255814,0,0,0.823529412,0,0,0.176470588,0,0,0.237288136,0.152542373,0.610169492,1,0,0.86,0.14,0,821
0.416666667,0.5,0.083333333,0,0,0.76744186,0.23255814,0,0,0.823529412,0,0,0.176470588,0,0,0.237288136,0.152542373,0.610169492,1,0,0.86,0.14,0,822
0.416666667,0.5,0.083333333,0,0,0.76744186,0.23255814,0,0,0.823529412,0,0,0.176470588,0,0,0.237288136,0.152542373,0.610169492,1,0,0.86,0.14,0,823
0.416666667,0.5,0.083333333,0,0,0.76744186,0.23255814,0,0,0.823529412,0,0,0.176470588,0,0,0.237288136,0.152542373,0.610169492,1,0,0.86,0.14,0,824
0.730769231,0.230769231,0.038461538,0,0,0.76744186,0.23255814,0,0,0,0,0,0,0,0,0,0.152542373,0.847457627,1,0.253731343,0.641791045,0.104477612,0,825
0.730769231,0.230769231,0.038461538,0,0,0.76744186,0.23255814,0,0,0,0,0,0,0,0,0,0.152542373,0.847457627,1,0.253731343,0.641791045,0.104477612,0,826
0.416666667,0.5,0.083333333,0,0,0.76744186,0.23255814,0,0,0.823529412,0,0,0.176470588,0,0,0.28,0,0.72,1,0,0.728813559,0.118644068,0.152542373,827
0.416666667,0.5,0.083333333,0,0,0.76744186,0.23255814,0,0,0.823529412,0,0,0.176470588,0,0,0.28,0,0.72,1,0,0.728813559,0.118644068,0.152542373,828
0.416666667,0.5,0.083333333,0,0,0.76744186,0.23255814,0,0,0.823529412,0,0,0.176470588,0,0,0.237288136,0.152542373,0.610169492,1,0,0.86,0.14,0,829
0.416666667,0.5,0.083333333,0,0,0.76744186,0.23255814,0,0,0.823529412,0,0,0.176470588,0,0,0.237288136,0.152542373,0.610169492,1,0,0.86,0.14,0,830
0.416666667,0.5,0.083333333,0,0,0.76744186,0.23255814,0,0,0.823529412,0,0,0.176470588,0,0,0.28,0,0.72,1,0,0.728813559,0.118644068,0.152542373,831
0.416666667,0.5,0.083333333,0,0,0.76744186,0.23255814,0,0,0.823529412,0,0,0.176470588,0,0,0.28,0,0.72,1,0,0.728813559,0.118644068,0.152542373,832
0.416666667,0.5,0.083333333,0,0,0.76744186,0.23255814,0,0,0.823529412,0,0,0.176470588,0,0,0.237288136,0.152542373,0.610169492,1,0,0.86,0.14,0,833
0.416666667,0.5,0.083333333,0,0,0.76744186,0.23255814,0,0,0.823529412,0,0,0.176470588,0,0,0.28,0,0.72,1,0,0.728813559,0.118644068,0.152542373,834
0.416666667,0.5,0.083333333,0,0,0.76744186,0.23255814,0,0,0.823529412,0,0,0.176470588,0,0,0.28,0,0.72,1,0,0.728813559,0.118644068,0.152542373,835
0.416666667,0.5,0.083333333,0,0,0.76744186,0.23255814,0,0,0.823529412,0,0,0.176470588,0,0,0.28,0,0.72,1,0,0.728813559,0.118644068,0.152542373,836
0.416666667,0.5,0.083333333,0,0,0.76744186,0.23255814,0,0,0.823529412,0,0,0.176470588,0,0,0.28,0,0.72,1,0,0.728813559,0.118644068,0.152542373,837
0.416666667,0.5,0.083333333,0,0,0.76744186,0.23255814,0,0,0.823529412,0,0,0.176470588,0,0,0.28,0,0.72,1,0,0.728813559,0.118644068,0.152542373,838
0.416666667,0.5,0.083333333,0,0,0.76744186,0.23255814,0,0,0.823529412,0,0,0.176470588,0,0,0.28,0,0.72,1,0,0.728813559,0.118644068,0.152542373,839
0.416666667,0.5,0.083333333,0,0,0.76744186,0.23255814,0,0,0.823529412,0,0,0.176470588,0,0,0.28,0,0.72,1,0,0.728813559,0.118644068,0.152542373,840
0.416666667,0.5,0.083333333,0,0,0.76744186,0.23255814,0,0,0.823529412,0,0,0.176470588,0,0,0.237288136,0.152542373,0.610169492,1,0,0.86,0.14,0,841
0.416666667,0.5,0.083333333,0,0,0.76744186,0.23255814,0,0,0.823529412,0,0,0.176470588,0,0,0.237288136,0.152542373,0.610169492,1,0,0.86,0.14,0,842
0.416666667,0.5,0.083333333,0,0,0.76744186,0.23255814,0,0,0.823529412,0,0,0.176470588,0,0,0.28,0,0.72,1,0,0.728813559,0.118644068,0.152542373,843
0.416666667,0.5,0.083333333,0,0,0.76744186,0.23255814,0,0,0.823529412,0,0,0.176470588,0,0,0.237288136,0.152542373,0.610169492,1,0,0.86,0.14,0,844
0.416666667,0.5,0.083333333,0,0,0.76744186,0.23255814,0,0,0.823529412,0,0,0.176470588,0,0,0.237288136,0.152542373,0.610169492,1,0,0.86,0.14,0,845
0.416666667,0.5,0.083333333,0,0,0.76744186,0.23255814,0,0,0.823529412,0,0,0.176470588,0,0,0.237288136,0.152542373,0.610169492,1,0,0.86,0.14,0,846
0.416666667,0.5,0.083333333,0,0,0.76744186,0.23255814,0,0,0.823529412,0,0,0.176470588,0,0,0.28,0,0.72,1,0,0.728813559,0.118644068,0.152542373,847
0.416666667,0.5,0.083333333,0,0,0.76744186,0.23255814,0,0,0.823529412,0,0,0.176470588,0,0,0.237288136,0.152542373,0.610169492,1,0,0.86,0.14,0,848
0.416666667,0.5,0.083333333,0,0,0.76744186,0.23255814,0,0,0.823529412,0,0,0.176470588,0,0,0.237288136,0.152542373,0.610169492,1,0,0.86,0.14,0,849
0.416666667,0.5,0.083333333,0,0,0.76744186,0.23255814,0,0,0.823529412,0,0,0.176470588,0,0,0.28,0,0.72,1,0,0.728813559,0.118644068,0.152542373,850
0.416666667,0.5,0.083333333,0,0,0.76744186,0.23255814,0,0,0.823529412,0,0,0.176470588,0,0,0.28,0,0.72,1,0,0.728813559,0.118644068,0.152542373,851
0.416666667,0.5,0.083333333,0,0,0.76744186,0.23255814,0,0,0.823529412,0,0,0.176470588,0,0,0.28,0,0.72,1,0,0.728813559,0.118644068,0.152542373,852
0.416666667,0.5,0.083333333,0,0,0.76744186,0.23255814,0,0,0.823529412,0,0,0.176470588,0,0,0.237288136,0.152542373,0.610169492,1,0,0.86,0.14,0,853
0.416666667,0.5,0.083333333,0,0,0.76744186,0.23255814,0,0,0.823529412,0,0,0.176470588,0,0,0.237288136,0.152542373,0.610169492,1,0,0.86,0.14,0,854
0.416666667,0.5,0.083333333,0,0,0.76744186,0.23255814,0,0,0.823529412,0,0,0.176470588,0,0,0.28,0,0.72,1,0,0.728813559,0.118644068,0.152542373,855
0.416666667,0.5,0.083333333,0,0,0.76744186,0.23255814,0,0,0.823529412,0,0,0.176470588,0,0,0.28,0,0.72,1,0,0.728813559,0.118644068,0.152542373,856
0.416666667,0.5,0.083333333,0,0,0.76744186,0.23255814,0,0,0.823529412,0,0,0.176470588,0,0,0.28,0,0.72,1,0,0.728813559,0.118644068,0.152542373,857
0.416666667,0.5,0.083333333,0,0,0.76744186,0.23255814,0,0,0.823529412,0,0,0.176470588,0,0,0.237288136,0.152542373,0.610169492,1,0,0.86,0.14,0,858
0.416666667,0.5,0.083333333,0,0,0.76744186,0.23255814,0,0,0.823529412,0,0,0.176470588,0,0,0.237288136,0.152542373,0.610169492,1,0,0.86,0.14,0,859
0.416666667,0.5,0.083333333,0,0,0.76744186,0.23255814,0,0,0.823529412,0,0,0.176470588,0,0,0.237288136,0.152542373,0.610169492,1,0,0.86,0.14,0,860
0.416666667,0.5,0.083333333,0,0,0.76744186,0.23255814,0,0,0.823529412,0,0,0.176470588,0,0,0.237288136,0.152542373,0.610169492,1,0,0.86,0.14,0,861
0.416666667,0.5,0.083333333,0,0,0.76744186,0.23255814,0,0,0.823529412,0,0,0.176470588,0,0,0.237288136,0.152542373,0.610169492,1,0,0.86,0.14,0,862
0.416666667,0.5,0.083333333,0,0,0.76744186,0.23255814,0,0,0.823529412,0,0,0.176470588,0,0,0.237288136,0.152542373,0.610169492,1,0,0.86,0.14,0,863
0.416666667,0.5,0.083333333,0,0,0.76744186,0.23255814,0,0,0.823529412,0,0,0.176470588,0,0,0.237288136,0.152542373,0.610169492,1,0,0.86,0.14,0,864
0.416666667,0.5,0.083333333,0,0,0.76744186,0.23255814,0,0,0.823529412,0,0,0.176470588,0,0,0.237288136,0.152542373,0.610169492,1,0,0.86,0.14,0,865
0.416666667,0.5,0.083333333,0,0,0.76744186,0.23255814,0,0,0.823529412,0,0,0.176470588,0,0,0.237288136,0.152542373,0.610169492,1,0,0.86,0.14,0,866
0.416666667,0.5,0.083333333,0,0,0.76744186,0.23255814,0,0,0.823529412,0,0,0.176470588,0,0,0.237288136,0.152542373,0.610169492,1,0,0.86,0.14,0,867
0.416666667,0.5,0.083333333,0,0,0.76744186,0.23255814,0,0,1,0,0,0,0,0.048387097,0.225806452,0.14516129,0.580645161,1,0,0.86,0.14,0,868
0.384615385,0.538461538,0.076923077,0,0,0.761904762,0.238095238,0,0,1,0,0,0,0,0.063492063,0.222222222,0.142857143,0.571428571,1,0,0.84,0.16,0,869
0.428571429,0.5,0.071428571,0,0,0.761904762,0.238095238,0,0,1,0,0,0,0,0.078125,0.203125,0.140625,0.578125,1,0,0.84,0.16,0,870
0.533333333,0.4,0.066666667,0,0,0.76744186,0.23255814,0,0,1,0,0,0,0,0.092307692,0.169230769,0.138461538,0.6,1,0,0.86,0.14,0,871
0.461538462,0.461538462,0.076923077,0,0,0.76744186,0.23255814,0,0,1,0,0,0,0,0.063492063,0.206349206,0.142857143,0.587301587,1,0,0.86,0.14,0,872
0.357142857,0.571428571,0.071428571,0,0,0.756097561,0.243902439,0,0,1,0,0,0,0,0.078125,0.21875,0.140625,0.5625,1,0,0.82,0.18,0,873
0.416666667,0.5,0.083333333,0,0,0.76744186,0.23255814,0,0,0.823529412,0,0,0.176470588,0,0,0.28,0,0.72,1,0,0.728813559,0.118644068,0.152542373,874
0.416666667,0.5,0.083333333,0,0,0.76744186,0.23255814,0,0,0.823529412,0,0,0.176470588,0,0,0.28,0,0.72,1,0,0.728813559,0.118644068,0.152542373,875
0.416666667,0.5,0.083333333,0,0,0.76744186,0.23255814,0,0,0.823529412,0,0,0.176470588,0,0,0.28,0,0.72,1,0,0.728813559,0.118644068,0.152542373,876
0.416666667,0.5,0.083333333,0,0,0.76744186,0.23255814,0,0,0.823529412,0,0,0.176470588,0,0,0.28,0,0.72,1,0,0.728813559,0.118644068,0.152542373,877
0.416666667,0.5,0.083333333,0,0,0.76744186,0.23255814,0,0,0.823529412,0,0,0.176470588,0,0,0.28,0,0.72,1,0,0.728813559,0.118644068,0.152542373,878
0.416666667,0.5,0.083333333,0,0,0.76744186,0.23255814,0,0,0.823529412,0,0,0.176470588,0,0,0.237288136,0.152542373,0.610169492,1,0,0.86,0.14,0,879
0.416666667,0.5,0.083333333,0,0,0.76744186,0.23255814,0,0,0.823529412,0,0,0.176470588,0,0,0.237288136,0.152542373,0.610169492,1,0,0.86,0.14,0,880
0.416666667,0.5,0.083333333,0,0,0.76744186,0.23255814,0,0,0.823529412,0,0,0.176470588,0,0,0.28,0,0.72,1,0,0.728813559,0.118644068,0.152542373,881
0.416666667,0.5,0.083333333,0,0,0.76744186,0.23255814,0,0,0.823529412,0,0,0.176470588,0,0,0.237288136,0.152542373,0.610169492,1,0,0.86,0.14,0,882
0.416666667,0.5,0.083333333,0,0,0.76744186,0.23255814,0,0,0.823529412,0,0,0.176470588,0,0,0.237288136,0.152542373,0.610169492,1,0,0.86,0.14,0,883
0.416666667,0.5,0.083333333,0,0,0.76744186,0.23255814,0,0,0.823529412,0,0,0.176470588,0,0,0.237288136,0.152542373,0.610169492,1,0,0.86,0.14,0,884
0.416666667,0.5,0.083333333,0,0,0.76744186,0.23255814,0,0,0.823529412,0,0,0.176470588,0,0,0.237288136,0.152542373,0.610169492,1,0,0.86,0.14,0,885
0.416666667,0.5,0.083333333,0,0,0.76744186,0.23255814,0,0,0.823529412,0,0,0.176470588,0,0,0.237288136,0.152542373,0.610169492,1,0,0.86,0.14,0,886
0.416666667,0.5,0.083333333,0,0,0.76744186,0.23255814,0,0,0.823529412,0,0,0.176470588,0,0,0.28,0,0.72,1,0,0.728813559,0.118644068,0.152542373,887
0.416666667,0.5,0.083333333,0,0,0.76744186,0.23255814,0,0,0.823529412,0,0,0.176470588,0,0,0.237288136,0.152542373,0.610169492,1,0,0.86,0.14,0,888
0.416666667,0.5,0.083333333,0,0,0.76744186,0.23255814,0,0,0.823529412,0,0,0.176470588,0,0,0.237288136,0.152542373,0.610169492,1,0,0.86,0.14,0,889
0.416666667,0.5,0.083333333,0,0,0.76744186,0.23255814,0,0,0.823529412,0,0,0.176470588,0,0,0.237288136,0.152542373,0.610169492,1,0,0.86,0.14,0,890
0.416666667,0.5,0.083333333,0,0,0.76744186,0.23255814,0,0,0.823529412,0,0,0.176470588,0,0,0.237288136,0.152542373,0.610169492,1,0,0.86,0.14,0,891
0.416666667,0.5,0.083333333,0,0,0.76744186,0.23255814,0,0,0.823529412,0,0,0.176470588,0,0,0.237288136,0.152542373,0.610169492,1,0,0.86,0.14,0,892
0.416666667,0.5,0.083333333,0,0,0.76744186,0.23255814,0,0,0.823529412,0,0,0.176470588,0,0,0.237288136,0.152542373,0.610169492,1,0,0.86,0.14,0,893
0.416666667,0.5,0.083333333,0,0,0.76744186,0.23255814,0,0,0.823529412,0,0,0.176470588,0,0,0.28,0,0.72,1,0,0.728813559,0.118644068,0.152542373,894
0.416666667,0.5,0.083333333,0,0,0.76744186,0.23255814,0,0,0.823529412,0,0,0.176470588,0,0,0.28,0,0.72,1,0,0.728813559,0.118644068,0.152542373,895
0.416666667,0.5,0.083333333,0,0,0.76744186,0.23255814,0,0,0.823529412,0,0,0.176470588,0,0,0.28,0,0.72,1,0,0.728813559,0.118644068,0.152542373,896
0.416666667,0.5,0.083333333,0,0,0.76744186,0.23255814,0,0,0.823529412,0,0,0.176470588,0,0,0.28,0,0.72,1,0,0.728813559,0.118644068,0.152542373,897
0.730769231,0.230769231,0.038461538,0,0,0.76744186,0.23255814,0,0,0,0,0,0,0,0,0,0.152542373,0.847457627,1,0.253731343,0.641791045,0.104477612,0,898
0.678571429,0.285714286,0.035714286,0,0,0.756097561,0.243902439,0,0,0,0,0,0,0,0,0,0.152542373,0.847457627,1,0.275362319,0.594202899,0.130434783,0,899
0.730769231,0.230769231,0.038461538,0,0,0.76744186,0.23255814,0,0,0,0,0,0,0,0,0,0.152542373,0.847457627,1,0.253731343,0.641791045,0.104477612,0,900
0.703703704,0.259259259,0.037037037,0,0,0.761904762,0.238095238,0,0,0,0,0,0,0,0,0,0.152542373,0.847457627,1,0.264705882,0.617647059,0.117647059,0,901
0.703703704,0.259259259,0.037037037,0,0,0.761904762,0.238095238,0,0,0,0,0,0,0,0,0,0.152542373,0.847457627,1,0.264705882,0.617647059,0.117647059,0,902
0.730769231,0.230769231,0.038461538,0,0,0.76744186,0.23255814,0,0,0,0,0,0,0,0,0,0.152542373,0.847457627,1,0.253731343,0.641791045,0.104477612,0,903
0.730769231,0.230769231,0.038461538,0,0,0.76744186,0.23255814,0,0,0,0,0,0,0,0,0,0.152542373,0.847457627,1,0.253731343,0.641791045,0.104477612,0,904
0.416666667,0.5,0.083333333,0,0,0.76744186,0.23255814,0,0,0.823529412,0,0,0.176470588,0,0,0.237288136,0.152542373,0.610169492,1,0,0.86,0.14,0,905
0.416666667,0.5,0.083333333,0,0,0.76744186,0.23255814,0,0,0.823529412,0,0,0.176470588,0,0,0.237288136,0.152542373,0.610169492,1,0,0.86,0.14,0,906
0.416666667,0.5,0.083333333,0,0,0.76744186,0.23255814,0,0,0.823529412,0,0,0.176470588,0,0,0.237288136,0.152542373,0.610169492,1,0,0.86,0.14,0,907
0.416666667,0.5,0.083333333,0,0,0.76744186,0.23255814,0,0,0.823529412,0,0,0.176470588,0,0,0.237288136,0.152542373,0.610169492,1,0,0.86,0.14,0,908
0.416666667,0.5,0.083333333,0,0,0.76744186,0.23255814,0,0,0.823529412,0,0,0.176470588,0,0,0.237288136,0.152542373,0.610169492,1,0,0.86,0.14,0,909
0.416666667,0.5,0.083333333,0,0,0.76744186,0.23255814,0,0,0.823529412,0,0,0.176470588,0,0,0.237288136,0.152542373,0.610169492,1,0,0.86,0.14,0,910
0.416666667,0.5,0.083333333,0,0,0.76744186,0.23255814,0,0,0.823529412,0,0,0.176470588,0,0,0.237288136,0.152542373,0.610169492,1,0,0.86,0.14,0,911
0.416666667,0.5,0.083333333,0,0,0.76744186,0.23255814,0,0,0.823529412,0,0,0.176470588,0,0,0.237288136,0.152542373,0.610169492,1,0,0.86,0.14,0,912
0.416666667,0.5,0.083333333,0,0,0.76744186,0.23255814,0,0,0.823529412,0,0,0.176470588,0,0,0.237288136,0.152542373,0.610169492,1,0,0.86,0.14,0,913
0.416666667,0.5,0.083333333,0,0,0.76744186,0.23255814,0,0,0.823529412,0,0,0.176470588,0,0,0.237288136,0.152542373,0.610169492,1,0,0.86,0.14,0,914
0.416666667,0.5,0.083333333,0,0,0.76744186,0.23255814,0,0,0.823529412,0,0,0.176470588,0,0,0.237288136,0.152542373,0.610169492,1,0,0.86,0.14,0,915
0.416666667,0.5,0.083333333,0,0,0.76744186,0.23255814,0,0,0.823529412,0,0,0.176470588,0,0,0.28,0,0.72,1,0,0.728813559,0.118644068,0.152542373,916
0.416666667,0.5,0.083333333,0,0,0.76744186,0.23255814,0,0,0.823529412,0,0,0.176470588,0,0,0.237288136,0.152542373,0.610169492,1,0,0.86,0.14,0,917
0.416666667,0.5,0.083333333,0,0,0.76744186,0.23255814,0,0,0.823529412,0,0,0.176470588,0,0,0.237288136,0.152542373,0.610169492,1,0,0.86,0.14,0,918
0.416666667,0.5,0.083333333,0,0,0.76744186,0.23255814,0,0,0.823529412,0,0,0.176470588,0,0,0.237288136,0.152542373,0.610169492,1,0,0.86,0.14,0,919
0.416666667,0.5,0.083333333,0,0,0.76744186,0.23255814,0,0,0.823529412,0,0,0.176470588,0,0,0.237288136,0.152542373,0.610169492,1,0,0.86,0.14,0,920
0.416666667,0.5,0.083333333,0,0,0.76744186,0.23255814,0,0,0.823529412,0,0,0.176470588,0,0,0.237288136,0.152542373,0.610169492,1,0,0.86,0.14,0,921
0.416666667,0.5,0.083333333,0,0,0.76744186,0.23255814,0,0,0.823529412,0,0,0.176470588,0,0,0.237288136,0.152542373,0.610169492,1,0,0.86,0.14,0,922
0.416666667,0.5,0.083333333,0,0,0.76744186,0.23255814,0,0,0.823529412,0,0,0.176470588,0,0,0.237288136,0.152542373,0.610169492,1,0,0.86,0.14,0,923
0.416666667,0.5,0.083333333,0,0,0.76744186,0.23255814,0,0,0.823529412,0,0,0.176470588,0,0,0.237288136,0.152542373,0.610169492,1,0,0.86,0.14,0,924
0.416666667,0.5,0.083333333,0,0,0.76744186,0.23255814,0,0,1,0,0,0,0,0.056603774,0.264150943,0,0.679245283,1,0,0.728813559,0.118644068,0.152542373,925
0.730769231,0.230769231,0.038461538,0,0,0.76744186,0.23255814,0,0,0,0,0,0,0,0,0,0,1,1,0.223684211,0.565789474,0.092105263,0.118421053,926
0.416666667,0.5,0.083333333,0,0,0.76744186,0.23255814,0,0,0.823529412,0,0,0.176470588,0,0,0.237288136,0.152542373,0.610169492,1,0,0.86,0.14,0,927
0.416666667,0.5,0.083333333,0,0,0.76744186,0.23255814,0,0,0.823529412,0,0,0.176470588,0,0,0.28,0,0.72,1,0,0.728813559,0.118644068,0.152542373,928
0.416666667,0.5,0.083333333,0,0,0.76744186,0.23255814,0,0,0.823529412,0,0,0.176470588,0,0,0.237288136,0.152542373,0.610169492,1,0,0.86,0.14,0,929
0.416666667,0.5,0.083333333,0,0,0.76744186,0.23255814,0,0,0.823529412,0,0,0.176470588,0,0,0.237288136,0.152542373,0.610169492,1,0,0.86,0.14,0,930
0.416666667,0.5,0.083333333,0,0,0.76744186,0.23255814,0,0,0.823529412,0,0,0.176470588,0,0,0.237288136,0.152542373,0.610169492,1,0,0.86,0.14,0,931
0.416666667,0.5,0.083333333,0,0,0.76744186,0.23255814,0,0,0.823529412,0,0,0.176470588,0,0,0.237288136,0.152542373,0.610169492,1,0,0.86,0.14,0,932
0.416666667,0.5,0.083333333,0,0,0.76744186,0.23255814,0,0,0.823529412,0,0,0.176470588,0,0,0.237288136,0.152542373,0.610169492,1,0,0.86,0.14,0,933
0.416666667,0.5,0.083333333,0,0,0.76744186,0.23255814,0,0,0.823529412,0,0,0.176470588,0,0,0.237288136,0.152542373,0.610169492,1,0,0.86,0.14,0,934
0.416666667,0.5,0.083333333,0,0,0.76744186,0.23255814,0,0,0.823529412,0,0,0.176470588,0,0,0.28,0,0.72,1,0,0.728813559,0.118644068,0.152542373,935
0.416666667,0.5,0.083333333,0,0,0.76744186,0.23255814,0,0,0.823529412,0,0,0.176470588,0,0,0.28,0,0.72,1,0,0.728813559,0.118644068,0.152542373,936
0.416666667,0.5,0.083333333,0,0,0.76744186,0.23255814,0,0,0.823529412,0,0,0.176470588,0,0,0.28,0,0.72,1,0,0.728813559,0.118644068,0.152542373,937
0.416666667,0.5,0.083333333,0,0,0.76744186,0.23255814,0,0,0.823529412,0,0,0.176470588,0,0,0.28,0,0.72,1,0,0.728813559,0.118644068,0.152542373,938
0.678571429,0.285714286,0.035714286,0,0,0.756097561,0.243902439,0,0,0,0,0,0,0,0,0,0,1,1,0.243589744,0.525641026,0.115384615,0.115384615,939
0.416666667,0.5,0.083333333,0,0,0.76744186,0.23255814,0,0,0.823529412,0,0,0.176470588,0,0,0.237288136,0.152542373,0.610169492,1,0,0.86,0.14,0,940
0.416666667,0.5,0.083333333,0,0,0.76744186,0.23255814,0,0,0.823529412,0,0,0.176470588,0,0,0.237288136,0.152542373,0.610169492,1,0,0.86,0.14,0,941
0.416666667,0.5,0.083333333,0,0,0.76744186,0.23255814,0,0,0.823529412,0,0,0.176470588,0,0,0.28,0,0.72,1,0,0.728813559,0.118644068,0.152542373,942
0.416666667,0.5,0.083333333,0,0,0.76744186,0.23255814,0,0,0.823529412,0,0,0.176470588,0,0,0.28,0,0.72,1,0,0.728813559,0.118644068,0.152542373,943
0.416666667,0.5,0.083333333,0,0,0.76744186,0.23255814,0,0,0.823529412,0,0,0.176470588,0,0,0.28,0,0.72,1,0,0.728813559,0.118644068,0.152542373,944
0.416666667,0.5,0.083333333,0,0,0.76744186,0.23255814,0,0,0.823529412,0,0,0.176470588,0,0,0.28,0,0.72,1,0,0.728813559,0.118644068,0.152542373,945
0.416666667,0.5,0.083333333,0,0,0.76744186,0.23255814,0,0,0.823529412,0,0,0.176470588,0,0,0.28,0,0.72,1,0,0.728813559,0.118644068,0.152542373,946
0.416666667,0.5,0.083333333,0,0,0.76744186,0.23255814,0,0,0.823529412,0,0,0.176470588,0,0,0.237288136,0.152542373,0.610169492,1,0,0.86,0.14,0,947
0.416666667,0.5,0.083333333,0,0,0.76744186,0.23255814,0,0,0.823529412,0,0,0.176470588,0,0,0.237288136,0.152542373,0.610169492,1,0,0.86,0.14,0,948
0.416666667,0.5,0.083333333,0,0,0.76744186,0.23255814,0,0,0.823529412,0,0,0.176470588,0,0,0.237288136,0.152542373,0.610169492,1,0,0.86,0.14,0,949
0.416666667,0.5,0.083333333,0,0,0.76744186,0.23255814,0,0,0.823529412,0,0,0.176470588,0,0,0.237288136,0.152542373,0.610169492,1,0,0.86,0.14,0,950
0.416666667,0.5,0.083333333,0,0,0.76744186,0.23255814,0,0,0.823529412,0,0,0.176470588,0,0,0.237288136,0.152542373,0.610169492,1,0,0.86,0.14,0,951
0.416666667,0.5,0.083333333,0,0,0.76744186,0.23255814,0,0,0.823529412,0,0,0.176470588,0,0,0.28,0,0.72,1,0,0.728813559,0.118644068,0.152542373,952
0.416666667,0.5,0.083333333,0,0,0.76744186,0.23255814,0,0,0.823529412,0,0,0.176470588,0,0,0.28,0,0.72,1,0,0.728813559,0.118644068,0.152542373,953
0.416666667,0.5,0.083333333,0,0,0.76744186,0.23255814,0,0,0.823529412,0,0,0.176470588,0,0,0.28,0,0.72,1,0,0.728813559,0.118644068,0.152542373,954
0.416666667,0.5,0.083333333,0,0,0.76744186,0.23255814,0,0,0.823529412,0,0,0.176470588,0,0,0.28,0,0.72,1,0,0.728813559,0.118644068,0.152542373,955
0.416666667,0.5,0.083333333,0,0,0.76744186,0.23255814,0,0,0.823529412,0,0,0.176470588,0,0,0.28,0,0.72,1,0,0.728813559,0.118644068,0.152542373,956
0.416666667,0.5,0.083333333,0,0,0.76744186,0.23255814,0,0,0.823529412,0,0,0.176470588,0,0,0.28,0,0.72,1,0,0.728813559,0.118644068,0.152542373,957
0.416666667,0.5,0.083333333,0,0,0.76744186,0.23255814,0,0,0.823529412,0,0,0.176470588,0,0,0.237288136,0.152542373,0.610169492,1,0,0.86,0.14,0,958
0.416666667,0.5,0.083333333,0,0,0.76744186,0.23255814,0,0,0.823529412,0,0,0.176470588,0,0,0.237288136,0.152542373,0.610169492,1,0,0.86,0.14,0,959
0.416666667,0.5,0.083333333,0,0,0.76744186,0.23255814,0,0,0.823529412,0,0,0.176470588,0,0,0.237288136,0.152542373,0.610169492,1,0,0.86,0.14,0,960
0.416666667,0.5,0.083333333,0,0,0.76744186,0.23255814,0,0,0.823529412,0,0,0.176470588,0,0,0.237288136,0.152542373,0.610169492,1,0,0.86,0.14,0,961
0.416666667,0.5,0.083333333,0,0,0.76744186,0.23255814,0,0,0.823529412,0,0,0.176470588,0,0,0.237288136,0.152542373,0.610169492,1,0,0.86,0.14,0,962
0.416666667,0.5,0.083333333,0,0,0.76744186,0.23255814,0,0,0.823529412,0,0,0.176470588,0,0,0.237288136,0.152542373,0.610169492,1,0,0.86,0.14,0,963
0.416666667,0.5,0.083333333,0,0,0.76744186,0.23255814,0,0,0.823529412,0,0,0.176470588,0,0,0.237288136,0.152542373,0.610169492,1,0,0.86,0.14,0,964
0.416666667,0.5,0.083333333,0,0,0.76744186,0.23255814,0,0,0.823529412,0,0,0.176470588,0,0,0.28,0,0.72,1,0,0.728813559,0.118644068,0.152542373,965
0.416666667,0.5,0.083333333,0,0,0.76744186,0.23255814,0,0,0.823529412,0,0,0.176470588,0,0,0.28,0,0.72,1,0,0.728813559,0.118644068,0.152542373,966
0.416666667,0.5,0.083333333,0,0,0.76744186,0.23255814,0,0,0.823529412,0,0,0.176470588,0,0,0.28,0,0.72,1,0,0.728813559,0.118644068,0.152542373,967
0.416666667,0.5,0.083333333,0,0,0.76744186,0.23255814,0,0,0.823529412,0,0,0.176470588,0,0,0.237288136,0.152542373,0.610169492,1,0,0.86,0.14,0,968
0.416666667,0.5,0.083333333,0,0,0.76744186,0.23255814,0,0,0.823529412,0,0,0.176470588,0,0,0.28,0,0.72,1,0,0.728813559,0.118644068,0.152542373,969
0.416666667,0.5,0.083333333,0,0,0.76744186,0.23255814,0,0,0.823529412,0,0,0.176470588,0,0,0.28,0,0.72,1,0,0.728813559,0.118644068,0.152542373,970
0.416666667,0.5,0.083333333,0,0,0.76744186,0.23255814,0,0,0.823529412,0,0,0.176470588,0,0,0.237288136,0.152542373,0.610169492,1,0,0.86,0.14,0,971
0.416666667,0.5,0.083333333,0,0,0.76744186,0.23255814,0,0,0.823529412,0,0,0.176470588,0,0,0.237288136,0.152542373,0.610169492,1,0,0.86,0.14,0,972
0.416666667,0.5,0.083333333,0,0,0.76744186,0.23255814,0,0,0.823529412,0,0,0.176470588,0,0,0.28,0,0.72,1,0,0.728813559,0.118644068,0.152542373,973
0.416666667,0.5,0.083333333,0,0,0.76744186,0.23255814,0,0,0.823529412,0,0,0.176470588,0,0,0.237288136,0.152542373,0.610169492,1,0,0.86,0.14,0,974
0.416666667,0.5,0.083333333,0,0,0.76744186,0.23255814,0,0,0.823529412,0,0,0.176470588,0,0,0.237288136,0.152542373,0.610169492,1,0,0.86,0.14,0,975
0.416666667,0.5,0.083333333,0,0,0.76744186,0.23255814,0,0,0.823529412,0,0,0.176470588,0,0,0.237288136,0.152542373,0.610169492,1,0,0.86,0.14,0,976
0.416666667,0.5,0.083333333,0,0,0.76744186,0.23255814,0,0,0.823529412,0,0,0.176470588,0,0,0.237288136,0.152542373,0.610169492,1,0,0.86,0.14,0,977
0.416666667,0.5,0.083333333,0,0,0.76744186,0.23255814,0,0,0.823529412,0,0,0.176470588,0,0,0.237288136,0.152542373,0.610169492,1,0,0.86,0.14,0,978
0.416666667,0.5,0.083333333,0,0,0.76744186,0.23255814,0,0,0.823529412,0,0,0.176470588,0,0,0.237288136,0.152542373,0.610169492,1,0,0.86,0.14,0,979
0.416666667,0.5,0.083333333,0,0,0.76744186,0.23255814,0,0,0.823529412,0,0,0.176470588,0,0,0.237288136,0.152542373,0.610169492,1,0,0.86,0.14,0,980
0.416666667,0.5,0.083333333,0,0,0.76744186,0.23255814,0,0,0.823529412,0,0,0.176470588,0,0,0.237288136,0.152542373,0.610169492,1,0,0.86,0.14,0,981
0.416666667,0.5,0.083333333,0,0,0.76744186,0.23255814,0,0,0.823529412,0,0,0.176470588,0,0,0.28,0,0.72,1,0,0.728813559,0.118644068,0.152542373,982
0.416666667,0.5,0.083333333,0,0,0.76744186,0.23255814,0,0,0.823529412,0,0,0.176470588,0,0,0.28,0,0.72,1,0,0.728813559,0.118644068,0.152542373,983
0.416666667,0.5,0.083333333,0,0,0.76744186,0.23255814,0,0,0.823529412,0,0,0.176470588,0,0,0.28,0,0.72,1,0,0.728813559,0.118644068,0.152542373,984
0.416666667,0.5,0.083333333,0,0,0.76744186,0.23255814,0,0,0.823529412,0,0,0.176470588,0,0,0.237288136,0.152542373,0.610169492,1,0,0.86,0.14,0,985
0.416666667,0.5,0.083333333,0,0,0.76744186,0.23255814,0,0,0.823529412,0,0,0.176470588,0,0,0.237288136,0.152542373,0.610169492,1,0,0.86,0.14,0,986
0.416666667,0.5,0.083333333,0,0,0.76744186,0.23255814,0,0,0.823529412,0,0,0.176470588,0,0,0.237288136,0.152542373,0.610169492,1,0,0.86,0.14,0,987
0.416666667,0.5,0.083333333,0,0,0.76744186,0.23255814,0,0,0.823529412,0,0,0.176470588,0,0,0.237288136,0.152542373,0.610169492,1,0,0.86,0.14,0,988
0.416666667,0.5,0.083333333,0,0,0.76744186,0.23255814,0,0,0.823529412,0,0,0.176470588,0,0,0.28,0,0.72,1,0,0.728813559,0.118644068,0.152542373,989
0.416666667,0.5,0.083333333,0,0,0.76744186,0.23255814,0,0,0.823529412,0,0,0.176470588,0,0,0.237288136,0.152542373,0.610169492,1,0,0.86,0.14,0,990
0.416666667,0.5,0.083333333,0,0,0.76744186,0.23255814,0,0,0.823529412,0,0,0.176470588,0,0,0.237288136,0.152542373,0.610169492,1,0,0.86,0.14,0,991
0.416666667,0.5,0.083333333,0,0,0.76744186,0.23255814,0,0,0.823529412,0,0,0.176470588,0,0,0.237288136,0.152542373,0.610169492,1,0,0.86,0.14,0,992
0.416666667,0.5,0.083333333,0,0,0.76744186,0.23255814,0,0,0.823529412,0,0,0.176470588,0,0,0.28,0,0.72,1,0,0.728813559,0.118644068,0.152542373,993
0.416666667,0.5,0.083333333,0,0,0.76744186,0.23255814,0,0,0.823529412,0,0,0.176470588,0,0,0.28,0,0.72,1,0,0.728813559,0.118644068,0.152542373,994
0.416666667,0.5,0.083333333,0,0,0.76744186,0.23255814,0,0,0.823529412,0,0,0.176470588,0,0,0.237288136,0.152542373,0.610169492,1,0,0.86,0.14,0,995
0.416666667,0.5,0.083333333,0,0,0.76744186,0.23255814,0,0,0.823529412,0,0,0.176470588,0,0,0.237288136,0.152542373,0.610169492,1,0,0.86,0.14,0,996
0.416666667,0.5,0.083333333,0,0,0.76744186,0.23255814,0,0,0.823529412,0,0,0.176470588,0,0,0.237288136,0.152542373,0.610169492,1,0,0.86,0.14,0,997
0.416666667,0.5,0.083333333,0,0,0.76744186,0.23255814,0,0,0.823529412,0,0,0.176470588,0,0,0.237288136,0.152542373,0.610169492,1,0,0.86,0.14,0,998
0.416666667,0.5,0.083333333,0,0,0.76744186,0.23255814,0,0,0.823529412,0,0,0.176470588,0,0,0.237288136,0.152542373,0.610169492,1,0,0.86,0.14,0,999
0.416666667,0.5,0.083333333,0,0,0.76744186,0.23255814,0,0,0.823529412,0,0,0.176470588,0,0,0.237288136,0.152542373,0.610169492,1,0,0.86,0.14,0,1000
0.416666667,0.5,0.083333333,0,0,0.76744186,0.23255814,0,0,0.823529412,0,0,0.176470588,0,0,0.237288136,0.152542373,0.610169492,1,0,0.86,0.14,0,1001
0.416666667,0.5,0.083333333,0,0,0.76744186,0.23255814,0,0,0.823529412,0,0,0.176470588,0,0,0.28,0,0.72,1,0,0.728813559,0.118644068,0.152542373,1002
0.416666667,0.5,0.083333333,0,0,0.76744186,0.23255814,0,0,0.823529412,0,0,0.176470588,0,0,0.237288136,0.152542373,0.610169492,1,0,0.86,0.14,0,1003
0.416666667,0.5,0.083333333,0,0,0.76744186,0.23255814,0,0,0.823529412,0,0,0.176470588,0,0,0.28,0,0.72,1,0,0.728813559,0.118644068,0.152542373,1004
0.416666667,0.5,0.083333333,0,0,0.76744186,0.23255814,0,0,0.823529412,0,0,0.176470588,0,0,0.28,0,0.72,1,0,0.728813559,0.118644068,0.152542373,1005
0.416666667,0.5,0.083333333,0,0,0.76744186,0.23255814,0,0,0.823529412,0,0,0.176470588,0,0,0.237288136,0.152542373,0.610169492,1,0,0.86,0.14,0,1006
0.416666667,0.5,0.083333333,0,0,0.76744186,0.23255814,0,0,0.823529412,0,0,0.176470588,0,0,0.237288136,0.152542373,0.610169492,1,0,0.86,0.14,0,1007
0.416666667,0.5,0.083333333,0,0,0.76744186,0.23255814,0,0,0.823529412,0,0,0.176470588,0,0,0.28,0,0.72,1,0,0.728813559,0.118644068,0.152542373,1008
0.416666667,0.5,0.083333333,0,0,0.76744186,0.23255814,0,0,0.823529412,0,0,0.176470588,0,0,0.28,0,0.72,1,0,0.728813559,0.118644068,0.152542373,1009
0.416666667,0.5,0.083333333,0,0,0.76744186,0.23255814,0,0,0.823529412,0,0,0.176470588,0,0,0.237288136,0.152542373,0.610169492,1,0,0.86,0.14,0,1010
0.461538462,0.461538462,0.076923077,0,0,0.76744186,0.23255814,0,0,1,0,0,0,0,0.063492063,0.206349206,0.142857143,0.587301587,1,0,0.86,0.14,0,1011
0.416666667,0.5,0.083333333,0,0,0.76744186,0.23255814,0,0,0.823529412,0,0,0.176470588,0,0,0.237288136,0.152542373,0.610169492,1,0,0.86,0.14,0,1012
0.416666667,0.5,0.083333333,0,0,0.76744186,0.23255814,0,0,0.823529412,0,0,0.176470588,0,0,0.237288136,0.152542373,0.610169492,1,0,0.86,0.14,0,1013
0.416666667,0.5,0.083333333,0,0,0.76744186,0.23255814,0,0,0.823529412,0,0,0.176470588,0,0,0.237288136,0.152542373,0.610169492,1,0,0.86,0.14,0,1014
0.416666667,0.5,0.083333333,0,0,0.76744186,0.23255814,0,0,0.823529412,0,0,0.176470588,0,0,0.237288136,0.152542373,0.610169492,1,0,0.86,0.14,0,1015
0.416666667,0.5,0.083333333,0,0,0.76744186,0.23255814,0,0,0.823529412,0,0,0.176470588,0,0,0.237288136,0.152542373,0.610169492,1,0,0.86,0.14,0,1016
0.416666667,0.5,0.083333333,0,0,0.76744186,0.23255814,0,0,0.823529412,0,0,0.176470588,0,0,0.237288136,0.152542373,0.610169492,1,0,0.86,0.14,0,1017
0.703703704,0.259259259,0.037037037,0,0,0.761904762,0.238095238,0,0,0,0,0,0,0,0,0,0.152542373,0.847457627,1,0.264705882,0.617647059,0.117647059,0,1018
0.416666667,0.5,0.083333333,0,0,0.76744186,0.23255814,0,0,0.823529412,0,0,0.176470588,0,0,0.28,0,0.72,1,0,0.728813559,0.118644068,0.152542373,1019
0.416666667,0.5,0.083333333,0,0,0.76744186,0.23255814,0,0,0.823529412,0,0,0.176470588,0,0,0.28,0,0.72,1,0,0.728813559,0.118644068,0.152542373,1020
0.416666667,0.5,0.083333333,0,0,0.76744186,0.23255814,0,0,0.823529412,0,0,0.176470588,0,0,0.28,0,0.72,1,0,0.728813559,0.118644068,0.152542373,1021
0.416666667,0.5,0.083333333,0,0,0.76744186,0.23255814,0,0,0.823529412,0,0,0.176470588,0,0,0.28,0,0.72,1,0,0.728813559,0.118644068,0.152542373,1022
0.416666667,0.5,0.083333333,0,0,0.76744186,0.23255814,0,0,0.823529412,0,0,0.176470588,0,0,0.237288136,0.152542373,0.610169492,1,0,0.86,0.14,0,1023
0.416666667,0.5,0.083333333,0,0,0.76744186,0.23255814,0,0,0.823529412,0,0,0.176470588,0,0,0.237288136,0.152542373,0.610169492,1,0,0.86,0.14,0,1024
0.416666667,0.5,0.083333333,0,0,0.76744186,0.23255814,0,0,0.823529412,0,0,0.176470588,0,0,0.237288136,0.152542373,0.610169492,1,0,0.86,0.14,0,1025
0.678571429,0.25,0.071428571,0,0,0.780487805,0.219512195,0,0,0,0,0,0,0,0,0,0.152542373,0.847457627,1,0.275362319,0.594202899,0.130434783,0,1026
0.678571429,0.285714286,0.035714286,0,0,0.756097561,0.243902439,0,0,0,0,0,0,0,0,0,0.152542373,0.847457627,1,0.275362319,0.594202899,0.130434783,0,1027
0.730769231,0.230769231,0.038461538,0,0,0.76744186,0.23255814,0,0,0,0,0,0,0,0,0,0.152542373,0.847457627,1,0.253731343,0.641791045,0.104477612,0,1028
0.703703704,0.259259259,0.037037037,0,0,0.761904762,0.238095238,0,0,0,0,0,0,0,0,0,0.152542373,0.847457627,1,0.264705882,0.617647059,0.117647059,0,1029
0.730769231,0.230769231,0.038461538,0,0,0.76744186,0.23255814,0,0,0,0,0,0,0,0,0,0.152542373,0.847457627,1,0.253731343,0.641791045,0.104477612,0,1030
0.730769231,0.230769231,0.038461538,0,0,0.76744186,0.23255814,0,0,0,0,0,0,0,0,0,0.152542373,0.847457627,1,0.253731343,0.641791045,0.104477612,0,1031
0.730769231,0.230769231,0.038461538,0,0,0.76744186,0.23255814,0,0,0,0,0,0,0,0,0,0.152542373,0.847457627,1,0.253731343,0.641791045,0.104477612,0,1032
0.730769231,0.230769231,0.038461538,0,0,0.76744186,0.23255814,0,0,0,0,0,0,0,0,0,0.152542373,0.847457627,1,0.253731343,0.641791045,0.104477612,0,1033
0.416666667,0.5,0.083333333,0,0,0.76744186,0.23255814,0,0,0.823529412,0,0,0.176470588,0,0,0.28,0,0.72,1,0,0.728813559,0.118644068,0.152542373,1034
0.416666667,0.5,0.083333333,0,0,0.76744186,0.23255814,0,0,0.823529412,0,0,0.176470588,0,0,0.28,0,0.72,1,0,0.728813559,0.118644068,0.152542373,1035
0.416666667,0.5,0.083333333,0,0,0.76744186,0.23255814,0,0,0.823529412,0,0,0.176470588,0,0,0.28,0,0.72,1,0,0.728813559,0.118644068,0.152542373,1036
0.416666667,0.5,0.083333333,0,0,0.76744186,0.23255814,0,0,0.823529412,0,0,0.176470588,0,0,0.237288136,0.152542373,0.610169492,1,0,0.86,0.14,0,1037
0.416666667,0.5,0.083333333,0,0,0.76744186,0.23255814,0,0,0.823529412,0,0,0.176470588,0,0,0.237288136,0.152542373,0.610169492,1,0,0.86,0.14,0,1038
0.416666667,0.5,0.083333333,0,0,0.76744186,0.23255814,0,0,0.823529412,0,0,0.176470588,0,0,0.237288136,0.152542373,0.610169492,1,0,0.86,0.14,0,1039
0.416666667,0.5,0.083333333,0,0,0.76744186,0.23255814,0,0,0.823529412,0,0,0.176470588,0,0,0.237288136,0.152542373,0.610169492,1,0,0.86,0.14,0,1040
0.416666667,0.5,0.083333333,0,0,0.76744186,0.23255814,0,0,0.823529412,0,0,0.176470588,0,0,0.237288136,0.152542373,0.610169492,1,0,0.86,0.14,0,1041
0.416666667,0.5,0.083333333,0,0,0.76744186,0.23255814,0,0,0.823529412,0,0,0.176470588,0,0,0.237288136,0.152542373,0.610169492,1,0,0.86,0.14,0,1042
0.416666667,0.5,0.083333333,0,0,0.76744186,0.23255814,0,0,0.823529412,0,0,0.176470588,0,0,0.237288136,0.152542373,0.610169492,1,0,0.86,0.14,0,1043
0.416666667,0.5,0.083333333,0,0,0.76744186,0.23255814,0,0,0.823529412,0,0,0.176470588,0,0,0.28,0,0.72,1,0,0.728813559,0.118644068,0.152542373,1044
0.416666667,0.5,0.083333333,0,0,0.76744186,0.23255814,0,0,0.823529412,0,0,0.176470588,0,0,0.237288136,0.152542373,0.610169492,1,0,0.86,0.14,0,1045
0.416666667,0.5,0.083333333,0,0,0.76744186,0.23255814,0,0,0.823529412,0,0,0.176470588,0,0,0.237288136,0.152542373,0.610169492,1,0,0.86,0.14,0,1046
0.416666667,0.5,0.083333333,0,0,0.76744186,0.23255814,0,0,0.823529412,0,0,0.176470588,0,0,0.237288136,0.152542373,0.610169492,1,0,0.86,0.14,0,1047
0.416666667,0.5,0.083333333,0,0,0.76744186,0.23255814,0,0,0.823529412,0,0,0.176470588,0,0,0.28,0,0.72,1,0,0.728813559,0.118644068,0.152542373,1048
0.416666667,0.5,0.083333333,0,0,0.76744186,0.23255814,0,0,0.823529412,0,0,0.176470588,0,0,0.28,0,0.72,1,0,0.728813559,0.118644068,0.152542373,1049
0.416666667,0.5,0.083333333,0,0,0.76744186,0.23255814,0,0,0.823529412,0,0,0.176470588,0,0,0.237288136,0.152542373,0.610169492,1,0,0.86,0.14,0,1050
0.416666667,0.5,0.083333333,0,0,0.76744186,0.23255814,0,0,0.823529412,0,0,0.176470588,0,0,0.237288136,0.152542373,0.610169492,1,0,0.86,0.14,0,1051
0.416666667,0.5,0.083333333,0,0,0.76744186,0.23255814,0,0,0.823529412,0,0,0.176470588,0,0,0.237288136,0.152542373,0.610169492,1,0,0.86,0.14,0,1052
0.416666667,0.5,0.083333333,0,0,0.76744186,0.23255814,0,0,0.823529412,0,0,0.176470588,0,0,0.237288136,0.152542373,0.610169492,1,0,0.86,0.14,0,1053
0.416666667,0.5,0.083333333,0,0,0.76744186,0.23255814,0,0,0.823529412,0,0,0.176470588,0,0,0.237288136,0.152542373,0.610169492,1,0,0.86,0.14,0,1054
0.416666667,0.5,0.083333333,0,0,0.76744186,0.23255814,0,0,0.823529412,0,0,0.176470588,0,0,0.237288136,0.152542373,0.610169492,1,0,0.86,0.14,0,1055
0.416666667,0.5,0.083333333,0,0,0.76744186,0.23255814,0,0,0.823529412,0,0,0.176470588,0,0,0.237288136,0.152542373,0.610169492,1,0,0.86,0.14,0,1056
0.416666667,0.5,0.083333333,0,0,0.76744186,0.23255814,0,0,0.823529412,0,0,0.176470588,0,0,0.237288136,0.152542373,0.610169492,1,0,0.86,0.14,0,1057
0.416666667,0.5,0.083333333,0,0,0.76744186,0.23255814,0,0,0.823529412,0,0,0.176470588,0,0,0.237288136,0.152542373,0.610169492,1,0,0.86,0.14,0,1058
0.416666667,0.5,0.083333333,0,0,0.76744186,0.23255814,0,0,0.823529412,0,0,0.176470588,0,0,0.237288136,0.152542373,0.610169492,1,0,0.86,0.14,0,1059
0.416666667,0.5,0.083333333,0,0,0.76744186,0.23255814,0,0,0.823529412,0,0,0.176470588,0,0,0.28,0,0.72,1,0,0.728813559,0.118644068,0.152542373,1060
0.416666667,0.5,0.083333333,0,0,0.76744186,0.23255814,0,0,0.823529412,0,0,0.176470588,0,0,0.28,0,0.72,1,0,0.728813559,0.118644068,0.152542373,1061
0.416666667,0.5,0.083333333,0,0,0.76744186,0.23255814,0,0,0.823529412,0,0,0.176470588,0,0,0.237288136,0.152542373,0.610169492,1,0,0.86,0.14,0,1062
0.416666667,0.5,0.083333333,0,0,0.76744186,0.23255814,0,0,0.823529412,0,0,0.176470588,0,0,0.237288136,0.152542373,0.610169492,1,0,0.86,0.14,0,1063
0.416666667,0.5,0.083333333,0,0,0.76744186,0.23255814,0,0,0.823529412,0,0,0.176470588,0,0,0.28,0,0.72,1,0,0.728813559,0.118644068,0.152542373,1064
0.416666667,0.5,0.083333333,0,0,0.76744186,0.23255814,0,0,0.823529412,0,0,0.176470588,0,0,0.28,0,0.72,1,0,0.728813559,0.118644068,0.152542373,1065
0.416666667,0.5,0.083333333,0,0,0.76744186,0.23255814,0,0,0.823529412,0,0,0.176470588,0,0,0.237288136,0.152542373,0.610169492,1,0,0.86,0.14,0,1066
0.416666667,0.5,0.083333333,0,0,0.76744186,0.23255814,0,0,0.823529412,0,0,0.176470588,0,0,0.237288136,0.152542373,0.610169492,1,0,0.86,0.14,0,1067
0.416666667,0.5,0.083333333,0,0,0.76744186,0.23255814,0,0,0.823529412,0,0,0.176470588,0,0,0.237288136,0.152542373,0.610169492,1,0,0.86,0.14,0,1068
0.416666667,0.5,0.083333333,0,0,0.76744186,0.23255814,0,0,0.823529412,0,0,0.176470588,0,0,0.237288136,0.152542373,0.610169492,1,0,0.86,0.14,0,1069
0.416666667,0.5,0.083333333,0,0,0.76744186,0.23255814,0,0,0.823529412,0,0,0.176470588,0,0,0.237288136,0.152542373,0.610169492,1,0,0.86,0.14,0,1070
0.416666667,0.5,0.083333333,0,0,0.76744186,0.23255814,0,0,0.823529412,0,0,0.176470588,0,0,0.237288136,0.152542373,0.610169492,1,0,0.86,0.14,0,1071
0.416666667,0.5,0.083333333,0,0,0.76744186,0.23255814,0,0,0.823529412,0,0,0.176470588,0,0,0.28,0,0.72,1,0,0.728813559,0.118644068,0.152542373,1072
0.416666667,0.5,0.083333333,0,0,0.76744186,0.23255814,0,0,0.823529412,0,0,0.176470588,0,0,0.237288136,0.152542373,0.610169492,1,0,0.86,0.14,0,1073
0.416666667,0.5,0.083333333,0,0,0.76744186,0.23255814,0,0,0.823529412,0,0,0.176470588,0,0,0.237288136,0.152542373,0.610169492,1,0,0.86,0.14,0,1074
0.416666667,0.5,0.083333333,0,0,0.76744186,0.23255814,0,0,0.823529412,0,0,0.176470588,0,0,0.237288136,0.152542373,0.610169492,1,0,0.86,0.14,0,1075
0.416666667,0.5,0.083333333,0,0,0.76744186,0.23255814,0,0,0.823529412,0,0,0.176470588,0,0,0.237288136,0.152542373,0.610169492,1,0,0.86,0.14,0,1076
0.416666667,0.5,0.083333333,0,0,0.76744186,0.23255814,0,0,0.823529412,0,0,0.176470588,0,0,0.237288136,0.152542373,0.610169492,1,0,0.86,0.14,0,1077
0.416666667,0.5,0.083333333,0,0,0.76744186,0.23255814,0,0,0.823529412,0,0,0.176470588,0,0,0.237288136,0.152542373,0.610169492,1,0,0.86,0.14,0,1078
0.416666667,0.5,0.083333333,0,0,0.76744186,0.23255814,0,0,0.823529412,0,0,0.176470588,0,0,0.237288136,0.152542373,0.610169492,1,0,0.86,0.14,0,1079
0.416666667,0.5,0.083333333,0,0,0.76744186,0.23255814,0,0,0.823529412,0,0,0.176470588,0,0,0.237288136,0.152542373,0.610169492,1,0,0.86,0.14,0,1080
0.416666667,0.5,0.083333333,0,0,0.76744186,0.23255814,0,0,0.823529412,0,0,0.176470588,0,0,0.237288136,0.152542373,0.610169492,1,0,0.86,0.14,0,1081
0.416666667,0.5,0.083333333,0,0,0.76744186,0.23255814,0,0,0.823529412,0,0,0.176470588,0,0,0.28,0,0.72,1,0,0.728813559,0.118644068,0.152542373,1082
0.416666667,0.5,0.083333333,0,0,0.76744186,0.23255814,0,0,0.823529412,0,0,0.176470588,0,0,0.28,0,0.72,1,0,0.728813559,0.118644068,0.152542373,1083
0.416666667,0.5,0.083333333,0,0,0.76744186,0.23255814,0,0,0.823529412,0,0,0.176470588,0,0,0.28,0,0.72,1,0,0.728813559,0.118644068,0.152542373,1084
0.416666667,0.5,0.083333333,0,0,0.76744186,0.23255814,0,0,0.823529412,0,0,0.176470588,0,0,0.237288136,0.152542373,0.610169492,1,0,0.86,0.14,0,1085
0.416666667,0.5,0.083333333,0,0,0.76744186,0.23255814,0,0,0.823529412,0,0,0.176470588,0,0,0.237288136,0.152542373,0.610169492,1,0,0.86,0.14,0,1086
0.416666667,0.5,0.083333333,0,0,0.76744186,0.23255814,0,0,0.823529412,0,0,0.176470588,0,0,0.28,0,0.72,1,0,0.728813559,0.118644068,0.152542373,1087
0.416666667,0.5,0.083333333,0,0,0.76744186,0.23255814,0,0,0.823529412,0,0,0.176470588,0,0,0.28,0,0.72,1,0,0.728813559,0.118644068,0.152542373,1088
0.416666667,0.5,0.083333333,0,0,0.76744186,0.23255814,0,0,0.823529412,0,0,0.176470588,0,0,0.28,0,0.72,1,0,0.728813559,0.118644068,0.152542373,1089
0.416666667,0.5,0.083333333,0,0,0.76744186,0.23255814,0,0,0.823529412,0,0,0.176470588,0,0,0.237288136,0.152542373,0.610169492,1,0,0.86,0.14,0,1090
0.416666667,0.5,0.083333333,0,0,0.76744186,0.23255814,0,0,0.823529412,0,0,0.176470588,0,0,0.237288136,0.152542373,0.610169492,1,0,0.86,0.14,0,1091
0.416666667,0.5,0.083333333,0,0,0.76744186,0.23255814,0,0,0.823529412,0,0,0.176470588,0,0,0.237288136,0.152542373,0.610169492,1,0,0.86,0.14,0,1092
0.416666667,0.5,0.083333333,0,0,0.76744186,0.23255814,0,0,0.823529412,0,0,0.176470588,0,0,0.237288136,0.152542373,0.610169492,1,0,0.86,0.14,0,1093
0.416666667,0.5,0.083333333,0,0,0.76744186,0.23255814,0,0,0.823529412,0,0,0.176470588,0,0,0.237288136,0.152542373,0.610169492,1,0,0.86,0.14,0,1094
0.416666667,0.5,0.083333333,0,0,0.76744186,0.23255814,0,0,0.823529412,0,0,0.176470588,0,0,0.237288136,0.152542373,0.610169492,1,0,0.86,0.14,0,1095
0.416666667,0.5,0.083333333,0,0,0.76744186,0.23255814,0,0,0.823529412,0,0,0.176470588,0,0,0.237288136,0.152542373,0.610169492,1,0,0.86,0.14,0,1096
0.416666667,0.5,0.083333333,0,0,0.76744186,0.23255814,0,0,0.823529412,0,0,0.176470588,0,0,0.237288136,0.152542373,0.610169492,1,0,0.86,0.14,0,1097
0.416666667,0.5,0.083333333,0,0,0.76744186,0.23255814,0,0,0.823529412,0,0,0.176470588,0,0,0.237288136,0.152542373,0.610169492,1,0,0.86,0.14,0,1098
0.416666667,0.5,0.083333333,0,0,0.76744186,0.23255814,0,0,0.823529412,0,0,0.176470588,0,0,0.28,0,0.72,1,0,0.728813559,0.118644068,0.152542373,1099
0.416666667,0.5,0.083333333,0,0,0.76744186,0.23255814,0,0,0.823529412,0,0,0.176470588,0,0,0.28,0,0.72,1,0,0.728813559,0.118644068,0.152542373,1100
0.416666667,0.5,0.083333333,0,0,0.76744186,0.23255814,0,0,0.823529412,0,0,0.176470588,0,0,0.28,0,0.72,1,0,0.728813559,0.118644068,0.152542373,1101
0.416666667,0.5,0.083333333,0,0,0.76744186,0.23255814,0,0,0.823529412,0,0,0.176470588,0,0,0.28,0,0.72,1,0,0.728813559,0.118644068,0.152542373,1102
0.416666667,0.5,0.083333333,0,0,0.76744186,0.23255814,0,0,0.823529412,0,0,0.176470588,0,0,0.237288136,0.152542373,0.610169492,1,0,0.86,0.14,0,1103
0.416666667,0.5,0.083333333,0,0,0.76744186,0.23255814,0,0,0.823529412,0,0,0.176470588,0,0,0.237288136,0.152542373,0.610169492,1,0,0.86,0.14,0,1104
0.416666667,0.5,0.083333333,0,0,0.76744186,0.23255814,0,0,0.823529412,0,0,0.176470588,0,0,0.28,0,0.72,1,0,0.728813559,0.118644068,0.152542373,1105
0.416666667,0.5,0.083333333,0,0,0.76744186,0.23255814,0,0,0.823529412,0,0,0.176470588,0,0,0.28,0,0.72,1,0,0.728813559,0.118644068,0.152542373,1106
0.416666667,0.5,0.083333333,0,0,0.76744186,0.23255814,0,0,0.823529412,0,0,0.176470588,0,0,0.28,0,0.72,1,0,0.728813559,0.118644068,0.152542373,1107
0.416666667,0.5,0.083333333,0,0,0.76744186,0.23255814,0,0,1,0,0,0,0,0.056603774,0.264150943,0,0.679245283,1,0,0.728813559,0.118644068,0.152542373,1108
0.416666667,0.5,0.083333333,0,0,0.76744186,0.23255814,0,0,0.823529412,0,0,0.176470588,0,0,0.28,0,0.72,1,0,0.728813559,0.118644068,0.152542373,1109
0.416666667,0.5,0.083333333,0,0,0.76744186,0.23255814,0,0,0.823529412,0,0,0.176470588,0,0,0.237288136,0.152542373,0.610169492,1,0,0.86,0.14,0,1110
0.416666667,0.5,0.083333333,0,0,0.76744186,0.23255814,0,0,0.823529412,0,0,0.176470588,0,0,0.237288136,0.152542373,0.610169492,1,0,0.86,0.14,0,1111
0.416666667,0.5,0.083333333,0,0,0.76744186,0.23255814,0,0,0.823529412,0,0,0.176470588,0,0,0.237288136,0.152542373,0.610169492,1,0,0.86,0.14,0,1112
0.416666667,0.5,0.083333333,0,0,0.76744186,0.23255814,0,0,0.823529412,0,0,0.176470588,0,0,0.237288136,0.152542373,0.610169492,1,0,0.86,0.14,0,1113
0.416666667,0.5,0.083333333,0,0,0.76744186,0.23255814,0,0,0.823529412,0,0,0.176470588,0,0,0.237288136,0.152542373,0.610169492,1,0,0.86,0.14,0,1114
0.416666667,0.5,0.083333333,0,0,0.76744186,0.23255814,0,0,0.823529412,0,0,0.176470588,0,0,0.237288136,0.152542373,0.610169492,1,0,0.86,0.14,0,1115
0.416666667,0.5,0.083333333,0,0,0.76744186,0.23255814,0,0,0.823529412,0,0,0.176470588,0,0,0.237288136,0.152542373,0.610169492,1,0,0.86,0.14,0,1116
0.416666667,0.5,0.083333333,0,0,0.76744186,0.23255814,0,0,0.823529412,0,0,0.176470588,0,0,0.237288136,0.152542373,0.610169492,1,0,0.86,0.14,0,1117
0.416666667,0.5,0.083333333,0,0,0.76744186,0.23255814,0,0,0.823529412,0,0,0.176470588,0,0,0.237288136,0.152542373,0.610169492,1,0,0.86,0.14,0,1118
0.416666667,0.5,0.083333333,0,0,0.76744186,0.23255814,0,0,0.823529412,0,0,0.176470588,0,0,0.28,0,0.72,1,0,0.728813559,0.118644068,0.152542373,1119
0.416666667,0.5,0.083333333,0,0,0.76744186,0.23255814,0,0,0.823529412,0,0,0.176470588,0,0,0.28,0,0.72,1,0,0.728813559,0.118644068,0.152542373,1120
0.416666667,0.5,0.083333333,0,0,0.76744186,0.23255814,0,0,0.823529412,0,0,0.176470588,0,0,0.28,0,0.72,1,0,0.728813559,0.118644068,0.152542373,1121
0.416666667,0.5,0.083333333,0,0,0.76744186,0.23255814,0,0,0.823529412,0,0,0.176470588,0,0,0.237288136,0.152542373,0.610169492,1,0,0.86,0.14,0,1122
0.416666667,0.5,0.083333333,0,0,0.76744186,0.23255814,0,0,0.823529412,0,0,0.176470588,0,0,0.28,0,0.72,1,0,0.728813559,0.118644068,0.152542373,1123
0.416666667,0.5,0.083333333,0,0,0.76744186,0.23255814,0,0,0.823529412,0,0,0.176470588,0,0,0.237288136,0.152542373,0.610169492,1,0,0.86,0.14,0,1124
0.416666667,0.5,0.083333333,0,0,0.76744186,0.23255814,0,0,0.823529412,0,0,0.176470588,0,0,0.237288136,0.152542373,0.610169492,1,0,0.86,0.14,0,1125
0.416666667,0.5,0.083333333,0,0,0.76744186,0.23255814,0,0,0.823529412,0,0,0.176470588,0,0,0.237288136,0.152542373,0.610169492,1,0,0.86,0.14,0,1126
0.416666667,0.5,0.083333333,0,0,0.76744186,0.23255814,0,0,0.823529412,0,0,0.176470588,0,0,0.237288136,0.152542373,0.610169492,1,0,0.86,0.14,0,1127
0.416666667,0.5,0.083333333,0,0,0.76744186,0.23255814,0,0,0.823529412,0,0,0.176470588,0,0,0.237288136,0.152542373,0.610169492,1,0,0.86,0.14,0,1128
0.416666667,0.5,0.083333333,0,0,0.76744186,0.23255814,0,0,0.823529412,0,0,0.176470588,0,0,0.237288136,0.152542373,0.610169492,1,0,0.86,0.14,0,1129
0.416666667,0.5,0.083333333,0,0,0.76744186,0.23255814,0,0,0.823529412,0,0,0.176470588,0,0,0.237288136,0.152542373,0.610169492,1,0,0.86,0.14,0,1130
0.416666667,0.5,0.083333333,0,0,0.76744186,0.23255814,0,0,0.823529412,0,0,0.176470588,0,0,0.237288136,0.152542373,0.610169492,1,0,0.86,0.14,0,1131
0.416666667,0.5,0.083333333,0,0,0.76744186,0.23255814,0,0,0.823529412,0,0,0.176470588,0,0,0.237288136,0.152542373,0.610169492,1,0,0.86,0.14,0,1132
0.416666667,0.5,0.083333333,0,0,0.76744186,0.23255814,0,0,0.823529412,0,0,0.176470588,0,0,0.237288136,0.152542373,0.610169492,1,0,0.86,0.14,0,1133
0.416666667,0.5,0.083333333,0,0,0.76744186,0.23255814,0,0,0.823529412,0,0,0.176470588,0,0,0.237288136,0.152542373,0.610169492,1,0,0.86,0.14,0,1134
0.416666667,0.5,0.083333333,0,0,0.76744186,0.23255814,0,0,0.823529412,0,0,0.176470588,0,0,0.237288136,0.152542373,0.610169492,1,0,0.86,0.14,0,1135
0.416666667,0.5,0.083333333,0,0,0.76744186,0.23255814,0,0,0.823529412,0,0,0.176470588,0,0,0.28,0,0.72,1,0,0.728813559,0.118644068,0.152542373,1136
0.416666667,0.5,0.083333333,0,0,0.76744186,0.23255814,0,0,0.823529412,0,0,0.176470588,0,0,0.28,0,0.72,1,0,0.728813559,0.118644068,0.152542373,1137
0.416666667,0.5,0.083333333,0,0,0.76744186,0.23255814,0,0,0.823529412,0,0,0.176470588,0,0,0.28,0,0.72,1,0,0.728813559,0.118644068,0.152542373,1138
0.416666667,0.5,0.083333333,0,0,0.76744186,0.23255814,0,0,0.823529412,0,0,0.176470588,0,0,0.28,0,0.72,1,0,0.728813559,0.118644068,0.152542373,1139
0.416666667,0.5,0.083333333,0,0,0.76744186,0.23255814,0,0,0.823529412,0,0,0.176470588,0,0,0.237288136,0.152542373,0.610169492,1,0,0.86,0.14,0,1140
0.416666667,0.5,0.083333333,0,0,0.76744186,0.23255814,0,0,0.823529412,0,0,0.176470588,0,0,0.237288136,0.152542373,0.610169492,1,0,0.86,0.14,0,1141
0.416666667,0.5,0.083333333,0,0,0.76744186,0.23255814,0,0,0.823529412,0,0,0.176470588,0,0,0.28,0,0.72,1,0,0.728813559,0.118644068,0.152542373,1142
0.416666667,0.5,0.083333333,0,0,0.76744186,0.23255814,0,0,0.823529412,0,0,0.176470588,0,0,0.237288136,0.152542373,0.610169492,1,0,0.86,0.14,0,1143
0.416666667,0.5,0.083333333,0,0,0.76744186,0.23255814,0,0,0.823529412,0,0,0.176470588,0,0,0.237288136,0.152542373,0.610169492,1,0,0.86,0.14,0,1144
0.416666667,0.5,0.083333333,0,0,0.76744186,0.23255814,0,0,0.823529412,0,0,0.176470588,0,0,0.28,0,0.72,1,0,0.728813559,0.118644068,0.152542373,1145
0.416666667,0.5,0.083333333,0,0,0.76744186,0.23255814,0,0,0.823529412,0,0,0.176470588,0,0,0.237288136,0.152542373,0.610169492,1,0,0.86,0.14,0,1146
0.416666667,0.5,0.083333333,0,0,0.76744186,0.23255814,0,0,0.823529412,0,0,0.176470588,0,0,0.237288136,0.152542373,0.610169492,1,0,0.86,0.14,0,1147
0.416666667,0.5,0.083333333,0,0,0.76744186,0.23255814,0,0,0.823529412,0,0,0.176470588,0,0,0.237288136,0.152542373,0.610169492,1,0,0.86,0.14,0,1148
0.416666667,0.5,0.083333333,0,0,0.76744186,0.23255814,0,0,0.823529412,0,0,0.176470588,0,0,0.237288136,0.152542373,0.610169492,1,0,0.86,0.14,0,1149
0.416666667,0.5,0.083333333,0,0,0.76744186,0.23255814,0,0,0.823529412,0,0,0.176470588,0,0,0.237288136,0.152542373,0.610169492,1,0,0.86,0.14,0,1150
0.416666667,0.5,0.083333333,0,0,0.76744186,0.23255814,0,0,0.823529412,0,0,0.176470588,0,0,0.237288136,0.152542373,0.610169492,1,0,0.86,0.14,0,1151
0.416666667,0.5,0.083333333,0,0,0.76744186,0.23255814,0,0,0.823529412,0,0,0.176470588,0,0,0.237288136,0.152542373,0.610169492,1,0,0.86,0.14,0,1152
0.416666667,0.5,0.083333333,0,0,0.76744186,0.23255814,0,0,0.823529412,0,0,0.176470588,0,0,0.237288136,0.152542373,0.610169492,1,0,0.86,0.14,0,1153
0.416666667,0.5,0.083333333,0,0,0.76744186,0.23255814,0,0,0.823529412,0,0,0.176470588,0,0,0.237288136,0.152542373,0.610169492,1,0,0.86,0.14,0,1154
0.416666667,0.5,0.083333333,0,0,0.76744186,0.23255814,0,0,0.823529412,0,0,0.176470588,0,0,0.237288136,0.152542373,0.610169492,1,0,0.86,0.14,0,1155
0.416666667,0.5,0.083333333,0,0,0.76744186,0.23255814,0,0,0.823529412,0,0,0.176470588,0,0,0.237288136,0.152542373,0.610169492,1,0,0.86,0.14,0,1156
0.416666667,0.5,0.083333333,0,0,0.76744186,0.23255814,0,0,0.823529412,0,0,0.176470588,0,0,0.237288136,0.152542373,0.610169492,1,0,0.86,0.14,0,1157
0.416666667,0.5,0.083333333,0,0,0.76744186,0.23255814,0,0,0.823529412,0,0,0.176470588,0,0,0.237288136,0.152542373,0.610169492,1,0,0.86,0.14,0,1158
0.416666667,0.5,0.083333333,0,0,0.76744186,0.23255814,0,0,0.823529412,0,0,0.176470588,0,0,0.237288136,0.152542373,0.610169492,1,0,0.86,0.14,0,1159
0.416666667,0.5,0.083333333,0,0,0.76744186,0.23255814,0,0,0.823529412,0,0,0.176470588,0,0,0.237288136,0.152542373,0.610169492,1,0,0.86,0.14,0,1160
0.461538462,0.461538462,0.076923077,0,0,0.76744186,0.23255814,0,0,1,0,0,0,0,0.074074074,0.240740741,0,0.685185185,1,0,0.728813559,0.118644068,0.152542373,1161
0.416666667,0.5,0.083333333,0,0,0.76744186,0.23255814,0,0,0.823529412,0,0,0.176470588,0,0,0.237288136,0.152542373,0.610169492,1,0,0.86,0.14,0,1162
0.416666667,0.5,0.083333333,0,0,0.76744186,0.23255814,0,0,0.823529412,0,0,0.176470588,0,0,0.237288136,0.152542373,0.610169492,1,0,0.86,0.14,0,1163
0.416666667,0.5,0.083333333,0,0,0.76744186,0.23255814,0,0,0.823529412,0,0,0.176470588,0,0,0.237288136,0.152542373,0.610169492,1,0,0.86,0.14,0,1164
0.416666667,0.5,0.083333333,0,0,0.76744186,0.23255814,0,0,0.823529412,0,0,0.176470588,0,0,0.237288136,0.152542373,0.610169492,1,0,0.86,0.14,0,1165
0.416666667,0.5,0.083333333,0,0,0.76744186,0.23255814,0,0,0.823529412,0,0,0.176470588,0,0,0.237288136,0.152542373,0.610169492,1,0,0.86,0.14,0,1166
0.416666667,0.5,0.083333333,0,0,0.76744186,0.23255814,0,0,0.823529412,0,0,0.176470588,0,0,0.237288136,0.152542373,0.610169492,1,0,0.86,0.14,0,1167
0.416666667,0.5,0.083333333,0,0,0.76744186,0.23255814,0,0,0.823529412,0,0,0.176470588,0,0,0.237288136,0.152542373,0.610169492,1,0,0.86,0.14,0,1168
0.416666667,0.5,0.083333333,0,0,0.76744186,0.23255814,0,0,0.823529412,0,0,0.176470588,0,0,0.237288136,0.152542373,0.610169492,1,0,0.86,0.14,0,1169
0.416666667,0.5,0.083333333,0,0,0.76744186,0.23255814,0,0,0.823529412,0,0,0.176470588,0,0,0.237288136,0.152542373,0.610169492,1,0,0.86,0.14,0,1170
0.416666667,0.5,0.083333333,0,0,0.76744186,0.23255814,0,0,0.823529412,0,0,0.176470588,0,0,0.237288136,0.152542373,0.610169492,1,0,0.86,0.14,0,1171
0.416666667,0.5,0.083333333,0,0,0.76744186,0.23255814,0,0,0.823529412,0,0,0.176470588,0,0,0.237288136,0.152542373,0.610169492,1,0,0.86,0.14,0,1172
0.416666667,0.5,0.083333333,0,0,0.76744186,0.23255814,0,0,0.823529412,0,0,0.176470588,0,0,0.237288136,0.152542373,0.610169492,1,0,0.86,0.14,0,1173
0.416666667,0.5,0.083333333,0,0,0.76744186,0.23255814,0,0,0.823529412,0,0,0.176470588,0,0,0.237288136,0.152542373,0.610169492,1,0,0.86,0.14,0,1174
0.416666667,0.5,0.083333333,0,0,0.76744186,0.23255814,0,0,0.823529412,0,0,0.176470588,0,0,0.237288136,0.152542373,0.610169492,1,0,0.86,0.14,0,1175
0.416666667,0.5,0.083333333,0,0,0.76744186,0.23255814,0,0,0.823529412,0,0,0.176470588,0,0,0.237288136,0.152542373,0.610169492,1,0,0.86,0.14,0,1176
0.416666667,0.5,0.083333333,0,0,0.76744186,0.23255814,0,0,0.823529412,0,0,0.176470588,0,0,0.237288136,0.152542373,0.610169492,1,0,0.86,0.14,0,1177
0.416666667,0.5,0.083333333,0,0,0.76744186,0.23255814,0,0,0.823529412,0,0,0.176470588,0,0,0.237288136,0.152542373,0.610169492,1,0,0.86,0.14,0,1178
0.416666667,0.5,0.083333333,0,0,0.76744186,0.23255814,0,0,0.823529412,0,0,0.176470588,0,0,0.237288136,0.152542373,0.610169492,1,0,0.86,0.14,0,1179
0.416666667,0.5,0.083333333,0,0,0.76744186,0.23255814,0,0,0.823529412,0,0,0.176470588,0,0,0.237288136,0.152542373,0.610169492,1,0,0.86,0.14,0,1180
0.416666667,0.5,0.083333333,0,0,0.76744186,0.23255814,0,0,0.823529412,0,0,0.176470588,0,0,0.28,0,0.72,1,0,0.728813559,0.118644068,0.152542373,1181
0.416666667,0.5,0.083333333,0,0,0.76744186,0.23255814,0,0,0.823529412,0,0,0.176470588,0,0,0.28,0,0.72,1,0,0.728813559,0.118644068,0.152542373,1182
0.416666667,0.5,0.083333333,0,0,0.76744186,0.23255814,0,0,0.823529412,0,0,0.176470588,0,0,0.28,0,0.72,1,0,0.728813559,0.118644068,0.152542373,1183
0.416666667,0.5,0.083333333,0,0,0.76744186,0.23255814,0,0,0.823529412,0,0,0.176470588,0,0,0.237288136,0.152542373,0.610169492,1,0,0.86,0.14,0,1184
0.416666667,0.5,0.083333333,0,0,0.76744186,0.23255814,0,0,0.823529412,0,0,0.176470588,0,0,0.237288136,0.152542373,0.610169492,1,0,0.86,0.14,0,1185
0.416666667,0.5,0.083333333,0,0,0.76744186,0.23255814,0,0,0.823529412,0,0,0.176470588,0,0,0.237288136,0.152542373,0.610169492,1,0,0.86,0.14,0,1186
0.416666667,0.5,0.083333333,0,0,0.76744186,0.23255814,0,0,0.823529412,0,0,0.176470588,0,0,0.237288136,0.152542373,0.610169492,1,0,0.86,0.14,0,1187
0.416666667,0.5,0.083333333,0,0,0.76744186,0.23255814,0,0,0.823529412,0,0,0.176470588,0,0,0.237288136,0.152542373,0.610169492,1,0,0.86,0.14,0,1188
0.416666667,0.5,0.083333333,0,0,0.76744186,0.23255814,0,0,0.823529412,0,0,0.176470588,0,0,0.237288136,0.152542373,0.610169492,1,0,0.86,0.14,0,1189
0.416666667,0.5,0.083333333,0,0,0.76744186,0.23255814,0,0,0.823529412,0,0,0.176470588,0,0,0.237288136,0.152542373,0.610169492,1,0,0.86,0.14,0,1190
0.416666667,0.5,0.083333333,0,0,0.76744186,0.23255814,0,0,0.823529412,0,0,0.176470588,0,0,0.237288136,0.152542373,0.610169492,1,0,0.86,0.14,0,1191
0.416666667,0.5,0.083333333,0,0,0.76744186,0.23255814,0,0,0.823529412,0,0,0.176470588,0,0,0.237288136,0.152542373,0.610169492,1,0,0.86,0.14,0,1192
0.416666667,0.5,0.083333333,0,0,0.76744186,0.23255814,0,0,0.823529412,0,0,0.176470588,0,0,0.237288136,0.152542373,0.610169492,1,0,0.86,0.14,0,1193
0.416666667,0.5,0.083333333,0,0,0.76744186,0.23255814,0,0,0.823529412,0,0,0.176470588,0,0,0.237288136,0.152542373,0.610169492,1,0,0.86,0.14,0,1194
0.416666667,0.5,0.083333333,0,0,0.76744186,0.23255814,0,0,0.823529412,0,0,0.176470588,0,0,0.237288136,0.152542373,0.610169492,1,0,0.86,0.14,0,1195
0.416666667,0.5,0.083333333,0,0,0.76744186,0.23255814,0,0,0.823529412,0,0,0.176470588,0,0,0.237288136,0.152542373,0.610169492,1,0,0.86,0.14,0,1196
0.416666667,0.5,0.083333333,0,0,0.76744186,0.23255814,0,0,0.823529412,0,0,0.176470588,0,0,0.237288136,0.152542373,0.610169492,1,0,0.86,0.14,0,1197
0.416666667,0.5,0.083333333,0,0,0.76744186,0.23255814,0,0,0.823529412,0,0,0.176470588,0,0,0.237288136,0.152542373,0.610169492,1,0,0.86,0.14,0,1198
0.416666667,0.5,0.083333333,0,0,0.76744186,0.23255814,0,0,0.823529412,0,0,0.176470588,0,0,0.28,0,0.72,1,0,0.728813559,0.118644068,0.152542373,1199
0.416666667,0.5,0.083333333,0,0,0.76744186,0.23255814,0,0,0.823529412,0,0,0.176470588,0,0,0.237288136,0.152542373,0.610169492,1,0,0.86,0.14,0,1200
0.416666667,0.5,0.083333333,0,0,0.76744186,0.23255814,0,0,0.823529412,0,0,0.176470588,0,0,0.237288136,0.152542373,0.610169492,1,0,0.86,0.14,0,1201
0.416666667,0.5,0.083333333,0,0,0.76744186,0.23255814,0,0,0.823529412,0,0,0.176470588,0,0,0.237288136,0.152542373,0.610169492,1,0,0.86,0.14,0,1202
0.416666667,0.5,0.083333333,0,0,0.76744186,0.23255814,0,0,0.823529412,0,0,0.176470588,0,0,0.237288136,0.152542373,0.610169492,1,0,0.86,0.14,0,1203
0.416666667,0.5,0.083333333,0,0,0.76744186,0.23255814,0,0,0.823529412,0,0,0.176470588,0,0,0.237288136,0.152542373,0.610169492,1,0,0.86,0.14,0,1204
0.416666667,0.5,0.083333333,0,0,0.76744186,0.23255814,0,0,0.823529412,0,0,0.176470588,0,0,0.237288136,0.152542373,0.610169492,1,0,0.86,0.14,0,1205
0.416666667,0.5,0.083333333,0,0,0.76744186,0.23255814,0,0,0.823529412,0,0,0.176470588,0,0,0.237288136,0.152542373,0.610169492,1,0,0.86,0.14,0,1206
0.416666667,0.5,0.083333333,0,0,0.76744186,0.23255814,0,0,0.823529412,0,0,0.176470588,0,0,0.237288136,0.152542373,0.610169492,1,0,0.86,0.14,0,1207
0.416666667,0.5,0.083333333,0,0,0.76744186,0.23255814,0,0,0.823529412,0,0,0.176470588,0,0,0.28,0,0.72,1,0,0.728813559,0.118644068,0.152542373,1208
0.416666667,0.5,0.083333333,0,0,0.76744186,0.23255814,0,0,0.823529412,0,0,0.176470588,0,0,0.28,0,0.72,1,0,0.728813559,0.118644068,0.152542373,1209
0.416666667,0.5,0.083333333,0,0,0.76744186,0.23255814,0,0,0.823529412,0,0,0.176470588,0,0,0.28,0,0.72,1,0,0.728813559,0.118644068,0.152542373,1210
0.416666667,0.5,0.083333333,0,0,0.76744186,0.23255814,0,0,0.823529412,0,0,0.176470588,0,0,0.237288136,0.152542373,0.610169492,1,0,0.86,0.14,0,1211
0.416666667,0.5,0.083333333,0,0,0.76744186,0.23255814,0,0,0.823529412,0,0,0.176470588,0,0,0.237288136,0.152542373,0.610169492,1,0,0.86,0.14,0,1212
0.416666667,0.5,0.083333333,0,0,0.76744186,0.23255814,0,0,0.823529412,0,0,0.176470588,0,0,0.237288136,0.152542373,0.610169492,1,0,0.86,0.14,0,1213
0.416666667,0.5,0.083333333,0,0,0.76744186,0.23255814,0,0,0.823529412,0,0,0.176470588,0,0,0.237288136,0.152542373,0.610169492,1,0,0.86,0.14,0,1214
0.416666667,0.5,0.083333333,0,0,0.76744186,0.23255814,0,0,0.823529412,0,0,0.176470588,0,0,0.237288136,0.152542373,0.610169492,1,0,0.86,0.14,0,1215
0.416666667,0.5,0.083333333,0,0,0.76744186,0.23255814,0,0,0.823529412,0,0,0.176470588,0,0,0.28,0,0.72,1,0,0.728813559,0.118644068,0.152542373,1216
0.416666667,0.5,0.083333333,0,0,0.76744186,0.23255814,0,0,0.823529412,0,0,0.176470588,0,0,0.28,0,0.72,1,0,0.728813559,0.118644068,0.152542373,1217
0.416666667,0.5,0.083333333,0,0,0.76744186,0.23255814,0,0,0.823529412,0,0,0.176470588,0,0,0.28,0,0.72,1,0,0.728813559,0.118644068,0.152542373,1218
0.416666667,0.5,0.083333333,0,0,0.76744186,0.23255814,0,0,0.823529412,0,0,0.176470588,0,0,0.28,0,0.72,1,0,0.728813559,0.118644068,0.152542373,1219
0.416666667,0.5,0.083333333,0,0,0.76744186,0.23255814,0,0,0.823529412,0,0,0.176470588,0,0,0.28,0,0.72,1,0,0.728813559,0.118644068,0.152542373,1220
0.416666667,0.5,0.083333333,0,0,0.76744186,0.23255814,0,0,0.823529412,0,0,0.176470588,0,0,0.28,0,0.72,1,0,0.728813559,0.118644068,0.152542373,1221
0.416666667,0.5,0.083333333,0,0,0.76744186,0.23255814,0,0,0.823529412,0,0,0.176470588,0,0,0.28,0,0.72,1,0,0.728813559,0.118644068,0.152542373,1222
0.416666667,0.5,0.083333333,0,0,0.76744186,0.23255814,0,0,0.823529412,0,0,0.176470588,0,0,0.28,0,0.72,1,0,0.728813559,0.118644068,0.152542373,1223
0.416666667,0.5,0.083333333,0,0,0.76744186,0.23255814,0,0,0.823529412,0,0,0.176470588,0,0,0.237288136,0.152542373,0.610169492,1,0,0.86,0.14,0,1224
0.416666667,0.5,0.083333333,0,0,0.76744186,0.23255814,0,0,0.823529412,0,0,0.176470588,0,0,0.237288136,0.152542373,0.610169492,1,0,0.86,0.14,0,1225
0.416666667,0.5,0.083333333,0,0,0.76744186,0.23255814,0,0,0.823529412,0,0,0.176470588,0,0,0.237288136,0.152542373,0.610169492,1,0,0.86,0.14,0,1226
0.416666667,0.5,0.083333333,0,0,0.76744186,0.23255814,0,0,0.823529412,0,0,0.176470588,0,0,0.237288136,0.152542373,0.610169492,1,0,0.86,0.14,0,1227
0.416666667,0.5,0.083333333,0,0,0.76744186,0.23255814,0,0,0.823529412,0,0,0.176470588,0,0,0.237288136,0.152542373,0.610169492,1,0,0.86,0.14,0,1228
0.416666667,0.5,0.083333333,0,0,0.76744186,0.23255814,0,0,0.823529412,0,0,0.176470588,0,0,0.237288136,0.152542373,0.610169492,1,0,0.86,0.14,0,1229
0.416666667,0.5,0.083333333,0,0,0.76744186,0.23255814,0,0,0.823529412,0,0,0.176470588,0,0,0.237288136,0.152542373,0.610169492,1,0,0.86,0.14,0,1230
0.416666667,0.5,0.083333333,0,0,0.76744186,0.23255814,0,0,0.823529412,0,0,0.176470588,0,0,0.237288136,0.152542373,0.610169492,1,0,0.86,0.14,0,1231
0.416666667,0.5,0.083333333,0,0,0.76744186,0.23255814,0,0,0.823529412,0,0,0.176470588,0,0,0.237288136,0.152542373,0.610169492,1,0,0.86,0.14,0,1232
0.416666667,0.5,0.083333333,0,0,0.76744186,0.23255814,0,0,0.823529412,0,0,0.176470588,0,0,0.237288136,0.152542373,0.610169492,1,0,0.86,0.14,0,1233
0.416666667,0.5,0.083333333,0,0,0.76744186,0.23255814,0,0,0.823529412,0,0,0.176470588,0,0,0.237288136,0.152542373,0.610169492,1,0,0.86,0.14,0,1234
0.416666667,0.5,0.083333333,0,0,0.76744186,0.23255814,0,0,0.823529412,0,0,0.176470588,0,0,0.28,0,0.72,1,0,0.728813559,0.118644068,0.152542373,1235
0.416666667,0.5,0.083333333,0,0,0.76744186,0.23255814,0,0,0.823529412,0,0,0.176470588,0,0,0.28,0,0.72,1,0,0.728813559,0.118644068,0.152542373,1236
0.416666667,0.5,0.083333333,0,0,0.76744186,0.23255814,0,0,0.823529412,0,0,0.176470588,0,0,0.28,0,0.72,1,0,0.728813559,0.118644068,0.152542373,1237
0.416666667,0.5,0.083333333,0,0,0.76744186,0.23255814,0,0,0.823529412,0,0,0.176470588,0,0,0.28,0,0.72,1,0,0.728813559,0.118644068,0.152542373,1238
0.416666667,0.5,0.083333333,0,0,0.76744186,0.23255814,0,0,0.823529412,0,0,0.176470588,0,0,0.28,0,0.72,1,0,0.728813559,0.118644068,0.152542373,1239
0.416666667,0.5,0.083333333,0,0,0.76744186,0.23255814,0,0,0.823529412,0,0,0.176470588,0,0,0.237288136,0.152542373,0.610169492,1,0,0.86,0.14,0,1240
0.416666667,0.5,0.083333333,0,0,0.76744186,0.23255814,0,0,0.823529412,0,0,0.176470588,0,0,0.237288136,0.152542373,0.610169492,1,0,0.86,0.14,0,1241
0.416666667,0.5,0.083333333,0,0,0.76744186,0.23255814,0,0,0.823529412,0,0,0.176470588,0,0,0.237288136,0.152542373,0.610169492,1,0,0.86,0.14,0,1242
0.416666667,0.5,0.083333333,0,0,0.76744186,0.23255814,0,0,0.823529412,0,0,0.176470588,0,0,0.237288136,0.152542373,0.610169492,1,0,0.86,0.14,0,1243
0.416666667,0.5,0.083333333,0,0,0.76744186,0.23255814,0,0,0.823529412,0,0,0.176470588,0,0,0.237288136,0.152542373,0.610169492,1,0,0.86,0.14,0,1244
0.416666667,0.5,0.083333333,0,0,0.76744186,0.23255814,0,0,0.823529412,0,0,0.176470588,0,0,0.237288136,0.152542373,0.610169492,1,0,0.86,0.14,0,1245
0.416666667,0.5,0.083333333,0,0,0.76744186,0.23255814,0,0,0.823529412,0,0,0.176470588,0,0,0.237288136,0.152542373,0.610169492,1,0,0.86,0.14,0,1246
0.416666667,0.5,0.083333333,0,0,0.76744186,0.23255814,0,0,0.823529412,0,0,0.176470588,0,0,0.237288136,0.152542373,0.610169492,1,0,0.86,0.14,0,1247
0.416666667,0.5,0.083333333,0,0,0.76744186,0.23255814,0,0,0.823529412,0,0,0.176470588,0,0,0.237288136,0.152542373,0.610169492,1,0,0.86,0.14,0,1248
0.416666667,0.5,0.083333333,0,0,0.76744186,0.23255814,0,0,0.823529412,0,0,0.176470588,0,0,0.237288136,0.152542373,0.610169492,1,0,0.86,0.14,0,1249