"('NPA', 'np')","('NPA', 'np1')","('NPA', 'np2')","('NPA', ('NPA', 'NPA'))","('NPO', 'np')","('NPO', 'np1')","('NPO', 'np2')","('NPO', ('NPA', 'NPO'))","('NPO', ('NPO', 'NPA'))","('NPS', 'np')","('NPS', 'np1')","('NPS', 'np2')","('NPS', ('NPA', 'NPS'))","('NPS', ('NPS', 'NPA'))","('S', ('NPA', 'S'))","('S', ('NPS', 'VP'))","('S', ('S', 'NPA'))","('S', ('VP',))","('V', 'v')","('VP', ('NPA', 'VP'))","('VP', ('NPO', 'V'))","('VP', ('V',))","('VP', ('VP', 'NPA'))",
0.416666667,0.5,0.083333333,0,0,0.76744186,0.23255814,0,0,0.823529412,0,0,0.176470588,0,0,0.237288136,0.152542373,0.610169492,1,0,0.86,0.14,0,0
0.416666667,0.5,0.083333333,0,0,0.76744186,0.23255814,0,0,0.823529412,0,0,0.176470588,0,0,0.28,0,0.72,1,0,0.728813559,0.118644068,0.152542373,1
0.416666667,0.5,0.083333333,0,0,0.76744186,0.23255814,0,0,0.823529412,0,0,0.176470588,0,0,0.28,0,0.72,1,0,0.728813559,0.118644068,0.152542373,2
0.416666667,0.5,0.083333333,0,0,0.76744186,0.23255814,0,0,0.823529412,0,0,0.176470588,0,0,0.28,0,0.72,1,0,0.728813559,0.118644068,0.152542373,3
0.416666667,0.5,0.083333333,0,0,0.76744186,0.23255814,0,0,0.823529412,0,0,0.176470588,0,0,0.28,0,0.72,1,0,0.728813559,0.118644068,0.152542373,4
0.416666667,0.5,0.083333333,0,0,0.76744186,0.23255814,0,0,0.823529412,0,0,0.176470588,0,0,0.28,0,0.72,1,0,0.728813559,0.118644068,0.152542373,5
0.416666667,0.5,0.083333333,0,0,0.76744186,0.23255814,0,0,0.823529412,0,0,0.176470588,0,0,0.237288136,0.152542373,0.610169492,1,0,0.86,0.14,0,6
0.416666667,0.5,0.083333333,0,0,0.76744186,0.23255814,0,0,0.823529412,0,0,0.176470588,0,0,0.237288136,0.152542373,0.610169492,1,0,0.86,0.14,0,7
0.416666667,0.5,0.083333333,0,0,0.76744186,0.23255814,0,0,0.823529412,0,0,0.176470588,0,0,0.237288136,0.152542373,0.610169492,1,0,0.86,0.14,0,8
0.416666667,0.5,0.083333333,0,0,0.76744186,0.23255814,0,0,0.823529412,0,0,0.176470588,0,0,0.237288136,0.152542373,0.610169492,1,0,0.86,0.14,0,9
0.416666667,0.5,0.083333333,0,0,0.76744186,0.23255814,0,0,0.823529412,0,0,0.176470588,0,0,0.237288136,0.152542373,0.610169492,1,0,0.86,0.14,0,10
0.416666667,0.5,0.083333333,0,0,0.76744186,0.23255814,0,0,0.823529412,0,0,0.176470588,0,0,0.237288136,0.152542373,0.610169492,1,0,0.86,0.14,0,11
0.416666667,0.5,0.083333333,0,0,0.76744186,0.23255814,0,0,0.823529412,0,0,0.176470588,0,0,0.28,0,0.72,1,0,0.728813559,0.118644068,0.152542373,12
0.416666667,0.5,0.083333333,0,0,0.76744186,0.23255814,0,0,0.823529412,0,0,0.176470588,0,0,0.28,0,0.72,1,0,0.728813559,0.118644068,0.152542373,13
0.416666667,0.5,0.083333333,0,0,0.76744186,0.23255814,0,0,0.823529412,0,0,0.176470588,0,0,0.237288136,0.152542373,0.610169492,1,0,0.86,0.14,0,14
0.416666667,0.5,0.083333333,0,0,0.76744186,0.23255814,0,0,0.823529412,0,0,0.176470588,0,0,0.237288136,0.152542373,0.610169492,1,0,0.86,0.14,0,15
0.416666667,0.5,0.083333333,0,0,0.76744186,0.23255814,0,0,0.823529412,0,0,0.176470588,0,0,0.237288136,0.152542373,0.610169492,1,0,0.86,0.14,0,16
0.416666667,0.5,0.083333333,0,0,0.76744186,0.23255814,0,0,0.823529412,0,0,0.176470588,0,0,0.237288136,0.152542373,0.610169492,1,0,0.86,0.14,0,17
0.416666667,0.5,0.083333333,0,0,0.76744186,0.23255814,0,0,0.823529412,0,0,0.176470588,0,0,0.237288136,0.152542373,0.610169492,1,0,0.86,0.14,0,18
0.416666667,0.5,0.083333333,0,0,0.76744186,0.23255814,0,0,0.823529412,0,0,0.176470588,0,0,0.28,0,0.72,1,0,0.728813559,0.118644068,0.152542373,19
0.416666667,0.5,0.083333333,0,0,0.76744186,0.23255814,0,0,0.823529412,0,0,0.176470588,0,0,0.237288136,0.152542373,0.610169492,1,0,0.86,0.14,0,20
0.416666667,0.5,0.083333333,0,0,0.76744186,0.23255814,0,0,0.823529412,0,0,0.176470588,0,0,0.237288136,0.152542373,0.610169492,1,0,0.86,0.14,0,21
0.416666667,0.5,0.083333333,0,0,0.76744186,0.23255814,0,0,0.823529412,0,0,0.176470588,0,0,0.237288136,0.152542373,0.610169492,1,0,0.86,0.14,0,22
0.416666667,0.5,0.083333333,0,0,0.76744186,0.23255814,0,0,0.823529412,0,0,0.176470588,0,0,0.237288136,0.152542373,0.610169492,1,0,0.86,0.14,0,23
0.416666667,0.5,0.083333333,0,0,0.76744186,0.23255814,0,0,0.823529412,0,0,0.176470588,0,0,0.28,0,0.72,1,0,0.728813559,0.118644068,0.152542373,24
0.416666667,0.5,0.083333333,0,0,0.76744186,0.23255814,0,0,0.823529412,0,0,0.176470588,0,0,0.28,0,0.72,1,0,0.728813559,0.118644068,0.152542373,25
0.416666667,0.5,0.083333333,0,0,0.76744186,0.23255814,0,0,0.823529412,0,0,0.176470588,0,0,0.28,0,0.72,1,0,0.728813559,0.118644068,0.152542373,26
0.416666667,0.5,0.083333333,0,0,0.76744186,0.23255814,0,0,0.823529412,0,0,0.176470588,0,0,0.28,0,0.72,1,0,0.728813559,0.118644068,0.152542373,27
0.416666667,0.5,0.083333333,0,0,0.76744186,0.23255814,0,0,0.823529412,0,0,0.176470588,0,0,0.28,0,0.72,1,0,0.728813559,0.118644068,0.152542373,28
0.416666667,0.5,0.083333333,0,0,0.76744186,0.23255814,0,0,0.823529412,0,0,0.176470588,0,0,0.237288136,0.152542373,0.610169492,1,0,0.86,0.14,0,29
0.416666667,0.5,0.083333333,0,0,0.76744186,0.23255814,0,0,0.823529412,0,0,0.176470588,0,0,0.28,0,0.72,1,0,0.728813559,0.118644068,0.152542373,30
0.416666667,0.5,0.083333333,0,0,0.76744186,0.23255814,0,0,0.823529412,0,0,0.176470588,0,0,0.28,0,0.72,1,0,0.728813559,0.118644068,0.152542373,31
0.416666667,0.5,0.083333333,0,0,0.76744186,0.23255814,0,0,0.823529412,0,0,0.176470588,0,0,0.28,0,0.72,1,0,0.728813559,0.118644068,0.152542373,32
0.416666667,0.5,0.083333333,0,0,0.76744186,0.23255814,0,0,0.823529412,0,0,0.176470588,0,0,0.28,0,0.72,1,0,0.728813559,0.118644068,0.152542373,33
0.416666667,0.5,0.083333333,0,0,0.76744186,0.23255814,0,0,0.823529412,0,0,0.176470588,0,0,0.237288136,0.152542373,0.610169492,1,0,0.86,0.14,0,34
0.416666667,0.5,0.083333333,0,0,0.76744186,0.23255814,0,0,0.823529412,0,0,0.176470588,0,0,0.237288136,0.152542373,0.610169492,1,0,0.86,0.14,0,35
0.416666667,0.5,0.083333333,0,0,0.76744186,0.23255814,0,0,0.823529412,0,0,0.176470588,0,0,0.237288136,0.152542373,0.610169492,1,0,0.86,0.14,0,36
0.416666667,0.5,0.083333333,0,0,0.76744186,0.23255814,0,0,0.823529412,0,0,0.176470588,0,0,0.28,0,0.72,1,0,0.728813559,0.118644068,0.152542373,37
0.416666667,0.5,0.083333333,0,0,0.76744186,0.23255814,0,0,0.823529412,0,0,0.176470588,0,0,0.28,0,0.72,1,0,0.728813559,0.118644068,0.152542373,38
0.416666667,0.5,0.083333333,0,0,0.76744186,0.23255814,0,0,0.823529412,0,0,0.176470588,0,0,0.28,0,0.72,1,0,0.728813559,0.118644068,0.152542373,39
0.416666667,0.5,0.083333333,0,0,0.76744186,0.23255814,0,0,0.823529412,0,0,0.176470588,0,0,0.28,0,0.72,1,0,0.728813559,0.118644068,0.152542373,40
0.416666667,0.5,0.083333333,0,0,0.76744186,0.23255814,0,0,0.823529412,0,0,0.176470588,0,0,0.28,0,0.72,1,0,0.728813559,0.118644068,0.152542373,41
0.416666667,0.5,0.083333333,0,0,0.76744186,0.23255814,0,0,0.823529412,0,0,0.176470588,0,0,0.28,0,0.72,1,0,0.728813559,0.118644068,0.152542373,42
0.416666667,0.5,0.083333333,0,0,0.76744186,0.23255814,0,0,0.823529412,0,0,0.176470588,0,0,0.28,0,0.72,1,0,0.728813559,0.118644068,0.152542373,43
0.416666667,0.5,0.083333333,0,0,0.76744186,0.23255814,0,0,0.823529412,0,0,0.176470588,0,0,0.28,0,0.72,1,0,0.728813559,0.118644068,0.152542373,44
0.416666667,0.5,0.083333333,0,0,0.76744186,0.23255814,0,0,0.823529412,0,0,0.176470588,0,0,0.28,0,0.72,1,0,0.728813559,0.118644068,0.152542373,45
0.416666667,0.5,0.083333333,0,0,0.76744186,0.23255814,0,0,0.823529412,0,0,0.176470588,0,0,0.28,0,0.72,1,0,0.728813559,0.118644068,0.152542373,46
0.416666667,0.5,0.083333333,0,0,0.76744186,0.23255814,0,0,0.823529412,0,0,0.176470588,0,0,0.28,0,0.72,1,0,0.728813559,0.118644068,0.152542373,47
0.416666667,0.5,0.083333333,0,0,0.76744186,0.23255814,0,0,0.823529412,0,0,0.176470588,0,0,0.28,0,0.72,1,0,0.728813559,0.118644068,0.152542373,48
0.416666667,0.5,0.083333333,0,0,0.76744186,0.23255814,0,0,0.823529412,0,0,0.176470588,0,0,0.28,0,0.72,1,0,0.728813559,0.118644068,0.152542373,49
0.416666667,0.5,0.083333333,0,0,0.76744186,0.23255814,0,0,0.823529412,0,0,0.176470588,0,0,0.28,0,0.72,1,0,0.728813559,0.118644068,0.152542373,50
0.416666667,0.5,0.083333333,0,0,0.76744186,0.23255814,0,0,0.823529412,0,0,0.176470588,0,0,0.28,0,0.72,1,0,0.728813559,0.118644068,0.152542373,51
0.416666667,0.5,0.083333333,0,0,0.76744186,0.23255814,0,0,0.823529412,0,0,0.176470588,0,0,0.237288136,0.152542373,0.610169492,1,0,0.86,0.14,0,52
0.416666667,0.5,0.083333333,0,0,0.76744186,0.23255814,0,0,0.823529412,0,0,0.176470588,0,0,0.237288136,0.152542373,0.610169492,1,0,0.86,0.14,0,53
0.416666667,0.5,0.083333333,0,0,0.76744186,0.23255814,0,0,0.823529412,0,0,0.176470588,0,0,0.237288136,0.152542373,0.610169492,1,0,0.86,0.14,0,54
0.416666667,0.5,0.083333333,0,0,0.76744186,0.23255814,0,0,0.823529412,0,0,0.176470588,0,0,0.237288136,0.152542373,0.610169492,1,0,0.86,0.14,0,55
0.416666667,0.5,0.083333333,0,0,0.76744186,0.23255814,0,0,0.823529412,0,0,0.176470588,0,0,0.237288136,0.152542373,0.610169492,1,0,0.86,0.14,0,56
0.416666667,0.5,0.083333333,0,0,0.76744186,0.23255814,0,0,0.823529412,0,0,0.176470588,0,0,0.237288136,0.152542373,0.610169492,1,0,0.86,0.14,0,57
0.416666667,0.5,0.083333333,0,0,0.76744186,0.23255814,0,0,0.823529412,0,0,0.176470588,0,0,0.28,0,0.72,1,0,0.728813559,0.118644068,0.152542373,58
0.416666667,0.5,0.083333333,0,0,0.76744186,0.23255814,0,0,0.823529412,0,0,0.176470588,0,0,0.28,0,0.72,1,0,0.728813559,0.118644068,0.152542373,59
0.730769231,0.230769231,0.038461538,0,0,0.76744186,0.23255814,0,0,0,0,0,0,0,0.253731343,0,0,0.746268657,1,0,0.728813559,0.118644068,0.152542373,60
0.416666667,0.5,0.083333333,0,0,0.76744186,0.23255814,0,0,0.823529412,0,0,0.176470588,0,0,0.28,0,0.72,1,0,0.728813559,0.118644068,0.152542373,61
0.416666667,0.5,0.083333333,0,0,0.76744186,0.23255814,0,0,0.823529412,0,0,0.176470588,0,0,0.28,0,0.72,1,0,0.728813559,0.118644068,0.152542373,62
0.730769231,0.230769231,0.038461538,0,0,0.76744186,0.23255814,0,0,0,0,0,0,0,0.253731343,0,0,0.746268657,1,0,0.728813559,0.118644068,0.152542373,63
0.416666667,0.5,0.083333333,0,0,0.76744186,0.23255814,0,0,0.823529412,0,0,0.176470588,0,0,0.28,0,0.72,1,0,0.728813559,0.118644068,0.152542373,64
0.416666667,0.5,0.083333333,0,0,0.76744186,0.23255814,0,0,0.823529412,0,0,0.176470588,0,0,0.28,0,0.72,1,0,0.728813559,0.118644068,0.152542373,65
0.416666667,0.5,0.083333333,0,0,0.76744186,0.23255814,0,0,0.823529412,0,0,0.176470588,0,0,0.28,0,0.72,1,0,0.728813559,0.118644068,0.152542373,66
0.416666667,0.5,0.083333333,0,0,0.76744186,0.23255814,0,0,0.823529412,0,0,0.176470588,0,0,0.237288136,0.152542373,0.610169492,1,0,0.86,0.14,0,67
0.416666667,0.5,0.083333333,0,0,0.76744186,0.23255814,0,0,0.823529412,0,0,0.176470588,0,0,0.237288136,0.152542373,0.610169492,1,0,0.86,0.14,0,68
0.730769231,0.230769231,0.038461538,0,0,0.76744186,0.23255814,0,0,0,0,0,0,0,0.223684211,0,0.118421053,0.657894737,1,0,0.86,0.14,0,69
0.416666667,0.5,0.083333333,0,0,0.76744186,0.23255814,0,0,0.823529412,0,0,0.176470588,0,0,0.237288136,0.152542373,0.610169492,1,0,0.86,0.14,0,70
0.416666667,0.5,0.083333333,0,0,0.76744186,0.23255814,0,0,0.823529412,0,0,0.176470588,0,0,0.237288136,0.152542373,0.610169492,1,0,0.86,0.14,0,71
0.416666667,0.5,0.083333333,0,0,0.76744186,0.23255814,0,0,0.823529412,0,0,0.176470588,0,0,0.237288136,0.152542373,0.610169492,1,0,0.86,0.14,0,72
0.416666667,0.5,0.083333333,0,0,0.76744186,0.23255814,0,0,0.823529412,0,0,0.176470588,0,0,0.237288136,0.152542373,0.610169492,1,0,0.86,0.14,0,73
0.416666667,0.5,0.083333333,0,0,0.76744186,0.23255814,0,0,0.823529412,0,0,0.176470588,0,0,0.237288136,0.152542373,0.610169492,1,0,0.86,0.14,0,74
0.416666667,0.5,0.083333333,0,0,0.76744186,0.23255814,0,0,0.823529412,0,0,0.176470588,0,0,0.237288136,0.152542373,0.610169492,1,0,0.86,0.14,0,75
0.416666667,0.5,0.083333333,0,0,0.76744186,0.23255814,0,0,0.823529412,0,0,0.176470588,0,0,0.28,0,0.72,1,0,0.728813559,0.118644068,0.152542373,76
0.416666667,0.5,0.083333333,0,0,0.76744186,0.23255814,0,0,0.823529412,0,0,0.176470588,0,0,0.28,0,0.72,1,0,0.728813559,0.118644068,0.152542373,77
0.416666667,0.5,0.083333333,0,0,0.76744186,0.23255814,0,0,0.823529412,0,0,0.176470588,0,0,0.28,0,0.72,1,0,0.728813559,0.118644068,0.152542373,78
0.416666667,0.5,0.083333333,0,0,0.76744186,0.23255814,0,0,0.823529412,0,0,0.176470588,0,0,0.28,0,0.72,1,0,0.728813559,0.118644068,0.152542373,79
0.416666667,0.5,0.083333333,0,0,0.76744186,0.23255814,0,0,0.823529412,0,0,0.176470588,0,0,0.28,0,0.72,1,0,0.728813559,0.118644068,0.152542373,80
0.416666667,0.5,0.083333333,0,0,0.76744186,0.23255814,0,0,0.823529412,0,0,0.176470588,0,0,0.28,0,0.72,1,0,0.728813559,0.118644068,0.152542373,81
0.416666667,0.5,0.083333333,0,0,0.76744186,0.23255814,0,0,0.823529412,0,0,0.176470588,0,0,0.28,0,0.72,1,0,0.728813559,0.118644068,0.152542373,82
0.416666667,0.5,0.083333333,0,0,0.76744186,0.23255814,0,0,0.823529412,0,0,0.176470588,0,0,0.28,0,0.72,1,0,0.728813559,0.118644068,0.152542373,83
0.416666667,0.5,0.083333333,0,0,0.76744186,0.23255814,0,0,0.823529412,0,0,0.176470588,0,0,0.237288136,0.152542373,0.610169492,1,0,0.86,0.14,0,84
0.416666667,0.5,0.083333333,0,0,0.76744186,0.23255814,0,0,0.823529412,0,0,0.176470588,0,0,0.28,0,0.72,1,0,0.728813559,0.118644068,0.152542373,85
0.416666667,0.5,0.083333333,0,0,0.76744186,0.23255814,0,0,0.823529412,0,0,0.176470588,0,0,0.28,0,0.72,1,0,0.728813559,0.118644068,0.152542373,86
0.416666667,0.5,0.083333333,0,0,0.76744186,0.23255814,0,0,0.823529412,0,0,0.176470588,0,0,0.28,0,0.72,1,0,0.728813559,0.118644068,0.152542373,87
0.416666667,0.5,0.083333333,0,0,0.76744186,0.23255814,0,0,0.823529412,0,0,0.176470588,0,0,0.28,0,0.72,1,0,0.728813559,0.118644068,0.152542373,88
0.416666667,0.5,0.083333333,0,0,0.76744186,0.23255814,0,0,0.823529412,0,0,0.176470588,0,0,0.28,0,0.72,1,0,0.728813559,0.118644068,0.152542373,89
0.416666667,0.5,0.083333333,0,0,0.76744186,0.23255814,0,0,0.823529412,0,0,0.176470588,0,0,0.28,0,0.72,1,0,0.728813559,0.118644068,0.152542373,90
0.730769231,0.230769231,0.038461538,0,0,0.76744186,0.23255814,0,0,0,0,0,0,0,0.253731343,0,0,0.746268657,1,0,0.728813559,0.118644068,0.152542373,91
0.416666667,0.5,0.083333333,0,0,0.76744186,0.23255814,0,0,0.823529412,0,0,0.176470588,0,0,0.28,0,0.72,1,0,0.728813559,0.118644068,0.152542373,92
0.730769231,0.230769231,0.038461538,0,0,0.76744186,0.23255814,0,0,0,0,0,0,0,0.253731343,0,0,0.746268657,1,0,0.728813559,0.118644068,0.152542373,93
0.416666667,0.5,0.083333333,0,0,0.76744186,0.23255814,0,0,0.823529412,0,0,0.176470588,0,0,0.28,0,0.72,1,0,0.728813559,0.118644068,0.152542373,94
0.416666667,0.5,0.083333333,0,0,0.76744186,0.23255814,0,0,0.823529412,0,0,0.176470588,0,0,0.28,0,0.72,1,0,0.728813559,0.118644068,0.152542373,95
0.416666667,0.5,0.083333333,0,0,0.76744186,0.23255814,0,0,0.823529412,0,0,0.176470588,0,0,0.28,0,0.72,1,0,0.728813559,0.118644068,0.152542373,96
0.416666667,0.5,0.083333333,0,0,0.76744186,0.23255814,0,0,0.823529412,0,0,0.176470588,0,0,0.28,0,0.72,1,0,0.728813559,0.118644068,0.152542373,97
0.416666667,0.5,0.083333333,0,0,0.76744186,0.23255814,0,0,0.823529412,0,0,0.176470588,0,0,0.237288136,0.152542373,0.610169492,1,0,0.86,0.14,0,98
0.416666667,0.5,0.083333333,0,0,0.76744186,0.23255814,0,0,0.823529412,0,0,0.176470588,0,0,0.237288136,0.152542373,0.610169492,1,0,0.86,0.14,0,99
0.416666667,0.5,0.083333333,0,0,0.76744186,0.23255814,0,0,0.823529412,0,0,0.176470588,0,0,0.237288136,0.152542373,0.610169492,1,0,0.86,0.14,0,100
0.416666667,0.5,0.083333333,0,0,0.76744186,0.23255814,0,0,0.823529412,0,0,0.176470588,0,0,0.237288136,0.152542373,0.610169492,1,0,0.86,0.14,0,101
0.416666667,0.5,0.083333333,0,0,0.76744186,0.23255814,0,0,0.823529412,0,0,0.176470588,0,0,0.237288136,0.152542373,0.610169492,1,0,0.86,0.14,0,102
0.416666667,0.5,0.083333333,0,0,0.76744186,0.23255814,0,0,0.823529412,0,0,0.176470588,0,0,0.237288136,0.152542373,0.610169492,1,0,0.86,0.14,0,103
0.730769231,0.230769231,0.038461538,0,0,0.76744186,0.23255814,0,0,0,0,0,0,0,0.253731343,0,0,0.746268657,1,0,0.728813559,0.118644068,0.152542373,104
0.730769231,0.230769231,0.038461538,0,0,0.76744186,0.23255814,0,0,0,0,0,0,0,0.253731343,0,0,0.746268657,1,0,0.728813559,0.118644068,0.152542373,105
0.730769231,0.230769231,0.038461538,0,0,0.76744186,0.23255814,0,0,0,0,0,0,0,0,0,0.152542373,0.847457627,1,0.253731343,0.641791045,0.104477612,0,106
0.730769231,0.230769231,0.038461538,0,0,0.76744186,0.23255814,0,0,0,0,0,0,0,0,0,0.152542373,0.847457627,1,0.253731343,0.641791045,0.104477612,0,107
0.730769231,0.230769231,0.038461538,0,0,0.76744186,0.23255814,0,0,0,0,0,0,0,0,0,0.152542373,0.847457627,1,0.253731343,0.641791045,0.104477612,0,108
0.416666667,0.5,0.083333333,0,0,0.76744186,0.23255814,0,0,0.823529412,0,0,0.176470588,0,0,0.28,0,0.72,1,0,0.728813559,0.118644068,0.152542373,109
0.416666667,0.5,0.083333333,0,0,0.76744186,0.23255814,0,0,0.823529412,0,0,0.176470588,0,0,0.28,0,0.72,1,0,0.728813559,0.118644068,0.152542373,110
0.416666667,0.5,0.083333333,0,0,0.76744186,0.23255814,0,0,0.823529412,0,0,0.176470588,0,0,0.28,0,0.72,1,0,0.728813559,0.118644068,0.152542373,111
0.416666667,0.5,0.083333333,0,0,0.76744186,0.23255814,0,0,0.823529412,0,0,0.176470588,0,0,0.28,0,0.72,1,0,0.728813559,0.118644068,0.152542373,112
0.416666667,0.5,0.083333333,0,0,0.76744186,0.23255814,0,0,0.823529412,0,0,0.176470588,0,0,0.237288136,0.152542373,0.610169492,1,0,0.86,0.14,0,113
0.416666667,0.5,0.083333333,0,0,0.76744186,0.23255814,0,0,0.823529412,0,0,0.176470588,0,0,0.237288136,0.152542373,0.610169492,1,0,0.86,0.14,0,114
0.416666667,0.5,0.083333333,0,0,0.76744186,0.23255814,0,0,0.823529412,0,0,0.176470588,0,0,0.28,0,0.72,1,0,0.728813559,0.118644068,0.152542373,115
0.730769231,0.230769231,0.038461538,0,0,0.76744186,0.23255814,0,0,0,0,0,0,0,0.253731343,0,0,0.746268657,1,0,0.728813559,0.118644068,0.152542373,116
0.730769231,0.230769231,0.038461538,0,0,0.76744186,0.23255814,0,0,0,0,0,0,0,0.253731343,0,0,0.746268657,1,0,0.728813559,0.118644068,0.152542373,117
0.703703704,0.259259259,0.037037037,0,0,0.761904762,0.238095238,0,0,0,0,0,0,0,0.264705882,0,0,0.735294118,1,0,0.711864407,0.13559322,0.152542373,118
0.730769231,0.230769231,0.038461538,0,0,0.76744186,0.23255814,0,0,0,0,0,0,0,0,0,0.152542373,0.847457627,1,0.253731343,0.641791045,0.104477612,0,119
0.416666667,0.5,0.083333333,0,0,0.76744186,0.23255814,0,0,0.823529412,0,0,0.176470588,0,0,0.237288136,0.152542373,0.610169492,1,0,0.86,0.14,0,120
0.730769231,0.230769231,0.038461538,0,0,0.76744186,0.23255814,0,0,0,0,0,0,0,0.253731343,0,0,0.746268657,1,0,0.728813559,0.118644068,0.152542373,121
0.678571429,0.285714286,0.035714286,0,0,0.756097561,0.243902439,0,0,0,0,0,0,0,0.275362319,0,0,0.724637681,1,0,0.694915254,0.152542373,0.152542373,122
0.730769231,0.230769231,0.038461538,0,0,0.76744186,0.23255814,0,0,0,0,0,0,0,0.253731343,0,0,0.746268657,1,0,0.728813559,0.118644068,0.152542373,123
0.416666667,0.5,0.083333333,0,0,0.76744186,0.23255814,0,0,0.823529412,0,0,0.176470588,0,0,0.28,0,0.72,1,0,0.728813559,0.118644068,0.152542373,124
0.416666667,0.5,0.083333333,0,0,0.76744186,0.23255814,0,0,0.823529412,0,0,0.176470588,0,0,0.28,0,0.72,1,0,0.728813559,0.118644068,0.152542373,125
0.703703704,0.259259259,0.037037037,0,0,0.761904762,0.238095238,0,0,0,0,0,0,0,0.264705882,0,0,0.735294118,1,0,0.711864407,0.13559322,0.152542373,126
0.416666667,0.5,0.083333333,0,0,0.76744186,0.23255814,0,0,0.823529412,0,0,0.176470588,0,0,0.237288136,0.152542373,0.610169492,1,0,0.86,0.14,0,127
0.416666667,0.5,0.083333333,0,0,0.76744186,0.23255814,0,0,0.823529412,0,0,0.176470588,0,0,0.237288136,0.152542373,0.610169492,1,0,0.86,0.14,0,128
0.416666667,0.5,0.083333333,0,0,0.76744186,0.23255814,0,0,0.823529412,0,0,0.176470588,0,0,0.28,0,0.72,1,0,0.728813559,0.118644068,0.152542373,129
0.416666667,0.5,0.083333333,0,0,0.76744186,0.23255814,0,0,0.823529412,0,0,0.176470588,0,0,0.28,0,0.72,1,0,0.728813559,0.118644068,0.152542373,130
0.416666667,0.5,0.083333333,0,0,0.76744186,0.23255814,0,0,0.823529412,0,0,0.176470588,0,0,0.28,0,0.72,1,0,0.728813559,0.118644068,0.152542373,131
0.416666667,0.5,0.083333333,0,0,0.76744186,0.23255814,0,0,0.823529412,0,0,0.176470588,0,0,0.237288136,0.152542373,0.610169492,1,0,0.86,0.14,0,132
0.730769231,0.230769231,0.038461538,0,0,0.76744186,0.23255814,0,0,0,0,0,0,0,0,0,0.152542373,0.847457627,1,0.253731343,0.641791045,0.104477612,0,133
0.416666667,0.5,0.083333333,0,0,0.76744186,0.23255814,0,0,0.823529412,0,0,0.176470588,0,0,0.237288136,0.152542373,0.610169492,1,0,0.86,0.14,0,134
0.416666667,0.5,0.083333333,0,0,0.76744186,0.23255814,0,0,0.823529412,0,0,0.176470588,0,0,0.28,0,0.72,1,0,0.728813559,0.118644068,0.152542373,135
0.416666667,0.5,0.083333333,0,0,0.76744186,0.23255814,0,0,0.823529412,0,0,0.176470588,0,0,0.237288136,0.152542373,0.610169492,1,0,0.86,0.14,0,136
0.416666667,0.5,0.083333333,0,0,0.76744186,0.23255814,0,0,0.823529412,0,0,0.176470588,0,0,0.237288136,0.152542373,0.610169492,1,0,0.86,0.14,0,137
0.730769231,0.230769231,0.038461538,0,0,0.76744186,0.23255814,0,0,0,0,0,0,0,0,0,0.152542373,0.847457627,1,0.253731343,0.641791045,0.104477612,0,138
0.416666667,0.5,0.083333333,0,0,0.76744186,0.23255814,0,0,0.823529412,0,0,0.176470588,0,0,0.237288136,0.152542373,0.610169492,1,0,0.86,0.14,0,139
0.416666667,0.5,0.083333333,0,0,0.76744186,0.23255814,0,0,0.823529412,0,0,0.176470588,0,0,0.28,0,0.72,1,0,0.728813559,0.118644068,0.152542373,140
0.416666667,0.5,0.083333333,0,0,0.76744186,0.23255814,0,0,0.823529412,0,0,0.176470588,0,0,0.28,0,0.72,1,0,0.728813559,0.118644068,0.152542373,141
0.730769231,0.230769231,0.038461538,0,0,0.76744186,0.23255814,0,0,0,0,0,0,0,0,0,0.152542373,0.847457627,1,0.253731343,0.641791045,0.104477612,0,142
0.416666667,0.5,0.083333333,0,0,0.76744186,0.23255814,0,0,0.823529412,0,0,0.176470588,0,0,0.237288136,0.152542373,0.610169492,1,0,0.86,0.14,0,143
0.416666667,0.5,0.083333333,0,0,0.76744186,0.23255814,0,0,0.823529412,0,0,0.176470588,0,0,0.237288136,0.152542373,0.610169492,1,0,0.86,0.14,0,144
0.416666667,0.5,0.083333333,0,0,0.76744186,0.23255814,0,0,0.823529412,0,0,0.176470588,0,0,0.28,0,0.72,1,0,0.728813559,0.118644068,0.152542373,145
0.416666667,0.5,0.083333333,0,0,0.76744186,0.23255814,0,0,0.823529412,0,0,0.176470588,0,0,0.28,0,0.72,1,0,0.728813559,0.118644068,0.152542373,146
0.730769231,0.230769231,0.038461538,0,0,0.76744186,0.23255814,0,0,0,0,0,0,0,0,0,0.152542373,0.847457627,1,0.253731343,0.641791045,0.104477612,0,147
0.730769231,0.230769231,0.038461538,0,0,0.76744186,0.23255814,0,0,0,0,0,0,0,0,0,0.152542373,0.847457627,1,0.253731343,0.641791045,0.104477612,0,148
0.678571429,0.285714286,0.035714286,0,0,0.756097561,0.243902439,0,0,0,0,0,0,0,0,0,0.152542373,0.847457627,1,0.275362319,0.594202899,0.130434783,0,149
0.416666667,0.5,0.083333333,0,0,0.76744186,0.23255814,0,0,0.823529412,0,0,0.176470588,0,0,0.237288136,0.152542373,0.610169492,1,0,0.86,0.14,0,150
0.416666667,0.5,0.083333333,0,0,0.76744186,0.23255814,0,0,0.823529412,0,0,0.176470588,0,0,0.237288136,0.152542373,0.610169492,1,0,0.86,0.14,0,151
0.730769231,0.230769231,0.038461538,0,0,0.76744186,0.23255814,0,0,0,0,0,0,0,0,0,0.152542373,0.847457627,1,0.253731343,0.641791045,0.104477612,0,152
0.730769231,0.230769231,0.038461538,0,0,0.76744186,0.23255814,0,0,0,0,0,0,0,0,0,0.152542373,0.847457627,1,0.253731343,0.641791045,0.104477612,0,153
0.730769231,0.230769231,0.038461538,0,0,0.76744186,0.23255814,0,0,0,0,0,0,0,0,0,0.152542373,0.847457627,1,0.253731343,0.641791045,0.104477612,0,154
0.730769231,0.230769231,0.038461538,0,0,0.76744186,0.23255814,0,0,0,0,0,0,0,0,0,0.152542373,0.847457627,1,0.253731343,0.641791045,0.104477612,0,155
0.730769231,0.230769231,0.038461538,0,0,0.76744186,0.23255814,0,0,0,0,0,0,0,0,0,0.152542373,0.847457627,1,0.253731343,0.641791045,0.104477612,0,156
0.730769231,0.230769231,0.038461538,0,0,0.76744186,0.23255814,0,0,0,0,0,0,0,0,0,0.152542373,0.847457627,1,0.253731343,0.641791045,0.104477612,0,157
0.730769231,0.230769231,0.038461538,0,0,0.76744186,0.23255814,0,0,0,0,0,0,0,0,0,0.152542373,0.847457627,1,0.253731343,0.641791045,0.104477612,0,158
0.730769231,0.230769231,0.038461538,0,0,0.76744186,0.23255814,0,0,0,0,0,0,0,0,0,0.152542373,0.847457627,1,0.253731343,0.641791045,0.104477612,0,159
0.655172414,0.310344828,0.034482759,0,0,0.75,0.25,0,0,0,0,0,0,0,0,0,0.152542373,0.847457627,1,0.285714286,0.571428571,0.142857143,0,160
0.730769231,0.230769231,0.038461538,0,0,0.76744186,0.23255814,0,0,0,0,0,0,0,0,0,0.152542373,0.847457627,1,0.253731343,0.641791045,0.104477612,0,161
0.730769231,0.230769231,0.038461538,0,0,0.76744186,0.23255814,0,0,0,0,0,0,0,0,0,0.152542373,0.847457627,1,0.253731343,0.641791045,0.104477612,0,162
0.416666667,0.5,0.083333333,0,0,0.76744186,0.23255814,0,0,0.823529412,0,0,0.176470588,0,0,0.237288136,0.152542373,0.610169492,1,0,0.86,0.14,0,163
0.730769231,0.230769231,0.038461538,0,0,0.76744186,0.23255814,0,0,0,0,0,0,0,0,0,0.152542373,0.847457627,1,0.253731343,0.641791045,0.104477612,0,164
0.730769231,0.230769231,0.038461538,0,0,0.76744186,0.23255814,0,0,0,0,0,0,0,0,0,0.152542373,0.847457627,1,0.253731343,0.641791045,0.104477612,0,165
0.703703704,0.259259259,0.037037037,0,0,0.761904762,0.238095238,0,0,0,0,0,0,0,0,0,0.152542373,0.847457627,1,0.264705882,0.617647059,0.117647059,0,166
0.730769231,0.230769231,0.038461538,0,0,0.76744186,0.23255814,0,0,0,0,0,0,0,0,0,0.152542373,0.847457627,1,0.253731343,0.641791045,0.104477612,0,167
0.703703704,0.259259259,0.037037037,0,0,0.761904762,0.238095238,0,0,0,0,0,0,0,0,0,0.152542373,0.847457627,1,0.264705882,0.617647059,0.117647059,0,168
0.416666667,0.5,0.083333333,0,0,0.76744186,0.23255814,0,0,0.823529412,0,0,0.176470588,0,0,0.237288136,0.152542373,0.610169492,1,0,0.86,0.14,0,169
0.416666667,0.5,0.083333333,0,0,0.76744186,0.23255814,0,0,0.823529412,0,0,0.176470588,0,0,0.237288136,0.152542373,0.610169492,1,0,0.86,0.14,0,170
0.730769231,0.230769231,0.038461538,0,0,0.76744186,0.23255814,0,0,0,0,0,0,0,0,0,0.152542373,0.847457627,1,0.253731343,0.641791045,0.104477612,0,171
0.730769231,0.230769231,0.038461538,0,0,0.76744186,0.23255814,0,0,0,0,0,0,0,0,0,0.152542373,0.847457627,1,0.253731343,0.641791045,0.104477612,0,172
0.416666667,0.5,0.083333333,0,0,0.76744186,0.23255814,0,0,0.823529412,0,0,0.176470588,0,0,0.237288136,0.152542373,0.610169492,1,0,0.86,0.14,0,173
0.416666667,0.5,0.083333333,0,0,0.76744186,0.23255814,0,0,0.823529412,0,0,0.176470588,0,0,0.237288136,0.152542373,0.610169492,1,0,0.86,0.14,0,174
0.416666667,0.5,0.083333333,0,0,0.76744186,0.23255814,0,0,0.823529412,0,0,0.176470588,0,0,0.237288136,0.152542373,0.610169492,1,0,0.86,0.14,0,175
0.416666667,0.5,0.083333333,0,0,0.76744186,0.23255814,0,0,0.823529412,0,0,0.176470588,0,0,0.237288136,0.152542373,0.610169492,1,0,0.86,0.14,0,176
0.416666667,0.5,0.083333333,0,0,0.76744186,0.23255814,0,0,0.823529412,0,0,0.176470588,0,0,0.237288136,0.152542373,0.610169492,1,0,0.86,0.14,0,177
0.416666667,0.5,0.083333333,0,0,0.76744186,0.23255814,0,0,0.823529412,0,0,0.176470588,0,0,0.237288136,0.152542373,0.610169492,1,0,0.86,0.14,0,178
0.416666667,0.5,0.083333333,0,0,0.76744186,0.23255814,0,0,0.823529412,0,0,0.176470588,0,0,0.237288136,0.152542373,0.610169492,1,0,0.86,0.14,0,179
0.416666667,0.5,0.083333333,0,0,0.76744186,0.23255814,0,0,0.823529412,0,0,0.176470588,0,0,0.237288136,0.152542373,0.610169492,1,0,0.86,0.14,0,180
0.416666667,0.5,0.083333333,0,0,0.76744186,0.23255814,0,0,0.823529412,0,0,0.176470588,0,0,0.28,0,0.72,1,0,0.728813559,0.118644068,0.152542373,181
0.416666667,0.5,0.083333333,0,0,0.76744186,0.23255814,0,0,0.823529412,0,0,0.176470588,0,0,0.237288136,0.152542373,0.610169492,1,0,0.86,0.14,0,182
0.416666667,0.5,0.083333333,0,0,0.76744186,0.23255814,0,0,0.823529412,0,0,0.176470588,0,0,0.237288136,0.152542373,0.610169492,1,0,0.86,0.14,0,183
0.416666667,0.5,0.083333333,0,0,0.76744186,0.23255814,0,0,0.823529412,0,0,0.176470588,0,0,0.237288136,0.152542373,0.610169492,1,0,0.86,0.14,0,184
0.416666667,0.5,0.083333333,0,0,0.76744186,0.23255814,0,0,0.823529412,0,0,0.176470588,0,0,0.237288136,0.152542373,0.610169492,1,0,0.86,0.14,0,185
0.416666667,0.5,0.083333333,0,0,0.76744186,0.23255814,0,0,0.823529412,0,0,0.176470588,0,0,0.237288136,0.152542373,0.610169492,1,0,0.86,0.14,0,186
0.416666667,0.5,0.083333333,0,0,0.76744186,0.23255814,0,0,0.823529412,0,0,0.176470588,0,0,0.237288136,0.152542373,0.610169492,1,0,0.86,0.14,0,187
0.416666667,0.5,0.083333333,0,0,0.76744186,0.23255814,0,0,0.823529412,0,0,0.176470588,0,0,0.237288136,0.152542373,0.610169492,1,0,0.86,0.14,0,188
0.416666667,0.5,0.083333333,0,0,0.76744186,0.23255814,0,0,0.823529412,0,0,0.176470588,0,0,0.237288136,0.152542373,0.610169492,1,0,0.86,0.14,0,189
0.730769231,0.230769231,0.038461538,0,0,0.76744186,0.23255814,0,0,0,0,0,0,0,0,0,0.152542373,0.847457627,1,0.253731343,0.641791045,0.104477612,0,190
0.678571429,0.25,0.071428571,0,0,0.780487805,0.219512195,0,0,0,0,0,0,0,0,0,0.152542373,0.847457627,1,0.275362319,0.594202899,0.130434783,0,191
0.416666667,0.5,0.083333333,0,0,0.76744186,0.23255814,0,0,0.823529412,0,0,0.176470588,0,0,0.28,0,0.72,1,0,0.728813559,0.118644068,0.152542373,192
0.416666667,0.5,0.083333333,0,0,0.76744186,0.23255814,0,0,0.823529412,0,0,0.176470588,0,0,0.237288136,0.152542373,0.610169492,1,0,0.86,0.14,0,193
0.416666667,0.5,0.083333333,0,0,0.76744186,0.23255814,0,0,0.823529412,0,0,0.176470588,0,0,0.237288136,0.152542373,0.610169492,1,0,0.86,0.14,0,194
0.416666667,0.5,0.083333333,0,0,0.76744186,0.23255814,0,0,0.823529412,0,0,0.176470588,0,0,0.237288136,0.152542373,0.610169492,1,0,0.86,0.14,0,195
0.416666667,0.5,0.083333333,0,0,0.76744186,0.23255814,0,0,0.823529412,0,0,0.176470588,0,0,0.237288136,0.152542373,0.610169492,1,0,0.86,0.14,0,196
0.416666667,0.5,0.083333333,0,0,0.76744186,0.23255814,0,0,0.823529412,0,0,0.176470588,0,0,0.237288136,0.152542373,0.610169492,1,0,0.86,0.14,0,197
0.416666667,0.5,0.083333333,0,0,0.76744186,0.23255814,0,0,0.823529412,0,0,0.176470588,0,0,0.237288136,0.152542373,0.610169492,1,0,0.86,0.14,0,198
0.416666667,0.5,0.083333333,0,0,0.76744186,0.23255814,0,0,0.823529412,0,0,0.176470588,0,0,0.237288136,0.152542373,0.610169492,1,0,0.86,0.14,0,199
0.416666667,0.5,0.083333333,0,0,0.76744186,0.23255814,0,0,0.823529412,0,0,0.176470588,0,0,0.237288136,0.152542373,0.610169492,1,0,0.86,0.14,0,200
0.416666667,0.5,0.083333333,0,0,0.76744186,0.23255814,0,0,0.823529412,0,0,0.176470588,0,0,0.237288136,0.152542373,0.610169492,1,0,0.86,0.14,0,201
0.416666667,0.5,0.083333333,0,0,0.76744186,0.23255814,0,0,0.823529412,0,0,0.176470588,0,0,0.237288136,0.152542373,0.610169492,1,0,0.86,0.14,0,202
0.416666667,0.5,0.083333333,0,0,0.76744186,0.23255814,0,0,0.823529412,0,0,0.176470588,0,0,0.237288136,0.152542373,0.610169492,1,0,0.86,0.14,0,203
0.416666667,0.5,0.083333333,0,0,0.76744186,0.23255814,0,0,0.823529412,0,0,0.176470588,0,0,0.237288136,0.152542373,0.610169492,1,0,0.86,0.14,0,204
0.416666667,0.5,0.083333333,0,0,0.76744186,0.23255814,0,0,0.823529412,0,0,0.176470588,0,0,0.237288136,0.152542373,0.610169492,1,0,0.86,0.14,0,205
0.416666667,0.5,0.083333333,0,0,0.76744186,0.23255814,0,0,0.823529412,0,0,0.176470588,0,0,0.237288136,0.152542373,0.610169492,1,0,0.86,0.14,0,206
0.416666667,0.5,0.083333333,0,0,0.76744186,0.23255814,0,0,0.823529412,0,0,0.176470588,0,0,0.237288136,0.152542373,0.610169492,1,0,0.86,0.14,0,207
0.416666667,0.5,0.083333333,0,0,0.76744186,0.23255814,0,0,0.823529412,0,0,0.176470588,0,0,0.237288136,0.152542373,0.610169492,1,0,0.86,0.14,0,208
0.416666667,0.5,0.083333333,0,0,0.76744186,0.23255814,0,0,0.823529412,0,0,0.176470588,0,0,0.237288136,0.152542373,0.610169492,1,0,0.86,0.14,0,209
0.416666667,0.5,0.083333333,0,0,0.76744186,0.23255814,0,0,0.823529412,0,0,0.176470588,0,0,0.237288136,0.152542373,0.610169492,1,0,0.86,0.14,0,210
0.416666667,0.5,0.083333333,0,0,0.76744186,0.23255814,0,0,0.823529412,0,0,0.176470588,0,0,0.237288136,0.152542373,0.610169492,1,0,0.86,0.14,0,211
0.416666667,0.5,0.083333333,0,0,0.76744186,0.23255814,0,0,0.823529412,0,0,0.176470588,0,0,0.237288136,0.152542373,0.610169492,1,0,0.86,0.14,0,212
0.416666667,0.5,0.083333333,0,0,0.76744186,0.23255814,0,0,0.823529412,0,0,0.176470588,0,0,0.237288136,0.152542373,0.610169492,1,0,0.86,0.14,0,213
0.416666667,0.5,0.083333333,0,0,0.76744186,0.23255814,0,0,0.823529412,0,0,0.176470588,0,0,0.237288136,0.152542373,0.610169492,1,0,0.86,0.14,0,214
0.416666667,0.5,0.083333333,0,0,0.76744186,0.23255814,0,0,0.823529412,0,0,0.176470588,0,0,0.237288136,0.152542373,0.610169492,1,0,0.86,0.14,0,215
0.416666667,0.5,0.083333333,0,0,0.76744186,0.23255814,0,0,0.823529412,0,0,0.176470588,0,0,0.237288136,0.152542373,0.610169492,1,0,0.86,0.14,0,216
0.416666667,0.5,0.083333333,0,0,0.76744186,0.23255814,0,0,0.823529412,0,0,0.176470588,0,0,0.237288136,0.152542373,0.610169492,1,0,0.86,0.14,0,217
0.416666667,0.5,0.083333333,0,0,0.76744186,0.23255814,0,0,0.823529412,0,0,0.176470588,0,0,0.237288136,0.152542373,0.610169492,1,0,0.86,0.14,0,218
0.416666667,0.5,0.083333333,0,0,0.76744186,0.23255814,0,0,0.823529412,0,0,0.176470588,0,0,0.237288136,0.152542373,0.610169492,1,0,0.86,0.14,0,219
0.416666667,0.5,0.083333333,0,0,0.76744186,0.23255814,0,0,0.823529412,0,0,0.176470588,0,0,0.237288136,0.152542373,0.610169492,1,0,0.86,0.14,0,220
0.416666667,0.5,0.083333333,0,0,0.76744186,0.23255814,0,0,0.823529412,0,0,0.176470588,0,0,0.237288136,0.152542373,0.610169492,1,0,0.86,0.14,0,221
0.416666667,0.5,0.083333333,0,0,0.76744186,0.23255814,0,0,0.823529412,0,0,0.176470588,0,0,0.237288136,0.152542373,0.610169492,1,0,0.86,0.14,0,222
0.416666667,0.5,0.083333333,0,0,0.76744186,0.23255814,0,0,0.823529412,0,0,0.176470588,0,0,0.237288136,0.152542373,0.610169492,1,0,0.86,0.14,0,223
0.703703704,0.259259259,0.037037037,0,0,0.761904762,0.238095238,0,0,0,0,0,0,0,0,0,0.152542373,0.847457627,1,0.264705882,0.617647059,0.117647059,0,224
0.416666667,0.5,0.083333333,0,0,0.76744186,0.23255814,0,0,0.823529412,0,0,0.176470588,0,0,0.237288136,0.152542373,0.610169492,1,0,0.86,0.14,0,225
0.416666667,0.5,0.083333333,0,0,0.76744186,0.23255814,0,0,0.823529412,0,0,0.176470588,0,0,0.237288136,0.152542373,0.610169492,1,0,0.86,0.14,0,226
0.416666667,0.5,0.083333333,0,0,0.76744186,0.23255814,0,0,0.823529412,0,0,0.176470588,0,0,0.237288136,0.152542373,0.610169492,1,0,0.86,0.14,0,227
0.416666667,0.5,0.083333333,0,0,0.76744186,0.23255814,0,0,0.823529412,0,0,0.176470588,0,0,0.237288136,0.152542373,0.610169492,1,0,0.86,0.14,0,228
0.730769231,0.230769231,0.038461538,0,0,0.76744186,0.23255814,0,0,0,0,0,0,0,0,0,0.152542373,0.847457627,1,0.253731343,0.641791045,0.104477612,0,229
0.416666667,0.5,0.083333333,0,0,0.76744186,0.23255814,0,0,0.823529412,0,0,0.176470588,0,0,0.237288136,0.152542373,0.610169492,1,0,0.86,0.14,0,230
0.416666667,0.5,0.083333333,0,0,0.76744186,0.23255814,0,0,0.823529412,0,0,0.176470588,0,0,0.237288136,0.152542373,0.610169492,1,0,0.86,0.14,0,231
0.416666667,0.5,0.083333333,0,0,0.76744186,0.23255814,0,0,0.823529412,0,0,0.176470588,0,0,0.237288136,0.152542373,0.610169492,1,0,0.86,0.14,0,232
0.416666667,0.5,0.083333333,0,0,0.76744186,0.23255814,0,0,0.823529412,0,0,0.176470588,0,0,0.237288136,0.152542373,0.610169492,1,0,0.86,0.14,0,233
0.416666667,0.5,0.083333333,0,0,0.76744186,0.23255814,0,0,0.823529412,0,0,0.176470588,0,0,0.237288136,0.152542373,0.610169492,1,0,0.86,0.14,0,234
0.730769231,0.230769231,0.038461538,0,0,0.76744186,0.23255814,0,0,0,0,0,0,0,0,0,0.152542373,0.847457627,1,0.253731343,0.641791045,0.104477612,0,235
0.730769231,0.230769231,0.038461538,0,0,0.76744186,0.23255814,0,0,0,0,0,0,0,0,0,0.152542373,0.847457627,1,0.253731343,0.641791045,0.104477612,0,236
0.730769231,0.230769231,0.038461538,0,0,0.76744186,0.23255814,0,0,0,0,0,0,0,0,0,0.152542373,0.847457627,1,0.253731343,0.641791045,0.104477612,0,237
0.416666667,0.5,0.083333333,0,0,0.76744186,0.23255814,0,0,0.823529412,0,0,0.176470588,0,0,0.237288136,0.152542373,0.610169492,1,0,0.86,0.14,0,238
0.416666667,0.5,0.083333333,0,0,0.76744186,0.23255814,0,0,0.823529412,0,0,0.176470588,0,0,0.237288136,0.152542373,0.610169492,1,0,0.86,0.14,0,239
0.730769231,0.230769231,0.038461538,0,0,0.76744186,0.23255814,0,0,0,0,0,0,0,0,0,0.152542373,0.847457627,1,0.253731343,0.641791045,0.104477612,0,240
0.730769231,0.230769231,0.038461538,0,0,0.76744186,0.23255814,0,0,0,0,0,0,0,0,0,0.152542373,0.847457627,1,0.253731343,0.641791045,0.104477612,0,241
0.703703704,0.259259259,0.037037037,0,0,0.761904762,0.238095238,0,0,0,0,0,0,0,0,0,0.152542373,0.847457627,1,0.264705882,0.617647059,0.117647059,0,242
0.730769231,0.230769231,0.038461538,0,0,0.76744186,0.23255814,0,0,0,0,0,0,0,0,0,0.152542373,0.847457627,1,0.253731343,0.641791045,0.104477612,0,243
0.730769231,0.230769231,0.038461538,0,0,0.76744186,0.23255814,0,0,0,0,0,0,0,0,0,0.152542373,0.847457627,1,0.253731343,0.641791045,0.104477612,0,244
0.703703704,0.259259259,0.037037037,0,0,0.761904762,0.238095238,0,0,0,0,0,0,0,0,0,0.152542373,0.847457627,1,0.264705882,0.617647059,0.117647059,0,245
0.703703704,0.259259259,0.037037037,0,0,0.761904762,0.238095238,0,0,0,0,0,0,0,0,0,0.152542373,0.847457627,1,0.264705882,0.617647059,0.117647059,0,246
0.703703704,0.259259259,0.037037037,0,0,0.761904762,0.238095238,0,0,0,0,0,0,0,0,0,0.152542373,0.847457627,1,0.264705882,0.617647059,0.117647059,0,247
0.703703704,0.259259259,0.037037037,0,0,0.761904762,0.238095238,0,0,0,0,0,0,0,0,0,0.152542373,0.847457627,1,0.264705882,0.617647059,0.117647059,0,248
0.703703704,0.259259259,0.037037037,0,0,0.761904762,0.238095238,0,0,0,0,0,0,0,0,0,0.152542373,0.847457627,1,0.264705882,0.617647059,0.117647059,0,249
0.416666667,0.5,0.083333333,0,0,0.76744186,0.23255814,0,0,0.823529412,0,0,0.176470588,0,0,0.237288136,0.152542373,0.610169492,1,0,0.86,0.14,0,250
0.416666667,0.5,0.083333333,0,0,0.76744186,0.23255814,0,0,0.823529412,0,0,0.176470588,0,0,0.237288136,0.152542373,0.610169492,1,0,0.86,0.14,0,251
0.416666667,0.5,0.083333333,0,0,0.76744186,0.23255814,0,0,0.823529412,0,0,0.176470588,0,0,0.237288136,0.152542373,0.610169492,1,0,0.86,0.14,0,252
0.416666667,0.5,0.083333333,0,0,0.76744186,0.23255814,0,0,0.823529412,0,0,0.176470588,0,0,0.237288136,0.152542373,0.610169492,1,0,0.86,0.14,0,253
0.416666667,0.5,0.083333333,0,0,0.76744186,0.23255814,0,0,0.823529412,0,0,0.176470588,0,0,0.237288136,0.152542373,0.610169492,1,0,0.86,0.14,0,254
0.416666667,0.5,0.083333333,0,0,0.76744186,0.23255814,0,0,0.823529412,0,0,0.176470588,0,0,0.237288136,0.152542373,0.610169492,1,0,0.86,0.14,0,255
0.416666667,0.5,0.083333333,0,0,0.76744186,0.23255814,0,0,0.823529412,0,0,0.176470588,0,0,0.237288136,0.152542373,0.610169492,1,0,0.86,0.14,0,256
0.416666667,0.5,0.083333333,0,0,0.76744186,0.23255814,0,0,0.823529412,0,0,0.176470588,0,0,0.237288136,0.152542373,0.610169492,1,0,0.86,0.14,0,257
0.416666667,0.5,0.083333333,0,0,0.76744186,0.23255814,0,0,0.823529412,0,0,0.176470588,0,0,0.237288136,0.152542373,0.610169492,1,0,0.86,0.14,0,258
0.416666667,0.5,0.083333333,0,0,0.76744186,0.23255814,0,0,0.823529412,0,0,0.176470588,0,0,0.237288136,0.152542373,0.610169492,1,0,0.86,0.14,0,259
0.416666667,0.5,0.083333333,0,0,0.76744186,0.23255814,0,0,0.823529412,0,0,0.176470588,0,0,0.237288136,0.152542373,0.610169492,1,0,0.86,0.14,0,260
0.533333333,0.4,0.066666667,0,0,0.76744186,0.23255814,0,0,1,0,0,0,0,0.107142857,0.196428571,0,0.696428571,1,0,0.728813559,0.118644068,0.152542373,261
0.703703704,0.259259259,0.037037037,0,0,0.761904762,0.238095238,0,0,0,0,0,0,0,0,0,0.152542373,0.847457627,1,0.264705882,0.617647059,0.117647059,0,262
0.416666667,0.5,0.083333333,0,0,0.76744186,0.23255814,0,0,0.823529412,0,0,0.176470588,0,0,0.237288136,0.152542373,0.610169492,1,0,0.86,0.14,0,263
0.416666667,0.5,0.083333333,0,0,0.76744186,0.23255814,0,0,0.823529412,0,0,0.176470588,0,0,0.237288136,0.152542373,0.610169492,1,0,0.86,0.14,0,264
0.703703704,0.259259259,0.037037037,0,0,0.761904762,0.238095238,0,0,0,0,0,0,0,0,0,0.152542373,0.847457627,1,0.264705882,0.617647059,0.117647059,0,265
0.730769231,0.230769231,0.038461538,0,0,0.76744186,0.23255814,0,0,0,0,0,0,0,0,0,0.152542373,0.847457627,1,0.253731343,0.641791045,0.104477612,0,266
0.416666667,0.5,0.083333333,0,0,0.76744186,0.23255814,0,0,0.823529412,0,0,0.176470588,0,0,0.237288136,0.152542373,0.610169492,1,0,0.86,0.14,0,267
0.416666667,0.5,0.083333333,0,0,0.76744186,0.23255814,0,0,0.823529412,0,0,0.176470588,0,0,0.237288136,0.152542373,0.610169492,1,0,0.86,0.14,0,268
0.416666667,0.5,0.083333333,0,0,0.76744186,0.23255814,0,0,0.823529412,0,0,0.176470588,0,0,0.237288136,0.152542373,0.610169492,1,0,0.86,0.14,0,269
0.416666667,0.5,0.083333333,0,0,0.76744186,0.23255814,0,0,0.823529412,0,0,0.176470588,0,0,0.237288136,0.152542373,0.610169492,1,0,0.86,0.14,0,270
0.416666667,0.5,0.083333333,0,0,0.76744186,0.23255814,0,0,0.823529412,0,0,0.176470588,0,0,0.237288136,0.152542373,0.610169492,1,0,0.86,0.14,0,271
0.416666667,0.5,0.083333333,0,0,0.76744186,0.23255814,0,0,0.823529412,0,0,0.176470588,0,0,0.237288136,0.152542373,0.610169492,1,0,0.86,0.14,0,272
0.416666667,0.5,0.083333333,0,0,0.76744186,0.23255814,0,0,0.823529412,0,0,0.176470588,0,0,0.237288136,0.152542373,0.610169492,1,0,0.86,0.14,0,273
0.416666667,0.5,0.083333333,0,0,0.76744186,0.23255814,0,0,0.823529412,0,0,0.176470588,0,0,0.237288136,0.152542373,0.610169492,1,0,0.86,0.14,0,274
0.416666667,0.5,0.083333333,0,0,0.76744186,0.23255814,0,0,0.823529412,0,0,0.176470588,0,0,0.237288136,0.152542373,0.610169492,1,0,0.86,0.14,0,275
0.416666667,0.5,0.083333333,0,0,0.76744186,0.23255814,0,0,0.823529412,0,0,0.176470588,0,0,0.237288136,0.152542373,0.610169492,1,0,0.86,0.14,0,276
0.416666667,0.5,0.083333333,0,0,0.76744186,0.23255814,0,0,0.823529412,0,0,0.176470588,0,0,0.237288136,0.152542373,0.610169492,1,0,0.86,0.14,0,277
0.416666667,0.5,0.083333333,0,0,0.76744186,0.23255814,0,0,0.823529412,0,0,0.176470588,0,0,0.237288136,0.152542373,0.610169492,1,0,0.86,0.14,0,278
0.416666667,0.5,0.083333333,0,0,0.76744186,0.23255814,0,0,0.823529412,0,0,0.176470588,0,0,0.237288136,0.152542373,0.610169492,1,0,0.86,0.14,0,279
0.416666667,0.5,0.083333333,0,0,0.76744186,0.23255814,0,0,0.823529412,0,0,0.176470588,0,0,0.237288136,0.152542373,0.610169492,1,0,0.86,0.14,0,280
0.416666667,0.5,0.083333333,0,0,0.76744186,0.23255814,0,0,0.823529412,0,0,0.176470588,0,0,0.237288136,0.152542373,0.610169492,1,0,0.86,0.14,0,281
0.416666667,0.5,0.083333333,0,0,0.76744186,0.23255814,0,0,0.823529412,0,0,0.176470588,0,0,0.237288136,0.152542373,0.610169492,1,0,0.86,0.14,0,282
0.416666667,0.5,0.083333333,0,0,0.76744186,0.23255814,0,0,0.823529412,0,0,0.176470588,0,0,0.237288136,0.152542373,0.610169492,1,0,0.86,0.14,0,283
0.416666667,0.5,0.083333333,0,0,0.76744186,0.23255814,0,0,0.823529412,0,0,0.176470588,0,0,0.237288136,0.152542373,0.610169492,1,0,0.86,0.14,0,284
0.416666667,0.5,0.083333333,0,0,0.76744186,0.23255814,0,0,0.823529412,0,0,0.176470588,0,0,0.237288136,0.152542373,0.610169492,1,0,0.86,0.14,0,285
0.730769231,0.230769231,0.038461538,0,0,0.76744186,0.23255814,0,0,0,0,0,0,0,0,0,0.152542373,0.847457627,1,0.253731343,0.641791045,0.104477612,0,286
0.730769231,0.230769231,0.038461538,0,0,0.76744186,0.23255814,0,0,0,0,0,0,0,0,0,0.152542373,0.847457627,1,0.253731343,0.641791045,0.104477612,0,287
0.416666667,0.5,0.083333333,0,0,0.76744186,0.23255814,0,0,0.823529412,0,0,0.176470588,0,0,0.237288136,0.152542373,0.610169492,1,0,0.86,0.14,0,288
0.416666667,0.5,0.083333333,0,0,0.76744186,0.23255814,0,0,0.823529412,0,0,0.176470588,0,0,0.237288136,0.152542373,0.610169492,1,0,0.86,0.14,0,289
0.416666667,0.5,0.083333333,0,0,0.76744186,0.23255814,0,0,0.823529412,0,0,0.176470588,0,0,0.237288136,0.152542373,0.610169492,1,0,0.86,0.14,0,290
0.730769231,0.230769231,0.038461538,0,0,0.76744186,0.23255814,0,0,0,0,0,0,0,0,0,0.152542373,0.847457627,1,0.253731343,0.641791045,0.104477612,0,291
0.416666667,0.5,0.083333333,0,0,0.76744186,0.23255814,0,0,0.823529412,0,0,0.176470588,0,0,0.237288136,0.152542373,0.610169492,1,0,0.86,0.14,0,292
0.416666667,0.5,0.083333333,0,0,0.76744186,0.23255814,0,0,0.823529412,0,0,0.176470588,0,0,0.237288136,0.152542373,0.610169492,1,0,0.86,0.14,0,293
0.416666667,0.5,0.083333333,0,0,0.76744186,0.23255814,0,0,0.823529412,0,0,0.176470588,0,0,0.237288136,0.152542373,0.610169492,1,0,0.86,0.14,0,294
0.416666667,0.5,0.083333333,0,0,0.76744186,0.23255814,0,0,0.823529412,0,0,0.176470588,0,0,0.237288136,0.152542373,0.610169492,1,0,0.86,0.14,0,295
0.416666667,0.5,0.083333333,0,0,0.76744186,0.23255814,0,0,0.823529412,0,0,0.176470588,0,0,0.237288136,0.152542373,0.610169492,1,0,0.86,0.14,0,296
0.416666667,0.5,0.083333333,0,0,0.76744186,0.23255814,0,0,0.823529412,0,0,0.176470588,0,0,0.237288136,0.152542373,0.610169492,1,0,0.86,0.14,0,297
0.416666667,0.5,0.083333333,0,0,0.76744186,0.23255814,0,0,0.823529412,0,0,0.176470588,0,0,0.237288136,0.152542373,0.610169492,1,0,0.86,0.14,0,298
0.416666667,0.5,0.083333333,0,0,0.76744186,0.23255814,0,0,0.823529412,0,0,0.176470588,0,0,0.237288136,0.152542373,0.610169492,1,0,0.86,0.14,0,299
0.730769231,0.230769231,0.038461538,0,0,0.76744186,0.23255814,0,0,0,0,0,0,0,0,0,0.152542373,0.847457627,1,0.253731343,0.641791045,0.104477612,0,300
0.730769231,0.230769231,0.038461538,0,0,0.76744186,0.23255814,0,0,0,0,0,0,0,0.253731343,0,0,0.746268657,1,0,0.728813559,0.118644068,0.152542373,301
0.730769231,0.230769231,0.038461538,0,0,0.76744186,0.23255814,0,0,0,0,0,0,0,0.253731343,0,0,0.746268657,1,0,0.728813559,0.118644068,0.152542373,302
0.655172414,0.275862069,0.068965517,0,0,0.775,0.225,0,0,0,0,0,0,0,0.285714286,0,0,0.714285714,1,0,0.677966102,0.169491525,0.152542373,303
0.730769231,0.230769231,0.038461538,0,0,0.76744186,0.23255814,0,0,0,0,0,0,0,0,0,0.152542373,0.847457627,1,0.253731343,0.641791045,0.104477612,0,304
0.730769231,0.230769231,0.038461538,0,0,0.76744186,0.23255814,0,0,0,0,0,0,0,0,0,0.152542373,0.847457627,1,0.253731343,0.641791045,0.104477612,0,305
0.730769231,0.230769231,0.038461538,0,0,0.76744186,0.23255814,0,0,0,0,0,0,0,0,0,0.152542373,0.847457627,1,0.253731343,0.641791045,0.104477612,0,306
0.730769231,0.230769231,0.038461538,0,0,0.76744186,0.23255814,0,0,0,0,0,0,0,0,0,0.152542373,0.847457627,1,0.253731343,0.641791045,0.104477612,0,307
0.730769231,0.230769231,0.038461538,0,0,0.76744186,0.23255814,0,0,0,0,0,0,0,0,0,0.152542373,0.847457627,1,0.253731343,0.641791045,0.104477612,0,308
0.416666667,0.5,0.083333333,0,0,0.76744186,0.23255814,0,0,0.823529412,0,0,0.176470588,0,0,0.237288136,0.152542373,0.610169492,1,0,0.86,0.14,0,309
0.416666667,0.5,0.083333333,0,0,0.76744186,0.23255814,0,0,0.823529412,0,0,0.176470588,0,0,0.237288136,0.152542373,0.610169492,1,0,0.86,0.14,0,310
0.416666667,0.5,0.083333333,0,0,0.76744186,0.23255814,0,0,0.823529412,0,0,0.176470588,0,0,0.237288136,0.152542373,0.610169492,1,0,0.86,0.14,0,311
0.416666667,0.5,0.083333333,0,0,0.76744186,0.23255814,0,0,0.823529412,0,0,0.176470588,0,0,0.237288136,0.152542373,0.610169492,1,0,0.86,0.14,0,312
0.730769231,0.230769231,0.038461538,0,0,0.76744186,0.23255814,0,0,0,0,0,0,0,0,0,0.152542373,0.847457627,1,0.253731343,0.641791045,0.104477612,0,313
0.416666667,0.5,0.083333333,0,0,0.76744186,0.23255814,0,0,0.823529412,0,0,0.176470588,0,0,0.237288136,0.152542373,0.610169492,1,0,0.86,0.14,0,314
0.416666667,0.5,0.083333333,0,0,0.76744186,0.23255814,0,0,0.823529412,0,0,0.176470588,0,0,0.237288136,0.152542373,0.610169492,1,0,0.86,0.14,0,315
0.416666667,0.5,0.083333333,0,0,0.76744186,0.23255814,0,0,0.823529412,0,0,0.176470588,0,0,0.28,0,0.72,1,0,0.728813559,0.118644068,0.152542373,316
0.416666667,0.5,0.083333333,0,0,0.76744186,0.23255814,0,0,0.823529412,0,0,0.176470588,0,0,0.28,0,0.72,1,0,0.728813559,0.118644068,0.152542373,317
0.730769231,0.230769231,0.038461538,0,0,0.76744186,0.23255814,0,0,0,0,0,0,0,0.253731343,0,0,0.746268657,1,0,0.728813559,0.118644068,0.152542373,318
0.703703704,0.259259259,0.037037037,0,0,0.761904762,0.238095238,0,0,0,0,0,0,0,0.264705882,0,0,0.735294118,1,0,0.711864407,0.13559322,0.152542373,319
0.730769231,0.230769231,0.038461538,0,0,0.76744186,0.23255814,0,0,0,0,0,0,0,0.253731343,0,0,0.746268657,1,0,0.728813559,0.118644068,0.152542373,320
0.730769231,0.230769231,0.038461538,0,0,0.76744186,0.23255814,0,0,0,0,0,0,0,0.253731343,0,0,0.746268657,1,0,0.728813559,0.118644068,0.152542373,321
0.730769231,0.230769231,0.038461538,0,0,0.76744186,0.23255814,0,0,0,0,0,0,0,0.253731343,0,0,0.746268657,1,0,0.728813559,0.118644068,0.152542373,322
0.730769231,0.230769231,0.038461538,0,0,0.76744186,0.23255814,0,0,0,0,0,0,0,0.253731343,0,0,0.746268657,1,0,0.728813559,0.118644068,0.152542373,323
0.416666667,0.5,0.083333333,0,0,0.76744186,0.23255814,0,0,0.823529412,0,0,0.176470588,0,0,0.28,0,0.72,1,0,0.728813559,0.118644068,0.152542373,324
0.416666667,0.5,0.083333333,0,0,0.76744186,0.23255814,0,0,0.823529412,0,0,0.176470588,0,0,0.28,0,0.72,1,0,0.728813559,0.118644068,0.152542373,325
0.416666667,0.5,0.083333333,0,0,0.76744186,0.23255814,0,0,0.823529412,0,0,0.176470588,0,0,0.237288136,0.152542373,0.610169492,1,0,0.86,0.14,0,326
0.416666667,0.5,0.083333333,0,0,0.76744186,0.23255814,0,0,0.823529412,0,0,0.176470588,0,0,0.237288136,0.152542373,0.610169492,1,0,0.86,0.14,0,327
0.416666667,0.5,0.083333333,0,0,0.76744186,0.23255814,0,0,0.823529412,0,0,0.176470588,0,0,0.237288136,0.152542373,0.610169492,1,0,0.86,0.14,0,328
0.416666667,0.5,0.083333333,0,0,0.76744186,0.23255814,0,0,0.823529412,0,0,0.176470588,0,0,0.237288136,0.152542373,0.610169492,1,0,0.86,0.14,0,329
0.416666667,0.5,0.083333333,0,0,0.76744186,0.23255814,0,0,0.823529412,0,0,0.176470588,0,0,0.237288136,0.152542373,0.610169492,1,0,0.86,0.14,0,330
0.416666667,0.5,0.083333333,0,0,0.76744186,0.23255814,0,0,0.823529412,0,0,0.176470588,0,0,0.28,0,0.72,1,0,0.728813559,0.118644068,0.152542373,331
0.730769231,0.230769231,0.038461538,0,0,0.76744186,0.23255814,0,0,0,0,0,0,0,0.253731343,0,0,0.746268657,1,0,0.728813559,0.118644068,0.152542373,332
0.703703704,0.259259259,0.037037037,0,0,0.761904762,0.238095238,0,0,0,0,0,0,0,0.264705882,0,0,0.735294118,1,0,0.711864407,0.13559322,0.152542373,333
0.703703704,0.259259259,0.037037037,0,0,0.761904762,0.238095238,0,0,0,0,0,0,0,0.264705882,0,0,0.735294118,1,0,0.711864407,0.13559322,0.152542373,334
0.730769231,0.230769231,0.038461538,0,0,0.76744186,0.23255814,0,0,0,0,0,0,0,0,0,0.152542373,0.847457627,1,0.253731343,0.641791045,0.104477612,0,335
0.730769231,0.230769231,0.038461538,0,0,0.76744186,0.23255814,0,0,0,0,0,0,0,0,0,0.152542373,0.847457627,1,0.253731343,0.641791045,0.104477612,0,336
0.730769231,0.230769231,0.038461538,0,0,0.76744186,0.23255814,0,0,0,0,0,0,0,0,0,0.152542373,0.847457627,1,0.253731343,0.641791045,0.104477612,0,337
0.730769231,0.230769231,0.038461538,0,0,0.76744186,0.23255814,0,0,0,0,0,0,0,0,0,0.152542373,0.847457627,1,0.253731343,0.641791045,0.104477612,0,338
0.730769231,0.230769231,0.038461538,0,0,0.76744186,0.23255814,0,0,0,0,0,0,0,0,0,0.152542373,0.847457627,1,0.253731343,0.641791045,0.104477612,0,339
0.703703704,0.222222222,0.074074074,0,0,0.785714286,0.214285714,0,0,0,0,0,0,0,0.264705882,0,0,0.735294118,1,0,0.711864407,0.13559322,0.152542373,340
0.678571429,0.214285714,0.107142857,0,0,0.804878049,0.195121951,0,0,0,0,0,0,0,0.275362319,0,0,0.724637681,1,0,0.694915254,0.152542373,0.152542373,341
0.416666667,0.5,0.083333333,0,0,0.76744186,0.23255814,0,0,0.823529412,0,0,0.176470588,0,0,0.28,0,0.72,1,0,0.728813559,0.118644068,0.152542373,342
0.416666667,0.5,0.083333333,0,0,0.76744186,0.23255814,0,0,0.823529412,0,0,0.176470588,0,0,0.28,0,0.72,1,0,0.728813559,0.118644068,0.152542373,343
0.416666667,0.5,0.083333333,0,0,0.76744186,0.23255814,0,0,0.823529412,0,0,0.176470588,0,0,0.28,0,0.72,1,0,0.728813559,0.118644068,0.152542373,344
0.416666667,0.5,0.083333333,0,0,0.76744186,0.23255814,0,0,0.823529412,0,0,0.176470588,0,0,0.28,0,0.72,1,0,0.728813559,0.118644068,0.152542373,345
0.416666667,0.5,0.083333333,0,0,0.76744186,0.23255814,0,0,0.823529412,0,0,0.176470588,0,0,0.28,0,0.72,1,0,0.728813559,0.118644068,0.152542373,346
0.416666667,0.5,0.083333333,0,0,0.76744186,0.23255814,0,0,0.823529412,0,0,0.176470588,0,0,0.28,0,0.72,1,0,0.728813559,0.118644068,0.152542373,347
0.416666667,0.5,0.083333333,0,0,0.76744186,0.23255814,0,0,0.823529412,0,0,0.176470588,0,0,0.28,0,0.72,1,0,0.728813559,0.118644068,0.152542373,348
0.416666667,0.5,0.083333333,0,0,0.76744186,0.23255814,0,0,0.823529412,0,0,0.176470588,0,0,0.28,0,0.72,1,0,0.728813559,0.118644068,0.152542373,349
0.416666667,0.5,0.083333333,0,0,0.76744186,0.23255814,0,0,0.823529412,0,0,0.176470588,0,0,0.28,0,0.72,1,0,0.728813559,0.118644068,0.152542373,350
0.678571429,0.25,0.071428571,0,0,0.780487805,0.219512195,0,0,0,0,0,0,0,0,0,0.152542373,0.847457627,1,0.275362319,0.594202899,0.130434783,0,351
0.730769231,0.230769231,0.038461538,0,0,0.76744186,0.23255814,0,0,0,0,0,0,0,0,0,0.152542373,0.847457627,1,0.253731343,0.641791045,0.104477612,0,352
0.730769231,0.230769231,0.038461538,0,0,0.76744186,0.23255814,0,0,0,0,0,0,0,0,0,0.152542373,0.847457627,1,0.253731343,0.641791045,0.104477612,0,353
0.678571429,0.285714286,0.035714286,0,0,0.756097561,0.243902439,0,0,0,0,0,0,0,0,0,0.152542373,0.847457627,1,0.275362319,0.594202899,0.130434783,0,354
0.416666667,0.5,0.083333333,0,0,0.76744186,0.23255814,0,0,0.823529412,0,0,0.176470588,0,0,0.25,0.107142857,0.642857143,1,0,0.811320755,0.132075472,0.056603774,355
0.416666667,0.5,0.083333333,0,0,0.76744186,0.23255814,0,0,0.823529412,0,0,0.176470588,0,0,0.254545455,0.090909091,0.654545455,1,0,0.796296296,0.12962963,0.074074074,356
0.466666667,0.466666667,0.066666667,0,0,0.761904762,0.238095238,0,0,1,0,0,0,0,0.092307692,0.184615385,0.138461538,0.584615385,1,0,0.84,0.16,0,357
0.730769231,0.230769231,0.038461538,0,0,0.76744186,0.23255814,0,0,0,0,0,0,0,0,0,0.152542373,0.847457627,1,0.253731343,0.641791045,0.104477612,0,358
0.461538462,0.461538462,0.076923077,0,0,0.76744186,0.23255814,0,0,1,0,0,0,0,0.063492063,0.206349206,0.142857143,0.587301587,1,0,0.86,0.14,0,359
0.416666667,0.5,0.083333333,0,0,0.76744186,0.23255814,0,0,1,0,0,0,0,0.048387097,0.225806452,0.14516129,0.580645161,1,0,0.86,0.14,0,360
0.466666667,0.466666667,0.066666667,0,0,0.761904762,0.238095238,0,0,1,0,0,0,0,0.092307692,0.184615385,0.138461538,0.584615385,1,0,0.84,0.16,0,361
0.5,0.375,0.125,0,0,0.785714286,0.214285714,0,0,1,0,0,0,0,0.106060606,0.166666667,0.136363636,0.590909091,1,0,0.84,0.16,0,362
0.461538462,0.461538462,0.076923077,0,0,0.76744186,0.23255814,0,0,1,0,0,0,0,0.063492063,0.206349206,0.142857143,0.587301587,1,0,0.86,0.14,0,363
0.416666667,0.5,0.083333333,0,0,0.76744186,0.23255814,0,0,0.823529412,0,0,0.176470588,0,0,0.237288136,0.152542373,0.610169492,1,0,0.86,0.14,0,364
0.416666667,0.5,0.083333333,0,0,0.76744186,0.23255814,0,0,0.823529412,0,0,0.176470588,0,0,0.237288136,0.152542373,0.610169492,1,0,0.86,0.14,0,365
0.730769231,0.230769231,0.038461538,0,0,0.76744186,0.23255814,0,0,0,0,0,0,0,0,0,0.152542373,0.847457627,1,0.253731343,0.641791045,0.104477612,0,366
0.730769231,0.230769231,0.038461538,0,0,0.76744186,0.23255814,0,0,0,0,0,0,0,0,0,0.152542373,0.847457627,1,0.253731343,0.641791045,0.104477612,0,367
0.730769231,0.230769231,0.038461538,0,0,0.76744186,0.23255814,0,0,0,0,0,0,0,0,0,0.152542373,0.847457627,1,0.253731343,0.641791045,0.104477612,0,368
0.416666667,0.5,0.083333333,0,0,0.76744186,0.23255814,0,0,0.823529412,0,0,0.176470588,0,0,0.28,0,0.72,1,0,0.728813559,0.118644068,0.152542373,369
0.730769231,0.230769231,0.038461538,0,0,0.76744186,0.23255814,0,0,0,0,0,0,0,0.253731343,0,0,0.746268657,1,0,0.728813559,0.118644068,0.152542373,370
0.416666667,0.5,0.083333333,0,0,0.76744186,0.23255814,0,0,0.823529412,0,0,0.176470588,0,0,0.28,0,0.72,1,0,0.728813559,0.118644068,0.152542373,371
0.416666667,0.5,0.083333333,0,0,0.76744186,0.23255814,0,0,0.823529412,0,0,0.176470588,0,0,0.28,0,0.72,1,0,0.728813559,0.118644068,0.152542373,372
0.703703704,0.259259259,0.037037037,0,0,0.761904762,0.238095238,0,0,0,0,0,0,0,0,0,0.152542373,0.847457627,1,0.264705882,0.617647059,0.117647059,0,373
0.416666667,0.5,0.083333333,0,0,0.76744186,0.23255814,0,0,0.823529412,0,0,0.176470588,0,0,0.28,0,0.72,1,0,0.728813559,0.118644068,0.152542373,374
0.416666667,0.5,0.083333333,0,0,0.76744186,0.23255814,0,0,0.823529412,0,0,0.176470588,0,0,0.28,0,0.72,1,0,0.728813559,0.118644068,0.152542373,375
0.416666667,0.5,0.083333333,0,0,0.76744186,0.23255814,0,0,0.823529412,0,0,0.176470588,0,0,0.28,0,0.72,1,0,0.728813559,0.118644068,0.152542373,376
0.416666667,0.5,0.083333333,0,0,0.76744186,0.23255814,0,0,0.823529412,0,0,0.176470588,0,0,0.28,0,0.72,1,0,0.728813559,0.118644068,0.152542373,377
0.416666667,0.5,0.083333333,0,0,0.76744186,0.23255814,0,0,1,0,0,0,0,0.056603774,0.264150943,0,0.679245283,1,0,0.728813559,0.118644068,0.152542373,378
0.461538462,0.461538462,0.076923077,0,0,0.76744186,0.23255814,0,0,1,0,0,0,0,0.074074074,0.240740741,0,0.685185185,1,0,0.728813559,0.118644068,0.152542373,379
0.384615385,0.538461538,0.076923077,0,0,0.761904762,0.238095238,0,0,1,0,0,0,0,0.074074074,0.259259259,0,0.666666667,1,0,0.711864407,0.13559322,0.152542373,380
0.533333333,0.4,0.066666667,0,0,0.76744186,0.23255814,0,0,1,0,0,0,0,0.107142857,0.196428571,0,0.696428571,1,0,0.728813559,0.118644068,0.152542373,381
0.416666667,0.5,0.083333333,0,0,0.76744186,0.23255814,0,0,0.823529412,0,0,0.176470588,0,0,0.28,0,0.72,1,0,0.728813559,0.118644068,0.152542373,382
0.730769231,0.230769231,0.038461538,0,0,0.76744186,0.23255814,0,0,0,0,0,0,0,0.253731343,0,0,0.746268657,1,0,0.728813559,0.118644068,0.152542373,383
0.730769231,0.230769231,0.038461538,0,0,0.76744186,0.23255814,0,0,0,0,0,0,0,0.253731343,0,0,0.746268657,1,0,0.728813559,0.118644068,0.152542373,384
0.730769231,0.230769231,0.038461538,0,0,0.76744186,0.23255814,0,0,0,0,0,0,0,0.253731343,0,0,0.746268657,1,0,0.728813559,0.118644068,0.152542373,385
0.730769231,0.230769231,0.038461538,0,0,0.76744186,0.23255814,0,0,0,0,0,0,0,0.253731343,0,0,0.746268657,1,0,0.728813559,0.118644068,0.152542373,386
0.703703704,0.259259259,0.037037037,0,0,0.761904762,0.238095238,0,0,0,0,0,0,0,0.264705882,0,0,0.735294118,1,0,0.711864407,0.13559322,0.152542373,387
0.416666667,0.5,0.083333333,0,0,0.76744186,0.23255814,0,0,0.823529412,0,0,0.176470588,0,0,0.28,0,0.72,1,0,0.728813559,0.118644068,0.152542373,388
0.416666667,0.5,0.083333333,0,0,0.76744186,0.23255814,0,0,0.823529412,0,0,0.176470588,0,0,0.28,0,0.72,1,0,0.728813559,0.118644068,0.152542373,389
0.703703704,0.259259259,0.037037037,0,0,0.761904762,0.238095238,0,0,0,0,0,0,0,0.264705882,0,0,0.735294118,1,0,0.711864407,0.13559322,0.152542373,390
0.416666667,0.5,0.083333333,0,0,0.76744186,0.23255814,0,0,0.823529412,0,0,0.176470588,0,0,0.28,0,0.72,1,0,0.728813559,0.118644068,0.152542373,391
0.416666667,0.5,0.083333333,0,0,0.76744186,0.23255814,0,0,0.823529412,0,0,0.176470588,0,0,0.28,0,0.72,1,0,0.728813559,0.118644068,0.152542373,392
0.461538462,0.461538462,0.076923077,0,0,0.76744186,0.23255814,0,0,1,0,0,0,0,0.063492063,0.206349206,0.142857143,0.587301587,1,0,0.86,0.14,0,393
0.730769231,0.230769231,0.038461538,0,0,0.76744186,0.23255814,0,0,0,0,0,0,0,0,0,0.152542373,0.847457627,1,0.253731343,0.641791045,0.104477612,0,394
0.730769231,0.230769231,0.038461538,0,0,0.76744186,0.23255814,0,0,0,0,0,0,0,0,0,0.152542373,0.847457627,1,0.253731343,0.641791045,0.104477612,0,395
0.730769231,0.230769231,0.038461538,0,0,0.76744186,0.23255814,0,0,0,0,0,0,0,0.253731343,0,0,0.746268657,1,0,0.728813559,0.118644068,0.152542373,396
0.678571429,0.285714286,0.035714286,0,0,0.756097561,0.243902439,0,0,0,0,0,0,0,0,0,0.152542373,0.847457627,1,0.275362319,0.594202899,0.130434783,0,397
0.703703704,0.259259259,0.037037037,0,0,0.761904762,0.238095238,0,0,0,0,0,0,0,0.264705882,0,0,0.735294118,1,0,0.711864407,0.13559322,0.152542373,398
0.703703704,0.259259259,0.037037037,0,0,0.761904762,0.238095238,0,0,0,0,0,0,0,0.264705882,0,0,0.735294118,1,0,0.711864407,0.13559322,0.152542373,399
0.5,0.428571429,0.071428571,0,0,0.76744186,0.23255814,0,0,1,0,0,0,0,0.090909091,0.218181818,0,0.690909091,1,0,0.728813559,0.118644068,0.152542373,400
0.416666667,0.5,0.083333333,0,0,0.76744186,0.23255814,0,0,0.823529412,0,0,0.176470588,0,0,0.28,0,0.72,1,0,0.728813559,0.118644068,0.152542373,401
0.416666667,0.5,0.083333333,0,0,0.76744186,0.23255814,0,0,0.823529412,0,0,0.176470588,0,0,0.28,0,0.72,1,0,0.728813559,0.118644068,0.152542373,402
0.416666667,0.5,0.083333333,0,0,0.76744186,0.23255814,0,0,0.823529412,0,0,0.176470588,0,0,0.28,0,0.72,1,0,0.728813559,0.118644068,0.152542373,403
0.703703704,0.259259259,0.037037037,0,0,0.761904762,0.238095238,0,0,0,0,0,0,0,0,0,0.152542373,0.847457627,1,0.264705882,0.617647059,0.117647059,0,404
0.703703704,0.259259259,0.037037037,0,0,0.761904762,0.238095238,0,0,0,0,0,0,0,0,0,0.152542373,0.847457627,1,0.264705882,0.617647059,0.117647059,0,405
0.730769231,0.230769231,0.038461538,0,0,0.76744186,0.23255814,0,0,0,0,0,0,0,0,0,0.152542373,0.847457627,1,0.253731343,0.641791045,0.104477612,0,406
0.730769231,0.230769231,0.038461538,0,0,0.76744186,0.23255814,0,0,0,0,0,0,0,0,0,0.152542373,0.847457627,1,0.253731343,0.641791045,0.104477612,0,407
0.416666667,0.5,0.083333333,0,0,0.76744186,0.23255814,0,0,0.823529412,0,0,0.176470588,0,0,0.28,0,0.72,1,0,0.728813559,0.118644068,0.152542373,408
0.416666667,0.5,0.083333333,0,0,0.76744186,0.23255814,0,0,0.823529412,0,0,0.176470588,0,0,0.28,0,0.72,1,0,0.728813559,0.118644068,0.152542373,409
0.416666667,0.5,0.083333333,0,0,0.76744186,0.23255814,0,0,0.823529412,0,0,0.176470588,0,0,0.28,0,0.72,1,0,0.728813559,0.118644068,0.152542373,410
0.703703704,0.259259259,0.037037037,0,0,0.761904762,0.238095238,0,0,0,0,0,0,0,0,0,0.152542373,0.847457627,1,0.264705882,0.617647059,0.117647059,0,411
0.730769231,0.230769231,0.038461538,0,0,0.76744186,0.23255814,0,0,0,0,0,0,0,0,0,0.152542373,0.847457627,1,0.253731343,0.641791045,0.104477612,0,412
0.730769231,0.230769231,0.038461538,0,0,0.76744186,0.23255814,0,0,0,0,0,0,0,0,0,0.152542373,0.847457627,1,0.253731343,0.641791045,0.104477612,0,413
0.730769231,0.230769231,0.038461538,0,0,0.76744186,0.23255814,0,0,0,0,0,0,0,0,0,0.152542373,0.847457627,1,0.253731343,0.641791045,0.104477612,0,414
0.678571429,0.25,0.071428571,0,0,0.780487805,0.219512195,0,0,0,0,0,0,0,0,0,0.152542373,0.847457627,1,0.275362319,0.594202899,0.130434783,0,415
0.5,0.428571429,0.071428571,0,0,0.76744186,0.23255814,0,0,1,0,0,0,0,0.078125,0.1875,0.140625,0.59375,1,0,0.86,0.14,0,416
0.416666667,0.5,0.083333333,0,0,0.76744186,0.23255814,0,0,0.823529412,0,0,0.176470588,0,0,0.28,0,0.72,1,0,0.728813559,0.118644068,0.152542373,417
0.416666667,0.5,0.083333333,0,0,0.76744186,0.23255814,0,0,0.823529412,0,0,0.176470588,0,0,0.28,0,0.72,1,0,0.728813559,0.118644068,0.152542373,418
0.416666667,0.5,0.083333333,0,0,0.76744186,0.23255814,0,0,0.823529412,0,0,0.176470588,0,0,0.28,0,0.72,1,0,0.728813559,0.118644068,0.152542373,419
0.416666667,0.5,0.083333333,0,0,0.76744186,0.23255814,0,0,0.823529412,0,0,0.176470588,0,0,0.28,0,0.72,1,0,0.728813559,0.118644068,0.152542373,420
0.730769231,0.230769231,0.038461538,0,0,0.76744186,0.23255814,0,0,0,0,0,0,0,0.253731343,0,0,0.746268657,1,0,0.728813559,0.118644068,0.152542373,421
0.730769231,0.230769231,0.038461538,0,0,0.76744186,0.23255814,0,0,0,0,0,0,0,0.253731343,0,0,0.746268657,1,0,0.728813559,0.118644068,0.152542373,422
0.416666667,0.5,0.083333333,0,0,0.76744186,0.23255814,0,0,0.823529412,0,0,0.176470588,0,0,0.28,0,0.72,1,0,0.728813559,0.118644068,0.152542373,423
0.416666667,0.5,0.083333333,0,0,0.76744186,0.23255814,0,0,0.823529412,0,0,0.176470588,0,0,0.28,0,0.72,1,0,0.728813559,0.118644068,0.152542373,424
0.416666667,0.5,0.083333333,0,0,0.76744186,0.23255814,0,0,0.823529412,0,0,0.176470588,0,0,0.28,0,0.72,1,0,0.728813559,0.118644068,0.152542373,425
0.416666667,0.5,0.083333333,0,0,0.76744186,0.23255814,0,0,0.823529412,0,0,0.176470588,0,0,0.28,0,0.72,1,0,0.728813559,0.118644068,0.152542373,426
0.416666667,0.5,0.083333333,0,0,0.76744186,0.23255814,0,0,0.823529412,0,0,0.176470588,0,0,0.28,0,0.72,1,0,0.728813559,0.118644068,0.152542373,427
0.416666667,0.5,0.083333333,0,0,0.76744186,0.23255814,0,0,0.823529412,0,0,0.176470588,0,0,0.28,0,0.72,1,0,0.728813559,0.118644068,0.152542373,428
0.730769231,0.230769231,0.038461538,0,0,0.76744186,0.23255814,0,0,0,0,0,0,0,0,0,0.152542373,0.847457627,1,0.253731343,0.641791045,0.104477612,0,429
0.730769231,0.230769231,0.038461538,0,0,0.76744186,0.23255814,0,0,0,0,0,0,0,0,0,0.152542373,0.847457627,1,0.253731343,0.641791045,0.104477612,0,430
0.416666667,0.5,0.083333333,0,0,0.76744186,0.23255814,0,0,1,0,0,0,0,0.048387097,0.225806452,0.14516129,0.580645161,1,0,0.86,0.14,0,431
0.703703704,0.259259259,0.037037037,0,0,0.761904762,0.238095238,0,0,0,0,0,0,0,0,0,0.152542373,0.847457627,1,0.264705882,0.617647059,0.117647059,0,432
0.533333333,0.4,0.066666667,0,0,0.76744186,0.23255814,0,0,1,0,0,0,0,0.092307692,0.169230769,0.138461538,0.6,1,0,0.86,0.14,0,433
0.588235294,0.352941176,0.058823529,0,0,0.76744186,0.23255814,0,0,1,0,0,0,0,0.119402985,0.134328358,0.134328358,0.611940299,1,0,0.86,0.14,0,434
0.428571429,0.5,0.071428571,0,0,0.761904762,0.238095238,0,0,1,0,0,0,0,0.078125,0.203125,0.140625,0.578125,1,0,0.84,0.16,0,435
0.461538462,0.461538462,0.076923077,0,0,0.76744186,0.23255814,0,0,1,0,0,0,0,0.063492063,0.206349206,0.142857143,0.587301587,1,0,0.86,0.14,0,436
0.730769231,0.230769231,0.038461538,0,0,0.76744186,0.23255814,0,0,0,0,0,0,0,0,0,0.152542373,0.847457627,1,0.253731343,0.641791045,0.104477612,0,437
0.730769231,0.230769231,0.038461538,0,0,0.76744186,0.23255814,0,0,0,0,0,0,0,0,0,0.152542373,0.847457627,1,0.253731343,0.641791045,0.104477612,0,438
0.730769231,0.230769231,0.038461538,0,0,0.76744186,0.23255814,0,0,0,0,0,0,0,0,0,0.152542373,0.847457627,1,0.253731343,0.641791045,0.104477612,0,439
0.703703704,0.259259259,0.037037037,0,0,0.761904762,0.238095238,0,0,0,0,0,0,0,0,0,0.152542373,0.847457627,1,0.264705882,0.617647059,0.117647059,0,440
0.730769231,0.230769231,0.038461538,0,0,0.76744186,0.23255814,0,0,0,0,0,0,0,0,0,0.152542373,0.847457627,1,0.253731343,0.641791045,0.104477612,0,441
0.703703704,0.259259259,0.037037037,0,0,0.761904762,0.238095238,0,0,0,0,0,0,0,0,0,0.152542373,0.847457627,1,0.264705882,0.617647059,0.117647059,0,442
0.730769231,0.230769231,0.038461538,0,0,0.76744186,0.23255814,0,0,0,0,0,0,0,0.253731343,0,0,0.746268657,1,0,0.728813559,0.118644068,0.152542373,443
0.416666667,0.5,0.083333333,0,0,0.76744186,0.23255814,0,0,1,0,0,0,0,0.048387097,0.225806452,0.14516129,0.580645161,1,0,0.86,0.14,0,444
0.384615385,0.461538462,0.153846154,0,0,0.785714286,0.214285714,0,0,1,0,0,0,0,0.063492063,0.222222222,0.142857143,0.571428571,1,0,0.84,0.16,0,445
0.703703704,0.222222222,0.074074074,0,0,0.785714286,0.214285714,0,0,0,0,0,0,0,0,0,0.152542373,0.847457627,1,0.264705882,0.617647059,0.117647059,0,446
0.416666667,0.5,0.083333333,0,0,0.76744186,0.23255814,0,0,0.823529412,0,0,0.176470588,0,0,0.28,0,0.72,1,0,0.728813559,0.118644068,0.152542373,447
0.416666667,0.5,0.083333333,0,0,0.76744186,0.23255814,0,0,0.823529412,0,0,0.176470588,0,0,0.28,0,0.72,1,0,0.728813559,0.118644068,0.152542373,448
0.730769231,0.230769231,0.038461538,0,0,0.76744186,0.23255814,0,0,0,0,0,0,0,0,0,0.152542373,0.847457627,1,0.253731343,0.641791045,0.104477612,0,449
0.730769231,0.230769231,0.038461538,0,0,0.76744186,0.23255814,0,0,0,0,0,0,0,0,0,0.152542373,0.847457627,1,0.253731343,0.641791045,0.104477612,0,450
0.730769231,0.230769231,0.038461538,0,0,0.76744186,0.23255814,0,0,0,0,0,0,0,0,0,0.152542373,0.847457627,1,0.253731343,0.641791045,0.104477612,0,451
0.703703704,0.259259259,0.037037037,0,0,0.761904762,0.238095238,0,0,0,0,0,0,0,0,0,0.152542373,0.847457627,1,0.264705882,0.617647059,0.117647059,0,452
0.678571429,0.285714286,0.035714286,0,0,0.756097561,0.243902439,0,0,0,0,0,0,0,0.275362319,0,0,0.724637681,1,0,0.694915254,0.152542373,0.152542373,453
0.416666667,0.5,0.083333333,0,0,0.76744186,0.23255814,0,0,0.823529412,0,0,0.176470588,0,0,0.28,0,0.72,1,0,0.728813559,0.118644068,0.152542373,454
0.703703704,0.259259259,0.037037037,0,0,0.761904762,0.238095238,0,0,0,0,0,0,0,0.264705882,0,0,0.735294118,1,0,0.711864407,0.13559322,0.152542373,455
0.730769231,0.230769231,0.038461538,0,0,0.76744186,0.23255814,0,0,0,0,0,0,0,0,0,0.152542373,0.847457627,1,0.253731343,0.641791045,0.104477612,0,456
0.678571429,0.285714286,0.035714286,0,0,0.756097561,0.243902439,0,0,0,0,0,0,0,0.275362319,0,0,0.724637681,1,0,0.694915254,0.152542373,0.152542373,457
0.678571429,0.285714286,0.035714286,0,0,0.756097561,0.243902439,0,0,0,0,0,0,0,0.243589744,0,0.115384615,0.641025641,1,0,0.82,0.18,0,458
0.730769231,0.230769231,0.038461538,0,0,0.76744186,0.23255814,0,0,0,0,0,0,0,0.223684211,0,0.118421053,0.657894737,1,0,0.86,0.14,0,459
0.416666667,0.5,0.083333333,0,0,0.76744186,0.23255814,0,0,0.823529412,0,0,0.176470588,0,0,0.28,0,0.72,1,0,0.728813559,0.118644068,0.152542373,460
0.416666667,0.5,0.083333333,0,0,0.76744186,0.23255814,0,0,0.823529412,0,0,0.176470588,0,0,0.28,0,0.72,1,0,0.728813559,0.118644068,0.152542373,461
0.416666667,0.5,0.083333333,0,0,0.76744186,0.23255814,0,0,0.823529412,0,0,0.176470588,0,0,0.28,0,0.72,1,0,0.728813559,0.118644068,0.152542373,462
0.730769231,0.230769231,0.038461538,0,0,0.76744186,0.23255814,0,0,0,0,0,0,0,0,0,0.152542373,0.847457627,1,0.253731343,0.641791045,0.104477612,0,463
0.416666667,0.5,0.083333333,0,0,0.76744186,0.23255814,0,0,0.823529412,0,0,0.176470588,0,0,0.28,0,0.72,1,0,0.728813559,0.118644068,0.152542373,464
0.416666667,0.5,0.083333333,0,0,0.76744186,0.23255814,0,0,0.823529412,0,0,0.176470588,0,0,0.28,0,0.72,1,0,0.728813559,0.118644068,0.152542373,465
0.416666667,0.5,0.083333333,0,0,0.76744186,0.23255814,0,0,0.823529412,0,0,0.176470588,0,0,0.28,0,0.72,1,0,0.728813559,0.118644068,0.152542373,466
0.730769231,0.230769231,0.038461538,0,0,0.76744186,0.23255814,0,0,0,0,0,0,0,0,0,0.152542373,0.847457627,1,0.253731343,0.641791045,0.104477612,0,467
0.703703704,0.259259259,0.037037037,0,0,0.761904762,0.238095238,0,0,0,0,0,0,0,0,0,0.152542373,0.847457627,1,0.264705882,0.617647059,0.117647059,0,468
0.703703704,0.259259259,0.037037037,0,0,0.761904762,0.238095238,0,0,0,0,0,0,0,0,0,0.152542373,0.847457627,1,0.264705882,0.617647059,0.117647059,0,469
0.703703704,0.259259259,0.037037037,0,0,0.761904762,0.238095238,0,0,0,0,0,0,0,0,0,0.152542373,0.847457627,1,0.264705882,0.617647059,0.117647059,0,470
0.730769231,0.230769231,0.038461538,0,0,0.76744186,0.23255814,0,0,0,0,0,0,0,0,0,0.152542373,0.847457627,1,0.253731343,0.641791045,0.104477612,0,471
0.703703704,0.222222222,0.074074074,0,0,0.785714286,0.214285714,0,0,0,0,0,0,0,0,0,0.152542373,0.847457627,1,0.264705882,0.617647059,0.117647059,0,472
0.730769231,0.230769231,0.038461538,0,0,0.76744186,0.23255814,0,0,0,0,0,0,0,0,0,0.152542373,0.847457627,1,0.253731343,0.641791045,0.104477612,0,473
0.730769231,0.230769231,0.038461538,0,0,0.76744186,0.23255814,0,0,0,0,0,0,0,0,0,0.152542373,0.847457627,1,0.253731343,0.641791045,0.104477612,0,474
0.703703704,0.259259259,0.037037037,0,0,0.761904762,0.238095238,0,0,0,0,0,0,0,0,0,0.152542373,0.847457627,1,0.264705882,0.617647059,0.117647059,0,475
0.730769231,0.230769231,0.038461538,0,0,0.76744186,0.23255814,0,0,0,0,0,0,0,0,0,0.152542373,0.847457627,1,0.253731343,0.641791045,0.104477612,0,476
0.416666667,0.5,0.083333333,0,0,0.76744186,0.23255814,0,0,1,0,0,0,0,0.048387097,0.225806452,0.14516129,0.580645161,1,0,0.86,0.14,0,477
0.703703704,0.222222222,0.074074074,0,0,0.785714286,0.214285714,0,0,0,0,0,0,0,0,0,0.152542373,0.847457627,1,0.264705882,0.617647059,0.117647059,0,478
0.730769231,0.230769231,0.038461538,0,0,0.76744186,0.23255814,0,0,0,0,0,0,0,0,0,0.152542373,0.847457627,1,0.253731343,0.641791045,0.104477612,0,479
0.678571429,0.285714286,0.035714286,0,0,0.756097561,0.243902439,0,0,0,0,0,0,0,0,0,0.152542373,0.847457627,1,0.275362319,0.594202899,0.130434783,0,480
0.730769231,0.230769231,0.038461538,0,0,0.76744186,0.23255814,0,0,0,0,0,0,0,0,0,0.152542373,0.847457627,1,0.253731343,0.641791045,0.104477612,0,481
0.730769231,0.230769231,0.038461538,0,0,0.76744186,0.23255814,0,0,0,0,0,0,0,0.253731343,0,0,0.746268657,1,0,0.728813559,0.118644068,0.152542373,482
0.730769231,0.230769231,0.038461538,0,0,0.76744186,0.23255814,0,0,0,0,0,0,0,0.253731343,0,0,0.746268657,1,0,0.728813559,0.118644068,0.152542373,483
0.633333333,0.266666667,0.1,0,0,0.794871795,0.205128205,0,0,0,0,0,0,0,0.295774648,0,0,0.704225352,1,0,0.661016949,0.186440678,0.152542373,484
0.730769231,0.230769231,0.038461538,0,0,0.76744186,0.23255814,0,0,0,0,0,0,0,0.253731343,0,0,0.746268657,1,0,0.728813559,0.118644068,0.152542373,485
0.703703704,0.259259259,0.037037037,0,0,0.761904762,0.238095238,0,0,0,0,0,0,0,0.264705882,0,0,0.735294118,1,0,0.711864407,0.13559322,0.152542373,486
0.5,0.428571429,0.071428571,0,0,0.76744186,0.23255814,0,0,1,0,0,0,0,0.078125,0.1875,0.140625,0.59375,1,0,0.86,0.14,0,487
0.730769231,0.230769231,0.038461538,0,0,0.76744186,0.23255814,0,0,0,0,0,0,0,0,0,0.152542373,0.847457627,1,0.253731343,0.641791045,0.104477612,0,488
0.703703704,0.259259259,0.037037037,0,0,0.761904762,0.238095238,0,0,0,0,0,0,0,0,0,0.152542373,0.847457627,1,0.264705882,0.617647059,0.117647059,0,489
0.730769231,0.230769231,0.038461538,0,0,0.76744186,0.23255814,0,0,0,0,0,0,0,0,0,0.152542373,0.847457627,1,0.253731343,0.641791045,0.104477612,0,490
0.730769231,0.230769231,0.038461538,0,0,0.76744186,0.23255814,0,0,0,0,0,0,0,0.223684211,0,0.118421053,0.657894737,1,0,0.86,0.14,0,491
0.730769231,0.230769231,0.038461538,0,0,0.76744186,0.23255814,0,0,0,0,0,0,0,0.223684211,0,0.118421053,0.657894737,1,0,0.86,0.14,0,492
0.631578947,0.315789474,0.052631579,0,0,0.76744186,0.23255814,0,0,1,0,0,0,0,0.166666667,0.116666667,0,0.716666667,1,0,0.728813559,0.118644068,0.152542373,493
0.703703704,0.222222222,0.074074074,0,0,0.785714286,0.214285714,0,0,0,0,0,0,0,0,0,0.152542373,0.847457627,1,0.264705882,0.617647059,0.117647059,0,494
0.703703704,0.222222222,0.074074074,0,0,0.785714286,0.214285714,0,0,0,0,0,0,0,0.264705882,0,0,0.735294118,1,0,0.711864407,0.13559322,0.152542373,495
0.730769231,0.230769231,0.038461538,0,0,0.76744186,0.23255814,0,0,0,0,0,0,0,0,0,0.152542373,0.847457627,1,0.253731343,0.641791045,0.104477612,0,496
0.730769231,0.230769231,0.038461538,0,0,0.76744186,0.23255814,0,0,0,0,0,0,0,0,0,0.152542373,0.847457627,1,0.253731343,0.641791045,0.104477612,0,497
0.703703704,0.222222222,0.074074074,0,0,0.785714286,0.214285714,0,0,0,0,0,0,0,0,0,0.152542373,0.847457627,1,0.264705882,0.617647059,0.117647059,0,498
0.703703704,0.259259259,0.037037037,0,0,0.761904762,0.238095238,0,0,0,0,0,0,0,0,0,0.152542373,0.847457627,1,0.264705882,0.617647059,0.117647059,0,499
0.730769231,0.230769231,0.038461538,0,0,0.76744186,0.23255814,0,0,0,0,0,0,0,0,0,0.152542373,0.847457627,1,0.253731343,0.641791045,0.104477612,0,500
0.730769231,0.230769231,0.038461538,0,0,0.76744186,0.23255814,0,0,0,0,0,0,0,0,0,0.152542373,0.847457627,1,0.253731343,0.641791045,0.104477612,0,501
0.730769231,0.230769231,0.038461538,0,0,0.76744186,0.23255814,0,0,0,0,0,0,0,0,0,0.152542373,0.847457627,1,0.253731343,0.641791045,0.104477612,0,502
0.730769231,0.230769231,0.038461538,0,0,0.76744186,0.23255814,0,0,0,0,0,0,0,0,0,0.152542373,0.847457627,1,0.253731343,0.641791045,0.104477612,0,503
0.730769231,0.230769231,0.038461538,0,0,0.76744186,0.23255814,0,0,0,0,0,0,0,0,0,0.152542373,0.847457627,1,0.253731343,0.641791045,0.104477612,0,504
0.730769231,0.230769231,0.038461538,0,0,0.76744186,0.23255814,0,0,0,0,0,0,0,0,0,0.152542373,0.847457627,1,0.253731343,0.641791045,0.104477612,0,505
0.730769231,0.230769231,0.038461538,0,0,0.76744186,0.23255814,0,0,0,0,0,0,0,0,0,0.152542373,0.847457627,1,0.253731343,0.641791045,0.104477612,0,506
0.730769231,0.230769231,0.038461538,0,0,0.76744186,0.23255814,0,0,0,0,0,0,0,0,0,0.152542373,0.847457627,1,0.253731343,0.641791045,0.104477612,0,507
0.730769231,0.230769231,0.038461538,0,0,0.76744186,0.23255814,0,0,0,0,0,0,0,0,0,0.152542373,0.847457627,1,0.253731343,0.641791045,0.104477612,0,508
0.730769231,0.230769231,0.038461538,0,0,0.76744186,0.23255814,0,0,0,0,0,0,0,0,0,0.152542373,0.847457627,1,0.253731343,0.641791045,0.104477612,0,509
0.678571429,0.285714286,0.035714286,0,0,0.756097561,0.243902439,0,0,0,0,0,0,0,0,0,0.152542373,0.847457627,1,0.275362319,0.594202899,0.130434783,0,510
0.703703704,0.222222222,0.074074074,0,0,0.785714286,0.214285714,0,0,0,0,0,0,0,0,0,0.152542373,0.847457627,1,0.264705882,0.617647059,0.117647059,0,511
0.703703704,0.259259259,0.037037037,0,0,0.761904762,0.238095238,0,0,0,0,0,0,0,0.264705882,0,0,0.735294118,1,0,0.711864407,0.13559322,0.152542373,512
0.730769231,0.230769231,0.038461538,0,0,0.76744186,0.23255814,0,0,0,0,0,0,0,0.253731343,0,0,0.746268657,1,0,0.728813559,0.118644068,0.152542373,513
0.703703704,0.259259259,0.037037037,0,0,0.761904762,0.238095238,0,0,0,0,0,0,0,0.264705882,0,0,0.735294118,1,0,0.711864407,0.13559322,0.152542373,514
0.730769231,0.230769231,0.038461538,0,0,0.76744186,0.23255814,0,0,0,0,0,0,0,0.253731343,0,0,0.746268657,1,0,0.728813559,0.118644068,0.152542373,515
0.730769231,0.230769231,0.038461538,0,0,0.76744186,0.23255814,0,0,0,0,0,0,0,0.253731343,0,0,0.746268657,1,0,0.728813559,0.118644068,0.152542373,516
0.703703704,0.259259259,0.037037037,0,0,0.761904762,0.238095238,0,0,0,0,0,0,0,0.264705882,0,0,0.735294118,1,0,0.711864407,0.13559322,0.152542373,517
0.730769231,0.230769231,0.038461538,0,0,0.76744186,0.23255814,0,0,0,0,0,0,0,0.253731343,0,0,0.746268657,1,0,0.728813559,0.118644068,0.152542373,518
0.703703704,0.259259259,0.037037037,0,0,0.761904762,0.238095238,0,0,0,0,0,0,0,0,0,0.152542373,0.847457627,1,0.264705882,0.617647059,0.117647059,0,519
0.703703704,0.259259259,0.037037037,0,0,0.761904762,0.238095238,0,0,0,0,0,0,0,0.264705882,0,0,0.735294118,1,0,0.711864407,0.13559322,0.152542373,520
0.730769231,0.230769231,0.038461538,0,0,0.76744186,0.23255814,0,0,0,0,0,0,0,0.223684211,0,0.118421053,0.657894737,1,0,0.86,0.14,0,521
0.678571429,0.25,0.071428571,0,0,0.780487805,0.219512195,0,0,0,0,0,0,0,0.275362319,0,0,0.724637681,1,0,0.694915254,0.152542373,0.152542373,522
0.703703704,0.222222222,0.074074074,0,0,0.785714286,0.214285714,0,0,0,0,0,0,0,0.264705882,0,0,0.735294118,1,0,0.711864407,0.13559322,0.152542373,523
0.703703704,0.222222222,0.074074074,0,0,0.785714286,0.214285714,0,0,0,0,0,0,0,0.264705882,0,0,0.735294118,1,0,0.711864407,0.13559322,0.152542373,524
0.5,0.416666667,0.083333333,0,0,0.755555556,0.222222222,0,0.022222222,1,0,0,0,0,0,0.220338983,0.152542373,0.627118644,1,0.038461538,0.846153846,0.115384615,0,525
0.730769231,0.230769231,0.038461538,0,0,0.76744186,0.23255814,0,0,0,0,0,0,0,0.253731343,0,0,0.746268657,1,0,0.728813559,0.118644068,0.152542373,526
0.76,0.2,0.04,0,0,0.755555556,0.222222222,0,0.022222222,0,0,0,0,0,0.202702703,0,0.121621622,0.675675676,1,0,0.88,0.12,0,527
0.730769231,0.230769231,0.038461538,0,0,0.76744186,0.23255814,0,0,0,0,0,0,0,0,0,0.152542373,0.847457627,1,0.253731343,0.641791045,0.104477612,0,528
0.416666667,0.5,0.083333333,0,0,0.76744186,0.23255814,0,0,1,0,0,0,0,0.056603774,0.264150943,0,0.679245283,1,0,0.728813559,0.118644068,0.152542373,529
0.730769231,0.230769231,0.038461538,0,0,0.76744186,0.23255814,0,0,0,0,0,0,0,0.253731343,0,0,0.746268657,1,0,0.728813559,0.118644068,0.152542373,530
0.703703704,0.222222222,0.074074074,0,0,0.785714286,0.214285714,0,0,0,0,0,0,0,0.264705882,0,0,0.735294118,1,0,0.711864407,0.13559322,0.152542373,531
0.678571429,0.285714286,0.035714286,0,0,0.756097561,0.243902439,0,0,0,0,0,0,0,0.275362319,0,0,0.724637681,1,0,0.694915254,0.152542373,0.152542373,532
0.730769231,0.230769231,0.038461538,0,0,0.76744186,0.23255814,0,0,0,0,0,0,0,0.253731343,0,0,0.746268657,1,0,0.728813559,0.118644068,0.152542373,533
0.730769231,0.230769231,0.038461538,0,0,0.76744186,0.23255814,0,0,0,0,0,0,0,0.253731343,0,0,0.746268657,1,0,0.728813559,0.118644068,0.152542373,534
0.703703704,0.259259259,0.037037037,0,0,0.761904762,0.238095238,0,0,0,0,0,0,0,0.264705882,0,0,0.735294118,1,0,0.711864407,0.13559322,0.152542373,535
0.703703704,0.259259259,0.037037037,0,0,0.761904762,0.238095238,0,0,0,0,0,0,0,0.264705882,0,0,0.735294118,1,0,0.711864407,0.13559322,0.152542373,536
0.703703704,0.222222222,0.074074074,0,0,0.785714286,0.214285714,0,0,0,0,0,0,0,0.264705882,0,0,0.735294118,1,0,0.711864407,0.13559322,0.152542373,537
0.416666667,0.5,0.083333333,0,0,0.76744186,0.23255814,0,0,0.823529412,0,0,0.176470588,0,0,0.28,0,0.72,1,0,0.728813559,0.118644068,0.152542373,538
0.416666667,0.5,0.083333333,0,0,0.76744186,0.23255814,0,0,0.823529412,0,0,0.176470588,0,0,0.28,0,0.72,1,0,0.728813559,0.118644068,0.152542373,539
0.416666667,0.5,0.083333333,0,0,0.76744186,0.23255814,0,0,0.823529412,0,0,0.176470588,0,0,0.28,0,0.72,1,0,0.728813559,0.118644068,0.152542373,540
0.416666667,0.5,0.083333333,0,0,0.76744186,0.23255814,0,0,0.823529412,0,0,0.176470588,0,0,0.28,0,0.72,1,0,0.728813559,0.118644068,0.152542373,541
0.703703704,0.259259259,0.037037037,0,0,0.761904762,0.238095238,0,0,0,0,0,0,0,0.264705882,0,0,0.735294118,1,0,0.711864407,0.13559322,0.152542373,542
0.416666667,0.5,0.083333333,0,0,0.76744186,0.23255814,0,0,0.823529412,0,0,0.176470588,0,0,0.28,0,0.72,1,0,0.728813559,0.118644068,0.152542373,543
0.416666667,0.5,0.083333333,0,0,0.76744186,0.23255814,0,0,0.823529412,0,0,0.176470588,0,0,0.28,0,0.72,1,0,0.728813559,0.118644068,0.152542373,544
0.730769231,0.230769231,0.038461538,0,0,0.76744186,0.23255814,0,0,0,0,0,0,0,0.253731343,0,0,0.746268657,1,0,0.728813559,0.118644068,0.152542373,545
0.416666667,0.5,0.083333333,0,0,0.76744186,0.23255814,0,0,0.823529412,0,0,0.176470588,0,0,0.28,0,0.72,1,0,0.728813559,0.118644068,0.152542373,546
0.416666667,0.5,0.083333333,0,0,0.76744186,0.23255814,0,0,0.823529412,0,0,0.176470588,0,0,0.28,0,0.72,1,0,0.728813559,0.118644068,0.152542373,547
0.416666667,0.5,0.083333333,0,0,0.76744186,0.23255814,0,0,0.823529412,0,0,0.176470588,0,0,0.28,0,0.72,1,0,0.728813559,0.118644068,0.152542373,548
0.416666667,0.5,0.083333333,0,0,0.76744186,0.23255814,0,0,0.823529412,0,0,0.176470588,0,0,0.28,0,0.72,1,0,0.728813559,0.118644068,0.152542373,549
0.416666667,0.5,0.083333333,0,0,0.76744186,0.23255814,0,0,0.823529412,0,0,0.176470588,0,0,0.28,0,0.72,1,0,0.728813559,0.118644068,0.152542373,550
0.416666667,0.5,0.083333333,0,0,0.76744186,0.23255814,0,0,0.823529412,0,0,0.176470588,0,0,0.28,0,0.72,1,0,0.728813559,0.118644068,0.152542373,551
0.730769231,0.230769231,0.038461538,0,0,0.76744186,0.23255814,0,0,0,0,0,0,0,0.253731343,0,0,0.746268657,1,0,0.728813559,0.118644068,0.152542373,552
0.730769231,0.230769231,0.038461538,0,0,0.76744186,0.23255814,0,0,0,0,0,0,0,0.253731343,0,0,0.746268657,1,0,0.728813559,0.118644068,0.152542373,553
0.730769231,0.230769231,0.038461538,0,0,0.76744186,0.23255814,0,0,0,0,0,0,0,0.253731343,0,0,0.746268657,1,0,0.728813559,0.118644068,0.152542373,554
0.703703704,0.259259259,0.037037037,0,0,0.761904762,0.238095238,0,0,0,0,0,0,0,0.264705882,0,0,0.735294118,1,0,0.711864407,0.13559322,0.152542373,555
0.678571429,0.285714286,0.035714286,0,0,0.756097561,0.243902439,0,0,0,0,0,0,0,0.275362319,0,0,0.724637681,1,0,0.694915254,0.152542373,0.152542373,556
0.678571429,0.214285714,0.107142857,0,0,0.804878049,0.195121951,0,0,0,0,0,0,0,0.275362319,0,0,0.724637681,1,0,0.694915254,0.152542373,0.152542373,557
0.5,0.428571429,0.071428571,0,0,0.76744186,0.23255814,0,0,1,0,0,0,0,0.090909091,0.218181818,0,0.690909091,1,0,0.728813559,0.118644068,0.152542373,558
0.730769231,0.230769231,0.038461538,0,0,0.76744186,0.23255814,0,0,0,0,0,0,0,0.223684211,0,0.118421053,0.657894737,1,0,0.86,0.14,0,559
0.730769231,0.230769231,0.038461538,0,0,0.76744186,0.23255814,0,0,0,0,0,0,0,0.223684211,0,0.118421053,0.657894737,1,0,0.86,0.14,0,560
0.730769231,0.230769231,0.038461538,0,0,0.76744186,0.23255814,0,0,0,0,0,0,0,0.223684211,0,0.118421053,0.657894737,1,0,0.86,0.14,0,561
0.730769231,0.230769231,0.038461538,0,0,0.76744186,0.23255814,0,0,0,0,0,0,0,0.253731343,0,0,0.746268657,1,0,0.728813559,0.118644068,0.152542373,562
0.730769231,0.230769231,0.038461538,0,0,0.76744186,0.23255814,0,0,0,0,0,0,0,0.253731343,0,0,0.746268657,1,0,0.728813559,0.118644068,0.152542373,563
0.703703704,0.259259259,0.037037037,0,0,0.761904762,0.238095238,0,0,0,0,0,0,0,0.264705882,0,0,0.735294118,1,0,0.711864407,0.13559322,0.152542373,564
0.730769231,0.230769231,0.038461538,0,0,0.76744186,0.23255814,0,0,0,0,0,0,0,0.253731343,0,0,0.746268657,1,0,0.728813559,0.118644068,0.152542373,565
0.416666667,0.5,0.083333333,0,0,0.76744186,0.23255814,0,0,0.823529412,0,0,0.176470588,0,0,0.28,0,0.72,1,0,0.728813559,0.118644068,0.152542373,566
0.416666667,0.5,0.083333333,0,0,0.76744186,0.23255814,0,0,0.823529412,0,0,0.176470588,0,0,0.28,0,0.72,1,0,0.728813559,0.118644068,0.152542373,567
0.416666667,0.5,0.083333333,0,0,0.76744186,0.23255814,0,0,0.823529412,0,0,0.176470588,0,0,0.28,0,0.72,1,0,0.728813559,0.118644068,0.152542373,568
0.416666667,0.5,0.083333333,0,0,0.76744186,0.23255814,0,0,0.823529412,0,0,0.176470588,0,0,0.28,0,0.72,1,0,0.728813559,0.118644068,0.152542373,569
0.416666667,0.5,0.083333333,0,0,0.76744186,0.23255814,0,0,0.823529412,0,0,0.176470588,0,0,0.28,0,0.72,1,0,0.728813559,0.118644068,0.152542373,570
0.416666667,0.5,0.083333333,0,0,0.76744186,0.23255814,0,0,0.823529412,0,0,0.176470588,0,0,0.28,0,0.72,1,0,0.728813559,0.118644068,0.152542373,571
0.703703704,0.259259259,0.037037037,0,0,0.761904762,0.238095238,0,0,0,0,0,0,0,0.264705882,0,0,0.735294118,1,0,0.711864407,0.13559322,0.152542373,572
0.416666667,0.5,0.083333333,0,0,0.76744186,0.23255814,0,0,0.823529412,0,0,0.176470588,0,0,0.28,0,0.72,1,0,0.728813559,0.118644068,0.152542373,573
0.730769231,0.230769231,0.038461538,0,0,0.76744186,0.23255814,0,0,0,0,0,0,0,0.253731343,0,0,0.746268657,1,0,0.728813559,0.118644068,0.152542373,574
0.730769231,0.230769231,0.038461538,0,0,0.76744186,0.23255814,0,0,0,0,0,0,0,0.253731343,0,0,0.746268657,1,0,0.728813559,0.118644068,0.152542373,575
0.730769231,0.230769231,0.038461538,0,0,0.76744186,0.23255814,0,0,0,0,0,0,0,0.253731343,0,0,0.746268657,1,0,0.728813559,0.118644068,0.152542373,576
0.730769231,0.230769231,0.038461538,0,0,0.76744186,0.23255814,0,0,0,0,0,0,0,0.253731343,0,0,0.746268657,1,0,0.728813559,0.118644068,0.152542373,577
0.730769231,0.230769231,0.038461538,0,0,0.76744186,0.23255814,0,0,0,0,0,0,0,0.253731343,0,0,0.746268657,1,0,0.728813559,0.118644068,0.152542373,578
0.703703704,0.259259259,0.037037037,0,0,0.761904762,0.238095238,0,0,0,0,0,0,0,0.264705882,0,0,0.735294118,1,0,0.711864407,0.13559322,0.152542373,579
0.730769231,0.230769231,0.038461538,0,0,0.76744186,0.23255814,0,0,0,0,0,0,0,0.253731343,0,0,0.746268657,1,0,0.728813559,0.118644068,0.152542373,580
0.730769231,0.230769231,0.038461538,0,0,0.76744186,0.23255814,0,0,0,0,0,0,0,0.253731343,0,0,0.746268657,1,0,0.728813559,0.118644068,0.152542373,581
0.730769231,0.230769231,0.038461538,0,0,0.76744186,0.23255814,0,0,0,0,0,0,0,0.253731343,0,0,0.746268657,1,0,0.728813559,0.118644068,0.152542373,582
0.703703704,0.259259259,0.037037037,0,0,0.761904762,0.238095238,0,0,0,0,0,0,0,0.264705882,0,0,0.735294118,1,0,0.711864407,0.13559322,0.152542373,583
0.730769231,0.230769231,0.038461538,0,0,0.76744186,0.23255814,0,0,0,0,0,0,0,0.253731343,0,0,0.746268657,1,0,0.728813559,0.118644068,0.152542373,584
0.730769231,0.230769231,0.038461538,0,0,0.76744186,0.23255814,0,0,0,0,0,0,0,0.253731343,0,0,0.746268657,1,0,0.728813559,0.118644068,0.152542373,585
0.416666667,0.5,0.083333333,0,0,0.76744186,0.23255814,0,0,0.823529412,0,0,0.176470588,0,0,0.28,0,0.72,1,0,0.728813559,0.118644068,0.152542373,586
0.416666667,0.5,0.083333333,0,0,0.76744186,0.23255814,0,0,0.823529412,0,0,0.176470588,0,0,0.28,0,0.72,1,0,0.728813559,0.118644068,0.152542373,587
0.416666667,0.5,0.083333333,0,0,0.76744186,0.23255814,0,0,0.823529412,0,0,0.176470588,0,0,0.28,0,0.72,1,0,0.728813559,0.118644068,0.152542373,588
0.416666667,0.5,0.083333333,0,0,0.76744186,0.23255814,0,0,0.823529412,0,0,0.176470588,0,0,0.28,0,0.72,1,0,0.728813559,0.118644068,0.152542373,589
0.416666667,0.5,0.083333333,0,0,0.76744186,0.23255814,0,0,0.823529412,0,0,0.176470588,0,0,0.28,0,0.72,1,0,0.728813559,0.118644068,0.152542373,590
0.416666667,0.5,0.083333333,0,0,0.76744186,0.23255814,0,0,0.823529412,0,0,0.176470588,0,0,0.28,0,0.72,1,0,0.728813559,0.118644068,0.152542373,591
0.703703704,0.259259259,0.037037037,0,0,0.761904762,0.238095238,0,0,0,0,0,0,0,0.264705882,0,0,0.735294118,1,0,0.711864407,0.13559322,0.152542373,592
0.416666667,0.5,0.083333333,0,0,0.76744186,0.23255814,0,0,0.823529412,0,0,0.176470588,0,0,0.28,0,0.72,1,0,0.728813559,0.118644068,0.152542373,593
0.416666667,0.5,0.083333333,0,0,0.76744186,0.23255814,0,0,0.823529412,0,0,0.176470588,0,0,0.28,0,0.72,1,0,0.728813559,0.118644068,0.152542373,594
0.416666667,0.5,0.083333333,0,0,0.76744186,0.23255814,0,0,0.823529412,0,0,0.176470588,0,0,0.28,0,0.72,1,0,0.728813559,0.118644068,0.152542373,595
0.416666667,0.5,0.083333333,0,0,0.76744186,0.23255814,0,0,0.823529412,0,0,0.176470588,0,0,0.28,0,0.72,1,0,0.728813559,0.118644068,0.152542373,596
0.703703704,0.259259259,0.037037037,0,0,0.761904762,0.238095238,0,0,0,0,0,0,0,0.233766234,0,0.116883117,0.649350649,1,0,0.84,0.16,0,597
0.730769231,0.230769231,0.038461538,0,0,0.76744186,0.23255814,0,0,0,0,0,0,0,0.223684211,0,0.118421053,0.657894737,1,0,0.86,0.14,0,598
0.730769231,0.230769231,0.038461538,0,0,0.76744186,0.23255814,0,0,0,0,0,0,0,0.223684211,0,0.118421053,0.657894737,1,0,0.86,0.14,0,599
0.730769231,0.230769231,0.038461538,0,0,0.76744186,0.23255814,0,0,0,0,0,0,0,0.223684211,0,0.118421053,0.657894737,1,0,0.86,0.14,0,600
0.416666667,0.5,0.083333333,0,0,0.76744186,0.23255814,0,0,0.823529412,0,0,0.176470588,0,0,0.28,0,0.72,1,0,0.728813559,0.118644068,0.152542373,601
0.416666667,0.5,0.083333333,0,0,0.76744186,0.23255814,0,0,0.823529412,0,0,0.176470588,0,0,0.28,0,0.72,1,0,0.728813559,0.118644068,0.152542373,602
0.416666667,0.5,0.083333333,0,0,0.76744186,0.23255814,0,0,0.823529412,0,0,0.176470588,0,0,0.28,0,0.72,1,0,0.728813559,0.118644068,0.152542373,603
0.730769231,0.230769231,0.038461538,0,0,0.76744186,0.23255814,0,0,0,0,0,0,0,0.253731343,0,0,0.746268657,1,0,0.728813559,0.118644068,0.152542373,604
0.703703704,0.259259259,0.037037037,0,0,0.761904762,0.238095238,0,0,0,0,0,0,0,0.233766234,0,0.116883117,0.649350649,1,0,0.84,0.16,0,605
0.416666667,0.5,0.083333333,0,0,0.76744186,0.23255814,0,0,0.823529412,0,0,0.176470588,0,0,0.28,0,0.72,1,0,0.728813559,0.118644068,0.152542373,606
0.416666667,0.5,0.083333333,0,0,0.76744186,0.23255814,0,0,0.823529412,0,0,0.176470588,0,0,0.28,0,0.72,1,0,0.728813559,0.118644068,0.152542373,607
0.416666667,0.5,0.083333333,0,0,0.76744186,0.23255814,0,0,0.823529412,0,0,0.176470588,0,0,0.28,0,0.72,1,0,0.728813559,0.118644068,0.152542373,608
0.416666667,0.5,0.083333333,0,0,0.76744186,0.23255814,0,0,0.823529412,0,0,0.176470588,0,0,0.28,0,0.72,1,0,0.728813559,0.118644068,0.152542373,609
0.416666667,0.5,0.083333333,0,0,0.76744186,0.23255814,0,0,1,0,0,0,0,0.048387097,0.225806452,0.14516129,0.580645161,1,0,0.86,0.14,0,610
0.730769231,0.230769231,0.038461538,0,0,0.76744186,0.23255814,0,0,0,0,0,0,0,0.223684211,0,0.118421053,0.657894737,1,0,0.86,0.14,0,611
0.416666667,0.5,0.083333333,0,0,0.76744186,0.23255814,0,0,0.823529412,0,0,0.176470588,0,0,0.28,0,0.72,1,0,0.728813559,0.118644068,0.152542373,612
0.416666667,0.5,0.083333333,0,0,0.76744186,0.23255814,0,0,0.823529412,0,0,0.176470588,0,0,0.28,0,0.72,1,0,0.728813559,0.118644068,0.152542373,613
0.416666667,0.5,0.083333333,0,0,0.76744186,0.23255814,0,0,0.823529412,0,0,0.176470588,0,0,0.28,0,0.72,1,0,0.728813559,0.118644068,0.152542373,614
0.416666667,0.5,0.083333333,0,0,0.76744186,0.23255814,0,0,0.823529412,0,0,0.176470588,0,0,0.28,0,0.72,1,0,0.728813559,0.118644068,0.152542373,615
0.416666667,0.5,0.083333333,0,0,0.76744186,0.23255814,0,0,0.823529412,0,0,0.176470588,0,0,0.28,0,0.72,1,0,0.728813559,0.118644068,0.152542373,616
0.416666667,0.5,0.083333333,0,0,0.76744186,0.23255814,0,0,0.823529412,0,0,0.176470588,0,0,0.28,0,0.72,1,0,0.728813559,0.118644068,0.152542373,617
0.416666667,0.5,0.083333333,0,0,0.76744186,0.23255814,0,0,0.823529412,0,0,0.176470588,0,0,0.28,0,0.72,1,0,0.728813559,0.118644068,0.152542373,618
0.416666667,0.5,0.083333333,0,0,0.76744186,0.23255814,0,0,0.823529412,0,0,0.176470588,0,0,0.28,0,0.72,1,0,0.728813559,0.118644068,0.152542373,619
0.416666667,0.5,0.083333333,0,0,0.76744186,0.23255814,0,0,0.823529412,0,0,0.176470588,0,0,0.28,0,0.72,1,0,0.728813559,0.118644068,0.152542373,620
0.416666667,0.5,0.083333333,0,0,0.76744186,0.23255814,0,0,0.823529412,0,0,0.176470588,0,0,0.28,0,0.72,1,0,0.728813559,0.118644068,0.152542373,621
0.416666667,0.5,0.083333333,0,0,0.76744186,0.23255814,0,0,0.823529412,0,0,0.176470588,0,0,0.28,0,0.72,1,0,0.728813559,0.118644068,0.152542373,622
0.416666667,0.5,0.083333333,0,0,0.76744186,0.23255814,0,0,0.823529412,0,0,0.176470588,0,0,0.28,0,0.72,1,0,0.728813559,0.118644068,0.152542373,623
0.730769231,0.230769231,0.038461538,0,0,0.76744186,0.23255814,0,0,0,0,0,0,0,0.223684211,0,0.118421053,0.657894737,1,0,0.86,0.14,0,624
0.730769231,0.230769231,0.038461538,0,0,0.76744186,0.23255814,0,0,0,0,0,0,0,0.223684211,0,0.118421053,0.657894737,1,0,0.86,0.14,0,625
0.730769231,0.230769231,0.038461538,0,0,0.76744186,0.23255814,0,0,0,0,0,0,0,0.223684211,0,0.118421053,0.657894737,1,0,0.86,0.14,0,626
0.703703704,0.259259259,0.037037037,0,0,0.761904762,0.238095238,0,0,0,0,0,0,0,0.233766234,0,0.116883117,0.649350649,1,0,0.84,0.16,0,627
0.416666667,0.5,0.083333333,0,0,0.76744186,0.23255814,0,0,0.823529412,0,0,0.176470588,0,0,0.28,0,0.72,1,0,0.728813559,0.118644068,0.152542373,628
0.416666667,0.5,0.083333333,0,0,0.76744186,0.23255814,0,0,0.823529412,0,0,0.176470588,0,0,0.28,0,0.72,1,0,0.728813559,0.118644068,0.152542373,629
0.416666667,0.5,0.083333333,0,0,0.76744186,0.23255814,0,0,0.823529412,0,0,0.176470588,0,0,0.28,0,0.72,1,0,0.728813559,0.118644068,0.152542373,630
0.416666667,0.5,0.083333333,0,0,0.76744186,0.23255814,0,0,0.823529412,0,0,0.176470588,0,0,0.28,0,0.72,1,0,0.728813559,0.118644068,0.152542373,631
0.416666667,0.5,0.083333333,0,0,0.76744186,0.23255814,0,0,0.823529412,0,0,0.176470588,0,0,0.28,0,0.72,1,0,0.728813559,0.118644068,0.152542373,632
0.416666667,0.5,0.083333333,0,0,0.76744186,0.23255814,0,0,0.823529412,0,0,0.176470588,0,0,0.28,0,0.72,1,0,0.728813559,0.118644068,0.152542373,633
0.416666667,0.5,0.083333333,0,0,0.76744186,0.23255814,0,0,0.823529412,0,0,0.176470588,0,0,0.28,0,0.72,1,0,0.728813559,0.118644068,0.152542373,634
0.416666667,0.5,0.083333333,0,0,0.76744186,0.23255814,0,0,0.823529412,0,0,0.176470588,0,0,0.28,0,0.72,1,0,0.728813559,0.118644068,0.152542373,635
0.416666667,0.5,0.083333333,0,0,0.76744186,0.23255814,0,0,0.823529412,0,0,0.176470588,0,0,0.28,0,0.72,1,0,0.728813559,0.118644068,0.152542373,636
0.416666667,0.5,0.083333333,0,0,0.76744186,0.23255814,0,0,0.823529412,0,0,0.176470588,0,0,0.28,0,0.72,1,0,0.728813559,0.118644068,0.152542373,637
0.416666667,0.5,0.083333333,0,0,0.76744186,0.23255814,0,0,0.823529412,0,0,0.176470588,0,0,0.28,0,0.72,1,0,0.728813559,0.118644068,0.152542373,638
0.416666667,0.5,0.083333333,0,0,0.76744186,0.23255814,0,0,0.823529412,0,0,0.176470588,0,0,0.28,0,0.72,1,0,0.728813559,0.118644068,0.152542373,639
0.5,0.416666667,0.083333333,0,0,0.755555556,0.222222222,0,0.022222222,0.866666667,0,0,0.133333333,0,0,0.26,0,0.74,1,0,0.745762712,0.101694915,0.152542373,640
0.416666667,0.5,0.083333333,0,0,0.76744186,0.23255814,0,0,0.823529412,0,0,0.176470588,0,0,0.28,0,0.72,1,0,0.728813559,0.118644068,0.152542373,641
0.416666667,0.5,0.083333333,0,0,0.76744186,0.23255814,0,0,0.823529412,0,0,0.176470588,0,0,0.28,0,0.72,1,0,0.728813559,0.118644068,0.152542373,642
0.416666667,0.5,0.083333333,0,0,0.76744186,0.23255814,0,0,0.823529412,0,0,0.176470588,0,0,0.28,0,0.72,1,0,0.728813559,0.118644068,0.152542373,643
0.416666667,0.5,0.083333333,0,0,0.76744186,0.23255814,0,0,0.823529412,0,0,0.176470588,0,0,0.28,0,0.72,1,0,0.728813559,0.118644068,0.152542373,644
0.416666667,0.5,0.083333333,0,0,0.76744186,0.23255814,0,0,0.823529412,0,0,0.176470588,0,0,0.28,0,0.72,1,0,0.728813559,0.118644068,0.152542373,645
0.416666667,0.5,0.083333333,0,0,0.76744186,0.23255814,0,0,0.823529412,0,0,0.176470588,0,0,0.28,0,0.72,1,0,0.728813559,0.118644068,0.152542373,646
0.416666667,0.5,0.083333333,0,0,0.76744186,0.23255814,0,0,0.823529412,0,0,0.176470588,0,0,0.28,0,0.72,1,0,0.728813559,0.118644068,0.152542373,647
0.416666667,0.5,0.083333333,0,0,0.76744186,0.23255814,0,0,0.823529412,0,0,0.176470588,0,0,0.28,0,0.72,1,0,0.728813559,0.118644068,0.152542373,648
0.416666667,0.5,0.083333333,0,0,0.76744186,0.23255814,0,0,0.823529412,0,0,0.176470588,0,0,0.28,0,0.72,1,0,0.728813559,0.118644068,0.152542373,649
0.703703704,0.259259259,0.037037037,0,0,0.761904762,0.238095238,0,0,0,0,0,0,0,0.233766234,0,0.116883117,0.649350649,1,0,0.84,0.16,0,650
0.703703704,0.259259259,0.037037037,0,0,0.761904762,0.238095238,0,0,0,0,0,0,0,0.233766234,0,0.116883117,0.649350649,1,0,0.84,0.16,0,651
0.703703704,0.259259259,0.037037037,0,0,0.761904762,0.238095238,0,0,0,0,0,0,0,0.233766234,0,0.116883117,0.649350649,1,0,0.84,0.16,0,652
0.416666667,0.5,0.083333333,0,0,0.76744186,0.23255814,0,0,0.823529412,0,0,0.176470588,0,0,0.28,0,0.72,1,0,0.728813559,0.118644068,0.152542373,653
0.416666667,0.5,0.083333333,0,0,0.76744186,0.23255814,0,0,0.823529412,0,0,0.176470588,0,0,0.28,0,0.72,1,0,0.728813559,0.118644068,0.152542373,654
0.416666667,0.5,0.083333333,0,0,0.76744186,0.23255814,0,0,0.823529412,0,0,0.176470588,0,0,0.28,0,0.72,1,0,0.728813559,0.118644068,0.152542373,655
0.416666667,0.5,0.083333333,0,0,0.76744186,0.23255814,0,0,0.823529412,0,0,0.176470588,0,0,0.28,0,0.72,1,0,0.728813559,0.118644068,0.152542373,656
0.730769231,0.230769231,0.038461538,0,0,0.76744186,0.23255814,0,0,0,0,0,0,0,0.223684211,0,0.118421053,0.657894737,1,0,0.86,0.14,0,657
0.730769231,0.230769231,0.038461538,0,0,0.76744186,0.23255814,0,0,0,0,0,0,0,0.223684211,0,0.118421053,0.657894737,1,0,0.86,0.14,0,658
0.703703704,0.259259259,0.037037037,0,0,0.761904762,0.238095238,0,0,0,0,0,0,0,0.233766234,0,0.116883117,0.649350649,1,0,0.84,0.16,0,659
0.703703704,0.259259259,0.037037037,0,0,0.761904762,0.238095238,0,0,0,0,0,0,0,0.233766234,0,0.116883117,0.649350649,1,0,0.84,0.16,0,660
0.416666667,0.5,0.083333333,0,0,0.76744186,0.23255814,0,0,0.823529412,0,0,0.176470588,0,0,0.28,0,0.72,1,0,0.728813559,0.118644068,0.152542373,661
0.416666667,0.5,0.083333333,0,0,0.76744186,0.23255814,0,0,0.823529412,0,0,0.176470588,0,0,0.28,0,0.72,1,0,0.728813559,0.118644068,0.152542373,662
0.416666667,0.5,0.083333333,0,0,0.76744186,0.23255814,0,0,0.823529412,0,0,0.176470588,0,0,0.28,0,0.72,1,0,0.728813559,0.118644068,0.152542373,663
0.703703704,0.259259259,0.037037037,0,0,0.761904762,0.238095238,0,0,0,0,0,0,0,0.233766234,0,0.116883117,0.649350649,1,0,0.84,0.16,0,664
0.416666667,0.5,0.083333333,0,0,0.76744186,0.23255814,0,0,0.823529412,0,0,0.176470588,0,0,0.28,0,0.72,1,0,0.728813559,0.118644068,0.152542373,665
0.416666667,0.5,0.083333333,0,0,0.76744186,0.23255814,0,0,0.823529412,0,0,0.176470588,0,0,0.28,0,0.72,1,0,0.728813559,0.118644068,0.152542373,666
0.416666667,0.5,0.083333333,0,0,0.76744186,0.23255814,0,0,0.823529412,0,0,0.176470588,0,0,0.28,0,0.72,1,0,0.728813559,0.118644068,0.152542373,667
0.416666667,0.5,0.083333333,0,0,0.76744186,0.23255814,0,0,0.823529412,0,0,0.176470588,0,0,0.28,0,0.72,1,0,0.728813559,0.118644068,0.152542373,668
0.416666667,0.5,0.083333333,0,0,0.76744186,0.23255814,0,0,0.823529412,0,0,0.176470588,0,0,0.28,0,0.72,1,0,0.728813559,0.118644068,0.152542373,669
0.416666667,0.5,0.083333333,0,0,0.76744186,0.23255814,0,0,0.823529412,0,0,0.176470588,0,0,0.28,0,0.72,1,0,0.728813559,0.118644068,0.152542373,670
0.416666667,0.5,0.083333333,0,0,0.76744186,0.23255814,0,0,0.823529412,0,0,0.176470588,0,0,0.28,0,0.72,1,0,0.728813559,0.118644068,0.152542373,671
0.416666667,0.5,0.083333333,0,0,0.76744186,0.23255814,0,0,0.823529412,0,0,0.176470588,0,0,0.28,0,0.72,1,0,0.728813559,0.118644068,0.152542373,672
0.416666667,0.5,0.083333333,0,0,0.76744186,0.23255814,0,0,0.823529412,0,0,0.176470588,0,0,0.28,0,0.72,1,0,0.728813559,0.118644068,0.152542373,673
0.416666667,0.5,0.083333333,0,0,0.76744186,0.23255814,0,0,0.823529412,0,0,0.176470588,0,0,0.28,0,0.72,1,0,0.728813559,0.118644068,0.152542373,674
0.416666667,0.5,0.083333333,0,0,0.76744186,0.23255814,0,0,0.823529412,0,0,0.176470588,0,0,0.28,0,0.72,1,0,0.728813559,0.118644068,0.152542373,675
0.416666667,0.5,0.083333333,0,0,0.76744186,0.23255814,0,0,0.823529412,0,0,0.176470588,0,0,0.28,0,0.72,1,0,0.728813559,0.118644068,0.152542373,676
0.416666667,0.5,0.083333333,0,0,0.76744186,0.23255814,0,0,0.823529412,0,0,0.176470588,0,0,0.28,0,0.72,1,0,0.728813559,0.118644068,0.152542373,677
0.416666667,0.5,0.083333333,0,0,0.76744186,0.23255814,0,0,0.823529412,0,0,0.176470588,0,0,0.28,0,0.72,1,0,0.728813559,0.118644068,0.152542373,678
0.416666667,0.5,0.083333333,0,0,0.76744186,0.23255814,0,0,0.823529412,0,0,0.176470588,0,0,0.28,0,0.72,1,0,0.728813559,0.118644068,0.152542373,679
0.416666667,0.5,0.083333333,0,0,0.76744186,0.23255814,0,0,0.823529412,0,0,0.176470588,0,0,0.28,0,0.72,1,0,0.728813559,0.118644068,0.152542373,680
0.416666667,0.5,0.083333333,0,0,0.76744186,0.23255814,0,0,0.823529412,0,0,0.176470588,0,0,0.28,0,0.72,1,0,0.728813559,0.118644068,0.152542373,681
0.416666667,0.5,0.083333333,0,0,0.76744186,0.23255814,0,0,0.823529412,0,0,0.176470588,0,0,0.28,0,0.72,1,0,0.728813559,0.118644068,0.152542373,682
0.416666667,0.5,0.083333333,0,0,0.76744186,0.23255814,0,0,0.823529412,0,0,0.176470588,0,0,0.28,0,0.72,1,0,0.728813559,0.118644068,0.152542373,683
0.416666667,0.5,0.083333333,0,0,0.76744186,0.23255814,0,0,0.823529412,0,0,0.176470588,0,0,0.28,0,0.72,1,0,0.728813559,0.118644068,0.152542373,684
0.416666667,0.5,0.083333333,0,0,0.76744186,0.23255814,0,0,0.823529412,0,0,0.176470588,0,0,0.28,0,0.72,1,0,0.728813559,0.118644068,0.152542373,685
0.416666667,0.5,0.083333333,0,0,0.76744186,0.23255814,0,0,0.823529412,0,0,0.176470588,0,0,0.28,0,0.72,1,0,0.728813559,0.118644068,0.152542373,686
0.703703704,0.222222222,0.074074074,0,0,0.785714286,0.214285714,0,0,0,0,0,0,0,0,0,0,1,1,0.233766234,0.545454545,0.103896104,0.116883117,687
0.730769231,0.230769231,0.038461538,0,0,0.76744186,0.23255814,0,0,0,0,0,0,0,0,0,0,1,1,0.223684211,0.565789474,0.092105263,0.118421053,688
0.416666667,0.5,0.083333333,0,0,0.76744186,0.23255814,0,0,0.823529412,0,0,0.176470588,0,0,0.28,0,0.72,1,0,0.728813559,0.118644068,0.152542373,689
0.730769231,0.230769231,0.038461538,0,0,0.76744186,0.23255814,0,0,0,0,0,0,0,0.223684211,0,0.118421053,0.657894737,1,0,0.86,0.14,0,690
0.730769231,0.230769231,0.038461538,0,0,0.76744186,0.23255814,0,0,0,0,0,0,0,0.223684211,0,0.118421053,0.657894737,1,0,0.86,0.14,0,691
0.730769231,0.230769231,0.038461538,0,0,0.76744186,0.23255814,0,0,0,0,0,0,0,0.223684211,0,0.118421053,0.657894737,1,0,0.86,0.14,0,692
0.703703704,0.222222222,0.074074074,0,0,0.785714286,0.214285714,0,0,0,0,0,0,0,0.233766234,0,0.116883117,0.649350649,1,0,0.84,0.16,0,693
0.416666667,0.5,0.083333333,0,0,0.76744186,0.23255814,0,0,0.823529412,0,0,0.176470588,0,0,0.28,0,0.72,1,0,0.728813559,0.118644068,0.152542373,694
0.416666667,0.5,0.083333333,0,0,0.76744186,0.23255814,0,0,0.823529412,0,0,0.176470588,0,0,0.28,0,0.72,1,0,0.728813559,0.118644068,0.152542373,695
0.416666667,0.5,0.083333333,0,0,0.76744186,0.23255814,0,0,0.823529412,0,0,0.176470588,0,0,0.28,0,0.72,1,0,0.728813559,0.118644068,0.152542373,696
0.730769231,0.230769231,0.038461538,0,0,0.76744186,0.23255814,0,0,0,0,0,0,0,0,0,0,1,1,0.223684211,0.565789474,0.092105263,0.118421053,697
0.730769231,0.230769231,0.038461538,0,0,0.76744186,0.23255814,0,0,0,0,0,0,0,0,0,0,1,1,0.223684211,0.565789474,0.092105263,0.118421053,698
0.730769231,0.230769231,0.038461538,0,0,0.76744186,0.23255814,0,0,0,0,0,0,0,0,0,0,1,1,0.223684211,0.565789474,0.092105263,0.118421053,699
0.416666667,0.5,0.083333333,0,0,0.76744186,0.23255814,0,0,0.823529412,0,0,0.176470588,0,0,0.28,0,0.72,1,0,0.728813559,0.118644068,0.152542373,700
0.416666667,0.5,0.083333333,0,0,0.76744186,0.23255814,0,0,0.823529412,0,0,0.176470588,0,0,0.28,0,0.72,1,0,0.728813559,0.118644068,0.152542373,701
0.730769231,0.230769231,0.038461538,0,0,0.76744186,0.23255814,0,0,0,0,0,0,0,0,0,0,1,1,0.223684211,0.565789474,0.092105263,0.118421053,702
0.703703704,0.222222222,0.074074074,0,0,0.785714286,0.214285714,0,0,0,0,0,0,0,0,0,0,1,1,0.233766234,0.545454545,0.103896104,0.116883117,703
0.416666667,0.5,0.083333333,0,0,0.76744186,0.23255814,0,0,0.823529412,0,0,0.176470588,0,0,0.28,0,0.72,1,0,0.728813559,0.118644068,0.152542373,704
0.703703704,0.259259259,0.037037037,0,0,0.761904762,0.238095238,0,0,0,0,0,0,0,0,0,0,1,1,0.233766234,0.545454545,0.103896104,0.116883117,705
0.416666667,0.5,0.083333333,0,0,0.76744186,0.23255814,0,0,0.823529412,0,0,0.176470588,0,0,0.28,0,0.72,1,0,0.728813559,0.118644068,0.152542373,706
0.416666667,0.5,0.083333333,0,0,0.76744186,0.23255814,0,0,0.823529412,0,0,0.176470588,0,0,0.28,0,0.72,1,0,0.728813559,0.118644068,0.152542373,707
0.416666667,0.5,0.083333333,0,0,0.76744186,0.23255814,0,0,0.823529412,0,0,0.176470588,0,0,0.28,0,0.72,1,0,0.728813559,0.118644068,0.152542373,708
0.416666667,0.5,0.083333333,0,0,0.76744186,0.23255814,0,0,0.823529412,0,0,0.176470588,0,0,0.28,0,0.72,1,0,0.728813559,0.118644068,0.152542373,709
0.416666667,0.5,0.083333333,0,0,0.76744186,0.23255814,0,0,0.823529412,0,0,0.176470588,0,0,0.28,0,0.72,1,0,0.728813559,0.118644068,0.152542373,710
0.416666667,0.5,0.083333333,0,0,0.76744186,0.23255814,0,0,0.823529412,0,0,0.176470588,0,0,0.28,0,0.72,1,0,0.728813559,0.118644068,0.152542373,711
0.416666667,0.5,0.083333333,0,0,0.76744186,0.23255814,0,0,0.823529412,0,0,0.176470588,0,0,0.28,0,0.72,1,0,0.728813559,0.118644068,0.152542373,712
0.730769231,0.230769231,0.038461538,0,0,0.76744186,0.23255814,0,0,0,0,0,0,0,0,0,0,1,1,0.223684211,0.565789474,0.092105263,0.118421053,713
0.730769231,0.230769231,0.038461538,0,0,0.76744186,0.23255814,0,0,0,0,0,0,0,0,0,0,1,1,0.223684211,0.565789474,0.092105263,0.118421053,714
0.730769231,0.230769231,0.038461538,0,0,0.76744186,0.23255814,0,0,0,0,0,0,0,0,0,0,1,1,0.223684211,0.565789474,0.092105263,0.118421053,715
0.678571429,0.285714286,0.035714286,0,0,0.756097561,0.243902439,0,0,0,0,0,0,0,0,0,0,1,1,0.243589744,0.525641026,0.115384615,0.115384615,716
0.703703704,0.222222222,0.074074074,0,0,0.785714286,0.214285714,0,0,0,0,0,0,0,0,0,0,1,1,0.233766234,0.545454545,0.103896104,0.116883117,717
0.703703704,0.259259259,0.037037037,0,0,0.761904762,0.238095238,0,0,0,0,0,0,0,0,0,0.152542373,0.847457627,1,0.264705882,0.617647059,0.117647059,0,718
0.730769231,0.230769231,0.038461538,0,0,0.76744186,0.23255814,0,0,0,0,0,0,0,0,0,0.152542373,0.847457627,1,0.253731343,0.641791045,0.104477612,0,719
0.703703704,0.259259259,0.037037037,0,0,0.761904762,0.238095238,0,0,0,0,0,0,0,0,0,0.152542373,0.847457627,1,0.264705882,0.617647059,0.117647059,0,720
0.416666667,0.5,0.083333333,0,0,0.76744186,0.23255814,0,0,0.823529412,0,0,0.176470588,0,0,0.28,0,0.72,1,0,0.728813559,0.118644068,0.152542373,721
0.730769231,0.230769231,0.038461538,0,0,0.76744186,0.23255814,0,0,0,0,0,0,0,0,0,0,1,1,0.223684211,0.565789474,0.092105263,0.118421053,722
0.730769231,0.230769231,0.038461538,0,0,0.76744186,0.23255814,0,0,0,0,0,0,0,0,0,0,1,1,0.223684211,0.565789474,0.092105263,0.118421053,723
0.416666667,0.5,0.083333333,0,0,0.76744186,0.23255814,0,0,0.823529412,0,0,0.176470588,0,0,0.237288136,0.152542373,0.610169492,1,0,0.86,0.14,0,724
0.416666667,0.5,0.083333333,0,0,0.76744186,0.23255814,0,0,0.823529412,0,0,0.176470588,0,0,0.28,0,0.72,1,0,0.728813559,0.118644068,0.152542373,725
0.730769231,0.230769231,0.038461538,0,0,0.76744186,0.23255814,0,0,0,0,0,0,0,0,0,0,1,1,0.223684211,0.565789474,0.092105263,0.118421053,726
0.730769231,0.230769231,0.038461538,0,0,0.76744186,0.23255814,0,0,0,0,0,0,0,0,0,0.152542373,0.847457627,1,0.253731343,0.641791045,0.104477612,0,727
0.730769231,0.230769231,0.038461538,0,0,0.76744186,0.23255814,0,0,0,0,0,0,0,0,0,0,1,1,0.223684211,0.565789474,0.092105263,0.118421053,728
0.703703704,0.259259259,0.037037037,0,0,0.761904762,0.238095238,0,0,0,0,0,0,0,0,0,0,1,1,0.233766234,0.545454545,0.103896104,0.116883117,729
0.730769231,0.230769231,0.038461538,0,0,0.76744186,0.23255814,0,0,0,0,0,0,0,0,0,0.152542373,0.847457627,1,0.253731343,0.641791045,0.104477612,0,730
0.678571429,0.285714286,0.035714286,0,0,0.756097561,0.243902439,0,0,0,0,0,0,0,0,0,0,1,1,0.243589744,0.525641026,0.115384615,0.115384615,731
0.730769231,0.230769231,0.038461538,0,0,0.76744186,0.23255814,0,0,0,0,0,0,0,0,0,0,1,1,0.223684211,0.565789474,0.092105263,0.118421053,732
0.416666667,0.5,0.083333333,0,0,0.76744186,0.23255814,0,0,0.823529412,0,0,0.176470588,0,0,0.237288136,0.152542373,0.610169492,1,0,0.86,0.14,0,733
0.416666667,0.5,0.083333333,0,0,0.76744186,0.23255814,0,0,0.823529412,0,0,0.176470588,0,0,0.237288136,0.152542373,0.610169492,1,0,0.86,0.14,0,734
0.416666667,0.5,0.083333333,0,0,0.76744186,0.23255814,0,0,0.823529412,0,0,0.176470588,0,0,0.237288136,0.152542373,0.610169492,1,0,0.86,0.14,0,735
0.730769231,0.230769231,0.038461538,0,0,0.76744186,0.23255814,0,0,0,0,0,0,0,0,0,0.152542373,0.847457627,1,0.253731343,0.641791045,0.104477612,0,736
0.5,0.428571429,0.071428571,0,0,0.76744186,0.23255814,0,0,1,0,0,0,0,0.090909091,0.218181818,0,0.690909091,1,0,0.728813559,0.118644068,0.152542373,737
0.416666667,0.5,0.083333333,0,0,0.76744186,0.23255814,0,0,0.823529412,0,0,0.176470588,0,0,0.28,0,0.72,1,0,0.728813559,0.118644068,0.152542373,738
0.416666667,0.5,0.083333333,0,0,0.76744186,0.23255814,0,0,0.823529412,0,0,0.176470588,0,0,0.28,0,0.72,1,0,0.728813559,0.118644068,0.152542373,739
0.416666667,0.5,0.083333333,0,0,0.76744186,0.23255814,0,0,0.823529412,0,0,0.176470588,0,0,0.28,0,0.72,1,0,0.728813559,0.118644068,0.152542373,740
0.416666667,0.5,0.083333333,0,0,0.76744186,0.23255814,0,0,0.823529412,0,0,0.176470588,0,0,0.237288136,0.152542373,0.610169492,1,0,0.86,0.14,0,741
0.416666667,0.5,0.083333333,0,0,0.76744186,0.23255814,0,0,0.823529412,0,0,0.176470588,0,0,0.237288136,0.152542373,0.610169492,1,0,0.86,0.14,0,742
0.416666667,0.5,0.083333333,0,0,0.76744186,0.23255814,0,0,0.823529412,0,0,0.176470588,0,0,0.237288136,0.152542373,0.610169492,1,0,0.86,0.14,0,743
0.730769231,0.230769231,0.038461538,0,0,0.76744186,0.23255814,0,0,0,0,0,0,0,0,0,0,1,1,0.223684211,0.565789474,0.092105263,0.118421053,744
0.703703704,0.259259259,0.037037037,0,0,0.761904762,0.238095238,0,0,0,0,0,0,0,0,0,0,1,1,0.233766234,0.545454545,0.103896104,0.116883117,745
0.730769231,0.230769231,0.038461538,0,0,0.76744186,0.23255814,0,0,0,0,0,0,0,0,0,0,1,1,0.223684211,0.565789474,0.092105263,0.118421053,746
0.416666667,0.5,0.083333333,0,0,0.76744186,0.23255814,0,0,0.823529412,0,0,0.176470588,0,0,0.28,0,0.72,1,0,0.728813559,0.118644068,0.152542373,747
0.416666667,0.5,0.083333333,0,0,0.76744186,0.23255814,0,0,0.823529412,0,0,0.176470588,0,0,0.237288136,0.152542373,0.610169492,1,0,0.86,0.14,0,748
0.730769231,0.230769231,0.038461538,0,0,0.76744186,0.23255814,0,0,0,0,0,0,0,0,0,0,1,1,0.223684211,0.565789474,0.092105263,0.118421053,749
0.416666667,0.5,0.083333333,0,0,0.76744186,0.23255814,0,0,0.823529412,0,0,0.176470588,0,0,0.28,0,0.72,1,0,0.728813559,0.118644068,0.152542373,750
0.416666667,0.5,0.083333333,0,0,0.76744186,0.23255814,0,0,0.823529412,0,0,0.176470588,0,0,0.237288136,0.152542373,0.610169492,1,0,0.86,0.14,0,751
0.678571429,0.285714286,0.035714286,0,0,0.756097561,0.243902439,0,0,0,0,0,0,0,0,0,0.152542373,0.847457627,1,0.275362319,0.594202899,0.130434783,0,752
0.730769231,0.230769231,0.038461538,0,0,0.76744186,0.23255814,0,0,0,0,0,0,0,0,0,0.152542373,0.847457627,1,0.253731343,0.641791045,0.104477612,0,753
0.730769231,0.230769231,0.038461538,0,0,0.76744186,0.23255814,0,0,0,0,0,0,0,0,0,0.152542373,0.847457627,1,0.253731343,0.641791045,0.104477612,0,754
0.416666667,0.5,0.083333333,0,0,0.76744186,0.23255814,0,0,0.823529412,0,0,0.176470588,0,0,0.237288136,0.152542373,0.610169492,1,0,0.86,0.14,0,755
0.416666667,0.5,0.083333333,0,0,0.76744186,0.23255814,0,0,0.823529412,0,0,0.176470588,0,0,0.237288136,0.152542373,0.610169492,1,0,0.86,0.14,0,756
0.416666667,0.5,0.083333333,0,0,0.76744186,0.23255814,0,0,0.823529412,0,0,0.176470588,0,0,0.237288136,0.152542373,0.610169492,1,0,0.86,0.14,0,757
0.416666667,0.5,0.083333333,0,0,0.76744186,0.23255814,0,0,0.823529412,0,0,0.176470588,0,0,0.237288136,0.152542373,0.610169492,1,0,0.86,0.14,0,758
0.416666667,0.5,0.083333333,0,0,0.76744186,0.23255814,0,0,0.823529412,0,0,0.176470588,0,0,0.237288136,0.152542373,0.610169492,1,0,0.86,0.14,0,759
0.416666667,0.5,0.083333333,0,0,0.76744186,0.23255814,0,0,0.823529412,0,0,0.176470588,0,0,0.28,0,0.72,1,0,0.728813559,0.118644068,0.152542373,760
0.416666667,0.5,0.083333333,0,0,0.76744186,0.23255814,0,0,0.823529412,0,0,0.176470588,0,0,0.28,0,0.72,1,0,0.728813559,0.118644068,0.152542373,761
0.416666667,0.5,0.083333333,0,0,0.76744186,0.23255814,0,0,0.823529412,0,0,0.176470588,0,0,0.28,0,0.72,1,0,0.728813559,0.118644068,0.152542373,762
0.416666667,0.5,0.083333333,0,0,0.76744186,0.23255814,0,0,0.823529412,0,0,0.176470588,0,0,0.28,0,0.72,1,0,0.728813559,0.118644068,0.152542373,763
0.416666667,0.5,0.083333333,0,0,0.76744186,0.23255814,0,0,0.823529412,0,0,0.176470588,0,0,0.237288136,0.152542373,0.610169492,1,0,0.86,0.14,0,764
0.703703704,0.259259259,0.037037037,0,0,0.761904762,0.238095238,0,0,0,0,0,0,0,0,0,0.152542373,0.847457627,1,0.264705882,0.617647059,0.117647059,0,765
0.416666667,0.5,0.083333333,0,0,0.76744186,0.23255814,0,0,0.823529412,0,0,0.176470588,0,0,0.237288136,0.152542373,0.610169492,1,0,0.86,0.14,0,766
0.703703704,0.222222222,0.074074074,0,0,0.785714286,0.214285714,0,0,0,0,0,0,0,0,0,0.152542373,0.847457627,1,0.264705882,0.617647059,0.117647059,0,767
0.730769231,0.230769231,0.038461538,0,0,0.76744186,0.23255814,0,0,0,0,0,0,0,0,0,0.152542373,0.847457627,1,0.253731343,0.641791045,0.104477612,0,768
0.730769231,0.230769231,0.038461538,0,0,0.76744186,0.23255814,0,0,0,0,0,0,0,0,0,0,1,1,0.223684211,0.565789474,0.092105263,0.118421053,769
0.703703704,0.259259259,0.037037037,0,0,0.761904762,0.238095238,0,0,0,0,0,0,0,0,0,0,1,1,0.233766234,0.545454545,0.103896104,0.116883117,770
0.416666667,0.5,0.083333333,0,0,0.76744186,0.23255814,0,0,0.823529412,0,0,0.176470588,0,0,0.28,0,0.72,1,0,0.728813559,0.118644068,0.152542373,771
0.730769231,0.230769231,0.038461538,0,0,0.76744186,0.23255814,0,0,0,0,0,0,0,0,0,0.152542373,0.847457627,1,0.253731343,0.641791045,0.104477612,0,772
0.703703704,0.259259259,0.037037037,0,0,0.761904762,0.238095238,0,0,0,0,0,0,0,0,0,0.152542373,0.847457627,1,0.264705882,0.617647059,0.117647059,0,773
0.416666667,0.5,0.083333333,0,0,0.76744186,0.23255814,0,0,0.823529412,0,0,0.176470588,0,0,0.28,0,0.72,1,0,0.728813559,0.118644068,0.152542373,774
0.416666667,0.5,0.083333333,0,0,0.76744186,0.23255814,0,0,0.823529412,0,0,0.176470588,0,0,0.28,0,0.72,1,0,0.728813559,0.118644068,0.152542373,775
0.416666667,0.5,0.083333333,0,0,0.76744186,0.23255814,0,0,0.823529412,0,0,0.176470588,0,0,0.28,0,0.72,1,0,0.728813559,0.118644068,0.152542373,776
0.416666667,0.5,0.083333333,0,0,0.76744186,0.23255814,0,0,0.823529412,0,0,0.176470588,0,0,0.28,0,0.72,1,0,0.728813559,0.118644068,0.152542373,777
0.416666667,0.5,0.083333333,0,0,0.76744186,0.23255814,0,0,0.823529412,0,0,0.176470588,0,0,0.28,0,0.72,1,0,0.728813559,0.118644068,0.152542373,778
0.416666667,0.5,0.083333333,0,0,0.76744186,0.23255814,0,0,0.823529412,0,0,0.176470588,0,0,0.28,0,0.72,1,0,0.728813559,0.118644068,0.152542373,779
0.730769231,0.230769231,0.038461538,0,0,0.76744186,0.23255814,0,0,0,0,0,0,0,0,0,0.152542373,0.847457627,1,0.253731343,0.641791045,0.104477612,0,780
0.703703704,0.259259259,0.037037037,0,0,0.761904762,0.238095238,0,0,0,0,0,0,0,0,0,0.152542373,0.847457627,1,0.264705882,0.617647059,0.117647059,0,781
0.730769231,0.230769231,0.038461538,0,0,0.76744186,0.23255814,0,0,0,0,0,0,0,0,0,0.152542373,0.847457627,1,0.253731343,0.641791045,0.104477612,0,782
0.703703704,0.259259259,0.037037037,0,0,0.761904762,0.238095238,0,0,0,0,0,0,0,0,0,0.152542373,0.847457627,1,0.264705882,0.617647059,0.117647059,0,783
0.730769231,0.230769231,0.038461538,0,0,0.76744186,0.23255814,0,0,0,0,0,0,0,0,0,0.152542373,0.847457627,1,0.253731343,0.641791045,0.104477612,0,784
0.730769231,0.230769231,0.038461538,0,0,0.76744186,0.23255814,0,0,0,0,0,0,0,0,0,0.152542373,0.847457627,1,0.253731343,0.641791045,0.104477612,0,785
0.703703704,0.259259259,0.037037037,0,0,0.761904762,0.238095238,0,0,0,0,0,0,0,0,0,0.152542373,0.847457627,1,0.264705882,0.617647059,0.117647059,0,786
0.730769231,0.230769231,0.038461538,0,0,0.76744186,0.23255814,0,0,0,0,0,0,0,0,0,0.152542373,0.847457627,1,0.253731343,0.641791045,0.104477612,0,787
0.416666667,0.5,0.083333333,0,0,0.76744186,0.23255814,0,0,0.823529412,0,0,0.176470588,0,0,0.237288136,0.152542373,0.610169492,1,0,0.86,0.14,0,788
0.416666667,0.5,0.083333333,0,0,0.76744186,0.23255814,0,0,0.823529412,0,0,0.176470588,0,0,0.237288136,0.152542373,0.610169492,1,0,0.86,0.14,0,789
0.416666667,0.5,0.083333333,0,0,0.76744186,0.23255814,0,0,0.823529412,0,0,0.176470588,0,0,0.237288136,0.152542373,0.610169492,1,0,0.86,0.14,0,790
0.730769231,0.230769231,0.038461538,0,0,0.76744186,0.23255814,0,0,0,0,0,0,0,0,0,0,1,1,0.223684211,0.565789474,0.092105263,0.118421053,791
0.730769231,0.230769231,0.038461538,0,0,0.76744186,0.23255814,0,0,0,0,0,0,0,0,0,0,1,1,0.223684211,0.565789474,0.092105263,0.118421053,792
0.730769231,0.230769231,0.038461538,0,0,0.76744186,0.23255814,0,0,0,0,0,0,0,0,0,0,1,1,0.223684211,0.565789474,0.092105263,0.118421053,793
0.416666667,0.5,0.083333333,0,0,0.76744186,0.23255814,0,0,0.823529412,0,0,0.176470588,0,0,0.28,0,0.72,1,0,0.728813559,0.118644068,0.152542373,794
0.416666667,0.5,0.083333333,0,0,0.76744186,0.23255814,0,0,0.823529412,0,0,0.176470588,0,0,0.28,0,0.72,1,0,0.728813559,0.118644068,0.152542373,795
0.730769231,0.230769231,0.038461538,0,0,0.76744186,0.23255814,0,0,0,0,0,0,0,0,0,0.152542373,0.847457627,1,0.253731343,0.641791045,0.104477612,0,796
0.703703704,0.259259259,0.037037037,0,0,0.761904762,0.238095238,0,0,0,0,0,0,0,0,0,0,1,1,0.233766234,0.545454545,0.103896104,0.116883117,797
0.416666667,0.5,0.083333333,0,0,0.76744186,0.23255814,0,0,0.823529412,0,0,0.176470588,0,0,0.28,0,0.72,1,0,0.728813559,0.118644068,0.152542373,798
0.416666667,0.5,0.083333333,0,0,0.76744186,0.23255814,0,0,0.823529412,0,0,0.176470588,0,0,0.28,0,0.72,1,0,0.728813559,0.118644068,0.152542373,799
0.416666667,0.5,0.083333333,0,0,0.76744186,0.23255814,0,0,0.823529412,0,0,0.176470588,0,0,0.237288136,0.152542373,0.610169492,1,0,0.86,0.14,0,800
0.416666667,0.5,0.083333333,0,0,0.76744186,0.23255814,0,0,0.823529412,0,0,0.176470588,0,0,0.237288136,0.152542373,0.610169492,1,0,0.86,0.14,0,801
0.416666667,0.5,0.083333333,0,0,0.76744186,0.23255814,0,0,0.823529412,0,0,0.176470588,0,0,0.237288136,0.152542373,0.610169492,1,0,0.86,0.14,0,802
0.416666667,0.5,0.083333333,0,0,0.76744186,0.23255814,0,0,0.823529412,0,0,0.176470588,0,0,0.28,0,0.72,1,0,0.728813559,0.118644068,0.152542373,803
0.703703704,0.259259259,0.037037037,0,0,0.761904762,0.238095238,0,0,0,0,0,0,0,0,0,0.152542373,0.847457627,1,0.264705882,0.617647059,0.117647059,0,804
0.416666667,0.5,0.083333333,0,0,0.76744186,0.23255814,0,0,0.823529412,0,0,0.176470588,0,0,0.237288136,0.152542373,0.610169492,1,0,0.86,0.14,0,805
0.730769231,0.230769231,0.038461538,0,0,0.76744186,0.23255814,0,0,0,0,0,0,0,0,0,0,1,1,0.223684211,0.565789474,0.092105263,0.118421053,806
0.730769231,0.230769231,0.038461538,0,0,0.76744186,0.23255814,0,0,0,0,0,0,0,0,0,0,1,1,0.223684211,0.565789474,0.092105263,0.118421053,807
0.730769231,0.230769231,0.038461538,0,0,0.76744186,0.23255814,0,0,0,0,0,0,0,0,0,0,1,1,0.223684211,0.565789474,0.092105263,0.118421053,808
0.703703704,0.259259259,0.037037037,0,0,0.761904762,0.238095238,0,0,0,0,0,0,0,0,0,0.152542373,0.847457627,1,0.264705882,0.617647059,0.117647059,0,809
0.416666667,0.5,0.083333333,0,0,0.76744186,0.23255814,0,0,0.823529412,0,0,0.176470588,0,0,0.28,0,0.72,1,0,0.728813559,0.118644068,0.152542373,810
0.416666667,0.5,0.083333333,0,0,0.76744186,0.23255814,0,0,0.823529412,0,0,0.176470588,0,0,0.237288136,0.152542373,0.610169492,1,0,0.86,0.14,0,811
0.416666667,0.5,0.083333333,0,0,0.76744186,0.23255814,0,0,0.823529412,0,0,0.176470588,0,0,0.237288136,0.152542373,0.610169492,1,0,0.86,0.14,0,812
0.416666667,0.5,0.083333333,0,0,0.76744186,0.23255814,0,0,0.823529412,0,0,0.176470588,0,0,0.237288136,0.152542373,0.610169492,1,0,0.86,0.14,0,813
0.416666667,0.5,0.083333333,0,0,0.76744186,0.23255814,0,0,0.823529412,0,0,0.176470588,0,0,0.28,0,0.72,1,0,0.728813559,0.118644068,0.152542373,814
0.416666667,0.5,0.083333333,0,0,0.76744186,0.23255814,0,0,0.823529412,0,0,0.176470588,0,0,0.28,0,0.72,1,0,0.728813559,0.118644068,0.152542373,815
0.416666667,0.5,0.083333333,0,0,0.76744186,0.23255814,0,0,0.823529412,0,0,0.176470588,0,0,0.28,0,0.72,1,0,0.728813559,0.118644068,0.152542373,816
0.416666667,0.5,0.083333333,0,0,0.76744186,0.23255814,0,0,0.823529412,0,0,0.176470588,0,0,0.28,0,0.72,1,0,0.728813559,0.118644068,0.152542373,817
0.416666667,0.5,0.083333333,0,0,0.76744186,0.23255814,0,0,0.823529412,0,0,0.176470588,0,0,0.28,0,0.72,1,0,0.728813559,0.118644068,0.152542373,818
0.416666667,0.5,0.083333333,0,0,0.76744186,0.23255814,0,0,0.823529412,0,0,0.176470588,0,0,0.28,0,0.72,1,0,0.728813559,0.118644068,0.152542373,819
0.416666667,0.5,0.083333333,0,0,0.76744186,0.23255814,0,0,0.823529412,0,0,0.176470588,0,0,0.28,0,0.72,1,0,0.728813559,0.118644068,0.152542373,820
0.416666667,0.5,0.083333333,0,0,0.76744186,0.23255814,0,0,0.823529412,0,0,0.176470588,0,0,0.237288136,0.152542373,0.610169492,1,0,0.86,0.14,0,821
0.416666667,0.5,0.083333333,0,0,0.76744186,0.23255814,0,0,0.823529412,0,0,0.176470588,0,0,0.237288136,0.152542373,0.610169492,1,0,0.86,0.14,0,822
0.416666667,0.5,0.083333333,0,0,0.76744186,0.23255814,0,0,0.823529412,0,0,0.176470588,0,0,0.237288136,0.152542373,0.610169492,1,0,0.86,0.14,0,823
0.678571429,0.285714286,0.035714286,0,0,0.756097561,0.243902439,0,0,0,0,0,0,0,0,0,0.152542373,0.847457627,1,0.275362319,0.594202899,0.130434783,0,824
0.730769231,0.230769231,0.038461538,0,0,0.76744186,0.23255814,0,0,0,0,0,0,0,0,0,0.152542373,0.847457627,1,0.253731343,0.641791045,0.104477612,0,825
0.703703704,0.259259259,0.037037037,0,0,0.761904762,0.238095238,0,0,0,0,0,0,0,0,0,0.152542373,0.847457627,1,0.264705882,0.617647059,0.117647059,0,826
0.416666667,0.5,0.083333333,0,0,0.76744186,0.23255814,0,0,0.823529412,0,0,0.176470588,0,0,0.237288136,0.152542373,0.610169492,1,0,0.86,0.14,0,827
0.416666667,0.5,0.083333333,0,0,0.76744186,0.23255814,0,0,0.823529412,0,0,0.176470588,0,0,0.237288136,0.152542373,0.610169492,1,0,0.86,0.14,0,828
0.416666667,0.5,0.083333333,0,0,0.76744186,0.23255814,0,0,0.823529412,0,0,0.176470588,0,0,0.237288136,0.152542373,0.610169492,1,0,0.86,0.14,0,829
0.416666667,0.5,0.083333333,0,0,0.76744186,0.23255814,0,0,0.823529412,0,0,0.176470588,0,0,0.28,0,0.72,1,0,0.728813559,0.118644068,0.152542373,830
0.416666667,0.5,0.083333333,0,0,0.76744186,0.23255814,0,0,0.823529412,0,0,0.176470588,0,0,0.237288136,0.152542373,0.610169492,1,0,0.86,0.14,0,831
0.416666667,0.5,0.083333333,0,0,0.76744186,0.23255814,0,0,0.823529412,0,0,0.176470588,0,0,0.237288136,0.152542373,0.610169492,1,0,0.86,0.14,0,832
0.416666667,0.5,0.083333333,0,0,0.76744186,0.23255814,0,0,0.823529412,0,0,0.176470588,0,0,0.237288136,0.152542373,0.610169492,1,0,0.86,0.14,0,833
0.730769231,0.230769231,0.038461538,0,0,0.76744186,0.23255814,0,0,0,0,0,0,0,0,0,0.152542373,0.847457627,1,0.253731343,0.641791045,0.104477612,0,834
0.730769231,0.230769231,0.038461538,0,0,0.76744186,0.23255814,0,0,0,0,0,0,0,0,0,0.152542373,0.847457627,1,0.253731343,0.641791045,0.104477612,0,835
0.703703704,0.222222222,0.074074074,0,0,0.785714286,0.214285714,0,0,0,0,0,0,0,0,0,0.152542373,0.847457627,1,0.264705882,0.617647059,0.117647059,0,836
0.703703704,0.259259259,0.037037037,0,0,0.761904762,0.238095238,0,0,0,0,0,0,0,0,0,0.152542373,0.847457627,1,0.264705882,0.617647059,0.117647059,0,837
0.678571429,0.285714286,0.035714286,0,0,0.756097561,0.243902439,0,0,0,0,0,0,0,0,0,0.152542373,0.847457627,1,0.275362319,0.594202899,0.130434783,0,838
0.416666667,0.5,0.083333333,0,0,0.76744186,0.23255814,0,0,0.823529412,0,0,0.176470588,0,0,0.28,0,0.72,1,0,0.728813559,0.118644068,0.152542373,839
0.416666667,0.5,0.083333333,0,0,0.76744186,0.23255814,0,0,0.823529412,0,0,0.176470588,0,0,0.28,0,0.72,1,0,0.728813559,0.118644068,0.152542373,840
0.416666667,0.5,0.083333333,0,0,0.76744186,0.23255814,0,0,0.823529412,0,0,0.176470588,0,0,0.237288136,0.152542373,0.610169492,1,0,0.86,0.14,0,841
0.416666667,0.5,0.083333333,0,0,0.76744186,0.23255814,0,0,0.823529412,0,0,0.176470588,0,0,0.237288136,0.152542373,0.610169492,1,0,0.86,0.14,0,842
0.416666667,0.5,0.083333333,0,0,0.76744186,0.23255814,0,0,0.823529412,0,0,0.176470588,0,0,0.237288136,0.152542373,0.610169492,1,0,0.86,0.14,0,843
0.416666667,0.5,0.083333333,0,0,0.76744186,0.23255814,0,0,0.823529412,0,0,0.176470588,0,0,0.237288136,0.152542373,0.610169492,1,0,0.86,0.14,0,844
0.416666667,0.5,0.083333333,0,0,0.76744186,0.23255814,0,0,0.823529412,0,0,0.176470588,0,0,0.237288136,0.152542373,0.610169492,1,0,0.86,0.14,0,845
0.416666667,0.5,0.083333333,0,0,0.76744186,0.23255814,0,0,0.823529412,0,0,0.176470588,0,0,0.237288136,0.152542373,0.610169492,1,0,0.86,0.14,0,846
0.416666667,0.5,0.083333333,0,0,0.76744186,0.23255814,0,0,0.823529412,0,0,0.176470588,0,0,0.28,0,0.72,1,0,0.728813559,0.118644068,0.152542373,847
0.416666667,0.5,0.083333333,0,0,0.76744186,0.23255814,0,0,0.823529412,0,0,0.176470588,0,0,0.237288136,0.152542373,0.610169492,1,0,0.86,0.14,0,848
0.416666667,0.5,0.083333333,0,0,0.76744186,0.23255814,0,0,0.823529412,0,0,0.176470588,0,0,0.237288136,0.152542373,0.610169492,1,0,0.86,0.14,0,849
0.416666667,0.5,0.083333333,0,0,0.76744186,0.23255814,0,0,0.823529412,0,0,0.176470588,0,0,0.237288136,0.152542373,0.610169492,1,0,0.86,0.14,0,850
0.416666667,0.5,0.083333333,0,0,0.76744186,0.23255814,0,0,0.823529412,0,0,0.176470588,0,0,0.237288136,0.152542373,0.610169492,1,0,0.86,0.14,0,851
0.416666667,0.5,0.083333333,0,0,0.76744186,0.23255814,0,0,0.823529412,0,0,0.176470588,0,0,0.237288136,0.152542373,0.610169492,1,0,0.86,0.14,0,852
0.416666667,0.5,0.083333333,0,0,0.76744186,0.23255814,0,0,0.823529412,0,0,0.176470588,0,0,0.237288136,0.152542373,0.610169492,1,0,0.86,0.14,0,853
0.703703704,0.222222222,0.074074074,0,0,0.785714286,0.214285714,0,0,0,0,0,0,0,0,0,0.152542373,0.847457627,1,0.264705882,0.617647059,0.117647059,0,854
0.730769231,0.230769231,0.038461538,0,0,0.76744186,0.23255814,0,0,0,0,0,0,0,0,0,0.152542373,0.847457627,1,0.253731343,0.641791045,0.104477612,0,855
0.703703704,0.259259259,0.037037037,0,0,0.761904762,0.238095238,0,0,0,0,0,0,0,0,0,0.152542373,0.847457627,1,0.264705882,0.617647059,0.117647059,0,856
0.416666667,0.5,0.083333333,0,0,0.76744186,0.23255814,0,0,0.823529412,0,0,0.176470588,0,0,0.237288136,0.152542373,0.610169492,1,0,0.86,0.14,0,857
0.703703704,0.259259259,0.037037037,0,0,0.761904762,0.238095238,0,0,0,0,0,0,0,0,0,0.152542373,0.847457627,1,0.264705882,0.617647059,0.117647059,0,858
0.730769231,0.230769231,0.038461538,0,0,0.76744186,0.23255814,0,0,0,0,0,0,0,0,0,0.152542373,0.847457627,1,0.253731343,0.641791045,0.104477612,0,859
0.416666667,0.5,0.083333333,0,0,0.76744186,0.23255814,0,0,0.823529412,0,0,0.176470588,0,0,0.28,0,0.72,1,0,0.728813559,0.118644068,0.152542373,860
0.416666667,0.5,0.083333333,0,0,0.76744186,0.23255814,0,0,0.823529412,0,0,0.176470588,0,0,0.28,0,0.72,1,0,0.728813559,0.118644068,0.152542373,861
0.416666667,0.5,0.083333333,0,0,0.76744186,0.23255814,0,0,0.823529412,0,0,0.176470588,0,0,0.28,0,0.72,1,0,0.728813559,0.118644068,0.152542373,862
0.416666667,0.5,0.083333333,0,0,0.76744186,0.23255814,0,0,0.823529412,0,0,0.176470588,0,0,0.28,0,0.72,1,0,0.728813559,0.118644068,0.152542373,863
0.416666667,0.5,0.083333333,0,0,0.76744186,0.23255814,0,0,0.823529412,0,0,0.176470588,0,0,0.28,0,0.72,1,0,0.728813559,0.118644068,0.152542373,864
0.416666667,0.5,0.083333333,0,0,0.76744186,0.23255814,0,0,0.823529412,0,0,0.176470588,0,0,0.28,0,0.72,1,0,0.728813559,0.118644068,0.152542373,865
0.730769231,0.230769231,0.038461538,0,0,0.76744186,0.23255814,0,0,0,0,0,0,0,0,0,0.152542373,0.847457627,1,0.253731343,0.641791045,0.104477612,0,866
0.678571429,0.25,0.071428571,0,0,0.780487805,0.219512195,0,0,0,0,0,0,0,0,0,0.152542373,0.847457627,1,0.275362319,0.594202899,0.130434783,0,867
0.730769231,0.230769231,0.038461538,0,0,0.76744186,0.23255814,0,0,0,0,0,0,0,0,0,0.152542373,0.847457627,1,0.253731343,0.641791045,0.104477612,0,868
0.416666667,0.5,0.083333333,0,0,0.76744186,0.23255814,0,0,0.823529412,0,0,0.176470588,0,0,0.237288136,0.152542373,0.610169492,1,0,0.86,0.14,0,869
0.416666667,0.5,0.083333333,0,0,0.76744186,0.23255814,0,0,0.823529412,0,0,0.176470588,0,0,0.237288136,0.152542373,0.610169492,1,0,0.86,0.14,0,870
0.416666667,0.5,0.083333333,0,0,0.76744186,0.23255814,0,0,0.823529412,0,0,0.176470588,0,0,0.237288136,0.152542373,0.610169492,1,0,0.86,0.14,0,871
0.416666667,0.5,0.083333333,0,0,0.76744186,0.23255814,0,0,1,0,0,0,0,0.056603774,0.264150943,0,0.679245283,1,0,0.728813559,0.118644068,0.152542373,872
0.730769231,0.230769231,0.038461538,0,0,0.76744186,0.23255814,0,0,0,0,0,0,0,0,0,0.152542373,0.847457627,1,0.253731343,0.641791045,0.104477612,0,873
0.703703704,0.259259259,0.037037037,0,0,0.761904762,0.238095238,0,0,0,0,0,0,0,0,0,0.152542373,0.847457627,1,0.264705882,0.617647059,0.117647059,0,874
0.678571429,0.285714286,0.035714286,0,0,0.756097561,0.243902439,0,0,0,0,0,0,0,0,0,0.152542373,0.847457627,1,0.275362319,0.594202899,0.130434783,0,875
0.703703704,0.259259259,0.037037037,0,0,0.761904762,0.238095238,0,0,0,0,0,0,0,0,0,0.152542373,0.847457627,1,0.264705882,0.617647059,0.117647059,0,876
0.416666667,0.5,0.083333333,0,0,0.76744186,0.23255814,0,0,0.823529412,0,0,0.176470588,0,0,0.28,0,0.72,1,0,0.728813559,0.118644068,0.152542373,877
0.416666667,0.5,0.083333333,0,0,0.76744186,0.23255814,0,0,0.823529412,0,0,0.176470588,0,0,0.28,0,0.72,1,0,0.728813559,0.118644068,0.152542373,878
0.416666667,0.5,0.083333333,0,0,0.76744186,0.23255814,0,0,0.823529412,0,0,0.176470588,0,0,0.28,0,0.72,1,0,0.728813559,0.118644068,0.152542373,879
0.703703704,0.259259259,0.037037037,0,0,0.761904762,0.238095238,0,0,0,0,0,0,0,0,0,0.152542373,0.847457627,1,0.264705882,0.617647059,0.117647059,0,880
0.730769231,0.230769231,0.038461538,0,0,0.76744186,0.23255814,0,0,0,0,0,0,0,0,0,0.152542373,0.847457627,1,0.253731343,0.641791045,0.104477612,0,881
0.730769231,0.230769231,0.038461538,0,0,0.76744186,0.23255814,0,0,0,0,0,0,0,0,0,0.152542373,0.847457627,1,0.253731343,0.641791045,0.104477612,0,882
0.678571429,0.285714286,0.035714286,0,0,0.756097561,0.243902439,0,0,0,0,0,0,0,0,0,0.152542373,0.847457627,1,0.275362319,0.594202899,0.130434783,0,883
0.416666667,0.5,0.083333333,0,0,0.76744186,0.23255814,0,0,0.823529412,0,0,0.176470588,0,0,0.237288136,0.152542373,0.610169492,1,0,0.86,0.14,0,884
0.730769231,0.230769231,0.038461538,0,0,0.76744186,0.23255814,0,0,0,0,0,0,0,0,0,0.152542373,0.847457627,1,0.253731343,0.641791045,0.104477612,0,885
0.730769231,0.230769231,0.038461538,0,0,0.76744186,0.23255814,0,0,0,0,0,0,0,0,0,0.152542373,0.847457627,1,0.253731343,0.641791045,0.104477612,0,886
0.416666667,0.5,0.083333333,0,0,0.76744186,0.23255814,0,0,0.823529412,0,0,0.176470588,0,0,0.28,0,0.72,1,0,0.728813559,0.118644068,0.152542373,887
0.416666667,0.5,0.083333333,0,0,0.76744186,0.23255814,0,0,0.823529412,0,0,0.176470588,0,0,0.28,0,0.72,1,0,0.728813559,0.118644068,0.152542373,888
0.416666667,0.5,0.083333333,0,0,0.76744186,0.23255814,0,0,0.823529412,0,0,0.176470588,0,0,0.28,0,0.72,1,0,0.728813559,0.118644068,0.152542373,889
0.416666667,0.5,0.083333333,0,0,0.76744186,0.23255814,0,0,0.823529412,0,0,0.176470588,0,0,0.28,0,0.72,1,0,0.728813559,0.118644068,0.152542373,890
0.416666667,0.5,0.083333333,0,0,0.76744186,0.23255814,0,0,0.823529412,0,0,0.176470588,0,0,0.28,0,0.72,1,0,0.728813559,0.118644068,0.152542373,891
0.416666667,0.5,0.083333333,0,0,0.76744186,0.23255814,0,0,0.823529412,0,0,0.176470588,0,0,0.237288136,0.152542373,0.610169492,1,0,0.86,0.14,0,892
0.730769231,0.230769231,0.038461538,0,0,0.76744186,0.23255814,0,0,0,0,0,0,0,0,0,0.152542373,0.847457627,1,0.253731343,0.641791045,0.104477612,0,893
0.703703704,0.259259259,0.037037037,0,0,0.761904762,0.238095238,0,0,0,0,0,0,0,0,0,0.152542373,0.847457627,1,0.264705882,0.617647059,0.117647059,0,894
0.730769231,0.230769231,0.038461538,0,0,0.76744186,0.23255814,0,0,0,0,0,0,0,0,0,0.152542373,0.847457627,1,0.253731343,0.641791045,0.104477612,0,895
0.730769231,0.230769231,0.038461538,0,0,0.76744186,0.23255814,0,0,0,0,0,0,0,0,0,0.152542373,0.847457627,1,0.253731343,0.641791045,0.104477612,0,896
0.416666667,0.5,0.083333333,0,0,0.76744186,0.23255814,0,0,0.823529412,0,0,0.176470588,0,0,0.28,0,0.72,1,0,0.728813559,0.118644068,0.152542373,897
0.416666667,0.5,0.083333333,0,0,0.76744186,0.23255814,0,0,0.823529412,0,0,0.176470588,0,0,0.28,0,0.72,1,0,0.728813559,0.118644068,0.152542373,898
0.416666667,0.5,0.083333333,0,0,0.76744186,0.23255814,0,0,0.823529412,0,0,0.176470588,0,0,0.28,0,0.72,1,0,0.728813559,0.118644068,0.152542373,899
0.416666667,0.5,0.083333333,0,0,0.76744186,0.23255814,0,0,0.823529412,0,0,0.176470588,0,0,0.28,0,0.72,1,0,0.728813559,0.118644068,0.152542373,900
0.730769231,0.230769231,0.038461538,0,0,0.76744186,0.23255814,0,0,0,0,0,0,0,0,0,0.152542373,0.847457627,1,0.253731343,0.641791045,0.104477612,0,901
0.703703704,0.259259259,0.037037037,0,0,0.761904762,0.238095238,0,0,0,0,0,0,0,0,0,0.152542373,0.847457627,1,0.264705882,0.617647059,0.117647059,0,902
0.416666667,0.5,0.083333333,0,0,0.76744186,0.23255814,0,0,0.823529412,0,0,0.176470588,0,0,0.237288136,0.152542373,0.610169492,1,0,0.86,0.14,0,903
0.416666667,0.5,0.083333333,0,0,0.76744186,0.23255814,0,0,0.823529412,0,0,0.176470588,0,0,0.237288136,0.152542373,0.610169492,1,0,0.86,0.14,0,904
0.730769231,0.230769231,0.038461538,0,0,0.76744186,0.23255814,0,0,0,0,0,0,0,0,0,0.152542373,0.847457627,1,0.253731343,0.641791045,0.104477612,0,905
0.730769231,0.230769231,0.038461538,0,0,0.76744186,0.23255814,0,0,0,0,0,0,0,0,0,0.152542373,0.847457627,1,0.253731343,0.641791045,0.104477612,0,906
0.416666667,0.5,0.083333333,0,0,0.76744186,0.23255814,0,0,0.823529412,0,0,0.176470588,0,0,0.28,0,0.72,1,0,0.728813559,0.118644068,0.152542373,907
0.416666667,0.5,0.083333333,0,0,0.76744186,0.23255814,0,0,0.823529412,0,0,0.176470588,0,0,0.28,0,0.72,1,0,0.728813559,0.118644068,0.152542373,908
0.416666667,0.5,0.083333333,0,0,0.76744186,0.23255814,0,0,0.823529412,0,0,0.176470588,0,0,0.28,0,0.72,1,0,0.728813559,0.118644068,0.152542373,909
0.416666667,0.5,0.083333333,0,0,0.76744186,0.23255814,0,0,0.823529412,0,0,0.176470588,0,0,0.28,0,0.72,1,0,0.728813559,0.118644068,0.152542373,910
0.416666667,0.5,0.083333333,0,0,0.76744186,0.23255814,0,0,0.823529412,0,0,0.176470588,0,0,0.237288136,0.152542373,0.610169492,1,0,0.86,0.14,0,911
0.416666667,0.5,0.083333333,0,0,0.76744186,0.23255814,0,0,0.823529412,0,0,0.176470588,0,0,0.28,0,0.72,1,0,0.728813559,0.118644068,0.152542373,912
0.416666667,0.5,0.083333333,0,0,0.76744186,0.23255814,0,0,0.823529412,0,0,0.176470588,0,0,0.28,0,0.72,1,0,0.728813559,0.118644068,0.152542373,913
0.416666667,0.5,0.083333333,0,0,0.76744186,0.23255814,0,0,0.823529412,0,0,0.176470588,0,0,0.28,0,0.72,1,0,0.728813559,0.118644068,0.152542373,914
0.416666667,0.5,0.083333333,0,0,0.76744186,0.23255814,0,0,0.823529412,0,0,0.176470588,0,0,0.28,0,0.72,1,0,0.728813559,0.118644068,0.152542373,915
0.416666667,0.5,0.083333333,0,0,0.76744186,0.23255814,0,0,0.823529412,0,0,0.176470588,0,0,0.28,0,0.72,1,0,0.728813559,0.118644068,0.152542373,916
0.416666667,0.5,0.083333333,0,0,0.76744186,0.23255814,0,0,0.823529412,0,0,0.176470588,0,0,0.28,0,0.72,1,0,0.728813559,0.118644068,0.152542373,917
0.416666667,0.5,0.083333333,0,0,0.76744186,0.23255814,0,0,0.823529412,0,0,0.176470588,0,0,0.237288136,0.152542373,0.610169492,1,0,0.86,0.14,0,918
0.416666667,0.5,0.083333333,0,0,0.76744186,0.23255814,0,0,0.823529412,0,0,0.176470588,0,0,0.237288136,0.152542373,0.610169492,1,0,0.86,0.14,0,919
0.416666667,0.5,0.083333333,0,0,0.76744186,0.23255814,0,0,0.823529412,0,0,0.176470588,0,0,0.28,0,0.72,1,0,0.728813559,0.118644068,0.152542373,920
0.416666667,0.5,0.083333333,0,0,0.76744186,0.23255814,0,0,0.823529412,0,0,0.176470588,0,0,0.28,0,0.72,1,0,0.728813559,0.118644068,0.152542373,921
0.416666667,0.5,0.083333333,0,0,0.76744186,0.23255814,0,0,0.823529412,0,0,0.176470588,0,0,0.28,0,0.72,1,0,0.728813559,0.118644068,0.152542373,922
0.416666667,0.5,0.083333333,0,0,0.76744186,0.23255814,0,0,0.823529412,0,0,0.176470588,0,0,0.28,0,0.72,1,0,0.728813559,0.118644068,0.152542373,923
0.416666667,0.5,0.083333333,0,0,0.76744186,0.23255814,0,0,0.823529412,0,0,0.176470588,0,0,0.28,0,0.72,1,0,0.728813559,0.118644068,0.152542373,924
0.416666667,0.5,0.083333333,0,0,0.76744186,0.23255814,0,0,0.823529412,0,0,0.176470588,0,0,0.237288136,0.152542373,0.610169492,1,0,0.86,0.14,0,925
0.416666667,0.5,0.083333333,0,0,0.76744186,0.23255814,0,0,0.823529412,0,0,0.176470588,0,0,0.237288136,0.152542373,0.610169492,1,0,0.86,0.14,0,926
0.416666667,0.5,0.083333333,0,0,0.76744186,0.23255814,0,0,0.823529412,0,0,0.176470588,0,0,0.28,0,0.72,1,0,0.728813559,0.118644068,0.152542373,927
0.416666667,0.5,0.083333333,0,0,0.76744186,0.23255814,0,0,0.823529412,0,0,0.176470588,0,0,0.28,0,0.72,1,0,0.728813559,0.118644068,0.152542373,928
0.416666667,0.5,0.083333333,0,0,0.76744186,0.23255814,0,0,0.823529412,0,0,0.176470588,0,0,0.28,0,0.72,1,0,0.728813559,0.118644068,0.152542373,929
0.416666667,0.5,0.083333333,0,0,0.76744186,0.23255814,0,0,0.823529412,0,0,0.176470588,0,0,0.237288136,0.152542373,0.610169492,1,0,0.86,0.14,0,930
0.730769231,0.230769231,0.038461538,0,0,0.76744186,0.23255814,0,0,0,0,0,0,0,0,0,0.152542373,0.847457627,1,0.253731343,0.641791045,0.104477612,0,931
0.730769231,0.230769231,0.038461538,0,0,0.76744186,0.23255814,0,0,0,0,0,0,0,0,0,0.152542373,0.847457627,1,0.253731343,0.641791045,0.104477612,0,932
0.703703704,0.259259259,0.037037037,0,0,0.761904762,0.238095238,0,0,0,0,0,0,0,0,0,0.152542373,0.847457627,1,0.264705882,0.617647059,0.117647059,0,933
0.416666667,0.5,0.083333333,0,0,0.76744186,0.23255814,0,0,0.823529412,0,0,0.176470588,0,0,0.237288136,0.152542373,0.610169492,1,0,0.86,0.14,0,934
0.416666667,0.5,0.083333333,0,0,0.76744186,0.23255814,0,0,0.823529412,0,0,0.176470588,0,0,0.237288136,0.152542373,0.610169492,1,0,0.86,0.14,0,935
0.416666667,0.5,0.083333333,0,0,0.76744186,0.23255814,0,0,0.823529412,0,0,0.176470588,0,0,0.237288136,0.152542373,0.610169492,1,0,0.86,0.14,0,936
0.416666667,0.5,0.083333333,0,0,0.76744186,0.23255814,0,0,0.823529412,0,0,0.176470588,0,0,0.237288136,0.152542373,0.610169492,1,0,0.86,0.14,0,937
0.416666667,0.5,0.083333333,0,0,0.76744186,0.23255814,0,0,0.823529412,0,0,0.176470588,0,0,0.237288136,0.152542373,0.610169492,1,0,0.86,0.14,0,938
0.416666667,0.5,0.083333333,0,0,0.76744186,0.23255814,0,0,0.823529412,0,0,0.176470588,0,0,0.28,0,0.72,1,0,0.728813559,0.118644068,0.152542373,939
0.416666667,0.5,0.083333333,0,0,0.76744186,0.23255814,0,0,0.823529412,0,0,0.176470588,0,0,0.28,0,0.72,1,0,0.728813559,0.118644068,0.152542373,940
0.416666667,0.5,0.083333333,0,0,0.76744186,0.23255814,0,0,0.823529412,0,0,0.176470588,0,0,0.28,0,0.72,1,0,0.728813559,0.118644068,0.152542373,941
0.416666667,0.5,0.083333333,0,0,0.76744186,0.23255814,0,0,0.823529412,0,0,0.176470588,0,0,0.28,0,0.72,1,0,0.728813559,0.118644068,0.152542373,942
0.416666667,0.5,0.083333333,0,0,0.76744186,0.23255814,0,0,0.823529412,0,0,0.176470588,0,0,0.28,0,0.72,1,0,0.728813559,0.118644068,0.152542373,943
0.416666667,0.5,0.083333333,0,0,0.76744186,0.23255814,0,0,0.823529412,0,0,0.176470588,0,0,0.237288136,0.152542373,0.610169492,1,0,0.86,0.14,0,944
0.703703704,0.259259259,0.037037037,0,0,0.761904762,0.238095238,0,0,0,0,0,0,0,0,0,0.152542373,0.847457627,1,0.264705882,0.617647059,0.117647059,0,945
0.703703704,0.259259259,0.037037037,0,0,0.761904762,0.238095238,0,0,0,0,0,0,0,0,0,0.152542373,0.847457627,1,0.264705882,0.617647059,0.117647059,0,946
0.703703704,0.259259259,0.037037037,0,0,0.761904762,0.238095238,0,0,0,0,0,0,0,0,0,0.152542373,0.847457627,1,0.264705882,0.617647059,0.117647059,0,947
0.416666667,0.5,0.083333333,0,0,0.76744186,0.23255814,0,0,0.823529412,0,0,0.176470588,0,0,0.28,0,0.72,1,0,0.728813559,0.118644068,0.152542373,948
0.416666667,0.5,0.083333333,0,0,0.76744186,0.23255814,0,0,0.823529412,0,0,0.176470588,0,0,0.237288136,0.152542373,0.610169492,1,0,0.86,0.14,0,949
0.416666667,0.5,0.083333333,0,0,0.76744186,0.23255814,0,0,0.823529412,0,0,0.176470588,0,0,0.237288136,0.152542373,0.610169492,1,0,0.86,0.14,0,950
0.416666667,0.5,0.083333333,0,0,0.76744186,0.23255814,0,0,0.823529412,0,0,0.176470588,0,0,0.28,0,0.72,1,0,0.728813559,0.118644068,0.152542373,951
0.416666667,0.5,0.083333333,0,0,0.76744186,0.23255814,0,0,0.823529412,0,0,0.176470588,0,0,0.28,0,0.72,1,0,0.728813559,0.118644068,0.152542373,952
0.416666667,0.5,0.083333333,0,0,0.76744186,0.23255814,0,0,0.823529412,0,0,0.176470588,0,0,0.28,0,0.72,1,0,0.728813559,0.118644068,0.152542373,953
0.730769231,0.230769231,0.038461538,0,0,0.76744186,0.23255814,0,0,0,0,0,0,0,0,0,0.152542373,0.847457627,1,0.253731343,0.641791045,0.104477612,0,954
0.730769231,0.230769231,0.038461538,0,0,0.76744186,0.23255814,0,0,0,0,0,0,0,0,0,0.152542373,0.847457627,1,0.253731343,0.641791045,0.104477612,0,955
0.416666667,0.5,0.083333333,0,0,0.76744186,0.23255814,0,0,0.823529412,0,0,0.176470588,0,0,0.237288136,0.152542373,0.610169492,1,0,0.86,0.14,0,956
0.730769231,0.230769231,0.038461538,0,0,0.76744186,0.23255814,0,0,0,0,0,0,0,0,0,0.152542373,0.847457627,1,0.253731343,0.641791045,0.104477612,0,957
0.703703704,0.259259259,0.037037037,0,0,0.761904762,0.238095238,0,0,0,0,0,0,0,0,0,0.152542373,0.847457627,1,0.264705882,0.617647059,0.117647059,0,958
0.416666667,0.5,0.083333333,0,0,0.76744186,0.23255814,0,0,0.823529412,0,0,0.176470588,0,0,0.28,0,0.72,1,0,0.728813559,0.118644068,0.152542373,959
0.730769231,0.230769231,0.038461538,0,0,0.76744186,0.23255814,0,0,0,0,0,0,0,0,0,0.152542373,0.847457627,1,0.253731343,0.641791045,0.104477612,0,960
0.730769231,0.230769231,0.038461538,0,0,0.76744186,0.23255814,0,0,0,0,0,0,0,0,0,0.152542373,0.847457627,1,0.253731343,0.641791045,0.104477612,0,961
0.730769231,0.230769231,0.038461538,0,0,0.76744186,0.23255814,0,0,0,0,0,0,0,0,0,0.152542373,0.847457627,1,0.253731343,0.641791045,0.104477612,0,962
0.730769231,0.230769231,0.038461538,0,0,0.76744186,0.23255814,0,0,0,0,0,0,0,0,0,0.152542373,0.847457627,1,0.253731343,0.641791045,0.104477612,0,963
0.416666667,0.5,0.083333333,0,0,0.76744186,0.23255814,0,0,0.823529412,0,0,0.176470588,0,0,0.28,0,0.72,1,0,0.728813559,0.118644068,0.152542373,964
0.416666667,0.5,0.083333333,0,0,0.76744186,0.23255814,0,0,0.823529412,0,0,0.176470588,0,0,0.28,0,0.72,1,0,0.728813559,0.118644068,0.152542373,965
0.416666667,0.5,0.083333333,0,0,0.76744186,0.23255814,0,0,0.823529412,0,0,0.176470588,0,0,0.28,0,0.72,1,0,0.728813559,0.118644068,0.152542373,966
0.416666667,0.5,0.083333333,0,0,0.76744186,0.23255814,0,0,0.823529412,0,0,0.176470588,0,0,0.28,0,0.72,1,0,0.728813559,0.118644068,0.152542373,967
0.678571429,0.25,0.071428571,0,0,0.780487805,0.219512195,0,0,0,0,0,0,0,0,0,0.152542373,0.847457627,1,0.275362319,0.594202899,0.130434783,0,968
0.703703704,0.259259259,0.037037037,0,0,0.761904762,0.238095238,0,0,0,0,0,0,0,0,0,0.152542373,0.847457627,1,0.264705882,0.617647059,0.117647059,0,969
0.416666667,0.5,0.083333333,0,0,0.76744186,0.23255814,0,0,0.823529412,0,0,0.176470588,0,0,0.28,0,0.72,1,0,0.728813559,0.118644068,0.152542373,970
0.416666667,0.5,0.083333333,0,0,0.76744186,0.23255814,0,0,0.823529412,0,0,0.176470588,0,0,0.28,0,0.72,1,0,0.728813559,0.118644068,0.152542373,971
0.416666667,0.5,0.083333333,0,0,0.76744186,0.23255814,0,0,0.823529412,0,0,0.176470588,0,0,0.28,0,0.72,1,0,0.728813559,0.118644068,0.152542373,972
0.416666667,0.5,0.083333333,0,0,0.76744186,0.23255814,0,0,0.823529412,0,0,0.176470588,0,0,0.28,0,0.72,1,0,0.728813559,0.118644068,0.152542373,973
0.416666667,0.5,0.083333333,0,0,0.76744186,0.23255814,0,0,0.823529412,0,0,0.176470588,0,0,0.28,0,0.72,1,0,0.728813559,0.118644068,0.152542373,974
0.416666667,0.5,0.083333333,0,0,0.76744186,0.23255814,0,0,0.823529412,0,0,0.176470588,0,0,0.237288136,0.152542373,0.610169492,1,0,0.86,0.14,0,975
0.416666667,0.5,0.083333333,0,0,0.76744186,0.23255814,0,0,0.823529412,0,0,0.176470588,0,0,0.28,0,0.72,1,0,0.728813559,0.118644068,0.152542373,976
0.416666667,0.5,0.083333333,0,0,0.76744186,0.23255814,0,0,0.823529412,0,0,0.176470588,0,0,0.237288136,0.152542373,0.610169492,1,0,0.86,0.14,0,977
0.416666667,0.5,0.083333333,0,0,0.76744186,0.23255814,0,0,0.823529412,0,0,0.176470588,0,0,0.237288136,0.152542373,0.610169492,1,0,0.86,0.14,0,978
0.703703704,0.259259259,0.037037037,0,0,0.761904762,0.238095238,0,0,0,0,0,0,0,0,0,0.152542373,0.847457627,1,0.264705882,0.617647059,0.117647059,0,979
0.416666667,0.5,0.083333333,0,0,0.76744186,0.23255814,0,0,0.823529412,0,0,0.176470588,0,0,0.237288136,0.152542373,0.610169492,1,0,0.86,0.14,0,980
0.416666667,0.5,0.083333333,0,0,0.76744186,0.23255814,0,0,0.823529412,0,0,0.176470588,0,0,0.28,0,0.72,1,0,0.728813559,0.118644068,0.152542373,981
0.416666667,0.5,0.083333333,0,0,0.76744186,0.23255814,0,0,0.823529412,0,0,0.176470588,0,0,0.28,0,0.72,1,0,0.728813559,0.118644068,0.152542373,982
0.416666667,0.5,0.083333333,0,0,0.76744186,0.23255814,0,0,0.823529412,0,0,0.176470588,0,0,0.28,0,0.72,1,0,0.728813559,0.118644068,0.152542373,983
0.416666667,0.5,0.083333333,0,0,0.76744186,0.23255814,0,0,0.823529412,0,0,0.176470588,0,0,0.28,0,0.72,1,0,0.728813559,0.118644068,0.152542373,984
0.416666667,0.5,0.083333333,0,0,0.76744186,0.23255814,0,0,0.823529412,0,0,0.176470588,0,0,0.28,0,0.72,1,0,0.728813559,0.118644068,0.152542373,985
0.730769231,0.230769231,0.038461538,0,0,0.76744186,0.23255814,0,0,0,0,0,0,0,0,0,0.152542373,0.847457627,1,0.253731343,0.641791045,0.104477612,0,986
0.703703704,0.259259259,0.037037037,0,0,0.761904762,0.238095238,0,0,0,0,0,0,0,0,0,0.152542373,0.847457627,1,0.264705882,0.617647059,0.117647059,0,987
0.730769231,0.230769231,0.038461538,0,0,0.76744186,0.23255814,0,0,0,0,0,0,0,0,0,0.152542373,0.847457627,1,0.253731343,0.641791045,0.104477612,0,988
0.678571429,0.25,0.071428571,0,0,0.780487805,0.219512195,0,0,0,0,0,0,0,0,0,0.152542373,0.847457627,1,0.275362319,0.594202899,0.130434783,0,989
0.416666667,0.5,0.083333333,0,0,0.76744186,0.23255814,0,0,0.823529412,0,0,0.176470588,0,0,0.269230769,0.038461538,0.692307692,1,0,0.754385965,0.122807018,0.122807018,990
0.678571429,0.25,0.071428571,0,0,0.780487805,0.219512195,0,0,0,0,0,0,0,0,0,0.152542373,0.847457627,1,0.275362319,0.594202899,0.130434783,0,991
0.416666667,0.5,0.083333333,0,0,0.76744186,0.23255814,0,0,0.823529412,0,0,0.176470588,0,0,0.28,0,0.72,1,0,0.728813559,0.118644068,0.152542373,992
0.416666667,0.5,0.083333333,0,0,0.76744186,0.23255814,0,0,0.823529412,0,0,0.176470588,0,0,0.28,0,0.72,1,0,0.728813559,0.118644068,0.152542373,993
0.416666667,0.5,0.083333333,0,0,0.76744186,0.23255814,0,0,0.823529412,0,0,0.176470588,0,0,0.28,0,0.72,1,0,0.728813559,0.118644068,0.152542373,994
0.416666667,0.5,0.083333333,0,0,0.76744186,0.23255814,0,0,0.823529412,0,0,0.176470588,0,0,0.28,0,0.72,1,0,0.728813559,0.118644068,0.152542373,995
0.416666667,0.5,0.083333333,0,0,0.76744186,0.23255814,0,0,0.823529412,0,0,0.176470588,0,0,0.28,0,0.72,1,0,0.728813559,0.118644068,0.152542373,996
0.416666667,0.5,0.083333333,0,0,0.76744186,0.23255814,0,0,0.823529412,0,0,0.176470588,0,0,0.28,0,0.72,1,0,0.728813559,0.118644068,0.152542373,997
0.416666667,0.5,0.083333333,0,0,0.76744186,0.23255814,0,0,0.823529412,0,0,0.176470588,0,0,0.28,0,0.72,1,0,0.728813559,0.118644068,0.152542373,998
0.416666667,0.5,0.083333333,0,0,0.76744186,0.23255814,0,0,0.823529412,0,0,0.176470588,0,0,0.28,0,0.72,1,0,0.728813559,0.118644068,0.152542373,999
0.416666667,0.5,0.083333333,0,0,0.76744186,0.23255814,0,0,0.823529412,0,0,0.176470588,0,0,0.28,0,0.72,1,0,0.728813559,0.118644068,0.152542373,1000
0.703703704,0.222222222,0.074074074,0,0,0.785714286,0.214285714,0,0,0,0,0,0,0,0,0,0.152542373,0.847457627,1,0.264705882,0.617647059,0.117647059,0,1001
0.416666667,0.5,0.083333333,0,0,0.76744186,0.23255814,0,0,0.823529412,0,0,0.176470588,0,0,0.237288136,0.152542373,0.610169492,1,0,0.86,0.14,0,1002
0.416666667,0.5,0.083333333,0,0,0.76744186,0.23255814,0,0,0.823529412,0,0,0.176470588,0,0,0.237288136,0.152542373,0.610169492,1,0,0.86,0.14,0,1003
0.416666667,0.5,0.083333333,0,0,0.76744186,0.23255814,0,0,0.823529412,0,0,0.176470588,0,0,0.237288136,0.152542373,0.610169492,1,0,0.86,0.14,0,1004
0.416666667,0.5,0.083333333,0,0,0.76744186,0.23255814,0,0,0.823529412,0,0,0.176470588,0,0,0.237288136,0.152542373,0.610169492,1,0,0.86,0.14,0,1005
0.730769231,0.230769231,0.038461538,0,0,0.76744186,0.23255814,0,0,0,0,0,0,0,0,0,0.152542373,0.847457627,1,0.253731343,0.641791045,0.104477612,0,1006
0.730769231,0.230769231,0.038461538,0,0,0.76744186,0.23255814,0,0,0,0,0,0,0,0,0,0.152542373,0.847457627,1,0.253731343,0.641791045,0.104477612,0,1007
0.730769231,0.230769231,0.038461538,0,0,0.76744186,0.23255814,0,0,0,0,0,0,0,0,0,0.152542373,0.847457627,1,0.253731343,0.641791045,0.104477612,0,1008
0.730769231,0.230769231,0.038461538,0,0,0.76744186,0.23255814,0,0,0,0,0,0,0,0,0,0.152542373,0.847457627,1,0.253731343,0.641791045,0.104477612,0,1009
0.416666667,0.5,0.083333333,0,0,0.76744186,0.23255814,0,0,0.823529412,0,0,0.176470588,0,0,0.28,0,0.72,1,0,0.728813559,0.118644068,0.152542373,1010
0.416666667,0.5,0.083333333,0,0,0.76744186,0.23255814,0,0,0.823529412,0,0,0.176470588,0,0,0.28,0,0.72,1,0,0.728813559,0.118644068,0.152542373,1011
0.416666667,0.5,0.083333333,0,0,0.76744186,0.23255814,0,0,0.823529412,0,0,0.176470588,0,0,0.28,0,0.72,1,0,0.728813559,0.118644068,0.152542373,1012
0.416666667,0.5,0.083333333,0,0,0.76744186,0.23255814,0,0,0.823529412,0,0,0.176470588,0,0,0.28,0,0.72,1,0,0.728813559,0.118644068,0.152542373,1013
0.730769231,0.230769231,0.038461538,0,0,0.76744186,0.23255814,0,0,0,0,0,0,0,0,0,0.152542373,0.847457627,1,0.253731343,0.641791045,0.104477612,0,1014
0.730769231,0.230769231,0.038461538,0,0,0.76744186,0.23255814,0,0,0,0,0,0,0,0,0,0.152542373,0.847457627,1,0.253731343,0.641791045,0.104477612,0,1015
0.678571429,0.285714286,0.035714286,0,0,0.756097561,0.243902439,0,0,0,0,0,0,0,0,0,0.152542373,0.847457627,1,0.275362319,0.594202899,0.130434783,0,1016
0.678571429,0.285714286,0.035714286,0,0,0.756097561,0.243902439,0,0,0,0,0,0,0,0,0,0.152542373,0.847457627,1,0.275362319,0.594202899,0.130434783,0,1017
0.703703704,0.259259259,0.037037037,0,0,0.761904762,0.238095238,0,0,0,0,0,0,0,0,0,0.152542373,0.847457627,1,0.264705882,0.617647059,0.117647059,0,1018
0.730769231,0.230769231,0.038461538,0,0,0.76744186,0.23255814,0,0,0,0,0,0,0,0,0,0.152542373,0.847457627,1,0.253731343,0.641791045,0.104477612,0,1019
0.730769231,0.230769231,0.038461538,0,0,0.76744186,0.23255814,0,0,0,0,0,0,0,0,0,0.152542373,0.847457627,1,0.253731343,0.641791045,0.104477612,0,1020
0.416666667,0.5,0.083333333,0,0,0.76744186,0.23255814,0,0,0.823529412,0,0,0.176470588,0,0,0.28,0,0.72,1,0,0.728813559,0.118644068,0.152542373,1021
0.416666667,0.5,0.083333333,0,0,0.76744186,0.23255814,0,0,0.823529412,0,0,0.176470588,0,0,0.28,0,0.72,1,0,0.728813559,0.118644068,0.152542373,1022
0.416666667,0.5,0.083333333,0,0,0.76744186,0.23255814,0,0,0.823529412,0,0,0.176470588,0,0,0.28,0,0.72,1,0,0.728813559,0.118644068,0.152542373,1023
0.416666667,0.5,0.083333333,0,0,0.76744186,0.23255814,0,0,0.823529412,0,0,0.176470588,0,0,0.28,0,0.72,1,0,0.728813559,0.118644068,0.152542373,1024
0.416666667,0.5,0.083333333,0,0,0.76744186,0.23255814,0,0,0.823529412,0,0,0.176470588,0,0,0.28,0,0.72,1,0,0.728813559,0.118644068,0.152542373,1025
0.416666667,0.5,0.083333333,0,0,0.76744186,0.23255814,0,0,0.823529412,0,0,0.176470588,0,0,0.28,0,0.72,1,0,0.728813559,0.118644068,0.152542373,1026
0.416666667,0.5,0.083333333,0,0,0.76744186,0.23255814,0,0,0.823529412,0,0,0.176470588,0,0,0.28,0,0.72,1,0,0.728813559,0.118644068,0.152542373,1027
0.416666667,0.5,0.083333333,0,0,0.76744186,0.23255814,0,0,0.823529412,0,0,0.176470588,0,0,0.237288136,0.152542373,0.610169492,1,0,0.86,0.14,0,1028
0.416666667,0.5,0.083333333,0,0,0.76744186,0.23255814,0,0,0.823529412,0,0,0.176470588,0,0,0.28,0,0.72,1,0,0.728813559,0.118644068,0.152542373,1029
0.416666667,0.5,0.083333333,0,0,0.76744186,0.23255814,0,0,0.823529412,0,0,0.176470588,0,0,0.28,0,0.72,1,0,0.728813559,0.118644068,0.152542373,1030
0.416666667,0.5,0.083333333,0,0,0.76744186,0.23255814,0,0,0.823529412,0,0,0.176470588,0,0,0.28,0,0.72,1,0,0.728813559,0.118644068,0.152542373,1031
0.416666667,0.5,0.083333333,0,0,0.76744186,0.23255814,0,0,0.823529412,0,0,0.176470588,0,0,0.28,0,0.72,1,0,0.728813559,0.118644068,0.152542373,1032
0.416666667,0.5,0.083333333,0,0,0.76744186,0.23255814,0,0,0.823529412,0,0,0.176470588,0,0,0.28,0,0.72,1,0,0.728813559,0.118644068,0.152542373,1033
0.416666667,0.5,0.083333333,0,0,0.76744186,0.23255814,0,0,0.823529412,0,0,0.176470588,0,0,0.28,0,0.72,1,0,0.728813559,0.118644068,0.152542373,1034
0.416666667,0.5,0.083333333,0,0,0.76744186,0.23255814,0,0,0.823529412,0,0,0.176470588,0,0,0.28,0,0.72,1,0,0.728813559,0.118644068,0.152542373,1035
0.416666667,0.5,0.083333333,0,0,0.76744186,0.23255814,0,0,0.823529412,0,0,0.176470588,0,0,0.237288136,0.152542373,0.610169492,1,0,0.86,0.14,0,1036
0.416666667,0.5,0.083333333,0,0,0.76744186,0.23255814,0,0,0.823529412,0,0,0.176470588,0,0,0.237288136,0.152542373,0.610169492,1,0,0.86,0.14,0,1037
0.416666667,0.5,0.083333333,0,0,0.76744186,0.23255814,0,0,0.823529412,0,0,0.176470588,0,0,0.237288136,0.152542373,0.610169492,1,0,0.86,0.14,0,1038
0.416666667,0.5,0.083333333,0,0,0.76744186,0.23255814,0,0,0.823529412,0,0,0.176470588,0,0,0.28,0,0.72,1,0,0.728813559,0.118644068,0.152542373,1039
0.416666667,0.5,0.083333333,0,0,0.76744186,0.23255814,0,0,0.823529412,0,0,0.176470588,0,0,0.28,0,0.72,1,0,0.728813559,0.118644068,0.152542373,1040
0.416666667,0.5,0.083333333,0,0,0.76744186,0.23255814,0,0,0.823529412,0,0,0.176470588,0,0,0.28,0,0.72,1,0,0.728813559,0.118644068,0.152542373,1041
0.416666667,0.5,0.083333333,0,0,0.76744186,0.23255814,0,0,0.823529412,0,0,0.176470588,0,0,0.28,0,0.72,1,0,0.728813559,0.118644068,0.152542373,1042
0.416666667,0.5,0.083333333,0,0,0.76744186,0.23255814,0,0,0.823529412,0,0,0.176470588,0,0,0.237288136,0.152542373,0.610169492,1,0,0.86,0.14,0,1043
0.416666667,0.5,0.083333333,0,0,0.76744186,0.23255814,0,0,0.823529412,0,0,0.176470588,0,0,0.237288136,0.152542373,0.610169492,1,0,0.86,0.14,0,1044
0.416666667,0.5,0.083333333,0,0,0.76744186,0.23255814,0,0,0.823529412,0,0,0.176470588,0,0,0.28,0,0.72,1,0,0.728813559,0.118644068,0.152542373,1045
0.416666667,0.5,0.083333333,0,0,0.76744186,0.23255814,0,0,0.823529412,0,0,0.176470588,0,0,0.28,0,0.72,1,0,0.728813559,0.118644068,0.152542373,1046
0.416666667,0.5,0.083333333,0,0,0.76744186,0.23255814,0,0,0.823529412,0,0,0.176470588,0,0,0.28,0,0.72,1,0,0.728813559,0.118644068,0.152542373,1047
0.416666667,0.5,0.083333333,0,0,0.76744186,0.23255814,0,0,0.823529412,0,0,0.176470588,0,0,0.28,0,0.72,1,0,0.728813559,0.118644068,0.152542373,1048
0.416666667,0.5,0.083333333,0,0,0.76744186,0.23255814,0,0,0.823529412,0,0,0.176470588,0,0,0.28,0,0.72,1,0,0.728813559,0.118644068,0.152542373,1049
0.416666667,0.5,0.083333333,0,0,0.76744186,0.23255814,0,0,0.823529412,0,0,0.176470588,0,0,0.28,0,0.72,1,0,0.728813559,0.118644068,0.152542373,1050
0.416666667,0.5,0.083333333,0,0,0.76744186,0.23255814,0,0,0.823529412,0,0,0.176470588,0,0,0.28,0,0.72,1,0,0.728813559,0.118644068,0.152542373,1051
0.416666667,0.5,0.083333333,0,0,0.76744186,0.23255814,0,0,0.823529412,0,0,0.176470588,0,0,0.28,0,0.72,1,0,0.728813559,0.118644068,0.152542373,1052
0.416666667,0.5,0.083333333,0,0,0.76744186,0.23255814,0,0,0.823529412,0,0,0.176470588,0,0,0.28,0,0.72,1,0,0.728813559,0.118644068,0.152542373,1053
0.416666667,0.5,0.083333333,0,0,0.76744186,0.23255814,0,0,0.823529412,0,0,0.176470588,0,0,0.28,0,0.72,1,0,0.728813559,0.118644068,0.152542373,1054
0.416666667,0.5,0.083333333,0,0,0.76744186,0.23255814,0,0,0.823529412,0,0,0.176470588,0,0,0.28,0,0.72,1,0,0.728813559,0.118644068,0.152542373,1055
0.416666667,0.5,0.083333333,0,0,0.76744186,0.23255814,0,0,0.823529412,0,0,0.176470588,0,0,0.28,0,0.72,1,0,0.728813559,0.118644068,0.152542373,1056
0.416666667,0.5,0.083333333,0,0,0.76744186,0.23255814,0,0,0.823529412,0,0,0.176470588,0,0,0.28,0,0.72,1,0,0.728813559,0.118644068,0.152542373,1057
0.416666667,0.5,0.083333333,0,0,0.76744186,0.23255814,0,0,0.823529412,0,0,0.176470588,0,0,0.28,0,0.72,1,0,0.728813559,0.118644068,0.152542373,1058
0.416666667,0.5,0.083333333,0,0,0.76744186,0.23255814,0,0,0.823529412,0,0,0.176470588,0,0,0.28,0,0.72,1,0,0.728813559,0.118644068,0.152542373,1059
0.416666667,0.5,0.083333333,0,0,0.76744186,0.23255814,0,0,0.823529412,0,0,0.176470588,0,0,0.28,0,0.72,1,0,0.728813559,0.118644068,0.152542373,1060
0.416666667,0.5,0.083333333,0,0,0.76744186,0.23255814,0,0,0.823529412,0,0,0.176470588,0,0,0.28,0,0.72,1,0,0.728813559,0.118644068,0.152542373,1061
0.416666667,0.5,0.083333333,0,0,0.76744186,0.23255814,0,0,0.823529412,0,0,0.176470588,0,0,0.28,0,0.72,1,0,0.728813559,0.118644068,0.152542373,1062
0.416666667,0.5,0.083333333,0,0,0.76744186,0.23255814,0,0,0.823529412,0,0,0.176470588,0,0,0.237288136,0.152542373,0.610169492,1,0,0.86,0.14,0,1063
0.416666667,0.5,0.083333333,0,0,0.76744186,0.23255814,0,0,0.823529412,0,0,0.176470588,0,0,0.28,0,0.72,1,0,0.728813559,0.118644068,0.152542373,1064
0.416666667,0.5,0.083333333,0,0,0.76744186,0.23255814,0,0,0.823529412,0,0,0.176470588,0,0,0.28,0,0.72,1,0,0.728813559,0.118644068,0.152542373,1065
0.416666667,0.5,0.083333333,0,0,0.76744186,0.23255814,0,0,0.823529412,0,0,0.176470588,0,0,0.28,0,0.72,1,0,0.728813559,0.118644068,0.152542373,1066
0.416666667,0.5,0.083333333,0,0,0.76744186,0.23255814,0,0,0.823529412,0,0,0.176470588,0,0,0.28,0,0.72,1,0,0.728813559,0.118644068,0.152542373,1067
0.416666667,0.5,0.083333333,0,0,0.76744186,0.23255814,0,0,0.823529412,0,0,0.176470588,0,0,0.237288136,0.152542373,0.610169492,1,0,0.86,0.14,0,1068
0.416666667,0.5,0.083333333,0,0,0.76744186,0.23255814,0,0,0.823529412,0,0,0.176470588,0,0,0.237288136,0.152542373,0.610169492,1,0,0.86,0.14,0,1069
0.416666667,0.5,0.083333333,0,0,0.76744186,0.23255814,0,0,0.823529412,0,0,0.176470588,0,0,0.28,0,0.72,1,0,0.728813559,0.118644068,0.152542373,1070
0.416666667,0.5,0.083333333,0,0,0.76744186,0.23255814,0,0,0.823529412,0,0,0.176470588,0,0,0.237288136,0.152542373,0.610169492,1,0,0.86,0.14,0,1071
0.461538462,0.461538462,0.076923077,0,0,0.76744186,0.23255814,0,0,1,0,0,0,0,0.074074074,0.240740741,0,0.685185185,1,0,0.728813559,0.118644068,0.152542373,1072
0.416666667,0.5,0.083333333,0,0,0.76744186,0.23255814,0,0,1,0,0,0,0,0.056603774,0.264150943,0,0.679245283,1,0,0.728813559,0.118644068,0.152542373,1073
0.416666667,0.5,0.083333333,0,0,0.76744186,0.23255814,0,0,0.823529412,0,0,0.176470588,0,0,0.237288136,0.152542373,0.610169492,1,0,0.86,0.14,0,1074
0.416666667,0.5,0.083333333,0,0,0.76744186,0.23255814,0,0,0.823529412,0,0,0.176470588,0,0,0.237288136,0.152542373,0.610169492,1,0,0.86,0.14,0,1075
0.416666667,0.5,0.083333333,0,0,0.76744186,0.23255814,0,0,0.823529412,0,0,0.176470588,0,0,0.237288136,0.152542373,0.610169492,1,0,0.86,0.14,0,1076
0.416666667,0.5,0.083333333,0,0,0.76744186,0.23255814,0,0,0.823529412,0,0,0.176470588,0,0,0.28,0,0.72,1,0,0.728813559,0.118644068,0.152542373,1077
0.416666667,0.5,0.083333333,0,0,0.76744186,0.23255814,0,0,0.823529412,0,0,0.176470588,0,0,0.28,0,0.72,1,0,0.728813559,0.118644068,0.152542373,1078
0.416666667,0.5,0.083333333,0,0,0.76744186,0.23255814,0,0,0.823529412,0,0,0.176470588,0,0,0.28,0,0.72,1,0,0.728813559,0.118644068,0.152542373,1079
0.416666667,0.5,0.083333333,0,0,0.76744186,0.23255814,0,0,0.823529412,0,0,0.176470588,0,0,0.28,0,0.72,1,0,0.728813559,0.118644068,0.152542373,1080
0.416666667,0.5,0.083333333,0,0,0.76744186,0.23255814,0,0,0.823529412,0,0,0.176470588,0,0,0.28,0,0.72,1,0,0.728813559,0.118644068,0.152542373,1081
0.416666667,0.5,0.083333333,0,0,0.76744186,0.23255814,0,0,0.823529412,0,0,0.176470588,0,0,0.28,0,0.72,1,0,0.728813559,0.118644068,0.152542373,1082
0.416666667,0.5,0.083333333,0,0,0.76744186,0.23255814,0,0,0.823529412,0,0,0.176470588,0,0,0.28,0,0.72,1,0,0.728813559,0.118644068,0.152542373,1083
0.416666667,0.5,0.083333333,0,0,0.76744186,0.23255814,0,0,0.823529412,0,0,0.176470588,0,0,0.28,0,0.72,1,0,0.728813559,0.118644068,0.152542373,1084
0.416666667,0.5,0.083333333,0,0,0.76744186,0.23255814,0,0,0.823529412,0,0,0.176470588,0,0,0.237288136,0.152542373,0.610169492,1,0,0.86,0.14,0,1085
0.416666667,0.5,0.083333333,0,0,0.76744186,0.23255814,0,0,0.823529412,0,0,0.176470588,0,0,0.28,0,0.72,1,0,0.728813559,0.118644068,0.152542373,1086
0.416666667,0.5,0.083333333,0,0,0.76744186,0.23255814,0,0,0.823529412,0,0,0.176470588,0,0,0.28,0,0.72,1,0,0.728813559,0.118644068,0.152542373,1087
0.416666667,0.5,0.083333333,0,0,0.76744186,0.23255814,0,0,0.823529412,0,0,0.176470588,0,0,0.28,0,0.72,1,0,0.728813559,0.118644068,0.152542373,1088
0.416666667,0.5,0.083333333,0,0,0.76744186,0.23255814,0,0,0.823529412,0,0,0.176470588,0,0,0.237288136,0.152542373,0.610169492,1,0,0.86,0.14,0,1089
0.416666667,0.5,0.083333333,0,0,0.76744186,0.23255814,0,0,0.823529412,0,0,0.176470588,0,0,0.28,0,0.72,1,0,0.728813559,0.118644068,0.152542373,1090
0.416666667,0.5,0.083333333,0,0,0.76744186,0.23255814,0,0,0.823529412,0,0,0.176470588,0,0,0.237288136,0.152542373,0.610169492,1,0,0.86,0.14,0,1091
0.416666667,0.5,0.083333333,0,0,0.76744186,0.23255814,0,0,0.823529412,0,0,0.176470588,0,0,0.28,0,0.72,1,0,0.728813559,0.118644068,0.152542373,1092
0.416666667,0.5,0.083333333,0,0,0.76744186,0.23255814,0,0,0.823529412,0,0,0.176470588,0,0,0.28,0,0.72,1,0,0.728813559,0.118644068,0.152542373,1093
0.416666667,0.5,0.083333333,0,0,0.76744186,0.23255814,0,0,0.823529412,0,0,0.176470588,0,0,0.28,0,0.72,1,0,0.728813559,0.118644068,0.152542373,1094
0.416666667,0.5,0.083333333,0,0,0.76744186,0.23255814,0,0,0.823529412,0,0,0.176470588,0,0,0.28,0,0.72,1,0,0.728813559,0.118644068,0.152542373,1095
0.416666667,0.5,0.083333333,0,0,0.76744186,0.23255814,0,0,0.823529412,0,0,0.176470588,0,0,0.28,0,0.72,1,0,0.728813559,0.118644068,0.152542373,1096
0.416666667,0.5,0.083333333,0,0,0.76744186,0.23255814,0,0,0.823529412,0,0,0.176470588,0,0,0.237288136,0.152542373,0.610169492,1,0,0.86,0.14,0,1097
0.416666667,0.5,0.083333333,0,0,0.76744186,0.23255814,0,0,0.823529412,0,0,0.176470588,0,0,0.237288136,0.152542373,0.610169492,1,0,0.86,0.14,0,1098
0.416666667,0.5,0.083333333,0,0,0.76744186,0.23255814,0,0,0.823529412,0,0,0.176470588,0,0,0.28,0,0.72,1,0,0.728813559,0.118644068,0.152542373,1099
0.416666667,0.5,0.083333333,0,0,0.76744186,0.23255814,0,0,0.823529412,0,0,0.176470588,0,0,0.28,0,0.72,1,0,0.728813559,0.118644068,0.152542373,1100
0.416666667,0.5,0.083333333,0,0,0.76744186,0.23255814,0,0,0.823529412,0,0,0.176470588,0,0,0.28,0,0.72,1,0,0.728813559,0.118644068,0.152542373,1101
0.416666667,0.5,0.083333333,0,0,0.76744186,0.23255814,0,0,0.823529412,0,0,0.176470588,0,0,0.28,0,0.72,1,0,0.728813559,0.118644068,0.152542373,1102
0.416666667,0.5,0.083333333,0,0,0.76744186,0.23255814,0,0,0.823529412,0,0,0.176470588,0,0,0.28,0,0.72,1,0,0.728813559,0.118644068,0.152542373,1103
0.416666667,0.5,0.083333333,0,0,0.76744186,0.23255814,0,0,1,0,0,0,0,0.056603774,0.264150943,0,0.679245283,1,0,0.728813559,0.118644068,0.152542373,1104
0.384615385,0.538461538,0.076923077,0,0,0.761904762,0.238095238,0,0,1,0,0,0,0,0.074074074,0.259259259,0,0.666666667,1,0,0.711864407,0.13559322,0.152542373,1105
0.416666667,0.5,0.083333333,0,0,0.76744186,0.23255814,0,0,0.823529412,0,0,0.176470588,0,0,0.28,0,0.72,1,0,0.728813559,0.118644068,0.152542373,1106
0.416666667,0.5,0.083333333,0,0,0.76744186,0.23255814,0,0,0.823529412,0,0,0.176470588,0,0,0.28,0,0.72,1,0,0.728813559,0.118644068,0.152542373,1107
0.416666667,0.5,0.083333333,0,0,0.76744186,0.23255814,0,0,0.823529412,0,0,0.176470588,0,0,0.237288136,0.152542373,0.610169492,1,0,0.86,0.14,0,1108
0.416666667,0.5,0.083333333,0,0,0.76744186,0.23255814,0,0,0.823529412,0,0,0.176470588,0,0,0.237288136,0.152542373,0.610169492,1,0,0.86,0.14,0,1109
0.416666667,0.5,0.083333333,0,0,0.76744186,0.23255814,0,0,0.823529412,0,0,0.176470588,0,0,0.237288136,0.152542373,0.610169492,1,0,0.86,0.14,0,1110
0.416666667,0.5,0.083333333,0,0,0.76744186,0.23255814,0,0,0.823529412,0,0,0.176470588,0,0,0.28,0,0.72,1,0,0.728813559,0.118644068,0.152542373,1111
0.416666667,0.5,0.083333333,0,0,0.76744186,0.23255814,0,0,0.823529412,0,0,0.176470588,0,0,0.28,0,0.72,1,0,0.728813559,0.118644068,0.152542373,1112
0.416666667,0.5,0.083333333,0,0,0.76744186,0.23255814,0,0,0.823529412,0,0,0.176470588,0,0,0.28,0,0.72,1,0,0.728813559,0.118644068,0.152542373,1113
0.416666667,0.5,0.083333333,0,0,0.76744186,0.23255814,0,0,0.823529412,0,0,0.176470588,0,0,0.28,0,0.72,1,0,0.728813559,0.118644068,0.152542373,1114
0.416666667,0.5,0.083333333,0,0,0.76744186,0.23255814,0,0,0.823529412,0,0,0.176470588,0,0,0.28,0,0.72,1,0,0.728813559,0.118644068,0.152542373,1115
0.416666667,0.5,0.083333333,0,0,0.76744186,0.23255814,0,0,0.823529412,0,0,0.176470588,0,0,0.28,0,0.72,1,0,0.728813559,0.118644068,0.152542373,1116
0.416666667,0.5,0.083333333,0,0,0.76744186,0.23255814,0,0,0.823529412,0,0,0.176470588,0,0,0.28,0,0.72,1,0,0.728813559,0.118644068,0.152542373,1117
0.416666667,0.5,0.083333333,0,0,0.76744186,0.23255814,0,0,0.823529412,0,0,0.176470588,0,0,0.28,0,0.72,1,0,0.728813559,0.118644068,0.152542373,1118
0.416666667,0.5,0.083333333,0,0,0.76744186,0.23255814,0,0,0.823529412,0,0,0.176470588,0,0,0.28,0,0.72,1,0,0.728813559,0.118644068,0.152542373,1119
0.416666667,0.5,0.083333333,0,0,0.76744186,0.23255814,0,0,0.823529412,0,0,0.176470588,0,0,0.28,0,0.72,1,0,0.728813559,0.118644068,0.152542373,1120
0.416666667,0.5,0.083333333,0,0,0.76744186,0.23255814,0,0,0.823529412,0,0,0.176470588,0,0,0.28,0,0.72,1,0,0.728813559,0.118644068,0.152542373,1121
0.416666667,0.5,0.083333333,0,0,0.76744186,0.23255814,0,0,0.823529412,0,0,0.176470588,0,0,0.28,0,0.72,1,0,0.728813559,0.118644068,0.152542373,1122
0.416666667,0.5,0.083333333,0,0,0.76744186,0.23255814,0,0,0.823529412,0,0,0.176470588,0,0,0.28,0,0.72,1,0,0.728813559,0.118644068,0.152542373,1123
0.416666667,0.5,0.083333333,0,0,0.76744186,0.23255814,0,0,0.823529412,0,0,0.176470588,0,0,0.28,0,0.72,1,0,0.728813559,0.118644068,0.152542373,1124
0.416666667,0.5,0.083333333,0,0,0.76744186,0.23255814,0,0,0.823529412,0,0,0.176470588,0,0,0.28,0,0.72,1,0,0.728813559,0.118644068,0.152542373,1125
0.416666667,0.5,0.083333333,0,0,0.76744186,0.23255814,0,0,0.823529412,0,0,0.176470588,0,0,0.28,0,0.72,1,0,0.728813559,0.118644068,0.152542373,1126
0.416666667,0.5,0.083333333,0,0,0.76744186,0.23255814,0,0,0.823529412,0,0,0.176470588,0,0,0.28,0,0.72,1,0,0.728813559,0.118644068,0.152542373,1127
0.416666667,0.5,0.083333333,0,0,0.76744186,0.23255814,0,0,0.823529412,0,0,0.176470588,0,0,0.28,0,0.72,1,0,0.728813559,0.118644068,0.152542373,1128
0.416666667,0.5,0.083333333,0,0,0.76744186,0.23255814,0,0,0.823529412,0,0,0.176470588,0,0,0.28,0,0.72,1,0,0.728813559,0.118644068,0.152542373,1129
0.416666667,0.5,0.083333333,0,0,0.76744186,0.23255814,0,0,0.823529412,0,0,0.176470588,0,0,0.28,0,0.72,1,0,0.728813559,0.118644068,0.152542373,1130
0.416666667,0.5,0.083333333,0,0,0.76744186,0.23255814,0,0,0.823529412,0,0,0.176470588,0,0,0.28,0,0.72,1,0,0.728813559,0.118644068,0.152542373,1131
0.416666667,0.5,0.083333333,0,0,0.76744186,0.23255814,0,0,0.823529412,0,0,0.176470588,0,0,0.28,0,0.72,1,0,0.728813559,0.118644068,0.152542373,1132
0.416666667,0.5,0.083333333,0,0,0.76744186,0.23255814,0,0,0.823529412,0,0,0.176470588,0,0,0.28,0,0.72,1,0,0.728813559,0.118644068,0.152542373,1133
0.416666667,0.5,0.083333333,0,0,0.76744186,0.23255814,0,0,0.823529412,0,0,0.176470588,0,0,0.28,0,0.72,1,0,0.728813559,0.118644068,0.152542373,1134
0.416666667,0.5,0.083333333,0,0,0.76744186,0.23255814,0,0,0.823529412,0,0,0.176470588,0,0,0.28,0,0.72,1,0,0.728813559,0.118644068,0.152542373,1135
0.461538462,0.461538462,0.076923077,0,0,0.76744186,0.23255814,0,0,1,0,0,0,0,0.063492063,0.206349206,0.142857143,0.587301587,1,0,0.86,0.14,0,1136
0.461538462,0.461538462,0.076923077,0,0,0.76744186,0.23255814,0,0,1,0,0,0,0,0.063492063,0.206349206,0.142857143,0.587301587,1,0,0.86,0.14,0,1137
0.416666667,0.5,0.083333333,0,0,0.76744186,0.23255814,0,0,0.823529412,0,0,0.176470588,0,0,0.28,0,0.72,1,0,0.728813559,0.118644068,0.152542373,1138
0.416666667,0.5,0.083333333,0,0,0.76744186,0.23255814,0,0,0.823529412,0,0,0.176470588,0,0,0.28,0,0.72,1,0,0.728813559,0.118644068,0.152542373,1139
0.416666667,0.5,0.083333333,0,0,0.76744186,0.23255814,0,0,0.823529412,0,0,0.176470588,0,0,0.28,0,0.72,1,0,0.728813559,0.118644068,0.152542373,1140
0.416666667,0.5,0.083333333,0,0,0.76744186,0.23255814,0,0,0.823529412,0,0,0.176470588,0,0,0.28,0,0.72,1,0,0.728813559,0.118644068,0.152542373,1141
0.416666667,0.5,0.083333333,0,0,0.76744186,0.23255814,0,0,0.823529412,0,0,0.176470588,0,0,0.28,0,0.72,1,0,0.728813559,0.118644068,0.152542373,1142
0.416666667,0.5,0.083333333,0,0,0.76744186,0.23255814,0,0,0.823529412,0,0,0.176470588,0,0,0.28,0,0.72,1,0,0.728813559,0.118644068,0.152542373,1143
0.416666667,0.5,0.083333333,0,0,0.76744186,0.23255814,0,0,0.823529412,0,0,0.176470588,0,0,0.28,0,0.72,1,0,0.728813559,0.118644068,0.152542373,1144
0.416666667,0.5,0.083333333,0,0,0.76744186,0.23255814,0,0,0.823529412,0,0,0.176470588,0,0,0.28,0,0.72,1,0,0.728813559,0.118644068,0.152542373,1145
0.416666667,0.5,0.083333333,0,0,0.76744186,0.23255814,0,0,0.823529412,0,0,0.176470588,0,0,0.28,0,0.72,1,0,0.728813559,0.118644068,0.152542373,1146
0.416666667,0.5,0.083333333,0,0,0.76744186,0.23255814,0,0,0.823529412,0,0,0.176470588,0,0,0.28,0,0.72,1,0,0.728813559,0.118644068,0.152542373,1147
0.416666667,0.5,0.083333333,0,0,0.76744186,0.23255814,0,0,0.823529412,0,0,0.176470588,0,0,0.237288136,0.152542373,0.610169492,1,0,0.86,0.14,0,1148
0.416666667,0.5,0.083333333,0,0,0.76744186,0.23255814,0,0,0.823529412,0,0,0.176470588,0,0,0.237288136,0.152542373,0.610169492,1,0,0.86,0.14,0,1149
0.416666667,0.5,0.083333333,0,0,0.76744186,0.23255814,0,0,0.823529412,0,0,0.176470588,0,0,0.28,0,0.72,1,0,0.728813559,0.118644068,0.152542373,1150
0.416666667,0.5,0.083333333,0,0,0.76744186,0.23255814,0,0,0.823529412,0,0,0.176470588,0,0,0.28,0,0.72,1,0,0.728813559,0.118644068,0.152542373,1151
0.416666667,0.5,0.083333333,0,0,0.76744186,0.23255814,0,0,0.823529412,0,0,0.176470588,0,0,0.28,0,0.72,1,0,0.728813559,0.118644068,0.152542373,1152
0.416666667,0.5,0.083333333,0,0,0.76744186,0.23255814,0,0,0.823529412,0,0,0.176470588,0,0,0.28,0,0.72,1,0,0.728813559,0.118644068,0.152542373,1153
0.416666667,0.5,0.083333333,0,0,0.76744186,0.23255814,0,0,0.823529412,0,0,0.176470588,0,0,0.28,0,0.72,1,0,0.728813559,0.118644068,0.152542373,1154
0.416666667,0.5,0.083333333,0,0,0.76744186,0.23255814,0,0,0.823529412,0,0,0.176470588,0,0,0.28,0,0.72,1,0,0.728813559,0.118644068,0.152542373,1155
0.416666667,0.5,0.083333333,0,0,0.76744186,0.23255814,0,0,0.823529412,0,0,0.176470588,0,0,0.28,0,0.72,1,0,0.728813559,0.118644068,0.152542373,1156
0.416666667,0.5,0.083333333,0,0,0.76744186,0.23255814,0,0,0.823529412,0,0,0.176470588,0,0,0.28,0,0.72,1,0,0.728813559,0.118644068,0.152542373,1157
0.416666667,0.5,0.083333333,0,0,0.76744186,0.23255814,0,0,0.823529412,0,0,0.176470588,0,0,0.28,0,0.72,1,0,0.728813559,0.118644068,0.152542373,1158
0.416666667,0.5,0.083333333,0,0,0.76744186,0.23255814,0,0,0.823529412,0,0,0.176470588,0,0,0.28,0,0.72,1,0,0.728813559,0.118644068,0.152542373,1159
0.416666667,0.5,0.083333333,0,0,0.76744186,0.23255814,0,0,0.823529412,0,0,0.176470588,0,0,0.28,0,0.72,1,0,0.728813559,0.118644068,0.152542373,1160
0.416666667,0.5,0.083333333,0,0,0.76744186,0.23255814,0,0,0.823529412,0,0,0.176470588,0,0,0.28,0,0.72,1,0,0.728813559,0.118644068,0.152542373,1161
0.416666667,0.5,0.083333333,0,0,0.76744186,0.23255814,0,0,0.823529412,0,0,0.176470588,0,0,0.28,0,0.72,1,0,0.728813559,0.118644068,0.152542373,1162
0.416666667,0.5,0.083333333,0,0,0.76744186,0.23255814,0,0,0.823529412,0,0,0.176470588,0,0,0.237288136,0.152542373,0.610169492,1,0,0.86,0.14,0,1163
0.416666667,0.5,0.083333333,0,0,0.76744186,0.23255814,0,0,0.823529412,0,0,0.176470588,0,0,0.28,0,0.72,1,0,0.728813559,0.118644068,0.152542373,1164
0.416666667,0.5,0.083333333,0,0,0.76744186,0.23255814,0,0,0.823529412,0,0,0.176470588,0,0,0.28,0,0.72,1,0,0.728813559,0.118644068,0.152542373,1165
0.416666667,0.5,0.083333333,0,0,0.76744186,0.23255814,0,0,0.823529412,0,0,0.176470588,0,0,0.28,0,0.72,1,0,0.728813559,0.118644068,0.152542373,1166
0.416666667,0.5,0.083333333,0,0,0.76744186,0.23255814,0,0,0.823529412,0,0,0.176470588,0,0,0.28,0,0.72,1,0,0.728813559,0.118644068,0.152542373,1167
0.416666667,0.5,0.083333333,0,0,0.76744186,0.23255814,0,0,0.823529412,0,0,0.176470588,0,0,0.28,0,0.72,1,0,0.728813559,0.118644068,0.152542373,1168
0.416666667,0.5,0.083333333,0,0,0.76744186,0.23255814,0,0,0.823529412,0,0,0.176470588,0,0,0.28,0,0.72,1,0,0.728813559,0.118644068,0.152542373,1169
0.416666667,0.5,0.083333333,0,0,0.76744186,0.23255814,0,0,0.823529412,0,0,0.176470588,0,0,0.28,0,0.72,1,0,0.728813559,0.118644068,0.152542373,1170
0.416666667,0.5,0.083333333,0,0,0.76744186,0.23255814,0,0,0.823529412,0,0,0.176470588,0,0,0.28,0,0.72,1,0,0.728813559,0.118644068,0.152542373,1171
0.416666667,0.5,0.083333333,0,0,0.76744186,0.23255814,0,0,0.823529412,0,0,0.176470588,0,0,0.237288136,0.152542373,0.610169492,1,0,0.86,0.14,0,1172
0.416666667,0.5,0.083333333,0,0,0.76744186,0.23255814,0,0,0.823529412,0,0,0.176470588,0,0,0.28,0,0.72,1,0,0.728813559,0.118644068,0.152542373,1173
0.416666667,0.5,0.083333333,0,0,0.76744186,0.23255814,0,0,0.823529412,0,0,0.176470588,0,0,0.28,0,0.72,1,0,0.728813559,0.118644068,0.152542373,1174
0.416666667,0.5,0.083333333,0,0,0.76744186,0.23255814,0,0,0.823529412,0,0,0.176470588,0,0,0.28,0,0.72,1,0,0.728813559,0.118644068,0.152542373,1175
0.416666667,0.5,0.083333333,0,0,0.76744186,0.23255814,0,0,0.823529412,0,0,0.176470588,0,0,0.28,0,0.72,1,0,0.728813559,0.118644068,0.152542373,1176
0.416666667,0.5,0.083333333,0,0,0.76744186,0.23255814,0,0,0.823529412,0,0,0.176470588,0,0,0.28,0,0.72,1,0,0.728813559,0.118644068,0.152542373,1177
0.416666667,0.5,0.083333333,0,0,0.76744186,0.23255814,0,0,0.823529412,0,0,0.176470588,0,0,0.28,0,0.72,1,0,0.728813559,0.118644068,0.152542373,1178
0.416666667,0.5,0.083333333,0,0,0.76744186,0.23255814,0,0,0.823529412,0,0,0.176470588,0,0,0.28,0,0.72,1,0,0.728813559,0.118644068,0.152542373,1179
0.416666667,0.5,0.083333333,0,0,0.76744186,0.23255814,0,0,0.823529412,0,0,0.176470588,0,0,0.28,0,0.72,1,0,0.728813559,0.118644068,0.152542373,1180
0.416666667,0.5,0.083333333,0,0,0.76744186,0.23255814,0,0,0.823529412,0,0,0.176470588,0,0,0.28,0,0.72,1,0,0.728813559,0.118644068,0.152542373,1181
0.416666667,0.5,0.083333333,0,0,0.76744186,0.23255814,0,0,0.823529412,0,0,0.176470588,0,0,0.28,0,0.72,1,0,0.728813559,0.118644068,0.152542373,1182
0.416666667,0.5,0.083333333,0,0,0.76744186,0.23255814,0,0,0.823529412,0,0,0.176470588,0,0,0.28,0,0.72,1,0,0.728813559,0.118644068,0.152542373,1183
0.416666667,0.5,0.083333333,0,0,0.76744186,0.23255814,0,0,0.823529412,0,0,0.176470588,0,0,0.28,0,0.72,1,0,0.728813559,0.118644068,0.152542373,1184
0.416666667,0.5,0.083333333,0,0,0.76744186,0.23255814,0,0,0.823529412,0,0,0.176470588,0,0,0.28,0,0.72,1,0,0.728813559,0.118644068,0.152542373,1185
0.416666667,0.5,0.083333333,0,0,0.76744186,0.23255814,0,0,0.823529412,0,0,0.176470588,0,0,0.28,0,0.72,1,0,0.728813559,0.118644068,0.152542373,1186
0.416666667,0.5,0.083333333,0,0,0.76744186,0.23255814,0,0,0.823529412,0,0,0.176470588,0,0,0.28,0,0.72,1,0,0.728813559,0.118644068,0.152542373,1187
0.416666667,0.5,0.083333333,0,0,0.76744186,0.23255814,0,0,0.823529412,0,0,0.176470588,0,0,0.28,0,0.72,1,0,0.728813559,0.118644068,0.152542373,1188
0.416666667,0.5,0.083333333,0,0,0.76744186,0.23255814,0,0,0.823529412,0,0,0.176470588,0,0,0.28,0,0.72,1,0,0.728813559,0.118644068,0.152542373,1189
0.416666667,0.5,0.083333333,0,0,0.76744186,0.23255814,0,0,0.823529412,0,0,0.176470588,0,0,0.28,0,0.72,1,0,0.728813559,0.118644068,0.152542373,1190
0.416666667,0.5,0.083333333,0,0,0.76744186,0.23255814,0,0,0.823529412,0,0,0.176470588,0,0,0.28,0,0.72,1,0,0.728813559,0.118644068,0.152542373,1191
0.416666667,0.5,0.083333333,0,0,0.76744186,0.23255814,0,0,0.823529412,0,0,0.176470588,0,0,0.28,0,0.72,1,0,0.728813559,0.118644068,0.152542373,1192
0.416666667,0.5,0.083333333,0,0,0.76744186,0.23255814,0,0,0.823529412,0,0,0.176470588,0,0,0.237288136,0.152542373,0.610169492,1,0,0.86,0.14,0,1193
0.416666667,0.5,0.083333333,0,0,0.76744186,0.23255814,0,0,0.823529412,0,0,0.176470588,0,0,0.237288136,0.152542373,0.610169492,1,0,0.86,0.14,0,1194
0.416666667,0.5,0.083333333,0,0,0.76744186,0.23255814,0,0,0.823529412,0,0,0.176470588,0,0,0.28,0,0.72,1,0,0.728813559,0.118644068,0.152542373,1195
0.416666667,0.5,0.083333333,0,0,0.76744186,0.23255814,0,0,0.823529412,0,0,0.176470588,0,0,0.28,0,0.72,1,0,0.728813559,0.118644068,0.152542373,1196
0.416666667,0.5,0.083333333,0,0,0.76744186,0.23255814,0,0,0.823529412,0,0,0.176470588,0,0,0.28,0,0.72,1,0,0.728813559,0.118644068,0.152542373,1197
0.416666667,0.5,0.083333333,0,0,0.76744186,0.23255814,0,0,0.823529412,0,0,0.176470588,0,0,0.28,0,0.72,1,0,0.728813559,0.118644068,0.152542373,1198
0.416666667,0.5,0.083333333,0,0,0.76744186,0.23255814,0,0,0.823529412,0,0,0.176470588,0,0,0.28,0,0.72,1,0,0.728813559,0.118644068,0.152542373,1199
0.416666667,0.5,0.083333333,0,0,0.76744186,0.23255814,0,0,0.823529412,0,0,0.176470588,0,0,0.28,0,0.72,1,0,0.728813559,0.118644068,0.152542373,1200
0.416666667,0.5,0.083333333,0,0,0.76744186,0.23255814,0,0,0.823529412,0,0,0.176470588,0,0,0.28,0,0.72,1,0,0.728813559,0.118644068,0.152542373,1201
0.416666667,0.5,0.083333333,0,0,0.76744186,0.23255814,0,0,0.823529412,0,0,0.176470588,0,0,0.28,0,0.72,1,0,0.728813559,0.118644068,0.152542373,1202
0.416666667,0.5,0.083333333,0,0,0.76744186,0.23255814,0,0,0.823529412,0,0,0.176470588,0,0,0.28,0,0.72,1,0,0.728813559,0.118644068,0.152542373,1203
0.416666667,0.5,0.083333333,0,0,0.76744186,0.23255814,0,0,0.823529412,0,0,0.176470588,0,0,0.28,0,0.72,1,0,0.728813559,0.118644068,0.152542373,1204
0.416666667,0.5,0.083333333,0,0,0.76744186,0.23255814,0,0,0.823529412,0,0,0.176470588,0,0,0.28,0,0.72,1,0,0.728813559,0.118644068,0.152542373,1205
0.416666667,0.5,0.083333333,0,0,0.76744186,0.23255814,0,0,0.823529412,0,0,0.176470588,0,0,0.28,0,0.72,1,0,0.728813559,0.118644068,0.152542373,1206
0.416666667,0.5,0.083333333,0,0,0.76744186,0.23255814,0,0,0.823529412,0,0,0.176470588,0,0,0.28,0,0.72,1,0,0.728813559,0.118644068,0.152542373,1207
0.416666667,0.5,0.083333333,0,0,0.76744186,0.23255814,0,0,0.823529412,0,0,0.176470588,0,0,0.28,0,0.72,1,0,0.728813559,0.118644068,0.152542373,1208
0.416666667,0.5,0.083333333,0,0,0.76744186,0.23255814,0,0,0.823529412,0,0,0.176470588,0,0,0.28,0,0.72,1,0,0.728813559,0.118644068,0.152542373,1209
0.416666667,0.5,0.083333333,0,0,0.76744186,0.23255814,0,0,0.823529412,0,0,0.176470588,0,0,0.28,0,0.72,1,0,0.728813559,0.118644068,0.152542373,1210
0.416666667,0.5,0.083333333,0,0,0.76744186,0.23255814,0,0,0.823529412,0,0,0.176470588,0,0,0.28,0,0.72,1,0,0.728813559,0.118644068,0.152542373,1211
0.416666667,0.5,0.083333333,0,0,0.76744186,0.23255814,0,0,0.823529412,0,0,0.176470588,0,0,0.28,0,0.72,1,0,0.728813559,0.118644068,0.152542373,1212
0.416666667,0.5,0.083333333,0,0,0.76744186,0.23255814,0,0,0.823529412,0,0,0.176470588,0,0,0.28,0,0.72,1,0,0.728813559,0.118644068,0.152542373,1213
0.416666667,0.5,0.083333333,0,0,0.76744186,0.23255814,0,0,0.823529412,0,0,0.176470588,0,0,0.28,0,0.72,1,0,0.728813559,0.118644068,0.152542373,1214
0.416666667,0.5,0.083333333,0,0,0.76744186,0.23255814,0,0,0.823529412,0,0,0.176470588,0,0,0.28,0,0.72,1,0,0.728813559,0.118644068,0.152542373,1215
0.416666667,0.5,0.083333333,0,0,0.76744186,0.23255814,0,0,0.823529412,0,0,0.176470588,0,0,0.28,0,0.72,1,0,0.728813559,0.118644068,0.152542373,1216
0.416666667,0.5,0.083333333,0,0,0.76744186,0.23255814,0,0,0.823529412,0,0,0.176470588,0,0,0.237288136,0.152542373,0.610169492,1,0,0.86,0.14,0,1217
0.416666667,0.5,0.083333333,0,0,0.76744186,0.23255814,0,0,0.823529412,0,0,0.176470588,0,0,0.237288136,0.152542373,0.610169492,1,0,0.86,0.14,0,1218
0.416666667,0.5,0.083333333,0,0,0.76744186,0.23255814,0,0,0.823529412,0,0,0.176470588,0,0,0.237288136,0.152542373,0.610169492,1,0,0.86,0.14,0,1219
0.416666667,0.5,0.083333333,0,0,0.76744186,0.23255814,0,0,0.823529412,0,0,0.176470588,0,0,0.237288136,0.152542373,0.610169492,1,0,0.86,0.14,0,1220
0.416666667,0.5,0.083333333,0,0,0.76744186,0.23255814,0,0,0.823529412,0,0,0.176470588,0,0,0.28,0,0.72,1,0,0.728813559,0.118644068,0.152542373,1221
0.416666667,0.5,0.083333333,0,0,0.76744186,0.23255814,0,0,0.823529412,0,0,0.176470588,0,0,0.28,0,0.72,1,0,0.728813559,0.118644068,0.152542373,1222
0.416666667,0.5,0.083333333,0,0,0.76744186,0.23255814,0,0,0.823529412,0,0,0.176470588,0,0,0.28,0,0.72,1,0,0.728813559,0.118644068,0.152542373,1223
0.416666667,0.5,0.083333333,0,0,0.76744186,0.23255814,0,0,0.823529412,0,0,0.176470588,0,0,0.237288136,0.152542373,0.610169492,1,0,0.86,0.14,0,1224
0.416666667,0.5,0.083333333,0,0,0.76744186,0.23255814,0,0,0.823529412,0,0,0.176470588,0,0,0.28,0,0.72,1,0,0.728813559,0.118644068,0.152542373,1225
0.416666667,0.5,0.083333333,0,0,0.76744186,0.23255814,0,0,0.823529412,0,0,0.176470588,0,0,0.28,0,0.72,1,0,0.728813559,0.118644068,0.152542373,1226
0.416666667,0.5,0.083333333,0,0,0.76744186,0.23255814,0,0,0.823529412,0,0,0.176470588,0,0,0.28,0,0.72,1,0,0.728813559,0.118644068,0.152542373,1227
0.416666667,0.5,0.083333333,0,0,0.76744186,0.23255814,0,0,0.823529412,0,0,0.176470588,0,0,0.237288136,0.152542373,0.610169492,1,0,0.86,0.14,0,1228
0.416666667,0.5,0.083333333,0,0,0.76744186,0.23255814,0,0,0.823529412,0,0,0.176470588,0,0,0.28,0,0.72,1,0,0.728813559,0.118644068,0.152542373,1229
0.416666667,0.5,0.083333333,0,0,0.76744186,0.23255814,0,0,0.823529412,0,0,0.176470588,0,0,0.28,0,0.72,1,0,0.728813559,0.118644068,0.152542373,1230
0.416666667,0.5,0.083333333,0,0,0.76744186,0.23255814,0,0,0.823529412,0,0,0.176470588,0,0,0.28,0,0.72,1,0,0.728813559,0.118644068,0.152542373,1231
0.416666667,0.5,0.083333333,0,0,0.76744186,0.23255814,0,0,0.823529412,0,0,0.176470588,0,0,0.28,0,0.72,1,0,0.728813559,0.118644068,0.152542373,1232
0.416666667,0.5,0.083333333,0,0,0.76744186,0.23255814,0,0,0.823529412,0,0,0.176470588,0,0,0.237288136,0.152542373,0.610169492,1,0,0.86,0.14,0,1233
0.416666667,0.5,0.083333333,0,0,0.76744186,0.23255814,0,0,0.823529412,0,0,0.176470588,0,0,0.237288136,0.152542373,0.610169492,1,0,0.86,0.14,0,1234
0.416666667,0.5,0.083333333,0,0,0.76744186,0.23255814,0,0,0.823529412,0,0,0.176470588,0,0,0.28,0,0.72,1,0,0.728813559,0.118644068,0.152542373,1235
0.416666667,0.5,0.083333333,0,0,0.76744186,0.23255814,0,0,0.823529412,0,0,0.176470588,0,0,0.237288136,0.152542373,0.610169492,1,0,0.86,0.14,0,1236
0.416666667,0.5,0.083333333,0,0,0.76744186,0.23255814,0,0,0.823529412,0,0,0.176470588,0,0,0.237288136,0.152542373,0.610169492,1,0,0.86,0.14,0,1237
0.416666667,0.5,0.083333333,0,0,0.76744186,0.23255814,0,0,0.823529412,0,0,0.176470588,0,0,0.237288136,0.152542373,0.610169492,1,0,0.86,0.14,0,1238
0.416666667,0.5,0.083333333,0,0,0.76744186,0.23255814,0,0,0.823529412,0,0,0.176470588,0,0,0.28,0,0.72,1,0,0.728813559,0.118644068,0.152542373,1239
0.416666667,0.5,0.083333333,0,0,0.76744186,0.23255814,0,0,0.823529412,0,0,0.176470588,0,0,0.28,0,0.72,1,0,0.728813559,0.118644068,0.152542373,1240
0.416666667,0.5,0.083333333,0,0,0.76744186,0.23255814,0,0,0.823529412,0,0,0.176470588,0,0,0.28,0,0.72,1,0,0.728813559,0.118644068,0.152542373,1241
0.416666667,0.5,0.083333333,0,0,0.76744186,0.23255814,0,0,0.823529412,0,0,0.176470588,0,0,0.28,0,0.72,1,0,0.728813559,0.118644068,0.152542373,1242
0.416666667,0.5,0.083333333,0,0,0.76744186,0.23255814,0,0,0.823529412,0,0,0.176470588,0,0,0.28,0,0.72,1,0,0.728813559,0.118644068,0.152542373,1243
0.416666667,0.5,0.083333333,0,0,0.76744186,0.23255814,0,0,0.823529412,0,0,0.176470588,0,0,0.28,0,0.72,1,0,0.728813559,0.118644068,0.152542373,1244
0.416666667,0.5,0.083333333,0,0,0.76744186,0.23255814,0,0,0.823529412,0,0,0.176470588,0,0,0.28,0,0.72,1,0,0.728813559,0.118644068,0.152542373,1245
0.416666667,0.5,0.083333333,0,0,0.76744186,0.23255814,0,0,0.823529412,0,0,0.176470588,0,0,0.28,0,0.72,1,0,0.728813559,0.118644068,0.152542373,1246
0.416666667,0.5,0.083333333,0,0,0.76744186,0.23255814,0,0,0.823529412,0,0,0.176470588,0,0,0.28,0,0.72,1,0,0.728813559,0.118644068,0.152542373,1247
0.416666667,0.5,0.083333333,0,0,0.76744186,0.23255814,0,0,0.823529412,0,0,0.176470588,0,0,0.28,0,0.72,1,0,0.728813559,0.118644068,0.152542373,1248
0.416666667,0.5,0.083333333,0,0,0.76744186,0.23255814,0,0,0.823529412,0,0,0.176470588,0,0,0.28,0,0.72,1,0,0.728813559,0.118644068,0.152542373,1249