,"('NP', 'np')","('NP', ('NP', 'NP'))","('S', ('NP', 'S'))","('S', ('NP', 'VP'))","('S', ('S', 'NP'))","('S', ('VP', 'NP'))","('S', ('VP',))","('V', 'v')","('VP', ('NP', 'V'))","('VP', ('NP', 'VP'))","('VP', ('V', 'NP'))","('VP', ('V',))","('VP', ('VP', 'NP'))"
0,0.956521739,0.043478261,0,0.098039216,0.019607843,0.019607843,0.862745098,1,0.05,0.15,0.016666667,0.766666667,0.016666667
1,1,0,0.193548387,0,0,0,0.806451613,1,0.115384615,0,0.038461538,0.807692308,0.038461538
2,0.916666667,0.083333333,0.107142857,0.089285714,0,0.017857143,0.785714286,1,0.056603774,0.037735849,0.037735849,0.849056604,0.018867925
3,0.956521739,0.043478261,0.038461538,0.192307692,0,0.038461538,0.730769231,1,0.037037037,0.055555556,0.018518519,0.87037037,0.018518519
4,0.956521739,0.043478261,0.018867925,0.075471698,0.037735849,0.018867925,0.849056604,1,0.24,0,0.02,0.74,0
5,1,0,0.018867925,0.169811321,0.037735849,0.018867925,0.754716981,1,0.115384615,0.038461538,0.019230769,0.826923077,0
6,0.916666667,0.083333333,0.105263158,0.087719298,0.01754386,0,0.789473684,1,0.057692308,0.038461538,0.057692308,0.846153846,0
7,1,0,0.122807018,0.122807018,0,0,0.754385965,1,0.035714286,0.035714286,0,0.857142857,0.071428571
8,0.916666667,0.083333333,0,0.113207547,0.056603774,0,0.830188679,1,0.090909091,0.090909091,0.018181818,0.8,0
9,1,0,0.056603774,0.20754717,0,0,0.735849057,1,0.018181818,0.054545455,0.036363636,0.854545455,0.036363636
10,1,0,0.089285714,0.142857143,0.017857143,0.017857143,0.732142857,1,0.018181818,0.072727273,0.018181818,0.872727273,0.018181818
11,0.956521739,0.043478261,0,0.153846154,0.038461538,0.019230769,0.788461538,1,0.092592593,0.074074074,0.018518519,0.814814815,0
12,1,0,0.019607843,0.196078431,0,0,0.784313725,1,0.111111111,0.018518519,0.018518519,0.796296296,0.055555556
13,0.956521739,0.043478261,0.056603774,0.150943396,0,0.018867925,0.773584906,1,0.037037037,0.074074074,0.055555556,0.833333333,0
14,0.956521739,0.043478261,0.053571429,0.160714286,0.053571429,0,0.732142857,1,0.078431373,0.019607843,0.019607843,0.882352941,0
15,0.916666667,0.083333333,0.090909091,0.054545455,0,0.018181818,0.836363636,1,0.16,0,0.06,0.78,0
16,0.956521739,0.043478261,0.019607843,0,0,0.078431373,0.901960784,1,0.047619048,0.206349206,0,0.746031746,0
17,1,0,0.055555556,0,0.018518519,0.037037037,0.888888889,1,0.015625,0.21875,0.015625,0.75,0
18,0.956521739,0.043478261,0.019607843,0.137254902,0,0.019607843,0.823529412,1,0.051724138,0.103448276,0.017241379,0.793103448,0.034482759
19,0.956521739,0.043478261,0,0.16,0,0.08,0.76,1,0.053571429,0.107142857,0,0.839285714,0
20,0.956521739,0.043478261,0.054545455,0.036363636,0.036363636,0.018181818,0.854545455,1,0.145454545,0.072727273,0,0.763636364,0.018181818
21,0.956521739,0.043478261,0.037735849,0.094339623,0.018867925,0.018867925,0.830188679,1,0.148148148,0.037037037,0,0.777777778,0.037037037
22,1,0,0.019230769,0.057692308,0.019230769,0.038461538,0.865384615,1,0.274509804,0,0,0.705882353,0.019607843
23,0.916666667,0.083333333,0,0.057692308,0.038461538,0,0.903846154,1,0.122807018,0.105263158,0.01754386,0.736842105,0.01754386
24,1,0,0.037735849,0,0.018867925,0.037735849,0.905660377,1,0.175438596,0.105263158,0,0.701754386,0.01754386
25,1,0,0.089285714,0.089285714,0.017857143,0,0.803571429,1,0.016949153,0.118644068,0.016949153,0.813559322,0.033898305
26,0.916666667,0.083333333,0,0.02,0,0.06,0.92,1,0.160714286,0.107142857,0.017857143,0.714285714,0
27,0.916666667,0.083333333,0.052631579,0,0.070175439,0,0.877192982,1,0.26,0,0,0.74,0
28,0.88,0.12,0.018867925,0,0.037735849,0.037735849,0.905660377,1,0.20754717,0.056603774,0,0.735849057,0
29,0.956521739,0.043478261,0.072727273,0,0.018181818,0,0.909090909,1,0.222222222,0.018518519,0,0.703703704,0.055555556
30,0.916666667,0.083333333,0.084745763,0.016949153,0.06779661,0,0.830508475,1,0.2,0,0,0.8,0
31,1,0,0.055555556,0.111111111,0.018518519,0.055555556,0.759259259,1,0.156862745,0.019607843,0,0.823529412,0
32,0.956521739,0.043478261,0.072727273,0.181818182,0.018181818,0.036363636,0.690909091,1,0,0.056603774,0.018867925,0.924528302,0
33,0.956521739,0.043478261,0,0,0,0,1,1,0.15,0.133333333,0.033333333,0.65,0.033333333
34,0.956521739,0.043478261,0.055555556,0,0.018518519,0.018518519,0.907407407,1,0.222222222,0.037037037,0,0.703703704,0.037037037
35,1,0,0.038461538,0.038461538,0,0,0.923076923,1,0.203703704,0.055555556,0.055555556,0.666666667,0.018518519
36,1,0,0.019607843,0.098039216,0,0.078431373,0.803921569,1,0.068965517,0.137931034,0,0.793103448,0
37,1,0,0.037735849,0.018867925,0.018867925,0,0.924528302,1,0.181818182,0.090909091,0.054545455,0.672727273,0
38,1,0,0,0.02,0,0,0.98,1,0.196428571,0.107142857,0.071428571,0.625,0
39,0.956521739,0.043478261,0.056603774,0.188679245,0,0,0.754716981,1,0.038461538,0.038461538,0.076923077,0.846153846,0
40,0.956521739,0.043478261,0.037735849,0.20754717,0.018867925,0.037735849,0.698113208,1,0,0.072727273,0,0.909090909,0.018181818
41,0.916666667,0.083333333,0.055555556,0.148148148,0.018518519,0,0.777777778,1,0.1,0,0.06,0.84,0
42,1,0,0.054545455,0.018181818,0.036363636,0,0.890909091,1,0.118644068,0.118644068,0,0.728813559,0.033898305
43,1,0,0.038461538,0.057692308,0,0,0.903846154,1,0.196428571,0.035714286,0,0.696428571,0.071428571
44,1,0,0,0.056603774,0.056603774,0,0.886792453,1,0.118644068,0.13559322,0,0.728813559,0.016949153
45,0.916666667,0.083333333,0,0.188679245,0.056603774,0,0.754716981,1,0.017857143,0.089285714,0,0.875,0.017857143
46,0.956521739,0.043478261,0,0.25,0.038461538,0.038461538,0.673076923,1,0,0.074074074,0,0.925925926,0
47,0.956521739,0.043478261,0.037735849,0.150943396,0.018867925,0,0.79245283,1,0.117647059,0.019607843,0.058823529,0.803921569,0
48,0.956521739,0.043478261,0.090909091,0.090909091,0,0.036363636,0.781818182,1,0.01754386,0.105263158,0.01754386,0.842105263,0.01754386
49,1,0,0.071428571,0.089285714,0.035714286,0,0.803571429,1,0.132075472,0.037735849,0.018867925,0.79245283,0.018867925
50,1,0,0.072727273,0.090909091,0.018181818,0.036363636,0.781818182,1,0.132075472,0.037735849,0,0.811320755,0.018867925
51,0.916666667,0.083333333,0,0.16,0,0,0.84,1,0.01754386,0.122807018,0.070175439,0.789473684,0
52,1,0,0.019607843,0.117647059,0,0.019607843,0.843137255,1,0.173076923,0.038461538,0.057692308,0.730769231,0
53,0.88,0.12,0.038461538,0.019230769,0,0.038461538,0.903846154,1,0.24,0,0.04,0.72,0
54,0.956521739,0.043478261,0.056603774,0.20754717,0,0.056603774,0.679245283,1,0.019230769,0.038461538,0.019230769,0.923076923,0
55,1,0,0.090909091,0.109090909,0,0.018181818,0.781818182,1,0.055555556,0.074074074,0.055555556,0.814814815,0
56,0.956521739,0.043478261,0.21875,0.015625,0,0.03125,0.734375,1,0.038461538,0,0,0.923076923,0.038461538
57,0.956521739,0.043478261,0.055555556,0.222222222,0.018518519,0.018518519,0.685185185,1,0.038461538,0,0,0.923076923,0.038461538
58,0.916666667,0.083333333,0.019607843,0.215686275,0,0.019607843,0.745098039,1,0.018518519,0.055555556,0.037037037,0.87037037,0.018518519
59,1,0,0.056603774,0.150943396,0,0,0.79245283,1,0.094339623,0.037735849,0.056603774,0.79245283,0.018867925
60,1,0,0.038461538,0.115384615,0,0,0.846153846,1,0.050847458,0.118644068,0.033898305,0.762711864,0.033898305
61,0.956521739,0.043478261,0.037735849,0.018867925,0.018867925,0,0.924528302,1,0.274509804,0,0.039215686,0.666666667,0.019607843
62,0.916666667,0.083333333,0.055555556,0.074074074,0.018518519,0.055555556,0.796296296,1,0.18,0,0,0.82,0
63,0.956521739,0.043478261,0.056603774,0.075471698,0,0.037735849,0.830188679,1,0.089285714,0.089285714,0.017857143,0.785714286,0.017857143
64,1,0,0.056603774,0.169811321,0,0,0.773584906,1,0.113207547,0,0.018867925,0.811320755,0.056603774
65,0.916666667,0.083333333,0.019607843,0.274509804,0,0.039215686,0.666666667,1,0,0.019230769,0.019230769,0.942307692,0.019230769
66,0.956521739,0.043478261,0,0.113207547,0.056603774,0,0.830188679,1,0.215686275,0,0,0.764705882,0.019607843
67,1,0,0.147540984,0,0.032786885,0.016393443,0.803278689,1,0.132075472,0.037735849,0,0.811320755,0.018867925
68,1,0,0.019607843,0.137254902,0,0,0.843137255,1,0.125,0.053571429,0.017857143,0.75,0.053571429
69,1,0,0.105263158,0.087719298,0.01754386,0.035087719,0.754385965,1,0.055555556,0.074074074,0.018518519,0.851851852,0
70,1,0,0,0.019607843,0.019607843,0,0.960784314,1,0.114754098,0.163934426,0.032786885,0.672131148,0.016393443
71,0.916666667,0.083333333,0,0.1,0,0.02,0.88,1,0.188679245,0.018867925,0.018867925,0.735849057,0.037735849
72,1,0,0,0.153846154,0.038461538,0,0.807692308,1,0.127272727,0.054545455,0,0.781818182,0.036363636
73,0.956521739,0.043478261,0.074074074,0.166666667,0,0.037037037,0.722222222,1,0.038461538,0.038461538,0.038461538,0.884615385,0
74,0.956521739,0.043478261,0.019230769,0.192307692,0.019230769,0,0.769230769,1,0,0.107142857,0.053571429,0.839285714,0
75,0.956521739,0.043478261,0.019230769,0.076923077,0.019230769,0,0.884615385,1,0.166666667,0.055555556,0.037037037,0.722222222,0.018518519
76,1,0,0.019607843,0.039215686,0,0,0.941176471,1,0.222222222,0.055555556,0.055555556,0.648148148,0.018518519
77,1,0,0,0.058823529,0.019607843,0,0.921568627,1,0.140350877,0.122807018,0.052631579,0.684210526,0
78,1,0,0.038461538,0.057692308,0,0.057692308,0.846153846,1,0.145454545,0.090909091,0.018181818,0.745454545,0
79,0.956521739,0.043478261,0.018867925,0.150943396,0.037735849,0,0.79245283,1,0.090909091,0.054545455,0,0.818181818,0.036363636
80,1,0,0,0.215686275,0.019607843,0.039215686,0.725490196,1,0.14,0,0.02,0.84,0
81,0.956521739,0.043478261,0.180327869,0.06557377,0,0.06557377,0.68852459,1,0,0.038461538,0,0.961538462,0
82,1,0,0.038461538,0.019230769,0,0,0.942307692,1,0.178571429,0.089285714,0.053571429,0.660714286,0.017857143
83,0.956521739,0.043478261,0.122807018,0.035087719,0,0.052631579,0.789473684,1,0.074074074,0.074074074,0.018518519,0.833333333,0
84,1,0,0.107142857,0.107142857,0,0.017857143,0.767857143,1,0.12,0,0.06,0.82,0
85,1,0,0.152542373,0.13559322,0,0.016949153,0.694915254,1,0,0.018518519,0,0.925925926,0.055555556
86,1,0,0.15,0.133333333,0.016666667,0.016666667,0.683333333,1,0,0.019607843,0.039215686,0.941176471,0
87,0.956521739,0.043478261,0,0.08,0,0.08,0.84,1,0.166666667,0.074074074,0,0.759259259,0
88,1,0,0.038461538,0.134615385,0,0.019230769,0.807692308,1,0.153846154,0.019230769,0.038461538,0.769230769,0.019230769
89,0.916666667,0.083333333,0,0.057692308,0.038461538,0,0.903846154,1,0.235294118,0.019607843,0.039215686,0.705882353,0
90,1,0,0.074074074,0.018518519,0,0.037037037,0.87037037,1,0.235294118,0.019607843,0.039215686,0.705882353,0
91,0.956521739,0.043478261,0.152542373,0.101694915,0,0.050847458,0.694915254,1,0.039215686,0,0,0.941176471,0.019607843
92,1,0,0,0,0,0.04,0.96,1,0.214285714,0.107142857,0.035714286,0.642857143,0
93,0.956521739,0.043478261,0.166666667,0.1,0,0.016666667,0.716666667,1,0.02,0,0.06,0.92,0
94,0.916666667,0.083333333,0.019607843,0.196078431,0,0.058823529,0.725490196,1,0.057692308,0.038461538,0.019230769,0.884615385,0
95,0.956521739,0.043478261,0.087719298,0.192982456,0.035087719,0,0.684210526,1,0.02,0,0.04,0.94,0
96,1,0,0.15,0.1,0.016666667,0.016666667,0.716666667,1,0,0.056603774,0.037735849,0.905660377,0
97,0.956521739,0.043478261,0.019230769,0.096153846,0.019230769,0,0.865384615,1,0.166666667,0.037037037,0.018518519,0.740740741,0.037037037
98,1,0,0.055555556,0.092592593,0.018518519,0,0.833333333,1,0.127272727,0.054545455,0.018181818,0.763636364,0.036363636
99,1,0,0.038461538,0.019230769,0,0.019230769,0.923076923,1,0.06557377,0.180327869,0.049180328,0.704918033,0
100,1,0,0,0.192307692,0.038461538,0,0.769230769,1,0.16,0,0.04,0.8,0
101,0.956521739,0.043478261,0,0.24,0,0.04,0.72,1,0.076923077,0.019230769,0.019230769,0.865384615,0.019230769
102,0.956521739,0.043478261,0.038461538,0.057692308,0,0.076923077,0.826923077,1,0.148148148,0.074074074,0,0.777777778,0
103,0.916666667,0.083333333,0.019607843,0.176470588,0,0.058823529,0.745098039,1,0.075471698,0.037735849,0,0.867924528,0.018867925
104,0.916666667,0.083333333,0.038461538,0.076923077,0,0.038461538,0.846153846,1,0.196078431,0,0.019607843,0.764705882,0.019607843
105,1,0,0.072727273,0.036363636,0.018181818,0.018181818,0.854545455,1,0.215686275,0.019607843,0.039215686,0.725490196,0
106,1,0,0.120689655,0.034482759,0.017241379,0.017241379,0.810344828,1,0.132075472,0.037735849,0.018867925,0.79245283,0.018867925
107,1,0,0.089285714,0.071428571,0.017857143,0,0.821428571,1,0.089285714,0.071428571,0.017857143,0.785714286,0.035714286
108,0.956521739,0.043478261,0.056603774,0.150943396,0,0.018867925,0.773584906,1,0.117647059,0,0.039215686,0.823529412,0.019607843
109,0.916666667,0.083333333,0.089285714,0.107142857,0.017857143,0.017857143,0.767857143,1,0.098039216,0,0.019607843,0.862745098,0.019607843
110,0.916666667,0.083333333,0.036363636,0.054545455,0.054545455,0,0.854545455,1,0.173076923,0.038461538,0.019230769,0.769230769,0
111,1,0,0.018867925,0.245283019,0.037735849,0,0.698113208,1,0,0.074074074,0.037037037,0.888888889,0
112,0.88,0.12,0.055555556,0.037037037,0.018518519,0,0.888888889,1,0.173076923,0.019230769,0.038461538,0.75,0.019230769
113,0.956521739,0.043478261,0.074074074,0.203703704,0,0.037037037,0.685185185,1,0,0.037735849,0.018867925,0.924528302,0.018867925
114,0.956521739,0.043478261,0.019230769,0.038461538,0.019230769,0.057692308,0.865384615,1,0.163636364,0.090909091,0,0.745454545,0
115,0.88,0.12,0,0.22,0,0.04,0.74,1,0.057692308,0.019230769,0.019230769,0.884615385,0.019230769
116,0.916666667,0.083333333,0.038461538,0.211538462,0,0.076923077,0.673076923,1,0,0.056603774,0,0.943396226,0
117,0.88,0.12,0,0,0,0,1,1,0.264150943,0.018867925,0.037735849,0.641509434,0.037735849
118,1,0,0.055555556,0.148148148,0.018518519,0,0.777777778,1,0.035714286,0.089285714,0.035714286,0.821428571,0.017857143
119,1,0,0.180327869,0.081967213,0,0.06557377,0.672131148,1,0.019607843,0.019607843,0,0.960784314,0
120,0.956521739,0.043478261,0,0.156862745,0.019607843,0.019607843,0.803921569,1,0.12962963,0.037037037,0,0.796296296,0.037037037
121,1,0,0.133333333,0.05,0.033333333,0.033333333,0.75,1,0.055555556,0.074074074,0,0.87037037,0
122,0.956521739,0.043478261,0.019230769,0.230769231,0.019230769,0,0.730769231,1,0.037037037,0.037037037,0.018518519,0.87037037,0.037037037
123,0.956521739,0.043478261,0,0.22,0,0,0.78,1,0.018181818,0.090909091,0.072727273,0.818181818,0
124,0.956521739,0.043478261,0.071428571,0.089285714,0.035714286,0,0.803571429,1,0.16,0,0.04,0.8,0
125,0.956521739,0.043478261,0,0.076923077,0.038461538,0.019230769,0.865384615,1,0.103448276,0.120689655,0,0.75862069,0.017241379
126,0.88,0.12,0.019607843,0.274509804,0,0,0.705882353,1,0,0,0.058823529,0.921568627,0.019607843
127,0.88,0.12,0.038461538,0.153846154,0,0.019230769,0.788461538,1,0.078431373,0.019607843,0.058823529,0.843137255,0
128,1,0,0.166666667,0.133333333,0,0.033333333,0.666666667,1,0,0,0.019607843,0.960784314,0.019607843
129,0.88,0.12,0.056603774,0.169811321,0,0.018867925,0.754716981,1,0.018518519,0.037037037,0.018518519,0.888888889,0.037037037
130,1,0,0.054545455,0.109090909,0.036363636,0.018181818,0.781818182,1,0.176470588,0,0,0.803921569,0.019607843
131,0.956521739,0.043478261,0.018518519,0.111111111,0.055555556,0.018518519,0.796296296,1,0.111111111,0.074074074,0,0.814814815,0
132,1,0,0.056603774,0,0,0.056603774,0.886792453,1,0.178571429,0.089285714,0,0.714285714,0.017857143
133,0.916666667,0.083333333,0.018518519,0,0.055555556,0,0.925925926,1,0.2,0.072727273,0,0.709090909,0.018181818
134,0.916666667,0.083333333,0,0.058823529,0.019607843,0,0.921568627,1,0.211538462,0.038461538,0.057692308,0.692307692,0
135,0.916666667,0.083333333,0.055555556,0.12962963,0.018518519,0.018518519,0.777777778,1,0.098039216,0.019607843,0.039215686,0.843137255,0
136,0.88,0.12,0.038461538,0.019230769,0,0.019230769,0.923076923,1,0.215686275,0.019607843,0.058823529,0.705882353,0
137,0.956521739,0.043478261,0,0.12,0,0,0.88,1,0.127272727,0.072727273,0.054545455,0.727272727,0.018181818
138,0.956521739,0.043478261,0.019607843,0.078431373,0,0,0.901960784,1,0.211538462,0.019230769,0.057692308,0.692307692,0.019230769
139,0.88,0.12,0,0.094339623,0.056603774,0,0.849056604,1,0.132075472,0.056603774,0.018867925,0.79245283,0
140,0.916666667,0.083333333,0.019230769,0.096153846,0.019230769,0.038461538,0.826923077,1,0.2,0,0.02,0.78,0
141,1,0,0.137931034,0.137931034,0,0.034482759,0.689655172,1,0.019607843,0.019607843,0.039215686,0.921568627,0
142,1,0,0.089285714,0.107142857,0.017857143,0,0.785714286,1,0.094339623,0.037735849,0.037735849,0.811320755,0.018867925
143,1,0,0.13559322,0.084745763,0.016949153,0.016949153,0.745762712,1,0.056603774,0.037735849,0.018867925,0.867924528,0.018867925
144,0.88,0.12,0,0,0.019607843,0.019607843,0.960784314,1,0.3,0,0.04,0.66,0
145,0.916666667,0.083333333,0.090909091,0.163636364,0,0.036363636,0.709090909,1,0.019230769,0.019230769,0.019230769,0.923076923,0.019230769
146,1,0,0.074074074,0.055555556,0,0.037037037,0.833333333,1,0.051724138,0.137931034,0.034482759,0.775862069,0
147,1,0,0.122807018,0.035087719,0,0,0.842105263,1,0.113207547,0.056603774,0.075471698,0.754716981,0
148,0.88,0.12,0.072727273,0.181818182,0.018181818,0.018181818,0.709090909,1,0.02,0,0.04,0.94,0
149,1,0,0.019607843,0.235294118,0,0.019607843,0.725490196,1,0.098039216,0,0.039215686,0.843137255,0.019607843
150,0.956521739,0.043478261,0.038461538,0.076923077,0,0,0.884615385,1,0.192307692,0.019230769,0.057692308,0.711538462,0.019230769
151,0.956521739,0.043478261,0.018518519,0.240740741,0.055555556,0,0.685185185,1,0.018867925,0.037735849,0,0.924528302,0.018867925
152,0.916666667,0.083333333,0.072727273,0.054545455,0.018181818,0,0.854545455,1,0.016949153,0.13559322,0.033898305,0.796610169,0.016949153
153,0.956521739,0.043478261,0,0.24,0,0.02,0.74,1,0,0.086206897,0,0.862068966,0.051724138
154,1,0,0.180327869,0.098360656,0,0.016393443,0.704918033,1,0.02,0,0.06,0.92,0
155,0.916666667,0.083333333,0.056603774,0.150943396,0,0.018867925,0.773584906,1,0.018518519,0.074074074,0.055555556,0.851851852,0
156,0.916666667,0.083333333,0.038461538,0.173076923,0,0.019230769,0.769230769,1,0,0.087719298,0.01754386,0.859649123,0.035087719
157,1,0,0.019230769,0.269230769,0.019230769,0.057692308,0.634615385,1,0.039215686,0.019607843,0,0.941176471,0
158,1,0,0,0.235294118,0.019607843,0.019607843,0.725490196,1,0.054545455,0.054545455,0,0.854545455,0.036363636
159,0.956521739,0.043478261,0.089285714,0.089285714,0.017857143,0,0.803571429,1,0.036363636,0.090909091,0.054545455,0.818181818,0
160,1,0,0.018518519,0,0.055555556,0,0.925925926,1,0.13559322,0.152542373,0.016949153,0.694915254,0
161,0.956521739,0.043478261,0.052631579,0,0.070175439,0,0.877192982,1,0.28,0,0,0.72,0
162,0.956521739,0.043478261,0.090909091,0.109090909,0,0,0.8,1,0.098039216,0.019607843,0.078431373,0.803921569,0
163,0.956521739,0.043478261,0.056603774,0.150943396,0,0.037735849,0.754716981,1,0.12,0,0.04,0.84,0
164,1,0,0.163934426,0.06557377,0.016393443,0,0.754098361,1,0.057692308,0.019230769,0.038461538,0.865384615,0.019230769
165,0.88,0.12,0.056603774,0.132075472,0,0.018867925,0.79245283,1,0.098039216,0,0.039215686,0.843137255,0.019607843
166,1,0,0,0.148148148,0.074074074,0,0.777777778,1,0.176470588,0.019607843,0,0.803921569,0
167,0.916666667,0.083333333,0.018867925,0.075471698,0.037735849,0,0.867924528,1,0.215686275,0,0.019607843,0.745098039,0.019607843
168,0.916666667,0.083333333,0.056603774,0.018867925,0,0.056603774,0.867924528,1,0.127272727,0.090909091,0.018181818,0.763636364,0
169,0.916666667,0.083333333,0.055555556,0.037037037,0.018518519,0,0.888888889,1,0.033898305,0.152542373,0.050847458,0.762711864,0
170,0.916666667,0.083333333,0.038461538,0.115384615,0,0,0.846153846,1,0.089285714,0.053571429,0.017857143,0.785714286,0.053571429
171,1,0,0,0.235294118,0.019607843,0.019607843,0.725490196,1,0.017857143,0.089285714,0.017857143,0.857142857,0.017857143
172,0.88,0.12,0,0.098039216,0.019607843,0,0.882352941,1,0.173076923,0.019230769,0.038461538,0.75,0.019230769
173,0.956521739,0.043478261,0.019607843,0.117647059,0,0.019607843,0.843137255,1,0.145454545,0.036363636,0,0.763636364,0.054545455
174,0.88,0.12,0.019607843,0,0,0.039215686,0.941176471,1,0.203703704,0.055555556,0.018518519,0.703703704,0.018518519
175,1,0,0.105263158,0.01754386,0.01754386,0.035087719,0.824561404,1,0.148148148,0.055555556,0,0.777777778,0.018518519
176,0.916666667,0.083333333,0.038461538,0.173076923,0,0,0.788461538,1,0.098039216,0,0.058823529,0.823529412,0.019607843
177,0.956521739,0.043478261,0,0.037037037,0.074074074,0,0.888888889,1,0.25,0.038461538,0,0.711538462,0
178,1,0,0.056603774,0.132075472,0,0,0.811320755,1,0.035087719,0.105263158,0.052631579,0.789473684,0.01754386
179,1,0,0.055555556,0.12962963,0.018518519,0.037037037,0.759259259,1,0.113207547,0.037735849,0,0.830188679,0.018867925
180,1,0,0.019607843,0.039215686,0,0,0.941176471,1,0.218181818,0.054545455,0.036363636,0.654545455,0.036363636
181,0.956521739,0.043478261,0,0.06,0,0.06,0.88,1,0.226415094,0.037735849,0,0.716981132,0.018867925
182,0.916666667,0.083333333,0.019607843,0.058823529,0,0,0.921568627,1,0.230769231,0,0.038461538,0.692307692,0.038461538
183,0.916666667,0.083333333,0,0.132075472,0.056603774,0,0.811320755,1,0.176470588,0,0,0.803921569,0.019607843
184,1,0,0.072727273,0,0.018181818,0.054545455,0.854545455,1,0.185185185,0.074074074,0,0.740740741,0
185,1,0,0,0.12,0,0.02,0.86,1,0.192307692,0.038461538,0.057692308,0.711538462,0
186,0.956521739,0.043478261,0.074074074,0.12962963,0,0.074074074,0.722222222,1,0.018181818,0.090909091,0,0.890909091,0
187,0.956521739,0.043478261,0,0.117647059,0.019607843,0.019607843,0.843137255,1,0.127272727,0.072727273,0.018181818,0.763636364,0.018181818
188,0.956521739,0.043478261,0.056603774,0.075471698,0,0.075471698,0.79245283,1,0.034482759,0.137931034,0,0.827586207,0
189,1,0,0.107142857,0.107142857,0,0.017857143,0.767857143,1,0.055555556,0.055555556,0.037037037,0.833333333,0.018518519
190,0.916666667,0.083333333,0,0.230769231,0.038461538,0.019230769,0.711538462,1,0.08,0,0.02,0.9,0
191,0.956521739,0.043478261,0,0.24,0,0,0.76,1,0.056603774,0.037735849,0.056603774,0.830188679,0.018867925
192,1,0,0.055555556,0.148148148,0.018518519,0,0.777777778,1,0.094339623,0.037735849,0.037735849,0.811320755,0.018867925
193,0.956521739,0.043478261,0.074074074,0.074074074,0,0.055555556,0.796296296,1,0.18,0,0.02,0.8,0
194,0.956521739,0.043478261,0,0.039215686,0.019607843,0,0.941176471,1,0.203703704,0.074074074,0.055555556,0.666666667,0
195,1,0,0,0.096153846,0.038461538,0,0.865384615,1,0.145454545,0.090909091,0.036363636,0.727272727,0
196,0.916666667,0.083333333,0.037037037,0.222222222,0.037037037,0,0.703703704,1,0,0.037735849,0.018867925,0.924528302,0.018867925
197,0.916666667,0.083333333,0.070175439,0.175438596,0.052631579,0,0.701754386,1,0.039215686,0,0,0.941176471,0.019607843
198,0.916666667,0.083333333,0.019607843,0.176470588,0,0.058823529,0.745098039,1,0.098039216,0.019607843,0.019607843,0.862745098,0
199,0.956521739,0.043478261,0.019607843,0.176470588,0,0.019607843,0.784313725,1,0.094339623,0.037735849,0.037735849,0.811320755,0.018867925
200,0.956521739,0.043478261,0.089285714,0.125,0.017857143,0.017857143,0.75,1,0.057692308,0.038461538,0.038461538,0.865384615,0
201,0.956521739,0.043478261,0.074074074,0.12962963,0,0.037037037,0.759259259,1,0.036363636,0.072727273,0.018181818,0.854545455,0.018181818
202,1,0,0.107142857,0.071428571,0,0.017857143,0.803571429,1,0.035714286,0.107142857,0.053571429,0.803571429,0
203,0.956521739,0.043478261,0.120689655,0.120689655,0.017241379,0,0.74137931,1,0.06,0,0.06,0.88,0
204,1,0,0.019230769,0.057692308,0.019230769,0.038461538,0.865384615,1,0.160714286,0.089285714,0,0.732142857,0.017857143
205,0.916666667,0.083333333,0.036363636,0.2,0.054545455,0.018181818,0.690909091,1,0,0.056603774,0,0.943396226,0
206,1,0,0.072727273,0,0.018181818,0.036363636,0.872727273,1,0.230769231,0.038461538,0.019230769,0.711538462,0
207,0.956521739,0.043478261,0.054545455,0.090909091,0.036363636,0.036363636,0.781818182,1,0.18,0,0,0.82,0
208,0.956521739,0.043478261,0,0.12,0,0.02,0.86,1,0.22,0,0.06,0.72,0
209,0.956521739,0.043478261,0.055555556,0.055555556,0.018518519,0,0.87037037,1,0.215686275,0,0.039215686,0.725490196,0.019607843
210,0.956521739,0.043478261,0,0.092592593,0.074074074,0,0.833333333,1,0.192307692,0.038461538,0,0.769230769,0
211,0.956521739,0.043478261,0.019607843,0.019607843,0,0.019607843,0.941176471,1,0.157894737,0.105263158,0.035087719,0.684210526,0.01754386
212,1,0,0.056603774,0.150943396,0,0,0.79245283,1,0.14,0,0.08,0.78,0
213,0.956521739,0.043478261,0.054545455,0.218181818,0.036363636,0.036363636,0.654545455,1,0.019607843,0.019607843,0,0.960784314,0
214,0.916666667,0.083333333,0,0.269230769,0.038461538,0.038461538,0.653846154,1,0.04,0,0,0.96,0
215,0.916666667,0.083333333,0.038461538,0.192307692,0,0.038461538,0.730769231,1,0.056603774,0.018867925,0,0.886792453,0.037735849
216,0.956521739,0.043478261,0.019607843,0.117647059,0,0.078431373,0.784313725,1,0.2,0,0,0.8,0
217,0.956521739,0.043478261,0,0.076923077,0.038461538,0,0.884615385,1,0.122807018,0.105263158,0.01754386,0.736842105,0.01754386
218,0.916666667,0.083333333,0,0.076923077,0.038461538,0,0.884615385,1,0.215686275,0.019607843,0.039215686,0.725490196,0
219,1,0,0,0.134615385,0.038461538,0.019230769,0.807692308,1,0.196078431,0.019607843,0.019607843,0.764705882,0
220,0.956521739,0.043478261,0.068965517,0.155172414,0.068965517,0,0.706896552,1,0,0.074074074,0,0.925925926,0
221,0.956521739,0.043478261,0.055555556,0.074074074,0.018518519,0.018518519,0.833333333,1,0.148148148,0.037037037,0,0.777777778,0.037037037
222,0.956521739,0.043478261,0.019230769,0.115384615,0.019230769,0.019230769,0.826923077,1,0.153846154,0.038461538,0.038461538,0.769230769,0
223,0.916666667,0.083333333,0,0.240740741,0.074074074,0,0.685185185,1,0.06,0,0,0.94,0
224,0.956521739,0.043478261,0.087719298,0.052631579,0.035087719,0.01754386,0.807017544,1,0.113207547,0.056603774,0.018867925,0.811320755,0
225,0.956521739,0.043478261,0.038461538,0.076923077,0,0.038461538,0.846153846,1,0.196078431,0.019607843,0.039215686,0.745098039,0
226,0.956521739,0.043478261,0.122807018,0,0,0.01754386,0.859649123,1,0.05,0.116666667,0,0.783333333,0.05
227,0.916666667,0.083333333,0.037735849,0.188679245,0.018867925,0.018867925,0.735849057,1,0.057692308,0.019230769,0.019230769,0.884615385,0.019230769
228,0.916666667,0.083333333,0.056603774,0.094339623,0,0.037735849,0.811320755,1,0.111111111,0.037037037,0,0.814814815,0.037037037
229,0.916666667,0.083333333,0.072727273,0.072727273,0.018181818,0.054545455,0.781818182,1,0.137254902,0.019607843,0,0.843137255,0
230,0.956521739,0.043478261,0,0.06,0,0.02,0.92,1,0.175438596,0.070175439,0,0.701754386,0.052631579
231,0.956521739,0.043478261,0.018867925,0.056603774,0.037735849,0,0.886792453,1,0.211538462,0.038461538,0.038461538,0.711538462,0
232,1,0,0.072727273,0,0.018181818,0,0.909090909,1,0.254901961,0.019607843,0.058823529,0.666666667,0
233,0.956521739,0.043478261,0.036363636,0.145454545,0.054545455,0,0.763636364,1,0.035714286,0.089285714,0,0.857142857,0.017857143
234,1,0,0.019607843,0.176470588,0,0,0.803921569,1,0.137254902,0.019607843,0.078431373,0.764705882,0
235,0.88,0.12,0.120689655,0.051724138,0.017241379,0.017241379,0.793103448,1,0.098039216,0,0.019607843,0.862745098,0.019607843
236,1,0,0.089285714,0.089285714,0.017857143,0,0.803571429,1,0.072727273,0.072727273,0.036363636,0.8,0.018181818
237,1,0,0,0.26,0,0.04,0.7,1,0.037735849,0.056603774,0.037735849,0.867924528,0
238,0.916666667,0.083333333,0,0.176470588,0.019607843,0.039215686,0.764705882,1,0.01754386,0.105263158,0,0.859649123,0.01754386
239,0.956521739,0.043478261,0.019607843,0.156862745,0,0.039215686,0.784313725,1,0.016949153,0.118644068,0,0.830508475,0.033898305
240,0.916666667,0.083333333,0.158730159,0.015873016,0.047619048,0,0.777777778,1,0.1,0,0.02,0.88,0
241,0.956521739,0.043478261,0.037735849,0.075471698,0.018867925,0,0.867924528,1,0.127272727,0.072727273,0.036363636,0.745454545,0.018181818
242,1,0,0.074074074,0.111111111,0,0.055555556,0.759259259,1,0.16,0,0.02,0.82,0
243,0.956521739,0.043478261,0.019230769,0.211538462,0.019230769,0.038461538,0.711538462,1,0.057692308,0.038461538,0.019230769,0.884615385,0
244,0.956521739,0.043478261,0.038461538,0.211538462,0,0,0.75,1,0.018867925,0.056603774,0.075471698,0.849056604,0
245,1,0,0.019607843,0.117647059,0,0.039215686,0.823529412,1,0.169811321,0.037735849,0.018867925,0.754716981,0.018867925
246,0.956521739,0.043478261,0.055555556,0.055555556,0.018518519,0.055555556,0.814814815,1,0.22,0,0,0.78,0
247,1,0,0.19047619,0,0.015873016,0.015873016,0.777777778,1,0.117647059,0,0.019607843,0.843137255,0.019607843
248,0.956521739,0.043478261,0.174603175,0.015873016,0.031746032,0,0.777777778,1,0.037037037,0.055555556,0.018518519,0.87037037,0.018518519
249,0.956521739,0.043478261,0.056603774,0.075471698,0,0.056603774,0.811320755,1,0.12962963,0.055555556,0,0.796296296,0.018518519
250,0.916666667,0.083333333,0,0.04,0,0.04,0.92,1,0.28,0,0.04,0.68,0
251,1,0,0.074074074,0.185185185,0,0.018518519,0.722222222,1,0,0.070175439,0,0.877192982,0.052631579
252,0.88,0.12,0,0.04,0,0,0.96,1,0.254901961,0,0.058823529,0.666666667,0.019607843
253,0.956521739,0.043478261,0.038461538,0.057692308,0,0.057692308,0.846153846,1,0.068965517,0.137931034,0.017241379,0.775862069,0
254,0.956521739,0.043478261,0.074074074,0.12962963,0,0.018518519,0.777777778,1,0.115384615,0,0.019230769,0.826923077,0.038461538
255,1,0,0.116666667,0.116666667,0.05,0,0.716666667,1,0.018867925,0.056603774,0.018867925,0.905660377,0
256,1,0,0.152542373,0.101694915,0,0.050847458,0.694915254,1,0.039215686,0.019607843,0.019607843,0.921568627,0
257,1,0,0.193548387,0.080645161,0,0.048387097,0.677419355,1,0,0.019607843,0.019607843,0.960784314,0
258,1,0,0.055555556,0.055555556,0.018518519,0.018518519,0.851851852,1,0.215686275,0.019607843,0.039215686,0.725490196,0
259,1,0,0.090909091,0.018181818,0,0.072727273,0.818181818,1,0.24,0,0,0.76,0
260,0.956521739,0.043478261,0.13559322,0.016949153,0.016949153,0.016949153,0.813559322,1,0.132075472,0.018867925,0,0.811320755,0.037735849
261,1,0,0.056603774,0.094339623,0,0.037735849,0.811320755,1,0.150943396,0.037735849,0.018867925,0.773584906,0.018867925
262,0.916666667,0.083333333,0.019607843,0.196078431,0,0,0.784313725,1,0.1,0,0.08,0.82,0
263,0.956521739,0.043478261,0.089285714,0.160714286,0.017857143,0.017857143,0.714285714,1,0.057692308,0,0,0.903846154,0.038461538
264,0.916666667,0.083333333,0.019607843,0.176470588,0,0,0.803921569,1,0.036363636,0.072727273,0.054545455,0.818181818,0.018181818
265,0.916666667,0.083333333,0.087719298,0.192982456,0.035087719,0,0.684210526,1,0,0,0,0.961538462,0.038461538
266,0.956521739,0.043478261,0.018867925,0.20754717,0.037735849,0,0.735849057,1,0.057692308,0.038461538,0.038461538,0.865384615,0
267,1,0,0.037037037,0.055555556,0.037037037,0,0.87037037,1,0.203703704,0.037037037,0,0.722222222,0.037037037
268,1,0,0.056603774,0.094339623,0,0.037735849,0.811320755,1,0.173076923,0.019230769,0.019230769,0.769230769,0.019230769
269,1,0,0.103448276,0.103448276,0.034482759,0.034482759,0.724137931,1,0.076923077,0.038461538,0,0.884615385,0
270,0.956521739,0.043478261,0.018518519,0.166666667,0.055555556,0.018518519,0.740740741,1,0.036363636,0.090909091,0,0.872727273,0
271,0.916666667,0.083333333,0.074074074,0.12962963,0,0.018518519,0.777777778,1,0.056603774,0.037735849,0.037735849,0.849056604,0.018867925
272,0.956521739,0.043478261,0.072727273,0.145454545,0.018181818,0.036363636,0.727272727,1,0.056603774,0.037735849,0,0.886792453,0.018867925
273,0.956521739,0.043478261,0.053571429,0.107142857,0.053571429,0,0.785714286,1,0.072727273,0.072727273,0,0.836363636,0.018181818
274,0.956521739,0.043478261,0.037037037,0.055555556,0.037037037,0.037037037,0.833333333,1,0.215686275,0.019607843,0,0.764705882,0
275,1,0,0.037735849,0.113207547,0.018867925,0.037735849,0.79245283,1,0.12962963,0.055555556,0,0.796296296,0.018518519
276,0.956521739,0.043478261,0.072727273,0.036363636,0.018181818,0.018181818,0.854545455,1,0.22,0,0.04,0.74,0
277,0.956521739,0.043478261,0.019607843,0.156862745,0,0,0.823529412,1,0.132075472,0.018867925,0.037735849,0.773584906,0.037735849
278,0.956521739,0.043478261,0.038461538,0.153846154,0,0.057692308,0.75,1,0.075471698,0.056603774,0.018867925,0.849056604,0
279,0.956521739,0.043478261,0.019230769,0.211538462,0.019230769,0.019230769,0.730769231,1,0.018181818,0.072727273,0.018181818,0.872727273,0.018181818
280,0.956521739,0.043478261,0.019607843,0.215686275,0,0,0.764705882,1,0.094339623,0,0.018867925,0.830188679,0.056603774
281,0.916666667,0.083333333,0,0.12,0,0.04,0.84,1,0.090909091,0.090909091,0.036363636,0.781818182,0
282,0.956521739,0.043478261,0.090909091,0.145454545,0,0.054545455,0.709090909,1,0,0.074074074,0.018518519,0.907407407,0
283,0.956521739,0.043478261,0.180327869,0.049180328,0,0.06557377,0.704918033,1,0.019230769,0.038461538,0,0.942307692,0
284,1,0,0.019607843,0.117647059,0,0.058823529,0.803921569,1,0.173076923,0.038461538,0.019230769,0.769230769,0
285,0.956521739,0.043478261,0.056603774,0.094339623,0,0.075471698,0.773584906,1,0.113207547,0.056603774,0,0.830188679,0
286,0.956521739,0.043478261,0.056603774,0.150943396,0,0,0.79245283,1,0.096153846,0.019230769,0.057692308,0.807692308,0.019230769
287,1,0,0.118644068,0.033898305,0.033898305,0.033898305,0.779661017,1,0.156862745,0.019607843,0,0.823529412,0
288,1,0,0.089285714,0.107142857,0.017857143,0.035714286,0.75,1,0.115384615,0.019230769,0,0.846153846,0.019230769
289,0.916666667,0.083333333,0.019607843,0.117647059,0,0.058823529,0.803921569,1,0.111111111,0.055555556,0,0.814814815,0.018518519
290,0.956521739,0.043478261,0.037735849,0.20754717,0.018867925,0.018867925,0.716981132,1,0.018181818,0.054545455,0,0.890909091,0.036363636
291,0.916666667,0.083333333,0.056603774,0.094339623,0,0,0.849056604,1,0.127272727,0.018181818,0,0.781818182,0.072727273
292,1,0,0,0.056603774,0.056603774,0.018867925,0.867924528,1,0.140350877,0.122807018,0,0.736842105,0
293,1,0,0.019607843,0.019607843,0,0.039215686,0.921568627,1,0.236363636,0.054545455,0,0.672727273,0.036363636
294,1,0,0.037037037,0.037037037,0.037037037,0.018518519,0.87037037,1,0.254901961,0.019607843,0.019607843,0.705882353,0
295,1,0,0.090909091,0.090909091,0,0.036363636,0.781818182,1,0.113207547,0.037735849,0.018867925,0.811320755,0.018867925
296,1,0,0.152542373,0.118644068,0,0,0.728813559,1,0.018518519,0.018518519,0.018518519,0.888888889,0.055555556
297,0.916666667,0.083333333,0.037735849,0.075471698,0.018867925,0.018867925,0.849056604,1,0.173076923,0.019230769,0.019230769,0.769230769,0.019230769
298,1,0,0.056603774,0.037735849,0,0.037735849,0.867924528,1,0.103448276,0.120689655,0.017241379,0.74137931,0.017241379
299,0.956521739,0.043478261,0.038461538,0.153846154,0,0.038461538,0.769230769,1,0.075471698,0.056603774,0.037735849,0.830188679,0
300,1,0,0.038461538,0.038461538,0,0,0.923076923,1,0.142857143,0.107142857,0.071428571,0.678571429,0
301,0.956521739,0.043478261,0.037037037,0.12962963,0.037037037,0.018518519,0.777777778,1,0.092592593,0.055555556,0,0.833333333,0.018518519
302,0.956521739,0.043478261,0.056603774,0.075471698,0,0.075471698,0.79245283,1,0.132075472,0.056603774,0,0.811320755,0
303,0.956521739,0.043478261,0.101694915,0.033898305,0.050847458,0,0.813559322,1,0.132075472,0.037735849,0,0.811320755,0.018867925
304,0.916666667,0.083333333,0.072727273,0.109090909,0.018181818,0.018181818,0.781818182,1,0.054545455,0.054545455,0,0.854545455,0.036363636
305,0.956521739,0.043478261,0.037735849,0.188679245,0.018867925,0.018867925,0.735849057,1,0.098039216,0,0.019607843,0.862745098,0.019607843
306,0.956521739,0.043478261,0,0.28,0,0,0.72,1,0.037037037,0.018518519,0.018518519,0.87037037,0.055555556
307,0.916666667,0.083333333,0.019230769,0.134615385,0.019230769,0,0.826923077,1,0.072727273,0.072727273,0.036363636,0.8,0.018181818
308,1,0,0.105263158,0.087719298,0.01754386,0.052631579,0.736842105,1,0.117647059,0.019607843,0,0.862745098,0
309,1,0,0.072727273,0.181818182,0.018181818,0.018181818,0.709090909,1,0.038461538,0.038461538,0.038461538,0.884615385,0
310,0.88,0.12,0.074074074,0.092592593,0,0,0.833333333,1,0,0.107142857,0.071428571,0.821428571,0
311,0.956521739,0.043478261,0.037735849,0.037735849,0.018867925,0.056603774,0.849056604,1,0.211538462,0.038461538,0,0.75,0
312,0.88,0.12,0.019607843,0.098039216,0,0.058823529,0.823529412,1,0.111111111,0.055555556,0,0.814814815,0.018518519
313,0.916666667,0.083333333,0.086206897,0.051724138,0.051724138,0.017241379,0.793103448,1,0.054545455,0.090909091,0,0.854545455,0
314,1,0,0.036363636,0.163636364,0.054545455,0,0.745454545,1,0.14,0,0.02,0.84,0
315,0.956521739,0.043478261,0.019230769,0.211538462,0.019230769,0,0.75,1,0.037037037,0.055555556,0.037037037,0.851851852,0.018518519
316,0.916666667,0.083333333,0.054545455,0.163636364,0.036363636,0.018181818,0.727272727,1,0,0.074074074,0.018518519,0.907407407,0
317,0.956521739,0.043478261,0.074074074,0.092592593,0,0.055555556,0.777777778,1,0.054545455,0.090909091,0.018181818,0.836363636,0
318,1,0,0.089285714,0.071428571,0.017857143,0.017857143,0.803571429,1,0.173076923,0,0,0.788461538,0.038461538
319,1,0,0.174603175,0.047619048,0.031746032,0.031746032,0.714285714,1,0.038461538,0.038461538,0,0.923076923,0
320,1,0,0.090909091,0.109090909,0,0,0.8,1,0.134615385,0,0.038461538,0.788461538,0.038461538
321,0.88,0.12,0.018181818,0,0.072727273,0,0.909090909,1,0.254901961,0.019607843,0,0.725490196,0
322,0.956521739,0.043478261,0.054545455,0.090909091,0.036363636,0,0.818181818,1,0.176470588,0,0.019607843,0.784313725,0.019607843
323,0.956521739,0.043478261,0.107142857,0.017857143,0,0.035714286,0.839285714,1,0.070175439,0.105263158,0.01754386,0.789473684,0.01754386
324,0.956521739,0.043478261,0.019607843,0.196078431,0,0,0.784313725,1,0.090909091,0.018181818,0,0.818181818,0.072727273
325,1,0,0.037735849,0.075471698,0.018867925,0,0.867924528,1,0.203703704,0.018518519,0,0.722222222,0.055555556
326,0.916666667,0.083333333,0,0.28,0,0.02,0.7,1,0.019607843,0.019607843,0.058823529,0.901960784,0
327,1,0,0.120689655,0.155172414,0.017241379,0,0.706896552,1,0,0.038461538,0.057692308,0.903846154,0
328,0.956521739,0.043478261,0.019230769,0.211538462,0.019230769,0,0.75,1,0,0.090909091,0.054545455,0.854545455,0
329,0.916666667,0.083333333,0.087719298,0.157894737,0.035087719,0.01754386,0.701754386,1,0.039215686,0,0,0.941176471,0.019607843
330,0.916666667,0.083333333,0.120689655,0.120689655,0.017241379,0.034482759,0.706896552,1,0.04,0,0.02,0.94,0
331,1,0,0.087719298,0.035087719,0.035087719,0,0.842105263,1,0.196078431,0.019607843,0.039215686,0.745098039,0
332,0.956521739,0.043478261,0.018518519,0.111111111,0.055555556,0,0.814814815,1,0.109090909,0.072727273,0,0.8,0.018181818
333,0.916666667,0.083333333,0.038461538,0.096153846,0,0.057692308,0.807692308,1,0.034482759,0.120689655,0,0.827586207,0.017241379
334,1,0,0,0.04,0,0,0.96,1,0.080645161,0.177419355,0.048387097,0.677419355,0.016129032
335,0.916666667,0.083333333,0.137931034,0.034482759,0,0.034482759,0.793103448,1,0.115384615,0,0,0.846153846,0.038461538
336,1,0,0.105263158,0.192982456,0.01754386,0,0.684210526,1,0.02,0,0.06,0.92,0
337,0.916666667,0.083333333,0.107142857,0,0,0.035714286,0.857142857,1,0.2,0,0.04,0.76,0
338,1,0,0.107142857,0,0,0.017857143,0.875,1,0.188679245,0.037735849,0.037735849,0.716981132,0.018867925
339,1,0,0.037037037,0.222222222,0.037037037,0.018518519,0.685185185,1,0.018518519,0.055555556,0,0.907407407,0.018518519
340,0.956521739,0.043478261,0.018867925,0.018867925,0.037735849,0,0.924528302,1,0.118644068,0.13559322,0.016949153,0.711864407,0.016949153
341,0.956521739,0.043478261,0.131147541,0.06557377,0.049180328,0,0.754098361,1,0.018518519,0.074074074,0.018518519,0.888888889,0
342,1,0,0.019230769,0.211538462,0.019230769,0.038461538,0.711538462,1,0.098039216,0.019607843,0.019607843,0.862745098,0
343,0.88,0.12,0.087719298,0.122807018,0.035087719,0.01754386,0.736842105,1,0.06,0,0.02,0.92,0
344,0.916666667,0.083333333,0,0.188679245,0.056603774,0,0.754716981,1,0.096153846,0.019230769,0,0.865384615,0.019230769
345,1,0,0,0.08,0,0.04,0.88,1,0.142857143,0.107142857,0.035714286,0.714285714,0
346,1,0,0.070175439,0.192982456,0.052631579,0,0.684210526,1,0.06,0,0.02,0.92,0
347,0.956521739,0.043478261,0,0.176470588,0.019607843,0.058823529,0.745098039,1,0.035714286,0.107142857,0,0.857142857,0
348,0.956521739,0.043478261,0,0.254901961,0.019607843,0.019607843,0.705882353,1,0.018181818,0.054545455,0,0.890909091,0.036363636
349,0.956521739,0.043478261,0.056603774,0.113207547,0,0,0.830188679,1,0,0.129032258,0,0.806451613,0.064516129
350,1,0,0.090909091,0,0,0,0.909090909,1,0.137931034,0.086206897,0.017241379,0.706896552,0.051724138
351,1,0,0.074074074,0.092592593,0,0.018518519,0.814814815,1,0.127272727,0.036363636,0,0.781818182,0.054545455
352,0.916666667,0.083333333,0.152542373,0,0,0.016949153,0.830508475,1,0.094339623,0.037735849,0.037735849,0.811320755,0.018867925
353,1,0,0,0.12,0,0,0.88,1,0.032258065,0.161290323,0.032258065,0.741935484,0.032258065
354,0.916666667,0.083333333,0.074074074,0.037037037,0,0.018518519,0.87037037,1,0.034482759,0.137931034,0.051724138,0.775862069,0
355,0.956521739,0.043478261,0,0.14,0,0,0.86,1,0.196078431,0,0.058823529,0.725490196,0.019607843
356,0.916666667,0.083333333,0,0.039215686,0.019607843,0,0.941176471,1,0.25,0.019230769,0.038461538,0.673076923,0.019230769
357,0.916666667,0.083333333,0,0.16,0,0,0.84,1,0.113207547,0.037735849,0.056603774,0.773584906,0.018867925
358,0.88,0.12,0,0.28,0,0.04,0.68,1,0.019230769,0,0,0.942307692,0.038461538
359,1,0,0.056603774,0.037735849,0,0.075471698,0.830188679,1,0.26,0,0,0.74,0
360,1,0,0.107142857,0,0,0.071428571,0.821428571,1,0.033333333,0.166666667,0,0.8,0
361,1,0,0.019607843,0.137254902,0,0,0.843137255,1,0.084745763,0.084745763,0,0.762711864,0.06779661
362,0.916666667,0.083333333,0.018867925,0.169811321,0.037735849,0,0.773584906,1,0,0.107142857,0.035714286,0.857142857,0
363,1,0,0.090909091,0.109090909,0,0,0.8,1,0,0.118644068,0.033898305,0.813559322,0.033898305
364,1,0,0.152542373,0.101694915,0,0.06779661,0.677966102,1,0.039215686,0.019607843,0,0.941176471,0
365,1,0,0.152542373,0.084745763,0,0.033898305,0.728813559,1,0.037735849,0.037735849,0.018867925,0.886792453,0.018867925
366,1,0,0.038461538,0.173076923,0,0.019230769,0.769230769,1,0.096153846,0.038461538,0.057692308,0.807692308,0
367,1,0,0.071428571,0,0.035714286,0.017857143,0.875,1,0.032258065,0.193548387,0.016129032,0.758064516,0
368,0.956521739,0.043478261,0,0.039215686,0.019607843,0,0.941176471,1,0.081967213,0.163934426,0.032786885,0.704918033,0.016393443
369,0.956521739,0.043478261,0,0.117647059,0.019607843,0,0.862745098,1,0.163636364,0.036363636,0,0.745454545,0.054545455
370,1,0,0.137931034,0,0,0.017241379,0.844827586,1,0.173076923,0.019230769,0.038461538,0.75,0.019230769
371,1,0,0,0.2,0,0,0.8,1,0.113207547,0.037735849,0.056603774,0.773584906,0.018867925
372,1,0,0.019230769,0.134615385,0.019230769,0.019230769,0.807692308,1,0.132075472,0.056603774,0.037735849,0.773584906,0
373,1,0,0,0.26,0,0.04,0.7,1,0.076923077,0.019230769,0.019230769,0.865384615,0.019230769
374,0.916666667,0.083333333,0.038461538,0.230769231,0,0.057692308,0.673076923,1,0.019607843,0.019607843,0.019607843,0.941176471,0
375,0.916666667,0.083333333,0.019607843,0.058823529,0,0,0.921568627,1,0.226415094,0,0.018867925,0.698113208,0.056603774
376,0.916666667,0.083333333,0,0.14,0,0.06,0.8,1,0.090909091,0.072727273,0,0.818181818,0.018181818
377,0.956521739,0.043478261,0.074074074,0.111111111,0,0.018518519,0.796296296,1,0.094339623,0.037735849,0.037735849,0.811320755,0.018867925
378,0.916666667,0.083333333,0.122807018,0,0,0,0.877192982,1,0.176470588,0,0.058823529,0.745098039,0.019607843
379,1,0,0.072727273,0.036363636,0.018181818,0,0.872727273,1,0.160714286,0.053571429,0,0.732142857,0.053571429
380,0.956521739,0.043478261,0.056603774,0.094339623,0,0.037735849,0.811320755,1,0.089285714,0.071428571,0,0.803571429,0.035714286
381,0.916666667,0.083333333,0.070175439,0.140350877,0.052631579,0,0.736842105,1,0,0.074074074,0.018518519,0.907407407,0
382,1,0,0,0,0.038461538,0,0.961538462,1,0.172413793,0.137931034,0.034482759,0.655172414,0
383,1,0,0,0.078431373,0.019607843,0.039215686,0.862745098,1,0.185185185,0.074074074,0.018518519,0.722222222,0
384,1,0,0.019607843,0.137254902,0,0.019607843,0.823529412,1,0.132075472,0.056603774,0.056603774,0.754716981,0
385,1,0,0.019230769,0.096153846,0.019230769,0,0.865384615,1,0.192307692,0.038461538,0.057692308,0.711538462,0
386,0.916666667,0.083333333,0,0.18,0,0.04,0.78,1,0.137254902,0,0.019607843,0.823529412,0.019607843
387,1,0,0.037735849,0.245283019,0.018867925,0,0.698113208,1,0.056603774,0,0,0.886792453,0.056603774
388,0.956521739,0.043478261,0.054545455,0.018181818,0.036363636,0.018181818,0.872727273,1,0.211538462,0.038461538,0.019230769,0.730769231,0
389,0.88,0.12,0,0.288461538,0.038461538,0.038461538,0.634615385,1,0,0,0,1,0
390,0.916666667,0.083333333,0.122807018,0.122807018,0,0.01754386,0.736842105,1,0.038461538,0,0.019230769,0.903846154,0.038461538
391,0.956521739,0.043478261,0.019607843,0.137254902,0,0.039215686,0.803921569,1,0.033898305,0.118644068,0,0.813559322,0.033898305
392,0.956521739,0.043478261,0.056603774,0.056603774,0,0.037735849,0.849056604,1,0.107142857,0.089285714,0.017857143,0.767857143,0.017857143
393,1,0,0.074074074,0.12962963,0,0,0.796296296,1,0.01754386,0.105263158,0.052631579,0.807017544,0.01754386
394,1,0,0,0.14,0,0.08,0.78,1,0.173076923,0.038461538,0,0.788461538,0
395,0.956521739,0.043478261,0.107142857,0.196428571,0,0,0.696428571,1,0,0,0,0.925925926,0.074074074
396,0.956521739,0.043478261,0.072727273,0.218181818,0.018181818,0.018181818,0.672727273,1,0.02,0,0.04,0.94,0
397,0.916666667,0.083333333,0,0.26,0,0.02,0.72,1,0.018518519,0.037037037,0.018518519,0.888888889,0.037037037
398,0.916666667,0.083333333,0.086206897,0.120689655,0.051724138,0.017241379,0.724137931,1,0.018867925,0.056603774,0,0.924528302,0
399,0.956521739,0.043478261,0.053571429,0.214285714,0.053571429,0,0.678571429,1,0,0.037735849,0,0.943396226,0.018867925
400,0.88,0.12,0.019607843,0.254901961,0,0,0.725490196,1,0,0.018867925,0.037735849,0.905660377,0.037735849
401,0.916666667,0.083333333,0.038461538,0.019230769,0,0.057692308,0.884615385,1,0.163636364,0.072727273,0,0.745454545,0.018181818
402,1,0,0.107142857,0,0,0.017857143,0.875,1,0.032258065,0.161290323,0.016129032,0.758064516,0.032258065
403,0.88,0.12,0.036363636,0.109090909,0.054545455,0,0.8,1,0.036363636,0.090909091,0.018181818,0.854545455,0
404,1,0,0.019607843,0.156862745,0,0.019607843,0.803921569,1,0.053571429,0.107142857,0.053571429,0.785714286,0
405,0.956521739,0.043478261,0,0.269230769,0.038461538,0.019230769,0.673076923,1,0,0.055555556,0,0.925925926,0.018518519
406,1,0,0,0.16,0,0,0.84,1,0.145454545,0.036363636,0.018181818,0.745454545,0.054545455
407,0.956521739,0.043478261,0,0.1,0,0,0.9,1,0.230769231,0,0.038461538,0.692307692,0.038461538
408,0.956521739,0.043478261,0.055555556,0.055555556,0.018518519,0,0.87037037,1,0.215686275,0,0.039215686,0.725490196,0.019607843
409,1,0,0.133333333,0.05,0.033333333,0.033333333,0.75,1,0.14,0,0,0.86,0
410,0.956521739,0.043478261,0.090909091,0,0,0,0.909090909,1,0.107142857,0.107142857,0.071428571,0.714285714,0
411,0.956521739,0.043478261,0.174603175,0,0.031746032,0.015873016,0.777777778,1,0.096153846,0.019230769,0,0.865384615,0.019230769
412,1,0,0.137931034,0.017241379,0,0.017241379,0.827586207,1,0.070175439,0.087719298,0.01754386,0.789473684,0.035087719
413,0.956521739,0.043478261,0.074074074,0.148148148,0,0.055555556,0.722222222,1,0.057692308,0.038461538,0.019230769,0.884615385,0
414,0.956521739,0.043478261,0,0.057692308,0.038461538,0,0.903846154,1,0.245283019,0.018867925,0,0.698113208,0.037735849
415,1,0,0,0.08,0,0.02,0.9,1,0.030769231,0.184615385,0,0.738461538,0.046153846
416,0.956521739,0.043478261,0,0.019607843,0.019607843,0.039215686,0.921568627,1,0.064516129,0.193548387,0.016129032,0.725806452,0
417,1,0,0.056603774,0.037735849,0,0.037735849,0.867924528,1,0.122807018,0.105263158,0.01754386,0.736842105,0.01754386
418,0.956521739,0.043478261,0.019607843,0.196078431,0,0,0.784313725,1,0.092592593,0.018518519,0.018518519,0.814814815,0.055555556
419,0.956521739,0.043478261,0.037037037,0.055555556,0.037037037,0.018518519,0.851851852,1,0.166666667,0.055555556,0,0.759259259,0.018518519
420,1,0,0.019230769,0.25,0.019230769,0.038461538,0.673076923,1,0.018867925,0.056603774,0.018867925,0.905660377,0
421,0.956521739,0.043478261,0,0.06,0,0.04,0.9,1,0.28,0,0.04,0.68,0
422,1,0,0,0.14,0,0.02,0.84,1,0.016393443,0.163934426,0.032786885,0.770491803,0.016393443
423,0.916666667,0.083333333,0,0.019607843,0.019607843,0.039215686,0.921568627,1,0.06557377,0.180327869,0.016393443,0.737704918,0
424,1,0,0.055555556,0.12962963,0.018518519,0.018518519,0.777777778,1,0.01754386,0.122807018,0.035087719,0.824561404,0
425,1,0,0.13559322,0.06779661,0.016949153,0.016949153,0.762711864,1,0.094339623,0.018867925,0,0.849056604,0.037735849
426,0.916666667,0.083333333,0.054545455,0.163636364,0.036363636,0.036363636,0.709090909,1,0.018867925,0.056603774,0,0.924528302,0
427,1,0,0.158730159,0.079365079,0.047619048,0,0.714285714,1,0.039215686,0.019607843,0.019607843,0.921568627,0
428,1,0,0.055555556,0.203703704,0.018518519,0.018518519,0.703703704,1,0,0.074074074,0.037037037,0.888888889,0
429,1,0,0.227272727,0.03030303,0.015151515,0,0.727272727,1,0.019230769,0,0.019230769,0.923076923,0.038461538
430,1,0,0.152542373,0.084745763,0,0.016949153,0.745762712,1,0.017857143,0.053571429,0,0.875,0.053571429
431,0.956521739,0.043478261,0.215384615,0.015384615,0.015384615,0.015384615,0.738461538,1,0.018867925,0.018867925,0,0.924528302,0.037735849
432,1,0,0,0.18,0,0.04,0.78,1,0.18,0,0.04,0.78,0
433,1,0,0.089285714,0.089285714,0.017857143,0.035714286,0.767857143,1,0.092592593,0.055555556,0,0.833333333,0.018518519
434,0.88,0.12,0.105263158,0,0.01754386,0.052631579,0.824561404,1,0.134615385,0.038461538,0,0.826923077,0
435,0.916666667,0.083333333,0.019230769,0.038461538,0.019230769,0,0.923076923,1,0.166666667,0.074074074,0.055555556,0.703703704,0
436,0.916666667,0.083333333,0.037735849,0.037735849,0.018867925,0.037735849,0.867924528,1,0.24,0,0.02,0.74,0
437,1,0,0.120689655,0.103448276,0.017241379,0.034482759,0.724137931,1,0.076923077,0.019230769,0,0.884615385,0.019230769
438,1,0,0.055555556,0.259259259,0.018518519,0,0.666666667,1,0,0.018867925,0.018867925,0.924528302,0.037735849
439,0.916666667,0.083333333,0,0.26,0,0.08,0.66,1,0,0.056603774,0,0.943396226,0
440,0.956521739,0.043478261,0,0.26,0,0.04,0.7,1,0,0.071428571,0,0.892857143,0.035714286
441,1,0,0.019230769,0.096153846,0.019230769,0.038461538,0.826923077,1,0.169811321,0.056603774,0.018867925,0.754716981,0
442,0.956521739,0.043478261,0,0.211538462,0.038461538,0.019230769,0.730769231,1,0.056603774,0.056603774,0.018867925,0.867924528,0
443,0.956521739,0.043478261,0,0.076923077,0.038461538,0.019230769,0.865384615,1,0.254901961,0,0,0.725490196,0.019607843
444,1,0,0.055555556,0.185185185,0.018518519,0.037037037,0.703703704,1,0.078431373,0.019607843,0.019607843,0.882352941,0
445,1,0,0,0.1,0,0,0.9,1,0.163636364,0.072727273,0.054545455,0.690909091,0.018181818
446,0.956521739,0.043478261,0.019607843,0.098039216,0,0,0.882352941,1,0.016393443,0.163934426,0.049180328,0.754098361,0.016393443
447,1,0,0.103448276,0.103448276,0.034482759,0.017241379,0.74137931,1,0.096153846,0.019230769,0,0.865384615,0.019230769
448,0.956521739,0.043478261,0.105263158,0.105263158,0.01754386,0.035087719,0.736842105,1,0.1,0,0.02,0.88,0
449,0.916666667,0.083333333,0.019607843,0.156862745,0,0,0.823529412,1,0.117647059,0.019607843,0.078431373,0.784313725,0
450,1,0,0.019607843,0.058823529,0,0.058823529,0.862745098,1,0.103448276,0.137931034,0.017241379,0.74137931,0
451,0.916666667,0.083333333,0.019607843,0.019607843,0,0.019607843,0.941176471,1,0.185185185,0.074074074,0.055555556,0.685185185,0
452,1,0,0.089285714,0.035714286,0.017857143,0,0.857142857,1,0.150943396,0.056603774,0.056603774,0.735849057,0
453,1,0,0,0.019607843,0.019607843,0.039215686,0.921568627,1,0.133333333,0.15,0,0.7,0.016666667
454,0.956521739,0.043478261,0.122807018,0.122807018,0,0.035087719,0.719298246,1,0.039215686,0.019607843,0.039215686,0.901960784,0
455,1,0,0.019607843,0.156862745,0,0.019607843,0.803921569,1,0.173076923,0,0.019230769,0.769230769,0.038461538
456,0.956521739,0.043478261,0.177419355,0.048387097,0.016129032,0.032258065,0.725806452,1,0.018867925,0.037735849,0,0.924528302,0.018867925
457,0.956521739,0.043478261,0.122807018,0,0,0,0.877192982,1,0.05,0.116666667,0.016666667,0.766666667,0.05
458,1,0,0.107142857,0.053571429,0,0.017857143,0.821428571,1,0.12962963,0.037037037,0.018518519,0.777777778,0.037037037
459,1,0,0.019607843,0.117647059,0,0.039215686,0.823529412,1,0.166666667,0.037037037,0,0.759259259,0.037037037
460,1,0,0.107142857,0.053571429,0,0,0.839285714,1,0.166666667,0,0,0.759259259,0.074074074
461,0.916666667,0.083333333,0.089285714,0.160714286,0.017857143,0,0.732142857,1,0,0.038461538,0.057692308,0.903846154,0
462,0.88,0.12,0.087719298,0.157894737,0.035087719,0,0.719298246,1,0.019607843,0,0.019607843,0.941176471,0.019607843
463,0.916666667,0.083333333,0.019607843,0.137254902,0,0,0.843137255,1,0.054545455,0.090909091,0.072727273,0.781818182,0
464,0.916666667,0.083333333,0,0.137254902,0.019607843,0.019607843,0.823529412,1,0.153846154,0.019230769,0.019230769,0.788461538,0.019230769
465,0.956521739,0.043478261,0.089285714,0.125,0.017857143,0.017857143,0.75,1,0.057692308,0.038461538,0.038461538,0.865384615,0
466,0.916666667,0.083333333,0,0.288461538,0.038461538,0,0.673076923,1,0.02,0,0.04,0.94,0
467,0.916666667,0.083333333,0,0.230769231,0.038461538,0,0.730769231,1,0.037735849,0.037735849,0.018867925,0.886792453,0.018867925
468,0.956521739,0.043478261,0.019607843,0.176470588,0,0.039215686,0.764705882,1,0.036363636,0.090909091,0.036363636,0.836363636,0
469,0.956521739,0.043478261,0.019230769,0.173076923,0.019230769,0,0.788461538,1,0.14,0,0.06,0.8,0
470,0.88,0.12,0.056603774,0.188679245,0,0.018867925,0.735849057,1,0.039215686,0,0.039215686,0.901960784,0.019607843
471,0.956521739,0.043478261,0.055555556,0.12962963,0.018518519,0.055555556,0.740740741,1,0.036363636,0.090909091,0,0.872727273,0
472,0.88,0.12,0,0.240740741,0.074074074,0,0.685185185,1,0.019607843,0.019607843,0,0.960784314,0
473,1,0,0.072727273,0.090909091,0.018181818,0.036363636,0.781818182,1,0.176470588,0,0,0.803921569,0.019607843
474,0.956521739,0.043478261,0,0.018867925,0.056603774,0,0.924528302,1,0.264150943,0.037735849,0,0.679245283,0.018867925
475,1,0,0.018867925,0,0.037735849,0.018867925,0.924528302,1,0.264150943,0.056603774,0.018867925,0.660377358,0
476,1,0,0.037735849,0.226415094,0.018867925,0.056603774,0.660377358,1,0.038461538,0.038461538,0,0.923076923,0
477,1,0,0.054545455,0.090909091,0.036363636,0,0.818181818,1,0.132075472,0.056603774,0.037735849,0.773584906,0
478,1,0,0.038461538,0.057692308,0,0.019230769,0.884615385,1,0.26,0,0.06,0.68,0
479,0.916666667,0.083333333,0.074074074,0,0,0.037037037,0.888888889,1,0.163636364,0.054545455,0,0.745454545,0.036363636
480,1,0,0,0.06,0,0,0.94,1,0.155172414,0.103448276,0.034482759,0.672413793,0.034482759
481,0.916666667,0.083333333,0,0.24,0,0.02,0.74,1,0.078431373,0,0.039215686,0.862745098,0.019607843
482,0.956521739,0.043478261,0,0.076923077,0.038461538,0,0.884615385,1,0.26,0,0.04,0.7,0
483,0.956521739,0.043478261,0.072727273,0,0.018181818,0.036363636,0.872727273,1,0.26,0,0.02,0.72,0
484,0.88,0.12,0,0.019230769,0.038461538,0,0.942307692,1,0.274509804,0,0.019607843,0.68627451,0.019607843
485,0.956521739,0.043478261,0.038461538,0.115384615,0,0.019230769,0.826923077,1,0.072727273,0.090909091,0.054545455,0.781818182,0
486,0.956521739,0.043478261,0.107142857,0.160714286,0,0,0.732142857,1,0,0.035714286,0,0.892857143,0.071428571
487,1,0,0.019607843,0.254901961,0,0.058823529,0.666666667,1,0.057692308,0.019230769,0,0.903846154,0.019230769
488,0.88,0.12,0.019230769,0.173076923,0.019230769,0.038461538,0.75,1,0.098039216,0,0,0.882352941,0.019607843
489,1,0,0,0.235294118,0.019607843,0.019607843,0.725490196,1,0.035714286,0.071428571,0,0.857142857,0.035714286
490,1,0,0.019607843,0.117647059,0,0.039215686,0.823529412,1,0.192307692,0.019230769,0.019230769,0.75,0.019230769
491,0.916666667,0.083333333,0.037037037,0.037037037,0.037037037,0.018518519,0.87037037,1,0.192307692,0.038461538,0.019230769,0.75,0
492,1,0,0.072727273,0.036363636,0.018181818,0.018181818,0.854545455,1,0.215686275,0.019607843,0.039215686,0.725490196,0
493,0.956521739,0.043478261,0.074074074,0.148148148,0,0,0.777777778,1,0.056603774,0.037735849,0.056603774,0.830188679,0.018867925
494,1,0,0.15625,0.046875,0.0625,0,0.734375,1,0.1,0,0,0.9,0
495,0.916666667,0.083333333,0.036363636,0.145454545,0.054545455,0.018181818,0.745454545,1,0,0.107142857,0,0.892857143,0
496,0.956521739,0.043478261,0.137931034,0.051724138,0,0,0.810344828,1,0.098039216,0.019607843,0.078431373,0.803921569,0
497,0.916666667,0.083333333,0.019230769,0.076923077,0.019230769,0,0.884615385,1,0.150943396,0.056603774,0.056603774,0.735849057,0
498,1,0,0.056603774,0.056603774,0,0,0.886792453,1,0.24,0,0.08,0.68,0
499,0.916666667,0.083333333,0.019230769,0.192307692,0.019230769,0.019230769,0.75,1,0.018181818,0.072727273,0.018181818,0.872727273,0.018181818
500,0.916666667,0.083333333,0.071428571,0.035714286,0.035714286,0.017857143,0.839285714,1,0.12962963,0.055555556,0,0.796296296,0.018518519
501,0.956521739,0.043478261,0.019607843,0.039215686,0,0.039215686,0.901960784,1,0.25,0.019230769,0.019230769,0.692307692,0.019230769
502,0.956521739,0.043478261,0.018518519,0.203703704,0.055555556,0,0.722222222,1,0.057692308,0.038461538,0.019230769,0.884615385,0
503,0.916666667,0.083333333,0.019607843,0.058823529,0,0.019607843,0.901960784,1,0,0.193548387,0.048387097,0.758064516,0
504,1,0,0.122807018,0,0,0,0.877192982,1,0.05,0.133333333,0.033333333,0.75,0.033333333
505,1,0,0.038461538,0.192307692,0,0.038461538,0.730769231,1,0,0.103448276,0,0.862068966,0.034482759
506,0.956521739,0.043478261,0.037037037,0.12962963,0.037037037,0.018518519,0.777777778,1,0.115384615,0.038461538,0.019230769,0.826923077,0
507,1,0,0.152542373,0.033898305,0,0.033898305,0.779661017,1,0.137254902,0,0.019607843,0.823529412,0.019607843
508,1,0,0.122807018,0.052631579,0,0,0.824561404,1,0.134615385,0.019230769,0.057692308,0.769230769,0.019230769
509,0.916666667,0.083333333,0,0.02,0,0,0.98,1,0.112903226,0.129032258,0,0.693548387,0.064516129
510,0.956521739,0.043478261,0.071428571,0,0.035714286,0,0.892857143,1,0.235294118,0.019607843,0.039215686,0.705882353,0
511,1,0,0.055555556,0.166666667,0.018518519,0,0.759259259,1,0.036363636,0.072727273,0.036363636,0.836363636,0.018181818
512,0.956521739,0.043478261,0.089285714,0.107142857,0.017857143,0,0.785714286,1,0.076923077,0.038461538,0.057692308,0.826923077,0
513,1,0,0,0.12,0,0.02,0.86,1,0.188679245,0.037735849,0.037735849,0.716981132,0.018867925
514,0.956521739,0.043478261,0,0.1,0,0.04,0.86,1,0.066666667,0.133333333,0,0.766666667,0.033333333
515,0.88,0.12,0,0.06,0,0.04,0.9,1,0.107142857,0.107142857,0.035714286,0.75,0
516,1,0,0,0.1,0,0.02,0.88,1,0,0.203125,0.03125,0.75,0.015625
517,1,0,0.019607843,0,0,0.019607843,0.960784314,1,0.045454545,0.212121212,0.015151515,0.696969697,0.03030303
518,1,0,0.019607843,0.078431373,0,0.058823529,0.843137255,1,0,0.206349206,0.015873016,0.777777778,0
519,0.88,0.12,0.019607843,0.235294118,0,0.039215686,0.705882353,1,0.019607843,0.019607843,0.039215686,0.921568627,0
520,0.88,0.12,0,0.176470588,0.019607843,0.019607843,0.784313725,1,0.037037037,0.074074074,0.037037037,0.851851852,0
521,0.916666667,0.083333333,0.037735849,0.113207547,0.018867925,0.056603774,0.773584906,1,0.16,0,0,0.84,0
522,1,0,0.089285714,0.125,0.017857143,0,0.767857143,1,0.053571429,0.053571429,0,0.839285714,0.053571429
523,1,0,0.056603774,0.056603774,0,0.018867925,0.867924528,1,0.192307692,0.038461538,0.057692308,0.711538462,0
524,0.956521739,0.043478261,0,0,0,0.04,0.96,1,0.236363636,0.072727273,0.018181818,0.654545455,0.018181818
525,0.956521739,0.043478261,0.019607843,0.019607843,0,0.019607843,0.941176471,1,0.274509804,0.019607843,0.058823529,0.647058824,0
526,0.956521739,0.043478261,0.089285714,0,0.017857143,0,0.892857143,1,0.166666667,0.055555556,0.037037037,0.722222222,0.018518519
527,0.956521739,0.043478261,0.056603774,0.226415094,0,0,0.716981132,1,0.039215686,0,0.058823529,0.882352941,0.019607843
528,0.956521739,0.043478261,0.038461538,0.211538462,0,0.019230769,0.730769231,1,0,0.074074074,0.055555556,0.87037037,0
529,1,0,0.103448276,0.086206897,0.034482759,0,0.775862069,1,0.117647059,0.019607843,0.039215686,0.823529412,0
530,1,0,0.018518519,0.055555556,0.055555556,0,0.87037037,1,0.083333333,0.15,0,0.75,0.016666667
531,1,0,0.019230769,0.115384615,0.019230769,0,0.846153846,1,0.070175439,0.122807018,0.052631579,0.754385965,0
532,1,0,0.118644068,0.169491525,0.033898305,0,0.677966102,1,0.02,0,0.04,0.94,0
533,0.956521739,0.043478261,0.038461538,0.038461538,0,0.019230769,0.903846154,1,0.137931034,0.086206897,0,0.724137931,0.051724138
534,1,0,0.137931034,0.051724138,0,0.017241379,0.793103448,1,0.132075472,0,0,0.811320755,0.056603774
535,0.956521739,0.043478261,0.105263158,0.035087719,0.01754386,0.01754386,0.824561404,1,0.035087719,0.122807018,0.035087719,0.807017544,0
536,1,0,0.019607843,0.058823529,0,0,0.921568627,1,0.031746032,0.19047619,0.047619048,0.714285714,0.015873016
537,0.956521739,0.043478261,0.019230769,0.019230769,0.019230769,0,0.942307692,1,0.269230769,0.019230769,0.038461538,0.653846154,0.019230769
538,1,0,0.072727273,0.072727273,0.018181818,0.036363636,0.8,1,0.173076923,0.019230769,0,0.788461538,0.019230769
539,0.956521739,0.043478261,0.103448276,0.120689655,0.034482759,0.017241379,0.724137931,1,0.058823529,0.019607843,0.019607843,0.901960784,0
540,1,0,0.019230769,0.096153846,0.019230769,0.057692308,0.807692308,1,0.016393443,0.180327869,0,0.803278689,0
541,0.956521739,0.043478261,0.038461538,0.25,0,0.019230769,0.692307692,1,0.04,0,0.06,0.9,0
542,1,0,0.019607843,0.254901961,0,0.078431373,0.647058824,1,0.018867925,0.056603774,0,0.924528302,0
543,0.956521739,0.043478261,0.103448276,0.120689655,0.034482759,0,0.74137931,1,0.058823529,0.019607843,0.039215686,0.882352941,0
544,1,0,0.038461538,0.134615385,0,0.019230769,0.807692308,1,0.052631579,0.105263158,0.035087719,0.789473684,0.01754386
545,0.916666667,0.083333333,0.019607843,0.058823529,0,0,0.921568627,1,0.120689655,0.086206897,0.017241379,0.724137931,0.051724138
546,1,0,0.105263158,0.070175439,0.01754386,0.01754386,0.789473684,1,0.137254902,0.019607843,0.039215686,0.803921569,0
547,1,0,0,0.117647059,0.019607843,0.039215686,0.823529412,1,0.166666667,0.055555556,0,0.759259259,0.018518519
548,0.956521739,0.043478261,0.074074074,0.092592593,0,0.037037037,0.796296296,1,0.052631579,0.087719298,0,0.824561404,0.035087719
549,1,0,0,0.176470588,0.019607843,0,0.803921569,1,0.150943396,0.018867925,0.018867925,0.773584906,0.037735849
550,0.956521739,0.043478261,0.019607843,0.196078431,0,0.019607843,0.764705882,1,0.056603774,0.056603774,0.056603774,0.830188679,0
551,0.956521739,0.043478261,0.161290323,0.080645161,0.032258065,0,0.725806452,1,0,0.038461538,0.038461538,0.923076923,0
552,0.956521739,0.043478261,0.118644068,0.033898305,0.033898305,0.016949153,0.796610169,1,0.053571429,0.089285714,0,0.839285714,0.017857143
553,1,0,0.018518519,0.222222222,0.055555556,0,0.703703704,1,0.057692308,0.038461538,0.019230769,0.884615385,0
554,0.956521739,0.043478261,0.019607843,0.039215686,0,0.019607843,0.921568627,1,0.1,0.133333333,0.016666667,0.716666667,0.033333333
555,0.956521739,0.043478261,0.090909091,0.054545455,0,0,0.854545455,1,0.134615385,0.038461538,0.076923077,0.75,0
556,1,0,0.15,0.016666667,0.016666667,0,0.816666667,1,0.16,0,0.06,0.78,0
557,0.956521739,0.043478261,0.019607843,0.117647059,0,0.058823529,0.803921569,1,0.132075472,0.056603774,0.018867925,0.79245283,0
558,1,0,0,0.137254902,0.019607843,0.019607843,0.823529412,1,0.211538462,0,0,0.75,0.038461538
559,0.916666667,0.083333333,0.074074074,0.018518519,0,0.018518519,0.888888889,1,0.150943396,0.056603774,0.056603774,0.735849057,0
560,0.956521739,0.043478261,0,0.08,0,0.06,0.86,1,0.26,0,0.02,0.72,0
561,0.956521739,0.043478261,0,0.25,0.038461538,0,0.711538462,1,0.057692308,0.019230769,0.019230769,0.884615385,0.019230769
562,0.956521739,0.043478261,0.038461538,0.211538462,0,0.019230769,0.730769231,1,0.057692308,0.019230769,0.038461538,0.865384615,0.019230769
563,0.88,0.12,0,0,0.038461538,0.019230769,0.942307692,1,0.160714286,0.107142857,0.017857143,0.714285714,0
564,0.916666667,0.083333333,0,0.1,0,0,0.9,1,0.140350877,0.052631579,0,0.736842105,0.070175439
565,0.956521739,0.043478261,0.072727273,0.127272727,0.018181818,0.036363636,0.745454545,1,0.12,0,0.02,0.86,0
566,0.956521739,0.043478261,0.036363636,0.127272727,0.054545455,0,0.781818182,1,0.035714286,0.107142857,0.017857143,0.839285714,0
567,0.916666667,0.083333333,0,0.02,0,0.02,0.96,1,0.118644068,0.13559322,0.033898305,0.694915254,0.016949153
568,1,0,0.107142857,0.017857143,0,0.053571429,0.821428571,1,0.033333333,0.15,0,0.8,0.016666667
569,1,0,0.019607843,0,0,0.058823529,0.921568627,1,0.079365079,0.19047619,0,0.714285714,0.015873016
570,1,0,0.116666667,0.133333333,0.05,0,0.7,1,0,0.055555556,0,0.925925926,0.018518519
571,1,0,0.090909091,0.163636364,0,0.018181818,0.727272727,1,0,0.074074074,0.055555556,0.87037037,0
572,1,0,0.090909091,0.2,0,0.036363636,0.672727273,1,0.039215686,0,0.019607843,0.921568627,0.019607843
573,0.916666667,0.083333333,0,0.3,0,0.04,0.66,1,0,0.019607843,0.039215686,0.941176471,0
574,1,0,0.074074074,0.222222222,0,0,0.703703704,1,0.04,0,0.08,0.88,0
575,0.956521739,0.043478261,0.019607843,0.196078431,0,0.039215686,0.745098039,1,0.12,0,0.04,0.84,0
576,1,0,0.147540984,0,0.032786885,0,0.819672131,1,0.053571429,0.107142857,0.035714286,0.803571429,0
577,0.956521739,0.043478261,0.019607843,0.254901961,0,0.039215686,0.68627451,1,0.06,0,0.04,0.9,0
578,0.956521739,0.043478261,0,0.08,0,0.02,0.9,1,0.2,0.036363636,0,0.709090909,0.054545455
579,0.956521739,0.043478261,0.118644068,0.016949153,0.033898305,0.016949153,0.813559322,1,0.113207547,0.056603774,0.018867925,0.811320755,0
580,0.956521739,0.043478261,0,0.058823529,0.019607843,0.058823529,0.862745098,1,0.122807018,0.122807018,0,0.754385965,0
581,0.916666667,0.083333333,0.019230769,0.230769231,0.019230769,0.038461538,0.692307692,1,0.039215686,0.019607843,0.019607843,0.921568627,0
582,1,0,0.131147541,0.114754098,0.049180328,0,0.704918033,1,0.038461538,0.019230769,0,0.923076923,0.019230769
583,0.956521739,0.043478261,0.053571429,0,0.053571429,0.017857143,0.875,1,0.122807018,0.122807018,0,0.754385965,0
584,0.916666667,0.083333333,0.018867925,0,0.037735849,0,0.943396226,1,0.288461538,0,0,0.673076923,0.038461538
585,0.916666667,0.083333333,0.019230769,0.038461538,0.019230769,0,0.923076923,1,0.203703704,0.037037037,0.018518519,0.703703704,0.037037037
586,1,0,0.019230769,0.153846154,0.019230769,0.019230769,0.788461538,1,0.111111111,0.055555556,0.018518519,0.796296296,0.018518519
587,0.956521739,0.043478261,0.056603774,0.056603774,0,0.018867925,0.867924528,1,0.142857143,0.053571429,0,0.75,0.053571429
588,1,0,0.056603774,0.169811321,0,0.056603774,0.716981132,1,0.076923077,0.038461538,0.019230769,0.865384615,0
589,1,0,0.105263158,0.052631579,0.01754386,0.01754386,0.807017544,1,0.156862745,0.019607843,0.039215686,0.784313725,0
590,0.956521739,0.043478261,0.037735849,0.188679245,0.018867925,0.018867925,0.735849057,1,0.018181818,0.072727273,0.018181818,0.872727273,0.018181818
591,0.956521739,0.043478261,0.107142857,0.196428571,0,0.017857143,0.678571429,1,0,0,0.019230769,0.942307692,0.038461538
592,1,0,0.089285714,0.178571429,0.017857143,0.035714286,0.678571429,1,0.058823529,0,0,0.921568627,0.019607843
593,1,0,0.056603774,0.226415094,0,0,0.716981132,1,0,0.053571429,0.017857143,0.875,0.053571429
594,1,0,0.055555556,0.055555556,0.018518519,0.055555556,0.814814815,1,0.24,0,0,0.76,0
595,0.916666667,0.083333333,0.070175439,0.035087719,0.052631579,0.01754386,0.824561404,1,0.176470588,0.019607843,0,0.803921569,0
596,0.88,0.12,0,0,0.038461538,0,0.961538462,1,0.288461538,0,0,0.673076923,0.038461538
597,1,0,0.019607843,0.039215686,0,0.019607843,0.921568627,1,0.063492063,0.174603175,0.015873016,0.714285714,0.031746032
598,1,0,0.019230769,0.038461538,0.019230769,0,0.923076923,1,0.25,0.038461538,0.057692308,0.653846154,0
599,0.88,0.12,0.036363636,0.181818182,0.054545455,0,0.727272727,1,0,0.056603774,0.018867925,0.924528302,0
600,1,0,0,0.259259259,0.074074074,0,0.666666667,1,0.058823529,0.019607843,0,0.921568627,0
601,1,0,0.019607843,0.215686275,0,0.039215686,0.725490196,1,0.036363636,0.072727273,0.018181818,0.854545455,0.018181818
602,0.956521739,0.043478261,0.019230769,0.076923077,0.019230769,0.057692308,0.826923077,1,0.127272727,0.090909091,0,0.781818182,0
603,0.956521739,0.043478261,0.074074074,0.240740741,0,0,0.685185185,1,0,0,0.058823529,0.921568627,0.019607843
604,0.916666667,0.083333333,0.019607843,0.215686275,0,0.019607843,0.745098039,1,0.076923077,0,0.019230769,0.865384615,0.038461538
605,0.956521739,0.043478261,0.038461538,0.019230769,0,0.076923077,0.865384615,1,0.122807018,0.122807018,0,0.754385965,0
606,1,0,0.074074074,0.166666667,0,0.018518519,0.740740741,1,0.098039216,0,0.039215686,0.843137255,0.019607843
607,0.956521739,0.043478261,0,0.06,0,0.02,0.92,1,0.218181818,0.036363636,0,0.690909091,0.054545455
608,0.956521739,0.043478261,0.177419355,0.064516129,0.016129032,0.048387097,0.693548387,1,0.019607843,0.019607843,0,0.960784314,0
609,1,0,0.180327869,0,0,0.016393443,0.803278689,1,0.137254902,0,0.039215686,0.803921569,0.019607843
610,0.916666667,0.083333333,0.15,0.05,0.016666667,0.016666667,0.766666667,1,0,0.074074074,0.037037037,0.888888889,0
611,0.916666667,0.083333333,0,0.254901961,0.019607843,0.039215686,0.68627451,1,0.018867925,0.037735849,0,0.924528302,0.018867925
612,0.916666667,0.083333333,0.019607843,0.254901961,0,0,0.725490196,1,0.037735849,0,0.018867925,0.886792453,0.056603774
613,0.956521739,0.043478261,0.152542373,0.06779661,0,0.050847458,0.728813559,1,0.058823529,0.019607843,0.019607843,0.901960784,0
614,1,0,0.071428571,0.017857143,0.035714286,0,0.875,1,0.142857143,0.089285714,0.017857143,0.732142857,0.017857143
615,0.956521739,0.043478261,0.037735849,0.094339623,0.018867925,0.056603774,0.79245283,1,0.2,0,0,0.8,0
616,0.956521739,0.043478261,0,0.1,0,0.02,0.88,1,0.24,0,0.06,0.7,0
617,1,0,0.056603774,0.226415094,0,0.018867925,0.698113208,1,0,0.053571429,0,0.892857143,0.053571429
618,1,0,0,0.137254902,0.019607843,0.019607843,0.823529412,1,0.166666667,0.037037037,0,0.759259259,0.037037037
619,1,0,0.090909091,0.181818182,0,0.018181818,0.709090909,1,0.037735849,0.018867925,0.018867925,0.886792453,0.037735849
620,0.956521739,0.043478261,0.089285714,0.125,0.017857143,0.017857143,0.75,1,0.036363636,0.054545455,0,0.872727273,0.036363636
621,1,0,0.074074074,0.148148148,0,0.037037037,0.740740741,1,0.094339623,0.018867925,0,0.849056604,0.037735849
622,0.956521739,0.043478261,0.019230769,0.096153846,0.019230769,0,0.865384615,1,0.185185185,0.018518519,0,0.740740741,0.055555556
623,1,0,0.019607843,0.098039216,0,0,0.882352941,1,0.166666667,0.055555556,0.055555556,0.703703704,0.018518519
624,0.956521739,0.043478261,0.090909091,0.036363636,0,0.018181818,0.854545455,1,0.150943396,0.037735849,0.037735849,0.754716981,0.018867925
625,0.956521739,0.043478261,0.072727273,0.054545455,0.018181818,0.054545455,0.8,1,0.153846154,0.038461538,0,0.807692308,0
626,0.916666667,0.083333333,0.105263158,0.105263158,0.01754386,0,0.771929825,1,0.075471698,0,0,0.867924528,0.056603774
627,0.956521739,0.043478261,0,0.12,0,0.08,0.8,1,0.196078431,0.019607843,0,0.784313725,0
628,0.956521739,0.043478261,0,0.235294118,0.019607843,0,0.745098039,1,0.078431373,0.019607843,0.058823529,0.843137255,0
629,0.916666667,0.083333333,0,0.16,0,0,0.84,1,0.137254902,0.019607843,0.078431373,0.764705882,0
630,1,0,0,0.098039216,0.019607843,0,0.882352941,1,0.140350877,0.087719298,0.01754386,0.719298246,0.035087719
631,0.916666667,0.083333333,0,0.06,0,0,0.94,1,0.181818182,0.054545455,0.036363636,0.690909091,0.036363636
632,0.916666667,0.083333333,0,0.04,0,0.02,0.94,1,0.20754717,0.056603774,0.056603774,0.679245283,0
633,1,0,0.101694915,0.016949153,0.050847458,0,0.830508475,1,0.173076923,0.038461538,0.019230769,0.769230769,0
634,1,0,0.056603774,0.169811321,0,0.018867925,0.754716981,1,0.115384615,0,0.019230769,0.826923077,0.038461538
635,1,0,0.019607843,0.117647059,0,0.058823529,0.803921569,1,0.196078431,0.019607843,0.019607843,0.764705882,0
636,1,0,0.086206897,0.017241379,0.051724138,0.017241379,0.827586207,1,0.033333333,0.166666667,0,0.8,0
637,0.916666667,0.083333333,0.037037037,0.148148148,0.037037037,0,0.777777778,1,0.117647059,0,0.019607843,0.843137255,0.019607843
638,0.956521739,0.043478261,0.037037037,0.037037037,0.037037037,0,0.888888889,1,0.188679245,0.056603774,0.037735849,0.716981132,0
639,0.916666667,0.083333333,0.037735849,0.094339623,0.018867925,0.018867925,0.830188679,1,0.18,0,0.04,0.78,0
640,1,0,0.074074074,0.018518519,0,0.037037037,0.87037037,1,0.015625,0.1875,0,0.765625,0.03125
641,0.956521739,0.043478261,0.019607843,0.137254902,0,0.058823529,0.784313725,1,0.132075472,0.037735849,0,0.811320755,0.018867925
642,0.956521739,0.043478261,0,0.12,0,0.02,0.86,1,0.105263158,0.087719298,0.01754386,0.754385965,0.035087719
643,0.956521739,0.043478261,0.193548387,0.032258065,0,0.048387097,0.725806452,1,0,0.055555556,0,0.925925926,0.018518519
644,1,0,0,0.2,0,0.06,0.74,1,0.054545455,0.090909091,0.018181818,0.836363636,0
645,0.916666667,0.083333333,0.089285714,0.053571429,0.017857143,0,0.839285714,1,0.054545455,0.090909091,0.054545455,0.8,0
646,0.916666667,0.083333333,0.018867925,0.056603774,0.037735849,0,0.886792453,1,0.20754717,0.018867925,0,0.735849057,0.037735849
647,0.956521739,0.043478261,0.103448276,0.017241379,0.034482759,0.017241379,0.827586207,1,0.176470588,0.019607843,0.019607843,0.784313725,0
648,1,0,0.053571429,0.089285714,0.053571429,0.017857143,0.785714286,1,0.176470588,0.019607843,0,0.803921569,0
649,1,0,0.054545455,0.2,0.036363636,0.018181818,0.690909091,1,0.037735849,0.037735849,0,0.905660377,0.018867925
650,0.88,0.12,0.089285714,0.125,0.017857143,0.035714286,0.732142857,1,0.039215686,0.019607843,0.019607843,0.921568627,0
651,1,0,0,0.2,0,0.02,0.78,1,0.035087719,0.105263158,0.035087719,0.807017544,0.01754386
652,1,0,0.089285714,0.089285714,0.017857143,0.035714286,0.767857143,1,0.137254902,0.019607843,0.019607843,0.823529412,0
653,0.916666667,0.083333333,0.074074074,0.12962963,0,0,0.796296296,1,0.037037037,0.055555556,0.055555556,0.833333333,0.018518519
654,1,0,0,0.173076923,0.038461538,0.038461538,0.75,1,0.035087719,0.122807018,0,0.842105263,0
655,0.956521739,0.043478261,0.037735849,0.056603774,0.018867925,0.056603774,0.830188679,1,0.050847458,0.152542373,0,0.796610169,0
656,0.956521739,0.043478261,0,0.02,0,0.04,0.94,1,0.096774194,0.161290323,0,0.709677419,0.032258065
657,0.956521739,0.043478261,0.089285714,0.089285714,0.017857143,0,0.803571429,1,0.075471698,0.056603774,0.056603774,0.811320755,0
658,1,0,0.037735849,0.150943396,0.018867925,0.037735849,0.754716981,1,0.113207547,0.037735849,0,0.830188679,0.018867925
659,1,0,0.215384615,0.015384615,0.015384615,0.015384615,0.738461538,1,0,0.056603774,0.037735849,0.905660377,0
660,0.956521739,0.043478261,0.089285714,0.107142857,0.017857143,0.017857143,0.767857143,1,0.056603774,0.056603774,0.037735849,0.849056604,0
661,0.916666667,0.083333333,0,0.196078431,0.019607843,0.019607843,0.764705882,1,0.074074074,0.037037037,0,0.851851852,0.037037037
662,1,0,0.090909091,0.018181818,0,0.036363636,0.854545455,1,0.163636364,0.054545455,0,0.745454545,0.036363636
663,0.916666667,0.083333333,0.037735849,0.094339623,0.018867925,0.018867925,0.830188679,1,0.052631579,0.105263158,0.01754386,0.807017544,0.01754386
664,1,0,0.122807018,0,0,0,0.877192982,1,0.101694915,0.084745763,0,0.745762712,0.06779661
665,1,0,0.019607843,0.196078431,0,0.039215686,0.745098039,1,0.055555556,0.074074074,0.037037037,0.833333333,0
666,0.956521739,0.043478261,0.038461538,0.096153846,0,0.038461538,0.826923077,1,0.176470588,0.019607843,0.039215686,0.764705882,0
667,1,0,0.019230769,0.153846154,0.019230769,0,0.807692308,1,0.050847458,0.101694915,0,0.796610169,0.050847458
668,0.956521739,0.043478261,0.018867925,0.245283019,0.037735849,0,0.698113208,1,0,0.056603774,0.037735849,0.905660377,0
669,1,0,0.163934426,0.06557377,0.016393443,0,0.754098361,1,0.078431373,0,0.039215686,0.862745098,0.019607843
670,1,0,0.090909091,0.090909091,0,0.072727273,0.745454545,1,0.054545455,0.090909091,0,0.854545455,0
671,1,0,0.053571429,0.053571429,0.053571429,0.017857143,0.821428571,1,0.24,0,0,0.76,0
672,0.956521739,0.043478261,0.074074074,0.018518519,0,0.018518519,0.888888889,1,0.122807018,0.087719298,0.01754386,0.736842105,0.035087719
673,0.956521739,0.043478261,0.122807018,0.105263158,0,0.01754386,0.754385965,1,0.037037037,0.037037037,0.018518519,0.87037037,0.037037037
674,1,0,0.037735849,0.037735849,0.018867925,0,0.905660377,1,0.222222222,0.037037037,0.018518519,0.685185185,0.037037037
675,0.956521739,0.043478261,0.056603774,0.132075472,0,0,0.811320755,1,0.052631579,0.070175439,0.01754386,0.807017544,0.052631579
676,0.916666667,0.083333333,0,0.019230769,0.038461538,0.019230769,0.923076923,1,0.245283019,0.037735849,0,0.698113208,0.018867925
677,0.956521739,0.043478261,0.056603774,0,0,0,0.943396226,1,0.103448276,0.137931034,0.068965517,0.689655172,0
678,1,0,0.107142857,0.107142857,0,0.053571429,0.732142857,1,0.076923077,0.038461538,0.019230769,0.865384615,0
679,1,0,0.038461538,0.076923077,0,0,0.884615385,1,0.222222222,0,0,0.703703704,0.074074074
680,1,0,0.037037037,0.203703704,0.037037037,0.018518519,0.703703704,1,0.018181818,0.072727273,0,0.890909091,0.018181818
681,1,0,0.103448276,0.051724138,0.034482759,0.017241379,0.793103448,1,0.176470588,0,0,0.803921569,0.019607843
682,0.916666667,0.083333333,0.107142857,0.178571429,0,0.017857143,0.696428571,1,0,0,0,0.943396226,0.056603774
683,0.956521739,0.043478261,0,0.12,0,0.02,0.86,1,0.169811321,0.037735849,0.037735849,0.735849057,0.018867925
684,0.956521739,0.043478261,0.072727273,0.090909091,0.018181818,0.036363636,0.781818182,1,0.053571429,0.089285714,0,0.839285714,0.017857143
685,1,0,0.116666667,0.116666667,0.05,0,0.716666667,1,0.057692308,0.019230769,0,0.903846154,0.019230769
686,1,0,0,0.04,0,0,0.96,1,0.131147541,0.131147541,0.016393443,0.672131148,0.049180328
687,1,0,0.018867925,0.037735849,0.037735849,0.018867925,0.886792453,1,0.203703704,0.074074074,0.018518519,0.703703704,0
688,0.956521739,0.043478261,0,0.196078431,0.019607843,0.039215686,0.745098039,1,0.055555556,0.074074074,0.018518519,0.851851852,0
689,1,0,0.122807018,0.052631579,0,0,0.824561404,1,0.094339623,0.056603774,0.075471698,0.773584906,0
690,1,0,0.055555556,0.222222222,0.018518519,0.018518519,0.685185185,1,0.039215686,0.019607843,0.039215686,0.901960784,0
691,1,0,0.137931034,0.017241379,0,0.034482759,0.810344828,1,0.092592593,0.074074074,0.037037037,0.796296296,0
692,0.916666667,0.083333333,0,0.134615385,0.038461538,0,0.826923077,1,0.051724138,0.103448276,0,0.810344828,0.034482759
693,0.956521739,0.043478261,0,0.06,0,0,0.94,1,0.236363636,0.018181818,0,0.672727273,0.072727273
694,1,0,0.180327869,0,0,0.016393443,0.803278689,1,0.113207547,0.018867925,0.018867925,0.811320755,0.037735849
695,0.916666667,0.083333333,0.019230769,0.134615385,0.019230769,0,0.826923077,1,0.150943396,0,0,0.79245283,0.056603774
696,1,0,0.019607843,0.235294118,0,0.019607843,0.725490196,1,0.076923077,0.019230769,0.038461538,0.846153846,0.019230769
697,1,0,0,0.24,0,0.08,0.68,1,0.056603774,0.056603774,0,0.886792453,0
698,0.88,0.12,0,0.18,0,0,0.82,1,0.035087719,0.070175439,0.01754386,0.824561404,0.052631579
699,1,0,0.056603774,0.113207547,0,0.018867925,0.811320755,1,0.072727273,0.090909091,0.054545455,0.781818182,0
700,0.956521739,0.043478261,0.089285714,0.035714286,0.017857143,0.053571429,0.803571429,1,0.111111111,0.074074074,0,0.814814815,0
701,0.88,0.12,0.018867925,0.056603774,0.037735849,0.037735849,0.849056604,1,0.12962963,0.074074074,0,0.796296296,0
702,1,0,0,0.16,0,0,0.84,1,0.12962963,0.055555556,0.055555556,0.740740741,0.018518519
703,0.956521739,0.043478261,0.056603774,0.20754717,0,0.056603774,0.679245283,1,0.019230769,0.038461538,0.019230769,0.923076923,0
704,1,0,0.055555556,0.111111111,0.018518519,0.018518519,0.796296296,1,0.153846154,0.019230769,0.019230769,0.788461538,0.019230769
705,1,0,0.120689655,0.120689655,0.017241379,0.051724138,0.689655172,1,0.038461538,0.038461538,0,0.923076923,0
706,1,0,0.227272727,0.03030303,0.015151515,0.015151515,0.712121212,1,0,0.019230769,0.019230769,0.942307692,0.019230769
707,0.916666667,0.083333333,0.072727273,0,0.018181818,0,0.909090909,1,0.192307692,0.038461538,0.057692308,0.711538462,0
708,0.956521739,0.043478261,0.018867925,0.018867925,0.037735849,0,0.924528302,1,0.240740741,0.037037037,0,0.685185185,0.037037037
709,0.916666667,0.083333333,0,0.039215686,0.019607843,0.039215686,0.901960784,1,0.25,0.019230769,0,0.711538462,0.019230769
710,0.956521739,0.043478261,0,0.12,0,0.04,0.84,1,0.148148148,0.055555556,0.018518519,0.759259259,0.018518519
711,0.956521739,0.043478261,0.118644068,0.016949153,0.033898305,0,0.830508475,1,0.017241379,0.137931034,0.034482759,0.810344828,0
712,0.956521739,0.043478261,0.019230769,0.211538462,0.019230769,0.057692308,0.692307692,1,0.1,0,0,0.9,0
713,0.956521739,0.043478261,0.152542373,0.050847458,0,0.050847458,0.745762712,1,0.1,0,0.02,0.88,0
714,0.916666667,0.083333333,0.107142857,0.017857143,0,0.071428571,0.803571429,1,0.113207547,0.056603774,0,0.830188679,0
715,1,0,0.018181818,0.145454545,0.072727273,0,0.763636364,1,0.072727273,0.090909091,0,0.836363636,0
716,1,0,0.087719298,0.192982456,0.035087719,0,0.684210526,1,0.019230769,0.019230769,0.019230769,0.923076923,0.019230769
717,0.916666667,0.083333333,0.152542373,0.016949153,0,0.050847458,0.779661017,1,0.055555556,0.055555556,0,0.87037037,0.018518519
718,0.956521739,0.043478261,0.090909091,0.127272727,0,0.072727273,0.709090909,1,0.037735849,0.056603774,0,0.905660377,0
719,1,0,0.054545455,0.090909091,0.036363636,0.018181818,0.8,1,0.196078431,0,0,0.784313725,0.019607843
720,1,0,0,0.215686275,0.019607843,0,0.764705882,1,0.111111111,0.018518519,0,0.814814815,0.055555556
721,0.956521739,0.043478261,0,0.04,0,0.02,0.94,1,0.083333333,0.166666667,0.05,0.7,0
722,1,0,0.019607843,0.117647059,0,0.078431373,0.784313725,1,0.150943396,0.056603774,0,0.79245283,0
723,1,0,0.072727273,0.090909091,0.018181818,0.036363636,0.781818182,1,0.132075472,0.037735849,0,0.811320755,0.018867925
724,1,0,0.019230769,0.038461538,0.019230769,0.038461538,0.884615385,1,0.137931034,0.120689655,0,0.724137931,0.017241379
725,0.916666667,0.083333333,0,0.115384615,0.038461538,0.019230769,0.826923077,1,0.12962963,0.055555556,0,0.796296296,0.018518519
726,1,0,0.018518519,0.166666667,0.055555556,0.018518519,0.740740741,1,0.094339623,0.056603774,0,0.849056604,0
727,0.956521739,0.043478261,0.161290323,0.016129032,0.032258065,0.032258065,0.758064516,1,0.098039216,0.019607843,0,0.882352941,0
728,1,0,0.13559322,0.06779661,0.016949153,0.016949153,0.762711864,1,0.076923077,0.038461538,0.038461538,0.846153846,0
729,1,0,0.137931034,0.034482759,0,0.051724138,0.775862069,1,0.134615385,0.019230769,0,0.826923077,0.019230769
730,0.956521739,0.043478261,0,0.019230769,0.038461538,0,0.942307692,1,0.245283019,0.056603774,0.037735849,0.660377358,0
731,0.956521739,0.043478261,0.074074074,0.074074074,0,0.018518519,0.833333333,1,0.033333333,0.116666667,0,0.8,0.05
732,0.956521739,0.043478261,0.019607843,0.019607843,0,0.019607843,0.941176471,1,0.114754098,0.131147541,0,0.704918033,0.049180328
733,1,0,0,0.06,0,0,0.94,1,0.160714286,0.107142857,0.071428571,0.660714286,0
734,1,0,0.087719298,0.122807018,0.035087719,0.01754386,0.736842105,1,0.036363636,0.072727273,0,0.872727273,0.018181818
735,0.916666667,0.083333333,0.166666667,0,0,0.016666667,0.816666667,1,0.12,0,0.06,0.82,0
736,0.956521739,0.043478261,0.13559322,0.084745763,0.016949153,0.033898305,0.728813559,1,0.078431373,0,0,0.901960784,0.019607843
737,0.916666667,0.083333333,0,0.188679245,0.056603774,0,0.754716981,1,0.12,0,0.02,0.86,0
738,0.916666667,0.083333333,0.019230769,0.019230769,0.019230769,0,0.942307692,1,0.140350877,0.105263158,0.035087719,0.701754386,0.01754386
739,0.956521739,0.043478261,0.107142857,0.178571429,0,0.017857143,0.696428571,1,0,0.019607843,0.058823529,0.921568627,0
740,0.956521739,0.043478261,0.070175439,0.070175439,0.052631579,0.01754386,0.789473684,1,0.134615385,0.038461538,0,0.826923077,0
741,0.916666667,0.083333333,0.037735849,0.226415094,0.018867925,0.018867925,0.698113208,1,0,0.037037037,0,0.925925926,0.037037037
742,1,0,0.152542373,0.050847458,0,0,0.796610169,1,0,0.101694915,0.016949153,0.830508475,0.050847458
743,0.956521739,0.043478261,0.019607843,0.117647059,0,0.019607843,0.843137255,1,0.150943396,0.037735849,0.037735849,0.754716981,0.018867925
744,0.956521739,0.043478261,0.037735849,0.245283019,0.018867925,0.018867925,0.679245283,1,0,0.037037037,0,0.925925926,0.037037037
745,0.88,0.12,0,0.254901961,0.019607843,0,0.725490196,1,0,0.037037037,0.018518519,0.907407407,0.037037037
746,0.956521739,0.043478261,0,0.24,0,0,0.76,1,0.092592593,0,0,0.833333333,0.074074074
747,1,0,0.037037037,0.092592593,0.037037037,0,0.833333333,1,0.109090909,0.090909091,0.036363636,0.763636364,0
748,0.956521739,0.043478261,0.019607843,0.078431373,0,0,0.901960784,1,0.086206897,0.120689655,0.051724138,0.724137931,0.017241379
749,0.916666667,0.083333333,0.055555556,0.185185185,0.018518519,0.037037037,0.703703704,1,0.038461538,0.019230769,0,0.923076923,0.019230769
750,1,0,0.037735849,0.056603774,0.018867925,0.018867925,0.867924528,1,0.086206897,0.137931034,0.034482759,0.74137931,0
751,0.916666667,0.083333333,0.074074074,0.074074074,0,0.074074074,0.777777778,1,0.137254902,0.019607843,0,0.843137255,0
752,1,0,0.037037037,0.037037037,0.037037037,0.018518519,0.87037037,1,0.185185185,0.074074074,0.018518519,0.722222222,0
753,1,0,0.019230769,0.096153846,0.019230769,0,0.865384615,1,0.145454545,0.072727273,0.036363636,0.727272727,0.018181818
754,0.916666667,0.083333333,0.019230769,0.230769231,0.019230769,0.019230769,0.711538462,1,0.037735849,0.018867925,0,0.905660377,0.037735849
755,0.916666667,0.083333333,0.089285714,0.160714286,0.017857143,0,0.732142857,1,0,0.038461538,0.057692308,0.903846154,0
756,1,0,0.055555556,0.203703704,0.018518519,0.037037037,0.685185185,1,0.018518519,0.055555556,0,0.907407407,0.018518519
757,1,0,0.019607843,0.039215686,0,0.058823529,0.882352941,1,0.203703704,0.074074074,0.018518519,0.703703704,0
758,0.916666667,0.083333333,0.019607843,0.019607843,0,0.019607843,0.941176471,1,0.178571429,0.071428571,0.017857143,0.696428571,0.035714286
759,0.956521739,0.043478261,0.054545455,0,0.036363636,0,0.909090909,1,0.20754717,0.056603774,0.037735849,0.698113208,0
760,0.956521739,0.043478261,0,0.04,0,0,0.96,1,0.259259259,0.018518519,0.018518519,0.648148148,0.055555556
761,0.956521739,0.043478261,0.056603774,0.188679245,0,0.037735849,0.716981132,1,0.078431373,0,0.019607843,0.882352941,0.019607843
762,1,0,0.122807018,0.070175439,0,0.01754386,0.789473684,1,0.036363636,0.090909091,0.054545455,0.818181818,0
763,0.956521739,0.043478261,0.072727273,0.127272727,0.018181818,0,0.781818182,1,0.076923077,0.038461538,0.057692308,0.826923077,0
764,0.916666667,0.083333333,0.074074074,0.055555556,0,0,0.87037037,1,0.111111111,0.055555556,0.055555556,0.759259259,0.018518519
765,1,0,0.101694915,0.016949153,0.050847458,0.016949153,0.813559322,1,0.196078431,0.019607843,0,0.784313725,0
766,0.916666667,0.083333333,0,0.254901961,0.019607843,0,0.725490196,1,0.018181818,0.036363636,0,0.890909091,0.054545455
767,0.916666667,0.083333333,0,0.211538462,0.038461538,0.019230769,0.730769231,1,0.1,0,0.02,0.88,0
768,1,0,0.074074074,0,0,0.018518519,0.907407407,1,0.160714286,0.089285714,0.035714286,0.696428571,0.017857143
769,0.916666667,0.083333333,0.074074074,0.148148148,0,0.055555556,0.722222222,1,0,0.072727273,0,0.909090909,0.018181818
770,1,0,0.038461538,0.192307692,0,0.038461538,0.730769231,1,0.037037037,0.074074074,0.037037037,0.851851852,0
771,0.956521739,0.043478261,0,0.14,0,0,0.86,1,0.068965517,0.103448276,0.034482759,0.75862069,0.034482759
772,1,0,0.087719298,0.175438596,0.035087719,0.01754386,0.684210526,1,0,0.055555556,0,0.925925926,0.018518519
773,0.916666667,0.083333333,0,0.117647059,0.019607843,0.019607843,0.843137255,1,0.2,0,0.04,0.76,0
774,1,0,0.122807018,0.01754386,0,0.01754386,0.842105263,1,0.2,0,0.06,0.74,0
775,1,0,0.13559322,0.13559322,0.016949153,0.033898305,0.677966102,1,0,0.037735849,0,0.943396226,0.018867925
776,0.916666667,0.083333333,0.037037037,0.259259259,0.037037037,0.037037037,0.62962963,1,0,0,0,1,0
777,0.956521739,0.043478261,0.018867925,0.150943396,0.037735849,0.018867925,0.773584906,1,0.054545455,0.090909091,0.018181818,0.836363636,0
778,0.956521739,0.043478261,0,0.24,0,0.08,0.68,1,0.1,0,0,0.9,0
779,0.956521739,0.043478261,0.019607843,0.215686275,0,0,0.764705882,1,0.018518519,0.074074074,0.074074074,0.833333333,0
780,0.956521739,0.043478261,0,0.14,0,0.08,0.78,1,0.034482759,0.137931034,0,0.827586207,0
781,0.956521739,0.043478261,0.103448276,0.017241379,0.034482759,0,0.844827586,1,0.173076923,0.019230769,0.019230769,0.769230769,0.019230769
782,1,0,0.161290323,0.064516129,0.032258065,0.032258065,0.709677419,1,0.018867925,0.056603774,0,0.924528302,0
783,0.916666667,0.083333333,0.074074074,0.037037037,0,0.074074074,0.814814815,1,0.153846154,0.038461538,0,0.807692308,0
784,0.956521739,0.043478261,0.161290323,0.080645161,0.032258065,0.032258065,0.693548387,1,0.019607843,0.019607843,0,0.960784314,0
785,0.916666667,0.083333333,0,0.25,0.038461538,0,0.711538462,1,0,0.054545455,0,0.909090909,0.036363636
786,1,0,0.103448276,0.137931034,0.034482759,0,0.724137931,1,0,0.074074074,0.037037037,0.888888889,0
787,1,0,0.090909091,0.036363636,0,0,0.872727273,1,0.103448276,0.086206897,0.017241379,0.74137931,0.051724138
788,1,0,0.019230769,0.076923077,0.019230769,0.038461538,0.846153846,1,0.05,0.166666667,0.016666667,0.766666667,0
789,1,0,0,0.057692308,0.038461538,0.019230769,0.884615385,1,0.160714286,0.107142857,0.017857143,0.714285714,0
790,0.956521739,0.043478261,0.105263158,0.122807018,0.01754386,0.01754386,0.736842105,1,0.018518519,0.055555556,0.018518519,0.888888889,0.018518519
791,0.916666667,0.083333333,0.147540984,0.06557377,0.032786885,0,0.754098361,1,0.037735849,0.018867925,0,0.905660377,0.037735849
792,1,0,0.019607843,0.039215686,0,0.019607843,0.921568627,1,0.2,0.072727273,0.036363636,0.672727273,0.018181818
793,1,0,0.105263158,0.052631579,0.01754386,0,0.824561404,1,0.016393443,0.131147541,0,0.803278689,0.049180328
794,0.916666667,0.083333333,0.072727273,0.054545455,0.018181818,0.036363636,0.818181818,1,0.113207547,0.056603774,0.018867925,0.811320755,0
795,0.956521739,0.043478261,0,0.26,0,0.08,0.66,1,0.018867925,0.056603774,0,0.924528302,0
796,1,0,0.074074074,0.12962963,0,0.055555556,0.740740741,1,0,0.122807018,0.01754386,0.859649123,0
797,0.916666667,0.083333333,0.037735849,0,0.018867925,0.018867925,0.924528302,1,0.101694915,0.13559322,0.016949153,0.728813559,0.016949153
798,0.956521739,0.043478261,0,0,0,0.02,0.98,1,0.228070175,0.070175439,0,0.649122807,0.052631579
799,0.956521739,0.043478261,0,0.056603774,0.056603774,0,0.886792453,1,0.122807018,0.122807018,0.01754386,0.736842105,0
800,1,0,0.037735849,0.037735849,0.018867925,0.018867925,0.886792453,1,0.03125,0.1875,0,0.75,0.03125
801,0.88,0.12,0.019607843,0.215686275,0,0.019607843,0.745098039,1,0,0.056603774,0.056603774,0.886792453,0
802,0.88,0.12,0,0.16,0,0.02,0.82,1,0.134615385,0,0.019230769,0.807692308,0.038461538
803,0.956521739,0.043478261,0.056603774,0.094339623,0,0.075471698,0.773584906,1,0.072727273,0.090909091,0,0.836363636,0
804,0.956521739,0.043478261,0.107142857,0.017857143,0,0,0.875,1,0.150943396,0.037735849,0.056603774,0.735849057,0.018867925
805,0.916666667,0.083333333,0,0.166666667,0.074074074,0,0.759259259,1,0.14,0,0,0.86,0
806,0.88,0.12,0.019230769,0.096153846,0.019230769,0.057692308,0.807692308,1,0.092592593,0.074074074,0,0.833333333,0
807,0.88,0.12,0,0.1,0,0.02,0.88,1,0.127272727,0.054545455,0.018181818,0.763636364,0.036363636
808,0.916666667,0.083333333,0.019607843,0.176470588,0,0.019607843,0.784313725,1,0.056603774,0.056603774,0.056603774,0.830188679,0
809,0.956521739,0.043478261,0.054545455,0.036363636,0.036363636,0.036363636,0.836363636,1,0.192307692,0.038461538,0,0.769230769,0
810,0.88,0.12,0.018867925,0.056603774,0.037735849,0.037735849,0.849056604,1,0.22,0,0,0.78,0
811,1,0,0.068965517,0.034482759,0.068965517,0,0.827586207,1,0.192307692,0.038461538,0,0.769230769,0
812,0.916666667,0.083333333,0,0.156862745,0.019607843,0.019607843,0.803921569,1,0.115384615,0.038461538,0.038461538,0.807692308,0
813,0.88,0.12,0.101694915,0.101694915,0.050847458,0,0.745762712,1,0.06,0,0.02,0.92,0
814,1,0,0.019607843,0.156862745,0,0.019607843,0.803921569,1,0.087719298,0.070175439,0,0.789473684,0.052631579
815,0.956521739,0.043478261,0,0.235294118,0.019607843,0,0.745098039,1,0.057692308,0.038461538,0.057692308,0.846153846,0
816,0.956521739,0.043478261,0,0.24,0,0.04,0.72,1,0.018518519,0.074074074,0.037037037,0.87037037,0
817,0.916666667,0.083333333,0.019230769,0.25,0.019230769,0,0.711538462,1,0,0.037735849,0.037735849,0.905660377,0.018867925
818,0.916666667,0.083333333,0,0.16,0,0.06,0.78,1,0.01754386,0.122807018,0.01754386,0.842105263,0
819,1,0,0.074074074,0.240740741,0,0.018518519,0.666666667,1,0,0.019607843,0.058823529,0.921568627,0
820,0.916666667,0.083333333,0.056603774,0.113207547,0,0.075471698,0.754716981,1,0.096153846,0.038461538,0,0.865384615,0
821,0.956521739,0.043478261,0.122807018,0,0,0.052631579,0.824561404,1,0.090909091,0.090909091,0.018181818,0.8,0
822,1,0,0,0.192307692,0.038461538,0,0.769230769,1,0.072727273,0.072727273,0.018181818,0.818181818,0.018181818
823,0.916666667,0.083333333,0.038461538,0.019230769,0,0,0.942307692,1,0.211538462,0.038461538,0.076923077,0.673076923,0
824,1,0,0.019230769,0.096153846,0.019230769,0.038461538,0.826923077,1,0.125,0.089285714,0,0.767857143,0.017857143
825,0.956521739,0.043478261,0,0.2,0,0.02,0.78,1,0.111111111,0.018518519,0,0.814814815,0.055555556
826,0.956521739,0.043478261,0.074074074,0.148148148,0,0,0.777777778,1,0.018518519,0.074074074,0.074074074,0.833333333,0
827,1,0,0.103448276,0.172413793,0.034482759,0.034482759,0.655172414,1,0.019607843,0.019607843,0,0.960784314,0
828,0.916666667,0.083333333,0.055555556,0.148148148,0.018518519,0.055555556,0.722222222,1,0.078431373,0.019607843,0,0.901960784,0
829,1,0,0.053571429,0.035714286,0.053571429,0.017857143,0.839285714,1,0.145454545,0.090909091,0,0.763636364,0
830,0.956521739,0.043478261,0.074074074,0.055555556,0,0.055555556,0.814814815,1,0.153846154,0.038461538,0.019230769,0.788461538,0
831,0.956521739,0.043478261,0.019607843,0,0,0.078431373,0.901960784,1,0.245283019,0.056603774,0,0.698113208,0
832,1,0,0.090909091,0.054545455,0,0.054545455,0.8,1,0.071428571,0.107142857,0.017857143,0.803571429,0
833,0.88,0.12,0.036363636,0.090909091,0.054545455,0,0.818181818,1,0.16,0,0.02,0.82,0
834,0.956521739,0.043478261,0,0.04,0,0.04,0.92,1,0.269230769,0.019230769,0.019230769,0.673076923,0.019230769
835,1,0,0.072727273,0.109090909,0.018181818,0.036363636,0.763636364,1,0.137254902,0.019607843,0.019607843,0.823529412,0
836,0.916666667,0.083333333,0.037735849,0.094339623,0.018867925,0.037735849,0.811320755,1,0.090909091,0.072727273,0,0.818181818,0.018181818
837,1,0,0.055555556,0.092592593,0.018518519,0.018518519,0.814814815,1,0.169811321,0.018867925,0,0.773584906,0.037735849
838,0.916666667,0.083333333,0.037735849,0,0.018867925,0,0.943396226,1,0.25,0.019230769,0.038461538,0.673076923,0.019230769
839,1,0,0,0.058823529,0.019607843,0,0.921568627,1,0.196428571,0.071428571,0.017857143,0.678571429,0.035714286
840,0.956521739,0.043478261,0,0.098039216,0.019607843,0.039215686,0.843137255,1,0.145454545,0.072727273,0,0.763636364,0.018181818
841,0.916666667,0.083333333,0,0.06,0,0.08,0.86,1,0.188679245,0.056603774,0,0.754716981,0
842,1,0,0.118644068,0.06779661,0.033898305,0,0.779661017,1,0.075471698,0.056603774,0.037735849,0.830188679,0
843,0.956521739,0.043478261,0.055555556,0.037037037,0.018518519,0,0.888888889,1,0.160714286,0.053571429,0,0.732142857,0.053571429
844,0.956521739,0.043478261,0,0.1,0,0,0.9,1,0.24,0,0.08,0.68,0
845,0.88,0.12,0,0,0,0.02,0.98,1,0.274509804,0.019607843,0.058823529,0.647058824,0
846,0.916666667,0.083333333,0,0.1,0,0.02,0.88,1,0.192307692,0.019230769,0.038461538,0.730769231,0.019230769
847,0.956521739,0.043478261,0.019607843,0.117647059,0,0.078431373,0.784313725,1,0.153846154,0.038461538,0,0.807692308,0
848,0.916666667,0.083333333,0.107142857,0.035714286,0,0.035714286,0.821428571,1,0.137254902,0.019607843,0.039215686,0.803921569,0
849,1,0,0.056603774,0.094339623,0,0.018867925,0.830188679,1,0.148148148,0.037037037,0.018518519,0.759259259,0.037037037
850,0.956521739,0.043478261,0.018867925,0,0.037735849,0.018867925,0.924528302,1,0.245283019,0.056603774,0.018867925,0.679245283,0
851,0.916666667,0.083333333,0.056603774,0.037735849,0,0.018867925,0.886792453,1,0.169811321,0.037735849,0.037735849,0.735849057,0.018867925
852,0.956521739,0.043478261,0.055555556,0.148148148,0.018518519,0,0.777777778,1,0.117647059,0,0.039215686,0.823529412,0.019607843
853,1,0,0.038461538,0.211538462,0,0.057692308,0.692307692,1,0.1,0,0.02,0.88,0
854,1,0,0.122807018,0.157894737,0,0,0.719298246,1,0.019607843,0.019607843,0.078431373,0.882352941,0
855,1,0,0.037735849,0.056603774,0.018867925,0,0.886792453,1,0.185185185,0.055555556,0.037037037,0.703703704,0.018518519
856,0.916666667,0.083333333,0.055555556,0,0.018518519,0.018518519,0.907407407,1,0.26,0,0.04,0.7,0
857,0.956521739,0.043478261,0.018867925,0.150943396,0.037735849,0.018867925,0.773584906,1,0.092592593,0.055555556,0,0.833333333,0.018518519
858,1,0,0.089285714,0.178571429,0.017857143,0,0.714285714,1,0.039215686,0.019607843,0.058823529,0.882352941,0
859,0.956521739,0.043478261,0.056603774,0.150943396,0,0,0.79245283,1,0,0.103448276,0.034482759,0.827586207,0.034482759
860,0.956521739,0.043478261,0.074074074,0.240740741,0,0.037037037,0.648148148,1,0,0,0.04,0.96,0
861,0.956521739,0.043478261,0.107142857,0.160714286,0,0.017857143,0.714285714,1,0.018518519,0.018518519,0,0.907407407,0.055555556
862,0.916666667,0.083333333,0.019607843,0.156862745,0,0,0.823529412,1,0.089285714,0.035714286,0,0.803571429,0.071428571
863,0.956521739,0.043478261,0.056603774,0.245283019,0,0.018867925,0.679245283,1,0,0.019230769,0.038461538,0.923076923,0.019230769
864,1,0,0.105263158,0.105263158,0.01754386,0.035087719,0.736842105,1,0.098039216,0.019607843,0.019607843,0.862745098,0
865,1,0,0.193548387,0.048387097,0,0.064516129,0.693548387,1,0.039215686,0.019607843,0,0.941176471,0
866,0.956521739,0.043478261,0,0.196078431,0.019607843,0,0.784313725,1,0.036363636,0.090909091,0.054545455,0.818181818,0
867,1,0,0.019607843,0.039215686,0,0.019607843,0.921568627,1,0.178571429,0.089285714,0.035714286,0.678571429,0.017857143
868,1,0,0.122807018,0.087719298,0,0.035087719,0.754385965,1,0.017857143,0.089285714,0.017857143,0.857142857,0.017857143
869,0.916666667,0.083333333,0.120689655,0,0.017241379,0.017241379,0.844827586,1,0.053571429,0.107142857,0.035714286,0.803571429,0
870,1,0,0,0.176470588,0.019607843,0.019607843,0.784313725,1,0.134615385,0.038461538,0.038461538,0.788461538,0
871,0.916666667,0.083333333,0,0.211538462,0.038461538,0.019230769,0.730769231,1,0.018181818,0.072727273,0,0.890909091,0.018181818
872,1,0,0.056603774,0.132075472,0,0.056603774,0.754716981,1,0.054545455,0.090909091,0.018181818,0.836363636,0
873,0.916666667,0.083333333,0.122807018,0.035087719,0,0.052631579,0.789473684,1,0.115384615,0.019230769,0,0.846153846,0.019230769
874,0.956521739,0.043478261,0.180327869,0.016393443,0,0,0.803278689,1,0.037735849,0.056603774,0.075471698,0.830188679,0
875,1,0,0.230769231,0,0,0.030769231,0.738461538,1,0,0.056603774,0.037735849,0.905660377,0
876,0.956521739,0.043478261,0.038461538,0.115384615,0,0.076923077,0.769230769,1,0.18,0,0,0.82,0
877,1,0,0.055555556,0.074074074,0.018518519,0,0.851851852,1,0.033333333,0.15,0.033333333,0.766666667,0.016666667
878,1,0,0.056603774,0.056603774,0,0.037735849,0.849056604,1,0.087719298,0.122807018,0.035087719,0.754385965,0
879,1,0,0.054545455,0.109090909,0.036363636,0.018181818,0.781818182,1,0.090909091,0.072727273,0,0.818181818,0.018181818
880,1,0,0.161290323,0.096774194,0.032258065,0.016129032,0.693548387,1,0.04,0,0.02,0.94,0
881,0.956521739,0.043478261,0.038461538,0.153846154,0,0.038461538,0.769230769,1,0.115384615,0.019230769,0.019230769,0.826923077,0.019230769
882,0.916666667,0.083333333,0.118644068,0.033898305,0.033898305,0,0.813559322,1,0.072727273,0.054545455,0,0.836363636,0.036363636
883,1,0,0.193548387,0,0,0,0.806451613,1,0.098039216,0.019607843,0.078431373,0.803921569,0
884,0.916666667,0.083333333,0.090909091,0.163636364,0,0.036363636,0.709090909,1,0.019230769,0.019230769,0.019230769,0.923076923,0.019230769
885,1,0,0.137931034,0.017241379,0,0,0.844827586,1,0.017241379,0.137931034,0.068965517,0.775862069,0
886,0.956521739,0.043478261,0.072727273,0,0.018181818,0.018181818,0.890909091,1,0.188679245,0.056603774,0.037735849,0.716981132,0
887,0.916666667,0.083333333,0.118644068,0.13559322,0.033898305,0,0.711864407,1,0,0.019607843,0.039215686,0.941176471,0
888,1,0,0.019607843,0.039215686,0,0,0.941176471,1,0.06557377,0.180327869,0.06557377,0.68852459,0
889,0.88,0.12,0.018867925,0.150943396,0.037735849,0.037735849,0.754716981,1,0.12,0,0,0.88,0
890,0.916666667,0.083333333,0,0.137254902,0.019607843,0,0.843137255,1,0.072727273,0.090909091,0.054545455,0.781818182,0
891,0.88,0.12,0.037735849,0.20754717,0.018867925,0.037735849,0.698113208,1,0,0.037735849,0,0.943396226,0.018867925
892,0.956521739,0.043478261,0.089285714,0.178571429,0.017857143,0.035714286,0.678571429,1,0.019607843,0.019607843,0.019607843,0.941176471,0
893,1,0,0.074074074,0.055555556,0,0.074074074,0.796296296,1,0.173076923,0.038461538,0,0.788461538,0
894,1,0,0.086206897,0,0.051724138,0,0.862068966,1,0.188679245,0.056603774,0.018867925,0.735849057,0
895,0.916666667,0.083333333,0.038461538,0.038461538,0,0.019230769,0.903846154,1,0.120689655,0.086206897,0,0.74137931,0.051724138
896,1,0,0.038461538,0.25,0,0,0.711538462,1,0,0.055555556,0.055555556,0.87037037,0.018518519
897,1,0,0.087719298,0.175438596,0.035087719,0.01754386,0.684210526,1,0.038461538,0.019230769,0,0.923076923,0.019230769
898,1,0,0.090909091,0,0,0.018181818,0.890909091,1,0.125,0.107142857,0.053571429,0.714285714,0
899,0.916666667,0.083333333,0,0.156862745,0.019607843,0.019607843,0.803921569,1,0.153846154,0,0,0.807692308,0.038461538
900,0.956521739,0.043478261,0.019607843,0.098039216,0,0,0.882352941,1,0.032786885,0.147540984,0.032786885,0.754098361,0.032786885
901,0.956521739,0.043478261,0.090909091,0.018181818,0,0.018181818,0.872727273,1,0.22,0,0.06,0.72,0
902,0.916666667,0.083333333,0.037735849,0.150943396,0.018867925,0,0.79245283,1,0.092592593,0.018518519,0,0.833333333,0.055555556
903,0.956521739,0.043478261,0.107142857,0,0,0,0.892857143,1,0.12962963,0.074074074,0.074074074,0.722222222,0
904,1,0,0.105263158,0.052631579,0.01754386,0,0.824561404,1,0,0.15,0.033333333,0.8,0.016666667
905,0.916666667,0.083333333,0.090909091,0.145454545,0,0.018181818,0.745454545,1,0,0.056603774,0.056603774,0.886792453,0
906,0.88,0.12,0.018518519,0.185185185,0.055555556,0,0.740740741,1,0,0.074074074,0.018518519,0.907407407,0
907,0.956521739,0.043478261,0.019607843,0.078431373,0,0.019607843,0.882352941,1,0.230769231,0,0.019230769,0.711538462,0.038461538
908,1,0,0.037037037,0.166666667,0.037037037,0.018518519,0.740740741,1,0,0.120689655,0,0.862068966,0.017241379
909,0.956521739,0.043478261,0,0.153846154,0.038461538,0.019230769,0.788461538,1,0.092592593,0.074074074,0.018518519,0.814814815,0
910,0.956521739,0.043478261,0.037735849,0.132075472,0.018867925,0,0.811320755,1,0.094339623,0.056603774,0.056603774,0.79245283,0
911,0.956521739,0.043478261,0.055555556,0,0.018518519,0.018518519,0.907407407,1,0.20754717,0.056603774,0.037735849,0.698113208,0
912,1,0,0.019230769,0.038461538,0.019230769,0.057692308,0.865384615,1,0.226415094,0.056603774,0,0.716981132,0
913,0.956521739,0.043478261,0,0.26,0,0.04,0.7,1,0,0.074074074,0.037037037,0.888888889,0
914,1,0,0.019607843,0.235294118,0,0.019607843,0.725490196,1,0.056603774,0.037735849,0.037735849,0.849056604,0.018867925
915,1,0,0,0.156862745,0.019607843,0.019607843,0.803921569,1,0.173076923,0.019230769,0.019230769,0.769230769,0.019230769
916,0.956521739,0.043478261,0,0.18,0,0.08,0.74,1,0.16,0,0,0.84,0
917,0.956521739,0.043478261,0.090909091,0.2,0,0,0.709090909,1,0,0.019607843,0.078431373,0.901960784,0
918,0.916666667,0.083333333,0.120689655,0.103448276,0.017241379,0,0.75862069,1,0.039215686,0.019607843,0.058823529,0.882352941,0
919,1,0,0.120689655,0.137931034,0.017241379,0.017241379,0.706896552,1,0.058823529,0,0.019607843,0.901960784,0.019607843
920,1,0,0.038461538,0.173076923,0,0.019230769,0.769230769,1,0.115384615,0.019230769,0.038461538,0.807692308,0.019230769
921,1,0,0.019607843,0.098039216,0,0,0.882352941,1,0.137931034,0.068965517,0,0.724137931,0.068965517
922,1,0,0.018181818,0.090909091,0.072727273,0,0.818181818,1,0.192307692,0.038461538,0,0.769230769,0
923,1,0,0.13559322,0.152542373,0.016949153,0,0.694915254,1,0,0.018518519,0,0.925925926,0.055555556
924,0.916666667,0.083333333,0.174603175,0.015873016,0.031746032,0.031746032,0.746031746,1,0.018867925,0.056603774,0,0.924528302,0
925,1,0,0.122807018,0.087719298,0,0.035087719,0.754385965,1,0.115384615,0,0,0.846153846,0.038461538
926,1,0,0.133333333,0.033333333,0.033333333,0,0.8,1,0.071428571,0.071428571,0,0.821428571,0.035714286
927,1,0,0,0.173076923,0.038461538,0.019230769,0.769230769,1,0.071428571,0.089285714,0,0.821428571,0.017857143
928,0.916666667,0.083333333,0.056603774,0.188679245,0,0.037735849,0.716981132,1,0.058823529,0,0.019607843,0.901960784,0.019607843
929,1,0,0.086206897,0.051724138,0.051724138,0,0.810344828,1,0.109090909,0.072727273,0,0.8,0.018181818
930,0.956521739,0.043478261,0.056603774,0.169811321,0,0,0.773584906,1,0.094339623,0,0.018867925,0.830188679,0.056603774
931,0.916666667,0.083333333,0.038461538,0.173076923,0,0.038461538,0.75,1,0.036363636,0.054545455,0,0.872727273,0.036363636
932,1,0,0.105263158,0.052631579,0.01754386,0,0.824561404,1,0.113207547,0.056603774,0.056603774,0.773584906,0
933,1,0,0.019230769,0.153846154,0.019230769,0.057692308,0.75,1,0.134615385,0.038461538,0,0.826923077,0
934,0.956521739,0.043478261,0.055555556,0.166666667,0.018518519,0.037037037,0.722222222,1,0.037735849,0.056603774,0.018867925,0.886792453,0
935,1,0,0.152542373,0.016949153,0,0,0.830508475,1,0.16,0,0.08,0.76,0
936,1,0,0.15,0.05,0.016666667,0,0.783333333,1,0.076923077,0.038461538,0.057692308,0.826923077,0
937,0.956521739,0.043478261,0,0.226415094,0.056603774,0,0.716981132,1,0.037735849,0.056603774,0.018867925,0.886792453,0
938,1,0,0.019607843,0.176470588,0,0.039215686,0.764705882,1,0.074074074,0.074074074,0.037037037,0.814814815,0
939,0.956521739,0.043478261,0.019607843,0.078431373,0,0.058823529,0.843137255,1,0.192307692,0.038461538,0.019230769,0.75,0
940,0.956521739,0.043478261,0.018867925,0.132075472,0.037735849,0.037735849,0.773584906,1,0.18,0,0,0.82,0
941,1,0,0.054545455,0.072727273,0.036363636,0.018181818,0.818181818,1,0.169811321,0.037735849,0,0.773584906,0.018867925
942,1,0,0.053571429,0.035714286,0.053571429,0,0.857142857,1,0.185185185,0.055555556,0,0.740740741,0.018518519
943,1,0,0.053571429,0.071428571,0.053571429,0.017857143,0.803571429,1,0.150943396,0.056603774,0,0.79245283,0
944,1,0,0.038461538,0.153846154,0,0,0.807692308,1,0.071428571,0.071428571,0.035714286,0.785714286,0.035714286
945,0.956521739,0.043478261,0,0.1,0,0.02,0.88,1,0.185185185,0.037037037,0.018518519,0.722222222,0.037037037
946,1,0,0.019230769,0.096153846,0.019230769,0.038461538,0.826923077,1,0.169811321,0.056603774,0.018867925,0.754716981,0
947,1,0,0,0.14,0,0.02,0.84,1,0.192307692,0.019230769,0.038461538,0.730769231,0.019230769
948,0.956521739,0.043478261,0.019230769,0.038461538,0.019230769,0,0.923076923,1,0.185185185,0.074074074,0.055555556,0.685185185,0
949,1,0,0.087719298,0.192982456,0.035087719,0,0.684210526,1,0.019230769,0.019230769,0.019230769,0.923076923,0.019230769
950,0.88,0.12,0.054545455,0.181818182,0.036363636,0,0.727272727,1,0,0.037037037,0,0.925925926,0.037037037
951,0.88,0.12,0,0.26,0,0.04,0.7,1,0.038461538,0,0,0.923076923,0.038461538
952,0.956521739,0.043478261,0.019230769,0.211538462,0.019230769,0.057692308,0.692307692,1,0.1,0,0,0.9,0
953,0.956521739,0.043478261,0.037735849,0.094339623,0.018867925,0,0.849056604,1,0.148148148,0.037037037,0.018518519,0.759259259,0.037037037
954,1,0,0,0.16,0,0.06,0.78,1,0.173076923,0.019230769,0,0.788461538,0.019230769
955,1,0,0.018867925,0.075471698,0.037735849,0.018867925,0.849056604,1,0.015873016,0.19047619,0,0.777777778,0.015873016
956,0.88,0.12,0.019607843,0.078431373,0,0,0.901960784,1,0.150943396,0.037735849,0.056603774,0.735849057,0.018867925
957,1,0,0.152542373,0.050847458,0,0,0.796610169,1,0.113207547,0,0.018867925,0.811320755,0.056603774
958,0.956521739,0.043478261,0.038461538,0.076923077,0,0.019230769,0.865384615,1,0.215686275,0,0.039215686,0.725490196,0.019607843
959,0.916666667,0.083333333,0.019607843,0.196078431,0,0.019607843,0.764705882,1,0.078431373,0.019607843,0.058823529,0.843137255,0
960,0.916666667,0.083333333,0.019607843,0,0,0.019607843,0.960784314,1,0.175438596,0.087719298,0.01754386,0.684210526,0.035087719
961,0.956521739,0.043478261,0.137931034,0.068965517,0,0.034482759,0.75862069,1,0.098039216,0,0.019607843,0.862745098,0.019607843
962,1,0,0.056603774,0.169811321,0,0.075471698,0.698113208,1,0.12,0,0,0.88,0
963,0.916666667,0.083333333,0.055555556,0.148148148,0.018518519,0.018518519,0.759259259,1,0.076923077,0.019230769,0.019230769,0.865384615,0.019230769
964,0.956521739,0.043478261,0.019230769,0.076923077,0.019230769,0,0.884615385,1,0.160714286,0.053571429,0,0.732142857,0.053571429
965,1,0,0.090909091,0.054545455,0,0.054545455,0.8,1,0.033898305,0.13559322,0,0.813559322,0.016949153
966,0.916666667,0.083333333,0,0.24,0,0.02,0.74,1,0.055555556,0.018518519,0,0.87037037,0.055555556
967,0.956521739,0.043478261,0.089285714,0.053571429,0.017857143,0.035714286,0.803571429,1,0.053571429,0.107142857,0.017857143,0.821428571,0
968,0.956521739,0.043478261,0.116666667,0.016666667,0.05,0.016666667,0.8,1,0.072727273,0.090909091,0,0.836363636,0
969,0.88,0.12,0.137931034,0.068965517,0,0.017241379,0.775862069,1,0.056603774,0,0,0.886792453,0.056603774
970,1,0,0.038461538,0.230769231,0,0,0.730769231,1,0.075471698,0,0.018867925,0.849056604,0.056603774
971,0.956521739,0.043478261,0,0.235294118,0.019607843,0,0.745098039,1,0.096153846,0,0.019230769,0.846153846,0.038461538
972,0.88,0.12,0,0.22,0,0.02,0.76,1,0.08,0,0.06,0.86,0
973,1,0,0.152542373,0.118644068,0,0,0.728813559,1,0.037735849,0,0.018867925,0.886792453,0.056603774
974,0.916666667,0.083333333,0.019230769,0.019230769,0.019230769,0.038461538,0.903846154,1,0.163636364,0.090909091,0.018181818,0.727272727,0
975,0.916666667,0.083333333,0.038461538,0.173076923,0,0,0.788461538,1,0.1,0,0.08,0.82,0
976,1,0,0.037735849,0.169811321,0.018867925,0.018867925,0.754716981,1,0,0.120689655,0.017241379,0.844827586,0.017241379
977,0.916666667,0.083333333,0.019230769,0.038461538,0.019230769,0,0.923076923,1,0.188679245,0.056603774,0.056603774,0.698113208,0
978,0.88,0.12,0.019607843,0.215686275,0,0.058823529,0.705882353,1,0.039215686,0.019607843,0.019607843,0.921568627,0
979,0.88,0.12,0,0.3,0,0,0.7,1,0,0,0.018867925,0.924528302,0.056603774
980,0.916666667,0.083333333,0.019607843,0.137254902,0,0,0.843137255,1,0.134615385,0.019230769,0.057692308,0.769230769,0.019230769
981,0.956521739,0.043478261,0.038461538,0.115384615,0,0.038461538,0.807692308,1,0.173076923,0,0,0.788461538,0.038461538
982,0.956521739,0.043478261,0,0.269230769,0.038461538,0,0.692307692,1,0.018867925,0.037735849,0.018867925,0.905660377,0.018867925
983,0.956521739,0.043478261,0.038461538,0,0,0.038461538,0.923076923,1,0.203703704,0.074074074,0.037037037,0.685185185,0
984,0.956521739,0.043478261,0.089285714,0.107142857,0.017857143,0.017857143,0.767857143,1,0.115384615,0,0,0.846153846,0.038461538
985,0.956521739,0.043478261,0.089285714,0.160714286,0.017857143,0.017857143,0.714285714,1,0,0.056603774,0.037735849,0.905660377,0
986,0.956521739,0.043478261,0.037735849,0.056603774,0.018867925,0.037735849,0.849056604,1,0.215686275,0.019607843,0.019607843,0.745098039,0
987,1,0,0.019607843,0.098039216,0,0,0.882352941,1,0.166666667,0.055555556,0.055555556,0.703703704,0.018518519
988,1,0,0.056603774,0.075471698,0,0,0.867924528,1,0.103448276,0.086206897,0.017241379,0.74137931,0.051724138
989,1,0,0,0.176470588,0.019607843,0,0.803921569,1,0.072727273,0.090909091,0.054545455,0.781818182,0
990,0.956521739,0.043478261,0.152542373,0.033898305,0,0.06779661,0.745762712,1,0.018181818,0.090909091,0,0.890909091,0
991,0.916666667,0.083333333,0,0.22,0,0.04,0.74,1,0.078431373,0.019607843,0.039215686,0.862745098,0
992,1,0,0.161290323,0,0.032258065,0,0.806451613,1,0,0.133333333,0,0.833333333,0.033333333
993,1,0,0.19047619,0,0.015873016,0,0.793650794,1,0.056603774,0.056603774,0.056603774,0.830188679,0
994,0.956521739,0.043478261,0.129032258,0.016129032,0.064516129,0,0.790322581,1,0.094339623,0.056603774,0,0.849056604,0
995,1,0,0.137931034,0.051724138,0,0,0.810344828,1,0,0.120689655,0.051724138,0.810344828,0.017241379
996,0.956521739,0.043478261,0.038461538,0.192307692,0,0.057692308,0.711538462,1,0.1,0,0.02,0.88,0
997,0.956521739,0.043478261,0.054545455,0.036363636,0.036363636,0,0.872727273,1,0.105263158,0.105263158,0.01754386,0.754385965,0.01754386
998,1,0,0,0.156862745,0.019607843,0.019607843,0.803921569,1,0.12962963,0.055555556,0.018518519,0.777777778,0.018518519
999,1,0,0.019607843,0.235294118,0,0.039215686,0.705882353,1,0.078431373,0.019607843,0.039215686,0.862745098,0
1000,0.956521739,0.043478261,0.019230769,0.25,0.019230769,0.038461538,0.673076923,1,0.038461538,0.019230769,0,0.923076923,0.019230769
1001,1,0,0.1,0.133333333,0.066666667,0,0.7,1,0.08,0,0,0.92,0
1002,1,0,0.074074074,0.055555556,0,0.074074074,0.796296296,1,0.22,0,0,0.78,0
1003,0.916666667,0.083333333,0,0.1,0,0.02,0.88,1,0.196078431,0.019607843,0.058823529,0.725490196,0
1004,1,0,0.103448276,0.068965517,0.034482759,0,0.793103448,1,0.16,0,0.04,0.8,0
1005,0.916666667,0.083333333,0,0.098039216,0.019607843,0.019607843,0.862745098,1,0.166666667,0.037037037,0,0.759259259,0.037037037
1006,1,0,0.038461538,0.038461538,0,0,0.923076923,1,0.269230769,0,0.038461538,0.653846154,0.038461538
1007,0.956521739,0.043478261,0.054545455,0.2,0.036363636,0,0.709090909,1,0.038461538,0.019230769,0.019230769,0.903846154,0.019230769
1008,0.956521739,0.043478261,0.090909091,0.054545455,0,0.036363636,0.818181818,1,0.12962963,0.037037037,0,0.796296296,0.037037037
1009,1,0,0.087719298,0.175438596,0.035087719,0.01754386,0.684210526,1,0.038461538,0.019230769,0,0.923076923,0.019230769
1010,1,0,0.037037037,0.148148148,0.037037037,0,0.777777778,1,0.072727273,0.072727273,0.018181818,0.818181818,0.018181818
1011,1,0,0.152542373,0,0,0,0.847457627,1,0.153846154,0.019230769,0.057692308,0.75,0.019230769
1012,0.956521739,0.043478261,0.072727273,0.072727273,0.018181818,0.036363636,0.8,1,0.134615385,0.038461538,0.019230769,0.807692308,0
1013,0.88,0.12,0.019230769,0.192307692,0.019230769,0.019230769,0.75,1,0.078431373,0,0.019607843,0.882352941,0.019607843
1014,0.956521739,0.043478261,0.19047619,0.047619048,0.015873016,0.031746032,0.714285714,1,0,0.037735849,0,0.943396226,0.018867925
1015,0.956521739,0.043478261,0.037037037,0.12962963,0.037037037,0.037037037,0.759259259,1,0.115384615,0.038461538,0,0.846153846,0
1016,0.88,0.12,0.019607843,0.117647059,0,0.058823529,0.803921569,1,0.16,0,0.02,0.82,0
1017,0.956521739,0.043478261,0.036363636,0.236363636,0.054545455,0,0.672727273,1,0.04,0,0.02,0.94,0
1018,0.916666667,0.083333333,0,0.02,0,0.06,0.92,1,0.274509804,0.019607843,0.019607843,0.68627451,0
1019,0.956521739,0.043478261,0.019230769,0.115384615,0.019230769,0,0.846153846,1,0.125,0.053571429,0,0.767857143,0.053571429
1020,1,0,0.054545455,0.145454545,0.036363636,0.018181818,0.745454545,1,0.094339623,0.037735849,0,0.849056604,0.018867925
1021,1,0,0,0.096153846,0.038461538,0.019230769,0.846153846,1,0.185185185,0.055555556,0,0.740740741,0.018518519
1022,1,0,0.054545455,0.163636364,0.036363636,0,0.745454545,1,0.098039216,0.019607843,0.039215686,0.843137255,0
1023,0.956521739,0.043478261,0.038461538,0.25,0,0.038461538,0.673076923,1,0.04,0,0.04,0.92,0
1024,1,0,0.037735849,0.150943396,0.018867925,0.037735849,0.754716981,1,0.113207547,0.037735849,0,0.830188679,0.018867925
1025,0.956521739,0.043478261,0.072727273,0.054545455,0.018181818,0,0.854545455,1,0.173076923,0.019230769,0.038461538,0.75,0.019230769
1026,1,0,0.037037037,0.148148148,0.037037037,0.018518519,0.759259259,1,0.035087719,0.105263158,0,0.842105263,0.01754386
1027,0.956521739,0.043478261,0.037037037,0.203703704,0.037037037,0.018518519,0.703703704,1,0,0.072727273,0,0.909090909,0.018181818
1028,0.88,0.12,0,0.24,0,0,0.76,1,0,0.056603774,0.075471698,0.867924528,0
1029,1,0,0.072727273,0.181818182,0.018181818,0,0.727272727,1,0.057692308,0.019230769,0.038461538,0.865384615,0.019230769
1030,1,0,0.019607843,0.058823529,0,0.019607843,0.901960784,1,0.122807018,0.122807018,0.052631579,0.701754386,0
1031,0.956521739,0.043478261,0.035714286,0,0.071428571,0,0.892857143,1,0.181818182,0.090909091,0,0.727272727,0
1032,1,0,0.107142857,0.035714286,0,0.053571429,0.803571429,1,0.051724138,0.120689655,0,0.810344828,0.017241379
1033,1,0,0,0,0.019607843,0.019607843,0.960784314,1,0.228070175,0.087719298,0,0.649122807,0.035087719
1034,0.956521739,0.043478261,0.056603774,0.094339623,0,0.037735849,0.811320755,1,0.111111111,0.055555556,0.018518519,0.796296296,0.018518519
1035,0.956521739,0.043478261,0,0.137254902,0.019607843,0,0.843137255,1,0.188679245,0,0,0.754716981,0.056603774
1036,0.916666667,0.083333333,0.074074074,0.148148148,0,0.037037037,0.740740741,1,0.08,0,0.04,0.88,0
1037,1,0,0,0.04,0,0,0.96,1,0.046875,0.203125,0.046875,0.6875,0.015625
1038,1,0,0,0.117647059,0.019607843,0.019607843,0.843137255,1,0.016393443,0.180327869,0.032786885,0.770491803,0
1039,1,0,0.018518519,0.055555556,0.055555556,0,0.87037037,1,0.101694915,0.13559322,0,0.745762712,0.016949153
1040,1,0,0.038461538,0.153846154,0,0.019230769,0.788461538,1,0.156862745,0,0.039215686,0.784313725,0.019607843
1041,1,0,0,0.096153846,0.038461538,0,0.865384615,1,0.20754717,0.037735849,0.018867925,0.716981132,0.018867925
1042,1,0,0.074074074,0,0,0.074074074,0.851851852,1,0.20754717,0.056603774,0,0.735849057,0
1043,1,0,0.180327869,0.016393443,0,0.016393443,0.786885246,1,0.098039216,0.019607843,0.058823529,0.823529412,0
1044,1,0,0.089285714,0.017857143,0.017857143,0.035714286,0.839285714,1,0.06779661,0.13559322,0,0.779661017,0.016949153
1045,0.916666667,0.083333333,0.019607843,0.117647059,0,0,0.862745098,1,0.111111111,0.055555556,0.055555556,0.759259259,0.018518519
1046,0.916666667,0.083333333,0.152542373,0.050847458,0,0.033898305,0.762711864,1,0.056603774,0.018867925,0,0.886792453,0.037735849
1047,0.956521739,0.043478261,0.019230769,0.096153846,0.019230769,0.019230769,0.846153846,1,0.215686275,0,0.019607843,0.745098039,0.019607843
1048,1,0,0.180327869,0.032786885,0,0.049180328,0.737704918,1,0.1,0,0.02,0.88,0
1049,0.956521739,0.043478261,0.074074074,0.111111111,0,0.037037037,0.777777778,1,0.055555556,0.074074074,0.037037037,0.833333333,0
1050,0.956521739,0.043478261,0.019230769,0.173076923,0.019230769,0,0.788461538,1,0.075471698,0.056603774,0.056603774,0.811320755,0
1051,0.916666667,0.083333333,0.037735849,0.056603774,0.018867925,0.018867925,0.867924528,1,0.169811321,0.037735849,0.018867925,0.754716981,0.018867925
1052,0.956521739,0.043478261,0.056603774,0.094339623,0,0.056603774,0.79245283,1,0.111111111,0.055555556,0,0.814814815,0.018518519
1053,1,0,0.086206897,0.103448276,0.051724138,0,0.75862069,1,0.055555556,0.074074074,0.018518519,0.851851852,0
1054,0.956521739,0.043478261,0.038461538,0.076923077,0,0,0.884615385,1,0.033898305,0.152542373,0.06779661,0.745762712,0
1055,0.956521739,0.043478261,0.056603774,0.094339623,0,0.056603774,0.79245283,1,0.134615385,0.038461538,0.019230769,0.807692308,0
1056,1,0,0.035714286,0.125,0.071428571,0,0.767857143,1,0.134615385,0.038461538,0,0.826923077,0
1057,0.916666667,0.083333333,0.055555556,0.185185185,0.018518519,0,0.740740741,1,0.056603774,0,0,0.886792453,0.056603774
1058,0.916666667,0.083333333,0.056603774,0.113207547,0,0,0.830188679,1,0.132075472,0,0.018867925,0.79245283,0.056603774
1059,0.916666667,0.083333333,0.018867925,0.018867925,0.037735849,0,0.924528302,1,0.137931034,0.103448276,0,0.724137931,0.034482759
1060,1,0,0.212121212,0.060606061,0.03030303,0.015151515,0.681818182,1,0,0,0.02,0.98,0
1061,1,0,0.056603774,0.150943396,0,0.018867925,0.773584906,1,0.075471698,0.056603774,0.056603774,0.811320755,0
1062,0.956521739,0.043478261,0.137931034,0.017241379,0,0.051724138,0.793103448,1,0.134615385,0.019230769,0,0.826923077,0.019230769
1063,0.956521739,0.043478261,0,0.058823529,0.019607843,0.058823529,0.862745098,1,0.122807018,0.122807018,0,0.754385965,0
1064,1,0,0.038461538,0.115384615,0,0.076923077,0.769230769,1,0.153846154,0.038461538,0,0.807692308,0
1065,0.916666667,0.083333333,0.103448276,0.103448276,0.034482759,0,0.75862069,1,0,0.074074074,0.037037037,0.888888889,0
1066,0.956521739,0.043478261,0.074074074,0.222222222,0,0.018518519,0.685185185,1,0.02,0,0.06,0.92,0
1067,1,0,0.089285714,0.017857143,0.017857143,0.017857143,0.857142857,1,0.192307692,0.038461538,0.038461538,0.730769231,0
1068,0.916666667,0.083333333,0.038461538,0.019230769,0,0.019230769,0.923076923,1,0.086206897,0.137931034,0.051724138,0.724137931,0
1069,0.956521739,0.043478261,0.090909091,0.109090909,0,0.018181818,0.781818182,1,0.075471698,0.037735849,0.037735849,0.830188679,0.018867925
1070,1,0,0,0.26,0,0.04,0.7,1,0.037037037,0.055555556,0.018518519,0.87037037,0.018518519
1071,1,0,0.037037037,0.074074074,0.037037037,0,0.851851852,1,0.163636364,0.054545455,0,0.745454545,0.036363636
1072,1,0,0.038461538,0,0,0.038461538,0.923076923,1,0.172413793,0.103448276,0,0.689655172,0.034482759
1073,1,0,0,0.058823529,0.019607843,0.019607843,0.901960784,1,0.13559322,0.118644068,0,0.711864407,0.033898305
1074,1,0,0.037037037,0.166666667,0.037037037,0,0.759259259,1,0.14,0,0.04,0.82,0
1075,0.88,0.12,0.019607843,0.176470588,0,0.078431373,0.725490196,1,0.057692308,0.038461538,0,0.903846154,0
1076,1,0,0.037735849,0.075471698,0.018867925,0.037735849,0.830188679,1,0.215686275,0.019607843,0.019607843,0.745098039,0
1077,1,0,0.019607843,0.156862745,0,0.019607843,0.803921569,1,0.107142857,0.053571429,0,0.785714286,0.053571429
1078,1,0,0.056603774,0.132075472,0,0.018867925,0.79245283,1,0.054545455,0.090909091,0.054545455,0.8,0
1079,0.956521739,0.043478261,0.056603774,0.132075472,0,0.075471698,0.735849057,1,0.036363636,0.090909091,0,0.872727273,0
1080,0.956521739,0.043478261,0,0.058823529,0.019607843,0,0.921568627,1,0.063492063,0.158730159,0,0.73015873,0.047619048
1081,1,0,0,0.25,0.038461538,0.019230769,0.692307692,1,0.018518519,0.074074074,0.018518519,0.888888889,0
1082,0.956521739,0.043478261,0.090909091,0.163636364,0,0.036363636,0.709090909,1,0.018867925,0.037735849,0.018867925,0.905660377,0.018867925
1083,1,0,0.053571429,0.142857143,0.053571429,0.017857143,0.732142857,1,0.14,0,0,0.86,0
1084,0.956521739,0.043478261,0,0.269230769,0.038461538,0.038461538,0.653846154,1,0.06,0,0,0.94,0
1085,1,0,0.038461538,0.211538462,0,0,0.75,1,0.036363636,0.054545455,0.036363636,0.836363636,0.036363636
1086,1,0,0.105263158,0.052631579,0.01754386,0,0.824561404,1,0.089285714,0.071428571,0.017857143,0.785714286,0.035714286
1087,0.956521739,0.043478261,0.038461538,0.076923077,0,0.038461538,0.846153846,1,0.192307692,0.019230769,0.019230769,0.75,0.019230769
1088,1,0,0,0.14,0,0,0.86,1,0.05,0.133333333,0.033333333,0.75,0.033333333
1089,1,0,0.038461538,0.115384615,0,0.019230769,0.826923077,1,0.071428571,0.107142857,0.053571429,0.767857143,0
1090,1,0,0,0.215686275,0.019607843,0,0.764705882,1,0.117647059,0.019607843,0.058823529,0.803921569,0
1091,0.956521739,0.043478261,0.090909091,0.018181818,0,0.036363636,0.854545455,1,0.127272727,0.072727273,0.018181818,0.763636364,0.018181818
1092,0.956521739,0.043478261,0.152542373,0.084745763,0,0,0.762711864,1,0.038461538,0.019230769,0.057692308,0.865384615,0.019230769
1093,1,0,0.105263158,0.035087719,0.01754386,0,0.842105263,1,0.016666667,0.15,0.033333333,0.783333333,0.016666667
1094,0.88,0.12,0,0.06,0,0.06,0.88,1,0.192307692,0.038461538,0.019230769,0.75,0
1095,0.956521739,0.043478261,0.13559322,0.050847458,0.016949153,0.016949153,0.779661017,1,0.035714286,0.071428571,0,0.857142857,0.035714286
1096,0.916666667,0.083333333,0.074074074,0.074074074,0,0,0.851851852,1,0.092592593,0.055555556,0.055555556,0.777777778,0.018518519
1097,1,0,0,0.098039216,0.019607843,0.039215686,0.843137255,1,0.26,0,0.02,0.72,0
1098,0.916666667,0.083333333,0.018867925,0.20754717,0.037735849,0,0.735849057,1,0.057692308,0.019230769,0.019230769,0.884615385,0.019230769
1099,0.916666667,0.083333333,0.137931034,0.068965517,0,0.017241379,0.775862069,1,0.075471698,0,0,0.867924528,0.056603774
1100,1,0,0.206349206,0.047619048,0,0.063492063,0.682539683,1,0.04,0,0,0.96,0
1101,0.956521739,0.043478261,0,0.14,0,0.08,0.78,1,0.111111111,0.074074074,0,0.814814815,0
1102,1,0,0.019230769,0.134615385,0.019230769,0,0.826923077,1,0.173076923,0.019230769,0.038461538,0.75,0.019230769
1103,1,0,0.036363636,0.181818182,0.054545455,0,0.727272727,1,0.056603774,0.056603774,0.018867925,0.867924528,0
1104,0.916666667,0.083333333,0.038461538,0.115384615,0,0.038461538,0.807692308,1,0.01754386,0.122807018,0.035087719,0.824561404,0
1105,1,0,0,0.12,0,0.06,0.82,1,0.169811321,0.056603774,0.018867925,0.754716981,0
1106,0.88,0.12,0.018518519,0.185185185,0.055555556,0,0.740740741,1,0.018867925,0.056603774,0.018867925,0.905660377,0
1107,0.956521739,0.043478261,0,0.098039216,0.019607843,0.019607843,0.862745098,1,0.215686275,0.019607843,0.039215686,0.725490196,0
1108,1,0,0.038461538,0.173076923,0,0.038461538,0.75,1,0.096153846,0.038461538,0.038461538,0.826923077,0
1109,0.956521739,0.043478261,0.056603774,0.094339623,0,0.018867925,0.830188679,1,0.153846154,0.019230769,0.038461538,0.769230769,0.019230769
1110,0.956521739,0.043478261,0.019230769,0.153846154,0.019230769,0.019230769,0.788461538,1,0.111111111,0.037037037,0,0.814814815,0.037037037
1111,0.956521739,0.043478261,0.089285714,0.160714286,0.017857143,0,0.732142857,1,0.038461538,0.019230769,0.038461538,0.884615385,0.019230769
1112,0.956521739,0.043478261,0.166666667,0.016666667,0,0,0.816666667,1,0.12,0,0.08,0.8,0
1113,0.956521739,0.043478261,0.253731343,0,0,0.044776119,0.701492537,1,0,0,0,0.980392157,0.019607843
1114,0.956521739,0.043478261,0.166666667,0.016666667,0,0.016666667,0.8,1,0.117647059,0,0.039215686,0.823529412,0.019607843
1115,0.956521739,0.043478261,0.152542373,0,0,0,0.847457627,1,0.148148148,0,0,0.777777778,0.074074074
1116,0.956521739,0.043478261,0.037735849,0.056603774,0.018867925,0.018867925,0.867924528,1,0.215686275,0.019607843,0.039215686,0.725490196,0
1117,0.956521739,0.043478261,0.090909091,0,0,0,0.909090909,1,0.148148148,0.074074074,0.074074074,0.703703704,0
1118,1,0,0.056603774,0.094339623,0,0,0.849056604,1,0.166666667,0.018518519,0.018518519,0.740740741,0.055555556
1119,1,0,0.056603774,0.075471698,0,0.018867925,0.849056604,1,0.173076923,0.038461538,0.057692308,0.730769231,0
1120,0.916666667,0.083333333,0.038461538,0.211538462,0,0.038461538,0.711538462,1,0.037735849,0.018867925,0,0.905660377,0.037735849
1121,1,0,0.019607843,0.078431373,0,0.058823529,0.843137255,1,0.166666667,0.074074074,0.018518519,0.740740741,0
1122,1,0,0,0.2,0,0.04,0.76,1,0.094339623,0.056603774,0.037735849,0.811320755,0
1123,0.88,0.12,0.019230769,0.019230769,0.019230769,0.019230769,0.923076923,1,0.230769231,0.019230769,0.019230769,0.711538462,0.019230769
1124,0.956521739,0.043478261,0.018867925,0.037735849,0.037735849,0.037735849,0.867924528,1,0.230769231,0.038461538,0,0.730769231,0
1125,1,0,0.147540984,0.016393443,0.032786885,0,0.803278689,1,0.017241379,0.120689655,0.017241379,0.827586207,0.017241379
1126,1,0,0.114754098,0.032786885,0.06557377,0,0.786885246,1,0.156862745,0.019607843,0,0.823529412,0
1127,0.956521739,0.043478261,0,0.12962963,0.074074074,0,0.796296296,1,0.176470588,0.019607843,0,0.803921569,0
1128,0.916666667,0.083333333,0.053571429,0.142857143,0.053571429,0,0.75,1,0.018181818,0.072727273,0,0.890909091,0.018181818
1129,0.956521739,0.043478261,0.090909091,0.109090909,0,0,0.8,1,0.072727273,0.036363636,0.018181818,0.818181818,0.054545455
1130,0.916666667,0.083333333,0,0.254901961,0.019607843,0,0.725490196,1,0.039215686,0.019607843,0.058823529,0.882352941,0
1131,0.916666667,0.083333333,0.019230769,0,0.019230769,0.038461538,0.923076923,1,0.294117647,0,0,0.68627451,0.019607843
1132,0.956521739,0.043478261,0.036363636,0.145454545,0.054545455,0,0.763636364,1,0.115384615,0.019230769,0,0.846153846,0.019230769
1133,1,0,0,0.06,0,0,0.94,1,0.181818182,0.090909091,0.072727273,0.654545455,0
1134,1,0,0.212121212,0.03030303,0.03030303,0,0.727272727,1,0.018867925,0.018867925,0,0.924528302,0.037735849
1135,1,0,0.174603175,0.015873016,0.031746032,0.015873016,0.761904762,1,0.098039216,0.019607843,0.019607843,0.862745098,0
1136,0.956521739,0.043478261,0,0.18,0,0.06,0.76,1,0.16,0,0.02,0.82,0
1137,1,0,0.152542373,0,0,0,0.847457627,1,0.090909091,0.072727273,0.054545455,0.763636364,0.018181818
1138,0.956521739,0.043478261,0,0,0,0.06,0.94,1,0.155172414,0.137931034,0.017241379,0.689655172,0
1139,0.956521739,0.043478261,0,0.169811321,0.056603774,0,0.773584906,1,0.053571429,0.089285714,0,0.839285714,0.017857143
1140,1,0,0.107142857,0.053571429,0,0.017857143,0.821428571,1,0.051724138,0.103448276,0.017241379,0.793103448,0.034482759
1141,0.956521739,0.043478261,0.053571429,0.053571429,0.053571429,0,0.839285714,1,0.089285714,0.107142857,0.017857143,0.785714286,0
1142,1,0,0.089285714,0.071428571,0.017857143,0.035714286,0.785714286,1,0.176470588,0,0,0.803921569,0.019607843
1143,0.916666667,0.083333333,0,0.04,0,0.06,0.9,1,0.120689655,0.120689655,0,0.74137931,0.017241379
1144,1,0,0.090909091,0,0,0.072727273,0.836363636,1,0.125,0.107142857,0,0.767857143,0
1145,0.956521739,0.043478261,0.089285714,0.089285714,0.017857143,0.053571429,0.75,1,0.075471698,0.056603774,0,0.867924528,0
1146,0.916666667,0.083333333,0,0.215686275,0.019607843,0,0.764705882,1,0.057692308,0.038461538,0.057692308,0.846153846,0
1147,0.916666667,0.083333333,0.086206897,0.017241379,0.051724138,0,0.844827586,1,0.071428571,0.107142857,0.017857143,0.803571429,0
1148,1,0,0.074074074,0.111111111,0,0,0.814814815,1,0.134615385,0.019230769,0.057692308,0.769230769,0.019230769
1149,1,0,0.072727273,0.127272727,0.018181818,0.036363636,0.745454545,1,0.094339623,0.037735849,0,0.849056604,0.018867925
1150,1,0,0.19047619,0.015873016,0.015873016,0.047619048,0.73015873,1,0.057692308,0.038461538,0,0.903846154,0
1151,1,0,0.133333333,0.033333333,0.033333333,0.016666667,0.783333333,1,0.035714286,0.107142857,0.017857143,0.839285714,0
1152,0.916666667,0.083333333,0.105263158,0.035087719,0.01754386,0.01754386,0.824561404,1,0.035087719,0.105263158,0.01754386,0.824561404,0.01754386
1153,0.88,0.12,0.019607843,0.117647059,0,0.039215686,0.823529412,1,0.16,0,0.04,0.8,0
1154,0.956521739,0.043478261,0.055555556,0.018518519,0.018518519,0.037037037,0.87037037,1,0.235294118,0.019607843,0.019607843,0.725490196,0
1155,0.956521739,0.043478261,0.054545455,0.2,0.036363636,0,0.709090909,1,0,0.056603774,0.037735849,0.905660377,0
1156,1,0,0.019230769,0.134615385,0.019230769,0,0.826923077,1,0.090909091,0.090909091,0.054545455,0.763636364,0
1157,1,0,0.074074074,0.092592593,0,0.018518519,0.814814815,1,0.111111111,0.055555556,0.037037037,0.777777778,0.018518519
1158,1,0,0.089285714,0.107142857,0.017857143,0.035714286,0.75,1,0.036363636,0.090909091,0.018181818,0.854545455,0
1159,1,0,0.086206897,0.017241379,0.051724138,0,0.844827586,1,0.033333333,0.166666667,0.016666667,0.783333333,0
1160,0.956521739,0.043478261,0.152542373,0.016949153,0,0,0.830508475,1,0.074074074,0.055555556,0.055555556,0.796296296,0.018518519
1161,0.916666667,0.083333333,0.038461538,0.038461538,0,0.076923077,0.846153846,1,0.192307692,0.038461538,0,0.769230769,0
1162,1,0,0.180327869,0.032786885,0,0.06557377,0.721311475,1,0.057692308,0.038461538,0,0.903846154,0
1163,0.956521739,0.043478261,0,0,0,0,1,1,0.189655172,0.103448276,0.034482759,0.637931034,0.034482759
1164,0.88,0.12,0,0,0,0.02,0.98,1,0.269230769,0.019230769,0.038461538,0.653846154,0.019230769
1165,0.916666667,0.083333333,0.019230769,0.038461538,0.019230769,0,0.923076923,1,0.26,0,0.06,0.68,0
1166,1,0,0.019607843,0.019607843,0,0.019607843,0.941176471,1,0.189655172,0.086206897,0,0.672413793,0.051724138
1167,0.956521739,0.043478261,0,0.12,0,0.08,0.8,1,0.22,0,0,0.78,0
1168,0.916666667,0.083333333,0.105263158,0,0.01754386,0.052631579,0.824561404,1,0.2,0,0,0.8,0
1169,1,0,0,0,0,0.04,0.96,1,0,0.260869565,0.014492754,0.710144928,0.014492754
1170,1,0,0,0.1,0,0,0.9,1,0,0.206349206,0.063492063,0.73015873,0
1171,0.956521739,0.043478261,0.105263158,0.035087719,0.01754386,0.035087719,0.807017544,1,0.176470588,0,0,0.803921569,0.019607843
1172,1,0,0.122807018,0.140350877,0,0.052631579,0.684210526,1,0.018867925,0.037735849,0,0.924528302,0.018867925
1173,1,0,0.072727273,0.218181818,0.018181818,0,0.690909091,1,0,0.037037037,0.018518519,0.907407407,0.037037037
1174,1,0,0.072727273,0.127272727,0.018181818,0.054545455,0.727272727,1,0.017857143,0.107142857,0,0.875,0
1175,0.916666667,0.083333333,0.018867925,0,0.037735849,0.018867925,0.924528302,1,0.222222222,0.055555556,0,0.703703704,0.018518519
1176,0.956521739,0.043478261,0.089285714,0.017857143,0.017857143,0,0.875,1,0.166666667,0.037037037,0.018518519,0.740740741,0.037037037
1177,1,0,0.038461538,0.019230769,0,0.038461538,0.903846154,1,0.3,0,0.04,0.66,0
1178,0.916666667,0.083333333,0.103448276,0.120689655,0.034482759,0,0.74137931,1,0.06,0,0.04,0.9,0
1179,1,0,0.038461538,0.096153846,0,0.038461538,0.826923077,1,0.070175439,0.122807018,0.035087719,0.771929825,0
1180,0.956521739,0.043478261,0.107142857,0.160714286,0,0.071428571,0.660714286,1,0.019607843,0.019607843,0,0.960784314,0
1181,0.916666667,0.083333333,0.037735849,0.018867925,0.018867925,0.018867925,0.905660377,1,0.203703704,0.037037037,0,0.722222222,0.037037037
1182,1,0,0,0.176470588,0.019607843,0,0.803921569,1,0.169811321,0,0,0.773584906,0.056603774
1183,1,0,0,0.2,0,0.06,0.74,1,0.156862745,0,0,0.823529412,0.019607843
1184,1,0,0.019230769,0.230769231,0.019230769,0.057692308,0.673076923,1,0.057692308,0.038461538,0,0.903846154,0
1185,0.916666667,0.083333333,0.019230769,0.019230769,0.019230769,0,0.942307692,1,0.25,0.019230769,0.038461538,0.673076923,0.019230769
1186,0.916666667,0.083333333,0.055555556,0.055555556,0.018518519,0,0.87037037,1,0.173076923,0.019230769,0.038461538,0.75,0.019230769
1187,0.956521739,0.043478261,0.019607843,0.156862745,0,0.019607843,0.803921569,1,0.16,0,0.06,0.78,0
1188,1,0,0.120689655,0.034482759,0.017241379,0.034482759,0.793103448,1,0.176470588,0,0,0.803921569,0.019607843
1189,0.916666667,0.083333333,0.037735849,0.018867925,0.018867925,0,0.924528302,1,0.245283019,0,0,0.698113208,0.056603774
1190,1,0,0.035714286,0.089285714,0.071428571,0,0.803571429,1,0.196078431,0.019607843,0,0.784313725,0
1191,1,0,0.166666667,0.05,0,0.033333333,0.75,1,0.1,0,0.04,0.86,0
1192,1,0,0.090909091,0.018181818,0,0.054545455,0.836363636,1,0.235294118,0,0,0.745098039,0.019607843
1193,0.956521739,0.043478261,0.152542373,0.016949153,0,0.050847458,0.779661017,1,0.094339623,0.037735849,0,0.849056604,0.018867925
1194,1,0,0.038461538,0,0,0.019230769,0.942307692,1,0.175438596,0.105263158,0.035087719,0.666666667,0.01754386
1195,0.956521739,0.043478261,0.037735849,0.075471698,0.018867925,0.018867925,0.849056604,1,0.087719298,0.105263158,0.01754386,0.771929825,0.01754386
1196,1,0,0.038461538,0.096153846,0,0.057692308,0.807692308,1,0.192307692,0.019230769,0,0.769230769,0.019230769
1197,0.956521739,0.043478261,0.037037037,0,0.037037037,0.037037037,0.888888889,1,0.274509804,0.019607843,0,0.705882353,0
1198,0.956521739,0.043478261,0.055555556,0.055555556,0.018518519,0,0.87037037,1,0.215686275,0,0.039215686,0.725490196,0.019607843
1199,0.916666667,0.083333333,0,0.288461538,0.038461538,0.038461538,0.634615385,1,0,0.019607843,0,0.980392157,0
1200,1,0,0.072727273,0.181818182,0.018181818,0,0.727272727,1,0.017857143,0.053571429,0,0.875,0.053571429
1201,1,0,0,0.117647059,0.019607843,0.039215686,0.823529412,1,0.068965517,0.137931034,0.017241379,0.775862069,0
1202,1,0,0.13559322,0.13559322,0.016949153,0.033898305,0.677966102,1,0,0.038461538,0.019230769,0.942307692,0
1203,1,0,0.038461538,0.057692308,0,0.019230769,0.884615385,1,0.06779661,0.152542373,0.050847458,0.728813559,0
1204,0.956521739,0.043478261,0.137931034,0,0,0,0.862068966,1,0.176470588,0,0.058823529,0.745098039,0.019607843
1205,1,0,0.074074074,0.074074074,0,0.018518519,0.833333333,1,0.169811321,0.018867925,0.018867925,0.754716981,0.037735849
1206,1,0,0.122807018,0.035087719,0,0.070175439,0.771929825,1,0.092592593,0.074074074,0,0.833333333,0
1207,0.956521739,0.043478261,0.037735849,0.113207547,0.018867925,0.018867925,0.811320755,1,0.150943396,0.018867925,0,0.79245283,0.037735849
1208,1,0,0.074074074,0.203703704,0,0.074074074,0.648148148,1,0.019230769,0.038461538,0,0.942307692,0
1209,1,0,0.037735849,0.113207547,0.018867925,0.018867925,0.811320755,1,0.071428571,0.107142857,0.035714286,0.785714286,0
1210,0.956521739,0.043478261,0.036363636,0.127272727,0.054545455,0.018181818,0.763636364,1,0.16,0,0,0.84,0
1211,1,0,0,0.153846154,0.038461538,0,0.807692308,1,0.173076923,0.019230769,0.019230769,0.769230769,0.019230769
1212,0.916666667,0.083333333,0.019230769,0.115384615,0.019230769,0.019230769,0.826923077,1,0.153846154,0.019230769,0.019230769,0.788461538,0.019230769
1213,0.956521739,0.043478261,0.105263158,0.01754386,0.01754386,0.01754386,0.842105263,1,0.153846154,0.038461538,0.038461538,0.769230769,0
1214,0.88,0.12,0,0.18,0,0.04,0.78,1,0.075471698,0.037735849,0.018867925,0.849056604,0.018867925
1215,0.956521739,0.043478261,0,0.08,0,0.06,0.86,1,0.235294118,0.019607843,0.019607843,0.725490196,0
1216,0.956521739,0.043478261,0,0.1,0,0.04,0.86,1,0.20754717,0.018867925,0,0.735849057,0.037735849
1217,0.916666667,0.083333333,0.072727273,0.145454545,0.018181818,0.018181818,0.745454545,1,0.08,0,0.04,0.88,0
1218,0.916666667,0.083333333,0,0.222222222,0.074074074,0,0.703703704,1,0.018867925,0.056603774,0,0.924528302,0
1219,1,0,0.105263158,0.140350877,0.01754386,0.052631579,0.684210526,1,0.038461538,0.038461538,0,0.923076923,0
1220,0.956521739,0.043478261,0.089285714,0.142857143,0.017857143,0,0.75,1,0.078431373,0,0.039215686,0.862745098,0.019607843
1221,1,0,0,0.14,0,0.04,0.82,1,0.107142857,0.089285714,0.017857143,0.767857143,0.017857143
1222,0.88,0.12,0.018518519,0.037037037,0.055555556,0,0.888888889,1,0.148148148,0.074074074,0.018518519,0.759259259,0
1223,0.956521739,0.043478261,0.090909091,0.163636364,0,0.018181818,0.727272727,1,0.06,0,0.06,0.88,0
1224,0.916666667,0.083333333,0.019607843,0.117647059,0,0,0.862745098,1,0.12962963,0.037037037,0.037037037,0.759259259,0.037037037
1225,0.956521739,0.043478261,0.055555556,0.037037037,0.018518519,0.037037037,0.851851852,1,0.188679245,0.037735849,0,0.754716981,0.018867925
1226,1,0,0,0.02,0,0,0.98,1,0.03030303,0.227272727,0.045454545,0.681818182,0.015151515
1227,1,0,0.074074074,0.055555556,0,0.055555556,0.814814815,1,0.033898305,0.152542373,0.016949153,0.796610169,0
1228,0.956521739,0.043478261,0.019230769,0.057692308,0.019230769,0.019230769,0.884615385,1,0.211538462,0.038461538,0.038461538,0.711538462,0
1229,1,0,0.018867925,0.150943396,0.037735849,0.018867925,0.773584906,1,0.016949153,0.13559322,0,0.830508475,0.016949153
1230,0.956521739,0.043478261,0.037735849,0.018867925,0.018867925,0,0.924528302,1,0.203703704,0.055555556,0.037037037,0.685185185,0.018518519
1231,1,0,0.089285714,0.089285714,0.017857143,0.053571429,0.75,1,0.035714286,0.107142857,0,0.857142857,0
1232,0.956521739,0.043478261,0,0.115384615,0.038461538,0.019230769,0.826923077,1,0.215686275,0,0,0.764705882,0.019607843
1233,0.956521739,0.043478261,0,0.1,0,0,0.9,1,0.2,0.018181818,0,0.709090909,0.072727273
1234,0.956521739,0.043478261,0,0.117647059,0.019607843,0,0.862745098,1,0.145454545,0.054545455,0.018181818,0.745454545,0.036363636
1235,0.956521739,0.043478261,0.072727273,0.145454545,0.018181818,0,0.763636364,1,0.055555556,0.037037037,0.018518519,0.851851852,0.037037037
1236,0.916666667,0.083333333,0.019230769,0.211538462,0.019230769,0,0.75,1,0.08,0,0.06,0.86,0
1237,0.956521739,0.043478261,0,0.12,0,0.02,0.86,1,0.016393443,0.163934426,0.032786885,0.770491803,0.016393443
1238,0.956521739,0.043478261,0.056603774,0.037735849,0,0,0.905660377,1,0.140350877,0.070175439,0.01754386,0.719298246,0.052631579
1239,0.956521739,0.043478261,0,0.098039216,0.019607843,0.019607843,0.862745098,1,0.087719298,0.122807018,0.035087719,0.754385965,0
1240,1,0,0,0.24,0,0,0.76,1,0.055555556,0.055555556,0.055555556,0.814814815,0.018518519
1241,0.956521739,0.043478261,0.038461538,0.153846154,0,0,0.807692308,1,0.134615385,0,0.038461538,0.788461538,0.038461538
1242,1,0,0,0.04,0,0.02,0.94,1,0.03125,0.21875,0.046875,0.703125,0
1243,1,0,0.019230769,0.057692308,0.019230769,0,0.903846154,1,0.031746032,0.19047619,0.031746032,0.73015873,0.015873016
1244,0.916666667,0.083333333,0.037735849,0,0.018867925,0,0.943396226,1,0.264150943,0,0,0.679245283,0.056603774
1245,1,0,0.019230769,0.038461538,0.019230769,0,0.923076923,1,0.046153846,0.184615385,0,0.723076923,0.046153846
1246,0.956521739,0.043478261,0.071428571,0,0.035714286,0.017857143,0.875,1,0.142857143,0.089285714,0,0.75,0.017857143
1247,0.956521739,0.043478261,0,0.137254902,0.019607843,0,0.843137255,1,0.071428571,0.107142857,0.053571429,0.767857143,0
1248,1,0,0.019230769,0.192307692,0.019230769,0.038461538,0.730769231,1,0.075471698,0.056603774,0.018867925,0.849056604,0
1249,0.956521739,0.043478261,0.074074074,0.185185185,0,0.018518519,0.722222222,1,0.038461538,0.019230769,0.038461538,0.884615385,0.019230769