,"('NPS', 'np')","('NPS', 'np1')","('NPS', 'np2')","('NPO', 'np')","('NPO', 'np1')","('NPO', 'np2')","('NPA', 'np')","('NPA', 'np1')","('NPA', 'np2')"
0,0.0,0.0,0.0,0.05263157894736842,0.8717948717948718,0.9090909090909091,0.9473684210526315,0.1282051282051282,0.09090909090909091
1,0.0,0.0,0.0,0.05263157894736842,0.8205128205128205,0.9090909090909091,0.9473684210526315,0.1794871794871795,0.09090909090909091
2,0.21052631578947367,0.0,0.0,0.10526315789473684,0.8461538461538461,0.8181818181818182,0.6842105263157895,0.15384615384615385,0.18181818181818182
3,0.47368421052631576,0.0,0.0,0.10526315789473684,0.8205128205128205,0.9090909090909091,0.42105263157894735,0.1794871794871795,0.09090909090909091
4,0.47368421052631576,0.0,0.0,0.0,0.8461538461538461,0.9090909090909091,0.5263157894736842,0.15384615384615385,0.09090909090909091
5,0.3157894736842105,0.0,0.0,0.0,0.8717948717948718,0.9090909090909091,0.6842105263157895,0.1282051282051282,0.09090909090909091
6,0.631578947368421,0.0,0.0,0.0,0.8461538461538461,0.9090909090909091,0.3684210526315789,0.15384615384615385,0.09090909090909091
7,0.0,0.0,0.0,0.10526315789473684,0.8461538461538461,0.9090909090909091,0.8947368421052632,0.15384615384615385,0.09090909090909091
8,0.42105263157894735,0.0,0.0,0.10526315789473684,0.8461538461538461,0.9090909090909091,0.47368421052631576,0.15384615384615385,0.09090909090909091
9,0.47368421052631576,0.0,0.0,0.05263157894736842,0.8461538461538461,0.9090909090909091,0.47368421052631576,0.15384615384615385,0.09090909090909091
10,0.5789473684210527,0.02564102564102564,0.0,0.0,0.8205128205128205,0.9090909090909091,0.42105263157894735,0.15384615384615385,0.09090909090909091
11,0.6842105263157895,0.0,0.0,0.0,0.8461538461538461,0.9090909090909091,0.3157894736842105,0.15384615384615385,0.09090909090909091
12,0.6842105263157895,0.0,0.0,0.0,0.8717948717948718,0.9090909090909091,0.3157894736842105,0.1282051282051282,0.09090909090909091
13,0.5263157894736842,0.0,0.0,0.0,0.8717948717948718,0.9090909090909091,0.47368421052631576,0.1282051282051282,0.09090909090909091
14,0.5789473684210527,0.02564102564102564,0.0,0.0,0.8461538461538461,0.9090909090909091,0.42105263157894735,0.1282051282051282,0.09090909090909091
15,0.5789473684210527,0.02564102564102564,0.0,0.05263157894736842,0.8461538461538461,0.9090909090909091,0.3684210526315789,0.1282051282051282,0.09090909090909091
16,0.631578947368421,0.0,0.09090909090909091,0.0,0.8717948717948718,0.8181818181818182,0.3684210526315789,0.1282051282051282,0.09090909090909091
17,0.631578947368421,0.0,0.0,0.05263157894736842,0.8205128205128205,0.9090909090909091,0.3157894736842105,0.1794871794871795,0.09090909090909091
18,0.5263157894736842,0.02564102564102564,0.0,0.0,0.8205128205128205,0.9090909090909091,0.47368421052631576,0.15384615384615385,0.09090909090909091
19,0.6842105263157895,0.0,0.0,0.05263157894736842,0.8461538461538461,0.9090909090909091,0.2631578947368421,0.15384615384615385,0.09090909090909091
20,0.42105263157894735,0.0,0.0,0.10526315789473684,0.8205128205128205,0.9090909090909091,0.47368421052631576,0.1794871794871795,0.09090909090909091
21,0.05263157894736842,0.0,0.0,0.10526315789473684,0.7948717948717948,0.9090909090909091,0.8421052631578947,0.20512820512820512,0.09090909090909091
22,0.0,0.0,0.0,0.05263157894736842,0.8717948717948718,0.9090909090909091,0.9473684210526315,0.1282051282051282,0.09090909090909091
23,0.0,0.0,0.0,0.0,0.8461538461538461,0.9090909090909091,1.0,0.15384615384615385,0.09090909090909091
24,0.10526315789473684,0.0,0.0,0.05263157894736842,0.8717948717948718,0.9090909090909091,0.8421052631578947,0.1282051282051282,0.09090909090909091
25,0.10526315789473684,0.0,0.0,0.10526315789473684,0.8461538461538461,0.9090909090909091,0.7894736842105263,0.15384615384615385,0.09090909090909091
26,0.0,0.0,0.0,0.05263157894736842,0.8717948717948718,0.9090909090909091,0.9473684210526315,0.1282051282051282,0.09090909090909091
27,0.21052631578947367,0.0,0.0,0.05263157894736842,0.8717948717948718,0.9090909090909091,0.7368421052631579,0.1282051282051282,0.09090909090909091
28,0.05263157894736842,0.0,0.0,0.05263157894736842,0.8717948717948718,0.8181818181818182,0.8947368421052632,0.1282051282051282,0.18181818181818182
29,0.15789473684210525,0.0,0.0,0.05263157894736842,0.8717948717948718,0.8181818181818182,0.7894736842105263,0.1282051282051282,0.18181818181818182
30,0.10526315789473684,0.02564102564102564,0.0,0.10526315789473684,0.8461538461538461,0.9090909090909091,0.7894736842105263,0.1282051282051282,0.09090909090909091
31,0.42105263157894735,0.0,0.0,0.0,0.8717948717948718,0.9090909090909091,0.5789473684210527,0.1282051282051282,0.09090909090909091
32,0.3157894736842105,0.0,0.0,0.0,0.8205128205128205,0.9090909090909091,0.6842105263157895,0.1794871794871795,0.09090909090909091
33,0.47368421052631576,0.05128205128205128,0.0,0.05263157894736842,0.8205128205128205,0.9090909090909091,0.47368421052631576,0.1282051282051282,0.09090909090909091
34,0.42105263157894735,0.0,0.0,0.05263157894736842,0.8717948717948718,0.9090909090909091,0.5263157894736842,0.1282051282051282,0.09090909090909091
35,0.5263157894736842,0.0,0.0,0.0,0.8461538461538461,0.9090909090909091,0.47368421052631576,0.15384615384615385,0.09090909090909091
36,0.3684210526315789,0.0,0.0,0.05263157894736842,0.8717948717948718,0.9090909090909091,0.5789473684210527,0.1282051282051282,0.09090909090909091
37,0.631578947368421,0.0,0.0,0.05263157894736842,0.8717948717948718,0.9090909090909091,0.3157894736842105,0.1282051282051282,0.09090909090909091
38,0.631578947368421,0.0,0.0,0.10526315789473684,0.8461538461538461,0.9090909090909091,0.2631578947368421,0.15384615384615385,0.09090909090909091
39,0.5789473684210527,0.0,0.0,0.0,0.8461538461538461,0.9090909090909091,0.42105263157894735,0.15384615384615385,0.09090909090909091
40,0.05263157894736842,0.0,0.09090909090909091,0.05263157894736842,0.8461538461538461,0.8181818181818182,0.8947368421052632,0.15384615384615385,0.09090909090909091
41,0.0,0.0,0.0,0.0,0.8717948717948718,0.9090909090909091,1.0,0.1282051282051282,0.09090909090909091
42,0.42105263157894735,0.0,0.0,0.05263157894736842,0.8717948717948718,0.9090909090909091,0.5263157894736842,0.1282051282051282,0.09090909090909091
43,0.47368421052631576,0.0,0.0,0.05263157894736842,0.8461538461538461,0.9090909090909091,0.47368421052631576,0.15384615384615385,0.09090909090909091
44,0.631578947368421,0.0,0.0,0.0,0.8717948717948718,0.9090909090909091,0.3684210526315789,0.1282051282051282,0.09090909090909091
45,0.5263157894736842,0.0,0.0,0.0,0.8717948717948718,0.9090909090909091,0.47368421052631576,0.1282051282051282,0.09090909090909091
46,0.6842105263157895,0.0,0.0,0.0,0.8717948717948718,0.9090909090909091,0.3157894736842105,0.1282051282051282,0.09090909090909091
47,0.631578947368421,0.02564102564102564,0.0,0.0,0.8205128205128205,0.9090909090909091,0.3684210526315789,0.15384615384615385,0.09090909090909091
48,0.42105263157894735,0.0,0.09090909090909091,0.05263157894736842,0.8717948717948718,0.7272727272727273,0.5263157894736842,0.1282051282051282,0.18181818181818182
49,0.5789473684210527,0.0,0.0,0.0,0.8717948717948718,0.9090909090909091,0.42105263157894735,0.1282051282051282,0.09090909090909091
50,0.6842105263157895,0.02564102564102564,0.0,0.05263157894736842,0.8205128205128205,0.9090909090909091,0.2631578947368421,0.15384615384615385,0.09090909090909091
51,0.2631578947368421,0.0,0.0,0.05263157894736842,0.8717948717948718,0.9090909090909091,0.6842105263157895,0.1282051282051282,0.09090909090909091
52,0.42105263157894735,0.0,0.0,0.0,0.8461538461538461,0.9090909090909091,0.5789473684210527,0.15384615384615385,0.09090909090909091
53,0.15789473684210525,0.0,0.0,0.05263157894736842,0.8717948717948718,0.9090909090909091,0.7894736842105263,0.1282051282051282,0.09090909090909091
54,0.15789473684210525,0.0,0.0,0.0,0.8717948717948718,0.8181818181818182,0.8421052631578947,0.1282051282051282,0.18181818181818182
55,0.21052631578947367,0.0,0.0,0.0,0.8461538461538461,0.9090909090909091,0.7894736842105263,0.15384615384615385,0.09090909090909091
56,0.3684210526315789,0.0,0.0,0.0,0.8717948717948718,0.9090909090909091,0.631578947368421,0.1282051282051282,0.09090909090909091
57,0.5789473684210527,0.0,0.0,0.0,0.8717948717948718,0.9090909090909091,0.42105263157894735,0.1282051282051282,0.09090909090909091
58,0.21052631578947367,0.0,0.0,0.05263157894736842,0.8717948717948718,0.9090909090909091,0.7368421052631579,0.1282051282051282,0.09090909090909091
59,0.0,0.0,0.0,0.05263157894736842,0.8717948717948718,0.9090909090909091,0.9473684210526315,0.1282051282051282,0.09090909090909091
60,0.0,0.0,0.0,0.05263157894736842,0.8717948717948718,0.9090909090909091,0.9473684210526315,0.1282051282051282,0.09090909090909091
61,0.42105263157894735,0.0,0.0,0.0,0.8717948717948718,0.9090909090909091,0.5789473684210527,0.1282051282051282,0.09090909090909091
62,0.0,0.0,0.0,0.05263157894736842,0.8717948717948718,0.9090909090909091,0.9473684210526315,0.1282051282051282,0.09090909090909091
63,0.0,0.0,0.0,0.05263157894736842,0.8717948717948718,0.9090909090909091,0.9473684210526315,0.1282051282051282,0.09090909090909091
64,0.0,0.0,0.0,0.05263157894736842,0.7692307692307693,0.9090909090909091,0.9473684210526315,0.23076923076923078,0.09090909090909091
65,0.05263157894736842,0.0,0.0,0.0,0.8461538461538461,0.9090909090909091,0.9473684210526315,0.15384615384615385,0.09090909090909091
66,0.21052631578947367,0.02564102564102564,0.0,0.0,0.8461538461538461,0.9090909090909091,0.7894736842105263,0.1282051282051282,0.09090909090909091
67,0.47368421052631576,0.0,0.0,0.05263157894736842,0.8461538461538461,0.9090909090909091,0.47368421052631576,0.15384615384615385,0.09090909090909091
68,0.5789473684210527,0.0,0.0,0.05263157894736842,0.8717948717948718,0.8181818181818182,0.3684210526315789,0.1282051282051282,0.18181818181818182
69,0.3684210526315789,0.0,0.0,0.0,0.8717948717948718,0.9090909090909091,0.631578947368421,0.1282051282051282,0.09090909090909091
70,0.0,0.0,0.0,0.05263157894736842,0.8717948717948718,0.9090909090909091,0.9473684210526315,0.1282051282051282,0.09090909090909091
71,0.3684210526315789,0.0,0.0,0.0,0.8717948717948718,0.8181818181818182,0.631578947368421,0.1282051282051282,0.18181818181818182
72,0.15789473684210525,0.0,0.0,0.0,0.8717948717948718,0.9090909090909091,0.8421052631578947,0.1282051282051282,0.09090909090909091
73,0.21052631578947367,0.0,0.0,0.0,0.8461538461538461,0.9090909090909091,0.7894736842105263,0.15384615384615385,0.09090909090909091
74,0.05263157894736842,0.0,0.0,0.05263157894736842,0.8717948717948718,0.9090909090909091,0.8947368421052632,0.1282051282051282,0.09090909090909091
75,0.0,0.02564102564102564,0.0,0.05263157894736842,0.8461538461538461,0.9090909090909091,0.9473684210526315,0.1282051282051282,0.09090909090909091
76,0.0,0.0,0.0,0.10526315789473684,0.8461538461538461,0.9090909090909091,0.8947368421052632,0.15384615384615385,0.09090909090909091
77,0.15789473684210525,0.0,0.0,0.05263157894736842,0.8461538461538461,0.8181818181818182,0.7894736842105263,0.15384615384615385,0.18181818181818182
78,0.2631578947368421,0.02564102564102564,0.09090909090909091,0.0,0.8461538461538461,0.8181818181818182,0.7368421052631579,0.1282051282051282,0.09090909090909091
79,0.5263157894736842,0.05128205128205128,0.0,0.10526315789473684,0.7948717948717948,0.9090909090909091,0.3684210526315789,0.15384615384615385,0.09090909090909091
80,0.0,0.0,0.0,0.05263157894736842,0.8717948717948718,0.9090909090909091,0.9473684210526315,0.1282051282051282,0.09090909090909091
81,0.0,0.0,0.0,0.0,0.8461538461538461,0.9090909090909091,1.0,0.15384615384615385,0.09090909090909091
82,0.05263157894736842,0.0,0.0,0.0,0.8717948717948718,0.9090909090909091,0.9473684210526315,0.1282051282051282,0.09090909090909091
83,0.0,0.0,0.0,0.05263157894736842,0.8461538461538461,0.9090909090909091,0.9473684210526315,0.15384615384615385,0.09090909090909091
84,0.05263157894736842,0.0,0.0,0.0,0.8717948717948718,0.9090909090909091,0.9473684210526315,0.1282051282051282,0.09090909090909091
85,0.10526315789473684,0.0,0.0,0.0,0.8717948717948718,0.9090909090909091,0.8947368421052632,0.1282051282051282,0.09090909090909091
86,0.0,0.0,0.0,0.0,0.8461538461538461,0.9090909090909091,1.0,0.15384615384615385,0.09090909090909091
87,0.0,0.0,0.09090909090909091,0.05263157894736842,0.7692307692307693,0.8181818181818182,0.9473684210526315,0.23076923076923078,0.09090909090909091
88,0.0,0.0,0.0,0.10526315789473684,0.8205128205128205,0.9090909090909091,0.8947368421052632,0.1794871794871795,0.09090909090909091
89,0.0,0.0,0.0,0.05263157894736842,0.8717948717948718,0.9090909090909091,0.9473684210526315,0.1282051282051282,0.09090909090909091
90,0.05263157894736842,0.0,0.0,0.05263157894736842,0.7948717948717948,0.9090909090909091,0.8947368421052632,0.20512820512820512,0.09090909090909091
91,0.05263157894736842,0.0,0.0,0.0,0.8717948717948718,0.9090909090909091,0.9473684210526315,0.1282051282051282,0.09090909090909091
92,0.6842105263157895,0.0,0.0,0.05263157894736842,0.8461538461538461,0.9090909090909091,0.2631578947368421,0.15384615384615385,0.09090909090909091
93,0.631578947368421,0.0,0.09090909090909091,0.0,0.8717948717948718,0.8181818181818182,0.3684210526315789,0.1282051282051282,0.09090909090909091
94,0.3684210526315789,0.0,0.0,0.05263157894736842,0.8717948717948718,0.9090909090909091,0.5789473684210527,0.1282051282051282,0.09090909090909091
95,0.5789473684210527,0.0,0.0,0.0,0.8717948717948718,0.9090909090909091,0.42105263157894735,0.1282051282051282,0.09090909090909091
96,0.5263157894736842,0.0,0.09090909090909091,0.0,0.8717948717948718,0.8181818181818182,0.47368421052631576,0.1282051282051282,0.09090909090909091
97,0.631578947368421,0.0,0.0,0.05263157894736842,0.8717948717948718,0.9090909090909091,0.3157894736842105,0.1282051282051282,0.09090909090909091
98,0.5789473684210527,0.02564102564102564,0.0,0.05263157894736842,0.7948717948717948,0.9090909090909091,0.3684210526315789,0.1794871794871795,0.09090909090909091
99,0.47368421052631576,0.02564102564102564,0.0,0.10526315789473684,0.8461538461538461,0.9090909090909091,0.42105263157894735,0.1282051282051282,0.09090909090909091
100,0.42105263157894735,0.0,0.09090909090909091,0.05263157894736842,0.8717948717948718,0.8181818181818182,0.5263157894736842,0.1282051282051282,0.09090909090909091
101,0.631578947368421,0.0,0.0,0.0,0.8717948717948718,0.9090909090909091,0.3684210526315789,0.1282051282051282,0.09090909090909091
102,0.631578947368421,0.0,0.0,0.05263157894736842,0.8717948717948718,0.8181818181818182,0.3157894736842105,0.1282051282051282,0.18181818181818182
103,0.5789473684210527,0.0,0.18181818181818182,0.0,0.8717948717948718,0.7272727272727273,0.42105263157894735,0.1282051282051282,0.09090909090909091
104,0.47368421052631576,0.0,0.09090909090909091,0.05263157894736842,0.8717948717948718,0.8181818181818182,0.47368421052631576,0.1282051282051282,0.09090909090909091
105,0.47368421052631576,0.0,0.0,0.05263157894736842,0.8717948717948718,0.9090909090909091,0.47368421052631576,0.1282051282051282,0.09090909090909091
106,0.6842105263157895,0.0,0.0,0.0,0.8205128205128205,0.9090909090909091,0.3157894736842105,0.1794871794871795,0.09090909090909091
107,0.5789473684210527,0.0,0.0,0.05263157894736842,0.8717948717948718,0.9090909090909091,0.3684210526315789,0.1282051282051282,0.09090909090909091
108,0.5789473684210527,0.02564102564102564,0.0,0.0,0.7948717948717948,0.9090909090909091,0.42105263157894735,0.1794871794871795,0.09090909090909091
109,0.5789473684210527,0.0,0.0,0.0,0.8717948717948718,0.8181818181818182,0.42105263157894735,0.1282051282051282,0.18181818181818182
110,0.6842105263157895,0.0,0.09090909090909091,0.0,0.8461538461538461,0.8181818181818182,0.3157894736842105,0.15384615384615385,0.09090909090909091
111,0.2631578947368421,0.0,0.0,0.05263157894736842,0.8717948717948718,0.9090909090909091,0.6842105263157895,0.1282051282051282,0.09090909090909091
112,0.3157894736842105,0.02564102564102564,0.0,0.05263157894736842,0.8461538461538461,0.9090909090909091,0.631578947368421,0.1282051282051282,0.09090909090909091
113,0.47368421052631576,0.0,0.0,0.05263157894736842,0.8461538461538461,0.9090909090909091,0.47368421052631576,0.15384615384615385,0.09090909090909091
114,0.15789473684210525,0.0,0.0,0.10526315789473684,0.8205128205128205,0.8181818181818182,0.7368421052631579,0.1794871794871795,0.18181818181818182
115,0.6842105263157895,0.02564102564102564,0.0,0.0,0.8205128205128205,0.9090909090909091,0.3157894736842105,0.15384615384615385,0.09090909090909091
116,0.0,0.0,0.0,0.05263157894736842,0.8717948717948718,0.9090909090909091,0.9473684210526315,0.1282051282051282,0.09090909090909091
117,0.0,0.0,0.0,0.0,0.8461538461538461,0.9090909090909091,1.0,0.15384615384615385,0.09090909090909091
118,0.21052631578947367,0.0,0.0,0.0,0.8461538461538461,0.9090909090909091,0.7894736842105263,0.15384615384615385,0.09090909090909091
119,0.3157894736842105,0.0,0.0,0.05263157894736842,0.8717948717948718,0.9090909090909091,0.631578947368421,0.1282051282051282,0.09090909090909091
120,0.631578947368421,0.0,0.0,0.0,0.8717948717948718,0.9090909090909091,0.3684210526315789,0.1282051282051282,0.09090909090909091
121,0.5263157894736842,0.0,0.0,0.0,0.8717948717948718,0.9090909090909091,0.47368421052631576,0.1282051282051282,0.09090909090909091
122,0.631578947368421,0.0,0.0,0.05263157894736842,0.8717948717948718,0.9090909090909091,0.3157894736842105,0.1282051282051282,0.09090909090909091
123,0.6842105263157895,0.0,0.0,0.0,0.8461538461538461,0.9090909090909091,0.3157894736842105,0.15384615384615385,0.09090909090909091
124,0.5263157894736842,0.07692307692307693,0.09090909090909091,0.05263157894736842,0.7948717948717948,0.8181818181818182,0.42105263157894735,0.1282051282051282,0.09090909090909091
125,0.15789473684210525,0.0,0.0,0.05263157894736842,0.8717948717948718,0.9090909090909091,0.7894736842105263,0.1282051282051282,0.09090909090909091
126,0.0,0.0,0.0,0.0,0.8205128205128205,0.8181818181818182,1.0,0.1794871794871795,0.18181818181818182
127,0.0,0.0,0.0,0.05263157894736842,0.8717948717948718,0.9090909090909091,0.9473684210526315,0.1282051282051282,0.09090909090909091
128,0.0,0.0,0.0,0.05263157894736842,0.8717948717948718,0.9090909090909091,0.9473684210526315,0.1282051282051282,0.09090909090909091
129,0.0,0.0,0.0,0.0,0.8717948717948718,0.9090909090909091,1.0,0.1282051282051282,0.09090909090909091
130,0.0,0.0,0.0,0.05263157894736842,0.8717948717948718,0.9090909090909091,0.9473684210526315,0.1282051282051282,0.09090909090909091
131,0.3157894736842105,0.0,0.0,0.05263157894736842,0.8461538461538461,0.9090909090909091,0.631578947368421,0.15384615384615385,0.09090909090909091
132,0.5263157894736842,0.02564102564102564,0.0,0.05263157894736842,0.8461538461538461,0.9090909090909091,0.42105263157894735,0.1282051282051282,0.09090909090909091
133,0.3157894736842105,0.0,0.0,0.0,0.8205128205128205,0.9090909090909091,0.6842105263157895,0.1794871794871795,0.09090909090909091
134,0.5263157894736842,0.0,0.0,0.0,0.8461538461538461,0.9090909090909091,0.47368421052631576,0.15384615384615385,0.09090909090909091
135,0.631578947368421,0.0,0.0,0.05263157894736842,0.8461538461538461,0.9090909090909091,0.3157894736842105,0.15384615384615385,0.09090909090909091
136,0.6842105263157895,0.0,0.0,0.0,0.8717948717948718,0.9090909090909091,0.3157894736842105,0.1282051282051282,0.09090909090909091
137,0.47368421052631576,0.0,0.0,0.0,0.8717948717948718,0.9090909090909091,0.5263157894736842,0.1282051282051282,0.09090909090909091
138,0.42105263157894735,0.0,0.0,0.0,0.8717948717948718,0.9090909090909091,0.5789473684210527,0.1282051282051282,0.09090909090909091
139,0.2631578947368421,0.0,0.0,0.0,0.8461538461538461,0.9090909090909091,0.7368421052631579,0.15384615384615385,0.09090909090909091
140,0.10526315789473684,0.0,0.0,0.05263157894736842,0.8461538461538461,0.9090909090909091,0.8421052631578947,0.15384615384615385,0.09090909090909091
141,0.6842105263157895,0.05128205128205128,0.0,0.0,0.7692307692307693,0.9090909090909091,0.3157894736842105,0.1794871794871795,0.09090909090909091
142,0.5263157894736842,0.0,0.0,0.05263157894736842,0.8461538461538461,0.9090909090909091,0.42105263157894735,0.15384615384615385,0.09090909090909091
143,0.631578947368421,0.0,0.0,0.05263157894736842,0.8717948717948718,0.9090909090909091,0.3157894736842105,0.1282051282051282,0.09090909090909091
144,0.631578947368421,0.0,0.0,0.0,0.8717948717948718,0.9090909090909091,0.3684210526315789,0.1282051282051282,0.09090909090909091
145,0.3684210526315789,0.0,0.0,0.0,0.8461538461538461,0.9090909090909091,0.631578947368421,0.15384615384615385,0.09090909090909091
146,0.15789473684210525,0.0,0.0,0.05263157894736842,0.8461538461538461,0.9090909090909091,0.7894736842105263,0.15384615384615385,0.09090909090909091
147,0.3684210526315789,0.02564102564102564,0.0,0.10526315789473684,0.8461538461538461,0.9090909090909091,0.5263157894736842,0.1282051282051282,0.09090909090909091
148,0.3684210526315789,0.02564102564102564,0.09090909090909091,0.0,0.8461538461538461,0.8181818181818182,0.631578947368421,0.1282051282051282,0.09090909090909091
149,0.3684210526315789,0.0,0.0,0.05263157894736842,0.8717948717948718,0.9090909090909091,0.5789473684210527,0.1282051282051282,0.09090909090909091
150,0.42105263157894735,0.0,0.0,0.05263157894736842,0.8717948717948718,0.9090909090909091,0.5263157894736842,0.1282051282051282,0.09090909090909091
151,0.6842105263157895,0.0,0.0,0.0,0.8461538461538461,0.9090909090909091,0.3157894736842105,0.15384615384615385,0.09090909090909091
152,0.21052631578947367,0.0,0.0,0.05263157894736842,0.8461538461538461,0.9090909090909091,0.7368421052631579,0.15384615384615385,0.09090909090909091
153,0.3157894736842105,0.02564102564102564,0.0,0.0,0.8461538461538461,0.9090909090909091,0.6842105263157895,0.1282051282051282,0.09090909090909091
154,0.42105263157894735,0.0,0.0,0.0,0.8717948717948718,0.9090909090909091,0.5789473684210527,0.1282051282051282,0.09090909090909091
155,0.0,0.0,0.0,0.0,0.8717948717948718,0.9090909090909091,1.0,0.1282051282051282,0.09090909090909091
156,0.0,0.0,0.0,0.05263157894736842,0.8717948717948718,0.9090909090909091,0.9473684210526315,0.1282051282051282,0.09090909090909091
157,0.2631578947368421,0.02564102564102564,0.09090909090909091,0.05263157894736842,0.8461538461538461,0.8181818181818182,0.6842105263157895,0.1282051282051282,0.09090909090909091
158,0.5789473684210527,0.0,0.0,0.0,0.8717948717948718,0.9090909090909091,0.42105263157894735,0.1282051282051282,0.09090909090909091
159,0.3684210526315789,0.0,0.0,0.05263157894736842,0.8717948717948718,0.8181818181818182,0.5789473684210527,0.1282051282051282,0.18181818181818182
160,0.2631578947368421,0.0,0.09090909090909091,0.10526315789473684,0.8461538461538461,0.8181818181818182,0.631578947368421,0.15384615384615385,0.09090909090909091
161,0.0,0.0,0.0,0.10526315789473684,0.8205128205128205,0.8181818181818182,0.8947368421052632,0.1794871794871795,0.18181818181818182
162,0.0,0.0,0.0,0.0,0.8461538461538461,0.9090909090909091,1.0,0.15384615384615385,0.09090909090909091
163,0.3684210526315789,0.0,0.0,0.0,0.8717948717948718,0.9090909090909091,0.631578947368421,0.1282051282051282,0.09090909090909091
164,0.5789473684210527,0.05128205128205128,0.0,0.05263157894736842,0.7692307692307693,0.9090909090909091,0.3684210526315789,0.1794871794871795,0.09090909090909091
165,0.42105263157894735,0.02564102564102564,0.0,0.05263157894736842,0.8461538461538461,0.9090909090909091,0.5263157894736842,0.1282051282051282,0.09090909090909091
166,0.21052631578947367,0.0,0.0,0.0,0.8717948717948718,0.9090909090909091,0.7894736842105263,0.1282051282051282,0.09090909090909091
167,0.6842105263157895,0.0,0.0,0.0,0.8461538461538461,0.9090909090909091,0.3157894736842105,0.15384615384615385,0.09090909090909091
168,0.6842105263157895,0.0,0.0,0.0,0.8717948717948718,0.9090909090909091,0.3157894736842105,0.1282051282051282,0.09090909090909091
169,0.0,0.0,0.0,0.05263157894736842,0.8461538461538461,0.9090909090909091,0.9473684210526315,0.15384615384615385,0.09090909090909091
170,0.5789473684210527,0.0,0.0,0.0,0.8461538461538461,0.9090909090909091,0.42105263157894735,0.15384615384615385,0.09090909090909091
171,0.6842105263157895,0.0,0.0,0.0,0.8717948717948718,0.9090909090909091,0.3157894736842105,0.1282051282051282,0.09090909090909091
172,0.631578947368421,0.0,0.0,0.05263157894736842,0.8717948717948718,0.9090909090909091,0.3157894736842105,0.1282051282051282,0.09090909090909091
173,0.5263157894736842,0.0,0.0,0.05263157894736842,0.8717948717948718,0.9090909090909091,0.42105263157894735,0.1282051282051282,0.09090909090909091
174,0.5789473684210527,0.0,0.0,0.05263157894736842,0.8717948717948718,0.9090909090909091,0.3684210526315789,0.1282051282051282,0.09090909090909091
175,0.2631578947368421,0.0,0.0,0.05263157894736842,0.8461538461538461,0.9090909090909091,0.6842105263157895,0.15384615384615385,0.09090909090909091
176,0.6842105263157895,0.02564102564102564,0.09090909090909091,0.05263157894736842,0.8205128205128205,0.8181818181818182,0.2631578947368421,0.15384615384615385,0.09090909090909091
177,0.5263157894736842,0.0,0.0,0.0,0.8461538461538461,0.9090909090909091,0.47368421052631576,0.15384615384615385,0.09090909090909091
178,0.21052631578947367,0.0,0.0,0.10526315789473684,0.8461538461538461,0.9090909090909091,0.6842105263157895,0.15384615384615385,0.09090909090909091
179,0.631578947368421,0.0,0.0,0.05263157894736842,0.8461538461538461,0.9090909090909091,0.3157894736842105,0.15384615384615385,0.09090909090909091
180,0.5263157894736842,0.02564102564102564,0.0,0.05263157894736842,0.8461538461538461,0.9090909090909091,0.42105263157894735,0.1282051282051282,0.09090909090909091
181,0.5789473684210527,0.02564102564102564,0.0,0.10526315789473684,0.8461538461538461,0.9090909090909091,0.3157894736842105,0.1282051282051282,0.09090909090909091
182,0.5789473684210527,0.02564102564102564,0.0,0.0,0.8205128205128205,0.9090909090909091,0.42105263157894735,0.15384615384615385,0.09090909090909091
183,0.5263157894736842,0.0,0.0,0.05263157894736842,0.8461538461538461,0.9090909090909091,0.42105263157894735,0.15384615384615385,0.09090909090909091
184,0.631578947368421,0.02564102564102564,0.0,0.0,0.8461538461538461,0.9090909090909091,0.3684210526315789,0.1282051282051282,0.09090909090909091
185,0.5263157894736842,0.02564102564102564,0.0,0.05263157894736842,0.8461538461538461,0.9090909090909091,0.42105263157894735,0.1282051282051282,0.09090909090909091
186,0.47368421052631576,0.0,0.0,0.0,0.8717948717948718,0.9090909090909091,0.5263157894736842,0.1282051282051282,0.09090909090909091
187,0.631578947368421,0.0,0.0,0.0,0.8461538461538461,0.9090909090909091,0.3684210526315789,0.15384615384615385,0.09090909090909091
188,0.6842105263157895,0.0,0.0,0.0,0.8717948717948718,0.9090909090909091,0.3157894736842105,0.1282051282051282,0.09090909090909091
189,0.5263157894736842,0.0,0.0,0.0,0.8717948717948718,0.9090909090909091,0.47368421052631576,0.1282051282051282,0.09090909090909091
190,0.05263157894736842,0.0,0.0,0.0,0.8461538461538461,0.9090909090909091,0.9473684210526315,0.15384615384615385,0.09090909090909091
191,0.0,0.0,0.0,0.0,0.8717948717948718,0.9090909090909091,1.0,0.1282051282051282,0.09090909090909091
192,0.0,0.0,0.0,0.05263157894736842,0.8461538461538461,0.9090909090909091,0.9473684210526315,0.15384615384615385,0.09090909090909091
193,0.0,0.0,0.0,0.10526315789473684,0.8461538461538461,0.9090909090909091,0.8947368421052632,0.15384615384615385,0.09090909090909091
194,0.10526315789473684,0.0,0.0,0.05263157894736842,0.8461538461538461,0.9090909090909091,0.8421052631578947,0.15384615384615385,0.09090909090909091
195,0.3684210526315789,0.0,0.0,0.0,0.8717948717948718,0.9090909090909091,0.631578947368421,0.1282051282051282,0.09090909090909091
196,0.5263157894736842,0.0,0.09090909090909091,0.05263157894736842,0.8717948717948718,0.7272727272727273,0.42105263157894735,0.1282051282051282,0.18181818181818182
197,0.42105263157894735,0.0,0.0,0.10526315789473684,0.8461538461538461,0.8181818181818182,0.47368421052631576,0.15384615384615385,0.18181818181818182
198,0.42105263157894735,0.0,0.0,0.05263157894736842,0.8461538461538461,0.9090909090909091,0.5263157894736842,0.15384615384615385,0.09090909090909091
199,0.3157894736842105,0.0,0.0,0.0,0.8717948717948718,0.9090909090909091,0.6842105263157895,0.1282051282051282,0.09090909090909091
200,0.3684210526315789,0.02564102564102564,0.0,0.05263157894736842,0.8461538461538461,0.9090909090909091,0.5789473684210527,0.1282051282051282,0.09090909090909091
201,0.631578947368421,0.0,0.0,0.0,0.8717948717948718,0.9090909090909091,0.3684210526315789,0.1282051282051282,0.09090909090909091
202,0.5789473684210527,0.0,0.0,0.0,0.8717948717948718,0.9090909090909091,0.42105263157894735,0.1282051282051282,0.09090909090909091
203,0.47368421052631576,0.0,0.0,0.0,0.8205128205128205,0.9090909090909091,0.5263157894736842,0.1794871794871795,0.09090909090909091
204,0.0,0.0,0.0,0.05263157894736842,0.8461538461538461,0.9090909090909091,0.9473684210526315,0.15384615384615385,0.09090909090909091
205,0.0,0.0,0.0,0.05263157894736842,0.8717948717948718,0.9090909090909091,0.9473684210526315,0.1282051282051282,0.09090909090909091
206,0.0,0.0,0.0,0.0,0.8461538461538461,0.9090909090909091,1.0,0.15384615384615385,0.09090909090909091
207,0.3157894736842105,0.0,0.0,0.05263157894736842,0.8461538461538461,0.9090909090909091,0.631578947368421,0.15384615384615385,0.09090909090909091
208,0.42105263157894735,0.0,0.0,0.0,0.8461538461538461,0.7272727272727273,0.5789473684210527,0.15384615384615385,0.2727272727272727
209,0.42105263157894735,0.0,0.0,0.05263157894736842,0.8717948717948718,0.9090909090909091,0.5263157894736842,0.1282051282051282,0.09090909090909091
210,0.6842105263157895,0.0,0.0,0.0,0.8717948717948718,0.9090909090909091,0.3157894736842105,0.1282051282051282,0.09090909090909091
211,0.6842105263157895,0.0,0.0,0.0,0.8717948717948718,0.9090909090909091,0.3157894736842105,0.1282051282051282,0.09090909090909091
212,0.5789473684210527,0.0,0.0,0.0,0.8717948717948718,0.9090909090909091,0.42105263157894735,0.1282051282051282,0.09090909090909091
213,0.42105263157894735,0.0,0.0,0.05263157894736842,0.8717948717948718,0.8181818181818182,0.5263157894736842,0.1282051282051282,0.18181818181818182
214,0.0,0.0,0.0,0.05263157894736842,0.8461538461538461,0.9090909090909091,0.9473684210526315,0.15384615384615385,0.09090909090909091
215,0.10526315789473684,0.0,0.0,0.05263157894736842,0.8461538461538461,0.9090909090909091,0.8421052631578947,0.15384615384615385,0.09090909090909091
216,0.15789473684210525,0.0,0.0,0.05263157894736842,0.8717948717948718,0.9090909090909091,0.7894736842105263,0.1282051282051282,0.09090909090909091
217,0.2631578947368421,0.0,0.0,0.05263157894736842,0.8205128205128205,0.9090909090909091,0.6842105263157895,0.1794871794871795,0.09090909090909091
218,0.3157894736842105,0.0,0.0,0.0,0.8717948717948718,0.9090909090909091,0.6842105263157895,0.1282051282051282,0.09090909090909091
219,0.47368421052631576,0.0,0.0,0.0,0.8717948717948718,0.9090909090909091,0.5263157894736842,0.1282051282051282,0.09090909090909091
220,0.5789473684210527,0.0,0.0,0.05263157894736842,0.8717948717948718,0.9090909090909091,0.3684210526315789,0.1282051282051282,0.09090909090909091
221,0.5263157894736842,0.0,0.09090909090909091,0.0,0.8461538461538461,0.8181818181818182,0.47368421052631576,0.15384615384615385,0.09090909090909091
222,0.5789473684210527,0.0,0.0,0.0,0.8717948717948718,0.9090909090909091,0.42105263157894735,0.1282051282051282,0.09090909090909091
223,0.5789473684210527,0.02564102564102564,0.09090909090909091,0.10526315789473684,0.8461538461538461,0.8181818181818182,0.3157894736842105,0.1282051282051282,0.09090909090909091
224,0.631578947368421,0.0,0.0,0.0,0.8717948717948718,0.9090909090909091,0.3684210526315789,0.1282051282051282,0.09090909090909091
225,0.5789473684210527,0.02564102564102564,0.0,0.05263157894736842,0.8461538461538461,0.9090909090909091,0.3684210526315789,0.1282051282051282,0.09090909090909091
226,0.5789473684210527,0.0,0.0,0.0,0.8717948717948718,0.9090909090909091,0.42105263157894735,0.1282051282051282,0.09090909090909091
227,0.47368421052631576,0.0,0.0,0.0,0.8717948717948718,0.9090909090909091,0.5263157894736842,0.1282051282051282,0.09090909090909091
228,0.5263157894736842,0.0,0.09090909090909091,0.0,0.8717948717948718,0.8181818181818182,0.47368421052631576,0.1282051282051282,0.09090909090909091
229,0.3157894736842105,0.02564102564102564,0.0,0.05263157894736842,0.8461538461538461,0.9090909090909091,0.631578947368421,0.1282051282051282,0.09090909090909091
230,0.3684210526315789,0.0,0.0,0.05263157894736842,0.8717948717948718,0.8181818181818182,0.5789473684210527,0.1282051282051282,0.18181818181818182
231,0.42105263157894735,0.0,0.0,0.0,0.8717948717948718,0.9090909090909091,0.5789473684210527,0.1282051282051282,0.09090909090909091
232,0.631578947368421,0.02564102564102564,0.0,0.05263157894736842,0.8461538461538461,0.9090909090909091,0.3157894736842105,0.1282051282051282,0.09090909090909091
233,0.6842105263157895,0.02564102564102564,0.0,0.0,0.8205128205128205,0.9090909090909091,0.3157894736842105,0.15384615384615385,0.09090909090909091
234,0.5789473684210527,0.0,0.09090909090909091,0.0,0.8205128205128205,0.8181818181818182,0.42105263157894735,0.1794871794871795,0.09090909090909091
235,0.5789473684210527,0.0,0.0,0.05263157894736842,0.8461538461538461,0.9090909090909091,0.3684210526315789,0.15384615384615385,0.09090909090909091
236,0.631578947368421,0.02564102564102564,0.0,0.05263157894736842,0.8461538461538461,0.9090909090909091,0.3157894736842105,0.1282051282051282,0.09090909090909091
237,0.6842105263157895,0.0,0.0,0.0,0.8717948717948718,0.9090909090909091,0.3157894736842105,0.1282051282051282,0.09090909090909091
238,0.5263157894736842,0.0,0.0,0.10526315789473684,0.8461538461538461,0.9090909090909091,0.3684210526315789,0.15384615384615385,0.09090909090909091
239,0.7368421052631579,0.0,0.0,0.0,0.8461538461538461,0.9090909090909091,0.2631578947368421,0.15384615384615385,0.09090909090909091
240,0.6842105263157895,0.0,0.0,0.0,0.7948717948717948,0.9090909090909091,0.3157894736842105,0.20512820512820512,0.09090909090909091
241,0.5789473684210527,0.0,0.0,0.05263157894736842,0.8461538461538461,0.9090909090909091,0.3684210526315789,0.15384615384615385,0.09090909090909091
242,0.42105263157894735,0.02564102564102564,0.0,0.05263157894736842,0.8461538461538461,0.9090909090909091,0.5263157894736842,0.1282051282051282,0.09090909090909091
243,0.47368421052631576,0.0,0.0,0.05263157894736842,0.8717948717948718,0.9090909090909091,0.47368421052631576,0.1282051282051282,0.09090909090909091
244,0.3684210526315789,0.0,0.0,0.05263157894736842,0.8717948717948718,0.9090909090909091,0.5789473684210527,0.1282051282051282,0.09090909090909091
245,0.5263157894736842,0.05128205128205128,0.0,0.05263157894736842,0.7948717948717948,0.9090909090909091,0.42105263157894735,0.15384615384615385,0.09090909090909091
246,0.5263157894736842,0.0,0.0,0.05263157894736842,0.8461538461538461,0.9090909090909091,0.42105263157894735,0.15384615384615385,0.09090909090909091
247,0.6842105263157895,0.0,0.0,0.05263157894736842,0.8461538461538461,0.9090909090909091,0.2631578947368421,0.15384615384615385,0.09090909090909091
248,0.0,0.0,0.09090909090909091,0.0,0.8717948717948718,0.8181818181818182,1.0,0.1282051282051282,0.09090909090909091
249,0.10526315789473684,0.0,0.0,0.05263157894736842,0.8205128205128205,0.9090909090909091,0.8421052631578947,0.1794871794871795,0.09090909090909091
250,0.0,0.0,0.0,0.0,0.8717948717948718,0.9090909090909091,1.0,0.1282051282051282,0.09090909090909091
251,0.05263157894736842,0.0,0.0,0.0,0.8717948717948718,0.9090909090909091,0.9473684210526315,0.1282051282051282,0.09090909090909091
252,0.0,0.0,0.0,0.10526315789473684,0.8205128205128205,0.9090909090909091,0.8947368421052632,0.1794871794871795,0.09090909090909091
253,0.47368421052631576,0.0,0.0,0.0,0.8461538461538461,0.9090909090909091,0.5263157894736842,0.15384615384615385,0.09090909090909091
254,0.5789473684210527,0.0,0.0,0.0,0.8717948717948718,0.9090909090909091,0.42105263157894735,0.1282051282051282,0.09090909090909091
255,0.7368421052631579,0.02564102564102564,0.09090909090909091,0.0,0.8205128205128205,0.7272727272727273,0.2631578947368421,0.15384615384615385,0.18181818181818182
256,0.6842105263157895,0.05128205128205128,0.0,0.05263157894736842,0.8205128205128205,0.9090909090909091,0.2631578947368421,0.1282051282051282,0.09090909090909091
257,0.6842105263157895,0.0,0.0,0.0,0.8717948717948718,0.9090909090909091,0.3157894736842105,0.1282051282051282,0.09090909090909091
258,0.5263157894736842,0.0,0.0,0.05263157894736842,0.8717948717948718,0.9090909090909091,0.42105263157894735,0.1282051282051282,0.09090909090909091
259,0.21052631578947367,0.0,0.0,0.10526315789473684,0.8461538461538461,0.8181818181818182,0.6842105263157895,0.15384615384615385,0.18181818181818182
260,0.05263157894736842,0.0,0.0,0.10526315789473684,0.8461538461538461,0.9090909090909091,0.8421052631578947,0.15384615384615385,0.09090909090909091
261,0.0,0.0,0.0,0.0,0.8205128205128205,0.9090909090909091,1.0,0.1794871794871795,0.09090909090909091
262,0.15789473684210525,0.0,0.0,0.0,0.8717948717948718,0.9090909090909091,0.8421052631578947,0.1282051282051282,0.09090909090909091
263,0.3684210526315789,0.0,0.0,0.0,0.8461538461538461,0.9090909090909091,0.631578947368421,0.15384615384615385,0.09090909090909091
264,0.2631578947368421,0.0,0.0,0.0,0.8717948717948718,0.9090909090909091,0.7368421052631579,0.1282051282051282,0.09090909090909091
265,0.5263157894736842,0.0,0.0,0.0,0.8717948717948718,0.8181818181818182,0.47368421052631576,0.1282051282051282,0.18181818181818182
266,0.6842105263157895,0.02564102564102564,0.0,0.0,0.8461538461538461,0.9090909090909091,0.3157894736842105,0.1282051282051282,0.09090909090909091
267,0.5789473684210527,0.0,0.0,0.05263157894736842,0.8717948717948718,0.9090909090909091,0.3684210526315789,0.1282051282051282,0.09090909090909091
268,0.5789473684210527,0.0,0.0,0.10526315789473684,0.8461538461538461,0.8181818181818182,0.3157894736842105,0.15384615384615385,0.18181818181818182
269,0.3157894736842105,0.02564102564102564,0.0,0.10526315789473684,0.8461538461538461,0.9090909090909091,0.5789473684210527,0.1282051282051282,0.09090909090909091
270,0.10526315789473684,0.0,0.0,0.0,0.8717948717948718,0.9090909090909091,0.8947368421052632,0.1282051282051282,0.09090909090909091
271,0.21052631578947367,0.0,0.0,0.0,0.7948717948717948,0.9090909090909091,0.7894736842105263,0.20512820512820512,0.09090909090909091
272,0.42105263157894735,0.0,0.0,0.0,0.8717948717948718,0.9090909090909091,0.5789473684210527,0.1282051282051282,0.09090909090909091
273,0.5263157894736842,0.0,0.0,0.10526315789473684,0.8461538461538461,0.9090909090909091,0.3684210526315789,0.15384615384615385,0.09090909090909091
274,0.5789473684210527,0.0,0.0,0.0,0.8461538461538461,0.9090909090909091,0.42105263157894735,0.15384615384615385,0.09090909090909091
275,0.5789473684210527,0.0,0.0,0.0,0.8461538461538461,0.9090909090909091,0.42105263157894735,0.15384615384615385,0.09090909090909091
276,0.5789473684210527,0.0,0.0,0.05263157894736842,0.8205128205128205,0.9090909090909091,0.3684210526315789,0.1794871794871795,0.09090909090909091
277,0.5789473684210527,0.0,0.0,0.0,0.8461538461538461,0.8181818181818182,0.42105263157894735,0.15384615384615385,0.18181818181818182
278,0.47368421052631576,0.02564102564102564,0.0,0.05263157894736842,0.8461538461538461,0.9090909090909091,0.47368421052631576,0.1282051282051282,0.09090909090909091
279,0.42105263157894735,0.0,0.0,0.0,0.8717948717948718,0.9090909090909091,0.5789473684210527,0.1282051282051282,0.09090909090909091
280,0.631578947368421,0.02564102564102564,0.0,0.10526315789473684,0.8461538461538461,0.9090909090909091,0.2631578947368421,0.1282051282051282,0.09090909090909091
281,0.5263157894736842,0.0,0.18181818181818182,0.05263157894736842,0.8717948717948718,0.7272727272727273,0.42105263157894735,0.1282051282051282,0.09090909090909091
282,0.631578947368421,0.0,0.0,0.0,0.8717948717948718,0.9090909090909091,0.3684210526315789,0.1282051282051282,0.09090909090909091
283,0.631578947368421,0.0,0.0,0.05263157894736842,0.8717948717948718,0.9090909090909091,0.3157894736842105,0.1282051282051282,0.09090909090909091
284,0.47368421052631576,0.0,0.0,0.10526315789473684,0.8461538461538461,0.9090909090909091,0.42105263157894735,0.15384615384615385,0.09090909090909091
285,0.0,0.0,0.0,0.05263157894736842,0.8717948717948718,0.9090909090909091,0.9473684210526315,0.1282051282051282,0.09090909090909091
286,0.0,0.0,0.0,0.10526315789473684,0.8461538461538461,0.9090909090909091,0.8947368421052632,0.15384615384615385,0.09090909090909091
287,0.0,0.0,0.0,0.0,0.8461538461538461,0.9090909090909091,1.0,0.15384615384615385,0.09090909090909091
288,0.0,0.0,0.0,0.10526315789473684,0.8461538461538461,0.9090909090909091,0.8947368421052632,0.15384615384615385,0.09090909090909091
289,0.0,0.0,0.0,0.05263157894736842,0.8717948717948718,0.9090909090909091,0.9473684210526315,0.1282051282051282,0.09090909090909091
290,0.0,0.0,0.0,0.05263157894736842,0.8717948717948718,0.9090909090909091,0.9473684210526315,0.1282051282051282,0.09090909090909091
291,0.0,0.0,0.0,0.05263157894736842,0.8717948717948718,0.9090909090909091,0.9473684210526315,0.1282051282051282,0.09090909090909091
292,0.0,0.0,0.0,0.0,0.8205128205128205,0.9090909090909091,1.0,0.1794871794871795,0.09090909090909091
293,0.0,0.0,0.0,0.05263157894736842,0.8205128205128205,0.9090909090909091,0.9473684210526315,0.1794871794871795,0.09090909090909091
294,0.3157894736842105,0.0,0.0,0.0,0.8205128205128205,0.9090909090909091,0.6842105263157895,0.1794871794871795,0.09090909090909091
295,0.10526315789473684,0.0,0.0,0.05263157894736842,0.8717948717948718,0.9090909090909091,0.8421052631578947,0.1282051282051282,0.09090909090909091
296,0.2631578947368421,0.0,0.0,0.0,0.8717948717948718,0.9090909090909091,0.7368421052631579,0.1282051282051282,0.09090909090909091
297,0.6842105263157895,0.0,0.0,0.0,0.8717948717948718,0.9090909090909091,0.3157894736842105,0.1282051282051282,0.09090909090909091
298,0.5789473684210527,0.0,0.0,0.0,0.8717948717948718,0.9090909090909091,0.42105263157894735,0.1282051282051282,0.09090909090909091
299,0.3157894736842105,0.0,0.0,0.10526315789473684,0.8461538461538461,0.9090909090909091,0.5789473684210527,0.15384615384615385,0.09090909090909091
300,0.05263157894736842,0.02564102564102564,0.0,0.0,0.8461538461538461,0.9090909090909091,0.9473684210526315,0.1282051282051282,0.09090909090909091
301,0.5263157894736842,0.0,0.0,0.0,0.8717948717948718,0.9090909090909091,0.47368421052631576,0.1282051282051282,0.09090909090909091
302,0.10526315789473684,0.0,0.0,0.0,0.8717948717948718,0.9090909090909091,0.8947368421052632,0.1282051282051282,0.09090909090909091
303,0.05263157894736842,0.8461538461538461,0.9090909090909091,0.0,0.0,0.0,0.9473684210526315,0.15384615384615385,0.09090909090909091
304,0.7368421052631579,0.0,0.0,0.0,0.8461538461538461,0.9090909090909091,0.2631578947368421,0.15384615384615385,0.09090909090909091
305,0.10526315789473684,0.8205128205128205,0.9090909090909091,0.0,0.0,0.0,0.8947368421052632,0.1794871794871795,0.09090909090909091
306,0.05263157894736842,0.8717948717948718,0.8181818181818182,0.0,0.0,0.09090909090909091,0.9473684210526315,0.1282051282051282,0.09090909090909091
307,0.05263157894736842,0.8717948717948718,0.9090909090909091,0.0,0.0,0.0,0.9473684210526315,0.1282051282051282,0.09090909090909091
308,0.05263157894736842,0.8717948717948718,0.9090909090909091,0.0,0.0,0.0,0.9473684210526315,0.1282051282051282,0.09090909090909091
309,0.05263157894736842,0.8717948717948718,0.9090909090909091,0.0,0.0,0.0,0.9473684210526315,0.1282051282051282,0.09090909090909091
310,0.0,0.0,0.0,0.05263157894736842,0.8717948717948718,0.9090909090909091,0.9473684210526315,0.1282051282051282,0.09090909090909091
311,0.21052631578947367,0.0,0.0,0.05263157894736842,0.8205128205128205,0.9090909090909091,0.7368421052631579,0.1794871794871795,0.09090909090909091
312,0.10526315789473684,0.02564102564102564,0.0,0.10526315789473684,0.8461538461538461,0.9090909090909091,0.7894736842105263,0.1282051282051282,0.09090909090909091
313,0.0,0.0,0.0,0.0,0.8717948717948718,0.9090909090909091,1.0,0.1282051282051282,0.09090909090909091
314,0.21052631578947367,0.0,0.0,0.05263157894736842,0.8461538461538461,0.8181818181818182,0.7368421052631579,0.15384615384615385,0.18181818181818182
315,0.47368421052631576,0.0,0.0,0.05263157894736842,0.8717948717948718,0.8181818181818182,0.47368421052631576,0.1282051282051282,0.18181818181818182
316,0.21052631578947367,0.0,0.0,0.05263157894736842,0.8717948717948718,0.9090909090909091,0.7368421052631579,0.1282051282051282,0.09090909090909091
317,0.42105263157894735,0.0,0.18181818181818182,0.0,0.8717948717948718,0.7272727272727273,0.5789473684210527,0.1282051282051282,0.09090909090909091
318,0.2631578947368421,0.0,0.09090909090909091,0.05263157894736842,0.8461538461538461,0.8181818181818182,0.6842105263157895,0.15384615384615385,0.09090909090909091
319,0.10526315789473684,0.0,0.0,0.0,0.8717948717948718,0.9090909090909091,0.8947368421052632,0.1282051282051282,0.09090909090909091
320,0.0,0.8717948717948718,0.8181818181818182,0.05263157894736842,0.0,0.09090909090909091,0.9473684210526315,0.1282051282051282,0.09090909090909091
321,0.05263157894736842,0.8461538461538461,0.9090909090909091,0.05263157894736842,0.0,0.0,0.8947368421052632,0.15384615384615385,0.09090909090909091
322,0.0,0.8717948717948718,0.9090909090909091,0.0,0.0,0.0,1.0,0.1282051282051282,0.09090909090909091
323,0.05263157894736842,0.8717948717948718,0.8181818181818182,0.0,0.0,0.09090909090909091,0.9473684210526315,0.1282051282051282,0.09090909090909091
324,0.0,0.02564102564102564,0.0,0.0,0.8461538461538461,0.7272727272727273,1.0,0.1282051282051282,0.2727272727272727
325,0.05263157894736842,0.8717948717948718,0.9090909090909091,0.0,0.0,0.0,0.9473684210526315,0.1282051282051282,0.09090909090909091
326,0.0,0.8717948717948718,0.9090909090909091,0.0,0.0,0.0,1.0,0.1282051282051282,0.09090909090909091
327,0.05263157894736842,0.8717948717948718,0.9090909090909091,0.0,0.0,0.0,0.9473684210526315,0.1282051282051282,0.09090909090909091
328,0.0,0.8461538461538461,0.8181818181818182,0.0,0.0,0.09090909090909091,1.0,0.15384615384615385,0.09090909090909091
329,0.0,0.0,0.0,0.05263157894736842,0.8717948717948718,0.9090909090909091,0.9473684210526315,0.1282051282051282,0.09090909090909091
330,0.0,0.0,0.0,0.0,0.8717948717948718,0.9090909090909091,1.0,0.1282051282051282,0.09090909090909091
331,0.0,0.0,0.0,0.05263157894736842,0.8717948717948718,0.9090909090909091,0.9473684210526315,0.1282051282051282,0.09090909090909091
332,0.5789473684210527,0.0,0.2727272727272727,0.0,0.8717948717948718,0.6363636363636364,0.42105263157894735,0.1282051282051282,0.09090909090909091
333,0.5263157894736842,0.0,0.09090909090909091,0.0,0.8717948717948718,0.8181818181818182,0.47368421052631576,0.1282051282051282,0.09090909090909091
334,0.05263157894736842,0.8461538461538461,0.8181818181818182,0.0,0.0,0.0,0.9473684210526315,0.15384615384615385,0.18181818181818182
335,0.05263157894736842,0.8717948717948718,0.9090909090909091,0.0,0.0,0.0,0.9473684210526315,0.1282051282051282,0.09090909090909091
336,0.631578947368421,0.02564102564102564,0.0,0.10526315789473684,0.8461538461538461,0.9090909090909091,0.2631578947368421,0.1282051282051282,0.09090909090909091
337,0.5263157894736842,0.0,0.0,0.0,0.7948717948717948,0.9090909090909091,0.47368421052631576,0.20512820512820512,0.09090909090909091
338,0.2631578947368421,0.0,0.0,0.05263157894736842,0.8717948717948718,0.9090909090909091,0.6842105263157895,0.1282051282051282,0.09090909090909091
339,0.15789473684210525,0.0,0.0,0.05263157894736842,0.8461538461538461,0.9090909090909091,0.7894736842105263,0.15384615384615385,0.09090909090909091
340,0.47368421052631576,0.0,0.0,0.0,0.8717948717948718,0.9090909090909091,0.5263157894736842,0.1282051282051282,0.09090909090909091
341,0.631578947368421,0.02564102564102564,0.09090909090909091,0.15789473684210525,0.8205128205128205,0.8181818181818182,0.21052631578947367,0.15384615384615385,0.09090909090909091
342,0.5263157894736842,0.0,0.0,0.10526315789473684,0.8461538461538461,0.9090909090909091,0.3684210526315789,0.15384615384615385,0.09090909090909091
343,0.5789473684210527,0.0,0.0,0.05263157894736842,0.8717948717948718,0.9090909090909091,0.3684210526315789,0.1282051282051282,0.09090909090909091
344,0.631578947368421,0.0,0.0,0.0,0.8461538461538461,0.9090909090909091,0.3684210526315789,0.15384615384615385,0.09090909090909091
345,0.5789473684210527,0.0,0.0,0.05263157894736842,0.8717948717948718,0.9090909090909091,0.3684210526315789,0.1282051282051282,0.09090909090909091
346,0.47368421052631576,0.0,0.0,0.0,0.8205128205128205,0.9090909090909091,0.5263157894736842,0.1794871794871795,0.09090909090909091
347,0.3157894736842105,0.0,0.0,0.05263157894736842,0.8717948717948718,0.9090909090909091,0.631578947368421,0.1282051282051282,0.09090909090909091
348,0.15789473684210525,0.0,0.0,0.0,0.8717948717948718,0.9090909090909091,0.8421052631578947,0.1282051282051282,0.09090909090909091
349,0.0,0.8205128205128205,0.9090909090909091,0.05263157894736842,0.0,0.0,0.9473684210526315,0.1794871794871795,0.09090909090909091
350,0.10526315789473684,0.8461538461538461,0.9090909090909091,0.0,0.0,0.0,0.8947368421052632,0.15384615384615385,0.09090909090909091
351,0.0,0.0,0.0,0.0,0.8461538461538461,0.9090909090909091,1.0,0.15384615384615385,0.09090909090909091
352,0.10526315789473684,0.0,0.0,0.0,0.8717948717948718,0.9090909090909091,0.8947368421052632,0.1282051282051282,0.09090909090909091
353,0.05263157894736842,0.8717948717948718,0.9090909090909091,0.0,0.0,0.0,0.9473684210526315,0.1282051282051282,0.09090909090909091
354,0.0,0.8717948717948718,0.9090909090909091,0.05263157894736842,0.0,0.0,0.9473684210526315,0.1282051282051282,0.09090909090909091
355,0.0,0.8461538461538461,0.9090909090909091,0.0,0.0,0.0,1.0,0.15384615384615385,0.09090909090909091
356,0.21052631578947367,0.0,0.0,0.10526315789473684,0.8461538461538461,0.9090909090909091,0.6842105263157895,0.15384615384615385,0.09090909090909091
357,0.0,0.0,0.0,0.0,0.8717948717948718,0.9090909090909091,1.0,0.1282051282051282,0.09090909090909091
358,0.0,0.0,0.0,0.0,0.8717948717948718,0.9090909090909091,1.0,0.1282051282051282,0.09090909090909091
359,0.0,0.0,0.0,0.0,0.8717948717948718,0.9090909090909091,1.0,0.1282051282051282,0.09090909090909091
360,0.0,0.0,0.0,0.10526315789473684,0.8205128205128205,0.9090909090909091,0.8947368421052632,0.1794871794871795,0.09090909090909091
361,0.05263157894736842,0.8717948717948718,0.9090909090909091,0.0,0.0,0.0,0.9473684210526315,0.1282051282051282,0.09090909090909091
362,0.0,0.8461538461538461,0.9090909090909091,0.05263157894736842,0.02564102564102564,0.0,0.9473684210526315,0.1282051282051282,0.09090909090909091
363,0.0,0.8717948717948718,0.9090909090909091,0.0,0.0,0.0,1.0,0.1282051282051282,0.09090909090909091
364,0.2631578947368421,0.0,0.0,0.05263157894736842,0.8717948717948718,0.8181818181818182,0.6842105263157895,0.1282051282051282,0.18181818181818182
365,0.3157894736842105,0.02564102564102564,0.0,0.0,0.8461538461538461,0.9090909090909091,0.6842105263157895,0.1282051282051282,0.09090909090909091
366,0.2631578947368421,0.02564102564102564,0.0,0.0,0.8205128205128205,0.9090909090909091,0.7368421052631579,0.15384615384615385,0.09090909090909091
367,0.15789473684210525,0.02564102564102564,0.0,0.05263157894736842,0.8461538461538461,0.9090909090909091,0.7894736842105263,0.1282051282051282,0.09090909090909091
368,0.0,0.0,0.0,0.05263157894736842,0.7948717948717948,0.9090909090909091,0.9473684210526315,0.20512820512820512,0.09090909090909091
369,0.0,0.0,0.0,0.0,0.8717948717948718,0.9090909090909091,1.0,0.1282051282051282,0.09090909090909091
370,0.0,0.0,0.0,0.0,0.8717948717948718,0.9090909090909091,1.0,0.1282051282051282,0.09090909090909091
371,0.5789473684210527,0.0,0.0,0.0,0.8717948717948718,0.9090909090909091,0.42105263157894735,0.1282051282051282,0.09090909090909091
372,0.5789473684210527,0.0,0.09090909090909091,0.05263157894736842,0.8717948717948718,0.8181818181818182,0.3684210526315789,0.1282051282051282,0.09090909090909091
373,0.631578947368421,0.0,0.09090909090909091,0.05263157894736842,0.8717948717948718,0.8181818181818182,0.3157894736842105,0.1282051282051282,0.09090909090909091
374,0.47368421052631576,0.02564102564102564,0.0,0.0,0.8461538461538461,0.9090909090909091,0.5263157894736842,0.1282051282051282,0.09090909090909091
375,0.5263157894736842,0.0,0.0,0.05263157894736842,0.8717948717948718,0.9090909090909091,0.42105263157894735,0.1282051282051282,0.09090909090909091
376,0.6842105263157895,0.0,0.0,0.0,0.8717948717948718,0.9090909090909091,0.3157894736842105,0.1282051282051282,0.09090909090909091
377,0.05263157894736842,0.8717948717948718,0.9090909090909091,0.0,0.0,0.0,0.9473684210526315,0.1282051282051282,0.09090909090909091
378,0.0,0.8717948717948718,0.9090909090909091,0.0,0.0,0.0,1.0,0.1282051282051282,0.09090909090909091
379,0.05263157894736842,0.8717948717948718,0.9090909090909091,0.0,0.0,0.0,0.9473684210526315,0.1282051282051282,0.09090909090909091
380,0.05263157894736842,0.8717948717948718,0.9090909090909091,0.0,0.0,0.0,0.9473684210526315,0.1282051282051282,0.09090909090909091
381,0.10526315789473684,0.7948717948717948,0.9090909090909091,0.0,0.0,0.0,0.8947368421052632,0.20512820512820512,0.09090909090909091
382,0.05263157894736842,0.8717948717948718,0.9090909090909091,0.0,0.0,0.0,0.9473684210526315,0.1282051282051282,0.09090909090909091
383,0.0,0.8717948717948718,0.9090909090909091,0.0,0.0,0.0,1.0,0.1282051282051282,0.09090909090909091
384,0.05263157894736842,0.8717948717948718,0.9090909090909091,0.0,0.0,0.0,0.9473684210526315,0.1282051282051282,0.09090909090909091
385,0.0,0.8717948717948718,0.9090909090909091,0.0,0.0,0.0,1.0,0.1282051282051282,0.09090909090909091
386,0.0,0.8717948717948718,0.9090909090909091,0.0,0.0,0.0,1.0,0.1282051282051282,0.09090909090909091
387,0.05263157894736842,0.8461538461538461,0.9090909090909091,0.10526315789473684,0.0,0.0,0.8421052631578947,0.15384615384615385,0.09090909090909091
388,0.10526315789473684,0.7948717948717948,0.9090909090909091,0.0,0.02564102564102564,0.0,0.8947368421052632,0.1794871794871795,0.09090909090909091
389,0.05263157894736842,0.8461538461538461,0.9090909090909091,0.0,0.02564102564102564,0.0,0.9473684210526315,0.1282051282051282,0.09090909090909091
390,0.05263157894736842,0.8717948717948718,0.9090909090909091,0.0,0.0,0.0,0.9473684210526315,0.1282051282051282,0.09090909090909091
391,0.05263157894736842,0.8461538461538461,0.9090909090909091,0.0,0.0,0.0,0.9473684210526315,0.15384615384615385,0.09090909090909091
392,0.05263157894736842,0.8717948717948718,0.9090909090909091,0.0,0.0,0.0,0.9473684210526315,0.1282051282051282,0.09090909090909091
393,0.05263157894736842,0.8717948717948718,0.9090909090909091,0.05263157894736842,0.0,0.0,0.8947368421052632,0.1282051282051282,0.09090909090909091
394,0.05263157894736842,0.8717948717948718,0.9090909090909091,0.0,0.0,0.0,0.9473684210526315,0.1282051282051282,0.09090909090909091
395,0.05263157894736842,0.8717948717948718,0.9090909090909091,0.0,0.0,0.0,0.9473684210526315,0.1282051282051282,0.09090909090909091
396,0.05263157894736842,0.8717948717948718,0.9090909090909091,0.0,0.0,0.0,0.9473684210526315,0.1282051282051282,0.09090909090909091
397,0.05263157894736842,0.8717948717948718,0.9090909090909091,0.05263157894736842,0.0,0.0,0.8947368421052632,0.1282051282051282,0.09090909090909091
398,0.0,0.8717948717948718,0.8181818181818182,0.0,0.0,0.09090909090909091,1.0,0.1282051282051282,0.09090909090909091
399,0.0,0.8717948717948718,0.9090909090909091,0.0,0.0,0.0,1.0,0.1282051282051282,0.09090909090909091
400,0.0,0.8717948717948718,0.9090909090909091,0.0,0.0,0.0,1.0,0.1282051282051282,0.09090909090909091
401,0.0,0.8717948717948718,0.8181818181818182,0.05263157894736842,0.0,0.09090909090909091,0.9473684210526315,0.1282051282051282,0.09090909090909091
402,0.6842105263157895,0.02564102564102564,0.0,0.0,0.8461538461538461,0.9090909090909091,0.3157894736842105,0.1282051282051282,0.09090909090909091
403,0.6842105263157895,0.0,0.0,0.0,0.8717948717948718,0.9090909090909091,0.3157894736842105,0.1282051282051282,0.09090909090909091
404,0.5789473684210527,0.0,0.0,0.05263157894736842,0.8461538461538461,0.9090909090909091,0.3684210526315789,0.15384615384615385,0.09090909090909091
405,0.5263157894736842,0.0,0.0,0.05263157894736842,0.8717948717948718,0.9090909090909091,0.42105263157894735,0.1282051282051282,0.09090909090909091
406,0.5263157894736842,0.0,0.0,0.05263157894736842,0.8461538461538461,0.9090909090909091,0.42105263157894735,0.15384615384615385,0.09090909090909091
407,0.05263157894736842,0.8717948717948718,0.9090909090909091,0.0,0.0,0.0,0.9473684210526315,0.1282051282051282,0.09090909090909091
408,0.05263157894736842,0.8717948717948718,0.9090909090909091,0.05263157894736842,0.0,0.0,0.8947368421052632,0.1282051282051282,0.09090909090909091
409,0.05263157894736842,0.8717948717948718,0.9090909090909091,0.0,0.0,0.0,0.9473684210526315,0.1282051282051282,0.09090909090909091
410,0.3157894736842105,0.0,0.09090909090909091,0.0,0.8461538461538461,0.8181818181818182,0.6842105263157895,0.15384615384615385,0.09090909090909091
411,0.5789473684210527,0.0,0.0,0.0,0.8717948717948718,0.9090909090909091,0.42105263157894735,0.1282051282051282,0.09090909090909091
412,0.0,0.8717948717948718,0.9090909090909091,0.05263157894736842,0.0,0.0,0.9473684210526315,0.1282051282051282,0.09090909090909091
413,0.05263157894736842,0.8717948717948718,0.7272727272727273,0.0,0.0,0.0,0.9473684210526315,0.1282051282051282,0.2727272727272727
414,0.0,0.8717948717948718,0.9090909090909091,0.0,0.0,0.0,1.0,0.1282051282051282,0.09090909090909091
415,0.05263157894736842,0.8717948717948718,0.9090909090909091,0.0,0.0,0.0,0.9473684210526315,0.1282051282051282,0.09090909090909091
416,0.10526315789473684,0.0,0.0,0.10526315789473684,0.8461538461538461,0.9090909090909091,0.7894736842105263,0.15384615384615385,0.09090909090909091
417,0.2631578947368421,0.0,0.0,0.05263157894736842,0.8717948717948718,0.9090909090909091,0.6842105263157895,0.1282051282051282,0.09090909090909091
418,0.0,0.0,0.0,0.05263157894736842,0.8717948717948718,0.9090909090909091,0.9473684210526315,0.1282051282051282,0.09090909090909091
419,0.0,0.8461538461538461,0.9090909090909091,0.0,0.0,0.0,1.0,0.15384615384615385,0.09090909090909091
420,0.05263157894736842,0.8717948717948718,0.9090909090909091,0.05263157894736842,0.0,0.0,0.8947368421052632,0.1282051282051282,0.09090909090909091
421,0.0,0.8717948717948718,0.9090909090909091,0.0,0.0,0.0,1.0,0.1282051282051282,0.09090909090909091
422,0.05263157894736842,0.0,0.0,0.0,0.8461538461538461,0.9090909090909091,0.9473684210526315,0.15384615384615385,0.09090909090909091
423,0.10526315789473684,0.0,0.0,0.05263157894736842,0.8717948717948718,0.9090909090909091,0.8421052631578947,0.1282051282051282,0.09090909090909091
424,0.0,0.0,0.0,0.0,0.8461538461538461,0.9090909090909091,1.0,0.15384615384615385,0.09090909090909091
425,0.10526315789473684,0.0,0.0,0.0,0.8717948717948718,0.9090909090909091,0.8947368421052632,0.1282051282051282,0.09090909090909091
426,0.0,0.0,0.0,0.05263157894736842,0.8717948717948718,0.9090909090909091,0.9473684210526315,0.1282051282051282,0.09090909090909091
427,0.0,0.02564102564102564,0.0,0.05263157894736842,0.8461538461538461,0.9090909090909091,0.9473684210526315,0.1282051282051282,0.09090909090909091
428,0.2631578947368421,0.0,0.0,0.0,0.8461538461538461,0.9090909090909091,0.7368421052631579,0.15384615384615385,0.09090909090909091
429,0.0,0.0,0.0,0.0,0.8461538461538461,0.9090909090909091,1.0,0.15384615384615385,0.09090909090909091
430,0.6842105263157895,0.07692307692307693,0.0,0.0,0.7692307692307693,0.9090909090909091,0.3157894736842105,0.15384615384615385,0.09090909090909091
431,0.42105263157894735,0.0,0.0,0.0,0.8461538461538461,0.9090909090909091,0.5789473684210527,0.15384615384615385,0.09090909090909091
432,0.5263157894736842,0.0,0.0,0.05263157894736842,0.8717948717948718,0.9090909090909091,0.42105263157894735,0.1282051282051282,0.09090909090909091
433,0.47368421052631576,0.0,0.0,0.05263157894736842,0.8717948717948718,0.9090909090909091,0.47368421052631576,0.1282051282051282,0.09090909090909091
434,0.5789473684210527,0.0,0.0,0.0,0.8717948717948718,0.9090909090909091,0.42105263157894735,0.1282051282051282,0.09090909090909091
435,0.6842105263157895,0.0,0.09090909090909091,0.05263157894736842,0.8205128205128205,0.8181818181818182,0.2631578947368421,0.1794871794871795,0.09090909090909091
436,0.6842105263157895,0.0,0.0,0.0,0.8461538461538461,0.9090909090909091,0.3157894736842105,0.15384615384615385,0.09090909090909091
437,0.0,0.0,0.0,0.05263157894736842,0.8717948717948718,0.9090909090909091,0.9473684210526315,0.1282051282051282,0.09090909090909091
438,0.5789473684210527,0.0,0.0,0.05263157894736842,0.8461538461538461,0.9090909090909091,0.3684210526315789,0.15384615384615385,0.09090909090909091
439,0.5263157894736842,0.0,0.0,0.10526315789473684,0.7948717948717948,0.9090909090909091,0.3684210526315789,0.20512820512820512,0.09090909090909091
440,0.6842105263157895,0.02564102564102564,0.0,0.0,0.8461538461538461,0.9090909090909091,0.3157894736842105,0.1282051282051282,0.09090909090909091
441,0.6842105263157895,0.02564102564102564,0.09090909090909091,0.0,0.8205128205128205,0.8181818181818182,0.3157894736842105,0.15384615384615385,0.09090909090909091
442,0.6842105263157895,0.0,0.0,0.05263157894736842,0.8461538461538461,0.9090909090909091,0.2631578947368421,0.15384615384615385,0.09090909090909091
443,0.05263157894736842,0.8717948717948718,0.9090909090909091,0.0,0.0,0.0,0.9473684210526315,0.1282051282051282,0.09090909090909091
444,0.631578947368421,0.02564102564102564,0.0,0.05263157894736842,0.8461538461538461,0.9090909090909091,0.3157894736842105,0.1282051282051282,0.09090909090909091
445,0.47368421052631576,0.02564102564102564,0.0,0.0,0.7948717948717948,0.9090909090909091,0.5263157894736842,0.1794871794871795,0.09090909090909091
446,0.0,0.0,0.0,0.0,0.8717948717948718,0.9090909090909091,1.0,0.1282051282051282,0.09090909090909091
447,0.05263157894736842,0.0,0.09090909090909091,0.05263157894736842,0.8717948717948718,0.8181818181818182,0.8947368421052632,0.1282051282051282,0.09090909090909091
448,0.05263157894736842,0.0,0.0,0.0,0.8461538461538461,0.9090909090909091,0.9473684210526315,0.15384615384615385,0.09090909090909091
449,0.0,0.8461538461538461,0.9090909090909091,0.0,0.0,0.0,1.0,0.15384615384615385,0.09090909090909091
450,0.05263157894736842,0.8717948717948718,0.8181818181818182,0.0,0.0,0.09090909090909091,0.9473684210526315,0.1282051282051282,0.09090909090909091
451,0.0,0.8717948717948718,0.9090909090909091,0.0,0.0,0.0,1.0,0.1282051282051282,0.09090909090909091
452,0.3684210526315789,0.0,0.0,0.0,0.8717948717948718,0.9090909090909091,0.631578947368421,0.1282051282051282,0.09090909090909091
453,0.47368421052631576,0.0,0.0,0.0,0.8461538461538461,0.9090909090909091,0.5263157894736842,0.15384615384615385,0.09090909090909091
454,0.42105263157894735,0.0,0.0,0.10526315789473684,0.8461538461538461,0.9090909090909091,0.47368421052631576,0.15384615384615385,0.09090909090909091
455,0.3684210526315789,0.0,0.18181818181818182,0.05263157894736842,0.8205128205128205,0.7272727272727273,0.5789473684210527,0.1794871794871795,0.09090909090909091
456,0.15789473684210525,0.0,0.0,0.05263157894736842,0.8717948717948718,0.9090909090909091,0.7894736842105263,0.1282051282051282,0.09090909090909091
457,0.0,0.0,0.0,0.05263157894736842,0.8717948717948718,0.7272727272727273,0.9473684210526315,0.1282051282051282,0.2727272727272727
458,0.05263157894736842,0.0,0.0,0.0,0.8717948717948718,0.9090909090909091,0.9473684210526315,0.1282051282051282,0.09090909090909091
459,0.0,0.8461538461538461,0.9090909090909091,0.0,0.02564102564102564,0.0,1.0,0.1282051282051282,0.09090909090909091
460,0.15789473684210525,0.0,0.0,0.0,0.8461538461538461,0.9090909090909091,0.8421052631578947,0.15384615384615385,0.09090909090909091
461,0.0,0.0,0.0,0.05263157894736842,0.8717948717948718,0.9090909090909091,0.9473684210526315,0.1282051282051282,0.09090909090909091
462,0.0,0.0,0.0,0.0,0.8717948717948718,0.9090909090909091,1.0,0.1282051282051282,0.09090909090909091
463,0.10526315789473684,0.0,0.0,0.0,0.8717948717948718,0.9090909090909091,0.8947368421052632,0.1282051282051282,0.09090909090909091
464,0.0,0.0,0.0,0.05263157894736842,0.8717948717948718,0.9090909090909091,0.9473684210526315,0.1282051282051282,0.09090909090909091
465,0.0,0.0,0.0,0.05263157894736842,0.8717948717948718,0.9090909090909091,0.9473684210526315,0.1282051282051282,0.09090909090909091
466,0.10526315789473684,0.0,0.0,0.05263157894736842,0.8717948717948718,0.9090909090909091,0.8421052631578947,0.1282051282051282,0.09090909090909091
467,0.3684210526315789,0.0,0.0,0.10526315789473684,0.8461538461538461,0.9090909090909091,0.5263157894736842,0.15384615384615385,0.09090909090909091
468,0.42105263157894735,0.0,0.09090909090909091,0.0,0.8717948717948718,0.8181818181818182,0.5789473684210527,0.1282051282051282,0.09090909090909091
469,0.15789473684210525,0.0,0.0,0.05263157894736842,0.8717948717948718,0.9090909090909091,0.7894736842105263,0.1282051282051282,0.09090909090909091
470,0.5263157894736842,0.0,0.0,0.0,0.8461538461538461,0.9090909090909091,0.47368421052631576,0.15384615384615385,0.09090909090909091
471,0.3684210526315789,0.02564102564102564,0.0,0.10526315789473684,0.8461538461538461,0.9090909090909091,0.5263157894736842,0.1282051282051282,0.09090909090909091
472,0.05263157894736842,0.0,0.0,0.05263157894736842,0.8461538461538461,0.9090909090909091,0.8947368421052632,0.15384615384615385,0.09090909090909091
473,0.05263157894736842,0.8717948717948718,0.9090909090909091,0.0,0.0,0.0,0.9473684210526315,0.1282051282051282,0.09090909090909091
474,0.0,0.8717948717948718,0.9090909090909091,0.0,0.0,0.0,1.0,0.1282051282051282,0.09090909090909091
475,0.05263157894736842,0.8461538461538461,0.9090909090909091,0.0,0.0,0.0,0.9473684210526315,0.15384615384615385,0.09090909090909091
476,0.2631578947368421,0.02564102564102564,0.0,0.0,0.8461538461538461,0.9090909090909091,0.7368421052631579,0.1282051282051282,0.09090909090909091
477,0.3157894736842105,0.0,0.0,0.0,0.8717948717948718,0.9090909090909091,0.6842105263157895,0.1282051282051282,0.09090909090909091
478,0.0,0.0,0.0,0.05263157894736842,0.8461538461538461,0.9090909090909091,0.9473684210526315,0.15384615384615385,0.09090909090909091
479,0.5263157894736842,0.0,0.09090909090909091,0.0,0.8717948717948718,0.8181818181818182,0.47368421052631576,0.1282051282051282,0.09090909090909091
480,0.631578947368421,0.0,0.09090909090909091,0.05263157894736842,0.8461538461538461,0.8181818181818182,0.3157894736842105,0.15384615384615385,0.09090909090909091
481,0.631578947368421,0.02564102564102564,0.0,0.05263157894736842,0.8461538461538461,0.9090909090909091,0.3157894736842105,0.1282051282051282,0.09090909090909091
482,0.631578947368421,0.0,0.0,0.05263157894736842,0.8717948717948718,0.9090909090909091,0.3157894736842105,0.1282051282051282,0.09090909090909091
483,0.42105263157894735,0.0,0.0,0.0,0.8717948717948718,0.9090909090909091,0.5789473684210527,0.1282051282051282,0.09090909090909091
484,0.5789473684210527,0.0,0.0,0.05263157894736842,0.8461538461538461,0.9090909090909091,0.3684210526315789,0.15384615384615385,0.09090909090909091
485,0.6842105263157895,0.0,0.0,0.0,0.8461538461538461,0.9090909090909091,0.3157894736842105,0.15384615384615385,0.09090909090909091
486,0.47368421052631576,0.0,0.0,0.05263157894736842,0.8461538461538461,0.9090909090909091,0.47368421052631576,0.15384615384615385,0.09090909090909091
487,0.3157894736842105,0.0,0.0,0.05263157894736842,0.8717948717948718,0.9090909090909091,0.631578947368421,0.1282051282051282,0.09090909090909091
488,0.5263157894736842,0.0,0.0,0.05263157894736842,0.8461538461538461,0.9090909090909091,0.42105263157894735,0.15384615384615385,0.09090909090909091
489,0.3157894736842105,0.0,0.0,0.05263157894736842,0.8461538461538461,0.9090909090909091,0.631578947368421,0.15384615384615385,0.09090909090909091
490,0.0,0.0,0.0,0.05263157894736842,0.8717948717948718,0.9090909090909091,0.9473684210526315,0.1282051282051282,0.09090909090909091
491,0.0,0.0,0.0,0.05263157894736842,0.8717948717948718,0.9090909090909091,0.9473684210526315,0.1282051282051282,0.09090909090909091
492,0.3684210526315789,0.02564102564102564,0.0,0.0,0.8461538461538461,0.9090909090909091,0.631578947368421,0.1282051282051282,0.09090909090909091
493,0.5789473684210527,0.0,0.18181818181818182,0.05263157894736842,0.8205128205128205,0.7272727272727273,0.3684210526315789,0.1794871794871795,0.09090909090909091
494,0.6842105263157895,0.02564102564102564,0.0,0.05263157894736842,0.7948717948717948,0.9090909090909091,0.2631578947368421,0.1794871794871795,0.09090909090909091
495,0.5263157894736842,0.0,0.0,0.0,0.8717948717948718,0.9090909090909091,0.47368421052631576,0.1282051282051282,0.09090909090909091
496,0.5789473684210527,0.05128205128205128,0.09090909090909091,0.0,0.7435897435897436,0.8181818181818182,0.42105263157894735,0.20512820512820512,0.09090909090909091
497,0.47368421052631576,0.0,0.0,0.0,0.8461538461538461,0.9090909090909091,0.5263157894736842,0.15384615384615385,0.09090909090909091
498,0.3157894736842105,0.0,0.0,0.0,0.8461538461538461,0.9090909090909091,0.6842105263157895,0.15384615384615385,0.09090909090909091
499,0.47368421052631576,0.0,0.0,0.0,0.8461538461538461,0.9090909090909091,0.5263157894736842,0.15384615384615385,0.09090909090909091
500,0.3684210526315789,0.0,0.0,0.10526315789473684,0.8461538461538461,0.8181818181818182,0.5263157894736842,0.15384615384615385,0.18181818181818182
501,0.5789473684210527,0.0,0.0,0.05263157894736842,0.8717948717948718,0.9090909090909091,0.3684210526315789,0.1282051282051282,0.09090909090909091
502,0.5263157894736842,0.0,0.0,0.05263157894736842,0.8717948717948718,0.9090909090909091,0.42105263157894735,0.1282051282051282,0.09090909090909091
503,0.6842105263157895,0.0,0.0,0.0,0.8461538461538461,0.9090909090909091,0.3157894736842105,0.15384615384615385,0.09090909090909091
504,0.631578947368421,0.02564102564102564,0.09090909090909091,0.05263157894736842,0.8205128205128205,0.8181818181818182,0.3157894736842105,0.15384615384615385,0.09090909090909091
505,0.5789473684210527,0.02564102564102564,0.0,0.05263157894736842,0.7948717948717948,0.9090909090909091,0.3684210526315789,0.1794871794871795,0.09090909090909091
506,0.47368421052631576,0.0,0.0,0.10526315789473684,0.8205128205128205,0.9090909090909091,0.42105263157894735,0.1794871794871795,0.09090909090909091
507,0.2631578947368421,0.0,0.18181818181818182,0.05263157894736842,0.8461538461538461,0.7272727272727273,0.6842105263157895,0.15384615384615385,0.09090909090909091
508,0.0,0.0,0.0,0.0,0.8717948717948718,0.7272727272727273,1.0,0.1282051282051282,0.2727272727272727
509,0.0,0.0,0.0,0.05263157894736842,0.8717948717948718,0.8181818181818182,0.9473684210526315,0.1282051282051282,0.18181818181818182
510,0.631578947368421,0.0,0.0,0.0,0.8717948717948718,0.9090909090909091,0.3684210526315789,0.1282051282051282,0.09090909090909091
511,0.0,0.0,0.0,0.10526315789473684,0.8461538461538461,0.9090909090909091,0.8947368421052632,0.15384615384615385,0.09090909090909091
512,0.47368421052631576,0.0,0.0,0.05263157894736842,0.8717948717948718,0.9090909090909091,0.47368421052631576,0.1282051282051282,0.09090909090909091
513,0.2631578947368421,0.0,0.0,0.0,0.8717948717948718,0.8181818181818182,0.7368421052631579,0.1282051282051282,0.18181818181818182
514,0.0,0.0,0.0,0.0,0.8717948717948718,0.9090909090909091,1.0,0.1282051282051282,0.09090909090909091
515,0.15789473684210525,0.0,0.0,0.05263157894736842,0.8717948717948718,0.9090909090909091,0.7894736842105263,0.1282051282051282,0.09090909090909091
516,0.10526315789473684,0.0,0.0,0.10526315789473684,0.8205128205128205,0.7272727272727273,0.7894736842105263,0.1794871794871795,0.2727272727272727
517,0.0,0.0,0.0,0.05263157894736842,0.8717948717948718,0.9090909090909091,0.9473684210526315,0.1282051282051282,0.09090909090909091
518,0.05263157894736842,0.0,0.0,0.05263157894736842,0.8717948717948718,0.9090909090909091,0.8947368421052632,0.1282051282051282,0.09090909090909091
519,0.10526315789473684,0.0,0.0,0.10526315789473684,0.8461538461538461,0.9090909090909091,0.7894736842105263,0.15384615384615385,0.09090909090909091
520,0.5263157894736842,0.0,0.09090909090909091,0.05263157894736842,0.8205128205128205,0.7272727272727273,0.42105263157894735,0.1794871794871795,0.18181818181818182
521,0.631578947368421,0.0,0.0,0.0,0.8461538461538461,0.9090909090909091,0.3684210526315789,0.15384615384615385,0.09090909090909091
522,0.6842105263157895,0.0,0.0,0.0,0.8717948717948718,0.9090909090909091,0.3157894736842105,0.1282051282051282,0.09090909090909091
523,0.5263157894736842,0.0,0.09090909090909091,0.0,0.8461538461538461,0.8181818181818182,0.47368421052631576,0.15384615384615385,0.09090909090909091
524,0.6842105263157895,0.0,0.0,0.0,0.8717948717948718,0.9090909090909091,0.3157894736842105,0.1282051282051282,0.09090909090909091
525,0.3157894736842105,0.02564102564102564,0.09090909090909091,0.0,0.8205128205128205,0.8181818181818182,0.6842105263157895,0.15384615384615385,0.09090909090909091
526,0.05263157894736842,0.0,0.0,0.0,0.8717948717948718,0.9090909090909091,0.9473684210526315,0.1282051282051282,0.09090909090909091
527,0.2631578947368421,0.02564102564102564,0.0,0.05263157894736842,0.8205128205128205,0.9090909090909091,0.6842105263157895,0.15384615384615385,0.09090909090909091
528,0.6842105263157895,0.0,0.0,0.0,0.8717948717948718,0.9090909090909091,0.3157894736842105,0.1282051282051282,0.09090909090909091
529,0.631578947368421,0.0,0.09090909090909091,0.05263157894736842,0.8461538461538461,0.7272727272727273,0.3157894736842105,0.15384615384615385,0.18181818181818182
530,0.47368421052631576,0.0,0.0,0.05263157894736842,0.8717948717948718,0.9090909090909091,0.47368421052631576,0.1282051282051282,0.09090909090909091
531,0.3684210526315789,0.0,0.0,0.05263157894736842,0.8717948717948718,0.9090909090909091,0.5789473684210527,0.1282051282051282,0.09090909090909091
532,0.3684210526315789,0.0,0.0,0.05263157894736842,0.8717948717948718,0.9090909090909091,0.5789473684210527,0.1282051282051282,0.09090909090909091
533,0.5263157894736842,0.0,0.0,0.0,0.8717948717948718,0.9090909090909091,0.47368421052631576,0.1282051282051282,0.09090909090909091
534,0.3684210526315789,0.02564102564102564,0.0,0.05263157894736842,0.8461538461538461,0.8181818181818182,0.5789473684210527,0.1282051282051282,0.18181818181818182
535,0.05263157894736842,0.0,0.0,0.10526315789473684,0.8717948717948718,0.8181818181818182,0.8421052631578947,0.1282051282051282,0.18181818181818182
536,0.3157894736842105,0.0,0.0,0.0,0.8717948717948718,0.8181818181818182,0.6842105263157895,0.1282051282051282,0.18181818181818182
537,0.0,0.0,0.09090909090909091,0.10526315789473684,0.8461538461538461,0.8181818181818182,0.8947368421052632,0.15384615384615385,0.09090909090909091
538,0.05263157894736842,0.0,0.0,0.10526315789473684,0.8461538461538461,0.9090909090909091,0.8421052631578947,0.15384615384615385,0.09090909090909091
539,0.15789473684210525,0.0,0.0,0.05263157894736842,0.8717948717948718,0.9090909090909091,0.7894736842105263,0.1282051282051282,0.09090909090909091
540,0.10526315789473684,0.02564102564102564,0.0,0.05263157894736842,0.8205128205128205,0.9090909090909091,0.8421052631578947,0.15384615384615385,0.09090909090909091
541,0.3684210526315789,0.0,0.09090909090909091,0.05263157894736842,0.8717948717948718,0.8181818181818182,0.5789473684210527,0.1282051282051282,0.09090909090909091
542,0.631578947368421,0.0,0.0,0.0,0.8717948717948718,0.9090909090909091,0.3684210526315789,0.1282051282051282,0.09090909090909091
543,0.3157894736842105,0.0,0.0,0.0,0.8717948717948718,0.9090909090909091,0.6842105263157895,0.1282051282051282,0.09090909090909091
544,0.15789473684210525,0.02564102564102564,0.0,0.05263157894736842,0.8205128205128205,0.9090909090909091,0.7894736842105263,0.15384615384615385,0.09090909090909091
545,0.0,0.0,0.0,0.05263157894736842,0.8717948717948718,0.9090909090909091,0.9473684210526315,0.1282051282051282,0.09090909090909091
546,0.10526315789473684,0.0,0.09090909090909091,0.05263157894736842,0.8205128205128205,0.8181818181818182,0.8421052631578947,0.1794871794871795,0.09090909090909091
547,0.0,0.0,0.0,0.05263157894736842,0.8717948717948718,0.9090909090909091,0.9473684210526315,0.1282051282051282,0.09090909090909091
548,0.0,0.02564102564102564,0.0,0.0,0.8461538461538461,0.9090909090909091,1.0,0.1282051282051282,0.09090909090909091
549,0.0,0.02564102564102564,0.0,0.0,0.8205128205128205,0.9090909090909091,1.0,0.15384615384615385,0.09090909090909091
550,0.05263157894736842,0.0,0.0,0.05263157894736842,0.8717948717948718,0.9090909090909091,0.8947368421052632,0.1282051282051282,0.09090909090909091
551,0.05263157894736842,0.0,0.0,0.05263157894736842,0.8717948717948718,0.9090909090909091,0.8947368421052632,0.1282051282051282,0.09090909090909091
552,0.5263157894736842,0.0,0.0,0.0,0.8461538461538461,0.9090909090909091,0.47368421052631576,0.15384615384615385,0.09090909090909091
553,0.05263157894736842,0.0,0.0,0.10526315789473684,0.8461538461538461,0.9090909090909091,0.8421052631578947,0.15384615384615385,0.09090909090909091
554,0.631578947368421,0.05128205128205128,0.0,0.0,0.8205128205128205,0.9090909090909091,0.3684210526315789,0.1282051282051282,0.09090909090909091
555,0.6842105263157895,0.0,0.0,0.0,0.8461538461538461,0.9090909090909091,0.3157894736842105,0.15384615384615385,0.09090909090909091
556,0.6842105263157895,0.0,0.0,0.0,0.8717948717948718,0.8181818181818182,0.3157894736842105,0.1282051282051282,0.18181818181818182
557,0.6842105263157895,0.0,0.2727272727272727,0.0,0.8717948717948718,0.6363636363636364,0.3157894736842105,0.1282051282051282,0.09090909090909091
558,0.6842105263157895,0.02564102564102564,0.0,0.0,0.8461538461538461,0.9090909090909091,0.3157894736842105,0.1282051282051282,0.09090909090909091
559,0.5263157894736842,0.02564102564102564,0.0,0.10526315789473684,0.8461538461538461,0.9090909090909091,0.3684210526315789,0.1282051282051282,0.09090909090909091
560,0.6842105263157895,0.0,0.0,0.0,0.8717948717948718,0.9090909090909091,0.3157894736842105,0.1282051282051282,0.09090909090909091
561,0.631578947368421,0.0,0.0,0.05263157894736842,0.8461538461538461,0.9090909090909091,0.3157894736842105,0.15384615384615385,0.09090909090909091
562,0.47368421052631576,0.02564102564102564,0.0,0.05263157894736842,0.7948717948717948,0.9090909090909091,0.47368421052631576,0.1794871794871795,0.09090909090909091
563,0.631578947368421,0.0,0.0,0.0,0.8461538461538461,0.9090909090909091,0.3684210526315789,0.15384615384615385,0.09090909090909091
564,0.5789473684210527,0.05128205128205128,0.09090909090909091,0.0,0.7948717948717948,0.8181818181818182,0.42105263157894735,0.15384615384615385,0.09090909090909091
565,0.47368421052631576,0.0,0.0,0.0,0.8717948717948718,0.9090909090909091,0.5263157894736842,0.1282051282051282,0.09090909090909091
566,0.5789473684210527,0.0,0.0,0.0,0.8717948717948718,0.9090909090909091,0.42105263157894735,0.1282051282051282,0.09090909090909091
567,0.47368421052631576,0.02564102564102564,0.0,0.10526315789473684,0.8461538461538461,0.9090909090909091,0.42105263157894735,0.1282051282051282,0.09090909090909091
568,0.631578947368421,0.0,0.0,0.0,0.8717948717948718,0.9090909090909091,0.3684210526315789,0.1282051282051282,0.09090909090909091
569,0.5263157894736842,0.0,0.0,0.10526315789473684,0.8461538461538461,0.9090909090909091,0.3684210526315789,0.15384615384615385,0.09090909090909091
570,0.5263157894736842,0.0,0.0,0.0,0.8717948717948718,0.9090909090909091,0.47368421052631576,0.1282051282051282,0.09090909090909091
571,0.47368421052631576,0.0,0.0,0.05263157894736842,0.8461538461538461,0.9090909090909091,0.47368421052631576,0.15384615384615385,0.09090909090909091
572,0.3684210526315789,0.05128205128205128,0.0,0.05263157894736842,0.7948717948717948,0.9090909090909091,0.5789473684210527,0.15384615384615385,0.09090909090909091
573,0.5789473684210527,0.0,0.0,0.05263157894736842,0.8717948717948718,0.9090909090909091,0.3684210526315789,0.1282051282051282,0.09090909090909091
574,0.6842105263157895,0.02564102564102564,0.0,0.0,0.8461538461538461,0.9090909090909091,0.3157894736842105,0.1282051282051282,0.09090909090909091
575,0.5789473684210527,0.02564102564102564,0.0,0.05263157894736842,0.7948717948717948,0.9090909090909091,0.3684210526315789,0.1794871794871795,0.09090909090909091
576,0.631578947368421,0.0,0.0,0.0,0.8717948717948718,0.9090909090909091,0.3684210526315789,0.1282051282051282,0.09090909090909091
577,0.05263157894736842,0.0,0.0,0.05263157894736842,0.8717948717948718,0.9090909090909091,0.8947368421052632,0.1282051282051282,0.09090909090909091
578,0.631578947368421,0.02564102564102564,0.0,0.05263157894736842,0.8461538461538461,0.9090909090909091,0.3157894736842105,0.1282051282051282,0.09090909090909091
579,0.42105263157894735,0.0,0.0,0.0,0.8717948717948718,0.9090909090909091,0.5789473684210527,0.1282051282051282,0.09090909090909091
580,0.5789473684210527,0.0,0.0,0.0,0.8717948717948718,0.9090909090909091,0.42105263157894735,0.1282051282051282,0.09090909090909091
581,0.47368421052631576,0.0,0.0,0.0,0.8461538461538461,0.8181818181818182,0.5263157894736842,0.15384615384615385,0.18181818181818182
582,0.5789473684210527,0.0,0.09090909090909091,0.0,0.8717948717948718,0.8181818181818182,0.42105263157894735,0.1282051282051282,0.09090909090909091
583,0.5263157894736842,0.0,0.0,0.0,0.8717948717948718,0.9090909090909091,0.47368421052631576,0.1282051282051282,0.09090909090909091
584,0.15789473684210525,0.0,0.0,0.05263157894736842,0.8717948717948718,0.9090909090909091,0.7894736842105263,0.1282051282051282,0.09090909090909091
585,0.5789473684210527,0.0,0.0,0.0,0.8717948717948718,0.9090909090909091,0.42105263157894735,0.1282051282051282,0.09090909090909091
586,0.3684210526315789,0.0,0.0,0.05263157894736842,0.8717948717948718,0.8181818181818182,0.5789473684210527,0.1282051282051282,0.18181818181818182
587,0.47368421052631576,0.0,0.0,0.0,0.7948717948717948,0.9090909090909091,0.5263157894736842,0.20512820512820512,0.09090909090909091
588,0.2631578947368421,0.0,0.0,0.05263157894736842,0.8461538461538461,0.9090909090909091,0.6842105263157895,0.15384615384615385,0.09090909090909091
589,0.5263157894736842,0.0,0.0,0.0,0.8461538461538461,0.9090909090909091,0.47368421052631576,0.15384615384615385,0.09090909090909091
590,0.47368421052631576,0.0,0.09090909090909091,0.0,0.8205128205128205,0.8181818181818182,0.5263157894736842,0.1794871794871795,0.09090909090909091
591,0.05263157894736842,0.0,0.0,0.05263157894736842,0.8717948717948718,0.9090909090909091,0.8947368421052632,0.1282051282051282,0.09090909090909091
592,0.05263157894736842,0.0,0.0,0.05263157894736842,0.8717948717948718,0.9090909090909091,0.8947368421052632,0.1282051282051282,0.09090909090909091
593,0.0,0.0,0.0,0.05263157894736842,0.8461538461538461,0.9090909090909091,0.9473684210526315,0.15384615384615385,0.09090909090909091
594,0.05263157894736842,0.0,0.0,0.05263157894736842,0.8717948717948718,0.9090909090909091,0.8947368421052632,0.1282051282051282,0.09090909090909091
595,0.05263157894736842,0.0,0.0,0.05263157894736842,0.8717948717948718,0.9090909090909091,0.8947368421052632,0.1282051282051282,0.09090909090909091
596,0.05263157894736842,0.0,0.0,0.05263157894736842,0.8461538461538461,0.9090909090909091,0.8947368421052632,0.15384615384615385,0.09090909090909091
597,0.0,0.0,0.0,0.05263157894736842,0.8717948717948718,0.9090909090909091,0.9473684210526315,0.1282051282051282,0.09090909090909091
598,0.0,0.0,0.0,0.0,0.8717948717948718,0.9090909090909091,1.0,0.1282051282051282,0.09090909090909091
599,0.15789473684210525,0.0,0.0,0.0,0.8717948717948718,0.9090909090909091,0.8421052631578947,0.1282051282051282,0.09090909090909091
600,0.15789473684210525,0.02564102564102564,0.0,0.0,0.8205128205128205,0.8181818181818182,0.8421052631578947,0.15384615384615385,0.18181818181818182
601,0.10526315789473684,0.0,0.0,0.05263157894736842,0.8717948717948718,0.9090909090909091,0.8421052631578947,0.1282051282051282,0.09090909090909091
602,0.05263157894736842,0.0,0.0,0.0,0.8717948717948718,0.9090909090909091,0.9473684210526315,0.1282051282051282,0.09090909090909091
603,0.0,0.0,0.0,0.05263157894736842,0.8717948717948718,0.9090909090909091,0.9473684210526315,0.1282051282051282,0.09090909090909091
604,0.47368421052631576,0.0,0.0,0.05263157894736842,0.7692307692307693,0.9090909090909091,0.47368421052631576,0.23076923076923078,0.09090909090909091
605,0.42105263157894735,0.0,0.0,0.0,0.8717948717948718,0.9090909090909091,0.5789473684210527,0.1282051282051282,0.09090909090909091
606,0.05263157894736842,0.0,0.18181818181818182,0.05263157894736842,0.8717948717948718,0.7272727272727273,0.8947368421052632,0.1282051282051282,0.09090909090909091
607,0.3157894736842105,0.0,0.0,0.0,0.8717948717948718,0.9090909090909091,0.6842105263157895,0.1282051282051282,0.09090909090909091
608,0.15789473684210525,0.0,0.0,0.0,0.8717948717948718,0.7272727272727273,0.8421052631578947,0.1282051282051282,0.2727272727272727
609,0.3157894736842105,0.0,0.0,0.10526315789473684,0.8461538461538461,0.9090909090909091,0.5789473684210527,0.15384615384615385,0.09090909090909091
610,0.10526315789473684,0.0,0.0,0.10526315789473684,0.8461538461538461,0.9090909090909091,0.7894736842105263,0.15384615384615385,0.09090909090909091
611,0.0,0.0,0.0,0.0,0.8461538461538461,0.9090909090909091,1.0,0.15384615384615385,0.09090909090909091
612,0.0,0.0,0.0,0.05263157894736842,0.8717948717948718,0.9090909090909091,0.9473684210526315,0.1282051282051282,0.09090909090909091
613,0.3684210526315789,0.0,0.0,0.05263157894736842,0.8717948717948718,0.9090909090909091,0.5789473684210527,0.1282051282051282,0.09090909090909091
614,0.47368421052631576,0.0,0.0,0.0,0.8717948717948718,0.9090909090909091,0.5263157894736842,0.1282051282051282,0.09090909090909091
615,0.3157894736842105,0.0,0.0,0.05263157894736842,0.8205128205128205,0.9090909090909091,0.631578947368421,0.1794871794871795,0.09090909090909091
616,0.10526315789473684,0.0,0.0,0.05263157894736842,0.8461538461538461,0.9090909090909091,0.8421052631578947,0.15384615384615385,0.09090909090909091
617,0.5789473684210527,0.0,0.09090909090909091,0.05263157894736842,0.8717948717948718,0.7272727272727273,0.3684210526315789,0.1282051282051282,0.18181818181818182
618,0.0,0.0,0.0,0.05263157894736842,0.8461538461538461,0.9090909090909091,0.9473684210526315,0.15384615384615385,0.09090909090909091
619,0.05263157894736842,0.0,0.0,0.05263157894736842,0.8717948717948718,0.9090909090909091,0.8947368421052632,0.1282051282051282,0.09090909090909091
620,0.05263157894736842,0.02564102564102564,0.0,0.0,0.8205128205128205,0.9090909090909091,0.9473684210526315,0.15384615384615385,0.09090909090909091
621,0.05263157894736842,0.0,0.0,0.0,0.8461538461538461,0.7272727272727273,0.9473684210526315,0.15384615384615385,0.2727272727272727
622,0.5263157894736842,0.0,0.0,0.10526315789473684,0.8205128205128205,0.9090909090909091,0.3684210526315789,0.1794871794871795,0.09090909090909091
623,0.47368421052631576,0.02564102564102564,0.0,0.05263157894736842,0.8461538461538461,0.9090909090909091,0.47368421052631576,0.1282051282051282,0.09090909090909091
624,0.0,0.0,0.0,0.0,0.8717948717948718,0.9090909090909091,1.0,0.1282051282051282,0.09090909090909091
625,0.0,0.0,0.0,0.05263157894736842,0.8717948717948718,0.9090909090909091,0.9473684210526315,0.1282051282051282,0.09090909090909091
626,0.0,0.0,0.0,0.05263157894736842,0.8717948717948718,0.9090909090909091,0.9473684210526315,0.1282051282051282,0.09090909090909091
627,0.0,0.0,0.0,0.10526315789473684,0.8461538461538461,0.9090909090909091,0.8947368421052632,0.15384615384615385,0.09090909090909091
628,0.21052631578947367,0.0,0.0,0.10526315789473684,0.8461538461538461,0.9090909090909091,0.6842105263157895,0.15384615384615385,0.09090909090909091
629,0.47368421052631576,0.0,0.0,0.05263157894736842,0.8717948717948718,0.9090909090909091,0.47368421052631576,0.1282051282051282,0.09090909090909091
630,0.5789473684210527,0.0,0.0,0.05263157894736842,0.8205128205128205,0.9090909090909091,0.3684210526315789,0.1794871794871795,0.09090909090909091
631,0.47368421052631576,0.0,0.0,0.0,0.8717948717948718,0.9090909090909091,0.5263157894736842,0.1282051282051282,0.09090909090909091
632,0.631578947368421,0.0,0.0,0.05263157894736842,0.8717948717948718,0.9090909090909091,0.3157894736842105,0.1282051282051282,0.09090909090909091
633,0.47368421052631576,0.0,0.0,0.0,0.8461538461538461,0.9090909090909091,0.5263157894736842,0.15384615384615385,0.09090909090909091
634,0.5263157894736842,0.0,0.0,0.0,0.8717948717948718,0.8181818181818182,0.47368421052631576,0.1282051282051282,0.18181818181818182
635,0.42105263157894735,0.0,0.0,0.10526315789473684,0.8461538461538461,0.9090909090909091,0.47368421052631576,0.15384615384615385,0.09090909090909091
636,0.5263157894736842,0.02564102564102564,0.0,0.10526315789473684,0.8205128205128205,0.9090909090909091,0.3684210526315789,0.15384615384615385,0.09090909090909091
637,0.05263157894736842,0.0,0.0,0.05263157894736842,0.8717948717948718,0.9090909090909091,0.8947368421052632,0.1282051282051282,0.09090909090909091
638,0.5789473684210527,0.0,0.0,0.05263157894736842,0.8717948717948718,0.9090909090909091,0.3684210526315789,0.1282051282051282,0.09090909090909091
639,0.5789473684210527,0.0,0.0,0.05263157894736842,0.8717948717948718,0.9090909090909091,0.3684210526315789,0.1282051282051282,0.09090909090909091
640,0.42105263157894735,0.0,0.0,0.05263157894736842,0.8717948717948718,0.9090909090909091,0.5263157894736842,0.1282051282051282,0.09090909090909091
641,0.2631578947368421,0.0,0.0,0.05263157894736842,0.8717948717948718,0.9090909090909091,0.6842105263157895,0.1282051282051282,0.09090909090909091
642,0.15789473684210525,0.0,0.09090909090909091,0.05263157894736842,0.8461538461538461,0.8181818181818182,0.7894736842105263,0.15384615384615385,0.09090909090909091
643,0.15789473684210525,0.0,0.0,0.0,0.8717948717948718,0.9090909090909091,0.8421052631578947,0.1282051282051282,0.09090909090909091
644,0.3684210526315789,0.0,0.0,0.0,0.8717948717948718,0.8181818181818182,0.631578947368421,0.1282051282051282,0.18181818181818182
645,0.3157894736842105,0.0,0.0,0.0,0.8717948717948718,0.8181818181818182,0.6842105263157895,0.1282051282051282,0.18181818181818182
646,0.10526315789473684,0.0,0.0,0.05263157894736842,0.8717948717948718,0.9090909090909091,0.8421052631578947,0.1282051282051282,0.09090909090909091
647,0.3684210526315789,0.0,0.0,0.0,0.8717948717948718,0.9090909090909091,0.631578947368421,0.1282051282051282,0.09090909090909091
648,0.2631578947368421,0.0,0.0,0.05263157894736842,0.8717948717948718,0.9090909090909091,0.6842105263157895,0.1282051282051282,0.09090909090909091
649,0.5263157894736842,0.02564102564102564,0.0,0.0,0.8461538461538461,0.9090909090909091,0.47368421052631576,0.1282051282051282,0.09090909090909091
650,0.5789473684210527,0.0,0.0,0.0,0.8461538461538461,0.9090909090909091,0.42105263157894735,0.15384615384615385,0.09090909090909091
651,0.631578947368421,0.0,0.0,0.05263157894736842,0.8717948717948718,0.9090909090909091,0.3157894736842105,0.1282051282051282,0.09090909090909091
652,0.5789473684210527,0.0,0.0,0.0,0.8717948717948718,0.9090909090909091,0.42105263157894735,0.1282051282051282,0.09090909090909091
653,0.3157894736842105,0.0,0.0,0.0,0.8717948717948718,0.9090909090909091,0.6842105263157895,0.1282051282051282,0.09090909090909091
654,0.0,0.0,0.0,0.05263157894736842,0.7948717948717948,0.9090909090909091,0.9473684210526315,0.20512820512820512,0.09090909090909091
655,0.05263157894736842,0.0,0.0,0.05263157894736842,0.8717948717948718,0.8181818181818182,0.8947368421052632,0.1282051282051282,0.18181818181818182
656,0.0,0.0,0.0,0.0,0.8717948717948718,0.9090909090909091,1.0,0.1282051282051282,0.09090909090909091
657,0.0,0.0,0.0,0.05263157894736842,0.8205128205128205,0.7272727272727273,0.9473684210526315,0.1794871794871795,0.2727272727272727
658,0.0,0.0,0.0,0.05263157894736842,0.8461538461538461,0.9090909090909091,0.9473684210526315,0.15384615384615385,0.09090909090909091
659,0.05263157894736842,0.0,0.0,0.0,0.8205128205128205,0.8181818181818182,0.9473684210526315,0.1794871794871795,0.18181818181818182
660,0.15789473684210525,0.02564102564102564,0.0,0.0,0.8461538461538461,0.9090909090909091,0.8421052631578947,0.1282051282051282,0.09090909090909091
661,0.5263157894736842,0.0,0.0,0.0,0.8461538461538461,0.9090909090909091,0.47368421052631576,0.15384615384615385,0.09090909090909091
662,0.5263157894736842,0.0,0.0,0.15789473684210525,0.8205128205128205,0.9090909090909091,0.3157894736842105,0.1794871794871795,0.09090909090909091
663,0.5263157894736842,0.02564102564102564,0.09090909090909091,0.05263157894736842,0.8461538461538461,0.8181818181818182,0.42105263157894735,0.1282051282051282,0.09090909090909091
664,0.42105263157894735,0.0,0.0,0.05263157894736842,0.8205128205128205,0.8181818181818182,0.5263157894736842,0.1794871794871795,0.18181818181818182
665,0.47368421052631576,0.0,0.0,0.0,0.7948717948717948,0.9090909090909091,0.5263157894736842,0.20512820512820512,0.09090909090909091
666,0.47368421052631576,0.0,0.09090909090909091,0.0,0.8205128205128205,0.7272727272727273,0.5263157894736842,0.1794871794871795,0.18181818181818182
667,0.3684210526315789,0.0,0.0,0.05263157894736842,0.8717948717948718,0.9090909090909091,0.5789473684210527,0.1282051282051282,0.09090909090909091
668,0.5263157894736842,0.0,0.0,0.0,0.8205128205128205,0.9090909090909091,0.47368421052631576,0.1794871794871795,0.09090909090909091
669,0.42105263157894735,0.0,0.0,0.05263157894736842,0.8717948717948718,0.9090909090909091,0.5263157894736842,0.1282051282051282,0.09090909090909091
670,0.5263157894736842,0.0,0.0,0.0,0.8717948717948718,0.9090909090909091,0.47368421052631576,0.1282051282051282,0.09090909090909091
671,0.3157894736842105,0.0,0.0,0.05263157894736842,0.8717948717948718,0.9090909090909091,0.631578947368421,0.1282051282051282,0.09090909090909091
672,0.3684210526315789,0.0,0.0,0.0,0.8717948717948718,0.9090909090909091,0.631578947368421,0.1282051282051282,0.09090909090909091
673,0.15789473684210525,0.0,0.0,0.05263157894736842,0.8717948717948718,0.9090909090909091,0.7894736842105263,0.1282051282051282,0.09090909090909091
674,0.2631578947368421,0.0,0.0,0.0,0.8717948717948718,0.9090909090909091,0.7368421052631579,0.1282051282051282,0.09090909090909091
675,0.3684210526315789,0.02564102564102564,0.0,0.0,0.8461538461538461,0.8181818181818182,0.631578947368421,0.1282051282051282,0.18181818181818182
676,0.10526315789473684,0.0,0.0,0.05263157894736842,0.8205128205128205,0.9090909090909091,0.8421052631578947,0.1794871794871795,0.09090909090909091
677,0.0,0.0,0.09090909090909091,0.10526315789473684,0.8205128205128205,0.8181818181818182,0.8947368421052632,0.1794871794871795,0.09090909090909091
678,0.0,0.0,0.0,0.10526315789473684,0.8461538461538461,0.9090909090909091,0.8947368421052632,0.15384615384615385,0.09090909090909091
679,0.05263157894736842,0.0,0.0,0.05263157894736842,0.8717948717948718,0.9090909090909091,0.8947368421052632,0.1282051282051282,0.09090909090909091
680,0.2631578947368421,0.02564102564102564,0.0,0.0,0.7692307692307693,0.9090909090909091,0.7368421052631579,0.20512820512820512,0.09090909090909091
681,0.21052631578947367,0.0,0.0,0.0,0.8461538461538461,0.9090909090909091,0.7894736842105263,0.15384615384615385,0.09090909090909091
682,0.21052631578947367,0.0,0.18181818181818182,0.0,0.8717948717948718,0.7272727272727273,0.7894736842105263,0.1282051282051282,0.09090909090909091
683,0.3157894736842105,0.0,0.0,0.05263157894736842,0.8461538461538461,0.9090909090909091,0.631578947368421,0.15384615384615385,0.09090909090909091
684,0.0,0.02564102564102564,0.09090909090909091,0.05263157894736842,0.7692307692307693,0.8181818181818182,0.9473684210526315,0.20512820512820512,0.09090909090909091
685,0.10526315789473684,0.0,0.0,0.0,0.8717948717948718,0.9090909090909091,0.8947368421052632,0.1282051282051282,0.09090909090909091
686,0.0,0.0,0.0,0.05263157894736842,0.8717948717948718,0.9090909090909091,0.9473684210526315,0.1282051282051282,0.09090909090909091
687,0.05263157894736842,0.0,0.0,0.05263157894736842,0.8461538461538461,0.9090909090909091,0.8947368421052632,0.15384615384615385,0.09090909090909091
688,0.05263157894736842,0.0,0.0,0.0,0.8717948717948718,0.9090909090909091,0.9473684210526315,0.1282051282051282,0.09090909090909091
689,0.0,0.0,0.0,0.05263157894736842,0.8717948717948718,0.9090909090909091,0.9473684210526315,0.1282051282051282,0.09090909090909091
690,0.0,0.0,0.0,0.0,0.8461538461538461,0.9090909090909091,1.0,0.15384615384615385,0.09090909090909091
691,0.47368421052631576,0.0,0.0,0.0,0.8717948717948718,0.9090909090909091,0.5263157894736842,0.1282051282051282,0.09090909090909091
692,0.42105263157894735,0.0,0.0,0.0,0.8717948717948718,0.9090909090909091,0.5789473684210527,0.1282051282051282,0.09090909090909091
693,0.3157894736842105,0.0,0.0,0.0,0.8717948717948718,0.9090909090909091,0.6842105263157895,0.1282051282051282,0.09090909090909091
694,0.6842105263157895,0.02564102564102564,0.0,0.0,0.8461538461538461,0.9090909090909091,0.3157894736842105,0.1282051282051282,0.09090909090909091
695,0.5789473684210527,0.0,0.0,0.0,0.8717948717948718,0.9090909090909091,0.42105263157894735,0.1282051282051282,0.09090909090909091
696,0.0,0.0,0.0,0.0,0.8717948717948718,0.9090909090909091,1.0,0.1282051282051282,0.09090909090909091
697,0.10526315789473684,0.0,0.0,0.10526315789473684,0.8461538461538461,0.9090909090909091,0.7894736842105263,0.15384615384615385,0.09090909090909091
698,0.0,0.0,0.0,0.0,0.8717948717948718,0.9090909090909091,1.0,0.1282051282051282,0.09090909090909091
699,0.15789473684210525,0.0,0.0,0.0,0.8717948717948718,0.9090909090909091,0.8421052631578947,0.1282051282051282,0.09090909090909091
700,0.0,0.0,0.0,0.0,0.8717948717948718,0.9090909090909091,1.0,0.1282051282051282,0.09090909090909091
701,0.0,0.0,0.0,0.05263157894736842,0.8717948717948718,0.9090909090909091,0.9473684210526315,0.1282051282051282,0.09090909090909091
702,0.0,0.0,0.0,0.0,0.8717948717948718,0.9090909090909091,1.0,0.1282051282051282,0.09090909090909091
703,0.0,0.0,0.0,0.05263157894736842,0.8205128205128205,0.9090909090909091,0.9473684210526315,0.1794871794871795,0.09090909090909091
704,0.15789473684210525,0.0,0.0,0.0,0.8461538461538461,0.8181818181818182,0.8421052631578947,0.15384615384615385,0.18181818181818182
705,0.15789473684210525,0.0,0.0,0.05263157894736842,0.8461538461538461,0.9090909090909091,0.7894736842105263,0.15384615384615385,0.09090909090909091
706,0.3157894736842105,0.02564102564102564,0.0,0.05263157894736842,0.8461538461538461,0.9090909090909091,0.631578947368421,0.1282051282051282,0.09090909090909091
707,0.2631578947368421,0.0,0.0,0.10526315789473684,0.8461538461538461,0.9090909090909091,0.631578947368421,0.15384615384615385,0.09090909090909091
708,0.05263157894736842,0.0,0.0,0.15789473684210525,0.8205128205128205,0.9090909090909091,0.7894736842105263,0.1794871794871795,0.09090909090909091
709,0.0,0.0,0.0,0.0,0.8717948717948718,0.9090909090909091,1.0,0.1282051282051282,0.09090909090909091
710,0.0,0.0,0.0,0.0,0.8717948717948718,0.9090909090909091,1.0,0.1282051282051282,0.09090909090909091
711,0.05263157894736842,0.0,0.0,0.0,0.8461538461538461,0.9090909090909091,0.9473684210526315,0.15384615384615385,0.09090909090909091
712,0.0,0.0,0.09090909090909091,0.0,0.8461538461538461,0.8181818181818182,1.0,0.15384615384615385,0.09090909090909091
713,0.10526315789473684,0.0,0.0,0.05263157894736842,0.8717948717948718,0.9090909090909091,0.8421052631578947,0.1282051282051282,0.09090909090909091
714,0.10526315789473684,0.0,0.0,0.0,0.8717948717948718,0.9090909090909091,0.8947368421052632,0.1282051282051282,0.09090909090909091
715,0.0,0.0,0.0,0.05263157894736842,0.8717948717948718,0.9090909090909091,0.9473684210526315,0.1282051282051282,0.09090909090909091
716,0.21052631578947367,0.02564102564102564,0.0,0.05263157894736842,0.8461538461538461,0.9090909090909091,0.7368421052631579,0.1282051282051282,0.09090909090909091
717,0.2631578947368421,0.0,0.09090909090909091,0.0,0.8717948717948718,0.8181818181818182,0.7368421052631579,0.1282051282051282,0.09090909090909091
718,0.3684210526315789,0.0,0.0,0.05263157894736842,0.8205128205128205,0.9090909090909091,0.5789473684210527,0.1794871794871795,0.09090909090909091
719,0.42105263157894735,0.0,0.0,0.05263157894736842,0.8717948717948718,0.9090909090909091,0.5263157894736842,0.1282051282051282,0.09090909090909091
720,0.0,0.0,0.09090909090909091,0.05263157894736842,0.8717948717948718,0.8181818181818182,0.9473684210526315,0.1282051282051282,0.09090909090909091
721,0.47368421052631576,0.0,0.0,0.05263157894736842,0.8717948717948718,0.9090909090909091,0.47368421052631576,0.1282051282051282,0.09090909090909091
722,0.631578947368421,0.0,0.0,0.05263157894736842,0.8461538461538461,0.9090909090909091,0.3157894736842105,0.15384615384615385,0.09090909090909091
723,0.6842105263157895,0.0,0.0,0.0,0.8717948717948718,0.9090909090909091,0.3157894736842105,0.1282051282051282,0.09090909090909091
724,0.21052631578947367,0.0,0.0,0.05263157894736842,0.8205128205128205,0.9090909090909091,0.7368421052631579,0.1794871794871795,0.09090909090909091
725,0.5789473684210527,0.02564102564102564,0.0,0.10526315789473684,0.8461538461538461,0.9090909090909091,0.3157894736842105,0.1282051282051282,0.09090909090909091
726,0.6842105263157895,0.0,0.0,0.0,0.8461538461538461,0.9090909090909091,0.3157894736842105,0.15384615384615385,0.09090909090909091
727,0.42105263157894735,0.05128205128205128,0.0,0.10526315789473684,0.8205128205128205,0.9090909090909091,0.47368421052631576,0.1282051282051282,0.09090909090909091
728,0.631578947368421,0.0,0.0,0.0,0.8717948717948718,0.9090909090909091,0.3684210526315789,0.1282051282051282,0.09090909090909091
729,0.6842105263157895,0.0,0.0,0.0,0.8717948717948718,0.9090909090909091,0.3157894736842105,0.1282051282051282,0.09090909090909091
730,0.5263157894736842,0.0,0.0,0.05263157894736842,0.8717948717948718,0.9090909090909091,0.42105263157894735,0.1282051282051282,0.09090909090909091
731,0.6842105263157895,0.0,0.0,0.0,0.8717948717948718,0.9090909090909091,0.3157894736842105,0.1282051282051282,0.09090909090909091
732,0.6842105263157895,0.0,0.0,0.0,0.8717948717948718,0.9090909090909091,0.3157894736842105,0.1282051282051282,0.09090909090909091
733,0.42105263157894735,0.0,0.09090909090909091,0.0,0.8461538461538461,0.8181818181818182,0.5789473684210527,0.15384615384615385,0.09090909090909091
734,0.3157894736842105,0.0,0.0,0.0,0.8461538461538461,0.9090909090909091,0.6842105263157895,0.15384615384615385,0.09090909090909091
735,0.0,0.0,0.0,0.10526315789473684,0.8461538461538461,0.9090909090909091,0.8947368421052632,0.15384615384615385,0.09090909090909091
736,0.0,0.0,0.0,0.10526315789473684,0.8461538461538461,0.9090909090909091,0.8947368421052632,0.15384615384615385,0.09090909090909091
737,0.0,0.0,0.18181818181818182,0.05263157894736842,0.8461538461538461,0.7272727272727273,0.9473684210526315,0.15384615384615385,0.09090909090909091
738,0.21052631578947367,0.0,0.0,0.0,0.8461538461538461,0.9090909090909091,0.7894736842105263,0.15384615384615385,0.09090909090909091
739,0.05263157894736842,0.0,0.0,0.15789473684210525,0.8205128205128205,0.9090909090909091,0.7894736842105263,0.1794871794871795,0.09090909090909091
740,0.15789473684210525,0.02564102564102564,0.0,0.0,0.8461538461538461,0.9090909090909091,0.8421052631578947,0.1282051282051282,0.09090909090909091
741,0.3684210526315789,0.0,0.0,0.05263157894736842,0.8717948717948718,0.9090909090909091,0.5789473684210527,0.1282051282051282,0.09090909090909091
742,0.5789473684210527,0.0,0.0,0.0,0.8717948717948718,0.9090909090909091,0.42105263157894735,0.1282051282051282,0.09090909090909091
743,0.6842105263157895,0.0,0.0,0.05263157894736842,0.8461538461538461,0.9090909090909091,0.2631578947368421,0.15384615384615385,0.09090909090909091
744,0.6842105263157895,0.02564102564102564,0.0,0.05263157894736842,0.8461538461538461,0.9090909090909091,0.2631578947368421,0.1282051282051282,0.09090909090909091
745,0.47368421052631576,0.0,0.09090909090909091,0.0,0.8461538461538461,0.7272727272727273,0.5263157894736842,0.15384615384615385,0.18181818181818182
746,0.2631578947368421,0.0,0.0,0.10526315789473684,0.8461538461538461,0.9090909090909091,0.631578947368421,0.15384615384615385,0.09090909090909091
747,0.0,0.0,0.0,0.05263157894736842,0.8717948717948718,0.9090909090909091,0.9473684210526315,0.1282051282051282,0.09090909090909091
748,0.0,0.0,0.0,0.05263157894736842,0.8717948717948718,0.9090909090909091,0.9473684210526315,0.1282051282051282,0.09090909090909091
749,0.0,0.0,0.0,0.05263157894736842,0.8717948717948718,0.9090909090909091,0.9473684210526315,0.1282051282051282,0.09090909090909091
750,0.0,0.0,0.0,0.05263157894736842,0.8717948717948718,0.9090909090909091,0.9473684210526315,0.1282051282051282,0.09090909090909091
751,0.0,0.05128205128205128,0.0,0.0,0.8205128205128205,0.9090909090909091,1.0,0.1282051282051282,0.09090909090909091
752,0.0,0.0,0.0,0.0,0.8717948717948718,0.9090909090909091,1.0,0.1282051282051282,0.09090909090909091
753,0.0,0.0,0.09090909090909091,0.10526315789473684,0.8461538461538461,0.8181818181818182,0.8947368421052632,0.15384615384615385,0.09090909090909091
754,0.10526315789473684,0.0,0.0,0.10526315789473684,0.8461538461538461,0.9090909090909091,0.7894736842105263,0.15384615384615385,0.09090909090909091
755,0.5789473684210527,0.02564102564102564,0.0,0.05263157894736842,0.8461538461538461,0.9090909090909091,0.3684210526315789,0.1282051282051282,0.09090909090909091
756,0.5789473684210527,0.0,0.0,0.0,0.8717948717948718,0.9090909090909091,0.42105263157894735,0.1282051282051282,0.09090909090909091
757,0.5263157894736842,0.05128205128205128,0.0,0.0,0.7948717948717948,0.9090909090909091,0.47368421052631576,0.15384615384615385,0.09090909090909091
758,0.05263157894736842,0.0,0.0,0.10526315789473684,0.7692307692307693,0.9090909090909091,0.8421052631578947,0.23076923076923078,0.09090909090909091
759,0.3684210526315789,0.05128205128205128,0.0,0.0,0.8205128205128205,0.9090909090909091,0.631578947368421,0.1282051282051282,0.09090909090909091
760,0.631578947368421,0.0,0.0,0.05263157894736842,0.8717948717948718,0.9090909090909091,0.3157894736842105,0.1282051282051282,0.09090909090909091
761,0.5789473684210527,0.0,0.0,0.0,0.8461538461538461,0.9090909090909091,0.42105263157894735,0.15384615384615385,0.09090909090909091
762,0.42105263157894735,0.02564102564102564,0.0,0.0,0.8461538461538461,0.8181818181818182,0.5789473684210527,0.1282051282051282,0.18181818181818182
763,0.5789473684210527,0.0,0.0,0.05263157894736842,0.8717948717948718,0.9090909090909091,0.3684210526315789,0.1282051282051282,0.09090909090909091
764,0.5263157894736842,0.05128205128205128,0.0,0.05263157894736842,0.8205128205128205,0.9090909090909091,0.42105263157894735,0.1282051282051282,0.09090909090909091
765,0.42105263157894735,0.0,0.0,0.0,0.8717948717948718,0.9090909090909091,0.5789473684210527,0.1282051282051282,0.09090909090909091
766,0.2631578947368421,0.0,0.0,0.0,0.8717948717948718,0.9090909090909091,0.7368421052631579,0.1282051282051282,0.09090909090909091
767,0.05263157894736842,0.0,0.0,0.10526315789473684,0.8205128205128205,0.9090909090909091,0.8421052631578947,0.1794871794871795,0.09090909090909091
768,0.3684210526315789,0.0,0.0,0.0,0.8717948717948718,0.9090909090909091,0.631578947368421,0.1282051282051282,0.09090909090909091
769,0.0,0.0,0.0,0.0,0.8717948717948718,0.9090909090909091,1.0,0.1282051282051282,0.09090909090909091
770,0.2631578947368421,0.0,0.0,0.10526315789473684,0.8205128205128205,0.9090909090909091,0.631578947368421,0.1794871794871795,0.09090909090909091
771,0.47368421052631576,0.0,0.0,0.05263157894736842,0.8717948717948718,0.9090909090909091,0.47368421052631576,0.1282051282051282,0.09090909090909091
772,0.5263157894736842,0.0,0.0,0.0,0.8461538461538461,0.9090909090909091,0.47368421052631576,0.15384615384615385,0.09090909090909091
773,0.5263157894736842,0.0,0.0,0.05263157894736842,0.8717948717948718,0.8181818181818182,0.42105263157894735,0.1282051282051282,0.18181818181818182
774,0.5789473684210527,0.0,0.0,0.10526315789473684,0.8461538461538461,0.9090909090909091,0.3157894736842105,0.15384615384615385,0.09090909090909091
775,0.47368421052631576,0.0,0.0,0.05263157894736842,0.8717948717948718,0.9090909090909091,0.47368421052631576,0.1282051282051282,0.09090909090909091
776,0.47368421052631576,0.0,0.0,0.0,0.8461538461538461,0.9090909090909091,0.5263157894736842,0.15384615384615385,0.09090909090909091
777,0.5789473684210527,0.0,0.09090909090909091,0.05263157894736842,0.8461538461538461,0.8181818181818182,0.3684210526315789,0.15384615384615385,0.09090909090909091
778,0.5263157894736842,0.02564102564102564,0.0,0.05263157894736842,0.8205128205128205,0.9090909090909091,0.42105263157894735,0.15384615384615385,0.09090909090909091
779,0.5263157894736842,0.0,0.0,0.0,0.8717948717948718,0.9090909090909091,0.47368421052631576,0.1282051282051282,0.09090909090909091
780,0.3684210526315789,0.0,0.0,0.05263157894736842,0.8461538461538461,0.9090909090909091,0.5789473684210527,0.15384615384615385,0.09090909090909091
781,0.631578947368421,0.0,0.0,0.0,0.8461538461538461,0.9090909090909091,0.3684210526315789,0.15384615384615385,0.09090909090909091
782,0.631578947368421,0.0,0.0,0.0,0.8717948717948718,0.9090909090909091,0.3684210526315789,0.1282051282051282,0.09090909090909091
783,0.42105263157894735,0.0,0.0,0.0,0.8461538461538461,0.9090909090909091,0.5789473684210527,0.15384615384615385,0.09090909090909091
784,0.0,0.02564102564102564,0.0,0.0,0.8461538461538461,0.9090909090909091,1.0,0.1282051282051282,0.09090909090909091
785,0.05263157894736842,0.0,0.09090909090909091,0.05263157894736842,0.8205128205128205,0.8181818181818182,0.8947368421052632,0.1794871794871795,0.09090909090909091
786,0.5263157894736842,0.0,0.0,0.0,0.8717948717948718,0.9090909090909091,0.47368421052631576,0.1282051282051282,0.09090909090909091
787,0.5263157894736842,0.02564102564102564,0.0,0.05263157894736842,0.8205128205128205,0.9090909090909091,0.42105263157894735,0.15384615384615385,0.09090909090909091
788,0.5789473684210527,0.02564102564102564,0.0,0.05263157894736842,0.8461538461538461,0.9090909090909091,0.3684210526315789,0.1282051282051282,0.09090909090909091
789,0.0,0.0,0.0,0.05263157894736842,0.8717948717948718,0.9090909090909091,0.9473684210526315,0.1282051282051282,0.09090909090909091
790,0.0,0.0,0.0,0.0,0.8461538461538461,0.9090909090909091,1.0,0.15384615384615385,0.09090909090909091
791,0.5789473684210527,0.0,0.18181818181818182,0.0,0.8717948717948718,0.7272727272727273,0.42105263157894735,0.1282051282051282,0.09090909090909091
792,0.5263157894736842,0.0,0.0,0.05263157894736842,0.8717948717948718,0.9090909090909091,0.42105263157894735,0.1282051282051282,0.09090909090909091
793,0.631578947368421,0.0,0.0,0.0,0.8717948717948718,0.9090909090909091,0.3684210526315789,0.1282051282051282,0.09090909090909091
794,0.5263157894736842,0.0,0.0,0.05263157894736842,0.8717948717948718,0.9090909090909091,0.42105263157894735,0.1282051282051282,0.09090909090909091
795,0.6842105263157895,0.0,0.0,0.0,0.8717948717948718,0.9090909090909091,0.3157894736842105,0.1282051282051282,0.09090909090909091
796,0.47368421052631576,0.02564102564102564,0.0,0.10526315789473684,0.8461538461538461,0.7272727272727273,0.42105263157894735,0.1282051282051282,0.2727272727272727
797,0.5789473684210527,0.0,0.0,0.10526315789473684,0.8205128205128205,0.9090909090909091,0.3157894736842105,0.1794871794871795,0.09090909090909091
798,0.631578947368421,0.0,0.0,0.05263157894736842,0.8717948717948718,0.9090909090909091,0.3157894736842105,0.1282051282051282,0.09090909090909091
799,0.631578947368421,0.0,0.0,0.05263157894736842,0.8205128205128205,0.9090909090909091,0.3157894736842105,0.1794871794871795,0.09090909090909091
800,0.631578947368421,0.02564102564102564,0.0,0.05263157894736842,0.8205128205128205,0.9090909090909091,0.3157894736842105,0.15384615384615385,0.09090909090909091
801,0.42105263157894735,0.0,0.0,0.0,0.8717948717948718,0.9090909090909091,0.5789473684210527,0.1282051282051282,0.09090909090909091
802,0.3157894736842105,0.0,0.0,0.0,0.8717948717948718,0.9090909090909091,0.6842105263157895,0.1282051282051282,0.09090909090909091
803,0.2631578947368421,0.0,0.0,0.05263157894736842,0.7948717948717948,0.9090909090909091,0.6842105263157895,0.20512820512820512,0.09090909090909091
804,0.5263157894736842,0.0,0.0,0.0,0.8461538461538461,0.8181818181818182,0.47368421052631576,0.15384615384615385,0.18181818181818182
805,0.2631578947368421,0.02564102564102564,0.0,0.05263157894736842,0.8461538461538461,0.9090909090909091,0.6842105263157895,0.1282051282051282,0.09090909090909091
806,0.3684210526315789,0.0,0.0,0.0,0.8717948717948718,0.9090909090909091,0.631578947368421,0.1282051282051282,0.09090909090909091
807,0.42105263157894735,0.02564102564102564,0.09090909090909091,0.05263157894736842,0.8205128205128205,0.8181818181818182,0.5263157894736842,0.15384615384615385,0.09090909090909091
808,0.2631578947368421,0.0,0.0,0.05263157894736842,0.8461538461538461,0.9090909090909091,0.6842105263157895,0.15384615384615385,0.09090909090909091
809,0.47368421052631576,0.0,0.0,0.05263157894736842,0.8461538461538461,0.9090909090909091,0.47368421052631576,0.15384615384615385,0.09090909090909091
810,0.0,0.0,0.0,0.10526315789473684,0.8461538461538461,0.9090909090909091,0.8947368421052632,0.15384615384615385,0.09090909090909091
811,0.10526315789473684,0.02564102564102564,0.0,0.10526315789473684,0.8461538461538461,0.9090909090909091,0.7894736842105263,0.1282051282051282,0.09090909090909091
812,0.3684210526315789,0.0,0.09090909090909091,0.0,0.8461538461538461,0.8181818181818182,0.631578947368421,0.15384615384615385,0.09090909090909091
813,0.5789473684210527,0.0,0.0,0.0,0.8717948717948718,0.9090909090909091,0.42105263157894735,0.1282051282051282,0.09090909090909091
814,0.5789473684210527,0.0,0.0,0.05263157894736842,0.8717948717948718,0.9090909090909091,0.3684210526315789,0.1282051282051282,0.09090909090909091
815,0.631578947368421,0.0,0.0,0.0,0.8461538461538461,0.9090909090909091,0.3684210526315789,0.15384615384615385,0.09090909090909091
816,0.5263157894736842,0.0,0.0,0.0,0.8717948717948718,0.9090909090909091,0.47368421052631576,0.1282051282051282,0.09090909090909091
817,0.15789473684210525,0.02564102564102564,0.0,0.10526315789473684,0.8461538461538461,0.9090909090909091,0.7368421052631579,0.1282051282051282,0.09090909090909091
818,0.0,0.0,0.0,0.05263157894736842,0.8717948717948718,0.9090909090909091,0.9473684210526315,0.1282051282051282,0.09090909090909091
819,0.05263157894736842,0.0,0.0,0.05263157894736842,0.8717948717948718,0.9090909090909091,0.8947368421052632,0.1282051282051282,0.09090909090909091
820,0.15789473684210525,0.0,0.0,0.10526315789473684,0.8461538461538461,0.8181818181818182,0.7368421052631579,0.15384615384615385,0.18181818181818182
821,0.5789473684210527,0.0,0.0,0.05263157894736842,0.8461538461538461,0.8181818181818182,0.3684210526315789,0.15384615384615385,0.18181818181818182
822,0.5263157894736842,0.0,0.0,0.0,0.8717948717948718,0.9090909090909091,0.47368421052631576,0.1282051282051282,0.09090909090909091
823,0.631578947368421,0.0,0.0,0.0,0.8461538461538461,0.9090909090909091,0.3684210526315789,0.15384615384615385,0.09090909090909091
824,0.5789473684210527,0.0,0.0,0.10526315789473684,0.8205128205128205,0.9090909090909091,0.3157894736842105,0.1794871794871795,0.09090909090909091
825,0.5263157894736842,0.0,0.0,0.0,0.8717948717948718,0.9090909090909091,0.47368421052631576,0.1282051282051282,0.09090909090909091
826,0.42105263157894735,0.0,0.0,0.0,0.8717948717948718,0.9090909090909091,0.5789473684210527,0.1282051282051282,0.09090909090909091
827,0.0,0.0,0.0,0.0,0.8717948717948718,0.9090909090909091,1.0,0.1282051282051282,0.09090909090909091
828,0.5789473684210527,0.0,0.0,0.05263157894736842,0.8717948717948718,0.9090909090909091,0.3684210526315789,0.1282051282051282,0.09090909090909091
829,0.47368421052631576,0.0,0.0,0.05263157894736842,0.8461538461538461,0.9090909090909091,0.47368421052631576,0.15384615384615385,0.09090909090909091
830,0.631578947368421,0.0,0.0,0.0,0.8717948717948718,0.8181818181818182,0.3684210526315789,0.1282051282051282,0.18181818181818182
831,0.42105263157894735,0.0,0.09090909090909091,0.05263157894736842,0.8461538461538461,0.7272727272727273,0.5263157894736842,0.15384615384615385,0.18181818181818182
832,0.47368421052631576,0.0,0.0,0.0,0.8717948717948718,0.9090909090909091,0.5263157894736842,0.1282051282051282,0.09090909090909091
833,0.5789473684210527,0.0,0.0,0.0,0.8717948717948718,0.9090909090909091,0.42105263157894735,0.1282051282051282,0.09090909090909091
834,0.10526315789473684,0.0,0.0,0.05263157894736842,0.8461538461538461,0.9090909090909091,0.8421052631578947,0.15384615384615385,0.09090909090909091
835,0.3157894736842105,0.02564102564102564,0.0,0.0,0.8205128205128205,0.9090909090909091,0.6842105263157895,0.15384615384615385,0.09090909090909091
836,0.15789473684210525,0.0,0.0,0.05263157894736842,0.8717948717948718,0.9090909090909091,0.7894736842105263,0.1282051282051282,0.09090909090909091
837,0.21052631578947367,0.0,0.0,0.05263157894736842,0.8717948717948718,0.8181818181818182,0.7368421052631579,0.1282051282051282,0.18181818181818182
838,0.05263157894736842,0.05128205128205128,0.0,0.05263157894736842,0.8205128205128205,0.9090909090909091,0.8947368421052632,0.1282051282051282,0.09090909090909091
839,0.05263157894736842,0.02564102564102564,0.0,0.10526315789473684,0.7948717948717948,0.8181818181818182,0.8421052631578947,0.1794871794871795,0.18181818181818182
840,0.0,0.0,0.0,0.05263157894736842,0.8717948717948718,0.9090909090909091,0.9473684210526315,0.1282051282051282,0.09090909090909091
841,0.10526315789473684,0.0,0.0,0.05263157894736842,0.8461538461538461,0.9090909090909091,0.8421052631578947,0.15384615384615385,0.09090909090909091
842,0.05263157894736842,0.0,0.0,0.10526315789473684,0.8461538461538461,0.9090909090909091,0.8421052631578947,0.15384615384615385,0.09090909090909091
843,0.0,0.0,0.0,0.10526315789473684,0.8461538461538461,0.9090909090909091,0.8947368421052632,0.15384615384615385,0.09090909090909091
844,0.0,0.0,0.0,0.05263157894736842,0.8461538461538461,0.9090909090909091,0.9473684210526315,0.15384615384615385,0.09090909090909091
845,0.5263157894736842,0.0,0.0,0.0,0.8717948717948718,0.9090909090909091,0.47368421052631576,0.1282051282051282,0.09090909090909091
846,0.5789473684210527,0.0,0.0,0.05263157894736842,0.8461538461538461,0.9090909090909091,0.3684210526315789,0.15384615384615385,0.09090909090909091
847,0.21052631578947367,0.0,0.0,0.0,0.8461538461538461,0.9090909090909091,0.7894736842105263,0.15384615384615385,0.09090909090909091
848,0.47368421052631576,0.0,0.0,0.0,0.8717948717948718,0.9090909090909091,0.5263157894736842,0.1282051282051282,0.09090909090909091
849,0.5789473684210527,0.0,0.0,0.0,0.8717948717948718,0.9090909090909091,0.42105263157894735,0.1282051282051282,0.09090909090909091
850,0.631578947368421,0.0,0.0,0.0,0.8717948717948718,0.9090909090909091,0.3684210526315789,0.1282051282051282,0.09090909090909091
851,0.5789473684210527,0.0,0.0,0.0,0.8461538461538461,0.8181818181818182,0.42105263157894735,0.15384615384615385,0.18181818181818182
852,0.631578947368421,0.0,0.0,0.05263157894736842,0.8461538461538461,0.9090909090909091,0.3157894736842105,0.15384615384615385,0.09090909090909091
853,0.631578947368421,0.02564102564102564,0.0,0.05263157894736842,0.8461538461538461,0.9090909090909091,0.3157894736842105,0.1282051282051282,0.09090909090909091
854,0.631578947368421,0.0,0.0,0.0,0.8461538461538461,0.9090909090909091,0.3684210526315789,0.15384615384615385,0.09090909090909091
855,0.10526315789473684,0.0,0.0,0.10526315789473684,0.8717948717948718,0.8181818181818182,0.7894736842105263,0.1282051282051282,0.18181818181818182
856,0.42105263157894735,0.0,0.0,0.0,0.8717948717948718,0.8181818181818182,0.5789473684210527,0.1282051282051282,0.18181818181818182
857,0.3684210526315789,0.0,0.0,0.0,0.8717948717948718,0.9090909090909091,0.631578947368421,0.1282051282051282,0.09090909090909091
858,0.0,0.0,0.0,0.0,0.8717948717948718,0.9090909090909091,1.0,0.1282051282051282,0.09090909090909091
859,0.0,0.0,0.0,0.05263157894736842,0.8461538461538461,0.9090909090909091,0.9473684210526315,0.15384615384615385,0.09090909090909091
860,0.05263157894736842,0.0,0.09090909090909091,0.0,0.8461538461538461,0.8181818181818182,0.9473684210526315,0.15384615384615385,0.09090909090909091
861,0.05263157894736842,0.02564102564102564,0.0,0.0,0.8205128205128205,0.9090909090909091,0.9473684210526315,0.15384615384615385,0.09090909090909091
862,0.05263157894736842,0.0,0.0,0.0,0.8717948717948718,0.9090909090909091,0.9473684210526315,0.1282051282051282,0.09090909090909091
863,0.0,0.0,0.0,0.05263157894736842,0.8717948717948718,0.9090909090909091,0.9473684210526315,0.1282051282051282,0.09090909090909091
864,0.05263157894736842,0.02564102564102564,0.0,0.0,0.8205128205128205,0.9090909090909091,0.9473684210526315,0.15384615384615385,0.09090909090909091
865,0.10526315789473684,0.0,0.09090909090909091,0.0,0.8717948717948718,0.8181818181818182,0.8947368421052632,0.1282051282051282,0.09090909090909091
866,0.5789473684210527,0.0,0.0,0.05263157894736842,0.8461538461538461,0.9090909090909091,0.3684210526315789,0.15384615384615385,0.09090909090909091
867,0.21052631578947367,0.0,0.0,0.05263157894736842,0.8717948717948718,0.9090909090909091,0.7368421052631579,0.1282051282051282,0.09090909090909091
868,0.15789473684210525,0.0,0.0,0.05263157894736842,0.8717948717948718,0.9090909090909091,0.7894736842105263,0.1282051282051282,0.09090909090909091
869,0.0,0.02564102564102564,0.0,0.05263157894736842,0.8461538461538461,0.9090909090909091,0.9473684210526315,0.1282051282051282,0.09090909090909091
870,0.05263157894736842,0.0,0.0,0.0,0.8461538461538461,0.9090909090909091,0.9473684210526315,0.15384615384615385,0.09090909090909091
871,0.0,0.0,0.0,0.05263157894736842,0.8717948717948718,0.9090909090909091,0.9473684210526315,0.1282051282051282,0.09090909090909091
872,0.0,0.0,0.0,0.10526315789473684,0.8461538461538461,0.9090909090909091,0.8947368421052632,0.15384615384615385,0.09090909090909091
873,0.21052631578947367,0.0,0.0,0.0,0.8717948717948718,0.9090909090909091,0.7894736842105263,0.1282051282051282,0.09090909090909091
874,0.0,0.0,0.0,0.10526315789473684,0.8461538461538461,0.9090909090909091,0.8947368421052632,0.15384615384615385,0.09090909090909091
875,0.0,0.0,0.0,0.10526315789473684,0.8461538461538461,0.9090909090909091,0.8947368421052632,0.15384615384615385,0.09090909090909091
876,0.21052631578947367,0.0,0.0,0.10526315789473684,0.8461538461538461,0.8181818181818182,0.6842105263157895,0.15384615384615385,0.18181818181818182
877,0.5789473684210527,0.0,0.0,0.0,0.8717948717948718,0.9090909090909091,0.42105263157894735,0.1282051282051282,0.09090909090909091
878,0.42105263157894735,0.02564102564102564,0.0,0.0,0.8461538461538461,0.9090909090909091,0.5789473684210527,0.1282051282051282,0.09090909090909091
879,0.5263157894736842,0.02564102564102564,0.0,0.0,0.8461538461538461,0.8181818181818182,0.47368421052631576,0.1282051282051282,0.18181818181818182
880,0.3684210526315789,0.0,0.0,0.0,0.8717948717948718,0.9090909090909091,0.631578947368421,0.1282051282051282,0.09090909090909091
881,0.05263157894736842,0.0,0.0,0.0,0.8205128205128205,0.9090909090909091,0.9473684210526315,0.1794871794871795,0.09090909090909091
882,0.0,0.0,0.0,0.10526315789473684,0.8461538461538461,0.9090909090909091,0.8947368421052632,0.15384615384615385,0.09090909090909091
883,0.05263157894736842,0.0,0.0,0.05263157894736842,0.8717948717948718,0.9090909090909091,0.8947368421052632,0.1282051282051282,0.09090909090909091
884,0.0,0.0,0.0,0.0,0.8717948717948718,0.9090909090909091,1.0,0.1282051282051282,0.09090909090909091
885,0.42105263157894735,0.02564102564102564,0.0,0.05263157894736842,0.8461538461538461,0.9090909090909091,0.5263157894736842,0.1282051282051282,0.09090909090909091
886,0.631578947368421,0.0,0.0,0.05263157894736842,0.8461538461538461,0.9090909090909091,0.3157894736842105,0.15384615384615385,0.09090909090909091
887,0.5789473684210527,0.0,0.0,0.0,0.8461538461538461,0.9090909090909091,0.42105263157894735,0.15384615384615385,0.09090909090909091
888,0.3157894736842105,0.0,0.0,0.10526315789473684,0.8461538461538461,0.8181818181818182,0.5789473684210527,0.15384615384615385,0.18181818181818182
889,0.15789473684210525,0.0,0.0,0.10526315789473684,0.7948717948717948,0.9090909090909091,0.7368421052631579,0.20512820512820512,0.09090909090909091
890,0.2631578947368421,0.0,0.0,0.05263157894736842,0.8461538461538461,0.7272727272727273,0.6842105263157895,0.15384615384615385,0.2727272727272727
891,0.2631578947368421,0.0,0.09090909090909091,0.05263157894736842,0.8717948717948718,0.8181818181818182,0.6842105263157895,0.1282051282051282,0.09090909090909091
892,0.0,0.0,0.0,0.05263157894736842,0.8717948717948718,0.9090909090909091,0.9473684210526315,0.1282051282051282,0.09090909090909091
893,0.0,0.0,0.0,0.05263157894736842,0.8205128205128205,0.9090909090909091,0.9473684210526315,0.1794871794871795,0.09090909090909091
894,0.15789473684210525,0.0,0.0,0.05263157894736842,0.8461538461538461,0.9090909090909091,0.7894736842105263,0.15384615384615385,0.09090909090909091
895,0.2631578947368421,0.0,0.0,0.05263157894736842,0.8461538461538461,0.8181818181818182,0.6842105263157895,0.15384615384615385,0.18181818181818182
896,0.5263157894736842,0.02564102564102564,0.0,0.0,0.8205128205128205,0.9090909090909091,0.47368421052631576,0.15384615384615385,0.09090909090909091
897,0.3157894736842105,0.0,0.0,0.0,0.8461538461538461,0.9090909090909091,0.6842105263157895,0.15384615384615385,0.09090909090909091
898,0.0,0.0,0.0,0.05263157894736842,0.8717948717948718,0.9090909090909091,0.9473684210526315,0.1282051282051282,0.09090909090909091
899,0.631578947368421,0.02564102564102564,0.0,0.05263157894736842,0.8461538461538461,0.9090909090909091,0.3157894736842105,0.1282051282051282,0.09090909090909091
900,0.5789473684210527,0.0,0.09090909090909091,0.05263157894736842,0.8717948717948718,0.8181818181818182,0.3684210526315789,0.1282051282051282,0.09090909090909091
901,0.631578947368421,0.0,0.09090909090909091,0.10526315789473684,0.8461538461538461,0.8181818181818182,0.2631578947368421,0.15384615384615385,0.09090909090909091
902,0.6842105263157895,0.0,0.0,0.0,0.8461538461538461,0.9090909090909091,0.3157894736842105,0.15384615384615385,0.09090909090909091
903,0.5263157894736842,0.0,0.09090909090909091,0.05263157894736842,0.8717948717948718,0.8181818181818182,0.42105263157894735,0.1282051282051282,0.09090909090909091
904,0.2631578947368421,0.0,0.0,0.10526315789473684,0.8461538461538461,0.9090909090909091,0.631578947368421,0.15384615384615385,0.09090909090909091
905,0.631578947368421,0.0,0.0,0.0,0.8461538461538461,0.9090909090909091,0.3684210526315789,0.15384615384615385,0.09090909090909091
906,0.42105263157894735,0.02564102564102564,0.0,0.0,0.8461538461538461,0.9090909090909091,0.5789473684210527,0.1282051282051282,0.09090909090909091
907,0.2631578947368421,0.0,0.0,0.0,0.8717948717948718,0.9090909090909091,0.7368421052631579,0.1282051282051282,0.09090909090909091
908,0.15789473684210525,0.02564102564102564,0.0,0.05263157894736842,0.7948717948717948,0.9090909090909091,0.7894736842105263,0.1794871794871795,0.09090909090909091
909,0.21052631578947367,0.0,0.0,0.0,0.8717948717948718,0.9090909090909091,0.7894736842105263,0.1282051282051282,0.09090909090909091
910,0.631578947368421,0.0,0.09090909090909091,0.05263157894736842,0.8717948717948718,0.8181818181818182,0.3157894736842105,0.1282051282051282,0.09090909090909091
911,0.5789473684210527,0.0,0.0,0.0,0.8461538461538461,0.9090909090909091,0.42105263157894735,0.15384615384615385,0.09090909090909091
912,0.3157894736842105,0.02564102564102564,0.0,0.05263157894736842,0.8205128205128205,0.9090909090909091,0.631578947368421,0.15384615384615385,0.09090909090909091
913,0.15789473684210525,0.0,0.0,0.0,0.8461538461538461,0.9090909090909091,0.8421052631578947,0.15384615384615385,0.09090909090909091
914,0.15789473684210525,0.0,0.0,0.0,0.8461538461538461,0.8181818181818182,0.8421052631578947,0.15384615384615385,0.18181818181818182
915,0.5789473684210527,0.0,0.0,0.05263157894736842,0.8461538461538461,0.9090909090909091,0.3684210526315789,0.15384615384615385,0.09090909090909091
916,0.631578947368421,0.02564102564102564,0.0,0.10526315789473684,0.8461538461538461,0.9090909090909091,0.2631578947368421,0.1282051282051282,0.09090909090909091
917,0.5263157894736842,0.02564102564102564,0.0,0.0,0.8205128205128205,0.9090909090909091,0.47368421052631576,0.15384615384615385,0.09090909090909091
918,0.15789473684210525,0.0,0.0,0.0,0.8461538461538461,0.9090909090909091,0.8421052631578947,0.15384615384615385,0.09090909090909091
919,0.0,0.0,0.0,0.0,0.8461538461538461,0.9090909090909091,1.0,0.15384615384615385,0.09090909090909091
920,0.6842105263157895,0.02564102564102564,0.0,0.0,0.8205128205128205,0.9090909090909091,0.3157894736842105,0.15384615384615385,0.09090909090909091
921,0.7368421052631579,0.0,0.0,0.0,0.7948717948717948,0.9090909090909091,0.2631578947368421,0.20512820512820512,0.09090909090909091
922,0.15789473684210525,0.0,0.0,0.05263157894736842,0.8461538461538461,0.9090909090909091,0.7894736842105263,0.15384615384615385,0.09090909090909091
923,0.5789473684210527,0.02564102564102564,0.0,0.05263157894736842,0.8461538461538461,0.9090909090909091,0.3684210526315789,0.1282051282051282,0.09090909090909091
924,0.47368421052631576,0.0,0.09090909090909091,0.05263157894736842,0.8717948717948718,0.8181818181818182,0.47368421052631576,0.1282051282051282,0.09090909090909091
925,0.5263157894736842,0.0,0.0,0.05263157894736842,0.8717948717948718,0.9090909090909091,0.42105263157894735,0.1282051282051282,0.09090909090909091
926,0.47368421052631576,0.0,0.0,0.0,0.8717948717948718,0.9090909090909091,0.5263157894736842,0.1282051282051282,0.09090909090909091
927,0.47368421052631576,0.0,0.0,0.0,0.8717948717948718,0.9090909090909091,0.5263157894736842,0.1282051282051282,0.09090909090909091
928,0.0,0.0,0.0,0.10526315789473684,0.8461538461538461,0.9090909090909091,0.8947368421052632,0.15384615384615385,0.09090909090909091
929,0.05263157894736842,0.0,0.0,0.0,0.8461538461538461,0.9090909090909091,0.9473684210526315,0.15384615384615385,0.09090909090909091
930,0.10526315789473684,0.07692307692307693,0.0,0.0,0.7692307692307693,0.9090909090909091,0.8947368421052632,0.15384615384615385,0.09090909090909091
931,0.10526315789473684,0.0,0.0,0.05263157894736842,0.8717948717948718,0.9090909090909091,0.8421052631578947,0.1282051282051282,0.09090909090909091
932,0.10526315789473684,0.0,0.0,0.10526315789473684,0.8461538461538461,0.9090909090909091,0.7894736842105263,0.15384615384615385,0.09090909090909091
933,0.5789473684210527,0.0,0.0,0.05263157894736842,0.8717948717948718,0.9090909090909091,0.3684210526315789,0.1282051282051282,0.09090909090909091
934,0.7368421052631579,0.0,0.0,0.05263157894736842,0.8205128205128205,0.9090909090909091,0.21052631578947367,0.1794871794871795,0.09090909090909091
935,0.6842105263157895,0.0,0.09090909090909091,0.0,0.8461538461538461,0.8181818181818182,0.3157894736842105,0.15384615384615385,0.09090909090909091
936,0.5263157894736842,0.0,0.0,0.05263157894736842,0.8205128205128205,0.9090909090909091,0.42105263157894735,0.1794871794871795,0.09090909090909091
937,0.6842105263157895,0.0,0.0,0.0,0.8717948717948718,0.9090909090909091,0.3157894736842105,0.1282051282051282,0.09090909090909091
938,0.42105263157894735,0.0,0.0,0.05263157894736842,0.8717948717948718,0.9090909090909091,0.5263157894736842,0.1282051282051282,0.09090909090909091
939,0.47368421052631576,0.07692307692307693,0.0,0.05263157894736842,0.7948717948717948,0.9090909090909091,0.47368421052631576,0.1282051282051282,0.09090909090909091
940,0.631578947368421,0.0,0.0,0.05263157894736842,0.8461538461538461,0.9090909090909091,0.3157894736842105,0.15384615384615385,0.09090909090909091
941,0.631578947368421,0.0,0.0,0.05263157894736842,0.8717948717948718,0.9090909090909091,0.3157894736842105,0.1282051282051282,0.09090909090909091
942,0.42105263157894735,0.05128205128205128,0.0,0.10526315789473684,0.8205128205128205,0.9090909090909091,0.47368421052631576,0.1282051282051282,0.09090909090909091
943,0.47368421052631576,0.07692307692307693,0.0,0.10526315789473684,0.7692307692307693,0.9090909090909091,0.42105263157894735,0.15384615384615385,0.09090909090909091
944,0.631578947368421,0.0,0.0,0.0,0.8717948717948718,0.9090909090909091,0.3684210526315789,0.1282051282051282,0.09090909090909091
945,0.631578947368421,0.0,0.0,0.0,0.8461538461538461,0.8181818181818182,0.3684210526315789,0.15384615384615385,0.18181818181818182
946,0.5263157894736842,0.02564102564102564,0.0,0.10526315789473684,0.8461538461538461,0.9090909090909091,0.3684210526315789,0.1282051282051282,0.09090909090909091
947,0.3684210526315789,0.0,0.0,0.15789473684210525,0.8205128205128205,0.9090909090909091,0.47368421052631576,0.1794871794871795,0.09090909090909091
948,0.3684210526315789,0.0,0.0,0.05263157894736842,0.8461538461538461,0.9090909090909091,0.5789473684210527,0.15384615384615385,0.09090909090909091
949,0.5789473684210527,0.02564102564102564,0.0,0.05263157894736842,0.8461538461538461,0.9090909090909091,0.3684210526315789,0.1282051282051282,0.09090909090909091
950,0.3157894736842105,0.0,0.0,0.0,0.8717948717948718,0.9090909090909091,0.6842105263157895,0.1282051282051282,0.09090909090909091
951,0.631578947368421,0.02564102564102564,0.0,0.0,0.8205128205128205,0.9090909090909091,0.3684210526315789,0.15384615384615385,0.09090909090909091
952,0.5789473684210527,0.0,0.09090909090909091,0.0,0.8461538461538461,0.8181818181818182,0.42105263157894735,0.15384615384615385,0.09090909090909091
953,0.42105263157894735,0.02564102564102564,0.09090909090909091,0.10526315789473684,0.8461538461538461,0.8181818181818182,0.47368421052631576,0.1282051282051282,0.09090909090909091
954,0.47368421052631576,0.02564102564102564,0.0,0.10526315789473684,0.8461538461538461,0.9090909090909091,0.42105263157894735,0.1282051282051282,0.09090909090909091
955,0.3684210526315789,0.0,0.0,0.0,0.8461538461538461,0.9090909090909091,0.631578947368421,0.15384615384615385,0.09090909090909091
956,0.0,0.0,0.0,0.0,0.8717948717948718,0.9090909090909091,1.0,0.1282051282051282,0.09090909090909091
957,0.0,0.02564102564102564,0.0,0.0,0.7948717948717948,0.9090909090909091,1.0,0.1794871794871795,0.09090909090909091
958,0.0,0.0,0.0,0.05263157894736842,0.8461538461538461,0.9090909090909091,0.9473684210526315,0.15384615384615385,0.09090909090909091
959,0.0,0.0,0.0,0.0,0.8461538461538461,0.8181818181818182,1.0,0.15384615384615385,0.18181818181818182
960,0.0,0.0,0.0,0.10526315789473684,0.8461538461538461,0.9090909090909091,0.8947368421052632,0.15384615384615385,0.09090909090909091
961,0.3157894736842105,0.0,0.0,0.0,0.8461538461538461,0.8181818181818182,0.6842105263157895,0.15384615384615385,0.18181818181818182
962,0.3157894736842105,0.05128205128205128,0.0,0.05263157894736842,0.7692307692307693,0.9090909090909091,0.631578947368421,0.1794871794871795,0.09090909090909091
963,0.15789473684210525,0.0,0.0,0.05263157894736842,0.8461538461538461,0.9090909090909091,0.7894736842105263,0.15384615384615385,0.09090909090909091
964,0.42105263157894735,0.0,0.0,0.05263157894736842,0.8461538461538461,0.9090909090909091,0.5263157894736842,0.15384615384615385,0.09090909090909091
965,0.42105263157894735,0.02564102564102564,0.0,0.0,0.8461538461538461,0.9090909090909091,0.5789473684210527,0.1282051282051282,0.09090909090909091
966,0.5789473684210527,0.0,0.0,0.0,0.8717948717948718,0.9090909090909091,0.42105263157894735,0.1282051282051282,0.09090909090909091
967,0.3684210526315789,0.0,0.0,0.0,0.8717948717948718,0.9090909090909091,0.631578947368421,0.1282051282051282,0.09090909090909091
968,0.21052631578947367,0.0,0.0,0.05263157894736842,0.8717948717948718,0.9090909090909091,0.7368421052631579,0.1282051282051282,0.09090909090909091
969,0.5263157894736842,0.02564102564102564,0.0,0.05263157894736842,0.8205128205128205,0.9090909090909091,0.42105263157894735,0.15384615384615385,0.09090909090909091
970,0.5263157894736842,0.0,0.0,0.0,0.8717948717948718,0.6363636363636364,0.47368421052631576,0.1282051282051282,0.36363636363636365
971,0.5263157894736842,0.0,0.0,0.10526315789473684,0.8461538461538461,0.9090909090909091,0.3684210526315789,0.15384615384615385,0.09090909090909091
972,0.5263157894736842,0.0,0.0,0.0,0.8717948717948718,0.9090909090909091,0.47368421052631576,0.1282051282051282,0.09090909090909091
973,0.3157894736842105,0.0,0.0,0.0,0.8717948717948718,0.9090909090909091,0.6842105263157895,0.1282051282051282,0.09090909090909091
974,0.0,0.0,0.0,0.05263157894736842,0.8205128205128205,0.9090909090909091,0.9473684210526315,0.1794871794871795,0.09090909090909091
975,0.42105263157894735,0.0,0.0,0.0,0.8717948717948718,0.9090909090909091,0.5789473684210527,0.1282051282051282,0.09090909090909091
976,0.10526315789473684,0.0,0.0,0.10526315789473684,0.8717948717948718,0.8181818181818182,0.7894736842105263,0.1282051282051282,0.18181818181818182
977,0.0,0.0,0.0,0.0,0.8717948717948718,0.9090909090909091,1.0,0.1282051282051282,0.09090909090909091
978,0.10526315789473684,0.0,0.09090909090909091,0.05263157894736842,0.8461538461538461,0.8181818181818182,0.8421052631578947,0.15384615384615385,0.09090909090909091
979,0.2631578947368421,0.0,0.0,0.05263157894736842,0.8717948717948718,0.9090909090909091,0.6842105263157895,0.1282051282051282,0.09090909090909091
980,0.21052631578947367,0.0,0.0,0.0,0.8717948717948718,0.8181818181818182,0.7894736842105263,0.1282051282051282,0.18181818181818182
981,0.47368421052631576,0.0,0.0,0.10526315789473684,0.8461538461538461,0.8181818181818182,0.42105263157894735,0.15384615384615385,0.18181818181818182
982,0.3157894736842105,0.0,0.0,0.05263157894736842,0.8461538461538461,0.9090909090909091,0.631578947368421,0.15384615384615385,0.09090909090909091
983,0.21052631578947367,0.0,0.0,0.05263157894736842,0.8205128205128205,0.9090909090909091,0.7368421052631579,0.1794871794871795,0.09090909090909091
984,0.10526315789473684,0.0,0.0,0.0,0.8717948717948718,0.8181818181818182,0.8947368421052632,0.1282051282051282,0.18181818181818182
985,0.15789473684210525,0.0,0.09090909090909091,0.0,0.8461538461538461,0.8181818181818182,0.8421052631578947,0.15384615384615385,0.09090909090909091
986,0.5263157894736842,0.0,0.0,0.05263157894736842,0.8461538461538461,0.9090909090909091,0.42105263157894735,0.15384615384615385,0.09090909090909091
987,0.47368421052631576,0.02564102564102564,0.0,0.10526315789473684,0.8461538461538461,0.9090909090909091,0.42105263157894735,0.1282051282051282,0.09090909090909091
988,0.631578947368421,0.0,0.0,0.0,0.8717948717948718,0.9090909090909091,0.3684210526315789,0.1282051282051282,0.09090909090909091
989,0.631578947368421,0.0,0.0,0.0,0.8717948717948718,0.9090909090909091,0.3684210526315789,0.1282051282051282,0.09090909090909091
990,0.5263157894736842,0.0,0.0,0.0,0.8717948717948718,0.9090909090909091,0.47368421052631576,0.1282051282051282,0.09090909090909091
991,0.6842105263157895,0.0,0.0,0.05263157894736842,0.8461538461538461,0.9090909090909091,0.2631578947368421,0.15384615384615385,0.09090909090909091
992,0.3684210526315789,0.0,0.0,0.10526315789473684,0.8461538461538461,0.9090909090909091,0.5263157894736842,0.15384615384615385,0.09090909090909091
993,0.05263157894736842,0.0,0.0,0.05263157894736842,0.8717948717948718,0.9090909090909091,0.8947368421052632,0.1282051282051282,0.09090909090909091
994,0.42105263157894735,0.02564102564102564,0.0,0.10526315789473684,0.8205128205128205,0.9090909090909091,0.47368421052631576,0.15384615384615385,0.09090909090909091
995,0.5789473684210527,0.0,0.0,0.0,0.8461538461538461,0.9090909090909091,0.42105263157894735,0.15384615384615385,0.09090909090909091
996,0.3157894736842105,0.02564102564102564,0.09090909090909091,0.0,0.8461538461538461,0.8181818181818182,0.6842105263157895,0.1282051282051282,0.09090909090909091
997,0.0,0.0,0.09090909090909091,0.0,0.8461538461538461,0.8181818181818182,1.0,0.15384615384615385,0.09090909090909091
998,0.0,0.0,0.0,0.0,0.8717948717948718,0.9090909090909091,1.0,0.1282051282051282,0.09090909090909091
999,0.05263157894736842,0.0,0.0,0.0,0.8717948717948718,0.9090909090909091,0.9473684210526315,0.1282051282051282,0.09090909090909091
1000,0.3157894736842105,0.0,0.0,0.05263157894736842,0.8717948717948718,0.9090909090909091,0.631578947368421,0.1282051282051282,0.09090909090909091
1001,0.10526315789473684,0.0,0.0,0.05263157894736842,0.8717948717948718,0.9090909090909091,0.8421052631578947,0.1282051282051282,0.09090909090909091
1002,0.0,0.0,0.0,0.05263157894736842,0.8717948717948718,0.9090909090909091,0.9473684210526315,0.1282051282051282,0.09090909090909091
1003,0.0,0.0,0.0,0.05263157894736842,0.8717948717948718,0.9090909090909091,0.9473684210526315,0.1282051282051282,0.09090909090909091
1004,0.15789473684210525,0.0,0.0,0.05263157894736842,0.8717948717948718,0.9090909090909091,0.7894736842105263,0.1282051282051282,0.09090909090909091
1005,0.2631578947368421,0.0,0.0,0.0,0.8717948717948718,0.9090909090909091,0.7368421052631579,0.1282051282051282,0.09090909090909091
1006,0.5263157894736842,0.0,0.0,0.05263157894736842,0.8717948717948718,0.9090909090909091,0.42105263157894735,0.1282051282051282,0.09090909090909091
1007,0.7368421052631579,0.02564102564102564,0.0,0.0,0.8205128205128205,0.9090909090909091,0.2631578947368421,0.15384615384615385,0.09090909090909091
1008,0.5789473684210527,0.0,0.0,0.0,0.8717948717948718,0.9090909090909091,0.42105263157894735,0.1282051282051282,0.09090909090909091
1009,0.6842105263157895,0.0,0.0,0.0,0.8717948717948718,0.9090909090909091,0.3157894736842105,0.1282051282051282,0.09090909090909091
1010,0.631578947368421,0.0,0.0,0.05263157894736842,0.8717948717948718,0.9090909090909091,0.3157894736842105,0.1282051282051282,0.09090909090909091
1011,0.47368421052631576,0.0,0.0,0.10526315789473684,0.8461538461538461,0.9090909090909091,0.42105263157894735,0.15384615384615385,0.09090909090909091
1012,0.3157894736842105,0.0,0.0,0.0,0.8205128205128205,0.9090909090909091,0.6842105263157895,0.1794871794871795,0.09090909090909091
1013,0.15789473684210525,0.02564102564102564,0.09090909090909091,0.0,0.8461538461538461,0.8181818181818182,0.8421052631578947,0.1282051282051282,0.09090909090909091
1014,0.2631578947368421,0.0,0.0,0.10526315789473684,0.8461538461538461,0.9090909090909091,0.631578947368421,0.15384615384615385,0.09090909090909091
1015,0.42105263157894735,0.0,0.0,0.10526315789473684,0.8205128205128205,0.9090909090909091,0.47368421052631576,0.1794871794871795,0.09090909090909091
1016,0.10526315789473684,0.0,0.0,0.05263157894736842,0.8717948717948718,0.9090909090909091,0.8421052631578947,0.1282051282051282,0.09090909090909091
1017,0.0,0.0,0.0,0.05263157894736842,0.8717948717948718,0.9090909090909091,0.9473684210526315,0.1282051282051282,0.09090909090909091
1018,0.05263157894736842,0.0,0.0,0.0,0.8717948717948718,0.9090909090909091,0.9473684210526315,0.1282051282051282,0.09090909090909091
1019,0.21052631578947367,0.0,0.18181818181818182,0.10526315789473684,0.8461538461538461,0.7272727272727273,0.6842105263157895,0.15384615384615385,0.09090909090909091
1020,0.6842105263157895,0.02564102564102564,0.0,0.0,0.8205128205128205,0.9090909090909091,0.3157894736842105,0.15384615384615385,0.09090909090909091
1021,0.631578947368421,0.0,0.0,0.0,0.8717948717948718,0.8181818181818182,0.3684210526315789,0.1282051282051282,0.18181818181818182
1022,0.42105263157894735,0.0,0.09090909090909091,0.05263157894736842,0.8461538461538461,0.8181818181818182,0.5263157894736842,0.15384615384615385,0.09090909090909091
1023,0.5789473684210527,0.0,0.0,0.05263157894736842,0.8461538461538461,0.9090909090909091,0.3684210526315789,0.15384615384615385,0.09090909090909091
1024,0.0,0.0,0.0,0.05263157894736842,0.8461538461538461,0.9090909090909091,0.9473684210526315,0.15384615384615385,0.09090909090909091
1025,0.21052631578947367,0.0,0.0,0.0,0.8717948717948718,0.9090909090909091,0.7894736842105263,0.1282051282051282,0.09090909090909091
1026,0.0,0.0,0.0,0.05263157894736842,0.8461538461538461,0.8181818181818182,0.9473684210526315,0.15384615384615385,0.18181818181818182
1027,0.15789473684210525,0.0,0.0,0.0,0.8205128205128205,0.9090909090909091,0.8421052631578947,0.1794871794871795,0.09090909090909091
1028,0.10526315789473684,0.0,0.0,0.05263157894736842,0.8205128205128205,0.9090909090909091,0.8421052631578947,0.1794871794871795,0.09090909090909091
1029,0.0,0.0,0.0,0.05263157894736842,0.8717948717948718,0.9090909090909091,0.9473684210526315,0.1282051282051282,0.09090909090909091
1030,0.0,0.0,0.0,0.05263157894736842,0.8717948717948718,0.9090909090909091,0.9473684210526315,0.1282051282051282,0.09090909090909091
1031,0.631578947368421,0.0,0.0,0.0,0.8717948717948718,0.9090909090909091,0.3684210526315789,0.1282051282051282,0.09090909090909091
1032,0.5263157894736842,0.0,0.0,0.0,0.7948717948717948,0.7272727272727273,0.47368421052631576,0.20512820512820512,0.2727272727272727
1033,0.21052631578947367,0.0,0.0,0.05263157894736842,0.8717948717948718,0.9090909090909091,0.7368421052631579,0.1282051282051282,0.09090909090909091
1034,0.47368421052631576,0.0,0.0,0.10526315789473684,0.8461538461538461,0.9090909090909091,0.42105263157894735,0.15384615384615385,0.09090909090909091
1035,0.631578947368421,0.0,0.0,0.0,0.8717948717948718,0.9090909090909091,0.3684210526315789,0.1282051282051282,0.09090909090909091
1036,0.5789473684210527,0.02564102564102564,0.0,0.10526315789473684,0.8461538461538461,0.9090909090909091,0.3157894736842105,0.1282051282051282,0.09090909090909091
1037,0.5789473684210527,0.0,0.09090909090909091,0.10526315789473684,0.8461538461538461,0.8181818181818182,0.3157894736842105,0.15384615384615385,0.09090909090909091
1038,0.3684210526315789,0.0,0.0,0.0,0.8717948717948718,0.9090909090909091,0.631578947368421,0.1282051282051282,0.09090909090909091
1039,0.0,0.0,0.0,0.10526315789473684,0.8461538461538461,0.9090909090909091,0.8947368421052632,0.15384615384615385,0.09090909090909091
1040,0.05263157894736842,0.0,0.0,0.05263157894736842,0.8717948717948718,0.9090909090909091,0.8947368421052632,0.1282051282051282,0.09090909090909091
1041,0.6842105263157895,0.0,0.0,0.0,0.8717948717948718,0.9090909090909091,0.3157894736842105,0.1282051282051282,0.09090909090909091
1042,0.42105263157894735,0.0,0.0,0.10526315789473684,0.8461538461538461,0.9090909090909091,0.47368421052631576,0.15384615384615385,0.09090909090909091
1043,0.3684210526315789,0.0,0.0,0.05263157894736842,0.8717948717948718,0.9090909090909091,0.5789473684210527,0.1282051282051282,0.09090909090909091
1044,0.0,0.0,0.0,0.0,0.8461538461538461,0.9090909090909091,1.0,0.15384615384615385,0.09090909090909091
1045,0.0,0.0,0.0,0.05263157894736842,0.8461538461538461,0.9090909090909091,0.9473684210526315,0.15384615384615385,0.09090909090909091
1046,0.42105263157894735,0.0,0.0,0.0,0.8205128205128205,0.9090909090909091,0.5789473684210527,0.1794871794871795,0.09090909090909091
1047,0.3684210526315789,0.0,0.0,0.05263157894736842,0.8461538461538461,0.9090909090909091,0.5789473684210527,0.15384615384615385,0.09090909090909091
1048,0.631578947368421,0.0,0.0,0.0,0.8461538461538461,0.9090909090909091,0.3684210526315789,0.15384615384615385,0.09090909090909091
1049,0.631578947368421,0.0,0.0,0.05263157894736842,0.8717948717948718,0.9090909090909091,0.3157894736842105,0.1282051282051282,0.09090909090909091
1050,0.5789473684210527,0.0,0.0,0.0,0.8717948717948718,0.9090909090909091,0.42105263157894735,0.1282051282051282,0.09090909090909091
1051,0.2631578947368421,0.0,0.0,0.0,0.8717948717948718,0.8181818181818182,0.7368421052631579,0.1282051282051282,0.18181818181818182
1052,0.15789473684210525,0.0,0.0,0.05263157894736842,0.8461538461538461,0.9090909090909091,0.7894736842105263,0.15384615384615385,0.09090909090909091
1053,0.3157894736842105,0.0,0.0,0.05263157894736842,0.8461538461538461,0.8181818181818182,0.631578947368421,0.15384615384615385,0.18181818181818182
1054,0.2631578947368421,0.0,0.0,0.05263157894736842,0.8461538461538461,0.8181818181818182,0.6842105263157895,0.15384615384615385,0.18181818181818182
1055,0.05263157894736842,0.0,0.0,0.0,0.8717948717948718,0.9090909090909091,0.9473684210526315,0.1282051282051282,0.09090909090909091
1056,0.0,0.0,0.0,0.10526315789473684,0.8717948717948718,0.8181818181818182,0.8947368421052632,0.1282051282051282,0.18181818181818182
1057,0.0,0.0,0.0,0.05263157894736842,0.8717948717948718,0.9090909090909091,0.9473684210526315,0.1282051282051282,0.09090909090909091
1058,0.3157894736842105,0.02564102564102564,0.0,0.0,0.8461538461538461,0.9090909090909091,0.6842105263157895,0.1282051282051282,0.09090909090909091
1059,0.42105263157894735,0.0,0.09090909090909091,0.0,0.8717948717948718,0.6363636363636364,0.5789473684210527,0.1282051282051282,0.2727272727272727
1060,0.5789473684210527,0.0,0.0,0.10526315789473684,0.8461538461538461,0.9090909090909091,0.3157894736842105,0.15384615384615385,0.09090909090909091
1061,0.47368421052631576,0.0,0.0,0.0,0.8461538461538461,0.9090909090909091,0.5263157894736842,0.15384615384615385,0.09090909090909091
1062,0.6842105263157895,0.0,0.0,0.0,0.8717948717948718,0.9090909090909091,0.3157894736842105,0.1282051282051282,0.09090909090909091
1063,0.5789473684210527,0.0,0.09090909090909091,0.0,0.8205128205128205,0.8181818181818182,0.42105263157894735,0.1794871794871795,0.09090909090909091
1064,0.6842105263157895,0.0,0.0,0.0,0.8717948717948718,0.8181818181818182,0.3157894736842105,0.1282051282051282,0.18181818181818182
1065,0.5789473684210527,0.02564102564102564,0.0,0.10526315789473684,0.8205128205128205,0.9090909090909091,0.3157894736842105,0.15384615384615385,0.09090909090909091
1066,0.631578947368421,0.02564102564102564,0.0,0.10526315789473684,0.8461538461538461,0.9090909090909091,0.2631578947368421,0.1282051282051282,0.09090909090909091
1067,0.5789473684210527,0.0,0.09090909090909091,0.05263157894736842,0.8717948717948718,0.8181818181818182,0.3684210526315789,0.1282051282051282,0.09090909090909091
1068,0.47368421052631576,0.0,0.0,0.05263157894736842,0.8717948717948718,0.9090909090909091,0.47368421052631576,0.1282051282051282,0.09090909090909091
1069,0.631578947368421,0.0,0.0,0.0,0.8717948717948718,0.9090909090909091,0.3684210526315789,0.1282051282051282,0.09090909090909091
1070,0.631578947368421,0.0,0.0,0.0,0.8717948717948718,0.9090909090909091,0.3684210526315789,0.1282051282051282,0.09090909090909091
1071,0.5263157894736842,0.0,0.0,0.05263157894736842,0.8717948717948718,0.9090909090909091,0.42105263157894735,0.1282051282051282,0.09090909090909091
1072,0.42105263157894735,0.0,0.0,0.0,0.7948717948717948,0.9090909090909091,0.5789473684210527,0.20512820512820512,0.09090909090909091
1073,0.42105263157894735,0.0,0.09090909090909091,0.05263157894736842,0.8461538461538461,0.8181818181818182,0.5263157894736842,0.15384615384615385,0.09090909090909091
1074,0.5789473684210527,0.0,0.0,0.05263157894736842,0.8461538461538461,0.9090909090909091,0.3684210526315789,0.15384615384615385,0.09090909090909091
1075,0.47368421052631576,0.0,0.0,0.05263157894736842,0.8205128205128205,0.9090909090909091,0.47368421052631576,0.1794871794871795,0.09090909090909091
1076,0.3684210526315789,0.0,0.0,0.05263157894736842,0.8717948717948718,0.9090909090909091,0.5789473684210527,0.1282051282051282,0.09090909090909091
1077,0.0,0.0,0.0,0.0,0.8717948717948718,0.9090909090909091,1.0,0.1282051282051282,0.09090909090909091
1078,0.0,0.0,0.0,0.0,0.8461538461538461,0.9090909090909091,1.0,0.15384615384615385,0.09090909090909091
1079,0.0,0.0,0.0,0.0,0.8717948717948718,0.9090909090909091,1.0,0.1282051282051282,0.09090909090909091
1080,0.0,0.0,0.0,0.05263157894736842,0.8717948717948718,0.9090909090909091,0.9473684210526315,0.1282051282051282,0.09090909090909091
1081,0.0,0.0,0.0,0.0,0.8717948717948718,0.9090909090909091,1.0,0.1282051282051282,0.09090909090909091
1082,0.0,0.0,0.0,0.05263157894736842,0.8717948717948718,0.9090909090909091,0.9473684210526315,0.1282051282051282,0.09090909090909091
1083,0.05263157894736842,0.02564102564102564,0.0,0.0,0.8461538461538461,0.9090909090909091,0.9473684210526315,0.1282051282051282,0.09090909090909091
1084,0.0,0.0,0.0,0.10526315789473684,0.8461538461538461,0.9090909090909091,0.8947368421052632,0.15384615384615385,0.09090909090909091
1085,0.0,0.0,0.0,0.05263157894736842,0.8717948717948718,0.9090909090909091,0.9473684210526315,0.1282051282051282,0.09090909090909091
1086,0.0,0.0,0.0,0.0,0.8717948717948718,0.9090909090909091,1.0,0.1282051282051282,0.09090909090909091
1087,0.0,0.0,0.0,0.05263157894736842,0.8717948717948718,0.9090909090909091,0.9473684210526315,0.1282051282051282,0.09090909090909091
1088,0.05263157894736842,0.0,0.0,0.05263157894736842,0.8717948717948718,0.9090909090909091,0.8947368421052632,0.1282051282051282,0.09090909090909091
1089,0.0,0.0,0.0,0.10526315789473684,0.8461538461538461,0.9090909090909091,0.8947368421052632,0.15384615384615385,0.09090909090909091
1090,0.10526315789473684,0.0,0.0,0.0,0.8717948717948718,0.9090909090909091,0.8947368421052632,0.1282051282051282,0.09090909090909091
1091,0.05263157894736842,0.0,0.0,0.0,0.8717948717948718,0.9090909090909091,0.9473684210526315,0.1282051282051282,0.09090909090909091
1092,0.21052631578947367,0.0,0.0,0.05263157894736842,0.8461538461538461,0.9090909090909091,0.7368421052631579,0.15384615384615385,0.09090909090909091
1093,0.2631578947368421,0.0,0.0,0.10526315789473684,0.8461538461538461,0.9090909090909091,0.631578947368421,0.15384615384615385,0.09090909090909091
1094,0.0,0.0,0.0,0.0,0.8717948717948718,0.9090909090909091,1.0,0.1282051282051282,0.09090909090909091
1095,0.0,0.0,0.0,0.05263157894736842,0.8461538461538461,0.9090909090909091,0.9473684210526315,0.15384615384615385,0.09090909090909091
1096,0.21052631578947367,0.0,0.0,0.05263157894736842,0.8717948717948718,0.9090909090909091,0.7368421052631579,0.1282051282051282,0.09090909090909091
1097,0.21052631578947367,0.0,0.0,0.0,0.8461538461538461,0.9090909090909091,0.7894736842105263,0.15384615384615385,0.09090909090909091
1098,0.0,0.0,0.0,0.0,0.8717948717948718,0.9090909090909091,1.0,0.1282051282051282,0.09090909090909091
1099,0.47368421052631576,0.02564102564102564,0.0,0.05263157894736842,0.8205128205128205,0.9090909090909091,0.47368421052631576,0.15384615384615385,0.09090909090909091
1100,0.5263157894736842,0.0,0.0,0.05263157894736842,0.8717948717948718,0.9090909090909091,0.42105263157894735,0.1282051282051282,0.09090909090909091
1101,0.631578947368421,0.0,0.0,0.05263157894736842,0.7948717948717948,0.9090909090909091,0.3157894736842105,0.20512820512820512,0.09090909090909091
1102,0.42105263157894735,0.05128205128205128,0.09090909090909091,0.0,0.7948717948717948,0.8181818181818182,0.5789473684210527,0.15384615384615385,0.09090909090909091
1103,0.42105263157894735,0.0,0.0,0.0,0.8717948717948718,0.9090909090909091,0.5789473684210527,0.1282051282051282,0.09090909090909091
1104,0.10526315789473684,0.0,0.0,0.05263157894736842,0.8461538461538461,0.9090909090909091,0.8421052631578947,0.15384615384615385,0.09090909090909091
1105,0.0,0.0,0.0,0.0,0.8717948717948718,0.9090909090909091,1.0,0.1282051282051282,0.09090909090909091
1106,0.10526315789473684,0.0,0.0,0.05263157894736842,0.8717948717948718,0.9090909090909091,0.8421052631578947,0.1282051282051282,0.09090909090909091
1107,0.0,0.0,0.0,0.10526315789473684,0.8461538461538461,0.9090909090909091,0.8947368421052632,0.15384615384615385,0.09090909090909091
1108,0.10526315789473684,0.0,0.0,0.05263157894736842,0.8717948717948718,0.9090909090909091,0.8421052631578947,0.1282051282051282,0.09090909090909091
1109,0.0,0.0,0.0,0.05263157894736842,0.8717948717948718,0.9090909090909091,0.9473684210526315,0.1282051282051282,0.09090909090909091
1110,0.0,0.0,0.0,0.05263157894736842,0.8717948717948718,0.9090909090909091,0.9473684210526315,0.1282051282051282,0.09090909090909091
1111,0.05263157894736842,0.0,0.0,0.10526315789473684,0.8461538461538461,0.9090909090909091,0.8421052631578947,0.15384615384615385,0.09090909090909091
1112,0.0,0.0,0.0,0.0,0.8461538461538461,0.9090909090909091,1.0,0.15384615384615385,0.09090909090909091
1113,0.0,0.0,0.0,0.0,0.8205128205128205,0.8181818181818182,1.0,0.1794871794871795,0.18181818181818182
1114,0.21052631578947367,0.0,0.0,0.0,0.8205128205128205,0.9090909090909091,0.7894736842105263,0.1794871794871795,0.09090909090909091
1115,0.5263157894736842,0.0,0.0,0.05263157894736842,0.8717948717948718,0.9090909090909091,0.42105263157894735,0.1282051282051282,0.09090909090909091
1116,0.47368421052631576,0.0,0.0,0.10526315789473684,0.8461538461538461,0.9090909090909091,0.42105263157894735,0.15384615384615385,0.09090909090909091
1117,0.631578947368421,0.02564102564102564,0.0,0.10526315789473684,0.8461538461538461,0.7272727272727273,0.2631578947368421,0.1282051282051282,0.2727272727272727
1118,0.47368421052631576,0.02564102564102564,0.0,0.05263157894736842,0.8461538461538461,0.8181818181818182,0.47368421052631576,0.1282051282051282,0.18181818181818182
1119,0.47368421052631576,0.0,0.0,0.10526315789473684,0.8461538461538461,0.9090909090909091,0.42105263157894735,0.15384615384615385,0.09090909090909091
1120,0.5263157894736842,0.0,0.0,0.0,0.7948717948717948,0.9090909090909091,0.47368421052631576,0.20512820512820512,0.09090909090909091
1121,0.5263157894736842,0.02564102564102564,0.0,0.05263157894736842,0.8461538461538461,0.9090909090909091,0.42105263157894735,0.1282051282051282,0.09090909090909091
1122,0.3684210526315789,0.02564102564102564,0.0,0.05263157894736842,0.8461538461538461,0.9090909090909091,0.5789473684210527,0.1282051282051282,0.09090909090909091
1123,0.15789473684210525,0.0,0.0,0.0,0.8717948717948718,0.9090909090909091,0.8421052631578947,0.1282051282051282,0.09090909090909091
1124,0.21052631578947367,0.0,0.0,0.05263157894736842,0.8205128205128205,0.9090909090909091,0.7368421052631579,0.1794871794871795,0.09090909090909091
1125,0.10526315789473684,0.0,0.0,0.0,0.8205128205128205,0.9090909090909091,0.8947368421052632,0.1794871794871795,0.09090909090909091
1126,0.3157894736842105,0.0,0.18181818181818182,0.05263157894736842,0.7948717948717948,0.7272727272727273,0.631578947368421,0.20512820512820512,0.09090909090909091
1127,0.42105263157894735,0.0,0.0,0.0,0.8717948717948718,0.9090909090909091,0.5789473684210527,0.1282051282051282,0.09090909090909091
1128,0.5789473684210527,0.0,0.0,0.05263157894736842,0.8717948717948718,0.9090909090909091,0.3684210526315789,0.1282051282051282,0.09090909090909091
1129,0.5263157894736842,0.02564102564102564,0.09090909090909091,0.10526315789473684,0.8205128205128205,0.8181818181818182,0.3684210526315789,0.15384615384615385,0.09090909090909091
1130,0.3684210526315789,0.0,0.0,0.0,0.8717948717948718,0.9090909090909091,0.631578947368421,0.1282051282051282,0.09090909090909091
1131,0.47368421052631576,0.0,0.0,0.0,0.8717948717948718,0.9090909090909091,0.5263157894736842,0.1282051282051282,0.09090909090909091
1132,0.5789473684210527,0.0,0.0,0.10526315789473684,0.8461538461538461,0.9090909090909091,0.3157894736842105,0.15384615384615385,0.09090909090909091
1133,0.5789473684210527,0.0,0.0,0.05263157894736842,0.8461538461538461,0.9090909090909091,0.3684210526315789,0.15384615384615385,0.09090909090909091
1134,0.7368421052631579,0.0,0.0,0.0,0.8461538461538461,0.9090909090909091,0.2631578947368421,0.15384615384615385,0.09090909090909091
1135,0.6842105263157895,0.0,0.0,0.0,0.8205128205128205,0.9090909090909091,0.3157894736842105,0.1794871794871795,0.09090909090909091
1136,0.631578947368421,0.0,0.09090909090909091,0.0,0.8717948717948718,0.8181818181818182,0.3684210526315789,0.1282051282051282,0.09090909090909091
1137,0.42105263157894735,0.0,0.0,0.0,0.8717948717948718,0.8181818181818182,0.5789473684210527,0.1282051282051282,0.18181818181818182
1138,0.631578947368421,0.0,0.0,0.0,0.8717948717948718,0.9090909090909091,0.3684210526315789,0.1282051282051282,0.09090909090909091
1139,0.3684210526315789,0.0,0.0,0.05263157894736842,0.8461538461538461,0.9090909090909091,0.5789473684210527,0.15384615384615385,0.09090909090909091
1140,0.2631578947368421,0.0,0.0,0.05263157894736842,0.8461538461538461,0.9090909090909091,0.6842105263157895,0.15384615384615385,0.09090909090909091
1141,0.2631578947368421,0.0,0.0,0.10526315789473684,0.8461538461538461,0.9090909090909091,0.631578947368421,0.15384615384615385,0.09090909090909091
1142,0.05263157894736842,0.0,0.09090909090909091,0.05263157894736842,0.8717948717948718,0.7272727272727273,0.8947368421052632,0.1282051282051282,0.18181818181818182
1143,0.05263157894736842,0.02564102564102564,0.0,0.0,0.8461538461538461,0.9090909090909091,0.9473684210526315,0.1282051282051282,0.09090909090909091
1144,0.05263157894736842,0.0,0.09090909090909091,0.10526315789473684,0.8461538461538461,0.8181818181818182,0.8421052631578947,0.15384615384615385,0.09090909090909091
1145,0.42105263157894735,0.0,0.0,0.0,0.8717948717948718,0.9090909090909091,0.5789473684210527,0.1282051282051282,0.09090909090909091
1146,0.42105263157894735,0.0,0.0,0.0,0.8461538461538461,0.9090909090909091,0.5789473684210527,0.15384615384615385,0.09090909090909091
1147,0.05263157894736842,0.02564102564102564,0.0,0.10526315789473684,0.8461538461538461,0.9090909090909091,0.8421052631578947,0.1282051282051282,0.09090909090909091
1148,0.0,0.02564102564102564,0.0,0.10526315789473684,0.8461538461538461,0.9090909090909091,0.8947368421052632,0.1282051282051282,0.09090909090909091
1149,0.5263157894736842,0.0,0.0,0.05263157894736842,0.8717948717948718,0.9090909090909091,0.42105263157894735,0.1282051282051282,0.09090909090909091
1150,0.3157894736842105,0.0,0.0,0.05263157894736842,0.8717948717948718,0.9090909090909091,0.631578947368421,0.1282051282051282,0.09090909090909091
1151,0.05263157894736842,0.0,0.09090909090909091,0.05263157894736842,0.8461538461538461,0.8181818181818182,0.8947368421052632,0.15384615384615385,0.09090909090909091
1152,0.2631578947368421,0.0,0.0,0.0,0.8717948717948718,0.9090909090909091,0.7368421052631579,0.1282051282051282,0.09090909090909091
1153,0.0,0.0,0.0,0.0,0.8717948717948718,0.9090909090909091,1.0,0.1282051282051282,0.09090909090909091
1154,0.0,0.0,0.0,0.10526315789473684,0.8461538461538461,0.9090909090909091,0.8947368421052632,0.15384615384615385,0.09090909090909091
1155,0.05263157894736842,0.0,0.0,0.0,0.8717948717948718,0.9090909090909091,0.9473684210526315,0.1282051282051282,0.09090909090909091
1156,0.0,0.0,0.0,0.05263157894736842,0.8717948717948718,0.9090909090909091,0.9473684210526315,0.1282051282051282,0.09090909090909091
1157,0.0,0.0,0.0,0.0,0.8461538461538461,0.9090909090909091,1.0,0.15384615384615385,0.09090909090909091
1158,0.631578947368421,0.0,0.0,0.0,0.8205128205128205,0.9090909090909091,0.3684210526315789,0.1794871794871795,0.09090909090909091
1159,0.15789473684210525,0.0,0.0,0.0,0.8717948717948718,0.9090909090909091,0.8421052631578947,0.1282051282051282,0.09090909090909091
1160,0.10526315789473684,0.02564102564102564,0.0,0.0,0.8461538461538461,0.9090909090909091,0.8947368421052632,0.1282051282051282,0.09090909090909091
1161,0.3157894736842105,0.0,0.0,0.05263157894736842,0.8717948717948718,0.9090909090909091,0.631578947368421,0.1282051282051282,0.09090909090909091
1162,0.3684210526315789,0.0,0.0,0.05263157894736842,0.8717948717948718,0.9090909090909091,0.5789473684210527,0.1282051282051282,0.09090909090909091
1163,0.21052631578947367,0.0,0.0,0.05263157894736842,0.8461538461538461,0.9090909090909091,0.7368421052631579,0.15384615384615385,0.09090909090909091
1164,0.5789473684210527,0.0,0.0,0.05263157894736842,0.8717948717948718,0.9090909090909091,0.3684210526315789,0.1282051282051282,0.09090909090909091
1165,0.5789473684210527,0.0,0.0,0.0,0.8205128205128205,0.9090909090909091,0.42105263157894735,0.1794871794871795,0.09090909090909091
1166,0.631578947368421,0.02564102564102564,0.0,0.0,0.8461538461538461,0.9090909090909091,0.3684210526315789,0.1282051282051282,0.09090909090909091
1167,0.2631578947368421,0.0,0.0,0.0,0.8461538461538461,0.9090909090909091,0.7368421052631579,0.15384615384615385,0.09090909090909091
1168,0.3684210526315789,0.0,0.0,0.05263157894736842,0.8205128205128205,0.9090909090909091,0.5789473684210527,0.1794871794871795,0.09090909090909091
1169,0.0,0.0,0.0,0.05263157894736842,0.8717948717948718,0.9090909090909091,0.9473684210526315,0.1282051282051282,0.09090909090909091
1170,0.10526315789473684,0.02564102564102564,0.0,0.05263157894736842,0.8461538461538461,0.9090909090909091,0.8421052631578947,0.1282051282051282,0.09090909090909091
1171,0.47368421052631576,0.0,0.0,0.05263157894736842,0.8717948717948718,0.9090909090909091,0.47368421052631576,0.1282051282051282,0.09090909090909091
1172,0.5789473684210527,0.0,0.0,0.0,0.8717948717948718,0.9090909090909091,0.42105263157894735,0.1282051282051282,0.09090909090909091
1173,0.5789473684210527,0.0,0.0,0.10526315789473684,0.8717948717948718,0.8181818181818182,0.3157894736842105,0.1282051282051282,0.18181818181818182
1174,0.5789473684210527,0.0,0.0,0.0,0.8717948717948718,0.9090909090909091,0.42105263157894735,0.1282051282051282,0.09090909090909091
1175,0.5263157894736842,0.0,0.0,0.05263157894736842,0.8461538461538461,0.9090909090909091,0.42105263157894735,0.15384615384615385,0.09090909090909091
1176,0.5263157894736842,0.05128205128205128,0.0,0.05263157894736842,0.8205128205128205,0.9090909090909091,0.42105263157894735,0.1282051282051282,0.09090909090909091
1177,0.6842105263157895,0.0,0.0,0.0,0.8717948717948718,0.9090909090909091,0.3157894736842105,0.1282051282051282,0.09090909090909091
1178,0.6842105263157895,0.0,0.09090909090909091,0.0,0.8717948717948718,0.8181818181818182,0.3157894736842105,0.1282051282051282,0.09090909090909091
1179,0.47368421052631576,0.0,0.0,0.15789473684210525,0.8205128205128205,0.9090909090909091,0.3684210526315789,0.1794871794871795,0.09090909090909091
1180,0.6842105263157895,0.0,0.0,0.0,0.8717948717948718,0.9090909090909091,0.3157894736842105,0.1282051282051282,0.09090909090909091
1181,0.631578947368421,0.02564102564102564,0.09090909090909091,0.05263157894736842,0.8205128205128205,0.7272727272727273,0.3157894736842105,0.15384615384615385,0.18181818181818182
1182,0.5789473684210527,0.02564102564102564,0.09090909090909091,0.10526315789473684,0.8461538461538461,0.8181818181818182,0.3157894736842105,0.1282051282051282,0.09090909090909091
1183,0.631578947368421,0.0,0.0,0.0,0.8461538461538461,0.9090909090909091,0.3684210526315789,0.15384615384615385,0.09090909090909091
1184,0.10526315789473684,0.02564102564102564,0.0,0.10526315789473684,0.8205128205128205,0.8181818181818182,0.7894736842105263,0.15384615384615385,0.18181818181818182
1185,0.05263157894736842,0.0,0.0,0.0,0.8205128205128205,0.9090909090909091,0.9473684210526315,0.1794871794871795,0.09090909090909091
1186,0.0,0.0,0.0,0.05263157894736842,0.8461538461538461,0.9090909090909091,0.9473684210526315,0.15384615384615385,0.09090909090909091
1187,0.0,0.0,0.0,0.0,0.8717948717948718,0.9090909090909091,1.0,0.1282051282051282,0.09090909090909091
1188,0.5263157894736842,0.0,0.0,0.05263157894736842,0.8717948717948718,0.9090909090909091,0.42105263157894735,0.1282051282051282,0.09090909090909091
1189,0.6842105263157895,0.0,0.0,0.0,0.8717948717948718,0.9090909090909091,0.3157894736842105,0.1282051282051282,0.09090909090909091
1190,0.3157894736842105,0.0,0.0,0.0,0.8717948717948718,0.9090909090909091,0.6842105263157895,0.1282051282051282,0.09090909090909091
1191,0.42105263157894735,0.0,0.0,0.05263157894736842,0.8717948717948718,0.9090909090909091,0.5263157894736842,0.1282051282051282,0.09090909090909091
1192,0.47368421052631576,0.0,0.0,0.0,0.8717948717948718,0.9090909090909091,0.5263157894736842,0.1282051282051282,0.09090909090909091
1193,0.631578947368421,0.0,0.0,0.05263157894736842,0.8717948717948718,0.9090909090909091,0.3157894736842105,0.1282051282051282,0.09090909090909091
1194,0.6842105263157895,0.0,0.0,0.0,0.8461538461538461,0.9090909090909091,0.3157894736842105,0.15384615384615385,0.09090909090909091
1195,0.47368421052631576,0.0,0.09090909090909091,0.0,0.8461538461538461,0.8181818181818182,0.5263157894736842,0.15384615384615385,0.09090909090909091
1196,0.5263157894736842,0.0,0.09090909090909091,0.0,0.8717948717948718,0.7272727272727273,0.47368421052631576,0.1282051282051282,0.18181818181818182
1197,0.5263157894736842,0.02564102564102564,0.0,0.10526315789473684,0.8461538461538461,0.9090909090909091,0.3684210526315789,0.1282051282051282,0.09090909090909091
1198,0.2631578947368421,0.0,0.0,0.0,0.8461538461538461,0.9090909090909091,0.7368421052631579,0.15384615384615385,0.09090909090909091
1199,0.0,0.0,0.0,0.05263157894736842,0.8205128205128205,0.9090909090909091,0.9473684210526315,0.1794871794871795,0.09090909090909091
1200,0.21052631578947367,0.0,0.0,0.0,0.8717948717948718,0.9090909090909091,0.7894736842105263,0.1282051282051282,0.09090909090909091
1201,0.631578947368421,0.0,0.0,0.0,0.8717948717948718,0.9090909090909091,0.3684210526315789,0.1282051282051282,0.09090909090909091
1202,0.2631578947368421,0.0,0.0,0.0,0.8461538461538461,0.9090909090909091,0.7368421052631579,0.15384615384615385,0.09090909090909091
1203,0.0,0.0,0.0,0.0,0.8205128205128205,0.9090909090909091,1.0,0.1794871794871795,0.09090909090909091
1204,0.15789473684210525,0.0,0.0,0.05263157894736842,0.8461538461538461,0.9090909090909091,0.7894736842105263,0.15384615384615385,0.09090909090909091
1205,0.10526315789473684,0.0,0.0,0.05263157894736842,0.8205128205128205,0.9090909090909091,0.8421052631578947,0.1794871794871795,0.09090909090909091
1206,0.0,0.0,0.0,0.0,0.8461538461538461,0.8181818181818182,1.0,0.15384615384615385,0.18181818181818182
1207,0.21052631578947367,0.0,0.0,0.0,0.8461538461538461,0.9090909090909091,0.7894736842105263,0.15384615384615385,0.09090909090909091
1208,0.15789473684210525,0.0,0.0,0.0,0.8461538461538461,0.9090909090909091,0.8421052631578947,0.15384615384615385,0.09090909090909091
1209,0.05263157894736842,0.0,0.0,0.05263157894736842,0.8717948717948718,0.9090909090909091,0.8947368421052632,0.1282051282051282,0.09090909090909091
1210,0.3157894736842105,0.0,0.0,0.0,0.8717948717948718,0.9090909090909091,0.6842105263157895,0.1282051282051282,0.09090909090909091
1211,0.42105263157894735,0.0,0.0,0.05263157894736842,0.8717948717948718,0.9090909090909091,0.5263157894736842,0.1282051282051282,0.09090909090909091
1212,0.2631578947368421,0.0,0.0,0.05263157894736842,0.8717948717948718,0.9090909090909091,0.6842105263157895,0.1282051282051282,0.09090909090909091
1213,0.47368421052631576,0.0,0.09090909090909091,0.0,0.8717948717948718,0.8181818181818182,0.5263157894736842,0.1282051282051282,0.09090909090909091
1214,0.05263157894736842,0.0,0.0,0.0,0.8717948717948718,0.9090909090909091,0.9473684210526315,0.1282051282051282,0.09090909090909091
1215,0.0,0.0,0.0,0.05263157894736842,0.8717948717948718,0.9090909090909091,0.9473684210526315,0.1282051282051282,0.09090909090909091
1216,0.631578947368421,0.0,0.0,0.0,0.8717948717948718,0.9090909090909091,0.3684210526315789,0.1282051282051282,0.09090909090909091
1217,0.7368421052631579,0.0,0.0,0.0,0.8461538461538461,0.9090909090909091,0.2631578947368421,0.15384615384615385,0.09090909090909091
1218,0.6842105263157895,0.05128205128205128,0.09090909090909091,0.0,0.7948717948717948,0.8181818181818182,0.3157894736842105,0.15384615384615385,0.09090909090909091
1219,0.5789473684210527,0.0,0.0,0.10526315789473684,0.8461538461538461,0.9090909090909091,0.3157894736842105,0.15384615384615385,0.09090909090909091
1220,0.5789473684210527,0.0,0.0,0.0,0.8461538461538461,0.9090909090909091,0.42105263157894735,0.15384615384615385,0.09090909090909091
1221,0.42105263157894735,0.0,0.0,0.0,0.8717948717948718,0.9090909090909091,0.5789473684210527,0.1282051282051282,0.09090909090909091
1222,0.05263157894736842,0.0,0.0,0.0,0.8717948717948718,0.9090909090909091,0.9473684210526315,0.1282051282051282,0.09090909090909091
1223,0.10526315789473684,0.0,0.0,0.05263157894736842,0.8717948717948718,0.9090909090909091,0.8421052631578947,0.1282051282051282,0.09090909090909091
1224,0.2631578947368421,0.02564102564102564,0.0,0.05263157894736842,0.8461538461538461,0.9090909090909091,0.6842105263157895,0.1282051282051282,0.09090909090909091
1225,0.15789473684210525,0.0,0.0,0.05263157894736842,0.8717948717948718,0.9090909090909091,0.7894736842105263,0.1282051282051282,0.09090909090909091
1226,0.0,0.0,0.0,0.05263157894736842,0.8717948717948718,0.9090909090909091,0.9473684210526315,0.1282051282051282,0.09090909090909091
1227,0.10526315789473684,0.0,0.0,0.05263157894736842,0.8461538461538461,0.9090909090909091,0.8421052631578947,0.15384615384615385,0.09090909090909091
1228,0.5263157894736842,0.02564102564102564,0.0,0.0,0.7948717948717948,0.8181818181818182,0.47368421052631576,0.1794871794871795,0.18181818181818182
1229,0.05263157894736842,0.0,0.0,0.05263157894736842,0.8717948717948718,0.9090909090909091,0.8947368421052632,0.1282051282051282,0.09090909090909091
1230,0.42105263157894735,0.0,0.0,0.0,0.8717948717948718,0.9090909090909091,0.5789473684210527,0.1282051282051282,0.09090909090909091
1231,0.10526315789473684,0.0,0.0,0.05263157894736842,0.8205128205128205,0.7272727272727273,0.8421052631578947,0.1794871794871795,0.2727272727272727
1232,0.5789473684210527,0.0,0.0,0.05263157894736842,0.8461538461538461,0.9090909090909091,0.3684210526315789,0.15384615384615385,0.09090909090909091
1233,0.6842105263157895,0.0,0.0,0.0,0.8461538461538461,0.9090909090909091,0.3157894736842105,0.15384615384615385,0.09090909090909091
1234,0.42105263157894735,0.0,0.0,0.0,0.8461538461538461,0.9090909090909091,0.5789473684210527,0.15384615384615385,0.09090909090909091
1235,0.2631578947368421,0.0,0.0,0.0,0.8461538461538461,0.9090909090909091,0.7368421052631579,0.15384615384615385,0.09090909090909091
1236,0.0,0.0,0.0,0.05263157894736842,0.8717948717948718,0.9090909090909091,0.9473684210526315,0.1282051282051282,0.09090909090909091
1237,0.0,0.0,0.0,0.0,0.8717948717948718,0.8181818181818182,1.0,0.1282051282051282,0.18181818181818182
1238,0.05263157894736842,0.0,0.0,0.0,0.8717948717948718,0.9090909090909091,0.9473684210526315,0.1282051282051282,0.09090909090909091
1239,0.0,0.0,0.0,0.0,0.8461538461538461,0.9090909090909091,1.0,0.15384615384615385,0.09090909090909091
1240,0.42105263157894735,0.0,0.0,0.05263157894736842,0.8205128205128205,0.9090909090909091,0.5263157894736842,0.1794871794871795,0.09090909090909091
1241,0.0,0.0,0.09090909090909091,0.10526315789473684,0.7948717948717948,0.7272727272727273,0.8947368421052632,0.20512820512820512,0.18181818181818182
1242,0.0,0.0,0.0,0.0,0.8717948717948718,0.9090909090909091,1.0,0.1282051282051282,0.09090909090909091
1243,0.05263157894736842,0.0,0.0,0.10526315789473684,0.8205128205128205,0.9090909090909091,0.8421052631578947,0.1794871794871795,0.09090909090909091
1244,0.0,0.0,0.0,0.0,0.8717948717948718,0.9090909090909091,1.0,0.1282051282051282,0.09090909090909091
1245,0.0,0.0,0.0,0.0,0.8717948717948718,0.9090909090909091,1.0,0.1282051282051282,0.09090909090909091
1246,0.47368421052631576,0.0,0.0,0.0,0.8461538461538461,0.9090909090909091,0.5263157894736842,0.15384615384615385,0.09090909090909091
1247,0.3684210526315789,0.0,0.0,0.05263157894736842,0.8461538461538461,0.9090909090909091,0.5789473684210527,0.15384615384615385,0.09090909090909091
1248,0.5263157894736842,0.02564102564102564,0.0,0.05263157894736842,0.8461538461538461,0.8181818181818182,0.42105263157894735,0.1282051282051282,0.18181818181818182
1249,0.42105263157894735,0.0,0.0,0.0,0.8205128205128205,0.9090909090909091,0.5789473684210527,0.1794871794871795,0.09090909090909091
