"('NPA', 'np')","('NPA', 'np1')","('NPA', 'np2')","('NPA', ('NPA', 'NPA'))","('NPO', 'np')","('NPO', 'np1')","('NPO', 'np2')","('NPO', ('NPA', 'NPO'))","('NPO', ('NPO', 'NPA'))","('NPS', 'np')","('NPS', 'np1')","('NPS', 'np2')","('NPS', ('NPA', 'NPS'))","('NPS', ('NPS', 'NPA'))","('S', ('NPA', 'S'))","('S', ('NPS', 'VP'))","('S', ('S', 'NPA'))","('S', ('VP',))","('V', 'v')","('VP', ('NPA', 'VP'))","('VP', ('NPO', 'V'))","('VP', ('V',))","('VP', ('VP', 'NPA'))",
0.730769231,0.192307692,0.076923077,0,0,0,0,0,0,0,0.772727273,0.204545455,0,0.022727273,0.242424242,0.651515152,0,0.106060606,1,0,0,0.847457627,0.152542373,0
0.678571429,0.25,0.071428571,0,0,0,0,0,0,0,0.780487805,0.219512195,0,0,0.253731343,0.611940299,0,0.134328358,1,0.032786885,0,0.819672131,0.147540984,1
0.730769231,0.230769231,0.038461538,0,0,0,0,0,0,0,0.76744186,0.23255814,0,0,0.21875,0.671875,0,0.109375,1,0.048387097,0,0.806451613,0.14516129,2
0.76,0.2,0.04,0,0,0,0,0,0,0,0.772727273,0.227272727,0,0,0.21875,0.6875,0,0.09375,1,0.032786885,0,0.819672131,0.147540984,3
0.730769231,0.230769231,0.038461538,0,0,0,0,0,0,0,0.76744186,0.23255814,0,0,0.253731343,0.641791045,0,0.104477612,1,0,0,0.847457627,0.152542373,4
0.416666667,0.5,0.083333333,0,0,0.76744186,0.23255814,0,0,0.823529412,0,0,0.176470588,0,0,0.237288136,0.152542373,0.610169492,1,0,0.86,0.14,0,5
0.416666667,0.5,0.083333333,0,0,0.76744186,0.23255814,0,0,0.823529412,0,0,0.176470588,0,0,0.237288136,0.152542373,0.610169492,1,0,0.86,0.14,0,6
0.416666667,0.5,0.083333333,0,0,0.76744186,0.23255814,0,0,0.823529412,0,0,0.176470588,0,0,0.237288136,0.152542373,0.610169492,1,0,0.86,0.14,0,7
0.416666667,0.5,0.083333333,0,0,0.76744186,0.23255814,0,0,0.823529412,0,0,0.176470588,0,0,0.237288136,0.152542373,0.610169492,1,0,0.86,0.14,0,8
0.703703704,0.259259259,0.037037037,0,0,0,0,0,0,0,0.761904762,0.238095238,0,0,0.264705882,0.617647059,0,0.117647059,1,0,0,0.847457627,0.152542373,9
0.416666667,0.5,0.083333333,0,0,0.76744186,0.23255814,0,0,0.823529412,0,0,0.176470588,0,0,0.237288136,0.152542373,0.610169492,1,0,0.86,0.14,0,10
0.730769231,0.230769231,0.038461538,0,0,0,0,0,0,0,0.76744186,0.23255814,0,0,0.253731343,0.641791045,0,0.104477612,1,0,0,0.847457627,0.152542373,11
0.730769231,0.230769231,0.038461538,0,0,0,0,0,0,0,0.76744186,0.23255814,0,0,0.253731343,0.641791045,0,0.104477612,1,0,0,0.847457627,0.152542373,12
0.730769231,0.230769231,0.038461538,0,0,0,0,0,0,0,0.76744186,0.23255814,0,0,0.253731343,0.641791045,0,0.104477612,1,0,0,0.847457627,0.152542373,13
0.730769231,0.230769231,0.038461538,0,0,0,0,0,0,0,0.76744186,0.23255814,0,0,0.253731343,0.641791045,0,0.104477612,1,0,0,0.847457627,0.152542373,14
0.730769231,0.230769231,0.038461538,0,0,0,0,0,0,0,0.76744186,0.23255814,0,0,0.253731343,0.641791045,0,0.104477612,1,0,0,0.847457627,0.152542373,15
0.730769231,0.230769231,0.038461538,0,0,0.76744186,0.23255814,0,0,0,0,0,0,0,0,0,0.152542373,0.847457627,1,0.253731343,0.641791045,0.104477612,0,16
0.730769231,0.230769231,0.038461538,0,0,0.76744186,0.23255814,0,0,0,0,0,0,0,0,0,0.152542373,0.847457627,1,0.253731343,0.641791045,0.104477612,0,17
0.730769231,0.230769231,0.038461538,0,0,0.76744186,0.23255814,0,0,0,0,0,0,0,0,0,0.152542373,0.847457627,1,0.253731343,0.641791045,0.104477612,0,18
0.730769231,0.230769231,0.038461538,0,0,0.76744186,0.23255814,0,0,0,0,0,0,0,0,0,0.152542373,0.847457627,1,0.253731343,0.641791045,0.104477612,0,19
0.703703704,0.259259259,0.037037037,0,0,0.761904762,0.238095238,0,0,0,0,0,0,0,0,0,0.152542373,0.847457627,1,0.264705882,0.617647059,0.117647059,0,20
0.730769231,0.230769231,0.038461538,0,0,0.76744186,0.23255814,0,0,0,0,0,0,0,0,0,0.152542373,0.847457627,1,0.253731343,0.641791045,0.104477612,0,21
0.730769231,0.230769231,0.038461538,0,0,0,0,0,0,0,0.76744186,0.23255814,0,0,0.253731343,0.641791045,0,0.104477612,1,0,0,0.847457627,0.152542373,22
0.730769231,0.230769231,0.038461538,0,0,0,0,0,0,0,0.76744186,0.23255814,0,0,0.253731343,0.641791045,0,0.104477612,1,0,0,0.847457627,0.152542373,23
0.703703704,0.259259259,0.037037037,0,0,0,0,0,0,0,0.761904762,0.238095238,0,0,0.264705882,0.617647059,0,0.117647059,1,0,0,0.847457627,0.152542373,24
0.703703704,0.259259259,0.037037037,0,0,0,0,0,0,0,0.761904762,0.238095238,0,0,0.264705882,0.617647059,0,0.117647059,1,0,0,0.847457627,0.152542373,25
0.730769231,0.230769231,0.038461538,0,0,0.76744186,0.23255814,0,0,0,0,0,0,0,0,0,0.152542373,0.847457627,1,0.253731343,0.641791045,0.104477612,0,26
0.730769231,0.230769231,0.038461538,0,0,0.76744186,0.23255814,0,0,0,0,0,0,0,0,0,0.152542373,0.847457627,1,0.253731343,0.641791045,0.104477612,0,27
0.730769231,0.230769231,0.038461538,0,0,0.76744186,0.23255814,0,0,0,0,0,0,0,0,0,0.152542373,0.847457627,1,0.253731343,0.641791045,0.104477612,0,28
0.730769231,0.230769231,0.038461538,0,0,0,0,0,0,0,0.76744186,0.23255814,0,0,0.253731343,0.641791045,0,0.104477612,1,0,0,0.847457627,0.152542373,29
0.730769231,0.230769231,0.038461538,0,0,0,0,0,0,0,0.76744186,0.23255814,0,0,0.253731343,0.641791045,0,0.104477612,1,0,0,0.847457627,0.152542373,30
0.730769231,0.230769231,0.038461538,0,0,0.76744186,0.23255814,0,0,0,0,0,0,0,0,0,0.152542373,0.847457627,1,0.253731343,0.641791045,0.104477612,0,31
0.730769231,0.230769231,0.038461538,0,0,0,0,0,0,0,0.76744186,0.23255814,0,0,0.223684211,0.565789474,0.118421053,0.092105263,1,0,0,1,0,32
0.730769231,0.230769231,0.038461538,0,0,0,0,0,0,0,0.76744186,0.23255814,0,0,0.223684211,0.565789474,0.118421053,0.092105263,1,0,0,1,0,33
0.730769231,0.230769231,0.038461538,0,0,0,0,0,0,0,0.76744186,0.23255814,0,0,0.253731343,0.641791045,0,0.104477612,1,0,0,0.847457627,0.152542373,34
0.730769231,0.230769231,0.038461538,0,0,0,0,0,0,0,0.76744186,0.23255814,0,0,0.253731343,0.641791045,0,0.104477612,1,0,0,0.847457627,0.152542373,35
0.703703704,0.259259259,0.037037037,0,0,0,0,0,0,0,0.761904762,0.238095238,0,0,0.264705882,0.617647059,0,0.117647059,1,0,0,0.847457627,0.152542373,36
0.703703704,0.259259259,0.037037037,0,0,0,0,0,0,0,0.761904762,0.238095238,0,0,0.264705882,0.617647059,0,0.117647059,1,0,0,0.847457627,0.152542373,37
0.730769231,0.230769231,0.038461538,0,0,0,0,0,0,0,0.76744186,0.23255814,0,0,0.253731343,0.641791045,0,0.104477612,1,0,0,0.847457627,0.152542373,38
0.730769231,0.230769231,0.038461538,0,0,0,0,0,0,0,0.76744186,0.23255814,0,0,0.253731343,0.641791045,0,0.104477612,1,0,0,0.847457627,0.152542373,39
0.730769231,0.230769231,0.038461538,0,0,0,0,0,0,0,0.76744186,0.23255814,0,0,0.253731343,0.641791045,0,0.104477612,1,0,0,0.847457627,0.152542373,40
0.730769231,0.230769231,0.038461538,0,0,0,0,0,0,0,0.76744186,0.23255814,0,0,0.253731343,0.641791045,0,0.104477612,1,0,0,0.847457627,0.152542373,41
0.416666667,0.5,0.083333333,0,0,0.76744186,0.23255814,0,0,0.823529412,0,0,0.176470588,0,0,0.237288136,0.152542373,0.610169492,1,0,0.86,0.14,0,42
0.703703704,0.259259259,0.037037037,0,0,0,0,0,0,0,0.761904762,0.238095238,0,0,0.233766234,0.545454545,0.116883117,0.103896104,1,0,0,1,0,43
0.730769231,0.230769231,0.038461538,0,0,0,0,0,0,0,0.76744186,0.23255814,0,0,0.223684211,0.565789474,0.118421053,0.092105263,1,0,0,1,0,44
0.703703704,0.259259259,0.037037037,0,0,0.761904762,0.238095238,0,0,0,0,0,0,0,0,0,0.152542373,0.847457627,1,0.264705882,0.617647059,0.117647059,0,45
0.678571429,0.285714286,0.035714286,0,0,0.756097561,0.243902439,0,0,0,0,0,0,0,0,0,0.152542373,0.847457627,1,0.275362319,0.594202899,0.130434783,0,46
0.416666667,0.5,0.083333333,0,0,0.76744186,0.23255814,0,0,0.823529412,0,0,0.176470588,0,0,0.237288136,0.152542373,0.610169492,1,0,0.86,0.14,0,47
0.416666667,0.5,0.083333333,0,0,0.76744186,0.23255814,0,0,0.823529412,0,0,0.176470588,0,0,0.237288136,0.152542373,0.610169492,1,0,0.86,0.14,0,48
0.416666667,0.5,0.083333333,0,0,0.76744186,0.23255814,0,0,0.823529412,0,0,0.176470588,0,0,0.237288136,0.152542373,0.610169492,1,0,0.86,0.14,0,49
0.416666667,0.5,0.083333333,0,0,0.76744186,0.23255814,0,0,0.823529412,0,0,0.176470588,0,0,0.237288136,0.152542373,0.610169492,1,0,0.86,0.14,0,50
0.416666667,0.5,0.083333333,0,0,0.76744186,0.23255814,0,0,0.823529412,0,0,0.176470588,0,0,0.237288136,0.152542373,0.610169492,1,0,0.86,0.14,0,51
0.416666667,0.5,0.083333333,0,0,0.76744186,0.23255814,0,0,0.823529412,0,0,0.176470588,0,0,0.237288136,0.152542373,0.610169492,1,0,0.86,0.14,0,52
0.416666667,0.5,0.083333333,0,0,0.76744186,0.23255814,0,0,0.823529412,0,0,0.176470588,0,0,0.237288136,0.152542373,0.610169492,1,0,0.86,0.14,0,53
0.633333333,0.333333333,0.033333333,0,0,0,0,0,0,0,0.743589744,0.256410256,0,0,0.295774648,0.549295775,0,0.154929577,1,0,0,0.847457627,0.152542373,54
0.416666667,0.5,0.083333333,0,0,0.76744186,0.23255814,0,0,0.823529412,0,0,0.176470588,0,0,0.237288136,0.152542373,0.610169492,1,0,0.86,0.14,0,55
0.678571429,0.285714286,0.035714286,0,0,0.756097561,0.243902439,0,0,0,0,0,0,0,0,0,0.152542373,0.847457627,1,0.275362319,0.594202899,0.130434783,0,56
0.730769231,0.230769231,0.038461538,0,0,0.76744186,0.23255814,0,0,0,0,0,0,0,0,0,0.152542373,0.847457627,1,0.253731343,0.641791045,0.104477612,0,57
0.703703704,0.259259259,0.037037037,0,0,0,0,0,0,0,0.761904762,0.238095238,0,0,0.264705882,0.617647059,0,0.117647059,1,0,0,0.847457627,0.152542373,58
0.678571429,0.25,0.071428571,0,0,0,0,0,0,0,0.780487805,0.219512195,0,0,0.275362319,0.594202899,0,0.130434783,1,0,0,0.847457627,0.152542373,59
0.730769231,0.230769231,0.038461538,0,0,0,0,0,0,0,0.76744186,0.23255814,0,0,0.253731343,0.641791045,0,0.104477612,1,0,0,0.847457627,0.152542373,60
0.416666667,0.5,0.083333333,0,0,0.76744186,0.23255814,0,0,0.823529412,0,0,0.176470588,0,0,0.237288136,0.152542373,0.610169492,1,0,0.86,0.14,0,61
0.703703704,0.259259259,0.037037037,0,0,0,0,0,0,0,0.761904762,0.238095238,0,0,0.264705882,0.617647059,0,0.117647059,1,0,0,0.847457627,0.152542373,62
0.633333333,0.333333333,0.033333333,0,0,0,0,0,0,0,0.743589744,0.256410256,0,0,0.295774648,0.549295775,0,0.154929577,1,0,0,0.847457627,0.152542373,63
0.730769231,0.230769231,0.038461538,0,0,0,0,0,0,0,0.76744186,0.23255814,0,0,0.253731343,0.641791045,0,0.104477612,1,0,0,0.847457627,0.152542373,64
0.730769231,0.230769231,0.038461538,0,0,0,0,0,0,0,0.76744186,0.23255814,0,0,0.253731343,0.641791045,0,0.104477612,1,0,0,0.847457627,0.152542373,65
0.730769231,0.230769231,0.038461538,0,0,0,0,0,0,0,0.76744186,0.23255814,0,0,0.253731343,0.641791045,0,0.104477612,1,0,0,0.847457627,0.152542373,66
0.416666667,0.5,0.083333333,0,0,0.76744186,0.23255814,0,0,0.823529412,0,0,0.176470588,0,0,0.237288136,0.152542373,0.610169492,1,0,0.86,0.14,0,67
0.461538462,0.461538462,0.076923077,0,0,0.76744186,0.23255814,0,0,1,0,0,0,0,0,0.220338983,0.152542373,0.627118644,1,0.074074074,0.796296296,0.12962963,0,68
0.5,0.4375,0.0625,0,0,0.761904762,0.238095238,0,0,1,0,0,0,0,0,0.186440678,0.152542373,0.661016949,1,0.122807018,0.736842105,0.140350877,0,69
0.730769231,0.230769231,0.038461538,0,0,0,0,0,0,0,0.76744186,0.23255814,0,0,0.253731343,0.641791045,0,0.104477612,1,0,0,0.847457627,0.152542373,70
0.416666667,0.5,0.083333333,0,0,0.76744186,0.23255814,0,0,0.823529412,0,0,0.176470588,0,0,0.237288136,0.152542373,0.610169492,1,0,0.86,0.14,0,71
0.416666667,0.5,0.083333333,0,0,0.76744186,0.23255814,0,0,0.823529412,0,0,0.176470588,0,0,0.237288136,0.152542373,0.610169492,1,0,0.86,0.14,0,72
0.703703704,0.222222222,0.074074074,0,0,0,0,0,0,0,0.785714286,0.214285714,0,0,0.264705882,0.617647059,0,0.117647059,1,0,0,0.847457627,0.152542373,73
0.678571429,0.285714286,0.035714286,0,0,0.756097561,0.243902439,0,0,0,0,0,0,0,0,0,0.152542373,0.847457627,1,0.275362319,0.594202899,0.130434783,0,74
0.730769231,0.230769231,0.038461538,0,0,0.76744186,0.23255814,0,0,0,0,0,0,0,0,0,0.152542373,0.847457627,1,0.253731343,0.641791045,0.104477612,0,75
0.730769231,0.230769231,0.038461538,0,0,0.76744186,0.23255814,0,0,0,0,0,0,0,0,0,0.152542373,0.847457627,1,0.253731343,0.641791045,0.104477612,0,76
0.730769231,0.230769231,0.038461538,0,0,0.76744186,0.23255814,0,0,0,0,0,0,0,0,0,0.152542373,0.847457627,1,0.253731343,0.641791045,0.104477612,0,77
0.703703704,0.259259259,0.037037037,0,0,0,0,0,0,0,0.761904762,0.238095238,0,0,0.264705882,0.617647059,0,0.117647059,1,0,0,0.847457627,0.152542373,78
0.730769231,0.230769231,0.038461538,0,0,0,0,0,0,0,0.76744186,0.23255814,0,0,0.253731343,0.641791045,0,0.104477612,1,0,0,0.847457627,0.152542373,79
0.655172414,0.310344828,0.034482759,0,0,0,0,0,0,0,0.75,0.25,0,0,0.285714286,0.571428571,0,0.142857143,1,0,0,0.847457627,0.152542373,80
0.730769231,0.230769231,0.038461538,0,0,0,0,0,0,0,0.76744186,0.23255814,0,0,0.253731343,0.641791045,0,0.104477612,1,0,0,0.847457627,0.152542373,81
0.730769231,0.230769231,0.038461538,0,0,0,0,0,0,0,0.76744186,0.23255814,0,0,0.253731343,0.641791045,0,0.104477612,1,0,0,0.847457627,0.152542373,82
0.730769231,0.230769231,0.038461538,0,0,0,0,0,0,0,0.76744186,0.23255814,0,0,0.253731343,0.641791045,0,0.104477612,1,0,0,0.847457627,0.152542373,83
0.730769231,0.230769231,0.038461538,0,0,0,0,0,0,0,0.76744186,0.23255814,0,0,0.253731343,0.641791045,0,0.104477612,1,0,0,0.847457627,0.152542373,84
0.416666667,0.5,0.083333333,0,0,0.76744186,0.23255814,0,0,0.823529412,0,0,0.176470588,0,0,0.237288136,0.152542373,0.610169492,1,0,0.86,0.14,0,85
0.416666667,0.5,0.083333333,0,0,0.76744186,0.23255814,0,0,0.823529412,0,0,0.176470588,0,0,0.237288136,0.152542373,0.610169492,1,0,0.86,0.14,0,86
0.730769231,0.230769231,0.038461538,0,0,0,0,0,0,0,0.76744186,0.23255814,0,0,0.253731343,0.641791045,0,0.104477612,1,0,0,0.847457627,0.152542373,87
0.655172414,0.310344828,0.034482759,0,0,0,0,0,0,0,0.75,0.25,0,0,0.285714286,0.571428571,0,0.142857143,1,0,0,0.847457627,0.152542373,88
0.730769231,0.230769231,0.038461538,0,0,0,0,0,0,0,0.76744186,0.23255814,0,0,0.253731343,0.641791045,0,0.104477612,1,0,0,0.847457627,0.152542373,89
0.730769231,0.230769231,0.038461538,0,0,0,0,0,0,0,0.76744186,0.23255814,0,0,0.253731343,0.641791045,0,0.104477612,1,0,0,0.847457627,0.152542373,90
0.730769231,0.230769231,0.038461538,0,0,0,0,0,0,0,0.76744186,0.23255814,0,0,0.253731343,0.641791045,0,0.104477612,1,0,0,0.847457627,0.152542373,91
0.678571429,0.285714286,0.035714286,0,0,0.756097561,0.243902439,0,0,0,0,0,0,0,0,0,0.152542373,0.847457627,1,0.275362319,0.594202899,0.130434783,0,92
0.703703704,0.259259259,0.037037037,0,0,0.761904762,0.238095238,0,0,0,0,0,0,0,0,0,0.152542373,0.847457627,1,0.264705882,0.617647059,0.117647059,0,93
0.416666667,0.5,0.083333333,0,0,0.76744186,0.23255814,0,0,0.823529412,0,0,0.176470588,0,0,0.237288136,0.152542373,0.610169492,1,0,0.86,0.14,0,94
0.416666667,0.5,0.083333333,0,0,0.76744186,0.23255814,0,0,0.823529412,0,0,0.176470588,0,0,0.237288136,0.152542373,0.610169492,1,0,0.86,0.14,0,95
0.416666667,0.5,0.083333333,0,0,0.76744186,0.23255814,0,0,0.823529412,0,0,0.176470588,0,0,0.237288136,0.152542373,0.610169492,1,0,0.86,0.14,0,96
0.730769231,0.230769231,0.038461538,0,0,0,0,0,0,0,0.76744186,0.23255814,0,0,0.253731343,0.641791045,0,0.104477612,1,0,0,0.847457627,0.152542373,97
0.678571429,0.285714286,0.035714286,0,0,0,0,0,0,0,0.756097561,0.243902439,0,0,0.275362319,0.594202899,0,0.130434783,1,0,0,0.847457627,0.152542373,98
0.730769231,0.230769231,0.038461538,0,0,0,0,0,0,0,0.76744186,0.23255814,0,0,0.253731343,0.641791045,0,0.104477612,1,0,0,0.847457627,0.152542373,99
0.730769231,0.230769231,0.038461538,0,0,0,0,0,0,0,0.76744186,0.23255814,0,0,0.253731343,0.641791045,0,0.104477612,1,0,0,0.847457627,0.152542373,100
0.416666667,0.5,0.083333333,0,0,0.76744186,0.23255814,0,0,0.823529412,0,0,0.176470588,0,0,0.237288136,0.152542373,0.610169492,1,0,0.86,0.14,0,101
0.416666667,0.5,0.083333333,0,0,0.76744186,0.23255814,0,0,0.823529412,0,0,0.176470588,0,0,0.237288136,0.152542373,0.610169492,1,0,0.86,0.14,0,102
0.416666667,0.5,0.083333333,0,0,0.76744186,0.23255814,0,0,0.823529412,0,0,0.176470588,0,0,0.237288136,0.152542373,0.610169492,1,0,0.86,0.14,0,103
0.703703704,0.259259259,0.037037037,0,0,0,0,0,0,0,0.761904762,0.238095238,0,0,0.264705882,0.617647059,0,0.117647059,1,0,0,0.847457627,0.152542373,104
0.730769231,0.230769231,0.038461538,0,0,0,0,0,0,0,0.76744186,0.23255814,0,0,0.253731343,0.641791045,0,0.104477612,1,0,0,0.847457627,0.152542373,105
0.703703704,0.259259259,0.037037037,0,0,0,0,0,0,0,0.761904762,0.238095238,0,0,0.264705882,0.617647059,0,0.117647059,1,0,0,0.847457627,0.152542373,106
0.678571429,0.25,0.071428571,0,0,0,0,0,0,0,0.780487805,0.219512195,0,0,0.275362319,0.594202899,0,0.130434783,1,0,0,0.847457627,0.152542373,107
0.416666667,0.5,0.083333333,0,0,0.76744186,0.23255814,0,0,0.823529412,0,0,0.176470588,0,0,0.237288136,0.152542373,0.610169492,1,0,0.86,0.14,0,108
0.416666667,0.5,0.083333333,0,0,0.76744186,0.23255814,0,0,0.823529412,0,0,0.176470588,0,0,0.237288136,0.152542373,0.610169492,1,0,0.86,0.14,0,109
0.703703704,0.259259259,0.037037037,0,0,0,0,0,0,0,0.761904762,0.238095238,0,0,0.264705882,0.617647059,0,0.117647059,1,0,0,0.847457627,0.152542373,110
0.703703704,0.259259259,0.037037037,0,0,0,0,0,0,0,0.761904762,0.238095238,0,0,0.264705882,0.617647059,0,0.117647059,1,0,0,0.847457627,0.152542373,111
0.416666667,0.5,0.083333333,0,0,0.76744186,0.23255814,0,0,0.823529412,0,0,0.176470588,0,0,0.237288136,0.152542373,0.610169492,1,0,0.86,0.14,0,112
0.730769231,0.230769231,0.038461538,0,0,0,0,0,0,0,0.76744186,0.23255814,0,0,0.253731343,0.641791045,0,0.104477612,1,0,0,0.847457627,0.152542373,113
0.730769231,0.230769231,0.038461538,0,0,0,0,0,0,0,0.76744186,0.23255814,0,0,0.253731343,0.641791045,0,0.104477612,1,0,0,0.847457627,0.152542373,114
0.5,0.416666667,0.083333333,0,0,0.76744186,0.23255814,0,0,0.764705882,0.058823529,0,0,0.176470588,0,0.28,0,0.72,1,0,0.728813559,0.118644068,0.152542373,115
0.5,0.428571429,0.071428571,0,0,0.76744186,0.23255814,0,0,1,0,0,0,0,0.078125,0.1875,0.140625,0.59375,1,0,0.86,0.14,0,116
0.461538462,0.461538462,0.076923077,0,0,0.76744186,0.23255814,0,0,1,0,0,0,0,0.063492063,0.206349206,0.142857143,0.587301587,1,0,0.86,0.14,0,117
0.703703704,0.259259259,0.037037037,0,0,0,0,0,0,0,0.761904762,0.238095238,0,0,0.264705882,0.617647059,0,0.117647059,1,0,0,0.847457627,0.152542373,118
0.730769231,0.230769231,0.038461538,0,0,0,0,0,0,0,0.76744186,0.23255814,0,0,0.253731343,0.641791045,0,0.104477612,1,0,0,0.847457627,0.152542373,119
0.678571429,0.285714286,0.035714286,0,0,0,0,0,0,0,0.756097561,0.243902439,0,0,0.275362319,0.594202899,0,0.130434783,1,0,0,0.847457627,0.152542373,120
0.703703704,0.259259259,0.037037037,0,0,0,0,0,0,0,0.761904762,0.238095238,0,0,0.264705882,0.617647059,0,0.117647059,1,0,0,0.847457627,0.152542373,121
0.703703704,0.259259259,0.037037037,0,0,0,0,0,0,0,0.761904762,0.238095238,0,0,0.264705882,0.617647059,0,0.117647059,1,0,0,0.847457627,0.152542373,122
0.730769231,0.230769231,0.038461538,0,0,0,0,0,0,0,0.76744186,0.23255814,0,0,0.253731343,0.641791045,0,0.104477612,1,0,0,0.847457627,0.152542373,123
0.703703704,0.259259259,0.037037037,0,0,0,0,0,0,0,0.761904762,0.238095238,0,0,0.264705882,0.617647059,0,0.117647059,1,0,0,0.847457627,0.152542373,124
0.678571429,0.214285714,0.107142857,0,0,0,0,0,0,0,0.804878049,0.195121951,0,0,0.275362319,0.594202899,0,0.130434783,1,0,0,0.847457627,0.152542373,125
0.730769231,0.230769231,0.038461538,0,0,0,0,0,0,0,0.76744186,0.23255814,0,0,0.253731343,0.641791045,0,0.104477612,1,0,0,0.847457627,0.152542373,126
0.703703704,0.259259259,0.037037037,0,0,0,0,0,0,0,0.761904762,0.238095238,0,0,0.264705882,0.617647059,0,0.117647059,1,0,0,0.847457627,0.152542373,127
0.416666667,0.5,0.083333333,0,0,0.76744186,0.23255814,0,0,0.823529412,0,0,0.176470588,0,0,0.28,0,0.72,1,0,0.728813559,0.118644068,0.152542373,128
0.730769231,0.230769231,0.038461538,0,0,0,0,0,0,0,0.76744186,0.23255814,0,0,0.253731343,0.641791045,0,0.104477612,1,0,0,0.847457627,0.152542373,129
0.416666667,0.5,0.083333333,0,0,0.76744186,0.23255814,0,0,0.823529412,0,0,0.176470588,0,0,0.237288136,0.152542373,0.610169492,1,0,0.86,0.14,0,130
0.703703704,0.259259259,0.037037037,0,0,0,0,0,0,0,0.761904762,0.238095238,0,0,0.264705882,0.617647059,0,0.117647059,1,0,0,0.847457627,0.152542373,131
0.730769231,0.230769231,0.038461538,0,0,0,0,0,0,0,0.76744186,0.23255814,0,0,0.253731343,0.641791045,0,0.104477612,1,0,0,0.847457627,0.152542373,132
0.730769231,0.230769231,0.038461538,0,0,0,0,0,0,0,0.76744186,0.23255814,0,0,0.253731343,0.641791045,0,0.104477612,1,0,0,0.847457627,0.152542373,133
0.730769231,0.230769231,0.038461538,0,0,0,0,0,0,0,0.76744186,0.23255814,0,0,0.253731343,0.641791045,0,0.104477612,1,0,0,0.847457627,0.152542373,134
0.703703704,0.259259259,0.037037037,0,0,0,0,0,0,0,0.761904762,0.238095238,0,0,0.264705882,0.617647059,0,0.117647059,1,0,0,0.847457627,0.152542373,135
0.703703704,0.259259259,0.037037037,0,0,0,0,0,0,0,0.761904762,0.238095238,0,0,0.264705882,0.617647059,0,0.117647059,1,0,0,0.847457627,0.152542373,136
0.730769231,0.230769231,0.038461538,0,0,0,0,0,0,0,0.76744186,0.23255814,0,0,0.253731343,0.641791045,0,0.104477612,1,0,0,0.847457627,0.152542373,137
0.678571429,0.25,0.071428571,0,0,0,0,0,0,0,0.780487805,0.219512195,0,0,0.275362319,0.594202899,0,0.130434783,1,0,0,0.847457627,0.152542373,138
0.730769231,0.230769231,0.038461538,0,0,0,0,0,0,0,0.76744186,0.23255814,0,0,0.253731343,0.641791045,0,0.104477612,1,0,0,0.847457627,0.152542373,139
0.416666667,0.5,0.083333333,0,0,0.76744186,0.23255814,0,0,0.823529412,0,0,0.176470588,0,0,0.28,0,0.72,1,0,0.728813559,0.118644068,0.152542373,140
0.416666667,0.5,0.083333333,0,0,0.76744186,0.23255814,0,0,0.823529412,0,0,0.176470588,0,0,0.28,0,0.72,1,0,0.728813559,0.118644068,0.152542373,141
0.730769231,0.230769231,0.038461538,0,0,0,0,0,0,0,0.76744186,0.23255814,0,0,0.253731343,0.641791045,0,0.104477612,1,0,0,0.847457627,0.152542373,142
0.416666667,0.5,0.083333333,0,0,0.76744186,0.23255814,0,0,0.823529412,0,0,0.176470588,0,0,0.28,0,0.72,1,0,0.728813559,0.118644068,0.152542373,143
0.416666667,0.5,0.083333333,0,0,0.76744186,0.23255814,0,0,0.823529412,0,0,0.176470588,0,0,0.28,0,0.72,1,0,0.728813559,0.118644068,0.152542373,144
0.416666667,0.5,0.083333333,0,0,0.76744186,0.23255814,0,0,0.823529412,0,0,0.176470588,0,0,0.28,0,0.72,1,0,0.728813559,0.118644068,0.152542373,145
0.416666667,0.5,0.083333333,0,0,0.76744186,0.23255814,0,0,0.823529412,0,0,0.176470588,0,0,0.28,0,0.72,1,0,0.728813559,0.118644068,0.152542373,146
0.416666667,0.5,0.083333333,0,0,0.76744186,0.23255814,0,0,0.823529412,0,0,0.176470588,0,0,0.28,0,0.72,1,0,0.728813559,0.118644068,0.152542373,147
0.730769231,0.230769231,0.038461538,0,0,0,0,0,0,0,0.76744186,0.23255814,0,0,0.253731343,0.641791045,0,0.104477612,1,0,0,0.847457627,0.152542373,148
0.730769231,0.230769231,0.038461538,0,0,0,0,0,0,0,0.76744186,0.23255814,0,0,0.253731343,0.641791045,0,0.104477612,1,0,0,0.847457627,0.152542373,149
0.416666667,0.5,0.083333333,0,0,0.76744186,0.23255814,0,0,0.823529412,0,0,0.176470588,0,0,0.237288136,0.152542373,0.610169492,1,0,0.86,0.14,0,150
0.416666667,0.5,0.083333333,0,0,0.76744186,0.23255814,0,0,0.823529412,0,0,0.176470588,0,0,0.237288136,0.152542373,0.610169492,1,0,0.86,0.14,0,151
0.416666667,0.5,0.083333333,0,0,0.76744186,0.23255814,0,0,0.823529412,0,0,0.176470588,0,0,0.237288136,0.152542373,0.610169492,1,0,0.86,0.14,0,152
0.416666667,0.5,0.083333333,0,0,0.76744186,0.23255814,0,0,0.823529412,0,0,0.176470588,0,0,0.28,0,0.72,1,0,0.728813559,0.118644068,0.152542373,153
0.416666667,0.5,0.083333333,0,0,0.76744186,0.23255814,0,0,0.823529412,0,0,0.176470588,0,0,0.237288136,0.152542373,0.610169492,1,0,0.86,0.14,0,154
0.416666667,0.5,0.083333333,0,0,0.76744186,0.23255814,0,0,0.823529412,0,0,0.176470588,0,0,0.237288136,0.152542373,0.610169492,1,0,0.86,0.14,0,155
0.416666667,0.5,0.083333333,0,0,0.76744186,0.23255814,0,0,0.823529412,0,0,0.176470588,0,0,0.237288136,0.152542373,0.610169492,1,0,0.86,0.14,0,156
0.416666667,0.5,0.083333333,0,0,0.76744186,0.23255814,0,0,0.823529412,0,0,0.176470588,0,0,0.237288136,0.152542373,0.610169492,1,0,0.86,0.14,0,157
0.416666667,0.5,0.083333333,0,0,0.76744186,0.23255814,0,0,0.823529412,0,0,0.176470588,0,0,0.28,0,0.72,1,0,0.728813559,0.118644068,0.152542373,158
0.416666667,0.5,0.083333333,0,0,0.76744186,0.23255814,0,0,0.823529412,0,0,0.176470588,0,0,0.237288136,0.152542373,0.610169492,1,0,0.86,0.14,0,159
0.416666667,0.5,0.083333333,0,0,0.76744186,0.23255814,0,0,0.823529412,0,0,0.176470588,0,0,0.237288136,0.152542373,0.610169492,1,0,0.86,0.14,0,160
0.416666667,0.5,0.083333333,0,0,0.76744186,0.23255814,0,0,0.823529412,0,0,0.176470588,0,0,0.237288136,0.152542373,0.610169492,1,0,0.86,0.14,0,161
0.416666667,0.5,0.083333333,0,0,0.76744186,0.23255814,0,0,0.823529412,0,0,0.176470588,0,0,0.237288136,0.152542373,0.610169492,1,0,0.86,0.14,0,162
0.416666667,0.5,0.083333333,0,0,0.76744186,0.23255814,0,0,0.823529412,0,0,0.176470588,0,0,0.237288136,0.152542373,0.610169492,1,0,0.86,0.14,0,163
0.416666667,0.5,0.083333333,0,0,0.76744186,0.23255814,0,0,0.823529412,0,0,0.176470588,0,0,0.237288136,0.152542373,0.610169492,1,0,0.86,0.14,0,164
0.416666667,0.5,0.083333333,0,0,0.76744186,0.23255814,0,0,0.823529412,0,0,0.176470588,0,0,0.237288136,0.152542373,0.610169492,1,0,0.86,0.14,0,165
0.416666667,0.5,0.083333333,0,0,0.76744186,0.23255814,0,0,0.823529412,0,0,0.176470588,0,0,0.237288136,0.152542373,0.610169492,1,0,0.86,0.14,0,166
0.730769231,0.230769231,0.038461538,0,0,0,0,0,0,0,0.76744186,0.23255814,0,0,0.253731343,0.641791045,0,0.104477612,1,0,0,0.847457627,0.152542373,167
0.730769231,0.230769231,0.038461538,0,0,0,0,0,0,0,0.76744186,0.23255814,0,0,0.253731343,0.641791045,0,0.104477612,1,0,0,0.847457627,0.152542373,168
0.416666667,0.5,0.083333333,0,0,0.76744186,0.23255814,0,0,0.823529412,0,0,0.176470588,0,0,0.28,0,0.72,1,0,0.728813559,0.118644068,0.152542373,169
0.416666667,0.5,0.083333333,0,0,0.76744186,0.23255814,0,0,0.823529412,0,0,0.176470588,0,0,0.28,0,0.72,1,0,0.728813559,0.118644068,0.152542373,170
0.416666667,0.5,0.083333333,0,0,0.76744186,0.23255814,0,0,0.823529412,0,0,0.176470588,0,0,0.28,0,0.72,1,0,0.728813559,0.118644068,0.152542373,171
0.416666667,0.5,0.083333333,0,0,0.76744186,0.23255814,0,0,0.823529412,0,0,0.176470588,0,0,0.28,0,0.72,1,0,0.728813559,0.118644068,0.152542373,172
0.416666667,0.5,0.083333333,0,0,0.76744186,0.23255814,0,0,0.823529412,0,0,0.176470588,0,0,0.28,0,0.72,1,0,0.728813559,0.118644068,0.152542373,173
0.416666667,0.5,0.083333333,0,0,0.76744186,0.23255814,0,0,0.823529412,0,0,0.176470588,0,0,0.28,0,0.72,1,0,0.728813559,0.118644068,0.152542373,174
0.416666667,0.5,0.083333333,0,0,0.76744186,0.23255814,0,0,0.823529412,0,0,0.176470588,0,0,0.237288136,0.152542373,0.610169492,1,0,0.86,0.14,0,175
0.730769231,0.230769231,0.038461538,0,0,0.76744186,0.23255814,0,0,0,0,0,0,0,0,0,0.152542373,0.847457627,1,0.253731343,0.641791045,0.104477612,0,176
0.730769231,0.230769231,0.038461538,0,0,0.76744186,0.23255814,0,0,0,0,0,0,0,0,0,0.152542373,0.847457627,1,0.253731343,0.641791045,0.104477612,0,177
0.730769231,0.230769231,0.038461538,0,0,0.76744186,0.23255814,0,0,0,0,0,0,0,0,0,0.152542373,0.847457627,1,0.253731343,0.641791045,0.104477612,0,178
0.730769231,0.230769231,0.038461538,0,0,0.76744186,0.23255814,0,0,0,0,0,0,0,0,0,0.152542373,0.847457627,1,0.253731343,0.641791045,0.104477612,0,179
0.730769231,0.230769231,0.038461538,0,0,0.76744186,0.23255814,0,0,0,0,0,0,0,0,0,0.152542373,0.847457627,1,0.253731343,0.641791045,0.104477612,0,180
0.730769231,0.230769231,0.038461538,0,0,0.76744186,0.23255814,0,0,0,0,0,0,0,0,0,0.152542373,0.847457627,1,0.253731343,0.641791045,0.104477612,0,181
0.730769231,0.230769231,0.038461538,0,0,0.76744186,0.23255814,0,0,0,0,0,0,0,0,0,0.152542373,0.847457627,1,0.253731343,0.641791045,0.104477612,0,182
0.703703704,0.259259259,0.037037037,0,0,0.761904762,0.238095238,0,0,0,0,0,0,0,0,0,0.152542373,0.847457627,1,0.264705882,0.617647059,0.117647059,0,183
0.730769231,0.230769231,0.038461538,0,0,0.76744186,0.23255814,0,0,0,0,0,0,0,0,0,0.152542373,0.847457627,1,0.253731343,0.641791045,0.104477612,0,184
0.703703704,0.222222222,0.074074074,0,0,0,0,0,0,0,0.785714286,0.214285714,0,0,0.264705882,0.617647059,0,0.117647059,1,0,0,0.847457627,0.152542373,185
0.730769231,0.230769231,0.038461538,0,0,0,0,0,0,0,0.76744186,0.23255814,0,0,0.253731343,0.641791045,0,0.104477612,1,0,0,0.847457627,0.152542373,186
0.416666667,0.5,0.083333333,0,0,0.76744186,0.23255814,0,0,0.823529412,0,0,0.176470588,0,0,0.28,0,0.72,1,0,0.728813559,0.118644068,0.152542373,187
0.416666667,0.5,0.083333333,0,0,0.76744186,0.23255814,0,0,0.823529412,0,0,0.176470588,0,0,0.28,0,0.72,1,0,0.728813559,0.118644068,0.152542373,188
0.730769231,0.230769231,0.038461538,0,0,0,0,0,0,0,0.76744186,0.23255814,0,0,0.253731343,0.641791045,0,0.104477612,1,0,0,0.847457627,0.152542373,189
0.703703704,0.259259259,0.037037037,0,0,0,0,0,0,0,0.761904762,0.238095238,0,0,0.264705882,0.617647059,0,0.117647059,1,0,0,0.847457627,0.152542373,190
0.730769231,0.230769231,0.038461538,0,0,0,0,0,0,0,0.76744186,0.23255814,0,0,0.253731343,0.641791045,0,0.104477612,1,0,0,0.847457627,0.152542373,191
0.416666667,0.5,0.083333333,0,0,0.76744186,0.23255814,0,0,0.823529412,0,0,0.176470588,0,0,0.28,0,0.72,1,0,0.728813559,0.118644068,0.152542373,192
0.416666667,0.5,0.083333333,0,0,0.76744186,0.23255814,0,0,0.823529412,0,0,0.176470588,0,0,0.28,0,0.72,1,0,0.728813559,0.118644068,0.152542373,193
0.416666667,0.5,0.083333333,0,0,0.76744186,0.23255814,0,0,0.823529412,0,0,0.176470588,0,0,0.28,0,0.72,1,0,0.728813559,0.118644068,0.152542373,194
0.416666667,0.5,0.083333333,0,0,0.76744186,0.23255814,0,0,0.823529412,0,0,0.176470588,0,0,0.28,0,0.72,1,0,0.728813559,0.118644068,0.152542373,195
0.416666667,0.5,0.083333333,0,0,0.76744186,0.23255814,0,0,0.823529412,0,0,0.176470588,0,0,0.28,0,0.72,1,0,0.728813559,0.118644068,0.152542373,196
0.416666667,0.5,0.083333333,0,0,0.76744186,0.23255814,0,0,0.823529412,0,0,0.176470588,0,0,0.28,0,0.72,1,0,0.728813559,0.118644068,0.152542373,197
0.730769231,0.230769231,0.038461538,0,0,0.76744186,0.23255814,0,0,0,0,0,0,0,0,0,0.152542373,0.847457627,1,0.253731343,0.641791045,0.104477612,0,198
0.730769231,0.230769231,0.038461538,0,0,0.76744186,0.23255814,0,0,0,0,0,0,0,0,0,0.152542373,0.847457627,1,0.253731343,0.641791045,0.104477612,0,199
0.703703704,0.259259259,0.037037037,0,0,0,0,0,0,0,0.761904762,0.238095238,0,0,0.264705882,0.617647059,0,0.117647059,1,0,0,0.847457627,0.152542373,200
0.703703704,0.259259259,0.037037037,0,0,0,0,0,0,0,0.761904762,0.238095238,0,0,0.264705882,0.617647059,0,0.117647059,1,0,0,0.847457627,0.152542373,201
0.730769231,0.230769231,0.038461538,0,0,0,0,0,0,0,0.76744186,0.23255814,0,0,0.253731343,0.641791045,0,0.104477612,1,0,0,0.847457627,0.152542373,202
0.730769231,0.230769231,0.038461538,0,0,0,0,0,0,0,0.76744186,0.23255814,0,0,0.253731343,0.641791045,0,0.104477612,1,0,0,0.847457627,0.152542373,203
0.730769231,0.230769231,0.038461538,0,0,0,0,0,0,0,0.76744186,0.23255814,0,0,0.253731343,0.641791045,0,0.104477612,1,0,0,0.847457627,0.152542373,204
0.416666667,0.5,0.083333333,0,0,0.76744186,0.23255814,0,0,0.823529412,0,0,0.176470588,0,0,0.237288136,0.152542373,0.610169492,1,0,0.86,0.14,0,205
0.416666667,0.5,0.083333333,0,0,0.76744186,0.23255814,0,0,0.823529412,0,0,0.176470588,0,0,0.28,0,0.72,1,0,0.728813559,0.118644068,0.152542373,206
0.416666667,0.5,0.083333333,0,0,0.76744186,0.23255814,0,0,0.823529412,0,0,0.176470588,0,0,0.28,0,0.72,1,0,0.728813559,0.118644068,0.152542373,207
0.730769231,0.230769231,0.038461538,0,0,0,0,0,0,0,0.76744186,0.23255814,0,0,0.253731343,0.641791045,0,0.104477612,1,0,0,0.847457627,0.152542373,208
0.730769231,0.230769231,0.038461538,0,0,0,0,0,0,0,0.76744186,0.23255814,0,0,0.253731343,0.641791045,0,0.104477612,1,0,0,0.847457627,0.152542373,209
0.730769231,0.230769231,0.038461538,0,0,0,0,0,0,0,0.76744186,0.23255814,0,0,0.253731343,0.641791045,0,0.104477612,1,0,0,0.847457627,0.152542373,210
0.416666667,0.5,0.083333333,0,0,0.76744186,0.23255814,0,0,0.823529412,0,0,0.176470588,0,0,0.28,0,0.72,1,0,0.728813559,0.118644068,0.152542373,211
0.703703704,0.222222222,0.074074074,0,0,0,0,0,0,0,0.785714286,0.214285714,0,0,0.264705882,0.617647059,0,0.117647059,1,0,0,0.847457627,0.152542373,212
0.730769231,0.230769231,0.038461538,0,0,0,0,0,0,0,0.76744186,0.23255814,0,0,0.253731343,0.641791045,0,0.104477612,1,0,0,0.847457627,0.152542373,213
0.703703704,0.259259259,0.037037037,0,0,0,0,0,0,0,0.761904762,0.238095238,0,0,0.264705882,0.617647059,0,0.117647059,1,0,0,0.847457627,0.152542373,214
0.730769231,0.230769231,0.038461538,0,0,0,0,0,0,0,0.76744186,0.23255814,0,0,0.253731343,0.641791045,0,0.104477612,1,0,0,0.847457627,0.152542373,215
0.416666667,0.5,0.083333333,0,0,0.76744186,0.23255814,0,0,0.823529412,0,0,0.176470588,0,0,0.28,0,0.72,1,0,0.728813559,0.118644068,0.152542373,216
0.730769231,0.230769231,0.038461538,0,0,0,0,0,0,0,0.76744186,0.23255814,0,0,0.253731343,0.641791045,0,0.104477612,1,0,0,0.847457627,0.152542373,217
0.730769231,0.230769231,0.038461538,0,0,0,0,0,0,0,0.76744186,0.23255814,0,0,0.253731343,0.641791045,0,0.104477612,1,0,0,0.847457627,0.152542373,218
0.416666667,0.5,0.083333333,0,0,0.76744186,0.23255814,0,0,0.823529412,0,0,0.176470588,0,0,0.237288136,0.152542373,0.610169492,1,0,0.86,0.14,0,219
0.416666667,0.5,0.083333333,0,0,0.76744186,0.23255814,0,0,0.823529412,0,0,0.176470588,0,0,0.28,0,0.72,1,0,0.728813559,0.118644068,0.152542373,220
0.416666667,0.5,0.083333333,0,0,0.76744186,0.23255814,0,0,0.823529412,0,0,0.176470588,0,0,0.28,0,0.72,1,0,0.728813559,0.118644068,0.152542373,221
0.416666667,0.5,0.083333333,0,0,0.76744186,0.23255814,0,0,0.823529412,0,0,0.176470588,0,0,0.28,0,0.72,1,0,0.728813559,0.118644068,0.152542373,222
0.416666667,0.5,0.083333333,0,0,0.76744186,0.23255814,0,0,0.823529412,0,0,0.176470588,0,0,0.237288136,0.152542373,0.610169492,1,0,0.86,0.14,0,223
0.416666667,0.5,0.083333333,0,0,0.76744186,0.23255814,0,0,0.823529412,0,0,0.176470588,0,0,0.237288136,0.152542373,0.610169492,1,0,0.86,0.14,0,224
0.416666667,0.5,0.083333333,0,0,0.76744186,0.23255814,0,0,0.823529412,0,0,0.176470588,0,0,0.237288136,0.152542373,0.610169492,1,0,0.86,0.14,0,225
0.416666667,0.5,0.083333333,0,0,0.76744186,0.23255814,0,0,0.823529412,0,0,0.176470588,0,0,0.28,0,0.72,1,0,0.728813559,0.118644068,0.152542373,226
0.416666667,0.5,0.083333333,0,0,0.76744186,0.23255814,0,0,0.823529412,0,0,0.176470588,0,0,0.28,0,0.72,1,0,0.728813559,0.118644068,0.152542373,227
0.416666667,0.5,0.083333333,0,0,0.76744186,0.23255814,0,0,0.823529412,0,0,0.176470588,0,0,0.28,0,0.72,1,0,0.728813559,0.118644068,0.152542373,228
0.416666667,0.5,0.083333333,0,0,0.76744186,0.23255814,0,0,0.823529412,0,0,0.176470588,0,0,0.28,0,0.72,1,0,0.728813559,0.118644068,0.152542373,229
0.416666667,0.5,0.083333333,0,0,0.76744186,0.23255814,0,0,0.823529412,0,0,0.176470588,0,0,0.28,0,0.72,1,0,0.728813559,0.118644068,0.152542373,230
0.416666667,0.5,0.083333333,0,0,0.76744186,0.23255814,0,0,0.823529412,0,0,0.176470588,0,0,0.28,0,0.72,1,0,0.728813559,0.118644068,0.152542373,231
0.416666667,0.5,0.083333333,0,0,0.76744186,0.23255814,0,0,0.823529412,0,0,0.176470588,0,0,0.28,0,0.72,1,0,0.728813559,0.118644068,0.152542373,232
0.416666667,0.5,0.083333333,0,0,0.76744186,0.23255814,0,0,0.823529412,0,0,0.176470588,0,0,0.28,0,0.72,1,0,0.728813559,0.118644068,0.152542373,233
0.416666667,0.5,0.083333333,0,0,0.76744186,0.23255814,0,0,0.823529412,0,0,0.176470588,0,0,0.28,0,0.72,1,0,0.728813559,0.118644068,0.152542373,234
0.416666667,0.5,0.083333333,0,0,0.76744186,0.23255814,0,0,0.823529412,0,0,0.176470588,0,0,0.28,0,0.72,1,0,0.728813559,0.118644068,0.152542373,235
0.416666667,0.5,0.083333333,0,0,0.76744186,0.23255814,0,0,0.823529412,0,0,0.176470588,0,0,0.28,0,0.72,1,0,0.728813559,0.118644068,0.152542373,236
0.416666667,0.5,0.083333333,0,0,0.76744186,0.23255814,0,0,0.823529412,0,0,0.176470588,0,0,0.28,0,0.72,1,0,0.728813559,0.118644068,0.152542373,237
0.416666667,0.5,0.083333333,0,0,0.76744186,0.23255814,0,0,0.823529412,0,0,0.176470588,0,0,0.237288136,0.152542373,0.610169492,1,0,0.86,0.14,0,238
0.416666667,0.5,0.083333333,0,0,0.76744186,0.23255814,0,0,0.823529412,0,0,0.176470588,0,0,0.237288136,0.152542373,0.610169492,1,0,0.86,0.14,0,239
0.416666667,0.5,0.083333333,0,0,0.76744186,0.23255814,0,0,0.823529412,0,0,0.176470588,0,0,0.237288136,0.152542373,0.610169492,1,0,0.86,0.14,0,240
0.730769231,0.230769231,0.038461538,0,0,0,0,0,0,0,0.76744186,0.23255814,0,0,0.253731343,0.641791045,0,0.104477612,1,0,0,0.847457627,0.152542373,241
0.678571429,0.285714286,0.035714286,0,0,0,0,0,0,0,0.756097561,0.243902439,0,0,0.275362319,0.594202899,0,0.130434783,1,0,0,0.847457627,0.152542373,242
0.730769231,0.230769231,0.038461538,0,0,0,0,0,0,0,0.76744186,0.23255814,0,0,0.253731343,0.641791045,0,0.104477612,1,0,0,0.847457627,0.152542373,243
0.730769231,0.230769231,0.038461538,0,0,0,0,0,0,0,0.76744186,0.23255814,0,0,0.253731343,0.641791045,0,0.104477612,1,0,0,0.847457627,0.152542373,244
0.416666667,0.5,0.083333333,0,0,0.76744186,0.23255814,0,0,0.823529412,0,0,0.176470588,0,0,0.28,0,0.72,1,0,0.728813559,0.118644068,0.152542373,245
0.416666667,0.5,0.083333333,0,0,0.76744186,0.23255814,0,0,0.823529412,0,0,0.176470588,0,0,0.237288136,0.152542373,0.610169492,1,0,0.86,0.14,0,246
0.416666667,0.5,0.083333333,0,0,0.76744186,0.23255814,0,0,0.823529412,0,0,0.176470588,0,0,0.237288136,0.152542373,0.610169492,1,0,0.86,0.14,0,247
0.703703704,0.259259259,0.037037037,0,0,0,0,0,0,0,0.761904762,0.238095238,0,0,0.264705882,0.617647059,0,0.117647059,1,0,0,0.847457627,0.152542373,248
0.416666667,0.5,0.083333333,0,0,0.76744186,0.23255814,0,0,0.823529412,0,0,0.176470588,0,0,0.28,0,0.72,1,0,0.728813559,0.118644068,0.152542373,249
0.416666667,0.5,0.083333333,0,0,0.76744186,0.23255814,0,0,0.823529412,0,0,0.176470588,0,0,0.28,0,0.72,1,0,0.728813559,0.118644068,0.152542373,250
0.416666667,0.5,0.083333333,0,0,0.76744186,0.23255814,0,0,0.823529412,0,0,0.176470588,0,0,0.28,0,0.72,1,0,0.728813559,0.118644068,0.152542373,251
0.416666667,0.5,0.083333333,0,0,0.76744186,0.23255814,0,0,0.823529412,0,0,0.176470588,0,0,0.28,0,0.72,1,0,0.728813559,0.118644068,0.152542373,252
0.730769231,0.230769231,0.038461538,0,0,0,0,0,0,0,0.76744186,0.23255814,0,0,0.253731343,0.641791045,0,0.104477612,1,0,0,0.847457627,0.152542373,253
0.730769231,0.230769231,0.038461538,0,0,0,0,0,0,0,0.76744186,0.23255814,0,0,0.253731343,0.641791045,0,0.104477612,1,0,0,0.847457627,0.152542373,254
0.416666667,0.5,0.083333333,0,0,0.76744186,0.23255814,0,0,0.823529412,0,0,0.176470588,0,0,0.237288136,0.152542373,0.610169492,1,0,0.86,0.14,0,255
0.416666667,0.5,0.083333333,0,0,0.76744186,0.23255814,0,0,0.823529412,0,0,0.176470588,0,0,0.28,0,0.72,1,0,0.728813559,0.118644068,0.152542373,256
0.416666667,0.5,0.083333333,0,0,0.76744186,0.23255814,0,0,0.823529412,0,0,0.176470588,0,0,0.237288136,0.152542373,0.610169492,1,0,0.86,0.14,0,257
0.416666667,0.5,0.083333333,0,0,0.76744186,0.23255814,0,0,0.823529412,0,0,0.176470588,0,0,0.237288136,0.152542373,0.610169492,1,0,0.86,0.14,0,258
0.416666667,0.5,0.083333333,0,0,0.76744186,0.23255814,0,0,0.823529412,0,0,0.176470588,0,0,0.237288136,0.152542373,0.610169492,1,0,0.86,0.14,0,259
0.416666667,0.5,0.083333333,0,0,0.76744186,0.23255814,0,0,0.823529412,0,0,0.176470588,0,0,0.237288136,0.152542373,0.610169492,1,0,0.86,0.14,0,260
0.416666667,0.5,0.083333333,0,0,0.76744186,0.23255814,0,0,0.823529412,0,0,0.176470588,0,0,0.237288136,0.152542373,0.610169492,1,0,0.86,0.14,0,261
0.416666667,0.5,0.083333333,0,0,0.76744186,0.23255814,0,0,0.823529412,0,0,0.176470588,0,0,0.237288136,0.152542373,0.610169492,1,0,0.86,0.14,0,262
0.730769231,0.230769231,0.038461538,0,0,0,0,0,0,0,0.76744186,0.23255814,0,0,0.253731343,0.641791045,0,0.104477612,1,0,0,0.847457627,0.152542373,263
0.703703704,0.259259259,0.037037037,0,0,0,0,0,0,0,0.761904762,0.238095238,0,0,0.264705882,0.617647059,0,0.117647059,1,0,0,0.847457627,0.152542373,264
0.730769231,0.230769231,0.038461538,0,0,0,0,0,0,0,0.76744186,0.23255814,0,0,0.253731343,0.641791045,0,0.104477612,1,0,0,0.847457627,0.152542373,265
0.730769231,0.230769231,0.038461538,0,0,0,0,0,0,0,0.76744186,0.23255814,0,0,0.253731343,0.641791045,0,0.104477612,1,0,0,0.847457627,0.152542373,266
0.730769231,0.230769231,0.038461538,0,0,0,0,0,0,0,0.76744186,0.23255814,0,0,0.253731343,0.641791045,0,0.104477612,1,0,0,0.847457627,0.152542373,267
0.416666667,0.5,0.083333333,0,0,0.76744186,0.23255814,0,0,0.823529412,0,0,0.176470588,0,0,0.237288136,0.152542373,0.610169492,1,0,0.86,0.14,0,268
0.416666667,0.5,0.083333333,0,0,0.76744186,0.23255814,0,0,0.823529412,0,0,0.176470588,0,0,0.237288136,0.152542373,0.610169492,1,0,0.86,0.14,0,269
0.416666667,0.5,0.083333333,0,0,0.76744186,0.23255814,0,0,0.823529412,0,0,0.176470588,0,0,0.237288136,0.152542373,0.610169492,1,0,0.86,0.14,0,270
0.416666667,0.5,0.083333333,0,0,0.76744186,0.23255814,0,0,1,0,0,0,0,0.056603774,0.264150943,0,0.679245283,1,0,0.728813559,0.118644068,0.152542373,271
0.730769231,0.230769231,0.038461538,0,0,0,0,0,0,0,0.76744186,0.23255814,0,0,0.253731343,0.641791045,0,0.104477612,1,0,0,0.847457627,0.152542373,272
0.730769231,0.230769231,0.038461538,0,0,0,0,0,0,0,0.76744186,0.23255814,0,0,0.253731343,0.641791045,0,0.104477612,1,0,0,0.847457627,0.152542373,273
0.703703704,0.259259259,0.037037037,0,0,0,0,0,0,0,0.761904762,0.238095238,0,0,0.264705882,0.617647059,0,0.117647059,1,0,0,0.847457627,0.152542373,274
0.416666667,0.5,0.083333333,0,0,0.76744186,0.23255814,0,0,0.823529412,0,0,0.176470588,0,0,0.28,0,0.72,1,0,0.728813559,0.118644068,0.152542373,275
0.416666667,0.5,0.083333333,0,0,0.76744186,0.23255814,0,0,0.823529412,0,0,0.176470588,0,0,0.28,0,0.72,1,0,0.728813559,0.118644068,0.152542373,276
0.730769231,0.230769231,0.038461538,0,0,0,0,0,0,0,0.76744186,0.23255814,0,0,0.253731343,0.641791045,0,0.104477612,1,0,0,0.847457627,0.152542373,277
0.72,0.24,0.04,0,0,0,0,0,0,0.022727273,0.75,0.227272727,0,0,0.242424242,0.666666667,0,0.090909091,1,0,0,0.847457627,0.152542373,278
0.416666667,0.5,0.083333333,0,0,0.76744186,0.23255814,0,0,0.823529412,0,0,0.176470588,0,0,0.237288136,0.152542373,0.610169492,1,0,0.86,0.14,0,279
0.416666667,0.5,0.083333333,0,0,0.76744186,0.23255814,0,0,0.823529412,0,0,0.176470588,0,0,0.28,0,0.72,1,0,0.728813559,0.118644068,0.152542373,280
0.730769231,0.230769231,0.038461538,0,0,0,0,0,0,0,0.76744186,0.23255814,0,0,0.253731343,0.641791045,0,0.104477612,1,0,0,0.847457627,0.152542373,281
0.730769231,0.230769231,0.038461538,0,0,0,0,0,0,0,0.76744186,0.23255814,0,0,0.253731343,0.641791045,0,0.104477612,1,0,0,0.847457627,0.152542373,282
0.678571429,0.25,0.071428571,0,0,0,0,0,0,0,0.780487805,0.219512195,0,0,0.275362319,0.594202899,0,0.130434783,1,0,0,0.847457627,0.152542373,283
0.703703704,0.259259259,0.037037037,0,0,0,0,0,0,0,0.761904762,0.238095238,0,0,0.264705882,0.617647059,0,0.117647059,1,0,0,0.847457627,0.152542373,284
0.703703704,0.259259259,0.037037037,0,0,0,0,0,0,0,0.761904762,0.238095238,0,0,0.264705882,0.617647059,0,0.117647059,1,0,0,0.847457627,0.152542373,285
0.730769231,0.230769231,0.038461538,0,0,0,0,0,0,0,0.76744186,0.23255814,0,0,0.253731343,0.641791045,0,0.104477612,1,0,0,0.847457627,0.152542373,286
0.730769231,0.230769231,0.038461538,0,0,0,0,0,0,0,0.76744186,0.23255814,0,0,0.253731343,0.641791045,0,0.104477612,1,0,0,0.847457627,0.152542373,287
0.703703704,0.259259259,0.037037037,0,0,0,0,0,0,0,0.761904762,0.238095238,0,0,0.264705882,0.617647059,0,0.117647059,1,0,0,0.847457627,0.152542373,288
0.416666667,0.5,0.083333333,0,0,0.76744186,0.23255814,0,0,0.823529412,0,0,0.176470588,0,0,0.237288136,0.152542373,0.610169492,1,0,0.86,0.14,0,289
0.678571429,0.285714286,0.035714286,0,0,0,0,0,0,0,0.756097561,0.243902439,0,0,0.275362319,0.594202899,0,0.130434783,1,0,0,0.847457627,0.152542373,290
0.730769231,0.230769231,0.038461538,0,0,0,0,0,0,0,0.76744186,0.23255814,0,0,0.253731343,0.641791045,0,0.104477612,1,0,0,0.847457627,0.152542373,291
0.703703704,0.259259259,0.037037037,0,0,0,0,0,0,0,0.761904762,0.238095238,0,0,0.264705882,0.617647059,0,0.117647059,1,0,0,0.847457627,0.152542373,292
0.730769231,0.230769231,0.038461538,0,0,0,0,0,0,0,0.76744186,0.23255814,0,0,0.253731343,0.641791045,0,0.104477612,1,0,0,0.847457627,0.152542373,293
0.730769231,0.230769231,0.038461538,0,0,0,0,0,0,0,0.76744186,0.23255814,0,0,0.253731343,0.641791045,0,0.104477612,1,0,0,0.847457627,0.152542373,294
0.730769231,0.230769231,0.038461538,0,0,0,0,0,0,0,0.76744186,0.23255814,0,0,0.253731343,0.641791045,0,0.104477612,1,0,0,0.847457627,0.152542373,295
0.730769231,0.230769231,0.038461538,0,0,0,0,0,0,0,0.76744186,0.23255814,0,0,0.253731343,0.641791045,0,0.104477612,1,0,0,0.847457627,0.152542373,296
0.730769231,0.230769231,0.038461538,0,0,0,0,0,0,0,0.76744186,0.23255814,0,0,0.253731343,0.641791045,0,0.104477612,1,0,0,0.847457627,0.152542373,297
0.730769231,0.230769231,0.038461538,0,0,0,0,0,0,0,0.76744186,0.23255814,0,0,0.253731343,0.641791045,0,0.104477612,1,0,0,0.847457627,0.152542373,298
0.416666667,0.5,0.083333333,0,0,0.76744186,0.23255814,0,0,0.823529412,0,0,0.176470588,0,0,0.237288136,0.152542373,0.610169492,1,0,0.86,0.14,0,299
0.416666667,0.5,0.083333333,0,0,0.76744186,0.23255814,0,0,0.823529412,0,0,0.176470588,0,0,0.237288136,0.152542373,0.610169492,1,0,0.86,0.14,0,300
0.416666667,0.5,0.083333333,0,0,0.76744186,0.23255814,0,0,0.823529412,0,0,0.176470588,0,0,0.237288136,0.152542373,0.610169492,1,0,0.86,0.14,0,301
0.416666667,0.5,0.083333333,0,0,0.76744186,0.23255814,0,0,0.823529412,0,0,0.176470588,0,0,0.28,0,0.72,1,0,0.728813559,0.118644068,0.152542373,302
0.416666667,0.5,0.083333333,0,0,0.76744186,0.23255814,0,0,0.823529412,0,0,0.176470588,0,0,0.28,0,0.72,1,0,0.728813559,0.118644068,0.152542373,303
0.416666667,0.5,0.083333333,0,0,0.76744186,0.23255814,0,0,0.823529412,0,0,0.176470588,0,0,0.28,0,0.72,1,0,0.728813559,0.118644068,0.152542373,304
0.416666667,0.5,0.083333333,0,0,0.76744186,0.23255814,0,0,0.823529412,0,0,0.176470588,0,0,0.28,0,0.72,1,0,0.728813559,0.118644068,0.152542373,305
0.416666667,0.5,0.083333333,0,0,0.76744186,0.23255814,0,0,0.823529412,0,0,0.176470588,0,0,0.28,0,0.72,1,0,0.728813559,0.118644068,0.152542373,306
0.5,0.428571429,0.071428571,0,0,0.76744186,0.23255814,0,0,1,0,0,0,0,0.090909091,0.218181818,0,0.690909091,1,0,0.728813559,0.118644068,0.152542373,307
0.461538462,0.461538462,0.076923077,0,0,0.76744186,0.23255814,0,0,1,0,0,0,0,0.074074074,0.240740741,0,0.685185185,1,0,0.728813559,0.118644068,0.152542373,308
0.703703704,0.259259259,0.037037037,0,0,0,0,0,0,0,0.761904762,0.238095238,0,0,0.264705882,0.617647059,0,0.117647059,1,0,0,0.847457627,0.152542373,309
0.730769231,0.230769231,0.038461538,0,0,0,0,0,0,0,0.76744186,0.23255814,0,0,0.253731343,0.641791045,0,0.104477612,1,0,0,0.847457627,0.152542373,310
0.730769231,0.230769231,0.038461538,0,0,0,0,0,0,0,0.76744186,0.23255814,0,0,0.253731343,0.641791045,0,0.104477612,1,0,0,0.847457627,0.152542373,311
0.703703704,0.259259259,0.037037037,0,0,0,0,0,0,0,0.761904762,0.238095238,0,0,0.264705882,0.617647059,0,0.117647059,1,0,0,0.847457627,0.152542373,312
0.678571429,0.285714286,0.035714286,0,0,0,0,0,0,0,0.756097561,0.243902439,0,0,0.275362319,0.594202899,0,0.130434783,1,0,0,0.847457627,0.152542373,313
0.416666667,0.5,0.083333333,0,0,0.76744186,0.23255814,0,0,0.823529412,0,0,0.176470588,0,0,0.237288136,0.152542373,0.610169492,1,0,0.86,0.14,0,314
0.416666667,0.5,0.083333333,0,0,0.76744186,0.23255814,0,0,0.823529412,0,0,0.176470588,0,0,0.237288136,0.152542373,0.610169492,1,0,0.86,0.14,0,315
0.416666667,0.5,0.083333333,0,0,0.76744186,0.23255814,0,0,0.823529412,0,0,0.176470588,0,0,0.237288136,0.152542373,0.610169492,1,0,0.86,0.14,0,316
0.416666667,0.5,0.083333333,0,0,0.76744186,0.23255814,0,0,0.823529412,0,0,0.176470588,0,0,0.237288136,0.152542373,0.610169492,1,0,0.86,0.14,0,317
0.416666667,0.5,0.083333333,0,0,0.76744186,0.23255814,0,0,0.823529412,0,0,0.176470588,0,0,0.237288136,0.152542373,0.610169492,1,0,0.86,0.14,0,318
0.730769231,0.230769231,0.038461538,0,0,0,0,0,0,0,0.76744186,0.23255814,0,0,0.253731343,0.641791045,0,0.104477612,1,0,0,0.847457627,0.152542373,319
0.730769231,0.230769231,0.038461538,0,0,0,0,0,0,0,0.76744186,0.23255814,0,0,0.253731343,0.641791045,0,0.104477612,1,0,0,0.847457627,0.152542373,320
0.416666667,0.5,0.083333333,0,0,0.76744186,0.23255814,0,0,0.823529412,0,0,0.176470588,0,0,0.237288136,0.152542373,0.610169492,1,0,0.86,0.14,0,321
0.416666667,0.5,0.083333333,0,0,0.76744186,0.23255814,0,0,0.823529412,0,0,0.176470588,0,0,0.237288136,0.152542373,0.610169492,1,0,0.86,0.14,0,322
0.416666667,0.5,0.083333333,0,0,0.76744186,0.23255814,0,0,0.823529412,0,0,0.176470588,0,0,0.237288136,0.152542373,0.610169492,1,0,0.86,0.14,0,323
0.416666667,0.5,0.083333333,0,0,0.76744186,0.23255814,0,0,0.823529412,0,0,0.176470588,0,0,0.237288136,0.152542373,0.610169492,1,0,0.86,0.14,0,324
0.416666667,0.5,0.083333333,0,0,0.76744186,0.23255814,0,0,0.823529412,0,0,0.176470588,0,0,0.237288136,0.152542373,0.610169492,1,0,0.86,0.14,0,325
0.416666667,0.5,0.083333333,0,0,0.76744186,0.23255814,0,0,0.823529412,0,0,0.176470588,0,0,0.237288136,0.152542373,0.610169492,1,0,0.86,0.14,0,326
0.416666667,0.5,0.083333333,0,0,0.76744186,0.23255814,0,0,0.823529412,0,0,0.176470588,0,0,0.237288136,0.152542373,0.610169492,1,0,0.86,0.14,0,327
0.730769231,0.230769231,0.038461538,0,0,0,0,0,0,0,0.76744186,0.23255814,0,0,0.253731343,0.641791045,0,0.104477612,1,0,0,0.847457627,0.152542373,328
0.703703704,0.259259259,0.037037037,0,0,0,0,0,0,0,0.761904762,0.238095238,0,0,0.264705882,0.617647059,0,0.117647059,1,0,0,0.847457627,0.152542373,329
0.730769231,0.230769231,0.038461538,0,0,0,0,0,0,0,0.76744186,0.23255814,0,0,0.253731343,0.641791045,0,0.104477612,1,0,0,0.847457627,0.152542373,330
0.730769231,0.230769231,0.038461538,0,0,0,0,0,0,0,0.76744186,0.23255814,0,0,0.253731343,0.641791045,0,0.104477612,1,0,0,0.847457627,0.152542373,331
0.730769231,0.230769231,0.038461538,0,0,0,0,0,0,0,0.76744186,0.23255814,0,0,0.253731343,0.641791045,0,0.104477612,1,0,0,0.847457627,0.152542373,332
0.730769231,0.230769231,0.038461538,0,0,0,0,0,0,0,0.76744186,0.23255814,0,0,0.253731343,0.641791045,0,0.104477612,1,0,0,0.847457627,0.152542373,333
0.703703704,0.259259259,0.037037037,0,0,0,0,0,0,0,0.761904762,0.238095238,0,0,0.264705882,0.617647059,0,0.117647059,1,0,0,0.847457627,0.152542373,334
0.703703704,0.222222222,0.074074074,0,0,0,0,0,0,0,0.785714286,0.214285714,0,0,0.264705882,0.617647059,0,0.117647059,1,0,0,0.847457627,0.152542373,335
0.655172414,0.275862069,0.068965517,0,0,0,0,0,0,0,0.775,0.225,0,0,0.285714286,0.571428571,0,0.142857143,1,0,0,0.847457627,0.152542373,336
0.678571429,0.285714286,0.035714286,0,0,0,0,0,0,0,0.756097561,0.243902439,0,0,0.275362319,0.594202899,0,0.130434783,1,0,0,0.847457627,0.152542373,337
0.416666667,0.5,0.083333333,0,0,0.76744186,0.23255814,0,0,0.823529412,0,0,0.176470588,0,0,0.237288136,0.152542373,0.610169492,1,0,0.86,0.14,0,338
0.730769231,0.230769231,0.038461538,0,0,0.76744186,0.23255814,0,0,0,0,0,0,0,0.253731343,0,0,0.746268657,1,0,0.728813559,0.118644068,0.152542373,339
0.703703704,0.259259259,0.037037037,0,0,0.761904762,0.238095238,0,0,0,0,0,0,0,0.264705882,0,0,0.735294118,1,0,0.711864407,0.13559322,0.152542373,340
0.730769231,0.230769231,0.038461538,0,0,0.76744186,0.23255814,0,0,0,0,0,0,0,0.253731343,0,0,0.746268657,1,0,0.728813559,0.118644068,0.152542373,341
0.730769231,0.230769231,0.038461538,0,0,0,0,0,0,0,0.76744186,0.23255814,0,0,0.253731343,0.641791045,0,0.104477612,1,0,0,0.847457627,0.152542373,342
0.416666667,0.5,0.083333333,0,0,0.76744186,0.23255814,0,0,0.823529412,0,0,0.176470588,0,0,0.237288136,0.152542373,0.610169492,1,0,0.86,0.14,0,343
0.416666667,0.5,0.083333333,0,0,0.76744186,0.23255814,0,0,0.823529412,0,0,0.176470588,0,0,0.237288136,0.152542373,0.610169492,1,0,0.86,0.14,0,344
0.416666667,0.5,0.083333333,0,0,0.76744186,0.23255814,0,0,0.823529412,0,0,0.176470588,0,0,0.237288136,0.152542373,0.610169492,1,0,0.86,0.14,0,345
0.730769231,0.230769231,0.038461538,0,0,0.76744186,0.23255814,0,0,0,0,0,0,0,0.253731343,0,0,0.746268657,1,0,0.728813559,0.118644068,0.152542373,346
0.416666667,0.5,0.083333333,0,0,0.76744186,0.23255814,0,0,0.823529412,0,0,0.176470588,0,0,0.28,0,0.72,1,0,0.728813559,0.118644068,0.152542373,347
0.416666667,0.5,0.083333333,0,0,0.76744186,0.23255814,0,0,0.823529412,0,0,0.176470588,0,0,0.237288136,0.152542373,0.610169492,1,0,0.86,0.14,0,348
0.730769231,0.230769231,0.038461538,0,0,0,0,0,0,0,0.76744186,0.23255814,0,0,0.253731343,0.641791045,0,0.104477612,1,0,0,0.847457627,0.152542373,349
0.416666667,0.5,0.083333333,0,0,0.76744186,0.23255814,0,0,0.823529412,0,0,0.176470588,0,0,0.237288136,0.152542373,0.610169492,1,0,0.86,0.14,0,350
0.678571429,0.25,0.071428571,0,0,0,0,0,0,0,0.780487805,0.219512195,0,0,0.275362319,0.594202899,0,0.130434783,1,0,0,0.847457627,0.152542373,351
0.730769231,0.230769231,0.038461538,0,0,0,0,0,0,0,0.76744186,0.23255814,0,0,0.253731343,0.641791045,0,0.104477612,1,0,0,0.847457627,0.152542373,352
0.730769231,0.230769231,0.038461538,0,0,0,0,0,0,0,0.76744186,0.23255814,0,0,0.253731343,0.641791045,0,0.104477612,1,0,0,0.847457627,0.152542373,353
0.678571429,0.285714286,0.035714286,0,0,0,0,0,0,0,0.756097561,0.243902439,0,0,0.275362319,0.594202899,0,0.130434783,1,0,0,0.847457627,0.152542373,354
0.730769231,0.230769231,0.038461538,0,0,0,0,0,0,0,0.76744186,0.23255814,0,0,0.253731343,0.641791045,0,0.104477612,1,0,0,0.847457627,0.152542373,355
0.416666667,0.5,0.083333333,0,0,0.76744186,0.23255814,0,0,0.823529412,0,0,0.176470588,0,0,0.28,0,0.72,1,0,0.728813559,0.118644068,0.152542373,356
0.416666667,0.5,0.083333333,0,0,0.76744186,0.23255814,0,0,0.823529412,0,0,0.176470588,0,0,0.28,0,0.72,1,0,0.728813559,0.118644068,0.152542373,357
0.416666667,0.5,0.083333333,0,0,0.76744186,0.23255814,0,0,0.823529412,0,0,0.176470588,0,0,0.28,0,0.72,1,0,0.728813559,0.118644068,0.152542373,358
0.730769231,0.230769231,0.038461538,0,0,0,0,0,0,0,0.76744186,0.23255814,0,0,0.253731343,0.641791045,0,0.104477612,1,0,0,0.847457627,0.152542373,359
0.416666667,0.5,0.083333333,0,0,0.76744186,0.23255814,0,0,0.823529412,0,0,0.176470588,0,0,0.28,0,0.72,1,0,0.728813559,0.118644068,0.152542373,360
0.730769231,0.230769231,0.038461538,0,0,0,0,0,0,0,0.76744186,0.23255814,0,0,0.253731343,0.641791045,0,0.104477612,1,0,0,0.847457627,0.152542373,361
0.730769231,0.230769231,0.038461538,0,0,0,0,0,0,0,0.76744186,0.23255814,0,0,0.253731343,0.641791045,0,0.104477612,1,0,0,0.847457627,0.152542373,362
0.678571429,0.285714286,0.035714286,0,0,0,0,0,0,0,0.756097561,0.243902439,0,0,0.275362319,0.594202899,0,0.130434783,1,0,0,0.847457627,0.152542373,363
0.730769231,0.230769231,0.038461538,0,0,0,0,0,0,0,0.76744186,0.23255814,0,0,0.253731343,0.641791045,0,0.104477612,1,0,0,0.847457627,0.152542373,364
0.730769231,0.230769231,0.038461538,0,0,0,0,0,0,0,0.76744186,0.23255814,0,0,0.253731343,0.641791045,0,0.104477612,1,0,0,0.847457627,0.152542373,365
0.730769231,0.230769231,0.038461538,0,0,0,0,0,0,0,0.76744186,0.23255814,0,0,0.253731343,0.641791045,0,0.104477612,1,0,0,0.847457627,0.152542373,366
0.416666667,0.5,0.083333333,0,0,0.76744186,0.23255814,0,0,0.823529412,0,0,0.176470588,0,0,0.237288136,0.152542373,0.610169492,1,0,0.86,0.14,0,367
0.416666667,0.5,0.083333333,0,0,0.76744186,0.23255814,0,0,0.823529412,0,0,0.176470588,0,0,0.237288136,0.152542373,0.610169492,1,0,0.86,0.14,0,368
0.416666667,0.5,0.083333333,0,0,0.76744186,0.23255814,0,0,0.823529412,0,0,0.176470588,0,0,0.237288136,0.152542373,0.610169492,1,0,0.86,0.14,0,369
0.416666667,0.5,0.083333333,0,0,0.76744186,0.23255814,0,0,0.823529412,0,0,0.176470588,0,0,0.237288136,0.152542373,0.610169492,1,0,0.86,0.14,0,370
0.416666667,0.5,0.083333333,0,0,0.76744186,0.23255814,0,0,0.823529412,0,0,0.176470588,0,0,0.237288136,0.152542373,0.610169492,1,0,0.86,0.14,0,371
0.730769231,0.230769231,0.038461538,0,0,0,0,0,0,0,0.76744186,0.23255814,0,0,0.253731343,0.641791045,0,0.104477612,1,0,0,0.847457627,0.152542373,372
0.730769231,0.230769231,0.038461538,0,0,0,0,0,0,0,0.76744186,0.23255814,0,0,0.253731343,0.641791045,0,0.104477612,1,0,0,0.847457627,0.152542373,373
0.730769231,0.230769231,0.038461538,0,0,0,0,0,0,0,0.76744186,0.23255814,0,0,0.253731343,0.641791045,0,0.104477612,1,0,0,0.847457627,0.152542373,374
0.730769231,0.230769231,0.038461538,0,0,0,0,0,0,0,0.76744186,0.23255814,0,0,0.253731343,0.641791045,0,0.104477612,1,0,0,0.847457627,0.152542373,375
0.730769231,0.230769231,0.038461538,0,0,0,0,0,0,0,0.76744186,0.23255814,0,0,0.253731343,0.641791045,0,0.104477612,1,0,0,0.847457627,0.152542373,376
0.730769231,0.230769231,0.038461538,0,0,0,0,0,0,0,0.76744186,0.23255814,0,0,0.253731343,0.641791045,0,0.104477612,1,0,0,0.847457627,0.152542373,377
0.416666667,0.5,0.083333333,0,0,0.76744186,0.23255814,0,0,0.823529412,0,0,0.176470588,0,0,0.28,0,0.72,1,0,0.728813559,0.118644068,0.152542373,378
0.416666667,0.5,0.083333333,0,0,0.76744186,0.23255814,0,0,0.823529412,0,0,0.176470588,0,0,0.28,0,0.72,1,0,0.728813559,0.118644068,0.152542373,379
0.703703704,0.259259259,0.037037037,0,0,0,0,0,0,0,0.761904762,0.238095238,0,0,0.264705882,0.617647059,0,0.117647059,1,0,0,0.847457627,0.152542373,380
0.416666667,0.5,0.083333333,0,0,0.76744186,0.23255814,0,0,0.823529412,0,0,0.176470588,0,0,0.28,0,0.72,1,0,0.728813559,0.118644068,0.152542373,381
0.416666667,0.5,0.083333333,0,0,0.76744186,0.23255814,0,0,0.823529412,0,0,0.176470588,0,0,0.237288136,0.152542373,0.610169492,1,0,0.86,0.14,0,382
0.416666667,0.5,0.083333333,0,0,0.76744186,0.23255814,0,0,0.823529412,0,0,0.176470588,0,0,0.237288136,0.152542373,0.610169492,1,0,0.86,0.14,0,383
0.416666667,0.5,0.083333333,0,0,0.76744186,0.23255814,0,0,0.823529412,0,0,0.176470588,0,0,0.28,0,0.72,1,0,0.728813559,0.118644068,0.152542373,384
0.416666667,0.5,0.083333333,0,0,0.76744186,0.23255814,0,0,0.823529412,0,0,0.176470588,0,0,0.28,0,0.72,1,0,0.728813559,0.118644068,0.152542373,385
0.416666667,0.5,0.083333333,0,0,0.76744186,0.23255814,0,0,0.823529412,0,0,0.176470588,0,0,0.237288136,0.152542373,0.610169492,1,0,0.86,0.14,0,386
0.416666667,0.5,0.083333333,0,0,0.76744186,0.23255814,0,0,0.823529412,0,0,0.176470588,0,0,0.237288136,0.152542373,0.610169492,1,0,0.86,0.14,0,387
0.416666667,0.5,0.083333333,0,0,0.76744186,0.23255814,0,0,0.823529412,0,0,0.176470588,0,0,0.28,0,0.72,1,0,0.728813559,0.118644068,0.152542373,388
0.416666667,0.5,0.083333333,0,0,0.76744186,0.23255814,0,0,0.823529412,0,0,0.176470588,0,0,0.28,0,0.72,1,0,0.728813559,0.118644068,0.152542373,389
0.730769231,0.230769231,0.038461538,0,0,0.76744186,0.23255814,0,0,0,0,0,0,0,0.223684211,0,0.118421053,0.657894737,1,0,0.86,0.14,0,390
0.416666667,0.5,0.083333333,0,0,0.76744186,0.23255814,0,0,0.823529412,0,0,0.176470588,0,0,0.28,0,0.72,1,0,0.728813559,0.118644068,0.152542373,391
0.416666667,0.5,0.083333333,0,0,0.76744186,0.23255814,0,0,0.823529412,0,0,0.176470588,0,0,0.28,0,0.72,1,0,0.728813559,0.118644068,0.152542373,392
0.703703704,0.259259259,0.037037037,0,0,0.761904762,0.238095238,0,0,0,0,0,0,0,0.233766234,0,0.116883117,0.649350649,1,0,0.84,0.16,0,393
0.416666667,0.5,0.083333333,0,0,0.76744186,0.23255814,0,0,0.823529412,0,0,0.176470588,0,0,0.28,0,0.72,1,0,0.728813559,0.118644068,0.152542373,394
0.416666667,0.5,0.083333333,0,0,0.76744186,0.23255814,0,0,0.823529412,0,0,0.176470588,0,0,0.28,0,0.72,1,0,0.728813559,0.118644068,0.152542373,395
0.416666667,0.5,0.083333333,0,0,0.76744186,0.23255814,0,0,0.823529412,0,0,0.176470588,0,0,0.237288136,0.152542373,0.610169492,1,0,0.86,0.14,0,396
0.678571429,0.285714286,0.035714286,0,0,0,0,0,0,0,0.756097561,0.243902439,0,0,0.275362319,0.594202899,0,0.130434783,1,0,0,0.847457627,0.152542373,397
0.730769231,0.230769231,0.038461538,0,0,0,0,0,0,0,0.76744186,0.23255814,0,0,0.253731343,0.641791045,0,0.104477612,1,0,0,0.847457627,0.152542373,398
0.730769231,0.230769231,0.038461538,0,0,0,0,0,0,0,0.76744186,0.23255814,0,0,0.253731343,0.641791045,0,0.104477612,1,0,0,0.847457627,0.152542373,399
0.416666667,0.5,0.083333333,0,0,0.76744186,0.23255814,0,0,0.823529412,0,0,0.176470588,0,0,0.28,0,0.72,1,0,0.728813559,0.118644068,0.152542373,400
0.416666667,0.5,0.083333333,0,0,0.76744186,0.23255814,0,0,0.823529412,0,0,0.176470588,0,0,0.28,0,0.72,1,0,0.728813559,0.118644068,0.152542373,401
0.730769231,0.230769231,0.038461538,0,0,0.76744186,0.23255814,0,0,0,0,0,0,0,0.223684211,0,0.118421053,0.657894737,1,0,0.86,0.14,0,402
0.416666667,0.5,0.083333333,0,0,0.76744186,0.23255814,0,0,0.823529412,0,0,0.176470588,0,0,0.28,0,0.72,1,0,0.728813559,0.118644068,0.152542373,403
0.416666667,0.5,0.083333333,0,0,0.76744186,0.23255814,0,0,0.823529412,0,0,0.176470588,0,0,0.28,0,0.72,1,0,0.728813559,0.118644068,0.152542373,404
0.416666667,0.5,0.083333333,0,0,0.76744186,0.23255814,0,0,0.823529412,0,0,0.176470588,0,0,0.237288136,0.152542373,0.610169492,1,0,0.86,0.14,0,405
0.416666667,0.5,0.083333333,0,0,0.76744186,0.23255814,0,0,0.823529412,0,0,0.176470588,0,0,0.237288136,0.152542373,0.610169492,1,0,0.86,0.14,0,406
0.416666667,0.5,0.083333333,0,0,0.76744186,0.23255814,0,0,0.823529412,0,0,0.176470588,0,0,0.237288136,0.152542373,0.610169492,1,0,0.86,0.14,0,407
0.416666667,0.5,0.083333333,0,0,0.76744186,0.23255814,0,0,0.823529412,0,0,0.176470588,0,0,0.237288136,0.152542373,0.610169492,1,0,0.86,0.14,0,408
0.416666667,0.5,0.083333333,0,0,0.76744186,0.23255814,0,0,0.823529412,0,0,0.176470588,0,0,0.237288136,0.152542373,0.610169492,1,0,0.86,0.14,0,409
0.416666667,0.5,0.083333333,0,0,0.76744186,0.23255814,0,0,0.823529412,0,0,0.176470588,0,0,0.237288136,0.152542373,0.610169492,1,0,0.86,0.14,0,410
0.416666667,0.5,0.083333333,0,0,0.76744186,0.23255814,0,0,0.823529412,0,0,0.176470588,0,0,0.237288136,0.152542373,0.610169492,1,0,0.86,0.14,0,411
0.416666667,0.5,0.083333333,0,0,0.76744186,0.23255814,0,0,0.823529412,0,0,0.176470588,0,0,0.28,0,0.72,1,0,0.728813559,0.118644068,0.152542373,412
0.730769231,0.230769231,0.038461538,0,0,0.76744186,0.23255814,0,0,0,0,0,0,0,0.223684211,0,0.118421053,0.657894737,1,0,0.86,0.14,0,413
0.703703704,0.222222222,0.074074074,0,0,0.785714286,0.214285714,0,0,0,0,0,0,0,0.233766234,0,0.116883117,0.649350649,1,0,0.84,0.16,0,414
0.730769231,0.230769231,0.038461538,0,0,0.76744186,0.23255814,0,0,0,0,0,0,0,0.223684211,0,0.118421053,0.657894737,1,0,0.86,0.14,0,415
0.416666667,0.5,0.083333333,0,0,0.76744186,0.23255814,0,0,0.823529412,0,0,0.176470588,0,0,0.237288136,0.152542373,0.610169492,1,0,0.86,0.14,0,416
0.416666667,0.5,0.083333333,0,0,0.76744186,0.23255814,0,0,0.823529412,0,0,0.176470588,0,0,0.237288136,0.152542373,0.610169492,1,0,0.86,0.14,0,417
0.416666667,0.5,0.083333333,0,0,0.76744186,0.23255814,0,0,0.823529412,0,0,0.176470588,0,0,0.237288136,0.152542373,0.610169492,1,0,0.86,0.14,0,418
0.416666667,0.5,0.083333333,0,0,0.76744186,0.23255814,0,0,0.823529412,0,0,0.176470588,0,0,0.237288136,0.152542373,0.610169492,1,0,0.86,0.14,0,419
0.416666667,0.5,0.083333333,0,0,0.76744186,0.23255814,0,0,0.823529412,0,0,0.176470588,0,0,0.237288136,0.152542373,0.610169492,1,0,0.86,0.14,0,420
0.416666667,0.5,0.083333333,0,0,0.76744186,0.23255814,0,0,0.823529412,0,0,0.176470588,0,0,0.237288136,0.152542373,0.610169492,1,0,0.86,0.14,0,421
0.416666667,0.5,0.083333333,0,0,0.76744186,0.23255814,0,0,0.823529412,0,0,0.176470588,0,0,0.237288136,0.152542373,0.610169492,1,0,0.86,0.14,0,422
0.416666667,0.5,0.083333333,0,0,0.76744186,0.23255814,0,0,0.823529412,0,0,0.176470588,0,0,0.237288136,0.152542373,0.610169492,1,0,0.86,0.14,0,423
0.416666667,0.5,0.083333333,0,0,0.76744186,0.23255814,0,0,0.823529412,0,0,0.176470588,0,0,0.237288136,0.152542373,0.610169492,1,0,0.86,0.14,0,424
0.730769231,0.230769231,0.038461538,0,0,0,0,0,0,0,0.76744186,0.23255814,0,0,0.253731343,0.641791045,0,0.104477612,1,0,0,0.847457627,0.152542373,425
0.730769231,0.230769231,0.038461538,0,0,0,0,0,0,0,0.76744186,0.23255814,0,0,0.253731343,0.641791045,0,0.104477612,1,0,0,0.847457627,0.152542373,426
0.416666667,0.5,0.083333333,0,0,0.76744186,0.23255814,0,0,0.823529412,0,0,0.176470588,0,0,0.237288136,0.152542373,0.610169492,1,0,0.86,0.14,0,427
0.416666667,0.5,0.083333333,0,0,0.76744186,0.23255814,0,0,0.823529412,0,0,0.176470588,0,0,0.237288136,0.152542373,0.610169492,1,0,0.86,0.14,0,428
0.416666667,0.5,0.083333333,0,0,0.76744186,0.23255814,0,0,0.823529412,0,0,0.176470588,0,0,0.237288136,0.152542373,0.610169492,1,0,0.86,0.14,0,429
0.416666667,0.5,0.083333333,0,0,0.76744186,0.23255814,0,0,0.823529412,0,0,0.176470588,0,0,0.28,0,0.72,1,0,0.728813559,0.118644068,0.152542373,430
0.416666667,0.5,0.083333333,0,0,0.76744186,0.23255814,0,0,0.823529412,0,0,0.176470588,0,0,0.237288136,0.152542373,0.610169492,1,0,0.86,0.14,0,431
0.730769231,0.230769231,0.038461538,0,0,0,0,0,0,0,0.76744186,0.23255814,0,0,0.253731343,0.641791045,0,0.104477612,1,0,0,0.847457627,0.152542373,432
0.655172414,0.310344828,0.034482759,0,0,0,0,0,0,0,0.75,0.25,0,0,0.285714286,0.571428571,0,0.142857143,1,0,0,0.847457627,0.152542373,433
0.703703704,0.259259259,0.037037037,0,0,0,0,0,0,0,0.761904762,0.238095238,0,0,0.264705882,0.617647059,0,0.117647059,1,0,0,0.847457627,0.152542373,434
0.703703704,0.259259259,0.037037037,0,0,0,0,0,0,0,0.761904762,0.238095238,0,0,0.264705882,0.617647059,0,0.117647059,1,0,0,0.847457627,0.152542373,435
0.730769231,0.230769231,0.038461538,0,0,0,0,0,0,0,0.76744186,0.23255814,0,0,0.253731343,0.641791045,0,0.104477612,1,0,0,0.847457627,0.152542373,436
0.730769231,0.230769231,0.038461538,0,0,0,0,0,0,0,0.76744186,0.23255814,0,0,0.253731343,0.641791045,0,0.104477612,1,0,0,0.847457627,0.152542373,437
0.730769231,0.230769231,0.038461538,0,0,0,0,0,0,0,0.76744186,0.23255814,0,0,0.253731343,0.641791045,0,0.104477612,1,0,0,0.847457627,0.152542373,438
0.416666667,0.5,0.083333333,0,0,0.76744186,0.23255814,0,0,0.823529412,0,0,0.176470588,0,0,0.28,0,0.72,1,0,0.728813559,0.118644068,0.152542373,439
0.416666667,0.5,0.083333333,0,0,0.76744186,0.23255814,0,0,0.823529412,0,0,0.176470588,0,0,0.28,0,0.72,1,0,0.728813559,0.118644068,0.152542373,440
0.416666667,0.5,0.083333333,0,0,0.76744186,0.23255814,0,0,0.823529412,0,0,0.176470588,0,0,0.28,0,0.72,1,0,0.728813559,0.118644068,0.152542373,441
0.416666667,0.5,0.083333333,0,0,0.76744186,0.23255814,0,0,0.823529412,0,0,0.176470588,0,0,0.28,0,0.72,1,0,0.728813559,0.118644068,0.152542373,442
0.678571429,0.285714286,0.035714286,0,0,0,0,0,0,0,0.756097561,0.243902439,0,0,0.275362319,0.594202899,0,0.130434783,1,0,0,0.847457627,0.152542373,443
0.703703704,0.222222222,0.074074074,0,0,0,0,0,0,0,0.785714286,0.214285714,0,0,0.264705882,0.617647059,0,0.117647059,1,0,0,0.847457627,0.152542373,444
0.730769231,0.230769231,0.038461538,0,0,0,0,0,0,0,0.76744186,0.23255814,0,0,0.253731343,0.641791045,0,0.104477612,1,0,0,0.847457627,0.152542373,445
0.730769231,0.230769231,0.038461538,0,0,0,0,0,0,0,0.76744186,0.23255814,0,0,0.253731343,0.641791045,0,0.104477612,1,0,0,0.847457627,0.152542373,446
0.730769231,0.230769231,0.038461538,0,0,0,0,0,0,0,0.76744186,0.23255814,0,0,0.253731343,0.641791045,0,0.104477612,1,0,0,0.847457627,0.152542373,447
0.655172414,0.310344828,0.034482759,0,0,0,0,0,0,0,0.75,0.25,0,0,0.285714286,0.571428571,0,0.142857143,1,0,0,0.847457627,0.152542373,448
0.730769231,0.230769231,0.038461538,0,0,0,0,0,0,0,0.76744186,0.23255814,0,0,0.253731343,0.641791045,0,0.104477612,1,0,0,0.847457627,0.152542373,449
0.730769231,0.230769231,0.038461538,0,0,0,0,0,0,0,0.76744186,0.23255814,0,0,0.253731343,0.641791045,0,0.104477612,1,0,0,0.847457627,0.152542373,450
0.730769231,0.230769231,0.038461538,0,0,0,0,0,0,0,0.76744186,0.23255814,0,0,0.253731343,0.641791045,0,0.104477612,1,0,0,0.847457627,0.152542373,451
0.703703704,0.259259259,0.037037037,0,0,0,0,0,0,0,0.761904762,0.238095238,0,0,0.264705882,0.617647059,0,0.117647059,1,0,0,0.847457627,0.152542373,452
0.461538462,0.461538462,0.076923077,0,0,0.76744186,0.23255814,0,0,1,0,0,0,0,0.063492063,0.206349206,0.142857143,0.587301587,1,0,0.86,0.14,0,453
0.416666667,0.5,0.083333333,0,0,0.76744186,0.23255814,0,0,1,0,0,0,0,0.048387097,0.225806452,0.14516129,0.580645161,1,0,0.86,0.14,0,454
0.678571429,0.285714286,0.035714286,0,0,0,0,0,0,0,0.756097561,0.243902439,0,0,0.275362319,0.594202899,0,0.130434783,1,0,0,0.847457627,0.152542373,455
0.730769231,0.230769231,0.038461538,0,0,0,0,0,0,0,0.76744186,0.23255814,0,0,0.253731343,0.641791045,0,0.104477612,1,0,0,0.847457627,0.152542373,456
0.730769231,0.230769231,0.038461538,0,0,0,0,0,0,0,0.76744186,0.23255814,0,0,0.253731343,0.641791045,0,0.104477612,1,0,0,0.847457627,0.152542373,457
0.703703704,0.222222222,0.074074074,0,0,0,0,0,0,0,0.785714286,0.214285714,0,0,0.264705882,0.617647059,0,0.117647059,1,0,0,0.847457627,0.152542373,458
0.703703704,0.259259259,0.037037037,0,0,0,0,0,0,0,0.761904762,0.238095238,0,0,0.264705882,0.617647059,0,0.117647059,1,0,0,0.847457627,0.152542373,459
0.730769231,0.230769231,0.038461538,0,0,0,0,0,0,0,0.76744186,0.23255814,0,0,0.253731343,0.641791045,0,0.104477612,1,0,0,0.847457627,0.152542373,460
0.730769231,0.230769231,0.038461538,0,0,0,0,0,0,0,0.76744186,0.23255814,0,0,0.253731343,0.641791045,0,0.104477612,1,0,0,0.847457627,0.152542373,461
0.730769231,0.230769231,0.038461538,0,0,0,0,0,0,0,0.76744186,0.23255814,0,0,0.253731343,0.641791045,0,0.104477612,1,0,0,0.847457627,0.152542373,462
0.678571429,0.25,0.071428571,0,0,0,0,0,0,0,0.780487805,0.219512195,0,0,0.275362319,0.594202899,0,0.130434783,1,0,0,0.847457627,0.152542373,463
0.416666667,0.5,0.083333333,0,0,0.76744186,0.23255814,0,0,1,0,0,0,0,0.048387097,0.225806452,0.14516129,0.580645161,1,0,0.86,0.14,0,464
0.461538462,0.461538462,0.076923077,0,0,0.76744186,0.23255814,0,0,1,0,0,0,0,0.063492063,0.206349206,0.142857143,0.587301587,1,0,0.86,0.14,0,465
0.416666667,0.5,0.083333333,0,0,0.76744186,0.23255814,0,0,1,0,0,0,0,0.048387097,0.225806452,0.14516129,0.580645161,1,0,0.86,0.14,0,466
0.730769231,0.230769231,0.038461538,0,0,0,0,0,0,0,0.76744186,0.23255814,0,0,0.253731343,0.641791045,0,0.104477612,1,0,0,0.847457627,0.152542373,467
0.703703704,0.259259259,0.037037037,0,0,0,0,0,0,0,0.761904762,0.238095238,0,0,0.264705882,0.617647059,0,0.117647059,1,0,0,0.847457627,0.152542373,468
0.703703704,0.259259259,0.037037037,0,0,0,0,0,0,0,0.761904762,0.238095238,0,0,0.264705882,0.617647059,0,0.117647059,1,0,0,0.847457627,0.152542373,469
0.730769231,0.230769231,0.038461538,0,0,0,0,0,0,0,0.76744186,0.23255814,0,0,0.253731343,0.641791045,0,0.104477612,1,0,0,0.847457627,0.152542373,470
0.730769231,0.230769231,0.038461538,0,0,0,0,0,0,0,0.76744186,0.23255814,0,0,0.253731343,0.641791045,0,0.104477612,1,0,0,0.847457627,0.152542373,471
0.703703704,0.259259259,0.037037037,0,0,0,0,0,0,0,0.761904762,0.238095238,0,0,0.264705882,0.617647059,0,0.117647059,1,0,0,0.847457627,0.152542373,472
0.703703704,0.259259259,0.037037037,0,0,0,0,0,0,0,0.761904762,0.238095238,0,0,0.264705882,0.617647059,0,0.117647059,1,0,0,0.847457627,0.152542373,473
0.730769231,0.230769231,0.038461538,0,0,0,0,0,0,0,0.76744186,0.23255814,0,0,0.253731343,0.641791045,0,0.104477612,1,0,0,0.847457627,0.152542373,474
0.703703704,0.259259259,0.037037037,0,0,0,0,0,0,0,0.761904762,0.238095238,0,0,0.264705882,0.617647059,0,0.117647059,1,0,0,0.847457627,0.152542373,475
0.703703704,0.259259259,0.037037037,0,0,0.761904762,0.238095238,0,0,0,0,0,0,0,0.264705882,0,0,0.735294118,1,0,0.711864407,0.13559322,0.152542373,476
0.678571429,0.285714286,0.035714286,0,0,0.756097561,0.243902439,0,0,0,0,0,0,0,0.275362319,0,0,0.724637681,1,0,0.694915254,0.152542373,0.152542373,477
0.703703704,0.259259259,0.037037037,0,0,0,0,0,0,0,0.761904762,0.238095238,0,0,0.264705882,0.617647059,0,0.117647059,1,0,0,0.847457627,0.152542373,478
0.703703704,0.222222222,0.074074074,0,0,0,0,0,0,0,0.785714286,0.214285714,0,0,0.264705882,0.617647059,0,0.117647059,1,0,0,0.847457627,0.152542373,479
0.416666667,0.5,0.083333333,0,0,0.76744186,0.23255814,0,0,1,0,0,0,0,0.048387097,0.225806452,0.14516129,0.580645161,1,0,0.86,0.14,0,480
0.428571429,0.5,0.071428571,0,0,0.761904762,0.238095238,0,0,1,0,0,0,0,0.078125,0.203125,0.140625,0.578125,1,0,0.84,0.16,0,481
0.416666667,0.5,0.083333333,0,0,0.76744186,0.23255814,0,0,1,0,0,0,0,0.048387097,0.225806452,0.14516129,0.580645161,1,0,0.86,0.14,0,482
0.461538462,0.461538462,0.076923077,0,0,0.76744186,0.23255814,0,0,1,0,0,0,0,0.063492063,0.206349206,0.142857143,0.587301587,1,0,0.86,0.14,0,483
0.533333333,0.4,0.066666667,0,0,0.76744186,0.23255814,0,0,1,0,0,0,0,0.092307692,0.169230769,0.138461538,0.6,1,0,0.86,0.14,0,484
0.703703704,0.259259259,0.037037037,0,0,0,0,0,0,0,0.761904762,0.238095238,0,0,0.264705882,0.617647059,0,0.117647059,1,0,0,0.847457627,0.152542373,485
0.730769231,0.230769231,0.038461538,0,0,0,0,0,0,0,0.76744186,0.23255814,0,0,0.253731343,0.641791045,0,0.104477612,1,0,0,0.847457627,0.152542373,486
0.703703704,0.259259259,0.037037037,0,0,0,0,0,0,0,0.761904762,0.238095238,0,0,0.264705882,0.617647059,0,0.117647059,1,0,0,0.847457627,0.152542373,487
0.730769231,0.230769231,0.038461538,0,0,0,0,0,0,0,0.76744186,0.23255814,0,0,0.253731343,0.641791045,0,0.104477612,1,0,0,0.847457627,0.152542373,488
0.730769231,0.230769231,0.038461538,0,0,0,0,0,0,0,0.76744186,0.23255814,0,0,0.253731343,0.641791045,0,0.104477612,1,0,0,0.847457627,0.152542373,489
0.730769231,0.230769231,0.038461538,0,0,0,0,0,0,0,0.76744186,0.23255814,0,0,0.253731343,0.641791045,0,0.104477612,1,0,0,0.847457627,0.152542373,490
0.678571429,0.285714286,0.035714286,0,0,0,0,0,0,0,0.756097561,0.243902439,0,0,0.275362319,0.594202899,0,0.130434783,1,0,0,0.847457627,0.152542373,491
0.703703704,0.259259259,0.037037037,0,0,0,0,0,0,0,0.761904762,0.238095238,0,0,0.264705882,0.617647059,0,0.117647059,1,0,0,0.847457627,0.152542373,492
0.730769231,0.230769231,0.038461538,0,0,0,0,0,0,0,0.76744186,0.23255814,0,0,0.253731343,0.641791045,0,0.104477612,1,0,0,0.847457627,0.152542373,493
0.655172414,0.24137931,0.103448276,0,0,0,0,0,0,0,0.8,0.2,0,0,0.285714286,0.571428571,0,0.142857143,1,0,0,0.847457627,0.152542373,494
0.730769231,0.230769231,0.038461538,0,0,0,0,0,0,0,0.76744186,0.23255814,0,0,0.253731343,0.641791045,0,0.104477612,1,0,0,0.847457627,0.152542373,495
0.730769231,0.230769231,0.038461538,0,0,0,0,0,0,0,0.76744186,0.23255814,0,0,0.253731343,0.641791045,0,0.104477612,1,0,0,0.847457627,0.152542373,496
0.730769231,0.230769231,0.038461538,0,0,0,0,0,0,0,0.76744186,0.23255814,0,0,0.253731343,0.641791045,0,0.104477612,1,0,0,0.847457627,0.152542373,497
0.703703704,0.259259259,0.037037037,0,0,0,0,0,0,0,0.761904762,0.238095238,0,0,0.264705882,0.617647059,0,0.117647059,1,0,0,0.847457627,0.152542373,498
0.730769231,0.230769231,0.038461538,0,0,0,0,0,0,0,0.76744186,0.23255814,0,0,0.253731343,0.641791045,0,0.104477612,1,0,0,0.847457627,0.152542373,499
0.730769231,0.230769231,0.038461538,0,0,0,0,0,0,0,0.76744186,0.23255814,0,0,0.253731343,0.641791045,0,0.104477612,1,0,0,0.847457627,0.152542373,500
0.730769231,0.230769231,0.038461538,0,0,0,0,0,0,0,0.76744186,0.23255814,0,0,0.253731343,0.641791045,0,0.104477612,1,0,0,0.847457627,0.152542373,501
0.416666667,0.5,0.083333333,0,0,0.76744186,0.23255814,0,0,0.823529412,0,0,0.176470588,0,0,0.237288136,0.152542373,0.610169492,1,0,0.86,0.14,0,502
0.416666667,0.5,0.083333333,0,0,0.76744186,0.23255814,0,0,0.823529412,0,0,0.176470588,0,0,0.237288136,0.152542373,0.610169492,1,0,0.86,0.14,0,503
0.416666667,0.5,0.083333333,0,0,0.76744186,0.23255814,0,0,0.823529412,0,0,0.176470588,0,0,0.237288136,0.152542373,0.610169492,1,0,0.86,0.14,0,504
0.416666667,0.5,0.083333333,0,0,0.76744186,0.23255814,0,0,0.823529412,0,0,0.176470588,0,0,0.237288136,0.152542373,0.610169492,1,0,0.86,0.14,0,505
0.416666667,0.5,0.083333333,0,0,0.76744186,0.23255814,0,0,0.823529412,0,0,0.176470588,0,0,0.237288136,0.152542373,0.610169492,1,0,0.86,0.14,0,506
0.416666667,0.5,0.083333333,0,0,0.76744186,0.23255814,0,0,0.823529412,0,0,0.176470588,0,0,0.237288136,0.152542373,0.610169492,1,0,0.86,0.14,0,507
0.416666667,0.5,0.083333333,0,0,0.76744186,0.23255814,0,0,0.823529412,0,0,0.176470588,0,0,0.237288136,0.152542373,0.610169492,1,0,0.86,0.14,0,508
0.416666667,0.5,0.083333333,0,0,0.76744186,0.23255814,0,0,0.823529412,0,0,0.176470588,0,0,0.237288136,0.152542373,0.610169492,1,0,0.86,0.14,0,509
0.730769231,0.230769231,0.038461538,0,0,0,0,0,0,0,0.76744186,0.23255814,0,0,0.253731343,0.641791045,0,0.104477612,1,0,0,0.847457627,0.152542373,510
0.461538462,0.461538462,0.076923077,0,0,0.76744186,0.23255814,0,0,1,0,0,0,0,0.074074074,0.240740741,0,0.685185185,1,0,0.728813559,0.118644068,0.152542373,511
0.730769231,0.230769231,0.038461538,0,0,0,0,0,0,0,0.76744186,0.23255814,0,0,0.253731343,0.641791045,0,0.104477612,1,0,0,0.847457627,0.152542373,512
0.730769231,0.230769231,0.038461538,0,0,0.76744186,0.23255814,0,0,0,0,0,0,0,0,0,0.152542373,0.847457627,1,0.253731343,0.641791045,0.104477612,0,513
0.730769231,0.230769231,0.038461538,0,0,0.76744186,0.23255814,0,0,0,0,0,0,0,0,0,0.152542373,0.847457627,1,0.253731343,0.641791045,0.104477612,0,514
0.730769231,0.230769231,0.038461538,0,0,0.76744186,0.23255814,0,0,0,0,0,0,0,0,0,0.152542373,0.847457627,1,0.253731343,0.641791045,0.104477612,0,515
0.730769231,0.230769231,0.038461538,0,0,0,0,0,0,0,0.76744186,0.23255814,0,0,0.253731343,0.641791045,0,0.104477612,1,0,0,0.847457627,0.152542373,516
0.730769231,0.230769231,0.038461538,0,0,0,0,0,0,0,0.76744186,0.23255814,0,0,0.253731343,0.641791045,0,0.104477612,1,0,0,0.847457627,0.152542373,517
0.730769231,0.230769231,0.038461538,0,0,0.76744186,0.23255814,0,0,0,0,0,0,0,0,0,0.152542373,0.847457627,1,0.253731343,0.641791045,0.104477612,0,518
0.416666667,0.5,0.083333333,0,0,0.76744186,0.23255814,0,0,0.823529412,0,0,0.176470588,0,0,0.237288136,0.152542373,0.610169492,1,0,0.86,0.14,0,519
0.703703704,0.259259259,0.037037037,0,0,0,0,0,0,0,0.761904762,0.238095238,0,0,0.264705882,0.617647059,0,0.117647059,1,0,0,0.847457627,0.152542373,520
0.703703704,0.259259259,0.037037037,0,0,0,0,0,0,0,0.761904762,0.238095238,0,0,0.264705882,0.617647059,0,0.117647059,1,0,0,0.847457627,0.152542373,521
0.703703704,0.259259259,0.037037037,0,0,0,0,0,0,0,0.761904762,0.238095238,0,0,0.264705882,0.617647059,0,0.117647059,1,0,0,0.847457627,0.152542373,522
0.730769231,0.230769231,0.038461538,0,0,0,0,0,0,0,0.76744186,0.23255814,0,0,0.253731343,0.641791045,0,0.104477612,1,0,0,0.847457627,0.152542373,523
0.730769231,0.230769231,0.038461538,0,0,0,0,0,0,0,0.76744186,0.23255814,0,0,0.253731343,0.641791045,0,0.104477612,1,0,0,0.847457627,0.152542373,524
0.730769231,0.230769231,0.038461538,0,0,0,0,0,0,0,0.76744186,0.23255814,0,0,0.253731343,0.641791045,0,0.104477612,1,0,0,0.847457627,0.152542373,525
0.416666667,0.5,0.083333333,0,0,0.76744186,0.23255814,0,0,0.823529412,0,0,0.176470588,0,0,0.237288136,0.152542373,0.610169492,1,0,0.86,0.14,0,526
0.416666667,0.5,0.083333333,0,0,0.76744186,0.23255814,0,0,0.823529412,0,0,0.176470588,0,0,0.237288136,0.152542373,0.610169492,1,0,0.86,0.14,0,527
0.416666667,0.5,0.083333333,0,0,0.76744186,0.23255814,0,0,0.823529412,0,0,0.176470588,0,0,0.237288136,0.152542373,0.610169492,1,0,0.86,0.14,0,528
0.416666667,0.5,0.083333333,0,0,0.76744186,0.23255814,0,0,0.823529412,0,0,0.176470588,0,0,0.237288136,0.152542373,0.610169492,1,0,0.86,0.14,0,529
0.416666667,0.5,0.083333333,0,0,0.76744186,0.23255814,0,0,0.823529412,0,0,0.176470588,0,0,0.237288136,0.152542373,0.610169492,1,0,0.86,0.14,0,530
0.416666667,0.5,0.083333333,0,0,0.76744186,0.23255814,0,0,0.823529412,0,0,0.176470588,0,0,0.237288136,0.152542373,0.610169492,1,0,0.86,0.14,0,531
0.678571429,0.285714286,0.035714286,0,0,0.756097561,0.243902439,0,0,0,0,0,0,0,0,0,0.152542373,0.847457627,1,0.275362319,0.594202899,0.130434783,0,532
0.730769231,0.230769231,0.038461538,0,0,0.76744186,0.23255814,0,0,0,0,0,0,0,0,0,0.152542373,0.847457627,1,0.253731343,0.641791045,0.104477612,0,533
0.730769231,0.230769231,0.038461538,0,0,0.76744186,0.23255814,0,0,0,0,0,0,0,0,0,0.152542373,0.847457627,1,0.253731343,0.641791045,0.104477612,0,534
0.730769231,0.230769231,0.038461538,0,0,0.76744186,0.23255814,0,0,0,0,0,0,0,0,0,0.152542373,0.847457627,1,0.253731343,0.641791045,0.104477612,0,535
0.703703704,0.259259259,0.037037037,0,0,0.761904762,0.238095238,0,0,0,0,0,0,0,0,0,0.152542373,0.847457627,1,0.264705882,0.617647059,0.117647059,0,536
0.703703704,0.222222222,0.074074074,0,0,0,0,0,0,0,0.785714286,0.214285714,0,0,0.264705882,0.617647059,0,0.117647059,1,0,0,0.847457627,0.152542373,537
0.730769231,0.230769231,0.038461538,0,0,0,0,0,0,0,0.76744186,0.23255814,0,0,0.253731343,0.641791045,0,0.104477612,1,0,0,0.847457627,0.152542373,538
0.730769231,0.230769231,0.038461538,0,0,0,0,0,0,0,0.76744186,0.23255814,0,0,0.253731343,0.641791045,0,0.104477612,1,0,0,0.847457627,0.152542373,539
0.416666667,0.5,0.083333333,0,0,0.76744186,0.23255814,0,0,0.823529412,0,0,0.176470588,0,0,0.237288136,0.152542373,0.610169492,1,0,0.86,0.14,0,540
0.416666667,0.5,0.083333333,0,0,0.76744186,0.23255814,0,0,0.823529412,0,0,0.176470588,0,0,0.237288136,0.152542373,0.610169492,1,0,0.86,0.14,0,541
0.416666667,0.5,0.083333333,0,0,0.76744186,0.23255814,0,0,0.823529412,0,0,0.176470588,0,0,0.237288136,0.152542373,0.610169492,1,0,0.86,0.14,0,542
0.416666667,0.5,0.083333333,0,0,0.76744186,0.23255814,0,0,0.823529412,0,0,0.176470588,0,0,0.237288136,0.152542373,0.610169492,1,0,0.86,0.14,0,543
0.416666667,0.5,0.083333333,0,0,0.76744186,0.23255814,0,0,0.823529412,0,0,0.176470588,0,0,0.237288136,0.152542373,0.610169492,1,0,0.86,0.14,0,544
0.416666667,0.5,0.083333333,0,0,0.76744186,0.23255814,0,0,0.823529412,0,0,0.176470588,0,0,0.237288136,0.152542373,0.610169492,1,0,0.86,0.14,0,545
0.416666667,0.5,0.083333333,0,0,0.76744186,0.23255814,0,0,0.823529412,0,0,0.176470588,0,0,0.237288136,0.152542373,0.610169492,1,0,0.86,0.14,0,546
0.703703704,0.259259259,0.037037037,0,0,0,0,0,0,0,0.761904762,0.238095238,0,0,0.264705882,0.617647059,0,0.117647059,1,0,0,0.847457627,0.152542373,547
0.703703704,0.222222222,0.074074074,0,0,0,0,0,0,0,0.785714286,0.214285714,0,0,0.264705882,0.617647059,0,0.117647059,1,0,0,0.847457627,0.152542373,548
0.730769231,0.230769231,0.038461538,0,0,0,0,0,0,0,0.76744186,0.23255814,0,0,0.253731343,0.641791045,0,0.104477612,1,0,0,0.847457627,0.152542373,549
0.730769231,0.230769231,0.038461538,0,0,0,0,0,0,0,0.76744186,0.23255814,0,0,0.253731343,0.641791045,0,0.104477612,1,0,0,0.847457627,0.152542373,550
0.730769231,0.230769231,0.038461538,0,0,0,0,0,0,0,0.76744186,0.23255814,0,0,0.253731343,0.641791045,0,0.104477612,1,0,0,0.847457627,0.152542373,551
0.730769231,0.230769231,0.038461538,0,0,0,0,0,0,0,0.76744186,0.23255814,0,0,0.253731343,0.641791045,0,0.104477612,1,0,0,0.847457627,0.152542373,552
0.730769231,0.230769231,0.038461538,0,0,0,0,0,0,0,0.76744186,0.23255814,0,0,0.253731343,0.641791045,0,0.104477612,1,0,0,0.847457627,0.152542373,553
0.416666667,0.5,0.083333333,0,0,0.76744186,0.23255814,0,0,0.823529412,0,0,0.176470588,0,0,0.237288136,0.152542373,0.610169492,1,0,0.86,0.14,0,554
0.416666667,0.5,0.083333333,0,0,0.76744186,0.23255814,0,0,0.823529412,0,0,0.176470588,0,0,0.237288136,0.152542373,0.610169492,1,0,0.86,0.14,0,555
0.678571429,0.285714286,0.035714286,0,0,0.756097561,0.243902439,0,0,0,0,0,0,0,0,0,0.152542373,0.847457627,1,0.275362319,0.594202899,0.130434783,0,556
0.416666667,0.5,0.083333333,0,0,0.76744186,0.23255814,0,0,0.823529412,0,0,0.176470588,0,0,0.237288136,0.152542373,0.610169492,1,0,0.86,0.14,0,557
0.730769231,0.230769231,0.038461538,0,0,0.76744186,0.23255814,0,0,0,0,0,0,0,0,0,0.152542373,0.847457627,1,0.253731343,0.641791045,0.104477612,0,558
0.730769231,0.230769231,0.038461538,0,0,0.76744186,0.23255814,0,0,0,0,0,0,0,0,0,0.152542373,0.847457627,1,0.253731343,0.641791045,0.104477612,0,559
0.730769231,0.230769231,0.038461538,0,0,0.76744186,0.23255814,0,0,0,0,0,0,0,0,0,0.152542373,0.847457627,1,0.253731343,0.641791045,0.104477612,0,560
0.416666667,0.5,0.083333333,0,0,0.76744186,0.23255814,0,0,0.823529412,0,0,0.176470588,0,0,0.237288136,0.152542373,0.610169492,1,0,0.86,0.14,0,561
0.416666667,0.5,0.083333333,0,0,0.76744186,0.23255814,0,0,0.823529412,0,0,0.176470588,0,0,0.237288136,0.152542373,0.610169492,1,0,0.86,0.14,0,562
0.416666667,0.5,0.083333333,0,0,0.76744186,0.23255814,0,0,0.823529412,0,0,0.176470588,0,0,0.237288136,0.152542373,0.610169492,1,0,0.86,0.14,0,563
0.416666667,0.5,0.083333333,0,0,0.76744186,0.23255814,0,0,0.823529412,0,0,0.176470588,0,0,0.237288136,0.152542373,0.610169492,1,0,0.86,0.14,0,564
0.703703704,0.222222222,0.074074074,0,0,0,0,0,0,0,0.785714286,0.214285714,0,0,0.264705882,0.617647059,0,0.117647059,1,0,0,0.847457627,0.152542373,565
0.678571429,0.285714286,0.035714286,0,0,0,0,0,0,0,0.756097561,0.243902439,0,0,0.275362319,0.594202899,0,0.130434783,1,0,0,0.847457627,0.152542373,566
0.703703704,0.259259259,0.037037037,0,0,0,0,0,0,0,0.761904762,0.238095238,0,0,0.264705882,0.617647059,0,0.117647059,1,0,0,0.847457627,0.152542373,567
0.703703704,0.259259259,0.037037037,0,0,0,0,0,0,0,0.761904762,0.238095238,0,0,0.264705882,0.617647059,0,0.117647059,1,0,0,0.847457627,0.152542373,568
0.703703704,0.259259259,0.037037037,0,0,0,0,0,0,0,0.761904762,0.238095238,0,0,0.264705882,0.617647059,0,0.117647059,1,0,0,0.847457627,0.152542373,569
0.730769231,0.230769231,0.038461538,0,0,0,0,0,0,0,0.76744186,0.23255814,0,0,0.253731343,0.641791045,0,0.104477612,1,0,0,0.847457627,0.152542373,570
0.730769231,0.230769231,0.038461538,0,0,0,0,0,0,0,0.76744186,0.23255814,0,0,0.253731343,0.641791045,0,0.104477612,1,0,0,0.847457627,0.152542373,571
0.730769231,0.230769231,0.038461538,0,0,0,0,0,0,0,0.76744186,0.23255814,0,0,0.253731343,0.641791045,0,0.104477612,1,0,0,0.847457627,0.152542373,572
0.730769231,0.230769231,0.038461538,0,0,0,0,0,0,0,0.76744186,0.23255814,0,0,0.253731343,0.641791045,0,0.104477612,1,0,0,0.847457627,0.152542373,573
0.730769231,0.230769231,0.038461538,0,0,0,0,0,0,0,0.76744186,0.23255814,0,0,0.253731343,0.641791045,0,0.104477612,1,0,0,0.847457627,0.152542373,574
0.703703704,0.222222222,0.074074074,0,0,0,0,0,0,0,0.785714286,0.214285714,0,0,0.264705882,0.617647059,0,0.117647059,1,0,0,0.847457627,0.152542373,575
0.416666667,0.5,0.083333333,0,0,0.76744186,0.23255814,0,0,0.823529412,0,0,0.176470588,0,0,0.237288136,0.152542373,0.610169492,1,0,0.86,0.14,0,576
0.416666667,0.5,0.083333333,0,0,0.76744186,0.23255814,0,0,0.823529412,0,0,0.176470588,0,0,0.237288136,0.152542373,0.610169492,1,0,0.86,0.14,0,577
0.416666667,0.5,0.083333333,0,0,0.76744186,0.23255814,0,0,0.823529412,0,0,0.176470588,0,0,0.237288136,0.152542373,0.610169492,1,0,0.86,0.14,0,578
0.416666667,0.5,0.083333333,0,0,0.76744186,0.23255814,0,0,0.823529412,0,0,0.176470588,0,0,0.237288136,0.152542373,0.610169492,1,0,0.86,0.14,0,579
0.416666667,0.5,0.083333333,0,0,0.76744186,0.23255814,0,0,0.823529412,0,0,0.176470588,0,0,0.237288136,0.152542373,0.610169492,1,0,0.86,0.14,0,580
0.703703704,0.259259259,0.037037037,0,0,0.761904762,0.238095238,0,0,0,0,0,0,0,0,0,0.152542373,0.847457627,1,0.264705882,0.617647059,0.117647059,0,581
0.703703704,0.222222222,0.074074074,0,0,0.785714286,0.214285714,0,0,0,0,0,0,0,0,0,0.152542373,0.847457627,1,0.264705882,0.617647059,0.117647059,0,582
0.678571429,0.285714286,0.035714286,0,0,0.756097561,0.243902439,0,0,0,0,0,0,0,0,0,0.152542373,0.847457627,1,0.275362319,0.594202899,0.130434783,0,583
0.678571429,0.285714286,0.035714286,0,0,0.756097561,0.243902439,0,0,0,0,0,0,0,0,0,0.152542373,0.847457627,1,0.275362319,0.594202899,0.130434783,0,584
0.730769231,0.230769231,0.038461538,0,0,0,0,0,0,0,0.76744186,0.23255814,0,0,0.253731343,0.641791045,0,0.104477612,1,0,0,0.847457627,0.152542373,585
0.655172414,0.275862069,0.068965517,0,0,0,0,0,0,0,0.775,0.225,0,0,0.285714286,0.571428571,0,0.142857143,1,0,0,0.847457627,0.152542373,586
0.730769231,0.230769231,0.038461538,0,0,0,0,0,0,0,0.76744186,0.23255814,0,0,0.253731343,0.641791045,0,0.104477612,1,0,0,0.847457627,0.152542373,587
0.703703704,0.222222222,0.074074074,0,0,0,0,0,0,0,0.785714286,0.214285714,0,0,0.264705882,0.617647059,0,0.117647059,1,0,0,0.847457627,0.152542373,588
0.730769231,0.230769231,0.038461538,0,0,0,0,0,0,0,0.76744186,0.23255814,0,0,0.253731343,0.641791045,0,0.104477612,1,0,0,0.847457627,0.152542373,589
0.730769231,0.230769231,0.038461538,0,0,0,0,0,0,0,0.76744186,0.23255814,0,0,0.253731343,0.641791045,0,0.104477612,1,0,0,0.847457627,0.152542373,590
0.730769231,0.230769231,0.038461538,0,0,0,0,0,0,0,0.76744186,0.23255814,0,0,0.253731343,0.641791045,0,0.104477612,1,0,0,0.847457627,0.152542373,591
0.730769231,0.230769231,0.038461538,0,0,0,0,0,0,0,0.76744186,0.23255814,0,0,0.253731343,0.641791045,0,0.104477612,1,0,0,0.847457627,0.152542373,592
0.416666667,0.5,0.083333333,0,0,0.76744186,0.23255814,0,0,0.823529412,0,0,0.176470588,0,0,0.237288136,0.152542373,0.610169492,1,0,0.86,0.14,0,593
0.416666667,0.5,0.083333333,0,0,0.76744186,0.23255814,0,0,0.823529412,0,0,0.176470588,0,0,0.237288136,0.152542373,0.610169492,1,0,0.86,0.14,0,594
0.416666667,0.5,0.083333333,0,0,0.76744186,0.23255814,0,0,0.823529412,0,0,0.176470588,0,0,0.237288136,0.152542373,0.610169492,1,0,0.86,0.14,0,595
0.416666667,0.5,0.083333333,0,0,0.76744186,0.23255814,0,0,0.823529412,0,0,0.176470588,0,0,0.237288136,0.152542373,0.610169492,1,0,0.86,0.14,0,596
0.416666667,0.5,0.083333333,0,0,0.76744186,0.23255814,0,0,0.823529412,0,0,0.176470588,0,0,0.237288136,0.152542373,0.610169492,1,0,0.86,0.14,0,597
0.416666667,0.5,0.083333333,0,0,0.76744186,0.23255814,0,0,0.823529412,0,0,0.176470588,0,0,0.237288136,0.152542373,0.610169492,1,0,0.86,0.14,0,598
0.416666667,0.5,0.083333333,0,0,0.76744186,0.23255814,0,0,0.823529412,0,0,0.176470588,0,0,0.237288136,0.152542373,0.610169492,1,0,0.86,0.14,0,599
0.416666667,0.5,0.083333333,0,0,0.76744186,0.23255814,0,0,0.823529412,0,0,0.176470588,0,0,0.237288136,0.152542373,0.610169492,1,0,0.86,0.14,0,600
0.416666667,0.5,0.083333333,0,0,0.76744186,0.23255814,0,0,0.823529412,0,0,0.176470588,0,0,0.237288136,0.152542373,0.610169492,1,0,0.86,0.14,0,601
0.678571429,0.25,0.071428571,0,0,0,0,0,0,0,0.780487805,0.219512195,0,0,0.275362319,0.594202899,0,0.130434783,1,0,0,0.847457627,0.152542373,602
0.703703704,0.259259259,0.037037037,0,0,0,0,0,0,0,0.761904762,0.238095238,0,0,0.264705882,0.617647059,0,0.117647059,1,0,0,0.847457627,0.152542373,603
0.730769231,0.230769231,0.038461538,0,0,0,0,0,0,0,0.76744186,0.23255814,0,0,0.253731343,0.641791045,0,0.104477612,1,0,0,0.847457627,0.152542373,604
0.730769231,0.230769231,0.038461538,0,0,0.76744186,0.23255814,0,0,0,0,0,0,0,0,0,0.152542373,0.847457627,1,0.253731343,0.641791045,0.104477612,0,605
0.678571429,0.285714286,0.035714286,0,0,0.756097561,0.243902439,0,0,0,0,0,0,0,0,0,0.152542373,0.847457627,1,0.275362319,0.594202899,0.130434783,0,606
0.703703704,0.259259259,0.037037037,0,0,0.761904762,0.238095238,0,0,0,0,0,0,0,0,0,0.152542373,0.847457627,1,0.264705882,0.617647059,0.117647059,0,607
0.678571429,0.285714286,0.035714286,0,0,0.756097561,0.243902439,0,0,0,0,0,0,0,0,0,0.152542373,0.847457627,1,0.275362319,0.594202899,0.130434783,0,608
0.703703704,0.259259259,0.037037037,0,0,0.761904762,0.238095238,0,0,0,0,0,0,0,0,0,0.152542373,0.847457627,1,0.264705882,0.617647059,0.117647059,0,609
0.703703704,0.259259259,0.037037037,0,0,0.761904762,0.238095238,0,0,0,0,0,0,0,0,0,0.152542373,0.847457627,1,0.264705882,0.617647059,0.117647059,0,610
0.730769231,0.230769231,0.038461538,0,0,0.76744186,0.23255814,0,0,0,0,0,0,0,0,0,0.152542373,0.847457627,1,0.253731343,0.641791045,0.104477612,0,611
0.703703704,0.259259259,0.037037037,0,0,0.761904762,0.238095238,0,0,0,0,0,0,0,0,0,0.152542373,0.847457627,1,0.264705882,0.617647059,0.117647059,0,612
0.730769231,0.230769231,0.038461538,0,0,0.76744186,0.23255814,0,0,0,0,0,0,0,0,0,0.152542373,0.847457627,1,0.253731343,0.641791045,0.104477612,0,613
0.730769231,0.230769231,0.038461538,0,0,0.76744186,0.23255814,0,0,0,0,0,0,0,0,0,0.152542373,0.847457627,1,0.253731343,0.641791045,0.104477612,0,614
0.730769231,0.230769231,0.038461538,0,0,0.76744186,0.23255814,0,0,0,0,0,0,0,0,0,0.152542373,0.847457627,1,0.253731343,0.641791045,0.104477612,0,615
0.730769231,0.230769231,0.038461538,0,0,0.76744186,0.23255814,0,0,0,0,0,0,0,0,0,0.152542373,0.847457627,1,0.253731343,0.641791045,0.104477612,0,616
0.703703704,0.259259259,0.037037037,0,0,0,0,0,0,0,0.761904762,0.238095238,0,0,0.264705882,0.617647059,0,0.117647059,1,0,0,0.847457627,0.152542373,617
0.703703704,0.222222222,0.074074074,0,0,0,0,0,0,0,0.785714286,0.214285714,0,0,0.264705882,0.617647059,0,0.117647059,1,0,0,0.847457627,0.152542373,618
0.703703704,0.259259259,0.037037037,0,0,0,0,0,0,0,0.761904762,0.238095238,0,0,0.264705882,0.617647059,0,0.117647059,1,0,0,0.847457627,0.152542373,619
0.730769231,0.230769231,0.038461538,0,0,0,0,0,0,0,0.76744186,0.23255814,0,0,0.253731343,0.641791045,0,0.104477612,1,0,0,0.847457627,0.152542373,620
0.416666667,0.5,0.083333333,0,0,0.76744186,0.23255814,0,0,0.823529412,0,0,0.176470588,0,0,0.237288136,0.152542373,0.610169492,1,0,0.86,0.14,0,621
0.416666667,0.5,0.083333333,0,0,0.76744186,0.23255814,0,0,0.823529412,0,0,0.176470588,0,0,0.237288136,0.152542373,0.610169492,1,0,0.86,0.14,0,622
0.730769231,0.230769231,0.038461538,0,0,0.76744186,0.23255814,0,0,0,0,0,0,0,0,0,0.152542373,0.847457627,1,0.253731343,0.641791045,0.104477612,0,623
0.730769231,0.230769231,0.038461538,0,0,0.76744186,0.23255814,0,0,0,0,0,0,0,0,0,0.152542373,0.847457627,1,0.253731343,0.641791045,0.104477612,0,624
0.730769231,0.230769231,0.038461538,0,0,0.76744186,0.23255814,0,0,0,0,0,0,0,0,0,0.152542373,0.847457627,1,0.253731343,0.641791045,0.104477612,0,625
0.678571429,0.285714286,0.035714286,0,0,0.756097561,0.243902439,0,0,0,0,0,0,0,0,0,0.152542373,0.847457627,1,0.275362319,0.594202899,0.130434783,0,626
0.703703704,0.259259259,0.037037037,0,0,0.761904762,0.238095238,0,0,0,0,0,0,0,0,0,0.152542373,0.847457627,1,0.264705882,0.617647059,0.117647059,0,627
0.655172414,0.275862069,0.068965517,0,0,0.775,0.225,0,0,0,0,0,0,0,0,0,0.152542373,0.847457627,1,0.285714286,0.571428571,0.142857143,0,628
0.730769231,0.230769231,0.038461538,0,0,0,0,0,0,0,0.76744186,0.23255814,0,0,0.253731343,0.641791045,0,0.104477612,1,0,0,0.847457627,0.152542373,629
0.730769231,0.230769231,0.038461538,0,0,0.76744186,0.23255814,0,0,0,0,0,0,0,0,0,0.152542373,0.847457627,1,0.253731343,0.641791045,0.104477612,0,630
0.703703704,0.259259259,0.037037037,0,0,0,0,0,0,0,0.761904762,0.238095238,0,0,0.264705882,0.617647059,0,0.117647059,1,0,0,0.847457627,0.152542373,631
0.655172414,0.24137931,0.103448276,0,0,0,0,0,0,0,0.8,0.2,0,0,0.285714286,0.571428571,0,0.142857143,1,0,0,0.847457627,0.152542373,632
0.703703704,0.259259259,0.037037037,0,0,0,0,0,0,0,0.761904762,0.238095238,0,0,0.264705882,0.617647059,0,0.117647059,1,0,0,0.847457627,0.152542373,633
0.678571429,0.25,0.071428571,0,0,0,0,0,0,0,0.780487805,0.219512195,0,0,0.275362319,0.594202899,0,0.130434783,1,0,0,0.847457627,0.152542373,634
0.703703704,0.222222222,0.074074074,0,0,0,0,0,0,0,0.785714286,0.214285714,0,0,0.264705882,0.617647059,0,0.117647059,1,0,0,0.847457627,0.152542373,635
0.703703704,0.259259259,0.037037037,0,0,0.761904762,0.238095238,0,0,0,0,0,0,0,0,0,0.152542373,0.847457627,1,0.264705882,0.617647059,0.117647059,0,636
0.730769231,0.230769231,0.038461538,0,0,0,0,0,0,0,0.76744186,0.23255814,0,0,0.253731343,0.641791045,0,0.104477612,1,0,0,0.847457627,0.152542373,637
0.703703704,0.259259259,0.037037037,0,0,0.761904762,0.238095238,0,0,0,0,0,0,0,0,0,0.152542373,0.847457627,1,0.264705882,0.617647059,0.117647059,0,638
0.703703704,0.222222222,0.074074074,0,0,0.785714286,0.214285714,0,0,0,0,0,0,0,0,0,0.152542373,0.847457627,1,0.264705882,0.617647059,0.117647059,0,639
0.655172414,0.310344828,0.034482759,0,0,0.75,0.25,0,0,0,0,0,0,0,0,0,0.152542373,0.847457627,1,0.285714286,0.571428571,0.142857143,0,640
0.730769231,0.230769231,0.038461538,0,0,0,0,0,0,0,0.76744186,0.23255814,0,0,0.253731343,0.641791045,0,0.104477612,1,0,0,0.847457627,0.152542373,641
0.703703704,0.259259259,0.037037037,0,0,0,0,0,0,0,0.761904762,0.238095238,0,0,0.264705882,0.617647059,0,0.117647059,1,0,0,0.847457627,0.152542373,642
0.730769231,0.230769231,0.038461538,0,0,0,0,0,0,0,0.76744186,0.23255814,0,0,0.253731343,0.641791045,0,0.104477612,1,0,0,0.847457627,0.152542373,643
0.703703704,0.259259259,0.037037037,0,0,0,0,0,0,0,0.761904762,0.238095238,0,0,0.264705882,0.617647059,0,0.117647059,1,0,0,0.847457627,0.152542373,644
0.730769231,0.230769231,0.038461538,0,0,0,0,0,0,0,0.76744186,0.23255814,0,0,0.253731343,0.641791045,0,0.104477612,1,0,0,0.847457627,0.152542373,645
0.655172414,0.310344828,0.034482759,0,0,0,0,0,0,0,0.75,0.25,0,0,0.285714286,0.571428571,0,0.142857143,1,0,0,0.847457627,0.152542373,646
0.730769231,0.230769231,0.038461538,0,0,0,0,0,0,0,0.76744186,0.23255814,0,0,0.253731343,0.641791045,0,0.104477612,1,0,0,0.847457627,0.152542373,647
0.678571429,0.285714286,0.035714286,0,0,0,0,0,0,0,0.756097561,0.243902439,0,0,0.275362319,0.594202899,0,0.130434783,1,0,0,0.847457627,0.152542373,648
0.416666667,0.5,0.083333333,0,0,0.76744186,0.23255814,0,0,0.823529412,0,0,0.176470588,0,0,0.237288136,0.152542373,0.610169492,1,0,0.86,0.14,0,649
0.416666667,0.5,0.083333333,0,0,0.76744186,0.23255814,0,0,0.823529412,0,0,0.176470588,0,0,0.237288136,0.152542373,0.610169492,1,0,0.86,0.14,0,650
0.416666667,0.5,0.083333333,0,0,0.76744186,0.23255814,0,0,0.823529412,0,0,0.176470588,0,0,0.237288136,0.152542373,0.610169492,1,0,0.86,0.14,0,651
0.416666667,0.5,0.083333333,0,0,0.76744186,0.23255814,0,0,0.823529412,0,0,0.176470588,0,0,0.237288136,0.152542373,0.610169492,1,0,0.86,0.14,0,652
0.416666667,0.5,0.083333333,0,0,0.76744186,0.23255814,0,0,0.823529412,0,0,0.176470588,0,0,0.237288136,0.152542373,0.610169492,1,0,0.86,0.14,0,653
0.416666667,0.5,0.083333333,0,0,0.76744186,0.23255814,0,0,0.823529412,0,0,0.176470588,0,0,0.237288136,0.152542373,0.610169492,1,0,0.86,0.14,0,654
0.416666667,0.5,0.083333333,0,0,0.76744186,0.23255814,0,0,0.823529412,0,0,0.176470588,0,0,0.237288136,0.152542373,0.610169492,1,0,0.86,0.14,0,655
0.730769231,0.230769231,0.038461538,0,0,0,0,0,0,0,0.76744186,0.23255814,0,0,0.253731343,0.641791045,0,0.104477612,1,0,0,0.847457627,0.152542373,656
0.730769231,0.230769231,0.038461538,0,0,0,0,0,0,0,0.76744186,0.23255814,0,0,0.253731343,0.641791045,0,0.104477612,1,0,0,0.847457627,0.152542373,657
0.703703704,0.259259259,0.037037037,0,0,0,0,0,0,0,0.761904762,0.238095238,0,0,0.264705882,0.617647059,0,0.117647059,1,0,0,0.847457627,0.152542373,658
0.730769231,0.230769231,0.038461538,0,0,0,0,0,0,0,0.76744186,0.23255814,0,0,0.253731343,0.641791045,0,0.104477612,1,0,0,0.847457627,0.152542373,659
0.730769231,0.230769231,0.038461538,0,0,0,0,0,0,0,0.76744186,0.23255814,0,0,0.253731343,0.641791045,0,0.104477612,1,0,0,0.847457627,0.152542373,660
0.730769231,0.230769231,0.038461538,0,0,0,0,0,0,0,0.76744186,0.23255814,0,0,0.253731343,0.641791045,0,0.104477612,1,0,0,0.847457627,0.152542373,661
0.730769231,0.230769231,0.038461538,0,0,0.76744186,0.23255814,0,0,0,0,0,0,0,0,0,0.152542373,0.847457627,1,0.253731343,0.641791045,0.104477612,0,662
0.730769231,0.230769231,0.038461538,0,0,0.76744186,0.23255814,0,0,0,0,0,0,0,0,0,0.152542373,0.847457627,1,0.253731343,0.641791045,0.104477612,0,663
0.703703704,0.259259259,0.037037037,0,0,0.761904762,0.238095238,0,0,0,0,0,0,0,0,0,0.152542373,0.847457627,1,0.264705882,0.617647059,0.117647059,0,664
0.428571429,0.5,0.071428571,0,0,0.761904762,0.238095238,0,0,1,0,0,0,0,0.078125,0.203125,0.140625,0.578125,1,0,0.84,0.16,0,665
0.730769231,0.230769231,0.038461538,0,0,0.76744186,0.23255814,0,0,0,0,0,0,0,0,0,0.152542373,0.847457627,1,0.253731343,0.641791045,0.104477612,0,666
0.703703704,0.222222222,0.074074074,0,0,0,0,0,0,0,0.785714286,0.214285714,0,0,0.264705882,0.617647059,0,0.117647059,1,0,0,0.847457627,0.152542373,667
0.703703704,0.259259259,0.037037037,0,0,0,0,0,0,0,0.761904762,0.238095238,0,0,0.264705882,0.617647059,0,0.117647059,1,0,0,0.847457627,0.152542373,668
0.730769231,0.230769231,0.038461538,0,0,0,0,0,0,0,0.76744186,0.23255814,0,0,0.253731343,0.641791045,0,0.104477612,1,0,0,0.847457627,0.152542373,669
0.655172414,0.310344828,0.034482759,0,0,0,0,0,0,0,0.75,0.25,0,0,0.285714286,0.571428571,0,0.142857143,1,0,0,0.847457627,0.152542373,670
0.730769231,0.230769231,0.038461538,0,0,0,0,0,0,0,0.76744186,0.23255814,0,0,0.253731343,0.641791045,0,0.104477612,1,0,0,0.847457627,0.152542373,671
0.678571429,0.285714286,0.035714286,0,0,0,0,0,0,0,0.756097561,0.243902439,0,0,0.275362319,0.594202899,0,0.130434783,1,0,0,0.847457627,0.152542373,672
0.703703704,0.259259259,0.037037037,0,0,0,0,0,0,0,0.761904762,0.238095238,0,0,0.264705882,0.617647059,0,0.117647059,1,0,0,0.847457627,0.152542373,673
0.730769231,0.230769231,0.038461538,0,0,0,0,0,0,0,0.76744186,0.23255814,0,0,0.253731343,0.641791045,0,0.104477612,1,0,0,0.847457627,0.152542373,674
0.730769231,0.230769231,0.038461538,0,0,0.76744186,0.23255814,0,0,0,0,0,0,0,0,0,0.152542373,0.847457627,1,0.253731343,0.641791045,0.104477612,0,675
0.730769231,0.230769231,0.038461538,0,0,0.76744186,0.23255814,0,0,0,0,0,0,0,0,0,0.152542373,0.847457627,1,0.253731343,0.641791045,0.104477612,0,676
0.416666667,0.5,0.083333333,0,0,0.76744186,0.23255814,0,0,0.823529412,0,0,0.176470588,0,0,0.28,0,0.72,1,0,0.728813559,0.118644068,0.152542373,677
0.416666667,0.5,0.083333333,0,0,0.76744186,0.23255814,0,0,0.823529412,0,0,0.176470588,0,0,0.28,0,0.72,1,0,0.728813559,0.118644068,0.152542373,678
0.416666667,0.5,0.083333333,0,0,0.76744186,0.23255814,0,0,0.823529412,0,0,0.176470588,0,0,0.28,0,0.72,1,0,0.728813559,0.118644068,0.152542373,679
0.416666667,0.5,0.083333333,0,0,0.76744186,0.23255814,0,0,0.823529412,0,0,0.176470588,0,0,0.28,0,0.72,1,0,0.728813559,0.118644068,0.152542373,680
0.416666667,0.5,0.083333333,0,0,0.76744186,0.23255814,0,0,0.823529412,0,0,0.176470588,0,0,0.28,0,0.72,1,0,0.728813559,0.118644068,0.152542373,681
0.416666667,0.5,0.083333333,0,0,0.76744186,0.23255814,0,0,0.823529412,0,0,0.176470588,0,0,0.28,0,0.72,1,0,0.728813559,0.118644068,0.152542373,682
0.416666667,0.5,0.083333333,0,0,0.76744186,0.23255814,0,0,0.823529412,0,0,0.176470588,0,0,0.28,0,0.72,1,0,0.728813559,0.118644068,0.152542373,683
0.416666667,0.5,0.083333333,0,0,0.76744186,0.23255814,0,0,0.823529412,0,0,0.176470588,0,0,0.28,0,0.72,1,0,0.728813559,0.118644068,0.152542373,684
0.730769231,0.230769231,0.038461538,0,0,0,0,0,0,0,0.76744186,0.23255814,0,0,0.253731343,0.641791045,0,0.104477612,1,0,0,0.847457627,0.152542373,685
0.730769231,0.230769231,0.038461538,0,0,0,0,0,0,0,0.76744186,0.23255814,0,0,0.253731343,0.641791045,0,0.104477612,1,0,0,0.847457627,0.152542373,686
0.678571429,0.285714286,0.035714286,0,0,0,0,0,0,0,0.756097561,0.243902439,0,0,0.275362319,0.594202899,0,0.130434783,1,0,0,0.847457627,0.152542373,687
0.730769231,0.230769231,0.038461538,0,0,0,0,0,0,0,0.76744186,0.23255814,0,0,0.253731343,0.641791045,0,0.104477612,1,0,0,0.847457627,0.152542373,688
0.730769231,0.230769231,0.038461538,0,0,0,0,0,0,0,0.76744186,0.23255814,0,0,0.253731343,0.641791045,0,0.104477612,1,0,0,0.847457627,0.152542373,689
0.703703704,0.222222222,0.074074074,0,0,0,0,0,0,0,0.785714286,0.214285714,0,0,0.264705882,0.617647059,0,0.117647059,1,0,0,0.847457627,0.152542373,690
0.703703704,0.259259259,0.037037037,0,0,0.761904762,0.238095238,0,0,0,0,0,0,0,0,0,0.152542373,0.847457627,1,0.264705882,0.617647059,0.117647059,0,691
0.703703704,0.259259259,0.037037037,0,0,0.761904762,0.238095238,0,0,0,0,0,0,0,0,0,0.152542373,0.847457627,1,0.264705882,0.617647059,0.117647059,0,692
0.703703704,0.259259259,0.037037037,0,0,0.761904762,0.238095238,0,0,0,0,0,0,0,0,0,0.152542373,0.847457627,1,0.264705882,0.617647059,0.117647059,0,693
0.730769231,0.230769231,0.038461538,0,0,0.76744186,0.23255814,0,0,0,0,0,0,0,0,0,0.152542373,0.847457627,1,0.253731343,0.641791045,0.104477612,0,694
0.730769231,0.230769231,0.038461538,0,0,0.76744186,0.23255814,0,0,0,0,0,0,0,0,0,0.152542373,0.847457627,1,0.253731343,0.641791045,0.104477612,0,695
0.703703704,0.259259259,0.037037037,0,0,0,0,0,0,0,0.761904762,0.238095238,0,0,0.264705882,0.617647059,0,0.117647059,1,0,0,0.847457627,0.152542373,696
0.730769231,0.230769231,0.038461538,0,0,0,0,0,0,0,0.76744186,0.23255814,0,0,0.253731343,0.641791045,0,0.104477612,1,0,0,0.847457627,0.152542373,697
0.703703704,0.259259259,0.037037037,0,0,0,0,0,0,0,0.761904762,0.238095238,0,0,0.264705882,0.617647059,0,0.117647059,1,0,0,0.847457627,0.152542373,698
0.416666667,0.5,0.083333333,0,0,0.76744186,0.23255814,0,0,0.823529412,0,0,0.176470588,0,0,0.28,0,0.72,1,0,0.728813559,0.118644068,0.152542373,699
0.416666667,0.5,0.083333333,0,0,0.76744186,0.23255814,0,0,0.823529412,0,0,0.176470588,0,0,0.28,0,0.72,1,0,0.728813559,0.118644068,0.152542373,700
0.703703704,0.259259259,0.037037037,0,0,0,0,0,0,0,0.761904762,0.238095238,0,0,0.264705882,0.617647059,0,0.117647059,1,0,0,0.847457627,0.152542373,701
0.730769231,0.230769231,0.038461538,0,0,0,0,0,0,0,0.76744186,0.23255814,0,0,0.253731343,0.641791045,0,0.104477612,1,0,0,0.847457627,0.152542373,702
0.730769231,0.230769231,0.038461538,0,0,0,0,0,0,0,0.76744186,0.23255814,0,0,0.253731343,0.641791045,0,0.104477612,1,0,0,0.847457627,0.152542373,703
0.416666667,0.5,0.083333333,0,0,0.76744186,0.23255814,0,0,0.823529412,0,0,0.176470588,0,0,0.28,0,0.72,1,0,0.728813559,0.118644068,0.152542373,704
0.678571429,0.285714286,0.035714286,0,0,0,0,0,0,0,0.756097561,0.243902439,0,0,0.275362319,0.594202899,0,0.130434783,1,0,0,0.847457627,0.152542373,705
0.730769231,0.230769231,0.038461538,0,0,0,0,0,0,0,0.76744186,0.23255814,0,0,0.253731343,0.641791045,0,0.104477612,1,0,0,0.847457627,0.152542373,706
0.730769231,0.230769231,0.038461538,0,0,0,0,0,0,0,0.76744186,0.23255814,0,0,0.253731343,0.641791045,0,0.104477612,1,0,0,0.847457627,0.152542373,707
0.703703704,0.259259259,0.037037037,0,0,0,0,0,0,0,0.761904762,0.238095238,0,0,0.264705882,0.617647059,0,0.117647059,1,0,0,0.847457627,0.152542373,708
0.416666667,0.5,0.083333333,0,0,0.76744186,0.23255814,0,0,0.823529412,0,0,0.176470588,0,0,0.28,0,0.72,1,0,0.728813559,0.118644068,0.152542373,709
0.416666667,0.5,0.083333333,0,0,0.76744186,0.23255814,0,0,0.823529412,0,0,0.176470588,0,0,0.28,0,0.72,1,0,0.728813559,0.118644068,0.152542373,710
0.730769231,0.230769231,0.038461538,0,0,0,0,0,0,0,0.76744186,0.23255814,0,0,0.253731343,0.641791045,0,0.104477612,1,0,0,0.847457627,0.152542373,711
0.730769231,0.230769231,0.038461538,0,0,0,0,0,0,0,0.76744186,0.23255814,0,0,0.253731343,0.641791045,0,0.104477612,1,0,0,0.847457627,0.152542373,712
0.730769231,0.230769231,0.038461538,0,0,0,0,0,0,0,0.76744186,0.23255814,0,0,0.253731343,0.641791045,0,0.104477612,1,0,0,0.847457627,0.152542373,713
0.730769231,0.230769231,0.038461538,0,0,0,0,0,0,0,0.76744186,0.23255814,0,0,0.253731343,0.641791045,0,0.104477612,1,0,0,0.847457627,0.152542373,714
0.703703704,0.259259259,0.037037037,0,0,0,0,0,0,0,0.761904762,0.238095238,0,0,0.264705882,0.617647059,0,0.117647059,1,0,0,0.847457627,0.152542373,715
0.416666667,0.5,0.083333333,0,0,0.76744186,0.23255814,0,0,0.823529412,0,0,0.176470588,0,0,0.28,0,0.72,1,0,0.728813559,0.118644068,0.152542373,716
0.416666667,0.5,0.083333333,0,0,0.76744186,0.23255814,0,0,0.823529412,0,0,0.176470588,0,0,0.28,0,0.72,1,0,0.728813559,0.118644068,0.152542373,717
0.655172414,0.310344828,0.034482759,0,0,0.75,0.25,0,0,0,0,0,0,0,0,0,0.152542373,0.847457627,1,0.285714286,0.571428571,0.142857143,0,718
0.730769231,0.230769231,0.038461538,0,0,0.76744186,0.23255814,0,0,0,0,0,0,0,0,0,0.152542373,0.847457627,1,0.253731343,0.641791045,0.104477612,0,719
0.703703704,0.222222222,0.074074074,0,0,0.785714286,0.214285714,0,0,0,0,0,0,0,0,0,0.152542373,0.847457627,1,0.264705882,0.617647059,0.117647059,0,720
0.730769231,0.230769231,0.038461538,0,0,0.76744186,0.23255814,0,0,0,0,0,0,0,0,0,0.152542373,0.847457627,1,0.253731343,0.641791045,0.104477612,0,721
0.730769231,0.230769231,0.038461538,0,0,0.76744186,0.23255814,0,0,0,0,0,0,0,0,0,0.152542373,0.847457627,1,0.253731343,0.641791045,0.104477612,0,722
0.703703704,0.259259259,0.037037037,0,0,0.761904762,0.238095238,0,0,0,0,0,0,0,0,0,0.152542373,0.847457627,1,0.264705882,0.617647059,0.117647059,0,723
0.703703704,0.259259259,0.037037037,0,0,0.761904762,0.238095238,0,0,0,0,0,0,0,0,0,0.152542373,0.847457627,1,0.264705882,0.617647059,0.117647059,0,724
0.730769231,0.230769231,0.038461538,0,0,0.76744186,0.23255814,0,0,0,0,0,0,0,0,0,0.152542373,0.847457627,1,0.253731343,0.641791045,0.104477612,0,725
0.730769231,0.230769231,0.038461538,0,0,0.76744186,0.23255814,0,0,0,0,0,0,0,0,0,0.152542373,0.847457627,1,0.253731343,0.641791045,0.104477612,0,726
0.416666667,0.5,0.083333333,0,0,0.76744186,0.23255814,0,0,0.823529412,0,0,0.176470588,0,0,0.28,0,0.72,1,0,0.728813559,0.118644068,0.152542373,727
0.416666667,0.5,0.083333333,0,0,0.76744186,0.23255814,0,0,0.823529412,0,0,0.176470588,0,0,0.28,0,0.72,1,0,0.728813559,0.118644068,0.152542373,728
0.416666667,0.5,0.083333333,0,0,0.76744186,0.23255814,0,0,0.823529412,0,0,0.176470588,0,0,0.28,0,0.72,1,0,0.728813559,0.118644068,0.152542373,729
0.416666667,0.5,0.083333333,0,0,0.76744186,0.23255814,0,0,0.823529412,0,0,0.176470588,0,0,0.28,0,0.72,1,0,0.728813559,0.118644068,0.152542373,730
0.730769231,0.230769231,0.038461538,0,0,0.76744186,0.23255814,0,0,0,0,0,0,0,0,0,0.152542373,0.847457627,1,0.253731343,0.641791045,0.104477612,0,731
0.730769231,0.230769231,0.038461538,0,0,0.76744186,0.23255814,0,0,0,0,0,0,0,0,0,0.152542373,0.847457627,1,0.253731343,0.641791045,0.104477612,0,732
0.730769231,0.230769231,0.038461538,0,0,0.76744186,0.23255814,0,0,0,0,0,0,0,0,0,0.152542373,0.847457627,1,0.253731343,0.641791045,0.104477612,0,733
0.730769231,0.230769231,0.038461538,0,0,0.76744186,0.23255814,0,0,0,0,0,0,0,0,0,0.152542373,0.847457627,1,0.253731343,0.641791045,0.104477612,0,734
0.703703704,0.259259259,0.037037037,0,0,0,0,0,0,0,0.761904762,0.238095238,0,0,0.264705882,0.617647059,0,0.117647059,1,0,0,0.847457627,0.152542373,735
0.703703704,0.259259259,0.037037037,0,0,0,0,0,0,0,0.761904762,0.238095238,0,0,0.264705882,0.617647059,0,0.117647059,1,0,0,0.847457627,0.152542373,736
0.730769231,0.230769231,0.038461538,0,0,0,0,0,0,0,0.76744186,0.23255814,0,0,0.253731343,0.641791045,0,0.104477612,1,0,0,0.847457627,0.152542373,737
0.730769231,0.230769231,0.038461538,0,0,0,0,0,0,0,0.76744186,0.23255814,0,0,0.253731343,0.641791045,0,0.104477612,1,0,0,0.847457627,0.152542373,738
0.730769231,0.230769231,0.038461538,0,0,0,0,0,0,0,0.76744186,0.23255814,0,0,0.253731343,0.641791045,0,0.104477612,1,0,0,0.847457627,0.152542373,739
0.678571429,0.285714286,0.035714286,0,0,0,0,0,0,0,0.756097561,0.243902439,0,0,0.275362319,0.594202899,0,0.130434783,1,0,0,0.847457627,0.152542373,740
0.730769231,0.230769231,0.038461538,0,0,0,0,0,0,0,0.76744186,0.23255814,0,0,0.253731343,0.641791045,0,0.104477612,1,0,0,0.847457627,0.152542373,741
0.730769231,0.230769231,0.038461538,0,0,0,0,0,0,0,0.76744186,0.23255814,0,0,0.253731343,0.641791045,0,0.104477612,1,0,0,0.847457627,0.152542373,742
0.5,0.4375,0.0625,0,0,0.761904762,0.238095238,0,0,1,0,0,0,0,0.106060606,0.166666667,0.136363636,0.590909091,1,0,0.84,0.16,0,743
0.461538462,0.461538462,0.076923077,0,0,0.76744186,0.23255814,0,0,1,0,0,0,0,0.063492063,0.206349206,0.142857143,0.587301587,1,0,0.86,0.14,0,744
0.703703704,0.259259259,0.037037037,0,0,0,0,0,0,0,0.761904762,0.238095238,0,0,0.264705882,0.617647059,0,0.117647059,1,0,0,0.847457627,0.152542373,745
0.655172414,0.310344828,0.034482759,0,0,0,0,0,0,0,0.75,0.25,0,0,0.285714286,0.571428571,0,0.142857143,1,0,0,0.847457627,0.152542373,746
0.428571429,0.428571429,0.142857143,0,0,0.785714286,0.214285714,0,0,1,0,0,0,0,0.078125,0.203125,0.140625,0.578125,1,0,0.84,0.16,0,747
0.461538462,0.461538462,0.076923077,0,0,0.76744186,0.23255814,0,0,1,0,0,0,0,0.063492063,0.206349206,0.142857143,0.587301587,1,0,0.86,0.14,0,748
0.730769231,0.230769231,0.038461538,0,0,0,0,0,0,0,0.76744186,0.23255814,0,0,0.253731343,0.641791045,0,0.104477612,1,0,0,0.847457627,0.152542373,749
0.730769231,0.230769231,0.038461538,0,0,0.76744186,0.23255814,0,0,0,0,0,0,0,0,0,0.152542373,0.847457627,1,0.253731343,0.641791045,0.104477612,0,750
0.730769231,0.230769231,0.038461538,0,0,0.76744186,0.23255814,0,0,0,0,0,0,0,0,0,0.152542373,0.847457627,1,0.253731343,0.641791045,0.104477612,0,751
0.730769231,0.230769231,0.038461538,0,0,0.76744186,0.23255814,0,0,0,0,0,0,0,0,0,0.152542373,0.847457627,1,0.253731343,0.641791045,0.104477612,0,752
0.730769231,0.230769231,0.038461538,0,0,0.76744186,0.23255814,0,0,0,0,0,0,0,0,0,0.152542373,0.847457627,1,0.253731343,0.641791045,0.104477612,0,753
0.416666667,0.5,0.083333333,0,0,0.76744186,0.23255814,0,0,0.823529412,0,0,0.176470588,0,0,0.28,0,0.72,1,0,0.728813559,0.118644068,0.152542373,754
0.416666667,0.5,0.083333333,0,0,0.76744186,0.23255814,0,0,0.823529412,0,0,0.176470588,0,0,0.28,0,0.72,1,0,0.728813559,0.118644068,0.152542373,755
0.416666667,0.5,0.083333333,0,0,0.76744186,0.23255814,0,0,0.823529412,0,0,0.176470588,0,0,0.28,0,0.72,1,0,0.728813559,0.118644068,0.152542373,756
0.416666667,0.5,0.083333333,0,0,0.76744186,0.23255814,0,0,0.823529412,0,0,0.176470588,0,0,0.28,0,0.72,1,0,0.728813559,0.118644068,0.152542373,757
0.416666667,0.5,0.083333333,0,0,0.76744186,0.23255814,0,0,0.823529412,0,0,0.176470588,0,0,0.28,0,0.72,1,0,0.728813559,0.118644068,0.152542373,758
0.416666667,0.5,0.083333333,0,0,0.76744186,0.23255814,0,0,0.823529412,0,0,0.176470588,0,0,0.28,0,0.72,1,0,0.728813559,0.118644068,0.152542373,759
0.730769231,0.230769231,0.038461538,0,0,0,0,0,0,0,0.76744186,0.23255814,0,0,0.253731343,0.641791045,0,0.104477612,1,0,0,0.847457627,0.152542373,760
0.678571429,0.285714286,0.035714286,0,0,0,0,0,0,0,0.756097561,0.243902439,0,0,0.275362319,0.594202899,0,0.130434783,1,0,0,0.847457627,0.152542373,761
0.730769231,0.230769231,0.038461538,0,0,0,0,0,0,0,0.76744186,0.23255814,0,0,0.253731343,0.641791045,0,0.104477612,1,0,0,0.847457627,0.152542373,762
0.416666667,0.5,0.083333333,0,0,0.76744186,0.23255814,0,0,0.823529412,0,0,0.176470588,0,0,0.28,0,0.72,1,0,0.728813559,0.118644068,0.152542373,763
0.416666667,0.5,0.083333333,0,0,0.76744186,0.23255814,0,0,0.823529412,0,0,0.176470588,0,0,0.28,0,0.72,1,0,0.728813559,0.118644068,0.152542373,764
0.703703704,0.259259259,0.037037037,0,0,0,0,0,0,0,0.761904762,0.238095238,0,0,0.264705882,0.617647059,0,0.117647059,1,0,0,0.847457627,0.152542373,765
0.730769231,0.230769231,0.038461538,0,0,0,0,0,0,0,0.76744186,0.23255814,0,0,0.253731343,0.641791045,0,0.104477612,1,0,0,0.847457627,0.152542373,766
0.730769231,0.230769231,0.038461538,0,0,0,0,0,0,0,0.76744186,0.23255814,0,0,0.253731343,0.641791045,0,0.104477612,1,0,0,0.847457627,0.152542373,767
0.730769231,0.230769231,0.038461538,0,0,0,0,0,0,0,0.76744186,0.23255814,0,0,0.253731343,0.641791045,0,0.104477612,1,0,0,0.847457627,0.152542373,768
0.703703704,0.259259259,0.037037037,0,0,0,0,0,0,0,0.761904762,0.238095238,0,0,0.264705882,0.617647059,0,0.117647059,1,0,0,0.847457627,0.152542373,769
0.416666667,0.5,0.083333333,0,0,0.76744186,0.23255814,0,0,0.823529412,0,0,0.176470588,0,0,0.28,0,0.72,1,0,0.728813559,0.118644068,0.152542373,770
0.416666667,0.5,0.083333333,0,0,0.76744186,0.23255814,0,0,0.823529412,0,0,0.176470588,0,0,0.28,0,0.72,1,0,0.728813559,0.118644068,0.152542373,771
0.416666667,0.5,0.083333333,0,0,0.76744186,0.23255814,0,0,0.823529412,0,0,0.176470588,0,0,0.28,0,0.72,1,0,0.728813559,0.118644068,0.152542373,772
0.416666667,0.5,0.083333333,0,0,0.76744186,0.23255814,0,0,0.823529412,0,0,0.176470588,0,0,0.28,0,0.72,1,0,0.728813559,0.118644068,0.152542373,773
0.416666667,0.5,0.083333333,0,0,0.76744186,0.23255814,0,0,0.823529412,0,0,0.176470588,0,0,0.28,0,0.72,1,0,0.728813559,0.118644068,0.152542373,774
0.416666667,0.5,0.083333333,0,0,0.76744186,0.23255814,0,0,0.823529412,0,0,0.176470588,0,0,0.28,0,0.72,1,0,0.728813559,0.118644068,0.152542373,775
0.416666667,0.5,0.083333333,0,0,0.76744186,0.23255814,0,0,0.823529412,0,0,0.176470588,0,0,0.28,0,0.72,1,0,0.728813559,0.118644068,0.152542373,776
0.416666667,0.5,0.083333333,0,0,0.76744186,0.23255814,0,0,0.823529412,0,0,0.176470588,0,0,0.28,0,0.72,1,0,0.728813559,0.118644068,0.152542373,777
0.416666667,0.5,0.083333333,0,0,0.76744186,0.23255814,0,0,0.823529412,0,0,0.176470588,0,0,0.28,0,0.72,1,0,0.728813559,0.118644068,0.152542373,778
0.416666667,0.5,0.083333333,0,0,0.76744186,0.23255814,0,0,0.823529412,0,0,0.176470588,0,0,0.28,0,0.72,1,0,0.728813559,0.118644068,0.152542373,779
0.416666667,0.5,0.083333333,0,0,0.76744186,0.23255814,0,0,0.823529412,0,0,0.176470588,0,0,0.28,0,0.72,1,0,0.728813559,0.118644068,0.152542373,780
0.416666667,0.5,0.083333333,0,0,0.76744186,0.23255814,0,0,0.823529412,0,0,0.176470588,0,0,0.28,0,0.72,1,0,0.728813559,0.118644068,0.152542373,781
0.416666667,0.5,0.083333333,0,0,0.76744186,0.23255814,0,0,0.823529412,0,0,0.176470588,0,0,0.28,0,0.72,1,0,0.728813559,0.118644068,0.152542373,782
0.730769231,0.230769231,0.038461538,0,0,0,0,0,0,0,0.76744186,0.23255814,0,0,0.253731343,0.641791045,0,0.104477612,1,0,0,0.847457627,0.152542373,783
0.678571429,0.285714286,0.035714286,0,0,0,0,0,0,0,0.756097561,0.243902439,0,0,0.275362319,0.594202899,0,0.130434783,1,0,0,0.847457627,0.152542373,784
0.703703704,0.222222222,0.074074074,0,0,0,0,0,0,0,0.785714286,0.214285714,0,0,0.264705882,0.617647059,0,0.117647059,1,0,0,0.847457627,0.152542373,785
0.730769231,0.230769231,0.038461538,0,0,0,0,0,0,0,0.76744186,0.23255814,0,0,0.253731343,0.641791045,0,0.104477612,1,0,0,0.847457627,0.152542373,786
0.416666667,0.5,0.083333333,0,0,0.76744186,0.23255814,0,0,0.823529412,0,0,0.176470588,0,0,0.28,0,0.72,1,0,0.728813559,0.118644068,0.152542373,787
0.730769231,0.230769231,0.038461538,0,0,0,0,0,0,0,0.76744186,0.23255814,0,0,0.253731343,0.641791045,0,0.104477612,1,0,0,0.847457627,0.152542373,788
0.730769231,0.230769231,0.038461538,0,0,0,0,0,0,0,0.76744186,0.23255814,0,0,0.253731343,0.641791045,0,0.104477612,1,0,0,0.847457627,0.152542373,789
0.730769231,0.230769231,0.038461538,0,0,0.76744186,0.23255814,0,0,0,0,0,0,0,0,0,0.152542373,0.847457627,1,0.253731343,0.641791045,0.104477612,0,790
0.703703704,0.259259259,0.037037037,0,0,0.761904762,0.238095238,0,0,0,0,0,0,0,0,0,0.152542373,0.847457627,1,0.264705882,0.617647059,0.117647059,0,791
0.416666667,0.5,0.083333333,0,0,0.76744186,0.23255814,0,0,0.823529412,0,0,0.176470588,0,0,0.28,0,0.72,1,0,0.728813559,0.118644068,0.152542373,792
0.730769231,0.230769231,0.038461538,0,0,0.76744186,0.23255814,0,0,0,0,0,0,0,0,0,0.152542373,0.847457627,1,0.253731343,0.641791045,0.104477612,0,793
0.416666667,0.5,0.083333333,0,0,0.76744186,0.23255814,0,0,0.823529412,0,0,0.176470588,0,0,0.28,0,0.72,1,0,0.728813559,0.118644068,0.152542373,794
0.416666667,0.5,0.083333333,0,0,0.76744186,0.23255814,0,0,0.823529412,0,0,0.176470588,0,0,0.28,0,0.72,1,0,0.728813559,0.118644068,0.152542373,795
0.730769231,0.230769231,0.038461538,0,0,0,0,0,0,0,0.76744186,0.23255814,0,0,0.253731343,0.641791045,0,0.104477612,1,0,0,0.847457627,0.152542373,796
0.730769231,0.230769231,0.038461538,0,0,0,0,0,0,0,0.76744186,0.23255814,0,0,0.253731343,0.641791045,0,0.104477612,1,0,0,0.847457627,0.152542373,797
0.730769231,0.230769231,0.038461538,0,0,0,0,0,0,0,0.76744186,0.23255814,0,0,0.253731343,0.641791045,0,0.104477612,1,0,0,0.847457627,0.152542373,798
0.730769231,0.230769231,0.038461538,0,0,0,0,0,0,0,0.76744186,0.23255814,0,0,0.253731343,0.641791045,0,0.104477612,1,0,0,0.847457627,0.152542373,799
0.678571429,0.285714286,0.035714286,0,0,0,0,0,0,0,0.756097561,0.243902439,0,0,0.275362319,0.594202899,0,0.130434783,1,0,0,0.847457627,0.152542373,800
0.730769231,0.230769231,0.038461538,0,0,0,0,0,0,0,0.76744186,0.23255814,0,0,0.253731343,0.641791045,0,0.104477612,1,0,0,0.847457627,0.152542373,801
0.703703704,0.259259259,0.037037037,0,0,0.761904762,0.238095238,0,0,0,0,0,0,0,0,0,0.152542373,0.847457627,1,0.264705882,0.617647059,0.117647059,0,802
0.416666667,0.5,0.083333333,0,0,0.76744186,0.23255814,0,0,0.823529412,0,0,0.176470588,0,0,0.28,0,0.72,1,0,0.728813559,0.118644068,0.152542373,803
0.416666667,0.5,0.083333333,0,0,0.76744186,0.23255814,0,0,0.823529412,0,0,0.176470588,0,0,0.28,0,0.72,1,0,0.728813559,0.118644068,0.152542373,804
0.416666667,0.5,0.083333333,0,0,0.76744186,0.23255814,0,0,0.823529412,0,0,0.176470588,0,0,0.28,0,0.72,1,0,0.728813559,0.118644068,0.152542373,805
0.416666667,0.5,0.083333333,0,0,0.76744186,0.23255814,0,0,0.823529412,0,0,0.176470588,0,0,0.28,0,0.72,1,0,0.728813559,0.118644068,0.152542373,806
0.416666667,0.5,0.083333333,0,0,0.76744186,0.23255814,0,0,0.823529412,0,0,0.176470588,0,0,0.28,0,0.72,1,0,0.728813559,0.118644068,0.152542373,807
0.703703704,0.259259259,0.037037037,0,0,0,0,0,0,0,0.761904762,0.238095238,0,0,0.264705882,0.617647059,0,0.117647059,1,0,0,0.847457627,0.152542373,808
0.730769231,0.230769231,0.038461538,0,0,0.76744186,0.23255814,0,0,0,0,0,0,0,0,0,0.152542373,0.847457627,1,0.253731343,0.641791045,0.104477612,0,809
0.730769231,0.230769231,0.038461538,0,0,0,0,0,0,0,0.76744186,0.23255814,0,0,0.253731343,0.641791045,0,0.104477612,1,0,0,0.847457627,0.152542373,810
0.730769231,0.230769231,0.038461538,0,0,0,0,0,0,0,0.76744186,0.23255814,0,0,0.253731343,0.641791045,0,0.104477612,1,0,0,0.847457627,0.152542373,811
0.730769231,0.230769231,0.038461538,0,0,0,0,0,0,0,0.76744186,0.23255814,0,0,0.253731343,0.641791045,0,0.104477612,1,0,0,0.847457627,0.152542373,812
0.730769231,0.230769231,0.038461538,0,0,0.76744186,0.23255814,0,0,0,0,0,0,0,0,0,0.152542373,0.847457627,1,0.253731343,0.641791045,0.104477612,0,813
0.703703704,0.259259259,0.037037037,0,0,0.761904762,0.238095238,0,0,0,0,0,0,0,0,0,0.152542373,0.847457627,1,0.264705882,0.617647059,0.117647059,0,814
0.730769231,0.230769231,0.038461538,0,0,0.76744186,0.23255814,0,0,0,0,0,0,0,0,0,0.152542373,0.847457627,1,0.253731343,0.641791045,0.104477612,0,815
0.416666667,0.5,0.083333333,0,0,0.76744186,0.23255814,0,0,0.823529412,0,0,0.176470588,0,0,0.28,0,0.72,1,0,0.728813559,0.118644068,0.152542373,816
0.416666667,0.5,0.083333333,0,0,0.76744186,0.23255814,0,0,0.823529412,0,0,0.176470588,0,0,0.28,0,0.72,1,0,0.728813559,0.118644068,0.152542373,817
0.416666667,0.5,0.083333333,0,0,0.76744186,0.23255814,0,0,0.823529412,0,0,0.176470588,0,0,0.28,0,0.72,1,0,0.728813559,0.118644068,0.152542373,818
0.416666667,0.5,0.083333333,0,0,0.76744186,0.23255814,0,0,0.823529412,0,0,0.176470588,0,0,0.28,0,0.72,1,0,0.728813559,0.118644068,0.152542373,819
0.416666667,0.5,0.083333333,0,0,0.76744186,0.23255814,0,0,0.823529412,0,0,0.176470588,0,0,0.28,0,0.72,1,0,0.728813559,0.118644068,0.152542373,820
0.416666667,0.5,0.083333333,0,0,0.76744186,0.23255814,0,0,0.823529412,0,0,0.176470588,0,0,0.28,0,0.72,1,0,0.728813559,0.118644068,0.152542373,821
0.416666667,0.5,0.083333333,0,0,0.76744186,0.23255814,0,0,0.823529412,0,0,0.176470588,0,0,0.28,0,0.72,1,0,0.728813559,0.118644068,0.152542373,822
0.416666667,0.5,0.083333333,0,0,0.76744186,0.23255814,0,0,0.823529412,0,0,0.176470588,0,0,0.28,0,0.72,1,0,0.728813559,0.118644068,0.152542373,823
0.416666667,0.5,0.083333333,0,0,0.76744186,0.23255814,0,0,0.823529412,0,0,0.176470588,0,0,0.28,0,0.72,1,0,0.728813559,0.118644068,0.152542373,824
0.730769231,0.230769231,0.038461538,0,0,0.76744186,0.23255814,0,0,0,0,0,0,0,0,0,0.152542373,0.847457627,1,0.253731343,0.641791045,0.104477612,0,825
0.703703704,0.259259259,0.037037037,0,0,0.761904762,0.238095238,0,0,0,0,0,0,0,0,0,0.152542373,0.847457627,1,0.264705882,0.617647059,0.117647059,0,826
0.730769231,0.230769231,0.038461538,0,0,0.76744186,0.23255814,0,0,0,0,0,0,0,0,0,0.152542373,0.847457627,1,0.253731343,0.641791045,0.104477612,0,827
0.730769231,0.230769231,0.038461538,0,0,0.76744186,0.23255814,0,0,0,0,0,0,0,0,0,0.152542373,0.847457627,1,0.253731343,0.641791045,0.104477612,0,828
0.703703704,0.259259259,0.037037037,0,0,0.761904762,0.238095238,0,0,0,0,0,0,0,0,0,0.152542373,0.847457627,1,0.264705882,0.617647059,0.117647059,0,829
0.730769231,0.230769231,0.038461538,0,0,0.76744186,0.23255814,0,0,0,0,0,0,0,0,0,0.152542373,0.847457627,1,0.253731343,0.641791045,0.104477612,0,830
0.730769231,0.230769231,0.038461538,0,0,0,0,0,0,0,0.76744186,0.23255814,0,0,0.253731343,0.641791045,0,0.104477612,1,0,0,0.847457627,0.152542373,831
0.416666667,0.5,0.083333333,0,0,0.76744186,0.23255814,0,0,0.823529412,0,0,0.176470588,0,0,0.28,0,0.72,1,0,0.728813559,0.118644068,0.152542373,832
0.703703704,0.259259259,0.037037037,0,0,0,0,0,0,0,0.761904762,0.238095238,0,0,0.264705882,0.617647059,0,0.117647059,1,0,0,0.847457627,0.152542373,833
0.416666667,0.5,0.083333333,0,0,0.76744186,0.23255814,0,0,0.823529412,0,0,0.176470588,0,0,0.237288136,0.152542373,0.610169492,1,0,0.86,0.14,0,834
0.416666667,0.5,0.083333333,0,0,0.76744186,0.23255814,0,0,0.823529412,0,0,0.176470588,0,0,0.28,0,0.72,1,0,0.728813559,0.118644068,0.152542373,835
0.730769231,0.230769231,0.038461538,0,0,0,0,0,0,0,0.76744186,0.23255814,0,0,0.253731343,0.641791045,0,0.104477612,1,0,0,0.847457627,0.152542373,836
0.703703704,0.259259259,0.037037037,0,0,0,0,0,0,0,0.761904762,0.238095238,0,0,0.264705882,0.617647059,0,0.117647059,1,0,0,0.847457627,0.152542373,837
0.416666667,0.5,0.083333333,0,0,0.76744186,0.23255814,0,0,0.823529412,0,0,0.176470588,0,0,0.28,0,0.72,1,0,0.728813559,0.118644068,0.152542373,838
0.703703704,0.259259259,0.037037037,0,0,0,0,0,0,0,0.761904762,0.238095238,0,0,0.264705882,0.617647059,0,0.117647059,1,0,0,0.847457627,0.152542373,839
0.730769231,0.230769231,0.038461538,0,0,0,0,0,0,0,0.76744186,0.23255814,0,0,0.253731343,0.641791045,0,0.104477612,1,0,0,0.847457627,0.152542373,840
0.730769231,0.230769231,0.038461538,0,0,0,0,0,0,0,0.76744186,0.23255814,0,0,0.253731343,0.641791045,0,0.104477612,1,0,0,0.847457627,0.152542373,841
0.703703704,0.222222222,0.074074074,0,0,0,0,0,0,0,0.785714286,0.214285714,0,0,0.264705882,0.617647059,0,0.117647059,1,0,0,0.847457627,0.152542373,842
0.730769231,0.230769231,0.038461538,0,0,0,0,0,0,0,0.76744186,0.23255814,0,0,0.253731343,0.641791045,0,0.104477612,1,0,0,0.847457627,0.152542373,843
0.703703704,0.222222222,0.074074074,0,0,0,0,0,0,0,0.785714286,0.214285714,0,0,0.264705882,0.617647059,0,0.117647059,1,0,0,0.847457627,0.152542373,844
0.703703704,0.259259259,0.037037037,0,0,0,0,0,0,0,0.761904762,0.238095238,0,0,0.264705882,0.617647059,0,0.117647059,1,0,0,0.847457627,0.152542373,845
0.703703704,0.259259259,0.037037037,0,0,0,0,0,0,0,0.761904762,0.238095238,0,0,0.264705882,0.617647059,0,0.117647059,1,0,0,0.847457627,0.152542373,846
0.730769231,0.230769231,0.038461538,0,0,0,0,0,0,0,0.76744186,0.23255814,0,0,0.253731343,0.641791045,0,0.104477612,1,0,0,0.847457627,0.152542373,847
0.730769231,0.230769231,0.038461538,0,0,0,0,0,0,0,0.76744186,0.23255814,0,0,0.253731343,0.641791045,0,0.104477612,1,0,0,0.847457627,0.152542373,848
0.730769231,0.230769231,0.038461538,0,0,0,0,0,0,0,0.76744186,0.23255814,0,0,0.253731343,0.641791045,0,0.104477612,1,0,0,0.847457627,0.152542373,849
0.703703704,0.259259259,0.037037037,0,0,0,0,0,0,0,0.761904762,0.238095238,0,0,0.264705882,0.617647059,0,0.117647059,1,0,0,0.847457627,0.152542373,850
0.730769231,0.230769231,0.038461538,0,0,0,0,0,0,0,0.76744186,0.23255814,0,0,0.253731343,0.641791045,0,0.104477612,1,0,0,0.847457627,0.152542373,851
0.416666667,0.5,0.083333333,0,0,0.76744186,0.23255814,0,0,0.823529412,0,0,0.176470588,0,0,0.237288136,0.152542373,0.610169492,1,0,0.86,0.14,0,852
0.416666667,0.5,0.083333333,0,0,0.76744186,0.23255814,0,0,0.823529412,0,0,0.176470588,0,0,0.237288136,0.152542373,0.610169492,1,0,0.86,0.14,0,853
0.416666667,0.5,0.083333333,0,0,0.76744186,0.23255814,0,0,0.823529412,0,0,0.176470588,0,0,0.237288136,0.152542373,0.610169492,1,0,0.86,0.14,0,854
0.466666667,0.466666667,0.066666667,0,0,0.761904762,0.238095238,0,0,1,0,0,0,0,0.107142857,0.214285714,0,0.678571429,1,0,0.711864407,0.13559322,0.152542373,855
0.416666667,0.5,0.083333333,0,0,0.76744186,0.23255814,0,0,1,0,0,0,0,0.056603774,0.264150943,0,0.679245283,1,0,0.728813559,0.118644068,0.152542373,856
0.416666667,0.5,0.083333333,0,0,0.76744186,0.23255814,0,0,1,0,0,0,0,0.056603774,0.264150943,0,0.679245283,1,0,0.728813559,0.118644068,0.152542373,857
0.5,0.428571429,0.071428571,0,0,0.76744186,0.23255814,0,0,1,0,0,0,0,0.090909091,0.218181818,0,0.690909091,1,0,0.728813559,0.118644068,0.152542373,858
0.416666667,0.5,0.083333333,0,0,0.76744186,0.23255814,0,0,0.823529412,0,0,0.176470588,0,0,0.237288136,0.152542373,0.610169492,1,0,0.86,0.14,0,859
0.730769231,0.230769231,0.038461538,0,0,0,0,0,0,0,0.76744186,0.23255814,0,0,0.253731343,0.641791045,0,0.104477612,1,0,0,0.847457627,0.152542373,860
0.730769231,0.230769231,0.038461538,0,0,0,0,0,0,0,0.76744186,0.23255814,0,0,0.253731343,0.641791045,0,0.104477612,1,0,0,0.847457627,0.152542373,861
0.703703704,0.259259259,0.037037037,0,0,0,0,0,0,0,0.761904762,0.238095238,0,0,0.264705882,0.617647059,0,0.117647059,1,0,0,0.847457627,0.152542373,862
0.461538462,0.461538462,0.076923077,0,0,0.76744186,0.23255814,0,0,1,0,0,0,0,0.074074074,0.240740741,0,0.685185185,1,0,0.728813559,0.118644068,0.152542373,863
0.461538462,0.461538462,0.076923077,0,0,0.76744186,0.23255814,0,0,1,0,0,0,0,0.074074074,0.240740741,0,0.685185185,1,0,0.728813559,0.118644068,0.152542373,864
0.428571429,0.5,0.071428571,0,0,0.761904762,0.238095238,0,0,1,0,0,0,0,0.090909091,0.236363636,0,0.672727273,1,0,0.711864407,0.13559322,0.152542373,865
0.678571429,0.285714286,0.035714286,0,0,0,0,0,0,0,0.756097561,0.243902439,0,0,0.275362319,0.594202899,0,0.130434783,1,0,0,0.847457627,0.152542373,866
0.703703704,0.259259259,0.037037037,0,0,0,0,0,0,0,0.761904762,0.238095238,0,0,0.264705882,0.617647059,0,0.117647059,1,0,0,0.847457627,0.152542373,867
0.703703704,0.259259259,0.037037037,0,0,0.761904762,0.238095238,0,0,0,0,0,0,0,0,0,0.152542373,0.847457627,1,0.264705882,0.617647059,0.117647059,0,868
0.730769231,0.230769231,0.038461538,0,0,0.76744186,0.23255814,0,0,0,0,0,0,0,0,0,0.152542373,0.847457627,1,0.253731343,0.641791045,0.104477612,0,869
0.416666667,0.5,0.083333333,0,0,0.76744186,0.23255814,0,0,0.823529412,0,0,0.176470588,0,0,0.237288136,0.152542373,0.610169492,1,0,0.86,0.14,0,870
0.416666667,0.5,0.083333333,0,0,0.76744186,0.23255814,0,0,0.823529412,0,0,0.176470588,0,0,0.237288136,0.152542373,0.610169492,1,0,0.86,0.14,0,871
0.416666667,0.5,0.083333333,0,0,0.76744186,0.23255814,0,0,0.823529412,0,0,0.176470588,0,0,0.237288136,0.152542373,0.610169492,1,0,0.86,0.14,0,872
0.416666667,0.5,0.083333333,0,0,0.76744186,0.23255814,0,0,0.823529412,0,0,0.176470588,0,0,0.237288136,0.152542373,0.610169492,1,0,0.86,0.14,0,873
0.416666667,0.5,0.083333333,0,0,0.76744186,0.23255814,0,0,0.823529412,0,0,0.176470588,0,0,0.237288136,0.152542373,0.610169492,1,0,0.86,0.14,0,874
0.416666667,0.5,0.083333333,0,0,0.76744186,0.23255814,0,0,0.823529412,0,0,0.176470588,0,0,0.237288136,0.152542373,0.610169492,1,0,0.86,0.14,0,875
0.678571429,0.25,0.071428571,0,0,0,0,0,0,0,0.780487805,0.219512195,0,0,0.275362319,0.594202899,0,0.130434783,1,0,0,0.847457627,0.152542373,876
0.730769231,0.230769231,0.038461538,0,0,0,0,0,0,0,0.76744186,0.23255814,0,0,0.253731343,0.641791045,0,0.104477612,1,0,0,0.847457627,0.152542373,877
0.703703704,0.259259259,0.037037037,0,0,0,0,0,0,0,0.761904762,0.238095238,0,0,0.264705882,0.617647059,0,0.117647059,1,0,0,0.847457627,0.152542373,878
0.703703704,0.259259259,0.037037037,0,0,0,0,0,0,0,0.761904762,0.238095238,0,0,0.264705882,0.617647059,0,0.117647059,1,0,0,0.847457627,0.152542373,879
0.730769231,0.230769231,0.038461538,0,0,0,0,0,0,0,0.76744186,0.23255814,0,0,0.253731343,0.641791045,0,0.104477612,1,0,0,0.847457627,0.152542373,880
0.703703704,0.259259259,0.037037037,0,0,0,0,0,0,0,0.761904762,0.238095238,0,0,0.264705882,0.617647059,0,0.117647059,1,0,0,0.847457627,0.152542373,881
0.703703704,0.259259259,0.037037037,0,0,0,0,0,0,0,0.761904762,0.238095238,0,0,0.264705882,0.617647059,0,0.117647059,1,0,0,0.847457627,0.152542373,882
0.730769231,0.230769231,0.038461538,0,0,0,0,0,0,0,0.76744186,0.23255814,0,0,0.253731343,0.641791045,0,0.104477612,1,0,0,0.847457627,0.152542373,883
0.416666667,0.5,0.083333333,0,0,0.76744186,0.23255814,0,0,0.823529412,0,0,0.176470588,0,0,0.237288136,0.152542373,0.610169492,1,0,0.86,0.14,0,884
0.703703704,0.259259259,0.037037037,0,0,0,0,0,0,0,0.761904762,0.238095238,0,0,0.264705882,0.617647059,0,0.117647059,1,0,0,0.847457627,0.152542373,885
0.703703704,0.259259259,0.037037037,0,0,0,0,0,0,0,0.761904762,0.238095238,0,0,0.264705882,0.617647059,0,0.117647059,1,0,0,0.847457627,0.152542373,886
0.730769231,0.230769231,0.038461538,0,0,0,0,0,0,0,0.76744186,0.23255814,0,0,0.253731343,0.641791045,0,0.104477612,1,0,0,0.847457627,0.152542373,887
0.416666667,0.5,0.083333333,0,0,0.76744186,0.23255814,0,0,0.823529412,0,0,0.176470588,0,0,0.237288136,0.152542373,0.610169492,1,0,0.86,0.14,0,888
0.416666667,0.5,0.083333333,0,0,0.76744186,0.23255814,0,0,0.823529412,0,0,0.176470588,0,0,0.237288136,0.152542373,0.610169492,1,0,0.86,0.14,0,889
0.678571429,0.25,0.071428571,0,0,0.780487805,0.219512195,0,0,0,0,0,0,0,0,0,0.152542373,0.847457627,1,0.275362319,0.594202899,0.130434783,0,890
0.416666667,0.5,0.083333333,0,0,0.76744186,0.23255814,0,0,0.823529412,0,0,0.176470588,0,0,0.237288136,0.152542373,0.610169492,1,0,0.86,0.14,0,891
0.703703704,0.259259259,0.037037037,0,0,0.761904762,0.238095238,0,0,0,0,0,0,0,0,0,0.152542373,0.847457627,1,0.264705882,0.617647059,0.117647059,0,892
0.655172414,0.275862069,0.068965517,0,0,0.775,0.225,0,0,0,0,0,0,0,0,0,0.152542373,0.847457627,1,0.285714286,0.571428571,0.142857143,0,893
0.730769231,0.230769231,0.038461538,0,0,0.76744186,0.23255814,0,0,0,0,0,0,0,0,0,0.152542373,0.847457627,1,0.253731343,0.641791045,0.104477612,0,894
0.730769231,0.230769231,0.038461538,0,0,0.76744186,0.23255814,0,0,0,0,0,0,0,0,0,0.152542373,0.847457627,1,0.253731343,0.641791045,0.104477612,0,895
0.730769231,0.230769231,0.038461538,0,0,0.76744186,0.23255814,0,0,0,0,0,0,0,0,0,0.152542373,0.847457627,1,0.253731343,0.641791045,0.104477612,0,896
0.703703704,0.222222222,0.074074074,0,0,0.785714286,0.214285714,0,0,0,0,0,0,0,0,0,0.152542373,0.847457627,1,0.264705882,0.617647059,0.117647059,0,897
0.416666667,0.5,0.083333333,0,0,0.76744186,0.23255814,0,0,0.823529412,0,0,0.176470588,0,0,0.237288136,0.152542373,0.610169492,1,0,0.86,0.14,0,898
0.703703704,0.259259259,0.037037037,0,0,0,0,0,0,0,0.761904762,0.238095238,0,0,0.264705882,0.617647059,0,0.117647059,1,0,0,0.847457627,0.152542373,899
0.730769231,0.230769231,0.038461538,0,0,0,0,0,0,0,0.76744186,0.23255814,0,0,0.253731343,0.641791045,0,0.104477612,1,0,0,0.847457627,0.152542373,900
0.655172414,0.310344828,0.034482759,0,0,0,0,0,0,0,0.75,0.25,0,0,0.285714286,0.571428571,0,0.142857143,1,0,0,0.847457627,0.152542373,901
0.730769231,0.230769231,0.038461538,0,0,0,0,0,0,0,0.76744186,0.23255814,0,0,0.253731343,0.641791045,0,0.104477612,1,0,0,0.847457627,0.152542373,902
0.730769231,0.230769231,0.038461538,0,0,0,0,0,0,0,0.76744186,0.23255814,0,0,0.253731343,0.641791045,0,0.104477612,1,0,0,0.847457627,0.152542373,903
0.730769231,0.230769231,0.038461538,0,0,0,0,0,0,0,0.76744186,0.23255814,0,0,0.253731343,0.641791045,0,0.104477612,1,0,0,0.847457627,0.152542373,904
0.730769231,0.230769231,0.038461538,0,0,0,0,0,0,0,0.76744186,0.23255814,0,0,0.253731343,0.641791045,0,0.104477612,1,0,0,0.847457627,0.152542373,905
0.5,0.428571429,0.071428571,0,0,0.76744186,0.23255814,0,0,1,0,0,0,0,0.078125,0.1875,0.140625,0.59375,1,0,0.86,0.14,0,906
0.428571429,0.5,0.071428571,0,0,0.761904762,0.238095238,0,0,1,0,0,0,0,0.078125,0.203125,0.140625,0.578125,1,0,0.84,0.16,0,907
0.416666667,0.5,0.083333333,0,0,0.76744186,0.23255814,0,0,0.823529412,0,0,0.176470588,0,0,0.237288136,0.152542373,0.610169492,1,0,0.86,0.14,0,908
0.730769231,0.230769231,0.038461538,0,0,0,0,0,0,0,0.76744186,0.23255814,0,0,0.253731343,0.641791045,0,0.104477612,1,0,0,0.847457627,0.152542373,909
0.730769231,0.230769231,0.038461538,0,0,0,0,0,0,0,0.76744186,0.23255814,0,0,0.253731343,0.641791045,0,0.104477612,1,0,0,0.847457627,0.152542373,910
0.416666667,0.5,0.083333333,0,0,0.76744186,0.23255814,0,0,0.823529412,0,0,0.176470588,0,0,0.237288136,0.152542373,0.610169492,1,0,0.86,0.14,0,911
0.730769231,0.230769231,0.038461538,0,0,0.76744186,0.23255814,0,0,0,0,0,0,0,0,0,0.152542373,0.847457627,1,0.253731343,0.641791045,0.104477612,0,912
0.703703704,0.259259259,0.037037037,0,0,0,0,0,0,0,0.761904762,0.238095238,0,0,0.264705882,0.617647059,0,0.117647059,1,0,0,0.847457627,0.152542373,913
0.703703704,0.259259259,0.037037037,0,0,0,0,0,0,0,0.761904762,0.238095238,0,0,0.264705882,0.617647059,0,0.117647059,1,0,0,0.847457627,0.152542373,914
0.730769231,0.230769231,0.038461538,0,0,0,0,0,0,0,0.76744186,0.23255814,0,0,0.253731343,0.641791045,0,0.104477612,1,0,0,0.847457627,0.152542373,915
0.416666667,0.5,0.083333333,0,0,0.76744186,0.23255814,0,0,0.823529412,0,0,0.176470588,0,0,0.237288136,0.152542373,0.610169492,1,0,0.86,0.14,0,916
0.730769231,0.230769231,0.038461538,0,0,0.76744186,0.23255814,0,0,0,0,0,0,0,0,0,0.152542373,0.847457627,1,0.253731343,0.641791045,0.104477612,0,917
0.730769231,0.230769231,0.038461538,0,0,0.76744186,0.23255814,0,0,0,0,0,0,0,0,0,0.152542373,0.847457627,1,0.253731343,0.641791045,0.104477612,0,918
0.703703704,0.259259259,0.037037037,0,0,0.761904762,0.238095238,0,0,0,0,0,0,0,0,0,0.152542373,0.847457627,1,0.264705882,0.617647059,0.117647059,0,919
0.655172414,0.310344828,0.034482759,0,0,0.75,0.25,0,0,0,0,0,0,0,0,0,0.152542373,0.847457627,1,0.285714286,0.571428571,0.142857143,0,920
0.703703704,0.259259259,0.037037037,0,0,0.761904762,0.238095238,0,0,0,0,0,0,0,0,0,0.152542373,0.847457627,1,0.264705882,0.617647059,0.117647059,0,921
0.730769231,0.230769231,0.038461538,0,0,0.76744186,0.23255814,0,0,0,0,0,0,0,0,0,0.152542373,0.847457627,1,0.253731343,0.641791045,0.104477612,0,922
0.730769231,0.230769231,0.038461538,0,0,0.76744186,0.23255814,0,0,0,0,0,0,0,0,0,0.152542373,0.847457627,1,0.253731343,0.641791045,0.104477612,0,923
0.730769231,0.230769231,0.038461538,0,0,0.76744186,0.23255814,0,0,0,0,0,0,0,0,0,0.152542373,0.847457627,1,0.253731343,0.641791045,0.104477612,0,924
0.703703704,0.259259259,0.037037037,0,0,0,0,0,0,0,0.761904762,0.238095238,0,0,0.264705882,0.617647059,0,0.117647059,1,0,0,0.847457627,0.152542373,925
0.678571429,0.285714286,0.035714286,0,0,0,0,0,0,0,0.756097561,0.243902439,0,0,0.275362319,0.594202899,0,0.130434783,1,0,0,0.847457627,0.152542373,926
0.678571429,0.25,0.071428571,0,0,0,0,0,0,0,0.780487805,0.219512195,0,0,0.275362319,0.594202899,0,0.130434783,1,0,0,0.847457627,0.152542373,927
0.730769231,0.230769231,0.038461538,0,0,0,0,0,0,0,0.76744186,0.23255814,0,0,0.253731343,0.641791045,0,0.104477612,1,0,0,0.847457627,0.152542373,928
0.730769231,0.230769231,0.038461538,0,0,0,0,0,0,0,0.76744186,0.23255814,0,0,0.253731343,0.641791045,0,0.104477612,1,0,0,0.847457627,0.152542373,929
0.730769231,0.230769231,0.038461538,0,0,0,0,0,0,0,0.76744186,0.23255814,0,0,0.253731343,0.641791045,0,0.104477612,1,0,0,0.847457627,0.152542373,930
0.730769231,0.230769231,0.038461538,0,0,0.76744186,0.23255814,0,0,0,0,0,0,0,0,0,0.152542373,0.847457627,1,0.253731343,0.641791045,0.104477612,0,931
0.703703704,0.259259259,0.037037037,0,0,0,0,0,0,0,0.761904762,0.238095238,0,0,0.264705882,0.617647059,0,0.117647059,1,0,0,0.847457627,0.152542373,932
0.703703704,0.222222222,0.074074074,0,0,0,0,0,0,0,0.785714286,0.214285714,0,0,0.264705882,0.617647059,0,0.117647059,1,0,0,0.847457627,0.152542373,933
0.730769231,0.230769231,0.038461538,0,0,0,0,0,0,0,0.76744186,0.23255814,0,0,0.253731343,0.641791045,0,0.104477612,1,0,0,0.847457627,0.152542373,934
0.416666667,0.5,0.083333333,0,0,0.76744186,0.23255814,0,0,0.823529412,0,0,0.176470588,0,0,0.28,0,0.72,1,0,0.728813559,0.118644068,0.152542373,935
0.416666667,0.5,0.083333333,0,0,0.76744186,0.23255814,0,0,0.823529412,0,0,0.176470588,0,0,0.28,0,0.72,1,0,0.728813559,0.118644068,0.152542373,936
0.416666667,0.5,0.083333333,0,0,0.76744186,0.23255814,0,0,0.823529412,0,0,0.176470588,0,0,0.28,0,0.72,1,0,0.728813559,0.118644068,0.152542373,937
0.730769231,0.230769231,0.038461538,0,0,0,0,0,0,0,0.76744186,0.23255814,0,0,0.253731343,0.641791045,0,0.104477612,1,0,0,0.847457627,0.152542373,938
0.703703704,0.259259259,0.037037037,0,0,0,0,0,0,0,0.761904762,0.238095238,0,0,0.264705882,0.617647059,0,0.117647059,1,0,0,0.847457627,0.152542373,939
0.730769231,0.230769231,0.038461538,0,0,0,0,0,0,0,0.76744186,0.23255814,0,0,0.253731343,0.641791045,0,0.104477612,1,0,0,0.847457627,0.152542373,940
0.730769231,0.230769231,0.038461538,0,0,0,0,0,0,0,0.76744186,0.23255814,0,0,0.253731343,0.641791045,0,0.104477612,1,0,0,0.847457627,0.152542373,941
0.703703704,0.259259259,0.037037037,0,0,0,0,0,0,0,0.761904762,0.238095238,0,0,0.264705882,0.617647059,0,0.117647059,1,0,0,0.847457627,0.152542373,942
0.703703704,0.259259259,0.037037037,0,0,0,0,0,0,0,0.761904762,0.238095238,0,0,0.264705882,0.617647059,0,0.117647059,1,0,0,0.847457627,0.152542373,943
0.678571429,0.285714286,0.035714286,0,0,0,0,0,0,0,0.756097561,0.243902439,0,0,0.275362319,0.594202899,0,0.130434783,1,0,0,0.847457627,0.152542373,944
0.416666667,0.5,0.083333333,0,0,0.76744186,0.23255814,0,0,0.823529412,0,0,0.176470588,0,0,0.237288136,0.152542373,0.610169492,1,0,0.86,0.14,0,945
0.703703704,0.259259259,0.037037037,0,0,0,0,0,0,0,0.761904762,0.238095238,0,0,0.264705882,0.617647059,0,0.117647059,1,0,0,0.847457627,0.152542373,946
0.730769231,0.230769231,0.038461538,0,0,0,0,0,0,0,0.76744186,0.23255814,0,0,0.253731343,0.641791045,0,0.104477612,1,0,0,0.847457627,0.152542373,947
0.730769231,0.230769231,0.038461538,0,0,0,0,0,0,0,0.76744186,0.23255814,0,0,0.253731343,0.641791045,0,0.104477612,1,0,0,0.847457627,0.152542373,948
0.5,0.4375,0.0625,0,0,0.761904762,0.238095238,0,0,1,0,0,0,0,0.122807018,0.192982456,0,0.684210526,1,0,0.711864407,0.13559322,0.152542373,949
0.703703704,0.259259259,0.037037037,0,0,0.761904762,0.238095238,0,0,0,0,0,0,0,0,0,0.152542373,0.847457627,1,0.264705882,0.617647059,0.117647059,0,950
0.730769231,0.230769231,0.038461538,0,0,0.76744186,0.23255814,0,0,0,0,0,0,0,0,0,0.152542373,0.847457627,1,0.253731343,0.641791045,0.104477612,0,951
0.416666667,0.5,0.083333333,0,0,0.76744186,0.23255814,0,0,0.823529412,0,0,0.176470588,0,0,0.237288136,0.152542373,0.610169492,1,0,0.86,0.14,0,952
0.416666667,0.5,0.083333333,0,0,0.76744186,0.23255814,0,0,0.823529412,0,0,0.176470588,0,0,0.28,0,0.72,1,0,0.728813559,0.118644068,0.152542373,953
0.416666667,0.5,0.083333333,0,0,0.76744186,0.23255814,0,0,0.823529412,0,0,0.176470588,0,0,0.28,0,0.72,1,0,0.728813559,0.118644068,0.152542373,954
0.416666667,0.5,0.083333333,0,0,0.76744186,0.23255814,0,0,0.823529412,0,0,0.176470588,0,0,0.28,0,0.72,1,0,0.728813559,0.118644068,0.152542373,955
0.730769231,0.230769231,0.038461538,0,0,0,0,0,0,0,0.76744186,0.23255814,0,0,0.253731343,0.641791045,0,0.104477612,1,0,0,0.847457627,0.152542373,956
0.730769231,0.230769231,0.038461538,0,0,0,0,0,0,0,0.76744186,0.23255814,0,0,0.253731343,0.641791045,0,0.104477612,1,0,0,0.847457627,0.152542373,957
0.730769231,0.230769231,0.038461538,0,0,0.76744186,0.23255814,0,0,0,0,0,0,0,0,0,0.152542373,0.847457627,1,0.253731343,0.641791045,0.104477612,0,958
0.655172414,0.310344828,0.034482759,0,0,0,0,0,0,0,0.75,0.25,0,0,0.285714286,0.571428571,0,0.142857143,1,0,0,0.847457627,0.152542373,959
0.730769231,0.230769231,0.038461538,0,0,0,0,0,0,0,0.76744186,0.23255814,0,0,0.253731343,0.641791045,0,0.104477612,1,0,0,0.847457627,0.152542373,960
0.730769231,0.230769231,0.038461538,0,0,0,0,0,0,0,0.76744186,0.23255814,0,0,0.253731343,0.641791045,0,0.104477612,1,0,0,0.847457627,0.152542373,961
0.655172414,0.275862069,0.068965517,0,0,0,0,0,0,0,0.775,0.225,0,0,0.285714286,0.571428571,0,0.142857143,1,0,0,0.847457627,0.152542373,962
0.730769231,0.230769231,0.038461538,0,0,0,0,0,0,0,0.76744186,0.23255814,0,0,0.223684211,0.565789474,0.118421053,0.092105263,1,0,0,1,0,963
0.416666667,0.5,0.083333333,0,0,0.76744186,0.23255814,0,0,0.823529412,0,0,0.176470588,0,0,0.237288136,0.152542373,0.610169492,1,0,0.86,0.14,0,964
0.703703704,0.259259259,0.037037037,0,0,0,0,0,0,0,0.761904762,0.238095238,0,0,0.264705882,0.617647059,0,0.117647059,1,0,0,0.847457627,0.152542373,965
0.730769231,0.230769231,0.038461538,0,0,0,0,0,0,0,0.76744186,0.23255814,0,0,0.253731343,0.641791045,0,0.104477612,1,0,0,0.847457627,0.152542373,966
0.678571429,0.285714286,0.035714286,0,0,0.756097561,0.243902439,0,0,0,0,0,0,0,0,0,0.152542373,0.847457627,1,0.275362319,0.594202899,0.130434783,0,967
0.730769231,0.230769231,0.038461538,0,0,0.76744186,0.23255814,0,0,0,0,0,0,0,0,0,0.152542373,0.847457627,1,0.253731343,0.641791045,0.104477612,0,968
0.730769231,0.230769231,0.038461538,0,0,0.76744186,0.23255814,0,0,0,0,0,0,0,0,0,0.152542373,0.847457627,1,0.253731343,0.641791045,0.104477612,0,969
0.730769231,0.230769231,0.038461538,0,0,0.76744186,0.23255814,0,0,0,0,0,0,0,0,0,0.152542373,0.847457627,1,0.253731343,0.641791045,0.104477612,0,970
0.416666667,0.5,0.083333333,0,0,0.76744186,0.23255814,0,0,0.823529412,0,0,0.176470588,0,0,0.28,0,0.72,1,0,0.728813559,0.118644068,0.152542373,971
0.416666667,0.5,0.083333333,0,0,0.76744186,0.23255814,0,0,0.823529412,0,0,0.176470588,0,0,0.28,0,0.72,1,0,0.728813559,0.118644068,0.152542373,972
0.416666667,0.5,0.083333333,0,0,0.76744186,0.23255814,0,0,0.823529412,0,0,0.176470588,0,0,0.28,0,0.72,1,0,0.728813559,0.118644068,0.152542373,973
0.703703704,0.259259259,0.037037037,0,0,0,0,0,0,0,0.761904762,0.238095238,0,0,0.233766234,0.545454545,0.116883117,0.103896104,1,0,0,1,0,974
0.730769231,0.230769231,0.038461538,0,0,0,0,0,0,0,0.76744186,0.23255814,0,0,0.223684211,0.565789474,0.118421053,0.092105263,1,0,0,1,0,975
0.730769231,0.230769231,0.038461538,0,0,0,0,0,0,0,0.76744186,0.23255814,0,0,0.223684211,0.565789474,0.118421053,0.092105263,1,0,0,1,0,976
0.730769231,0.230769231,0.038461538,0,0,0,0,0,0,0,0.76744186,0.23255814,0,0,0.223684211,0.565789474,0.118421053,0.092105263,1,0,0,1,0,977
0.703703704,0.259259259,0.037037037,0,0,0,0,0,0,0,0.761904762,0.238095238,0,0,0.233766234,0.545454545,0.116883117,0.103896104,1,0,0,1,0,978
0.730769231,0.230769231,0.038461538,0,0,0.76744186,0.23255814,0,0,0,0,0,0,0,0,0,0.152542373,0.847457627,1,0.253731343,0.641791045,0.104477612,0,979
0.703703704,0.259259259,0.037037037,0,0,0.761904762,0.238095238,0,0,0,0,0,0,0,0,0,0.152542373,0.847457627,1,0.264705882,0.617647059,0.117647059,0,980
0.703703704,0.222222222,0.074074074,0,0,0.785714286,0.214285714,0,0,0,0,0,0,0,0,0,0.152542373,0.847457627,1,0.264705882,0.617647059,0.117647059,0,981
0.703703704,0.222222222,0.074074074,0,0,0.785714286,0.214285714,0,0,0,0,0,0,0,0,0,0.152542373,0.847457627,1,0.264705882,0.617647059,0.117647059,0,982
0.730769231,0.230769231,0.038461538,0,0,0.76744186,0.23255814,0,0,0,0,0,0,0,0,0,0.152542373,0.847457627,1,0.253731343,0.641791045,0.104477612,0,983
0.730769231,0.230769231,0.038461538,0,0,0.76744186,0.23255814,0,0,0,0,0,0,0,0,0,0.152542373,0.847457627,1,0.253731343,0.641791045,0.104477612,0,984
0.703703704,0.259259259,0.037037037,0,0,0.761904762,0.238095238,0,0,0,0,0,0,0,0,0,0.152542373,0.847457627,1,0.264705882,0.617647059,0.117647059,0,985
0.678571429,0.285714286,0.035714286,0,0,0.756097561,0.243902439,0,0,0,0,0,0,0,0,0,0.152542373,0.847457627,1,0.275362319,0.594202899,0.130434783,0,986
0.703703704,0.259259259,0.037037037,0,0,0.761904762,0.238095238,0,0,0,0,0,0,0,0,0,0.152542373,0.847457627,1,0.264705882,0.617647059,0.117647059,0,987
0.416666667,0.5,0.083333333,0,0,0.76744186,0.23255814,0,0,0.823529412,0,0,0.176470588,0,0,0.28,0,0.72,1,0,0.728813559,0.118644068,0.152542373,988
0.416666667,0.5,0.083333333,0,0,0.76744186,0.23255814,0,0,0.823529412,0,0,0.176470588,0,0,0.28,0,0.72,1,0,0.728813559,0.118644068,0.152542373,989
0.730769231,0.230769231,0.038461538,0,0,0.76744186,0.23255814,0,0,0,0,0,0,0,0,0,0.152542373,0.847457627,1,0.253731343,0.641791045,0.104477612,0,990
0.555555556,0.388888889,0.055555556,0,0,0.761904762,0.238095238,0,0,1,0,0,0,0,0,0.152542373,0.152542373,0.694915254,1,0.152542373,0.711864407,0.13559322,0,991
0.611111111,0.333333333,0.055555556,0,0,0.76744186,0.23255814,0,0,1,0,0,0,0,0,0.13559322,0.152542373,0.711864407,1,0.152542373,0.728813559,0.118644068,0,992
0.730769231,0.230769231,0.038461538,0,0,0,0,0,0,0,0.76744186,0.23255814,0,0,0.223684211,0.565789474,0.118421053,0.092105263,1,0,0,1,0,993
0.703703704,0.259259259,0.037037037,0,0,0,0,0,0,0,0.761904762,0.238095238,0,0,0.264705882,0.617647059,0,0.117647059,1,0,0,0.847457627,0.152542373,994
0.416666667,0.5,0.083333333,0,0,0.76744186,0.23255814,0,0,0.823529412,0,0,0.176470588,0,0,0.28,0,0.72,1,0,0.728813559,0.118644068,0.152542373,995
0.730769231,0.230769231,0.038461538,0,0,0,0,0,0,0,0.76744186,0.23255814,0,0,0.253731343,0.641791045,0,0.104477612,1,0,0,0.847457627,0.152542373,996
0.416666667,0.5,0.083333333,0,0,0.76744186,0.23255814,0,0,0.823529412,0,0,0.176470588,0,0,0.28,0,0.72,1,0,0.728813559,0.118644068,0.152542373,997
0.416666667,0.5,0.083333333,0,0,0.76744186,0.23255814,0,0,0.823529412,0,0,0.176470588,0,0,0.28,0,0.72,1,0,0.728813559,0.118644068,0.152542373,998
0.730769231,0.230769231,0.038461538,0,0,0.76744186,0.23255814,0,0,0,0,0,0,0,0,0,0.152542373,0.847457627,1,0.253731343,0.641791045,0.104477612,0,999
0.730769231,0.230769231,0.038461538,0,0,0.76744186,0.23255814,0,0,0,0,0,0,0,0,0,0.152542373,0.847457627,1,0.253731343,0.641791045,0.104477612,0,1000
0.730769231,0.230769231,0.038461538,0,0,0.76744186,0.23255814,0,0,0,0,0,0,0,0,0,0.152542373,0.847457627,1,0.253731343,0.641791045,0.104477612,0,1001
0.730769231,0.230769231,0.038461538,0,0,0.76744186,0.23255814,0,0,0,0,0,0,0,0,0,0.152542373,0.847457627,1,0.253731343,0.641791045,0.104477612,0,1002
0.730769231,0.230769231,0.038461538,0,0,0.76744186,0.23255814,0,0,0,0,0,0,0,0,0,0.152542373,0.847457627,1,0.253731343,0.641791045,0.104477612,0,1003
0.703703704,0.259259259,0.037037037,0,0,0.761904762,0.238095238,0,0,0,0,0,0,0,0,0,0.152542373,0.847457627,1,0.264705882,0.617647059,0.117647059,0,1004
0.703703704,0.222222222,0.074074074,0,0,0,0,0,0,0,0.785714286,0.214285714,0,0,0.264705882,0.617647059,0,0.117647059,1,0,0,0.847457627,0.152542373,1005
0.730769231,0.230769231,0.038461538,0,0,0,0,0,0,0,0.76744186,0.23255814,0,0,0.253731343,0.641791045,0,0.104477612,1,0,0,0.847457627,0.152542373,1006
0.416666667,0.5,0.083333333,0,0,0.76744186,0.23255814,0,0,0.823529412,0,0,0.176470588,0,0,0.28,0,0.72,1,0,0.728813559,0.118644068,0.152542373,1007
0.416666667,0.5,0.083333333,0,0,0.76744186,0.23255814,0,0,0.823529412,0,0,0.176470588,0,0,0.28,0,0.72,1,0,0.728813559,0.118644068,0.152542373,1008
0.416666667,0.5,0.083333333,0,0,0.76744186,0.23255814,0,0,0.823529412,0,0,0.176470588,0,0,0.28,0,0.72,1,0,0.728813559,0.118644068,0.152542373,1009
0.416666667,0.5,0.083333333,0,0,0.76744186,0.23255814,0,0,0.823529412,0,0,0.176470588,0,0,0.28,0,0.72,1,0,0.728813559,0.118644068,0.152542373,1010
0.416666667,0.5,0.083333333,0,0,0.76744186,0.23255814,0,0,0.823529412,0,0,0.176470588,0,0,0.28,0,0.72,1,0,0.728813559,0.118644068,0.152542373,1011
0.416666667,0.5,0.083333333,0,0,0.76744186,0.23255814,0,0,0.823529412,0,0,0.176470588,0,0,0.28,0,0.72,1,0,0.728813559,0.118644068,0.152542373,1012
0.416666667,0.5,0.083333333,0,0,0.76744186,0.23255814,0,0,0.823529412,0,0,0.176470588,0,0,0.28,0,0.72,1,0,0.728813559,0.118644068,0.152542373,1013
0.416666667,0.5,0.083333333,0,0,0.76744186,0.23255814,0,0,0.823529412,0,0,0.176470588,0,0,0.28,0,0.72,1,0,0.728813559,0.118644068,0.152542373,1014
0.703703704,0.259259259,0.037037037,0,0,0.761904762,0.238095238,0,0,0,0,0,0,0,0,0,0.152542373,0.847457627,1,0.264705882,0.617647059,0.117647059,0,1015
0.730769231,0.230769231,0.038461538,0,0,0.76744186,0.23255814,0,0,0,0,0,0,0,0,0,0.152542373,0.847457627,1,0.253731343,0.641791045,0.104477612,0,1016
0.730769231,0.230769231,0.038461538,0,0,0.76744186,0.23255814,0,0,0,0,0,0,0,0,0,0.152542373,0.847457627,1,0.253731343,0.641791045,0.104477612,0,1017
0.730769231,0.230769231,0.038461538,0,0,0.76744186,0.23255814,0,0,0,0,0,0,0,0,0,0.152542373,0.847457627,1,0.253731343,0.641791045,0.104477612,0,1018
0.416666667,0.5,0.083333333,0,0,0.76744186,0.23255814,0,0,0.823529412,0,0,0.176470588,0,0,0.28,0,0.72,1,0,0.728813559,0.118644068,0.152542373,1019
0.730769231,0.230769231,0.038461538,0,0,0.76744186,0.23255814,0,0,0,0,0,0,0,0,0,0.152542373,0.847457627,1,0.253731343,0.641791045,0.104477612,0,1020
0.730769231,0.230769231,0.038461538,0,0,0.76744186,0.23255814,0,0,0,0,0,0,0,0,0,0.152542373,0.847457627,1,0.253731343,0.641791045,0.104477612,0,1021
0.730769231,0.230769231,0.038461538,0,0,0.76744186,0.23255814,0,0,0,0,0,0,0,0,0,0.152542373,0.847457627,1,0.253731343,0.641791045,0.104477612,0,1022
0.678571429,0.285714286,0.035714286,0,0,0,0,0,0,0,0.756097561,0.243902439,0,0,0.275362319,0.594202899,0,0.130434783,1,0,0,0.847457627,0.152542373,1023
0.730769231,0.230769231,0.038461538,0,0,0,0,0,0,0,0.76744186,0.23255814,0,0,0.253731343,0.641791045,0,0.104477612,1,0,0,0.847457627,0.152542373,1024
0.703703704,0.259259259,0.037037037,0,0,0,0,0,0,0,0.761904762,0.238095238,0,0,0.264705882,0.617647059,0,0.117647059,1,0,0,0.847457627,0.152542373,1025
0.730769231,0.230769231,0.038461538,0,0,0,0,0,0,0,0.76744186,0.23255814,0,0,0.253731343,0.641791045,0,0.104477612,1,0,0,0.847457627,0.152542373,1026
0.416666667,0.5,0.083333333,0,0,0.76744186,0.23255814,0,0,0.823529412,0,0,0.176470588,0,0,0.28,0,0.72,1,0,0.728813559,0.118644068,0.152542373,1027
0.416666667,0.5,0.083333333,0,0,0.76744186,0.23255814,0,0,0.823529412,0,0,0.176470588,0,0,0.28,0,0.72,1,0,0.728813559,0.118644068,0.152542373,1028
0.416666667,0.5,0.083333333,0,0,0.76744186,0.23255814,0,0,0.823529412,0,0,0.176470588,0,0,0.28,0,0.72,1,0,0.728813559,0.118644068,0.152542373,1029
0.703703704,0.222222222,0.074074074,0,0,0,0,0,0,0,0.785714286,0.214285714,0,0,0.264705882,0.617647059,0,0.117647059,1,0,0,0.847457627,0.152542373,1030
0.5,0.428571429,0.071428571,0,0,0.76744186,0.23255814,0,0,1,0,0,0,0,0.078125,0.1875,0.140625,0.59375,1,0,0.86,0.14,0,1031
0.703703704,0.259259259,0.037037037,0,0,0.761904762,0.238095238,0,0,0,0,0,0,0,0,0,0,1,1,0.233766234,0.545454545,0.103896104,0.116883117,1032
0.678571429,0.285714286,0.035714286,0,0,0,0,0,0,0,0.756097561,0.243902439,0,0,0.275362319,0.594202899,0,0.130434783,1,0,0,0.847457627,0.152542373,1033
0.416666667,0.5,0.083333333,0,0,0.76744186,0.23255814,0,0,0.823529412,0,0,0.176470588,0,0,0.28,0,0.72,1,0,0.728813559,0.118644068,0.152542373,1034
0.703703704,0.222222222,0.074074074,0,0,0,0,0,0,0,0.785714286,0.214285714,0,0,0.264705882,0.617647059,0,0.117647059,1,0,0,0.847457627,0.152542373,1035
0.730769231,0.230769231,0.038461538,0,0,0,0,0,0,0,0.76744186,0.23255814,0,0,0.253731343,0.641791045,0,0.104477612,1,0,0,0.847457627,0.152542373,1036
0.730769231,0.230769231,0.038461538,0,0,0,0,0,0,0,0.76744186,0.23255814,0,0,0.253731343,0.641791045,0,0.104477612,1,0,0,0.847457627,0.152542373,1037
0.730769231,0.230769231,0.038461538,0,0,0,0,0,0,0,0.76744186,0.23255814,0,0,0.253731343,0.641791045,0,0.104477612,1,0,0,0.847457627,0.152542373,1038
0.730769231,0.230769231,0.038461538,0,0,0,0,0,0,0,0.76744186,0.23255814,0,0,0.253731343,0.641791045,0,0.104477612,1,0,0,0.847457627,0.152542373,1039
0.703703704,0.259259259,0.037037037,0,0,0.761904762,0.238095238,0,0,0,0,0,0,0,0.264705882,0,0,0.735294118,1,0,0.711864407,0.13559322,0.152542373,1040
0.730769231,0.230769231,0.038461538,0,0,0.76744186,0.23255814,0,0,0,0,0,0,0,0.253731343,0,0,0.746268657,1,0,0.728813559,0.118644068,0.152542373,1041
0.730769231,0.230769231,0.038461538,0,0,0.76744186,0.23255814,0,0,0,0,0,0,0,0.253731343,0,0,0.746268657,1,0,0.728813559,0.118644068,0.152542373,1042
0.678571429,0.25,0.071428571,0,0,0.780487805,0.219512195,0,0,0,0,0,0,0,0.275362319,0,0,0.724637681,1,0,0.694915254,0.152542373,0.152542373,1043
0.730769231,0.230769231,0.038461538,0,0,0.76744186,0.23255814,0,0,0,0,0,0,0,0.253731343,0,0,0.746268657,1,0,0.728813559,0.118644068,0.152542373,1044
0.678571429,0.285714286,0.035714286,0,0,0,0,0,0,0,0.756097561,0.243902439,0,0,0.275362319,0.594202899,0,0.130434783,1,0,0,0.847457627,0.152542373,1045
0.678571429,0.285714286,0.035714286,0,0,0,0,0,0,0,0.756097561,0.243902439,0,0,0.275362319,0.594202899,0,0.130434783,1,0,0,0.847457627,0.152542373,1046
0.703703704,0.259259259,0.037037037,0,0,0,0,0,0,0,0.761904762,0.238095238,0,0,0.264705882,0.617647059,0,0.117647059,1,0,0,0.847457627,0.152542373,1047
0.703703704,0.222222222,0.074074074,0,0,0,0,0,0,0,0.785714286,0.214285714,0,0,0.264705882,0.617647059,0,0.117647059,1,0,0,0.847457627,0.152542373,1048
0.730769231,0.230769231,0.038461538,0,0,0,0,0,0,0,0.76744186,0.23255814,0,0,0.253731343,0.641791045,0,0.104477612,1,0,0,0.847457627,0.152542373,1049
0.703703704,0.259259259,0.037037037,0,0,0.761904762,0.238095238,0,0,0,0,0,0,0,0.264705882,0,0,0.735294118,1,0,0.711864407,0.13559322,0.152542373,1050
0.730769231,0.230769231,0.038461538,0,0,0.76744186,0.23255814,0,0,0,0,0,0,0,0.253731343,0,0,0.746268657,1,0,0.728813559,0.118644068,0.152542373,1051
0.730769231,0.230769231,0.038461538,0,0,0.76744186,0.23255814,0,0,0,0,0,0,0,0.253731343,0,0,0.746268657,1,0,0.728813559,0.118644068,0.152542373,1052
0.416666667,0.5,0.083333333,0,0,0.76744186,0.23255814,0,0,0.823529412,0,0,0.176470588,0,0,0.28,0,0.72,1,0,0.728813559,0.118644068,0.152542373,1053
0.730769231,0.230769231,0.038461538,0,0,0.76744186,0.23255814,0,0,0,0,0,0,0,0.253731343,0,0,0.746268657,1,0,0.728813559,0.118644068,0.152542373,1054
0.730769231,0.230769231,0.038461538,0,0,0.76744186,0.23255814,0,0,0,0,0,0,0,0.253731343,0,0,0.746268657,1,0,0.728813559,0.118644068,0.152542373,1055
0.416666667,0.5,0.083333333,0,0,0.76744186,0.23255814,0,0,0.823529412,0,0,0.176470588,0,0,0.28,0,0.72,1,0,0.728813559,0.118644068,0.152542373,1056
0.730769231,0.230769231,0.038461538,0,0,0,0,0,0,0,0.76744186,0.23255814,0,0,0.253731343,0.641791045,0,0.104477612,1,0,0,0.847457627,0.152542373,1057
0.703703704,0.259259259,0.037037037,0,0,0,0,0,0,0,0.761904762,0.238095238,0,0,0.264705882,0.617647059,0,0.117647059,1,0,0,0.847457627,0.152542373,1058
0.730769231,0.230769231,0.038461538,0,0,0,0,0,0,0,0.76744186,0.23255814,0,0,0.253731343,0.641791045,0,0.104477612,1,0,0,0.847457627,0.152542373,1059
0.730769231,0.230769231,0.038461538,0,0,0,0,0,0,0,0.76744186,0.23255814,0,0,0.253731343,0.641791045,0,0.104477612,1,0,0,0.847457627,0.152542373,1060
0.730769231,0.230769231,0.038461538,0,0,0,0,0,0,0,0.76744186,0.23255814,0,0,0.253731343,0.641791045,0,0.104477612,1,0,0,0.847457627,0.152542373,1061
0.730769231,0.230769231,0.038461538,0,0,0,0,0,0,0,0.76744186,0.23255814,0,0,0.253731343,0.641791045,0,0.104477612,1,0,0,0.847457627,0.152542373,1062
0.730769231,0.230769231,0.038461538,0,0,0,0,0,0,0,0.76744186,0.23255814,0,0,0.253731343,0.641791045,0,0.104477612,1,0,0,0.847457627,0.152542373,1063
0.730769231,0.230769231,0.038461538,0,0,0,0,0,0,0,0.76744186,0.23255814,0,0,0.253731343,0.641791045,0,0.104477612,1,0,0,0.847457627,0.152542373,1064
0.730769231,0.230769231,0.038461538,0,0,0,0,0,0,0,0.76744186,0.23255814,0,0,0.253731343,0.641791045,0,0.104477612,1,0,0,0.847457627,0.152542373,1065
0.730769231,0.230769231,0.038461538,0,0,0,0,0,0,0,0.76744186,0.23255814,0,0,0.253731343,0.641791045,0,0.104477612,1,0,0,0.847457627,0.152542373,1066
0.678571429,0.25,0.071428571,0,0,0.780487805,0.219512195,0,0,0,0,0,0,0,0.275362319,0,0,0.724637681,1,0,0.694915254,0.152542373,0.152542373,1067
0.730769231,0.230769231,0.038461538,0,0,0.76744186,0.23255814,0,0,0,0,0,0,0,0.253731343,0,0,0.746268657,1,0,0.728813559,0.118644068,0.152542373,1068
0.730769231,0.230769231,0.038461538,0,0,0,0,0,0,0,0.76744186,0.23255814,0,0,0.253731343,0.641791045,0,0.104477612,1,0,0,0.847457627,0.152542373,1069
0.416666667,0.5,0.083333333,0,0,0.76744186,0.23255814,0,0,0.823529412,0,0,0.176470588,0,0,0.28,0,0.72,1,0,0.728813559,0.118644068,0.152542373,1070
0.730769231,0.230769231,0.038461538,0,0,0,0,0,0,0,0.76744186,0.23255814,0,0,0.223684211,0.565789474,0.118421053,0.092105263,1,0,0,1,0,1071
0.730769231,0.230769231,0.038461538,0,0,0,0,0,0,0,0.76744186,0.23255814,0,0,0.223684211,0.565789474,0.118421053,0.092105263,1,0,0,1,0,1072
0.730769231,0.230769231,0.038461538,0,0,0,0,0,0,0,0.76744186,0.23255814,0,0,0.223684211,0.565789474,0.118421053,0.092105263,1,0,0,1,0,1073
0.703703704,0.259259259,0.037037037,0,0,0.761904762,0.238095238,0,0,0,0,0,0,0,0.264705882,0,0,0.735294118,1,0,0.711864407,0.13559322,0.152542373,1074
0.730769231,0.230769231,0.038461538,0,0,0.76744186,0.23255814,0,0,0,0,0,0,0,0.253731343,0,0,0.746268657,1,0,0.728813559,0.118644068,0.152542373,1075
0.730769231,0.230769231,0.038461538,0,0,0.76744186,0.23255814,0,0,0,0,0,0,0,0.253731343,0,0,0.746268657,1,0,0.728813559,0.118644068,0.152542373,1076
0.730769231,0.230769231,0.038461538,0,0,0.76744186,0.23255814,0,0,0,0,0,0,0,0.253731343,0,0,0.746268657,1,0,0.728813559,0.118644068,0.152542373,1077
0.730769231,0.230769231,0.038461538,0,0,0.76744186,0.23255814,0,0,0,0,0,0,0,0.253731343,0,0,0.746268657,1,0,0.728813559,0.118644068,0.152542373,1078
0.730769231,0.230769231,0.038461538,0,0,0.76744186,0.23255814,0,0,0,0,0,0,0,0.253731343,0,0,0.746268657,1,0,0.728813559,0.118644068,0.152542373,1079
0.730769231,0.230769231,0.038461538,0,0,0,0,0,0,0,0.76744186,0.23255814,0,0,0.253731343,0.641791045,0,0.104477612,1,0,0,0.847457627,0.152542373,1080
0.730769231,0.230769231,0.038461538,0,0,0,0,0,0,0,0.76744186,0.23255814,0,0,0.253731343,0.641791045,0,0.104477612,1,0,0,0.847457627,0.152542373,1081
0.703703704,0.259259259,0.037037037,0,0,0,0,0,0,0,0.761904762,0.238095238,0,0,0.264705882,0.617647059,0,0.117647059,1,0,0,0.847457627,0.152542373,1082
0.703703704,0.259259259,0.037037037,0,0,0,0,0,0,0,0.761904762,0.238095238,0,0,0.264705882,0.617647059,0,0.117647059,1,0,0,0.847457627,0.152542373,1083
0.416666667,0.5,0.083333333,0,0,0.76744186,0.23255814,0,0,0.823529412,0,0,0.176470588,0,0,0.28,0,0.72,1,0,0.728813559,0.118644068,0.152542373,1084
0.416666667,0.5,0.083333333,0,0,0.76744186,0.23255814,0,0,0.823529412,0,0,0.176470588,0,0,0.28,0,0.72,1,0,0.728813559,0.118644068,0.152542373,1085
0.416666667,0.5,0.083333333,0,0,0.76744186,0.23255814,0,0,0.823529412,0,0,0.176470588,0,0,0.28,0,0.72,1,0,0.728813559,0.118644068,0.152542373,1086
0.416666667,0.5,0.083333333,0,0,0.76744186,0.23255814,0,0,0.823529412,0,0,0.176470588,0,0,0.28,0,0.72,1,0,0.728813559,0.118644068,0.152542373,1087
0.655172414,0.310344828,0.034482759,0,0,0,0,0,0,0,0.75,0.25,0,0,0.285714286,0.571428571,0,0.142857143,1,0,0,0.847457627,0.152542373,1088
0.416666667,0.5,0.083333333,0,0,0.76744186,0.23255814,0,0,0.823529412,0,0,0.176470588,0,0,0.28,0,0.72,1,0,0.728813559,0.118644068,0.152542373,1089
0.703703704,0.259259259,0.037037037,0,0,0.761904762,0.238095238,0,0,0,0,0,0,0,0.264705882,0,0,0.735294118,1,0,0.711864407,0.13559322,0.152542373,1090
0.730769231,0.230769231,0.038461538,0,0,0.76744186,0.23255814,0,0,0,0,0,0,0,0.253731343,0,0,0.746268657,1,0,0.728813559,0.118644068,0.152542373,1091
0.703703704,0.259259259,0.037037037,0,0,0.761904762,0.238095238,0,0,0,0,0,0,0,0.264705882,0,0,0.735294118,1,0,0.711864407,0.13559322,0.152542373,1092
0.730769231,0.230769231,0.038461538,0,0,0.76744186,0.23255814,0,0,0,0,0,0,0,0.253731343,0,0,0.746268657,1,0,0.728813559,0.118644068,0.152542373,1093
0.730769231,0.230769231,0.038461538,0,0,0.76744186,0.23255814,0,0,0,0,0,0,0,0.253731343,0,0,0.746268657,1,0,0.728813559,0.118644068,0.152542373,1094
0.416666667,0.5,0.083333333,0,0,0.76744186,0.23255814,0,0,0.823529412,0,0,0.176470588,0,0,0.28,0,0.72,1,0,0.728813559,0.118644068,0.152542373,1095
0.416666667,0.5,0.083333333,0,0,0.76744186,0.23255814,0,0,0.823529412,0,0,0.176470588,0,0,0.28,0,0.72,1,0,0.728813559,0.118644068,0.152542373,1096
0.416666667,0.5,0.083333333,0,0,0.76744186,0.23255814,0,0,0.823529412,0,0,0.176470588,0,0,0.28,0,0.72,1,0,0.728813559,0.118644068,0.152542373,1097
0.416666667,0.5,0.083333333,0,0,0.76744186,0.23255814,0,0,0.823529412,0,0,0.176470588,0,0,0.28,0,0.72,1,0,0.728813559,0.118644068,0.152542373,1098
0.416666667,0.5,0.083333333,0,0,0.76744186,0.23255814,0,0,0.823529412,0,0,0.176470588,0,0,0.28,0,0.72,1,0,0.728813559,0.118644068,0.152542373,1099
0.416666667,0.5,0.083333333,0,0,0.76744186,0.23255814,0,0,0.823529412,0,0,0.176470588,0,0,0.28,0,0.72,1,0,0.728813559,0.118644068,0.152542373,1100
0.416666667,0.5,0.083333333,0,0,0.76744186,0.23255814,0,0,0.823529412,0,0,0.176470588,0,0,0.28,0,0.72,1,0,0.728813559,0.118644068,0.152542373,1101
0.730769231,0.230769231,0.038461538,0,0,0.76744186,0.23255814,0,0,0,0,0,0,0,0.253731343,0,0,0.746268657,1,0,0.728813559,0.118644068,0.152542373,1102
0.730769231,0.230769231,0.038461538,0,0,0.76744186,0.23255814,0,0,0,0,0,0,0,0.253731343,0,0,0.746268657,1,0,0.728813559,0.118644068,0.152542373,1103
0.730769231,0.230769231,0.038461538,0,0,0.76744186,0.23255814,0,0,0,0,0,0,0,0.253731343,0,0,0.746268657,1,0,0.728813559,0.118644068,0.152542373,1104
0.730769231,0.230769231,0.038461538,0,0,0.76744186,0.23255814,0,0,0,0,0,0,0,0.253731343,0,0,0.746268657,1,0,0.728813559,0.118644068,0.152542373,1105
0.703703704,0.259259259,0.037037037,0,0,0.761904762,0.238095238,0,0,0,0,0,0,0,0.264705882,0,0,0.735294118,1,0,0.711864407,0.13559322,0.152542373,1106
0.678571429,0.214285714,0.107142857,0,0,0,0,0,0,0,0.804878049,0.195121951,0,0,0.243589744,0.525641026,0.115384615,0.115384615,1,0,0,1,0,1107
0.416666667,0.5,0.083333333,0,0,0.76744186,0.23255814,0,0,0.823529412,0,0,0.176470588,0,0,0.28,0,0.72,1,0,0.728813559,0.118644068,0.152542373,1108
0.416666667,0.5,0.083333333,0,0,0.76744186,0.23255814,0,0,0.823529412,0,0,0.176470588,0,0,0.28,0,0.72,1,0,0.728813559,0.118644068,0.152542373,1109
0.416666667,0.5,0.083333333,0,0,0.76744186,0.23255814,0,0,0.823529412,0,0,0.176470588,0,0,0.28,0,0.72,1,0,0.728813559,0.118644068,0.152542373,1110
0.416666667,0.5,0.083333333,0,0,0.76744186,0.23255814,0,0,0.823529412,0,0,0.176470588,0,0,0.28,0,0.72,1,0,0.728813559,0.118644068,0.152542373,1111
0.416666667,0.5,0.083333333,0,0,0.76744186,0.23255814,0,0,0.823529412,0,0,0.176470588,0,0,0.28,0,0.72,1,0,0.728813559,0.118644068,0.152542373,1112
0.416666667,0.5,0.083333333,0,0,0.76744186,0.23255814,0,0,0.823529412,0,0,0.176470588,0,0,0.28,0,0.72,1,0,0.728813559,0.118644068,0.152542373,1113
0.416666667,0.5,0.083333333,0,0,0.76744186,0.23255814,0,0,0.823529412,0,0,0.176470588,0,0,0.28,0,0.72,1,0,0.728813559,0.118644068,0.152542373,1114
0.730769231,0.230769231,0.038461538,0,0,0.76744186,0.23255814,0,0,0,0,0,0,0,0.253731343,0,0,0.746268657,1,0,0.728813559,0.118644068,0.152542373,1115
0.730769231,0.230769231,0.038461538,0,0,0,0,0,0,0,0.76744186,0.23255814,0,0,0.223684211,0.565789474,0.118421053,0.092105263,1,0,0,1,0,1116
0.730769231,0.230769231,0.038461538,0,0,0,0,0,0,0,0.76744186,0.23255814,0,0,0.223684211,0.565789474,0.118421053,0.092105263,1,0,0,1,0,1117
0.730769231,0.230769231,0.038461538,0,0,0,0,0,0,0,0.76744186,0.23255814,0,0,0.223684211,0.565789474,0.118421053,0.092105263,1,0,0,1,0,1118
0.730769231,0.230769231,0.038461538,0,0,0,0,0,0,0,0.76744186,0.23255814,0,0,0.223684211,0.565789474,0.118421053,0.092105263,1,0,0,1,0,1119
0.730769231,0.230769231,0.038461538,0,0,0,0,0,0,0,0.76744186,0.23255814,0,0,0.223684211,0.565789474,0.118421053,0.092105263,1,0,0,1,0,1120
0.730769231,0.230769231,0.038461538,0,0,0,0,0,0,0,0.76744186,0.23255814,0,0,0.223684211,0.565789474,0.118421053,0.092105263,1,0,0,1,0,1121
0.730769231,0.230769231,0.038461538,0,0,0,0,0,0,0,0.76744186,0.23255814,0,0,0.223684211,0.565789474,0.118421053,0.092105263,1,0,0,1,0,1122
0.730769231,0.230769231,0.038461538,0,0,0,0,0,0,0,0.76744186,0.23255814,0,0,0.223684211,0.565789474,0.118421053,0.092105263,1,0,0,1,0,1123
0.703703704,0.259259259,0.037037037,0,0,0,0,0,0,0,0.761904762,0.238095238,0,0,0.233766234,0.545454545,0.116883117,0.103896104,1,0,0,1,0,1124
0.730769231,0.230769231,0.038461538,0,0,0,0,0,0,0,0.76744186,0.23255814,0,0,0.223684211,0.565789474,0.118421053,0.092105263,1,0,0,1,0,1125
0.703703704,0.259259259,0.037037037,0,0,0.761904762,0.238095238,0,0,0,0,0,0,0,0.264705882,0,0,0.735294118,1,0,0.711864407,0.13559322,0.152542373,1126
0.730769231,0.230769231,0.038461538,0,0,0,0,0,0,0,0.76744186,0.23255814,0,0,0.253731343,0.641791045,0,0.104477612,1,0,0,0.847457627,0.152542373,1127
0.703703704,0.259259259,0.037037037,0,0,0,0,0,0,0,0.761904762,0.238095238,0,0,0.264705882,0.617647059,0,0.117647059,1,0,0,0.847457627,0.152542373,1128
0.703703704,0.259259259,0.037037037,0,0,0,0,0,0,0,0.761904762,0.238095238,0,0,0.264705882,0.617647059,0,0.117647059,1,0,0,0.847457627,0.152542373,1129
0.703703704,0.259259259,0.037037037,0,0,0,0,0,0,0,0.761904762,0.238095238,0,0,0.264705882,0.617647059,0,0.117647059,1,0,0,0.847457627,0.152542373,1130
0.416666667,0.5,0.083333333,0,0,0.76744186,0.23255814,0,0,0.823529412,0,0,0.176470588,0,0,0.28,0,0.72,1,0,0.728813559,0.118644068,0.152542373,1131
0.730769231,0.230769231,0.038461538,0,0,0.76744186,0.23255814,0,0,0,0,0,0,0,0.253731343,0,0,0.746268657,1,0,0.728813559,0.118644068,0.152542373,1132
0.703703704,0.259259259,0.037037037,0,0,0.761904762,0.238095238,0,0,0,0,0,0,0,0.264705882,0,0,0.735294118,1,0,0.711864407,0.13559322,0.152542373,1133
0.730769231,0.230769231,0.038461538,0,0,0,0,0,0,0,0.76744186,0.23255814,0,0,0.253731343,0.641791045,0,0.104477612,1,0,0,0.847457627,0.152542373,1134
0.703703704,0.259259259,0.037037037,0,0,0.761904762,0.238095238,0,0,0,0,0,0,0,0.264705882,0,0,0.735294118,1,0,0.711864407,0.13559322,0.152542373,1135
0.703703704,0.259259259,0.037037037,0,0,0,0,0,0,0,0.761904762,0.238095238,0,0,0.264705882,0.617647059,0,0.117647059,1,0,0,0.847457627,0.152542373,1136
0.703703704,0.259259259,0.037037037,0,0,0,0,0,0,0,0.761904762,0.238095238,0,0,0.264705882,0.617647059,0,0.117647059,1,0,0,0.847457627,0.152542373,1137
0.730769231,0.230769231,0.038461538,0,0,0,0,0,0,0,0.76744186,0.23255814,0,0,0.253731343,0.641791045,0,0.104477612,1,0,0,0.847457627,0.152542373,1138
0.416666667,0.5,0.083333333,0,0,0.76744186,0.23255814,0,0,0.823529412,0,0,0.176470588,0,0,0.28,0,0.72,1,0,0.728813559,0.118644068,0.152542373,1139
0.416666667,0.5,0.083333333,0,0,0.76744186,0.23255814,0,0,0.823529412,0,0,0.176470588,0,0,0.28,0,0.72,1,0,0.728813559,0.118644068,0.152542373,1140
0.416666667,0.5,0.083333333,0,0,0.76744186,0.23255814,0,0,0.823529412,0,0,0.176470588,0,0,0.28,0,0.72,1,0,0.728813559,0.118644068,0.152542373,1141
0.416666667,0.5,0.083333333,0,0,0.76744186,0.23255814,0,0,0.823529412,0,0,0.176470588,0,0,0.28,0,0.72,1,0,0.728813559,0.118644068,0.152542373,1142
0.416666667,0.5,0.083333333,0,0,0.76744186,0.23255814,0,0,0.823529412,0,0,0.176470588,0,0,0.28,0,0.72,1,0,0.728813559,0.118644068,0.152542373,1143
0.416666667,0.5,0.083333333,0,0,0.76744186,0.23255814,0,0,0.823529412,0,0,0.176470588,0,0,0.28,0,0.72,1,0,0.728813559,0.118644068,0.152542373,1144
0.416666667,0.5,0.083333333,0,0,0.76744186,0.23255814,0,0,0.823529412,0,0,0.176470588,0,0,0.28,0,0.72,1,0,0.728813559,0.118644068,0.152542373,1145
0.678571429,0.285714286,0.035714286,0,0,0.756097561,0.243902439,0,0,0,0,0,0,0,0.275362319,0,0,0.724637681,1,0,0.694915254,0.152542373,0.152542373,1146
0.730769231,0.230769231,0.038461538,0,0,0,0,0,0,0,0.76744186,0.23255814,0,0,0.253731343,0.641791045,0,0.104477612,1,0,0,0.847457627,0.152542373,1147
0.678571429,0.285714286,0.035714286,0,0,0,0,0,0,0,0.756097561,0.243902439,0,0,0.275362319,0.594202899,0,0.130434783,1,0,0,0.847457627,0.152542373,1148
0.416666667,0.5,0.083333333,0,0,0.76744186,0.23255814,0,0,0.823529412,0,0,0.176470588,0,0,0.28,0,0.72,1,0,0.728813559,0.118644068,0.152542373,1149
0.416666667,0.5,0.083333333,0,0,0.76744186,0.23255814,0,0,0.823529412,0,0,0.176470588,0,0,0.28,0,0.72,1,0,0.728813559,0.118644068,0.152542373,1150
0.730769231,0.230769231,0.038461538,0,0,0.76744186,0.23255814,0,0,0,0,0,0,0,0.253731343,0,0,0.746268657,1,0,0.728813559,0.118644068,0.152542373,1151
0.730769231,0.230769231,0.038461538,0,0,0.76744186,0.23255814,0,0,0,0,0,0,0,0.253731343,0,0,0.746268657,1,0,0.728813559,0.118644068,0.152542373,1152
0.416666667,0.5,0.083333333,0,0,0.76744186,0.23255814,0,0,0.823529412,0,0,0.176470588,0,0,0.28,0,0.72,1,0,0.728813559,0.118644068,0.152542373,1153
0.416666667,0.5,0.083333333,0,0,0.76744186,0.23255814,0,0,0.823529412,0,0,0.176470588,0,0,0.28,0,0.72,1,0,0.728813559,0.118644068,0.152542373,1154
0.703703704,0.259259259,0.037037037,0,0,0,0,0,0,0,0.761904762,0.238095238,0,0,0.264705882,0.617647059,0,0.117647059,1,0,0,0.847457627,0.152542373,1155
0.730769231,0.230769231,0.038461538,0,0,0.76744186,0.23255814,0,0,0,0,0,0,0,0.253731343,0,0,0.746268657,1,0,0.728813559,0.118644068,0.152542373,1156
0.730769231,0.230769231,0.038461538,0,0,0.76744186,0.23255814,0,0,0,0,0,0,0,0.253731343,0,0,0.746268657,1,0,0.728813559,0.118644068,0.152542373,1157
0.703703704,0.259259259,0.037037037,0,0,0,0,0,0,0,0.761904762,0.238095238,0,0,0.264705882,0.617647059,0,0.117647059,1,0,0,0.847457627,0.152542373,1158
0.730769231,0.230769231,0.038461538,0,0,0,0,0,0,0,0.76744186,0.23255814,0,0,0.253731343,0.641791045,0,0.104477612,1,0,0,0.847457627,0.152542373,1159
0.703703704,0.259259259,0.037037037,0,0,0,0,0,0,0,0.761904762,0.238095238,0,0,0.264705882,0.617647059,0,0.117647059,1,0,0,0.847457627,0.152542373,1160
0.703703704,0.259259259,0.037037037,0,0,0,0,0,0,0,0.761904762,0.238095238,0,0,0.264705882,0.617647059,0,0.117647059,1,0,0,0.847457627,0.152542373,1161
0.633333333,0.333333333,0.033333333,0,0,0,0,0,0,0,0.743589744,0.256410256,0,0,0.295774648,0.549295775,0,0.154929577,1,0,0,0.847457627,0.152542373,1162
0.703703704,0.259259259,0.037037037,0,0,0.761904762,0.238095238,0,0,0,0,0,0,0,0.264705882,0,0,0.735294118,1,0,0.711864407,0.13559322,0.152542373,1163
0.703703704,0.259259259,0.037037037,0,0,0,0,0,0,0,0.761904762,0.238095238,0,0,0.264705882,0.617647059,0,0.117647059,1,0,0,0.847457627,0.152542373,1164
0.678571429,0.214285714,0.107142857,0,0,0.804878049,0.195121951,0,0,0,0,0,0,0,0.275362319,0,0,0.724637681,1,0,0.694915254,0.152542373,0.152542373,1165
0.730769231,0.230769231,0.038461538,0,0,0.76744186,0.23255814,0,0,0,0,0,0,0,0.253731343,0,0,0.746268657,1,0,0.728813559,0.118644068,0.152542373,1166
0.678571429,0.285714286,0.035714286,0,0,0.756097561,0.243902439,0,0,0,0,0,0,0,0.275362319,0,0,0.724637681,1,0,0.694915254,0.152542373,0.152542373,1167
0.703703704,0.259259259,0.037037037,0,0,0,0,0,0,0,0.761904762,0.238095238,0,0,0.264705882,0.617647059,0,0.117647059,1,0,0,0.847457627,0.152542373,1168
0.703703704,0.259259259,0.037037037,0,0,0,0,0,0,0,0.761904762,0.238095238,0,0,0.264705882,0.617647059,0,0.117647059,1,0,0,0.847457627,0.152542373,1169
0.633333333,0.333333333,0.033333333,0,0,0,0,0,0,0,0.743589744,0.256410256,0,0,0.295774648,0.549295775,0,0.154929577,1,0,0,0.847457627,0.152542373,1170
0.703703704,0.259259259,0.037037037,0,0,0.761904762,0.238095238,0,0,0,0,0,0,0,0.264705882,0,0,0.735294118,1,0,0.711864407,0.13559322,0.152542373,1171
0.730769231,0.230769231,0.038461538,0,0,0.76744186,0.23255814,0,0,0,0,0,0,0,0.253731343,0,0,0.746268657,1,0,0.728813559,0.118644068,0.152542373,1172
0.730769231,0.230769231,0.038461538,0,0,0.76744186,0.23255814,0,0,0,0,0,0,0,0.253731343,0,0,0.746268657,1,0,0.728813559,0.118644068,0.152542373,1173
0.730769231,0.230769231,0.038461538,0,0,0,0,0,0,0,0.76744186,0.23255814,0,0,0.253731343,0.641791045,0,0.104477612,1,0,0,0.847457627,0.152542373,1174
0.730769231,0.230769231,0.038461538,0,0,0,0,0,0,0,0.76744186,0.23255814,0,0,0.253731343,0.641791045,0,0.104477612,1,0,0,0.847457627,0.152542373,1175
0.730769231,0.230769231,0.038461538,0,0,0,0,0,0,0,0.76744186,0.23255814,0,0,0.253731343,0.641791045,0,0.104477612,1,0,0,0.847457627,0.152542373,1176
0.730769231,0.230769231,0.038461538,0,0,0,0,0,0,0,0.76744186,0.23255814,0,0,0.253731343,0.641791045,0,0.104477612,1,0,0,0.847457627,0.152542373,1177
0.703703704,0.259259259,0.037037037,0,0,0,0,0,0,0,0.761904762,0.238095238,0,0,0.264705882,0.617647059,0,0.117647059,1,0,0,0.847457627,0.152542373,1178
0.730769231,0.230769231,0.038461538,0,0,0,0,0,0,0,0.76744186,0.23255814,0,0,0.253731343,0.641791045,0,0.104477612,1,0,0,0.847457627,0.152542373,1179
0.730769231,0.230769231,0.038461538,0,0,0,0,0,0,0,0.76744186,0.23255814,0,0,0.253731343,0.641791045,0,0.104477612,1,0,0,0.847457627,0.152542373,1180
0.678571429,0.285714286,0.035714286,0,0,0,0,0,0,0,0.756097561,0.243902439,0,0,0.275362319,0.594202899,0,0.130434783,1,0,0,0.847457627,0.152542373,1181
0.730769231,0.230769231,0.038461538,0,0,0,0,0,0,0,0.76744186,0.23255814,0,0,0.253731343,0.641791045,0,0.104477612,1,0,0,0.847457627,0.152542373,1182
0.730769231,0.230769231,0.038461538,0,0,0,0,0,0,0,0.76744186,0.23255814,0,0,0.253731343,0.641791045,0,0.104477612,1,0,0,0.847457627,0.152542373,1183
0.730769231,0.230769231,0.038461538,0,0,0,0,0,0,0,0.76744186,0.23255814,0,0,0.253731343,0.641791045,0,0.104477612,1,0,0,0.847457627,0.152542373,1184
0.633333333,0.3,0.066666667,0,0,0,0,0,0,0,0.769230769,0.230769231,0,0,0.295774648,0.549295775,0,0.154929577,1,0,0,0.847457627,0.152542373,1185
0.703703704,0.259259259,0.037037037,0,0,0,0,0,0,0,0.761904762,0.238095238,0,0,0.264705882,0.617647059,0,0.117647059,1,0,0,0.847457627,0.152542373,1186
0.730769231,0.230769231,0.038461538,0,0,0,0,0,0,0,0.76744186,0.23255814,0,0,0.253731343,0.641791045,0,0.104477612,1,0,0,0.847457627,0.152542373,1187
0.730769231,0.230769231,0.038461538,0,0,0,0,0,0,0,0.76744186,0.23255814,0,0,0.253731343,0.641791045,0,0.104477612,1,0,0,0.847457627,0.152542373,1188
0.678571429,0.285714286,0.035714286,0,0,0,0,0,0,0,0.756097561,0.243902439,0,0,0.275362319,0.594202899,0,0.130434783,1,0,0,0.847457627,0.152542373,1189
0.703703704,0.259259259,0.037037037,0,0,0,0,0,0,0,0.761904762,0.238095238,0,0,0.264705882,0.617647059,0,0.117647059,1,0,0,0.847457627,0.152542373,1190
0.730769231,0.230769231,0.038461538,0,0,0,0,0,0,0,0.76744186,0.23255814,0,0,0.253731343,0.641791045,0,0.104477612,1,0,0,0.847457627,0.152542373,1191
0.678571429,0.285714286,0.035714286,0,0,0,0,0,0,0,0.756097561,0.243902439,0,0,0.275362319,0.594202899,0,0.130434783,1,0,0,0.847457627,0.152542373,1192
0.703703704,0.259259259,0.037037037,0,0,0.761904762,0.238095238,0,0,0,0,0,0,0,0.264705882,0,0,0.735294118,1,0,0.711864407,0.13559322,0.152542373,1193
0.703703704,0.259259259,0.037037037,0,0,0,0,0,0,0,0.761904762,0.238095238,0,0,0.264705882,0.617647059,0,0.117647059,1,0,0,0.847457627,0.152542373,1194
0.678571429,0.285714286,0.035714286,0,0,0,0,0,0,0,0.756097561,0.243902439,0,0,0.275362319,0.594202899,0,0.130434783,1,0,0,0.847457627,0.152542373,1195
0.678571429,0.285714286,0.035714286,0,0,0,0,0,0,0,0.756097561,0.243902439,0,0,0.275362319,0.594202899,0,0.130434783,1,0,0,0.847457627,0.152542373,1196
0.703703704,0.259259259,0.037037037,0,0,0.761904762,0.238095238,0,0,0,0,0,0,0,0.264705882,0,0,0.735294118,1,0,0.711864407,0.13559322,0.152542373,1197
0.730769231,0.230769231,0.038461538,0,0,0,0,0,0,0,0.76744186,0.23255814,0,0,0.253731343,0.641791045,0,0.104477612,1,0,0,0.847457627,0.152542373,1198
0.730769231,0.230769231,0.038461538,0,0,0,0,0,0,0,0.76744186,0.23255814,0,0,0.253731343,0.641791045,0,0.104477612,1,0,0,0.847457627,0.152542373,1199
0.730769231,0.230769231,0.038461538,0,0,0.76744186,0.23255814,0,0,0,0,0,0,0,0.253731343,0,0,0.746268657,1,0,0.728813559,0.118644068,0.152542373,1200
0.678571429,0.285714286,0.035714286,0,0,0.756097561,0.243902439,0,0,0,0,0,0,0,0.275362319,0,0,0.724637681,1,0,0.694915254,0.152542373,0.152542373,1201
0.730769231,0.230769231,0.038461538,0,0,0,0,0,0,0,0.76744186,0.23255814,0,0,0.253731343,0.641791045,0,0.104477612,1,0,0,0.847457627,0.152542373,1202
0.416666667,0.5,0.083333333,0,0,0.76744186,0.23255814,0,0,1,0,0,0,0,0.048387097,0.225806452,0.14516129,0.580645161,1,0,0.86,0.14,0,1203
0.5,0.428571429,0.071428571,0,0,0.76744186,0.23255814,0,0,1,0,0,0,0,0.078125,0.1875,0.140625,0.59375,1,0,0.86,0.14,0,1204
0.416666667,0.5,0.083333333,0,0,0.76744186,0.23255814,0,0,0.823529412,0,0,0.176470588,0,0,0.28,0,0.72,1,0,0.728813559,0.118644068,0.152542373,1205
0.703703704,0.259259259,0.037037037,0,0,0,0,0,0,0,0.761904762,0.238095238,0,0,0.264705882,0.617647059,0,0.117647059,1,0,0,0.847457627,0.152542373,1206
0.633333333,0.333333333,0.033333333,0,0,0,0,0,0,0,0.743589744,0.256410256,0,0,0.295774648,0.549295775,0,0.154929577,1,0,0,0.847457627,0.152542373,1207
0.703703704,0.259259259,0.037037037,0,0,0,0,0,0,0,0.761904762,0.238095238,0,0,0.264705882,0.617647059,0,0.117647059,1,0,0,0.847457627,0.152542373,1208
0.703703704,0.259259259,0.037037037,0,0,0,0,0,0,0,0.761904762,0.238095238,0,0,0.264705882,0.617647059,0,0.117647059,1,0,0,0.847457627,0.152542373,1209
0.416666667,0.5,0.083333333,0,0,0.76744186,0.23255814,0,0,0.823529412,0,0,0.176470588,0,0,0.28,0,0.72,1,0,0.728813559,0.118644068,0.152542373,1210
0.655172414,0.310344828,0.034482759,0,0,0,0,0,0,0,0.75,0.25,0,0,0.285714286,0.571428571,0,0.142857143,1,0,0,0.847457627,0.152542373,1211
0.703703704,0.259259259,0.037037037,0,0,0.761904762,0.238095238,0,0,0,0,0,0,0,0.264705882,0,0,0.735294118,1,0,0.711864407,0.13559322,0.152542373,1212
0.703703704,0.259259259,0.037037037,0,0,0,0,0,0,0,0.761904762,0.238095238,0,0,0.264705882,0.617647059,0,0.117647059,1,0,0,0.847457627,0.152542373,1213
0.730769231,0.230769231,0.038461538,0,0,0,0,0,0,0,0.76744186,0.23255814,0,0,0.253731343,0.641791045,0,0.104477612,1,0,0,0.847457627,0.152542373,1214
0.416666667,0.5,0.083333333,0,0,0.76744186,0.23255814,0,0,0.823529412,0,0,0.176470588,0,0,0.28,0,0.72,1,0,0.728813559,0.118644068,0.152542373,1215
0.416666667,0.5,0.083333333,0,0,0.76744186,0.23255814,0,0,0.823529412,0,0,0.176470588,0,0,0.28,0,0.72,1,0,0.728813559,0.118644068,0.152542373,1216
0.416666667,0.5,0.083333333,0,0,0.76744186,0.23255814,0,0,0.823529412,0,0,0.176470588,0,0,0.28,0,0.72,1,0,0.728813559,0.118644068,0.152542373,1217
0.416666667,0.5,0.083333333,0,0,0.76744186,0.23255814,0,0,0.823529412,0,0,0.176470588,0,0,0.28,0,0.72,1,0,0.728813559,0.118644068,0.152542373,1218
0.416666667,0.5,0.083333333,0,0,0.76744186,0.23255814,0,0,0.823529412,0,0,0.176470588,0,0,0.28,0,0.72,1,0,0.728813559,0.118644068,0.152542373,1219
0.703703704,0.259259259,0.037037037,0,0,0,0,0,0,0,0.761904762,0.238095238,0,0,0.264705882,0.617647059,0,0.117647059,1,0,0,0.847457627,0.152542373,1220
0.416666667,0.5,0.083333333,0,0,0.76744186,0.23255814,0,0,0.823529412,0,0,0.176470588,0,0,0.28,0,0.72,1,0,0.728813559,0.118644068,0.152542373,1221
0.703703704,0.259259259,0.037037037,0,0,0,0,0,0,0,0.761904762,0.238095238,0,0,0.264705882,0.617647059,0,0.117647059,1,0,0,0.847457627,0.152542373,1222
0.730769231,0.230769231,0.038461538,0,0,0.76744186,0.23255814,0,0,0,0,0,0,0,0.253731343,0,0,0.746268657,1,0,0.728813559,0.118644068,0.152542373,1223
0.703703704,0.259259259,0.037037037,0,0,0.761904762,0.238095238,0,0,0,0,0,0,0,0.264705882,0,0,0.735294118,1,0,0.711864407,0.13559322,0.152542373,1224
0.703703704,0.259259259,0.037037037,0,0,0.761904762,0.238095238,0,0,0,0,0,0,0,0.264705882,0,0,0.735294118,1,0,0.711864407,0.13559322,0.152542373,1225
0.730769231,0.230769231,0.038461538,0,0,0,0,0,0,0,0.76744186,0.23255814,0,0,0.253731343,0.641791045,0,0.104477612,1,0,0,0.847457627,0.152542373,1226
0.703703704,0.259259259,0.037037037,0,0,0,0,0,0,0,0.761904762,0.238095238,0,0,0.264705882,0.617647059,0,0.117647059,1,0,0,0.847457627,0.152542373,1227
0.730769231,0.230769231,0.038461538,0,0,0,0,0,0,0,0.76744186,0.23255814,0,0,0.253731343,0.641791045,0,0.104477612,1,0,0,0.847457627,0.152542373,1228
0.730769231,0.230769231,0.038461538,0,0,0,0,0,0,0,0.76744186,0.23255814,0,0,0.253731343,0.641791045,0,0.104477612,1,0,0,0.847457627,0.152542373,1229
0.730769231,0.230769231,0.038461538,0,0,0,0,0,0,0,0.76744186,0.23255814,0,0,0.253731343,0.641791045,0,0.104477612,1,0,0,0.847457627,0.152542373,1230
0.730769231,0.230769231,0.038461538,0,0,0,0,0,0,0,0.76744186,0.23255814,0,0,0.253731343,0.641791045,0,0.104477612,1,0,0,0.847457627,0.152542373,1231
0.730769231,0.230769231,0.038461538,0,0,0,0,0,0,0,0.76744186,0.23255814,0,0,0.253731343,0.641791045,0,0.104477612,1,0,0,0.847457627,0.152542373,1232
0.730769231,0.230769231,0.038461538,0,0,0,0,0,0,0,0.76744186,0.23255814,0,0,0.253731343,0.641791045,0,0.104477612,1,0,0,0.847457627,0.152542373,1233
0.730769231,0.230769231,0.038461538,0,0,0,0,0,0,0,0.76744186,0.23255814,0,0,0.253731343,0.641791045,0,0.104477612,1,0,0,0.847457627,0.152542373,1234
0.703703704,0.259259259,0.037037037,0,0,0,0,0,0,0,0.761904762,0.238095238,0,0,0.264705882,0.617647059,0,0.117647059,1,0,0,0.847457627,0.152542373,1235
0.730769231,0.230769231,0.038461538,0,0,0.76744186,0.23255814,0,0,0,0,0,0,0,0.253731343,0,0,0.746268657,1,0,0.728813559,0.118644068,0.152542373,1236
0.730769231,0.230769231,0.038461538,0,0,0,0,0,0,0,0.76744186,0.23255814,0,0,0.253731343,0.641791045,0,0.104477612,1,0,0,0.847457627,0.152542373,1237
0.730769231,0.230769231,0.038461538,0,0,0,0,0,0,0,0.76744186,0.23255814,0,0,0.253731343,0.641791045,0,0.104477612,1,0,0,0.847457627,0.152542373,1238
0.655172414,0.310344828,0.034482759,0,0,0,0,0,0,0,0.75,0.25,0,0,0.285714286,0.571428571,0,0.142857143,1,0,0,0.847457627,0.152542373,1239
0.703703704,0.259259259,0.037037037,0,0,0.761904762,0.238095238,0,0,0,0,0,0,0,0.264705882,0,0,0.735294118,1,0,0.711864407,0.13559322,0.152542373,1240
0.703703704,0.222222222,0.074074074,0,0,0.785714286,0.214285714,0,0,0,0,0,0,0,0.264705882,0,0,0.735294118,1,0,0.711864407,0.13559322,0.152542373,1241
0.730769231,0.230769231,0.038461538,0,0,0.76744186,0.23255814,0,0,0,0,0,0,0,0.253731343,0,0,0.746268657,1,0,0.728813559,0.118644068,0.152542373,1242
0.730769231,0.230769231,0.038461538,0,0,0,0,0,0,0,0.76744186,0.23255814,0,0,0.253731343,0.641791045,0,0.104477612,1,0,0,0.847457627,0.152542373,1243
0.612903226,0.35483871,0.032258065,0,0,0,0,0,0,0,0.736842105,0.263157895,0,0,0.305555556,0.527777778,0,0.166666667,1,0,0,0.847457627,0.152542373,1244
0.655172414,0.310344828,0.034482759,0,0,0.75,0.25,0,0,0,0,0,0,0,0.285714286,0,0,0.714285714,1,0,0.677966102,0.169491525,0.152542373,1245
0.703703704,0.259259259,0.037037037,0,0,0.761904762,0.238095238,0,0,0,0,0,0,0,0.264705882,0,0,0.735294118,1,0,0.711864407,0.13559322,0.152542373,1246
0.703703704,0.259259259,0.037037037,0,0,0.761904762,0.238095238,0,0,0,0,0,0,0,0.264705882,0,0,0.735294118,1,0,0.711864407,0.13559322,0.152542373,1247
0.730769231,0.230769231,0.038461538,0,0,0,0,0,0,0,0.76744186,0.23255814,0,0,0.253731343,0.641791045,0,0.104477612,1,0,0,0.847457627,0.152542373,1248
0.678571429,0.25,0.071428571,0,0,0,0,0,0,0,0.780487805,0.219512195,0,0,0.275362319,0.594202899,0,0.130434783,1,0,0,0.847457627,0.152542373,1249