,"('NP', 'np')","('NP', ('NP', 'NP'))","('S', ('NP', 'S'))","('S', ('NP', 'VP'))","('S', ('S', 'NP'))","('S', ('VP', 'NP'))","('S', ('VP',))","('V', 'v')","('VP', ('NP', 'V'))","('VP', ('NP', 'VP'))","('VP', ('V', 'NP'))","('VP', ('V',))","('VP', ('VP', 'NP'))"
0,1,0,0.054545455,0.072727273,0.036363636,0,0.836363636,1,0.166666667,0.037037037,0,0.759259259,0.037037037
1,0.956521739,0.043478261,0.038461538,0.038461538,0,0.057692308,0.865384615,1,0.142857143,0.089285714,0,0.75,0.017857143
2,0.88,0.12,0.019230769,0.019230769,0.019230769,0,0.942307692,1,0.26,0,0.06,0.68,0
3,1,0,0.087719298,0.035087719,0.035087719,0.035087719,0.807017544,1,0.22,0,0,0.78,0
4,0.916666667,0.083333333,0.038461538,0,0,0.038461538,0.923076923,1,0.163636364,0.090909091,0.036363636,0.709090909,0
5,1,0,0.019607843,0.078431373,0,0.058823529,0.843137255,1,0.166666667,0.074074074,0.018518519,0.740740741,0
6,1,0,0.074074074,0.018518519,0,0.037037037,0.87037037,1,0.185185185,0.055555556,0.018518519,0.722222222,0.018518519
7,0.956521739,0.043478261,0.054545455,0.072727273,0.036363636,0,0.836363636,1,0.2,0,0.04,0.76,0
8,1,0,0.055555556,0.055555556,0.018518519,0.055555556,0.814814815,1,0.215686275,0.019607843,0,0.764705882,0
9,1,0,0.203125,0,0.015625,0.03125,0.75,1,0.098039216,0,0,0.882352941,0.019607843
10,1,0,0.036363636,0.127272727,0.054545455,0,0.781818182,1,0.132075472,0.037735849,0,0.811320755,0.018867925
11,1,0,0,0.039215686,0.019607843,0.039215686,0.901960784,1,0.137931034,0.137931034,0.017241379,0.706896552,0
12,0.956521739,0.043478261,0.089285714,0.035714286,0.017857143,0.035714286,0.821428571,1,0.051724138,0.120689655,0,0.810344828,0.017241379
13,0.956521739,0.043478261,0.019230769,0.230769231,0.019230769,0,0.730769231,1,0.018518519,0.055555556,0.037037037,0.87037037,0.018518519
14,0.956521739,0.043478261,0.133333333,0.05,0.033333333,0.016666667,0.766666667,1,0.098039216,0.019607843,0.019607843,0.862745098,0
15,1,0,0,0.196078431,0.019607843,0.039215686,0.745098039,1,0.156862745,0,0,0.823529412,0.019607843
16,0.916666667,0.083333333,0.019607843,0.235294118,0,0.039215686,0.705882353,1,0.018518519,0.037037037,0,0.907407407,0.037037037
17,0.956521739,0.043478261,0.038461538,0.173076923,0,0.019230769,0.769230769,1,0.076923077,0.038461538,0.057692308,0.826923077,0
18,1,0,0.038461538,0.076923077,0,0,0.884615385,1,0.211538462,0.019230769,0.057692308,0.692307692,0.019230769
19,1,0,0.056603774,0.018867925,0,0.018867925,0.905660377,1,0.218181818,0.036363636,0,0.690909091,0.054545455
20,1,0,0,0.22,0,0.06,0.72,1,0.137254902,0,0,0.843137255,0.019607843
21,0.956521739,0.043478261,0,0.215686275,0.019607843,0,0.764705882,1,0.117647059,0,0.039215686,0.823529412,0.019607843
22,0.956521739,0.043478261,0.019230769,0.153846154,0.019230769,0.019230769,0.788461538,1,0.090909091,0.054545455,0,0.818181818,0.036363636
23,1,0,0,0.18,0,0.08,0.74,1,0.072727273,0.090909091,0,0.836363636,0
24,0.956521739,0.043478261,0.056603774,0.245283019,0,0.018867925,0.679245283,1,0,0.018867925,0.018867925,0.924528302,0.037735849
25,0.916666667,0.083333333,0.070175439,0.035087719,0.052631579,0.01754386,0.824561404,1,0.2,0,0,0.8,0
26,0.956521739,0.043478261,0.107142857,0.142857143,0,0.035714286,0.714285714,1,0.019230769,0.038461538,0.038461538,0.903846154,0
27,0.916666667,0.083333333,0.072727273,0.127272727,0.018181818,0.054545455,0.727272727,1,0.078431373,0.019607843,0,0.901960784,0
28,0.956521739,0.043478261,0.072727273,0.163636364,0.018181818,0.018181818,0.727272727,1,0,0.072727273,0.018181818,0.890909091,0.018181818
29,1,0,0.137931034,0.103448276,0,0.017241379,0.74137931,1,0,0.074074074,0.055555556,0.87037037,0
30,0.88,0.12,0.019607843,0.215686275,0,0.078431373,0.68627451,1,0.039215686,0.019607843,0,0.941176471,0
31,0.88,0.12,0,0.058823529,0.019607843,0,0.921568627,1,0.188679245,0.037735849,0.037735849,0.716981132,0.018867925
32,0.956521739,0.043478261,0,0.18,0,0.02,0.8,1,0.134615385,0.019230769,0.038461538,0.788461538,0.019230769
33,0.956521739,0.043478261,0.038461538,0.115384615,0,0.019230769,0.826923077,1,0.18,0,0.06,0.76,0
34,1,0,0.038461538,0.230769231,0,0,0.730769231,1,0.057692308,0.019230769,0.057692308,0.846153846,0.019230769
35,0.88,0.12,0.037735849,0.132075472,0.018867925,0.056603774,0.754716981,1,0.12,0,0,0.88,0
36,0.916666667,0.083333333,0.037037037,0.240740741,0.037037037,0.018518519,0.666666667,1,0,0.019607843,0.019607843,0.960784314,0
37,1,0,0.15,0.116666667,0.016666667,0,0.716666667,1,0.038461538,0,0.019230769,0.903846154,0.038461538
38,1,0,0.054545455,0.145454545,0.036363636,0.036363636,0.727272727,1,0.036363636,0.090909091,0,0.872727273,0
39,0.956521739,0.043478261,0,0.02,0,0,0.98,1,0.172413793,0.103448276,0.034482759,0.655172414,0.034482759
40,0.88,0.12,0.019230769,0,0.019230769,0.019230769,0.942307692,1,0.274509804,0,0.019607843,0.68627451,0.019607843
41,0.956521739,0.043478261,0.037037037,0.148148148,0.037037037,0,0.777777778,1,0.094339623,0.037735849,0.018867925,0.830188679,0.018867925
42,0.956521739,0.043478261,0.056603774,0.20754717,0,0.056603774,0.679245283,1,0.019230769,0.038461538,0.019230769,0.923076923,0
43,0.88,0.12,0.019607843,0.254901961,0,0.039215686,0.68627451,1,0,0.019230769,0.019230769,0.942307692,0.019230769
44,0.916666667,0.083333333,0.019230769,0.134615385,0.019230769,0.019230769,0.807692308,1,0.16,0,0.04,0.8,0
45,0.916666667,0.083333333,0.038461538,0.153846154,0,0.038461538,0.769230769,1,0.12,0,0.04,0.84,0
46,1,0,0.089285714,0.125,0.017857143,0.017857143,0.75,1,0.018181818,0.090909091,0.036363636,0.854545455,0
47,1,0,0.038461538,0,0,0,0.961538462,1,0.129032258,0.129032258,0,0.677419355,0.064516129
48,0.956521739,0.043478261,0.018867925,0.20754717,0.037735849,0.037735849,0.698113208,1,0.057692308,0.038461538,0,0.903846154,0
49,0.956521739,0.043478261,0.019607843,0.156862745,0,0.078431373,0.745098039,1,0.137254902,0.019607843,0,0.843137255,0
50,0.956521739,0.043478261,0.038461538,0.096153846,0,0.038461538,0.826923077,1,0.087719298,0.087719298,0,0.789473684,0.035087719
51,1,0,0.090909091,0.163636364,0,0.036363636,0.709090909,1,0.078431373,0,0.019607843,0.882352941,0.019607843
52,0.916666667,0.083333333,0.103448276,0.103448276,0.034482759,0,0.75862069,1,0.08,0,0.04,0.88,0
53,1,0,0,0.148148148,0.074074074,0,0.777777778,1,0.052631579,0.122807018,0,0.824561404,0
54,0.916666667,0.083333333,0.152542373,0.084745763,0,0.033898305,0.728813559,1,0.018867925,0.018867925,0,0.924528302,0.037735849
55,0.956521739,0.043478261,0.019607843,0.117647059,0,0.039215686,0.823529412,1,0.016949153,0.152542373,0.033898305,0.796610169,0
56,0.916666667,0.083333333,0.037735849,0,0.018867925,0.018867925,0.924528302,1,0.25,0.019230769,0.019230769,0.692307692,0.019230769
57,0.956521739,0.043478261,0.019607843,0.039215686,0,0.058823529,0.882352941,1,0.160714286,0.089285714,0,0.732142857,0.017857143
58,0.956521739,0.043478261,0.074074074,0.037037037,0,0.018518519,0.87037037,1,0.089285714,0.107142857,0.053571429,0.75,0
59,1,0,0.101694915,0.118644068,0.050847458,0,0.728813559,1,0,0.089285714,0,0.892857143,0.017857143
60,0.956521739,0.043478261,0.019230769,0.115384615,0.019230769,0.038461538,0.807692308,1,0.089285714,0.089285714,0,0.803571429,0.017857143
61,1,0,0.13559322,0.101694915,0.016949153,0.033898305,0.711864407,1,0.078431373,0,0,0.901960784,0.019607843
62,1,0,0,0.173076923,0.038461538,0,0.788461538,1,0.033898305,0.118644068,0,0.813559322,0.033898305
63,0.956521739,0.043478261,0.107142857,0,0,0.053571429,0.839285714,1,0.148148148,0.055555556,0,0.777777778,0.018518519
64,1,0,0.071428571,0.089285714,0.035714286,0.017857143,0.785714286,1,0.072727273,0.090909091,0.018181818,0.818181818,0
65,0.956521739,0.043478261,0,0.196078431,0.019607843,0.019607843,0.764705882,1,0.075471698,0.056603774,0.037735849,0.830188679,0
66,1,0,0.055555556,0.018518519,0.018518519,0,0.907407407,1,0.080645161,0.14516129,0,0.725806452,0.048387097
67,1,0,0.037037037,0.111111111,0.037037037,0.037037037,0.777777778,1,0,0.166666667,0,0.833333333,0
68,0.956521739,0.043478261,0.074074074,0.185185185,0,0.018518519,0.722222222,1,0,0.055555556,0.037037037,0.888888889,0.018518519
69,0.956521739,0.043478261,0.074074074,0.074074074,0,0,0.851851852,1,0.113207547,0.056603774,0.075471698,0.754716981,0
70,1,0,0.055555556,0.018518519,0.018518519,0.055555556,0.851851852,1,0.066666667,0.166666667,0,0.766666667,0
71,0.956521739,0.043478261,0.137931034,0.137931034,0,0.017241379,0.706896552,1,0.02,0,0.06,0.92,0
72,0.916666667,0.083333333,0.038461538,0.096153846,0,0.019230769,0.846153846,1,0.169811321,0,0,0.773584906,0.056603774
73,0.916666667,0.083333333,0.019607843,0.196078431,0,0.058823529,0.725490196,1,0.056603774,0.037735849,0,0.886792453,0.018867925
74,0.88,0.12,0.037735849,0.037735849,0.018867925,0.018867925,0.886792453,1,0.211538462,0,0,0.75,0.038461538
75,1,0,0.122807018,0.035087719,0,0,0.842105263,1,0.089285714,0.071428571,0.035714286,0.767857143,0.035714286
76,1,0,0.038461538,0.115384615,0,0.019230769,0.826923077,1,0.033898305,0.13559322,0.033898305,0.779661017,0.016949153
77,0.956521739,0.043478261,0.019230769,0.192307692,0.019230769,0,0.769230769,1,0.094339623,0.018867925,0.018867925,0.830188679,0.037735849
78,0.956521739,0.043478261,0.038461538,0.230769231,0,0.019230769,0.711538462,1,0.019230769,0.038461538,0.057692308,0.884615385,0
79,1,0,0.180327869,0.032786885,0,0.016393443,0.770491803,1,0.037735849,0.056603774,0.056603774,0.849056604,0
80,1,0,0.152542373,0.033898305,0,0,0.813559322,1,0.017857143,0.107142857,0.071428571,0.803571429,0
81,0.956521739,0.043478261,0.087719298,0.052631579,0.035087719,0,0.824561404,1,0.072727273,0.090909091,0.036363636,0.8,0
82,0.956521739,0.043478261,0.15,0.016666667,0.016666667,0.05,0.766666667,1,0.017857143,0.107142857,0,0.875,0
83,0.956521739,0.043478261,0.215384615,0.015384615,0.015384615,0.015384615,0.738461538,1,0,0.037037037,0,0.925925926,0.037037037
84,1,0,0.246376812,0.014492754,0.028985507,0,0.710144928,1,0,0,0.019607843,0.960784314,0.019607843
85,1,0,0.137931034,0.103448276,0,0.068965517,0.689655172,1,0.018867925,0.056603774,0,0.924528302,0
86,1,0,0.107142857,0.142857143,0,0.035714286,0.714285714,1,0.037735849,0.037735849,0.018867925,0.886792453,0.018867925
87,1,0,0.089285714,0.178571429,0.017857143,0,0.714285714,1,0.037735849,0.018867925,0.018867925,0.886792453,0.037735849
88,0.88,0.12,0,0.16,0,0,0.84,1,0.117647059,0.019607843,0.078431373,0.784313725,0
89,0.956521739,0.043478261,0.019230769,0.25,0.019230769,0.019230769,0.692307692,1,0.039215686,0.019607843,0.039215686,0.901960784,0
90,0.956521739,0.043478261,0,0.28,0,0.06,0.66,1,0.06,0,0.02,0.92,0
91,1,0,0.053571429,0.178571429,0.053571429,0,0.714285714,1,0.018518519,0.074074074,0.018518519,0.888888889,0
92,0.956521739,0.043478261,0.122807018,0.122807018,0,0.01754386,0.736842105,1,0,0.056603774,0.056603774,0.886792453,0
93,0.956521739,0.043478261,0.090909091,0.018181818,0,0.018181818,0.872727273,1,0.166666667,0.037037037,0.018518519,0.740740741,0.037037037
94,1,0,0,0.137254902,0.019607843,0.019607843,0.823529412,1,0.068965517,0.120689655,0.017241379,0.775862069,0.017241379
95,0.916666667,0.083333333,0.019607843,0.019607843,0,0.039215686,0.921568627,1,0.222222222,0.037037037,0,0.703703704,0.037037037
96,1,0,0.15,0.066666667,0.016666667,0.05,0.716666667,1,0,0.090909091,0,0.909090909,0
97,0.916666667,0.083333333,0,0,0,0.04,0.96,1,0.079365079,0.174603175,0,0.714285714,0.031746032
98,1,0,0.019230769,0.019230769,0.019230769,0,0.942307692,1,0.046153846,0.2,0.015384615,0.707692308,0.030769231
99,0.956521739,0.043478261,0,0.096153846,0.038461538,0,0.865384615,1,0.06779661,0.13559322,0.016949153,0.762711864,0.016949153
100,0.956521739,0.043478261,0.118644068,0.084745763,0.033898305,0.016949153,0.745762712,1,0,0.089285714,0,0.892857143,0.017857143
101,1,0,0.019230769,0.153846154,0.019230769,0.038461538,0.769230769,1,0.111111111,0.055555556,0,0.814814815,0.018518519
102,0.956521739,0.043478261,0.037735849,0.113207547,0.018867925,0.056603774,0.773584906,1,0,0.152542373,0,0.847457627,0
103,1,0,0.055555556,0.185185185,0.018518519,0.018518519,0.722222222,1,0.096153846,0,0,0.865384615,0.038461538
104,0.956521739,0.043478261,0.056603774,0.018867925,0,0.018867925,0.905660377,1,0.26,0,0.06,0.68,0
105,1,0,0.089285714,0.089285714,0.017857143,0,0.803571429,1,0.109090909,0.036363636,0,0.8,0.054545455
106,1,0,0.072727273,0.036363636,0.018181818,0,0.872727273,1,0.226415094,0,0,0.716981132,0.056603774
107,0.916666667,0.083333333,0.018867925,0.132075472,0.037735849,0.037735849,0.773584906,1,0.115384615,0.038461538,0,0.846153846,0
108,0.956521739,0.043478261,0,0.211538462,0.038461538,0.038461538,0.711538462,1,0.018181818,0.090909091,0,0.890909091,0
109,0.956521739,0.043478261,0,0.1,0,0,0.9,1,0.235294118,0,0.058823529,0.68627451,0.019607843
110,0.916666667,0.083333333,0,0.113207547,0.056603774,0,0.830188679,1,0.150943396,0.037735849,0,0.79245283,0.018867925
111,0.956521739,0.043478261,0.105263158,0.035087719,0.01754386,0.035087719,0.807017544,1,0.18,0,0.02,0.8,0
112,0.956521739,0.043478261,0,0.06,0,0.02,0.92,1,0.274509804,0,0.039215686,0.666666667,0.019607843
113,1,0,0,0.16,0,0,0.84,1,0.132075472,0.056603774,0.075471698,0.735849057,0
114,1,0,0.074074074,0.185185185,0,0.074074074,0.666666667,1,0.018867925,0.056603774,0,0.924528302,0
115,0.916666667,0.083333333,0.037037037,0.240740741,0.037037037,0,0.685185185,1,0,0.019230769,0.019230769,0.942307692,0.019230769
116,1,0,0.019607843,0.078431373,0,0.039215686,0.862745098,1,0.145454545,0.090909091,0.036363636,0.727272727,0
117,0.956521739,0.043478261,0.074074074,0.055555556,0,0.018518519,0.851851852,1,0.153846154,0.038461538,0.057692308,0.75,0
118,0.916666667,0.083333333,0.018867925,0.018867925,0.037735849,0,0.924528302,1,0.203703704,0.055555556,0.018518519,0.703703704,0.018518519
119,1,0,0.087719298,0.052631579,0.035087719,0,0.824561404,1,0.071428571,0.107142857,0.035714286,0.785714286,0
120,0.956521739,0.043478261,0.056603774,0.150943396,0,0.056603774,0.735849057,1,0.018181818,0.090909091,0.018181818,0.872727273,0
121,0.916666667,0.083333333,0.056603774,0.245283019,0,0.018867925,0.679245283,1,0,0,0.019230769,0.942307692,0.038461538
122,1,0,0.037735849,0.150943396,0.018867925,0,0.79245283,1,0.070175439,0.070175439,0,0.807017544,0.052631579
123,0.956521739,0.043478261,0.118644068,0.016949153,0.033898305,0,0.830508475,1,0.156862745,0.019607843,0.039215686,0.784313725,0
124,1,0,0.018867925,0.226415094,0.037735849,0,0.716981132,1,0.076923077,0.019230769,0.019230769,0.865384615,0.019230769
125,1,0,0.103448276,0.034482759,0.034482759,0.017241379,0.810344828,1,0.071428571,0.107142857,0.017857143,0.803571429,0
126,1,0,0.037037037,0.055555556,0.037037037,0,0.87037037,1,0.181818182,0.054545455,0,0.727272727,0.036363636
127,1,0,0.137931034,0.017241379,0,0.034482759,0.810344828,1,0.111111111,0.055555556,0.018518519,0.796296296,0.018518519
128,1,0,0.056603774,0.075471698,0,0,0.867924528,1,0.203703704,0,0,0.722222222,0.074074074
129,0.916666667,0.083333333,0,0.08,0,0.02,0.9,1,0.203703704,0.018518519,0,0.722222222,0.055555556
130,0.956521739,0.043478261,0,0.018867925,0.056603774,0,0.924528302,1,0.155172414,0.120689655,0,0.706896552,0.017241379
131,0.916666667,0.083333333,0.055555556,0.148148148,0.018518519,0,0.777777778,1,0.01754386,0.070175439,0,0.859649123,0.052631579
132,1,0,0,0.196078431,0.019607843,0,0.784313725,1,0.054545455,0.090909091,0.054545455,0.8,0
133,0.956521739,0.043478261,0,0.18,0,0.02,0.8,1,0.113207547,0.037735849,0.037735849,0.79245283,0.018867925
134,1,0,0.107142857,0.160714286,0,0.017857143,0.714285714,1,0.019230769,0.038461538,0.057692308,0.884615385,0
135,1,0,0.089285714,0.160714286,0.017857143,0.017857143,0.714285714,1,0.018867925,0.056603774,0.037735849,0.886792453,0
136,1,0,0,0.134615385,0.038461538,0.038461538,0.788461538,1,0.196078431,0.019607843,0,0.784313725,0
137,1,0,0.056603774,0.132075472,0,0.037735849,0.773584906,1,0.153846154,0,0,0.807692308,0.038461538
138,0.956521739,0.043478261,0.074074074,0.092592593,0,0.074074074,0.759259259,1,0.16,0,0,0.84,0
139,1,0,0.089285714,0.107142857,0.017857143,0,0.785714286,1,0.034482759,0.086206897,0,0.827586207,0.051724138
140,0.956521739,0.043478261,0.019607843,0.098039216,0,0.058823529,0.823529412,1,0.107142857,0.089285714,0,0.785714286,0.017857143
141,1,0,0,0.04,0,0.02,0.94,1,0.210526316,0.070175439,0,0.666666667,0.052631579
142,1,0,0.131147541,0.032786885,0.049180328,0,0.786885246,1,0.115384615,0.038461538,0.019230769,0.826923077,0
143,0.956521739,0.043478261,0.13559322,0.06779661,0.016949153,0.016949153,0.762711864,1,0.098039216,0,0.019607843,0.862745098,0.019607843
144,1,0,0,0.18,0,0,0.82,1,0.107142857,0.053571429,0.017857143,0.767857143,0.053571429
145,1,0,0,0.18,0,0.04,0.78,1,0.150943396,0.018867925,0,0.79245283,0.037735849
146,1,0,0.074074074,0,0,0,0.925925926,1,0.163636364,0.090909091,0.072727273,0.672727273,0
147,1,0,0.158730159,0.079365079,0.047619048,0,0.714285714,1,0.058823529,0,0,0.921568627,0.019607843
148,0.956521739,0.043478261,0.019607843,0.156862745,0,0.019607843,0.803921569,1,0.054545455,0.090909091,0.054545455,0.8,0
149,1,0,0.056603774,0.037735849,0,0.075471698,0.830188679,1,0.105263158,0.122807018,0,0.771929825,0
150,0.956521739,0.043478261,0,0.16,0,0,0.84,1,0.132075472,0.037735849,0.056603774,0.754716981,0.018867925
151,0.88,0.12,0,0.274509804,0.019607843,0,0.705882353,1,0.019230769,0,0.019230769,0.923076923,0.038461538
152,0.916666667,0.083333333,0,0.274509804,0.019607843,0.039215686,0.666666667,1,0,0.038461538,0.019230769,0.942307692,0
153,1,0,0,0.08,0,0.04,0.88,1,0.185185185,0.074074074,0.037037037,0.703703704,0
154,0.956521739,0.043478261,0.054545455,0,0.036363636,0.036363636,0.872727273,1,0.28,0,0,0.72,0
155,0.956521739,0.043478261,0.056603774,0.113207547,0,0.018867925,0.811320755,1,0.089285714,0.053571429,0,0.803571429,0.053571429
156,1,0,0,0.1,0,0.06,0.84,1,0.122807018,0.105263158,0,0.754385965,0.01754386
157,0.956521739,0.043478261,0.019607843,0.156862745,0,0,0.823529412,1,0.137254902,0.019607843,0.078431373,0.764705882,0
158,1,0,0.071428571,0.125,0.035714286,0.035714286,0.732142857,1,0.117647059,0.019607843,0,0.862745098,0
159,0.956521739,0.043478261,0.056603774,0.056603774,0,0,0.886792453,1,0.192307692,0.019230769,0.057692308,0.711538462,0.019230769
160,0.956521739,0.043478261,0.056603774,0.169811321,0,0,0.773584906,1,0.094339623,0,0.018867925,0.830188679,0.056603774
161,1,0,0.019230769,0.115384615,0.019230769,0,0.846153846,1,0.125,0.071428571,0.017857143,0.75,0.035714286
162,0.956521739,0.043478261,0.116666667,0.05,0.05,0,0.783333333,1,0.036363636,0.090909091,0.018181818,0.854545455,0
163,0.916666667,0.083333333,0,0.18,0,0,0.82,1,0,0.120689655,0.051724138,0.810344828,0.017241379
164,0.956521739,0.043478261,0.090909091,0.072727273,0,0,0.836363636,1,0.153846154,0,0.038461538,0.769230769,0.038461538
165,0.956521739,0.043478261,0.074074074,0.148148148,0,0.037037037,0.740740741,1,0.078431373,0.019607843,0.039215686,0.862745098,0
166,0.916666667,0.083333333,0,0.16,0,0,0.84,1,0.12962963,0.018518519,0.018518519,0.777777778,0.055555556
167,0.956521739,0.043478261,0,0.176470588,0.019607843,0.019607843,0.784313725,1,0.132075472,0.018867925,0,0.811320755,0.037735849
168,1,0,0.019230769,0.115384615,0.019230769,0,0.846153846,1,0.196078431,0.019607843,0.058823529,0.725490196,0
169,0.956521739,0.043478261,0,0.1,0,0,0.9,1,0.181818182,0.036363636,0.018181818,0.709090909,0.054545455
170,1,0,0.137931034,0.137931034,0,0.017241379,0.706896552,1,0,0.037735849,0.037735849,0.905660377,0.018867925
171,1,0,0.037735849,0.169811321,0.018867925,0.037735849,0.735849057,1,0.14,0,0.02,0.84,0
172,1,0,0.105263158,0.157894737,0.01754386,0,0.719298246,1,0.058823529,0,0.039215686,0.882352941,0.019607843
173,1,0,0.090909091,0.145454545,0,0.036363636,0.727272727,1,0.078431373,0.019607843,0.039215686,0.862745098,0
174,1,0,0.122807018,0.122807018,0,0.01754386,0.736842105,1,0.057692308,0.019230769,0.038461538,0.865384615,0.019230769
175,0.88,0.12,0.019607843,0,0,0.019607843,0.960784314,1,0.142857143,0.107142857,0.053571429,0.696428571,0
176,0.88,0.12,0.018867925,0,0.037735849,0,0.943396226,1,0.25,0.019230769,0.019230769,0.692307692,0.019230769
177,0.88,0.12,0.038461538,0,0,0,0.961538462,1,0.222222222,0.018518519,0.018518519,0.685185185,0.055555556
178,0.956521739,0.043478261,0.071428571,0.035714286,0.035714286,0.017857143,0.839285714,1,0.196078431,0.019607843,0.019607843,0.764705882,0
179,1,0,0.019607843,0.058823529,0,0,0.921568627,1,0.152542373,0.084745763,0,0.694915254,0.06779661
180,1,0,0.019230769,0.057692308,0.019230769,0.019230769,0.884615385,1,0.137931034,0.103448276,0,0.724137931,0.034482759
181,1,0,0.068965517,0.155172414,0.068965517,0,0.706896552,1,0.078431373,0.019607843,0,0.901960784,0
182,0.956521739,0.043478261,0.054545455,0.090909091,0.036363636,0,0.818181818,1,0.092592593,0.074074074,0.037037037,0.796296296,0
183,0.956521739,0.043478261,0.056603774,0.075471698,0,0.037735849,0.830188679,1,0.196078431,0,0.019607843,0.764705882,0.019607843
184,0.916666667,0.083333333,0.019230769,0.115384615,0.019230769,0.019230769,0.826923077,1,0.113207547,0.056603774,0.037735849,0.79245283,0
185,0.88,0.12,0.019230769,0.038461538,0.019230769,0.019230769,0.903846154,1,0.235294118,0,0.019607843,0.725490196,0.019607843
186,0.916666667,0.083333333,0.038461538,0.057692308,0,0,0.903846154,1,0.211538462,0,0.038461538,0.711538462,0.038461538
187,0.916666667,0.083333333,0,0.04,0,0.02,0.94,1,0.066666667,0.166666667,0.05,0.716666667,0
188,0.956521739,0.043478261,0.114754098,0.06557377,0.06557377,0,0.754098361,1,0.076923077,0.038461538,0,0.884615385,0
189,0.956521739,0.043478261,0.074074074,0.074074074,0,0.018518519,0.833333333,1,0.156862745,0.019607843,0.058823529,0.764705882,0
190,0.916666667,0.083333333,0.019607843,0.058823529,0,0,0.921568627,1,0.169811321,0.056603774,0.075471698,0.698113208,0
191,1,0,0.054545455,0.054545455,0.036363636,0,0.854545455,1,0.05,0.15,0.016666667,0.766666667,0.016666667
192,0.956521739,0.043478261,0.037037037,0.185185185,0.037037037,0,0.740740741,1,0.055555556,0.037037037,0,0.87037037,0.037037037
193,1,0,0,0.26,0,0.06,0.68,1,0.098039216,0,0,0.882352941,0.019607843
194,1,0,0.038461538,0.153846154,0,0,0.807692308,1,0.034482759,0.103448276,0.034482759,0.793103448,0.034482759
195,1,0,0.103448276,0.103448276,0.034482759,0.034482759,0.724137931,1,0.018181818,0.090909091,0,0.890909091,0
196,0.916666667,0.083333333,0.019230769,0.076923077,0.019230769,0,0.884615385,1,0.173076923,0.038461538,0.057692308,0.730769231,0
197,1,0,0.056603774,0.075471698,0,0,0.867924528,1,0.148148148,0.055555556,0.055555556,0.722222222,0.018518519
198,0.916666667,0.083333333,0.15,0.016666667,0.016666667,0,0.816666667,1,0.115384615,0,0.019230769,0.826923077,0.038461538
199,0.956521739,0.043478261,0.038461538,0.076923077,0,0.019230769,0.865384615,1,0.148148148,0.055555556,0.037037037,0.740740741,0.018518519
200,1,0,0.019230769,0.038461538,0.019230769,0.019230769,0.903846154,1,0.137931034,0.120689655,0.017241379,0.706896552,0.017241379
201,0.956521739,0.043478261,0.055555556,0.166666667,0.018518519,0.055555556,0.703703704,1,0.1,0,0,0.9,0
202,0.88,0.12,0,0.18,0,0.06,0.76,1,0.098039216,0.019607843,0.019607843,0.862745098,0
203,0.916666667,0.083333333,0,0.039215686,0.019607843,0.039215686,0.901960784,1,0.226415094,0.037735849,0,0.716981132,0.018867925
204,1,0,0.107142857,0.053571429,0,0.035714286,0.803571429,1,0.176470588,0,0.019607843,0.784313725,0.019607843
205,1,0,0.037735849,0.075471698,0.018867925,0.056603774,0.811320755,1,0.068965517,0.137931034,0,0.793103448,0
206,1,0,0,0,0.038461538,0,0.961538462,1,0.029850746,0.23880597,0.014925373,0.701492537,0.014925373
207,0.916666667,0.083333333,0.055555556,0.12962963,0.018518519,0.018518519,0.777777778,1,0.12,0,0.04,0.84,0
208,1,0,0.072727273,0.127272727,0.018181818,0.018181818,0.763636364,1,0,0.118644068,0,0.847457627,0.033898305
209,0.916666667,0.083333333,0.038461538,0.057692308,0,0,0.903846154,1,0.20754717,0,0.018867925,0.716981132,0.056603774
210,0.956521739,0.043478261,0.090909091,0.163636364,0,0,0.745454545,1,0.055555556,0,0,0.87037037,0.074074074
211,0.916666667,0.083333333,0,0.098039216,0.019607843,0.019607843,0.862745098,1,0.211538462,0,0,0.75,0.038461538
212,1,0,0.152542373,0.118644068,0,0.033898305,0.694915254,1,0.019607843,0.019607843,0.039215686,0.921568627,0
213,1,0,0.090909091,0.2,0,0.036363636,0.672727273,1,0,0.038461538,0.038461538,0.923076923,0
214,0.956521739,0.043478261,0.038461538,0.038461538,0,0,0.923076923,1,0.160714286,0.071428571,0.035714286,0.696428571,0.035714286
215,0.956521739,0.043478261,0.019607843,0.254901961,0,0,0.725490196,1,0.058823529,0,0.058823529,0.862745098,0.019607843
216,1,0,0.089285714,0.053571429,0.017857143,0.035714286,0.803571429,1,0.153846154,0.038461538,0.019230769,0.788461538,0
217,1,0,0,0.14,0,0.06,0.8,1,0.22,0,0.02,0.76,0
218,0.956521739,0.043478261,0.038461538,0.019230769,0,0,0.942307692,1,0.259259259,0,0,0.666666667,0.074074074
219,1,0,0,0.04,0,0,0.96,1,0.13559322,0.13559322,0.050847458,0.661016949,0.016949153
220,1,0,0.074074074,0.074074074,0,0,0.851851852,1,0,0.161290323,0.032258065,0.774193548,0.032258065
221,0.916666667,0.083333333,0,0.18,0,0.02,0.8,1,0.017241379,0.103448276,0.017241379,0.827586207,0.034482759
222,1,0,0.019607843,0.058823529,0,0.039215686,0.882352941,1,0.274509804,0,0.019607843,0.68627451,0.019607843
223,0.956521739,0.043478261,0.107142857,0.035714286,0,0,0.857142857,1,0.148148148,0.018518519,0.018518519,0.759259259,0.055555556
224,0.956521739,0.043478261,0.037735849,0.169811321,0.018867925,0.018867925,0.754716981,1,0.056603774,0.056603774,0.037735849,0.849056604,0
225,0.916666667,0.083333333,0.072727273,0.018181818,0.018181818,0,0.890909091,1,0.142857143,0.053571429,0,0.75,0.053571429
226,1,0,0.103448276,0.155172414,0.034482759,0,0.706896552,1,0.037735849,0.018867925,0,0.905660377,0.037735849
227,0.956521739,0.043478261,0.152542373,0.050847458,0,0.050847458,0.745762712,1,0.037037037,0.055555556,0,0.888888889,0.018518519
228,1,0,0,0.06,0,0.06,0.88,1,0.031746032,0.206349206,0.015873016,0.746031746,0
229,1,0,0.038461538,0,0,0,0.961538462,1,0.175438596,0.105263158,0.052631579,0.649122807,0.01754386
230,0.88,0.12,0,0,0,0,1,1,0.152542373,0.101694915,0.016949153,0.677966102,0.050847458
231,1,0,0.019607843,0.098039216,0,0.019607843,0.862745098,1,0.235294118,0,0.039215686,0.705882353,0.019607843
232,1,0,0.037735849,0.20754717,0.018867925,0.056603774,0.679245283,1,0.037735849,0.056603774,0,0.905660377,0
233,0.956521739,0.043478261,0.037037037,0.240740741,0.037037037,0,0.685185185,1,0,0.038461538,0.038461538,0.923076923,0
234,0.956521739,0.043478261,0.137931034,0.137931034,0,0,0.724137931,1,0,0.018181818,0,0.909090909,0.072727273
235,1,0,0.019607843,0.117647059,0,0.039215686,0.823529412,1,0.166666667,0.037037037,0,0.759259259,0.037037037
236,1,0,0,0.039215686,0.019607843,0.039215686,0.901960784,1,0.240740741,0.055555556,0,0.685185185,0.018518519
237,0.916666667,0.083333333,0.086206897,0.017241379,0.051724138,0.017241379,0.827586207,1,0.153846154,0.038461538,0,0.807692308,0
238,1,0,0,0.08,0,0,0.92,1,0.1,0.133333333,0.033333333,0.7,0.033333333
239,0.916666667,0.083333333,0.087719298,0,0.035087719,0.01754386,0.859649123,1,0.22,0,0.02,0.76,0
240,0.956521739,0.043478261,0,0.153846154,0.038461538,0.019230769,0.788461538,1,0.153846154,0.019230769,0,0.807692308,0.019230769
241,1,0,0.074074074,0.203703704,0,0.018518519,0.703703704,1,0.039215686,0.019607843,0.058823529,0.882352941,0
242,0.916666667,0.083333333,0.074074074,0.185185185,0,0.018518519,0.722222222,1,0,0.038461538,0.057692308,0.903846154,0
243,1,0,0.019607843,0,0,0.019607843,0.960784314,1,0.096774194,0.177419355,0.032258065,0.677419355,0.016129032
244,0.88,0.12,0.019607843,0.117647059,0,0.039215686,0.823529412,1,0.094339623,0.056603774,0.037735849,0.811320755,0
245,0.956521739,0.043478261,0,0.16,0,0.08,0.76,1,0.18,0,0,0.82,0
246,0.916666667,0.083333333,0.090909091,0.163636364,0,0,0.745454545,1,0.04,0,0.08,0.88,0
247,0.916666667,0.083333333,0,0.08,0,0.04,0.88,1,0.230769231,0,0,0.730769231,0.038461538
248,1,0,0,0.14,0,0.02,0.84,1,0.196078431,0.019607843,0.058823529,0.725490196,0
249,0.956521739,0.043478261,0.107142857,0.107142857,0,0,0.785714286,1,0.076923077,0.019230769,0.057692308,0.826923077,0.019230769
250,1,0,0,0.12,0,0.02,0.86,1,0.122807018,0.087719298,0.01754386,0.736842105,0.035087719
251,0.916666667,0.083333333,0,0.254901961,0.019607843,0.019607843,0.705882353,1,0.058823529,0,0.019607843,0.901960784,0.019607843
252,1,0,0.019607843,0.196078431,0,0.019607843,0.764705882,1,0.14,0,0.06,0.8,0
253,0.916666667,0.083333333,0.090909091,0.2,0,0.036363636,0.672727273,1,0,0,0.04,0.96,0
254,0.956521739,0.043478261,0.019607843,0.078431373,0,0,0.901960784,1,0.178571429,0.035714286,0,0.714285714,0.071428571
255,0.956521739,0.043478261,0.107142857,0.071428571,0,0.053571429,0.767857143,1,0,0.120689655,0,0.862068966,0.017241379
256,1,0,0.107142857,0,0,0.017857143,0.875,1,0.015873016,0.174603175,0.015873016,0.761904762,0.031746032
257,1,0,0,0.288461538,0.038461538,0.019230769,0.653846154,1,0.018867925,0.037735849,0,0.924528302,0.018867925
258,0.956521739,0.043478261,0.019607843,0.215686275,0,0.058823529,0.705882353,1,0.076923077,0.019230769,0,0.884615385,0.019230769
259,1,0,0.103448276,0.017241379,0.034482759,0.017241379,0.827586207,1,0.12962963,0.074074074,0.018518519,0.777777778,0
260,0.88,0.12,0.019230769,0.019230769,0.019230769,0.038461538,0.903846154,1,0.235294118,0.019607843,0.019607843,0.725490196,0
261,1,0,0.105263158,0.035087719,0.01754386,0,0.842105263,1,0.192307692,0,0.019230769,0.75,0.038461538
262,0.88,0.12,0,0.274509804,0.019607843,0,0.705882353,1,0,0.019230769,0.038461538,0.923076923,0.019230769
263,0.956521739,0.043478261,0,0.235294118,0.019607843,0,0.745098039,1,0.1,0,0.06,0.84,0
264,0.956521739,0.043478261,0.037735849,0.094339623,0.018867925,0.018867925,0.830188679,1,0.192307692,0,0,0.769230769,0.038461538
265,1,0,0.038461538,0.115384615,0,0,0.846153846,1,0.192307692,0,0.038461538,0.730769231,0.038461538
266,0.956521739,0.043478261,0,0.1,0,0,0.9,1,0.24,0,0.08,0.68,0
267,0.916666667,0.083333333,0.037735849,0.037735849,0.018867925,0.037735849,0.867924528,1,0.192307692,0.038461538,0.019230769,0.75,0
268,1,0,0.122807018,0.122807018,0,0,0.754385965,1,0,0.070175439,0.01754386,0.859649123,0.052631579
269,1,0,0.089285714,0.071428571,0.017857143,0.035714286,0.785714286,1,0.092592593,0.074074074,0.018518519,0.814814815,0
270,0.956521739,0.043478261,0.068965517,0.017241379,0.068965517,0,0.844827586,1,0.24,0,0,0.76,0
271,0.88,0.12,0,0,0,0,1,1,0.245283019,0.037735849,0.056603774,0.641509434,0.018867925
272,1,0,0,0.08,0,0,0.92,1,0.20754717,0.056603774,0.075471698,0.660377358,0
273,0.956521739,0.043478261,0.087719298,0.01754386,0.035087719,0,0.859649123,1,0.107142857,0.089285714,0.017857143,0.767857143,0.017857143
274,1,0,0.120689655,0,0.017241379,0,0.862068966,1,0.150943396,0.056603774,0.056603774,0.735849057,0
275,0.916666667,0.083333333,0.105263158,0,0.01754386,0.01754386,0.859649123,1,0.033898305,0.13559322,0.016949153,0.796610169,0.016949153
276,1,0,0.037735849,0.20754717,0.018867925,0.037735849,0.698113208,1,0.057692308,0.038461538,0.019230769,0.884615385,0
277,1,0,0,0,0,0.08,0.92,1,0.03030303,0.242424242,0,0.727272727,0
278,1,0,0.054545455,0.090909091,0.036363636,0,0.818181818,1,0.071428571,0.107142857,0.035714286,0.785714286,0
279,0.916666667,0.083333333,0.056603774,0.20754717,0,0.018867925,0.716981132,1,0.039215686,0,0.039215686,0.901960784,0.019607843
280,0.916666667,0.083333333,0.019230769,0.173076923,0.019230769,0.038461538,0.75,1,0.12,0,0.02,0.86,0
281,1,0,0.071428571,0.178571429,0.035714286,0.017857143,0.696428571,1,0.038461538,0.038461538,0.019230769,0.903846154,0
282,1,0,0.056603774,0.113207547,0,0,0.830188679,1,0.12962963,0.037037037,0.037037037,0.759259259,0.037037037
283,1,0,0.019607843,0.078431373,0,0,0.901960784,1,0.226415094,0.018867925,0.037735849,0.679245283,0.037735849
284,1,0,0.038461538,0.057692308,0,0.019230769,0.884615385,1,0.203703704,0.037037037,0.018518519,0.703703704,0.037037037
285,1,0,0.019607843,0.039215686,0,0.019607843,0.921568627,1,0.222222222,0.055555556,0.037037037,0.666666667,0.018518519
286,1,0,0.103448276,0.017241379,0.034482759,0,0.844827586,1,0.211538462,0,0,0.75,0.038461538
287,0.956521739,0.043478261,0,0.02,0,0.06,0.92,1,0.218181818,0.072727273,0,0.690909091,0.018181818
288,1,0,0.019230769,0.115384615,0.019230769,0,0.846153846,1,0.070175439,0.122807018,0.052631579,0.754385965,0
289,0.956521739,0.043478261,0.055555556,0.092592593,0.018518519,0.055555556,0.777777778,1,0.113207547,0.056603774,0,0.830188679,0
290,0.956521739,0.043478261,0,0.019607843,0.019607843,0.058823529,0.901960784,1,0.222222222,0.074074074,0,0.703703704,0
291,0.956521739,0.043478261,0.072727273,0.109090909,0.018181818,0,0.8,1,0.055555556,0.074074074,0.055555556,0.814814815,0
292,1,0,0.184615385,0.015384615,0.046153846,0.015384615,0.738461538,1,0.057692308,0.038461538,0,0.903846154,0
293,1,0,0.215384615,0.030769231,0.015384615,0,0.738461538,1,0.019230769,0.019230769,0.038461538,0.903846154,0.019230769
294,0.956521739,0.043478261,0.105263158,0.157894737,0.01754386,0.01754386,0.701754386,1,0,0.038461538,0.038461538,0.923076923,0
295,0.916666667,0.083333333,0,0.12,0,0.04,0.84,1,0.153846154,0.038461538,0.038461538,0.769230769,0
296,1,0,0,0.038461538,0.038461538,0.019230769,0.903846154,1,0.175438596,0.105263158,0,0.701754386,0.01754386
297,0.956521739,0.043478261,0.036363636,0.036363636,0.054545455,0,0.872727273,1,0.125,0.107142857,0.017857143,0.75,0
298,1,0,0,0.22,0,0.04,0.74,1,0.092592593,0.037037037,0,0.833333333,0.037037037
299,1,0,0.122807018,0.122807018,0,0.035087719,0.719298246,1,0.058823529,0.019607843,0.039215686,0.882352941,0
300,1,0,0.107142857,0.107142857,0,0,0.785714286,1,0.072727273,0.036363636,0.018181818,0.818181818,0.054545455
301,0.916666667,0.083333333,0.018518519,0.111111111,0.055555556,0.018518519,0.796296296,1,0.113207547,0.056603774,0,0.830188679,0
302,0.956521739,0.043478261,0.019607843,0.137254902,0,0.078431373,0.764705882,1,0.053571429,0.107142857,0,0.839285714,0
303,1,0,0,0.16,0,0,0.84,1,0.051724138,0.120689655,0.051724138,0.75862069,0.017241379
304,1,0,0.037735849,0.075471698,0.018867925,0.037735849,0.830188679,1,0.169811321,0.056603774,0.018867925,0.754716981,0
305,0.956521739,0.043478261,0.105263158,0.052631579,0.01754386,0.01754386,0.807017544,1,0.092592593,0.055555556,0.018518519,0.814814815,0.018518519
306,0.956521739,0.043478261,0.019607843,0.078431373,0,0.019607843,0.882352941,1,0.226415094,0,0,0.716981132,0.056603774
307,0.88,0.12,0,0,0.019607843,0.039215686,0.941176471,1,0.269230769,0.019230769,0,0.692307692,0.019230769
308,1,0,0.072727273,0.090909091,0.018181818,0,0.818181818,1,0.072727273,0.090909091,0.054545455,0.781818182,0
309,0.956521739,0.043478261,0,0.04,0,0,0.96,1,0.137931034,0.120689655,0.051724138,0.672413793,0.017241379
310,0.916666667,0.083333333,0.019230769,0.115384615,0.019230769,0,0.846153846,1,0.052631579,0.105263158,0.035087719,0.789473684,0.01754386
311,1,0,0.019607843,0,0,0.039215686,0.941176471,1,0.098360656,0.180327869,0.032786885,0.68852459,0
312,0.916666667,0.083333333,0,0.137254902,0.019607843,0,0.843137255,1,0.111111111,0.055555556,0.037037037,0.777777778,0.018518519
313,0.956521739,0.043478261,0.203125,0.0625,0.015625,0.03125,0.6875,1,0,0,0.02,0.98,0
314,1,0,0.038461538,0.134615385,0,0,0.826923077,1,0.18,0,0.08,0.74,0
315,1,0,0.090909091,0.054545455,0,0,0.854545455,1,0.070175439,0.105263158,0.052631579,0.754385965,0.01754386
316,0.916666667,0.083333333,0.037037037,0.092592593,0.037037037,0.018518519,0.814814815,1,0.111111111,0.055555556,0,0.814814815,0.018518519
317,0.916666667,0.083333333,0.105263158,0.01754386,0.01754386,0,0.859649123,1,0.090909091,0.072727273,0.036363636,0.781818182,0.018181818
318,0.956521739,0.043478261,0.038461538,0.076923077,0,0.057692308,0.826923077,1,0.196078431,0.019607843,0.019607843,0.764705882,0
319,1,0,0.166666667,0.05,0,0.05,0.733333333,1,0.057692308,0.038461538,0.019230769,0.884615385,0
320,1,0,0.037037037,0.092592593,0.037037037,0,0.833333333,1,0.188679245,0.018867925,0,0.754716981,0.037735849
321,0.956521739,0.043478261,0.019607843,0.039215686,0,0.019607843,0.921568627,1,0.2,0.054545455,0.018181818,0.690909091,0.036363636
322,1,0,0.056603774,0.094339623,0,0.037735849,0.811320755,1,0.176470588,0.019607843,0.039215686,0.764705882,0
323,0.956521739,0.043478261,0,0.117647059,0.019607843,0.058823529,0.803921569,1,0.089285714,0.107142857,0,0.803571429,0
324,0.956521739,0.043478261,0,0.1,0,0.04,0.86,1,0.215686275,0.019607843,0.039215686,0.725490196,0
325,0.916666667,0.083333333,0.018518519,0.166666667,0.055555556,0,0.759259259,1,0.098039216,0.019607843,0.019607843,0.862745098,0
326,1,0,0.103448276,0.086206897,0.034482759,0.017241379,0.75862069,1,0.137254902,0,0,0.843137255,0.019607843
327,1,0,0.019607843,0.137254902,0,0.058823529,0.784313725,1,0.2,0,0.02,0.78,0
328,1,0,0.019607843,0.098039216,0,0.039215686,0.843137255,1,0.087719298,0.122807018,0.035087719,0.754385965,0
329,1,0,0,0.134615385,0.038461538,0,0.826923077,1,0.127272727,0.072727273,0.018181818,0.763636364,0.018181818
330,0.916666667,0.083333333,0.116666667,0.05,0.05,0,0.783333333,1,0.12,0,0.02,0.86,0
331,1,0,0,0.08,0,0.02,0.9,1,0.118644068,0.118644068,0.016949153,0.711864407,0.033898305
332,1,0,0.107142857,0.071428571,0,0.017857143,0.803571429,1,0.134615385,0.019230769,0.038461538,0.788461538,0.019230769
333,1,0,0.089285714,0.071428571,0.017857143,0.035714286,0.785714286,1,0.153846154,0.019230769,0,0.807692308,0.019230769
334,0.956521739,0.043478261,0.018867925,0.188679245,0.037735849,0,0.754716981,1,0.074074074,0.037037037,0,0.851851852,0.037037037
335,0.916666667,0.083333333,0.019607843,0.274509804,0,0,0.705882353,1,0,0.019607843,0.078431373,0.901960784,0
336,0.916666667,0.083333333,0,0.14,0,0,0.86,1,0.068965517,0.086206897,0.017241379,0.775862069,0.051724138
337,1,0,0,0.2,0,0,0.8,1,0.089285714,0.053571429,0.017857143,0.785714286,0.053571429
338,1,0,0.107142857,0.089285714,0,0.017857143,0.785714286,1,0,0.120689655,0.034482759,0.827586207,0.017241379
339,0.916666667,0.083333333,0.137931034,0.017241379,0,0.034482759,0.810344828,1,0.017857143,0.107142857,0.035714286,0.839285714,0
340,0.956521739,0.043478261,0.072727273,0.109090909,0.018181818,0.036363636,0.763636364,1,0.055555556,0.074074074,0.018518519,0.851851852,0
341,0.956521739,0.043478261,0.074074074,0.074074074,0,0.074074074,0.777777778,1,0.113207547,0.056603774,0,0.830188679,0
342,0.88,0.12,0,0.056603774,0.056603774,0.018867925,0.867924528,1,0.169811321,0.056603774,0,0.773584906,0
343,0.956521739,0.043478261,0.090909091,0.018181818,0,0,0.890909091,1,0.105263158,0.087719298,0.035087719,0.736842105,0.035087719
344,0.956521739,0.043478261,0,0.156862745,0.019607843,0,0.823529412,1,0.156862745,0.019607843,0.058823529,0.764705882,0
345,0.956521739,0.043478261,0.019607843,0.156862745,0,0,0.823529412,1,0.156862745,0,0.058823529,0.764705882,0.019607843
346,1,0,0.019607843,0.098039216,0,0.019607843,0.862745098,1,0.084745763,0.118644068,0.016949153,0.745762712,0.033898305
347,1,0,0.038461538,0,0,0.038461538,0.923076923,1,0.1,0.166666667,0.033333333,0.7,0
348,0.916666667,0.083333333,0,0.117647059,0.019607843,0.039215686,0.823529412,1,0.12962963,0.055555556,0,0.796296296,0.018518519
349,0.916666667,0.083333333,0,0.039215686,0.019607843,0,0.941176471,1,0.20754717,0.056603774,0.056603774,0.679245283,0
350,0.916666667,0.083333333,0,0.117647059,0.019607843,0,0.862745098,1,0.125,0.053571429,0,0.767857143,0.053571429
351,0.956521739,0.043478261,0.107142857,0.017857143,0,0.017857143,0.857142857,1,0.188679245,0,0,0.754716981,0.056603774
352,1,0,0.137931034,0.034482759,0,0,0.827586207,1,0.132075472,0.018867925,0.037735849,0.773584906,0.037735849
353,0.956521739,0.043478261,0.018867925,0.226415094,0.037735849,0,0.716981132,1,0.038461538,0.038461538,0.038461538,0.884615385,0
354,1,0,0,0.12,0,0,0.88,1,0.016129032,0.177419355,0.048387097,0.741935484,0.016129032
355,0.956521739,0.043478261,0.089285714,0.142857143,0.017857143,0.017857143,0.732142857,1,0.018181818,0.054545455,0,0.890909091,0.036363636
356,0.916666667,0.083333333,0,0.117647059,0.019607843,0,0.862745098,1,0.153846154,0.038461538,0.057692308,0.75,0
357,1,0,0.038461538,0.134615385,0,0.038461538,0.788461538,1,0.035087719,0.122807018,0.035087719,0.807017544,0
358,0.956521739,0.043478261,0.019230769,0.076923077,0.019230769,0.057692308,0.826923077,1,0.169811321,0.056603774,0,0.773584906,0
359,1,0,0.056603774,0.075471698,0,0,0.867924528,1,0.215686275,0,0.058823529,0.705882353,0.019607843
360,1,0,0,0.1,0,0,0.9,1,0.240740741,0,0,0.685185185,0.074074074
361,1,0,0.166666667,0.033333333,0,0.05,0.75,1,0.037037037,0.074074074,0.018518519,0.87037037,0
362,1,0,0.206349206,0,0,0,0.793650794,1,0,0.087719298,0.035087719,0.842105263,0.035087719
363,1,0,0.038461538,0.038461538,0,0.019230769,0.903846154,1,0.181818182,0.072727273,0.036363636,0.690909091,0.018181818
364,1,0,0.166666667,0.016666667,0,0,0.816666667,1,0.137254902,0,0.058823529,0.784313725,0.019607843
365,1,0,0.018867925,0.150943396,0.037735849,0.037735849,0.754716981,1,0.134615385,0.038461538,0,0.826923077,0
366,1,0,0.018867925,0.150943396,0.037735849,0.018867925,0.773584906,1,0.092592593,0.074074074,0.018518519,0.814814815,0
367,1,0,0.072727273,0.127272727,0.018181818,0.018181818,0.763636364,1,0.092592593,0.037037037,0,0.833333333,0.037037037
368,0.916666667,0.083333333,0.158730159,0.031746032,0.047619048,0,0.761904762,1,0.057692308,0.019230769,0,0.903846154,0.019230769
369,0.956521739,0.043478261,0,0.08,0,0.04,0.88,1,0.25,0,0,0.711538462,0.038461538
370,0.88,0.12,0,0.254901961,0.019607843,0.019607843,0.705882353,1,0.039215686,0,0.019607843,0.921568627,0.019607843
371,1,0,0.071428571,0.107142857,0.035714286,0,0.785714286,1,0.035714286,0.107142857,0.035714286,0.821428571,0
372,1,0,0.019607843,0.156862745,0,0,0.823529412,1,0.134615385,0.038461538,0.076923077,0.75,0
373,0.916666667,0.083333333,0.036363636,0.036363636,0.054545455,0,0.872727273,1,0.235294118,0,0,0.745098039,0.019607843
374,0.916666667,0.083333333,0.074074074,0,0,0.037037037,0.888888889,1,0.235294118,0,0.019607843,0.725490196,0.019607843
375,0.916666667,0.083333333,0.037037037,0.055555556,0.037037037,0.018518519,0.851851852,1,0.215686275,0,0,0.764705882,0.019607843
376,1,0,0.072727273,0.127272727,0.018181818,0.036363636,0.745454545,1,0.094339623,0.037735849,0,0.849056604,0.018867925
377,1,0,0.019607843,0.039215686,0,0.078431373,0.862745098,1,0.226415094,0.056603774,0,0.716981132,0
378,0.916666667,0.083333333,0,0.078431373,0.019607843,0.019607843,0.882352941,1,0.235294118,0,0.019607843,0.725490196,0.019607843
379,1,0,0.019230769,0.153846154,0.019230769,0.038461538,0.769230769,1,0.035087719,0.122807018,0.01754386,0.824561404,0
380,1,0,0,0.153846154,0.038461538,0,0.807692308,1,0.153846154,0.038461538,0.038461538,0.769230769,0
381,0.956521739,0.043478261,0.166666667,0.116666667,0,0,0.716666667,1,0,0,0.08,0.92,0
382,0.956521739,0.043478261,0.019607843,0.254901961,0,0,0.725490196,1,0.019230769,0.038461538,0.076923077,0.865384615,0
383,0.916666667,0.083333333,0.019230769,0.211538462,0.019230769,0.057692308,0.692307692,1,0.08,0,0,0.92,0
384,0.916666667,0.083333333,0.018867925,0.264150943,0.037735849,0.018867925,0.660377358,1,0,0.019230769,0,0.961538462,0.019230769
385,0.956521739,0.043478261,0.019230769,0.192307692,0.019230769,0,0.769230769,1,0.098039216,0.019607843,0.058823529,0.823529412,0
386,1,0,0.103448276,0.137931034,0.034482759,0.017241379,0.706896552,1,0.08,0,0.02,0.9,0
387,0.956521739,0.043478261,0.055555556,0.018518519,0.018518519,0,0.907407407,1,0.2,0.036363636,0,0.709090909,0.054545455
388,1,0,0.090909091,0.090909091,0,0.018181818,0.8,1,0.01754386,0.122807018,0.052631579,0.807017544,0
389,0.88,0.12,0,0.056603774,0.056603774,0,0.886792453,1,0.148148148,0.074074074,0.018518519,0.759259259,0
390,1,0,0.070175439,0.070175439,0.052631579,0.01754386,0.789473684,1,0.176470588,0.019607843,0,0.803921569,0
391,0.956521739,0.043478261,0.056603774,0,0,0.037735849,0.905660377,1,0.226415094,0.037735849,0.018867925,0.698113208,0.018867925
392,1,0,0.120689655,0,0.017241379,0.017241379,0.844827586,1,0.109090909,0.090909091,0.036363636,0.763636364,0
393,1,0,0.038461538,0.115384615,0,0.038461538,0.807692308,1,0.111111111,0.074074074,0.037037037,0.777777778,0
394,0.956521739,0.043478261,0.018518519,0.074074074,0.055555556,0,0.851851852,1,0.24,0,0.02,0.74,0
395,0.88,0.12,0.071428571,0,0.035714286,0,0.892857143,1,0.22,0,0.04,0.74,0
396,1,0,0,0.2,0,0.02,0.78,1,0.054545455,0.090909091,0.054545455,0.8,0
397,0.956521739,0.043478261,0.056603774,0.169811321,0,0.075471698,0.698113208,1,0.1,0,0,0.9,0
398,0.956521739,0.043478261,0.152542373,0,0,0.050847458,0.796610169,1,0.035714286,0.107142857,0.017857143,0.839285714,0
399,0.916666667,0.083333333,0.056603774,0.018867925,0,0,0.924528302,1,0.24,0,0.08,0.68,0
400,1,0,0.038461538,0.076923077,0,0.038461538,0.846153846,1,0.188679245,0.037735849,0.018867925,0.735849057,0.018867925
401,1,0,0.055555556,0.074074074,0.018518519,0.018518519,0.833333333,1,0.033333333,0.15,0.016666667,0.783333333,0.016666667
402,0.916666667,0.083333333,0.055555556,0.12962963,0.018518519,0,0.796296296,1,0.117647059,0,0.039215686,0.823529412,0.019607843
403,1,0,0.055555556,0.037037037,0.018518519,0.018518519,0.87037037,1,0.101694915,0.118644068,0,0.745762712,0.033898305
404,0.916666667,0.083333333,0.072727273,0.109090909,0.018181818,0.036363636,0.763636364,1,0.056603774,0.056603774,0.018867925,0.867924528,0
405,0.956521739,0.043478261,0,0.04,0,0,0.96,1,0.140350877,0.122807018,0.070175439,0.666666667,0
406,0.916666667,0.083333333,0,0.24,0,0.04,0.72,1,0.018181818,0.054545455,0,0.890909091,0.036363636
407,0.88,0.12,0.052631579,0.175438596,0.070175439,0,0.701754386,1,0,0.038461538,0,0.961538462,0
408,0.916666667,0.083333333,0.018181818,0.218181818,0.072727273,0,0.690909091,1,0.039215686,0.019607843,0,0.941176471,0
409,0.88,0.12,0,0.240740741,0.074074074,0,0.685185185,1,0,0.038461538,0,0.961538462,0
410,1,0,0.038461538,0.211538462,0,0.057692308,0.692307692,1,0.037735849,0.056603774,0.018867925,0.886792453,0
411,1,0,0.055555556,0.222222222,0.018518519,0,0.703703704,1,0.038461538,0.019230769,0.038461538,0.884615385,0.019230769
412,0.956521739,0.043478261,0.120689655,0.172413793,0.017241379,0.051724138,0.637931034,1,0,0,0,1,0
413,0.956521739,0.043478261,0,0.117647059,0.019607843,0.058823529,0.803921569,1,0.089285714,0.107142857,0,0.803571429,0
414,0.916666667,0.083333333,0.037735849,0.113207547,0.018867925,0.018867925,0.811320755,1,0.134615385,0.019230769,0.019230769,0.807692308,0.019230769
415,0.956521739,0.043478261,0.038461538,0.019230769,0,0.038461538,0.903846154,1,0.28,0,0.04,0.68,0
416,0.916666667,0.083333333,0,0,0.019607843,0.019607843,0.960784314,1,0.218181818,0.072727273,0.018181818,0.672727273,0.018181818
417,1,0,0,0.22,0,0,0.78,1,0.075471698,0.056603774,0.075471698,0.79245283,0
418,0.956521739,0.043478261,0.019607843,0.215686275,0,0.039215686,0.725490196,1,0.096153846,0,0,0.865384615,0.038461538
419,0.956521739,0.043478261,0.019230769,0.25,0.019230769,0,0.711538462,1,0.018867925,0.037735849,0.037735849,0.886792453,0.018867925
420,0.956521739,0.043478261,0,0.192307692,0.038461538,0.019230769,0.75,1,0.036363636,0.090909091,0.018181818,0.854545455,0
421,1,0,0.090909091,0.127272727,0,0.018181818,0.763636364,1,0.113207547,0,0,0.830188679,0.056603774
422,0.956521739,0.043478261,0.072727273,0.145454545,0.018181818,0,0.763636364,1,0.017857143,0.071428571,0.017857143,0.857142857,0.035714286
423,1,0,0.090909091,0.054545455,0,0.018181818,0.836363636,1,0.196078431,0,0.039215686,0.745098039,0.019607843
424,0.956521739,0.043478261,0.137931034,0.034482759,0,0.068965517,0.75862069,1,0.036363636,0.090909091,0,0.872727273,0
425,1,0,0.19047619,0,0.015873016,0,0.793650794,1,0.035714286,0.071428571,0.017857143,0.839285714,0.035714286
426,0.88,0.12,0,0.12,0,0.02,0.86,1,0.134615385,0.038461538,0.057692308,0.769230769,0
427,0.88,0.12,0.019230769,0.173076923,0.019230769,0,0.788461538,1,0.056603774,0.037735849,0.037735849,0.849056604,0.018867925
428,0.956521739,0.043478261,0,0,0.019607843,0.019607843,0.960784314,1,0.080645161,0.193548387,0.032258065,0.693548387,0
429,1,0,0.037037037,0.166666667,0.037037037,0.037037037,0.722222222,1,0.075471698,0.056603774,0,0.867924528,0
430,0.956521739,0.043478261,0.037735849,0.056603774,0.018867925,0,0.886792453,1,0.235294118,0,0.039215686,0.705882353,0.019607843
431,0.916666667,0.083333333,0.037735849,0.188679245,0.018867925,0.018867925,0.735849057,1,0,0.071428571,0,0.892857143,0.035714286
432,1,0,0.054545455,0.072727273,0.036363636,0.018181818,0.818181818,1,0.192307692,0.019230769,0,0.769230769,0.019230769
433,0.956521739,0.043478261,0.038461538,0.038461538,0,0,0.923076923,1,0.103448276,0.120689655,0.051724138,0.706896552,0.017241379
434,1,0,0.019230769,0.153846154,0.019230769,0.057692308,0.75,1,0.156862745,0.019607843,0,0.823529412,0
435,1,0,0,0.094339623,0.056603774,0,0.849056604,1,0.145454545,0.090909091,0.018181818,0.745454545,0
436,1,0,0.056603774,0.150943396,0,0.018867925,0.773584906,1,0.117647059,0.019607843,0.058823529,0.803921569,0
437,0.916666667,0.083333333,0.037735849,0.245283019,0.018867925,0,0.698113208,1,0.018867925,0,0,0.924528302,0.056603774
438,1,0,0.105263158,0.105263158,0.01754386,0.035087719,0.736842105,1,0.056603774,0.056603774,0.018867925,0.867924528,0
439,0.916666667,0.083333333,0.019607843,0.137254902,0,0.058823529,0.784313725,1,0.113207547,0.037735849,0,0.830188679,0.018867925
440,1,0,0.105263158,0.105263158,0.01754386,0.035087719,0.736842105,1,0.098039216,0.019607843,0.019607843,0.862745098,0
441,0.88,0.12,0.019607843,0.019607843,0,0.039215686,0.921568627,1,0.26,0,0.04,0.7,0
442,0.956521739,0.043478261,0.089285714,0.214285714,0.017857143,0,0.678571429,1,0,0,0.039215686,0.941176471,0.019607843
443,0.956521739,0.043478261,0.107142857,0.035714286,0,0,0.857142857,1,0.18,0,0.08,0.74,0
444,0.956521739,0.043478261,0.133333333,0.033333333,0.033333333,0,0.8,1,0.134615385,0,0,0.826923077,0.038461538
445,1,0,0.056603774,0.018867925,0,0,0.924528302,1,0.264150943,0,0.018867925,0.660377358,0.056603774
446,1,0,0,0,0.019607843,0.058823529,0.921568627,1,0.114754098,0.180327869,0,0.704918033,0
447,1,0,0.152542373,0.033898305,0,0.06779661,0.745762712,1,0.055555556,0.074074074,0,0.87037037,0
448,0.916666667,0.083333333,0.019230769,0.153846154,0.019230769,0.057692308,0.75,1,0.117647059,0.019607843,0,0.862745098,0
449,0.916666667,0.083333333,0.055555556,0.222222222,0.018518519,0.037037037,0.666666667,1,0.02,0,0.02,0.96,0
450,1,0,0.019230769,0.153846154,0.019230769,0.019230769,0.788461538,1,0.053571429,0.107142857,0.035714286,0.803571429,0
451,1,0,0,0.18,0,0,0.82,1,0,0.142857143,0,0.793650794,0.063492063
452,1,0,0,0.176470588,0.019607843,0,0.803921569,1,0.052631579,0.105263158,0.035087719,0.789473684,0.01754386
453,1,0,0.052631579,0.052631579,0.070175439,0,0.824561404,1,0.068965517,0.137931034,0,0.793103448,0
454,0.956521739,0.043478261,0,0.019230769,0.038461538,0.019230769,0.923076923,1,0.222222222,0.074074074,0.018518519,0.685185185,0
455,1,0,0.15,0.016666667,0.016666667,0,0.816666667,1,0.134615385,0.019230769,0.038461538,0.788461538,0.019230769
456,1,0,0,0.185185185,0.074074074,0,0.740740741,1,0.074074074,0.074074074,0,0.851851852,0
457,1,0,0.038461538,0.134615385,0,0.038461538,0.788461538,1,0.071428571,0.089285714,0.017857143,0.803571429,0.017857143
458,1,0,0.019230769,0.019230769,0.019230769,0.057692308,0.884615385,1,0.1,0.166666667,0,0.733333333,0
459,0.956521739,0.043478261,0.122807018,0.087719298,0,0.070175439,0.719298246,1,0.057692308,0.038461538,0,0.903846154,0
460,1,0,0.055555556,0.092592593,0.018518519,0.018518519,0.814814815,1,0,0.166666667,0.033333333,0.8,0
461,1,0,0.122807018,0,0,0.052631579,0.824561404,1,0.068965517,0.120689655,0,0.793103448,0.017241379
462,0.956521739,0.043478261,0.038461538,0.076923077,0,0.057692308,0.826923077,1,0.215686275,0,0,0.764705882,0.019607843
463,1,0,0,0.2,0,0,0.8,1,0.134615385,0.019230769,0.057692308,0.769230769,0.019230769
464,1,0,0.089285714,0.160714286,0.017857143,0.053571429,0.678571429,1,0.038461538,0.038461538,0,0.923076923,0
465,0.956521739,0.043478261,0.038461538,0.192307692,0,0,0.769230769,1,0.098039216,0,0.058823529,0.823529412,0.019607843
466,0.956521739,0.043478261,0.019230769,0.192307692,0.019230769,0.019230769,0.75,1,0.036363636,0.072727273,0.018181818,0.854545455,0.018181818
467,0.916666667,0.083333333,0.035714286,0,0.071428571,0,0.892857143,1,0.084745763,0.152542373,0,0.762711864,0
468,1,0,0.038461538,0.019230769,0,0.019230769,0.923076923,1,0.274509804,0.019607843,0.058823529,0.647058824,0
469,0.916666667,0.083333333,0.089285714,0.035714286,0.017857143,0.035714286,0.821428571,1,0.18,0,0.02,0.8,0
470,0.956521739,0.043478261,0.071428571,0.107142857,0.035714286,0,0.785714286,1,0.054545455,0.072727273,0.018181818,0.836363636,0.018181818
471,1,0,0.1,0.016666667,0.066666667,0,0.816666667,1,0.089285714,0.107142857,0,0.803571429,0
472,1,0,0,0.018867925,0.056603774,0,0.924528302,1,0.046153846,0.215384615,0,0.723076923,0.015384615
473,1,0,0.056603774,0.113207547,0,0.018867925,0.811320755,1,0.017241379,0.137931034,0.051724138,0.793103448,0
474,0.956521739,0.043478261,0.019230769,0.153846154,0.019230769,0,0.807692308,1,0.035087719,0.105263158,0.035087719,0.807017544,0.01754386
475,1,0,0.037735849,0.113207547,0.018867925,0.056603774,0.773584906,1,0,0.166666667,0,0.833333333,0
476,1,0,0.120689655,0.017241379,0.017241379,0,0.844827586,1,0,0.158730159,0,0.793650794,0.047619048
477,0.956521739,0.043478261,0.019607843,0.215686275,0,0,0.764705882,1,0.037735849,0.056603774,0.075471698,0.830188679,0
478,1,0,0.090909091,0.145454545,0,0.072727273,0.690909091,1,0.078431373,0.019607843,0,0.901960784,0
479,0.956521739,0.043478261,0.055555556,0.055555556,0.018518519,0.018518519,0.851851852,1,0.173076923,0.038461538,0.038461538,0.75,0
480,0.956521739,0.043478261,0.038461538,0.076923077,0,0,0.884615385,1,0.185185185,0.018518519,0.018518519,0.722222222,0.055555556
481,0.956521739,0.043478261,0,0.14,0,0.02,0.84,1,0.196078431,0,0.039215686,0.745098039,0.019607843
482,0.916666667,0.083333333,0.038461538,0.134615385,0,0,0.826923077,1,0.090909091,0.036363636,0.018181818,0.8,0.054545455
483,1,0,0.037735849,0.20754717,0.018867925,0,0.735849057,1,0.057692308,0.038461538,0.057692308,0.846153846,0
484,1,0,0.089285714,0.089285714,0.017857143,0.017857143,0.785714286,1,0.115384615,0.038461538,0.038461538,0.807692308,0
485,1,0,0.055555556,0.092592593,0.018518519,0.018518519,0.814814815,1,0.196078431,0,0.019607843,0.764705882,0.019607843
486,0.956521739,0.043478261,0.074074074,0.222222222,0,0.055555556,0.648148148,1,0.019607843,0,0,0.960784314,0.019607843
487,1,0,0.107142857,0.125,0,0.035714286,0.732142857,1,0,0.087719298,0,0.877192982,0.035087719
488,0.956521739,0.043478261,0,0.196078431,0.019607843,0.039215686,0.745098039,1,0.036363636,0.090909091,0.018181818,0.854545455,0
489,0.956521739,0.043478261,0.152542373,0,0,0.050847458,0.796610169,1,0.072727273,0.072727273,0,0.836363636,0.018181818
490,0.916666667,0.083333333,0,0.08,0,0.04,0.88,1,0.192307692,0.038461538,0.038461538,0.730769231,0
491,0.956521739,0.043478261,0,0.076923077,0.038461538,0,0.884615385,1,0.066666667,0.15,0.016666667,0.75,0.016666667
492,0.956521739,0.043478261,0.090909091,0.054545455,0,0.018181818,0.836363636,1,0.127272727,0.036363636,0,0.781818182,0.054545455
493,0.916666667,0.083333333,0.152542373,0.016949153,0,0,0.830508475,1,0,0.1,0,0.833333333,0.066666667
494,1,0,0.072727273,0.181818182,0.018181818,0.054545455,0.672727273,1,0.08,0,0,0.92,0
495,1,0,0.037735849,0.018867925,0.018867925,0.037735849,0.886792453,1,0.047619048,0.19047619,0,0.746031746,0.015873016
496,1,0,0.056603774,0.056603774,0,0.037735849,0.849056604,1,0.107142857,0.107142857,0.035714286,0.75,0
497,0.956521739,0.043478261,0.161290323,0.112903226,0.032258065,0,0.693548387,1,0,0,0,0.961538462,0.038461538
498,0.956521739,0.043478261,0.056603774,0.188679245,0,0.056603774,0.698113208,1,0.037735849,0.037735849,0,0.905660377,0.018867925
499,0.916666667,0.083333333,0.019607843,0.274509804,0,0,0.705882353,1,0.02,0,0.08,0.9,0
500,1,0,0,0.22,0,0.04,0.74,1,0.134615385,0,0,0.826923077,0.038461538
501,0.916666667,0.083333333,0.074074074,0.055555556,0,0.037037037,0.833333333,1,0.176470588,0,0.019607843,0.784313725,0.019607843
502,1,0,0.074074074,0.037037037,0,0.037037037,0.851851852,1,0.125,0.089285714,0.017857143,0.75,0.017857143
503,0.956521739,0.043478261,0.019607843,0.098039216,0,0.039215686,0.843137255,1,0.032786885,0.147540984,0,0.786885246,0.032786885
504,0.956521739,0.043478261,0.13559322,0.101694915,0.016949153,0,0.745762712,1,0,0.055555556,0.037037037,0.888888889,0.018518519
505,0.956521739,0.043478261,0.129032258,0.032258065,0.064516129,0,0.774193548,1,0.117647059,0.019607843,0,0.862745098,0
506,1,0,0.074074074,0.037037037,0,0.055555556,0.833333333,1,0.235294118,0,0,0.745098039,0.019607843
507,0.956521739,0.043478261,0,0.018867925,0.056603774,0.018867925,0.905660377,1,0.137931034,0.137931034,0,0.724137931,0
508,0.916666667,0.083333333,0.018181818,0.054545455,0.072727273,0,0.854545455,1,0.127272727,0.090909091,0,0.781818182,0
509,0.956521739,0.043478261,0,0.211538462,0.038461538,0,0.75,1,0.098039216,0.019607843,0.039215686,0.843137255,0
510,0.956521739,0.043478261,0.019607843,0.039215686,0,0.058823529,0.882352941,1,0.120689655,0.120689655,0,0.74137931,0.017241379
511,1,0,0.037735849,0.245283019,0.018867925,0.037735849,0.660377358,1,0,0.056603774,0.018867925,0.924528302,0
512,1,0,0.056603774,0.20754717,0,0.037735849,0.698113208,1,0.057692308,0.019230769,0.019230769,0.884615385,0.019230769
513,0.916666667,0.083333333,0,0.26,0,0,0.74,1,0.038461538,0.019230769,0.057692308,0.865384615,0.019230769
514,1,0,0.019607843,0.058823529,0,0.058823529,0.862745098,1,0.274509804,0,0,0.705882353,0.019607843
515,1,0,0.15,0.033333333,0.016666667,0.033333333,0.766666667,1,0.094339623,0.037735849,0,0.849056604,0.018867925
516,0.956521739,0.043478261,0.087719298,0.070175439,0.035087719,0.035087719,0.771929825,1,0.137254902,0.019607843,0,0.843137255,0
517,1,0,0.147540984,0.114754098,0.032786885,0.016393443,0.68852459,1,0.04,0,0.02,0.94,0
518,0.916666667,0.083333333,0.019607843,0.058823529,0,0.078431373,0.843137255,1,0.192307692,0.038461538,0,0.769230769,0
519,0.916666667,0.083333333,0.038461538,0.115384615,0,0.019230769,0.826923077,1,0.137254902,0.019607843,0.058823529,0.784313725,0
520,1,0,0.122807018,0.087719298,0,0.035087719,0.754385965,1,0.096153846,0.019230769,0.019230769,0.846153846,0.019230769
521,0.916666667,0.083333333,0,0.04,0,0.02,0.94,1,0.269230769,0,0.019230769,0.673076923,0.038461538
522,0.956521739,0.043478261,0.133333333,0.05,0.033333333,0.033333333,0.75,1,0.018181818,0.090909091,0,0.890909091,0
523,0.956521739,0.043478261,0.072727273,0.109090909,0.018181818,0,0.8,1,0.017857143,0.107142857,0.053571429,0.821428571,0
524,1,0,0.193548387,0.016129032,0,0.048387097,0.741935484,1,0.078431373,0.019607843,0.019607843,0.882352941,0
525,1,0,0.163934426,0,0.016393443,0,0.819672131,1,0.089285714,0.053571429,0,0.803571429,0.053571429
526,1,0,0.166666667,0,0,0.016666667,0.816666667,1,0.12962963,0.018518519,0,0.796296296,0.055555556
527,1,0,0.090909091,0.145454545,0,0.036363636,0.727272727,1,0.017857143,0.071428571,0,0.875,0.035714286
528,0.916666667,0.083333333,0.122807018,0.035087719,0,0.01754386,0.824561404,1,0.096153846,0.038461538,0.057692308,0.807692308,0
529,0.88,0.12,0.074074074,0.203703704,0,0,0.722222222,1,0,0,0.018867925,0.924528302,0.056603774
530,0.916666667,0.083333333,0.055555556,0.111111111,0.018518519,0,0.814814815,1,0.034482759,0.086206897,0,0.827586207,0.051724138
531,1,0,0.120689655,0.034482759,0.017241379,0.017241379,0.810344828,1,0.071428571,0.089285714,0.017857143,0.803571429,0.017857143
532,0.956521739,0.043478261,0.055555556,0.018518519,0.018518519,0.018518519,0.888888889,1,0.226415094,0.018867925,0,0.716981132,0.037735849
533,0.956521739,0.043478261,0.038461538,0.153846154,0,0.019230769,0.788461538,1,0.035087719,0.087719298,0.01754386,0.824561404,0.035087719
534,0.88,0.12,0.018867925,0.094339623,0.037735849,0.037735849,0.811320755,1,0.18,0,0,0.82,0
535,1,0,0.072727273,0.072727273,0.018181818,0,0.836363636,1,0.125,0.053571429,0,0.767857143,0.053571429
536,0.956521739,0.043478261,0.056603774,0.113207547,0,0.018867925,0.811320755,1,0.137254902,0.019607843,0.058823529,0.784313725,0
537,0.916666667,0.083333333,0.074074074,0.055555556,0,0.037037037,0.833333333,1,0.176470588,0,0.019607843,0.784313725,0.019607843
538,0.88,0.12,0,0.153846154,0.038461538,0.038461538,0.769230769,1,0.117647059,0.019607843,0,0.862745098,0
539,0.956521739,0.043478261,0.037735849,0.150943396,0.018867925,0,0.79245283,1,0.053571429,0.071428571,0.017857143,0.821428571,0.035714286
540,1,0,0.037037037,0.166666667,0.037037037,0.037037037,0.722222222,1,0,0.122807018,0,0.877192982,0
541,0.956521739,0.043478261,0.1,0.016666667,0.066666667,0,0.816666667,1,0.111111111,0.074074074,0,0.814814815,0
542,1,0,0.089285714,0.196428571,0.017857143,0.035714286,0.660714286,1,0.019230769,0.019230769,0,0.942307692,0.019230769
543,1,0,0.147540984,0.06557377,0.032786885,0,0.754098361,1,0,0.089285714,0.017857143,0.875,0.017857143
544,1,0,0.13559322,0.06779661,0.016949153,0.033898305,0.745762712,1,0,0.107142857,0.017857143,0.875,0
545,1,0,0.055555556,0,0.018518519,0.055555556,0.87037037,1,0.120689655,0.137931034,0,0.74137931,0
546,1,0,0,0.16,0,0.06,0.78,1,0.109090909,0.072727273,0,0.8,0.018181818
547,1,0,0.107142857,0.017857143,0,0.017857143,0.857142857,1,0.105263158,0.087719298,0.01754386,0.754385965,0.035087719
548,0.956521739,0.043478261,0.018867925,0.056603774,0.037735849,0,0.886792453,1,0.142857143,0.089285714,0.017857143,0.732142857,0.017857143
549,0.956521739,0.043478261,0,0.04,0,0,0.96,1,0.15,0.1,0,0.683333333,0.066666667
550,0.956521739,0.043478261,0.019230769,0.057692308,0.019230769,0.038461538,0.865384615,1,0.188679245,0.056603774,0.018867925,0.735849057,0
551,0.956521739,0.043478261,0.019230769,0.019230769,0.019230769,0.019230769,0.923076923,1,0.294117647,0,0.019607843,0.666666667,0.019607843
552,0.916666667,0.083333333,0.072727273,0.127272727,0.018181818,0.054545455,0.727272727,1,0.078431373,0.019607843,0,0.901960784,0
553,0.956521739,0.043478261,0.038461538,0.076923077,0,0.038461538,0.846153846,1,0.192307692,0.019230769,0.019230769,0.75,0.019230769
554,1,0,0,0.039215686,0.019607843,0.039215686,0.901960784,1,0.240740741,0.055555556,0,0.685185185,0.018518519
555,0.88,0.12,0,0.019607843,0.019607843,0.019607843,0.941176471,1,0.254901961,0.019607843,0.039215686,0.68627451,0
556,0.956521739,0.043478261,0.038461538,0.019230769,0,0.019230769,0.923076923,1,0.2,0.054545455,0.018181818,0.690909091,0.036363636
557,0.956521739,0.043478261,0.137931034,0.068965517,0,0.051724138,0.74137931,1,0.037037037,0.055555556,0,0.888888889,0.018518519
558,1,0,0.137931034,0.034482759,0,0.068965517,0.75862069,1,0.137254902,0.019607843,0,0.843137255,0
559,1,0,0.074074074,0.111111111,0,0,0.814814815,1,0.074074074,0.074074074,0.074074074,0.777777778,0
560,1,0,0.086206897,0.068965517,0.051724138,0.017241379,0.775862069,1,0.134615385,0.038461538,0,0.826923077,0
561,0.88,0.12,0,0.078431373,0.019607843,0,0.901960784,1,0.084745763,0.101694915,0,0.762711864,0.050847458
562,1,0,0,0.137254902,0.019607843,0,0.843137255,1,0.070175439,0.122807018,0.052631579,0.754385965,0
563,0.956521739,0.043478261,0,0.26,0,0.02,0.72,1,0.018181818,0.054545455,0.018181818,0.872727273,0.036363636
564,0.88,0.12,0.019607843,0,0,0,0.980392157,1,0.203703704,0.055555556,0.055555556,0.666666667,0.018518519
565,1,0,0.072727273,0.090909091,0.018181818,0.036363636,0.781818182,1,0.132075472,0.037735849,0,0.811320755,0.018867925
566,1,0,0.018867925,0.056603774,0.037735849,0,0.886792453,1,0.163636364,0.090909091,0.036363636,0.709090909,0
567,0.916666667,0.083333333,0.037037037,0.074074074,0.037037037,0.018518519,0.833333333,1,0.132075472,0.056603774,0.018867925,0.79245283,0
568,0.956521739,0.043478261,0,0.176470588,0.019607843,0.058823529,0.745098039,1,0.16,0,0,0.84,0
569,0.956521739,0.043478261,0.037037037,0.111111111,0.037037037,0.037037037,0.777777778,1,0.156862745,0.019607843,0,0.823529412,0
570,1,0,0.089285714,0.071428571,0.017857143,0.035714286,0.785714286,1,0.156862745,0.019607843,0.019607843,0.803921569,0
571,0.956521739,0.043478261,0.056603774,0.169811321,0,0,0.773584906,1,0.01754386,0.070175439,0.01754386,0.842105263,0.052631579
572,1,0,0.122807018,0.175438596,0,0.035087719,0.666666667,1,0.02,0,0.04,0.94,0
573,0.956521739,0.043478261,0,0.22,0,0.04,0.74,1,0.12,0,0.04,0.84,0
574,0.956521739,0.043478261,0.089285714,0.089285714,0.017857143,0.017857143,0.785714286,1,0.134615385,0,0,0.826923077,0.038461538
575,1,0,0.107142857,0.142857143,0,0,0.75,1,0.057692308,0.019230769,0.057692308,0.846153846,0.019230769
576,1,0,0.137931034,0.068965517,0,0.017241379,0.775862069,1,0.01754386,0.087719298,0.01754386,0.842105263,0.035087719
577,1,0,0.038461538,0.153846154,0,0.038461538,0.769230769,1,0.111111111,0.037037037,0,0.814814815,0.037037037
578,0.956521739,0.043478261,0.072727273,0.2,0.018181818,0.018181818,0.690909091,1,0.038461538,0,0,0.923076923,0.038461538
579,1,0,0.055555556,0.148148148,0.018518519,0.037037037,0.740740741,1,0.055555556,0.074074074,0.018518519,0.851851852,0
580,0.956521739,0.043478261,0.089285714,0.107142857,0.017857143,0,0.785714286,1,0.113207547,0,0,0.830188679,0.056603774
581,1,0,0.090909091,0.163636364,0,0.018181818,0.727272727,1,0.078431373,0,0.039215686,0.862745098,0.019607843
582,0.88,0.12,0.018181818,0.090909091,0.072727273,0,0.818181818,1,0.053571429,0.107142857,0,0.839285714,0
583,1,0,0.072727273,0.036363636,0.018181818,0,0.872727273,1,0.185185185,0.037037037,0.018518519,0.722222222,0.037037037
584,0.956521739,0.043478261,0,0,0.019607843,0.039215686,0.941176471,1,0.214285714,0.089285714,0,0.678571429,0.017857143
585,1,0,0.037735849,0.188679245,0.018867925,0.018867925,0.735849057,1,0.017857143,0.089285714,0.017857143,0.857142857,0.017857143
586,0.88,0.12,0,0.1,0,0.08,0.82,1,0.153846154,0.038461538,0,0.807692308,0
587,0.916666667,0.083333333,0.038461538,0.173076923,0,0.019230769,0.769230769,1,0.1,0,0.06,0.84,0
588,1,0,0.038461538,0.115384615,0,0.038461538,0.807692308,1,0.153846154,0.038461538,0.038461538,0.769230769,0
589,0.956521739,0.043478261,0.037735849,0.169811321,0.018867925,0.037735849,0.735849057,1,0,0.107142857,0.017857143,0.875,0
590,1,0,0.072727273,0.145454545,0.018181818,0.018181818,0.745454545,1,0.017857143,0.089285714,0.017857143,0.857142857,0.017857143
591,0.956521739,0.043478261,0.166666667,0.066666667,0,0.016666667,0.75,1,0.018867925,0.037735849,0.037735849,0.886792453,0.018867925
592,1,0,0.107142857,0.142857143,0,0.053571429,0.696428571,1,0.038461538,0.038461538,0.019230769,0.903846154,0
593,0.956521739,0.043478261,0.090909091,0.036363636,0,0,0.872727273,1,0.188679245,0,0.018867925,0.735849057,0.056603774
594,0.956521739,0.043478261,0.038461538,0.153846154,0,0.038461538,0.769230769,1,0.094339623,0.037735849,0.018867925,0.830188679,0.018867925
595,0.956521739,0.043478261,0.019607843,0.235294118,0,0.019607843,0.725490196,1,0.076923077,0,0.019230769,0.865384615,0.038461538
596,0.956521739,0.043478261,0.037735849,0.132075472,0.018867925,0.018867925,0.79245283,1,0.072727273,0.072727273,0.018181818,0.818181818,0.018181818
597,0.916666667,0.083333333,0,0.14,0,0.06,0.8,1,0.072727273,0.090909091,0.018181818,0.818181818,0
598,0.956521739,0.043478261,0.056603774,0.056603774,0,0,0.886792453,1,0.20754717,0,0.018867925,0.716981132,0.056603774
599,1,0,0.056603774,0.037735849,0,0.037735849,0.867924528,1,0.188679245,0.056603774,0.037735849,0.716981132,0
600,0.956521739,0.043478261,0.037735849,0.113207547,0.018867925,0,0.830188679,1,0,0.152542373,0.050847458,0.796610169,0
601,1,0,0,0.137254902,0.019607843,0.039215686,0.803921569,1,0.089285714,0.107142857,0.017857143,0.785714286,0
602,0.956521739,0.043478261,0,0.117647059,0.019607843,0.019607843,0.843137255,1,0.145454545,0.054545455,0,0.763636364,0.036363636
603,0.956521739,0.043478261,0,0.24,0,0,0.76,1,0.092592593,0,0,0.833333333,0.074074074
604,1,0,0.056603774,0.094339623,0,0,0.849056604,1,0.068965517,0.103448276,0.034482759,0.75862069,0.034482759
605,1,0,0.074074074,0.092592593,0,0.018518519,0.814814815,1,0.035087719,0.122807018,0.052631579,0.789473684,0
606,1,0,0.018181818,0.218181818,0.072727273,0,0.690909091,1,0.057692308,0.038461538,0,0.903846154,0
607,0.916666667,0.083333333,0.019230769,0,0.019230769,0,0.961538462,1,0.064516129,0.177419355,0.032258065,0.709677419,0.016129032
608,1,0,0.056603774,0.056603774,0,0.037735849,0.849056604,1,0.166666667,0.055555556,0.018518519,0.740740741,0.018518519
609,1,0,0.038461538,0.230769231,0,0.019230769,0.711538462,1,0.037037037,0.037037037,0.018518519,0.87037037,0.037037037
610,0.916666667,0.083333333,0.038461538,0.115384615,0,0,0.846153846,1,0.035087719,0.105263158,0.052631579,0.789473684,0.01754386
611,0.956521739,0.043478261,0.038461538,0.038461538,0,0.019230769,0.903846154,1,0.254901961,0,0.039215686,0.68627451,0.019607843
612,0.916666667,0.083333333,0.019230769,0.096153846,0.019230769,0,0.865384615,1,0.090909091,0.090909091,0.054545455,0.763636364,0
613,1,0,0.14516129,0.129032258,0.048387097,0.016129032,0.661290323,1,0,0.019607843,0,0.980392157,0
614,0.88,0.12,0.037037037,0.037037037,0.037037037,0.037037037,0.851851852,1,0.196078431,0.019607843,0,0.784313725,0
615,1,0,0.055555556,0.055555556,0.018518519,0.018518519,0.851851852,1,0.125,0.089285714,0.017857143,0.75,0.017857143
616,1,0,0,0.12,0,0.06,0.82,1,0.166666667,0.055555556,0,0.759259259,0.018518519
617,0.956521739,0.043478261,0.053571429,0.035714286,0.053571429,0.017857143,0.839285714,1,0.215686275,0.019607843,0,0.764705882,0
618,1,0,0.054545455,0,0.036363636,0,0.909090909,1,0.118644068,0.13559322,0.016949153,0.711864407,0.016949153
619,1,0,0.120689655,0.103448276,0.017241379,0.034482759,0.724137931,1,0,0.090909091,0.018181818,0.890909091,0
620,0.956521739,0.043478261,0.038461538,0.230769231,0,0.019230769,0.711538462,1,0.06,0,0.06,0.88,0
621,1,0,0,0.098039216,0.019607843,0,0.882352941,1,0.235294118,0.019607843,0.058823529,0.68627451,0
622,0.956521739,0.043478261,0.105263158,0,0.01754386,0,0.877192982,1,0.22,0,0.06,0.72,0
623,1,0,0.056603774,0.056603774,0,0.075471698,0.811320755,1,0.107142857,0.107142857,0,0.785714286,0
624,0.956521739,0.043478261,0.019607843,0.058823529,0,0.078431373,0.843137255,1,0.211538462,0.038461538,0,0.75,0
625,0.88,0.12,0.037735849,0.037735849,0.018867925,0.056603774,0.849056604,1,0.150943396,0.056603774,0,0.79245283,0
626,1,0,0.037037037,0.055555556,0.037037037,0.037037037,0.833333333,1,0.032786885,0.180327869,0,0.786885246,0
627,1,0,0.055555556,0.111111111,0.018518519,0.037037037,0.777777778,1,0.072727273,0.090909091,0.018181818,0.818181818,0
628,1,0,0.103448276,0.051724138,0.034482759,0.034482759,0.775862069,1,0.134615385,0.038461538,0,0.826923077,0
629,0.916666667,0.083333333,0,0.098039216,0.019607843,0.019607843,0.862745098,1,0.173076923,0.038461538,0.038461538,0.75,0
630,0.956521739,0.043478261,0.071428571,0.107142857,0.035714286,0,0.785714286,1,0.14,0,0.04,0.82,0
631,0.956521739,0.043478261,0.019607843,0.215686275,0,0.058823529,0.705882353,1,0.098039216,0,0,0.882352941,0.019607843
632,1,0,0.019607843,0.098039216,0,0,0.882352941,1,0.103448276,0.103448276,0.034482759,0.724137931,0.034482759
633,0.956521739,0.043478261,0.037735849,0.20754717,0.018867925,0.018867925,0.716981132,1,0.018867925,0.056603774,0.037735849,0.886792453,0
634,0.956521739,0.043478261,0.038461538,0.057692308,0,0,0.903846154,1,0.016129032,0.177419355,0.048387097,0.741935484,0.016129032
635,0.956521739,0.043478261,0,0.08,0,0.04,0.88,1,0.103448276,0.120689655,0.017241379,0.74137931,0.017241379
636,1,0,0.142857143,0.095238095,0.063492063,0,0.698412698,1,0.06,0,0,0.94,0
637,0.956521739,0.043478261,0.055555556,0.222222222,0.018518519,0.018518519,0.685185185,1,0.04,0,0.04,0.92,0
638,0.916666667,0.083333333,0.037735849,0.188679245,0.018867925,0.018867925,0.735849057,1,0.076923077,0,0,0.884615385,0.038461538
639,0.956521739,0.043478261,0.180327869,0,0,0,0.819672131,1,0.12,0,0.08,0.8,0
640,0.916666667,0.083333333,0.037735849,0.150943396,0.018867925,0,0.79245283,1,0.055555556,0.055555556,0.037037037,0.833333333,0.018518519
641,1,0,0.072727273,0.054545455,0.018181818,0,0.854545455,1,0.015873016,0.158730159,0,0.777777778,0.047619048
642,0.956521739,0.043478261,0,0.215686275,0.019607843,0.019607843,0.745098039,1,0.035714286,0.071428571,0,0.857142857,0.035714286
643,1,0,0.019607843,0.137254902,0,0.078431373,0.764705882,1,0.111111111,0.074074074,0,0.814814815,0
644,1,0,0.15,0.016666667,0.016666667,0.016666667,0.8,1,0.111111111,0.037037037,0,0.814814815,0.037037037
645,0.956521739,0.043478261,0.036363636,0.127272727,0.054545455,0,0.781818182,1,0.094339623,0.056603774,0.018867925,0.830188679,0
646,0.956521739,0.043478261,0.019607843,0.235294118,0,0.019607843,0.725490196,1,0.056603774,0.018867925,0.018867925,0.867924528,0.037735849
647,0.916666667,0.083333333,0.054545455,0.036363636,0.036363636,0,0.872727273,1,0.109090909,0.090909091,0.036363636,0.763636364,0
648,1,0,0,0.075471698,0.056603774,0,0.867924528,1,0.163636364,0.090909091,0.018181818,0.727272727,0
649,1,0,0.089285714,0.071428571,0.017857143,0,0.821428571,1,0.053571429,0.107142857,0.053571429,0.785714286,0
650,0.916666667,0.083333333,0,0.156862745,0.019607843,0.058823529,0.764705882,1,0.115384615,0.038461538,0,0.846153846,0
651,0.956521739,0.043478261,0.056603774,0.094339623,0,0.056603774,0.79245283,1,0.18,0,0.02,0.8,0
652,1,0,0.152542373,0.033898305,0,0.050847458,0.762711864,1,0.094339623,0.037735849,0,0.849056604,0.018867925
653,1,0,0.018867925,0.188679245,0.037735849,0.037735849,0.716981132,1,0.117647059,0.019607843,0,0.862745098,0
654,1,0,0.056603774,0.037735849,0,0,0.905660377,1,0.101694915,0.118644068,0.033898305,0.711864407,0.033898305
655,1,0,0.107142857,0,0,0.035714286,0.857142857,1,0.192307692,0.038461538,0.038461538,0.730769231,0
656,0.956521739,0.043478261,0.038461538,0.096153846,0,0,0.865384615,1,0.071428571,0.107142857,0.071428571,0.75,0
657,1,0,0.038461538,0.019230769,0,0,0.942307692,1,0.245283019,0.037735849,0.056603774,0.641509434,0.018867925
658,1,0,0.074074074,0.037037037,0,0.055555556,0.833333333,1,0.215686275,0.019607843,0.019607843,0.745098039,0
659,0.916666667,0.083333333,0.090909091,0.145454545,0,0.018181818,0.745454545,1,0.057692308,0,0.019230769,0.884615385,0.038461538
660,0.916666667,0.083333333,0,0.211538462,0.038461538,0,0.75,1,0.018518519,0.074074074,0.037037037,0.87037037,0
661,0.956521739,0.043478261,0.019607843,0.156862745,0,0,0.823529412,1,0.134615385,0.019230769,0.057692308,0.769230769,0.019230769
662,1,0,0.037735849,0.113207547,0.018867925,0.037735849,0.79245283,1,0.2,0,0.02,0.78,0
663,0.956521739,0.043478261,0.019607843,0.058823529,0,0,0.921568627,1,0.137931034,0.086206897,0.017241379,0.706896552,0.051724138
664,0.956521739,0.043478261,0.019607843,0.176470588,0,0.039215686,0.764705882,1,0.072727273,0.054545455,0,0.836363636,0.036363636
665,0.88,0.12,0.019607843,0.039215686,0,0.058823529,0.882352941,1,0.235294118,0,0,0.745098039,0.019607843
666,1,0,0,0.22,0,0.04,0.74,1,0.054545455,0.072727273,0.018181818,0.836363636,0.018181818
667,1,0,0.056603774,0.226415094,0,0.018867925,0.698113208,1,0,0.056603774,0.056603774,0.886792453,0
668,0.956521739,0.043478261,0.072727273,0.181818182,0.018181818,0,0.727272727,1,0.038461538,0.019230769,0.038461538,0.884615385,0.019230769
669,0.88,0.12,0.019607843,0.098039216,0,0,0.882352941,1,0.072727273,0.090909091,0.072727273,0.763636364,0
670,1,0,0.019607843,0.196078431,0,0.039215686,0.745098039,1,0.074074074,0.055555556,0.018518519,0.833333333,0.018518519
671,0.916666667,0.083333333,0.137931034,0.103448276,0,0,0.75862069,1,0.019230769,0.019230769,0.057692308,0.884615385,0.019230769
672,0.956521739,0.043478261,0.019607843,0.176470588,0,0.039215686,0.764705882,1,0,0.120689655,0.017241379,0.844827586,0.017241379
673,1,0,0.090909091,0.090909091,0,0.054545455,0.763636364,1,0.113207547,0.037735849,0,0.830188679,0.018867925
674,0.916666667,0.083333333,0,0.156862745,0.019607843,0,0.823529412,1,0.153846154,0,0.019230769,0.788461538,0.038461538
675,0.956521739,0.043478261,0.019230769,0.096153846,0.019230769,0,0.865384615,1,0.166666667,0.037037037,0.018518519,0.740740741,0.037037037
676,0.956521739,0.043478261,0.056603774,0.113207547,0,0.018867925,0.811320755,1,0.132075472,0.018867925,0.018867925,0.79245283,0.037735849
677,1,0,0.105263158,0.087719298,0.01754386,0.01754386,0.771929825,1,0.072727273,0.054545455,0,0.836363636,0.036363636
678,1,0,0.056603774,0,0,0.037735849,0.905660377,1,0.140350877,0.122807018,0.035087719,0.701754386,0
679,0.956521739,0.043478261,0.056603774,0.075471698,0,0,0.867924528,1,0.033333333,0.133333333,0.033333333,0.766666667,0.033333333
680,1,0,0.107142857,0.035714286,0,0,0.857142857,1,0.196078431,0,0.058823529,0.725490196,0.019607843
681,0.88,0.12,0.055555556,0.055555556,0.018518519,0,0.87037037,1,0.173076923,0,0.019230769,0.769230769,0.038461538
682,0.916666667,0.083333333,0.038461538,0.019230769,0,0,0.942307692,1,0.240740741,0,0,0.685185185,0.074074074
683,1,0,0.071428571,0.196428571,0.035714286,0.017857143,0.678571429,1,0.06,0,0.02,0.92,0
684,0.916666667,0.083333333,0.107142857,0.053571429,0,0.035714286,0.803571429,1,0.035087719,0.087719298,0,0.842105263,0.035087719
685,0.956521739,0.043478261,0.019607843,0.137254902,0,0,0.843137255,1,0.176470588,0,0.058823529,0.745098039,0.019607843
686,0.88,0.12,0.089285714,0,0.017857143,0,0.892857143,1,0.166666667,0.018518519,0,0.759259259,0.055555556
687,0.956521739,0.043478261,0.131147541,0.049180328,0.049180328,0,0.770491803,1,0.076923077,0.038461538,0.019230769,0.865384615,0
688,1,0,0.152542373,0.118644068,0,0.050847458,0.677966102,1,0.04,0,0.02,0.94,0
689,1,0,0.019230769,0.115384615,0.019230769,0.057692308,0.788461538,1,0.12962963,0.074074074,0,0.796296296,0
690,0.956521739,0.043478261,0.072727273,0.090909091,0.018181818,0,0.818181818,1,0.092592593,0.055555556,0.037037037,0.796296296,0.018518519
691,1,0,0.074074074,0.055555556,0,0.018518519,0.851851852,1,0.196078431,0.019607843,0.058823529,0.725490196,0
692,1,0,0,0.14,0,0.04,0.82,1,0.22,0,0.04,0.74,0
693,1,0,0.038461538,0.230769231,0,0.038461538,0.692307692,1,0.08,0,0.04,0.88,0
694,1,0,0.019230769,0.134615385,0.019230769,0,0.826923077,1,0.188679245,0,0,0.754716981,0.056603774
695,0.956521739,0.043478261,0,0.235294118,0.019607843,0.019607843,0.725490196,1,0.078431373,0.019607843,0.039215686,0.862745098,0
696,0.956521739,0.043478261,0.056603774,0.188679245,0,0.037735849,0.716981132,1,0.037037037,0.037037037,0,0.888888889,0.037037037
697,0.956521739,0.043478261,0.133333333,0.066666667,0.033333333,0.033333333,0.733333333,1,0.1,0,0,0.9,0
698,0.956521739,0.043478261,0,0.24,0,0.02,0.74,1,0.057692308,0.038461538,0.057692308,0.846153846,0
699,1,0,0.090909091,0.054545455,0,0.054545455,0.8,1,0.173076923,0.019230769,0,0.788461538,0.019230769
700,1,0,0,0.156862745,0.019607843,0.019607843,0.803921569,1,0.148148148,0.037037037,0,0.777777778,0.037037037
701,0.956521739,0.043478261,0,0.02,0,0.02,0.96,1,0.178571429,0.107142857,0.053571429,0.660714286,0
702,1,0,0.056603774,0,0,0.018867925,0.924528302,1,0.157894737,0.105263158,0.035087719,0.684210526,0.01754386
703,1,0,0.089285714,0.125,0.017857143,0,0.767857143,1,0.056603774,0.056603774,0.056603774,0.830188679,0
704,1,0,0.056603774,0.075471698,0,0.037735849,0.830188679,1,0.127272727,0.072727273,0.018181818,0.763636364,0.018181818
705,1,0,0.071428571,0.089285714,0.035714286,0,0.803571429,1,0.156862745,0.019607843,0.039215686,0.784313725,0
706,0.956521739,0.043478261,0.037037037,0,0.037037037,0,0.925925926,1,0.063492063,0.174603175,0,0.73015873,0.031746032
707,1,0,0.089285714,0.017857143,0.017857143,0.035714286,0.839285714,1,0.050847458,0.152542373,0.016949153,0.779661017,0
708,1,0,0.074074074,0.018518519,0,0.074074074,0.833333333,1,0.166666667,0.074074074,0,0.759259259,0
709,0.956521739,0.043478261,0.090909091,0.036363636,0,0.018181818,0.854545455,1,0.070175439,0.105263158,0.035087719,0.771929825,0.01754386
710,0.956521739,0.043478261,0,0.22,0,0,0.78,1,0.111111111,0,0,0.814814815,0.074074074
711,0.956521739,0.043478261,0.019607843,0.196078431,0,0,0.784313725,1,0.111111111,0,0,0.814814815,0.074074074
712,1,0,0,0.196078431,0.019607843,0,0.784313725,1,0.137254902,0.019607843,0.058823529,0.784313725,0
713,0.956521739,0.043478261,0.019607843,0.176470588,0,0,0.803921569,1,0.117647059,0.019607843,0.078431373,0.784313725,0
714,1,0,0.118644068,0.050847458,0.033898305,0.016949153,0.779661017,1,0.134615385,0.019230769,0,0.826923077,0.019230769
715,1,0,0.074074074,0.055555556,0,0.018518519,0.851851852,1,0.150943396,0.056603774,0.056603774,0.735849057,0
716,0.956521739,0.043478261,0,0.24,0,0,0.76,1,0.057692308,0.038461538,0.076923077,0.826923077,0
717,1,0,0.054545455,0.127272727,0.036363636,0.036363636,0.745454545,1,0.074074074,0.074074074,0,0.851851852,0
718,0.916666667,0.083333333,0.019607843,0.098039216,0,0.058823529,0.823529412,1,0.132075472,0.056603774,0.018867925,0.79245283,0
719,1,0,0,0.12,0,0.04,0.84,1,0.068965517,0.137931034,0.034482759,0.75862069,0
720,1,0,0.122807018,0.175438596,0,0.035087719,0.666666667,1,0.019607843,0,0.019607843,0.941176471,0.019607843
721,1,0,0.019230769,0.153846154,0.019230769,0.019230769,0.788461538,1,0.150943396,0.018867925,0,0.79245283,0.037735849
722,1,0,0.056603774,0.188679245,0,0.075471698,0.679245283,1,0.1,0,0,0.9,0
723,1,0,0,0.22,0,0.02,0.76,1,0.137254902,0,0.039215686,0.803921569,0.019607843
724,0.916666667,0.083333333,0.018867925,0.245283019,0.037735849,0.037735849,0.660377358,1,0,0.038461538,0,0.961538462,0
725,0.916666667,0.083333333,0.019230769,0.230769231,0.019230769,0.038461538,0.692307692,1,0.039215686,0.019607843,0.019607843,0.921568627,0
726,1,0,0.036363636,0.109090909,0.054545455,0,0.8,1,0.034482759,0.137931034,0.017241379,0.810344828,0
727,0.956521739,0.043478261,0,0.235294118,0.019607843,0,0.745098039,1,0.057692308,0.038461538,0.057692308,0.846153846,0
728,0.916666667,0.083333333,0,0.18,0,0.06,0.76,1,0.137254902,0,0,0.843137255,0.019607843
729,0.956521739,0.043478261,0.055555556,0.092592593,0.018518519,0,0.833333333,1,0.134615385,0.038461538,0.057692308,0.769230769,0
730,1,0,0,0.176470588,0.019607843,0.019607843,0.784313725,1,0.113207547,0.056603774,0.037735849,0.79245283,0
731,1,0,0.036363636,0.236363636,0.054545455,0,0.672727273,1,0.058823529,0,0,0.921568627,0.019607843
732,1,0,0.074074074,0.185185185,0,0.037037037,0.703703704,1,0.018518519,0.055555556,0.018518519,0.888888889,0.018518519
733,0.956521739,0.043478261,0.105263158,0,0.01754386,0.01754386,0.859649123,1,0.192307692,0.019230769,0.019230769,0.75,0.019230769
734,1,0,0.107142857,0.142857143,0,0.035714286,0.714285714,1,0.076923077,0,0,0.884615385,0.038461538
735,0.916666667,0.083333333,0.101694915,0.118644068,0.050847458,0.016949153,0.711864407,1,0.039215686,0.019607843,0,0.941176471,0
736,0.916666667,0.083333333,0.203125,0.03125,0.015625,0.046875,0.703125,1,0.02,0,0,0.98,0
737,1,0,0.036363636,0.145454545,0.054545455,0,0.763636364,1,0.137254902,0.019607843,0.019607843,0.823529412,0
738,0.956521739,0.043478261,0.037735849,0.113207547,0.018867925,0,0.830188679,1,0.107142857,0.053571429,0,0.785714286,0.053571429
739,0.956521739,0.043478261,0.056603774,0.150943396,0,0.018867925,0.773584906,1,0,0.105263158,0.035087719,0.842105263,0.01754386
740,0.956521739,0.043478261,0.163934426,0,0.016393443,0,0.819672131,1,0.054545455,0.072727273,0.036363636,0.818181818,0.018181818
741,0.916666667,0.083333333,0.089285714,0.017857143,0.017857143,0.017857143,0.857142857,1,0.111111111,0.074074074,0.037037037,0.777777778,0
742,0.956521739,0.043478261,0.053571429,0.107142857,0.053571429,0,0.785714286,1,0.137254902,0.019607843,0.019607843,0.823529412,0
743,0.956521739,0.043478261,0.054545455,0.2,0.036363636,0.036363636,0.672727273,1,0.039215686,0.019607843,0,0.941176471,0
744,1,0,0.018518519,0.185185185,0.055555556,0.018518519,0.722222222,1,0.117647059,0.019607843,0,0.862745098,0
745,0.956521739,0.043478261,0,0,0,0.02,0.98,1,0.175438596,0.122807018,0.052631579,0.649122807,0
746,1,0,0.072727273,0.072727273,0.018181818,0.018181818,0.818181818,1,0.153846154,0.038461538,0.038461538,0.769230769,0
747,0.916666667,0.083333333,0,0.137254902,0.019607843,0.058823529,0.784313725,1,0.017241379,0.137931034,0,0.844827586,0
748,1,0,0,0.1,0,0.06,0.84,1,0.188679245,0.056603774,0.018867925,0.735849057,0
749,1,0,0.089285714,0.125,0.017857143,0.017857143,0.75,1,0.096153846,0.019230769,0.019230769,0.846153846,0.019230769
750,0.956521739,0.043478261,0.090909091,0,0,0.054545455,0.854545455,1,0.086206897,0.120689655,0,0.775862069,0.017241379
751,0.956521739,0.043478261,0.038461538,0.038461538,0,0,0.923076923,1,0.203703704,0.037037037,0.037037037,0.685185185,0.037037037
752,0.916666667,0.083333333,0.103448276,0.068965517,0.034482759,0,0.793103448,1,0.12,0,0.04,0.84,0
753,1,0,0.054545455,0.090909091,0.036363636,0.036363636,0.781818182,1,0.090909091,0.090909091,0,0.818181818,0
754,0.956521739,0.043478261,0,0.2,0,0,0.8,1,0.055555556,0.074074074,0.074074074,0.796296296,0
755,0.956521739,0.043478261,0.056603774,0.018867925,0,0.018867925,0.905660377,1,0.160714286,0.071428571,0.017857143,0.714285714,0.035714286
756,1,0,0.055555556,0.12962963,0.018518519,0,0.796296296,1,0.153846154,0,0.019230769,0.788461538,0.038461538
757,0.956521739,0.043478261,0.038461538,0.211538462,0,0.057692308,0.692307692,1,0.038461538,0.038461538,0.019230769,0.903846154,0
758,0.956521739,0.043478261,0,0.254901961,0.019607843,0,0.725490196,1,0.018518519,0.055555556,0.037037037,0.87037037,0.018518519
759,0.916666667,0.083333333,0.072727273,0.109090909,0.018181818,0.036363636,0.763636364,1,0.037037037,0.074074074,0.018518519,0.87037037,0
760,0.916666667,0.083333333,0.055555556,0.092592593,0.018518519,0.037037037,0.796296296,1,0.115384615,0.038461538,0.019230769,0.826923077,0
761,1,0,0.074074074,0.203703704,0,0,0.722222222,1,0.037037037,0.018518519,0.018518519,0.87037037,0.055555556
762,0.956521739,0.043478261,0.105263158,0.052631579,0.01754386,0.052631579,0.771929825,1,0.074074074,0.074074074,0,0.851851852,0
763,1,0,0.056603774,0.245283019,0,0.037735849,0.660377358,1,0.038461538,0,0,0.923076923,0.038461538
764,0.956521739,0.043478261,0.056603774,0.150943396,0,0,0.79245283,1,0.035714286,0.071428571,0.035714286,0.821428571,0.035714286
765,0.88,0.12,0,0.08,0,0.04,0.88,1,0.150943396,0.056603774,0.037735849,0.754716981,0
766,0.916666667,0.083333333,0,0.098039216,0.019607843,0.039215686,0.843137255,1,0.192307692,0.019230769,0,0.769230769,0.019230769
767,0.956521739,0.043478261,0.038461538,0.134615385,0,0.038461538,0.788461538,1,0.034482759,0.103448276,0,0.827586207,0.034482759
768,0.916666667,0.083333333,0.056603774,0,0,0.018867925,0.924528302,1,0.140350877,0.087719298,0.01754386,0.719298246,0.035087719
769,0.956521739,0.043478261,0.038461538,0.269230769,0,0.057692308,0.634615385,1,0,0.019607843,0.019607843,0.960784314,0
770,1,0,0.037735849,0.075471698,0.018867925,0,0.867924528,1,0.24,0,0.06,0.7,0
771,0.956521739,0.043478261,0.074074074,0.092592593,0,0,0.833333333,1,0.111111111,0.037037037,0.037037037,0.777777778,0.037037037
772,0.916666667,0.083333333,0.056603774,0.188679245,0,0,0.754716981,1,0.056603774,0,0.018867925,0.867924528,0.056603774
773,1,0,0.107142857,0.178571429,0,0,0.714285714,1,0.019230769,0.019230769,0.057692308,0.884615385,0.019230769
774,1,0,0.206349206,0.015873016,0,0.047619048,0.73015873,1,0.08,0,0.02,0.9,0
775,0.916666667,0.083333333,0.019230769,0.076923077,0.019230769,0.019230769,0.865384615,1,0.016129032,0.161290323,0,0.790322581,0.032258065
776,0.956521739,0.043478261,0.037735849,0.113207547,0.018867925,0,0.830188679,1,0.18,0,0.06,0.76,0
777,0.956521739,0.043478261,0.103448276,0.137931034,0.034482759,0,0.724137931,1,0,0.055555556,0.018518519,0.907407407,0.018518519
778,0.916666667,0.083333333,0.056603774,0.056603774,0,0.018867925,0.867924528,1,0.192307692,0,0.019230769,0.75,0.038461538
779,1,0,0.074074074,0.018518519,0,0.055555556,0.851851852,1,0.084745763,0.13559322,0,0.762711864,0.016949153
780,0.956521739,0.043478261,0.019230769,0.057692308,0.019230769,0,0.903846154,1,0.140350877,0.087719298,0.01754386,0.719298246,0.035087719
781,1,0,0.090909091,0.181818182,0,0.018181818,0.709090909,1,0.019230769,0.038461538,0.057692308,0.884615385,0
782,0.916666667,0.083333333,0,0.235294118,0.019607843,0.058823529,0.68627451,1,0,0.074074074,0,0.925925926,0
783,1,0,0.056603774,0.113207547,0,0,0.830188679,1,0.016949153,0.13559322,0.050847458,0.779661017,0.016949153
784,1,0,0.019607843,0,0,0,0.980392157,1,0.245614035,0.052631579,0,0.631578947,0.070175439
785,1,0,0.019230769,0,0.019230769,0,0.961538462,1,0.111111111,0.158730159,0,0.682539683,0.047619048
786,0.956521739,0.043478261,0.053571429,0.089285714,0.053571429,0,0.803571429,1,0.176470588,0,0,0.803921569,0.019607843
787,1,0,0.019607843,0.235294118,0,0.058823529,0.68627451,1,0.037735849,0.056603774,0.018867925,0.886792453,0
788,1,0,0.120689655,0.017241379,0.017241379,0,0.844827586,1,0.086206897,0.086206897,0,0.775862069,0.051724138
789,1,0,0.090909091,0.218181818,0,0.018181818,0.672727273,1,0.019230769,0,0.019230769,0.923076923,0.038461538
790,1,0,0,0.274509804,0.019607843,0.019607843,0.68627451,1,0.08,0,0.04,0.88,0
791,0.88,0.12,0,0.196078431,0.019607843,0,0.784313725,1,0.057692308,0.038461538,0.057692308,0.846153846,0
792,1,0,0.055555556,0.12962963,0.018518519,0.018518519,0.777777778,1,0.134615385,0.019230769,0.019230769,0.807692308,0.019230769
793,0.956521739,0.043478261,0,0.222222222,0.074074074,0,0.703703704,1,0,0.090909091,0,0.909090909,0
794,1,0,0.038461538,0.173076923,0,0,0.788461538,1,0.111111111,0.018518519,0.018518519,0.796296296,0.055555556
795,0.956521739,0.043478261,0.087719298,0.087719298,0.035087719,0.01754386,0.771929825,1,0.137254902,0,0,0.843137255,0.019607843
796,0.956521739,0.043478261,0.122807018,0.01754386,0,0.035087719,0.824561404,1,0.051724138,0.103448276,0,0.810344828,0.034482759
797,0.956521739,0.043478261,0.074074074,0.074074074,0,0.018518519,0.833333333,1,0.134615385,0.038461538,0.057692308,0.769230769,0
798,0.916666667,0.083333333,0,0.06,0,0,0.94,1,0.166666667,0.074074074,0.074074074,0.685185185,0
799,1,0,0.122807018,0.105263158,0,0,0.771929825,1,0.074074074,0.018518519,0.018518519,0.833333333,0.055555556
800,0.956521739,0.043478261,0.056603774,0.075471698,0,0.075471698,0.79245283,1,0.2,0,0,0.8,0
801,0.956521739,0.043478261,0.056603774,0.150943396,0,0.018867925,0.773584906,1,0.018181818,0.090909091,0.054545455,0.836363636,0
802,0.956521739,0.043478261,0,0.153846154,0.038461538,0.038461538,0.769230769,1,0.156862745,0.019607843,0,0.823529412,0
803,0.956521739,0.043478261,0.107142857,0,0,0.035714286,0.857142857,1,0.148148148,0.055555556,0.018518519,0.759259259,0.018518519
804,1,0,0.118644068,0.06779661,0.033898305,0.016949153,0.762711864,1,0.074074074,0.055555556,0,0.851851852,0.018518519
805,0.956521739,0.043478261,0.019230769,0.153846154,0.019230769,0.057692308,0.75,1,0.137254902,0.019607843,0,0.843137255,0
806,0.916666667,0.083333333,0.072727273,0.109090909,0.018181818,0.036363636,0.763636364,1,0.098039216,0.019607843,0.019607843,0.862745098,0
807,1,0,0,0.12,0,0,0.88,1,0.24,0,0.08,0.68,0
808,0.956521739,0.043478261,0.037735849,0.226415094,0.018867925,0,0.716981132,1,0.057692308,0,0.019230769,0.884615385,0.038461538
809,1,0,0,0.06,0,0.04,0.9,1,0.063492063,0.174603175,0,0.73015873,0.031746032
810,1,0,0.019607843,0.039215686,0,0.058823529,0.882352941,1,0.137931034,0.120689655,0,0.724137931,0.017241379
811,1,0,0.074074074,0,0,0.018518519,0.907407407,1,0.155172414,0.086206897,0,0.706896552,0.051724138
812,1,0,0.055555556,0.185185185,0.018518519,0,0.740740741,1,0.1,0,0.06,0.84,0
813,1,0,0.15625,0.03125,0.0625,0,0.75,1,0.12,0,0,0.88,0
814,1,0,0.019607843,0.196078431,0,0.058823529,0.725490196,1,0,0.122807018,0.01754386,0.859649123,0
815,0.916666667,0.083333333,0.019230769,0.173076923,0.019230769,0,0.788461538,1,0.115384615,0,0.019230769,0.826923077,0.038461538
816,1,0,0.055555556,0.037037037,0.018518519,0.018518519,0.87037037,1,0.084745763,0.13559322,0.016949153,0.745762712,0.016949153
817,1,0,0.090909091,0.127272727,0,0.054545455,0.727272727,1,0.098039216,0.019607843,0.019607843,0.862745098,0
818,1,0,0.122807018,0.052631579,0,0.035087719,0.789473684,1,0.072727273,0.072727273,0.018181818,0.818181818,0.018181818
819,0.956521739,0.043478261,0.074074074,0,0,0.074074074,0.851851852,1,0.211538462,0.038461538,0,0.75,0
820,1,0,0.15,0.033333333,0.016666667,0.033333333,0.766666667,1,0.094339623,0.037735849,0,0.849056604,0.018867925
821,0.88,0.12,0.019607843,0.156862745,0,0.039215686,0.784313725,1,0.036363636,0.072727273,0.018181818,0.854545455,0.018181818
822,0.956521739,0.043478261,0,0.08,0,0.04,0.88,1,0.25,0,0,0.711538462,0.038461538
823,0.956521739,0.043478261,0,0.12,0,0.02,0.86,1,0.033333333,0.15,0.033333333,0.766666667,0.016666667
824,0.956521739,0.043478261,0.037735849,0.132075472,0.018867925,0.018867925,0.79245283,1,0.054545455,0.090909091,0.036363636,0.818181818,0
825,1,0,0.13559322,0.101694915,0.016949153,0.016949153,0.728813559,1,0.058823529,0.019607843,0.039215686,0.882352941,0
826,1,0,0.038461538,0.211538462,0,0,0.75,1,0.1,0,0.08,0.82,0
827,0.956521739,0.043478261,0.074074074,0.111111111,0,0.018518519,0.796296296,1,0.115384615,0.019230769,0.038461538,0.807692308,0.019230769
828,0.956521739,0.043478261,0,0.06,0,0.02,0.92,1,0.222222222,0.037037037,0.018518519,0.685185185,0.037037037
829,1,0,0.055555556,0,0.018518519,0.037037037,0.888888889,1,0.118644068,0.13559322,0,0.728813559,0.016949153
830,0.956521739,0.043478261,0.074074074,0.055555556,0,0,0.87037037,1,0.148148148,0.037037037,0.037037037,0.740740741,0.037037037
831,0.956521739,0.043478261,0.019607843,0.156862745,0,0,0.823529412,1,0.033333333,0.1,0,0.8,0.066666667
832,1,0,0.090909091,0.072727273,0,0.036363636,0.8,1,0,0.15,0.016666667,0.816666667,0.016666667
833,0.956521739,0.043478261,0.019607843,0.215686275,0,0.019607843,0.745098039,1,0.075471698,0.018867925,0.018867925,0.849056604,0.037735849
834,0.88,0.12,0.018867925,0.20754717,0.037735849,0.037735849,0.698113208,1,0.039215686,0.019607843,0,0.941176471,0
835,0.956521739,0.043478261,0.037735849,0.075471698,0.018867925,0,0.867924528,1,0.211538462,0,0.019230769,0.730769231,0.038461538
836,0.956521739,0.043478261,0.056603774,0.056603774,0,0,0.886792453,1,0.145454545,0.054545455,0.036363636,0.727272727,0.036363636
837,0.956521739,0.043478261,0.074074074,0.018518519,0,0.037037037,0.87037037,1,0.166666667,0.055555556,0.018518519,0.740740741,0.018518519
838,0.956521739,0.043478261,0.056603774,0.132075472,0,0,0.811320755,1,0,0.118644068,0.033898305,0.813559322,0.033898305
839,1,0,0.120689655,0.068965517,0.017241379,0,0.793103448,1,0,0.122807018,0.052631579,0.824561404,0
840,0.956521739,0.043478261,0.037037037,0.185185185,0.037037037,0.018518519,0.722222222,1,0.037735849,0.056603774,0.018867925,0.886792453,0
841,0.956521739,0.043478261,0,0.235294118,0.019607843,0.019607843,0.725490196,1,0.1,0,0.04,0.86,0
842,0.956521739,0.043478261,0.090909091,0.054545455,0,0,0.854545455,1,0.033898305,0.118644068,0.033898305,0.779661017,0.033898305
843,0.916666667,0.083333333,0.072727273,0.054545455,0.018181818,0,0.854545455,1,0.176470588,0,0.039215686,0.764705882,0.019607843
844,1,0,0,0.02,0,0,0.98,1,0.114754098,0.163934426,0.049180328,0.655737705,0.016393443
845,0.956521739,0.043478261,0.019607843,0.058823529,0,0.019607843,0.901960784,1,0.211538462,0.038461538,0.057692308,0.692307692,0
846,1,0,0,0.22,0,0.06,0.72,1,0.074074074,0.055555556,0,0.851851852,0.018518519
847,1,0,0.074074074,0.222222222,0,0.018518519,0.685185185,1,0,0.038461538,0.057692308,0.903846154,0
848,0.916666667,0.083333333,0.054545455,0.145454545,0.036363636,0,0.763636364,1,0.037735849,0.056603774,0.037735849,0.867924528,0
849,0.956521739,0.043478261,0.038461538,0.211538462,0,0,0.75,1,0.074074074,0,0,0.851851852,0.074074074
850,0.88,0.12,0.054545455,0.127272727,0.036363636,0,0.781818182,1,0.018181818,0.072727273,0.018181818,0.872727273,0.018181818
851,0.956521739,0.043478261,0.090909091,0.072727273,0,0,0.836363636,1,0.134615385,0.019230769,0.057692308,0.769230769,0.019230769
852,1,0,0.107142857,0.071428571,0,0,0.821428571,1,0.053571429,0.089285714,0.053571429,0.785714286,0.017857143
853,1,0,0.056603774,0.056603774,0,0.075471698,0.811320755,1,0.192307692,0.038461538,0,0.769230769,0
854,1,0,0.072727273,0.090909091,0.018181818,0,0.818181818,1,0.090909091,0.072727273,0.036363636,0.781818182,0.018181818
855,0.956521739,0.043478261,0.053571429,0.160714286,0.053571429,0.017857143,0.714285714,1,0.018518519,0.074074074,0,0.907407407,0
856,1,0,0,0.254901961,0.019607843,0,0.725490196,1,0.057692308,0.038461538,0.057692308,0.846153846,0
857,0.956521739,0.043478261,0.055555556,0.203703704,0.018518519,0.018518519,0.703703704,1,0.038461538,0.019230769,0.019230769,0.903846154,0.019230769
858,0.956521739,0.043478261,0,0.173076923,0.038461538,0.038461538,0.75,1,0.16,0,0,0.84,0
859,1,0,0.089285714,0.196428571,0.017857143,0.017857143,0.678571429,1,0,0.038461538,0.038461538,0.923076923,0
860,1,0,0.105263158,0.052631579,0.01754386,0,0.824561404,1,0.176470588,0,0.039215686,0.764705882,0.019607843
861,1,0,0.090909091,0.145454545,0,0.036363636,0.727272727,1,0.037037037,0.055555556,0.018518519,0.87037037,0.018518519
862,0.956521739,0.043478261,0.056603774,0.037735849,0,0.018867925,0.886792453,1,0.169811321,0.056603774,0.056603774,0.716981132,0
863,1,0,0.038461538,0,0,0.038461538,0.923076923,1,0.155172414,0.120689655,0.017241379,0.689655172,0.017241379
864,1,0,0.019607843,0.156862745,0,0.058823529,0.764705882,1,0.156862745,0.019607843,0.019607843,0.803921569,0
865,1,0,0.038461538,0.096153846,0,0.057692308,0.807692308,1,0.22,0,0.02,0.76,0
866,0.956521739,0.043478261,0.056603774,0.018867925,0,0.018867925,0.905660377,1,0,0.206349206,0.047619048,0.746031746,0
867,1,0,0.019230769,0.173076923,0.019230769,0,0.788461538,1,0,0.131147541,0,0.819672131,0.049180328
868,0.956521739,0.043478261,0,0.076923077,0.038461538,0.038461538,0.846153846,1,0.125,0.107142857,0,0.767857143,0
869,1,0,0.087719298,0,0.035087719,0,0.877192982,1,0.160714286,0.071428571,0,0.732142857,0.035714286
870,1,0,0.036363636,0.018181818,0.054545455,0,0.890909091,1,0.269230769,0.019230769,0,0.692307692,0.019230769
871,1,0,0.037735849,0.226415094,0.018867925,0,0.716981132,1,0.08,0,0.06,0.86,0
872,0.956521739,0.043478261,0.071428571,0.017857143,0.035714286,0,0.875,1,0.192307692,0.038461538,0.038461538,0.730769231,0
873,0.916666667,0.083333333,0.019230769,0,0.019230769,0.019230769,0.942307692,1,0.140350877,0.122807018,0.035087719,0.701754386,0
874,0.956521739,0.043478261,0,0.019607843,0.019607843,0.039215686,0.921568627,1,0.222222222,0.074074074,0.018518519,0.685185185,0
875,1,0,0.152542373,0.13559322,0,0.033898305,0.677966102,1,0.02,0,0.04,0.94,0
876,0.916666667,0.083333333,0.090909091,0.072727273,0,0,0.836363636,1,0.14,0,0.08,0.78,0
877,0.956521739,0.043478261,0.101694915,0.016949153,0.050847458,0.016949153,0.813559322,1,0.052631579,0.122807018,0,0.824561404,0
878,1,0,0,0.137254902,0.019607843,0.039215686,0.803921569,1,0.215686275,0,0,0.764705882,0.019607843
879,0.956521739,0.043478261,0.037037037,0.222222222,0.037037037,0.037037037,0.666666667,1,0.039215686,0.019607843,0,0.941176471,0
880,1,0,0.038461538,0.019230769,0,0.019230769,0.923076923,1,0.048387097,0.193548387,0.048387097,0.709677419,0
881,1,0,0,0,0,0.02,0.98,1,0.15,0.15,0.033333333,0.65,0.016666667
882,1,0,0,0,0,0.08,0.92,1,0.03030303,0.242424242,0,0.727272727,0
883,1,0,0.103448276,0.017241379,0.034482759,0.017241379,0.827586207,1,0,0.180327869,0.016393443,0.803278689,0
884,0.956521739,0.043478261,0.038461538,0.153846154,0,0.057692308,0.75,1,0.137254902,0,0,0.843137255,0.019607843
885,0.916666667,0.083333333,0.038461538,0.096153846,0,0.038461538,0.826923077,1,0.016949153,0.13559322,0.016949153,0.813559322,0.016949153
886,0.956521739,0.043478261,0,0.156862745,0.019607843,0,0.823529412,1,0.070175439,0.087719298,0.01754386,0.789473684,0.035087719
887,1,0,0.018867925,0.056603774,0.037735849,0.018867925,0.867924528,1,0.163636364,0.090909091,0.018181818,0.727272727,0
888,1,0,0.019230769,0.153846154,0.019230769,0,0.807692308,1,0.148148148,0.018518519,0,0.777777778,0.055555556
889,0.956521739,0.043478261,0.056603774,0.075471698,0,0.056603774,0.811320755,1,0.090909091,0.090909091,0.018181818,0.8,0
890,0.916666667,0.083333333,0.055555556,0.222222222,0.018518519,0.018518519,0.685185185,1,0.02,0,0.04,0.94,0
891,1,0,0,0.185185185,0.074074074,0,0.740740741,1,0.01754386,0.122807018,0,0.859649123,0
892,0.956521739,0.043478261,0.038461538,0.096153846,0,0.038461538,0.826923077,1,0.111111111,0.074074074,0.037037037,0.777777778,0
893,1,0,0.038461538,0.057692308,0,0.038461538,0.865384615,1,0.086206897,0.137931034,0.034482759,0.74137931,0
894,1,0,0.038461538,0.134615385,0,0.057692308,0.769230769,1,0.134615385,0.038461538,0.019230769,0.807692308,0
895,0.916666667,0.083333333,0.090909091,0.109090909,0,0.018181818,0.781818182,1,0.075471698,0.018867925,0.018867925,0.849056604,0.037735849
896,1,0,0.019607843,0.156862745,0,0,0.823529412,1,0.113207547,0.056603774,0.075471698,0.754716981,0
897,0.916666667,0.083333333,0.084745763,0.101694915,0.06779661,0,0.745762712,1,0.078431373,0.019607843,0,0.901960784,0
898,0.956521739,0.043478261,0.019230769,0.076923077,0.019230769,0.038461538,0.846153846,1,0.215686275,0.019607843,0.019607843,0.745098039,0
899,0.956521739,0.043478261,0.105263158,0.035087719,0.01754386,0,0.842105263,1,0.169811321,0,0,0.773584906,0.056603774
900,1,0,0.180327869,0.032786885,0,0.016393443,0.770491803,1,0.078431373,0.019607843,0.058823529,0.843137255,0
901,0.956521739,0.043478261,0.037735849,0.226415094,0.018867925,0.056603774,0.660377358,1,0.06,0,0,0.94,0
902,0.956521739,0.043478261,0.137931034,0.017241379,0,0.034482759,0.810344828,1,0.156862745,0,0.019607843,0.803921569,0.019607843
903,0.956521739,0.043478261,0.103448276,0.017241379,0.034482759,0,0.844827586,1,0.153846154,0.038461538,0.038461538,0.769230769,0
904,1,0,0.054545455,0.236363636,0.036363636,0.018181818,0.654545455,1,0,0.037735849,0,0.943396226,0.018867925
905,0.956521739,0.043478261,0.120689655,0,0.017241379,0,0.862068966,1,0.111111111,0.074074074,0.055555556,0.759259259,0
906,0.956521739,0.043478261,0.037037037,0.111111111,0.037037037,0.018518519,0.796296296,1,0.017241379,0.137931034,0.017241379,0.827586207,0
907,1,0,0.107142857,0.035714286,0,0.017857143,0.839285714,1,0.109090909,0.072727273,0.036363636,0.763636364,0.018181818
908,0.956521739,0.043478261,0.056603774,0.037735849,0,0,0.905660377,1,0.050847458,0.152542373,0.06779661,0.728813559,0
909,1,0,0.037735849,0.075471698,0.018867925,0.018867925,0.849056604,1,0.087719298,0.122807018,0.035087719,0.754385965,0
910,0.916666667,0.083333333,0,0.156862745,0.019607843,0.039215686,0.784313725,1,0.113207547,0.037735849,0,0.830188679,0.018867925
911,0.916666667,0.083333333,0.037735849,0.113207547,0.018867925,0.018867925,0.811320755,1,0.054545455,0.090909091,0.036363636,0.818181818,0
912,1,0,0.018867925,0.094339623,0.037735849,0,0.849056604,1,0.211538462,0.019230769,0.019230769,0.730769231,0.019230769
913,0.916666667,0.083333333,0.072727273,0.054545455,0.018181818,0,0.854545455,1,0.132075472,0.037735849,0.037735849,0.773584906,0.018867925
914,0.956521739,0.043478261,0,0.211538462,0.038461538,0,0.75,1,0.076923077,0.038461538,0.038461538,0.846153846,0
915,0.956521739,0.043478261,0.087719298,0,0.035087719,0,0.877192982,1,0.185185185,0.037037037,0,0.740740741,0.037037037
916,0.956521739,0.043478261,0.018518519,0.037037037,0.055555556,0.018518519,0.87037037,1,0.28,0,0,0.72,0
917,0.956521739,0.043478261,0,0.02,0,0,0.98,1,0.245283019,0.056603774,0.075471698,0.622641509,0
918,0.916666667,0.083333333,0.038461538,0,0,0.019230769,0.942307692,1,0.2,0.054545455,0.018181818,0.690909091,0.036363636
919,0.956521739,0.043478261,0.056603774,0.113207547,0,0.056603774,0.773584906,1,0.137254902,0.019607843,0.019607843,0.823529412,0
920,0.916666667,0.083333333,0.055555556,0.074074074,0.018518519,0.018518519,0.833333333,1,0.173076923,0,0,0.788461538,0.038461538
921,1,0,0.074074074,0.055555556,0,0.037037037,0.833333333,1,0.166666667,0.037037037,0,0.759259259,0.037037037
922,1,0,0,0.132075472,0.056603774,0,0.811320755,1,0.050847458,0.13559322,0,0.796610169,0.016949153
923,0.916666667,0.083333333,0.018867925,0.037735849,0.037735849,0,0.905660377,1,0.235294118,0.019607843,0.039215686,0.705882353,0
924,0.916666667,0.083333333,0,0,0.019607843,0,0.980392157,1,0.236363636,0.054545455,0.018181818,0.654545455,0.036363636
925,1,0,0,0.28,0,0.02,0.7,1,0.078431373,0,0.039215686,0.862745098,0.019607843
926,0.956521739,0.043478261,0.054545455,0.163636364,0.036363636,0,0.745454545,1,0.057692308,0.038461538,0.038461538,0.865384615,0
927,1,0,0,0.22,0,0.04,0.74,1,0.074074074,0.055555556,0.018518519,0.833333333,0.018518519
928,0.956521739,0.043478261,0,0.06,0,0.02,0.92,1,0.2,0.054545455,0.018181818,0.690909091,0.036363636
929,1,0,0,0.24,0,0.02,0.74,1,0.12,0,0.06,0.82,0
930,0.916666667,0.083333333,0.037037037,0.203703704,0.037037037,0.018518519,0.703703704,1,0,0.056603774,0.018867925,0.924528302,0
931,1,0,0.055555556,0.018518519,0.018518519,0.055555556,0.851851852,1,0.230769231,0.038461538,0,0.730769231,0
932,0.956521739,0.043478261,0.074074074,0.037037037,0,0.018518519,0.87037037,1,0,0.177419355,0.032258065,0.774193548,0.016129032
933,1,0,0.074074074,0.166666667,0,0.055555556,0.703703704,1,0.1,0,0.02,0.88,0
934,1,0,0.074074074,0.222222222,0,0.055555556,0.648148148,1,0,0.037735849,0,0.943396226,0.018867925
935,0.88,0.12,0.038461538,0.019230769,0,0.057692308,0.884615385,1,0.235294118,0,0,0.745098039,0.019607843
936,0.88,0.12,0.019607843,0,0,0.078431373,0.901960784,1,0.28,0,0,0.72,0
937,0.956521739,0.043478261,0.101694915,0.169491525,0.050847458,0,0.677966102,1,0,0.019607843,0.019607843,0.960784314,0
938,0.916666667,0.083333333,0.090909091,0.090909091,0,0.054545455,0.763636364,1,0.018181818,0.090909091,0.018181818,0.872727273,0
939,0.916666667,0.083333333,0,0.096153846,0.038461538,0.019230769,0.846153846,1,0.051724138,0.137931034,0.017241379,0.793103448,0
940,0.956521739,0.043478261,0,0.098039216,0.019607843,0.019607843,0.862745098,1,0.084745763,0.118644068,0,0.762711864,0.033898305
941,0.956521739,0.043478261,0.072727273,0.018181818,0.018181818,0.018181818,0.872727273,1,0.127272727,0.090909091,0.036363636,0.745454545,0
942,0.956521739,0.043478261,0,0.18,0,0,0.82,1,0.034482759,0.103448276,0.034482759,0.793103448,0.034482759
943,0.916666667,0.083333333,0,0.274509804,0.019607843,0.019607843,0.68627451,1,0.04,0,0.04,0.92,0
944,1,0,0.090909091,0.072727273,0,0,0.836363636,1,0.111111111,0.055555556,0.055555556,0.759259259,0.018518519
945,1,0,0.180327869,0.049180328,0,0.032786885,0.737704918,1,0,0.074074074,0.037037037,0.888888889,0
946,0.956521739,0.043478261,0.056603774,0.169811321,0,0,0.773584906,1,0,0.087719298,0.035087719,0.842105263,0.035087719
947,1,0,0,0.1,0,0.08,0.82,1,0.188679245,0.056603774,0,0.754716981,0
948,1,0,0.103448276,0.155172414,0.034482759,0.017241379,0.689655172,1,0,0.055555556,0,0.925925926,0.018518519
949,0.956521739,0.043478261,0.090909091,0.2,0,0.018181818,0.690909091,1,0.019230769,0,0.019230769,0.923076923,0.038461538
950,1,0,0.071428571,0.232142857,0.035714286,0,0.660714286,1,0.019607843,0,0.019607843,0.941176471,0.019607843
951,0.916666667,0.083333333,0.019230769,0.019230769,0.019230769,0,0.942307692,1,0.163636364,0.090909091,0.054545455,0.690909091,0
952,0.956521739,0.043478261,0.038461538,0.25,0,0.019230769,0.692307692,1,0,0.038461538,0.057692308,0.903846154,0
953,0.956521739,0.043478261,0.037735849,0.113207547,0.018867925,0,0.830188679,1,0.18,0,0.06,0.76,0
954,0.956521739,0.043478261,0.019607843,0.235294118,0,0.039215686,0.705882353,1,0.08,0,0.04,0.88,0
955,0.956521739,0.043478261,0.072727273,0.036363636,0.018181818,0.036363636,0.836363636,1,0.127272727,0.072727273,0,0.781818182,0.018181818
956,1,0,0.19047619,0,0.015873016,0,0.793650794,1,0.017857143,0.089285714,0.035714286,0.839285714,0.017857143
957,1,0,0,0.037037037,0.074074074,0,0.888888889,1,0.2,0.090909091,0,0.709090909,0
958,0.956521739,0.043478261,0.103448276,0.017241379,0.034482759,0.034482759,0.810344828,1,0.132075472,0.056603774,0,0.811320755,0
959,0.88,0.12,0,0.076923077,0.038461538,0.019230769,0.865384615,1,0.12962963,0.074074074,0.018518519,0.777777778,0
960,0.88,0.12,0.056603774,0.018867925,0,0.056603774,0.867924528,1,0.150943396,0.056603774,0.018867925,0.773584906,0
961,0.916666667,0.083333333,0.107142857,0,0,0.053571429,0.839285714,1,0.176470588,0.019607843,0.019607843,0.784313725,0
962,1,0,0.038461538,0.192307692,0,0.019230769,0.75,1,0.054545455,0.054545455,0.018181818,0.836363636,0.036363636
963,0.956521739,0.043478261,0,0.117647059,0.019607843,0.058823529,0.803921569,1,0.150943396,0.056603774,0,0.79245283,0
964,0.956521739,0.043478261,0.090909091,0.145454545,0,0.018181818,0.745454545,1,0.076923077,0,0.019230769,0.865384615,0.038461538
965,0.916666667,0.083333333,0,0.039215686,0.019607843,0,0.941176471,1,0.230769231,0.038461538,0.057692308,0.673076923,0
966,0.956521739,0.043478261,0,0,0,0.08,0.92,1,0.13559322,0.152542373,0,0.711864407,0
967,0.956521739,0.043478261,0,0.18,0,0.04,0.78,1,0.092592593,0.055555556,0.018518519,0.814814815,0.018518519
968,0.956521739,0.043478261,0,0.22,0,0.06,0.72,1,0.018181818,0.090909091,0.018181818,0.872727273,0
969,1,0,0.019230769,0.211538462,0.019230769,0.019230769,0.730769231,1,0.12,0,0.04,0.84,0
970,0.916666667,0.083333333,0,0.16,0,0.04,0.8,1,0.053571429,0.089285714,0.017857143,0.821428571,0.017857143
971,1,0,0,0.18,0,0,0.82,1,0.053571429,0.107142857,0.071428571,0.767857143,0
972,1,0,0.071428571,0.125,0.035714286,0.035714286,0.732142857,1,0.055555556,0.074074074,0,0.87037037,0
973,0.956521739,0.043478261,0.054545455,0.109090909,0.036363636,0.036363636,0.763636364,1,0.16,0,0,0.84,0
974,0.916666667,0.083333333,0,0.037735849,0.056603774,0.018867925,0.886792453,1,0.163636364,0.090909091,0,0.745454545,0
975,1,0,0.056603774,0.113207547,0,0,0.830188679,1,0.089285714,0.071428571,0.035714286,0.767857143,0.035714286
976,1,0,0.074074074,0.092592593,0,0,0.833333333,1,0.090909091,0.072727273,0.054545455,0.763636364,0.018181818
977,0.956521739,0.043478261,0.054545455,0.090909091,0.036363636,0,0.818181818,1,0.132075472,0.037735849,0.018867925,0.79245283,0.018867925
978,0.956521739,0.043478261,0.019230769,0.115384615,0.019230769,0,0.846153846,1,0.109090909,0.072727273,0.036363636,0.763636364,0.018181818
979,1,0,0.056603774,0.245283019,0,0,0.698113208,1,0.039215686,0,0.058823529,0.882352941,0.019607843
980,0.956521739,0.043478261,0.038461538,0.096153846,0,0.019230769,0.846153846,1,0.016666667,0.15,0.033333333,0.783333333,0.016666667
981,0.956521739,0.043478261,0.090909091,0.072727273,0,0.072727273,0.763636364,1,0.16,0,0,0.84,0
982,0.956521739,0.043478261,0.019230769,0.211538462,0.019230769,0.038461538,0.711538462,1,0.056603774,0.037735849,0,0.886792453,0.018867925
983,1,0,0.055555556,0.259259259,0.018518519,0,0.666666667,1,0.018867925,0,0,0.924528302,0.056603774
984,0.88,0.12,0,0.226415094,0.056603774,0,0.716981132,1,0.058823529,0,0,0.921568627,0.019607843
985,0.956521739,0.043478261,0,0.2,0,0.06,0.74,1,0.055555556,0.074074074,0.018518519,0.851851852,0
986,1,0,0.107142857,0.089285714,0,0.053571429,0.75,1,0.137254902,0,0,0.843137255,0.019607843
987,1,0,0.019607843,0.176470588,0,0.019607843,0.784313725,1,0.12962963,0.018518519,0,0.796296296,0.055555556
988,1,0,0.070175439,0.210526316,0.052631579,0,0.666666667,1,0.039215686,0,0,0.941176471,0.019607843
989,0.916666667,0.083333333,0,0.02,0,0.04,0.94,1,0.245283019,0.037735849,0.018867925,0.679245283,0.018867925
990,0.916666667,0.083333333,0.166666667,0,0,0.05,0.783333333,1,0.098039216,0.019607843,0.019607843,0.862745098,0
991,0.956521739,0.043478261,0.019230769,0.019230769,0.019230769,0,0.942307692,1,0.259259259,0.018518519,0,0.666666667,0.055555556
992,1,0,0.055555556,0.148148148,0.018518519,0.018518519,0.759259259,1,0.074074074,0.055555556,0.018518519,0.833333333,0.018518519
993,0.916666667,0.083333333,0,0.057692308,0.038461538,0.038461538,0.865384615,1,0.211538462,0.038461538,0,0.75,0
994,0.916666667,0.083333333,0.055555556,0.111111111,0.018518519,0.037037037,0.777777778,1,0.14,0,0.02,0.84,0
995,1,0,0,0.2,0,0,0.8,1,0.054545455,0.090909091,0.072727273,0.781818182,0
996,1,0,0.037037037,0.148148148,0.037037037,0.037037037,0.740740741,1,0.035714286,0.107142857,0,0.857142857,0
997,1,0,0,0.173076923,0.038461538,0,0.788461538,1,0.18,0,0.04,0.78,0
998,0.916666667,0.083333333,0,0.055555556,0.074074074,0,0.87037037,1,0.235294118,0.019607843,0,0.745098039,0
999,0.956521739,0.043478261,0.018518519,0.037037037,0.055555556,0,0.888888889,1,0.28,0,0.02,0.7,0
1000,1,0,0.089285714,0.017857143,0.017857143,0.017857143,0.857142857,1,0.24,0,0.04,0.72,0
1001,0.956521739,0.043478261,0.054545455,0.072727273,0.036363636,0.036363636,0.8,1,0.176470588,0.019607843,0,0.803921569,0
1002,1,0,0,0.16,0,0.02,0.82,1,0.105263158,0.070175439,0,0.771929825,0.052631579
1003,0.956521739,0.043478261,0,0.098039216,0.019607843,0.039215686,0.843137255,1,0.169811321,0.056603774,0.018867925,0.754716981,0
1004,0.916666667,0.083333333,0.055555556,0.018518519,0.018518519,0,0.907407407,1,0.107142857,0.107142857,0.053571429,0.732142857,0
1005,0.956521739,0.043478261,0.158730159,0.015873016,0.047619048,0.015873016,0.761904762,1,0.12,0,0,0.88,0
1006,1,0,0.137931034,0.086206897,0,0,0.775862069,1,0.018181818,0.072727273,0.054545455,0.836363636,0.018181818
1007,1,0,0.019607843,0.215686275,0,0,0.764705882,1,0.056603774,0.056603774,0.075471698,0.811320755,0
1008,0.88,0.12,0,0.018867925,0.056603774,0.018867925,0.905660377,1,0.20754717,0.056603774,0,0.735849057,0
1009,1,0,0.055555556,0.185185185,0.018518519,0.055555556,0.685185185,1,0.018518519,0.074074074,0,0.907407407,0
1010,1,0,0.019607843,0.235294118,0,0.058823529,0.68627451,1,0,0.090909091,0.018181818,0.890909091,0
1011,1,0,0.074074074,0.148148148,0,0.074074074,0.703703704,1,0.018181818,0.090909091,0,0.890909091,0
1012,0.956521739,0.043478261,0.21875,0.046875,0,0.046875,0.6875,1,0,0,0.02,0.98,0
1013,0.88,0.12,0,0.08,0,0,0.92,1,0.192307692,0.019230769,0.057692308,0.711538462,0.019230769
1014,0.88,0.12,0.074074074,0.055555556,0,0.074074074,0.796296296,1,0.115384615,0.038461538,0,0.846153846,0
1015,1,0,0.074074074,0,0,0.018518519,0.907407407,1,0.084745763,0.152542373,0.050847458,0.711864407,0
1016,1,0,0,0.098039216,0.019607843,0,0.882352941,1,0.26,0,0.06,0.68,0
1017,0.88,0.12,0.038461538,0,0,0,0.961538462,1,0.203703704,0.037037037,0.037037037,0.685185185,0.037037037
1018,1,0,0.038461538,0.038461538,0,0.076923077,0.846153846,1,0.20754717,0.056603774,0,0.735849057,0
1019,1,0,0.087719298,0.122807018,0.035087719,0,0.754385965,1,0.054545455,0.054545455,0,0.854545455,0.036363636
1020,0.916666667,0.083333333,0.019607843,0.176470588,0,0.019607843,0.784313725,1,0.117647059,0,0.039215686,0.823529412,0.019607843
1021,1,0,0,0.153846154,0.038461538,0,0.807692308,1,0.148148148,0.037037037,0,0.777777778,0.037037037
1022,0.956521739,0.043478261,0.054545455,0.2,0.036363636,0,0.709090909,1,0.039215686,0.019607843,0.039215686,0.901960784,0
1023,0.916666667,0.083333333,0,0.269230769,0.038461538,0.019230769,0.673076923,1,0.039215686,0,0,0.941176471,0.019607843
1024,0.956521739,0.043478261,0.037735849,0.150943396,0.018867925,0.037735849,0.754716981,1,0.14,0,0.02,0.84,0
1025,1,0,0,0.06,0,0.04,0.9,1,0.13559322,0.118644068,0,0.711864407,0.033898305
1026,0.916666667,0.083333333,0,0.04,0,0.06,0.9,1,0.226415094,0.037735849,0,0.716981132,0.018867925
1027,0.956521739,0.043478261,0,0.06,0,0.08,0.86,1,0.254901961,0.019607843,0,0.725490196,0
1028,1,0,0.037735849,0.245283019,0.018867925,0,0.698113208,1,0.039215686,0.019607843,0.058823529,0.882352941,0
1029,0.956521739,0.043478261,0,0.06,0,0.02,0.92,1,0.155172414,0.086206897,0,0.706896552,0.051724138
1030,1,0,0.019230769,0.096153846,0.019230769,0.019230769,0.846153846,1,0.068965517,0.137931034,0.034482759,0.75862069,0
1031,0.956521739,0.043478261,0.089285714,0.178571429,0.017857143,0,0.714285714,1,0.019230769,0.019230769,0.038461538,0.903846154,0.019230769
1032,0.916666667,0.083333333,0.174603175,0.015873016,0.031746032,0.015873016,0.761904762,1,0.038461538,0.038461538,0.019230769,0.903846154,0
1033,0.88,0.12,0,0,0.038461538,0,0.961538462,1,0.294117647,0,0.019607843,0.666666667,0.019607843
1034,0.956521739,0.043478261,0.072727273,0.163636364,0.018181818,0,0.745454545,1,0.08,0,0.06,0.86,0
1035,0.88,0.12,0.055555556,0.018518519,0.018518519,0.018518519,0.888888889,1,0.22,0,0.04,0.74,0
1036,1,0,0.038461538,0.115384615,0,0,0.846153846,1,0.2,0,0.08,0.72,0
1037,0.956521739,0.043478261,0.074074074,0.222222222,0,0.037037037,0.666666667,1,0.02,0,0.04,0.94,0
1038,1,0,0.071428571,0.160714286,0.035714286,0,0.732142857,1,0.076923077,0.019230769,0.019230769,0.865384615,0.019230769
1039,0.956521739,0.043478261,0.037735849,0.037735849,0.018867925,0.056603774,0.849056604,1,0.166666667,0.074074074,0,0.759259259,0
1040,1,0,0.018867925,0.150943396,0.037735849,0,0.79245283,1,0.134615385,0.038461538,0.038461538,0.788461538,0
1041,0.956521739,0.043478261,0.056603774,0.075471698,0,0.056603774,0.811320755,1,0.12962963,0.055555556,0,0.796296296,0.018518519
1042,0.956521739,0.043478261,0.072727273,0.054545455,0.018181818,0.054545455,0.8,1,0.153846154,0.038461538,0,0.807692308,0
1043,0.956521739,0.043478261,0,0.16,0,0.08,0.76,1,0.092592593,0.074074074,0,0.833333333,0
1044,0.88,0.12,0,0,0.019607843,0,0.980392157,1,0.160714286,0.107142857,0.053571429,0.678571429,0
1045,0.956521739,0.043478261,0.019607843,0.019607843,0,0,0.960784314,1,0.014705882,0.205882353,0,0.720588235,0.058823529
1046,1,0,0.055555556,0.203703704,0.018518519,0,0.722222222,1,0.055555556,0.018518519,0,0.87037037,0.055555556
1047,0.956521739,0.043478261,0.037735849,0.094339623,0.018867925,0,0.849056604,1,0.132075472,0.056603774,0.056603774,0.754716981,0
1048,0.956521739,0.043478261,0.055555556,0,0.018518519,0,0.925925926,1,0.218181818,0.036363636,0,0.690909091,0.054545455
1049,0.88,0.12,0.019230769,0.038461538,0.019230769,0.019230769,0.903846154,1,0.148148148,0.074074074,0.037037037,0.740740741,0
1050,0.916666667,0.083333333,0,0.019607843,0.019607843,0.058823529,0.901960784,1,0.181818182,0.090909091,0,0.727272727,0
1051,0.956521739,0.043478261,0.038461538,0.173076923,0,0.038461538,0.75,1,0.01754386,0.087719298,0,0.859649123,0.035087719
1052,0.956521739,0.043478261,0,0.254901961,0.019607843,0,0.725490196,1,0.078431373,0,0.039215686,0.862745098,0.019607843
1053,0.956521739,0.043478261,0.019607843,0.176470588,0,0.039215686,0.764705882,1,0.075471698,0.056603774,0.037735849,0.830188679,0
1054,1,0,0.196969697,0.03030303,0.045454545,0,0.727272727,1,0.039215686,0.019607843,0.019607843,0.921568627,0
1055,1,0,0.056603774,0.226415094,0,0.018867925,0.698113208,1,0.06,0,0.06,0.88,0
1056,0.956521739,0.043478261,0.089285714,0.107142857,0.017857143,0,0.785714286,1,0.074074074,0.037037037,0.018518519,0.833333333,0.037037037
1057,0.916666667,0.083333333,0.054545455,0,0.036363636,0,0.909090909,1,0.254901961,0,0.019607843,0.705882353,0.019607843
1058,1,0,0.018867925,0,0.037735849,0,0.943396226,1,0.240740741,0.074074074,0.037037037,0.648148148,0
1059,1,0,0.137931034,0.103448276,0,0,0.75862069,1,0.08,0,0.08,0.84,0
1060,0.956521739,0.043478261,0.038461538,0.057692308,0,0.038461538,0.865384615,1,0.169811321,0.056603774,0.037735849,0.735849057,0
1061,0.956521739,0.043478261,0,0.16,0,0.02,0.82,1,0.092592593,0.074074074,0.055555556,0.777777778,0
1062,0.956521739,0.043478261,0.019607843,0.176470588,0,0,0.803921569,1,0,0.116666667,0.016666667,0.816666667,0.05
1063,1,0,0,0.22,0,0.02,0.76,1,0.017241379,0.103448276,0.017241379,0.827586207,0.034482759
1064,0.956521739,0.043478261,0.107142857,0.125,0,0,0.767857143,1,0.036363636,0.036363636,0.018181818,0.854545455,0.054545455
1065,0.916666667,0.083333333,0.019230769,0.211538462,0.019230769,0.019230769,0.730769231,1,0.08,0,0.04,0.88,0
1066,0.916666667,0.083333333,0.018867925,0.075471698,0.037735849,0.037735849,0.830188679,1,0.196078431,0.019607843,0,0.784313725,0
1067,0.956521739,0.043478261,0.019607843,0.254901961,0,0.019607843,0.705882353,1,0.018867925,0.037735849,0.037735849,0.886792453,0.018867925
1068,0.956521739,0.043478261,0,0.098039216,0.019607843,0,0.882352941,1,0.160714286,0.053571429,0,0.732142857,0.053571429
1069,1,0,0.105263158,0.157894737,0.01754386,0,0.719298246,1,0.038461538,0.019230769,0.038461538,0.884615385,0.019230769
1070,1,0,0.152542373,0.050847458,0,0,0.796610169,1,0.115384615,0,0.038461538,0.807692308,0.038461538
1071,1,0,0.054545455,0,0.036363636,0.018181818,0.890909091,1,0.25,0.038461538,0.019230769,0.692307692,0
1072,1,0,0.107142857,0.053571429,0,0.035714286,0.803571429,1,0.12962963,0.037037037,0,0.796296296,0.037037037
1073,1,0,0.152542373,0,0,0.033898305,0.813559322,1,0.109090909,0.054545455,0,0.8,0.036363636
1074,0.956521739,0.043478261,0.019607843,0.078431373,0,0.039215686,0.862745098,1,0.192307692,0.038461538,0.038461538,0.730769231,0
1075,0.956521739,0.043478261,0.037735849,0.056603774,0.018867925,0.018867925,0.867924528,1,0.169811321,0.056603774,0.037735849,0.735849057,0
1076,1,0,0.105263158,0.105263158,0.01754386,0.01754386,0.754385965,1,0,0.103448276,0,0.862068966,0.034482759
1077,1,0,0.037037037,0.203703704,0.037037037,0.037037037,0.685185185,1,0.057692308,0.038461538,0,0.903846154,0
1078,0.956521739,0.043478261,0.074074074,0.12962963,0,0.037037037,0.759259259,1,0.055555556,0.055555556,0.018518519,0.851851852,0.018518519
1079,1,0,0.019607843,0.019607843,0,0.039215686,0.921568627,1,0.015384615,0.230769231,0.030769231,0.723076923,0
1080,1,0,0.019230769,0.288461538,0.019230769,0.019230769,0.653846154,1,0.039215686,0,0.019607843,0.921568627,0.019607843
1081,1,0,0.037037037,0.074074074,0.037037037,0,0.851851852,1,0.032258065,0.161290323,0,0.774193548,0.032258065
1082,1,0,0.056603774,0.075471698,0,0.018867925,0.849056604,1,0.22,0,0.06,0.72,0
1083,0.956521739,0.043478261,0.056603774,0.113207547,0,0.018867925,0.811320755,1,0.115384615,0.038461538,0.057692308,0.788461538,0
1084,0.956521739,0.043478261,0,0.150943396,0.056603774,0,0.79245283,1,0.072727273,0.090909091,0.018181818,0.818181818,0
1085,0.956521739,0.043478261,0,0.12,0,0.06,0.82,1,0.051724138,0.137931034,0.017241379,0.793103448,0
1086,1,0,0.019230769,0.288461538,0.019230769,0.019230769,0.653846154,1,0.038461538,0,0,0.923076923,0.038461538
1087,1,0,0.087719298,0.175438596,0.035087719,0,0.701754386,1,0.06,0,0.04,0.9,0
1088,0.956521739,0.043478261,0.019230769,0.115384615,0.019230769,0,0.846153846,1,0.052631579,0.122807018,0.052631579,0.771929825,0
1089,1,0,0,0.1,0,0.04,0.86,1,0.166666667,0.074074074,0.037037037,0.722222222,0
1090,1,0,0.107142857,0.035714286,0,0.017857143,0.839285714,1,0.125,0.053571429,0,0.767857143,0.053571429
1091,0.956521739,0.043478261,0,0.038461538,0.038461538,0,0.923076923,1,0.178571429,0.089285714,0.017857143,0.696428571,0.017857143
1092,0.956521739,0.043478261,0.038461538,0.115384615,0,0.076923077,0.769230769,1,0.156862745,0.019607843,0,0.823529412,0
1093,0.956521739,0.043478261,0.086206897,0,0.051724138,0,0.862068966,1,0.166666667,0.055555556,0,0.759259259,0.018518519
1094,1,0,0,0.169811321,0.056603774,0.018867925,0.754716981,1,0.113207547,0.056603774,0,0.830188679,0
1095,1,0,0,0.2,0,0.02,0.78,1,0.053571429,0.089285714,0.035714286,0.803571429,0.017857143
1096,1,0,0.055555556,0.037037037,0.018518519,0.037037037,0.851851852,1,0.188679245,0.056603774,0.018867925,0.735849057,0
1097,0.916666667,0.083333333,0.152542373,0.050847458,0,0,0.796610169,1,0.018518519,0.055555556,0.055555556,0.851851852,0.018518519
1098,0.956521739,0.043478261,0.087719298,0.035087719,0.035087719,0.01754386,0.824561404,1,0.051724138,0.120689655,0,0.810344828,0.017241379
1099,0.916666667,0.083333333,0.037735849,0.188679245,0.018867925,0.056603774,0.698113208,1,0.08,0,0,0.92,0
1100,0.956521739,0.043478261,0.055555556,0.148148148,0.018518519,0.055555556,0.722222222,1,0.037037037,0.074074074,0,0.888888889,0
1101,0.956521739,0.043478261,0.122807018,0.035087719,0,0.052631579,0.789473684,1,0,0.13559322,0,0.847457627,0.016949153
1102,0.916666667,0.083333333,0,0.2,0,0,0.8,1,0.076923077,0.038461538,0.076923077,0.807692308,0
1103,0.956521739,0.043478261,0.054545455,0.218181818,0.036363636,0.018181818,0.672727273,1,0.04,0,0.02,0.94,0
1104,0.956521739,0.043478261,0.019607843,0.235294118,0,0.019607843,0.725490196,1,0.075471698,0,0,0.867924528,0.056603774
1105,1,0,0.166666667,0.05,0,0.033333333,0.75,1,0.075471698,0.018867925,0,0.867924528,0.037735849
1106,1,0,0.019230769,0.211538462,0.019230769,0.038461538,0.711538462,1,0,0.107142857,0.017857143,0.875,0
1107,1,0,0.018518519,0.185185185,0.055555556,0,0.740740741,1,0.137254902,0,0,0.843137255,0.019607843
1108,1,0,0.037735849,0.113207547,0.018867925,0.018867925,0.811320755,1,0.2,0,0.04,0.76,0
1109,1,0,0.090909091,0,0,0.054545455,0.854545455,1,0.211538462,0.038461538,0.019230769,0.730769231,0
1110,0.88,0.12,0.038461538,0.019230769,0,0,0.942307692,1,0.235294118,0,0.058823529,0.68627451,0.019607843
1111,1,0,0.019607843,0.058823529,0,0.039215686,0.882352941,1,0.137931034,0.103448276,0,0.724137931,0.034482759
1112,1,0,0.019230769,0.019230769,0.019230769,0.038461538,0.903846154,1,0.175438596,0.105263158,0,0.701754386,0.01754386
1113,0.88,0.12,0.074074074,0.037037037,0,0.055555556,0.833333333,1,0.156862745,0.019607843,0.019607843,0.803921569,0
1114,0.956521739,0.043478261,0.089285714,0.071428571,0.017857143,0,0.821428571,1,0.074074074,0.074074074,0.055555556,0.796296296,0
1115,1,0,0.038461538,0.192307692,0,0,0.769230769,1,0.075471698,0.037735849,0.056603774,0.811320755,0.018867925
1116,1,0,0.056603774,0.075471698,0,0.075471698,0.79245283,1,0.173076923,0.038461538,0,0.788461538,0
1117,0.916666667,0.083333333,0.074074074,0.037037037,0,0.018518519,0.87037037,1,0.196078431,0,0.039215686,0.745098039,0.019607843
1118,0.916666667,0.083333333,0.019230769,0.096153846,0.019230769,0,0.865384615,1,0.2,0,0.06,0.74,0
1119,1,0,0.037735849,0.018867925,0.018867925,0,0.924528302,1,0.137931034,0.120689655,0.034482759,0.689655172,0.017241379
1120,1,0,0.072727273,0.072727273,0.018181818,0,0.836363636,1,0.176470588,0.019607843,0.058823529,0.745098039,0
1121,0.956521739,0.043478261,0.037735849,0.075471698,0.018867925,0.018867925,0.849056604,1,0.050847458,0.13559322,0.016949153,0.779661017,0.016949153
1122,1,0,0,0.137254902,0.019607843,0.019607843,0.823529412,1,0.068965517,0.120689655,0.017241379,0.775862069,0.017241379
1123,1,0,0,0.14,0,0,0.86,1,0.107142857,0.089285714,0.053571429,0.732142857,0.017857143
1124,1,0,0.166666667,0.083333333,0,0.016666667,0.733333333,1,0.039215686,0.019607843,0.058823529,0.882352941,0
1125,0.916666667,0.083333333,0.037735849,0.169811321,0.018867925,0.018867925,0.754716981,1,0.057692308,0.038461538,0.038461538,0.865384615,0
1126,0.956521739,0.043478261,0.166666667,0.066666667,0,0.05,0.716666667,1,0.039215686,0.019607843,0.019607843,0.921568627,0
1127,0.956521739,0.043478261,0.019230769,0.192307692,0.019230769,0,0.769230769,1,0,0.105263158,0.035087719,0.842105263,0.01754386
1128,1,0,0.056603774,0.169811321,0,0.056603774,0.716981132,1,0.075471698,0.037735849,0,0.867924528,0.018867925
1129,0.916666667,0.083333333,0.019607843,0.098039216,0,0.039215686,0.843137255,1,0.127272727,0.054545455,0,0.781818182,0.036363636
1130,1,0,0.038461538,0.173076923,0,0,0.788461538,1,0.134615385,0,0.038461538,0.788461538,0.038461538
1131,1,0,0.037735849,0.075471698,0.018867925,0,0.867924528,1,0.125,0.089285714,0.035714286,0.732142857,0.017857143
1132,0.88,0.12,0.019607843,0.254901961,0,0.019607843,0.705882353,1,0,0.018867925,0.018867925,0.924528302,0.037735849
1133,0.956521739,0.043478261,0.035714286,0.196428571,0.071428571,0,0.696428571,1,0.058823529,0.019607843,0,0.921568627,0
1134,0.916666667,0.083333333,0,0.019607843,0.019607843,0,0.960784314,1,0.269230769,0.019230769,0.038461538,0.653846154,0.019230769
1135,0.956521739,0.043478261,0.019607843,0.098039216,0,0.039215686,0.843137255,1,0.173076923,0.038461538,0.038461538,0.75,0
1136,1,0,0.038461538,0.230769231,0,0.038461538,0.692307692,1,0.038461538,0.038461538,0.038461538,0.884615385,0
1137,0.956521739,0.043478261,0.122807018,0.01754386,0,0,0.859649123,1,0.050847458,0.101694915,0.016949153,0.779661017,0.050847458
1138,1,0,0.035714286,0.071428571,0.071428571,0,0.821428571,1,0.050847458,0.152542373,0,0.796610169,0
1139,1,0,0.072727273,0.163636364,0.018181818,0.036363636,0.709090909,1,0.056603774,0.037735849,0,0.886792453,0.018867925
1140,0.956521739,0.043478261,0.090909091,0.163636364,0,0.072727273,0.672727273,1,0.019230769,0.038461538,0,0.942307692,0
1141,1,0,0.074074074,0.203703704,0,0.018518519,0.703703704,1,0,0.054545455,0.018181818,0.890909091,0.036363636
1142,0.956521739,0.043478261,0.152542373,0.084745763,0,0.016949153,0.745762712,1,0,0.054545455,0.018181818,0.890909091,0.036363636
1143,0.956521739,0.043478261,0.072727273,0.163636364,0.018181818,0.018181818,0.727272727,1,0.08,0,0.04,0.88,0
1144,1,0,0.071428571,0.142857143,0.035714286,0,0.75,1,0.094339623,0.018867925,0,0.849056604,0.037735849
1145,0.956521739,0.043478261,0.019607843,0.039215686,0,0.019607843,0.921568627,1,0.20754717,0.056603774,0.056603774,0.679245283,0
1146,0.916666667,0.083333333,0.116666667,0,0.05,0,0.833333333,1,0.017241379,0.137931034,0.017241379,0.827586207,0
1147,1,0,0.090909091,0.109090909,0,0.036363636,0.763636364,1,0.017857143,0.107142857,0.035714286,0.839285714,0
1148,0.916666667,0.083333333,0.086206897,0.120689655,0.051724138,0,0.74137931,1,0.08,0,0.02,0.9,0
1149,0.916666667,0.083333333,0,0.166666667,0.074074074,0,0.759259259,1,0.055555556,0.074074074,0,0.87037037,0
1150,0.916666667,0.083333333,0.018867925,0,0.037735849,0,0.943396226,1,0.120689655,0.137931034,0.034482759,0.706896552,0
1151,0.956521739,0.043478261,0.090909091,0.036363636,0,0.054545455,0.818181818,1,0.132075472,0.056603774,0.018867925,0.79245283,0
1152,1,0,0.018867925,0.018867925,0.037735849,0,0.924528302,1,0.222222222,0.074074074,0.037037037,0.666666667,0
1153,0.916666667,0.083333333,0.122807018,0,0,0.035087719,0.842105263,1,0,0.152542373,0.033898305,0.813559322,0
1154,0.956521739,0.043478261,0.180327869,0.016393443,0,0.049180328,0.754098361,1,0.1,0,0.02,0.88,0
1155,1,0,0.037037037,0.092592593,0.037037037,0,0.833333333,1,0.192307692,0.019230769,0.019230769,0.75,0.019230769
1156,0.956521739,0.043478261,0.105263158,0.087719298,0.01754386,0.035087719,0.754385965,1,0.036363636,0.072727273,0,0.872727273,0.018181818
1157,1,0,0.038461538,0.153846154,0,0.038461538,0.769230769,1,0.153846154,0,0,0.807692308,0.038461538
1158,0.956521739,0.043478261,0.072727273,0.145454545,0.018181818,0.036363636,0.727272727,1,0.1,0,0.02,0.88,0
1159,0.916666667,0.083333333,0.103448276,0.155172414,0.034482759,0,0.706896552,1,0.019607843,0,0.019607843,0.941176471,0.019607843
1160,0.956521739,0.043478261,0.161290323,0.112903226,0.032258065,0,0.693548387,1,0,0,0,0.961538462,0.038461538
1161,0.956521739,0.043478261,0.056603774,0.037735849,0,0,0.905660377,1,0.03125,0.15625,0,0.75,0.0625
1162,0.956521739,0.043478261,0.038461538,0.076923077,0,0.057692308,0.826923077,1,0.087719298,0.105263158,0,0.789473684,0.01754386
1163,0.956521739,0.043478261,0.019230769,0.038461538,0.019230769,0.019230769,0.903846154,1,0.083333333,0.15,0.016666667,0.733333333,0.016666667
1164,0.88,0.12,0,0.294117647,0.019607843,0,0.68627451,1,0,0,0.06,0.94,0
1165,0.956521739,0.043478261,0,0.18,0,0.06,0.76,1,0.094339623,0.056603774,0.018867925,0.830188679,0
1166,1,0,0.038461538,0.153846154,0,0.019230769,0.788461538,1,0.070175439,0.070175439,0,0.807017544,0.052631579
1167,1,0,0.090909091,0.072727273,0,0.018181818,0.818181818,1,0.113207547,0.056603774,0.056603774,0.773584906,0
1168,0.956521739,0.043478261,0.074074074,0,0,0.037037037,0.888888889,1,0.230769231,0.019230769,0.019230769,0.711538462,0.019230769
1169,0.88,0.12,0.038461538,0.211538462,0,0,0.75,1,0.038461538,0,0.038461538,0.884615385,0.038461538
1170,0.916666667,0.083333333,0.056603774,0.094339623,0,0.056603774,0.79245283,1,0.054545455,0.090909091,0.018181818,0.836363636,0
1171,1,0,0,0.117647059,0.019607843,0,0.862745098,1,0.166666667,0.055555556,0.037037037,0.722222222,0.018518519
1172,1,0,0,0.137254902,0.019607843,0.039215686,0.803921569,1,0.051724138,0.137931034,0.017241379,0.793103448,0
1173,1,0,0.056603774,0.113207547,0,0.018867925,0.811320755,1,0.017241379,0.137931034,0.051724138,0.793103448,0
1174,1,0,0.105263158,0.035087719,0.01754386,0,0.842105263,1,0.127272727,0.054545455,0.018181818,0.763636364,0.036363636
1175,1,0,0.163934426,0.016393443,0.016393443,0.049180328,0.754098361,1,0.096153846,0.038461538,0,0.865384615,0
1176,1,0,0.152542373,0.016949153,0,0.016949153,0.813559322,1,0.070175439,0.070175439,0,0.807017544,0.052631579
1177,0.956521739,0.043478261,0.038461538,0.057692308,0,0.038461538,0.865384615,1,0.125,0.089285714,0.017857143,0.75,0.017857143
1178,1,0,0.074074074,0.074074074,0,0.018518519,0.833333333,1,0,0.161290323,0.016129032,0.790322581,0.032258065
1179,0.956521739,0.043478261,0.055555556,0.037037037,0.018518519,0,0.888888889,1,0.148148148,0.074074074,0.055555556,0.722222222,0
1180,1,0,0.038461538,0,0,0.019230769,0.942307692,1,0.189655172,0.086206897,0,0.672413793,0.051724138
1181,1,0,0.122807018,0,0,0,0.877192982,1,0.22,0,0.08,0.7,0
1182,0.88,0.12,0,0.22,0,0,0.78,1,0.075471698,0,0.018867925,0.849056604,0.056603774
1183,0.916666667,0.083333333,0.019607843,0.156862745,0,0,0.823529412,1,0.115384615,0.019230769,0.057692308,0.788461538,0.019230769
1184,0.916666667,0.083333333,0.120689655,0.120689655,0.017241379,0,0.74137931,1,0,0.036363636,0,0.909090909,0.054545455
1185,0.956521739,0.043478261,0.137931034,0.120689655,0,0.034482759,0.706896552,1,0.04,0,0.04,0.92,0
1186,1,0,0.13559322,0.06779661,0.016949153,0,0.779661017,1,0.035087719,0.070175439,0,0.842105263,0.052631579
1187,1,0,0.055555556,0.037037037,0.018518519,0.018518519,0.87037037,1,0.181818182,0.054545455,0,0.727272727,0.036363636
1188,1,0,0.019607843,0.156862745,0,0,0.823529412,1,0.107142857,0.053571429,0.017857143,0.767857143,0.053571429
1189,0.956521739,0.043478261,0.137931034,0,0,0,0.862068966,1,0.092592593,0.074074074,0.074074074,0.759259259,0
1190,0.956521739,0.043478261,0.090909091,0.090909091,0,0.054545455,0.763636364,1,0.075471698,0.056603774,0.018867925,0.849056604,0
1191,1,0,0.107142857,0,0,0.017857143,0.875,1,0.033333333,0.166666667,0.05,0.75,0
1192,1,0,0.122807018,0.087719298,0,0.01754386,0.771929825,1,0.076923077,0.038461538,0.057692308,0.826923077,0
1193,0.956521739,0.043478261,0.107142857,0.160714286,0,0.017857143,0.714285714,1,0,0.038461538,0.057692308,0.903846154,0
1194,0.916666667,0.083333333,0.105263158,0.035087719,0.01754386,0.035087719,0.807017544,1,0.094339623,0.056603774,0.018867925,0.830188679,0
1195,0.88,0.12,0,0,0.019607843,0,0.980392157,1,0.25,0.038461538,0.057692308,0.653846154,0
1196,1,0,0.019607843,0.039215686,0,0.019607843,0.921568627,1,0.064516129,0.177419355,0.032258065,0.709677419,0.016129032
1197,1,0,0.114754098,0.049180328,0.06557377,0,0.770491803,1,0.115384615,0.038461538,0,0.846153846,0
1198,1,0,0.177419355,0,0.016129032,0.032258065,0.774193548,1,0.054545455,0.072727273,0,0.854545455,0.018181818
1199,0.916666667,0.083333333,0.019607843,0.058823529,0,0.019607843,0.901960784,1,0.235294118,0,0.039215686,0.705882353,0.019607843
1200,0.916666667,0.083333333,0,0.235294118,0.019607843,0,0.745098039,1,0.017857143,0.053571429,0,0.875,0.053571429
1201,0.916666667,0.083333333,0.074074074,0.092592593,0,0.055555556,0.777777778,1,0.14,0,0.02,0.84,0
1202,1,0,0.019607843,0.019607843,0,0,0.960784314,1,0.169491525,0.101694915,0.016949153,0.661016949,0.050847458
1203,1,0,0.071428571,0.035714286,0.035714286,0,0.857142857,1,0.230769231,0,0,0.730769231,0.038461538
1204,0.956521739,0.043478261,0.038461538,0.173076923,0,0.076923077,0.711538462,1,0.12,0,0,0.88,0
1205,0.916666667,0.083333333,0,0.057692308,0.038461538,0.038461538,0.865384615,1,0.235294118,0.019607843,0,0.745098039,0
1206,1,0,0.037735849,0.132075472,0.018867925,0,0.811320755,1,0.176470588,0,0.039215686,0.764705882,0.019607843
1207,0.916666667,0.083333333,0.019607843,0.156862745,0,0.019607843,0.803921569,1,0.094339623,0.037735849,0.037735849,0.811320755,0.018867925
1208,1,0,0.090909091,0.127272727,0,0.018181818,0.763636364,1,0.053571429,0.053571429,0,0.839285714,0.053571429
1209,1,0,0.133333333,0.15,0.033333333,0,0.683333333,1,0.019607843,0,0.019607843,0.941176471,0.019607843
1210,0.956521739,0.043478261,0.116666667,0.05,0.05,0.016666667,0.766666667,1,0.14,0,0,0.86,0
1211,1,0,0.13559322,0.050847458,0.016949153,0.016949153,0.779661017,1,0.115384615,0.019230769,0.019230769,0.826923077,0.019230769
1212,1,0,0.053571429,0.142857143,0.053571429,0,0.75,1,0.117647059,0.019607843,0.019607843,0.843137255,0
1213,0.956521739,0.043478261,0.019607843,0.117647059,0,0.058823529,0.803921569,1,0.153846154,0.038461538,0.019230769,0.788461538,0
1214,0.916666667,0.083333333,0.074074074,0.166666667,0,0,0.759259259,1,0.058823529,0,0.058823529,0.862745098,0.019607843
1215,0.916666667,0.083333333,0.019607843,0.117647059,0,0.058823529,0.803921569,1,0.134615385,0.038461538,0.019230769,0.807692308,0
1216,1,0,0.090909091,0.054545455,0,0.054545455,0.8,1,0.111111111,0.074074074,0.018518519,0.796296296,0
1217,0.916666667,0.083333333,0.071428571,0.178571429,0.035714286,0.035714286,0.678571429,1,0.04,0,0,0.96,0
1218,0.956521739,0.043478261,0.019230769,0,0.019230769,0,0.961538462,1,0.169491525,0.101694915,0,0.677966102,0.050847458
1219,1,0,0.019230769,0.096153846,0.019230769,0.057692308,0.807692308,1,0.107142857,0.107142857,0,0.785714286,0
1220,0.916666667,0.083333333,0,0.16,0,0.04,0.8,1,0.035714286,0.107142857,0.035714286,0.821428571,0
1221,0.956521739,0.043478261,0.019607843,0.137254902,0,0,0.843137255,1,0.035087719,0.122807018,0.070175439,0.771929825,0
1222,1,0,0,0.134615385,0.038461538,0.019230769,0.807692308,1,0.173076923,0.038461538,0.019230769,0.769230769,0
1223,1,0,0.019607843,0.078431373,0,0.058823529,0.843137255,1,0.235294118,0.019607843,0.019607843,0.725490196,0
1224,0.956521739,0.043478261,0.019230769,0.019230769,0.019230769,0.019230769,0.923076923,1,0.240740741,0.037037037,0,0.685185185,0.037037037
1225,1,0,0,0.1,0,0.04,0.86,1,0.20754717,0.037735849,0.018867925,0.716981132,0.018867925
1226,0.916666667,0.083333333,0,0,0.019607843,0,0.980392157,1,0.175438596,0.105263158,0.035087719,0.666666667,0.01754386
1227,1,0,0,0.185185185,0.074074074,0,0.740740741,1,0.137254902,0.019607843,0,0.843137255,0
1228,0.956521739,0.043478261,0.090909091,0.054545455,0,0.018181818,0.836363636,1,0.150943396,0.018867925,0.018867925,0.773584906,0.037735849
1229,1,0,0.122807018,0.105263158,0,0.035087719,0.736842105,1,0.037735849,0.056603774,0.037735849,0.867924528,0
1230,1,0,0.15,0.016666667,0.016666667,0,0.816666667,1,0.156862745,0,0.039215686,0.784313725,0.019607843
1231,0.956521739,0.043478261,0.018867925,0.018867925,0.037735849,0,0.924528302,1,0.203703704,0.074074074,0.037037037,0.685185185,0
1232,0.956521739,0.043478261,0.055555556,0.018518519,0.018518519,0.055555556,0.851851852,1,0.211538462,0.038461538,0,0.75,0
1233,1,0,0,0,0,0.02,0.98,1,0.147540984,0.147540984,0.016393443,0.655737705,0.032786885
1234,1,0,0.019607843,0.176470588,0,0,0.803921569,1,0.127272727,0.018181818,0,0.781818182,0.072727273
1235,0.956521739,0.043478261,0.038461538,0.192307692,0,0.019230769,0.75,1,0.098039216,0,0.039215686,0.843137255,0.019607843
1236,1,0,0,0.117647059,0.019607843,0.039215686,0.823529412,1,0.211538462,0.019230769,0,0.75,0.019230769
1237,1,0,0.038461538,0.115384615,0,0.076923077,0.769230769,1,0.2,0,0,0.8,0
1238,0.916666667,0.083333333,0.037037037,0.203703704,0.037037037,0,0.722222222,1,0.018867925,0.037735849,0.018867925,0.905660377,0.018867925
1239,1,0,0.019607843,0.019607843,0,0.078431373,0.882352941,1,0.118644068,0.152542373,0,0.728813559,0
1240,1,0,0.163934426,0.081967213,0.016393443,0.032786885,0.704918033,1,0,0.055555556,0,0.925925926,0.018518519
1241,0.956521739,0.043478261,0.090909091,0.054545455,0,0.054545455,0.8,1,0.156862745,0.019607843,0.019607843,0.803921569,0
1242,0.88,0.12,0,0.18,0,0,0.82,1,0.053571429,0.053571429,0.017857143,0.821428571,0.053571429
1243,1,0,0.103448276,0.103448276,0.034482759,0,0.75862069,1,0.094339623,0.018867925,0,0.849056604,0.037735849
1244,0.956521739,0.043478261,0.13559322,0.050847458,0.016949153,0.033898305,0.762711864,1,0.117647059,0,0,0.862745098,0.019607843
1245,0.916666667,0.083333333,0.018518519,0.203703704,0.055555556,0.018518519,0.703703704,1,0.058823529,0.019607843,0,0.921568627,0
1246,0.956521739,0.043478261,0.019607843,0.156862745,0,0.039215686,0.784313725,1,0.156862745,0,0.019607843,0.803921569,0.019607843
1247,0.916666667,0.083333333,0.055555556,0.037037037,0.018518519,0.055555556,0.833333333,1,0.150943396,0.056603774,0,0.79245283,0
1248,1,0,0.118644068,0,0.033898305,0.016949153,0.830508475,1,0.12962963,0.074074074,0.018518519,0.777777778,0
1249,0.956521739,0.043478261,0.055555556,0.037037037,0.018518519,0,0.888888889,1,0.188679245,0.037735849,0.037735849,0.716981132,0.018867925