,"('NPA', 'np')","('NPA', 'np1')","('NPA', 'np2')","('NPA', ('NPA', 'NPA'))","('NPO', 'np')","('NPO', 'np1')","('NPO', 'np2')","('NPO', ('NPA', 'NPO'))","('NPO', ('NPO', 'NPA'))","('NPS', 'np')","('NPS', 'np1')","('NPS', 'np2')","('NPS', ('NPA', 'NPS'))","('NPS', ('NPS', 'NPA'))","('S', ('NPA', 'S'))","('S', ('NPS', 'VP'))","('S', ('S', 'NPA'))","('S', ('VP', 'NPS'))","('S', ('VP',))","('V', 'v')","('VP', ('NPA', 'VP'))","('VP', ('NPO', 'V'))","('VP', ('V', 'NPO'))","('VP', ('V',))","('VP', ('VP', 'NPA'))"
0,1,0,0,0,0,0,0,0,0,0,0.6,0.169230769,0.230769231,0,0,0.88,0,0.12,0,1,0.037037037,0,0,0.925925926,0.037037037
1,1,0,0,0,0,0,0,0,0,0,0.6,0.169230769,0.230769231,0,0,0.88,0,0.12,0,1,0.037037037,0,0,0.925925926,0.037037037
2,1,0,0,0,0,0,0,0,0,0,0.6,0.169230769,0.230769231,0,0,0.88,0,0.12,0,1,0.037037037,0,0,0.925925926,0.037037037
3,1,0,0,0,0,0,0,0,0,0,0.6,0.169230769,0.230769231,0,0,0.88,0,0.12,0,1,0.037037037,0,0,0.925925926,0.037037037
4,1,0,0,0,0,0,0,0,0,0,0.6,0.169230769,0.230769231,0,0,0.88,0,0.12,0,1,0.037037037,0,0,0.925925926,0.037037037
5,1,0,0,0,0,0,0,0,0,0,0.6,0.169230769,0.230769231,0,0,0.88,0,0.12,0,1,0.037037037,0,0,0.925925926,0.037037037
6,1,0,0,0,0,0,0,0,0,0,0.609375,0.171875,0.21875,0,0,0.88,0,0.12,0,1,0.036363636,0,0,0.909090909,0.054545455
7,1,0,0,0,0,0,0,0,0,0,0.6,0.169230769,0.230769231,0,0,0.88,0,0.12,0,1,0.037037037,0,0,0.925925926,0.037037037
8,1,0,0,0,0,0,0,0,0,0,0.609375,0.171875,0.21875,0,0,0.88,0,0.12,0,1,0.036363636,0,0,0.909090909,0.054545455
9,1,0,0,0,0,0,0,0,0,0,0.6,0.169230769,0.230769231,0,0,0.88,0,0.12,0,1,0.037037037,0,0,0.925925926,0.037037037
10,1,0,0,0,0,0,0,0,0,0,0.6,0.169230769,0.230769231,0,0,0.88,0,0.12,0,1,0.037037037,0,0,0.925925926,0.037037037
11,1,0,0,0,0,0,0,0,0,0,0.6,0.169230769,0.230769231,0,0,0.88,0,0.12,0,1,0.037037037,0,0,0.925925926,0.037037037
12,1,0,0,0,0,0,0,0,0,0,0.6,0.169230769,0.230769231,0,0,0.88,0,0.12,0,1,0.037037037,0,0,0.925925926,0.037037037
13,1,0,0,0,0,0,0,0,0,0,0.6,0.169230769,0.230769231,0,0,0.88,0,0.12,0,1,0.037037037,0,0,0.925925926,0.037037037
14,1,0,0,0,0,0,0,0,0,0,0.6,0.169230769,0.230769231,0,0,0.88,0,0.12,0,1,0.037037037,0,0,0.925925926,0.037037037
15,1,0,0,0,0,0,0,0,0,0,0.609375,0.171875,0.203125,0.015625,0.038461538,0.846153846,0,0.115384615,0,1,0,0,0,0.943396226,0.056603774
16,1,0,0,0,0,0,0,0,0,0,0.6,0.169230769,0.230769231,0,0,0.88,0,0.12,0,1,0.037037037,0,0,0.925925926,0.037037037
17,1,0,0,0,0,0,0,0,0,0,0.6,0.169230769,0.230769231,0,0,0.88,0,0.12,0,1,0.037037037,0,0,0.925925926,0.037037037
18,1,0,0,0,0,0,0,0,0,0,0.6,0.169230769,0.230769231,0,0,0.88,0,0.12,0,1,0.037037037,0,0,0.925925926,0.037037037
19,1,0,0,0,0,0,0,0,0,0,0.6,0.169230769,0.230769231,0,0,0.88,0,0.12,0,1,0.037037037,0,0,0.925925926,0.037037037
20,1,0,0,0,0,0,0,0,0,0,0.6,0.169230769,0.230769231,0,0,0.88,0,0.12,0,1,0.037037037,0,0,0.925925926,0.037037037
21,1,0,0,0,0,0,0,0,0,0,0.6,0.169230769,0.230769231,0,0,0.88,0,0.12,0,1,0.037037037,0,0,0.925925926,0.037037037
22,1,0,0,0,0,0,0,0,0,0,0.609375,0.171875,0.21875,0,0,0.88,0,0.12,0,1,0.036363636,0,0,0.909090909,0.054545455
23,1,0,0,0,0,0,0,0,0,0,0.6,0.169230769,0.230769231,0,0,0.88,0,0.12,0,1,0.037037037,0,0,0.925925926,0.037037037
24,1,0,0,0,0,0,0,0,0,0,0.6,0.169230769,0.230769231,0,0,0.88,0,0.12,0,1,0.037037037,0,0,0.925925926,0.037037037
25,1,0,0,0,0,0,0,0,0,0,0.6,0.169230769,0.230769231,0,0,0.88,0,0.12,0,1,0.037037037,0,0,0.925925926,0.037037037
26,1,0,0,0,0,0.735849057,0.20754717,0.037735849,0.018867925,0,0,0,0,0,0,0,0.038461538,0,0.961538462,1,0.21875,0.6875,0.09375,0,0
27,1,0,0,0,0,0.75,0.211538462,0.019230769,0.019230769,0,0,0,0,0,0,0,0.038461538,0,0.961538462,1,0.230769231,0.676923077,0.092307692,0,0
28,1,0,0,0,0,0.684210526,0.192982456,0.105263158,0.01754386,1,0,0,0,0,0,0.2,0,0,0.8,1,0,0.846153846,0.115384615,0,0.038461538
29,1,0,0,0,0,0.735849057,0.20754717,0.037735849,0.018867925,0,0,0,0,0,0,0,0.038461538,0,0.961538462,1,0.21875,0.6875,0.09375,0,0
30,1,0,0,0,0,0,0,0,0,0,0.764705882,0.215686275,0,0.019607843,0.230769231,0.676923077,0,0.092307692,0,1,0,0,0,0.943396226,0.056603774
31,1,0,0,0,0,0,0,0,0,0,0.764705882,0.215686275,0,0.019607843,0.230769231,0.676923077,0,0.092307692,0,1,0,0,0,0.943396226,0.056603774
32,1,0,0,0,0,0,0,0,0,0,0.764705882,0.215686275,0,0.019607843,0.230769231,0.676923077,0,0.092307692,0,1,0,0,0,0.943396226,0.056603774
33,1,0,0,0,0,0,0,0,0,0,0.764705882,0.215686275,0,0.019607843,0.230769231,0.676923077,0,0.092307692,0,1,0,0,0,0.943396226,0.056603774
34,1,0,0,0,1,0,0,0,0,0,0.78,0.22,0,0,0.230769231,0.676923077,0,0.092307692,0,1,0,0.018867925,0,0.924528302,0.056603774
35,1,0,0,0,1,0,0,0,0,0,0.78,0.22,0,0,0.230769231,0.676923077,0,0.092307692,0,1,0,0.018867925,0,0.924528302,0.056603774
36,1,0,0,0,1,0,0,0,0,0,0.78,0.22,0,0,0.230769231,0.676923077,0,0.092307692,0,1,0,0.018867925,0,0.924528302,0.056603774
37,1,0,0,0,0,0,0,0,0,0,0.764705882,0.215686275,0,0.019607843,0.230769231,0.676923077,0,0.092307692,0,1,0,0,0,0.943396226,0.056603774
38,1,0,0,0,0,0,0,0,0,0,0.78,0.22,0,0,0.230769231,0.676923077,0,0.092307692,0,1,0.018518519,0,0,0.925925926,0.055555556
39,1,0,0,0,0,0,0,0,0,0,0.78,0.22,0,0,0.230769231,0.676923077,0,0.092307692,0,1,0.018518519,0,0,0.925925926,0.055555556
40,1,0,0,0,0,0,0,0,0,0,0.78,0.22,0,0,0.230769231,0.676923077,0,0.092307692,0,1,0.018518519,0,0,0.925925926,0.055555556
41,1,0,0,0,0,0,0,0,0,0,0.764705882,0.215686275,0,0.019607843,0.230769231,0.676923077,0,0.092307692,0,1,0,0,0,0.943396226,0.056603774
42,1,0,0,0,0,0,0,0,0,0,0.764705882,0.215686275,0,0.019607843,0.230769231,0.676923077,0,0.092307692,0,1,0,0,0,0.943396226,0.056603774
43,1,0,0,0,0,0,0,0,0,0,0.6,0.169230769,0.230769231,0,0,0.88,0,0.12,0,1,0.037037037,0,0,0.925925926,0.037037037
44,1,0,0,0,0,0,0,0,0,0,0.6,0.169230769,0.230769231,0,0,0.88,0,0.12,0,1,0.037037037,0,0,0.925925926,0.037037037
45,1,0,0,0,0,0,0,0,0,0,0.6,0.169230769,0.230769231,0,0,0.88,0,0.12,0,1,0.037037037,0,0,0.925925926,0.037037037
46,1,0,0,0,0,0,0,0,0,0,0.6,0.169230769,0.230769231,0,0,0.88,0,0.12,0,1,0.037037037,0,0,0.925925926,0.037037037
47,1,0,0,0,0,0,0,0,0,0,0.764705882,0.215686275,0,0.019607843,0.230769231,0.676923077,0,0.092307692,0,1,0,0,0,0.943396226,0.056603774
48,1,0,0,0,1,0,0,0,0,0,0.78,0.22,0,0,0.230769231,0.676923077,0,0.092307692,0,1,0,0.018867925,0,0.924528302,0.056603774
49,1,0,0,0,0,0,0,0,0,0,0.764705882,0.215686275,0,0.019607843,0.230769231,0.676923077,0,0.092307692,0,1,0,0,0,0.943396226,0.056603774
50,1,0,0,0,0,0,0,0,0,0,0.764705882,0.215686275,0,0.019607843,0.230769231,0.676923077,0,0.092307692,0,1,0,0,0,0.943396226,0.056603774
51,1,0,0,0,0,0,0,0,0,0,0.764705882,0.215686275,0,0.019607843,0.230769231,0.676923077,0,0.092307692,0,1,0,0,0,0.943396226,0.056603774
52,1,0,0,0,0,0,0,0,0,0,0.78,0.22,0,0,0.230769231,0.676923077,0,0.092307692,0,1,0.018518519,0,0,0.925925926,0.055555556
53,1,0,0,0,0,0,0,0,0,0,0.764705882,0.215686275,0,0.019607843,0.230769231,0.676923077,0,0.092307692,0,1,0,0,0,0.943396226,0.056603774
54,1,0,0,0,0,0,0,0,0,0,0.78,0.22,0,0,0.230769231,0.676923077,0,0.092307692,0,1,0.018518519,0,0,0.925925926,0.055555556
55,1,0,0,0,0,0,0,0,0,0,0.764705882,0.215686275,0,0.019607843,0.230769231,0.676923077,0,0.092307692,0,1,0,0,0,0.943396226,0.056603774
56,1,0,0,0,0,0,0,0,0,0,0.764705882,0.215686275,0,0.019607843,0.230769231,0.676923077,0,0.092307692,0,1,0,0,0,0.943396226,0.056603774
57,1,0,0,0,0,0,0,0,0,0,0.6,0.169230769,0.230769231,0,0,0.88,0,0.12,0,1,0.037037037,0,0,0.925925926,0.037037037
58,1,0,0,0,0,0,0,0,0,0,0.764705882,0.215686275,0,0.019607843,0.230769231,0.676923077,0,0.092307692,0,1,0,0,0,0.943396226,0.056603774
59,1,0,0,0,0,0,0,0,0,0,0.78,0.22,0,0,0.230769231,0.676923077,0,0.092307692,0,1,0.018518519,0,0,0.925925926,0.055555556
60,1,0,0,0,0,0,0,0,0,0,0.764705882,0.215686275,0,0.019607843,0.230769231,0.676923077,0,0.092307692,0,1,0,0,0,0.943396226,0.056603774
61,1,0,0,0,0,0,0,0,0,0,0.764705882,0.215686275,0,0.019607843,0.230769231,0.676923077,0,0.092307692,0,1,0,0,0,0.943396226,0.056603774
62,1,0,0,0,0,0,0,0,0,0,0.764705882,0.215686275,0,0.019607843,0.230769231,0.676923077,0,0.092307692,0,1,0,0,0,0.943396226,0.056603774
63,1,0,0,0,0,0,0,0,0,0,0.6,0.169230769,0.230769231,0,0,0.88,0,0.12,0,1,0.037037037,0,0,0.925925926,0.037037037
64,1,0,0,0,0,0.619047619,0.174603175,0.19047619,0.015873016,1,0,0,0,0,0,0.076923077,0.038461538,0,0.884615385,1,0,0.88,0.12,0,0
65,1,0,0,0,0,0.590909091,0.166666667,0.227272727,0.015151515,1,0,0,0,0,0,0.019230769,0.038461538,0,0.942307692,1,0,0.88,0.12,0,0
66,1,0,0,0,0,0.609375,0.171875,0.203125,0.015625,0,0,0,0,0,0,0,0.038461538,0,0.961538462,1,0.056603774,0.830188679,0.113207547,0,0
67,1,0,0,0,0,0.629032258,0.177419355,0.177419355,0.016129032,0,0,0,0,0,0,0,0.038461538,0,0.961538462,1,0.090909091,0.8,0.109090909,0,0
68,1,0,0,0,0,0.639344262,0.180327869,0.163934426,0.016393443,0,0,0,0,0,0,0,0.038461538,0,0.961538462,1,0.107142857,0.785714286,0.107142857,0,0
69,1,0,0,0,0,0,0,0,0,0,0.6,0.169230769,0.230769231,0,0,0.88,0,0.12,0,1,0.037037037,0,0,0.925925926,0.037037037
70,1,0,0,0,0,0,0,0,0,0,0.6,0.169230769,0.230769231,0,0,0.88,0,0.12,0,1,0.037037037,0,0,0.925925926,0.037037037
71,1,0,0,0,0,0,0,0,0,0,0.6,0.169230769,0.230769231,0,0,0.88,0,0.12,0,1,0.037037037,0,0,0.925925926,0.037037037
72,1,0,0,0,0,0,0,0,0,0,0.764705882,0.215686275,0,0.019607843,0.230769231,0.676923077,0,0.092307692,0,1,0,0,0,0.943396226,0.056603774
73,1,0,0,0,0,0,0,0,0,0,0.78,0.22,0,0,0.230769231,0.676923077,0,0.092307692,0,1,0.018518519,0,0,0.925925926,0.055555556
74,1,0,0,0,1,0,0,0,0,0,0.78,0.22,0,0,0.230769231,0.676923077,0,0.092307692,0,1,0,0.018867925,0,0.924528302,0.056603774
75,1,0,0,0,0,0,0,0,0,0,0.78,0.22,0,0,0.230769231,0.676923077,0,0.092307692,0,1,0.018518519,0,0,0.925925926,0.055555556
76,1,0,0,0,0,0,0,0,0,0,0.78,0.22,0,0,0.230769231,0.676923077,0,0.092307692,0,1,0.018518519,0,0,0.925925926,0.055555556
77,1,0,0,0,1,0,0,0,0,0,0.78,0.22,0,0,0.230769231,0.676923077,0,0.092307692,0,1,0,0.018867925,0,0.924528302,0.056603774
78,1,0,0,0,0,0,0,0,0,0,0.764705882,0.215686275,0,0.019607843,0.230769231,0.676923077,0,0.092307692,0,1,0,0,0,0.943396226,0.056603774
79,1,0,0,0,0,0,0,0,0,0,0.78,0.22,0,0,0.230769231,0.676923077,0,0.092307692,0,1,0.018518519,0,0,0.925925926,0.055555556
80,1,0,0,0,0,0,0,0,0,0,0.78,0.22,0,0,0.230769231,0.676923077,0,0.092307692,0,1,0.018518519,0,0,0.925925926,0.055555556
81,1,0,0,0,0,0,0,0,0,0,0.78,0.22,0,0,0.230769231,0.676923077,0,0.092307692,0,1,0.018518519,0,0,0.925925926,0.055555556
82,1,0,0,0,0,0,0,0,0,0,0.764705882,0.215686275,0,0.019607843,0.230769231,0.676923077,0,0.092307692,0,1,0,0,0,0.943396226,0.056603774
83,1,0,0,0,0,0,0,0,0,0,0.78,0.22,0,0,0.230769231,0.676923077,0,0.092307692,0,1,0.018518519,0,0,0.925925926,0.055555556
84,1,0,0,0,0,0,0,0,0,0,0.6,0.169230769,0.230769231,0,0,0.88,0,0.12,0,1,0.037037037,0,0,0.925925926,0.037037037
85,1,0,0,0,0,0,0,0,0,0,0.6,0.169230769,0.230769231,0,0,0.88,0,0.12,0,1,0.037037037,0,0,0.925925926,0.037037037
86,1,0,0,0,0,0,0,0,0,0,0.6,0.169230769,0.230769231,0,0,0.88,0,0.12,0,1,0.037037037,0,0,0.925925926,0.037037037
87,1,0,0,0,0,0,0,0,0,0,0.764705882,0.215686275,0,0.019607843,0.230769231,0.676923077,0,0.092307692,0,1,0,0,0,0.943396226,0.056603774
88,1,0,0,0,0,0,0,0,0,0,0.764705882,0.215686275,0,0.019607843,0.230769231,0.676923077,0,0.092307692,0,1,0,0,0,0.943396226,0.056603774
89,1,0,0,0,0,0,0,0,0,0,0.764705882,0.215686275,0,0.019607843,0.230769231,0.676923077,0,0.092307692,0,1,0,0,0,0.943396226,0.056603774
90,1,0,0,0,0,0,0,0,0,0,0.78,0.22,0,0,0.230769231,0.676923077,0,0.092307692,0,1,0.018518519,0,0,0.925925926,0.055555556
91,1,0,0,0,0,0,0,0,0,0,0.764705882,0.215686275,0,0.019607843,0.230769231,0.676923077,0,0.092307692,0,1,0,0,0,0.943396226,0.056603774
92,1,0,0,0,1,0,0,0,0,0,0.78,0.22,0,0,0.230769231,0.676923077,0,0.092307692,0,1,0,0.018867925,0,0.924528302,0.056603774
93,1,0,0,0,0,0,0,0,0,0,0.764705882,0.215686275,0,0.019607843,0.230769231,0.676923077,0,0.092307692,0,1,0,0,0,0.943396226,0.056603774
94,1,0,0,0,0,0,0,0,0,0,0.764705882,0.215686275,0,0.019607843,0.230769231,0.676923077,0,0.092307692,0,1,0,0,0,0.943396226,0.056603774
95,1,0,0,0,0,0,0,0,0,0,0.764705882,0.215686275,0,0.019607843,0.230769231,0.676923077,0,0.092307692,0,1,0,0,0,0.943396226,0.056603774
96,1,0,0,0,0,0,0,0,0,0,0.764705882,0.215686275,0,0.019607843,0.230769231,0.676923077,0,0.092307692,0,1,0,0,0,0.943396226,0.056603774
97,1,0,0,0,0,0,0,0,0,0,0.764705882,0.215686275,0,0.019607843,0.230769231,0.676923077,0,0.092307692,0,1,0,0,0,0.943396226,0.056603774
98,1,0,0,0,0,0,0,0,0,0,0.764705882,0.215686275,0,0.019607843,0.230769231,0.676923077,0,0.092307692,0,1,0,0,0,0.943396226,0.056603774
99,1,0,0,0,0,0,0,0,0,0,0.764705882,0.215686275,0,0.019607843,0.230769231,0.676923077,0,0.092307692,0,1,0,0,0,0.943396226,0.056603774
100,1,0,0,0,0,0,0,0,0,0,0.78,0.22,0,0,0.230769231,0.676923077,0,0.092307692,0,1,0.018518519,0,0,0.925925926,0.055555556
101,1,0,0,0,0,0,0,0,0,0,0.78,0.22,0,0,0.230769231,0.676923077,0,0.092307692,0,1,0.018518519,0,0,0.925925926,0.055555556
102,1,0,0,0,0,0,0,0,0,0,0.609375,0.171875,0.21875,0,0,0.88,0,0.12,0,1,0.036363636,0,0,0.909090909,0.054545455
103,1,0,0,0,0,0,0,0,0,0,0.6,0.169230769,0.230769231,0,0,0.88,0,0.12,0,1,0.037037037,0,0,0.925925926,0.037037037
104,1,0,0,0,0,0,0,0,0,0,0.78,0.22,0,0,0.230769231,0.676923077,0,0.092307692,0,1,0.018518519,0,0,0.925925926,0.055555556
105,1,0,0,0,0,0,0,0,0,0,0.764705882,0.215686275,0,0.019607843,0.230769231,0.676923077,0,0.092307692,0,1,0,0,0,0.943396226,0.056603774
106,1,0,0,0,0,0,0,0,0,0,0.764705882,0.215686275,0,0.019607843,0.230769231,0.676923077,0,0.092307692,0,1,0,0,0,0.943396226,0.056603774
107,1,0,0,0,0,0,0,0,0,0,0.764705882,0.215686275,0,0.019607843,0.230769231,0.676923077,0,0.092307692,0,1,0,0,0,0.943396226,0.056603774
108,1,0,0,0,0,0,0,0,0,0,0.764705882,0.215686275,0,0.019607843,0.230769231,0.676923077,0,0.092307692,0,1,0,0,0,0.943396226,0.056603774
109,1,0,0,0,0,0,0,0,0,0,0.764705882,0.215686275,0,0.019607843,0.230769231,0.676923077,0,0.092307692,0,1,0,0,0,0.943396226,0.056603774
110,1,0,0,0,0,0,0,0,0,0,0.78,0.22,0,0,0.230769231,0.676923077,0,0.092307692,0,1,0.018518519,0,0,0.925925926,0.055555556
111,1,0,0,0,1,0,0,0,0,0,0.78,0.22,0,0,0.230769231,0.676923077,0,0.092307692,0,1,0,0.018867925,0,0.924528302,0.056603774
112,1,0,0,0,0,0,0,0,0,0,0.764705882,0.215686275,0,0.019607843,0.230769231,0.676923077,0,0.092307692,0,1,0,0,0,0.943396226,0.056603774
113,1,0,0,0,0,0,0,0,0,0,0.6,0.169230769,0.230769231,0,0,0.88,0,0.12,0,1,0.037037037,0,0,0.925925926,0.037037037
114,1,0,0,0,0,0,0,0,0,0,0.78,0.22,0,0,0.230769231,0.676923077,0,0.092307692,0,1,0.018518519,0,0,0.925925926,0.055555556
115,1,0,0,0,0,0,0,0,0,0,0.78,0.22,0,0,0.230769231,0.676923077,0,0.092307692,0,1,0.018518519,0,0,0.925925926,0.055555556
116,1,0,0,0,0,0,0,0,0,0,0.6,0.169230769,0.230769231,0,0,0.88,0,0.12,0,1,0.037037037,0,0,0.925925926,0.037037037
117,1,0,0,0,0,0,0,0,0,0,0.609375,0.171875,0.21875,0,0,0.88,0,0.12,0,1,0.036363636,0,0,0.909090909,0.054545455
118,1,0,0,0,0,0,0,0,0,0,0.6,0.169230769,0.230769231,0,0,0.88,0,0.12,0,1,0.037037037,0,0,0.925925926,0.037037037
119,1,0,0,0,0,0,0,0,0,0,0.6,0.169230769,0.230769231,0,0,0.88,0,0.12,0,1,0.037037037,0,0,0.925925926,0.037037037
120,1,0,0,0,1,0,0,0,0,0,0.78,0.22,0,0,0.230769231,0.676923077,0,0.092307692,0,1,0,0.018867925,0,0.924528302,0.056603774
121,1,0,0,0,0,0,0,0,0,0,0.764705882,0.215686275,0,0.019607843,0.230769231,0.676923077,0,0.092307692,0,1,0,0,0,0.943396226,0.056603774
122,1,0,0,0,0,0,0,0,0,0,0.78,0.22,0,0,0.230769231,0.676923077,0,0.092307692,0,1,0.018518519,0,0,0.925925926,0.055555556
123,1,0,0,0,0,0,0,0,0,0,0.764705882,0.215686275,0,0.019607843,0.230769231,0.676923077,0,0.092307692,0,1,0,0,0,0.943396226,0.056603774
124,1,0,0,0,0,0,0,0,0,0,0.78,0.22,0,0,0.230769231,0.676923077,0,0.092307692,0,1,0.018518519,0,0,0.925925926,0.055555556
125,1,0,0,0,0,0,0,0,0,0,0.6,0.169230769,0.230769231,0,0,0.88,0,0.12,0,1,0.037037037,0,0,0.925925926,0.037037037
126,1,0,0,0,0,0,0,0,0,0,0.6,0.169230769,0.230769231,0,0,0.88,0,0.12,0,1,0.037037037,0,0,0.925925926,0.037037037
127,1,0,0,0,0,0,0,0,0,0,0.6,0.169230769,0.230769231,0,0,0.88,0,0.12,0,1,0.037037037,0,0,0.925925926,0.037037037
128,1,0,0,0,0,0,0,0,0,0,0.6,0.169230769,0.230769231,0,0,0.88,0,0.12,0,1,0.037037037,0,0,0.925925926,0.037037037
129,1,0,0,0,0,0,0,0,0,0,0.6,0.169230769,0.230769231,0,0,0.88,0,0.12,0,1,0.037037037,0,0,0.925925926,0.037037037
130,1,0,0,0,0,0,0,0,0,0,0.6,0.169230769,0.230769231,0,0,0.88,0,0.12,0,1,0.037037037,0,0,0.925925926,0.037037037
131,1,0,0,0,0,0,0,0,0,0,0.609375,0.171875,0.21875,0,0,0.88,0,0.12,0,1,0.036363636,0,0,0.909090909,0.054545455
132,1,0,0,0,0,0,0,0,0,0,0.6,0.169230769,0.230769231,0,0,0.88,0,0.12,0,1,0.037037037,0,0,0.925925926,0.037037037
133,1,0,0,0,0,0,0,0,0,0,0.6,0.169230769,0.230769231,0,0,0.88,0,0.12,0,1,0.037037037,0,0,0.925925926,0.037037037
134,1,0,0,0,0,0,0,0,0,0,0.78,0.22,0,0,0.21875,0.6875,0,0.09375,0,1,0.036363636,0,0,0.909090909,0.054545455
135,1,0,0,0,0,0,0,0,0,0,0.78,0.22,0,0,0.230769231,0.676923077,0,0.092307692,0,1,0.018518519,0,0,0.925925926,0.055555556
136,1,0,0,0,0,0,0,0,0,0,0.764705882,0.215686275,0,0.019607843,0.230769231,0.676923077,0,0.092307692,0,1,0,0,0,0.943396226,0.056603774
137,1,0,0,0,0,0,0,0,0,0,0.78,0.22,0,0,0.230769231,0.676923077,0,0.092307692,0,1,0.018518519,0,0,0.925925926,0.055555556
138,1,0,0,0,0,0,0,0,0,0,0.764705882,0.215686275,0,0.019607843,0.230769231,0.676923077,0,0.092307692,0,1,0,0,0,0.943396226,0.056603774
139,1,0,0,0,0,0,0,0,0,0,0.764705882,0.215686275,0,0.019607843,0.230769231,0.676923077,0,0.092307692,0,1,0,0,0,0.943396226,0.056603774
140,1,0,0,0,0,0,0,0,0,0,0.764705882,0.215686275,0,0.019607843,0.230769231,0.676923077,0,0.092307692,0,1,0,0,0,0.943396226,0.056603774
141,1,0,0,0,0,0,0,0,0,0,0.764705882,0.215686275,0,0.019607843,0.230769231,0.676923077,0,0.092307692,0,1,0,0,0,0.943396226,0.056603774
142,1,0,0,0,0,0,0,0,0,0,0.764705882,0.215686275,0,0.019607843,0.230769231,0.676923077,0,0.092307692,0,1,0,0,0,0.943396226,0.056603774
143,1,0,0,0,0,0,0,0,0,0,0.78,0.22,0,0,0.21875,0.6875,0,0.09375,0,1,0.036363636,0,0,0.909090909,0.054545455
144,1,0,0,0,0,0,0,0,0,0,0.78,0.22,0,0,0.230769231,0.676923077,0,0.092307692,0,1,0.018518519,0,0,0.925925926,0.055555556
145,1,0,0,0,0,0,0,0,0,0,0.78,0.22,0,0,0.230769231,0.676923077,0,0.092307692,0,1,0.018518519,0,0,0.925925926,0.055555556
146,1,0,0,0,0,0.629032258,0.177419355,0.177419355,0.016129032,0,0,0,0,0,0,0,0.038461538,0,0.961538462,1,0.090909091,0.8,0.109090909,0,0
147,1,0,0,0,0,0.684210526,0.192982456,0.105263158,0.01754386,1,0,0,0,0,0,0.2,0,0.04,0.76,1,0,0.88,0.12,0,0
148,1,0,0,0,0,0.709090909,0.2,0.072727273,0.018181818,1,0,0,0,0,0,0.24,0,0.04,0.72,1,0,0.88,0.12,0,0
149,1,0,0,0,0,0.672413793,0.189655172,0.120689655,0.017241379,1,0,0,0,0,0,0.18,0,0.04,0.78,1,0,0.88,0.12,0,0
150,1,0,0,0,0,0,0,0,0,0,0.764705882,0.215686275,0,0.019607843,0.230769231,0.676923077,0,0.092307692,0,1,0,0,0,0.943396226,0.056603774
151,1,0,0,0,0,0,0,0,0,0,0.6,0.169230769,0.230769231,0,0,0.88,0,0.12,0,1,0.037037037,0,0,0.925925926,0.037037037
152,1,0,0,0,0,0,0,0,0,0,0.78,0.22,0,0,0.230769231,0.676923077,0,0.092307692,0,1,0.018518519,0,0,0.925925926,0.055555556
153,1,0,0,0,0,0,0,0,0,0,0.78,0.22,0,0,0.230769231,0.676923077,0,0.092307692,0,1,0.018518519,0,0,0.925925926,0.055555556
154,1,0,0,0,0,0,0,0,0,0,0.78,0.22,0,0,0.230769231,0.676923077,0,0.092307692,0,1,0.018518519,0,0,0.925925926,0.055555556
155,1,0,0,0,0,0,0,0,0,0,0.78,0.22,0,0,0.230769231,0.676923077,0,0.092307692,0,1,0.018518519,0,0,0.925925926,0.055555556
156,1,0,0,0,1,0,0,0,0,0,0.78,0.22,0,0,0.230769231,0.676923077,0,0.092307692,0,1,0,0.018867925,0,0.924528302,0.056603774
157,1,0,0,0,0,0,0,0,0,0,0.6,0.169230769,0.230769231,0,0,0.88,0,0.12,0,1,0.037037037,0,0,0.925925926,0.037037037
158,1,0,0,0,0,0,0,0,0,0,0.6,0.169230769,0.230769231,0,0,0.88,0,0.12,0,1,0.037037037,0,0,0.925925926,0.037037037
159,1,0,0,0,0,0,0,0,0,0,0.6,0.169230769,0.230769231,0,0,0.88,0,0.12,0,1,0.037037037,0,0,0.925925926,0.037037037
160,1,0,0,0,0,0,0,0,0,0,0.6,0.169230769,0.230769231,0,0,0.88,0,0.12,0,1,0.037037037,0,0,0.925925926,0.037037037
161,1,0,0,0,0,0,0,0,0,0,0.6,0.169230769,0.230769231,0,0,0.88,0,0.12,0,1,0.037037037,0,0,0.925925926,0.037037037
162,1,0,0,0,0,0,0,0,0,0,0.6,0.169230769,0.230769231,0,0,0.88,0,0.12,0,1,0.037037037,0,0,0.925925926,0.037037037
163,1,0,0,0,0,0,0,0,0,0,0.78,0.22,0,0,0.230769231,0.676923077,0,0.092307692,0,1,0.018518519,0,0,0.925925926,0.055555556
164,1,0,0,0,0,0,0,0,0,0,0.764705882,0.215686275,0,0.019607843,0.230769231,0.676923077,0,0.092307692,0,1,0,0,0,0.943396226,0.056603774
165,1,0,0,0,0,0,0,0,0,0,0.764705882,0.215686275,0,0.019607843,0.230769231,0.676923077,0,0.092307692,0,1,0,0,0,0.943396226,0.056603774
166,1,0,0,0,0,0,0,0,0,0,0.78,0.22,0,0,0.230769231,0.676923077,0,0.092307692,0,1,0.018518519,0,0,0.925925926,0.055555556
167,1,0,0,0,0,0,0,0,0,0,0.764705882,0.215686275,0,0.019607843,0.230769231,0.676923077,0,0.092307692,0,1,0,0,0,0.943396226,0.056603774
168,1,0,0,0,0,0,0,0,0,0,0.764705882,0.215686275,0,0.019607843,0.230769231,0.676923077,0,0.092307692,0,1,0,0,0,0.943396226,0.056603774
169,1,0,0,0,0,0,0,0,0,0,0.764705882,0.215686275,0,0.019607843,0.230769231,0.676923077,0,0.092307692,0,1,0,0,0,0.943396226,0.056603774
170,1,0,0,0,0,0,0,0,0,0,0.764705882,0.215686275,0,0.019607843,0.230769231,0.676923077,0,0.092307692,0,1,0,0,0,0.943396226,0.056603774
171,1,0,0,0,0,0,0,0,0,0,0.764705882,0.215686275,0,0.019607843,0.230769231,0.676923077,0,0.092307692,0,1,0,0,0,0.943396226,0.056603774
172,1,0,0,0,0,0,0,0,0,0,0.764705882,0.215686275,0,0.019607843,0.230769231,0.676923077,0,0.092307692,0,1,0,0,0,0.943396226,0.056603774
173,1,0,0,0,0,0,0,0,0,0,0.78,0.22,0,0,0.230769231,0.676923077,0,0.092307692,0,1,0.018518519,0,0,0.925925926,0.055555556
174,1,0,0,0,0,0,0,0,0,0,0.78,0.22,0,0,0.230769231,0.676923077,0,0.092307692,0,1,0.018518519,0,0,0.925925926,0.055555556
175,1,0,0,0,0,0,0,0,0,0,0.764705882,0.215686275,0,0.019607843,0.230769231,0.676923077,0,0.092307692,0,1,0,0,0,0.943396226,0.056603774
176,1,0,0,0,0,0,0,0,0,0,0.764705882,0.215686275,0,0.019607843,0.230769231,0.676923077,0,0.092307692,0,1,0,0,0,0.943396226,0.056603774
177,1,0,0,0,1,0,0,0,0,0,0.78,0.22,0,0,0.230769231,0.676923077,0,0.092307692,0,1,0,0.018867925,0,0.924528302,0.056603774
178,1,0,0,0,0,0,0,0,0,0,0.764705882,0.215686275,0,0.019607843,0.230769231,0.676923077,0,0.092307692,0,1,0,0,0,0.943396226,0.056603774
179,1,0,0,0,0,0,0,0,0,0,0.764705882,0.215686275,0,0.019607843,0.230769231,0.676923077,0,0.092307692,0,1,0,0,0,0.943396226,0.056603774
180,1,0,0,0,0,0,0,0,0,0,0.764705882,0.215686275,0,0.019607843,0.230769231,0.676923077,0,0.092307692,0,1,0,0,0,0.943396226,0.056603774
181,1,0,0,0,1,0,0,0,0,0,0.78,0.22,0,0,0.230769231,0.676923077,0,0.092307692,0,1,0,0.018867925,0,0.924528302,0.056603774
182,1,0,0,0,1,0,0,0,0,0,0.78,0.22,0,0,0.230769231,0.676923077,0,0.092307692,0,1,0,0.018867925,0,0.924528302,0.056603774
183,1,0,0,0,0,0,0,0,0,0,0.78,0.22,0,0,0.230769231,0.676923077,0,0.092307692,0,1,0.018518519,0,0,0.925925926,0.055555556
184,1,0,0,0,0,0,0,0,0,0,0.78,0.22,0,0,0.230769231,0.676923077,0,0.092307692,0,1,0.018518519,0,0,0.925925926,0.055555556
185,1,0,0,0,0,0,0,0,0,0,0.6,0.169230769,0.230769231,0,0,0.88,0,0.12,0,1,0.037037037,0,0,0.925925926,0.037037037
186,1,0,0,0,0,0,0,0,0,0,0.6,0.169230769,0.230769231,0,0,0.88,0,0.12,0,1,0.037037037,0,0,0.925925926,0.037037037
187,1,0,0,0,0,0,0,0,0,0,0.764705882,0.215686275,0,0.019607843,0.230769231,0.676923077,0,0.092307692,0,1,0,0,0,0.943396226,0.056603774
188,1,0,0,0,0,0,0,0,0,0,0.764705882,0.215686275,0,0.019607843,0.230769231,0.676923077,0,0.092307692,0,1,0,0,0,0.943396226,0.056603774
189,1,0,0,0,0,0,0,0,0,0,0.764705882,0.215686275,0,0.019607843,0.230769231,0.676923077,0,0.092307692,0,1,0,0,0,0.943396226,0.056603774
190,1,0,0,0,0,0,0,0,0,0,0.764705882,0.215686275,0,0.019607843,0.230769231,0.676923077,0,0.092307692,0,1,0,0,0,0.943396226,0.056603774
191,1,0,0,0,0,0,0,0,0,0,0.78,0.22,0,0,0.21875,0.6875,0,0.09375,0,1,0.036363636,0,0,0.909090909,0.054545455
192,1,0,0,0,0,0,0,0,0,0,0.764705882,0.215686275,0,0.019607843,0.230769231,0.676923077,0,0.092307692,0,1,0,0,0,0.943396226,0.056603774
193,1,0,0,0,0,0,0,0,0,0,0.78,0.22,0,0,0.230769231,0.676923077,0,0.092307692,0,1,0.018518519,0,0,0.925925926,0.055555556
194,1,0,0,0,0,0,0,0,0,0,0.78,0.22,0,0,0.230769231,0.676923077,0,0.092307692,0,1,0.018518519,0,0,0.925925926,0.055555556
195,1,0,0,0,0,0,0,0,0,0,0.764705882,0.215686275,0,0.019607843,0.230769231,0.676923077,0,0.092307692,0,1,0,0,0,0.943396226,0.056603774
196,1,0,0,0,0,0,0,0,0,0,0.78,0.22,0,0,0.230769231,0.676923077,0,0.092307692,0,1,0.018518519,0,0,0.925925926,0.055555556
197,1,0,0,0,0,0,0,0,0,0,0.78,0.22,0,0,0.230769231,0.676923077,0,0.092307692,0,1,0.018518519,0,0,0.925925926,0.055555556
198,1,0,0,0,0,0,0,0,0,0,0.764705882,0.215686275,0,0.019607843,0.230769231,0.676923077,0,0.092307692,0,1,0,0,0,0.943396226,0.056603774
199,1,0,0,0,0,0,0,0,0,0,0.78,0.22,0,0,0.230769231,0.676923077,0,0.092307692,0,1,0.018518519,0,0,0.925925926,0.055555556
200,1,0,0,0,0,0,0,0,0,0,0.78,0.22,0,0,0.230769231,0.676923077,0,0.092307692,0,1,0.018518519,0,0,0.925925926,0.055555556
201,1,0,0,0,0,0,0,0,0,0,0.6,0.169230769,0.230769231,0,0,0.88,0,0.12,0,1,0.037037037,0,0,0.925925926,0.037037037
202,1,0,0,0,0,0,0,0,0,0,0.764705882,0.215686275,0,0.019607843,0.230769231,0.676923077,0,0.092307692,0,1,0,0,0,0.943396226,0.056603774
203,1,0,0,0,0,0,0,0,0,0,0.764705882,0.215686275,0,0.019607843,0.230769231,0.676923077,0,0.092307692,0,1,0,0,0,0.943396226,0.056603774
204,1,0,0,0,0,0,0,0,0,0,0.764705882,0.215686275,0,0.019607843,0.230769231,0.676923077,0,0.092307692,0,1,0,0,0,0.943396226,0.056603774
205,1,0,0,0,0,0,0,0,0,0,0.764705882,0.215686275,0,0.019607843,0.230769231,0.676923077,0,0.092307692,0,1,0,0,0,0.943396226,0.056603774
206,1,0,0,0,0,0,0,0,0,0,0.78,0.22,0,0,0.230769231,0.676923077,0,0.092307692,0,1,0.018518519,0,0,0.925925926,0.055555556
207,1,0,0,0,0,0,0,0,0,0,0.78,0.22,0,0,0.230769231,0.676923077,0,0.092307692,0,1,0.018518519,0,0,0.925925926,0.055555556
208,1,0,0,0,0,0,0,0,0,0,0.764705882,0.215686275,0,0.019607843,0.230769231,0.676923077,0,0.092307692,0,1,0,0,0,0.943396226,0.056603774
209,1,0,0,0,0,0,0,0,0,0,0.609375,0.171875,0.21875,0,0,0.88,0,0.12,0,1,0.036363636,0,0,0.909090909,0.054545455
210,1,0,0,0,0,0,0,0,0,0,0.609375,0.171875,0.21875,0,0,0.88,0,0.12,0,1,0.036363636,0,0,0.909090909,0.054545455
211,1,0,0,0,0,0.661016949,0.186440678,0.13559322,0.016949153,1,0,0,0,0,0,0.16,0,0.04,0.8,1,0,0.88,0.12,0,0
212,1,0,0,0,0,0.672413793,0.189655172,0.120689655,0.017241379,1,0,0,0,0,0,0.18,0,0.04,0.78,1,0,0.88,0.12,0,0
213,1,0,0,0,0,0.672413793,0.189655172,0.120689655,0.017241379,1,0,0,0,0,0,0.18,0,0.04,0.78,1,0,0.88,0.12,0,0
214,1,0,0,0,0,0.696428571,0.196428571,0.089285714,0.017857143,1,0,0,0,0,0,0.22,0,0.04,0.74,1,0,0.88,0.12,0,0
215,1,0,0,0,0,0,0,0,0,0,0.78,0.22,0,0,0.230769231,0.676923077,0,0.092307692,0,1,0.018518519,0,0,0.925925926,0.055555556
216,1,0,0,0,0,0,0,0,0,0,0.78,0.22,0,0,0.230769231,0.676923077,0,0.092307692,0,1,0.018518519,0,0,0.925925926,0.055555556
217,1,0,0,0,0,0,0,0,0,0,0.78,0.22,0,0,0.230769231,0.676923077,0,0.092307692,0,1,0.018518519,0,0,0.925925926,0.055555556
218,1,0,0,0,0,0,0,0,0,0,0.78,0.22,0,0,0.230769231,0.676923077,0,0.092307692,0,1,0.018518519,0,0,0.925925926,0.055555556
219,1,0,0,0,0,0,0,0,0,0,0.78,0.22,0,0,0.230769231,0.676923077,0,0.092307692,0,1,0.018518519,0,0,0.925925926,0.055555556
220,1,0,0,0,0,0,0,0,0,0,0.764705882,0.215686275,0,0.019607843,0.230769231,0.676923077,0,0.092307692,0,1,0,0,0,0.943396226,0.056603774
221,1,0,0,0,0,0,0,0,0,0,0.764705882,0.215686275,0,0.019607843,0.230769231,0.676923077,0,0.092307692,0,1,0,0,0,0.943396226,0.056603774
222,1,0,0,0,0,0,0,0,0,0,0.78,0.22,0,0,0.230769231,0.676923077,0,0.092307692,0,1,0.018518519,0,0,0.925925926,0.055555556
223,1,0,0,0,0,0,0,0,0,0,0.78,0.22,0,0,0.230769231,0.676923077,0,0.092307692,0,1,0.018518519,0,0,0.925925926,0.055555556
224,1,0,0,0,0,0,0,0,0,0,0.764705882,0.215686275,0,0.019607843,0.230769231,0.676923077,0,0.092307692,0,1,0,0,0,0.943396226,0.056603774
225,1,0,0,0,0,0,0,0,0,0,0.764705882,0.215686275,0,0.019607843,0.230769231,0.676923077,0,0.092307692,0,1,0,0,0,0.943396226,0.056603774
226,1,0,0,0,0,0,0,0,0,0,0.764705882,0.215686275,0,0.019607843,0.230769231,0.676923077,0,0.092307692,0,1,0,0,0,0.943396226,0.056603774
227,1,0,0,0,0,0,0,0,0,0,0.764705882,0.215686275,0,0.019607843,0.230769231,0.676923077,0,0.092307692,0,1,0,0,0,0.943396226,0.056603774
228,1,0,0,0,0,0,0,0,0,0,0.764705882,0.215686275,0,0.019607843,0.230769231,0.676923077,0,0.092307692,0,1,0,0,0,0.943396226,0.056603774
229,1,0,0,0,0,0,0,0,0,0,0.6,0.169230769,0.230769231,0,0,0.88,0,0.12,0,1,0.037037037,0,0,0.925925926,0.037037037
230,1,0,0,0,0,0,0,0,0,0,0.6,0.169230769,0.230769231,0,0,0.88,0,0.12,0,1,0.037037037,0,0,0.925925926,0.037037037
231,1,0,0,0,0,0,0,0,0,0,0.6,0.169230769,0.230769231,0,0,0.88,0,0.12,0,1,0.037037037,0,0,0.925925926,0.037037037
232,1,0,0,0,0,0,0,0,0,0,0.6,0.169230769,0.230769231,0,0,0.88,0,0.12,0,1,0.037037037,0,0,0.925925926,0.037037037
233,1,0,0,0,0,0,0,0,0,0,0.609375,0.171875,0.21875,0,0,0.88,0,0.12,0,1,0.036363636,0,0,0.909090909,0.054545455
234,1,0,0,0,0,0,0,0,0,0,0.6,0.169230769,0.230769231,0,0,0.88,0,0.12,0,1,0.037037037,0,0,0.925925926,0.037037037
235,1,0,0,0,0,0,0,0,0,0,0.6,0.169230769,0.230769231,0,0,0.88,0,0.12,0,1,0.037037037,0,0,0.925925926,0.037037037
236,1,0,0,0,0,0,0,0,0,0,0.6,0.169230769,0.230769231,0,0,0.88,0,0.12,0,1,0.037037037,0,0,0.925925926,0.037037037
237,1,0,0,0,0,0,0,0,0,0,0.6,0.169230769,0.230769231,0,0,0.88,0,0.12,0,1,0.037037037,0,0,0.925925926,0.037037037
238,1,0,0,0,0,0,0,0,0,0,0.6,0.169230769,0.230769231,0,0,0.88,0,0.12,0,1,0.037037037,0,0,0.925925926,0.037037037
239,1,0,0,0,0,0.609375,0.171875,0.203125,0.015625,1,0,0,0,0,0,0.06,0,0.04,0.9,1,0,0.88,0.12,0,0
240,1,0,0,0,0,0.709090909,0.2,0.072727273,0.018181818,0,0,0,0,0,0.193548387,0,0,0,0.806451613,1,0,0.846153846,0.115384615,0,0.038461538
241,1,0,0,0,0,0,0,0,0,0,0.609375,0.171875,0.21875,0,0,0.88,0,0.12,0,1,0.036363636,0,0,0.909090909,0.054545455
242,1,0,0,0,0,0,0,0,0,0,0.764705882,0.215686275,0,0.019607843,0.230769231,0.676923077,0,0.092307692,0,1,0,0,0,0.943396226,0.056603774
243,1,0,0,0,0,0,0,0,0,0,0.78,0.22,0,0,0.230769231,0.676923077,0,0.092307692,0,1,0.018518519,0,0,0.925925926,0.055555556
244,1,0,0,0,0,0,0,0,0,0,0.78,0.22,0,0,0.230769231,0.676923077,0,0.092307692,0,1,0.018518519,0,0,0.925925926,0.055555556
245,1,0,0,0,0,0,0,0,0,0,0.78,0.22,0,0,0.21875,0.6875,0,0.09375,0,1,0.036363636,0,0,0.909090909,0.054545455
246,1,0,0,0,0,0,0,0,0,0,0.78,0.22,0,0,0.21875,0.6875,0,0.09375,0,1,0.036363636,0,0,0.909090909,0.054545455
247,1,0,0,0,0,0,0,0,0,0,0.6,0.169230769,0.230769231,0,0,0.88,0,0.12,0,1,0.037037037,0,0,0.925925926,0.037037037
248,1,0,0,0,0,0,0,0,0,0,0.78,0.22,0,0,0.230769231,0.676923077,0,0.092307692,0,1,0.018518519,0,0,0.925925926,0.055555556
249,1,0,0,0,0,0,0,0,0,0,0.78,0.22,0,0,0.230769231,0.676923077,0,0.092307692,0,1,0.018518519,0,0,0.925925926,0.055555556
250,1,0,0,0,0,0,0,0,0,0,0.78,0.22,0,0,0.230769231,0.676923077,0,0.092307692,0,1,0.018518519,0,0,0.925925926,0.055555556
251,1,0,0,0,0,0,0,0,0,0,0.764705882,0.215686275,0,0.019607843,0.230769231,0.676923077,0,0.092307692,0,1,0,0,0,0.943396226,0.056603774
252,1,0,0,0,0,0,0,0,0,0,0.764705882,0.215686275,0,0.019607843,0.230769231,0.676923077,0,0.092307692,0,1,0,0,0,0.943396226,0.056603774
253,1,0,0,0,0,0,0,0,0,0,0.6,0.169230769,0.230769231,0,0,0.88,0,0.12,0,1,0.037037037,0,0,0.925925926,0.037037037
254,1,0,0,0,0,0,0,0,0,0,0.6,0.169230769,0.230769231,0,0,0.88,0,0.12,0,1,0.037037037,0,0,0.925925926,0.037037037
255,1,0,0,0,0,0,0,0,0,0,0.6,0.169230769,0.230769231,0,0,0.88,0,0.12,0,1,0.037037037,0,0,0.925925926,0.037037037
256,1,0,0,0,0,0,0,0,0,0,0.6,0.169230769,0.230769231,0,0,0.88,0,0.12,0,1,0.037037037,0,0,0.925925926,0.037037037
257,1,0,0,0,0,0,0,0,0,0,0.6,0.169230769,0.230769231,0,0,0.88,0,0.12,0,1,0.037037037,0,0,0.925925926,0.037037037
258,1,0,0,0,0,0,0,0,0,0,0.6,0.169230769,0.230769231,0,0,0.88,0,0.12,0,1,0.037037037,0,0,0.925925926,0.037037037
259,1,0,0,0,0,0,0,0,0,0,0.609375,0.171875,0.21875,0,0,0.88,0,0.12,0,1,0.036363636,0,0,0.909090909,0.054545455
260,1,0,0,0,0,0,0,0,0,0,0.609375,0.171875,0.21875,0,0,0.88,0,0.12,0,1,0.036363636,0,0,0.909090909,0.054545455
261,1,0,0,0,0,0,0,0,0,0,0.764705882,0.215686275,0,0.019607843,0.230769231,0.676923077,0,0.092307692,0,1,0,0,0,0.943396226,0.056603774
262,1,0,0,0,0,0,0,0,0,0,0.78,0.22,0,0,0.230769231,0.676923077,0,0.092307692,0,1,0.018518519,0,0,0.925925926,0.055555556
263,1,0,0,0,0,0,0,0,0,0,0.764705882,0.215686275,0,0.019607843,0.230769231,0.676923077,0,0.092307692,0,1,0,0,0,0.943396226,0.056603774
264,1,0,0,0,0,0,0,0,0,0,0.764705882,0.215686275,0,0.019607843,0.230769231,0.676923077,0,0.092307692,0,1,0,0,0,0.943396226,0.056603774
265,1,0,0,0,0,0,0,0,0,0,0.764705882,0.215686275,0,0.019607843,0.230769231,0.676923077,0,0.092307692,0,1,0,0,0,0.943396226,0.056603774
266,1,0,0,0,0,0,0,0,0,0,0.764705882,0.215686275,0,0.019607843,0.230769231,0.676923077,0,0.092307692,0,1,0,0,0,0.943396226,0.056603774
267,1,0,0,0,0,0,0,0,0,0,0.78,0.22,0,0,0.230769231,0.676923077,0,0.092307692,0,1,0.018518519,0,0,0.925925926,0.055555556
268,1,0,0,0,0,0,0,0,0,0,0.6,0.169230769,0.230769231,0,0,0.88,0,0.12,0,1,0.037037037,0,0,0.925925926,0.037037037
269,1,0,0,0,0,0,0,0,0,0,0.6,0.169230769,0.230769231,0,0,0.88,0,0.12,0,1,0.037037037,0,0,0.925925926,0.037037037
270,1,0,0,0,0,0,0,0,0,0,0.6,0.169230769,0.230769231,0,0,0.88,0,0.12,0,1,0.037037037,0,0,0.925925926,0.037037037
271,1,0,0,0,0,0,0,0,0,0,0.6,0.169230769,0.230769231,0,0,0.88,0,0.12,0,1,0.037037037,0,0,0.925925926,0.037037037
272,1,0,0,0,0,0,0,0,0,0,0.609375,0.171875,0.21875,0,0,0.88,0,0.12,0,1,0.036363636,0,0,0.909090909,0.054545455
273,1,0,0,0,0,0,0,0,0,0,0.6,0.169230769,0.230769231,0,0,0.88,0,0.12,0,1,0.037037037,0,0,0.925925926,0.037037037
274,1,0,0,0,0,0,0,0,0,0,0.609375,0.171875,0.21875,0,0,0.88,0,0.12,0,1,0.036363636,0,0,0.909090909,0.054545455
275,1,0,0,0,0,0,0,0,0,0,0.6,0.169230769,0.230769231,0,0,0.88,0,0.12,0,1,0.037037037,0,0,0.925925926,0.037037037
276,1,0,0,0,0,0.619047619,0.174603175,0.19047619,0.015873016,1,0,0,0,0,0,0.08,0,0.04,0.88,1,0,0.88,0.12,0,0
277,1,0,0,0,0,0.661016949,0.186440678,0.13559322,0.016949153,1,0,0,0,0,0,0.16,0,0.04,0.8,1,0,0.88,0.12,0,0
278,1,0,0,0,0,0,0,0,0,0,0.6,0.169230769,0.230769231,0,0,0.88,0,0.12,0,1,0.037037037,0,0,0.925925926,0.037037037
279,1,0,0,0,0,0,0,0,0,0,0.6,0.169230769,0.230769231,0,0,0.88,0,0.12,0,1,0.037037037,0,0,0.925925926,0.037037037
280,1,0,0,0,1,0,0,0,0,0,0.78,0.22,0,0,0.230769231,0.676923077,0,0.092307692,0,1,0,0.018867925,0,0.924528302,0.056603774
281,1,0,0,0,0,0,0,0,0,0,0.764705882,0.215686275,0,0.019607843,0.230769231,0.676923077,0,0.092307692,0,1,0,0,0,0.943396226,0.056603774
282,1,0,0,0,0,0,0,0,0,0,0.78,0.22,0,0,0.230769231,0.676923077,0,0.092307692,0,1,0.018518519,0,0,0.925925926,0.055555556
283,1,0,0,0,0,0,0,0,0,0,0.78,0.22,0,0,0.230769231,0.676923077,0,0.092307692,0,1,0.018518519,0,0,0.925925926,0.055555556
284,1,0,0,0,1,0,0,0,0,0,0.78,0.22,0,0,0.230769231,0.676923077,0,0.092307692,0,1,0,0.018867925,0,0.924528302,0.056603774
285,1,0,0,0,0,0,0,0,0,0,0.764705882,0.215686275,0,0.019607843,0.230769231,0.676923077,0,0.092307692,0,1,0,0,0,0.943396226,0.056603774
286,1,0,0,0,0,0,0,0,0,0,0.764705882,0.215686275,0,0.019607843,0.230769231,0.676923077,0,0.092307692,0,1,0,0,0,0.943396226,0.056603774
287,1,0,0,0,0,0,0,0,0,0,0.6,0.169230769,0.230769231,0,0,0.88,0,0.12,0,1,0.037037037,0,0,0.925925926,0.037037037
288,1,0,0,0,0,0,0,0,0,0,0.6,0.169230769,0.230769231,0,0,0.88,0,0.12,0,1,0.037037037,0,0,0.925925926,0.037037037
289,1,0,0,0,0,0,0,0,0,0,0.6,0.169230769,0.230769231,0,0,0.88,0,0.12,0,1,0.037037037,0,0,0.925925926,0.037037037
290,1,0,0,0,0,0,0,0,0,0,0.6,0.169230769,0.230769231,0,0,0.88,0,0.12,0,1,0.037037037,0,0,0.925925926,0.037037037
291,1,0,0,0,0,0,0,0,0,0,0.6,0.169230769,0.230769231,0,0,0.88,0,0.12,0,1,0.037037037,0,0,0.925925926,0.037037037
292,1,0,0,0,0,0,0,0,0,0,0.6,0.169230769,0.230769231,0,0,0.88,0,0.12,0,1,0.037037037,0,0,0.925925926,0.037037037
293,1,0,0,0,0,0,0,0,0,0,0.6,0.169230769,0.230769231,0,0,0.88,0,0.12,0,1,0.037037037,0,0,0.925925926,0.037037037
294,1,0,0,0,0,0,0,0,0,0,0.6,0.169230769,0.230769231,0,0,0.88,0,0.12,0,1,0.037037037,0,0,0.925925926,0.037037037
295,1,0,0,0,0,0.684210526,0.192982456,0.105263158,0.01754386,0,0,0,0,0,0,0,0.038461538,0,0.961538462,1,0.166666667,0.733333333,0.1,0,0
296,1,0,0,0,0,0,0,0,0,0,0.78,0.22,0,0,0.230769231,0.676923077,0,0.092307692,0,1,0.018518519,0,0,0.925925926,0.055555556
297,1,0,0,0,0,0,0,0,0,0,0.764705882,0.215686275,0,0.019607843,0.230769231,0.676923077,0,0.092307692,0,1,0,0,0,0.943396226,0.056603774
298,1,0,0,0,0,0,0,0,0,0,0.78,0.22,0,0,0.230769231,0.676923077,0,0.092307692,0,1,0.018518519,0,0,0.925925926,0.055555556
299,1,0,0,0,0,0,0,0,0,0,0.6,0.169230769,0.230769231,0,0,0.88,0,0.12,0,1,0.037037037,0,0,0.925925926,0.037037037
300,1,0,0,0,0,0,0,0,0,0,0.6,0.169230769,0.230769231,0,0,0.88,0,0.12,0,1,0.037037037,0,0,0.925925926,0.037037037
301,1,0,0,0,0,0,0,0,0,0,0.6,0.169230769,0.230769231,0,0,0.88,0,0.12,0,1,0.037037037,0,0,0.925925926,0.037037037
302,1,0,0,0,0,0,0,0,0,0,0.609375,0.171875,0.21875,0,0,0.88,0,0.12,0,1,0.036363636,0,0,0.909090909,0.054545455
303,1,0,0,0,0,0,0,0,0,0,0.6,0.169230769,0.230769231,0,0,0.88,0,0.12,0,1,0.037037037,0,0,0.925925926,0.037037037
304,1,0,0,0,0,0,0,0,0,0,0.609375,0.171875,0.21875,0,0,0.88,0,0.12,0,1,0.036363636,0,0,0.909090909,0.054545455
305,1,0,0,0,0,0,0,0,0,0,0.6,0.169230769,0.230769231,0,0,0.88,0,0.12,0,1,0.037037037,0,0,0.925925926,0.037037037
306,1,0,0,0,0,0,0,0,0,0,0.764705882,0.215686275,0,0.019607843,0.230769231,0.676923077,0,0.092307692,0,1,0,0,0,0.943396226,0.056603774
307,1,0,0,0,0,0,0,0,0,0,0.764705882,0.215686275,0,0.019607843,0.230769231,0.676923077,0,0.092307692,0,1,0,0,0,0.943396226,0.056603774
308,1,0,0,0,0,0,0,0,0,0,0.764705882,0.215686275,0,0.019607843,0.230769231,0.676923077,0,0.092307692,0,1,0,0,0,0.943396226,0.056603774
309,1,0,0,0,0,0,0,0,0,0,0.78,0.22,0,0,0.230769231,0.676923077,0,0.092307692,0,1,0.018518519,0,0,0.925925926,0.055555556
310,1,0,0,0,0,0,0,0,0,0,0.764705882,0.215686275,0,0.019607843,0.230769231,0.676923077,0,0.092307692,0,1,0,0,0,0.943396226,0.056603774
311,1,0,0,0,1,0,0,0,0,0,0.78,0.22,0,0,0.230769231,0.676923077,0,0.092307692,0,1,0,0.018867925,0,0.924528302,0.056603774
312,1,0,0,0,1,0,0,0,0,0,0.78,0.22,0,0,0.230769231,0.676923077,0,0.092307692,0,1,0,0.018867925,0,0.924528302,0.056603774
313,1,0,0,0,1,0,0,0,0,0,0.78,0.22,0,0,0.230769231,0.676923077,0,0.092307692,0,1,0,0.018867925,0,0.924528302,0.056603774
314,1,0,0,0,0,0,0,0,0,0,0.78,0.22,0,0,0.230769231,0.676923077,0,0.092307692,0,1,0.018518519,0,0,0.925925926,0.055555556
315,1,0,0,0,0,0,0,0,0,0,0.764705882,0.215686275,0,0.019607843,0.230769231,0.676923077,0,0.092307692,0,1,0,0,0,0.943396226,0.056603774
316,1,0,0,0,0,0,0,0,0,0,0.764705882,0.215686275,0,0.019607843,0.230769231,0.676923077,0,0.092307692,0,1,0,0,0,0.943396226,0.056603774
317,1,0,0,0,0,0,0,0,0,0,0.764705882,0.215686275,0,0.019607843,0.230769231,0.676923077,0,0.092307692,0,1,0,0,0,0.943396226,0.056603774
318,1,0,0,0,1,0,0,0,0,0,0.78,0.22,0,0,0.230769231,0.676923077,0,0.092307692,0,1,0,0.018867925,0,0.924528302,0.056603774
319,1,0,0,0,1,0,0,0,0,0,0.78,0.22,0,0,0.230769231,0.676923077,0,0.092307692,0,1,0,0.018867925,0,0.924528302,0.056603774
320,1,0,0,0,0,0,0,0,0,0,0.6,0.169230769,0.230769231,0,0,0.88,0,0.12,0,1,0.037037037,0,0,0.925925926,0.037037037
321,1,0,0,0,0,0,0,0,0,0,0.764705882,0.215686275,0,0.019607843,0.230769231,0.676923077,0,0.092307692,0,1,0,0,0,0.943396226,0.056603774
322,1,0,0,0,0,0,0,0,0,0,0.764705882,0.215686275,0,0.019607843,0.230769231,0.676923077,0,0.092307692,0,1,0,0,0,0.943396226,0.056603774
323,1,0,0,0,0,0,0,0,0,0,0.78,0.22,0,0,0.230769231,0.676923077,0,0.092307692,0,1,0.018518519,0,0,0.925925926,0.055555556
324,1,0,0,0,0,0.590909091,0.166666667,0.227272727,0.015151515,0,0,0,0,0,0,0,0,0,1,1,0.018867925,0.830188679,0.113207547,0,0.037735849
325,1,0,0,0,0,0.590909091,0.166666667,0.227272727,0.015151515,1,0,0,0,0,0,0.02,0,0.04,0.94,1,0,0.88,0.12,0,0
326,1,0,0,0,0,0,0,0,0,0,0.6,0.169230769,0.230769231,0,0,0.88,0,0.12,0,1,0.037037037,0,0,0.925925926,0.037037037
327,1,0,0,0,0,0,0,0,0,0,0.6,0.169230769,0.230769231,0,0,0.88,0,0.12,0,1,0.037037037,0,0,0.925925926,0.037037037
328,1,0,0,0,1,0,0,0,0,0,0.78,0.22,0,0,0.230769231,0.676923077,0,0.092307692,0,1,0,0.018867925,0,0.924528302,0.056603774
329,1,0,0,0,0,0,0,0,0,0,0.764705882,0.215686275,0,0.019607843,0.230769231,0.676923077,0,0.092307692,0,1,0,0,0,0.943396226,0.056603774
330,1,0,0,0,0,0,0,0,0,0,0.764705882,0.215686275,0,0.019607843,0.230769231,0.676923077,0,0.092307692,0,1,0,0,0,0.943396226,0.056603774
331,1,0,0,0,0,0,0,0,0,0,0.764705882,0.215686275,0,0.019607843,0.230769231,0.676923077,0,0.092307692,0,1,0,0,0,0.943396226,0.056603774
332,1,0,0,0,0,0,0,0,0,0,0.764705882,0.215686275,0,0.019607843,0.230769231,0.676923077,0,0.092307692,0,1,0,0,0,0.943396226,0.056603774
333,1,0,0,0,0,0,0,0,0,0,0.6,0.169230769,0.230769231,0,0,0.88,0,0.12,0,1,0.037037037,0,0,0.925925926,0.037037037
334,1,0,0,0,0,0,0,0,0,0,0.6,0.169230769,0.230769231,0,0,0.88,0,0.12,0,1,0.037037037,0,0,0.925925926,0.037037037
335,1,0,0,0,0,0,0,0,0,0,0.6,0.169230769,0.230769231,0,0,0.88,0,0.12,0,1,0.037037037,0,0,0.925925926,0.037037037
336,1,0,0,0,0,0,0,0,0,0,0.6,0.169230769,0.230769231,0,0,0.88,0,0.12,0,1,0.037037037,0,0,0.925925926,0.037037037
337,1,0,0,0,0,0,0,0,0,0,0.6,0.169230769,0.230769231,0,0,0.88,0,0.12,0,1,0.037037037,0,0,0.925925926,0.037037037
338,1,0,0,0,0,0,0,0,0,0,0.6,0.169230769,0.230769231,0,0,0.88,0,0.12,0,1,0.037037037,0,0,0.925925926,0.037037037
339,1,0,0,0,0,0,0,0,0,0,0.6,0.169230769,0.230769231,0,0,0.88,0,0.12,0,1,0.037037037,0,0,0.925925926,0.037037037
340,1,0,0,0,0,0,0,0,0,0,0.6,0.169230769,0.230769231,0,0,0.88,0,0.12,0,1,0.037037037,0,0,0.925925926,0.037037037
341,1,0,0,0,0,0,0,0,0,0,0.6,0.169230769,0.230769231,0,0,0.88,0,0.12,0,1,0.037037037,0,0,0.925925926,0.037037037
342,1,0,0,0,0,0,0,0,0,0,0.609375,0.171875,0.21875,0,0,0.88,0,0.12,0,1,0.036363636,0,0,0.909090909,0.054545455
343,1,0,0,0,0,0,0,0,0,0,0.6,0.169230769,0.230769231,0,0,0.88,0,0.12,0,1,0.037037037,0,0,0.925925926,0.037037037
344,1,0,0,0,0,0,0,0,0,0,0.6,0.169230769,0.230769231,0,0,0.88,0,0.12,0,1,0.037037037,0,0,0.925925926,0.037037037
345,1,0,0,0,0,0,0,0,0,0,0.764705882,0.215686275,0,0.019607843,0.230769231,0.676923077,0,0.092307692,0,1,0,0,0,0.943396226,0.056603774
346,1,0,0,0,0,0,0,0,0,0,0.78,0.22,0,0,0.230769231,0.676923077,0,0.092307692,0,1,0.018518519,0,0,0.925925926,0.055555556
347,1,0,0,0,0,0,0,0,0,0,0.78,0.22,0,0,0.230769231,0.676923077,0,0.092307692,0,1,0.018518519,0,0,0.925925926,0.055555556
348,1,0,0,0,0,0,0,0,0,0,0.78,0.22,0,0,0.230769231,0.676923077,0,0.092307692,0,1,0.018518519,0,0,0.925925926,0.055555556
349,1,0,0,0,0,0,0,0,0,0,0.764705882,0.215686275,0,0.019607843,0.230769231,0.676923077,0,0.092307692,0,1,0,0,0,0.943396226,0.056603774
350,1,0,0,0,0,0,0,0,0,0,0.764705882,0.215686275,0,0.019607843,0.230769231,0.676923077,0,0.092307692,0,1,0,0,0,0.943396226,0.056603774
351,1,0,0,0,0,0,0,0,0,0,0.6,0.169230769,0.230769231,0,0,0.88,0,0.12,0,1,0.037037037,0,0,0.925925926,0.037037037
352,1,0,0,0,0,0,0,0,0,0,0.78,0.22,0,0,0.230769231,0.676923077,0,0.092307692,0,1,0.018518519,0,0,0.925925926,0.055555556
353,1,0,0,0,0,0,0,0,0,0,0.764705882,0.215686275,0,0.019607843,0.230769231,0.676923077,0,0.092307692,0,1,0,0,0,0.943396226,0.056603774
354,1,0,0,0,1,0,0,0,0,0,0.78,0.22,0,0,0.230769231,0.676923077,0,0.092307692,0,1,0,0.018867925,0,0.924528302,0.056603774
355,1,0,0,0,0,0,0,0,0,0,0.764705882,0.215686275,0,0.019607843,0.230769231,0.676923077,0,0.092307692,0,1,0,0,0,0.943396226,0.056603774
356,1,0,0,0,0,0,0,0,0,0,0.764705882,0.215686275,0,0.019607843,0.230769231,0.676923077,0,0.092307692,0,1,0,0,0,0.943396226,0.056603774
357,1,0,0,0,0,0,0,0,0,0,0.78,0.22,0,0,0.230769231,0.676923077,0,0.092307692,0,1,0.018518519,0,0,0.925925926,0.055555556
358,1,0,0,0,0,0,0,0,0,0,0.78,0.22,0,0,0.230769231,0.676923077,0,0.092307692,0,1,0.018518519,0,0,0.925925926,0.055555556
359,1,0,0,0,0,0,0,0,0,0,0.78,0.22,0,0,0.230769231,0.676923077,0,0.092307692,0,1,0.018518519,0,0,0.925925926,0.055555556
360,1,0,0,0,0,0,0,0,0,0,0.78,0.22,0,0,0.230769231,0.676923077,0,0.092307692,0,1,0.018518519,0,0,0.925925926,0.055555556
361,1,0,0,0,0,0,0,0,0,0,0.609375,0.171875,0.21875,0,0,0.88,0,0.12,0,1,0.036363636,0,0,0.909090909,0.054545455
362,1,0,0,0,0,0,0,0,0,0,0.6,0.169230769,0.230769231,0,0,0.88,0,0.12,0,1,0.037037037,0,0,0.925925926,0.037037037
363,1,0,0,0,0,0,0,0,0,0,0.6,0.169230769,0.230769231,0,0,0.88,0,0.12,0,1,0.037037037,0,0,0.925925926,0.037037037
364,1,0,0,0,0,0,0,0,0,0,0.6,0.169230769,0.230769231,0,0,0.88,0,0.12,0,1,0.037037037,0,0,0.925925926,0.037037037
365,1,0,0,0,0,0,0,0,0,0,0.609375,0.171875,0.21875,0,0,0.88,0,0.12,0,1,0.036363636,0,0,0.909090909,0.054545455
366,1,0,0,0,0,0,0,0,0,0,0.609375,0.171875,0.21875,0,0,0.88,0,0.12,0,1,0.036363636,0,0,0.909090909,0.054545455
367,1,0,0,0,0,0,0,0,0,0,0.6,0.169230769,0.230769231,0,0,0.88,0,0.12,0,1,0.037037037,0,0,0.925925926,0.037037037
368,1,0,0,0,0,0,0,0,0,0,0.78,0.22,0,0,0.230769231,0.676923077,0,0.092307692,0,1,0.018518519,0,0,0.925925926,0.055555556
369,1,0,0,0,0,0,0,0,0,0,0.764705882,0.215686275,0,0.019607843,0.230769231,0.676923077,0,0.092307692,0,1,0,0,0,0.943396226,0.056603774
370,1,0,0,0,0,0,0,0,0,0,0.6,0.169230769,0.230769231,0,0,0.88,0,0.12,0,1,0.037037037,0,0,0.925925926,0.037037037
371,1,0,0,0,0,0,0,0,0,0,0.6,0.169230769,0.230769231,0,0,0.88,0,0.12,0,1,0.037037037,0,0,0.925925926,0.037037037
372,1,0,0,0,0,0,0,0,0,0,0.6,0.169230769,0.230769231,0,0,0.88,0,0.12,0,1,0.037037037,0,0,0.925925926,0.037037037
373,1,0,0,0,0,0,0,0,0,0,0.6,0.169230769,0.230769231,0,0,0.88,0,0.12,0,1,0.037037037,0,0,0.925925926,0.037037037
374,1,0,0,0,0,0,0,0,0,0,0.78,0.22,0,0,0.230769231,0.676923077,0,0.092307692,0,1,0.018518519,0,0,0.925925926,0.055555556
375,1,0,0,0,0,0,0,0,0,0,0.6,0.169230769,0.230769231,0,0,0.88,0,0.12,0,1,0.037037037,0,0,0.925925926,0.037037037
376,1,0,0,0,0,0,0,0,0,0,0.6,0.169230769,0.230769231,0,0,0.88,0,0.12,0,1,0.037037037,0,0,0.925925926,0.037037037
377,1,0,0,0,0,0,0,0,0,0,0.6,0.169230769,0.230769231,0,0,0.88,0,0.12,0,1,0.037037037,0,0,0.925925926,0.037037037
378,1,0,0,0,0,0,0,0,0,0,0.764705882,0.215686275,0,0.019607843,0.230769231,0.676923077,0,0.092307692,0,1,0,0,0,0.943396226,0.056603774
379,1,0,0,0,1,0,0,0,0,0,0.78,0.22,0,0,0.230769231,0.676923077,0,0.092307692,0,1,0,0.018867925,0,0.924528302,0.056603774
380,1,0,0,0,0,0,0,0,0,0,0.764705882,0.215686275,0,0.019607843,0.230769231,0.676923077,0,0.092307692,0,1,0,0,0,0.943396226,0.056603774
381,1,0,0,0,0,0,0,0,0,0,0.764705882,0.215686275,0,0.019607843,0.230769231,0.676923077,0,0.092307692,0,1,0,0,0,0.943396226,0.056603774
382,1,0,0,0,0,0,0,0,0,0,0.78,0.22,0,0,0.230769231,0.676923077,0,0.092307692,0,1,0.018518519,0,0,0.925925926,0.055555556
383,1,0,0,0,0,0,0,0,0,0,0.764705882,0.215686275,0,0.019607843,0.230769231,0.676923077,0,0.092307692,0,1,0,0,0,0.943396226,0.056603774
384,1,0,0,0,0,0,0,0,0,0,0.764705882,0.215686275,0,0.019607843,0.230769231,0.676923077,0,0.092307692,0,1,0,0,0,0.943396226,0.056603774
385,1,0,0,0,0,0,0,0,0,0,0.764705882,0.215686275,0,0.019607843,0.230769231,0.676923077,0,0.092307692,0,1,0,0,0,0.943396226,0.056603774
386,1,0,0,0,0,0,0,0,0,0,0.6,0.169230769,0.230769231,0,0,0.88,0,0.12,0,1,0.037037037,0,0,0.925925926,0.037037037
387,1,0,0,0,0,0,0,0,0,0,0.6,0.169230769,0.230769231,0,0,0.88,0,0.12,0,1,0.037037037,0,0,0.925925926,0.037037037
388,1,0,0,0,0,0,0,0,0,0,0.6,0.169230769,0.230769231,0,0,0.88,0,0.12,0,1,0.037037037,0,0,0.925925926,0.037037037
389,1,0,0,0,0,0,0,0,0,0,0.6,0.169230769,0.230769231,0,0,0.88,0,0.12,0,1,0.037037037,0,0,0.925925926,0.037037037
390,1,0,0,0,0,0,0,0,0,0,0.764705882,0.215686275,0,0.019607843,0.230769231,0.676923077,0,0.092307692,0,1,0,0,0,0.943396226,0.056603774
391,1,0,0,0,0,0,0,0,0,0,0.764705882,0.215686275,0,0.019607843,0.230769231,0.676923077,0,0.092307692,0,1,0,0,0,0.943396226,0.056603774
392,1,0,0,0,0,0,0,0,0,0,0.78,0.22,0,0,0.230769231,0.676923077,0,0.092307692,0,1,0.018518519,0,0,0.925925926,0.055555556
393,1,0,0,0,0,0,0,0,0,0,0.78,0.22,0,0,0.230769231,0.676923077,0,0.092307692,0,1,0.018518519,0,0,0.925925926,0.055555556
394,1,0,0,0,0,0,0,0,0,0,0.78,0.22,0,0,0.230769231,0.676923077,0,0.092307692,0,1,0.018518519,0,0,0.925925926,0.055555556
395,1,0,0,0,0,0,0,0,0,0,0.78,0.22,0,0,0.230769231,0.676923077,0,0.092307692,0,1,0.018518519,0,0,0.925925926,0.055555556
396,1,0,0,0,0,0,0,0,0,0,0.78,0.22,0,0,0.230769231,0.676923077,0,0.092307692,0,1,0.018518519,0,0,0.925925926,0.055555556
397,1,0,0,0,0,0,0,0,0,0,0.6,0.169230769,0.230769231,0,0,0.88,0,0.12,0,1,0.037037037,0,0,0.925925926,0.037037037
398,1,0,0,0,0,0,0,0,0,0,0.6,0.169230769,0.230769231,0,0,0.88,0,0.12,0,1,0.037037037,0,0,0.925925926,0.037037037
399,1,0,0,0,0,0,0,0,0,0,0.6,0.169230769,0.230769231,0,0,0.88,0,0.12,0,1,0.037037037,0,0,0.925925926,0.037037037
400,1,0,0,0,0,0,0,0,0,0,0.609375,0.171875,0.21875,0,0,0.88,0,0.12,0,1,0.036363636,0,0,0.909090909,0.054545455
401,1,0,0,0,0,0.639344262,0.180327869,0.163934426,0.016393443,1,0,0,0,0,0,0.12,0,0.04,0.84,1,0,0.88,0.12,0,0
402,1,0,0,0,0,0.609375,0.171875,0.203125,0.015625,1,0,0,0,0,0.056603774,0,0,0.037735849,0.905660377,1,0,0.88,0.12,0,0
403,1,0,0,0,1,0,0,0,0,0,0.78,0.22,0,0,0.230769231,0.676923077,0,0.092307692,0,1,0,0.018867925,0,0.924528302,0.056603774
404,1,0,0,0,0,0,0,0,0,0,0.764705882,0.215686275,0,0.019607843,0.230769231,0.676923077,0,0.092307692,0,1,0,0,0,0.943396226,0.056603774
405,1,0,0,0,0,0,0,0,0,0,0.764705882,0.215686275,0,0.019607843,0.230769231,0.676923077,0,0.092307692,0,1,0,0,0,0.943396226,0.056603774
406,1,0,0,0,0,0,0,0,0,0,0.764705882,0.215686275,0,0.019607843,0.230769231,0.676923077,0,0.092307692,0,1,0,0,0,0.943396226,0.056603774
407,1,0,0,0,0,0,0,0,0,0,0.609375,0.171875,0.21875,0,0,0.88,0,0.12,0,1,0.036363636,0,0,0.909090909,0.054545455
408,1,0,0,0,0,0,0,0,0,0,0.6,0.169230769,0.230769231,0,0,0.88,0,0.12,0,1,0.037037037,0,0,0.925925926,0.037037037
409,1,0,0,0,0,0,0,0,0,0,0.6,0.169230769,0.230769231,0,0,0.88,0,0.12,0,1,0.037037037,0,0,0.925925926,0.037037037
410,1,0,0,0,0,0,0,0,0,0,0.6,0.169230769,0.230769231,0,0,0.88,0,0.12,0,1,0.037037037,0,0,0.925925926,0.037037037
411,1,0,0,0,0,0,0,0,0,0,0.764705882,0.215686275,0,0.019607843,0.230769231,0.676923077,0,0.092307692,0,1,0,0,0,0.943396226,0.056603774
412,1,0,0,0,0,0,0,0,0,0,0.764705882,0.215686275,0,0.019607843,0.230769231,0.676923077,0,0.092307692,0,1,0,0,0,0.943396226,0.056603774
413,1,0,0,0,1,0,0,0,0,0,0.78,0.22,0,0,0.230769231,0.676923077,0,0.092307692,0,1,0,0.018867925,0,0.924528302,0.056603774
414,1,0,0,0,0,0,0,0,0,0,0.764705882,0.215686275,0,0.019607843,0.230769231,0.676923077,0,0.092307692,0,1,0,0,0,0.943396226,0.056603774
415,1,0,0,0,0,0,0,0,0,0,0.78,0.22,0,0,0.230769231,0.676923077,0,0.092307692,0,1,0.018518519,0,0,0.925925926,0.055555556
416,1,0,0,0,0,0,0,0,0,0,0.6,0.169230769,0.230769231,0,0,0.88,0,0.12,0,1,0.037037037,0,0,0.925925926,0.037037037
417,1,0,0,0,0,0,0,0,0,0,0.78,0.22,0,0,0.230769231,0.676923077,0,0.092307692,0,1,0.018518519,0,0,0.925925926,0.055555556
418,1,0,0,0,0,0,0,0,0,0,0.78,0.22,0,0,0.21875,0.6875,0,0.09375,0,1,0.036363636,0,0,0.909090909,0.054545455
419,1,0,0,0,0,0,0,0,0,0,0.6,0.169230769,0.230769231,0,0,0.88,0,0.12,0,1,0.037037037,0,0,0.925925926,0.037037037
420,1,0,0,0,0,0,0,0,0,0,0.6,0.169230769,0.230769231,0,0,0.88,0,0.12,0,1,0.037037037,0,0,0.925925926,0.037037037
421,1,0,0,0,0,0,0,0,0,0,0.6,0.169230769,0.230769231,0,0,0.88,0,0.12,0,1,0.037037037,0,0,0.925925926,0.037037037
422,1,0,0,0,0,0,0,0,0,0,0.6,0.169230769,0.230769231,0,0,0.88,0,0.12,0,1,0.037037037,0,0,0.925925926,0.037037037
423,1,0,0,0,0,0,0,0,0,0,0.609375,0.171875,0.21875,0,0,0.88,0,0.12,0,1,0.036363636,0,0,0.909090909,0.054545455
424,1,0,0,0,0,0,0,0,0,0,0.609375,0.171875,0.21875,0,0,0.88,0,0.12,0,1,0.036363636,0,0,0.909090909,0.054545455
425,1,0,0,0,0,0,0,0,0,0,0.6,0.169230769,0.230769231,0,0,0.88,0,0.12,0,1,0.037037037,0,0,0.925925926,0.037037037
426,1,0,0,0,0,0,0,0,0,0,0.764705882,0.215686275,0,0.019607843,0.230769231,0.676923077,0,0.092307692,0,1,0,0,0,0.943396226,0.056603774
427,1,0,0,0,0,0,0,0,0,0,0.78,0.22,0,0,0.230769231,0.676923077,0,0.092307692,0,1,0.018518519,0,0,0.925925926,0.055555556
428,1,0,0,0,1,0,0,0,0,0,0.78,0.22,0,0,0.230769231,0.676923077,0,0.092307692,0,1,0,0.018867925,0,0.924528302,0.056603774
429,1,0,0,0,0,0,0,0,0,0,0.764705882,0.215686275,0,0.019607843,0.230769231,0.676923077,0,0.092307692,0,1,0,0,0,0.943396226,0.056603774
430,1,0,0,0,0,0,0,0,0,0,0.78,0.22,0,0,0.230769231,0.676923077,0,0.092307692,0,1,0.018518519,0,0,0.925925926,0.055555556
431,1,0,0,0,0,0,0,0,0,0,0.764705882,0.215686275,0,0.019607843,0.230769231,0.676923077,0,0.092307692,0,1,0,0,0,0.943396226,0.056603774
432,1,0,0,0,0,0,0,0,0,0,0.78,0.22,0,0,0.21875,0.6875,0,0.09375,0,1,0.036363636,0,0,0.909090909,0.054545455
433,1,0,0,0,0,0,0,0,0,0,0.78,0.22,0,0,0.230769231,0.676923077,0,0.092307692,0,1,0.018518519,0,0,0.925925926,0.055555556
434,1,0,0,0,0,0,0,0,0,0,0.78,0.22,0,0,0.230769231,0.676923077,0,0.092307692,0,1,0.018518519,0,0,0.925925926,0.055555556
435,1,0,0,0,0,0,0,0,0,0,0.78,0.22,0,0,0.230769231,0.676923077,0,0.092307692,0,1,0.018518519,0,0,0.925925926,0.055555556
436,1,0,0,0,0,0,0,0,0,0,0.78,0.22,0,0,0.230769231,0.676923077,0,0.092307692,0,1,0.018518519,0,0,0.925925926,0.055555556
437,1,0,0,0,0,0,0,0,0,0,0.609375,0.171875,0.21875,0,0,0.88,0,0.12,0,1,0.036363636,0,0,0.909090909,0.054545455
438,1,0,0,0,0,0.75,0.211538462,0.019230769,0.019230769,0,0,0,0,0,0.230769231,0,0,0,0.769230769,1,0,0.846153846,0.115384615,0,0.038461538
439,1,0,0,0,0,0.735849057,0.20754717,0.037735849,0.018867925,0,0,0,0,0,0.21875,0,0,0,0.78125,1,0,0.846153846,0.115384615,0,0.038461538
440,1,0,0,0,0,0.722222222,0.203703704,0.055555556,0.018518519,0,0,0,0,0,0.206349206,0,0,0,0.793650794,1,0,0.846153846,0.115384615,0,0.038461538
441,1,0,0,0,0,0,0,0,0,0,0.78,0.22,0,0,0.230769231,0.676923077,0,0.092307692,0,1,0.018518519,0,0,0.925925926,0.055555556
442,1,0,0,0,0,0,0,0,0,0,0.764705882,0.215686275,0,0.019607843,0.230769231,0.676923077,0,0.092307692,0,1,0,0,0,0.943396226,0.056603774
443,1,0,0,0,0,0,0,0,0,0,0.764705882,0.215686275,0,0.019607843,0.230769231,0.676923077,0,0.092307692,0,1,0,0,0,0.943396226,0.056603774
444,1,0,0,0,0,0,0,0,0,0,0.78,0.22,0,0,0.230769231,0.676923077,0,0.092307692,0,1,0.018518519,0,0,0.925925926,0.055555556
445,1,0,0,0,0,0.629032258,0.177419355,0.177419355,0.016129032,0,0,0,0,0,0.090909091,0,0,0,0.909090909,1,0,0.846153846,0.115384615,0,0.038461538
446,1,0,0,0,0,0.629032258,0.177419355,0.177419355,0.016129032,0,0,0,0,0,0.090909091,0,0,0,0.909090909,1,0,0.846153846,0.115384615,0,0.038461538
447,1,0,0,0,0,0.629032258,0.177419355,0.177419355,0.016129032,0,0,0,0,0,0.090909091,0,0,0,0.909090909,1,0,0.846153846,0.115384615,0,0.038461538
448,1,0,0,0,0,0,0,0,0,0,0.764705882,0.215686275,0,0.019607843,0.230769231,0.676923077,0,0.092307692,0,1,0,0,0,0.943396226,0.056603774
449,1,0,0,0,0,0,0,0,0,0,0.6,0.169230769,0.230769231,0,0,0.88,0,0.12,0,1,0.037037037,0,0,0.925925926,0.037037037
450,1,0,0,0,0,0,0,0,0,0,0.6,0.169230769,0.230769231,0,0,0.88,0,0.12,0,1,0.037037037,0,0,0.925925926,0.037037037
451,1,0,0,0,0,0,0,0,0,0,0.609375,0.171875,0.21875,0,0,0.88,0,0.12,0,1,0.036363636,0,0,0.909090909,0.054545455
452,1,0,0,0,0,0,0,0,0,0,0.6,0.169230769,0.230769231,0,0,0.88,0,0.12,0,1,0.037037037,0,0,0.925925926,0.037037037
453,1,0,0,0,0,0,0,0,0,0,0.6,0.169230769,0.230769231,0,0,0.88,0,0.12,0,1,0.037037037,0,0,0.925925926,0.037037037
454,1,0,0,0,0,0,0,0,0,0,0.6,0.169230769,0.230769231,0,0,0.88,0,0.12,0,1,0.037037037,0,0,0.925925926,0.037037037
455,1,0,0,0,0,0,0,0,0,0,0.6,0.169230769,0.230769231,0,0,0.88,0,0.12,0,1,0.037037037,0,0,0.925925926,0.037037037
456,1,0,0,0,0,0,0,0,0,0,0.78,0.22,0,0,0.230769231,0.676923077,0,0.092307692,0,1,0.018518519,0,0,0.925925926,0.055555556
457,1,0,0,0,0,0,0,0,0,0,0.764705882,0.215686275,0,0.019607843,0.230769231,0.676923077,0,0.092307692,0,1,0,0,0,0.943396226,0.056603774
458,1,0,0,0,0,0,0,0,0,0,0.78,0.22,0,0,0.230769231,0.676923077,0,0.092307692,0,1,0.018518519,0,0,0.925925926,0.055555556
459,1,0,0,0,0,0,0,0,0,0,0.78,0.22,0,0,0.230769231,0.676923077,0,0.092307692,0,1,0.018518519,0,0,0.925925926,0.055555556
460,1,0,0,0,0,0,0,0,0,0,0.78,0.22,0,0,0.230769231,0.676923077,0,0.092307692,0,1,0.018518519,0,0,0.925925926,0.055555556
461,1,0,0,0,0,0,0,0,0,0,0.78,0.22,0,0,0.230769231,0.676923077,0,0.092307692,0,1,0.018518519,0,0,0.925925926,0.055555556
462,1,0,0,0,0,0,0,0,0,0,0.764705882,0.215686275,0,0.019607843,0.230769231,0.676923077,0,0.092307692,0,1,0,0,0,0.943396226,0.056603774
463,1,0,0,0,0,0,0,0,0,0,0.764705882,0.215686275,0,0.019607843,0.230769231,0.676923077,0,0.092307692,0,1,0,0,0,0.943396226,0.056603774
464,1,0,0,0,0,0,0,0,0,0,0.764705882,0.215686275,0,0.019607843,0.230769231,0.676923077,0,0.092307692,0,1,0,0,0,0.943396226,0.056603774
465,1,0,0,0,0,0,0,0,0,0,0.78,0.22,0,0,0.230769231,0.676923077,0,0.092307692,0,1,0.018518519,0,0,0.925925926,0.055555556
466,1,0,0,0,0,0,0,0,0,0,0.78,0.22,0,0,0.21875,0.6875,0,0.09375,0,1,0.036363636,0,0,0.909090909,0.054545455
467,1,0,0,0,0,0,0,0,0,0,0.609375,0.171875,0.21875,0,0,0.88,0,0.12,0,1,0.036363636,0,0,0.909090909,0.054545455
468,1,0,0,0,0,0,0,0,0,0,0.78,0.22,0,0,0.21875,0.6875,0,0.09375,0,1,0.036363636,0,0,0.909090909,0.054545455
469,1,0,0,0,0,0,0,0,0,0,0.78,0.22,0,0,0.21875,0.6875,0,0.09375,0,1,0.036363636,0,0,0.909090909,0.054545455
470,1,0,0,0,0,0,0,0,0,0,0.78,0.22,0,0,0.230769231,0.676923077,0,0.092307692,0,1,0.018518519,0,0,0.925925926,0.055555556
471,1,0,0,0,0,0,0,0,0,0,0.6,0.169230769,0.230769231,0,0,0.88,0,0.12,0,1,0.037037037,0,0,0.925925926,0.037037037
472,1,0,0,0,0,0,0,0,0,0,0.6,0.169230769,0.230769231,0,0,0.88,0,0.12,0,1,0.037037037,0,0,0.925925926,0.037037037
473,1,0,0,0,0,0,0,0,0,0,0.78,0.22,0,0,0.230769231,0.676923077,0,0.092307692,0,1,0.018518519,0,0,0.925925926,0.055555556
474,1,0,0,0,1,0,0,0,0,0,0.78,0.22,0,0,0.230769231,0.676923077,0,0.092307692,0,1,0,0.018867925,0,0.924528302,0.056603774
475,1,0,0,0,0,0,0,0,0,0,0.609375,0.171875,0.21875,0,0,0.88,0,0.12,0,1,0.036363636,0,0,0.909090909,0.054545455
476,1,0,0,0,0,0,0,0,0,0,0.6,0.169230769,0.230769231,0,0,0.88,0,0.12,0,1,0.037037037,0,0,0.925925926,0.037037037
477,1,0,0,0,0,0,0,0,0,0,0.6,0.169230769,0.230769231,0,0,0.88,0,0.12,0,1,0.037037037,0,0,0.925925926,0.037037037
478,1,0,0,0,0,0,0,0,0,0,0.6,0.169230769,0.230769231,0,0,0.88,0,0.12,0,1,0.037037037,0,0,0.925925926,0.037037037
479,1,0,0,0,0,0,0,0,0,0,0.6,0.169230769,0.230769231,0,0,0.88,0,0.12,0,1,0.037037037,0,0,0.925925926,0.037037037
480,1,0,0,0,0,0,0,0,0,0,0.764705882,0.215686275,0,0.019607843,0.230769231,0.676923077,0,0.092307692,0,1,0,0,0,0.943396226,0.056603774
481,1,0,0,0,0,0,0,0,0,0,0.78,0.22,0,0,0.230769231,0.676923077,0,0.092307692,0,1,0.018518519,0,0,0.925925926,0.055555556
482,1,0,0,0,0,0,0,0,0,0,0.764705882,0.215686275,0,0.019607843,0.230769231,0.676923077,0,0.092307692,0,1,0,0,0,0.943396226,0.056603774
483,1,0,0,0,0,0,0,0,0,0,0.78,0.22,0,0,0.230769231,0.676923077,0,0.092307692,0,1,0.018518519,0,0,0.925925926,0.055555556
484,1,0,0,0,0,0,0,0,0,0,0.78,0.22,0,0,0.21875,0.6875,0,0.09375,0,1,0.036363636,0,0,0.909090909,0.054545455
485,1,0,0,0,0,0,0,0,0,0,0.78,0.22,0,0,0.230769231,0.676923077,0,0.092307692,0,1,0.018518519,0,0,0.925925926,0.055555556
486,1,0,0,0,0,0,0,0,0,0,0.78,0.22,0,0,0.230769231,0.676923077,0,0.092307692,0,1,0.018518519,0,0,0.925925926,0.055555556
487,1,0,0,0,0,0,0,0,0,0,0.78,0.22,0,0,0.230769231,0.676923077,0,0.092307692,0,1,0.018518519,0,0,0.925925926,0.055555556
488,1,0,0,0,0,0,0,0,0,0,0.78,0.22,0,0,0.230769231,0.676923077,0,0.092307692,0,1,0.018518519,0,0,0.925925926,0.055555556
489,1,0,0,0,0,0,0,0,0,0,0.78,0.22,0,0,0.230769231,0.676923077,0,0.092307692,0,1,0.018518519,0,0,0.925925926,0.055555556
490,1,0,0,0,0,0,0,0,0,0,0.764705882,0.215686275,0,0.019607843,0.230769231,0.676923077,0,0.092307692,0,1,0,0,0,0.943396226,0.056603774
491,1,0,0,0,0,0,0,0,0,0,0.764705882,0.215686275,0,0.019607843,0.230769231,0.676923077,0,0.092307692,0,1,0,0,0,0.943396226,0.056603774
492,1,0,0,0,0,0,0,0,0,0,0.764705882,0.215686275,0,0.019607843,0.230769231,0.676923077,0,0.092307692,0,1,0,0,0,0.943396226,0.056603774
493,1,0,0,0,0,0,0,0,0,0,0.764705882,0.215686275,0,0.019607843,0.230769231,0.676923077,0,0.092307692,0,1,0,0,0,0.943396226,0.056603774
494,1,0,0,0,1,0,0,0,0,0,0.78,0.22,0,0,0.230769231,0.676923077,0,0.092307692,0,1,0,0.018867925,0,0.924528302,0.056603774
495,1,0,0,0,0,0,0,0,0,0,0.764705882,0.215686275,0,0.019607843,0.230769231,0.676923077,0,0.092307692,0,1,0,0,0,0.943396226,0.056603774
496,1,0,0,0,0,0,0,0,0,0,0.78,0.22,0,0,0.230769231,0.676923077,0,0.092307692,0,1,0.018518519,0,0,0.925925926,0.055555556
497,1,0,0,0,1,0,0,0,0,0,0.78,0.22,0,0,0.230769231,0.676923077,0,0.092307692,0,1,0,0.018867925,0,0.924528302,0.056603774
498,1,0,0,0,1,0,0,0,0,0,0.78,0.22,0,0,0.230769231,0.676923077,0,0.092307692,0,1,0,0.018867925,0,0.924528302,0.056603774
499,1,0,0,0,0,0,0,0,0,0,0.78,0.22,0,0,0.230769231,0.676923077,0,0.092307692,0,1,0.018518519,0,0,0.925925926,0.055555556
500,1,0,0,0,0,0,0,0,0,0,0.78,0.22,0,0,0.230769231,0.676923077,0,0.092307692,0,1,0.018518519,0,0,0.925925926,0.055555556
501,1,0,0,0,0,0,0,0,0,0,0.78,0.22,0,0,0.230769231,0.676923077,0,0.092307692,0,1,0.018518519,0,0,0.925925926,0.055555556
502,1,0,0,0,0,0.684210526,0.192982456,0.105263158,0.01754386,1,0,0,0,0,0,0.2,0,0.04,0.76,1,0,0.88,0.12,0,0
503,1,0,0,0,0,0.722222222,0.203703704,0.055555556,0.018518519,1,0,0,0,0,0,0.26,0,0.04,0.7,1,0,0.88,0.12,0,0
504,1,0,0,0,0,0.709090909,0.2,0.072727273,0.018181818,1,0,0,0,0,0,0.24,0,0.04,0.72,1,0,0.88,0.12,0,0
505,1,0,0,0,0,0.684210526,0.192982456,0.105263158,0.01754386,1,0,0,0,0,0,0.2,0,0.04,0.76,1,0,0.88,0.12,0,0
506,1,0,0,0,0,0.709090909,0.2,0.072727273,0.018181818,1,0,0,0,0,0,0.24,0,0.04,0.72,1,0,0.88,0.12,0,0
507,1,0,0,0,0,0.709090909,0.2,0.072727273,0.018181818,1,0,0,0,0,0,0.24,0,0.04,0.72,1,0,0.88,0.12,0,0
508,1,0,0,0,0,0.684210526,0.192982456,0.105263158,0.01754386,1,0,0,0,0,0,0.2,0,0.04,0.76,1,0,0.88,0.12,0,0
509,1,0,0,0,0,0,0,0,0,0,0.78,0.22,0,0,0.230769231,0.676923077,0,0.092307692,0,1,0.018518519,0,0,0.925925926,0.055555556
510,1,0,0,0,0,0,0,0,0,0,0.78,0.22,0,0,0.230769231,0.676923077,0,0.092307692,0,1,0.018518519,0,0,0.925925926,0.055555556
511,1,0,0,0,0,0,0,0,0,0,0.78,0.22,0,0,0.230769231,0.676923077,0,0.092307692,0,1,0.018518519,0,0,0.925925926,0.055555556
512,1,0,0,0,0,0,0,0,0,0,0.78,0.22,0,0,0.230769231,0.676923077,0,0.092307692,0,1,0.018518519,0,0,0.925925926,0.055555556
513,1,0,0,0,0,0,0,0,0,0,0.764705882,0.215686275,0,0.019607843,0.230769231,0.676923077,0,0.092307692,0,1,0,0,0,0.943396226,0.056603774
514,1,0,0,0,0,0,0,0,0,0,0.764705882,0.215686275,0,0.019607843,0.230769231,0.676923077,0,0.092307692,0,1,0,0,0,0.943396226,0.056603774
515,1,0,0,0,0,0,0,0,0,0,0.78,0.22,0,0,0.230769231,0.676923077,0,0.092307692,0,1,0.018518519,0,0,0.925925926,0.055555556
516,1,0,0,0,0,0,0,0,0,0,0.78,0.22,0,0,0.230769231,0.676923077,0,0.092307692,0,1,0.018518519,0,0,0.925925926,0.055555556
517,1,0,0,0,0,0,0,0,0,0,0.78,0.22,0,0,0.230769231,0.676923077,0,0.092307692,0,1,0.018518519,0,0,0.925925926,0.055555556
518,1,0,0,0,0,0,0,0,0,0,0.78,0.22,0,0,0.230769231,0.676923077,0,0.092307692,0,1,0.018518519,0,0,0.925925926,0.055555556
519,1,0,0,0,0,0,0,0,0,0,0.78,0.22,0,0,0.230769231,0.676923077,0,0.092307692,0,1,0.018518519,0,0,0.925925926,0.055555556
520,1,0,0,0,0,0,0,0,0,0,0.78,0.22,0,0,0.21875,0.6875,0,0.09375,0,1,0.036363636,0,0,0.909090909,0.054545455
521,1,0,0,0,1,0,0,0,0,0,0.764705882,0.215686275,0,0.019607843,0.230769231,0.676923077,0,0.092307692,0,1,0,0,0.06,0.94,0
522,1,0,0,0,1,0,0,0,0,0,0.78,0.22,0,0,0.230769231,0.676923077,0,0.092307692,0,1,0,0.02,0.06,0.92,0
523,1,0,0,0,1,0,0,0,0,0,0.764705882,0.215686275,0,0.019607843,0.230769231,0.676923077,0,0.092307692,0,1,0,0,0.06,0.94,0
524,1,0,0,0,1,0,0,0,0,0,0.78,0.22,0,0,0.230769231,0.676923077,0,0.092307692,0,1,0,0.02,0.06,0.92,0
525,1,0,0,0,1,0,0,0,0,0,0.78,0.22,0,0,0.230769231,0.676923077,0,0.092307692,0,1,0.019607843,0,0.058823529,0.921568627,0
526,1,0,0,0,1,0,0,0,0,0,0.78,0.22,0,0,0.230769231,0.676923077,0,0.092307692,0,1,0,0.02,0.06,0.92,0
527,1,0,0,0,1,0,0,0,0,0,0.78,0.22,0,0,0.230769231,0.676923077,0,0.092307692,0,1,0,0.02,0.06,0.92,0
528,1,0,0,0,1,0,0,0,0,0,0.78,0.22,0,0,0.230769231,0.676923077,0,0.092307692,0,1,0.019607843,0,0.058823529,0.921568627,0
529,1,0,0,0,1,0,0,0,0,0,0.78,0.22,0,0,0.230769231,0.676923077,0,0.092307692,0,1,0.019607843,0,0.058823529,0.921568627,0
530,1,0,0,0,1,0,0,0,0,0,0.78,0.22,0,0,0.230769231,0.676923077,0,0.092307692,0,1,0.019607843,0,0.058823529,0.921568627,0
531,1,0,0,0,1,0,0,0,0,0,0.764705882,0.215686275,0,0.019607843,0.230769231,0.676923077,0,0.092307692,0,1,0,0,0.06,0.94,0
532,1,0,0,0,1,0,0,0,0,0,0.764705882,0.215686275,0,0.019607843,0.230769231,0.676923077,0,0.092307692,0,1,0,0,0.06,0.94,0
533,1,0,0,0,0,0.65,0.183333333,0.15,0.016666667,1,0,0,0,0,0,0.134615385,0.038461538,0,0.826923077,1,0,0.88,0.12,0,0
534,1,0,0,0,0,0.629032258,0.177419355,0.177419355,0.016129032,1,0,0,0,0,0,0.1,0,0.04,0.86,1,0,0.88,0.12,0,0
535,1,0,0,0,0,0,0,0,0,0,0.764705882,0.215686275,0,0.019607843,0.230769231,0.676923077,0,0.092307692,0,1,0,0,0,0.943396226,0.056603774
536,1,0,0,0,1,0,0,0,0,0,0.78,0.22,0,0,0.230769231,0.676923077,0,0.092307692,0,1,0.019607843,0,0.058823529,0.921568627,0
537,1,0,0,0,1,0,0,0,0,0,0.78,0.22,0,0,0.230769231,0.676923077,0,0.092307692,0,1,0,0.02,0.06,0.92,0
538,1,0,0,0,0,0,0,0,0,0,0.764705882,0.215686275,0,0.019607843,0.230769231,0.676923077,0,0.092307692,0,1,0,0,0,0.943396226,0.056603774
539,1,0,0,0,0,0,0,0,0,0,0.78,0.22,0,0,0.230769231,0.676923077,0,0.092307692,0,1,0.018518519,0,0,0.925925926,0.055555556
540,1,0,0,0,0,0,0,0,0,0,0.78,0.22,0,0,0.230769231,0.676923077,0,0.092307692,0,1,0.018518519,0,0,0.925925926,0.055555556
541,1,0,0,0,1,0,0,0,0,0,0.78,0.22,0,0,0.230769231,0.676923077,0,0.092307692,0,1,0,0.018867925,0,0.924528302,0.056603774
542,1,0,0,0,1,0,0,0,0,0,0.78,0.22,0,0,0.230769231,0.676923077,0,0.092307692,0,1,0,0.02,0.06,0.92,0
543,1,0,0,0,1,0,0,0,0,0,0.764705882,0.215686275,0,0.019607843,0.230769231,0.676923077,0,0.092307692,0,1,0,0,0.06,0.94,0
544,1,0,0,0,0,0,0,0,0,0,0.78,0.22,0,0,0.230769231,0.676923077,0,0.092307692,0,1,0.018518519,0,0,0.925925926,0.055555556
545,1,0,0,0,0,0.735849057,0.20754717,0.037735849,0.018867925,1,0,0,0,0,0,0.25,0.038461538,0,0.711538462,1,0.019607843,0.862745098,0.117647059,0,0
546,1,0,0,0,0,0.684210526,0.192982456,0.105263158,0.01754386,1,0,0,0,0,0,0.2,0,0,0.8,1,0,0.846153846,0.115384615,0,0.038461538
547,1,0,0,0,0,0.65,0.183333333,0.15,0.016666667,1,0,0,0,0,0,0.14,0,0,0.86,1,0,0.846153846,0.115384615,0,0.038461538
548,1,0,0,0,0,0.619047619,0.174603175,0.19047619,0.015873016,1,0,0,0,0,0,0.08,0,0,0.92,1,0,0.846153846,0.115384615,0,0.038461538
549,1,0,0,0,0,0,0,0,0,0,0.764705882,0.215686275,0,0.019607843,0.230769231,0.676923077,0,0.092307692,0,1,0,0,0,0.943396226,0.056603774
550,1,0,0,0,0,0,0,0,0,0,0.764705882,0.215686275,0,0.019607843,0.230769231,0.676923077,0,0.092307692,0,1,0,0,0,0.943396226,0.056603774
551,1,0,0,0,0,0,0,0,0,0,0.764705882,0.215686275,0,0.019607843,0.230769231,0.676923077,0,0.092307692,0,1,0,0,0,0.943396226,0.056603774
552,1,0,0,0,0,0,0,0,0,0,0.764705882,0.215686275,0,0.019607843,0.230769231,0.676923077,0,0.092307692,0,1,0,0,0,0.943396226,0.056603774
553,1,0,0,0,0,0,0,0,0,0,0.78,0.22,0,0,0.230769231,0.676923077,0,0.092307692,0,1,0.018518519,0,0,0.925925926,0.055555556
554,1,0,0,0,0,0,0,0,0,0,0.764705882,0.215686275,0,0.019607843,0.230769231,0.676923077,0,0.092307692,0,1,0,0,0,0.943396226,0.056603774
555,1,0,0,0,0,0,0,0,0,0,0.78,0.22,0,0,0.230769231,0.676923077,0,0.092307692,0,1,0.018518519,0,0,0.925925926,0.055555556
556,1,0,0,0,1,0,0,0,0,0,0.78,0.22,0,0,0.230769231,0.676923077,0,0.092307692,0,1,0.019607843,0,0.058823529,0.921568627,0
557,1,0,0,0,1,0,0,0,0,0,0.78,0.22,0,0,0.230769231,0.676923077,0,0.092307692,0,1,0,0.02,0.06,0.92,0
558,1,0,0,0,0,0,0,0,0,0,0.764705882,0.215686275,0,0.019607843,0.230769231,0.676923077,0,0.092307692,0,1,0,0,0,0.943396226,0.056603774
559,1,0,0,0,0,0,0,0,0,0,0.78,0.22,0,0,0.230769231,0.676923077,0,0.092307692,0,1,0.018518519,0,0,0.925925926,0.055555556
560,1,0,0,0,1,0,0,0,0,0,0.78,0.22,0,0,0.230769231,0.676923077,0,0.092307692,0,1,0.019607843,0,0.058823529,0.921568627,0
561,1,0,0,0,1,0,0,0,0,0,0.78,0.22,0,0,0.230769231,0.676923077,0,0.092307692,0,1,0,0.02,0.06,0.92,0
562,1,0,0,0,0,0,0,0,0,0,0.78,0.22,0,0,0.230769231,0.676923077,0,0.092307692,0,1,0.018518519,0,0,0.925925926,0.055555556
563,1,0,0,0,0,0,0,0,0,0,0.78,0.22,0,0,0.230769231,0.676923077,0,0.092307692,0,1,0.018518519,0,0,0.925925926,0.055555556
564,1,0,0,0,0,0,0,0,0,0,0.78,0.22,0,0,0.230769231,0.676923077,0,0.092307692,0,1,0.018518519,0,0,0.925925926,0.055555556
565,1,0,0,0,1,0,0,0,0,0,0.78,0.22,0,0,0.230769231,0.676923077,0,0.092307692,0,1,0.019607843,0,0.058823529,0.921568627,0
566,1,0,0,0,1,0,0,0,0,0,0.78,0.22,0,0,0.230769231,0.676923077,0,0.092307692,0,1,0,0.02,0.06,0.92,0
567,1,0,0,0,1,0,0,0,0,0,0.78,0.22,0,0,0.230769231,0.676923077,0,0.092307692,0,1,0,0.02,0.06,0.92,0
568,1,0,0,0,1,0,0,0,0,0,0.764705882,0.215686275,0,0.019607843,0.230769231,0.676923077,0,0.092307692,0,1,0,0,0.06,0.94,0
569,1,0,0,0,1,0,0,0,0,0,0.78,0.22,0,0,0.230769231,0.676923077,0,0.092307692,0,1,0,0.02,0.06,0.92,0
570,1,0,0,0,1,0,0,0,0,0,0.78,0.22,0,0,0.230769231,0.676923077,0,0.092307692,0,1,0.019607843,0,0.058823529,0.921568627,0
571,1,0,0,0,1,0,0,0,0,0,0.764705882,0.215686275,0,0.019607843,0.230769231,0.676923077,0,0.092307692,0,1,0,0,0.06,0.94,0
572,1,0,0,0,1,0,0,0,0,0,0.78,0.22,0,0,0.230769231,0.676923077,0,0.092307692,0,1,0.019607843,0,0.058823529,0.921568627,0
573,1,0,0,0,1,0,0,0,0,0,0.78,0.22,0,0,0.230769231,0.676923077,0,0.092307692,0,1,0.019607843,0,0.058823529,0.921568627,0
574,1,0,0,0,1,0,0,0,0,0,0.764705882,0.215686275,0,0.019607843,0.230769231,0.676923077,0,0.092307692,0,1,0,0,0.06,0.94,0
575,1,0,0,0,1,0,0,0,0,0,0.764705882,0.215686275,0,0.019607843,0.230769231,0.676923077,0,0.092307692,0,1,0,0,0.06,0.94,0
576,1,0,0,0,1,0,0,0,0,0,0.78,0.22,0,0,0.230769231,0.676923077,0,0.092307692,0,1,0,0.02,0.06,0.92,0
577,1,0,0,0,0,0,0,0,0,0,0.78,0.22,0,0,0.230769231,0.676923077,0,0.092307692,0,1,0.018518519,0,0,0.925925926,0.055555556
578,1,0,0,0,0,0,0,0,0,0,0.78,0.22,0,0,0.230769231,0.676923077,0,0.092307692,0,1,0.018518519,0,0,0.925925926,0.055555556
579,1,0,0,0,0,0,0,0,0,0,0.764705882,0.215686275,0,0.019607843,0.230769231,0.676923077,0,0.092307692,0,1,0,0,0,0.943396226,0.056603774
580,1,0,0,0,0,0,0,0,0,0,0.764705882,0.215686275,0,0.019607843,0.230769231,0.676923077,0,0.092307692,0,1,0,0,0,0.943396226,0.056603774
581,1,0,0,0,0,0,0,0,0,0,0.78,0.22,0,0,0.230769231,0.676923077,0,0.092307692,0,1,0.018518519,0,0,0.925925926,0.055555556
582,1,0,0,0,0,0,0,0,0,0,0.764705882,0.215686275,0,0.019607843,0.230769231,0.676923077,0,0.092307692,0,1,0,0,0,0.943396226,0.056603774
583,1,0,0,0,0,0,0,0,0,0,0.78,0.22,0,0,0.230769231,0.676923077,0,0.092307692,0,1,0.018518519,0,0,0.925925926,0.055555556
584,1,0,0,0,1,0,0,0,0,0,0.78,0.22,0,0,0.230769231,0.676923077,0,0.092307692,0,1,0.019607843,0,0.058823529,0.921568627,0
585,1,0,0,0,1,0,0,0,0,0,0.78,0.22,0,0,0.230769231,0.676923077,0,0.092307692,0,1,0.019607843,0,0.058823529,0.921568627,0
586,1,0,0,0,1,0,0,0,0,0,0.78,0.22,0,0,0.21875,0.6875,0,0.09375,0,1,0.038461538,0,0.057692308,0.903846154,0
587,1,0,0,0,1,0,0,0,0,0,0.78,0.22,0,0,0.21875,0.6875,0,0.09375,0,1,0.038461538,0,0.057692308,0.903846154,0
588,1,0,0,0,1,0,0,0,0,0,0.764705882,0.215686275,0,0.019607843,0.230769231,0.676923077,0,0.092307692,0,1,0,0,0.06,0.94,0
589,1,0,0,0,0,0,0,0,0,0,0.78,0.22,0,0,0.230769231,0.676923077,0,0.092307692,0,1,0.018518519,0,0,0.925925926,0.055555556
590,1,0,0,0,0,0,0,0,0,0,0.78,0.22,0,0,0.21875,0.6875,0,0.09375,0,1,0.036363636,0,0,0.909090909,0.054545455
591,1,0,0,0,0,0.639344262,0.180327869,0.163934426,0.016393443,1,0,0,0,0,0,0.12,0,0,0.88,1,0,0.846153846,0.115384615,0,0.038461538
592,1,0,0,0,0,0,0,0,0,0,0.78,0.22,0,0,0.21875,0.6875,0,0.09375,0,1,0.036363636,0,0,0.909090909,0.054545455
593,1,0,0,0,0,0,0,0,0,0,0.78,0.22,0,0,0.230769231,0.676923077,0,0.092307692,0,1,0.018518519,0,0,0.925925926,0.055555556
594,1,0,0,0,0,0,0,0,0,0,0.764705882,0.215686275,0,0.019607843,0.230769231,0.676923077,0,0.092307692,0,1,0,0,0,0.943396226,0.056603774
595,1,0,0,0,0,0,0,0,0,0,0.78,0.22,0,0,0.230769231,0.676923077,0,0.092307692,0,1,0.018518519,0,0,0.925925926,0.055555556
596,1,0,0,0,0,0,0,0,0,0,0.78,0.22,0,0,0.21875,0.6875,0,0.09375,0,1,0.036363636,0,0,0.909090909,0.054545455
597,1,0,0,0,0,0,0,0,0,0,0.764705882,0.215686275,0,0.019607843,0.230769231,0.676923077,0,0.092307692,0,1,0,0,0,0.943396226,0.056603774
598,1,0,0,0,0,0,0,0,0,0,0.78,0.22,0,0,0.230769231,0.676923077,0,0.092307692,0,1,0.018518519,0,0,0.925925926,0.055555556
599,1,0,0,0,0,0,0,0,0,0,0.78,0.22,0,0,0.230769231,0.676923077,0,0.092307692,0,1,0.018518519,0,0,0.925925926,0.055555556
600,1,0,0,0,1,0,0,0,0,0,0.78,0.22,0,0,0.230769231,0.676923077,0,0.092307692,0,1,0,0.02,0.06,0.92,0
601,1,0,0,0,0,0,0,0,0,0,0.78,0.22,0,0,0.230769231,0.676923077,0,0.092307692,0,1,0.018518519,0,0,0.925925926,0.055555556
602,1,0,0,0,0,0,0,0,0,0,0.764705882,0.215686275,0,0.019607843,0.230769231,0.676923077,0,0.092307692,0,1,0,0,0,0.943396226,0.056603774
603,1,0,0,0,0,0,0,0,0,0,0.764705882,0.215686275,0,0.019607843,0.230769231,0.676923077,0,0.092307692,0,1,0,0,0,0.943396226,0.056603774
604,1,0,0,0,1,0,0,0,0,0,0.78,0.22,0,0,0.230769231,0.676923077,0,0.092307692,0,1,0,0.02,0.06,0.92,0
605,1,0,0,0,1,0,0,0,0,0,0.78,0.22,0,0,0.230769231,0.676923077,0,0.092307692,0,1,0,0.02,0.06,0.92,0
606,1,0,0,0,1,0,0,0,0,0,0.78,0.22,0,0,0.230769231,0.676923077,0,0.092307692,0,1,0,0.02,0.06,0.92,0
607,1,0,0,0,1,0,0,0,0,0,0.78,0.22,0,0,0.230769231,0.676923077,0,0.092307692,0,1,0,0.02,0.06,0.92,0
608,1,0,0,0,1,0,0,0,0,0,0.764705882,0.215686275,0,0.019607843,0.230769231,0.676923077,0,0.092307692,0,1,0,0,0.06,0.94,0
609,1,0,0,0,1,0,0,0,0,0,0.78,0.22,0,0,0.230769231,0.676923077,0,0.092307692,0,1,0.019607843,0,0.058823529,0.921568627,0
610,1,0,0,0,1,0,0,0,0,0,0.78,0.22,0,0,0.230769231,0.676923077,0,0.092307692,0,1,0.019607843,0,0.058823529,0.921568627,0
611,1,0,0,0,1,0,0,0,0,0,0.78,0.22,0,0,0.230769231,0.676923077,0,0.092307692,0,1,0,0.02,0.06,0.92,0
612,1,0,0,0,1,0,0,0,0,0,0.78,0.22,0,0,0.230769231,0.676923077,0,0.092307692,0,1,0.019607843,0,0.058823529,0.921568627,0
613,1,0,0,0,1,0,0,0,0,0,0.764705882,0.215686275,0,0.019607843,0.230769231,0.676923077,0,0.092307692,0,1,0,0,0.06,0.94,0
614,1,0,0,0,1,0,0,0,0,0,0.78,0.22,0,0,0.230769231,0.676923077,0,0.092307692,0,1,0.019607843,0,0.058823529,0.921568627,0
615,1,0,0,0,1,0,0,0,0,0,0.78,0.22,0,0,0.230769231,0.676923077,0,0.092307692,0,1,0,0.02,0.06,0.92,0
616,1,0,0,0,1,0,0,0,0,0,0.78,0.22,0,0,0.230769231,0.676923077,0,0.092307692,0,1,0,0.02,0.06,0.92,0
617,1,0,0,0,1,0,0,0,0,0,0.78,0.22,0,0,0.230769231,0.676923077,0,0.092307692,0,1,0,0.02,0.06,0.92,0
618,1,0,0,0,1,0,0,0,0,0,0.78,0.22,0,0,0.230769231,0.676923077,0,0.092307692,0,1,0.019607843,0,0.058823529,0.921568627,0
619,1,0,0,0,1,0,0,0,0,0,0.78,0.22,0,0,0.230769231,0.676923077,0,0.092307692,0,1,0.019607843,0,0.058823529,0.921568627,0
620,1,0,0,0,0,0,0,0,0,0,0.78,0.22,0,0,0.230769231,0.676923077,0,0.092307692,0,1,0.018518519,0,0,0.925925926,0.055555556
621,1,0,0,0,0,0,0,0,0,0,0.764705882,0.215686275,0,0.019607843,0.230769231,0.676923077,0,0.092307692,0,1,0,0,0,0.943396226,0.056603774
622,1,0,0,0,0,0,0,0,0,0,0.78,0.22,0,0,0.230769231,0.676923077,0,0.092307692,0,1,0.018518519,0,0,0.925925926,0.055555556
623,1,0,0,0,0,0,0,0,0,0,0.78,0.22,0,0,0.230769231,0.676923077,0,0.092307692,0,1,0.018518519,0,0,0.925925926,0.055555556
624,1,0,0,0,0,0,0,0,0,0,0.764705882,0.215686275,0,0.019607843,0.230769231,0.676923077,0,0.092307692,0,1,0,0,0,0.943396226,0.056603774
625,1,0,0,0,0,0,0,0,0,0,0.78,0.22,0,0,0.230769231,0.676923077,0,0.092307692,0,1,0.018518519,0,0,0.925925926,0.055555556
626,1,0,0,0,1,0,0,0,0,0,0.764705882,0.215686275,0,0.019607843,0.230769231,0.676923077,0,0.092307692,0,1,0,0,0.06,0.94,0
627,1,0,0,0,1,0,0,0,0,0,0.764705882,0.215686275,0,0.019607843,0.230769231,0.676923077,0,0.092307692,0,1,0,0,0.06,0.94,0
628,1,0,0,0,1,0,0,0,0,0,0.78,0.22,0,0,0.230769231,0.676923077,0,0.092307692,0,1,0.019607843,0,0.058823529,0.921568627,0
629,1,0,0,0,0,0,0,0,0,0,0.78,0.22,0,0,0.230769231,0.676923077,0,0.092307692,0,1,0.018518519,0,0,0.925925926,0.055555556
630,1,0,0,0,0,0,0,0,0,0,0.764705882,0.215686275,0,0.019607843,0.230769231,0.676923077,0,0.092307692,0,1,0,0,0,0.943396226,0.056603774
631,1,0,0,0,1,0,0,0,0,0,0.78,0.22,0,0,0.230769231,0.676923077,0,0.092307692,0,1,0,0.02,0.06,0.92,0
632,1,0,0,0,1,0,0,0,0,0,0.78,0.22,0,0,0.230769231,0.676923077,0,0.092307692,0,1,0.019607843,0,0.058823529,0.921568627,0
633,1,0,0,0,1,0,0,0,0,0,0.78,0.22,0,0,0.230769231,0.676923077,0,0.092307692,0,1,0,0.02,0.06,0.92,0
634,1,0,0,0,1,0,0,0,0,0,0.78,0.22,0,0,0.230769231,0.676923077,0,0.092307692,0,1,0,0.02,0.06,0.92,0
635,1,0,0,0,1,0,0,0,0,0,0.78,0.22,0,0,0.230769231,0.676923077,0,0.092307692,0,1,0,0.02,0.06,0.92,0
636,1,0,0,0,1,0,0,0,0,0,0.764705882,0.215686275,0,0.019607843,0.230769231,0.676923077,0,0.092307692,0,1,0,0,0.06,0.94,0
637,1,0,0,0,1,0,0,0,0,0,0.78,0.22,0,0,0.230769231,0.676923077,0,0.092307692,0,1,0,0.02,0.06,0.92,0
638,1,0,0,0,1,0,0,0,0,0,0.764705882,0.215686275,0,0.019607843,0.230769231,0.676923077,0,0.092307692,0,1,0,0,0.06,0.94,0
639,1,0,0,0,1,0,0,0,0,0,0.78,0.22,0,0,0.230769231,0.676923077,0,0.092307692,0,1,0.019607843,0,0.058823529,0.921568627,0
640,1,0,0,0,0,0,0,0,0,0,0.764705882,0.215686275,0,0.019607843,0.230769231,0.676923077,0,0.092307692,0,1,0,0,0,0.943396226,0.056603774
641,1,0,0,0,0,0,0,0,0,0,0.78,0.22,0,0,0.230769231,0.676923077,0,0.092307692,0,1,0.018518519,0,0,0.925925926,0.055555556
642,1,0,0,0,1,0,0,0,0,0,0.78,0.22,0,0,0.230769231,0.676923077,0,0.092307692,0,1,0.019607843,0,0.058823529,0.921568627,0
643,1,0,0,0,1,0,0,0,0,0,0.764705882,0.215686275,0,0.019607843,0.230769231,0.676923077,0,0.092307692,0,1,0,0,0.06,0.94,0
644,1,0,0,0,1,0,0,0,0,0,0.78,0.22,0,0,0.230769231,0.676923077,0,0.092307692,0,1,0,0.02,0.06,0.92,0
645,1,0,0,0,1,0,0,0,0,0,0.764705882,0.215686275,0,0.019607843,0.230769231,0.676923077,0,0.092307692,0,1,0,0,0.06,0.94,0
646,1,0,0,0,1,0,0,0,0,0,0.764705882,0.215686275,0,0.019607843,0.230769231,0.676923077,0,0.092307692,0,1,0,0,0.06,0.94,0
647,1,0,0,0,1,0,0,0,0,0,0.78,0.22,0,0,0.21875,0.6875,0,0.09375,0,1,0,0.037735849,0,0.905660377,0.056603774
648,1,0,0,0,1,0,0,0,0,0,0.78,0.22,0,0,0.21875,0.6875,0,0.09375,0,1,0,0.037735849,0,0.905660377,0.056603774
649,1,0,0,0,1,0,0,0,0,0,0.78,0.22,0,0,0.230769231,0.676923077,0,0.092307692,0,1,0,0.02,0.06,0.92,0
650,1,0,0,0,1,0,0,0,0,0,0.78,0.22,0,0,0.230769231,0.676923077,0,0.092307692,0,1,0,0.018867925,0,0.924528302,0.056603774
651,1,0,0,0,0,0,0,0,0,0,0.764705882,0.215686275,0,0.019607843,0.230769231,0.676923077,0,0.092307692,0,1,0,0,0,0.943396226,0.056603774
652,1,0,0,0,1,0,0,0,0,0,0.78,0.22,0,0,0.230769231,0.676923077,0,0.092307692,0,1,0,0.018867925,0,0.924528302,0.056603774
653,1,0,0,0,0,0,0,0,0,0,0.764705882,0.215686275,0,0.019607843,0.230769231,0.676923077,0,0.092307692,0,1,0,0,0,0.943396226,0.056603774
654,1,0,0,0,0,0,0,0,0,0,0.78,0.22,0,0,0.230769231,0.676923077,0,0.092307692,0,1,0.018518519,0,0,0.925925926,0.055555556
655,1,0,0,0,0,0,0,0,0,0,0.78,0.22,0,0,0.230769231,0.676923077,0,0.092307692,0,1,0.018518519,0,0,0.925925926,0.055555556
656,1,0,0,0,0,0,0,0,0,0,0.78,0.22,0,0,0.230769231,0.676923077,0,0.092307692,0,1,0.018518519,0,0,0.925925926,0.055555556
657,1,0,0,0,0,0,0,0,0,0,0.764705882,0.215686275,0,0.019607843,0.230769231,0.676923077,0,0.092307692,0,1,0,0,0,0.943396226,0.056603774
658,1,0,0,0,1,0,0,0,0,0,0.78,0.22,0,0,0.230769231,0.676923077,0,0.092307692,0,1,0,0.018867925,0,0.924528302,0.056603774
659,1,0,0,0,0,0,0,0,0,0,0.764705882,0.215686275,0,0.019607843,0.230769231,0.676923077,0,0.092307692,0,1,0,0,0,0.943396226,0.056603774
660,1,0,0,0,1,0,0,0,0,0,0.78,0.22,0,0,0.21875,0.6875,0,0.09375,0,1,0,0.04,0.06,0.9,0
661,1,0,0,0,1,0,0,0,0,0,0.78,0.22,0,0,0.21875,0.6875,0,0.09375,0,1,0,0.04,0.06,0.9,0
662,1,0,0,0,1,0,0,0,0,0,0.78,0.22,0,0,0.230769231,0.676923077,0,0.092307692,0,1,0,0.02,0.06,0.92,0
663,1,0,0,0,1,0,0,0,0,0,0.764705882,0.215686275,0,0.019607843,0.230769231,0.676923077,0,0.092307692,0,1,0,0,0.06,0.94,0
664,1,0,0,0,1,0,0,0,0,0,0.78,0.22,0,0,0.230769231,0.676923077,0,0.092307692,0,1,0,0.02,0.06,0.92,0
665,1,0,0,0,1,0,0,0,0,0,0.78,0.22,0,0,0.230769231,0.676923077,0,0.092307692,0,1,0.019607843,0,0.058823529,0.921568627,0
666,1,0,0,0,0,0,0,0,0,0,0.764705882,0.215686275,0,0.019607843,0.230769231,0.676923077,0,0.092307692,0,1,0,0,0,0.943396226,0.056603774
667,1,0,0,0,0,0,0,0,0,0,0.764705882,0.215686275,0,0.019607843,0.230769231,0.676923077,0,0.092307692,0,1,0,0,0,0.943396226,0.056603774
668,1,0,0,0,0,0,0,0,0,0,0.78,0.22,0,0,0.230769231,0.676923077,0,0.092307692,0,1,0.018518519,0,0,0.925925926,0.055555556
669,1,0,0,0,0,0,0,0,0,0,0.78,0.22,0,0,0.230769231,0.676923077,0,0.092307692,0,1,0.018518519,0,0,0.925925926,0.055555556
670,1,0,0,0,1,0,0,0,0,0,0.78,0.22,0,0,0.230769231,0.676923077,0,0.092307692,0,1,0,0.018867925,0,0.924528302,0.056603774
671,1,0,0,0,1,0,0,0,0,0,0.78,0.22,0,0,0.230769231,0.676923077,0,0.092307692,0,1,0,0.02,0.06,0.92,0
672,1,0,0,0,1,0,0,0,0,0,0.78,0.22,0,0,0.230769231,0.676923077,0,0.092307692,0,1,0.019607843,0,0.058823529,0.921568627,0
673,1,0,0,0,1,0,0,0,0,0,0.78,0.22,0,0,0.230769231,0.676923077,0,0.092307692,0,1,0,0.02,0.06,0.92,0
674,1,0,0,0,0,0.639344262,0.180327869,0.163934426,0.016393443,1,0,0,0,0,0,0.12,0,0.04,0.84,1,0,0.88,0.12,0,0
675,1,0,0,0,0,0.6,0.169230769,0.215384615,0.015384615,1,0,0,0,0,0,0.04,0,0.04,0.92,1,0,0.88,0.12,0,0
676,1,0,0,0,0,0.619047619,0.174603175,0.19047619,0.015873016,1,0,0,0,0,0,0.08,0,0.04,0.88,1,0,0.88,0.12,0,0
677,1,0,0,0,0,0,0,0,0,0,0.78,0.22,0,0,0.230769231,0.676923077,0,0.092307692,0,1,0.018518519,0,0,0.925925926,0.055555556
678,1,0,0,0,1,0,0,0,0,0,0.78,0.22,0,0,0.230769231,0.676923077,0,0.092307692,0,1,0,0.018867925,0,0.924528302,0.056603774
679,1,0,0,0,0,0,0,0,0,0,0.78,0.22,0,0,0.230769231,0.676923077,0,0.092307692,0,1,0.018518519,0,0,0.925925926,0.055555556
680,1,0,0,0,0,0,0,0,0,0,0.78,0.22,0,0,0.230769231,0.676923077,0,0.092307692,0,1,0.018518519,0,0,0.925925926,0.055555556
681,1,0,0,0,0,0,0,0,0,0,0.78,0.22,0,0,0.230769231,0.676923077,0,0.092307692,0,1,0.018518519,0,0,0.925925926,0.055555556
682,1,0,0,0,0,0,0,0,0,0,0.78,0.22,0,0,0.230769231,0.676923077,0,0.092307692,0,1,0.018518519,0,0,0.925925926,0.055555556
683,1,0,0,0,0,0,0,0,0,0,0.764705882,0.215686275,0,0.019607843,0.230769231,0.676923077,0,0.092307692,0,1,0,0,0,0.943396226,0.056603774
684,1,0,0,0,0,0,0,0,0,0,0.764705882,0.215686275,0,0.019607843,0.230769231,0.676923077,0,0.092307692,0,1,0,0,0,0.943396226,0.056603774
685,1,0,0,0,1,0,0,0,0,0,0.78,0.22,0,0,0.230769231,0.676923077,0,0.092307692,0,1,0,0.018867925,0,0.924528302,0.056603774
686,1,0,0,0,0,0,0,0,0,0,0.78,0.22,0,0,0.230769231,0.676923077,0,0.092307692,0,1,0.018518519,0,0,0.925925926,0.055555556
687,1,0,0,0,0,0,0,0,0,0,0.78,0.22,0,0,0.230769231,0.676923077,0,0.092307692,0,1,0.018518519,0,0,0.925925926,0.055555556
688,1,0,0,0,0,0,0,0,0,0,0.78,0.22,0,0,0.230769231,0.676923077,0,0.092307692,0,1,0.018518519,0,0,0.925925926,0.055555556
689,1,0,0,0,1,0,0,0,0,0,0.764705882,0.215686275,0,0.019607843,0.230769231,0.676923077,0,0.092307692,0,1,0,0,0.06,0.94,0
690,1,0,0,0,1,0,0,0,0,0,0.78,0.22,0,0,0.230769231,0.676923077,0,0.092307692,0,1,0,0.02,0.06,0.92,0
691,1,0,0,0,0,0,0,0,0,0,0.78,0.22,0,0,0.21875,0.6875,0,0.09375,0,1,0.036363636,0,0,0.909090909,0.054545455
692,1,0,0,0,1,0,0,0,0,0,0.764705882,0.215686275,0,0.019607843,0.230769231,0.676923077,0,0.092307692,0,1,0,0,0.06,0.94,0
693,1,0,0,0,1,0,0,0,0,0,0.764705882,0.215686275,0,0.019607843,0.230769231,0.676923077,0,0.092307692,0,1,0,0,0.06,0.94,0
694,1,0,0,0,1,0,0,0,0,0,0.764705882,0.215686275,0,0.019607843,0.230769231,0.676923077,0,0.092307692,0,1,0,0,0.06,0.94,0
695,1,0,0,0,1,0,0,0,0,0,0.78,0.22,0,0,0.230769231,0.676923077,0,0.092307692,0,1,0.019607843,0,0.058823529,0.921568627,0
696,1,0,0,0,0,0,0,0,0,0,0.78,0.22,0,0,0.230769231,0.676923077,0,0.092307692,0,1,0.018518519,0,0,0.925925926,0.055555556
697,1,0,0,0,0,0,0,0,0,0,0.764705882,0.215686275,0,0.019607843,0.230769231,0.676923077,0,0.092307692,0,1,0,0,0,0.943396226,0.056603774
698,1,0,0,0,0,0,0,0,0,0,0.78,0.22,0,0,0.230769231,0.676923077,0,0.092307692,0,1,0.018518519,0,0,0.925925926,0.055555556
699,1,0,0,0,1,0,0,0,0,0,0.78,0.22,0,0,0.230769231,0.676923077,0,0.092307692,0,1,0.019607843,0,0.058823529,0.921568627,0
700,1,0,0,0,1,0,0,0,0,0,0.78,0.22,0,0,0.230769231,0.676923077,0,0.092307692,0,1,0,0.02,0.06,0.92,0
701,1,0,0,0,1,0,0,0,0,0,0.764705882,0.215686275,0,0.019607843,0.230769231,0.676923077,0,0.092307692,0,1,0,0,0.06,0.94,0
702,1,0,0,0,1,0,0,0,0,0,0.78,0.22,0,0,0.230769231,0.676923077,0,0.092307692,0,1,0,0.02,0.06,0.92,0
703,1,0,0,0,1,0,0,0,0,0,0.764705882,0.215686275,0,0.019607843,0.230769231,0.676923077,0,0.092307692,0,1,0,0,0.06,0.94,0
704,1,0,0,0,1,0,0,0,0,0,0.78,0.22,0,0,0.230769231,0.676923077,0,0.092307692,0,1,0,0.02,0.06,0.92,0
705,1,0,0,0,1,0,0,0,0,0,0.78,0.22,0,0,0.230769231,0.676923077,0,0.092307692,0,1,0.019607843,0,0.058823529,0.921568627,0
706,1,0,0,0,1,0,0,0,0,0,0.78,0.22,0,0,0.230769231,0.676923077,0,0.092307692,0,1,0,0.02,0.06,0.92,0
707,1,0,0,0,1,0,0,0,0,0,0.78,0.22,0,0,0.230769231,0.676923077,0,0.092307692,0,1,0.019607843,0,0.058823529,0.921568627,0
708,1,0,0,0,1,0,0,0,0,0,0.78,0.22,0,0,0.230769231,0.676923077,0,0.092307692,0,1,0,0.02,0.06,0.92,0
709,1,0,0,0,1,0,0,0,0,0,0.78,0.22,0,0,0.230769231,0.676923077,0,0.092307692,0,1,0.019607843,0,0.058823529,0.921568627,0
710,1,0,0,0,1,0,0,0,0,0,0.764705882,0.215686275,0,0.019607843,0.230769231,0.676923077,0,0.092307692,0,1,0,0,0.06,0.94,0
711,1,0,0,0,0,0.709090909,0.2,0.072727273,0.018181818,0,0,0,0,0,0.193548387,0,0,0,0.806451613,1,0,0.846153846,0.115384615,0,0.038461538
712,1,0,0,0,0,0.661016949,0.186440678,0.13559322,0.016949153,0,0,0,0,0,0,0,0.038461538,0,0.961538462,1,0.137931034,0.75862069,0.103448276,0,0
713,1,0,0,0,0,0.672413793,0.189655172,0.120689655,0.017241379,0,0,0,0,0,0,0,0.038461538,0,0.961538462,1,0.152542373,0.745762712,0.101694915,0,0
714,1,0,0,0,0,0,0,0,0,0,0.764705882,0.215686275,0,0.019607843,0.230769231,0.676923077,0,0.092307692,0,1,0,0,0,0.943396226,0.056603774
715,1,0,0,0,0,0,0,0,0,0,0.764705882,0.215686275,0,0.019607843,0.230769231,0.676923077,0,0.092307692,0,1,0,0,0,0.943396226,0.056603774
716,1,0,0,0,0,0,0,0,0,0,0.78,0.22,0,0,0.230769231,0.676923077,0,0.092307692,0,1,0.018518519,0,0,0.925925926,0.055555556
717,1,0,0,0,0,0,0,0,0,0,0.78,0.22,0,0,0.230769231,0.676923077,0,0.092307692,0,1,0.018518519,0,0,0.925925926,0.055555556
718,1,0,0,0,1,0,0,0,0,0,0.78,0.22,0,0,0.230769231,0.676923077,0,0.092307692,0,1,0,0.018867925,0,0.924528302,0.056603774
719,1,0,0,0,0,0,0,0,0,0,0.78,0.22,0,0,0.230769231,0.676923077,0,0.092307692,0,1,0.018518519,0,0,0.925925926,0.055555556
720,1,0,0,0,0,0,0,0,0,0,0.78,0.22,0,0,0.21875,0.6875,0,0.09375,0,1,0.036363636,0,0,0.909090909,0.054545455
721,1,0,0,0,0,0,0,0,0,0,0.78,0.22,0,0,0.21875,0.6875,0,0.09375,0,1,0.036363636,0,0,0.909090909,0.054545455
722,1,0,0,0,1,0,0,0,0,0,0.764705882,0.215686275,0,0.019607843,0.230769231,0.676923077,0,0.092307692,0,1,0,0,0.06,0.94,0
723,1,0,0,0,1,0,0,0,0,0,0.764705882,0.215686275,0,0.019607843,0.230769231,0.676923077,0,0.092307692,0,1,0,0,0.06,0.94,0
724,1,0,0,0,1,0,0,0,0,0,0.764705882,0.215686275,0,0.019607843,0.230769231,0.676923077,0,0.092307692,0,1,0,0,0.06,0.94,0
725,1,0,0,0,1,0,0,0,0,0,0.78,0.22,0,0,0.21875,0.6875,0,0.09375,0,1,0.038461538,0,0.057692308,0.903846154,0
726,1,0,0,0,1,0,0,0,0,0,0.78,0.22,0,0,0.230769231,0.676923077,0,0.092307692,0,1,0.019607843,0,0.058823529,0.921568627,0
727,1,0,0,0,1,0,0,0,0,0,0.78,0.22,0,0,0.230769231,0.676923077,0,0.092307692,0,1,0,0.02,0.06,0.92,0
728,1,0,0,0,1,0,0,0,0,0,0.78,0.22,0,0,0.230769231,0.676923077,0,0.092307692,0,1,0,0.02,0.06,0.92,0
729,1,0,0,0,1,0,0,0,0,0,0.78,0.22,0,0,0.230769231,0.676923077,0,0.092307692,0,1,0,0.02,0.06,0.92,0
730,1,0,0,0,1,0,0,0,0,0,0.764705882,0.215686275,0,0.019607843,0.230769231,0.676923077,0,0.092307692,0,1,0,0,0.06,0.94,0
731,1,0,0,0,1,0,0,0,0,0,0.78,0.22,0,0,0.230769231,0.676923077,0,0.092307692,0,1,0,0.018867925,0,0.924528302,0.056603774
732,1,0,0,0,1,0,0,0,0,0,0.78,0.22,0,0,0.230769231,0.676923077,0,0.092307692,0,1,0,0.02,0.06,0.92,0
733,1,0,0,0,1,0,0,0,0,0,0.78,0.22,0,0,0.230769231,0.676923077,0,0.092307692,0,1,0.019607843,0,0.058823529,0.921568627,0
734,1,0,0,0,1,0,0,0,0,0,0.764705882,0.215686275,0,0.019607843,0.230769231,0.676923077,0,0.092307692,0,1,0,0,0.06,0.94,0
735,1,0,0,0,1,0,0,0,0,0,0.764705882,0.215686275,0,0.019607843,0.230769231,0.676923077,0,0.092307692,0,1,0,0,0.06,0.94,0
736,1,0,0,0,1,0,0,0,0,0,0.78,0.22,0,0,0.230769231,0.676923077,0,0.092307692,0,1,0,0.02,0.06,0.92,0
737,1,0,0,0,1,0,0,0,0,0,0.78,0.22,0,0,0.230769231,0.676923077,0,0.092307692,0,1,0,0.02,0.06,0.92,0
738,1,0,0,0,1,0,0,0,0,0,0.78,0.22,0,0,0.230769231,0.676923077,0,0.092307692,0,1,0,0.018867925,0,0.924528302,0.056603774
739,1,0,0,0,0,0,0,0,0,0,0.78,0.22,0,0,0.230769231,0.676923077,0,0.092307692,0,1,0.018518519,0,0,0.925925926,0.055555556
740,1,0,0,0,1,0,0,0,0,0,0.78,0.22,0,0,0.21875,0.6875,0,0.09375,0,1,0,0.04,0.06,0.9,0
741,1,0,0,0,1,0,0,0,0,0,0.78,0.22,0,0,0.21875,0.6875,0,0.09375,0,1,0,0.04,0.06,0.9,0
742,1,0,0,0,0,0,0,0,0,0,0.764705882,0.215686275,0,0.019607843,0.230769231,0.676923077,0,0.092307692,0,1,0,0,0,0.943396226,0.056603774
743,1,0,0,0,1,0,0,0,0,0,0.78,0.22,0,0,0.21875,0.6875,0,0.09375,0,1,0,0.04,0.06,0.9,0
744,1,0,0,0,1,0,0,0,0,0,0.78,0.22,0,0,0.21875,0.6875,0,0.09375,0,1,0,0.04,0.06,0.9,0
745,1,0,0,0,1,0,0,0,0,0,0.78,0.22,0,0,0.21875,0.6875,0,0.09375,0,1,0,0.04,0.06,0.9,0
746,1,0,0,0,1,0,0,0,0,0,0.78,0.22,0,0,0.230769231,0.676923077,0,0.092307692,0,1,0.019607843,0,0.058823529,0.921568627,0
747,1,0,0,0,1,0,0,0,0,0,0.764705882,0.215686275,0,0.019607843,0.230769231,0.676923077,0,0.092307692,0,1,0,0,0.06,0.94,0
748,1,0,0,0,0,0,0,0,0,0,0.78,0.22,0,0,0.230769231,0.676923077,0,0.092307692,0,1,0.018518519,0,0,0.925925926,0.055555556
749,1,0,0,0,0,0,0,0,0,0,0.764705882,0.215686275,0,0.019607843,0.230769231,0.676923077,0,0.092307692,0,1,0,0,0,0.943396226,0.056603774
750,1,0,0,0,0,0,0,0,0,0,0.764705882,0.215686275,0,0.019607843,0.230769231,0.676923077,0,0.092307692,0,1,0,0,0,0.943396226,0.056603774
751,1,0,0,0,0,0,0,0,0,0,0.78,0.22,0,0,0.230769231,0.676923077,0,0.092307692,0,1,0.018518519,0,0,0.925925926,0.055555556
752,1,0,0,0,0,0,0,0,0,0,0.78,0.22,0,0,0.21875,0.6875,0,0.09375,0,1,0.036363636,0,0,0.909090909,0.054545455
753,1,0,0,0,1,0,0,0,0,0,0.78,0.22,0,0,0.230769231,0.676923077,0,0.092307692,0,1,0,0.018867925,0,0.924528302,0.056603774
754,1,0,0,0,0,0,0,0,0,0,0.78,0.22,0,0,0.230769231,0.676923077,0,0.092307692,0,1,0.018518519,0,0,0.925925926,0.055555556
755,1,0,0,0,0,0,0,0,0,0,0.78,0.22,0,0,0.230769231,0.676923077,0,0.092307692,0,1,0.018518519,0,0,0.925925926,0.055555556
756,1,0,0,0,0,0,0,0,0,0,0.764705882,0.215686275,0,0.019607843,0.230769231,0.676923077,0,0.092307692,0,1,0,0,0,0.943396226,0.056603774
757,1,0,0,0,0,0,0,0,0,0,0.764705882,0.215686275,0,0.019607843,0.230769231,0.676923077,0,0.092307692,0,1,0,0,0,0.943396226,0.056603774
758,1,0,0,0,0,0,0,0,0,0,0.78,0.22,0,0,0.230769231,0.676923077,0,0.092307692,0,1,0.018518519,0,0,0.925925926,0.055555556
759,1,0,0,0,0,0,0,0,0,0,0.764705882,0.215686275,0,0.019607843,0.230769231,0.676923077,0,0.092307692,0,1,0,0,0,0.943396226,0.056603774
760,1,0,0,0,0,0,0,0,0,0,0.764705882,0.215686275,0,0.019607843,0.230769231,0.676923077,0,0.092307692,0,1,0,0,0,0.943396226,0.056603774
761,1,0,0,0,0,0,0,0,0,0,0.764705882,0.215686275,0,0.019607843,0.230769231,0.676923077,0,0.092307692,0,1,0,0,0,0.943396226,0.056603774
762,1,0,0,0,0,0,0,0,0,0,0.78,0.22,0,0,0.230769231,0.676923077,0,0.092307692,0,1,0.018518519,0,0,0.925925926,0.055555556
763,1,0,0,0,0,0,0,0,0,0,0.764705882,0.215686275,0,0.019607843,0.230769231,0.676923077,0,0.092307692,0,1,0,0,0,0.943396226,0.056603774
764,1,0,0,0,0,0,0,0,0,0,0.78,0.22,0,0,0.230769231,0.676923077,0,0.092307692,0,1,0.018518519,0,0,0.925925926,0.055555556
765,1,0,0,0,1,0,0,0,0,0,0.78,0.22,0,0,0.230769231,0.676923077,0,0.092307692,0,1,0,0.02,0.06,0.92,0
766,1,0,0,0,0,0,0,0,0,0,0.764705882,0.215686275,0,0.019607843,0.230769231,0.676923077,0,0.092307692,0,1,0,0,0,0.943396226,0.056603774
767,1,0,0,0,0,0,0,0,0,0,0.78,0.22,0,0,0.230769231,0.676923077,0,0.092307692,0,1,0.018518519,0,0,0.925925926,0.055555556
768,1,0,0,0,0,0.6,0.169230769,0.215384615,0.015384615,1,0,0,0,0,0,0.038461538,0.038461538,0,0.923076923,1,0,0.88,0.12,0,0
769,1,0,0,0,0,0,0,0,0,0,0.764705882,0.215686275,0,0.019607843,0.230769231,0.676923077,0,0.092307692,0,1,0,0,0,0.943396226,0.056603774
770,1,0,0,0,0,0,0,0,0,0,0.78,0.22,0,0,0.230769231,0.676923077,0,0.092307692,0,1,0.018518519,0,0,0.925925926,0.055555556
771,1,0,0,0,0,0,0,0,0,0,0.764705882,0.215686275,0,0.019607843,0.230769231,0.676923077,0,0.092307692,0,1,0,0,0,0.943396226,0.056603774
772,1,0,0,0,0,0,0,0,0,0,0.764705882,0.215686275,0,0.019607843,0.230769231,0.676923077,0,0.092307692,0,1,0,0,0,0.943396226,0.056603774
773,1,0,0,0,0,0,0,0,0,0,0.764705882,0.215686275,0,0.019607843,0.230769231,0.676923077,0,0.092307692,0,1,0,0,0,0.943396226,0.056603774
774,1,0,0,0,1,0,0,0,0,0,0.78,0.22,0,0,0.230769231,0.676923077,0,0.092307692,0,1,0,0.018867925,0,0.924528302,0.056603774
775,1,0,0,0,0,0,0,0,0,0,0.78,0.22,0,0,0.230769231,0.676923077,0,0.092307692,0,1,0.018518519,0,0,0.925925926,0.055555556
776,1,0,0,0,0,0,0,0,0,0,0.78,0.22,0,0,0.230769231,0.676923077,0,0.092307692,0,1,0.018518519,0,0,0.925925926,0.055555556
777,1,0,0,0,0,0,0,0,0,0,0.764705882,0.215686275,0,0.019607843,0.230769231,0.676923077,0,0.092307692,0,1,0,0,0,0.943396226,0.056603774
778,1,0,0,0,1,0,0,0,0,0,0.764705882,0.215686275,0,0.019607843,0.230769231,0.676923077,0,0.092307692,0,1,0,0,0.06,0.94,0
779,1,0,0,0,1,0,0,0,0,0,0.764705882,0.215686275,0,0.019607843,0.230769231,0.676923077,0,0.092307692,0,1,0,0,0.06,0.94,0
780,1,0,0,0,1,0,0,0,0,0,0.78,0.22,0,0,0.21875,0.6875,0,0.09375,0,1,0,0.037735849,0,0.905660377,0.056603774
781,1,0,0,0,1,0,0,0,0,0,0.78,0.22,0,0,0.21875,0.6875,0,0.09375,0,1,0,0.037735849,0,0.905660377,0.056603774
782,1,0,0,0,1,0,0,0,0,0,0.78,0.22,0,0,0.21875,0.6875,0,0.09375,0,1,0,0.037735849,0,0.905660377,0.056603774
783,1,0,0,0,1,0,0,0,0,0,0.78,0.22,0,0,0.230769231,0.676923077,0,0.092307692,0,1,0.019607843,0,0.058823529,0.921568627,0
784,1,0,0,0,1,0,0,0,0,0,0.78,0.22,0,0,0.230769231,0.676923077,0,0.092307692,0,1,0.019607843,0,0.058823529,0.921568627,0
785,1,0,0,0,1,0,0,0,0,0,0.78,0.22,0,0,0.230769231,0.676923077,0,0.092307692,0,1,0,0.02,0.06,0.92,0
786,1,0,0,0,1,0,0,0,0,0,0.78,0.22,0,0,0.230769231,0.676923077,0,0.092307692,0,1,0,0.02,0.06,0.92,0
787,1,0,0,0,1,0,0,0,0,0,0.78,0.22,0,0,0.230769231,0.676923077,0,0.092307692,0,1,0,0.02,0.06,0.92,0
788,1,0,0,0,0,0,0,0,0,0,0.78,0.22,0,0,0.230769231,0.676923077,0,0.092307692,0,1,0.018518519,0,0,0.925925926,0.055555556
789,1,0,0,0,0,0,0,0,0,0,0.78,0.22,0,0,0.230769231,0.676923077,0,0.092307692,0,1,0.018518519,0,0,0.925925926,0.055555556
790,1,0,0,0,1,0,0,0,0,0,0.78,0.22,0,0,0.230769231,0.676923077,0,0.092307692,0,1,0,0.02,0.06,0.92,0
791,1,0,0,0,1,0,0,0,0,0,0.78,0.22,0,0,0.230769231,0.676923077,0,0.092307692,0,1,0,0.02,0.06,0.92,0
792,1,0,0,0,1,0,0,0,0,0,0.764705882,0.215686275,0,0.019607843,0.230769231,0.676923077,0,0.092307692,0,1,0,0,0.06,0.94,0
793,1,0,0,0,0,0,0,0,0,0,0.78,0.22,0,0,0.230769231,0.676923077,0,0.092307692,0,1,0.018518519,0,0,0.925925926,0.055555556
794,1,0,0,0,0,0,0,0,0,0,0.764705882,0.215686275,0,0.019607843,0.230769231,0.676923077,0,0.092307692,0,1,0,0,0,0.943396226,0.056603774
795,1,0,0,0,1,0,0,0,0,0,0.764705882,0.215686275,0,0.019607843,0.230769231,0.676923077,0,0.092307692,0,1,0,0,0.06,0.94,0
796,1,0,0,0,0,0.619047619,0.174603175,0.19047619,0.015873016,0,0,0,0,0,0,0,0,0,1,1,0.071428571,0.785714286,0.107142857,0,0.035714286
797,1,0,0,0,0,0.65,0.183333333,0.15,0.016666667,0,0,0,0,0,0,0,0,0,1,1,0.118644068,0.745762712,0.101694915,0,0.033898305
798,1,0,0,0,0,0.661016949,0.186440678,0.13559322,0.016949153,0,0,0,0,0,0,0,0,0,1,1,0.133333333,0.733333333,0.1,0,0.033333333
799,1,0,0,0,0,0.672413793,0.189655172,0.120689655,0.017241379,0,0,0,0,0,0,0,0,0,1,1,0.147540984,0.721311475,0.098360656,0,0.032786885
800,1,0,0,0,1,0,0,0,0,0,0.78,0.22,0,0,0.230769231,0.676923077,0,0.092307692,0,1,0.019607843,0,0.058823529,0.921568627,0
801,1,0,0,0,0,0,0,0,0,0,0.764705882,0.215686275,0,0.019607843,0.230769231,0.676923077,0,0.092307692,0,1,0,0,0,0.943396226,0.056603774
802,1,0,0,0,0,0,0,0,0,0,0.78,0.22,0,0,0.230769231,0.676923077,0,0.092307692,0,1,0.018518519,0,0,0.925925926,0.055555556
803,1,0,0,0,0,0,0,0,0,0,0.764705882,0.215686275,0,0.019607843,0.230769231,0.676923077,0,0.092307692,0,1,0,0,0,0.943396226,0.056603774
804,1,0,0,0,1,0,0,0,0,0,0.78,0.22,0,0,0.230769231,0.676923077,0,0.092307692,0,1,0,0.018867925,0,0.924528302,0.056603774
805,1,0,0,0,0,0,0,0,0,0,0.78,0.22,0,0,0.230769231,0.676923077,0,0.092307692,0,1,0.018518519,0,0,0.925925926,0.055555556
806,1,0,0,0,0,0,0,0,0,0,0.764705882,0.215686275,0,0.019607843,0.230769231,0.676923077,0,0.092307692,0,1,0,0,0,0.943396226,0.056603774
807,1,0,0,0,0,0,0,0,0,0,0.78,0.22,0,0,0.230769231,0.676923077,0,0.092307692,0,1,0.018518519,0,0,0.925925926,0.055555556
808,1,0,0,0,1,0,0,0,0,0,0.78,0.22,0,0,0.230769231,0.676923077,0,0.092307692,0,1,0,0.02,0.06,0.92,0
809,1,0,0,0,1,0,0,0,0,0,0.764705882,0.215686275,0,0.019607843,0.230769231,0.676923077,0,0.092307692,0,1,0,0,0.06,0.94,0
810,1,0,0,0,1,0,0,0,0,0,0.764705882,0.215686275,0,0.019607843,0.230769231,0.676923077,0,0.092307692,0,1,0,0,0.06,0.94,0
811,1,0,0,0,1,0,0,0,0,0,0.78,0.22,0,0,0.230769231,0.676923077,0,0.092307692,0,1,0,0.02,0.06,0.92,0
812,1,0,0,0,0,0,0,0,0,0,0.764705882,0.215686275,0,0.019607843,0.230769231,0.676923077,0,0.092307692,0,1,0,0,0,0.943396226,0.056603774
813,1,0,0,0,0,0,0,0,0,0,0.764705882,0.215686275,0,0.019607843,0.230769231,0.676923077,0,0.092307692,0,1,0,0,0,0.943396226,0.056603774
814,1,0,0,0,0,0,0,0,0,0,0.78,0.22,0,0,0.230769231,0.676923077,0,0.092307692,0,1,0.018518519,0,0,0.925925926,0.055555556
815,1,0,0,0,1,0,0,0,0,0,0.764705882,0.215686275,0,0.019607843,0.230769231,0.676923077,0,0.092307692,0,1,0,0,0.06,0.94,0
816,1,0,0,0,1,0,0,0,0,0,0.78,0.22,0,0,0.230769231,0.676923077,0,0.092307692,0,1,0.019607843,0,0.058823529,0.921568627,0
817,1,0,0,0,0,0,0,0,0,0,0.764705882,0.215686275,0,0.019607843,0.230769231,0.676923077,0,0.092307692,0,1,0,0,0,0.943396226,0.056603774
818,1,0,0,0,1,0,0,0,0,0,0.78,0.22,0,0,0.230769231,0.676923077,0,0.092307692,0,1,0,0.02,0.06,0.92,0
819,1,0,0,0,0,0,0,0,0,0,0.764705882,0.215686275,0,0.019607843,0.230769231,0.676923077,0,0.092307692,0,1,0,0,0,0.943396226,0.056603774
820,1,0,0,0,0,0,0,0,0,0,0.764705882,0.215686275,0,0.019607843,0.230769231,0.676923077,0,0.092307692,0,1,0,0,0,0.943396226,0.056603774
821,1,0,0,0,1,0,0,0,0,0,0.78,0.22,0,0,0.230769231,0.676923077,0,0.092307692,0,1,0,0.018867925,0,0.924528302,0.056603774
822,1,0,0,0,1,0,0,0,0,0,0.764705882,0.215686275,0,0.019607843,0.230769231,0.676923077,0,0.092307692,0,1,0,0,0.06,0.94,0
823,1,0,0,0,1,0,0,0,0,0,0.78,0.22,0,0,0.230769231,0.676923077,0,0.092307692,0,1,0,0.02,0.06,0.92,0
824,1,0,0,0,1,0,0,0,0,0,0.764705882,0.215686275,0,0.019607843,0.230769231,0.676923077,0,0.092307692,0,1,0,0,0.06,0.94,0
825,1,0,0,0,1,0,0,0,0,0,0.78,0.22,0,0,0.230769231,0.676923077,0,0.092307692,0,1,0.019607843,0,0.058823529,0.921568627,0
826,1,0,0,0,1,0,0,0,0,0,0.764705882,0.215686275,0,0.019607843,0.230769231,0.676923077,0,0.092307692,0,1,0,0,0.06,0.94,0
827,1,0,0,0,1,0,0,0,0,0,0.78,0.22,0,0,0.230769231,0.676923077,0,0.092307692,0,1,0.019607843,0,0.058823529,0.921568627,0
828,1,0,0,0,1,0,0,0,0,0,0.764705882,0.215686275,0,0.019607843,0.230769231,0.676923077,0,0.092307692,0,1,0,0,0.06,0.94,0
829,1,0,0,0,0,0,0,0,0,0,0.78,0.22,0,0,0.230769231,0.676923077,0,0.092307692,0,1,0.018518519,0,0,0.925925926,0.055555556
830,1,0,0,0,0,0,0,0,0,0,0.78,0.22,0,0,0.21875,0.6875,0,0.09375,0,1,0.036363636,0,0,0.909090909,0.054545455
831,1,0,0,0,1,0,0,0,0,0,0.78,0.22,0,0,0.230769231,0.676923077,0,0.092307692,0,1,0.019607843,0,0.058823529,0.921568627,0
832,1,0,0,0,1,0,0,0,0,0,0.764705882,0.215686275,0,0.019607843,0.230769231,0.676923077,0,0.092307692,0,1,0,0,0.06,0.94,0
833,1,0,0,0,0,0,0,0,0,0,0.78,0.22,0,0,0.230769231,0.676923077,0,0.092307692,0,1,0.018518519,0,0,0.925925926,0.055555556
834,1,0,0,0,1,0,0,0,0,0,0.764705882,0.215686275,0,0.019607843,0.230769231,0.676923077,0,0.092307692,0,1,0,0,0.06,0.94,0
835,1,0,0,0,1,0,0,0,0,0,0.78,0.22,0,0,0.230769231,0.676923077,0,0.092307692,0,1,0,0.02,0.06,0.92,0
836,1,0,0,0,0,0,0,0,0,0,0.78,0.22,0,0,0.230769231,0.676923077,0,0.092307692,0,1,0.018518519,0,0,0.925925926,0.055555556
837,1,0,0,0,1,0,0,0,0,0,0.78,0.22,0,0,0.230769231,0.676923077,0,0.092307692,0,1,0,0.018867925,0,0.924528302,0.056603774
838,1,0,0,0,0,0,0,0,0,0,0.78,0.22,0,0,0.230769231,0.676923077,0,0.092307692,0,1,0.018518519,0,0,0.925925926,0.055555556
839,1,0,0,0,0,0,0,0,0,0,0.78,0.22,0,0,0.230769231,0.676923077,0,0.092307692,0,1,0.018518519,0,0,0.925925926,0.055555556
840,1,0,0,0,0,0,0,0,0,0,0.78,0.22,0,0,0.21875,0.6875,0,0.09375,0,1,0.036363636,0,0,0.909090909,0.054545455
841,1,0,0,0,0,0,0,0,0,0,0.78,0.22,0,0,0.230769231,0.676923077,0,0.092307692,0,1,0.018518519,0,0,0.925925926,0.055555556
842,1,0,0,0,0,0,0,0,0,0,0.78,0.22,0,0,0.230769231,0.676923077,0,0.092307692,0,1,0.018518519,0,0,0.925925926,0.055555556
843,1,0,0,0,1,0,0,0,0,0,0.78,0.22,0,0,0.230769231,0.676923077,0,0.092307692,0,1,0,0.018867925,0,0.924528302,0.056603774
844,1,0,0,0,1,0,0,0,0,0,0.78,0.22,0,0,0.230769231,0.676923077,0,0.092307692,0,1,0.019607843,0,0.058823529,0.921568627,0
845,1,0,0,0,1,0,0,0,0,0,0.78,0.22,0,0,0.230769231,0.676923077,0,0.092307692,0,1,0,0.02,0.06,0.92,0
846,1,0,0,0,0,0,0,0,0,0,0.764705882,0.215686275,0,0.019607843,0.230769231,0.676923077,0,0.092307692,0,1,0,0,0,0.943396226,0.056603774
847,1,0,0,0,0,0,0,0,0,0,0.764705882,0.215686275,0,0.019607843,0.230769231,0.676923077,0,0.092307692,0,1,0,0,0,0.943396226,0.056603774
848,1,0,0,0,1,0,0,0,0,0,0.78,0.22,0,0,0.230769231,0.676923077,0,0.092307692,0,1,0.019607843,0,0.058823529,0.921568627,0
849,1,0,0,0,1,0,0,0,0,0,0.78,0.22,0,0,0.230769231,0.676923077,0,0.092307692,0,1,0.019607843,0,0.058823529,0.921568627,0
850,1,0,0,0,1,0,0,0,0,0,0.78,0.22,0,0,0.230769231,0.676923077,0,0.092307692,0,1,0.019607843,0,0.058823529,0.921568627,0
851,1,0,0,0,1,0,0,0,0,0,0.78,0.22,0,0,0.230769231,0.676923077,0,0.092307692,0,1,0.019607843,0,0.058823529,0.921568627,0
852,1,0,0,0,1,0,0,0,0,0,0.78,0.22,0,0,0.230769231,0.676923077,0,0.092307692,0,1,0,0.02,0.06,0.92,0
853,1,0,0,0,1,0,0,0,0,0,0.78,0.22,0,0,0.230769231,0.676923077,0,0.092307692,0,1,0.019607843,0,0.058823529,0.921568627,0
854,1,0,0,0,1,0,0,0,0,0,0.78,0.22,0,0,0.230769231,0.676923077,0,0.092307692,0,1,0,0.02,0.06,0.92,0
855,1,0,0,0,1,0,0,0,0,0,0.78,0.22,0,0,0.230769231,0.676923077,0,0.092307692,0,1,0,0.02,0.06,0.92,0
856,1,0,0,0,1,0,0,0,0,0,0.78,0.22,0,0,0.230769231,0.676923077,0,0.092307692,0,1,0,0.02,0.06,0.92,0
857,1,0,0,0,1,0,0,0,0,0,0.78,0.22,0,0,0.230769231,0.676923077,0,0.092307692,0,1,0.019607843,0,0.058823529,0.921568627,0
858,1,0,0,0,1,0,0,0,0,0,0.764705882,0.215686275,0,0.019607843,0.230769231,0.676923077,0,0.092307692,0,1,0,0,0.06,0.94,0
859,1,0,0,0,1,0,0,0,0,0,0.78,0.22,0,0,0.230769231,0.676923077,0,0.092307692,0,1,0,0.02,0.06,0.92,0
860,1,0,0,0,1,0,0,0,0,0,0.78,0.22,0,0,0.21875,0.6875,0,0.09375,0,1,0,0.04,0.06,0.9,0
861,1,0,0,0,1,0,0,0,0,0,0.764705882,0.215686275,0,0.019607843,0.230769231,0.676923077,0,0.092307692,0,1,0,0,0.06,0.94,0
862,1,0,0,0,1,0,0,0,0,0,0.78,0.22,0,0,0.230769231,0.676923077,0,0.092307692,0,1,0.019607843,0,0.058823529,0.921568627,0
863,1,0,0,0,0,0.6,0.169230769,0.215384615,0.015384615,0,0,0,0,0,0,0,0,0,1,1,0.037037037,0.814814815,0.111111111,0,0.037037037
864,1,0,0,0,0,0,0,0,0,0,0.78,0.22,0,0,0.230769231,0.676923077,0,0.092307692,0,1,0.018518519,0,0,0.925925926,0.055555556
865,1,0,0,0,0,0,0,0,0,0,0.764705882,0.215686275,0,0.019607843,0.230769231,0.676923077,0,0.092307692,0,1,0,0,0,0.943396226,0.056603774
866,1,0,0,0,0,0.590909091,0.166666667,0.227272727,0.015151515,0,0,0,0,0,0,0,0,0,1,1,0.018867925,0.830188679,0.113207547,0,0.037735849
867,1,0,0,0,0,0.590909091,0.166666667,0.227272727,0.015151515,0,0,0,0,0,0,0,0,0,1,1,0.018867925,0.830188679,0.113207547,0,0.037735849
868,1,0,0,0,0,0.65,0.183333333,0.15,0.016666667,1,0,0,0,0,0,0.14,0,0.04,0.82,1,0,0.88,0.12,0,0
869,1,0,0,0,0,0.672413793,0.189655172,0.120689655,0.017241379,1,0,0,0,0,0,0.18,0,0.04,0.78,1,0,0.88,0.12,0,0
870,1,0,0,0,0,0.722222222,0.203703704,0.055555556,0.018518519,1,0,0,0,0,0,0.26,0,0.04,0.7,1,0,0.88,0.12,0,0
871,1,0,0,0,0,0.661016949,0.186440678,0.13559322,0.016949153,1,0,0,0,0,0,0.153846154,0.038461538,0,0.807692308,1,0,0.88,0.12,0,0
872,1,0,0,0,0,0,0,0,0,0,0.78,0.22,0,0,0.230769231,0.676923077,0,0.092307692,0,1,0.018518519,0,0,0.925925926,0.055555556
873,1,0,0,0,0,0,0,0,0,0,0.764705882,0.215686275,0,0.019607843,0.230769231,0.676923077,0,0.092307692,0,1,0,0,0,0.943396226,0.056603774
874,1,0,0,0,0,0,0,0,0,0,0.764705882,0.215686275,0,0.019607843,0.230769231,0.676923077,0,0.092307692,0,1,0,0,0,0.943396226,0.056603774
875,1,0,0,0,1,0,0,0,0,0,0.78,0.22,0,0,0.230769231,0.676923077,0,0.092307692,0,1,0,0.018867925,0,0.924528302,0.056603774
876,1,0,0,0,0,0,0,0,0,0,0.764705882,0.215686275,0,0.019607843,0.230769231,0.676923077,0,0.092307692,0,1,0,0,0,0.943396226,0.056603774
877,1,0,0,0,0,0,0,0,0,0,0.78,0.22,0,0,0.230769231,0.676923077,0,0.092307692,0,1,0.018518519,0,0,0.925925926,0.055555556
878,1,0,0,0,0,0,0,0,0,0,0.764705882,0.215686275,0,0.019607843,0.230769231,0.676923077,0,0.092307692,0,1,0,0,0,0.943396226,0.056603774
879,1,0,0,0,0,0,0,0,0,0,0.78,0.22,0,0,0.230769231,0.676923077,0,0.092307692,0,1,0.018518519,0,0,0.925925926,0.055555556
880,1,0,0,0,0,0,0,0,0,0,0.764705882,0.215686275,0,0.019607843,0.230769231,0.676923077,0,0.092307692,0,1,0,0,0,0.943396226,0.056603774
881,1,0,0,0,0,0.639344262,0.180327869,0.163934426,0.016393443,1,0,0,0,0,0,0.12,0,0,0.88,1,0,0.846153846,0.115384615,0,0.038461538
882,1,0,0,0,0,0.672413793,0.189655172,0.120689655,0.017241379,1,0,0,0,0,0,0.18,0,0,0.82,1,0,0.846153846,0.115384615,0,0.038461538
883,1,0,0,0,0,0.65,0.183333333,0.15,0.016666667,1,0,0,0,0,0,0.14,0,0,0.86,1,0,0.846153846,0.115384615,0,0.038461538
884,1,0,0,0,0,0.590909091,0.166666667,0.227272727,0.015151515,1,0,0,0,0,0,0.02,0,0,0.98,1,0,0.846153846,0.115384615,0,0.038461538
885,1,0,0,0,0,0.590909091,0.166666667,0.227272727,0.015151515,0,0,0,0,0,0.019607843,0,0,0,0.980392157,1,0,0.846153846,0.115384615,0,0.038461538
886,1,0,0,0,0,0.709090909,0.2,0.072727273,0.018181818,1,0,0,0,0,0,0.24,0,0.04,0.72,1,0,0.88,0.12,0,0
887,1,0,0,0,0,0.709090909,0.2,0.072727273,0.018181818,1,0,0,0,0,0,0.24,0,0.04,0.72,1,0,0.88,0.12,0,0
888,1,0,0,0,0,0.684210526,0.192982456,0.105263158,0.01754386,1,0,0,0,0,0,0.2,0,0.04,0.76,1,0,0.88,0.12,0,0
889,1,0,0,0,0,0.629032258,0.177419355,0.177419355,0.016129032,1,0,0,0,0,0,0.1,0,0.04,0.86,1,0,0.88,0.12,0,0
890,1,0,0,0,0,0,0,0,0,0,0.764705882,0.215686275,0,0.019607843,0.230769231,0.676923077,0,0.092307692,0,1,0,0,0,0.943396226,0.056603774
891,1,0,0,0,0,0,0,0,0,0,0.78,0.22,0,0,0.230769231,0.676923077,0,0.092307692,0,1,0.018518519,0,0,0.925925926,0.055555556
892,1,0,0,0,0,0,0,0,0,0,0.764705882,0.215686275,0,0.019607843,0.230769231,0.676923077,0,0.092307692,0,1,0,0,0,0.943396226,0.056603774
893,1,0,0,0,0,0,0,0,0,0,0.764705882,0.215686275,0,0.019607843,0.230769231,0.676923077,0,0.092307692,0,1,0,0,0,0.943396226,0.056603774
894,1,0,0,0,0,0,0,0,0,0,0.764705882,0.215686275,0,0.019607843,0.230769231,0.676923077,0,0.092307692,0,1,0,0,0,0.943396226,0.056603774
895,1,0,0,0,0,0,0,0,0,0,0.78,0.22,0,0,0.230769231,0.676923077,0,0.092307692,0,1,0.018518519,0,0,0.925925926,0.055555556
896,1,0,0,0,1,0,0,0,0,0,0.78,0.22,0,0,0.230769231,0.676923077,0,0.092307692,0,1,0,0.018867925,0,0.924528302,0.056603774
897,1,0,0,0,0,0,0,0,0,0,0.78,0.22,0,0,0.230769231,0.676923077,0,0.092307692,0,1,0.018518519,0,0,0.925925926,0.055555556
898,1,0,0,0,0,0,0,0,0,0,0.78,0.22,0,0,0.21875,0.6875,0,0.09375,0,1,0.036363636,0,0,0.909090909,0.054545455
899,1,0,0,0,0,0,0,0,0,0,0.764705882,0.215686275,0,0.019607843,0.230769231,0.676923077,0,0.092307692,0,1,0,0,0,0.943396226,0.056603774
900,1,0,0,0,0,0,0,0,0,0,0.78,0.22,0,0,0.230769231,0.676923077,0,0.092307692,0,1,0.018518519,0,0,0.925925926,0.055555556
901,1,0,0,0,0,0,0,0,0,0,0.78,0.22,0,0,0.230769231,0.676923077,0,0.092307692,0,1,0.018518519,0,0,0.925925926,0.055555556
902,1,0,0,0,1,0,0,0,0,0,0.78,0.22,0,0,0.230769231,0.676923077,0,0.092307692,0,1,0,0.018867925,0,0.924528302,0.056603774
903,1,0,0,0,0,0,0,0,0,0,0.764705882,0.215686275,0,0.019607843,0.230769231,0.676923077,0,0.092307692,0,1,0,0,0,0.943396226,0.056603774
904,1,0,0,0,0,0,0,0,0,0,0.78,0.22,0,0,0.230769231,0.676923077,0,0.092307692,0,1,0.018518519,0,0,0.925925926,0.055555556
905,1,0,0,0,0,0,0,0,0,0,0.78,0.22,0,0,0.230769231,0.676923077,0,0.092307692,0,1,0.018518519,0,0,0.925925926,0.055555556
906,1,0,0,0,0,0,0,0,0,0,0.764705882,0.215686275,0,0.019607843,0.230769231,0.676923077,0,0.092307692,0,1,0,0,0,0.943396226,0.056603774
907,1,0,0,0,0,0,0,0,0,0,0.78,0.22,0,0,0.230769231,0.676923077,0,0.092307692,0,1,0.018518519,0,0,0.925925926,0.055555556
908,1,0,0,0,0,0,0,0,0,0,0.764705882,0.215686275,0,0.019607843,0.230769231,0.676923077,0,0.092307692,0,1,0,0,0,0.943396226,0.056603774
909,1,0,0,0,0,0,0,0,0,0,0.78,0.22,0,0,0.230769231,0.676923077,0,0.092307692,0,1,0.018518519,0,0,0.925925926,0.055555556
910,1,0,0,0,0,0,0,0,0,0,0.78,0.22,0,0,0.230769231,0.676923077,0,0.092307692,0,1,0.018518519,0,0,0.925925926,0.055555556
911,1,0,0,0,0,0,0,0,0,0,0.78,0.22,0,0,0.230769231,0.676923077,0,0.092307692,0,1,0.018518519,0,0,0.925925926,0.055555556
912,1,0,0,0,0,0,0,0,0,0,0.78,0.22,0,0,0.230769231,0.676923077,0,0.092307692,0,1,0.018518519,0,0,0.925925926,0.055555556
913,1,0,0,0,0,0,0,0,0,0,0.78,0.22,0,0,0.230769231,0.676923077,0,0.092307692,0,1,0.018518519,0,0,0.925925926,0.055555556
914,1,0,0,0,0,0,0,0,0,0,0.78,0.22,0,0,0.230769231,0.676923077,0,0.092307692,0,1,0.018518519,0,0,0.925925926,0.055555556
915,1,0,0,0,0,0,0,0,0,0,0.78,0.22,0,0,0.21875,0.6875,0,0.09375,0,1,0.036363636,0,0,0.909090909,0.054545455
916,1,0,0,0,0,0,0,0,0,0,0.78,0.22,0,0,0.230769231,0.676923077,0,0.092307692,0,1,0.018518519,0,0,0.925925926,0.055555556
917,1,0,0,0,0,0,0,0,0,0,0.78,0.22,0,0,0.230769231,0.676923077,0,0.092307692,0,1,0.018518519,0,0,0.925925926,0.055555556
918,1,0,0,0,0,0,0,0,0,0,0.764705882,0.215686275,0,0.019607843,0.230769231,0.676923077,0,0.092307692,0,1,0,0,0,0.943396226,0.056603774
919,1,0,0,0,0,0,0,0,0,0,0.78,0.22,0,0,0.230769231,0.676923077,0,0.092307692,0,1,0.018518519,0,0,0.925925926,0.055555556
920,1,0,0,0,0,0,0,0,0,0,0.78,0.22,0,0,0.230769231,0.676923077,0,0.092307692,0,1,0.018518519,0,0,0.925925926,0.055555556
921,1,0,0,0,0,0,0,0,0,0,0.78,0.22,0,0,0.230769231,0.676923077,0,0.092307692,0,1,0.018518519,0,0,0.925925926,0.055555556
922,1,0,0,0,0,0,0,0,0,0,0.764705882,0.215686275,0,0.019607843,0.230769231,0.676923077,0,0.092307692,0,1,0,0,0,0.943396226,0.056603774
923,1,0,0,0,0,0,0,0,0,0,0.78,0.22,0,0,0.21875,0.6875,0,0.09375,0,1,0.036363636,0,0,0.909090909,0.054545455
924,1,0,0,0,0,0,0,0,0,0,0.78,0.22,0,0,0.21875,0.6875,0,0.09375,0,1,0.036363636,0,0,0.909090909,0.054545455
925,1,0,0,0,0,0,0,0,0,0,0.764705882,0.215686275,0,0.019607843,0.230769231,0.676923077,0,0.092307692,0,1,0,0,0,0.943396226,0.056603774
926,1,0,0,0,0,0,0,0,0,0,0.764705882,0.215686275,0,0.019607843,0.230769231,0.676923077,0,0.092307692,0,1,0,0,0,0.943396226,0.056603774
927,1,0,0,0,1,0,0,0,0,0,0.78,0.22,0,0,0.230769231,0.676923077,0,0.092307692,0,1,0,0.018867925,0,0.924528302,0.056603774
928,1,0,0,0,1,0,0,0,0,0,0.78,0.22,0,0,0.230769231,0.676923077,0,0.092307692,0,1,0,0.018867925,0,0.924528302,0.056603774
929,1,0,0,0,1,0,0,0,0,0,0.78,0.22,0,0,0.230769231,0.676923077,0,0.092307692,0,1,0,0.018867925,0,0.924528302,0.056603774
930,1,0,0,0,1,0,0,0,0,0,0.78,0.22,0,0,0.230769231,0.676923077,0,0.092307692,0,1,0,0.018867925,0,0.924528302,0.056603774
931,1,0,0,0,0,0,0,0,0,0,0.764705882,0.215686275,0,0.019607843,0.230769231,0.676923077,0,0.092307692,0,1,0,0,0,0.943396226,0.056603774
932,1,0,0,0,0,0,0,0,0,0,0.764705882,0.215686275,0,0.019607843,0.230769231,0.676923077,0,0.092307692,0,1,0,0,0,0.943396226,0.056603774
933,1,0,0,0,0,0,0,0,0,0,0.764705882,0.215686275,0,0.019607843,0.230769231,0.676923077,0,0.092307692,0,1,0,0,0,0.943396226,0.056603774
934,1,0,0,0,0,0,0,0,0,0,0.764705882,0.215686275,0,0.019607843,0.230769231,0.676923077,0,0.092307692,0,1,0,0,0,0.943396226,0.056603774
935,1,0,0,0,0,0,0,0,0,0,0.78,0.22,0,0,0.230769231,0.676923077,0,0.092307692,0,1,0.018518519,0,0,0.925925926,0.055555556
936,1,0,0,0,0,0,0,0,0,0,0.78,0.22,0,0,0.230769231,0.676923077,0,0.092307692,0,1,0.018518519,0,0,0.925925926,0.055555556
937,1,0,0,0,1,0,0,0,0,0,0.78,0.22,0,0,0.230769231,0.676923077,0,0.092307692,0,1,0,0.018867925,0,0.924528302,0.056603774
938,1,0,0,0,0,0,0,0,0,0,0.78,0.22,0,0,0.230769231,0.676923077,0,0.092307692,0,1,0.018518519,0,0,0.925925926,0.055555556
939,1,0,0,0,0,0,0,0,0,0,0.78,0.22,0,0,0.230769231,0.676923077,0,0.092307692,0,1,0.018518519,0,0,0.925925926,0.055555556
940,1,0,0,0,0,0,0,0,0,0,0.764705882,0.215686275,0,0.019607843,0.230769231,0.676923077,0,0.092307692,0,1,0,0,0,0.943396226,0.056603774
941,1,0,0,0,0,0,0,0,0,0,0.764705882,0.215686275,0,0.019607843,0.230769231,0.676923077,0,0.092307692,0,1,0,0,0,0.943396226,0.056603774
942,1,0,0,0,0,0,0,0,0,0,0.764705882,0.215686275,0,0.019607843,0.230769231,0.676923077,0,0.092307692,0,1,0,0,0,0.943396226,0.056603774
943,1,0,0,0,1,0,0,0,0,0,0.78,0.22,0,0,0.230769231,0.676923077,0,0.092307692,0,1,0,0.018867925,0,0.924528302,0.056603774
944,1,0,0,0,0,0,0,0,0,0,0.78,0.22,0,0,0.230769231,0.676923077,0,0.092307692,0,1,0.018518519,0,0,0.925925926,0.055555556
945,1,0,0,0,0,0,0,0,0,0,0.764705882,0.215686275,0,0.019607843,0.230769231,0.676923077,0,0.092307692,0,1,0,0,0,0.943396226,0.056603774
946,1,0,0,0,1,0,0,0,0,0,0.78,0.22,0,0,0.230769231,0.676923077,0,0.092307692,0,1,0,0.018867925,0,0.924528302,0.056603774
947,1,0,0,0,0,0,0,0,0,0,0.764705882,0.215686275,0,0.019607843,0.230769231,0.676923077,0,0.092307692,0,1,0,0,0,0.943396226,0.056603774
948,1,0,0,0,0,0,0,0,0,0,0.78,0.22,0,0,0.230769231,0.676923077,0,0.092307692,0,1,0.018518519,0,0,0.925925926,0.055555556
949,1,0,0,0,1,0,0,0,0,0,0.78,0.22,0,0,0.230769231,0.676923077,0,0.092307692,0,1,0,0.018867925,0,0.924528302,0.056603774
950,1,0,0,0,1,0,0,0,0,0,0.78,0.22,0,0,0.230769231,0.676923077,0,0.092307692,0,1,0,0.018867925,0,0.924528302,0.056603774
951,1,0,0,0,0,0,0,0,0,0,0.78,0.22,0,0,0.230769231,0.676923077,0,0.092307692,0,1,0.018518519,0,0,0.925925926,0.055555556
952,1,0,0,0,0,0,0,0,0,0,0.78,0.22,0,0,0.230769231,0.676923077,0,0.092307692,0,1,0.018518519,0,0,0.925925926,0.055555556
953,1,0,0,0,0,0,0,0,0,0,0.764705882,0.215686275,0,0.019607843,0.230769231,0.676923077,0,0.092307692,0,1,0,0,0,0.943396226,0.056603774
954,1,0,0,0,0,0,0,0,0,0,0.78,0.22,0,0,0.230769231,0.676923077,0,0.092307692,0,1,0.018518519,0,0,0.925925926,0.055555556
955,1,0,0,0,0,0,0,0,0,0,0.764705882,0.215686275,0,0.019607843,0.230769231,0.676923077,0,0.092307692,0,1,0,0,0,0.943396226,0.056603774
956,1,0,0,0,0,0,0,0,0,0,0.78,0.22,0,0,0.230769231,0.676923077,0,0.092307692,0,1,0.018518519,0,0,0.925925926,0.055555556
957,1,0,0,0,0,0,0,0,0,0,0.764705882,0.215686275,0,0.019607843,0.230769231,0.676923077,0,0.092307692,0,1,0,0,0,0.943396226,0.056603774
958,1,0,0,0,0,0,0,0,0,0,0.78,0.22,0,0,0.230769231,0.676923077,0,0.092307692,0,1,0.018518519,0,0,0.925925926,0.055555556
959,1,0,0,0,0,0,0,0,0,0,0.764705882,0.215686275,0,0.019607843,0.230769231,0.676923077,0,0.092307692,0,1,0,0,0,0.943396226,0.056603774
960,1,0,0,0,0,0,0,0,0,0,0.78,0.22,0,0,0.230769231,0.676923077,0,0.092307692,0,1,0.018518519,0,0,0.925925926,0.055555556
961,1,0,0,0,1,0,0,0,0,0,0.78,0.22,0,0,0.21875,0.6875,0,0.09375,0,1,0,0.037735849,0,0.905660377,0.056603774
962,1,0,0,0,1,0,0,0,0,0,0.78,0.22,0,0,0.21875,0.6875,0,0.09375,0,1,0,0.037735849,0,0.905660377,0.056603774
963,1,0,0,0,0,0,0,0,0,0,0.78,0.22,0,0,0.230769231,0.676923077,0,0.092307692,0,1,0.018518519,0,0,0.925925926,0.055555556
964,1,0,0,0,1,0,0,0,0,0,0.78,0.22,0,0,0.230769231,0.676923077,0,0.092307692,0,1,0,0.018867925,0,0.924528302,0.056603774
965,1,0,0,0,0,0,0,0,0,0,0.78,0.22,0,0,0.230769231,0.676923077,0,0.092307692,0,1,0.018518519,0,0,0.925925926,0.055555556
966,1,0,0,0,0,0,0,0,0,0,0.764705882,0.215686275,0,0.019607843,0.230769231,0.676923077,0,0.092307692,0,1,0,0,0,0.943396226,0.056603774
967,1,0,0,0,0,0,0,0,0,0,0.78,0.22,0,0,0.230769231,0.676923077,0,0.092307692,0,1,0.018518519,0,0,0.925925926,0.055555556
968,1,0,0,0,0,0,0,0,0,0,0.78,0.22,0,0,0.230769231,0.676923077,0,0.092307692,0,1,0.018518519,0,0,0.925925926,0.055555556
969,1,0,0,0,0,0,0,0,0,0,0.78,0.22,0,0,0.230769231,0.676923077,0,0.092307692,0,1,0.018518519,0,0,0.925925926,0.055555556
970,1,0,0,0,0,0,0,0,0,0,0.78,0.22,0,0,0.230769231,0.676923077,0,0.092307692,0,1,0.018518519,0,0,0.925925926,0.055555556
971,1,0,0,0,0,0,0,0,0,0,0.78,0.22,0,0,0.230769231,0.676923077,0,0.092307692,0,1,0.018518519,0,0,0.925925926,0.055555556
972,1,0,0,0,0,0,0,0,0,0,0.78,0.22,0,0,0.230769231,0.676923077,0,0.092307692,0,1,0.018518519,0,0,0.925925926,0.055555556
973,1,0,0,0,0,0,0,0,0,0,0.78,0.22,0,0,0.230769231,0.676923077,0,0.092307692,0,1,0.018518519,0,0,0.925925926,0.055555556
974,1,0,0,0,0,0,0,0,0,0,0.78,0.22,0,0,0.230769231,0.676923077,0,0.092307692,0,1,0.018518519,0,0,0.925925926,0.055555556
975,1,0,0,0,0,0,0,0,0,0,0.764705882,0.215686275,0,0.019607843,0.230769231,0.676923077,0,0.092307692,0,1,0,0,0,0.943396226,0.056603774
976,1,0,0,0,1,0,0,0,0,0,0.78,0.22,0,0,0.230769231,0.676923077,0,0.092307692,0,1,0,0.018867925,0,0.924528302,0.056603774
977,1,0,0,0,0,0,0,0,0,0,0.764705882,0.215686275,0,0.019607843,0.230769231,0.676923077,0,0.092307692,0,1,0,0,0,0.943396226,0.056603774
978,1,0,0,0,0,0,0,0,0,0,0.764705882,0.215686275,0,0.019607843,0.230769231,0.676923077,0,0.092307692,0,1,0,0,0,0.943396226,0.056603774
979,1,0,0,0,0,0,0,0,0,0,0.78,0.22,0,0,0.230769231,0.676923077,0,0.092307692,0,1,0.018518519,0,0,0.925925926,0.055555556
980,1,0,0,0,0,0,0,0,0,0,0.764705882,0.215686275,0,0.019607843,0.230769231,0.676923077,0,0.092307692,0,1,0,0,0,0.943396226,0.056603774
981,1,0,0,0,0,0,0,0,0,0,0.764705882,0.215686275,0,0.019607843,0.230769231,0.676923077,0,0.092307692,0,1,0,0,0,0.943396226,0.056603774
982,1,0,0,0,0,0,0,0,0,0,0.78,0.22,0,0,0.230769231,0.676923077,0,0.092307692,0,1,0.018518519,0,0,0.925925926,0.055555556
983,1,0,0,0,0,0,0,0,0,0,0.764705882,0.215686275,0,0.019607843,0.230769231,0.676923077,0,0.092307692,0,1,0,0,0,0.943396226,0.056603774
984,1,0,0,0,0,0,0,0,0,0,0.78,0.22,0,0,0.230769231,0.676923077,0,0.092307692,0,1,0.018518519,0,0,0.925925926,0.055555556
985,1,0,0,0,0,0,0,0,0,0,0.78,0.22,0,0,0.230769231,0.676923077,0,0.092307692,0,1,0.018518519,0,0,0.925925926,0.055555556
986,1,0,0,0,0,0,0,0,0,0,0.764705882,0.215686275,0,0.019607843,0.230769231,0.676923077,0,0.092307692,0,1,0,0,0,0.943396226,0.056603774
987,1,0,0,0,0,0,0,0,0,0,0.78,0.22,0,0,0.230769231,0.676923077,0,0.092307692,0,1,0.018518519,0,0,0.925925926,0.055555556
988,1,0,0,0,0,0,0,0,0,0,0.764705882,0.215686275,0,0.019607843,0.230769231,0.676923077,0,0.092307692,0,1,0,0,0,0.943396226,0.056603774
989,1,0,0,0,0,0,0,0,0,0,0.78,0.22,0,0,0.230769231,0.676923077,0,0.092307692,0,1,0.018518519,0,0,0.925925926,0.055555556
990,1,0,0,0,0,0,0,0,0,0,0.78,0.22,0,0,0.230769231,0.676923077,0,0.092307692,0,1,0.018518519,0,0,0.925925926,0.055555556
991,1,0,0,0,0,0,0,0,0,0,0.764705882,0.215686275,0,0.019607843,0.230769231,0.676923077,0,0.092307692,0,1,0,0,0,0.943396226,0.056603774
992,1,0,0,0,0,0,0,0,0,0,0.78,0.22,0,0,0.230769231,0.676923077,0,0.092307692,0,1,0.018518519,0,0,0.925925926,0.055555556
993,1,0,0,0,0,0,0,0,0,0,0.78,0.22,0,0,0.230769231,0.676923077,0,0.092307692,0,1,0.018518519,0,0,0.925925926,0.055555556
994,1,0,0,0,0,0,0,0,0,0,0.764705882,0.215686275,0,0.019607843,0.230769231,0.676923077,0,0.092307692,0,1,0,0,0,0.943396226,0.056603774
995,1,0,0,0,1,0,0,0,0,0,0.78,0.22,0,0,0.21875,0.6875,0,0.09375,0,1,0,0.037735849,0,0.905660377,0.056603774
996,1,0,0,0,0,0,0,0,0,0,0.764705882,0.215686275,0,0.019607843,0.230769231,0.676923077,0,0.092307692,0,1,0,0,0,0.943396226,0.056603774
997,1,0,0,0,0,0,0,0,0,0,0.78,0.22,0,0,0.230769231,0.676923077,0,0.092307692,0,1,0.018518519,0,0,0.925925926,0.055555556
998,1,0,0,0,0,0,0,0,0,0,0.78,0.22,0,0,0.230769231,0.676923077,0,0.092307692,0,1,0.018518519,0,0,0.925925926,0.055555556
999,1,0,0,0,0,0,0,0,0,0,0.764705882,0.215686275,0,0.019607843,0.230769231,0.676923077,0,0.092307692,0,1,0,0,0,0.943396226,0.056603774
1000,1,0,0,0,0,0,0,0,0,0,0.78,0.22,0,0,0.230769231,0.676923077,0,0.092307692,0,1,0.018518519,0,0,0.925925926,0.055555556
1001,1,0,0,0,0,0,0,0,0,0,0.764705882,0.215686275,0,0.019607843,0.230769231,0.676923077,0,0.092307692,0,1,0,0,0,0.943396226,0.056603774
1002,1,0,0,0,0,0,0,0,0,0,0.764705882,0.215686275,0,0.019607843,0.230769231,0.676923077,0,0.092307692,0,1,0,0,0,0.943396226,0.056603774
1003,1,0,0,0,0,0,0,0,0,0,0.78,0.22,0,0,0.230769231,0.676923077,0,0.092307692,0,1,0.018518519,0,0,0.925925926,0.055555556
1004,1,0,0,0,0,0,0,0,0,0,0.78,0.22,0,0,0.230769231,0.676923077,0,0.092307692,0,1,0.018518519,0,0,0.925925926,0.055555556
1005,1,0,0,0,0,0,0,0,0,0,0.78,0.22,0,0,0.230769231,0.676923077,0,0.092307692,0,1,0.018518519,0,0,0.925925926,0.055555556
1006,1,0,0,0,0,0,0,0,0,0,0.764705882,0.215686275,0,0.019607843,0.230769231,0.676923077,0,0.092307692,0,1,0,0,0,0.943396226,0.056603774
1007,1,0,0,0,0,0,0,0,0,0,0.764705882,0.215686275,0,0.019607843,0.230769231,0.676923077,0,0.092307692,0,1,0,0,0,0.943396226,0.056603774
1008,1,0,0,0,0,0,0,0,0,0,0.78,0.22,0,0,0.230769231,0.676923077,0,0.092307692,0,1,0.018518519,0,0,0.925925926,0.055555556
1009,1,0,0,0,0,0,0,0,0,0,0.764705882,0.215686275,0,0.019607843,0.230769231,0.676923077,0,0.092307692,0,1,0,0,0,0.943396226,0.056603774
1010,1,0,0,0,0,0,0,0,0,0,0.764705882,0.215686275,0,0.019607843,0.230769231,0.676923077,0,0.092307692,0,1,0,0,0,0.943396226,0.056603774
1011,1,0,0,0,0,0,0,0,0,0,0.764705882,0.215686275,0,0.019607843,0.230769231,0.676923077,0,0.092307692,0,1,0,0,0,0.943396226,0.056603774
1012,1,0,0,0,0,0,0,0,0,0,0.764705882,0.215686275,0,0.019607843,0.230769231,0.676923077,0,0.092307692,0,1,0,0,0,0.943396226,0.056603774
1013,1,0,0,0,0,0,0,0,0,0,0.78,0.22,0,0,0.230769231,0.676923077,0,0.092307692,0,1,0.018518519,0,0,0.925925926,0.055555556
1014,1,0,0,0,0,0,0,0,0,0,0.764705882,0.215686275,0,0.019607843,0.230769231,0.676923077,0,0.092307692,0,1,0,0,0,0.943396226,0.056603774
1015,1,0,0,0,0,0,0,0,0,0,0.764705882,0.215686275,0,0.019607843,0.230769231,0.676923077,0,0.092307692,0,1,0,0,0,0.943396226,0.056603774
1016,1,0,0,0,0,0,0,0,0,0,0.78,0.22,0,0,0.230769231,0.676923077,0,0.092307692,0,1,0.018518519,0,0,0.925925926,0.055555556
1017,1,0,0,0,0,0,0,0,0,0,0.764705882,0.215686275,0,0.019607843,0.230769231,0.676923077,0,0.092307692,0,1,0,0,0,0.943396226,0.056603774
1018,1,0,0,0,0,0,0,0,0,0,0.764705882,0.215686275,0,0.019607843,0.230769231,0.676923077,0,0.092307692,0,1,0,0,0,0.943396226,0.056603774
1019,1,0,0,0,0,0.709090909,0.2,0.072727273,0.018181818,0,0,0,0,0,0,0,0,0,1,1,0.1875,0.6875,0.09375,0,0.03125
1020,1,0,0,0,0,0,0,0,0,0,0.78,0.22,0,0,0.230769231,0.676923077,0,0.092307692,0,1,0.018518519,0,0,0.925925926,0.055555556
1021,1,0,0,0,0,0,0,0,0,0,0.78,0.22,0,0,0.230769231,0.676923077,0,0.092307692,0,1,0.018518519,0,0,0.925925926,0.055555556
1022,1,0,0,0,0,0,0,0,0,0,0.78,0.22,0,0,0.230769231,0.676923077,0,0.092307692,0,1,0.018518519,0,0,0.925925926,0.055555556
1023,1,0,0,0,0,0,0,0,0,0,0.78,0.22,0,0,0.230769231,0.676923077,0,0.092307692,0,1,0.018518519,0,0,0.925925926,0.055555556
1024,1,0,0,0,1,0,0,0,0,0,0.78,0.22,0,0,0.230769231,0.676923077,0,0.092307692,0,1,0,0.018867925,0,0.924528302,0.056603774
1025,1,0,0,0,0,0,0,0,0,0,0.764705882,0.215686275,0,0.019607843,0.230769231,0.676923077,0,0.092307692,0,1,0,0,0,0.943396226,0.056603774
1026,1,0,0,0,0,0,0,0,0,0,0.78,0.22,0,0,0.230769231,0.676923077,0,0.092307692,0,1,0.018518519,0,0,0.925925926,0.055555556
1027,1,0,0,0,0,0,0,0,0,0,0.764705882,0.215686275,0,0.019607843,0.230769231,0.676923077,0,0.092307692,0,1,0,0,0,0.943396226,0.056603774
1028,1,0,0,0,0,0,0,0,0,0,0.764705882,0.215686275,0,0.019607843,0.230769231,0.676923077,0,0.092307692,0,1,0,0,0,0.943396226,0.056603774
1029,1,0,0,0,0,0,0,0,0,0,0.78,0.22,0,0,0.230769231,0.676923077,0,0.092307692,0,1,0.018518519,0,0,0.925925926,0.055555556
1030,1,0,0,0,0,0,0,0,0,0,0.764705882,0.215686275,0,0.019607843,0.230769231,0.676923077,0,0.092307692,0,1,0,0,0,0.943396226,0.056603774
1031,1,0,0,0,0,0,0,0,0,0,0.78,0.22,0,0,0.230769231,0.676923077,0,0.092307692,0,1,0.018518519,0,0,0.925925926,0.055555556
1032,1,0,0,0,0,0,0,0,0,0,0.78,0.22,0,0,0.230769231,0.676923077,0,0.092307692,0,1,0.018518519,0,0,0.925925926,0.055555556
1033,1,0,0,0,0,0,0,0,0,0,0.78,0.22,0,0,0.230769231,0.676923077,0,0.092307692,0,1,0.018518519,0,0,0.925925926,0.055555556
1034,1,0,0,0,0,0,0,0,0,0,0.764705882,0.215686275,0,0.019607843,0.230769231,0.676923077,0,0.092307692,0,1,0,0,0,0.943396226,0.056603774
1035,1,0,0,0,0,0,0,0,0,0,0.764705882,0.215686275,0,0.019607843,0.230769231,0.676923077,0,0.092307692,0,1,0,0,0,0.943396226,0.056603774
1036,1,0,0,0,0,0,0,0,0,0,0.764705882,0.215686275,0,0.019607843,0.230769231,0.676923077,0,0.092307692,0,1,0,0,0,0.943396226,0.056603774
1037,1,0,0,0,0,0,0,0,0,0,0.78,0.22,0,0,0.230769231,0.676923077,0,0.092307692,0,1,0.018518519,0,0,0.925925926,0.055555556
1038,1,0,0,0,0,0,0,0,0,0,0.764705882,0.215686275,0,0.019607843,0.230769231,0.676923077,0,0.092307692,0,1,0,0,0,0.943396226,0.056603774
1039,1,0,0,0,0,0,0,0,0,0,0.78,0.22,0,0,0.230769231,0.676923077,0,0.092307692,0,1,0.018518519,0,0,0.925925926,0.055555556
1040,1,0,0,0,0,0,0,0,0,0,0.764705882,0.215686275,0,0.019607843,0.230769231,0.676923077,0,0.092307692,0,1,0,0,0,0.943396226,0.056603774
1041,1,0,0,0,0,0,0,0,0,0,0.78,0.22,0,0,0.230769231,0.676923077,0,0.092307692,0,1,0.018518519,0,0,0.925925926,0.055555556
1042,1,0,0,0,1,0,0,0,0,0,0.78,0.22,0,0,0.230769231,0.676923077,0,0.092307692,0,1,0,0.018867925,0,0.924528302,0.056603774
1043,1,0,0,0,0,0,0,0,0,0,0.78,0.22,0,0,0.230769231,0.676923077,0,0.092307692,0,1,0.018518519,0,0,0.925925926,0.055555556
1044,1,0,0,0,0,0,0,0,0,0,0.78,0.22,0,0,0.230769231,0.676923077,0,0.092307692,0,1,0.018518519,0,0,0.925925926,0.055555556
1045,1,0,0,0,0,0,0,0,0,0,0.78,0.22,0,0,0.230769231,0.676923077,0,0.092307692,0,1,0.018518519,0,0,0.925925926,0.055555556
1046,1,0,0,0,0,0,0,0,0,0,0.764705882,0.215686275,0,0.019607843,0.230769231,0.676923077,0,0.092307692,0,1,0,0,0,0.943396226,0.056603774
1047,1,0,0,0,1,0,0,0,0,0,0.78,0.22,0,0,0.230769231,0.676923077,0,0.092307692,0,1,0,0.018867925,0,0.924528302,0.056603774
1048,1,0,0,0,0,0,0,0,0,0,0.764705882,0.215686275,0,0.019607843,0.230769231,0.676923077,0,0.092307692,0,1,0,0,0,0.943396226,0.056603774
1049,1,0,0,0,0,0,0,0,0,0,0.78,0.22,0,0,0.230769231,0.676923077,0,0.092307692,0,1,0.018518519,0,0,0.925925926,0.055555556
1050,1,0,0,0,0,0,0,0,0,0,0.764705882,0.215686275,0,0.019607843,0.230769231,0.676923077,0,0.092307692,0,1,0,0,0,0.943396226,0.056603774
1051,1,0,0,0,0,0,0,0,0,0,0.78,0.22,0,0,0.230769231,0.676923077,0,0.092307692,0,1,0.018518519,0,0,0.925925926,0.055555556
1052,1,0,0,0,0,0.735849057,0.20754717,0.037735849,0.018867925,0,0,0,0,0,0.21875,0,0,0,0.78125,1,0,0.846153846,0.115384615,0,0.038461538
1053,1,0,0,0,0,0.75,0.211538462,0.019230769,0.019230769,0,0,0,0,0,0.230769231,0,0,0,0.769230769,1,0,0.846153846,0.115384615,0,0.038461538
1054,1,0,0,0,0,0.709090909,0.2,0.072727273,0.018181818,0,0,0,0,0,0.193548387,0,0,0,0.806451613,1,0,0.846153846,0.115384615,0,0.038461538
1055,1,0,0,0,0,0.709090909,0.2,0.072727273,0.018181818,0,0,0,0,0,0.193548387,0,0,0,0.806451613,1,0,0.846153846,0.115384615,0,0.038461538
1056,1,0,0,0,0,0.684210526,0.192982456,0.105263158,0.01754386,0,0,0,0,0,0.166666667,0,0,0,0.833333333,1,0,0.846153846,0.115384615,0,0.038461538
1057,1,0,0,0,0,0,0,0,0,0,0.764705882,0.215686275,0,0.019607843,0.230769231,0.676923077,0,0.092307692,0,1,0,0,0,0.943396226,0.056603774
1058,1,0,0,0,0,0,0,0,0,0,0.78,0.22,0,0,0.230769231,0.676923077,0,0.092307692,0,1,0.018518519,0,0,0.925925926,0.055555556
1059,1,0,0,0,0,0,0,0,0,0,0.764705882,0.215686275,0,0.019607843,0.230769231,0.676923077,0,0.092307692,0,1,0,0,0,0.943396226,0.056603774
1060,1,0,0,0,0,0,0,0,0,0,0.764705882,0.215686275,0,0.019607843,0.230769231,0.676923077,0,0.092307692,0,1,0,0,0,0.943396226,0.056603774
1061,1,0,0,0,0,0,0,0,0,0,0.764705882,0.215686275,0,0.019607843,0.230769231,0.676923077,0,0.092307692,0,1,0,0,0,0.943396226,0.056603774
1062,1,0,0,0,0,0,0,0,0,0,0.78,0.22,0,0,0.230769231,0.676923077,0,0.092307692,0,1,0.018518519,0,0,0.925925926,0.055555556
1063,1,0,0,0,0,0,0,0,0,0,0.764705882,0.215686275,0,0.019607843,0.230769231,0.676923077,0,0.092307692,0,1,0,0,0,0.943396226,0.056603774
1064,1,0,0,0,0,0,0,0,0,0,0.78,0.22,0,0,0.21875,0.6875,0,0.09375,0,1,0.036363636,0,0,0.909090909,0.054545455
1065,1,0,0,0,0,0,0,0,0,0,0.78,0.22,0,0,0.21875,0.6875,0,0.09375,0,1,0.036363636,0,0,0.909090909,0.054545455
1066,1,0,0,0,0,0,0,0,0,0,0.78,0.22,0,0,0.230769231,0.676923077,0,0.092307692,0,1,0.018518519,0,0,0.925925926,0.055555556
1067,1,0,0,0,0,0,0,0,0,0,0.78,0.22,0,0,0.230769231,0.676923077,0,0.092307692,0,1,0.018518519,0,0,0.925925926,0.055555556
1068,1,0,0,0,0,0,0,0,0,0,0.78,0.22,0,0,0.230769231,0.676923077,0,0.092307692,0,1,0.018518519,0,0,0.925925926,0.055555556
1069,1,0,0,0,0,0,0,0,0,0,0.764705882,0.215686275,0,0.019607843,0.230769231,0.676923077,0,0.092307692,0,1,0,0,0,0.943396226,0.056603774
1070,1,0,0,0,0,0,0,0,0,0,0.764705882,0.215686275,0,0.019607843,0.230769231,0.676923077,0,0.092307692,0,1,0,0,0,0.943396226,0.056603774
1071,1,0,0,0,0,0,0,0,0,0,0.78,0.22,0,0,0.230769231,0.676923077,0,0.092307692,0,1,0.018518519,0,0,0.925925926,0.055555556
1072,1,0,0,0,0,0,0,0,0,0,0.764705882,0.215686275,0,0.019607843,0.230769231,0.676923077,0,0.092307692,0,1,0,0,0,0.943396226,0.056603774
1073,1,0,0,0,0,0,0,0,0,0,0.764705882,0.215686275,0,0.019607843,0.230769231,0.676923077,0,0.092307692,0,1,0,0,0,0.943396226,0.056603774
1074,1,0,0,0,0,0,0,0,0,0,0.78,0.22,0,0,0.230769231,0.676923077,0,0.092307692,0,1,0.018518519,0,0,0.925925926,0.055555556
1075,1,0,0,0,0,0,0,0,0,0,0.78,0.22,0,0,0.230769231,0.676923077,0,0.092307692,0,1,0.018518519,0,0,0.925925926,0.055555556
1076,1,0,0,0,0,0,0,0,0,0,0.78,0.22,0,0,0.230769231,0.676923077,0,0.092307692,0,1,0.018518519,0,0,0.925925926,0.055555556
1077,1,0,0,0,0,0,0,0,0,0,0.764705882,0.215686275,0,0.019607843,0.230769231,0.676923077,0,0.092307692,0,1,0,0,0,0.943396226,0.056603774
1078,1,0,0,0,0,0,0,0,0,0,0.764705882,0.215686275,0,0.019607843,0.230769231,0.676923077,0,0.092307692,0,1,0,0,0,0.943396226,0.056603774
1079,1,0,0,0,0,0,0,0,0,0,0.78,0.22,0,0,0.230769231,0.676923077,0,0.092307692,0,1,0.018518519,0,0,0.925925926,0.055555556
1080,1,0,0,0,0,0,0,0,0,0,0.78,0.22,0,0,0.230769231,0.676923077,0,0.092307692,0,1,0.018518519,0,0,0.925925926,0.055555556
1081,1,0,0,0,0,0,0,0,0,0,0.78,0.22,0,0,0.230769231,0.676923077,0,0.092307692,0,1,0.018518519,0,0,0.925925926,0.055555556
1082,1,0,0,0,1,0,0,0,0,0,0.78,0.22,0,0,0.230769231,0.676923077,0,0.092307692,0,1,0,0.018867925,0,0.924528302,0.056603774
1083,1,0,0,0,0,0,0,0,0,0,0.764705882,0.215686275,0,0.019607843,0.230769231,0.676923077,0,0.092307692,0,1,0,0,0,0.943396226,0.056603774
1084,1,0,0,0,0,0,0,0,0,0,0.764705882,0.215686275,0,0.019607843,0.230769231,0.676923077,0,0.092307692,0,1,0,0,0,0.943396226,0.056603774
1085,1,0,0,0,0,0,0,0,0,0,0.764705882,0.215686275,0,0.019607843,0.230769231,0.676923077,0,0.092307692,0,1,0,0,0,0.943396226,0.056603774
1086,1,0,0,0,0,0,0,0,0,0,0.764705882,0.215686275,0,0.019607843,0.230769231,0.676923077,0,0.092307692,0,1,0,0,0,0.943396226,0.056603774
1087,1,0,0,0,0,0,0,0,0,0,0.78,0.22,0,0,0.230769231,0.676923077,0,0.092307692,0,1,0.018518519,0,0,0.925925926,0.055555556
1088,1,0,0,0,0,0,0,0,0,0,0.78,0.22,0,0,0.230769231,0.676923077,0,0.092307692,0,1,0.018518519,0,0,0.925925926,0.055555556
1089,1,0,0,0,0,0,0,0,0,0,0.764705882,0.215686275,0,0.019607843,0.230769231,0.676923077,0,0.092307692,0,1,0,0,0,0.943396226,0.056603774
1090,1,0,0,0,0,0,0,0,0,0,0.78,0.22,0,0,0.230769231,0.676923077,0,0.092307692,0,1,0.018518519,0,0,0.925925926,0.055555556
1091,1,0,0,0,0,0,0,0,0,0,0.78,0.22,0,0,0.230769231,0.676923077,0,0.092307692,0,1,0.018518519,0,0,0.925925926,0.055555556
1092,1,0,0,0,0,0,0,0,0,0,0.78,0.22,0,0,0.230769231,0.676923077,0,0.092307692,0,1,0.018518519,0,0,0.925925926,0.055555556
1093,1,0,0,0,0,0,0,0,0,0,0.764705882,0.215686275,0,0.019607843,0.230769231,0.676923077,0,0.092307692,0,1,0,0,0,0.943396226,0.056603774
1094,1,0,0,0,0,0,0,0,0,0,0.764705882,0.215686275,0,0.019607843,0.230769231,0.676923077,0,0.092307692,0,1,0,0,0,0.943396226,0.056603774
1095,1,0,0,0,0,0,0,0,0,0,0.764705882,0.215686275,0,0.019607843,0.230769231,0.676923077,0,0.092307692,0,1,0,0,0,0.943396226,0.056603774
1096,1,0,0,0,0,0,0,0,0,0,0.78,0.22,0,0,0.230769231,0.676923077,0,0.092307692,0,1,0.018518519,0,0,0.925925926,0.055555556
1097,1,0,0,0,0,0,0,0,0,0,0.764705882,0.215686275,0,0.019607843,0.230769231,0.676923077,0,0.092307692,0,1,0,0,0,0.943396226,0.056603774
1098,1,0,0,0,0,0,0,0,0,0,0.78,0.22,0,0,0.230769231,0.676923077,0,0.092307692,0,1,0.018518519,0,0,0.925925926,0.055555556
1099,1,0,0,0,0,0,0,0,0,0,0.78,0.22,0,0,0.21875,0.6875,0,0.09375,0,1,0.036363636,0,0,0.909090909,0.054545455
1100,1,0,0,0,0,0,0,0,0,0,0.78,0.22,0,0,0.21875,0.6875,0,0.09375,0,1,0.036363636,0,0,0.909090909,0.054545455
1101,1,0,0,0,0,0,0,0,0,0,0.78,0.22,0,0,0.21875,0.6875,0,0.09375,0,1,0.036363636,0,0,0.909090909,0.054545455
1102,1,0,0,0,0,0,0,0,0,0,0.78,0.22,0,0,0.21875,0.6875,0,0.09375,0,1,0.036363636,0,0,0.909090909,0.054545455
1103,1,0,0,0,0,0,0,0,0,0,0.78,0.22,0,0,0.230769231,0.676923077,0,0.092307692,0,1,0.018518519,0,0,0.925925926,0.055555556
1104,1,0,0,0,0,0,0,0,0,0,0.78,0.22,0,0,0.230769231,0.676923077,0,0.092307692,0,1,0.018518519,0,0,0.925925926,0.055555556
1105,1,0,0,0,0,0,0,0,0,0,0.78,0.22,0,0,0.230769231,0.676923077,0,0.092307692,0,1,0.018518519,0,0,0.925925926,0.055555556
1106,1,0,0,0,0,0,0,0,0,0,0.764705882,0.215686275,0,0.019607843,0.230769231,0.676923077,0,0.092307692,0,1,0,0,0,0.943396226,0.056603774
1107,1,0,0,0,0,0,0,0,0,0,0.764705882,0.215686275,0,0.019607843,0.230769231,0.676923077,0,0.092307692,0,1,0,0,0,0.943396226,0.056603774
1108,1,0,0,0,1,0,0,0,0,0,0.78,0.22,0,0,0.230769231,0.676923077,0,0.092307692,0,1,0,0.018867925,0,0.924528302,0.056603774
1109,1,0,0,0,1,0,0,0,0,0,0.78,0.22,0,0,0.230769231,0.676923077,0,0.092307692,0,1,0,0.018867925,0,0.924528302,0.056603774
1110,1,0,0,0,0,0,0,0,0,0,0.78,0.22,0,0,0.230769231,0.676923077,0,0.092307692,0,1,0.018518519,0,0,0.925925926,0.055555556
1111,1,0,0,0,0,0,0,0,0,0,0.764705882,0.215686275,0,0.019607843,0.230769231,0.676923077,0,0.092307692,0,1,0,0,0,0.943396226,0.056603774
1112,1,0,0,0,0,0,0,0,0,0,0.764705882,0.215686275,0,0.019607843,0.230769231,0.676923077,0,0.092307692,0,1,0,0,0,0.943396226,0.056603774
1113,1,0,0,0,0,0,0,0,0,0,0.78,0.22,0,0,0.230769231,0.676923077,0,0.092307692,0,1,0.018518519,0,0,0.925925926,0.055555556
1114,1,0,0,0,0,0,0,0,0,0,0.78,0.22,0,0,0.230769231,0.676923077,0,0.092307692,0,1,0.018518519,0,0,0.925925926,0.055555556
1115,1,0,0,0,0,0,0,0,0,0,0.78,0.22,0,0,0.230769231,0.676923077,0,0.092307692,0,1,0.018518519,0,0,0.925925926,0.055555556
1116,1,0,0,0,0,0,0,0,0,0,0.78,0.22,0,0,0.230769231,0.676923077,0,0.092307692,0,1,0.018518519,0,0,0.925925926,0.055555556
1117,1,0,0,0,0,0,0,0,0,0,0.78,0.22,0,0,0.230769231,0.676923077,0,0.092307692,0,1,0.018518519,0,0,0.925925926,0.055555556
1118,1,0,0,0,1,0,0,0,0,0,0.78,0.22,0,0,0.230769231,0.676923077,0,0.092307692,0,1,0,0.018867925,0,0.924528302,0.056603774
1119,1,0,0,0,1,0,0,0,0,0,0.78,0.22,0,0,0.230769231,0.676923077,0,0.092307692,0,1,0,0.018867925,0,0.924528302,0.056603774
1120,1,0,0,0,0,0,0,0,0,0,0.78,0.22,0,0,0.230769231,0.676923077,0,0.092307692,0,1,0.018518519,0,0,0.925925926,0.055555556
1121,1,0,0,0,0,0,0,0,0,0,0.764705882,0.215686275,0,0.019607843,0.230769231,0.676923077,0,0.092307692,0,1,0,0,0,0.943396226,0.056603774
1122,1,0,0,0,0,0,0,0,0,0,0.764705882,0.215686275,0,0.019607843,0.230769231,0.676923077,0,0.092307692,0,1,0,0,0,0.943396226,0.056603774
1123,1,0,0,0,0,0,0,0,0,0,0.78,0.22,0,0,0.230769231,0.676923077,0,0.092307692,0,1,0.018518519,0,0,0.925925926,0.055555556
1124,1,0,0,0,0,0,0,0,0,0,0.764705882,0.215686275,0,0.019607843,0.230769231,0.676923077,0,0.092307692,0,1,0,0,0,0.943396226,0.056603774
1125,1,0,0,0,0,0,0,0,0,0,0.764705882,0.215686275,0,0.019607843,0.230769231,0.676923077,0,0.092307692,0,1,0,0,0,0.943396226,0.056603774
1126,1,0,0,0,0,0,0,0,0,0,0.764705882,0.215686275,0,0.019607843,0.230769231,0.676923077,0,0.092307692,0,1,0,0,0,0.943396226,0.056603774
1127,1,0,0,0,0,0,0,0,0,0,0.764705882,0.215686275,0,0.019607843,0.230769231,0.676923077,0,0.092307692,0,1,0,0,0,0.943396226,0.056603774
1128,1,0,0,0,0,0,0,0,0,0,0.764705882,0.215686275,0,0.019607843,0.230769231,0.676923077,0,0.092307692,0,1,0,0,0,0.943396226,0.056603774
1129,1,0,0,0,0,0,0,0,0,0,0.78,0.22,0,0,0.230769231,0.676923077,0,0.092307692,0,1,0.018518519,0,0,0.925925926,0.055555556
1130,1,0,0,0,0,0,0,0,0,0,0.78,0.22,0,0,0.230769231,0.676923077,0,0.092307692,0,1,0.018518519,0,0,0.925925926,0.055555556
1131,1,0,0,0,0,0,0,0,0,0,0.764705882,0.215686275,0,0.019607843,0.230769231,0.676923077,0,0.092307692,0,1,0,0,0,0.943396226,0.056603774
1132,1,0,0,0,0,0,0,0,0,0,0.78,0.22,0,0,0.230769231,0.676923077,0,0.092307692,0,1,0.018518519,0,0,0.925925926,0.055555556
1133,1,0,0,0,0,0,0,0,0,0,0.764705882,0.215686275,0,0.019607843,0.230769231,0.676923077,0,0.092307692,0,1,0,0,0,0.943396226,0.056603774
1134,1,0,0,0,1,0,0,0,0,0,0.78,0.22,0,0,0.230769231,0.676923077,0,0.092307692,0,1,0,0.018867925,0,0.924528302,0.056603774
1135,1,0,0,0,0,0,0,0,0,0,0.78,0.22,0,0,0.230769231,0.676923077,0,0.092307692,0,1,0.018518519,0,0,0.925925926,0.055555556
1136,1,0,0,0,0,0,0,0,0,0,0.764705882,0.215686275,0,0.019607843,0.230769231,0.676923077,0,0.092307692,0,1,0,0,0,0.943396226,0.056603774
1137,1,0,0,0,0,0,0,0,0,0,0.764705882,0.215686275,0,0.019607843,0.230769231,0.676923077,0,0.092307692,0,1,0,0,0,0.943396226,0.056603774
1138,1,0,0,0,0,0,0,0,0,0,0.78,0.22,0,0,0.230769231,0.676923077,0,0.092307692,0,1,0.018518519,0,0,0.925925926,0.055555556
1139,1,0,0,0,0,0,0,0,0,0,0.764705882,0.215686275,0,0.019607843,0.230769231,0.676923077,0,0.092307692,0,1,0,0,0,0.943396226,0.056603774
1140,1,0,0,0,0,0,0,0,0,0,0.78,0.22,0,0,0.230769231,0.676923077,0,0.092307692,0,1,0.018518519,0,0,0.925925926,0.055555556
1141,1,0,0,0,0,0,0,0,0,0,0.78,0.22,0,0,0.230769231,0.676923077,0,0.092307692,0,1,0.018518519,0,0,0.925925926,0.055555556
1142,1,0,0,0,0,0,0,0,0,0,0.764705882,0.215686275,0,0.019607843,0.230769231,0.676923077,0,0.092307692,0,1,0,0,0,0.943396226,0.056603774
1143,1,0,0,0,0,0,0,0,0,0,0.78,0.22,0,0,0.230769231,0.676923077,0,0.092307692,0,1,0.018518519,0,0,0.925925926,0.055555556
1144,1,0,0,0,0,0,0,0,0,0,0.764705882,0.215686275,0,0.019607843,0.230769231,0.676923077,0,0.092307692,0,1,0,0,0,0.943396226,0.056603774
1145,1,0,0,0,0,0,0,0,0,0,0.78,0.22,0,0,0.230769231,0.676923077,0,0.092307692,0,1,0.018518519,0,0,0.925925926,0.055555556
1146,1,0,0,0,0,0,0,0,0,0,0.78,0.22,0,0,0.230769231,0.676923077,0,0.092307692,0,1,0.018518519,0,0,0.925925926,0.055555556
1147,1,0,0,0,0,0,0,0,0,0,0.764705882,0.215686275,0,0.019607843,0.230769231,0.676923077,0,0.092307692,0,1,0,0,0,0.943396226,0.056603774
1148,1,0,0,0,0,0.722222222,0.203703704,0.055555556,0.018518519,1,0,0,0,0,0,0.26,0,0.04,0.7,1,0,0.88,0.12,0,0
1149,1,0,0,0,0,0.709090909,0.2,0.072727273,0.018181818,1,0,0,0,0,0,0.24,0,0.04,0.72,1,0,0.88,0.12,0,0
1150,1,0,0,0,0,0.696428571,0.196428571,0.089285714,0.017857143,1,0,0,0,0,0,0.22,0,0.04,0.74,1,0,0.88,0.12,0,0
1151,1,0,0,0,0,0.619047619,0.174603175,0.19047619,0.015873016,1,0,0,0,0,0,0.08,0,0,0.92,1,0,0.846153846,0.115384615,0,0.038461538
1152,1,0,0,0,0,0.609375,0.171875,0.203125,0.015625,1,0,0,0,0,0,0.06,0,0,0.94,1,0,0.846153846,0.115384615,0,0.038461538
1153,1,0,0,0,0,0,0,0,0,0,0.78,0.22,0,0,0.230769231,0.676923077,0,0.092307692,0,1,0.018518519,0,0,0.925925926,0.055555556
1154,1,0,0,0,1,0,0,0,0,0,0.78,0.22,0,0,0.230769231,0.676923077,0,0.092307692,0,1,0,0.018867925,0,0.924528302,0.056603774
1155,1,0,0,0,1,0,0,0,0,0,0.78,0.22,0,0,0.230769231,0.676923077,0,0.092307692,0,1,0,0.018867925,0,0.924528302,0.056603774
1156,1,0,0,0,0,0,0,0,0,0,0.78,0.22,0,0,0.230769231,0.676923077,0,0.092307692,0,1,0.018518519,0,0,0.925925926,0.055555556
1157,1,0,0,0,0,0,0,0,0,0,0.764705882,0.215686275,0,0.019607843,0.230769231,0.676923077,0,0.092307692,0,1,0,0,0,0.943396226,0.056603774
1158,1,0,0,0,0,0,0,0,0,0,0.78,0.22,0,0,0.230769231,0.676923077,0,0.092307692,0,1,0.018518519,0,0,0.925925926,0.055555556
1159,1,0,0,0,0,0.661016949,0.186440678,0.13559322,0.016949153,1,0,0,0,0,0,0.16,0,0.04,0.8,1,0,0.88,0.12,0,0
1160,1,0,0,0,0,0.709090909,0.2,0.072727273,0.018181818,1,0,0,0,0,0,0.24,0,0.04,0.72,1,0,0.88,0.12,0,0
1161,1,0,0,0,0,0.609375,0.171875,0.203125,0.015625,1,0,0,0,0,0.056603774,0,0,0.037735849,0.905660377,1,0,0.88,0.12,0,0
1162,1,0,0,0,0,0.6,0.169230769,0.215384615,0.015384615,1,0,0,0,0,0.038461538,0,0,0.038461538,0.923076923,1,0,0.88,0.12,0,0
1163,1,0,0,0,0,0.661016949,0.186440678,0.13559322,0.016949153,1,0,0,0,0,0.137931034,0,0,0.034482759,0.827586207,1,0,0.88,0.12,0,0
1164,1,0,0,0,0,0,0,0,0,0,0.764705882,0.215686275,0,0.019607843,0.230769231,0.676923077,0,0.092307692,0,1,0,0,0,0.943396226,0.056603774
1165,1,0,0,0,0,0,0,0,0,0,0.78,0.22,0,0,0.230769231,0.676923077,0,0.092307692,0,1,0.018518519,0,0,0.925925926,0.055555556
1166,1,0,0,0,0,0,0,0,0,0,0.78,0.22,0,0,0.230769231,0.676923077,0,0.092307692,0,1,0.018518519,0,0,0.925925926,0.055555556
1167,1,0,0,0,0,0,0,0,0,0,0.78,0.22,0,0,0.230769231,0.676923077,0,0.092307692,0,1,0.018518519,0,0,0.925925926,0.055555556
1168,1,0,0,0,0,0,0,0,0,0,0.764705882,0.215686275,0,0.019607843,0.230769231,0.676923077,0,0.092307692,0,1,0,0,0,0.943396226,0.056603774
1169,1,0,0,0,0,0,0,0,0,0,0.764705882,0.215686275,0,0.019607843,0.230769231,0.676923077,0,0.092307692,0,1,0,0,0,0.943396226,0.056603774
1170,1,0,0,0,0,0,0,0,0,0,0.764705882,0.215686275,0,0.019607843,0.230769231,0.676923077,0,0.092307692,0,1,0,0,0,0.943396226,0.056603774
1171,1,0,0,0,0,0,0,0,0,0,0.78,0.22,0,0,0.230769231,0.676923077,0,0.092307692,0,1,0.018518519,0,0,0.925925926,0.055555556
1172,1,0,0,0,0,0,0,0,0,0,0.78,0.22,0,0,0.230769231,0.676923077,0,0.092307692,0,1,0.018518519,0,0,0.925925926,0.055555556
1173,1,0,0,0,0,0,0,0,0,0,0.78,0.22,0,0,0.230769231,0.676923077,0,0.092307692,0,1,0.018518519,0,0,0.925925926,0.055555556
1174,1,0,0,0,1,0,0,0,0,0,0.78,0.22,0,0,0.230769231,0.676923077,0,0.092307692,0,1,0,0.018867925,0,0.924528302,0.056603774
1175,1,0,0,0,0,0,0,0,0,0,0.764705882,0.215686275,0,0.019607843,0.230769231,0.676923077,0,0.092307692,0,1,0,0,0,0.943396226,0.056603774
1176,1,0,0,0,0,0,0,0,0,0,0.78,0.22,0,0,0.230769231,0.676923077,0,0.092307692,0,1,0.018518519,0,0,0.925925926,0.055555556
1177,1,0,0,0,0,0,0,0,0,0,0.764705882,0.215686275,0,0.019607843,0.230769231,0.676923077,0,0.092307692,0,1,0,0,0,0.943396226,0.056603774
1178,1,0,0,0,0,0,0,0,0,0,0.764705882,0.215686275,0,0.019607843,0.230769231,0.676923077,0,0.092307692,0,1,0,0,0,0.943396226,0.056603774
1179,1,0,0,0,0,0,0,0,0,0,0.78,0.22,0,0,0.230769231,0.676923077,0,0.092307692,0,1,0.018518519,0,0,0.925925926,0.055555556
1180,1,0,0,0,0,0,0,0,0,0,0.78,0.22,0,0,0.230769231,0.676923077,0,0.092307692,0,1,0.018518519,0,0,0.925925926,0.055555556
1181,1,0,0,0,0,0,0,0,0,0,0.78,0.22,0,0,0.230769231,0.676923077,0,0.092307692,0,1,0.018518519,0,0,0.925925926,0.055555556
1182,1,0,0,0,0,0,0,0,0,0,0.764705882,0.215686275,0,0.019607843,0.230769231,0.676923077,0,0.092307692,0,1,0,0,0,0.943396226,0.056603774
1183,1,0,0,0,0,0,0,0,0,0,0.78,0.22,0,0,0.230769231,0.676923077,0,0.092307692,0,1,0.018518519,0,0,0.925925926,0.055555556
1184,1,0,0,0,0,0,0,0,0,0,0.764705882,0.215686275,0,0.019607843,0.230769231,0.676923077,0,0.092307692,0,1,0,0,0,0.943396226,0.056603774
1185,1,0,0,0,0,0,0,0,0,0,0.78,0.22,0,0,0.230769231,0.676923077,0,0.092307692,0,1,0.018518519,0,0,0.925925926,0.055555556
1186,1,0,0,0,1,0,0,0,0,0,0.78,0.22,0,0,0.21875,0.6875,0,0.09375,0,1,0,0.037735849,0,0.905660377,0.056603774
1187,1,0,0,0,0,0,0,0,0,0,0.764705882,0.215686275,0,0.019607843,0.230769231,0.676923077,0,0.092307692,0,1,0,0,0,0.943396226,0.056603774
1188,1,0,0,0,0,0,0,0,0,0,0.764705882,0.215686275,0,0.019607843,0.230769231,0.676923077,0,0.092307692,0,1,0,0,0,0.943396226,0.056603774
1189,1,0,0,0,0,0,0,0,0,0,0.78,0.22,0,0,0.230769231,0.676923077,0,0.092307692,0,1,0.018518519,0,0,0.925925926,0.055555556
1190,1,0,0,0,0,0,0,0,0,0,0.78,0.22,0,0,0.230769231,0.676923077,0,0.092307692,0,1,0.018518519,0,0,0.925925926,0.055555556
1191,1,0,0,0,0,0,0,0,0,0,0.764705882,0.215686275,0,0.019607843,0.230769231,0.676923077,0,0.092307692,0,1,0,0,0,0.943396226,0.056603774
1192,1,0,0,0,1,0,0,0,0,0,0.78,0.22,0,0,0.230769231,0.676923077,0,0.092307692,0,1,0,0.018867925,0,0.924528302,0.056603774
1193,1,0,0,0,1,0,0,0,0,0,0.78,0.22,0,0,0.21875,0.6875,0,0.09375,0,1,0,0.037735849,0,0.905660377,0.056603774
1194,1,0,0,0,1,0,0,0,0,0,0.78,0.22,0,0,0.21875,0.6875,0,0.09375,0,1,0,0.037735849,0,0.905660377,0.056603774
1195,1,0,0,0,1,0,0,0,0,0,0.78,0.22,0,0,0.230769231,0.676923077,0,0.092307692,0,1,0,0.018867925,0,0.924528302,0.056603774
1196,1,0,0,0,0,0,0,0,0,0,0.764705882,0.215686275,0,0.019607843,0.230769231,0.676923077,0,0.092307692,0,1,0,0,0,0.943396226,0.056603774
1197,1,0,0,0,0,0,0,0,0,0,0.764705882,0.215686275,0,0.019607843,0.230769231,0.676923077,0,0.092307692,0,1,0,0,0,0.943396226,0.056603774
1198,1,0,0,0,0,0,0,0,0,0,0.78,0.22,0,0,0.230769231,0.676923077,0,0.092307692,0,1,0.018518519,0,0,0.925925926,0.055555556
1199,1,0,0,0,0,0,0,0,0,0,0.764705882,0.215686275,0,0.019607843,0.230769231,0.676923077,0,0.092307692,0,1,0,0,0,0.943396226,0.056603774
1200,1,0,0,0,0,0,0,0,0,0,0.764705882,0.215686275,0,0.019607843,0.230769231,0.676923077,0,0.092307692,0,1,0,0,0,0.943396226,0.056603774
1201,1,0,0,0,0,0,0,0,0,0,0.764705882,0.215686275,0,0.019607843,0.230769231,0.676923077,0,0.092307692,0,1,0,0,0,0.943396226,0.056603774
1202,1,0,0,0,0,0,0,0,0,0,0.764705882,0.215686275,0,0.019607843,0.230769231,0.676923077,0,0.092307692,0,1,0,0,0,0.943396226,0.056603774
1203,1,0,0,0,1,0,0,0,0,0,0.78,0.22,0,0,0.21875,0.6875,0,0.09375,0,1,0,0.037735849,0,0.905660377,0.056603774
1204,1,0,0,0,1,0,0,0,0,0,0.78,0.22,0,0,0.230769231,0.676923077,0,0.092307692,0,1,0,0.018867925,0,0.924528302,0.056603774
1205,1,0,0,0,0,0,0,0,0,0,0.78,0.22,0,0,0.230769231,0.676923077,0,0.092307692,0,1,0.018518519,0,0,0.925925926,0.055555556
1206,1,0,0,0,0,0,0,0,0,0,0.78,0.22,0,0,0.230769231,0.676923077,0,0.092307692,0,1,0.018518519,0,0,0.925925926,0.055555556
1207,1,0,0,0,0,0,0,0,0,0,0.78,0.22,0,0,0.230769231,0.676923077,0,0.092307692,0,1,0.018518519,0,0,0.925925926,0.055555556
1208,1,0,0,0,1,0,0,0,0,0,0.78,0.22,0,0,0.230769231,0.676923077,0,0.092307692,0,1,0,0.018867925,0,0.924528302,0.056603774
1209,1,0,0,0,0,0.722222222,0.203703704,0.055555556,0.018518519,1,0,0,0,0,0,0.26,0,0.04,0.7,1,0,0.88,0.12,0,0
1210,1,0,0,0,0,0.722222222,0.203703704,0.055555556,0.018518519,1,0,0,0,0,0,0.26,0,0.04,0.7,1,0,0.88,0.12,0,0
1211,1,0,0,0,0,0,0,0,0,0,0.78,0.22,0,0,0.230769231,0.676923077,0,0.092307692,0,1,0.018518519,0,0,0.925925926,0.055555556
1212,1,0,0,0,0,0,0,0,0,0,0.764705882,0.215686275,0,0.019607843,0.230769231,0.676923077,0,0.092307692,0,1,0,0,0,0.943396226,0.056603774
1213,1,0,0,0,0,0,0,0,0,0,0.764705882,0.215686275,0,0.019607843,0.230769231,0.676923077,0,0.092307692,0,1,0,0,0,0.943396226,0.056603774
1214,1,0,0,0,1,0,0,0,0,0,0.78,0.22,0,0,0.230769231,0.676923077,0,0.092307692,0,1,0,0.018867925,0,0.924528302,0.056603774
1215,1,0,0,0,0,0,0,0,0,0,0.78,0.22,0,0,0.230769231,0.676923077,0,0.092307692,0,1,0.018518519,0,0,0.925925926,0.055555556
1216,1,0,0,0,0,0,0,0,0,0,0.78,0.22,0,0,0.230769231,0.676923077,0,0.092307692,0,1,0.018518519,0,0,0.925925926,0.055555556
1217,1,0,0,0,0,0,0,0,0,0,0.735849057,0.20754717,0.037735849,0.018867925,0.21875,0.6875,0,0.09375,0,1,0,0,0,0.961538462,0.038461538
1218,1,0,0,0,0,0,0,0,0,0,0.722222222,0.203703704,0.055555556,0.018518519,0.206349206,0.698412698,0,0.095238095,0,1,0,0,0,0.961538462,0.038461538
1219,1,0,0,0,1,0,0,0,0,0,0.735849057,0.20754717,0.056603774,0,0.206349206,0.698412698,0,0.095238095,0,1,0,0.019230769,0,0.942307692,0.038461538
1220,1,0,0,0,1,0,0,0,0,0,0.764705882,0.215686275,0.019607843,0,0.21875,0.6875,0,0.09375,0,1,0,0.018867925,0,0.924528302,0.056603774
1221,1,0,0,0,0,0.722222222,0.203703704,0.055555556,0.018518519,1,0,0,0,0,0,0.26,0,0,0.74,1,0,0.846153846,0.115384615,0,0.038461538
1222,1,0,0,0,0,0.696428571,0.196428571,0.089285714,0.017857143,1,0,0,0,0,0,0.22,0,0,0.78,1,0,0.846153846,0.115384615,0,0.038461538
1223,1,0,0,0,0,0,0,0,0,0,0.78,0.22,0,0,0.230769231,0.676923077,0,0.092307692,0,1,0.018518519,0,0,0.925925926,0.055555556
1224,1,0,0,0,0,0,0,0,0,0,0.78,0.22,0,0,0.230769231,0.676923077,0,0.092307692,0,1,0.018518519,0,0,0.925925926,0.055555556
1225,1,0,0,0,0,0,0,0,0,0,0.78,0.22,0,0,0.230769231,0.676923077,0,0.092307692,0,1,0.018518519,0,0,0.925925926,0.055555556
1226,1,0,0,0,0,0,0,0,0,0,0.75,0.211538462,0.019230769,0.019230769,0.21875,0.6875,0,0.09375,0,1,0,0,0,0.943396226,0.056603774
1227,1,0,0,0,0,0,0,0,0,0,0.764705882,0.215686275,0,0.019607843,0.230769231,0.676923077,0,0.092307692,0,1,0,0,0,0.943396226,0.056603774
1228,1,0,0,0,0,0,0,0,0,0,0.78,0.22,0,0,0.230769231,0.676923077,0,0.092307692,0,1,0.018518519,0,0,0.925925926,0.055555556
1229,1,0,0,0,0,0,0,0,0,0,0.78,0.22,0,0,0.230769231,0.676923077,0,0.092307692,0,1,0.018518519,0,0,0.925925926,0.055555556
1230,1,0,0,0,0,0,0,0,0,0,0.78,0.22,0,0,0.230769231,0.676923077,0,0.092307692,0,1,0.018518519,0,0,0.925925926,0.055555556
1231,1,0,0,0,0,0,0,0,0,0,0.764705882,0.215686275,0,0.019607843,0.230769231,0.676923077,0,0.092307692,0,1,0,0,0,0.943396226,0.056603774
1232,1,0,0,0,0,0,0,0,0,0,0.78,0.22,0,0,0.230769231,0.676923077,0,0.092307692,0,1,0.018518519,0,0,0.925925926,0.055555556
1233,1,0,0,0,0,0,0,0,0,0,0.764705882,0.215686275,0,0.019607843,0.230769231,0.676923077,0,0.092307692,0,1,0,0,0,0.943396226,0.056603774
1234,1,0,0,0,0,0,0,0,0,0,0.78,0.22,0,0,0.230769231,0.676923077,0,0.092307692,0,1,0.018518519,0,0,0.925925926,0.055555556
1235,1,0,0,0,0,0,0,0,0,0,0.78,0.22,0,0,0.230769231,0.676923077,0,0.092307692,0,1,0.018518519,0,0,0.925925926,0.055555556
1236,1,0,0,0,0,0,0,0,0,0,0.78,0.22,0,0,0.230769231,0.676923077,0,0.092307692,0,1,0.018518519,0,0,0.925925926,0.055555556
1237,1,0,0,0,0,0,0,0,0,0,0.78,0.22,0,0,0.230769231,0.676923077,0,0.092307692,0,1,0.018518519,0,0,0.925925926,0.055555556
1238,1,0,0,0,0,0,0,0,0,0,0.78,0.22,0,0,0.230769231,0.676923077,0,0.092307692,0,1,0.018518519,0,0,0.925925926,0.055555556
1239,1,0,0,0,0,0,0,0,0,0,0.78,0.22,0,0,0.230769231,0.676923077,0,0.092307692,0,1,0.018518519,0,0,0.925925926,0.055555556
1240,1,0,0,0,0,0,0,0,0,0,0.78,0.22,0,0,0.230769231,0.676923077,0,0.092307692,0,1,0.018518519,0,0,0.925925926,0.055555556
1241,1,0,0,0,1,0,0,0,0,0,0.78,0.22,0,0,0.230769231,0.676923077,0,0.092307692,0,1,0,0.018867925,0,0.924528302,0.056603774
1242,1,0,0,0,0,0,0,0,0,0,0.764705882,0.215686275,0,0.019607843,0.230769231,0.676923077,0,0.092307692,0,1,0,0,0,0.943396226,0.056603774
1243,1,0,0,0,0,0,0,0,0,0,0.764705882,0.215686275,0,0.019607843,0.230769231,0.676923077,0,0.092307692,0,1,0,0,0,0.943396226,0.056603774
1244,1,0,0,0,1,0,0,0,0,0,0.78,0.22,0,0,0.230769231,0.676923077,0,0.092307692,0,1,0,0.018867925,0,0.924528302,0.056603774
1245,1,0,0,0,0,0,0,0,0,0,0.764705882,0.215686275,0,0.019607843,0.230769231,0.676923077,0,0.092307692,0,1,0,0,0,0.943396226,0.056603774
1246,1,0,0,0,0,0,0,0,0,0,0.764705882,0.215686275,0,0.019607843,0.230769231,0.676923077,0,0.092307692,0,1,0,0,0,0.943396226,0.056603774
1247,1,0,0,0,0,0,0,0,0,0,0.78,0.22,0,0,0.230769231,0.676923077,0,0.092307692,0,1,0.018518519,0,0,0.925925926,0.055555556
1248,1,0,0,0,0,0,0,0,0,0,0.78,0.22,0,0,0.230769231,0.676923077,0,0.092307692,0,1,0.018518519,0,0,0.925925926,0.055555556
1249,1,0,0,0,0,0,0,0,0,0,0.764705882,0.215686275,0,0.019607843,0.230769231,0.676923077,0,0.092307692,0,1,0,0,0,0.943396226,0.056603774